episode,decision_steps,physics_steps,score,ep_return,epsilon,mean_loss,mean_q
0,103,411,6,0.020000000000000684,0.9967,,
1,52,207,3,-0.48999999999999977,0.9934000000000001,,
2,100,400,6,-0.009999999999999343,0.9901000000000001,,
3,85,338,5,-0.15999999999999948,0.9868000000000001,,
4,52,205,3,-0.48999999999999977,0.9835000000000002,,
5,179,714,11,0.7800000000000014,0.9802000000000002,,
6,198,789,13,0.9700000000000015,0.9769000000000002,,
7,279,1115,18,1.7799999999999847,0.9736000000000002,,
8,46,181,3,-0.5499999999999998,0.9703000000000003,,
9,11,42,0,-0.9,0.9670000000000003,,
10,58,232,3,-0.4299999999999997,0.9637000000000003,,
11,67,265,4,-0.33999999999999964,0.9604000000000004,,
12,63,252,4,-0.37999999999999967,0.9571000000000004,,
13,134,534,8,0.33000000000000096,0.9538000000000004,,
14,17,67,1,-0.84,0.9505000000000005,,
15,157,627,10,0.5600000000000012,0.9472000000000005,,
16,60,239,3,-0.4099999999999997,0.9439000000000005,,
17,138,552,9,0.370000000000001,0.9406000000000005,,
18,208,831,13,1.0699999999999998,0.9373000000000006,,
19,189,755,12,0.8800000000000014,0.9340000000000006,,
20,245,980,16,1.439999999999992,0.9307000000000006,,
21,222,888,14,1.2099999999999969,0.9274000000000007,,
22,84,336,5,-0.16999999999999948,0.9241000000000007,,
23,16,61,1,-0.85,0.9208000000000007,,
24,264,1056,17,1.629999999999988,0.9175000000000008,,
25,38,150,2,-0.6299999999999999,0.9142000000000008,,
26,20,79,1,-0.8099999999999999,0.9109000000000008,,
27,226,902,15,1.249999999999996,0.9076000000000009,,
28,41,164,2,-0.5999999999999999,0.9043000000000009,,
29,62,247,4,-0.3899999999999997,0.9010000000000009,,
30,62,247,4,-0.3899999999999997,0.8977000000000009,,
31,100,399,6,-0.009999999999999343,0.894400000000001,,
32,282,1125,18,1.809999999999984,0.891100000000001,,
33,156,623,10,0.5500000000000012,0.887800000000001,,
34,87,347,5,-0.13999999999999946,0.8845000000000011,,
35,321,1284,21,2.1999999999999758,0.8812000000000011,,
36,108,431,7,0.07000000000000073,0.8779000000000011,,
37,187,747,12,0.8600000000000014,0.8746000000000012,,
38,178,709,11,0.7700000000000014,0.8713000000000012,,
39,32,127,2,-0.69,0.8680000000000012,,
40,60,239,3,-0.4099999999999997,0.8647000000000012,,
41,170,678,11,0.6900000000000013,0.8614000000000013,,
42,168,672,11,0.6700000000000013,0.8581000000000013,,
43,246,984,16,1.4499999999999917,0.8548000000000013,,
44,137,546,9,0.360000000000001,0.8515000000000014,,
45,49,195,3,-0.5199999999999998,0.8482000000000014,,
46,172,685,11,0.7100000000000013,0.8449000000000014,,
47,227,908,15,1.2599999999999958,0.8416000000000015,,
48,228,912,15,1.2699999999999956,0.8383000000000015,,
49,15,60,1,-0.86,0.8350000000000015,,
50,304,1214,20,2.0299999999999794,0.8317000000000015,,
51,274,1093,18,1.7299999999999858,0.8284000000000016,,
52,146,583,9,0.45000000000000107,0.8251000000000016,,
53,43,171,2,-0.5799999999999998,0.8218000000000016,,
54,138,549,9,0.370000000000001,0.8185000000000017,,
55,85,340,5,-0.15999999999999948,0.8152000000000017,,
56,92,366,6,-0.08999999999999941,0.8119000000000017,,
57,260,1039,17,1.5899999999999888,0.8086000000000018,,
58,269,1073,17,1.6799999999999868,0.8053000000000018,0.002115203416906297,0.013628227170556784
59,144,575,9,0.43000000000000105,0.8020000000000018,0.008304248678743735,0.03229357059010201
60,134,536,8,0.33000000000000096,0.7987000000000019,0.0035375147032455597,0.008932637786903582
61,133,532,8,0.32000000000000095,0.7954000000000019,0.007454964923178495,0.02400696503393578
62,36,141,2,-0.6499999999999999,0.7921000000000019,0.011416766863678478,0.018848243066006236
63,51,204,3,-0.4999999999999998,0.7888000000000019,0.005604006365711729,0.011923019738438038
64,246,982,16,1.4499999999999917,0.785500000000002,0.01240943793181643,0.009719254240989074
65,73,289,4,-0.2799999999999996,0.782200000000002,0.007836512910823027,0.019332814702971116
66,10,39,0,-0.91,0.778900000000002,0.0009384017127255598,0.01560000516474247
67,144,573,9,0.43000000000000105,0.7756000000000021,0.01011765420197561,0.017752317582360573
68,93,370,6,-0.0799999999999994,0.7723000000000021,0.007368362407483484,0.030767660183103188
69,198,791,13,0.9700000000000015,0.7690000000000021,0.010937121707538609,0.041098709926009176
70,124,496,8,0.23000000000000087,0.7657000000000022,0.00764589883892181,0.03483662465887685
71,183,729,12,0.8200000000000014,0.7624000000000022,0.006826796081602677,0.04143336332506604
72,200,798,13,0.9900000000000015,0.7591000000000022,0.009591937958612106,0.034140446595847605
73,75,300,5,-0.25999999999999956,0.7558000000000022,0.009890410730517224,0.03424828225060513
74,237,947,15,1.3599999999999937,0.7525000000000023,0.0076638748459873125,0.039102230347314124
75,94,376,6,-0.0699999999999994,0.7492000000000023,0.007708353116565074,0.053189381336172424
76,202,806,13,1.0100000000000011,0.7459000000000023,0.005658791344321798,0.053411145135760306
77,148,591,9,0.4700000000000011,0.7426000000000024,0.006141120561625104,0.049000958333144315
78,224,896,14,1.2299999999999964,0.7393000000000024,0.008151096884830622,0.04734151258266398
79,172,685,11,0.7100000000000013,0.7360000000000024,0.010945015042738687,0.04302364241245181
80,16,62,1,-0.85,0.7327000000000025,0.0007811126415617764,0.04067294578999281
81,110,440,7,0.09000000000000075,0.7294000000000025,0.011284305898568294,0.04771412829203265
82,245,979,16,1.439999999999992,0.7261000000000025,0.007336036448384116,0.06336347978623187
83,194,776,12,0.9300000000000015,0.7228000000000026,0.008906832919337273,0.05758654295789952
84,98,391,6,-0.02999999999999936,0.7195000000000026,0.008408156610433556,0.0550089335689942
85,48,192,3,-0.5299999999999998,0.7162000000000026,0.0066113740467699245,0.06372365448623896
86,141,561,9,0.400000000000001,0.7129000000000026,0.007443392138728606,0.05599039718508721
87,236,944,15,1.3499999999999939,0.7096000000000027,0.0045255719974116124,0.06421155015290794
88,20,80,1,-0.8099999999999999,0.7063000000000027,0.012774757255101576,0.06901485323905945
89,103,410,6,0.020000000000000684,0.7030000000000027,0.006353841530374036,0.08037430191269287
90,214,854,14,1.1299999999999986,0.6997000000000028,0.005831098696540317,0.07674151327874926
91,158,629,10,0.5700000000000012,0.6964000000000028,0.007989263964237837,0.07877472635263051
92,103,411,6,0.020000000000000684,0.6931000000000028,0.006444379636937251,0.07550882261533004
93,89,354,5,-0.11999999999999944,0.6898000000000029,0.006314206966304813,0.07759142904119058
94,156,624,10,0.5500000000000012,0.6865000000000029,0.006943334552208678,0.07826967078905839
95,85,337,5,-0.15999999999999948,0.6832000000000029,0.004919343985550638,0.07380959994736172
96,248,989,16,1.4699999999999913,0.679900000000003,0.008827674718979266,0.08459441868528243
97,159,635,10,0.5800000000000012,0.676600000000003,0.01472301132234861,0.0818419387564063
98,25,100,1,-0.7599999999999999,0.673300000000003,0.0064171559740013135,0.09436189259092014
99,98,392,6,-0.02999999999999936,0.670000000000003,0.009493789878906683,0.0867152377963066
100,139,554,9,0.380000000000001,0.6667000000000031,0.006694300613682052,0.08326418293373926
101,266,1061,17,1.6499999999999875,0.6634000000000031,0.007461351372485021,0.08837798937703624
102,207,825,13,1.06,0.6601000000000031,0.009580461289890362,0.08829679841605517
103,106,423,7,0.05000000000000071,0.6568000000000032,0.003378906835748169,0.11042587831616402
104,72,288,4,-0.2899999999999996,0.6535000000000032,0.004404467536207651,0.09600502790676223
105,201,802,13,1.0000000000000013,0.6502000000000032,0.007418624219295167,0.0994128450459125
106,130,517,8,0.2900000000000009,0.6469000000000033,0.010517257195715501,0.09396868082694709
107,236,942,15,1.3499999999999939,0.6436000000000033,0.005499735819886171,0.09936215501215498
108,137,545,9,0.360000000000001,0.6403000000000033,0.01035495593875085,0.09890871012912077
109,99,394,6,-0.01999999999999935,0.6370000000000033,0.00550810755812563,0.10338444322347641
110,238,951,15,1.3699999999999934,0.6337000000000034,0.008325725155009423,0.11279275566339493
111,188,752,12,0.8700000000000014,0.6304000000000034,0.005825256837774662,0.10920422112054014
112,158,629,10,0.5700000000000012,0.6271000000000034,0.010596281799222104,0.10867191106081009
113,151,603,10,0.5000000000000011,0.6238000000000035,0.008063540975471321,0.10652665225298781
114,163,649,10,0.6200000000000012,0.6205000000000035,0.009922123652536467,0.10617146513810972
115,71,281,4,-0.2999999999999996,0.6172000000000035,0.002998956006622928,0.10699495848487406
116,171,681,11,0.7000000000000013,0.6139000000000036,0.008079252102233599,0.1253607330280681
117,126,502,8,0.2500000000000009,0.6106000000000036,0.008079527684913046,0.11922912136651576
118,67,268,4,-0.33999999999999964,0.6073000000000036,0.002655683616467286,0.1252910583280027
119,141,563,9,0.400000000000001,0.6040000000000036,0.005145763077355999,0.12248920111192597
120,154,616,10,0.5300000000000011,0.6007000000000037,0.005150832306275046,0.1210793303815942
121,124,493,8,0.23000000000000087,0.5974000000000037,0.012805136040814461,0.1172776376047442
122,253,1010,16,1.5199999999999902,0.5941000000000037,0.00924059067666161,0.12215866006556012
123,105,420,7,0.0400000000000007,0.5908000000000038,0.010577616390677306,0.14242073120894255
124,100,400,6,-0.009999999999999343,0.5875000000000038,0.010856026067631318,0.13466597944498063
125,17,66,1,-0.84,0.5842000000000038,0.01778871734859422,0.14144856482744217
126,152,608,10,0.5100000000000011,0.5809000000000039,0.008293188128798073,0.1361160570461499
127,203,812,13,1.020000000000001,0.5776000000000039,0.007481394107076887,0.14059953902866326
128,12,46,0,-0.89,0.5743000000000039,0.001094617434622099,0.13019444793462753
129,85,338,5,-0.15999999999999948,0.571000000000004,0.01332743824986253,0.1374387964606285
130,132,526,8,0.31000000000000094,0.567700000000004,0.010799871545080377,0.13041877701426996
131,181,723,12,0.8000000000000014,0.564400000000004,0.009666776792922367,0.13879826499356163
132,317,1267,21,2.1599999999999766,0.561100000000004,0.009591603969021912,0.14691084783665742
133,152,606,10,0.5100000000000011,0.5578000000000041,0.007477515118233369,0.14447716545117528
134,17,65,1,-0.84,0.5545000000000041,0.0006900127977132797,0.149894580245018
135,179,716,11,0.7800000000000014,0.5512000000000041,0.008244461833700452,0.1549591212110086
136,222,886,14,1.2099999999999969,0.5479000000000042,0.009149214435767914,0.14576003061873571
137,9,33,0,-0.92,0.5446000000000042,0.0010761612793430686,0.14106947928667068
138,91,364,6,-0.09999999999999942,0.5413000000000042,0.012106583567599402,0.14494695482046707
139,9,33,0,-0.92,0.5380000000000043,0.0008908463059924543,0.1651429906487465
140,51,203,3,-0.4999999999999998,0.5347000000000043,0.014779014194993159,0.17279128042551187
141,47,188,3,-0.5399999999999998,0.5314000000000043,0.010948344390878143,0.16282784566283226
142,155,620,10,0.5400000000000011,0.5281000000000043,0.011691249661931866,0.15552334409011037
143,43,172,2,-0.5799999999999998,0.5248000000000044,0.004124144952088086,0.16697760061784225
144,107,427,7,0.06000000000000072,0.5215000000000044,0.008859608845173002,0.16867120839931346
145,93,371,6,-0.0799999999999994,0.5182000000000044,0.009081905677347728,0.15217197524464648
146,114,454,7,0.13000000000000078,0.5149000000000045,0.014665812944415314,0.15433291731209592
147,59,233,3,-0.4199999999999997,0.5116000000000045,0.013220119922022735,0.14196416842085974
148,120,479,7,0.19000000000000083,0.5083000000000045,0.005495628607847417,0.1594134896993637
149,137,545,9,0.360000000000001,0.5050000000000046,0.013660274725407363,0.1483682917697089
150,90,357,5,-0.10999999999999943,0.5017000000000046,0.0072806578245945275,0.15567400916056198
151,311,1241,20,2.099999999999978,0.49840000000000456,0.008679643266637308,0.17076105108627906
152,200,798,13,0.9900000000000015,0.49510000000000454,0.010850213644444011,0.16136571437120437
153,98,389,6,-0.02999999999999936,0.4918000000000045,0.014571546331959931,0.16478779477377734
154,76,304,5,-0.24999999999999956,0.4885000000000045,0.004800450381528782,0.16171663764276004
155,119,473,7,0.18000000000000083,0.48520000000000446,0.013517851941287518,0.15409511476755142
156,185,740,12,0.8400000000000014,0.48190000000000444,0.012813617003975314,0.16427203818507816
157,121,484,8,0.20000000000000084,0.4786000000000044,0.008663858073921274,0.18669157979949827
158,119,475,7,0.18000000000000083,0.4753000000000044,0.009757350273189488,0.18146617145373903
159,271,1082,18,1.6999999999999864,0.47200000000000436,0.011774539013619205,0.17832656423835194
160,155,617,10,0.5400000000000011,0.46870000000000434,0.013058183850565305,0.17414187926512498
161,165,659,10,0.6400000000000012,0.4654000000000043,0.012076644946696101,0.1744000915347076
162,78,311,5,-0.22999999999999954,0.4621000000000043,0.013511474159895443,0.1758550651371479
163,146,583,9,0.45000000000000107,0.45880000000000426,0.00487647293387757,0.20194085646006796
164,218,871,14,1.1699999999999977,0.45550000000000423,0.009023798695257441,0.19887338470328939
165,175,699,11,0.7400000000000013,0.4522000000000042,0.00815027735066102,0.20011082152987636
166,94,376,6,-0.0699999999999994,0.4489000000000042,0.0024622431180129447,0.20868169392148653
167,60,239,3,-0.4099999999999997,0.44560000000000416,0.0010367276224618157,0.20568516453107197
168,23,92,1,-0.7799999999999999,0.44230000000000413,0.019488481688313186,0.1966619441906611
169,167,668,11,0.6600000000000013,0.4390000000000041,0.011259785656698003,0.19713949684689686
170,114,455,7,0.13000000000000078,0.4357000000000041,0.007889131649100253,0.19515164145107927
171,271,1083,18,1.6999999999999864,0.43240000000000406,0.006844297773033545,0.21763218501034906
172,123,490,8,0.22000000000000086,0.42910000000000403,0.013289058138616383,0.21749569922685624
173,179,713,11,0.7800000000000014,0.425800000000004,0.015562827964054627,0.21531384587287902
174,279,1114,18,1.7799999999999847,0.422500000000004,0.01140709098212288,0.20964617069278443
175,243,970,16,1.4199999999999924,0.41920000000000396,0.009397622368195415,0.21943933089248469
176,196,782,13,0.9500000000000015,0.41590000000000393,0.008642008488912287,0.24145199054357958
177,117,467,7,0.1600000000000008,0.4126000000000039,0.007659068704454292,0.23255467620389214
178,275,1097,18,1.7399999999999856,0.4093000000000039,0.011704347491183358,0.23355632134969684
179,232,926,15,1.3099999999999947,0.40600000000000386,0.0105916751144205,0.23284459062691393
180,12,46,0,-0.89,0.40270000000000383,0.021903775709991653,0.24522024393081665
181,134,534,8,0.33000000000000096,0.3994000000000038,0.010151302851172108,0.2369868348945271
182,105,418,6,0.0400000000000007,0.3961000000000038,0.009822459656369084,0.254357462319044
183,60,237,3,-0.4099999999999997,0.39280000000000376,0.0023597064234005907,0.2443633774916331
184,30,119,1,-0.71,0.38950000000000373,0.016734537326556165,0.2437861543148756
185,178,712,11,0.7700000000000014,0.3862000000000037,0.01026948389666028,0.24291322075507857
186,46,184,3,-0.5499999999999998,0.3829000000000037,0.012244428022919843,0.2417165624598662
187,184,735,12,0.8300000000000014,0.37960000000000366,0.009176209327921717,0.24489487901977872
188,157,627,10,0.5600000000000012,0.37630000000000363,0.013707076182935195,0.24004920514730307
189,11,44,0,-0.9,0.3730000000000036,0.0006441418857624134,0.23211108644803366
190,152,606,10,0.5100000000000011,0.3697000000000036,0.011209638319039521,0.24607580547270022
191,91,363,6,-0.09999999999999942,0.36640000000000356,0.014176732976920903,0.2573349449945533
192,189,753,12,0.8800000000000014,0.36310000000000353,0.008135989890433848,0.27351896876984455
193,187,746,12,0.8600000000000014,0.3598000000000035,0.009082258793530352,0.27113007104143183
194,148,590,9,0.4700000000000011,0.3565000000000035,0.008540546325683544,0.27043791034737147
195,231,921,15,1.299999999999995,0.35320000000000346,0.008391222362549518,0.275482902401372
196,225,897,14,1.2399999999999962,0.34990000000000343,0.009303516001652992,0.27051176313768355
197,73,289,4,-0.2799999999999996,0.3466000000000034,0.01585534332682275,0.2868933876355489
198,94,375,6,-0.0699999999999994,0.3433000000000034,0.02278717591062836,0.2848343939884849
199,155,617,10,0.5400000000000011,0.34000000000000336,0.006950533592130224,0.29637840695870227
200,214,856,14,1.1299999999999986,0.33670000000000333,0.012165281288886306,0.2870508669703095
201,22,87,1,-0.7899999999999999,0.3334000000000033,0.017632583528757094,0.2984443426132202
202,112,446,7,0.11000000000000076,0.3301000000000033,0.010357005340795564,0.28849083185195923
203,36,144,2,-0.6499999999999999,0.32680000000000325,0.021430629421956837,0.29383833871947396
204,165,660,11,0.6400000000000012,0.32350000000000323,0.012022973373305143,0.28310726364938227
205,51,204,3,-0.4999999999999998,0.3202000000000032,0.008045324764680117,0.29748045939665574
206,217,868,14,1.159999999999998,0.3169000000000032,0.0067252128587656276,0.31205306229767976
207,110,440,7,0.09000000000000075,0.31360000000000315,0.009285594020704073,0.30873342390571323
208,180,720,12,0.7900000000000014,0.31030000000000313,0.011850836200432644,0.30628586808840436
209,90,360,6,-0.10999999999999943,0.3070000000000031,0.007408979634585028,0.3112924098968506
210,46,182,3,-0.5499999999999998,0.3037000000000031,0.007325348667412375,0.2903168722987175
211,221,881,14,1.199999999999997,0.30040000000000305,0.016435405451127073,0.30307995947924526
212,325,1299,21,2.239999999999975,0.29710000000000303,0.009661522783758694,0.3134178559721252
213,184,736,12,0.8300000000000014,0.293800000000003,0.010220614304948274,0.3257333966700927
214,206,823,13,1.0500000000000003,0.290500000000003,0.007937973392612409,0.32224806455465466
215,216,861,14,1.1499999999999981,0.28720000000000295,0.011228763201937976,0.31893749314325825
216,180,719,11,0.7900000000000014,0.28390000000000293,0.014210208229875813,0.31989434162775676
217,164,654,10,0.6300000000000012,0.2806000000000029,0.01749515185904939,0.3167016397162182
218,13,51,0,-0.88,0.2773000000000029,0.0012421559464807312,0.3302096525828044
219,46,182,3,-0.5499999999999998,0.27400000000000285,0.009246170355860764,0.3195345848798752
220,111,442,7,0.10000000000000075,0.2707000000000028,0.011884490015088685,0.33110770252015853
221,198,792,13,0.9700000000000015,0.2674000000000028,0.011168841526377947,0.3257735139131546
222,115,458,7,0.1400000000000008,0.2641000000000028,0.016985345563594382,0.3261162607834257
223,134,533,8,0.33000000000000096,0.26080000000000275,0.014642143562069219,0.3195047956524473
224,174,696,11,0.7300000000000013,0.2575000000000027,0.01748676144184587,0.3225747367197817
225,217,868,14,1.159999999999998,0.2542000000000027,0.014487568984299691,0.3275950517919328
226,193,772,12,0.9200000000000015,0.2509000000000027,0.010540089047329579,0.33210037710766
227,67,265,4,-0.33999999999999964,0.24760000000000268,0.013833399396389723,0.3338814307661617
228,599,2396,39,4.979999999999917,0.24430000000000268,0.012425856644210096,0.33549065709114073
229,160,637,10,0.5900000000000012,0.24100000000000268,0.008162352796352934,0.35482254549860953
230,121,481,8,0.20000000000000084,0.2377000000000027,0.004628349390501777,0.366448438167572
231,126,501,8,0.2500000000000009,0.2344000000000027,0.006985942519555289,0.36284722531995467
232,217,867,14,1.159999999999998,0.2311000000000027,0.007159898783588274,0.35858411301266063
233,62,247,4,-0.3899999999999997,0.2278000000000027,0.014370502710031966,0.3543890953063965
234,228,911,15,1.2699999999999956,0.2245000000000027,0.01164029249839746,0.35269369054258914
235,227,907,15,1.2599999999999958,0.2212000000000027,0.01517377352431874,0.3531352542994315
236,27,108,1,-0.74,0.2179000000000027,0.01534556013731552,0.371787714106696
237,211,841,14,1.0999999999999992,0.2146000000000027,0.006626511421368027,0.35670449298161727
238,160,637,10,0.5900000000000012,0.2113000000000027,0.003209089397569187,0.357434169203043
239,146,582,9,0.45000000000000107,0.2080000000000027,0.016840329289914586,0.35225338629774144
240,104,413,6,0.030000000000000693,0.2047000000000027,0.008619623401990304,0.35628164731539214
241,54,213,3,-0.46999999999999975,0.20140000000000272,0.012635823267583664,0.3518489874326266
242,172,687,11,0.7100000000000013,0.19810000000000272,0.009794273708817051,0.35077036813248036
243,338,1350,22,2.369999999999972,0.19480000000000272,0.011600606902228559,0.38046443462371826
244,255,1020,17,1.5399999999999898,0.19150000000000272,0.008031578902773617,0.3785438248887658
245,28,109,1,-0.73,0.18820000000000273,0.01625935610250703,0.38856296028409687
246,142,565,9,0.41000000000000103,0.18490000000000273,0.011362778247400587,0.3690821085657392
247,378,1511,25,2.7699999999999636,0.18160000000000273,0.01487380375528071,0.37914980116643404
248,142,565,9,0.41000000000000103,0.17830000000000273,0.014630626332447199,0.3854665526321956
249,83,332,5,-0.1799999999999995,0.17500000000000274,0.018090807261788064,0.40623989559355234
250,61,242,4,-0.3999999999999997,0.17170000000000274,0.012267913149359325,0.38893296122550963
251,157,628,10,0.5600000000000012,0.16840000000000274,0.013910099762515763,0.39211596433932966
252,88,350,5,-0.12999999999999945,0.16510000000000274,0.02754415450511839,0.3847094882618297
253,262,1046,17,1.6099999999999883,0.16180000000000275,0.010736804392019456,0.4012418140967687
254,89,353,5,-0.11999999999999944,0.15850000000000275,0.009745434490138326,0.40749635886062274
255,91,362,6,-0.09999999999999942,0.15520000000000275,0.011949117586482316,0.4190000269723975
256,244,974,16,1.4299999999999922,0.15190000000000276,0.013138548912839262,0.42412018629371145
257,237,948,15,1.3599999999999937,0.14860000000000276,0.014239469412872094,0.4210233238794036
258,266,1064,17,1.6499999999999875,0.14530000000000276,0.010424399082965927,0.42149072618626837
259,254,1016,16,1.52999999999999,0.14200000000000276,0.013409676224303743,0.43236874871783787
260,246,983,16,1.4499999999999917,0.13870000000000277,0.012129342447282867,0.4373220532171188
261,41,163,2,-0.5999999999999999,0.13540000000000277,0.0112939867307432,0.43538727462291715
262,46,183,3,-0.5499999999999998,0.13210000000000277,0.027333532047288663,0.4376107941974293
263,146,582,9,0.45000000000000107,0.12880000000000277,0.015184637734893005,0.4329355818194312
264,47,185,3,-0.5399999999999998,0.12550000000000278,0.019253800497002278,0.4228910108407338
265,130,519,8,0.2900000000000009,0.12220000000000278,0.015247190651280107,0.43891019839793444
266,230,918,15,1.2899999999999952,0.11890000000000278,0.016935290062221987,0.4403688111181917
267,134,533,8,0.33000000000000096,0.11560000000000278,0.014999383093902108,0.4397333995862441
268,111,443,7,0.10000000000000075,0.11230000000000279,0.018885685297261392,0.4395774815763746
269,61,243,4,-0.3999999999999997,0.10900000000000279,0.017629775404930114,0.43203434546788533
270,338,1349,22,2.369999999999972,0.10570000000000279,0.011362271664855893,0.4503879326231339
271,206,822,13,1.0500000000000003,0.1024000000000028,0.012373275097286073,0.44464050905377256
272,172,685,11,0.7100000000000013,0.0991000000000028,0.015970552314430217,0.4436836838722229
273,190,759,12,0.8900000000000015,0.0958000000000028,0.0064490499717067,0.4773076033840577
274,318,1272,21,2.1699999999999764,0.0925000000000028,0.017360074106674596,0.4644092057324663
275,222,887,14,1.2099999999999969,0.0892000000000028,0.016322459476733848,0.4710591036294188
276,15,58,0,-0.86,0.08590000000000281,0.004080333514139056,0.4542832374572754
277,166,663,11,0.6500000000000012,0.08260000000000281,0.010881276460297937,0.47223674186638426
278,159,636,10,0.5800000000000012,0.07930000000000281,0.008115220577747096,0.4722971566021442
279,87,345,5,-0.13999999999999946,0.07600000000000282,0.010235815078929244,0.5039201378822327
280,118,471,7,0.17000000000000082,0.07270000000000282,0.018011323645866165,0.48090028862158457
281,91,363,6,-0.09999999999999942,0.06940000000000282,0.009691862850045056,0.4837084282999453
282,157,628,10,0.5600000000000012,0.06610000000000282,0.019675013468935132,0.48332550204717195
283,402,1607,26,3.009999999999959,0.06280000000000283,0.012946576751419343,0.4824141484498978
284,256,1024,17,1.5499999999999896,0.05950000000000283,0.018368328966971603,0.48944748705253005
285,316,1263,21,2.149999999999977,0.05620000000000283,0.017343417887245836,0.4965268331992475
286,148,589,9,0.4700000000000011,0.052900000000002834,0.01239811915375695,0.5035788384643761
287,207,828,13,1.06,0.049600000000002836,0.019984624424698547,0.4938714590210181
288,95,380,6,-0.05999999999999939,0.04630000000000284,0.009242344635519354,0.4975205697119236
289,47,186,3,-0.5399999999999998,0.04300000000000284,0.006841724292219927,0.5217118238409361
290,158,629,10,0.5700000000000012,0.039700000000002844,0.011495836523886865,0.5145168495483887
291,132,525,8,0.31000000000000094,0.03640000000000285,0.01409832815018793,0.5314820372697079
292,59,234,3,-0.4199999999999997,0.03310000000000285,0.008787646253282825,0.5100055356820424
293,81,321,5,-0.1999999999999995,0.02980000000000285,0.01443652634625323,0.5288881182670593
294,31,122,2,-0.7,0.026500000000002848,0.011214229481993243,0.5071903206408024
295,59,233,3,-0.4199999999999997,0.023200000000002847,0.011125794588588178,0.5350304305553436
296,140,558,9,0.390000000000001,0.019900000000002846,0.01556250961231334,0.5163259795733861
297,93,372,6,-0.0799999999999994,0.016600000000002845,0.012732568480398344,0.5153710919877758
298,95,380,6,-0.05999999999999939,0.013300000000002844,0.0325317175447708,0.5064576528966427
299,88,351,5,-0.12999999999999945,0.010000000000002843,0.01371054144428027,0.5237410176884044
300,228,911,15,1.2699999999999956,0.01,0.00996412805142698,0.5231269807146307
301,90,357,5,-0.10999999999999943,0.01,0.018689640866465528,0.5372298983010378
302,233,929,15,1.3199999999999945,0.01,0.02364497220521022,0.5209070223158804
303,165,657,10,0.6400000000000012,0.01,0.018559152385153408,0.5401046964384261
304,184,736,12,0.8300000000000014,0.01,0.02027328515997278,0.5237875677969145
305,64,254,4,-0.36999999999999966,0.01,0.012800497832358815,0.5337542146444321
306,105,417,6,0.0400000000000007,0.01,0.01746616522835281,0.5268825235275122
307,106,421,7,0.05000000000000071,0.01,0.016395673706518628,0.5626618220255926
308,103,411,6,0.020000000000000684,0.01,0.022242444531562235,0.5589049939925854
309,94,375,6,-0.0699999999999994,0.01,0.019279029171836253,0.5431087985634804
310,62,246,4,-0.3899999999999997,0.01,0.019834130948098997,0.5571367104848226
311,91,361,6,-0.09999999999999942,0.01,0.019936213932890932,0.5417894695116126
312,164,653,10,0.6300000000000012,0.01,0.019510114656352415,0.5421787834748989
313,216,861,14,1.1499999999999981,0.01,0.014320949187364292,0.5599923509138601
314,117,468,7,0.1600000000000008,0.01,0.012656782488820368,0.5621162735182663
315,75,298,4,-0.25999999999999956,0.01,0.0275041687081715,0.5194911282313498
316,159,633,10,0.5800000000000012,0.01,0.018579399838927202,0.5444956414401532
317,146,581,9,0.45000000000000107,0.01,0.013151428518338233,0.540500831272867
318,226,902,15,1.249999999999996,0.01,0.01780220461404768,0.5347837371784344
319,302,1208,20,2.00999999999998,0.01,0.015732196726215383,0.5368029244740804
320,149,596,9,0.4800000000000011,0.01,0.02876336354686803,0.5241031429252109
321,276,1101,18,1.7499999999999853,0.01,0.01920741280976116,0.5351400876390762
322,169,675,11,0.6800000000000013,0.01,0.018580752584628414,0.5278265933657802
323,361,1441,24,2.5999999999999672,0.01,0.008009804293720259,0.5408855630291833
324,384,1536,25,2.8299999999999623,0.01,0.01638538199525404,0.5350759311889609
325,235,937,15,1.339999999999994,0.01,0.013335396223938313,0.5275446848343994
326,131,521,8,0.30000000000000093,0.01,0.014410678573767655,0.521049247123301
327,134,534,8,0.33000000000000096,0.01,0.023689598618897006,0.5233400043319253
328,127,506,8,0.2600000000000009,0.01,0.01601531585038174,0.5266129467636347
329,107,428,7,0.06000000000000072,0.01,0.007574173259154822,0.53319207406961
330,34,133,2,-0.6699999999999999,0.01,0.014434909978364076,0.5274885462390052
331,134,535,8,0.33000000000000096,0.01,0.019490041695958513,0.5274231253248273
332,345,1379,22,2.4399999999999706,0.01,0.014455359215023875,0.5380090009207013
333,47,186,3,-0.5399999999999998,0.01,0.007430110613561489,0.5409603714942932
334,156,624,10,0.5500000000000012,0.01,0.017568403666910645,0.5309554919218405
335,166,664,11,0.6500000000000012,0.01,0.027401153214408884,0.5233267382496879
336,65,257,4,-0.35999999999999965,0.01,0.019593038683524355,0.5454664453864098
337,190,759,12,0.8900000000000015,0.01,0.017439912782720057,0.525166088094314
338,148,589,9,0.4700000000000011,0.01,0.01843846364047479,0.5561143296795923
339,45,179,2,-0.5599999999999998,0.01,0.0025406291771849446,0.556845486164093
340,185,738,12,0.8400000000000014,0.01,0.014860930731115133,0.5523720059705817
341,232,928,15,1.3099999999999947,0.01,0.017382314659510577,0.548896110263364
342,252,1005,16,1.5099999999999905,0.01,0.01071030093866977,0.5463077407034617
343,49,195,3,-0.5199999999999998,0.01,0.015441067167557776,0.5396107162038485
344,96,382,6,-0.04999999999999938,0.01,0.011509061170121035,0.5491936144729456
345,165,657,10,0.6400000000000012,0.01,0.021588402093454664,0.5514573327132634
346,180,717,11,0.7900000000000014,0.01,0.013853290051014888,0.5517123089896308
347,10,37,0,-0.91,0.01,0.0293953976361081,0.536603182554245
348,148,591,9,0.4700000000000011,0.01,0.015842097720156448,0.5575853119025359
349,175,697,11,0.7400000000000013,0.01,0.012203640670949508,0.5499845709313046
350,10,39,0,-0.91,0.01,0.0261173436883837,0.5484375357627869
351,181,722,12,0.8000000000000014,0.01,0.02174645620803146,0.540271560135095
352,253,1011,16,1.5199999999999902,0.01,0.019123427041377577,0.5733056626622639
353,145,580,9,0.44000000000000106,0.01,0.02111162959287564,0.5818775842587153
354,215,857,14,1.1399999999999983,0.01,0.016569460410176328,0.5811335897004163
355,41,164,2,-0.5999999999999999,0.01,0.007197340740822256,0.5936663031578064
356,65,259,4,-0.35999999999999965,0.01,0.015234277278068475,0.5719987191259861
357,142,567,9,0.41000000000000103,0.01,0.01345902702693517,0.582380591167344
358,168,670,11,0.6700000000000013,0.01,0.015577575943011436,0.5690903961658478
359,264,1055,17,1.629999999999988,0.01,0.019515268982627964,0.5920069867914374
360,175,699,11,0.7400000000000013,0.01,0.010003460560586642,0.6073843701319261
361,93,372,6,-0.0799999999999994,0.01,0.02660605923333408,0.5905165205831113
362,160,640,10,0.5900000000000012,0.01,0.022107147893984803,0.5937971085309982
363,228,910,15,1.2699999999999956,0.01,0.018557689714310856,0.5939803918202718
364,210,837,13,1.0899999999999994,0.01,0.015839586074714765,0.6007618789489453
365,12,46,0,-0.89,0.01,0.028152757013837498,0.6053919792175293
366,185,740,12,0.8400000000000014,0.01,0.010562107056141534,0.623848814913567
367,8,30,0,-0.9299999999999999,0.01,0.0033197253942489624,0.6767773628234863
368,160,638,10,0.5900000000000012,0.01,0.0170061025331961,0.6186421230435372
369,142,567,9,0.41000000000000103,0.01,0.007403585584168987,0.6241399799074445
370,100,400,6,-0.009999999999999343,0.01,0.011855856978800148,0.6112480020523071
371,196,784,13,0.9500000000000015,0.01,0.016939002538232932,0.6193293430367295
372,292,1165,19,1.909999999999982,0.01,0.014111704295118377,0.6309475384346427
373,148,590,9,0.4700000000000011,0.01,0.014538451494347002,0.6377749894116376
374,104,413,6,0.030000000000000693,0.01,0.01530158935705773,0.6457839424793537
375,103,411,6,0.020000000000000684,0.01,0.014910618908918248,0.63380645100887
376,137,546,9,0.360000000000001,0.01,0.023142562751137817,0.629752623684266
377,212,847,14,1.109999999999999,0.01,0.016697382170021674,0.6400573422323983
378,87,345,5,-0.13999999999999946,0.01,0.012176498003431003,0.6288720206780867
379,172,688,11,0.7100000000000013,0.01,0.01801843354532625,0.6575119634007298
380,67,265,4,-0.33999999999999964,0.01,0.019878792864106157,0.6476927049019757
381,219,874,14,1.1799999999999975,0.01,0.020765387166412203,0.6495847072866228
382,73,289,4,-0.2799999999999996,0.01,0.014718003215660391,0.659458831736916
383,193,772,12,0.9200000000000015,0.01,0.015748954324711423,0.6555482385059198
384,318,1271,21,2.1699999999999764,0.01,0.014469017392566686,0.6600509980056859
385,185,737,12,0.8400000000000014,0.01,0.012687875344318913,0.6780658554523549
386,36,142,2,-0.6499999999999999,0.01,0.010861431054460505,0.6923147373729281
387,183,729,12,0.8200000000000014,0.01,0.01425848497181303,0.6762351168526544
388,91,362,6,-0.09999999999999942,0.01,0.022348557872211804,0.6642622222071108
389,224,894,14,1.2299999999999964,0.01,0.01981139842038309,0.6748286113142967
390,90,360,6,-0.10999999999999943,0.01,0.021534822663575735,0.6676247379054194
391,97,386,6,-0.03999999999999937,0.01,0.022865002548011642,0.6788553570707639
392,263,1050,17,1.6199999999999881,0.01,0.025772364649597104,0.6843426281755621
393,229,915,15,1.2799999999999954,0.01,0.018764923067289618,0.6933583794978627
394,76,302,5,-0.24999999999999956,0.01,0.01870296770510705,0.6978271478100827
395,200,797,13,0.9900000000000015,0.01,0.02189350061584264,0.6970820641517639
396,89,353,5,-0.11999999999999944,0.01,0.01310185098554939,0.6958431005477905
397,231,923,15,1.299999999999995,0.01,0.01508005829487831,0.6985617228623094
398,161,641,10,0.6000000000000012,0.01,0.024261881806887688,0.708063893020153
399,277,1105,18,1.7599999999999851,0.01,0.019913483092196933,0.7118860120358674
400,288,1152,19,1.8699999999999828,0.01,0.02173081236186489,0.7128648550973998
401,10,37,0,-0.91,0.01,0.05147401833285888,0.6709490021069845
402,155,618,10,0.5400000000000011,0.01,0.017921277653211012,0.6973501596695337
403,266,1063,17,1.6499999999999875,0.01,0.01693751917143042,0.7208033204078674
404,176,703,11,0.7500000000000013,0.01,0.022410714035769077,0.7334523282267831
405,45,178,2,-0.5599999999999998,0.01,0.003986756380816752,0.7241809855807911
406,247,987,16,1.4599999999999915,0.01,0.022603061042665955,0.7153529688235252
407,106,424,7,0.05000000000000071,0.01,0.023520995871405357,0.7135067427599872
408,278,1112,18,1.769999999999985,0.01,0.019139287065363664,0.7202916827754698
409,173,690,11,0.7200000000000013,0.01,0.021940609797575446,0.7447904154311779
410,31,122,2,-0.7,0.01,0.024093687301501632,0.7586417570710182
411,21,82,1,-0.7999999999999999,0.01,0.01600710190832615,0.7230013132095336
412,175,699,11,0.7400000000000013,0.01,0.016490543978182937,0.7495521794665944
413,231,921,15,1.299999999999995,0.01,0.021613741275485092,0.7462732421940771
414,87,345,5,-0.13999999999999946,0.01,0.015438203281849961,0.7325267439538782
415,346,1384,23,2.4499999999999704,0.01,0.016722699022191295,0.7420602905195813
416,166,663,11,0.6500000000000012,0.01,0.028487991464013856,0.7543878058592478
417,100,399,6,-0.009999999999999343,0.01,0.014738199932035059,0.7422202968597412
418,91,363,6,-0.09999999999999942,0.01,0.02380999777233228,0.7356373369693756
419,294,1176,19,1.9299999999999815,0.01,0.01503599639919058,0.7512520688611108
420,186,743,12,0.8500000000000014,0.01,0.02113562224574549,0.74033083734305
421,236,941,15,1.3499999999999939,0.01,0.01815941047033895,0.7526707174414295
422,116,461,7,0.1500000000000008,0.01,0.02931183949514324,0.7278850099136089
423,310,1239,20,2.089999999999978,0.01,0.02814777999614867,0.7352653940518697
424,50,198,3,-0.5099999999999998,0.01,0.02366446502855979,0.7404155135154724
425,68,271,4,-0.3299999999999996,0.01,0.017642237848657018,0.7533158624873442
426,267,1066,17,1.6599999999999873,0.01,0.020130931799397317,0.7416033086492054
427,159,633,10,0.5800000000000012,0.01,0.018252729391679167,0.7388604074716568
428,54,216,3,-0.46999999999999975,0.01,0.02083835951410807,0.7460153423822843
429,101,401,6,6.661338147750939e-16,0.01,0.020762294118937392,0.7462023450778081
430,113,452,7,0.12000000000000077,0.01,0.015979985407154475,0.7347621491977147
431,289,1153,19,1.8799999999999826,0.01,0.016738400849539578,0.7475536010331578
432,84,334,5,-0.16999999999999948,0.01,0.013354035914831218,0.7447336713473002
433,92,366,6,-0.08999999999999941,0.01,0.01992552789211597,0.7431894048400547
434,91,362,6,-0.09999999999999942,0.01,0.023125925931431677,0.7493580242861873
435,46,182,3,-0.5499999999999998,0.01,0.012790742171504959,0.7508183013309132
436,152,607,10,0.5100000000000011,0.01,0.02923812849085631,0.7578002935961673
437,103,410,6,0.020000000000000684,0.01,0.013941592787607359,0.7590564879087301
438,74,294,4,-0.2699999999999996,0.01,0.022994751576334238,0.7638991224138361
439,110,439,7,0.09000000000000075,0.01,0.020794492137307923,0.762382878197564
440,128,511,8,0.2700000000000009,0.01,0.022001406032359228,0.7655138969421387
441,138,552,9,0.370000000000001,0.01,0.02283906155665006,0.765705360685076
442,46,182,3,-0.5499999999999998,0.01,0.019694175126708367,0.7521022449840199
443,231,922,15,1.299999999999995,0.01,0.025500180757733,0.766261619740519
444,146,582,9,0.45000000000000107,0.01,0.013389516304919703,0.779984873202112
445,94,373,6,-0.0699999999999994,0.01,0.02064715914214806,0.7748662332693735
446,231,922,15,1.299999999999995,0.01,0.028053982717241962,0.7721532593513357
447,137,546,9,0.360000000000001,0.01,0.02261748059433611,0.7693252896561342
448,141,564,9,0.400000000000001,0.01,0.022201677814259062,0.7733097621372768
449,160,637,10,0.5900000000000012,0.01,0.014532303408486769,0.7767342492938042
450,232,927,15,1.3099999999999947,0.01,0.014087708805414751,0.7909895017229277
451,148,592,9,0.4700000000000011,0.01,0.02084679246527722,0.7988259454031248
452,91,362,6,-0.09999999999999942,0.01,0.018994922091698518,0.7974345891372018
453,269,1074,17,1.6799999999999868,0.01,0.027179349265964842,0.7916470650416702
454,305,1218,20,2.039999999999979,0.01,0.02220503550243417,0.7986218239131727
455,179,713,11,0.7800000000000014,0.01,0.022896820992334848,0.8111920634905497
456,226,901,15,1.249999999999996,0.01,0.027899199794455057,0.8105677188488475
457,286,1141,19,1.8499999999999832,0.01,0.022459811799910287,0.8039509360219391
458,34,134,2,-0.6699999999999999,0.01,0.013948459087664055,0.8218722012307909
459,269,1075,17,1.6799999999999868,0.01,0.023027562491123133,0.8165799361556324
460,104,413,6,0.030000000000000693,0.01,0.01907270683799512,0.8161424146248744
461,9,33,0,-0.92,0.01,0.0047732648672536016,0.8375336527824402
462,100,398,6,-0.009999999999999343,0.01,0.012215334423817694,0.8361898970603943
463,92,365,6,-0.08999999999999941,0.01,0.007796015651167735,0.8248244783152705
464,102,405,6,0.010000000000000675,0.01,0.02197136748313474,0.8307068508404952
465,21,83,1,-0.7999999999999999,0.01,0.023519978299736975,0.8190667986869812
466,100,397,6,-0.009999999999999343,0.01,0.01736257846467197,0.8230880165100097
467,112,445,7,0.11000000000000076,0.01,0.02635020751871967,0.8247118123940059
468,241,964,16,1.3999999999999928,0.01,0.016521369650339086,0.8317330936590831
469,149,595,9,0.4800000000000011,0.01,0.02939262070592392,0.814877044510197
470,230,917,15,1.2899999999999952,0.01,0.022163941217827256,0.8422174833971878
471,216,864,14,1.1499999999999981,0.01,0.029990273493307608,0.8223963733072635
472,166,663,11,0.6500000000000012,0.01,0.02721116720221755,0.8401162275453893
473,109,435,7,0.08000000000000074,0.01,0.026702684317050234,0.8225859573909214
474,288,1152,19,1.8699999999999828,0.01,0.02299858239065442,0.836170488761531
475,247,987,16,1.4599999999999915,0.01,0.025722658628078758,0.8401287755028146
476,282,1127,18,1.809999999999984,0.01,0.017842675041092534,0.8468911505081285
477,98,389,6,-0.02999999999999936,0.01,0.02401010617419767,0.8409617443879446
478,293,1169,19,1.9199999999999817,0.01,0.020231728723612487,0.8477840898810206
479,82,326,5,-0.1899999999999995,0.01,0.03477410495979712,0.8421232998371124
480,58,231,3,-0.4299999999999997,0.01,0.032255203432093066,0.8408535718917847
481,161,641,10,0.6000000000000012,0.01,0.01473981493327301,0.8657327368855476
482,376,1503,25,2.749999999999964,0.01,0.016128910943231684,0.8577551765644804
483,311,1242,20,2.099999999999978,0.01,0.03285974014598208,0.8495520498508062
484,149,594,9,0.4800000000000011,0.01,0.024986271950970026,0.8544831388705486
485,166,662,11,0.6500000000000012,0.01,0.02311072434105615,0.8365133680948397
486,349,1395,23,2.47999999999997,0.01,0.023275901886253534,0.8311097086830572
487,231,924,15,1.299999999999995,0.01,0.02935057146098922,0.830213469371461
488,272,1085,18,1.7099999999999862,0.01,0.024856000530930674,0.8453008059193107
489,71,281,4,-0.2999999999999996,0.01,0.01787753337218116,0.8785845041275024
490,104,414,6,0.030000000000000693,0.01,0.025859794668996565,0.8567702495134794
491,172,685,11,0.7100000000000013,0.01,0.024918687865571228,0.856840502384097
492,64,255,4,-0.36999999999999966,0.01,0.03890302455693018,0.8408081158995628
493,144,575,9,0.43000000000000105,0.01,0.0193397280430266,0.868252565463384
494,121,481,8,0.20000000000000084,0.01,0.021415859557843458,0.8785709460576375
495,10,38,0,-0.91,0.01,0.00428512863193949,0.8555175463358561
496,160,638,10,0.5900000000000012,0.01,0.02602113460015971,0.8556263238191605
497,120,478,7,0.19000000000000083,0.01,0.02401839942128087,0.856111866235733
498,26,103,1,-0.75,0.01,0.039063375210389495,0.8758878111839294
499,243,970,16,1.4199999999999924,0.01,0.026466354683850755,0.8698217282529737
500,328,1312,21,2.2699999999999743,0.01,0.033258387016802574,0.8669898866153345
501,177,707,11,0.7600000000000013,0.01,0.01911044573485428,0.8836602324789221
502,234,933,15,1.3299999999999943,0.01,0.021288704178374956,0.8701321492760868
503,71,281,4,-0.2999999999999996,0.01,0.02210044997951223,0.9006769259770712
504,147,586,9,0.4600000000000011,0.01,0.030097954156291153,0.8994141999218199
505,173,690,11,0.7200000000000013,0.01,0.02523494307586754,0.8898643566803499
506,71,282,4,-0.2999999999999996,0.01,0.013605855569681701,0.8912389313473421
507,75,297,4,-0.25999999999999956,0.01,0.0200191418713841,0.8937078777112459
508,65,258,4,-0.35999999999999965,0.01,0.016373587714042515,0.8892352655529976
509,54,213,3,-0.46999999999999975,0.01,0.016180417300867184,0.8952441981860569
510,82,327,5,-0.1899999999999995,0.01,0.022702941950410605,0.9034611791372299
511,187,745,12,0.8600000000000014,0.01,0.01797504845184294,0.8889991666408296
512,172,686,11,0.7100000000000013,0.01,0.03448448472569675,0.886245726152908
513,202,806,13,1.0100000000000011,0.01,0.035091398708412755,0.893441261029711
514,302,1206,20,2.00999999999998,0.01,0.03102501216189315,0.885306274096171
515,68,270,4,-0.3299999999999996,0.01,0.04994275372968439,0.875805304330938
516,172,685,11,0.7100000000000013,0.01,0.0191220763507624,0.9012751426807669
517,164,653,10,0.6300000000000012,0.01,0.03233759616865072,0.8881889378152242
518,197,788,13,0.9600000000000015,0.01,0.01177313864440182,0.9294900383268084
519,159,633,10,0.5800000000000012,0.01,0.03140719460789114,0.9223458364605903
520,98,392,6,-0.02999999999999936,0.01,0.023767759343609213,0.9161118316650391
521,194,776,12,0.9300000000000015,0.01,0.030398788672755472,0.9207628853619099
522,85,337,5,-0.15999999999999948,0.01,0.005548250695158329,0.9320755004882812
523,100,398,6,-0.009999999999999343,0.01,0.030985057475045322,0.924902138710022
524,233,932,15,1.3199999999999945,0.01,0.015850553588973262,0.9404477497278634
525,85,340,5,-0.15999999999999948,0.01,0.018895177403464913,0.9526806814329964
526,194,775,12,0.9300000000000015,0.01,0.022886805095671054,0.9491683108111223
527,119,474,7,0.18000000000000083,0.01,0.02477887267790114,0.944954764842987
528,324,1295,21,2.229999999999975,0.01,0.030592928922240747,0.9433350643993895
529,110,439,7,0.09000000000000075,0.01,0.031574360198906755,0.9509317470448357
530,314,1253,20,2.1299999999999772,0.01,0.024550958232094463,0.9491477685096936
531,160,637,10,0.5900000000000012,0.01,0.034507507510716094,0.9622133791446685
532,241,964,16,1.3999999999999928,0.01,0.027194022957701236,0.9438609411319097
533,160,640,10,0.5900000000000012,0.01,0.020879044476896525,0.961427916586399
534,202,806,13,1.0100000000000011,0.01,0.026641016759836645,0.9502802397690567
535,60,240,4,-0.4099999999999997,0.01,0.02916127545759082,0.9807726502418518
536,169,674,11,0.6800000000000013,0.01,0.02598646524850102,0.9804558016005016
537,170,680,11,0.6900000000000013,0.01,0.030494387461912145,0.9780998382457468
538,224,896,14,1.2299999999999964,0.01,0.027559091361971304,0.970873872084277
539,184,735,12,0.8300000000000014,0.01,0.037936595850624144,0.9684794273065485
540,240,959,15,1.389999999999993,0.01,0.03538821385979342,0.9601753612359365
541,83,330,5,-0.1799999999999995,0.01,0.028666060895193368,0.9702757090330124
542,264,1055,17,1.629999999999988,0.01,0.026283679216055934,0.9843536055449283
543,157,627,10,0.5600000000000012,0.01,0.026223589776782318,0.9817552819848061
544,260,1037,17,1.5899999999999888,0.01,0.019677853202805497,0.9900732957399808
545,143,572,9,0.42000000000000104,0.01,0.020268732735088894,0.9649946553366525
546,96,383,6,-0.04999999999999938,0.01,0.026627238422709826,0.9919826164841652
547,370,1480,24,2.6899999999999653,0.01,0.03262788845321304,1.0072337581265358
548,186,741,12,0.8500000000000014,0.01,0.024381080571481067,1.005285920008369
549,229,913,15,1.2799999999999954,0.01,0.03649536223584336,1.012550733212767
550,192,766,12,0.9100000000000015,0.01,0.042728706544342764,1.0099233662088711
551,110,438,7,0.09000000000000075,0.01,0.02913832707606532,1.0032284966221563
552,168,671,11,0.6700000000000013,0.01,0.028754679868662997,1.0145974428880782
553,91,362,6,-0.09999999999999942,0.01,0.029505138310765767,1.0240029407584148
554,91,362,6,-0.09999999999999942,0.01,0.04268278653288017,1.0052408835162288
555,91,362,6,-0.09999999999999942,0.01,0.006282247190194374,1.0466878712177277
556,145,577,9,0.44000000000000106,0.01,0.0316092921169223,1.0083787505691115
557,124,496,8,0.23000000000000087,0.01,0.0363039564446456,1.0045516317890537
558,195,780,13,0.9400000000000015,0.01,0.028964736469788477,1.0097503513097763
559,127,505,8,0.2600000000000009,0.01,0.021496118060895242,1.0348070245236158
560,246,983,16,1.4499999999999917,0.01,0.013025816783474217,1.0454108830421203
561,214,854,14,1.1299999999999986,0.01,0.02229549536121271,1.0309929847717285
562,91,362,6,-0.09999999999999942,0.01,0.03266152451523458,1.0276420997536702
563,190,757,12,0.8900000000000015,0.01,0.028102009690941333,1.025671034417254
564,142,568,9,0.41000000000000103,0.01,0.02551767728679503,1.0530806018246546
565,89,355,5,-0.11999999999999944,0.01,0.019921800177226858,1.0797098333185369
566,129,516,8,0.2800000000000009,0.01,0.024429216187854763,1.0637433975934982
567,211,843,14,1.0999999999999992,0.01,0.026969510901561182,1.058381254942912
568,167,668,11,0.6600000000000013,0.01,0.02490562957800215,1.0515049412136985
569,149,594,9,0.4800000000000011,0.01,0.027112003044552496,1.04473669786711
570,26,103,1,-0.75,0.01,0.006145167796473418,1.0922578062329973
571,66,264,4,-0.34999999999999964,0.01,0.0259416035405593,1.0581101551651955
572,355,1419,23,2.5399999999999685,0.01,0.037188659746492846,1.0535345050726044
573,24,93,1,-0.7699999999999999,0.01,0.01772004459053278,1.0211951235930126
574,79,315,5,-0.21999999999999953,0.01,0.03585331045323983,1.0402024924755096
575,250,997,16,1.4899999999999909,0.01,0.030106161330496112,1.045743421200783
576,518,2069,34,4.169999999999934,0.01,0.0259101379250821,1.0626100200873154
577,156,621,10,0.5500000000000012,0.01,0.025806786677537438,1.0933828369165077
578,29,115,1,-0.72,0.01,0.019680140307173133,1.0820394924708776
579,61,241,4,-0.3999999999999997,0.01,0.04436932646979888,1.058100163936615
580,212,846,14,1.109999999999999,0.01,0.038059241186721986,1.0679470525597625
581,107,428,7,0.06000000000000072,0.01,0.04713463607347674,1.080534405178494
582,147,585,9,0.4600000000000011,0.01,0.03096136435664989,1.080785590249139
583,261,1042,17,1.5999999999999885,0.01,0.023123688662711243,1.0828326060221745
584,233,932,15,1.3199999999999945,0.01,0.03288111073599229,1.074885822575668
585,154,613,10,0.5300000000000011,0.01,0.024649785628590066,1.0988202003332286
586,227,906,15,1.2599999999999958,0.01,0.019398611226019317,1.0964433146374566
587,362,1446,24,2.609999999999967,0.01,0.033272870614162675,1.0828023205746662
588,48,190,3,-0.5299999999999998,0.01,0.07354028234840371,1.106142262617747
589,383,1532,25,2.8199999999999625,0.01,0.037280831558746286,1.0918218232691288
590,151,604,10,0.5000000000000011,0.01,0.02606476322319862,1.1023611184713002
591,161,644,10,0.6000000000000012,0.01,0.04159077880449775,1.0875887143902663
592,184,734,12,0.8300000000000014,0.01,0.02614804997574538,1.0945100836131885
593,298,1191,19,1.9699999999999807,0.01,0.027561940973297366,1.0982074109283653
594,305,1219,20,2.039999999999979,0.01,0.033510510486513864,1.1090514487341832
595,149,593,9,0.4800000000000011,0.01,0.030489805614036556,1.0926090823976617
596,122,485,8,0.21000000000000085,0.01,0.039731250253195564,1.1026452779769897
597,313,1252,20,2.1199999999999775,0.01,0.027371853730306983,1.1175130697397084
598,46,182,3,-0.5499999999999998,0.01,0.01696592493681237,1.1553236941496532
599,145,578,9,0.44000000000000106,0.01,0.026400896853172325,1.1436537206172943
600,156,622,10,0.5500000000000012,0.01,0.040522523964635834,1.1269236008326213
601,115,458,7,0.1400000000000008,0.01,0.02054793138763514,1.1442427265233006
602,134,535,8,0.33000000000000096,0.01,0.02541140979155898,1.1450339338996194
603,311,1244,20,2.099999999999978,0.01,0.025757120274461042,1.1435772669621003
604,237,948,15,1.3599999999999937,0.01,0.03245939639539032,1.122491400120622
605,229,913,15,1.2799999999999954,0.01,0.04076612632769834,1.126761829030925
606,125,500,8,0.24000000000000088,0.01,0.023872224148362875,1.11610621406186
607,240,957,15,1.389999999999993,0.01,0.03833259392607336,1.104262779156367
608,119,475,7,0.18000000000000083,0.01,0.019980305425512292,1.1482794880867004
609,69,273,4,-0.3199999999999996,0.01,0.017532293534125474,1.1826319414026596
610,247,985,16,1.4599999999999915,0.01,0.045193873961726506,1.1588343516472848
611,288,1151,19,1.8699999999999828,0.01,0.03731382455185263,1.1600885772042804
612,152,605,10,0.5100000000000011,0.01,0.0569860299460982,1.1397753671595925
613,60,238,3,-0.4099999999999997,0.01,0.016728753705198565,1.126214861869812
614,128,510,8,0.2700000000000009,0.01,0.03560077897418523,1.1369592547416687
615,330,1319,21,2.289999999999974,0.01,0.02614618588534252,1.1705896796249762
616,151,603,10,0.5000000000000011,0.01,0.03075746242202034,1.1448945936403776
617,136,542,9,0.350000000000001,0.01,0.028176082527566263,1.169273530735689
618,138,550,9,0.370000000000001,0.01,0.020529150692335164,1.158013319267946
619,182,725,12,0.8100000000000014,0.01,0.024086580042342615,1.1611864851868672
620,100,398,6,-0.009999999999999343,0.01,0.020149806337431072,1.1515548372268676
621,110,437,7,0.09000000000000075,0.01,0.03474378383166536,1.181223264446965
622,52,206,3,-0.48999999999999977,0.01,0.014658911619335413,1.1925092660463774
623,69,275,4,-0.3199999999999996,0.01,0.027201867326059274,1.1886791851785448
624,66,261,4,-0.34999999999999964,0.01,0.02039028619765304,1.1845962777733803
625,149,596,9,0.4800000000000011,0.01,0.020065840912630428,1.1694217694772255
626,73,292,4,-0.2799999999999996,0.01,0.00551402889878342,1.191652536392212
627,170,679,11,0.6900000000000013,0.01,0.027638960161268534,1.1790781645547777
628,172,687,11,0.7100000000000013,0.01,0.026542569158685414,1.1727694799733717
629,236,943,15,1.3499999999999939,0.01,0.03901502532663487,1.1777420286404885
630,207,827,13,1.06,0.01,0.037041660505705155,1.194428528730686
631,222,885,14,1.2099999999999969,0.01,0.03483256325549023,1.1831742373379794
632,129,516,8,0.2800000000000009,0.01,0.030210040432090562,1.1934336640618064
633,163,651,10,0.6200000000000012,0.01,0.030377060978207738,1.1941726624965667
634,78,312,5,-0.22999999999999954,0.01,0.03531007408164442,1.2064918994903564
635,245,978,16,1.439999999999992,0.01,0.037443770298001465,1.1920142154224584
636,119,473,7,0.18000000000000083,0.01,0.04236341992703577,1.1916551828384399
637,264,1053,17,1.629999999999988,0.01,0.030024907107210973,1.200837664531939
638,68,271,4,-0.3299999999999996,0.01,0.03793816171203028,1.209143463303061
639,127,508,8,0.2600000000000009,0.01,0.03690851626015501,1.1940536499023438
640,89,355,5,-0.11999999999999944,0.01,0.028417968074791133,1.213385896249251
641,113,450,7,0.12000000000000077,0.01,0.02391196078055405,1.2131126608167375
642,136,542,9,0.350000000000001,0.01,0.010916864965111017,1.223936659448287
643,247,987,16,1.4599999999999915,0.01,0.04301023684937747,1.2248929585179975
644,132,525,8,0.31000000000000094,0.01,0.06376709706488658,1.2125859549551299
645,331,1321,22,2.2999999999999736,0.01,0.0383965011169932,1.2250560766243073
646,156,624,10,0.5500000000000012,0.01,0.03826671929504627,1.2240459063114264
647,223,892,14,1.2199999999999966,0.01,0.03497248417697847,1.186736525188793
648,249,994,16,1.479999999999991,0.01,0.023228298961406664,1.2164424733510093
649,363,1452,24,2.619999999999967,0.01,0.042166693260272343,1.174107195271386
650,159,635,10,0.5800000000000012,0.01,0.028280159446876497,1.1973997324705123
651,132,525,8,0.31000000000000094,0.01,0.02960664231443044,1.2026081518693403
652,91,364,6,-0.09999999999999942,0.01,0.03167396623884206,1.2250096331471982
653,107,426,7,0.06000000000000072,0.01,0.020032866801894096,1.206516936973289
654,192,766,12,0.9100000000000015,0.01,0.027054322340215247,1.2178585131963093
655,221,882,14,1.199999999999997,0.01,0.022684449719434435,1.2224695877595382
656,125,497,8,0.24000000000000088,0.01,0.04493569668322321,1.2201041137018511
657,105,420,7,0.0400000000000007,0.01,0.03312565663005584,1.1970221262711744
658,370,1479,24,2.6899999999999653,0.01,0.03674330445937812,1.2202285912729078
659,226,902,15,1.249999999999996,0.01,0.05117709264907587,1.1923735184328896
660,82,328,5,-0.1899999999999995,0.01,0.021247640606902894,1.2077245201383318
661,152,608,10,0.5100000000000011,0.01,0.026281730676265925,1.1988594939834194
662,255,1020,17,1.5399999999999898,0.01,0.03502036773352302,1.1901928912848234
663,28,111,1,-0.73,0.01,0.038288101221301725,1.210370489529201
664,159,634,10,0.5800000000000012,0.01,0.03193961673129637,1.253955798271375
665,250,999,16,1.4899999999999909,0.01,0.032212272116411776,1.2400112284554377
666,107,427,7,0.06000000000000072,0.01,0.024101926617462327,1.258724089022036
667,208,831,13,1.0699999999999998,0.01,0.037535996422565616,1.2486808964839349
668,87,345,5,-0.13999999999999946,0.01,0.03426117442237834,1.2586205686841692
669,25,99,1,-0.7599999999999999,0.01,0.037223335821181536,1.269862140927996
670,57,227,3,-0.4399999999999997,0.01,0.031772549995886426,1.255314656666347
671,92,367,6,-0.08999999999999941,0.01,0.011561337068838917,1.2544439668240754
672,178,712,11,0.7700000000000014,0.01,0.04115147061053325,1.253209506923502
673,16,62,1,-0.85,0.01,0.056264283950440586,1.248828798532486
674,39,156,2,-0.6199999999999999,0.01,0.048198888171464206,1.2729262709617615
675,23,90,1,-0.7799999999999999,0.01,0.007545897620730102,1.2768606940905254
676,131,522,8,0.30000000000000093,0.01,0.04096545161905162,1.2550313833988074
677,197,785,13,0.9600000000000015,0.01,0.040909023694123844,1.2629480142982639
678,227,908,15,1.2599999999999958,0.01,0.04969043642478554,1.2536857483679789
679,262,1045,17,1.6099999999999883,0.01,0.044128224407680904,1.2409775862326988
680,267,1065,17,1.6599999999999873,0.01,0.029692123258319585,1.2495035555825305
681,121,481,8,0.20000000000000084,0.01,0.03971667477550606,1.243216868241628
682,161,643,10,0.6000000000000012,0.01,0.03291596122435294,1.2567442953586578
683,143,572,9,0.42000000000000104,0.01,0.03358507654370947,1.2350109252664778
684,202,807,13,1.0100000000000011,0.01,0.04710592851773197,1.2311601451798981
685,63,249,4,-0.37999999999999967,0.01,0.029687338725974163,1.248021173477173
686,226,904,15,1.249999999999996,0.01,0.029496432764030862,1.2707522187316627
687,103,409,6,0.020000000000000684,0.01,0.03453988139517605,1.2373623618712792
688,259,1034,17,1.579999999999989,0.01,0.046470193319692044,1.2543221917003393
689,291,1163,19,1.8999999999999821,0.01,0.03465274952301015,1.2513257640681854
690,237,948,15,1.3599999999999937,0.01,0.04355424912488562,1.2717363692946353
691,16,63,1,-0.85,0.01,0.02915142331039533,1.262779414653778
692,267,1065,17,1.6599999999999873,0.01,0.03157826046348174,1.2751875920082205
693,288,1149,19,1.8699999999999828,0.01,0.02973135331962516,1.2787617279423609
694,278,1110,18,1.769999999999985,0.01,0.029718932527716138,1.2840587292398726
695,242,965,16,1.4099999999999926,0.01,0.020026061082414042,1.3184874375661215
696,238,951,15,1.3699999999999934,0.01,0.032331887549177436,1.2885079224904379
697,58,232,3,-0.4299999999999997,0.01,0.03703659954148212,1.277516884463174
698,205,818,13,1.0400000000000005,0.01,0.03885891193103995,1.2720167122635186
699,345,1378,22,2.4399999999999706,0.01,0.02311209182725984,1.3106071565343045
700,74,294,4,-0.2699999999999996,0.01,0.023400556438395545,1.3007350696457758
701,73,291,4,-0.2799999999999996,0.01,0.02019136519326518,1.2897823121812608
702,263,1051,17,1.6199999999999881,0.01,0.04529801811881815,1.2866125594485889
703,401,1602,26,2.9999999999999587,0.01,0.02584066620096564,1.2869636774063111
704,180,717,11,0.7900000000000014,0.01,0.04200775442231033,1.3025377379523384
705,10,37,0,-0.91,0.01,0.0066218071927626925,1.238848129908244
706,383,1529,25,2.8199999999999625,0.01,0.022869244072353467,1.3183484946688016
707,190,758,12,0.8900000000000015,0.01,0.029418176510668498,1.3170800031499659
708,75,300,5,-0.25999999999999956,0.01,0.038013963690517766,1.277442649791115
709,168,672,11,0.6700000000000013,0.01,0.03712989043976579,1.3016813965070815
710,10,39,0,-0.91,0.01,0.010245408862829208,1.3202380537986755
711,114,453,7,0.13000000000000078,0.01,0.02975868937109822,1.3182899540868298
712,304,1213,20,2.0299999999999794,0.01,0.03609335234566396,1.346561866371255
713,161,641,10,0.6000000000000012,0.01,0.026494271273259075,1.3412225127220154
714,19,76,1,-0.82,0.01,0.09656930379569531,1.252926802635193
715,10,38,0,-0.91,0.01,0.08845577389001846,1.3406221270561218
716,47,186,3,-0.5399999999999998,0.01,0.02436660323292017,1.3223377962907155
717,19,74,1,-0.82,0.01,0.0076271472731605176,1.3559961795806885
718,171,681,11,0.7000000000000013,0.01,0.03824095457770624,1.3449881159982016
719,74,296,4,-0.2699999999999996,0.01,0.01810935910584198,1.3472848931948345
720,228,910,15,1.2699999999999956,0.01,0.037264076559886075,1.347957638272068
721,118,469,7,0.17000000000000082,0.01,0.053016811585985125,1.3540430347124734
722,88,350,5,-0.12999999999999945,0.01,0.03110868496481668,1.3312188386917114
723,69,274,4,-0.3199999999999996,0.01,0.03604606880039415,1.3567747158162735
724,6,24,0,-0.95,0.01,0.028626546263694763,1.3580175638198853
725,54,214,3,-0.46999999999999975,0.01,0.05165907052079482,1.3258007849965776
726,157,625,10,0.5600000000000012,0.01,0.03308277898348677,1.3459096321692834
727,284,1133,18,1.8299999999999836,0.01,0.02425786756097116,1.3574259449058854
728,93,372,6,-0.0799999999999994,0.01,0.026785313404853576,1.3305261964383333
729,92,365,6,-0.08999999999999941,0.01,0.023583647471083248,1.3365975462872048
730,178,709,11,0.7700000000000014,0.01,0.03535801881613831,1.358733254008823
731,180,719,11,0.7900000000000014,0.01,0.04308107750904229,1.3569958527882895
732,202,805,13,1.0100000000000011,0.01,0.03230565547477454,1.3678792023658752
733,181,722,12,0.8000000000000014,0.01,0.05448748742270729,1.3495986046998396
734,183,730,12,0.8200000000000014,0.01,0.033761649796118336,1.3435761425230237
735,323,1289,21,2.2199999999999753,0.01,0.03158822379730366,1.3740991133230704
736,201,802,13,1.0000000000000013,0.01,0.030338135370984672,1.3755281925201417
737,76,303,5,-0.24999999999999956,0.01,0.03824276130303348,1.3705683821126033
738,412,1645,27,3.109999999999957,0.01,0.02594453317239808,1.3784605600301503
739,148,589,9,0.4700000000000011,0.01,0.03226756629206844,1.369811731415826
740,139,555,9,0.380000000000001,0.01,0.03833206398412585,1.3735447713306972
741,241,962,16,1.3999999999999928,0.01,0.0462462890194729,1.3667476614316305
742,149,594,9,0.4800000000000011,0.01,0.04396783867483273,1.3682944272693836
743,168,669,11,0.6700000000000013,0.01,0.0470850682274128,1.3619660820279802
744,140,557,9,0.390000000000001,0.01,0.03727455473105822,1.3521823644638062
745,396,1584,26,2.9499999999999598,0.01,0.03910816068328315,1.3781862620151404
746,111,444,7,0.10000000000000075,0.01,0.028969014028984087,1.3717110951741536
747,55,217,3,-0.45999999999999974,0.01,0.031957609412659495,1.3942639487130302
748,179,713,11,0.7800000000000014,0.01,0.032406297439916264,1.3895774841308595
749,225,897,14,1.2399999999999962,0.01,0.022628120371207063,1.3849556148052216
750,59,236,3,-0.4199999999999997,0.01,0.006084157829172909,1.3798072894414266
751,115,458,7,0.1400000000000008,0.01,0.019385819837194066,1.395628912695523
752,87,346,5,-0.13999999999999946,0.01,0.046020422995622666,1.396903401329404
753,199,794,13,0.9800000000000015,0.01,0.04007967457175255,1.3897389674186706
754,285,1137,18,1.8399999999999834,0.01,0.037861358105454226,1.3842123478231296
755,165,659,10,0.6400000000000012,0.01,0.02515057123742909,1.388265189670381
756,131,523,8,0.30000000000000093,0.01,0.04099099818995455,1.3991003446280956
757,185,739,12,0.8400000000000014,0.01,0.014518460996964194,1.4333604498112456
758,161,643,10,0.6000000000000012,0.01,0.04292684128740802,1.4275851517915725
759,76,303,5,-0.24999999999999956,0.01,0.06613013830869213,1.4262238113503707
760,112,447,7,0.11000000000000076,0.01,0.022879940790257285,1.452599287033081
761,67,266,4,-0.33999999999999964,0.01,0.042075415415798914,1.4099156786413753
762,207,826,13,1.06,0.01,0.03084278483327259,1.4304226146024817
763,272,1088,18,1.7099999999999862,0.01,0.025306601286180976,1.4409901797771454
764,229,914,15,1.2799999999999954,0.01,0.0191856104326595,1.4353970700296863
765,129,515,8,0.2800000000000009,0.01,0.05480725901725236,1.3983726277947426
766,85,337,5,-0.15999999999999948,0.01,0.04780007954243393,1.4220275595074607
767,271,1082,18,1.6999999999999864,0.01,0.0398017938098158,1.4222292619593002
768,132,527,8,0.31000000000000094,0.01,0.025696005883880636,1.4274152481194697
769,82,328,5,-0.1899999999999995,0.01,0.034609729156363754,1.4217175006866456
770,244,975,16,1.4299999999999922,0.01,0.03799458495799269,1.4030772525756086
771,112,446,7,0.11000000000000076,0.01,0.020400961187468574,1.4146148903029305
772,136,542,9,0.350000000000001,0.01,0.029964815948487204,1.3881098172243904
773,370,1477,24,2.6899999999999653,0.01,0.03181153360218491,1.3958431277223813
774,205,819,13,1.0400000000000005,0.01,0.04139393785119276,1.3953631508584117
775,46,182,3,-0.5499999999999998,0.01,0.05325610927926997,1.366473654905955
776,259,1036,17,1.579999999999989,0.01,0.026528087772021536,1.3898164108395576
777,151,603,10,0.5000000000000011,0.01,0.030830197722504015,1.385267110247361
778,150,598,9,0.4900000000000011,0.01,0.05186225769208058,1.382406328853808
779,8,31,0,-0.9299999999999999,0.01,0.13181938976049423,1.3455462455749512
780,157,627,10,0.5600000000000012,0.01,0.035457212215241715,1.3941025947913146
781,192,766,12,0.9100000000000015,0.01,0.0326517739740666,1.3997235546509426
782,215,860,14,1.1399999999999983,0.01,0.04041418575043618,1.3805618860103466
783,234,934,15,1.3299999999999943,0.01,0.0376272797825393,1.3875240621895626
784,273,1091,18,1.719999999999986,0.01,0.0276630707016653,1.397355689721949
785,230,919,15,1.2899999999999952,0.01,0.031560420680887484,1.3767446053439174
786,104,415,6,0.030000000000000693,0.01,0.01759200364960214,1.397214990395766
787,200,800,13,0.9900000000000015,0.01,0.02842346311081201,1.4306468653678894
788,80,319,5,-0.20999999999999952,0.01,0.047954818152356894,1.4260504364967346
789,155,619,10,0.5400000000000011,0.01,0.06884816391632342,1.4010309194907165
790,252,1005,16,1.5099999999999905,0.01,0.02413051711055376,1.419490583359249
791,258,1031,17,1.5699999999999892,0.01,0.03646715400464018,1.4146822672337294
792,68,270,4,-0.3299999999999996,0.01,0.06649057610946543,1.4157920725205366
793,206,824,13,1.0500000000000003,0.01,0.03679145384096326,1.423867906515415
794,126,504,8,0.2500000000000009,0.01,0.04089069603792121,1.3951027624068721
795,278,1111,18,1.769999999999985,0.01,0.030485675906363342,1.4265907338687351
796,145,578,9,0.44000000000000106,0.01,0.009846075819546564,1.4323703977796767
797,140,557,9,0.390000000000001,0.01,0.021383940834285957,1.4278786318642753
798,246,984,16,1.4499999999999917,0.01,0.03926506420773011,1.4345018863677979
799,234,935,15,1.3299999999999943,0.01,0.015902683770252488,1.447051866579864
800,163,651,10,0.6200000000000012,0.01,0.036599750068356716,1.4282925332464822
801,203,809,13,1.020000000000001,0.01,0.030429249787703158,1.439101412296295
802,67,265,4,-0.33999999999999964,0.01,0.04471360290806521,1.425953240955577
803,136,542,9,0.350000000000001,0.01,0.051433022284661144,1.4246036620701061
804,226,902,15,1.249999999999996,0.01,0.03256181654471316,1.437319745097244
805,281,1122,18,1.7999999999999843,0.01,0.03975345290132931,1.432662328651973
806,235,938,15,1.339999999999994,0.01,0.035471018301165204,1.4342078354399084
807,98,391,6,-0.02999999999999936,0.01,0.026260684312243637,1.456275333960851
808,317,1267,21,2.1599999999999766,0.01,0.021744811848466154,1.4506944221786306
809,208,832,13,1.0699999999999998,0.01,0.043638432917829886,1.4374155127085173
810,102,406,6,0.010000000000000675,0.01,0.055784351129729584,1.4229912115977361
811,170,678,11,0.6900000000000013,0.01,0.04164541012696212,1.4375669814291454
812,13,50,0,-0.88,0.01,0.05263069877400994,1.412820190191269
813,170,677,11,0.6900000000000013,0.01,0.02262404227873222,1.43110214812415
814,66,264,4,-0.34999999999999964,0.01,0.08216670021305189,1.4329850252936869
815,171,683,11,0.7000000000000013,0.01,0.046283435464526214,1.454331168106624
816,304,1214,20,2.0299999999999794,0.01,0.0544510378937335,1.4427183301825273
817,391,1563,26,2.899999999999961,0.01,0.039142583054965555,1.4526364073461415
818,38,149,2,-0.6299999999999999,0.01,0.023719747364521027,1.449457597732544
819,124,494,8,0.23000000000000087,0.01,0.030346918325390545,1.479378846383864
820,190,759,12,0.8900000000000015,0.01,0.035879259646691856,1.4563065133196242
821,269,1074,17,1.6799999999999868,0.01,0.026448379590440153,1.461206263570643
822,99,394,6,-0.01999999999999935,0.01,0.047973142685368654,1.4360851621627808
823,280,1117,18,1.7899999999999845,0.01,0.04412894295195916,1.4440797873905726
824,142,566,9,0.41000000000000103,0.01,0.019389037689608004,1.4682609703805711
825,233,929,15,1.3199999999999945,0.01,0.016632672868958063,1.4568426978999172
826,202,807,13,1.0100000000000011,0.01,0.025169447928201406,1.4669555521011353
827,214,854,14,1.1299999999999986,0.01,0.025290006525918014,1.451208194096883
828,114,455,7,0.13000000000000078,0.01,0.02819314174537015,1.4671201280185155
829,190,757,12,0.8900000000000015,0.01,0.02960807744966587,1.4648078630367916
830,294,1173,19,1.9299999999999815,0.01,0.03768378748775345,1.4517649640775707
831,188,751,12,0.8700000000000014,0.01,0.05008680201531883,1.4445231721756306
832,226,902,15,1.249999999999996,0.01,0.04840511659143917,1.437162865672195
833,46,181,3,-0.5499999999999998,0.01,0.007432119878516955,1.4708947268399326
834,249,995,16,1.479999999999991,0.01,0.033146237747536764,1.46223827581557
835,305,1220,20,2.039999999999979,0.01,0.03319965255765343,1.4420445106531445
836,212,846,14,1.109999999999999,0.01,0.03338008600656154,1.4535054575722173
837,46,182,3,-0.5499999999999998,0.01,0.03582152990962972,1.4284316843206233
838,8,31,0,-0.9299999999999999,0.01,0.0062943450175225735,1.379148006439209
839,50,200,3,-0.5099999999999998,0.01,0.05425379088578316,1.4245847647006695
840,194,776,12,0.9300000000000015,0.01,0.0381566693346637,1.4490808968742688
841,82,326,5,-0.1899999999999995,0.01,0.04717757486339126,1.4023238136654808
842,45,180,3,-0.5599999999999998,0.01,0.010656425856392492,1.447259859605269
843,328,1309,21,2.2699999999999743,0.01,0.03150964472102138,1.4498324655905002
844,345,1378,22,2.4399999999999706,0.01,0.023158254732681047,1.4701459449391032
845,117,466,7,0.1600000000000008,0.01,0.03088698125599573,1.4444803675015767
846,140,557,9,0.390000000000001,0.01,0.035560824096735034,1.4413491317204066
847,10,37,0,-0.91,0.01,0.014525915496051311,1.4460830092430115
848,186,742,12,0.8500000000000014,0.01,0.0343095621842138,1.4563154895254906
849,7,28,0,-0.94,0.01,0.22647641599178314,1.3976374864578247
850,213,852,14,1.1199999999999988,0.01,0.027589878173010354,1.4661516392672505
851,207,825,13,1.06,0.01,0.052433831882023926,1.4556899678473378
852,273,1090,18,1.719999999999986,0.01,0.037283945035702294,1.4629706628080728
853,115,459,7,0.1400000000000008,0.01,0.0476652405258002,1.446521818637848
854,226,901,15,1.249999999999996,0.01,0.053692942611840475,1.449190286167881
855,236,942,15,1.3499999999999939,0.01,0.046791775349401314,1.4619664923619415
856,199,794,13,0.9800000000000015,0.01,0.04106379627250135,1.449037992954254
857,28,112,1,-0.73,0.01,0.04387935510437403,1.4408066443034582
858,256,1024,17,1.5499999999999896,0.01,0.03628374346953933,1.4657951164990664
859,153,609,10,0.5200000000000011,0.01,0.02491482347862697,1.4668786964918439
860,362,1448,24,2.609999999999967,0.01,0.027087515264025166,1.4658110883500841
861,22,88,1,-0.7899999999999999,0.01,0.06684074484898399,1.4784667094548543
862,189,755,12,0.8800000000000014,0.01,0.0378342860853894,1.4413814214949912
863,8,30,0,-0.9299999999999999,0.01,0.0637150569818914,1.4467748999595642
864,223,892,14,1.2199999999999966,0.01,0.02926902801430385,1.4650219934327262
865,307,1226,20,2.0599999999999787,0.01,0.02916558162315277,1.4581836446539147
866,38,152,2,-0.6299999999999999,0.01,0.03228278505978071,1.439586838086446
867,37,147,2,-0.6399999999999999,0.01,0.018660522686938446,1.4600802659988403
868,87,346,5,-0.13999999999999946,0.01,0.05430679207413711,1.4540466828779741
869,46,182,3,-0.5499999999999998,0.01,0.0253591751291727,1.4133860369523366
870,277,1106,18,1.7599999999999851,0.01,0.03142987200450422,1.4473838788875635
871,148,590,9,0.4700000000000011,0.01,0.04563022241298411,1.447495022335568
872,7,28,0,-0.94,0.01,0.004233181593008339,1.465696632862091
873,145,579,9,0.44000000000000106,0.01,0.03869061447524776,1.4406906829939947
874,158,632,10,0.5700000000000012,0.01,0.044647039397834584,1.453491055048429
875,151,603,10,0.5000000000000011,0.01,0.03731085010191524,1.4384617429030568
876,240,959,15,1.389999999999993,0.01,0.024982763306858637,1.4503925800323487
877,271,1083,18,1.6999999999999864,0.01,0.036029113319647664,1.4480320863864
878,77,308,5,-0.23999999999999955,0.01,0.029086818305873556,1.446515064490469
879,226,902,15,1.249999999999996,0.01,0.040478868526406586,1.4412913594329566
880,233,929,15,1.3199999999999945,0.01,0.03657626371092067,1.4566091586803567
881,313,1251,20,2.1199999999999775,0.01,0.04761895248129104,1.46462377676597
882,192,765,12,0.9100000000000015,0.01,0.0343122599782267,1.4606031055251758
883,28,111,1,-0.73,0.01,0.027243947676782097,1.4559257881981986
884,272,1087,18,1.7099999999999862,0.01,0.05111578853650238,1.4497039405738605
885,247,985,16,1.4599999999999915,0.01,0.03931269181832191,1.4552936553955078
886,212,845,14,1.109999999999999,0.01,0.048992877650373384,1.4524596637150027
887,168,669,11,0.6700000000000013,0.01,0.04603469025875841,1.447189103989374
888,203,809,13,1.020000000000001,0.01,0.0430960834537651,1.4473122919307035
889,315,1260,21,2.139999999999977,0.01,0.028952971554528445,1.4465145728526971
890,218,870,14,1.1699999999999977,0.01,0.026802797382697464,1.4676404411142523
891,76,301,5,-0.24999999999999956,0.01,0.03086781964980458,1.4579466267635948
892,240,959,15,1.389999999999993,0.01,0.041500539297703656,1.4583637138207755
893,243,972,16,1.4199999999999924,0.01,0.021737989458087525,1.4574613903389602
894,233,932,15,1.3199999999999945,0.01,0.02875381672618397,1.461801563871318
895,227,905,15,1.2599999999999958,0.01,0.050179758317474475,1.4708034218403332
896,59,233,3,-0.4199999999999997,0.01,0.07935939754159856,1.4330161639622279
897,129,513,8,0.2800000000000009,0.01,0.04637846337970008,1.4642771699211814
898,46,181,3,-0.5499999999999998,0.01,0.022950067079033364,1.4392249475825916
899,91,362,6,-0.09999999999999942,0.01,0.007245888670339533,1.4772833171098128
900,139,553,9,0.380000000000001,0.01,0.03643671570877944,1.4668862308774675
901,158,629,10,0.5700000000000012,0.01,0.0376845121037406,1.443518415475503
902,156,623,10,0.5500000000000012,0.01,0.058964727249426335,1.4592532041745307
903,182,727,12,0.8100000000000014,0.01,0.03217761210955517,1.4382420182228088
904,217,866,14,1.159999999999998,0.01,0.043659500130969614,1.4354019032584295
905,68,272,4,-0.3299999999999996,0.01,0.058459797189297044,1.4452303016886991
906,183,730,12,0.8200000000000014,0.01,0.029724733883757955,1.4471475404241811
907,181,722,12,0.8000000000000014,0.01,0.03119419657935699,1.4336254119873046
908,289,1153,19,1.8799999999999826,0.01,0.04074029214421494,1.4359891812006633
909,117,465,7,0.1600000000000008,0.01,0.05075241035203738,1.422738897389379
910,182,728,12,0.8100000000000014,0.01,0.03821376214593487,1.4217441367066426
911,24,94,1,-0.7699999999999999,0.01,0.007684747145200769,1.411194384098053
912,91,362,6,-0.09999999999999942,0.01,0.03767529145672755,1.4192367947619895
913,183,731,12,0.8200000000000014,0.01,0.03640551071924468,1.4212975157631769
914,146,582,9,0.45000000000000107,0.01,0.04740087236151905,1.425242678539173
915,270,1078,17,1.6899999999999866,0.01,0.02515757219073599,1.4465297513933324
916,213,849,14,1.1199999999999988,0.01,0.023094753976221436,1.4228950142860413
917,223,890,14,1.2199999999999966,0.01,0.049127535001290114,1.4170134327628396
918,160,637,10,0.5900000000000012,0.01,0.03519854643382132,1.420940563082695
919,65,258,4,-0.35999999999999965,0.01,0.016505051034447903,1.4479126860113705
920,266,1064,17,1.6499999999999875,0.01,0.05077286697148035,1.432491492141377
921,316,1262,21,2.149999999999977,0.01,0.02524215699161721,1.4528866583787943
922,10,39,0,-0.91,0.01,0.06130253647764524,1.4958610534667969
923,271,1082,18,1.6999999999999864,0.01,0.04723841741111185,1.4408125663871196
924,144,575,9,0.43000000000000105,0.01,0.03836860083457497,1.45462366938591
925,250,999,16,1.4899999999999909,0.01,0.02319641929445049,1.4691627782488625
926,189,755,12,0.8800000000000014,0.01,0.056334776387728276,1.469576561704595
927,193,769,12,0.9200000000000015,0.01,0.049860952577243246,1.4636488109827042
928,214,856,14,1.1299999999999986,0.01,0.030659007447495782,1.4639873173501756
929,210,837,13,1.0899999999999994,0.01,0.029841737078431133,1.4809619188308716
930,306,1221,20,2.049999999999979,0.01,0.04854960483952438,1.4670670512434725
931,65,259,4,-0.35999999999999965,0.01,0.046620489403721876,1.4600761830806732
932,91,364,6,-0.09999999999999942,0.01,0.04385095650492155,1.4582521189814028
933,187,746,12,0.8600000000000014,0.01,0.031231590001744792,1.458159048506554
934,257,1027,17,1.5599999999999894,0.01,0.028830018956796266,1.4721252843737602
935,70,280,4,-0.3099999999999996,0.01,0.019134798183051104,1.4556282127604765
936,276,1102,18,1.7499999999999853,0.01,0.026096216332086402,1.4642900954122129
937,326,1302,21,2.2499999999999747,0.01,0.05120745903482979,1.459129397462054
938,124,494,8,0.23000000000000087,0.01,0.04700919379660439,1.4563258424881966
939,259,1035,17,1.579999999999989,0.01,0.034627463568288545,1.465825394483713
940,166,662,11,0.6500000000000012,0.01,0.036649238369314045,1.477900627182751
941,309,1236,20,2.0799999999999783,0.01,0.043164870855942755,1.4596435094808604
942,173,690,11,0.7200000000000013,0.01,0.0431587953670797,1.4489700956778093
943,75,300,5,-0.25999999999999956,0.01,0.04183307088290652,1.456286907196045
944,352,1408,23,2.509999999999969,0.01,0.029920316327744247,1.4517774121327833
945,41,161,2,-0.5999999999999999,0.01,0.05484398551793261,1.4604216380552812
946,110,439,7,0.09000000000000075,0.01,0.04262289446261194,1.4495728192506012
947,270,1079,17,1.6899999999999866,0.01,0.04035869679372648,1.4434618546682245
948,250,999,16,1.4899999999999909,0.01,0.032358204367600625,1.4461323042069711
949,239,956,15,1.3799999999999932,0.01,0.03105464707283924,1.4622252802054088
950,264,1054,17,1.629999999999988,0.01,0.025050427168466602,1.4623054988456494
951,187,745,12,0.8600000000000014,0.01,0.025688541136642404,1.4766224419817011
952,163,650,10,0.6200000000000012,0.01,0.05805274248705246,1.4351332396268845
953,370,1480,24,2.6899999999999653,0.01,0.022800642377396506,1.4554508206664876
954,127,507,8,0.2600000000000009,0.01,0.04534740537928883,1.4420927949249744
955,84,335,5,-0.16999999999999948,0.01,0.04164764138736895,1.4508679537546068
956,280,1118,18,1.7899999999999845,0.01,0.02737894659263215,1.449666794708797
957,156,622,10,0.5500000000000012,0.01,0.022741749542407118,1.4440524302996123
958,136,542,9,0.350000000000001,0.01,0.038541050620979685,1.4333971107707304
959,129,515,8,0.2800000000000009,0.01,0.030692873915540986,1.428949747234583
960,133,532,8,0.32000000000000095,0.01,0.05259553334591063,1.4443129662311438
961,294,1173,19,1.9299999999999815,0.01,0.047367408623088254,1.4211111777537577
962,194,776,12,0.9300000000000015,0.01,0.0348313269399417,1.416916236281395
963,240,957,15,1.389999999999993,0.01,0.03247195888737527,1.4291385591030121
964,196,783,13,0.9500000000000015,0.01,0.04494636873619593,1.4115171846078367
965,141,562,9,0.400000000000001,0.01,0.026651842572859356,1.4178596190043857
966,296,1183,19,1.949999999999981,0.01,0.039710979984217395,1.4284447028830245
967,119,475,7,0.18000000000000083,0.01,0.04854561783916627,1.435272224744161
968,70,279,4,-0.3099999999999996,0.01,0.03580962266359064,1.4215333263079326
969,496,1981,33,3.949999999999939,0.01,0.032429880036356586,1.4283966470149256
970,107,425,7,0.06000000000000072,0.01,0.02458422734008099,1.4210396042236915
971,80,317,5,-0.20999999999999952,0.01,0.02616396320518106,1.4374978721141816
972,273,1090,18,1.719999999999986,0.01,0.04488134890646282,1.4278306805569192
973,132,527,8,0.31000000000000094,0.01,0.030327226818454536,1.4344133752765078
974,49,193,3,-0.5199999999999998,0.01,0.02132995636202395,1.4053581456343334
975,207,825,13,1.06,0.01,0.05018663898898432,1.4225225265209491
976,100,400,6,-0.009999999999999343,0.01,0.039048239421099425,1.4124963235855104
977,155,617,10,0.5400000000000011,0.01,0.03819780613871684,1.4266904717997502
978,206,822,13,1.0500000000000003,0.01,0.032733693051760875,1.4375670139606183
979,69,275,4,-0.3199999999999996,0.01,0.03573073583709843,1.4537926211076624
980,199,796,13,0.9800000000000015,0.01,0.02701250693993643,1.433528594970703
981,246,982,16,1.4499999999999917,0.01,0.02591795028095729,1.4348540345176322
982,228,912,15,1.2699999999999956,0.01,0.028803461180231943,1.4291147537398756
983,121,482,8,0.20000000000000084,0.01,0.02502149659689636,1.4336954316785258
984,33,129,2,-0.6799999999999999,0.01,0.007277708500623703,1.440843865275383
985,116,462,7,0.1500000000000008,0.01,0.03507262530158563,1.4397697325410515
986,156,622,10,0.5500000000000012,0.01,0.020212756242985144,1.4487035519037492
987,203,811,13,1.020000000000001,0.01,0.03899383897363555,1.44016540517994
988,219,876,14,1.1799999999999975,0.01,0.02473118057888415,1.4404600306793496
989,168,672,11,0.6700000000000013,0.01,0.04794047783417184,1.4420957082793826
990,125,498,8,0.24000000000000088,0.01,0.017483189607446548,1.4388107545673847
991,8,30,0,-0.9299999999999999,0.01,0.13376017985865474,1.44625324010849
992,14,53,0,-0.87,0.01,0.06532482678691547,1.4238210519154866
993,337,1345,22,2.3599999999999723,0.01,0.0384451014050726,1.41522563071478
994,222,887,14,1.2099999999999969,0.01,0.028053726131994545,1.4154310609613145
995,21,82,1,-0.7999999999999999,0.01,0.0065685841254889965,1.4101996660232543
996,337,1348,22,2.3599999999999723,0.01,0.03466653746519504,1.415001677615302
997,28,111,1,-0.73,0.01,0.029460008023306727,1.408942665372576
998,18,69,1,-0.83,0.01,0.008538111438974738,1.4309104919433593
999,167,666,11,0.6600000000000013,0.01,0.02037056237791798,1.4035636612347193
1000,105,417,6,0.0400000000000007,0.01,0.055971933636241235,1.3991578679818373
1001,309,1233,20,2.0799999999999783,0.01,0.024796128983597284,1.4037739053949134
1002,41,163,2,-0.5999999999999999,0.01,0.019526029494591056,1.3951915383338929
1003,190,757,12,0.8900000000000015,0.01,0.02119864810083527,1.4000221937894821
1004,281,1124,18,1.7999999999999843,0.01,0.020103319069104536,1.4071789366858347
1005,115,458,7,0.1400000000000008,0.01,0.02704917941772347,1.408967425083292
1006,176,701,11,0.7500000000000013,0.01,0.061600052799225195,1.3935608836737545
1007,220,877,14,1.1899999999999973,0.01,0.05898465342311696,1.3853343746878883
1008,145,578,9,0.44000000000000106,0.01,0.027985950912504148,1.4041897224055395
1009,27,106,1,-0.74,0.01,0.006314686699105161,1.4068588869912284
1010,153,609,10,0.5200000000000011,0.01,0.026198108214884996,1.415381792344545
1011,223,889,14,1.2199999999999966,0.01,0.03765046736225486,1.4074724316596985
1012,173,690,11,0.7200000000000013,0.01,0.05077485955147029,1.4071095100668973
1013,388,1552,25,2.8699999999999615,0.01,0.02962834124462967,1.4089240474799245
1014,199,796,13,0.9800000000000015,0.01,0.02433924603741616,1.4165637612342834
1015,155,619,10,0.5400000000000011,0.01,0.034888815272074096,1.4151556552984776
1016,176,704,11,0.7500000000000013,0.01,0.026231272765223614,1.4115367477590388
1017,266,1063,17,1.6499999999999875,0.01,0.03223275566459492,1.4019361788576299
1018,263,1049,17,1.6199999999999881,0.01,0.02220670628417848,1.4167504491228047
1019,103,412,6,0.020000000000000684,0.01,0.04241845232900232,1.3712653517723083
1020,140,558,9,0.390000000000001,0.01,0.037860484534342376,1.406731060573033
1021,302,1208,20,2.00999999999998,0.01,0.027460583363038797,1.4072520955403647
1022,176,704,11,0.7500000000000013,0.01,0.04785358949712562,1.384379663250663
1023,341,1362,22,2.3999999999999715,0.01,0.028400033222073143,1.400492738274967
1024,221,881,14,1.199999999999997,0.01,0.033667009036954756,1.3961737943547112
1025,106,424,7,0.05000000000000071,0.01,0.0178107875936593,1.3974366921644945
1026,314,1255,20,2.1299999999999772,0.01,0.03360141015057511,1.3954006388217588
1027,288,1151,19,1.8699999999999828,0.01,0.030915145354811102,1.384255834751659
1028,13,51,0,-0.88,0.01,0.006646387744694948,1.4119003216425579
1029,195,777,12,0.9400000000000015,0.01,0.0308664991871967,1.3831080611871214
1030,167,668,11,0.6600000000000013,0.01,0.02891380808929481,1.3989571100328027
1031,360,1440,24,2.5899999999999674,0.01,0.033055424359109666,1.383785257074568
1032,167,668,11,0.6600000000000013,0.01,0.028190403841325037,1.3797237078348796
1033,192,767,12,0.9100000000000015,0.01,0.02305092460058707,1.3929676910241444
1034,149,596,9,0.4800000000000011,0.01,0.02701993888980281,1.3810646856153332
1035,216,862,14,1.1499999999999981,0.01,0.03745177423546987,1.3690589445608634
1036,301,1202,20,1.99999999999998,0.01,0.02604068107566012,1.3738622430123781
1037,186,741,12,0.8500000000000014,0.01,0.029254822642542422,1.3731560940327852
1038,205,818,13,1.0400000000000005,0.01,0.038072900883122984,1.3846747594721176
1039,181,722,12,0.8000000000000014,0.01,0.02769827445888001,1.3887290436288584
1040,27,106,1,-0.74,0.01,0.006742968922480941,1.391052742799123
1041,186,742,12,0.8500000000000014,0.01,0.024664610852190155,1.3861330696877012
1042,178,710,11,0.7700000000000014,0.01,0.048936205688567665,1.352009724486958
1043,172,688,11,0.7100000000000013,0.01,0.0271005624428738,1.365697322889816
1044,95,378,6,-0.05999999999999939,0.01,0.006354112294502556,1.374602864185969
1045,172,686,11,0.7100000000000013,0.01,0.026732443810202355,1.3727333213007726
1046,51,201,3,-0.4999999999999998,0.01,0.028253053762735084,1.3937305303720326
1047,106,424,7,0.05000000000000071,0.01,0.038956038524002694,1.373173135977525
1048,286,1144,19,1.8499999999999832,0.01,0.0244261163914214,1.3889238271448348
1049,149,594,9,0.4800000000000011,0.01,0.047836088172688675,1.3848500219551292
1050,342,1368,22,2.4099999999999713,0.01,0.0313924981002306,1.3939351938491644
1051,150,598,9,0.4900000000000011,0.01,0.027544366478970326,1.3840496862256848
1052,334,1334,22,2.329999999999973,0.01,0.03250462880047659,1.38396716827438
1053,315,1260,21,2.139999999999977,0.01,0.028861325592375718,1.3836831694994218
1054,330,1320,22,2.289999999999974,0.01,0.03994375705881695,1.371295409030225
1055,447,1785,29,3.4599999999999493,0.01,0.02518749711245099,1.3759686201810837
1056,62,248,4,-0.3899999999999997,0.01,0.012797932668278614,1.3739893356959025
1057,216,863,14,1.1499999999999981,0.01,0.01772436365286854,1.3864977249392756
1058,38,150,2,-0.6299999999999999,0.01,0.007214939128607512,1.3803221821784972
1059,255,1020,17,1.5399999999999898,0.01,0.03192387717879481,1.3615560947902619
1060,309,1233,20,2.0799999999999783,0.01,0.03701112070717873,1.346925539848132
1061,143,570,9,0.42000000000000104,0.01,0.0245640704408288,1.3613724436078753
1062,197,785,13,0.9600000000000015,0.01,0.03089428258128464,1.3527896046638488
1063,253,1010,16,1.5199999999999902,0.01,0.03562435225421001,1.3483100694323342
1064,241,962,16,1.3999999999999928,0.01,0.029725715898287795,1.3572500367959341
1065,159,633,10,0.5800000000000012,0.01,0.035621033323695886,1.3348293840885161
1066,108,429,7,0.07000000000000073,0.01,0.05394363933656779,1.346795333756341
1067,302,1207,20,2.00999999999998,0.01,0.03717754794595142,1.3512379264831542
1068,231,921,15,1.299999999999995,0.01,0.04900519260815505,1.3490314093129387
1069,174,696,11,0.7300000000000013,0.01,0.028069247819737277,1.370336565104398
1070,314,1255,20,2.1299999999999772,0.01,0.023731148013701804,1.3873741382207625
1071,296,1181,19,1.949999999999981,0.01,0.03211897341345714,1.3730702835160333
1072,209,836,13,1.0799999999999996,0.01,0.04766343288625089,1.362040081849465
1073,107,427,7,0.06000000000000072,0.01,0.03143909846053079,1.367664306252091
1074,129,516,8,0.2800000000000009,0.01,0.02394441879732767,1.353902604430914
1075,204,816,13,1.0300000000000007,0.01,0.023026995351720675,1.3613953847511142
1076,73,289,4,-0.2799999999999996,0.01,0.021899334179531587,1.3595400233017771
1077,253,1011,16,1.5199999999999902,0.01,0.02730443893880066,1.3515993564847917
1078,202,807,13,1.0100000000000011,0.01,0.022341310903429987,1.3583057928085327
1079,61,241,4,-0.3999999999999997,0.01,0.043436897569336,1.416889563202858
1080,240,958,15,1.389999999999993,0.01,0.02123438591370359,1.3966328918933868
1081,207,827,13,1.06,0.01,0.03083417706611548,1.3855900086608588
1082,152,605,10,0.5100000000000011,0.01,0.028576331825828867,1.3939351941409863
1083,286,1141,19,1.8499999999999832,0.01,0.029124969635934878,1.3884053230285645
1084,289,1156,19,1.8799999999999826,0.01,0.02285531175503921,1.384933249817954
1085,220,877,14,1.1899999999999973,0.01,0.029853597467511216,1.3760619597001509
1086,211,842,14,1.0999999999999992,0.01,0.030066228805566735,1.3808459988180197
1087,420,1678,27,3.189999999999955,0.01,0.03880254257071231,1.3826523349398658
1088,142,567,9,0.41000000000000103,0.01,0.03300552451317864,1.378520951952253
1089,115,458,7,0.1400000000000008,0.01,0.03629311601278083,1.391750171266753
1090,18,70,1,-0.83,0.01,0.006777859432622791,1.406436514854431
1091,517,2065,34,4.159999999999934,0.01,0.02380978419579017,1.3908398585726125
1092,59,234,3,-0.4199999999999997,0.01,0.08140206312139829,1.3831291516621909
1093,391,1562,26,2.899999999999961,0.01,0.020743571800304596,1.4117202193466658
1094,228,909,15,1.2699999999999956,0.01,0.020300080415613035,1.3983324640675594
1095,297,1185,19,1.9599999999999809,0.01,0.023097704821266232,1.3989653476079305
1096,191,763,12,0.9000000000000015,0.01,0.03385950087698454,1.4006855183459344
1097,247,985,16,1.4599999999999915,0.01,0.016381977294992293,1.399799729547193
1098,277,1107,18,1.7599999999999851,0.01,0.020041442349674584,1.4012019876120747
1099,163,649,10,0.6200000000000012,0.01,0.02030683317357992,1.4097746087283622
1100,169,674,11,0.6800000000000013,0.01,0.031201465945092162,1.3810965958095731
1101,281,1122,18,1.7999999999999843,0.01,0.02693705116136288,1.3959303422712943
1102,193,772,12,0.9200000000000015,0.01,0.028263428694723796,1.3846444264054298
1103,200,800,13,0.9900000000000015,0.01,0.04349424411309883,1.3833589363098144
1104,205,820,13,1.0400000000000005,0.01,0.021613467439059533,1.4040118806502397
1105,234,936,15,1.3299999999999943,0.01,0.03096005813242331,1.4042623568389376
1106,351,1403,23,2.4999999999999694,0.01,0.03369518000386313,1.4055821758577194
1107,154,616,10,0.5300000000000011,0.01,0.03273409565027135,1.397464400682694
1108,186,741,12,0.8500000000000014,0.01,0.036374517934113414,1.4118962391563084
1109,333,1331,22,2.319999999999973,0.01,0.028343413792927527,1.407474744887579
1110,91,362,6,-0.09999999999999942,0.01,0.031295377581210974,1.395682231946425
1111,245,980,16,1.439999999999992,0.01,0.015158495484595937,1.3958513371406063
1112,154,616,10,0.5300000000000011,0.01,0.027686045211004585,1.4022458666249324
1113,220,878,14,1.1899999999999973,0.01,0.02375161688224497,1.3891512762416494
1114,85,339,5,-0.15999999999999948,0.01,0.0073852758366791975,1.4144517694200789
1115,310,1239,20,2.089999999999978,0.01,0.030562237064795904,1.3982792863479028
1116,340,1358,22,2.3899999999999717,0.01,0.021976558536784176,1.415340293154997
1117,232,928,15,1.3099999999999947,0.01,0.029143213471076613,1.4045872153906986
1118,116,462,7,0.1500000000000008,0.01,0.01135550841592766,1.401952681870296
1119,47,187,3,-0.5399999999999998,0.01,0.013565974814506868,1.3998775879542034
1120,212,845,14,1.109999999999999,0.01,0.03968553556533495,1.393227644686429
1121,250,998,16,1.4899999999999909,0.01,0.024801822764153082,1.4017654676591196
1122,247,986,16,1.4599999999999915,0.01,0.02630457451431862,1.3944433831399488
1123,235,937,15,1.339999999999994,0.01,0.036015479095374885,1.3981129032070354
1124,282,1127,18,1.809999999999984,0.01,0.028920111349517746,1.397455486229488
1125,145,577,9,0.44000000000000106,0.01,0.06804256696098794,1.3865007526344724
1126,250,997,16,1.4899999999999909,0.01,0.03249991424233904,1.396582737801567
1127,135,538,8,0.34000000000000097,0.01,0.023867065840236405,1.4047124035218184
1128,187,745,12,0.8600000000000014,0.01,0.03515960385962187,1.3976966971936433
1129,247,986,16,1.4599999999999915,0.01,0.033897621816234486,1.3951437934752433
1130,327,1308,21,2.2599999999999745,0.01,0.03149289795390626,1.408205632756396
1131,252,1007,16,1.5099999999999905,0.01,0.026772191799763177,1.4060745087880937
1132,242,967,16,1.4099999999999926,0.01,0.0345235709392,1.4008742332458497
1133,475,1898,31,3.7399999999999434,0.01,0.027121765329698178,1.4090332313745964
1134,89,355,5,-0.11999999999999944,0.01,0.02649765034121546,1.3937827728011392
1135,241,961,16,1.3999999999999928,0.01,0.02203481822641047,1.4161946206796365
1136,236,944,15,1.3499999999999939,0.01,0.02845917481108237,1.4170909917960732
1137,78,309,5,-0.22999999999999954,0.01,0.013911277913537464,1.4152354001998901
1138,270,1079,17,1.6899999999999866,0.01,0.037704906590721184,1.4205680717440212
1139,404,1613,26,3.0299999999999585,0.01,0.025450631858559676,1.408557629821324
1140,329,1314,21,2.279999999999974,0.01,0.030821620324831003,1.4087732536036794
1141,153,609,10,0.5200000000000011,0.01,0.03324705697473531,1.4295263729597394
1142,410,1639,27,3.0899999999999572,0.01,0.027595922040065876,1.4179817426551893
1143,183,729,12,0.8200000000000014,0.01,0.03000451413034979,1.4203304264280532
1144,221,883,14,1.199999999999997,0.01,0.012219849790978645,1.4198910295963287
1145,394,1575,26,2.92999999999996,0.01,0.0296884994521471,1.4302128711525275
1146,251,1004,16,1.4999999999999907,0.01,0.03154131683284447,1.4259513730094546
1147,326,1304,21,2.2499999999999747,0.01,0.023519151346804,1.4355390866597493
1148,149,593,9,0.4800000000000011,0.01,0.029294320780440773,1.4332015326148586
1149,79,316,5,-0.21999999999999953,0.01,0.02534520151828857,1.4202348307559365
1150,242,968,16,1.4099999999999926,0.01,0.032241167775431616,1.428174226010432
1151,214,854,14,1.1299999999999986,0.01,0.02666955454854892,1.4277362868470966
1152,206,823,13,1.0500000000000003,0.01,0.02485678245116455,1.4212138927899873
1153,94,374,6,-0.0699999999999994,0.01,0.014597525956797535,1.4285811704138052
1154,134,536,8,0.33000000000000096,0.01,0.014843249375082771,1.452544342069065
1155,81,322,5,-0.1999999999999995,0.01,0.030800367414485663,1.4371749341487885
1156,71,283,4,-0.2999999999999996,0.01,0.0049635828343323534,1.469639605946011
1157,284,1133,18,1.8299999999999836,0.01,0.026389522259910658,1.4476768651478726
1158,176,704,11,0.7500000000000013,0.01,0.03382897240755318,1.44038064642386
1159,324,1294,21,2.229999999999975,0.01,0.04147764901561594,1.4439685742060344
1160,322,1285,21,2.2099999999999755,0.01,0.030728211562382056,1.4501413717865943
1161,101,401,6,6.661338147750939e-16,0.01,0.021290973742277577,1.4586866452143743
1162,77,308,5,-0.23999999999999955,0.01,0.02307992393616587,1.4594749275006746
1163,151,603,10,0.5000000000000011,0.01,0.017413195216489073,1.4567551048178422
1164,354,1414,23,2.5299999999999687,0.01,0.023486094880023633,1.442065347324718
1165,191,762,12,0.9000000000000015,0.01,0.03108245258287449,1.4574275240302086
1166,239,953,15,1.3799999999999932,0.01,0.02965225522251179,1.4417725960413614
1167,229,914,15,1.2799999999999954,0.01,0.022565283457209404,1.4562883816267316
1168,75,300,5,-0.25999999999999956,0.01,0.005806528080842997,1.4678765660838078
1169,265,1060,17,1.6399999999999877,0.01,0.0237481235702889,1.4497928511012683
1170,307,1227,20,2.0599999999999787,0.01,0.03515858790540898,1.4547632623028446
1171,28,110,1,-0.73,0.01,0.03010973197940205,1.427473783493042
1172,151,603,10,0.5000000000000011,0.01,0.026236649933019402,1.4629594474225431
1173,170,680,11,0.6900000000000013,0.01,0.023668539369218918,1.4615048003751179
1174,362,1447,24,2.609999999999967,0.01,0.041522000105275465,1.44835385216607
1175,444,1773,29,3.42999999999995,0.01,0.03262519107728794,1.4175448739850842
1176,382,1527,25,2.8099999999999627,0.01,0.030831106843834277,1.420477247486512
1177,341,1361,22,2.3999999999999715,0.01,0.029744371659505893,1.4174920685151045
1178,375,1497,24,2.7399999999999642,0.01,0.021104476942205207,1.4222795202376994
1179,206,821,13,1.0500000000000003,0.01,0.018689567624938255,1.431068693890291
1180,67,268,4,-0.33999999999999964,0.01,0.04185867432833595,1.3932907861821793
1181,98,389,6,-0.02999999999999936,0.01,0.018919122256338596,1.4216788387298585
1182,132,528,8,0.31000000000000094,0.01,0.017966466387874927,1.4288410634705515
1183,299,1195,19,1.9799999999999804,0.01,0.027936629541973408,1.418971280793886
1184,91,362,6,-0.09999999999999942,0.01,0.0480016468639445,1.4096131739409075
1185,365,1458,24,2.6399999999999664,0.01,0.01799851462915335,1.4218168599264962
1186,220,879,14,1.1899999999999973,0.01,0.03146291522266851,1.411676853353327
1187,196,781,13,0.9500000000000015,0.01,0.04377183509391865,1.411864161491394
1188,306,1223,20,2.049999999999979,0.01,0.025938989744255587,1.402671566257229
1189,102,406,6,0.010000000000000675,0.01,0.011763596315868199,1.415541934967041
1190,72,285,4,-0.2899999999999996,0.01,0.03810911756267564,1.3955122960938349
1191,30,119,1,-0.71,0.01,0.03942120281863026,1.3898983001708984
1192,95,379,6,-0.05999999999999939,0.01,0.019827356353440944,1.4299474358558655
1193,389,1555,25,2.8799999999999613,0.01,0.02793480095587978,1.4120162172415822
1194,215,860,14,1.1399999999999983,0.01,0.01902881266411256,1.420819498874523
1195,120,480,8,0.19000000000000083,0.01,0.03281686129048467,1.4253319422403972
1196,37,146,2,-0.6399999999999999,0.01,0.030610206123027537,1.3926104174719915
1197,151,602,10,0.5000000000000011,0.01,0.026944173303873914,1.4175143398736652
1198,224,896,14,1.2299999999999964,0.01,0.03765706693021847,1.4041872024536133
1199,312,1245,20,2.1099999999999777,0.01,0.03197209804486006,1.4403852835679665
1200,179,714,11,0.7800000000000014,0.01,0.026855079224333167,1.4436632936651057
1201,173,692,11,0.7200000000000013,0.01,0.02250304880065166,1.4395623315464368
1202,165,660,11,0.6400000000000012,0.01,0.024485582781092422,1.4378552204225121
1203,298,1189,19,1.9699999999999807,0.01,0.018754560944020143,1.444691595193502
1204,221,883,14,1.199999999999997,0.01,0.02377426418700322,1.4486173348767417
1205,179,716,11,0.7800000000000014,0.01,0.02378223450663923,1.4434575086290187
1206,49,194,3,-0.5199999999999998,0.01,0.021250959306668777,1.4387122300954966
1207,156,622,10,0.5500000000000012,0.01,0.022206468597197764,1.448251874018938
1208,222,887,14,1.2099999999999969,0.01,0.03041587567210875,1.4469848242673007
1209,352,1408,23,2.509999999999969,0.01,0.029990180960422465,1.4420142431150784
1210,311,1241,20,2.099999999999978,0.01,0.03410560908751228,1.4293904640735724
1211,91,362,6,-0.09999999999999942,0.01,0.019732310051989298,1.4434920342072197
1212,84,336,5,-0.16999999999999948,0.01,0.022238959148082705,1.4494681812468029
1213,156,624,10,0.5500000000000012,0.01,0.019731302805340443,1.4476760411873841
1214,293,1171,19,1.9199999999999817,0.01,0.02390133677216323,1.4654827330210438
1215,298,1191,19,1.9699999999999807,0.01,0.0322684199026962,1.4561259859317057
1216,70,279,4,-0.3099999999999996,0.01,0.02263232976353417,1.4557057619094849
1217,160,638,10,0.5900000000000012,0.01,0.019863873481517656,1.4615181982517242
1218,55,219,3,-0.45999999999999974,0.01,0.03908975073136389,1.4568311486925398
1219,71,284,4,-0.2999999999999996,0.01,0.03503402673146304,1.4467370439978207
1220,111,443,7,0.10000000000000075,0.01,0.01810571745071294,1.4570679366588593
1221,219,874,14,1.1799999999999975,0.01,0.029218078684061767,1.474433370070024
1222,202,806,13,1.0100000000000011,0.01,0.020372351319529115,1.4799558997154236
1223,216,862,14,1.1499999999999981,0.01,0.03396086395433587,1.4767706725332472
1224,257,1026,17,1.5599999999999894,0.01,0.03101668662678164,1.472377138871413
1225,373,1490,24,2.7199999999999647,0.01,0.040075560672438997,1.4648497989100795
1226,276,1104,18,1.7499999999999853,0.01,0.01693292163595881,1.4674825478291167
1227,276,1102,18,1.7499999999999853,0.01,0.030950906176956883,1.4585749394651772
1228,236,942,15,1.3499999999999939,0.01,0.044876338144511745,1.444915169376438
1229,100,399,6,-0.009999999999999343,0.01,0.03978595191147179,1.4649126529693604
1230,152,605,10,0.5100000000000011,0.01,0.03406555798689002,1.464755067699834
1231,133,531,8,0.32000000000000095,0.01,0.04086737942910104,1.4491782730275935
1232,354,1413,23,2.5299999999999687,0.01,0.019090520797475252,1.4697179365693853
1233,199,796,13,0.9800000000000015,0.01,0.018276711864092826,1.4557315768027792
1234,253,1010,16,1.5199999999999902,0.01,0.03278532938566059,1.4520682785660028
1235,246,983,16,1.4499999999999917,0.01,0.037495850295316976,1.4438012330258478
1236,158,629,10,0.5700000000000012,0.01,0.021387236868031324,1.4459909051656723
1237,315,1258,20,2.139999999999977,0.01,0.028370236627196368,1.444207454339052
1238,250,998,16,1.4899999999999909,0.01,0.044810951310431675,1.4338893095652263
1239,45,180,3,-0.5599999999999998,0.01,0.042438797652721405,1.439025272022594
1240,113,449,7,0.12000000000000077,0.01,0.024094631138723344,1.440446389572961
1241,506,2024,33,4.049999999999937,0.01,0.026974684789806136,1.435607012801283
1242,121,483,8,0.20000000000000084,0.01,0.02809785883873701,1.434349242846171
1243,264,1056,17,1.629999999999988,0.01,0.03677449638207415,1.4439713124072913
1244,352,1406,23,2.509999999999969,0.01,0.023024131780733693,1.4537848193537106
1245,187,745,12,0.8600000000000014,0.01,0.019335909335418268,1.4603744390163016
1246,299,1195,19,1.9799999999999804,0.01,0.022728362617393336,1.456551365852356
1247,245,979,16,1.439999999999992,0.01,0.02634145809360398,1.468389780794988
1248,39,154,2,-0.6199999999999999,0.01,0.03397098712157458,1.462039577960968
1249,89,354,5,-0.11999999999999944,0.01,0.031174596504900943,1.456866280599074
1250,249,993,16,1.479999999999991,0.01,0.0209963456746341,1.4674116872972058
1251,308,1230,20,2.0699999999999785,0.01,0.023541701203151667,1.4636374634581726
1252,248,990,16,1.4699999999999913,0.01,0.02160894064300303,1.4726322947009918
1253,287,1148,19,1.859999999999983,0.01,0.02816492369715383,1.4611637095610301
1254,283,1129,18,1.8199999999999839,0.01,0.024218884299994563,1.4625239389043458
1255,17,65,1,-0.84,0.01,0.04404102836269885,1.454951137304306
1256,38,150,2,-0.6299999999999999,0.01,0.016597261290169425,1.4477424886491563
1257,133,529,8,0.32000000000000095,0.01,0.013347462120958987,1.4778858318048365
1258,62,245,4,-0.3899999999999997,0.01,0.023004287869359055,1.4794135411580405
1259,279,1114,18,1.7799999999999847,0.01,0.025912872622055667,1.4858346973146712
1260,30,120,2,-0.71,0.01,0.008022925616907222,1.4896162407738822
1261,401,1601,26,2.9999999999999587,0.01,0.026400962705023144,1.4767398798819815
1262,100,399,6,-0.009999999999999343,0.01,0.02683612828142941,1.4842598676681518
1263,298,1192,19,1.9699999999999807,0.01,0.029587989215223067,1.4849352208343711
1264,387,1548,25,2.8599999999999617,0.01,0.024141509460342915,1.4739106856670576
1265,99,395,6,-0.01999999999999935,0.01,0.014682655269280077,1.5009587717056274
1266,423,1690,28,3.2199999999999545,0.01,0.029214681299137218,1.4738966794241042
1267,132,526,8,0.31000000000000094,0.01,0.024390257238833743,1.481129440394315
1268,159,633,10,0.5800000000000012,0.01,0.05128942703013308,1.4748126864433289
1269,117,468,7,0.1600000000000008,0.01,0.016135058365762234,1.5000411888648724
1270,92,366,6,-0.08999999999999941,0.01,0.013560566413418754,1.4981041058250095
1271,232,928,15,1.3099999999999947,0.01,0.024223486186358435,1.4865941487509629
1272,93,372,6,-0.0799999999999994,0.01,0.03164308407576755,1.4673732072114944
1273,399,1593,26,2.979999999999959,0.01,0.03364531749229163,1.4797603542154485
1274,257,1027,17,1.5599999999999894,0.01,0.025133119688297692,1.484127715917734
1275,213,850,14,1.1199999999999988,0.01,0.029800589978343475,1.4708269294702783
1276,126,504,8,0.2500000000000009,0.01,0.036081438583712426,1.4893571176836569
1277,216,861,14,1.1499999999999981,0.01,0.028395180551645655,1.4966766900486417
1278,391,1564,26,2.899999999999961,0.01,0.026337744100304435,1.5030435031774092
1279,46,182,3,-0.5499999999999998,0.01,0.04908211812532196,1.4593077798684437
1280,139,556,9,0.380000000000001,0.01,0.04210484304520137,1.486438281395856
1281,129,513,8,0.2800000000000009,0.01,0.040442062097347596,1.4831368381326848
1282,128,511,8,0.2700000000000009,0.01,0.030463085509836674,1.4807713106274605
1283,91,362,6,-0.09999999999999942,0.01,0.0354216644032435,1.4600753729993647
1284,238,950,15,1.3699999999999934,0.01,0.031301889230962845,1.4666493872801463
1285,211,844,14,1.0999999999999992,0.01,0.025729336543008685,1.457734056238858
1286,58,231,3,-0.4299999999999997,0.01,0.040132090831840675,1.4613044943128313
1287,314,1255,20,2.1299999999999772,0.01,0.02835298472826805,1.4647716645953022
1288,292,1165,19,1.909999999999982,0.01,0.030249072991515677,1.4703720987659612
1289,32,128,2,-0.69,0.01,0.006470692431321368,1.477541595697403
1290,262,1048,17,1.6099999999999883,0.01,0.02164463404422769,1.4820950434758113
1291,55,219,3,-0.45999999999999974,0.01,0.034444469160267284,1.4491982460021973
1292,90,359,5,-0.10999999999999943,0.01,0.024191019823774695,1.4728741429068826
1293,133,532,8,0.32000000000000095,0.01,0.03314117310733041,1.467568979543798
1294,51,204,3,-0.4999999999999998,0.01,0.06801163393538445,1.4628192683060963
1295,451,1801,30,3.4999999999999485,0.01,0.03244571853841169,1.4561197072003795
1296,239,955,15,1.3799999999999932,0.01,0.028101576736662536,1.4530959149201712
1297,88,349,5,-0.12999999999999945,0.01,0.00833172336305407,1.4808449420061978
1298,275,1100,18,1.7399999999999856,0.01,0.018942811728819557,1.4612145458442578
1299,147,585,9,0.4600000000000011,0.01,0.027980128962857027,1.4726533591747284
1300,252,1008,16,1.5099999999999905,0.01,0.032797962234961606,1.4762281993078807
1301,49,195,3,-0.5199999999999998,0.01,0.025934824146903478,1.4773948742793157
1302,43,170,2,-0.5799999999999998,0.01,0.008005060348659753,1.4578695178031922
1303,46,182,3,-0.5499999999999998,0.01,0.018499483334987115,1.4501604934533436
1304,120,479,7,0.19000000000000083,0.01,0.03542097108438611,1.480901793638865
1305,235,940,15,1.339999999999994,0.01,0.024040515479331805,1.4625256910162456
1306,250,998,16,1.4899999999999909,0.01,0.015393376787899123,1.4826478727402226
1307,196,781,13,0.9500000000000015,0.01,0.031026738500982826,1.4783350594189701
1308,95,377,6,-0.05999999999999939,0.01,0.01561935490462929,1.4839346011479695
1309,19,73,1,-0.82,0.01,0.0049026668537408115,1.4977617502212524
1310,109,433,7,0.08000000000000074,0.01,0.01468210868295972,1.4745798155113503
1311,349,1396,23,2.47999999999997,0.01,0.0257503726391186,1.4730903567938969
1312,48,189,3,-0.5299999999999998,0.01,0.03312074711235861,1.4531047940254211
1313,151,601,10,0.5000000000000011,0.01,0.014681256146439793,1.4846904026834589
1314,264,1055,17,1.629999999999988,0.01,0.01685236954257231,1.4616025451457861
1315,61,243,4,-0.3999999999999997,0.01,0.00407704288760821,1.473193057378133
1316,145,579,9,0.44000000000000106,0.01,0.026681398765908346,1.4663805994722579
1317,130,517,8,0.2900000000000009,0.01,0.028256849092995806,1.4601433204882073
1318,339,1354,22,2.379999999999972,0.01,0.020439503530916923,1.4491510419284597
1319,441,1761,29,3.3999999999999506,0.01,0.03204405347456817,1.4660234277898616
1320,229,916,15,1.2799999999999954,0.01,0.021506625194952153,1.4865607629742539
1321,276,1101,18,1.7499999999999853,0.01,0.032470128556335534,1.4652714159177698
1322,194,776,12,0.9300000000000015,0.01,0.02169939339617077,1.4632145166397095
1323,85,340,5,-0.15999999999999948,0.01,0.04405463852786592,1.4777567046029227
1324,63,252,4,-0.37999999999999967,0.01,0.026985138276359066,1.4807000756263733
1325,360,1438,23,2.5899999999999674,0.01,0.016329184516022603,1.46844535668691
1326,329,1315,21,2.279999999999974,0.01,0.022371433046362476,1.4826897804330035
1327,206,822,13,1.0500000000000003,0.01,0.03348115456573592,1.4836430993734622
1328,203,809,13,1.020000000000001,0.01,0.026046776888417264,1.4943888584772747
1329,15,60,1,-0.86,0.01,0.011824106215499341,1.5172669291496277
1330,136,542,9,0.350000000000001,0.01,0.02783973849214175,1.466218436465544
1331,199,795,13,0.9800000000000015,0.01,0.022241554469801486,1.4792847108840943
1332,235,937,15,1.339999999999994,0.01,0.01799702311962329,1.5011358610514938
1333,348,1390,23,2.46999999999997,0.01,0.036344761942813025,1.4677331214663627
1334,115,458,7,0.1400000000000008,0.01,0.029300543198618908,1.4562963576152408
1335,144,576,9,0.43000000000000105,0.01,0.03011174978584879,1.4579439626799688
1336,207,826,13,1.06,0.01,0.024543793997369133,1.4550648492116194
1337,276,1103,18,1.7499999999999853,0.01,0.029365765560161915,1.4538691095683887
1338,201,802,13,1.0000000000000013,0.01,0.022172646457329394,1.4518708610534667
1339,302,1205,20,2.00999999999998,0.01,0.024867971308259785,1.4677700055272955
1340,268,1071,17,1.669999999999987,0.01,0.029141905681932093,1.448260131166942
1341,111,442,7,0.10000000000000075,0.01,0.03936296901493161,1.4467838472790189
1342,77,307,5,-0.23999999999999955,0.01,0.016488714993465693,1.4528632938861847
1343,107,428,7,0.06000000000000072,0.01,0.03315290587488562,1.4399867057800293
1344,300,1197,19,1.9899999999999802,0.01,0.02135675188464423,1.4512546428044637
1345,168,670,11,0.6700000000000013,0.01,0.03531713985527555,1.4483199573698498
1346,253,1009,16,1.5199999999999902,0.01,0.032886671671803924,1.4339601919054985
1347,96,383,6,-0.04999999999999938,0.01,0.02215345432826628,1.4333274066448212
1348,140,559,9,0.390000000000001,0.01,0.03692133424005338,1.447343577657427
1349,183,731,12,0.8200000000000014,0.01,0.013266430334705445,1.4479600429534911
1350,158,629,10,0.5700000000000012,0.01,0.024414036038797347,1.432751327753067
1351,150,597,9,0.4900000000000011,0.01,0.024396555378680695,1.4140271818315662
1352,590,2360,39,4.889999999999919,0.01,0.023104899394565035,1.4241064142536473
1353,264,1055,17,1.629999999999988,0.01,0.025250662703800834,1.4384694009116201
1354,293,1170,19,1.9199999999999817,0.01,0.018042523069434786,1.4406347650371185
1355,265,1060,17,1.6399999999999877,0.01,0.01969330996331392,1.4333049185348279
1356,452,1806,30,3.5099999999999483,0.01,0.032837634543533875,1.4383316957845098
1357,111,441,7,0.10000000000000075,0.01,0.015507394206776683,1.463852733373642
1358,172,688,11,0.7100000000000013,0.01,0.035645012072352475,1.4637155366498371
1359,199,796,13,0.9800000000000015,0.01,0.023098455732688306,1.4580596089363098
1360,290,1157,19,1.8899999999999824,0.01,0.02573194369324483,1.455169998937183
1361,211,844,14,1.0999999999999992,0.01,0.017141844620401005,1.471597709745731
1362,201,803,13,1.0000000000000013,0.01,0.03318693489767611,1.4714004373550416
1363,165,659,10,0.6400000000000012,0.01,0.046837546119821216,1.4598855092411949
1364,123,491,8,0.22000000000000086,0.01,0.026355771448773643,1.4632205526034037
1365,456,1822,30,3.5499999999999474,0.01,0.025950617327461054,1.4737722026674371
1366,76,301,5,-0.24999999999999956,0.01,0.06270814120867535,1.4655400200894004
1367,276,1102,18,1.7499999999999853,0.01,0.021976661829588313,1.4698814188224683
1368,276,1104,18,1.7499999999999853,0.01,0.013889793782373485,1.4891469634097556
1369,208,829,13,1.0699999999999998,0.01,0.029478814533481803,1.4846916427979102
1370,209,833,13,1.0799999999999996,0.01,0.0313981986046716,1.470556601038519
1371,324,1293,21,2.229999999999975,0.01,0.02625141153112054,1.4768757937866965
1372,208,829,13,1.0699999999999998,0.01,0.01543128320078652,1.48348252589886
1373,147,586,9,0.4600000000000011,0.01,0.02643221729279806,1.466319716638989
1374,197,787,13,0.9600000000000015,0.01,0.02342502716463059,1.518151080608368
1375,275,1097,18,1.7399999999999856,0.01,0.02952701355303254,1.5004762165686663
1376,149,593,9,0.4800000000000011,0.01,0.01841938839980254,1.5138032091291327
1377,79,313,5,-0.21999999999999953,0.01,0.018520633016075743,1.5163571771822477
1378,211,844,14,1.0999999999999992,0.01,0.03169773144752912,1.5013636665524177
1379,164,656,10,0.6300000000000012,0.01,0.02997071967494288,1.5006362199783325
1380,192,767,12,0.9100000000000015,0.01,0.01914437835512217,1.4951224798957508
1381,471,1883,31,3.6999999999999442,0.01,0.03985149178346145,1.4846863312236334
1382,126,502,8,0.2500000000000009,0.01,0.017174857300555995,1.4970407062961208
1383,139,556,9,0.380000000000001,0.01,0.03687043147427695,1.5346193075180055
1384,226,904,15,1.249999999999996,0.01,0.04455309759073874,1.531023617376361
1385,85,337,5,-0.15999999999999948,0.01,0.008532287575127114,1.5553945302963257
1386,469,1875,31,3.6799999999999446,0.01,0.028979047372714322,1.543290370549911
1387,223,890,14,1.2199999999999966,0.01,0.017699241189153066,1.532320927296366
1388,294,1174,19,1.9299999999999815,0.01,0.03642048163671199,1.5419524842745638
1389,160,639,10,0.5900000000000012,0.01,0.017717419133987278,1.5408029466867448
1390,313,1250,20,2.1199999999999775,0.01,0.028532933020858166,1.5424243875696688
1391,312,1248,20,2.1099999999999777,0.01,0.02902695934067313,1.534884472688039
1392,172,686,11,0.7100000000000013,0.01,0.030380818196897242,1.557564006295315
1393,120,479,7,0.19000000000000083,0.01,0.03847549255006015,1.545146075884501
1394,117,467,7,0.1600000000000008,0.01,0.03756559268442978,1.5517005386023686
1395,335,1337,22,2.3399999999999728,0.01,0.03385011211780477,1.5418955655325026
1396,161,644,10,0.6000000000000012,0.01,0.023280131909996272,1.5514532774686813
1397,85,337,5,-0.15999999999999948,0.01,0.014496403796199177,1.582764358747573
1398,100,398,6,-0.009999999999999343,0.01,0.02144275376573205,1.549511799812317
1399,277,1108,18,1.7599999999999851,0.01,0.026901285239981244,1.550300361453623
1400,331,1322,22,2.2999999999999736,0.01,0.03920989213174725,1.548354329833065
1401,56,221,3,-0.44999999999999973,0.01,0.01692359387275896,1.505135451044355
1402,10,38,0,-0.91,0.01,0.010569515948494276,1.5995362997055054
1403,407,1626,27,3.059999999999958,0.01,0.04004072468718606,1.5400487278947737
1404,386,1541,25,2.849999999999962,0.01,0.025064943756754558,1.5400030600655938
1405,47,186,3,-0.5399999999999998,0.01,0.03808219789061695,1.5268097817897797
1406,131,522,8,0.30000000000000093,0.01,0.024228213384049013,1.5409705638885498
1407,56,224,3,-0.44999999999999973,0.01,0.027890491266069666,1.5632161923817225
1408,259,1036,17,1.579999999999989,0.01,0.028911441929924946,1.5337820878395667
1409,154,615,10,0.5300000000000011,0.01,0.022756156380264424,1.54580452808967
1410,213,851,14,1.1199999999999988,0.01,0.030514842465976782,1.549512098420341
1411,73,290,4,-0.2799999999999996,0.01,0.042117512487392456,1.5472538736131456
1412,371,1482,24,2.699999999999965,0.01,0.022738843174871577,1.545317143522283
1413,230,919,15,1.2899999999999952,0.01,0.04709650784436809,1.52747040464167
1414,90,359,5,-0.10999999999999943,0.01,0.03783283540574105,1.5096966650175012
1415,223,892,14,1.2199999999999966,0.01,0.03651833239460497,1.4996322095394135
1416,275,1098,18,1.7399999999999856,0.01,0.03472103925613577,1.5121190898558672
1417,61,242,4,-0.3999999999999997,0.01,0.008235443179728463,1.5228275433182716
1418,177,705,11,0.7600000000000013,0.01,0.03551184049204246,1.502526808868755
1419,458,1831,30,3.569999999999947,0.01,0.03346713980161503,1.5193252751701756
1420,239,953,15,1.3799999999999932,0.01,0.027388106185632446,1.5170515159765878
1421,167,667,11,0.6600000000000013,0.01,0.0279353066192319,1.5322227619943165
1422,237,946,15,1.3599999999999937,0.01,0.022388556563705836,1.5329408948704348
1423,147,586,9,0.4600000000000011,0.01,0.02227692018464409,1.5368738142219749
1424,250,1000,16,1.4899999999999909,0.01,0.04367823181148138,1.5053883348741839
1425,376,1502,25,2.749999999999964,0.01,0.028698005359322626,1.5165262754927291
1426,202,805,13,1.0100000000000011,0.01,0.04607770163748486,1.509182193700005
1427,465,1857,30,3.6399999999999455,0.01,0.02363521879306063,1.4955686176645344
1428,304,1215,20,2.0299999999999794,0.01,0.04050398158601878,1.4829696558023755
1429,341,1364,22,2.3999999999999715,0.01,0.023736637784168124,1.512917075437658
1430,260,1039,17,1.5899999999999888,0.01,0.02643353742045852,1.4876516287143413
1431,212,848,14,1.109999999999999,0.01,0.020139021834112564,1.4963420247131924
1432,157,627,10,0.5600000000000012,0.01,0.03715324400109239,1.4983462154865266
1433,261,1043,17,1.5999999999999885,0.01,0.01814102534061441,1.51135867192195
1434,94,374,6,-0.0699999999999994,0.01,0.02774466275561439,1.511628093926803
1435,65,260,4,-0.35999999999999965,0.01,0.05374414632644724,1.4741457139744478
1436,326,1303,21,2.2499999999999747,0.01,0.013249956470925682,1.5083690337192865
1437,131,521,8,0.30000000000000093,0.01,0.0356171931083681,1.4909775473854758
1438,292,1165,19,1.909999999999982,0.01,0.034325886954719276,1.4989170587226137
1439,362,1448,24,2.609999999999967,0.01,0.021187808530198204,1.507046898206075
1440,148,590,9,0.4700000000000011,0.01,0.040633287085723634,1.4957451691498627
1441,336,1343,22,2.3499999999999726,0.01,0.022984422105807988,1.5065940022468567
1442,200,797,13,0.9900000000000015,0.01,0.03363167262170464,1.5009415292739867
1443,133,529,8,0.32000000000000095,0.01,0.05652347693959361,1.4992891970802755
1444,220,880,14,1.1899999999999973,0.01,0.018637884594500064,1.5113427530635486
1445,295,1180,19,1.9399999999999813,0.01,0.03046219964983733,1.4800763342478505
1446,142,566,9,0.41000000000000103,0.01,0.01583352067326713,1.4847518371211157
1447,203,812,13,1.020000000000001,0.01,0.03240692649977099,1.486030665098452
1448,310,1239,20,2.089999999999978,0.01,0.025452359026152786,1.4936172993152173
1449,274,1093,18,1.7299999999999858,0.01,0.02100954749756425,1.4763262513755024
1450,601,2404,40,4.9999999999999165,0.01,0.02743113276005412,1.4906052939097088
1451,331,1324,22,2.2999999999999736,0.01,0.024084923819762218,1.48914978303105
1452,114,454,7,0.13000000000000078,0.01,0.025855007589728172,1.5138992667198181
1453,163,650,10,0.6200000000000012,0.01,0.029010216009848547,1.5043034262773467
1454,136,542,9,0.350000000000001,0.01,0.023096419391496217,1.5002111477010391
1455,143,569,9,0.42000000000000104,0.01,0.04499230146433951,1.5348538723256853
1456,504,2013,33,4.029999999999937,0.01,0.031486374143111916,1.5358393570733448
1457,252,1005,16,1.5099999999999905,0.01,0.03534021393381177,1.5318397832295252
1458,159,634,10,0.5800000000000012,0.01,0.03722625606370947,1.521475577965761
1459,130,518,8,0.2900000000000009,0.01,0.032706599068743264,1.5806348901806455
1460,332,1328,22,2.3099999999999734,0.01,0.02690224905767624,1.5735032615891422
1461,182,726,12,0.8100000000000014,0.01,0.017237789721952543,1.5576917807261148
1462,105,419,6,0.0400000000000007,0.01,0.04079757978346337,1.5485338105095758
1463,171,683,11,0.7000000000000013,0.01,0.021230677225893096,1.581606305780865
1464,353,1410,23,2.519999999999969,0.01,0.028306326342307116,1.5296978709403048
1465,181,722,12,0.8000000000000014,0.01,0.025391925633367566,1.5433007107840644
1466,409,1634,27,3.0799999999999574,0.01,0.027839151798866178,1.532986563794753
1467,246,981,16,1.4499999999999917,0.01,0.02084389499824254,1.5435239384251256
1468,371,1483,24,2.699999999999965,0.01,0.018089825613930334,1.5458766351575437
1469,285,1140,19,1.8399999999999834,0.01,0.031015117064170126,1.5402742127577465
1470,279,1115,18,1.7799999999999847,0.01,0.030589869094040732,1.5471346291942873
1471,90,357,5,-0.10999999999999943,0.01,0.046168722450206784,1.509201308955317
1472,499,1995,33,3.9799999999999383,0.01,0.031111959297209977,1.5205288791656495
1473,239,956,15,1.3799999999999932,0.01,0.03403881315331338,1.5273570509280188
1474,133,531,8,0.32000000000000095,0.01,0.031033399470342213,1.5142400404986214
1475,509,2036,33,4.079999999999936,0.01,0.021919577078175122,1.49953200310234
1476,306,1223,20,2.049999999999979,0.01,0.022944630053212966,1.4909349523092572
1477,87,345,5,-0.13999999999999946,0.01,0.02627248602749949,1.4966266805475408
1478,25,97,1,-0.7599999999999999,0.01,0.006498325693731506,1.556776185830434
1479,94,373,6,-0.0699999999999994,0.01,0.0325011465853701,1.4950918356577556
1480,112,448,7,0.11000000000000076,0.01,0.025546729963804995,1.4679913648537226
1481,12,47,0,-0.89,0.01,0.0049364153916637106,1.4393186171849568
1482,220,879,14,1.1899999999999973,0.01,0.019637728291987018,1.484577202796936
1483,287,1145,19,1.859999999999983,0.01,0.022442508962639194,1.480903286072943
1484,266,1063,17,1.6499999999999875,0.01,0.016914900833261057,1.4521319523002163
1485,103,411,6,0.020000000000000684,0.01,0.008019781599824246,1.4976970140750592
1486,221,884,14,1.199999999999997,0.01,0.026437227946536784,1.49207453510978
1487,145,578,9,0.44000000000000106,0.01,0.031138817986680403,1.505866203043196
1488,324,1294,21,2.229999999999975,0.01,0.020426401451666965,1.49017979922118
1489,249,993,16,1.479999999999991,0.01,0.020193953784034838,1.483928879102071
1490,438,1751,29,3.3699999999999513,0.01,0.029992640476648208,1.5051649426101545
1491,164,654,10,0.6300000000000012,0.01,0.018224344282161173,1.4908208527216098
1492,288,1152,19,1.8699999999999828,0.01,0.014953676310445493,1.503578833407826
1493,249,994,16,1.479999999999991,0.01,0.021922347271033833,1.4875960580764278
1494,210,839,13,1.0899999999999994,0.01,0.025509135094734858,1.467552715877317
1495,158,631,10,0.5700000000000012,0.01,0.025527279847898543,1.4696328762250068
1496,149,594,9,0.4800000000000011,0.01,0.017774620087278124,1.4698649299772162
1497,170,678,11,0.6900000000000013,0.01,0.028954837327113465,1.4563041783514477
1498,493,1971,32,3.9199999999999395,0.01,0.024464001110565615,1.461106125901385
1499,303,1211,20,2.0199999999999796,0.01,0.019321068674080857,1.4498568898753117
1500,281,1122,18,1.7999999999999843,0.01,0.027998656205766435,1.4508200662476676
1501,319,1273,21,2.179999999999976,0.01,0.029817843131604606,1.4548091247677803
1502,290,1160,19,1.8899999999999824,0.01,0.016448147295119418,1.4520964851118114
1503,124,494,8,0.23000000000000087,0.01,0.01561011232420682,1.4706164598464966
1504,27,106,1,-0.74,0.01,0.02389697334729135,1.432992657025655
1505,127,506,8,0.2600000000000009,0.01,0.032338214783521835,1.4398966655135155
1506,309,1236,20,2.0799999999999783,0.01,0.02280898561078281,1.4518088535829023
1507,414,1653,27,3.1299999999999564,0.01,0.026480860526834685,1.4391643439347928
1508,181,722,12,0.8000000000000014,0.01,0.031524132021392384,1.4233918905258178
1509,273,1089,18,1.719999999999986,0.01,0.030441799274686834,1.4284958751762615
1510,89,355,5,-0.11999999999999944,0.01,0.02207645508663162,1.424991021985593
1511,375,1498,24,2.7399999999999642,0.01,0.01796854797234979,1.429410425565576
1512,210,838,13,1.0899999999999994,0.01,0.026225461163294484,1.423337605764281
1513,177,707,11,0.7600000000000013,0.01,0.03291063715534454,1.422685276378285
1514,127,508,8,0.2600000000000009,0.01,0.034240607361425646,1.4176239408552647
1515,274,1094,18,1.7299999999999858,0.01,0.0261468381025171,1.4437340235008913
1516,278,1110,18,1.769999999999985,0.01,0.02724964345605778,1.4433047362736293
1517,258,1030,17,1.5699999999999892,0.01,0.030393837616429664,1.4447488635778427
1518,263,1051,17,1.6199999999999881,0.01,0.0331284581845852,1.4255709196581985
1519,273,1092,18,1.719999999999986,0.01,0.02436539831550737,1.4400151196648092
1520,85,337,5,-0.15999999999999948,0.01,0.013107365833341399,1.4406691789627075
1521,234,936,15,1.3299999999999943,0.01,0.03227111589813862,1.4200052495660453
1522,83,329,5,-0.1799999999999995,0.01,0.044783029705286026,1.3890495811189925
1523,191,763,12,0.9000000000000015,0.01,0.01656635358328155,1.4317046850919724
1524,233,932,15,1.3199999999999945,0.01,0.02042614104194117,1.4308023802165328
1525,257,1026,17,1.5599999999999894,0.01,0.020189533641314483,1.4286496303975582
1526,8,32,0,-0.9299999999999999,0.01,0.0060595066752284765,1.3897175788879395
1527,288,1150,19,1.8699999999999828,0.01,0.024763018513719242,1.4360756791300244
1528,222,887,14,1.2099999999999969,0.01,0.021639696143600822,1.4351617374590464
1529,149,594,9,0.4800000000000011,0.01,0.026549053145572543,1.4215039079253737
1530,366,1461,24,2.649999999999966,0.01,0.016786608580822267,1.411684160704141
1531,208,830,13,1.0699999999999998,0.01,0.030964953686074857,1.4142856620825255
1532,376,1504,25,2.749999999999964,0.01,0.02412785847294838,1.402755004294375
1533,175,698,11,0.7400000000000013,0.01,0.0142435498630882,1.4257815832441503
1534,339,1355,22,2.379999999999972,0.01,0.02437720377381672,1.4198722614961512
1535,315,1260,21,2.139999999999977,0.01,0.024447114855239663,1.4218909815896916
1536,279,1114,18,1.7799999999999847,0.01,0.02331566545383438,1.4303282654803733
1537,147,587,9,0.4600000000000011,0.01,0.027714311610907316,1.4083608807744206
1538,384,1533,25,2.8299999999999623,0.01,0.02209885954289348,1.4364600044985611
1539,367,1468,24,2.659999999999966,0.01,0.022180313934096255,1.4207985388196034
1540,317,1266,21,2.1599999999999766,0.01,0.025713726580496643,1.4266898571690427
1541,263,1052,17,1.6199999999999881,0.01,0.021449632362363802,1.4193345470861956
1542,189,755,12,0.8800000000000014,0.01,0.017531609558995735,1.43377238131584
1543,180,719,11,0.7900000000000014,0.01,0.02427555238828063,1.442367500729031
1544,236,944,15,1.3499999999999939,0.01,0.028632065154990907,1.4110000800278226
1545,181,724,12,0.8000000000000014,0.01,0.04089393799400164,1.418446339501275
1546,192,767,12,0.9100000000000015,0.01,0.01631754781798615,1.4184034690260887
1547,402,1608,26,3.009999999999959,0.01,0.03189830757253388,1.415826143604694
1548,109,436,7,0.08000000000000074,0.01,0.010015440479576311,1.431397274688438
1549,217,866,14,1.159999999999998,0.01,0.031063752714544535,1.4541355658460546
1550,59,235,3,-0.4199999999999997,0.01,0.008573857136070728,1.4693851232528687
1551,298,1190,19,1.9699999999999807,0.01,0.02137318391663333,1.4647812461853027
1552,393,1570,26,2.9199999999999604,0.01,0.026827082641384736,1.45330611783631
1553,210,839,13,1.0899999999999994,0.01,0.023437443484838765,1.4434180168005137
1554,81,323,5,-0.1999999999999995,0.01,0.014164251707760351,1.4352223305475145
1555,480,1917,31,3.7899999999999423,0.01,0.021704044282281152,1.4379261076450347
1556,248,990,16,1.4699999999999913,0.01,0.03218909076249768,1.4299520677135837
1557,390,1560,26,2.889999999999961,0.01,0.027602294896796498,1.427689410976528
1558,300,1197,19,1.9899999999999802,0.01,0.02327687089641889,1.4300001351038616
1559,240,957,15,1.389999999999993,0.01,0.02134151789941825,1.4227631449699403
1560,256,1024,17,1.5499999999999896,0.01,0.018886763587943278,1.4517254810780287
1561,52,207,3,-0.48999999999999977,0.01,0.008485221787570761,1.4517531119860136
1562,142,565,9,0.41000000000000103,0.01,0.023104197960088238,1.447767972946167
1563,77,308,5,-0.23999999999999955,0.01,0.015504391104178993,1.4459095440412824
1564,200,798,13,0.9900000000000015,0.01,0.02101768451742828,1.4395623016357422
1565,254,1014,16,1.52999999999999,0.01,0.023160071470700795,1.4394084631450592
1566,137,547,9,0.360000000000001,0.01,0.023170689692986864,1.4422097751072476
1567,299,1193,19,1.9799999999999804,0.01,0.019743563083466142,1.4309533770019944
1568,219,876,14,1.1799999999999975,0.01,0.01737717529758811,1.426852687922391
1569,162,648,10,0.6100000000000012,0.01,0.029801723371237154,1.430528684360225
1570,372,1488,24,2.709999999999965,0.01,0.024389746668998912,1.433249496644543
1571,374,1493,24,2.7299999999999645,0.01,0.02925298536967446,1.4157264027544247
1572,196,781,13,0.9500000000000015,0.01,0.014009431180335125,1.4251004603444313
1573,221,882,14,1.199999999999997,0.01,0.03012568805028092,1.424253348870711
1574,126,502,8,0.2500000000000009,0.01,0.019588051713071764,1.4250197038054466
1575,214,856,14,1.1299999999999986,0.01,0.027178975279038807,1.4162787941266906
1576,311,1243,20,2.099999999999978,0.01,0.024250893561073985,1.4156949306145692
1577,46,182,3,-0.5499999999999998,0.01,0.01456197521959742,1.4132498403390248
1578,255,1018,16,1.5399999999999898,0.01,0.02298346140407144,1.408162304333278
1579,211,841,14,1.0999999999999992,0.01,0.015256234064680647,1.422622561454773
1580,216,863,14,1.1499999999999981,0.01,0.023448811205862848,1.4155410616486162
1581,496,1981,33,3.949999999999939,0.01,0.02419285586614522,1.4096585915934654
1582,28,109,1,-0.73,0.01,0.02758486502404724,1.4126562220709664
1583,164,656,10,0.6300000000000012,0.01,0.025982926077232127,1.4168911038375482
1584,188,751,12,0.8700000000000014,0.01,0.03147732039933351,1.4330700331545891
1585,204,815,13,1.0300000000000007,0.01,0.021256716483656096,1.4333295050789328
1586,193,770,12,0.9200000000000015,0.01,0.01777423652917302,1.4442844266692798
1587,14,56,0,-0.87,0.01,0.012816139031201601,1.4213157892227173
1588,213,850,14,1.1199999999999988,0.01,0.027907878388914297,1.4366491583158385
1589,339,1354,22,2.379999999999972,0.01,0.01889429871979005,1.4598698994692634
1590,277,1106,18,1.7599999999999851,0.01,0.01526025102129611,1.479954999426137
1591,105,419,6,0.0400000000000007,0.01,0.00756578824411218,1.4840990075698266
1592,103,410,6,0.020000000000000684,0.01,0.022323753228052877,1.4864295033308177
1593,149,593,9,0.4800000000000011,0.01,0.023799730068374728,1.4607300597268182
1594,175,700,11,0.7400000000000013,0.01,0.016148769042708656,1.4840388270941647
1595,152,607,10,0.5100000000000011,0.01,0.018306671032118367,1.479810096715626
1596,212,846,14,1.109999999999999,0.01,0.015171859246450212,1.4705874380075707
1597,18,69,1,-0.83,0.01,0.02592603927478194,1.4616090059280396
1598,124,493,8,0.23000000000000087,0.01,0.02123194153330499,1.473297353713743
1599,193,770,12,0.9200000000000015,0.01,0.01828178026092549,1.4741866886615753
1600,281,1124,18,1.7999999999999843,0.01,0.02330680155594434,1.468930058819907
1601,454,1813,30,3.529999999999948,0.01,0.02575712027273288,1.457981066745624
1602,267,1067,17,1.6599999999999873,0.01,0.01456015613847271,1.470795868021069
1603,289,1156,19,1.8799999999999826,0.01,0.01747860236744052,1.4491941471622414
1604,157,625,10,0.5600000000000012,0.01,0.017225025499311205,1.467221926420163
1605,28,109,1,-0.73,0.01,0.023042688611894846,1.4647377729415894
1606,98,389,6,-0.02999999999999936,0.01,0.024172213161364198,1.45467213789622
1607,243,972,16,1.4199999999999924,0.01,0.01995614619895083,1.4576151234204653
1608,304,1215,20,2.0299999999999794,0.01,0.02817220886323699,1.447928869410565
1609,357,1427,23,2.559999999999968,0.01,0.022750504620980178,1.455559442552288
1610,388,1552,25,2.8699999999999615,0.01,0.025472929662804015,1.444942734905125
1611,387,1547,25,2.8599999999999617,0.01,0.015657296247021824,1.4621729518949371
1612,221,882,14,1.199999999999997,0.01,0.01595627012747255,1.4555756330490113
1613,188,752,12,0.8700000000000014,0.01,0.01760925659959383,1.4558515903797555
1614,538,2149,35,4.36999999999993,0.01,0.016569459800504976,1.453876202194779
1615,173,691,11,0.7200000000000013,0.01,0.018314281110326912,1.454534034396327
1616,74,295,4,-0.2699999999999996,0.01,0.013381031341850758,1.4617363904651843
1617,185,737,12,0.8400000000000014,0.01,0.024208105872790125,1.4589703860490217
1618,172,688,11,0.7100000000000013,0.01,0.023373895200229314,1.455479574757953
1619,248,989,16,1.4699999999999913,0.01,0.02002831199581945,1.45260299405744
1620,75,299,4,-0.25999999999999956,0.01,0.017841648665795986,1.458286109723543
1621,255,1018,16,1.5399999999999898,0.01,0.026837145673140647,1.4489208024645608
1622,168,670,11,0.6700000000000013,0.01,0.018297334706100326,1.4720419333094643
1623,344,1373,22,2.429999999999971,0.01,0.02016507768949364,1.4524302288543347
1624,273,1091,18,1.719999999999986,0.01,0.03464809718096386,1.453025071517281
1625,83,330,5,-0.1799999999999995,0.01,0.0119467216078192,1.4628193080425262
1626,149,593,9,0.4800000000000011,0.01,0.016598560792197913,1.450274269831808
1627,416,1661,27,3.149999999999956,0.01,0.015242921441453151,1.4530804661604075
1628,382,1525,25,2.8099999999999627,0.01,0.025230420846492053,1.449692894283094
1629,232,926,15,1.3099999999999947,0.01,0.023687189153861254,1.450532629572112
1630,142,565,9,0.41000000000000103,0.01,0.028245369515692193,1.4501473440064325
1631,188,750,12,0.8700000000000014,0.01,0.018897893789045987,1.4533830094844737
1632,144,576,9,0.43000000000000105,0.01,0.017073970533803932,1.4552841285864513
1633,106,423,7,0.05000000000000071,0.01,0.019501682326125983,1.4591728173769438
1634,7,26,0,-0.94,0.01,0.055391378700733185,1.4322453141212463
1635,207,827,13,1.06,0.01,0.031032071605575487,1.453772022173955
1636,166,663,11,0.6500000000000012,0.01,0.02226594504445973,1.44872670638852
1637,247,988,16,1.4599999999999915,0.01,0.025772922142829384,1.4470859035368888
1638,118,472,7,0.17000000000000082,0.01,0.01215233722830127,1.448621207270129
1639,98,391,6,-0.02999999999999936,0.01,0.03647428585216403,1.4198207616806031
1640,212,845,14,1.109999999999999,0.01,0.022770463295702665,1.4399594383419685
1641,283,1132,18,1.8199999999999839,0.01,0.02502150206275704,1.4414894328990453
1642,133,529,8,0.32000000000000095,0.01,0.023087159631717386,1.4459474628621882
1643,227,907,15,1.2599999999999958,0.01,0.027451034925322523,1.4352713049503796
1644,28,110,1,-0.73,0.01,0.008387565546269928,1.4406025409698486
1645,18,72,1,-0.83,0.01,0.010316918138414621,1.4408138990402222
1646,158,629,10,0.5700000000000012,0.01,0.013787011068779975,1.4298921793699264
1647,250,1000,16,1.4899999999999909,0.01,0.0292918304518436,1.4287247523184745
1648,7,26,0,-0.94,0.01,0.015120828058570623,1.3939045071601868
1649,183,729,12,0.8200000000000014,0.01,0.02206918778424354,1.4386933160864788
1650,286,1144,19,1.8499999999999832,0.01,0.022777906569822783,1.4339587940296656
1651,12,46,0,-0.89,0.01,0.0059673418290913105,1.4301779667536418
1652,119,474,7,0.18000000000000083,0.01,0.019388311946143707,1.4331410805384317
1653,195,778,12,0.9400000000000015,0.01,0.012870589066867014,1.4476415819051314
1654,131,524,8,0.30000000000000093,0.01,0.02510697609250201,1.436743475496769
1655,371,1484,24,2.699999999999965,0.01,0.02436971939819795,1.43222511840123
1656,68,269,4,-0.3299999999999996,0.01,0.021244046428953025,1.436201291925767
1657,174,696,11,0.7300000000000013,0.01,0.024145583267620004,1.4228236350146206
1658,79,316,5,-0.21999999999999953,0.01,0.022630355786532164,1.442202982149626
1659,207,828,13,1.06,0.01,0.021858965606392864,1.4313397980653322
1660,280,1118,18,1.7899999999999845,0.01,0.021081399405375123,1.4394753796713693
1661,354,1416,23,2.5299999999999687,0.01,0.022562679200265764,1.4455244554562514
1662,180,717,11,0.7900000000000014,0.01,0.01670213255824314,1.4380375332302517
1663,304,1216,20,2.0299999999999794,0.01,0.024125115037589382,1.4520901190607172
1664,295,1177,19,1.9399999999999813,0.01,0.01714675602573289,1.4586039128368848
1665,242,965,16,1.4099999999999926,0.01,0.023986855808065317,1.469995029637071
1666,89,355,5,-0.11999999999999944,0.01,0.02772809367161244,1.45950585603714
1667,29,114,1,-0.72,0.01,0.006158819821264062,1.4731429134096419
1668,237,946,15,1.3599999999999937,0.01,0.014898802953151364,1.4790309250354767
1669,139,553,9,0.380000000000001,0.01,0.012987656984478235,1.4667730541790234
1670,227,906,15,1.2599999999999958,0.01,0.01793416318271244,1.4644122939360769
1671,77,305,5,-0.23999999999999955,0.01,0.012702916307668937,1.4865164066615857
1672,502,2007,33,4.009999999999938,0.01,0.022922385162452145,1.4710521054646326
1673,245,977,16,1.439999999999992,0.01,0.02546067185867883,1.4693606310203426
1674,159,636,10,0.5800000000000012,0.01,0.024940457369666547,1.4650236189365387
1675,113,452,7,0.12000000000000077,0.01,0.021764379052910954,1.495880854981286
1676,477,1905,31,3.759999999999943,0.01,0.026341334429467803,1.489862652385936
1677,259,1035,17,1.579999999999989,0.01,0.02779336141494031,1.488100794645456
1678,228,910,15,1.2699999999999956,0.01,0.025564201925717817,1.4866497140181691
1679,277,1106,18,1.7599999999999851,0.01,0.038405622828049935,1.4643000692561052
1680,316,1262,21,2.149999999999977,0.01,0.021175702152585116,1.4786310890052892
1681,319,1276,21,2.179999999999976,0.01,0.02631646999507211,1.4762351468205452
1682,259,1033,17,1.579999999999989,0.01,0.018363799835340335,1.4799487920907828
1683,188,752,12,0.8700000000000014,0.01,0.018770058555132214,1.4811236046730203
1684,156,622,10,0.5500000000000012,0.01,0.019255498060001396,1.4738028416266808
1685,227,905,15,1.2599999999999958,0.01,0.02434029852105468,1.470585116168909
1686,269,1076,17,1.6799999999999868,0.01,0.015076928723381082,1.4988644354379
1687,436,1743,29,3.3499999999999517,0.01,0.02691675743959639,1.5019502508530922
1688,490,1959,32,3.88999999999994,0.01,0.024600154024617533,1.5081711294221096
1689,368,1472,24,2.6699999999999657,0.01,0.02659181656401969,1.5446123066155806
1690,147,587,9,0.4600000000000011,0.01,0.02750179128457062,1.5416426916380186
1691,308,1232,20,2.0699999999999785,0.01,0.028840371546662087,1.5299592296798508
1692,217,868,14,1.159999999999998,0.01,0.028842886720128632,1.53239835412414
1693,79,315,5,-0.21999999999999953,0.01,0.027003284194506705,1.5164119184017182
1694,346,1384,23,2.4499999999999704,0.01,0.027160444251400816,1.498702683668027
1695,292,1166,19,1.909999999999982,0.01,0.015964404510793416,1.5168524213033179
1696,267,1065,17,1.6599999999999873,0.01,0.03180789901649184,1.5062463771213184
1697,114,454,7,0.13000000000000078,0.01,0.011568781927806037,1.5240118174717343
1698,286,1142,19,1.8499999999999832,0.01,0.023797858775344113,1.507474336825626
1699,167,665,11,0.6600000000000013,0.01,0.03731619727443017,1.4873018917583285
1700,149,596,9,0.4800000000000011,0.01,0.02484882582683821,1.5016137393745217
1701,411,1643,27,3.099999999999957,0.01,0.01748638246004985,1.5128678777842846
1702,302,1208,20,2.00999999999998,0.01,0.023082678402332885,1.5087637744451825
1703,301,1202,20,1.99999999999998,0.01,0.017605382374798258,1.5100799131393432
1704,86,342,5,-0.14999999999999947,0.01,0.050907672493762914,1.4838580914906092
1705,388,1549,25,2.8699999999999615,0.01,0.03124556201750163,1.5098762708840912
1706,465,1857,30,3.6399999999999455,0.01,0.026862152643167436,1.51282795270284
1707,165,657,10,0.6400000000000012,0.01,0.01369948822028208,1.5333912837796095
1708,356,1423,23,2.5499999999999683,0.01,0.020743188405085062,1.5242657473917758
1709,73,290,4,-0.2799999999999996,0.01,0.011720201440362467,1.5294508271747165
1710,390,1557,25,2.889999999999961,0.01,0.02112747374114257,1.524993239616861
1711,166,661,11,0.6500000000000012,0.01,0.033017567165831964,1.5188681817636258
1712,505,2020,33,4.039999999999937,0.01,0.024731980651498786,1.5373589651925224
1713,114,456,7,0.13000000000000078,0.01,0.02407860346459623,1.5476538600592777
1714,69,273,4,-0.3199999999999996,0.01,0.028199679355191833,1.4996749723658842
1715,218,870,14,1.1699999999999977,0.01,0.029359289546581832,1.5359119588678534
1716,311,1241,20,2.099999999999978,0.01,0.021566508198005763,1.5362580008320994
1717,463,1852,30,3.619999999999946,0.01,0.03630584284085138,1.5246577417028362
1718,359,1433,23,2.5799999999999677,0.01,0.027806025909052956,1.542050298055013
1719,254,1016,16,1.52999999999999,0.01,0.02702600646778823,1.5251013910959637
1720,301,1201,20,1.99999999999998,0.01,0.02898934973238379,1.5281617876730467
1721,286,1142,19,1.8499999999999832,0.01,0.01803129121930089,1.530667053142064
1722,111,442,7,0.10000000000000075,0.01,0.02987431746441871,1.5200828569275993
1723,160,639,10,0.5900000000000012,0.01,0.0334797410905594,1.5280575424432754
1724,71,282,4,-0.2999999999999996,0.01,0.021095711912494153,1.5561885502603319
1725,131,524,8,0.30000000000000093,0.01,0.02853965829126537,1.5113161355257034
1726,295,1178,19,1.9399999999999813,0.01,0.022234579969851953,1.532550881037841
1727,250,999,16,1.4899999999999909,0.01,0.018581799035596234,1.5313151204396809
1728,72,288,4,-0.2899999999999996,0.01,0.0162546416460019,1.5273013181156583
1729,423,1689,28,3.2199999999999545,0.01,0.022258196664708,1.5365536258334205
1730,450,1797,29,3.4899999999999487,0.01,0.018522949942873908,1.5341211283101446
1731,245,979,16,1.439999999999992,0.01,0.018777139828402976,1.5406841078742606
1732,277,1107,18,1.7599999999999851,0.01,0.021221784071699865,1.5351769163988638
1733,286,1142,19,1.8499999999999832,0.01,0.029582977657102875,1.5346310138702393
1734,53,211,3,-0.47999999999999976,0.01,0.0365722189263369,1.5170932549696703
1735,153,612,10,0.5200000000000011,0.01,0.011943757288942211,1.545779548193279
1736,253,1009,16,1.5199999999999902,0.01,0.026715769665315747,1.5341471172869205
1737,171,682,11,0.7000000000000013,0.01,0.01823842906603767,1.5550022153627305
1738,237,945,15,1.3599999999999937,0.01,0.03077126556696991,1.5333566228548685
1739,176,702,11,0.7500000000000013,0.01,0.02600772004701536,1.544386936859651
1740,143,569,9,0.42000000000000104,0.01,0.017833604297733733,1.5414876699447633
1741,360,1437,23,2.5899999999999674,0.01,0.02345603709626529,1.5279052350256177
1742,331,1321,22,2.2999999999999736,0.01,0.02701665674538228,1.5548744316560676
1743,84,334,5,-0.16999999999999948,0.01,0.009816963547131135,1.5622107925869169
1744,153,611,10,0.5200000000000011,0.01,0.024507518048937384,1.549058016977812
1745,184,736,12,0.8300000000000014,0.01,0.030045245981613254,1.5422402412995049
1746,109,436,7,0.08000000000000074,0.01,0.02246069986306663,1.5461161434650421
1747,170,679,11,0.6900000000000013,0.01,0.020795852250774346,1.5594575490270342
1748,57,228,3,-0.4399999999999997,0.01,0.02714450427863215,1.571871314729963
1749,326,1301,21,2.2499999999999747,0.01,0.022581620403088448,1.5458390625511729
1750,127,506,8,0.2600000000000009,0.01,0.015989673887816025,1.5354524590075016
1751,149,596,9,0.4800000000000011,0.01,0.021415025140536396,1.5340556196264319
1752,98,390,6,-0.02999999999999936,0.01,0.01407583456117815,1.5722659975290298
1753,125,500,8,0.24000000000000088,0.01,0.014547638369549531,1.5567304231226444
1754,597,2388,39,4.959999999999917,0.01,0.018351326359048386,1.564245623230134
1755,217,866,14,1.159999999999998,0.01,0.02745071254429166,1.5588743090629578
1756,138,550,9,0.370000000000001,0.01,0.017029458483947175,1.5605141946247645
1757,136,542,9,0.350000000000001,0.01,0.01874517054324422,1.5799211859703064
1758,369,1475,24,2.6799999999999655,0.01,0.027034225734456886,1.5744722096816353
1759,242,967,16,1.4099999999999926,0.01,0.018258029856951907,1.5755314111709595
1760,53,210,3,-0.47999999999999976,0.01,0.02066756975338129,1.5721766608101981
1761,124,493,8,0.23000000000000087,0.01,0.02858498639186784,1.5552730329575077
1762,195,780,13,0.9400000000000015,0.01,0.02427633968181908,1.5630969231327374
1763,94,373,6,-0.0699999999999994,0.01,0.019753603352000937,1.5587850213050842
1764,286,1141,19,1.8499999999999832,0.01,0.023437186829667066,1.5604776211187874
1765,195,778,12,0.9400000000000015,0.01,0.018519876824159707,1.5583143380223488
1766,432,1726,28,3.3099999999999525,0.01,0.018749722711854027,1.5700528356764052
1767,471,1882,31,3.6999999999999442,0.01,0.02767930671541115,1.571390562138315
1768,159,633,10,0.5800000000000012,0.01,0.040900055540259925,1.561373570561409
1769,287,1146,19,1.859999999999983,0.01,0.019302648997170404,1.5760856111284713
1770,346,1383,23,2.4499999999999704,0.01,0.011507124962531373,1.5808977683385212
1771,275,1099,18,1.7399999999999856,0.01,0.029043105673854767,1.5638088903565337
1772,143,572,9,0.42000000000000104,0.01,0.01670443330492292,1.5692278351102555
1773,317,1265,21,2.1599999999999766,0.01,0.02588011771440506,1.576836422085762
1774,229,915,15,1.2799999999999954,0.01,0.03166918729824063,1.583899930903786
1775,166,662,11,0.6500000000000012,0.01,0.016695981084300978,1.583956456765896
1776,233,929,15,1.3199999999999945,0.01,0.015262556254421756,1.5862855870844954
1777,216,861,14,1.1499999999999981,0.01,0.02556709852931952,1.5726328668770966
1778,148,592,9,0.4700000000000011,0.01,0.039683751982158504,1.5577309679340672
1779,212,848,14,1.109999999999999,0.01,0.02097146451596241,1.558276428366607
1780,194,773,12,0.9300000000000015,0.01,0.025375570277295385,1.5690435195962589
1781,378,1509,25,2.7699999999999636,0.01,0.01981143963915345,1.5661992813411512
1782,120,477,7,0.19000000000000083,0.01,0.012653507315553725,1.5784913698832195
1783,182,728,12,0.8100000000000014,0.01,0.02295958399384593,1.5835727585686579
1784,107,425,7,0.06000000000000072,0.01,0.029362151709695656,1.5554124514261882
1785,271,1084,18,1.6999999999999864,0.01,0.016629440542173517,1.581051230430603
1786,185,737,12,0.8400000000000014,0.01,0.029264476423597207,1.5629401310630466
1787,143,572,9,0.42000000000000104,0.01,0.01703715478975533,1.5671465463108487
1788,499,1996,33,3.9799999999999383,0.01,0.018870291380857628,1.5782199155899785
1789,347,1386,23,2.45999999999997,0.01,0.026763547139627666,1.5760480480632564
1790,240,958,15,1.389999999999993,0.01,0.021874733540850382,1.5775478740533193
1791,123,491,8,0.22000000000000086,0.01,0.018500531317606088,1.5666676336719143
1792,158,630,10,0.5700000000000012,0.01,0.014364630276432786,1.5887296933394213
1793,141,562,9,0.400000000000001,0.01,0.019346492636638384,1.5794497827688854
1794,46,182,3,-0.5499999999999998,0.01,0.020236203192987225,1.5535826683044434
1795,456,1823,30,3.5499999999999474,0.01,0.020428008118056153,1.581461931529798
1796,168,669,11,0.6700000000000013,0.01,0.018867703548277773,1.579912577356611
1797,431,1724,28,3.2999999999999527,0.01,0.02813871863569754,1.5496068365044064
1798,286,1142,19,1.8499999999999832,0.01,0.023820297728607456,1.5498880937065878
1799,69,276,4,-0.3199999999999996,0.01,0.02804706297400925,1.5334618886311848
1800,247,987,16,1.4599999999999915,0.01,0.026312883408953908,1.5518585111274095
1801,81,323,5,-0.1999999999999995,0.01,0.03345775176283149,1.5606630529676164
1802,138,552,9,0.370000000000001,0.01,0.0163778257145382,1.5537326546276318
1803,217,865,14,1.159999999999998,0.01,0.02074107661826053,1.5490905532130488
1804,158,629,10,0.5700000000000012,0.01,0.017757860373239964,1.5540771722793578
1805,281,1122,18,1.7999999999999843,0.01,0.02372966890023755,1.5481010675430298
1806,84,333,5,-0.16999999999999948,0.01,0.018711374462803916,1.5330934013639177
1807,152,605,10,0.5100000000000011,0.01,0.021478166123607048,1.5681452280596684
1808,80,320,5,-0.20999999999999952,0.01,0.020697140647098423,1.5684415578842164
1809,350,1399,23,2.4899999999999696,0.01,0.024734287668252364,1.5557009103623303
1810,133,529,8,0.32000000000000095,0.01,0.022596078240453746,1.557354186520432
1811,49,196,3,-0.5199999999999998,0.01,0.03854202700313181,1.5524814029534657
1812,372,1485,24,2.709999999999965,0.01,0.02282752834951445,1.5597645839055378
1813,220,878,14,1.1899999999999973,0.01,0.01506062528457154,1.5658833547071977
1814,231,921,15,1.299999999999995,0.01,0.042544652206084596,1.5421960723811183
1815,174,695,11,0.7300000000000013,0.01,0.021451805523315142,1.5643161202585973
1816,157,628,10,0.5600000000000012,0.01,0.014523981069214643,1.5594789534807205
1817,223,892,14,1.2199999999999966,0.01,0.021188127689740873,1.5739144411954014
1818,181,722,12,0.8000000000000014,0.01,0.01563016672456718,1.5661099786343782
1819,110,437,7,0.09000000000000075,0.01,0.014032713340215937,1.5680596077883686
1820,99,393,6,-0.01999999999999935,0.01,0.013680105656385421,1.5703678369522094
1821,155,617,10,0.5400000000000011,0.01,0.025558307701244187,1.5623259605505528
1822,80,319,5,-0.20999999999999952,0.01,0.03977054117713123,1.5683429062366485
1823,203,810,13,1.020000000000001,0.01,0.02377845671027899,1.5621612191200256
1824,94,375,6,-0.0699999999999994,0.01,0.028288010080965858,1.5563899377981822
1825,249,996,16,1.479999999999991,0.01,0.02610290043371459,1.5593792488498073
1826,244,974,16,1.4299999999999922,0.01,0.03226965814294507,1.5360261240943534
1827,183,732,12,0.8200000000000014,0.01,0.023175355391171965,1.540235742278721
1828,285,1139,18,1.8399999999999834,0.01,0.025278687113108978,1.5425330148616307
1829,78,310,5,-0.22999999999999954,0.01,0.031867042981320995,1.5380919933319093
1830,111,442,7,0.10000000000000075,0.01,0.023292937678181462,1.5689590727841412
1831,276,1103,18,1.7499999999999853,0.01,0.014221261410663525,1.562497201173202
1832,346,1381,23,2.4499999999999704,0.01,0.024360829750182986,1.5527600351421313
1833,172,688,11,0.7100000000000013,0.01,0.01603848591100338,1.5515340095342591
1834,145,578,9,0.44000000000000106,0.01,0.019607709778938442,1.5808453526761796
1835,298,1192,19,1.9699999999999807,0.01,0.02382207544830938,1.5668398809432984
1836,656,2622,43,5.549999999999905,0.01,0.021388650430286895,1.5699781790012266
1837,242,966,16,1.4099999999999926,0.01,0.01330749571401005,1.5888217369715372
1838,94,375,6,-0.0699999999999994,0.01,0.028446261926243704,1.5721147855122883
1839,291,1162,19,1.8999999999999821,0.01,0.026259785779984668,1.568547636270523
1840,259,1035,17,1.579999999999989,0.01,0.01885942551665581,1.5736253114847036
1841,210,838,13,1.0899999999999994,0.01,0.01656385760244755,1.570953148715901
1842,101,403,6,6.661338147750939e-16,0.01,0.03244956259150058,1.5560397624969482
1843,219,876,14,1.1799999999999975,0.01,0.030862301342527976,1.556696063821966
1844,363,1452,24,2.619999999999967,0.01,0.02260590225665106,1.5660901294814216
1845,314,1256,20,2.1299999999999772,0.01,0.025965394051391866,1.5442229584802556
1846,321,1283,21,2.1999999999999758,0.01,0.019307850694167426,1.5347199201583863
1847,275,1099,18,1.7399999999999856,0.01,0.046237161528130157,1.522957872653353
1848,150,598,9,0.4900000000000011,0.01,0.03955377313635639,1.5299059055946969
1849,125,499,8,0.24000000000000088,0.01,0.02933147178555373,1.5211543664336205
1850,119,474,7,0.18000000000000083,0.01,0.03370818309485912,1.5400694444261749
1851,191,761,12,0.9000000000000015,0.01,0.02210294612450525,1.5206476698319118
1852,236,942,15,1.3499999999999939,0.01,0.024292041602844403,1.5395732633138106
1853,145,579,9,0.44000000000000106,0.01,0.010624675759269545,1.5315463609165616
1854,390,1558,25,2.889999999999961,0.01,0.019604157554270814,1.530233481708838
1855,48,192,3,-0.5299999999999998,0.01,0.015895365989611793,1.4931341111660004
1856,183,732,12,0.8200000000000014,0.01,0.03336859839138291,1.5008064482523047
1857,42,167,2,-0.5899999999999999,0.01,0.05274437409825623,1.4811972737312318
1858,150,598,9,0.4900000000000011,0.01,0.01564888363875645,1.5139815556375604
1859,183,730,12,0.8200000000000014,0.01,0.016401436836976143,1.5237507979075113
1860,228,909,15,1.2699999999999956,0.01,0.01472040699803058,1.5215296055141247
1861,212,846,14,1.109999999999999,0.01,0.014100626932527378,1.5217892651288014
1862,171,681,11,0.7000000000000013,0.01,0.02260864666814721,1.513028815735218
1863,118,471,7,0.17000000000000082,0.01,0.01774753239005804,1.5166341384251913
1864,250,997,16,1.4899999999999909,0.01,0.016676037705638597,1.5275859352081054
1865,9,36,0,-0.92,0.01,0.005346943624317646,1.5167377591133118
1866,414,1656,27,3.1299999999999564,0.01,0.026658070443842847,1.5156644720297594
1867,473,1891,31,3.719999999999944,0.01,0.022411619039781203,1.516426561242443
1868,247,987,16,1.4599999999999915,0.01,0.01724210463561899,1.5185658431822253
1869,238,950,15,1.3699999999999934,0.01,0.01679914455537258,1.517221030542406
1870,92,366,6,-0.08999999999999941,0.01,0.014442127562411453,1.5104771023211272
1871,345,1380,23,2.4399999999999706,0.01,0.01600533882664495,1.5038918147141906
1872,129,515,8,0.2800000000000009,0.01,0.02350540329280193,1.5071508660912514
1873,245,978,16,1.439999999999992,0.01,0.020237661085137335,1.4939323917764131
1874,150,599,9,0.4900000000000011,0.01,0.013063692383615202,1.5081157809809635
1875,238,951,15,1.3699999999999934,0.01,0.02161607416188818,1.5088723594859494
1876,232,926,15,1.3099999999999947,0.01,0.01895644871823104,1.5037203122829568
1877,368,1470,24,2.6699999999999657,0.01,0.014054792710458454,1.5053065328494362
1878,447,1788,29,3.4599999999999493,0.01,0.017259089985080727,1.4935883485845156
1879,95,380,6,-0.05999999999999939,0.01,0.027746642774824675,1.507178043325742
1880,276,1103,18,1.7499999999999853,0.01,0.026885835200791127,1.4859118271565093
1881,73,289,4,-0.2799999999999996,0.01,0.023232324747368693,1.4789146184921265
1882,282,1126,18,1.809999999999984,0.01,0.013693328808793532,1.499446988105774
1883,332,1328,22,2.3099999999999734,0.01,0.024874046085828758,1.5013851588030895
1884,212,846,14,1.109999999999999,0.01,0.02330706869515608,1.503574641245716
1885,321,1281,21,2.1999999999999758,0.01,0.022317829593602154,1.5015275949313316
1886,42,165,2,-0.5899999999999999,0.01,0.009672899078577758,1.516832160949707
1887,173,691,11,0.7200000000000013,0.01,0.03307703281427885,1.5143890297690104
1888,94,373,6,-0.0699999999999994,0.01,0.02436393199604936,1.4990328053633373
1889,222,886,14,1.2099999999999969,0.01,0.01787244968793609,1.505744760686701
1890,59,233,3,-0.4199999999999997,0.01,0.02739271689206362,1.4958821296691895
1891,212,848,14,1.109999999999999,0.01,0.018306067788903164,1.499039665708002
1892,226,902,15,1.249999999999996,0.01,0.026382125191096412,1.5086049991741515
1893,236,942,15,1.3499999999999939,0.01,0.015413582916924004,1.500453910585177
1894,226,904,15,1.249999999999996,0.01,0.018093518472077057,1.490017090524946
1895,403,1612,26,3.0199999999999587,0.01,0.011411991582418063,1.4974354045225842
1896,108,431,7,0.07000000000000073,0.01,0.02632359152280346,1.4989168423193473
1897,135,539,8,0.34000000000000097,0.01,0.024325020912596407,1.4904930801952587
1898,166,662,11,0.6500000000000012,0.01,0.014040711892359867,1.4811871720523369
1899,131,521,8,0.30000000000000093,0.01,0.030609835722399028,1.4576229976885247
1900,109,436,7,0.08000000000000074,0.01,0.020706471736991295,1.468807061513265
1901,372,1487,24,2.709999999999965,0.01,0.018401165102278034,1.4659723671533729
1902,301,1203,20,1.99999999999998,0.01,0.0205317425277705,1.4602008056640625
1903,141,562,9,0.400000000000001,0.01,0.016856713731411017,1.4648046924008264
1904,149,593,9,0.4800000000000011,0.01,0.022826911771443446,1.4747586701367352
1905,215,860,14,1.1399999999999983,0.01,0.021008371647136908,1.456641643135636
1906,399,1595,26,2.979999999999959,0.01,0.022907362593516632,1.4475306718036383
1907,365,1458,24,2.6399999999999664,0.01,0.016226515974900078,1.4548303536746814
1908,415,1660,27,3.139999999999956,0.01,0.021992836534090846,1.4572245831628448
1909,228,910,15,1.2699999999999956,0.01,0.02723554090551803,1.4553068541643912
1910,62,245,4,-0.3899999999999997,0.01,0.025564512456185184,1.4209845587611198
1911,256,1024,17,1.5499999999999896,0.01,0.019820957368210657,1.4402640275657177
1912,119,475,7,0.18000000000000083,0.01,0.021302592548696944,1.4440626184145609
1913,26,101,1,-0.75,0.01,0.023287390746797126,1.4260685841242473
1914,223,891,14,1.2199999999999966,0.01,0.012742849686349342,1.4322414589779717
1915,118,472,7,0.17000000000000082,0.01,0.011042244909010056,1.43350127647663
1916,179,715,11,0.7800000000000014,0.01,0.014206686548681723,1.4518066591686674
1917,374,1493,24,2.7299999999999645,0.01,0.019119893800110577,1.4399537849933544
1918,205,820,13,1.0400000000000005,0.01,0.009485174390469111,1.4363169599981869
1919,234,935,15,1.3299999999999943,0.01,0.01882918199106794,1.4319795431761906
1920,341,1361,22,2.3999999999999715,0.01,0.02033349040754919,1.447470813296562
1921,344,1373,22,2.429999999999971,0.01,0.016078119737442668,1.4463687220285104
1922,158,632,10,0.5700000000000012,0.01,0.011021793336392595,1.4419568563118959
1923,463,1849,30,3.619999999999946,0.01,0.018048426193578555,1.4382484914927647
1924,361,1443,24,2.5999999999999672,0.01,0.02541285706166592,1.4477394064267477
1925,117,468,7,0.1600000000000008,0.01,0.019774026687032188,1.4476120924127514
1926,187,748,12,0.8600000000000014,0.01,0.017485192724245976,1.4518989451388096
1927,389,1553,25,2.8799999999999613,0.01,0.022112558041363188,1.4393488770907688
1928,149,594,9,0.4800000000000011,0.01,0.02654581328265761,1.4247796221783287
1929,165,658,10,0.6400000000000012,0.01,0.030843509264608344,1.427786838717577
1930,398,1591,26,2.9699999999999593,0.01,0.02973903447032125,1.4217495268041438
1931,255,1017,16,1.5399999999999898,0.01,0.01799476558517199,1.429039839655161
1932,75,300,5,-0.25999999999999956,0.01,0.021114685529793956,1.4228757368890863
1933,167,667,11,0.6600000000000013,0.01,0.0228301219619988,1.426996892406827
1934,409,1634,27,3.0799999999999574,0.01,0.025600519259551577,1.4026987587704378
1935,208,832,13,1.0699999999999998,0.01,0.01416217076117531,1.417529897047923
1936,447,1785,29,3.4599999999999493,0.01,0.014728835811963239,1.4255732713001115
1937,108,429,7,0.07000000000000073,0.01,0.013963275183751076,1.4170104309364602
1938,272,1088,18,1.7099999999999862,0.01,0.016683157788493726,1.4198832108693964
1939,142,566,9,0.41000000000000103,0.01,0.017210832218240414,1.407125541142055
1940,224,894,14,1.2299999999999964,0.01,0.012088533249750202,1.402149736881256
1941,293,1169,19,1.9199999999999817,0.01,0.016865729934803834,1.3992132928273449
1942,170,680,11,0.6900000000000013,0.01,0.027734833135984318,1.3964376033738601
1943,64,253,4,-0.36999999999999966,0.01,0.009283291627070867,1.3872323110699654
1944,299,1194,19,1.9799999999999804,0.01,0.013861112886418898,1.39334747950236
1945,288,1151,19,1.8699999999999828,0.01,0.016804510895680223,1.4046464612086613
1946,68,271,4,-0.3299999999999996,0.01,0.043046083089019006,1.3867718963062061
1947,322,1285,21,2.2099999999999755,0.01,0.016136009347974323,1.4024158015847206
1948,49,194,3,-0.5199999999999998,0.01,0.008578631153795868,1.4110037485758464
1949,144,573,9,0.43000000000000105,0.01,0.01857263771429037,1.3975753751065996
1950,324,1295,21,2.229999999999975,0.01,0.021201683859409834,1.4060549662436967
1951,278,1112,18,1.769999999999985,0.01,0.02634015920838075,1.3987793513706752
1952,307,1225,20,2.0599999999999787,0.01,0.016876136761630415,1.402155061820885
1953,186,743,12,0.8500000000000014,0.01,0.020179918410418475,1.3979453936867092
1954,254,1016,16,1.52999999999999,0.01,0.03272218079473532,1.3869411535561085
1955,93,371,6,-0.0799999999999994,0.01,0.028355491357734023,1.3924742315126502
1956,218,870,14,1.1699999999999977,0.01,0.014815721139139324,1.3982820113499959
1957,211,841,14,1.0999999999999992,0.01,0.018081213786916912,1.3954894632663366
1958,305,1217,20,2.039999999999979,0.01,0.013965992306015994,1.4007199375252974
1959,95,380,6,-0.05999999999999939,0.01,0.021456247379925724,1.4298062721888225
1960,65,259,4,-0.35999999999999965,0.01,0.01935931816115044,1.4073944389820099
1961,245,979,16,1.439999999999992,0.01,0.028393835257438403,1.397645075475016
1962,173,692,11,0.7200000000000013,0.01,0.02307320875657159,1.4120313483615254
1963,410,1639,27,3.0899999999999572,0.01,0.021459813802685662,1.4088905827671874
1964,276,1104,18,1.7499999999999853,0.01,0.019209947922955387,1.414681731790736
1965,22,86,1,-0.7899999999999999,0.01,0.03113047289662063,1.3933491110801697
1966,221,881,14,1.199999999999997,0.01,0.01735134074803103,1.4194715391505848
1967,221,881,14,1.199999999999997,0.01,0.01797058111988008,1.4151721195741134
1968,157,625,10,0.5600000000000012,0.01,0.01528663985664025,1.4050494760274888
1969,530,2120,35,4.289999999999932,0.01,0.017077405233232475,1.4265530651265925
1970,308,1232,20,2.0699999999999785,0.01,0.020872459296354805,1.4265651640953956
1971,456,1822,30,3.5499999999999474,0.01,0.019878755718788232,1.4071080339582342
1972,362,1448,24,2.609999999999967,0.01,0.015298252620805915,1.4072054886555934
1973,102,405,6,0.010000000000000675,0.01,0.02839988156221807,1.4082280540466308
1974,132,526,8,0.31000000000000094,0.01,0.024657732849432665,1.3976597171841245
1975,83,330,5,-0.1799999999999995,0.01,0.023216663394123316,1.424539021083287
1976,46,182,3,-0.5499999999999998,0.01,0.0344317847524177,1.394793607971885
1977,519,2075,34,4.179999999999934,0.01,0.021623219705473345,1.396249913252317
1978,334,1335,22,2.329999999999973,0.01,0.015668469637776503,1.4015443594682784
1979,48,191,3,-0.5299999999999998,0.01,0.007063934754114598,1.4171432356039684
1980,51,202,3,-0.4999999999999998,0.01,0.014785049735413244,1.4114120999972026
1981,20,80,1,-0.8099999999999999,0.01,0.008038296736776829,1.387146782875061
1982,143,569,9,0.42000000000000104,0.01,0.028444056476776797,1.4010188347763486
1983,46,182,3,-0.5499999999999998,0.01,0.04540311354988565,1.411482959985733
1984,279,1114,18,1.7799999999999847,0.01,0.02389058634382335,1.3930574776469797
1985,384,1535,25,2.8299999999999623,0.01,0.017923590899348103,1.4014397884408634
1986,46,182,3,-0.5499999999999998,0.01,0.014793434529565275,1.4019814630349476
1987,342,1366,22,2.4099999999999713,0.01,0.02869891192051856,1.394962958728566
1988,243,969,16,1.4199999999999924,0.01,0.030570793152618847,1.4017886060183165
1989,275,1097,18,1.7399999999999856,0.01,0.019636523049405736,1.3983716014502705
1990,133,532,8,0.32000000000000095,0.01,0.022602418875039526,1.3880761103196577
1991,69,276,4,-0.3199999999999996,0.01,0.0361753823235631,1.3862144596436445
1992,275,1098,18,1.7399999999999856,0.01,0.020256656819306638,1.3910133078478384
1993,237,945,15,1.3599999999999937,0.01,0.02364082536186581,1.3940925072815458
1994,166,663,11,0.6500000000000012,0.01,0.019059643626124376,1.4098478555679321
1995,171,681,11,0.7000000000000013,0.01,0.022372432312993115,1.3918324459430784
1996,301,1202,20,1.99999999999998,0.01,0.018345910065496962,1.3891791598002117
1997,91,363,6,-0.09999999999999942,0.01,0.011191952852127344,1.388237538545028
1998,155,618,10,0.5400000000000011,0.01,0.013235592595791738,1.3665323445671482
1999,71,283,4,-0.2999999999999996,0.01,0.017161870465820864,1.3699060281117756
2000,448,1790,29,3.469999999999949,0.01,0.01675107268030323,1.3716432175465993
2001,189,753,12,0.8800000000000014,0.01,0.01351954379277502,1.3855586051940918
2002,49,195,3,-0.5199999999999998,0.01,0.007078977534547448,1.4425257719480074
2003,212,848,14,1.109999999999999,0.01,0.019115556018286437,1.4082945067927521
2004,180,718,11,0.7900000000000014,0.01,0.014784150741373498,1.4026800870895386
2005,136,542,9,0.350000000000001,0.01,0.007958541244186242,1.4017451265278984
2006,352,1407,23,2.509999999999969,0.01,0.02284535675690594,1.3978394310582767
2007,111,441,7,0.10000000000000075,0.01,0.017196241628240655,1.3935733106401231
2008,92,368,6,-0.08999999999999941,0.01,0.015721306670457125,1.3854277807733286
2009,46,182,3,-0.5499999999999998,0.01,0.012992165264828751,1.3985460499922435
2010,160,637,10,0.5900000000000012,0.01,0.015150922394241206,1.3776943624019622
2011,46,184,3,-0.5499999999999998,0.01,0.010407469933852553,1.374715263193304
2012,102,408,6,0.010000000000000675,0.01,0.01608156728056761,1.3741003091518695
2013,136,542,9,0.350000000000001,0.01,0.02189963394502068,1.3753266334533691
2014,17,66,1,-0.84,0.01,0.04768760350998491,1.3574355244636536
2015,46,184,3,-0.5499999999999998,0.01,0.030832908252098907,1.3647694786389668
2016,404,1613,26,3.0299999999999585,0.01,0.02070154983430437,1.3826224237385363
2017,91,362,6,-0.09999999999999942,0.01,0.0221113762924109,1.3975688869302922
2018,84,334,5,-0.16999999999999948,0.01,0.020459728537216074,1.3648389123734974
2019,132,526,8,0.31000000000000094,0.01,0.019738440938068157,1.3875994176575632
2020,180,717,11,0.7900000000000014,0.01,0.017535680998116733,1.3867361572053698
2021,140,557,9,0.390000000000001,0.01,0.014583021156223758,1.3881532737186977
2022,239,955,15,1.3799999999999932,0.01,0.01509112938074395,1.3839743435382843
2023,210,838,13,1.0899999999999994,0.01,0.016217573688646673,1.3867709344288088
2024,205,818,13,1.0400000000000005,0.01,0.02969543536778028,1.3703809462341607
2025,210,840,14,1.0899999999999994,0.01,0.027945953340699468,1.3878721869908845
2026,372,1486,24,2.709999999999965,0.01,0.01829870077856486,1.3797081965272144
2027,60,240,4,-0.4099999999999997,0.01,0.01744793343047301,1.3685901006062826
2028,362,1447,24,2.609999999999967,0.01,0.016148431606560047,1.4049146922080071
2029,416,1661,27,3.149999999999956,0.01,0.018878457884196766,1.3903185484501033
2030,360,1440,24,2.5899999999999674,0.01,0.01677641726952667,1.3821599139107599
2031,527,2107,35,4.259999999999932,0.01,0.01927413376468008,1.3753166081327381
2032,408,1631,27,3.0699999999999577,0.01,0.02111056758040635,1.386390293345732
2033,308,1231,20,2.0699999999999785,0.01,0.019830927630741294,1.399628201088348
2034,238,951,15,1.3699999999999934,0.01,0.017489549402005464,1.3922398959176014
2035,137,545,9,0.360000000000001,0.01,0.02633830233175746,1.3935736733324386
2036,320,1279,21,2.189999999999976,0.01,0.01871810681623174,1.3907407104969025
2037,198,790,13,0.9700000000000015,0.01,0.024710527686402202,1.3908635187149048
2038,92,366,6,-0.08999999999999941,0.01,0.01159690820571521,1.3813308632892112
2039,53,209,3,-0.47999999999999976,0.01,0.017456569395457897,1.4011476131585927
2040,197,788,13,0.9600000000000015,0.01,0.032044279351070216,1.3955517301754075
2041,223,889,14,1.2199999999999966,0.01,0.009515584907993408,1.3901492059230804
2042,226,903,15,1.249999999999996,0.01,0.01830095834539909,1.4056046866534049
2043,174,694,11,0.7300000000000013,0.01,0.015579620749841249,1.405456315639407
2044,108,429,7,0.07000000000000073,0.01,0.016959885290513437,1.4091509889673304
2045,375,1497,24,2.7399999999999642,0.01,0.025078767786753622,1.3968965690186683
2046,339,1356,22,2.379999999999972,0.01,0.016104856700472094,1.4081337718402638
2047,443,1772,29,3.41999999999995,0.01,0.019871547641444273,1.4088360157879916
2048,307,1225,20,2.0599999999999787,0.01,0.017932498135132254,1.4144809756960188
2049,190,758,12,0.8900000000000015,0.01,0.022704234909421455,1.4085158184170723
2050,98,390,6,-0.02999999999999936,0.01,0.03063117714676385,1.3938502073287964
2051,233,931,15,1.3199999999999945,0.01,0.02298468822244041,1.4099277114046032
2052,12,45,0,-0.89,0.01,0.024408324621617794,1.4342881838480632
2053,7,27,0,-0.94,0.01,0.01952362759038806,1.3539432287216187
2054,330,1320,22,2.289999999999974,0.01,0.02013796196930694,1.41749099220138
2055,146,584,9,0.45000000000000107,0.01,0.01382278136184646,1.4058680401908026
2056,87,346,5,-0.13999999999999946,0.01,0.020343550808981738,1.3962342630733142
2057,231,922,15,1.299999999999995,0.01,0.023888031123125732,1.3991784967225174
2058,351,1403,23,2.4999999999999694,0.01,0.021522921859286726,1.393907885441835
2059,232,925,15,1.3099999999999947,0.01,0.017567068623410988,1.4025912510937657
2060,318,1272,21,2.1699999999999764,0.01,0.019903518597129733,1.3830772906541824
2061,89,356,5,-0.11999999999999944,0.01,0.020136351210319182,1.3807345574552363
2062,213,849,14,1.1199999999999988,0.01,0.016917701454762863,1.3741907691055875
2063,102,407,6,0.010000000000000675,0.01,0.015781249430102225,1.363878465615786
2064,446,1781,29,3.4499999999999496,0.01,0.020279534267018305,1.3724919224644567
2065,91,364,6,-0.09999999999999942,0.01,0.0067167486286843605,1.3890589112820833
2066,244,975,16,1.4299999999999922,0.01,0.010914777592587912,1.387406704855747
2067,99,395,6,-0.01999999999999935,0.01,0.042855189573019745,1.3626024961471557
2068,164,654,10,0.6300000000000012,0.01,0.028327862408421025,1.3857309701966076
2069,129,515,8,0.2800000000000009,0.01,0.020041176303493557,1.373966969549656
2070,174,696,11,0.7300000000000013,0.01,0.014171342921062287,1.3766849176450209
2071,341,1364,22,2.3999999999999715,0.01,0.01846915516892777,1.3870879720239078
2072,84,335,5,-0.16999999999999948,0.01,0.00956726981149543,1.3906684886841547
2073,301,1203,20,1.99999999999998,0.01,0.012394584502714375,1.389848715464274
2074,393,1569,26,2.9199999999999604,0.01,0.023717076230166972,1.3840007575190798
2075,203,811,13,1.020000000000001,0.01,0.013433995200138465,1.4141661279341753
2076,203,810,13,1.020000000000001,0.01,0.02257876374813564,1.4073860995909746
2077,50,197,3,-0.5099999999999998,0.01,0.01062759174965322,1.4035886029402416
2078,306,1221,20,2.049999999999979,0.01,0.01868772825117332,1.4089490299101
2079,220,878,14,1.1899999999999973,0.01,0.0243180782280185,1.4044153560291637
2080,188,749,12,0.8700000000000014,0.01,0.0315592420644107,1.4022728280818209
2081,185,740,12,0.8400000000000014,0.01,0.022969574206913618,1.4062569374623506
2082,244,974,16,1.4299999999999922,0.01,0.023911309344541342,1.4026128991705473
2083,146,582,9,0.45000000000000107,0.01,0.025573745376203914,1.3918071083120398
2084,213,850,14,1.1199999999999988,0.01,0.02916884903778445,1.3908595813895173
2085,186,741,12,0.8500000000000014,0.01,0.013622849868387793,1.3909996981206147
2086,264,1053,17,1.629999999999988,0.01,0.029290784901770003,1.3864129835909063
2087,343,1369,22,2.419999999999971,0.01,0.024979475173601058,1.3872779316680377
2088,359,1433,23,2.5799999999999677,0.01,0.019842027286843707,1.3991254210472106
2089,130,517,8,0.2900000000000009,0.01,0.019662682600028347,1.399599403142929
2090,217,868,14,1.159999999999998,0.01,0.02677190407941287,1.3941560593518343
2091,288,1149,19,1.8699999999999828,0.01,0.013242949130168805,1.415409318274922
2092,96,384,6,-0.04999999999999938,0.01,0.014495171150580669,1.417536775271098
2093,256,1021,17,1.5499999999999896,0.01,0.01626805398882425,1.4134063851088285
2094,247,988,16,1.4599999999999915,0.01,0.020965945513796855,1.399771586793368
2095,102,408,6,0.010000000000000675,0.01,0.015948802913324192,1.3978775510421166
2096,73,291,4,-0.2799999999999996,0.01,0.031893190500947334,1.4237185716629028
2097,225,899,14,1.2399999999999962,0.01,0.016625010254626562,1.3958613638366972
2098,296,1181,19,1.949999999999981,0.01,0.02116011524245747,1.3964506870991475
2099,331,1323,22,2.2999999999999736,0.01,0.013399638692113426,1.404475349977792
2100,22,88,1,-0.7899999999999999,0.01,0.018434894930881757,1.407840649286906
2101,218,870,14,1.1699999999999977,0.01,0.023785607005400514,1.3677632256790444
2102,137,547,9,0.360000000000001,0.01,0.0180344560991644,1.3985122757799484
2103,206,823,13,1.0500000000000003,0.01,0.017221022827120926,1.4093819008423731
2104,304,1215,20,2.0299999999999794,0.01,0.019526616818774,1.3961765609289472
2105,275,1098,18,1.7399999999999856,0.01,0.03116792672738919,1.3834863503774006
2106,123,491,8,0.22000000000000086,0.01,0.022874203130292394,1.3945826848347982
2107,271,1083,18,1.6999999999999864,0.01,0.021628250612754047,1.3977980824077831
2108,492,1968,32,3.9099999999999397,0.01,0.019716728747466473,1.4075159280280756
2109,297,1187,19,1.9599999999999809,0.01,0.026915984901574416,1.4009488788810935
2110,306,1222,20,2.049999999999979,0.01,0.012420657084795174,1.414749500039336
2111,140,560,9,0.390000000000001,0.01,0.015411926958976047,1.4047447953905379
2112,115,458,7,0.1400000000000008,0.01,0.031447865333857725,1.4167891535265693
2113,158,630,10,0.5700000000000012,0.01,0.015483943996234583,1.4137907608961449
2114,167,667,11,0.6600000000000013,0.01,0.01968681973050393,1.4180440505345662
2115,182,726,12,0.8100000000000014,0.01,0.019135333587312037,1.4096997578938801
2116,243,971,16,1.4199999999999924,0.01,0.0223097103747127,1.4154713974624384
2117,288,1152,19,1.8699999999999828,0.01,0.020459378911052935,1.406573058830367
2118,149,596,9,0.4800000000000011,0.01,0.01823741078024378,1.3948684930801392
2119,91,362,6,-0.09999999999999942,0.01,0.015601281380361837,1.3717885172885398
2120,266,1064,17,1.6499999999999875,0.01,0.02082276421098678,1.3980596047728808
2121,253,1010,16,1.5199999999999902,0.01,0.023256972036694013,1.4033127985303364
2122,223,889,14,1.2199999999999966,0.01,0.018748555889552727,1.4225368265594756
2123,271,1084,18,1.6999999999999864,0.01,0.020871730177287957,1.425061990965658
2124,48,191,3,-0.5299999999999998,0.01,0.0321448747223864,1.404342254002889
2125,209,835,13,1.0799999999999996,0.01,0.015152913531429082,1.4169061768729732
2126,130,519,8,0.2900000000000009,0.01,0.03154164326406317,1.411521915346384
2127,195,777,12,0.9400000000000015,0.01,0.01464326896856786,1.4392102494531749
2128,209,833,13,1.0799999999999996,0.01,0.020888105037066944,1.4486084190698771
2129,51,203,3,-0.4999999999999998,0.01,0.02276838103380914,1.426706965153034
2130,441,1764,29,3.3999999999999506,0.01,0.021990891052833333,1.4302786935459484
2131,309,1236,20,2.0799999999999783,0.01,0.020853036730368802,1.4261803178044108
2132,354,1413,23,2.5299999999999687,0.01,0.0204823580361233,1.4127681067820346
2133,170,680,11,0.6900000000000013,0.01,0.011833273018488572,1.4239201517332167
2134,185,737,12,0.8400000000000014,0.01,0.021085528973886308,1.4229196462225406
2135,69,275,4,-0.3199999999999996,0.01,0.01742168144761201,1.4111248885884005
2136,208,830,13,1.0699999999999998,0.01,0.013503300599180736,1.428609767785439
2137,288,1149,19,1.8699999999999828,0.01,0.02636524339646308,1.4105024917258158
2138,132,526,8,0.31000000000000094,0.01,0.01696082457166278,1.4071744824900771
2139,216,861,14,1.1499999999999981,0.01,0.025846501549326436,1.4095420572492812
2140,31,122,2,-0.7,0.01,0.024105302756652236,1.4194286912679672
2141,264,1055,17,1.629999999999988,0.01,0.027936545197118186,1.412059859796004
2142,453,1809,30,3.519999999999948,0.01,0.018223855335397266,1.4235037480835366
2143,254,1014,16,1.52999999999999,0.01,0.018772896704456164,1.4159857753723386
2144,237,946,15,1.3599999999999937,0.01,0.021737031134155888,1.4086188316345214
2145,280,1118,18,1.7899999999999845,0.01,0.024458596243390016,1.4205917937414987
2146,151,602,10,0.5000000000000011,0.01,0.025192804684912837,1.4097470431714445
2147,327,1306,21,2.2599999999999745,0.01,0.018297740269634055,1.4116252646213625
2148,272,1085,18,1.7099999999999862,0.01,0.01544223615885986,1.4187714247142567
2149,362,1446,24,2.609999999999967,0.01,0.01673667572929964,1.411392018035218
2150,140,557,9,0.390000000000001,0.01,0.021070648563493576,1.3907439947128295
2151,226,902,15,1.249999999999996,0.01,0.018789965854791393,1.4020281263760157
2152,226,904,15,1.249999999999996,0.01,0.01095937588660602,1.4043903476313542
2153,347,1385,23,2.45999999999997,0.01,0.02561488296148952,1.4094824735508409
2154,256,1023,17,1.5499999999999896,0.01,0.020867487466603052,1.4160164128988981
2155,75,298,4,-0.25999999999999956,0.01,0.011528623461919395,1.4062029625240124
2156,243,971,16,1.4199999999999924,0.01,0.025162356199513448,1.4101784483331148
2157,510,2039,33,4.089999999999936,0.01,0.018943027283365683,1.4420759893777801
2158,368,1472,24,2.6699999999999657,0.01,0.016868138579530238,1.436963774587797
2159,87,346,5,-0.13999999999999946,0.01,0.027941235796209763,1.4340292106975208
2160,163,650,10,0.6200000000000012,0.01,0.02166143573093705,1.426840866484293
2161,185,740,12,0.8400000000000014,0.01,0.016337206779533753,1.4288275552832561
2162,198,791,13,0.9700000000000015,0.01,0.021279385217931122,1.4364108085632323
2163,205,817,13,1.0400000000000005,0.01,0.011673717389759771,1.425760598743663
2164,299,1196,19,1.9799999999999804,0.01,0.02749173181441923,1.415243353843689
2165,181,724,12,0.8000000000000014,0.01,0.029207866871729493,1.4374696228239272
2166,316,1262,21,2.149999999999977,0.01,0.019576254710437186,1.4251170098027097
2167,423,1692,28,3.2199999999999545,0.01,0.019336262638768496,1.4234348389337648
2168,412,1648,27,3.109999999999957,0.01,0.022876555496799643,1.4255137594000806
2169,139,554,9,0.380000000000001,0.01,0.028759288396138477,1.4361004829406738
2170,309,1234,20,2.0799999999999783,0.01,0.021991714363535628,1.4357958909792778
2171,290,1158,19,1.8899999999999824,0.01,0.0195067324643282,1.4290407333109114
2172,388,1549,25,2.8699999999999615,0.01,0.0247946049713232,1.422079807704257
2173,140,559,9,0.390000000000001,0.01,0.01036512924890433,1.4267625195639475
2174,152,605,10,0.5100000000000011,0.01,0.025037443093759448,1.4163631545869928
2175,103,410,6,0.020000000000000684,0.01,0.020930150165580787,1.4295314183601966
2176,95,379,6,-0.05999999999999939,0.01,0.015152773955681672,1.4361000557740529
2177,128,511,8,0.2700000000000009,0.01,0.03125470308441436,1.4212364368140697
2178,118,470,7,0.17000000000000082,0.01,0.02551210589771127,1.3928692546384087
2179,211,844,14,1.0999999999999992,0.01,0.021666161448009452,1.3820948690738317
2180,233,930,15,1.3199999999999945,0.01,0.02041357929481129,1.3958399789086704
2181,301,1203,20,1.99999999999998,0.01,0.02856898355608185,1.383871685663859
2182,631,2522,42,5.29999999999991,0.01,0.014917627952497783,1.3960863065116014
2183,210,837,13,1.0899999999999994,0.01,0.025983299994138332,1.3861434392209322
2184,156,622,10,0.5500000000000012,0.01,0.01375270475490162,1.3946099220178065
2185,134,535,8,0.33000000000000096,0.01,0.02098801104126103,1.3838696913285689
2186,168,672,11,0.6700000000000013,0.01,0.017064127888131355,1.4136405558813185
2187,181,722,12,0.8000000000000014,0.01,0.020338264268098608,1.4034109327528212
2188,150,599,9,0.4900000000000011,0.01,0.02130400757060239,1.4013296271625317
2189,106,424,7,0.05000000000000071,0.01,0.02476491119999152,1.3967344990143409
2190,245,979,16,1.439999999999992,0.01,0.018465558752312414,1.4079436775176757
2191,192,765,12,0.9100000000000015,0.01,0.020072712718198698,1.3908504669864972
2192,359,1435,23,2.5799999999999677,0.01,0.015695846589868157,1.416134299856893
2193,331,1322,22,2.2999999999999736,0.01,0.014987030703327563,1.4128661328051464
2194,206,823,13,1.0500000000000003,0.01,0.014555887144524604,1.416313606959123
2195,148,591,9,0.4700000000000011,0.01,0.013265954450125227,1.4143429865708221
2196,272,1085,18,1.7099999999999862,0.01,0.020120435550137806,1.418870960964876
2197,132,525,8,0.31000000000000094,0.01,0.015576601532908777,1.4194387522610752
2198,564,2253,37,4.629999999999924,0.01,0.0275388402841219,1.4114614344657737
2199,195,779,12,0.9400000000000015,0.01,0.019184339599936113,1.4419656718770664
2200,136,544,9,0.350000000000001,0.01,0.013147002572248526,1.4263682891340816
2201,268,1071,17,1.669999999999987,0.01,0.01658808767322951,1.423187396419582
2202,400,1598,26,2.989999999999959,0.01,0.009910763230873271,1.4366335129737855
2203,438,1749,29,3.3699999999999513,0.01,0.023022016099738803,1.4362736626104875
2204,316,1262,21,2.149999999999977,0.01,0.02748081844765693,1.4303239931034137
2205,334,1336,22,2.329999999999973,0.01,0.02309373940526317,1.4388317214437278
2206,218,871,14,1.1699999999999977,0.01,0.016279069050638514,1.4455180991779675
2207,183,731,12,0.8200000000000014,0.01,0.021104225797740662,1.4505019032436868
2208,136,541,9,0.350000000000001,0.01,0.02494191362947116,1.4323785760823418
2209,168,671,11,0.6700000000000013,0.01,0.020816180855035782,1.4375647760572887
2210,241,964,16,1.3999999999999928,0.01,0.013248528140441826,1.45763418674469
2211,152,608,10,0.5100000000000011,0.01,0.014739064165807673,1.4459832530272634
2212,148,590,9,0.4700000000000011,0.01,0.03055416580566482,1.444098189070418
2213,293,1169,19,1.9199999999999817,0.01,0.0270029745536716,1.4296792696600091
2214,38,149,2,-0.6299999999999999,0.01,0.027640271885320544,1.421362054347992
2215,80,319,5,-0.20999999999999952,0.01,0.027074991562403738,1.448825442790985
2216,547,2185,36,4.459999999999928,0.01,0.02342250269601423,1.451866345370517
2217,200,800,13,0.9900000000000015,0.01,0.021014612317085266,1.4662732338905335
2218,168,671,11,0.6700000000000013,0.01,0.018808246063556345,1.461176418122791
2219,358,1429,23,2.569999999999968,0.01,0.018961519789364605,1.4670420832104154
2220,308,1229,20,2.0699999999999785,0.01,0.013485754894503913,1.4807485419434387
2221,128,511,8,0.2700000000000009,0.01,0.012129955037380569,1.4930570423603058
2222,64,255,4,-0.36999999999999966,0.01,0.01800750059192069,1.4855529591441154
2223,341,1361,22,2.3999999999999715,0.01,0.02030725684838698,1.4877956979414997
2224,213,849,14,1.1199999999999988,0.01,0.02342344081591604,1.4863902240429285
2225,316,1263,21,2.149999999999977,0.01,0.022636547902764023,1.4857548731791823
2226,215,860,14,1.1399999999999983,0.01,0.023727061996598624,1.4834625014552363
2227,329,1315,21,2.279999999999974,0.01,0.027317365165799856,1.4786639460703221
2228,133,530,8,0.32000000000000095,0.01,0.01629200968412025,1.4867996363078846
2229,203,809,13,1.020000000000001,0.01,0.01779861136805266,1.4738613367080688
2230,226,902,15,1.249999999999996,0.01,0.02276317223400008,1.473254356467933
2231,67,266,4,-0.33999999999999964,0.01,0.034925862818079835,1.4585213661193848
2232,264,1053,17,1.629999999999988,0.01,0.018378988179999094,1.477727927944877
2233,261,1044,17,1.5999999999999885,0.01,0.019750354446184178,1.480649913274325
2234,54,213,3,-0.46999999999999975,0.01,0.0680451297487777,1.4859278202056885
2235,284,1135,18,1.8299999999999836,0.01,0.020787034882232547,1.4901805914623636
2236,334,1336,22,2.329999999999973,0.01,0.02955260656225229,1.4787245080584572
2237,159,635,10,0.5800000000000012,0.01,0.018601109005976467,1.4925066441297532
2238,185,737,12,0.8400000000000014,0.01,0.01726112037178372,1.5171216337577156
2239,290,1157,19,1.8899999999999824,0.01,0.015438209108348625,1.5158919443686802
2240,398,1591,26,2.9699999999999593,0.01,0.017828165612882002,1.5029578757286073
2241,482,1926,32,3.809999999999942,0.01,0.020948688044639615,1.5204952637354532
2242,159,633,10,0.5800000000000012,0.01,0.015556247768108733,1.5397221624851227
2243,154,614,10,0.5300000000000011,0.01,0.024584025878889058,1.520558470334762
2244,186,744,12,0.8500000000000014,0.01,0.032447012576639005,1.51237676454627
2245,214,855,14,1.1299999999999986,0.01,0.024143562902248016,1.5184462909345273
2246,183,731,12,0.8200000000000014,0.01,0.014895027182582352,1.5215201139450074
2247,300,1200,20,1.9899999999999802,0.01,0.018323727386693158,1.512542996406555
2248,382,1527,25,2.8099999999999627,0.01,0.033549973159097135,1.509273525327444
2249,308,1229,20,2.0699999999999785,0.01,0.026878931311672773,1.5103435593766052
2250,151,601,10,0.5000000000000011,0.01,0.028505771794650508,1.5044495243775218
2251,208,832,13,1.0699999999999998,0.01,0.020435209806936864,1.5093506643405328
2252,248,989,16,1.4699999999999913,0.01,0.02082259126097685,1.5001725746739296
2253,337,1348,22,2.3599999999999723,0.01,0.01763083460363781,1.517893224954605
2254,436,1741,29,3.3499999999999517,0.01,0.02555207634096914,1.5053308119467639
2255,197,786,13,0.9600000000000015,0.01,0.023536580762046636,1.500263739605339
2256,318,1272,21,2.1699999999999764,0.01,0.02633191973727662,1.4888711631298066
2257,164,653,10,0.6300000000000012,0.01,0.024437862703940126,1.488210148927642
2258,235,940,15,1.339999999999994,0.01,0.020960261599674564,1.4840752770160806
2259,118,472,7,0.17000000000000082,0.01,0.01666128366875152,1.4730738321940104
2260,27,107,1,-0.74,0.01,0.023192317058731402,1.4945213965007238
2261,119,475,7,0.18000000000000083,0.01,0.016904821771935655,1.4794926478944976
2262,196,781,13,0.9500000000000015,0.01,0.020062931789541428,1.4692883150918143
2263,221,881,14,1.199999999999997,0.01,0.015940445703953237,1.4820436920438493
2264,420,1678,27,3.189999999999955,0.01,0.024694259435914103,1.4997313499450684
2265,245,980,16,1.439999999999992,0.01,0.01829704764436503,1.4909523315117008
2266,147,588,9,0.4600000000000011,0.01,0.014193969703203923,1.515340199341645
2267,77,307,5,-0.23999999999999955,0.01,0.015209052858776167,1.519542844671952
2268,261,1041,17,1.5999999999999885,0.01,0.026215045232898915,1.5064721510960506
2269,267,1065,17,1.6599999999999873,0.01,0.016680817317857005,1.518366215833977
2270,226,902,15,1.249999999999996,0.01,0.02366113444025229,1.4987656154802866
2271,75,298,4,-0.25999999999999956,0.01,0.010261622110479757,1.5270873559148688
2272,285,1140,19,1.8399999999999834,0.01,0.014167950001650189,1.534897166238704
2273,73,290,4,-0.2799999999999996,0.01,0.021172069294966366,1.5197968232004266
2274,202,807,13,1.0100000000000011,0.01,0.026521630850620568,1.5218273878097535
2275,245,979,16,1.439999999999992,0.01,0.02314536453255254,1.5258285960213083
2276,344,1376,22,2.429999999999971,0.01,0.02280205760698029,1.5083408535912979
2277,37,145,2,-0.6399999999999999,0.01,0.030839342111721634,1.5280005097389222
2278,134,535,8,0.33000000000000096,0.01,0.017617079510466392,1.5119405406894106
2279,136,544,9,0.350000000000001,0.01,0.022940658063709957,1.520820842069738
2280,210,839,13,1.0899999999999994,0.01,0.022438293217488053,1.4990089659420949
2281,153,609,10,0.5200000000000011,0.01,0.01598016225340727,1.5083107069918984
2282,208,829,13,1.0699999999999998,0.01,0.025387524430138562,1.5177307679102972
2283,23,91,1,-0.7799999999999999,0.01,0.013692914663503567,1.5081341862678528
2284,313,1249,20,2.1199999999999775,0.01,0.016361302143941898,1.5102103505379114
2285,307,1228,20,2.0599999999999787,0.01,0.017785566081837206,1.5176191097730165
2286,210,838,13,1.0899999999999994,0.01,0.03075402634567581,1.4990963683678553
2287,303,1209,20,2.0199999999999796,0.01,0.02291213403345625,1.5116298308497982
2288,86,341,5,-0.14999999999999947,0.01,0.029805177734011694,1.5197242668696813
2289,163,652,10,0.6200000000000012,0.01,0.04029024818276123,1.4896715327007015
2290,201,803,13,1.0000000000000013,0.01,0.018131673661991955,1.520394434928894
2291,180,720,12,0.7900000000000014,0.01,0.013629115491898523,1.505460837152269
2292,294,1174,19,1.9299999999999815,0.01,0.02961216206234452,1.4871004481573362
2293,131,522,8,0.30000000000000093,0.01,0.02199123471015782,1.5059079762661096
2294,275,1099,18,1.7399999999999856,0.01,0.03853766157408245,1.5016659638460945
2295,375,1498,24,2.7399999999999642,0.01,0.020774000058039786,1.5017338369755036
2296,448,1790,29,3.469999999999949,0.01,0.022391581866291484,1.5062599086335726
2297,266,1061,17,1.6499999999999875,0.01,0.0173669012624826,1.5173515704140734
2298,92,367,6,-0.08999999999999941,0.01,0.025551717687884102,1.5221122814261394
2299,138,552,9,0.370000000000001,0.01,0.025986495455179143,1.5172429821070503
2300,211,842,14,1.0999999999999992,0.01,0.017064054252773103,1.520390881682342
2301,142,566,9,0.41000000000000103,0.01,0.01178654331846961,1.5183383669172015
2302,84,336,5,-0.16999999999999948,0.01,0.011792907108818846,1.5035239174252464
2303,178,712,11,0.7700000000000014,0.01,0.023033379877193106,1.51603155930837
2304,277,1106,18,1.7599999999999851,0.01,0.018916911870727072,1.5173059373662092
2305,243,971,16,1.4199999999999924,0.01,0.012638617226792897,1.5089915834489416
2306,46,183,3,-0.5499999999999998,0.01,0.017107495963996786,1.5087726007808338
2307,203,809,13,1.020000000000001,0.01,0.01880450469131271,1.526544591959785
2308,307,1226,20,2.0599999999999787,0.01,0.017367626806455,1.530436357894501
2309,202,808,13,1.0100000000000011,0.01,0.02937552209943533,1.5148121094703675
2310,232,927,15,1.3099999999999947,0.01,0.022357541881100243,1.5184836202654346
2311,409,1633,27,3.0799999999999574,0.01,0.020350220124915386,1.5237670164663815
2312,371,1481,24,2.699999999999965,0.01,0.021276540715125917,1.5273764159368433
2313,216,862,14,1.1499999999999981,0.01,0.031048252937142497,1.52496012934932
2314,227,906,15,1.2599999999999958,0.01,0.020794897626170462,1.5253491464414095
2315,181,721,12,0.8000000000000014,0.01,0.022479170384920307,1.5240715742111206
2316,99,394,6,-0.01999999999999935,0.01,0.013925382532179356,1.5315235757827759
2317,288,1150,19,1.8699999999999828,0.01,0.024445244641457167,1.5174554338057835
2318,103,410,6,0.020000000000000684,0.01,0.020692321561420195,1.5269283606455877
2319,245,978,16,1.439999999999992,0.01,0.02268034171839779,1.5268073003800189
2320,236,941,15,1.3499999999999939,0.01,0.026068049092319304,1.5440206487300032
2321,203,810,13,1.020000000000001,0.01,0.022909899748971358,1.549661582591487
2322,302,1206,20,2.00999999999998,0.01,0.011643086592666805,1.5518033154805502
2323,438,1750,29,3.3699999999999513,0.01,0.014890892641745847,1.557127753171054
2324,211,841,14,1.0999999999999992,0.01,0.029690429937305314,1.5647026322922617
2325,321,1281,21,2.1999999999999758,0.01,0.025894304912071675,1.5585980966687203
2326,218,870,14,1.1699999999999977,0.01,0.045153245959361946,1.563486013147566
2327,86,343,5,-0.14999999999999947,0.01,0.0325966120951555,1.557907218282873
2328,442,1766,29,3.4099999999999504,0.01,0.019269289131360976,1.5668679768388922
2329,239,956,15,1.3799999999999932,0.01,0.028986779076512904,1.5574938714504243
2330,344,1374,22,2.429999999999971,0.01,0.016773134770499933,1.5590410814728848
2331,146,583,9,0.45000000000000107,0.01,0.020247473066823708,1.557172395087577
2332,243,971,16,1.4199999999999924,0.01,0.0316325379574361,1.5348942240079244
2333,570,2278,37,4.689999999999923,0.01,0.0237696307167489,1.5455862066962502
2334,272,1086,18,1.7099999999999862,0.01,0.02117648843662156,1.5728048541966606
2335,455,1820,30,3.5399999999999476,0.01,0.021985575677255134,1.5685311378094189
2336,129,513,8,0.2800000000000009,0.01,0.022986450589087326,1.5645189359784126
2337,554,2216,36,4.5299999999999265,0.01,0.01963042323578797,1.5629874208699102
2338,91,362,6,-0.09999999999999942,0.01,0.021942776526607897,1.5636914294698965
2339,242,968,16,1.4099999999999926,0.01,0.017606029416755088,1.5591091933797618
2340,267,1065,17,1.6599999999999873,0.01,0.014708581345268723,1.5695294177893437
2341,220,878,14,1.1899999999999973,0.01,0.029636332487941466,1.560588095404885
2342,321,1281,21,2.1999999999999758,0.01,0.0188275683372293,1.5733546666157099
2343,185,740,12,0.8400000000000014,0.01,0.018538451978795067,1.5819325861723528
2344,187,745,12,0.8600000000000014,0.01,0.03391495817638141,1.55364191532135
2345,249,995,16,1.479999999999991,0.01,0.02728303142207404,1.5798477030569507
2346,231,921,15,1.299999999999995,0.01,0.03155225664296926,1.5693923091066295
2347,246,981,16,1.4499999999999917,0.01,0.027479401598760826,1.5727440529182308
2348,365,1457,24,2.6399999999999664,0.01,0.024091261700000408,1.5696728137823253
2349,225,898,14,1.2399999999999962,0.01,0.015938081125026208,1.583542917904101
2350,93,371,6,-0.0799999999999994,0.01,0.025589423092163128,1.573076113410618
2351,255,1018,16,1.5399999999999898,0.01,0.039030303287290735,1.5640178676694632
2352,202,807,13,1.0100000000000011,0.01,0.02725277850870043,1.5586853075027465
2353,201,802,13,1.0000000000000013,0.01,0.025768686523661016,1.5705399823188781
2354,204,815,13,1.0300000000000007,0.01,0.029404077290867765,1.5701241750343173
2355,148,590,9,0.4700000000000011,0.01,0.028372419752633653,1.5784590856449023
2356,326,1301,21,2.2499999999999747,0.01,0.02827124726226008,1.5924081060944535
2357,249,993,16,1.479999999999991,0.01,0.02573180890401765,1.5831010360871591
2358,353,1410,23,2.519999999999969,0.01,0.01797316754924726,1.5922455747019162
2359,326,1302,21,2.2499999999999747,0.01,0.016032856873452392,1.5851995785061905
2360,307,1227,20,2.0599999999999787,0.01,0.016591197411928858,1.5878257085750629
2361,525,2100,35,4.239999999999933,0.01,0.027332353342559103,1.5649278118410184
2362,280,1118,18,1.7899999999999845,0.01,0.025299834623001515,1.5571548291615078
2363,80,320,5,-0.20999999999999952,0.01,0.017156747402623296,1.5542404055595398
2364,234,936,15,1.3299999999999943,0.01,0.01986355484655962,1.5679759691501487
2365,412,1645,27,3.109999999999957,0.01,0.025425641582736257,1.5705081779979966
2366,349,1396,23,2.47999999999997,0.01,0.03175698980075223,1.5476521483876489
2367,226,901,15,1.249999999999996,0.01,0.021487848716787994,1.565929306404931
2368,116,461,7,0.1500000000000008,0.01,0.020285525969390213,1.5509190806027116
2369,127,505,8,0.2600000000000009,0.01,0.02218098961384385,1.5403938069939613
2370,428,1710,28,3.2699999999999534,0.01,0.02579189877887474,1.5473526370859592
2371,275,1100,18,1.7399999999999856,0.01,0.01907586446031928,1.5469962997712952
2372,189,753,12,0.8800000000000014,0.01,0.01856191287391839,1.5732241919700136
2373,207,825,13,1.06,0.01,0.02860746803568103,1.558255406526419
2374,378,1510,25,2.7699999999999636,0.01,0.01963277476681198,1.5804194529005822
2375,42,166,2,-0.5899999999999999,0.01,0.013712985546920787,1.597945516759699
2376,203,810,13,1.020000000000001,0.01,0.011258702981285751,1.5784381198883057
2377,591,2361,39,4.899999999999919,0.01,0.015658275278543146,1.5786039748707332
2378,214,856,14,1.1299999999999986,0.01,0.01758779584714729,1.5796378983391657
2379,330,1319,21,2.289999999999974,0.01,0.021944804419479446,1.582535348287443
2380,504,2016,33,4.029999999999937,0.01,0.024752326388215083,1.5660006526916745
2381,312,1247,20,2.1099999999999777,0.01,0.027377420182650287,1.557964068192702
2382,211,841,14,1.0999999999999992,0.01,0.021324164677797904,1.570449507461404
2383,211,844,14,1.0999999999999992,0.01,0.01776598196230688,1.5848882535718523
2384,176,703,11,0.7500000000000013,0.01,0.01911810948248868,1.5751441635868766
2385,118,469,7,0.17000000000000082,0.01,0.020636954569611055,1.5555022872727493
2386,270,1079,17,1.6899999999999866,0.01,0.02884394210516749,1.563553108888514
2387,101,403,6,6.661338147750939e-16,0.01,0.021532428488135337,1.5734821224212647
2388,108,430,7,0.07000000000000073,0.01,0.027236430077917047,1.5766292677985296
2389,123,489,8,0.22000000000000086,0.01,0.022575939723831272,1.5682630846577306
2390,50,197,3,-0.5099999999999998,0.01,0.03875031186422954,1.5599565903345745
2391,180,718,11,0.7900000000000014,0.01,0.022332371103887756,1.5782676776250204
2392,120,478,7,0.19000000000000083,0.01,0.027381612414804597,1.574807079633077
2393,243,971,16,1.4199999999999924,0.01,0.0263021243182698,1.5817442213902708
2394,25,99,1,-0.7599999999999999,0.01,0.0302493132573242,1.6183926065762837
2395,301,1201,20,1.99999999999998,0.01,0.024195073793331783,1.5617114543914794
2396,146,581,9,0.45000000000000107,0.01,0.026906717191072734,1.5768355227805473
2397,114,455,7,0.13000000000000078,0.01,0.02325693198612758,1.5686677055699485
2398,96,381,6,-0.04999999999999938,0.01,0.031536123278783634,1.5714885542790096
2399,236,944,15,1.3499999999999939,0.01,0.02821883634995606,1.5611224093679654
2400,309,1234,20,2.0799999999999783,0.01,0.021052716416306794,1.561177670955658
2401,224,893,14,1.2299999999999964,0.01,0.025114631255356862,1.5763397450957979
2402,278,1112,18,1.769999999999985,0.01,0.018380736868045686,1.5668842948001365
2403,166,661,11,0.6500000000000012,0.01,0.023072801158940864,1.5508608193624587
2404,178,710,11,0.7700000000000014,0.01,0.02242124870694666,1.5711247189478441
2405,334,1334,22,2.329999999999973,0.01,0.022775980283594913,1.572128144048509
2406,417,1666,27,3.1599999999999557,0.01,0.023195043371882863,1.5703823681061084
2407,224,896,14,1.2299999999999964,0.01,0.01989821723795363,1.5772143793957574
2408,120,478,7,0.19000000000000083,0.01,0.032019007640580334,1.5662446896235147
2409,228,909,15,1.2699999999999956,0.01,0.020795080320615517,1.5562080730471695
2410,178,711,11,0.7700000000000014,0.01,0.020442610236138782,1.5731651782989502
2411,141,562,9,0.400000000000001,0.01,0.017257441488456808,1.5570147103733487
2412,202,805,13,1.0100000000000011,0.01,0.025418414380401374,1.5429859375953674
2413,250,998,16,1.4899999999999909,0.01,0.014883918750528542,1.557559917843531
2414,117,466,7,0.1600000000000008,0.01,0.022000768663490128,1.5639581885831109
2415,219,874,14,1.1799999999999975,0.01,0.014816615184430372,1.5673212744972922
2416,589,2356,39,4.879999999999919,0.01,0.014325682028690924,1.570861672868534
2417,175,700,11,0.7400000000000013,0.01,0.014895726466255093,1.56509530544281
2418,252,1007,16,1.5099999999999905,0.01,0.02786335025152694,1.5517507905051822
2419,234,935,15,1.3299999999999943,0.01,0.017978408634823202,1.5554022151848366
2420,445,1779,29,3.4399999999999498,0.01,0.02281277387839247,1.5499349123722799
2421,152,605,10,0.5100000000000011,0.01,0.020600277348421514,1.5506515722525747
2422,214,854,14,1.1299999999999986,0.01,0.01934838498925307,1.5433149403995938
2423,310,1238,20,2.089999999999978,0.01,0.023442884768032794,1.5433640046553179
2424,307,1225,20,2.0599999999999787,0.01,0.023675199087056054,1.5433866141678452
2425,46,182,3,-0.5499999999999998,0.01,0.009713651961646974,1.5496168633302052
2426,119,473,7,0.18000000000000083,0.01,0.008136618553243321,1.561819467051276
2427,306,1223,20,2.049999999999979,0.01,0.017087118793883686,1.5430069000690014
2428,188,751,12,0.8700000000000014,0.01,0.0205672970537017,1.5367265990439882
2429,250,998,16,1.4899999999999909,0.01,0.032082713625934574,1.5300955407081112
2430,214,856,14,1.1299999999999986,0.01,0.013752261857950577,1.527590846573865
2431,164,656,10,0.6300000000000012,0.01,0.03084636734594114,1.518696697746835
2432,132,527,8,0.31000000000000094,0.01,0.02592993118433338,1.5224322405728428
2433,277,1106,18,1.7599999999999851,0.01,0.016883123018171475,1.507030485332876
2434,116,462,7,0.1500000000000008,0.01,0.021713835436144267,1.4983689168403889
2435,287,1146,19,1.859999999999983,0.01,0.028190097186274618,1.5132463491625257
2436,463,1849,30,3.619999999999946,0.01,0.022308949973225464,1.5010854180516868
2437,117,466,7,0.1600000000000008,0.01,0.015891986048041748,1.5299308135591705
2438,542,2168,36,4.409999999999929,0.01,0.023769366460058977,1.5036079318435103
2439,63,249,4,-0.37999999999999967,0.01,0.006482414988568053,1.499401181936264
2440,136,542,9,0.350000000000001,0.01,0.02648628911907401,1.4889101245824028
2441,305,1218,20,2.039999999999979,0.01,0.023737141969736274,1.488858877043975
2442,255,1020,17,1.5399999999999898,0.01,0.01987443372127018,1.487597245723009
2443,199,794,13,0.9800000000000015,0.01,0.009172028610482812,1.4756856298446654
2444,272,1086,18,1.7099999999999862,0.01,0.013306400526369758,1.4832238344585194
2445,256,1021,17,1.5499999999999896,0.01,0.013202636440837523,1.4755923859775066
2446,51,202,3,-0.4999999999999998,0.01,0.026877230069098566,1.4649086273633516
2447,191,763,12,0.9000000000000015,0.01,0.015810393901700352,1.4567834037415526
2448,50,199,3,-0.5099999999999998,0.01,0.014138267769549902,1.4805842821414654
2449,553,2209,36,4.519999999999927,0.01,0.022238219096122877,1.4851809256318687
2450,479,1916,31,3.7799999999999425,0.01,0.016771277619409376,1.4886145095030467
2451,313,1249,20,2.1199999999999775,0.01,0.02964953134636371,1.517910938996535
2452,187,745,12,0.8600000000000014,0.01,0.025504975440971394,1.507916587464353
2453,260,1037,17,1.5899999999999888,0.01,0.025663097467846594,1.5111148467430702
2454,423,1690,28,3.2199999999999545,0.01,0.024117953355977627,1.5058426024778835
2455,140,558,9,0.390000000000001,0.01,0.013723265735565551,1.5032175847462246
2456,252,1006,16,1.5099999999999905,0.01,0.01854193884701956,1.5079103689345101
2457,337,1345,22,2.3599999999999723,0.01,0.025561574863136878,1.4997418721516926
2458,101,401,6,6.661338147750939e-16,0.01,0.026524353548884393,1.4820199060440062
2459,381,1523,25,2.799999999999963,0.01,0.019742812816739865,1.4901508971264488
2460,99,395,6,-0.01999999999999935,0.01,0.011476360512897372,1.4954149341583252
2461,49,193,3,-0.5199999999999998,0.01,0.011130018974654377,1.4992538889249165
2462,422,1686,28,3.2099999999999547,0.01,0.015320589212384427,1.4869789177516721
2463,549,2195,36,4.479999999999928,0.01,0.019967575708359997,1.4972470528888007
2464,221,883,14,1.199999999999997,0.01,0.020473339446735652,1.5045660842548718
2465,314,1255,20,2.1299999999999772,0.01,0.013868117083123402,1.498740034767344
2466,137,546,9,0.360000000000001,0.01,0.016505587051677352,1.4876528838101555
2467,127,507,8,0.2600000000000009,0.01,0.019570737600588473,1.481705266982317
2468,114,456,7,0.13000000000000078,0.01,0.007940181784631153,1.4888339851583754
2469,354,1415,23,2.5299999999999687,0.01,0.020987281879263648,1.4820240642247575
2470,254,1013,16,1.52999999999999,0.01,0.019491232950092544,1.4858178903186132
2471,61,243,4,-0.3999999999999997,0.01,0.005180693377042189,1.5034862905740738
2472,229,915,15,1.2799999999999954,0.01,0.022740929056645223,1.5014646785301076
2473,311,1242,20,2.099999999999978,0.01,0.027147990140992288,1.4969770709673564
2474,96,383,6,-0.04999999999999938,0.01,0.021780096770574648,1.5013035436471303
2475,154,613,10,0.5300000000000011,0.01,0.023376572962948365,1.4958785646840145
2476,323,1290,21,2.2199999999999753,0.01,0.018899984660638885,1.487708024036737
2477,190,758,12,0.8900000000000015,0.01,0.017228693111819474,1.49094879373591
2478,215,858,14,1.1399999999999983,0.01,0.021742818385569587,1.478476921717326
2479,410,1640,27,3.0899999999999572,0.01,0.02170946561726877,1.4902866210752321
2480,101,402,6,6.661338147750939e-16,0.01,0.03472327644005418,1.4895444297790528
2481,201,803,13,1.0000000000000013,0.01,0.026372249303385616,1.4845737409591675
2482,108,429,7,0.07000000000000073,0.01,0.021359191293379775,1.5078350438012018
2483,210,840,14,1.0899999999999994,0.01,0.01875530742987428,1.4964919899994473
2484,158,632,10,0.5700000000000012,0.01,0.02404858374920411,1.4841692845026653
2485,330,1318,21,2.289999999999974,0.01,0.014664943259860197,1.4891930459493614
2486,271,1082,18,1.6999999999999864,0.01,0.016802833408617705,1.4911976056312448
2487,240,958,15,1.389999999999993,0.01,0.012513520231004804,1.4824747562408447
2488,28,111,1,-0.73,0.01,0.015582757669367961,1.446483509881156
2489,266,1063,17,1.6499999999999875,0.01,0.019269884918441078,1.481282700353594
2490,97,386,6,-0.03999999999999937,0.01,0.023467940346260246,1.4885218689839046
2491,373,1491,24,2.7199999999999647,0.01,0.016029385299051322,1.489980787359258
2492,197,788,13,0.9600000000000015,0.01,0.01511424312600866,1.4897857904434204
2493,83,332,5,-0.1799999999999995,0.01,0.01706597317242995,1.47850044965744
2494,70,279,4,-0.3099999999999996,0.01,0.01720416457262925,1.4718153211805556
2495,267,1067,17,1.6599999999999873,0.01,0.015621443770811963,1.4807781568214076
2496,159,635,10,0.5800000000000012,0.01,0.01600355317051976,1.4890235937558687
2497,257,1025,17,1.5599999999999894,0.01,0.018293464180225365,1.4894892270748432
2498,340,1358,22,2.3899999999999717,0.01,0.018098159838358267,1.4840086502187393
2499,255,1018,16,1.5399999999999898,0.01,0.015872765336156128,1.4891043844677152
2500,163,649,10,0.6200000000000012,0.01,0.02122503424222331,1.482370600467775
2501,316,1263,21,2.149999999999977,0.01,0.023047620731205504,1.4853362011004099
2502,230,919,15,1.2899999999999952,0.01,0.023775502597784687,1.4787265514505321
2503,85,340,5,-0.15999999999999948,0.01,0.01214958762838727,1.4998571532113212
2504,299,1195,19,1.9799999999999804,0.01,0.020915369544333467,1.4751552724838257
2505,144,575,9,0.43000000000000105,0.01,0.01631652205509858,1.476666099495358
2506,211,842,14,1.0999999999999992,0.01,0.0183206994820816,1.470844642474101
2507,279,1115,18,1.7799999999999847,0.01,0.01954460458696953,1.4754213639668057
2508,246,984,16,1.4499999999999917,0.01,0.017362053059191713,1.4747953376462382
2509,386,1543,25,2.849999999999962,0.01,0.0219461133092409,1.48914813871185
2510,413,1649,27,3.1199999999999566,0.01,0.0186186763977867,1.485528767687603
2511,307,1226,20,2.0599999999999787,0.01,0.020435666709279567,1.4746595775926268
2512,142,567,9,0.41000000000000103,0.01,0.013998428592458367,1.487142350938585
2513,27,108,1,-0.74,0.01,0.01057180956316491,1.5013961394627888
2514,157,627,10,0.5600000000000012,0.01,0.019594191893702373,1.4709734976291657
2515,59,234,3,-0.4199999999999997,0.01,0.009345424494573049,1.5135174308504378
2516,317,1265,21,2.1599999999999766,0.01,0.017464495643798726,1.4748517572879791
2517,143,572,9,0.42000000000000104,0.01,0.015644538036680648,1.4802924360547747
2518,82,327,5,-0.1899999999999995,0.01,0.030640983843200263,1.4736175820941018
2519,208,829,13,1.0699999999999998,0.01,0.008959970387737624,1.4907549184102278
2520,429,1713,28,3.279999999999953,0.01,0.018693447695657714,1.4827523253788457
2521,162,646,10,0.6100000000000012,0.01,0.020606596516899583,1.473870524545995
2522,351,1404,23,2.4999999999999694,0.01,0.020485336187124337,1.4910446364304115
2523,225,898,14,1.2399999999999962,0.01,0.019305822194406862,1.4875826814718414
2524,343,1370,22,2.419999999999971,0.01,0.01700083382482476,1.4933645739274866
2525,335,1337,22,2.3399999999999728,0.01,0.02478965713332097,1.4906701644261677
2526,45,179,2,-0.5599999999999998,0.01,0.019614571260965684,1.5111555511301213
2527,244,976,16,1.4299999999999922,0.01,0.021712961102851102,1.4932038334549451
2528,178,711,11,0.7700000000000014,0.01,0.010643090323234598,1.5057647360695734
2529,343,1369,22,2.419999999999971,0.01,0.01614697418868715,1.496923194375149
2530,378,1510,25,2.7699999999999636,0.01,0.01431614574926727,1.516036903604548
2531,101,402,6,6.661338147750939e-16,0.01,0.02114003714174032,1.5021200847625733
2532,188,751,12,0.8700000000000014,0.01,0.020954028168257248,1.4927608484917498
2533,338,1352,22,2.369999999999972,0.01,0.0160784417489434,1.5058919387705185
2534,227,906,15,1.2599999999999958,0.01,0.014368338769775602,1.5172762431596454
2535,176,701,11,0.7500000000000013,0.01,0.024280099161180922,1.5099109763448888
2536,174,694,11,0.7300000000000013,0.01,0.016360715085770503,1.5018382321956545
2537,144,576,9,0.43000000000000105,0.01,0.021739459900547646,1.5127620961931016
2538,135,537,8,0.34000000000000097,0.01,0.029850038001313806,1.5030164858874153
2539,100,400,6,-0.009999999999999343,0.01,0.021662154495716096,1.4980714511871338
2540,190,759,12,0.8900000000000015,0.01,0.016097734201739124,1.5066379815974134
2541,408,1631,27,3.0699999999999577,0.01,0.02103336816014466,1.494194258661831
2542,386,1541,25,2.849999999999962,0.01,0.02059008771092775,1.4918070355641473
2543,224,895,14,1.2299999999999964,0.01,0.01692766314954497,1.4955128984791892
2544,466,1862,31,3.6499999999999453,0.01,0.023240073389325547,1.4911268990615318
2545,69,275,4,-0.3199999999999996,0.01,0.018285461960153446,1.495619575182597
2546,389,1554,25,2.8799999999999613,0.01,0.014569249382175352,1.494373360859979
2547,158,629,10,0.5700000000000012,0.01,0.0182164770592816,1.4922703290596986
2548,122,486,8,0.21000000000000085,0.01,0.02219448010286977,1.4784262449510637
2549,193,769,12,0.9200000000000015,0.01,0.028004457245212205,1.475286324818929
2550,108,429,7,0.07000000000000073,0.01,0.029755447025376337,1.4771119488610163
2551,79,313,5,-0.21999999999999953,0.01,0.018917494209017605,1.495649915933609
2552,134,533,8,0.33000000000000096,0.01,0.025106755353397493,1.4858115441871411
2553,186,741,12,0.8500000000000014,0.01,0.013287684602781813,1.4909551270464634
2554,296,1181,19,1.949999999999981,0.01,0.010605370885428242,1.510683000087738
2555,226,902,15,1.249999999999996,0.01,0.016113716048753952,1.5128233347620283
2556,338,1349,22,2.369999999999972,0.01,0.016215209443779553,1.509865080609041
2557,288,1151,19,1.8699999999999828,0.01,0.025707104073565763,1.4975730313195124
2558,338,1352,22,2.369999999999972,0.01,0.0199389365942417,1.4872607035296304
2559,224,896,14,1.2299999999999964,0.01,0.03533362572073072,1.475114466888564
2560,217,865,14,1.159999999999998,0.01,0.023380379624326122,1.484687818180431
2561,324,1295,21,2.229999999999975,0.01,0.014283552119094465,1.497837911417455
2562,185,738,12,0.8400000000000014,0.01,0.024026447125082916,1.494396702102993
2563,194,773,12,0.9300000000000015,0.01,0.012845409949174305,1.492710679769516
2564,462,1845,30,3.609999999999946,0.01,0.021557765133711028,1.4962147104329075
2565,249,993,16,1.479999999999991,0.01,0.017668908916323656,1.5064769329563263
2566,168,670,11,0.6700000000000013,0.01,0.02478245707295303,1.4986667661439805
2567,149,596,9,0.4800000000000011,0.01,0.019391597695396962,1.502237371496252
2568,213,850,14,1.1199999999999988,0.01,0.009265078149770421,1.511628771269763
2569,304,1213,20,2.0299999999999794,0.01,0.02379535043636631,1.4976471348812705
2570,26,104,1,-0.75,0.01,0.021490884789576132,1.4987786809603374
2571,99,394,6,-0.01999999999999935,0.01,0.020738582937046886,1.4865225124359132
2572,137,548,9,0.360000000000001,0.01,0.01952267114949577,1.5010290776982027
2573,186,741,12,0.8500000000000014,0.01,0.016585575862530063,1.5077984003310507
2574,168,672,11,0.6700000000000013,0.01,0.023540509410113805,1.4819231317156838
2575,49,194,3,-0.5199999999999998,0.01,0.021416781877633184,1.5140890876452129
2576,167,668,11,0.6600000000000013,0.01,0.022250461192535504,1.4924469987551372
2577,167,668,11,0.6600000000000013,0.01,0.015133663239638979,1.4831077965294444
2578,136,542,9,0.350000000000001,0.01,0.018455866847515982,1.479444475734935
2579,249,994,16,1.479999999999991,0.01,0.02322821491324003,1.4809244038566711
2580,264,1055,17,1.629999999999988,0.01,0.018207911292627228,1.4791169383309104
2581,338,1352,22,2.369999999999972,0.01,0.013064152961652283,1.4946324229240417
2582,561,2243,37,4.599999999999925,0.01,0.020142136418559987,1.4924008071422576
2583,188,752,12,0.8700000000000014,0.01,0.018070012873454774,1.4867145102074806
2584,108,430,7,0.07000000000000073,0.01,0.017307129447106964,1.4776213610613789
2585,303,1212,20,2.0199999999999796,0.01,0.01796960347564891,1.478012221424203
2586,216,861,14,1.1499999999999981,0.01,0.014078551351472183,1.4840162683416296
2587,232,926,15,1.3099999999999947,0.01,0.03229242366345214,1.474384371576638
2588,315,1257,20,2.139999999999977,0.01,0.01965549294070541,1.4804968743384639
2589,163,650,10,0.6200000000000012,0.01,0.009711591174780595,1.4910566806793213
2590,429,1713,28,3.279999999999953,0.01,0.018495699965229657,1.4728890133795338
2591,310,1237,20,2.089999999999978,0.01,0.015344402262965193,1.4688218290155584
2592,165,657,10,0.6400000000000012,0.01,0.01380895588469381,1.48160054286321
2593,298,1191,19,1.9699999999999807,0.01,0.01495978919902464,1.4782201969945752
2594,201,803,13,1.0000000000000013,0.01,0.011631708345375955,1.4763991141319275
2595,181,722,12,0.8000000000000014,0.01,0.02078803261215596,1.4716917950174082
2596,107,426,7,0.06000000000000072,0.01,0.012814602420593683,1.4688599338898292
2597,183,732,12,0.8200000000000014,0.01,0.014058889284648973,1.4974701767382415
2598,212,848,14,1.109999999999999,0.01,0.013526162940938518,1.5004631010991223
2599,335,1338,22,2.3399999999999728,0.01,0.02193189768530872,1.4715451626550584
2600,252,1007,16,1.5099999999999905,0.01,0.02270526552779807,1.4778485411689395
2601,122,488,8,0.21000000000000085,0.01,0.020668877746599416,1.478775191307068
2602,245,977,16,1.439999999999992,0.01,0.01238067812406488,1.4880378707762687
2603,214,853,14,1.1299999999999986,0.01,0.015731262842650123,1.479046254787805
2604,74,296,4,-0.2699999999999996,0.01,0.03301627697165761,1.4885515413786237
2605,454,1815,30,3.529999999999948,0.01,0.014550529622299744,1.4808920147144689
2606,190,758,12,0.8900000000000015,0.01,0.024236591169028543,1.4896515657504399
2607,276,1103,18,1.7499999999999853,0.01,0.02921586966250038,1.4707768706307895
2608,263,1051,17,1.6199999999999881,0.01,0.02144761283774502,1.4745040765175452
2609,192,765,12,0.9100000000000015,0.01,0.029529769482905976,1.4716258967916171
2610,141,563,9,0.400000000000001,0.01,0.024428615637589246,1.480783353249232
2611,182,725,12,0.8100000000000014,0.01,0.009273763145837518,1.4875812768936156
2612,405,1620,27,3.0399999999999583,0.01,0.022193997587759674,1.4738490994613949
2613,138,551,9,0.370000000000001,0.01,0.021454566158354282,1.4733510051454817
2614,214,855,14,1.1299999999999986,0.01,0.014037868100271191,1.487695666978944
2615,112,447,7,0.11000000000000076,0.01,0.021737231823083545,1.4947725789887565
2616,170,678,11,0.6900000000000013,0.01,0.027580923525356623,1.4735467101252355
2617,201,802,13,1.0000000000000013,0.01,0.01774338590912521,1.4809677290916443
2618,68,272,4,-0.3299999999999996,0.01,0.01850100377958049,1.4660598600611967
2619,170,677,11,0.6900000000000013,0.01,0.019564671885915274,1.4810830631921457
2620,145,578,9,0.44000000000000106,0.01,0.020755553922046803,1.4754373596774206
2621,305,1220,20,2.039999999999979,0.01,0.021270897208811028,1.4954116893442053
2622,231,922,15,1.299999999999995,0.01,0.018199568710707385,1.5013860566862698
2623,205,819,13,1.0400000000000005,0.01,0.016387747796982818,1.5027408202489216
2624,212,848,14,1.109999999999999,0.01,0.015045513807497215,1.4955834847576213
2625,139,555,9,0.380000000000001,0.01,0.012912963024739708,1.500353329522269
2626,124,494,8,0.23000000000000087,0.01,0.02351050422481832,1.509095634183576
2627,79,315,5,-0.21999999999999953,0.01,0.022343493811786175,1.4891139030456544
2628,222,886,14,1.2099999999999969,0.01,0.01657515268942172,1.5100455327467486
2629,331,1322,22,2.2999999999999736,0.01,0.01718457866774266,1.5041512236537704
2630,187,745,12,0.8600000000000014,0.01,0.02072754094099745,1.5076553796200043
2631,202,807,13,1.0100000000000011,0.01,0.01769030913244933,1.512264907360077
2632,266,1062,17,1.6499999999999875,0.01,0.017884267638298448,1.4974222948302085
2633,104,416,6,0.030000000000000693,0.01,0.012921796122100204,1.5013606319060693
2634,109,434,7,0.08000000000000074,0.01,0.01660850331083768,1.5061977042092218
2635,404,1613,26,3.0299999999999585,0.01,0.027056650809556392,1.4911508630998065
2636,456,1822,30,3.5499999999999474,0.01,0.02100217223306301,1.4777636203849525
2637,193,769,12,0.9200000000000015,0.01,0.016733264666981995,1.4894228180249531
2638,302,1208,20,2.00999999999998,0.01,0.013877844362899563,1.4887866064121849
2639,199,796,13,0.9800000000000015,0.01,0.013882082761075271,1.4842487573623657
2640,441,1762,29,3.3999999999999506,0.01,0.01647608787417076,1.48752008472477
2641,306,1222,20,2.049999999999979,0.01,0.027787602773107784,1.474407566221137
2642,136,542,9,0.350000000000001,0.01,0.012743014506721759,1.4702066779136658
2643,126,503,8,0.2500000000000009,0.01,0.012789474552846514,1.4789201095700264
2644,413,1649,27,3.1199999999999566,0.01,0.018659382136267364,1.47077638315923
2645,527,2108,35,4.259999999999932,0.01,0.018116218473578832,1.4756852090358734
2646,507,2025,33,4.0599999999999365,0.01,0.017797335976779106,1.4739767284620375
2647,159,634,10,0.5800000000000012,0.01,0.013701996568124741,1.481496560573578
2648,143,571,9,0.42000000000000104,0.01,0.013960498789351227,1.474603643019994
2649,265,1057,17,1.6399999999999877,0.01,0.01975579887177005,1.4651512882926248
2650,221,884,14,1.199999999999997,0.01,0.022169062308967112,1.4744911063801158
2651,113,450,7,0.12000000000000077,0.01,0.012792292540764501,1.4708483383573334
2652,297,1186,19,1.9599999999999809,0.01,0.020623725838959217,1.4542878463461593
2653,64,256,4,-0.36999999999999966,0.01,0.012664482099353336,1.4720646888017654
2654,222,885,14,1.2099999999999969,0.01,0.013806060058149425,1.4817876057191328
2655,376,1501,25,2.749999999999964,0.01,0.01870266236662072,1.477934921041448
2656,609,2434,40,5.079999999999915,0.01,0.019168285140158985,1.4703819720573674
2657,279,1113,18,1.7799999999999847,0.01,0.01834880922705043,1.4551186250603718
2658,257,1026,17,1.5599999999999894,0.01,0.018176236157663738,1.448756166604849
2659,222,886,14,1.2099999999999969,0.01,0.017847963581285015,1.4520688598806208
2660,119,473,7,0.18000000000000083,0.01,0.020043626571229347,1.4481589635213217
2661,87,345,5,-0.13999999999999946,0.01,0.023764796851372175,1.4661361358382485
2662,246,984,16,1.4499999999999917,0.01,0.015901486568733074,1.4724972736640054
2663,174,693,11,0.7300000000000013,0.01,0.01415217397946187,1.4684520770202985
2664,156,623,10,0.5500000000000012,0.01,0.012056905997152895,1.4676004434243226
2665,122,486,8,0.21000000000000085,0.01,0.013845112624888618,1.4709142486254374
2666,220,880,14,1.1899999999999973,0.01,0.017318924916484818,1.4706845716996626
2667,349,1393,23,2.47999999999997,0.01,0.01439215946707061,1.477919832043264
2668,245,980,16,1.439999999999992,0.01,0.013050048551972835,1.4749752379232837
2669,259,1035,17,1.579999999999989,0.01,0.019459920018562116,1.4612418059259653
2670,216,861,14,1.1499999999999981,0.01,0.02217736531963089,1.4561484058698018
2671,197,787,13,0.9600000000000015,0.01,0.017292375771794467,1.4655772471427917
2672,418,1671,27,3.1699999999999555,0.01,0.011729749703170875,1.4552671657158778
2673,113,450,7,0.12000000000000077,0.01,0.013822409981263004,1.446638869387763
2674,149,593,9,0.4800000000000011,0.01,0.015818152221311863,1.4520738626781262
2675,241,961,16,1.3999999999999928,0.01,0.021831757862431307,1.4403422872225444
2676,389,1553,25,2.8799999999999613,0.01,0.018188789237252215,1.42943093580069
2677,362,1447,24,2.609999999999967,0.01,0.016165882823630594,1.436161478797158
2678,333,1332,22,2.319999999999973,0.01,0.014095709325341755,1.446131844118417
2679,57,228,3,-0.4399999999999997,0.01,0.026608864111559733,1.4493217723710197
2680,316,1262,21,2.149999999999977,0.01,0.01425168685367496,1.4452152252197266
2681,113,449,7,0.12000000000000077,0.01,0.012995559476881422,1.4605790887560164
2682,199,795,13,0.9800000000000015,0.01,0.019943233747035265,1.4403675127029418
2683,318,1269,21,2.1699999999999764,0.01,0.01273789353435859,1.4299109175801277
2684,38,150,2,-0.6299999999999999,0.01,0.005342273610747523,1.4417350557115343
2685,236,942,15,1.3499999999999939,0.01,0.01763411664988025,1.4190580178115328
2686,431,1722,28,3.2999999999999527,0.01,0.016747838556680276,1.427404788909135
2687,106,424,7,0.05000000000000071,0.01,0.02971765460768858,1.4133463410230784
2688,252,1008,16,1.5099999999999905,0.01,0.010374603185078336,1.4100709566994318
2689,192,765,12,0.9100000000000015,0.01,0.020755925419507548,1.3826038166880608
2690,358,1432,23,2.569999999999968,0.01,0.014433004212979642,1.4050875491566128
2691,452,1807,30,3.5099999999999483,0.01,0.017838343796608723,1.396152728426773
2692,224,896,14,1.2299999999999964,0.01,0.01006524932953263,1.4085403084754944
2693,288,1149,19,1.8699999999999828,0.01,0.01578039364216642,1.3980579657687082
2694,156,621,10,0.5500000000000012,0.01,0.006728113581163761,1.41297181447347
2695,363,1449,24,2.619999999999967,0.01,0.015237964459459533,1.4032670521474147
2696,248,990,16,1.4699999999999913,0.01,0.009707579668986822,1.4049419933749783
2697,380,1520,25,2.789999999999963,0.01,0.013599926067859326,1.4012790165449445
2698,82,325,5,-0.1899999999999995,0.01,0.02553447396494448,1.4113872528076172
2699,216,861,14,1.1499999999999981,0.01,0.024024048863254762,1.392776228763439
2700,265,1060,17,1.6399999999999877,0.01,0.025809233540767862,1.3989069317326401
2701,439,1753,29,3.379999999999951,0.01,0.016259791805747558,1.40427823825316
2702,201,804,13,1.0000000000000013,0.01,0.016621989500708877,1.4158066487312317
2703,360,1439,23,2.5899999999999674,0.01,0.021619958761665555,1.408973491191864
2704,272,1088,18,1.7099999999999862,0.01,0.0133696521344759,1.41199888902552
2705,392,1568,26,2.9099999999999606,0.01,0.0204994374605808,1.410684083189283
2706,328,1312,21,2.2699999999999743,0.01,0.021388377005478548,1.4127348443356955
2707,178,712,11,0.7700000000000014,0.01,0.01501373793515894,1.4090643088022867
2708,146,583,9,0.45000000000000107,0.01,0.015949305716074176,1.4088488154941134
2709,201,803,13,1.0000000000000013,0.01,0.014335626791066983,1.411542530153312
2710,204,815,13,1.0300000000000007,0.01,0.017286157395288933,1.4175206002067118
2711,301,1202,20,1.99999999999998,0.01,0.015533892326056958,1.4135611359278362
2712,169,673,11,0.6800000000000013,0.01,0.017287335718893224,1.4104041088195074
2713,306,1224,20,2.049999999999979,0.01,0.011548071068578534,1.4179614519144033
2714,386,1542,25,2.849999999999962,0.01,0.017938115389066905,1.4119633448620637
2715,295,1180,19,1.9399999999999813,0.01,0.02093536455838664,1.4088288046218254
2716,372,1487,24,2.709999999999965,0.01,0.017331801197161118,1.4065273269530265
2717,324,1296,21,2.229999999999975,0.01,0.017564909314207823,1.4085413497171284
2718,511,2042,34,4.099999999999936,0.01,0.014514601853989006,1.4099670927971601
2719,46,182,3,-0.5499999999999998,0.01,0.015325962502340024,1.386285055767406
2720,338,1350,22,2.369999999999972,0.01,0.012792060307829695,1.4115505064235014
2721,185,738,12,0.8400000000000014,0.01,0.018719261767767857,1.4007556438446045
2722,72,286,4,-0.2899999999999996,0.01,0.021332828470298812,1.3875930176840887
2723,384,1533,25,2.8299999999999623,0.01,0.016079024027324824,1.3976888805627823
2724,259,1036,17,1.579999999999989,0.01,0.012665081735198888,1.409916404577402
2725,556,2222,37,4.549999999999926,0.01,0.016861765099799916,1.4050362907725273
2726,76,304,5,-0.24999999999999956,0.01,0.016059948327509982,1.4085126550574052
2727,247,985,16,1.4599999999999915,0.01,0.017332640652102035,1.4126086625896517
2728,192,768,12,0.9100000000000015,0.01,0.01604055713202494,1.425110864142577
2729,73,292,4,-0.2799999999999996,0.01,0.007961132453362408,1.4230491675828632
2730,181,721,12,0.8000000000000014,0.01,0.009967456049182349,1.4200941430197822
2731,148,591,9,0.4700000000000011,0.01,0.021967681817005615,1.4166437741872426
2732,396,1582,26,2.9499999999999598,0.01,0.016505396588602,1.4167868838165745
2733,235,938,15,1.339999999999994,0.01,0.01974951127007351,1.413162817389278
2734,300,1197,19,1.9899999999999802,0.01,0.015165278028386334,1.4038660605748494
2735,200,799,13,0.9900000000000015,0.01,0.021163521097041667,1.413146538734436
2736,332,1326,22,2.3099999999999734,0.01,0.016669560024649442,1.4073267442634307
2737,196,783,13,0.9500000000000015,0.01,0.01865080744503256,1.3982797398859141
2738,291,1163,19,1.8999999999999821,0.01,0.013960262398338981,1.4053450988398657
2739,310,1237,20,2.089999999999978,0.01,0.02346655269726538,1.3900201259515224
2740,126,501,8,0.2500000000000009,0.01,0.023819249202196878,1.406057603897587
2741,140,560,9,0.390000000000001,0.01,0.011364719471228975,1.3988826547350202
2742,128,510,8,0.2700000000000009,0.01,0.016405380327341845,1.411150436848402
2743,283,1132,18,1.8199999999999839,0.01,0.013368841070471935,1.3945363256293284
2744,216,864,14,1.1499999999999981,0.01,0.019749645928472833,1.3961187777695832
2745,136,543,9,0.350000000000001,0.01,0.019208010861321408,1.393568084520452
2746,364,1455,24,2.6299999999999666,0.01,0.01803273364394944,1.3761868476867676
2747,48,189,3,-0.5299999999999998,0.01,0.013153807124278197,1.3601609468460083
2748,263,1051,17,1.6199999999999881,0.01,0.011158864001503609,1.3724687876123371
2749,434,1735,28,3.329999999999952,0.01,0.014814941478781056,1.3759493507720806
2750,184,736,12,0.8300000000000014,0.01,0.007667536887785663,1.3753445900004844
2751,183,732,12,0.8200000000000014,0.01,0.018755711971923873,1.373279869556427
2752,283,1132,18,1.8199999999999839,0.01,0.017641549777488788,1.3667460965438627
2753,299,1193,19,1.9799999999999804,0.01,0.013971480464873214,1.3849404462178547
2754,212,846,14,1.109999999999999,0.01,0.012098233215510845,1.3693354467176042
2755,177,708,11,0.7600000000000013,0.01,0.013145240997387604,1.3657001663338055
2756,440,1757,29,3.389999999999951,0.01,0.016202844949227503,1.3728246797214856
2757,267,1066,17,1.6599999999999873,0.01,0.011452936998276568,1.3724132473789044
2758,213,851,14,1.1199999999999988,0.01,0.016749196712208807,1.3602892205400288
2759,220,879,14,1.1899999999999973,0.01,0.020627862706103107,1.3624985434792258
2760,343,1372,22,2.419999999999971,0.01,0.015461214409253105,1.3642355855121169
2761,303,1209,20,2.0199999999999796,0.01,0.01296863956997792,1.3604329999287923
2762,146,584,9,0.45000000000000107,0.01,0.0345007580975574,1.3518627463160335
2763,406,1624,27,3.049999999999958,0.01,0.0191706026786717,1.3481527838376488
2764,126,503,8,0.2500000000000009,0.01,0.02551207262877142,1.3388756662607193
2765,475,1900,31,3.7399999999999434,0.01,0.017316378332173622,1.3549458319399537
2766,163,650,10,0.6200000000000012,0.01,0.008196540776407347,1.3654557675123216
2767,335,1340,22,2.3399999999999728,0.01,0.01037923417225968,1.357221441609519
2768,390,1557,25,2.889999999999961,0.01,0.014969171571298217,1.345728904617076
2769,249,993,16,1.479999999999991,0.01,0.02148054941414645,1.3450084867015961
2770,238,951,15,1.3699999999999934,0.01,0.018978248910694304,1.338842860722946
2771,19,76,1,-0.82,0.01,0.009234079532325268,1.3137603998184204
2772,251,1004,16,1.4999999999999907,0.01,0.013684210969903876,1.3451973748585535
2773,175,698,11,0.7400000000000013,0.01,0.009574647183233703,1.359854985367168
2774,196,783,13,0.9500000000000015,0.01,0.013370755285366761,1.348821642447491
2775,302,1205,20,2.00999999999998,0.01,0.018365834758927425,1.3491050879160562
2776,146,581,9,0.45000000000000107,0.01,0.022522529933249224,1.3433788499316655
2777,83,329,5,-0.1799999999999995,0.01,0.01009479972999543,1.34215749502182
2778,107,427,7,0.06000000000000072,0.01,0.010226730505194239,1.3588113828941628
2779,260,1039,17,1.5899999999999888,0.01,0.013636044443298417,1.3550995735021738
2780,313,1251,20,2.1199999999999775,0.01,0.012872880533671914,1.3560541424995813
2781,356,1424,23,2.5499999999999683,0.01,0.016046176130852,1.3442072037900432
2782,133,531,8,0.32000000000000095,0.01,0.008671543328091502,1.3445733505136825
2783,214,856,14,1.1299999999999986,0.01,0.020030915368137496,1.345863621189909
2784,343,1370,22,2.419999999999971,0.01,0.01381117831996837,1.3445767427599706
2785,41,161,2,-0.5999999999999999,0.01,0.006519421853590756,1.363963770866394
2786,74,293,4,-0.2699999999999996,0.01,0.009953289488820653,1.3421757785897506
2787,76,301,5,-0.24999999999999956,0.01,0.0174268264274456,1.3324106053302163
2788,271,1081,18,1.6999999999999864,0.01,0.01349650456660441,1.353480689561189
2789,357,1426,23,2.559999999999968,0.01,0.01554791694248302,1.350704104370541
2790,154,613,10,0.5300000000000011,0.01,0.013427894041677447,1.3370702329434847
2791,188,751,12,0.8700000000000014,0.01,0.019453685963526368,1.3399080519980573
2792,225,899,14,1.2399999999999962,0.01,0.018395276908579814,1.346377921955926
2793,146,584,9,0.45000000000000107,0.01,0.01605379785964819,1.363057787353928
2794,85,338,5,-0.15999999999999948,0.01,0.025509817304000967,1.3657107864107405
2795,163,650,10,0.6200000000000012,0.01,0.01381378794634124,1.3526254194538767
2796,83,330,5,-0.1799999999999995,0.01,0.02251073295649673,1.3462240241822743
2797,129,515,8,0.2800000000000009,0.01,0.017853412980912253,1.3502033427357674
2798,310,1239,20,2.089999999999978,0.01,0.009014181064006376,1.359963203405405
2799,190,759,12,0.8900000000000015,0.01,0.017468463799256522,1.3412703673044841
2800,306,1222,20,2.049999999999979,0.01,0.015628995036853378,1.3378421836777736
2801,264,1054,17,1.629999999999988,0.01,0.019749570600900122,1.3428071123180967
2802,176,703,11,0.7500000000000013,0.01,0.013660988926527683,1.3507410558787258
2803,179,715,11,0.7800000000000014,0.01,0.01663367908396241,1.3482451412412855
2804,194,775,12,0.9300000000000015,0.01,0.00829576816628402,1.3595507704481786
2805,217,866,14,1.159999999999998,0.01,0.02038038461641581,1.3427702100188643
2806,267,1065,17,1.6599999999999873,0.01,0.010962114794485604,1.3519048228192685
2807,211,844,14,1.0999999999999992,0.01,0.013983103401887301,1.3452995144403899
2808,145,580,9,0.44000000000000106,0.01,0.030240463158996724,1.358576242988174
2809,339,1354,22,2.379999999999972,0.01,0.016134036879520863,1.3451224366823833
2810,37,145,2,-0.6399999999999999,0.01,0.011733731534332038,1.332915222644806
2811,232,925,15,1.3099999999999947,0.01,0.012518435367383063,1.3516235392669151
2812,172,686,11,0.7100000000000013,0.01,0.00945983620273859,1.3517811436985814
2813,271,1084,18,1.6999999999999864,0.01,0.012111098582008437,1.3581569977660677
2814,90,357,5,-0.10999999999999943,0.01,0.014028581684333798,1.3548269375510837
2815,152,605,10,0.5100000000000011,0.01,0.018344333095132913,1.3486434409492893
2816,151,601,10,0.5000000000000011,0.01,0.016720053911405176,1.3549417414163287
2817,247,985,16,1.4599999999999915,0.01,0.015564630006546856,1.3453078836691184
2818,339,1355,22,2.379999999999972,0.01,0.01934431258465766,1.3433144849889418
2819,215,857,14,1.1399999999999983,0.01,0.02049510866938228,1.3496383715558935
2820,181,722,12,0.8000000000000014,0.01,0.01420669805827654,1.3546524710125394
2821,257,1026,17,1.5599999999999894,0.01,0.014884073836583411,1.3396310321986675
2822,183,729,12,0.8200000000000014,0.01,0.014643058206116699,1.3545832063840784
2823,55,220,3,-0.45999999999999974,0.01,0.019831953952754184,1.337146180016654
2824,118,472,7,0.17000000000000082,0.01,0.019699484844499363,1.3421078509297864
2825,180,718,11,0.7900000000000014,0.01,0.020256151812564994,1.338944747712877
2826,280,1120,18,1.7899999999999845,0.01,0.016927733418664763,1.3341364502906798
2827,160,638,10,0.5900000000000012,0.01,0.015773643425200136,1.3424798935651778
2828,103,410,6,0.020000000000000684,0.01,0.00965596996068668,1.352156895857591
2829,185,737,12,0.8400000000000014,0.01,0.01005604308422493,1.3600462571434353
2830,169,673,11,0.6800000000000013,0.01,0.013312550134372053,1.3574186729830364
2831,121,481,8,0.20000000000000084,0.01,0.011556613290061553,1.3555973211924235
2832,321,1282,21,2.1999999999999758,0.01,0.01766994481004076,1.355464841425419
2833,324,1295,21,2.229999999999975,0.01,0.015423665287398539,1.3434370402936582
2834,49,195,3,-0.5199999999999998,0.01,0.005655347224092111,1.3534914255142212
2835,269,1073,17,1.6799999999999868,0.01,0.012679786524077988,1.3566093830501331
2836,275,1099,18,1.7399999999999856,0.01,0.015962430714246106,1.339221139164532
2837,172,686,11,0.7100000000000013,0.01,0.015025587841803424,1.3451198145400647
2838,89,355,5,-0.11999999999999944,0.01,0.02016712429062666,1.3310092480286309
2839,286,1141,19,1.8499999999999832,0.01,0.01587465657970645,1.3461924405165122
2840,380,1520,25,2.789999999999963,0.01,0.013294382437475417,1.3333714196556492
2841,298,1192,19,1.9699999999999807,0.01,0.01570677708679189,1.3471188259124756
2842,254,1013,16,1.52999999999999,0.01,0.019523284957921577,1.334428762632703
2843,137,548,9,0.360000000000001,0.01,0.01786935285610311,1.3376018895822412
2844,258,1031,17,1.5699999999999892,0.01,0.019419138205166046,1.3363947739967934
2845,292,1167,19,1.909999999999982,0.01,0.018524348990966197,1.336792137524853
2846,177,705,11,0.7600000000000013,0.01,0.014390038141176443,1.3446077650243586
2847,498,1990,33,3.9699999999999385,0.01,0.017751534344628454,1.3412095279693603
2848,179,716,11,0.7800000000000014,0.01,0.01601677139247344,1.3350645032795994
2849,235,939,15,1.339999999999994,0.01,0.018510587848880787,1.3289942377704684
2850,122,485,8,0.21000000000000085,0.01,0.023342626101727926,1.3377598716366677
2851,203,812,13,1.020000000000001,0.01,0.014513435154221953,1.3375949096679687
2852,336,1344,22,2.3499999999999726,0.01,0.017657346749079546,1.3488474502449943
2853,304,1216,20,2.0299999999999794,0.01,0.01647011259889328,1.3353967227433856
2854,242,968,16,1.4099999999999926,0.01,0.015934983959238303,1.3320206442817313
2855,383,1531,25,2.8199999999999625,0.01,0.011210759571743742,1.340472227583329
2856,134,536,8,0.33000000000000096,0.01,0.016420698929295846,1.339129332340125
2857,141,561,9,0.400000000000001,0.01,0.014300182381910937,1.3459126131875174
2858,333,1331,22,2.319999999999973,0.01,0.014797509204418887,1.3283583039329165
2859,183,732,12,0.8200000000000014,0.01,0.015605292365782791,1.3274883482191298
2860,168,671,11,0.6700000000000013,0.01,0.013710000413647365,1.3408226739792597
2861,402,1608,26,3.009999999999959,0.01,0.01691083413880724,1.3328335816317265
2862,268,1071,17,1.669999999999987,0.01,0.009630950183413034,1.3393455619242653
2863,241,964,16,1.3999999999999928,0.01,0.014857162088931848,1.3363520741462707
2864,276,1101,18,1.7499999999999853,0.01,0.015304875799684205,1.337085913920748
2865,476,1901,31,3.749999999999943,0.01,0.017014106445037955,1.3264721922513818
2866,181,722,12,0.8000000000000014,0.01,0.01232572375382814,1.3378101931677924
2867,157,626,10,0.5600000000000012,0.01,0.010355751344468445,1.3456435739994048
2868,358,1432,23,2.569999999999968,0.01,0.015704897694090864,1.331207170915068
2869,364,1455,24,2.6299999999999666,0.01,0.01323909701006794,1.3358390069269872
2870,254,1013,16,1.52999999999999,0.01,0.014212457885150798,1.341674655675888
2871,153,612,10,0.5200000000000011,0.01,0.021364365955569634,1.3357523177799426
2872,295,1177,19,1.9399999999999813,0.01,0.01820301955779763,1.3366736431379576
2873,256,1022,17,1.5499999999999896,0.01,0.013150239281458198,1.3404259234666824
2874,83,331,5,-0.1799999999999995,0.01,0.013806681311689318,1.3659878373146057
2875,314,1255,20,2.1299999999999772,0.01,0.018285395077995578,1.343189603165735
2876,251,1004,16,1.4999999999999907,0.01,0.022786127656535614,1.3313152563004267
2877,503,2011,33,4.019999999999937,0.01,0.01149640071298927,1.346609727859497
2878,236,942,15,1.3499999999999939,0.01,0.015787551984569784,1.3384822202941118
2879,136,541,9,0.350000000000001,0.01,0.016550170404918713,1.3398000036968905
2880,299,1193,19,1.9799999999999804,0.01,0.016156526274668674,1.3397206608454386
2881,408,1632,27,3.0699999999999577,0.01,0.012155807153641373,1.335596998532613
2882,321,1282,21,2.1999999999999758,0.01,0.01323264856255264,1.3184584513306619
2883,376,1501,25,2.749999999999964,0.01,0.017234725945757978,1.326847861421869
2884,53,210,3,-0.47999999999999976,0.01,0.018675898235025152,1.333985183920179
2885,223,892,14,1.2199999999999966,0.01,0.017848613485693932,1.344933399287137
2886,190,759,12,0.8900000000000015,0.01,0.01462425037364786,1.3375224669774373
2887,133,532,8,0.32000000000000095,0.01,0.02902904674975258,1.333649602803317
2888,81,323,5,-0.1999999999999995,0.01,0.00823761344072409,1.3441887497901917
2889,430,1720,28,3.289999999999953,0.01,0.018297641471252537,1.3440687987539504
2890,181,722,12,0.8000000000000014,0.01,0.010889158837704195,1.3571872923109267
2891,367,1466,24,2.659999999999966,0.01,0.014771857253356797,1.3521378260591757
2892,430,1717,28,3.289999999999953,0.01,0.017550780465086558,1.350372537274227
2893,336,1343,22,2.3499999999999726,0.01,0.01670308248001328,1.3562008809475672
2894,101,401,6,6.661338147750939e-16,0.01,0.007559352890194322,1.379012378362509
2895,221,883,14,1.199999999999997,0.01,0.02087139223109592,1.3507014014504173
2896,334,1334,22,2.329999999999973,0.01,0.01307608609098986,1.3558748644518566
2897,170,677,11,0.6900000000000013,0.01,0.012086988302207616,1.3480088433554007
2898,218,869,14,1.1699999999999977,0.01,0.01991276050210689,1.3369982132205256
2899,157,625,10,0.5600000000000012,0.01,0.0064448994031408805,1.3639895886182785
2900,385,1540,25,2.839999999999962,0.01,0.011050015860140169,1.3508192660907905
2901,265,1058,17,1.6399999999999877,0.01,0.021667293897321957,1.3364437005736611
2902,81,321,5,-0.1999999999999995,0.01,0.010968092025723308,1.3383699119091035
2903,224,893,14,1.2299999999999964,0.01,0.010961699268331617,1.3465865296976907
2904,181,722,12,0.8000000000000014,0.01,0.020565619158214362,1.3365303874015808
2905,108,430,7,0.07000000000000073,0.01,0.013452999638738456,1.343146973186069
2906,302,1208,20,2.00999999999998,0.01,0.018739179658393064,1.321772216161092
2907,122,485,8,0.21000000000000085,0.01,0.019115947956790127,1.3138420581817627
2908,213,849,14,1.1199999999999988,0.01,0.01562119226568853,1.3080643325481776
2909,341,1364,22,2.3999999999999715,0.01,0.02012263306635706,1.3040856487610761
2910,408,1631,27,3.0699999999999577,0.01,0.016958173284507997,1.3114630556574054
2911,502,2007,33,4.009999999999938,0.01,0.012224740301635825,1.3152453379025535
2912,153,609,10,0.5200000000000011,0.01,0.014093933182793032,1.3159847322263216
2913,103,411,6,0.020000000000000684,0.01,0.01668741892521771,1.306470825121953
2914,259,1035,17,1.579999999999989,0.01,0.01257424299910781,1.3365148976445198
2915,483,1931,32,3.8199999999999417,0.01,0.014646168382576675,1.330268110125518
2916,371,1483,24,2.699999999999965,0.01,0.009606636204426327,1.3363558746153308
2917,144,574,9,0.43000000000000105,0.01,0.022942345906307712,1.3374383648236592
2918,425,1700,28,3.239999999999954,0.01,0.014596047147862473,1.3358894867717095
2919,418,1669,27,3.1699999999999555,0.01,0.014474966416933707,1.3407459588277908
2920,167,666,11,0.6600000000000013,0.01,0.015431202067880005,1.3389924241275322
2921,146,582,9,0.45000000000000107,0.01,0.013628454545412111,1.3460912027874508
2922,53,211,3,-0.47999999999999976,0.01,0.005259846901306166,1.3487471066988432
2923,160,638,10,0.5900000000000012,0.01,0.014086824224796147,1.352198189496994
2924,87,347,5,-0.13999999999999946,0.01,0.013826680729504336,1.331348950212652
2925,207,826,13,1.06,0.01,0.020285696521079026,1.3429766939236567
2926,240,958,15,1.389999999999993,0.01,0.01957425122964196,1.3535130719343822
2927,293,1169,19,1.9199999999999817,0.01,0.013381753228477214,1.3402537940299675
2928,253,1010,16,1.5199999999999902,0.01,0.015574323127992333,1.3417245546976726
2929,460,1840,30,3.5899999999999466,0.01,0.011640649589547969,1.3481147538060727
2930,183,730,12,0.8200000000000014,0.01,0.016276696665242882,1.336938096129376
2931,224,893,14,1.2299999999999964,0.01,0.01489766886308124,1.3452746804271425
2932,381,1524,25,2.799999999999963,0.01,0.012493910611067948,1.3378733095369841
2933,96,382,6,-0.04999999999999938,0.01,0.00563870654150378,1.3397247791290283
2934,245,978,16,1.439999999999992,0.01,0.013334599174711793,1.322208725038122
2935,55,220,3,-0.45999999999999974,0.01,0.021374954975077083,1.332948820931571
2936,195,780,13,0.9400000000000015,0.01,0.016620289591350118,1.3194211210523332
2937,202,808,13,1.0100000000000011,0.01,0.013533453515265137,1.3372145915031433
2938,83,329,5,-0.1799999999999995,0.01,0.0071523264216791305,1.3441470180238997
2939,111,441,7,0.10000000000000075,0.01,0.014149715728958004,1.3354956209659576
2940,247,986,16,1.4599999999999915,0.01,0.011137661223690356,1.3234637629601262
2941,252,1007,16,1.5099999999999905,0.01,0.009797615511897242,1.3161406687327795
2942,106,423,7,0.05000000000000071,0.01,0.023671982084544234,1.304191543505742
2943,165,660,11,0.6400000000000012,0.01,0.013308452019218082,1.3167183951633732
2944,234,935,15,1.3299999999999943,0.01,0.017155676129100433,1.3112631106780748
2945,220,878,14,1.1899999999999973,0.01,0.010318549606017769,1.315001934224909
2946,356,1422,23,2.5499999999999683,0.01,0.014546172614889533,1.3118559162268477
2947,272,1086,18,1.7099999999999862,0.01,0.011441622704938603,1.3211541859542622
2948,188,751,12,0.8700000000000014,0.01,0.012867208654457268,1.3133402352637433
2949,203,809,13,1.020000000000001,0.01,0.013100318421207952,1.3270408709843953
2950,106,421,7,0.05000000000000071,0.01,0.018462666274549868,1.3124161133399377
2951,127,506,8,0.2600000000000009,0.01,0.0172554297678289,1.3253008425235748
2952,118,469,7,0.17000000000000082,0.01,0.018990844431943422,1.3133752222718864
2953,262,1045,17,1.6099999999999883,0.01,0.01353486230999062,1.3296645536567226
2954,107,426,7,0.06000000000000072,0.01,0.012339119299280422,1.3244923264892012
2955,486,1944,32,3.849999999999941,0.01,0.01310487069027914,1.312866297635165
2956,361,1442,24,2.5999999999999672,0.01,0.013918691303115339,1.3155478768878512
2957,138,551,9,0.370000000000001,0.01,0.01230275268400354,1.3133832250322615
2958,685,2739,45,5.839999999999899,0.01,0.015097452506997584,1.3329118371706956
2959,309,1236,20,2.0799999999999783,0.01,0.01311332016711595,1.3290198112463023
2960,54,214,3,-0.46999999999999975,0.01,0.012559013707297189,1.3375719615391322
2961,236,944,15,1.3499999999999939,0.01,0.012953795782700813,1.333876371383667
2962,159,633,10,0.5800000000000012,0.01,0.009967967757256701,1.3330919027328492
2963,226,902,15,1.249999999999996,0.01,0.01170274661646025,1.3284586987325124
2964,144,576,9,0.43000000000000105,0.01,0.010332635794636898,1.34043112066057
2965,210,839,13,1.0899999999999994,0.01,0.018904501853405305,1.3216145465958793
2966,168,671,11,0.6700000000000013,0.01,0.011423032705871654,1.3407743942169916
2967,144,573,9,0.43000000000000105,0.01,0.015418482931434281,1.320344716310501
2968,467,1867,31,3.659999999999945,0.01,0.013775747030539888,1.3245686898971427
2969,227,905,15,1.2599999999999958,0.01,0.01739521764561926,1.3256265071400426
2970,89,355,5,-0.11999999999999944,0.01,0.022699733889153736,1.3243130933154712
2971,268,1070,17,1.669999999999987,0.01,0.013067934700329579,1.3206370979992312
2972,136,542,9,0.350000000000001,0.01,0.014343415866332018,1.3094363247647005
2973,230,920,15,1.2899999999999952,0.01,0.011995776805320177,1.314413294709962
2974,315,1257,20,2.139999999999977,0.01,0.017307479730276746,1.3099109673801856
2975,266,1061,17,1.6499999999999875,0.01,0.018159108832619633,1.3113495003093372
2976,367,1466,24,2.659999999999966,0.01,0.00993452153077511,1.3075806731763093
2977,239,953,15,1.3799999999999932,0.01,0.01598323774135982,1.3080602645874024
2978,182,728,12,0.8100000000000014,0.01,0.018276897083140082,1.2980886777242024
2979,157,627,10,0.5600000000000012,0.01,0.016297569319319267,1.3026446531980465
2980,173,692,11,0.7200000000000013,0.01,0.012083142704796046,1.3052277592095463
2981,200,797,13,0.9900000000000015,0.01,0.015741873907390982,1.3125179314613342
2982,420,1680,28,3.189999999999955,0.01,0.01408921175503305,1.2991042772928874
2983,83,331,5,-0.1799999999999995,0.01,0.018720358598511667,1.2903391003608704
2984,317,1266,21,2.1599999999999766,0.01,0.011709377072111237,1.2943339928984643
2985,708,2831,47,6.069999999999894,0.01,0.016699149004988752,1.2943559386635903
2986,297,1185,19,1.9599999999999809,0.01,0.01599179466752134,1.30107110416567
2987,183,730,12,0.8200000000000014,0.01,0.017946218439053908,1.30280748139257
2988,88,352,5,-0.12999999999999945,0.01,0.016202397586312145,1.3037309700792485
2989,448,1789,29,3.469999999999949,0.01,0.013812436948813098,1.2947717649596078
2990,225,897,14,1.2399999999999962,0.01,0.01558561744501016,1.2991332837513514
2991,204,813,13,1.0300000000000007,0.01,0.017559333042442508,1.2887069758246927
2992,183,729,12,0.8200000000000014,0.01,0.017042430580856846,1.291957184024479
2993,81,322,5,-0.1999999999999995,0.01,0.026748534652870148,1.278360664844513
2994,295,1178,19,1.9399999999999813,0.01,0.016059406576804013,1.2949765002405322
2995,227,908,15,1.2599999999999958,0.01,0.016275165111957385,1.3003041680370058
2996,402,1607,26,3.009999999999959,0.01,0.0199888594181157,1.3040844497114126
2997,178,710,11,0.7700000000000014,0.01,0.017285727107347073,1.2975172915241935
2998,118,472,7,0.17000000000000082,0.01,0.01661290510868033,1.3008678634961446
2999,222,885,14,1.2099999999999969,0.01,0.015308834256773646,1.3145874175158414
