gradient_step,loss
0,0.002090781694278121
7,0.036810193210840225
14,0.0003063972690142691
21,0.0011006062850356102
28,0.0006707437569275498
35,0.0008268604287877679
42,0.000550111464690417
49,0.033507175743579865
56,0.0008235321729443967
63,0.0007765490445308387
70,0.0006626354879699647
77,0.0005599245196208358
84,0.0004546653071884066
91,0.02965010516345501
98,0.000656716525554657
105,0.0007997983484528959
112,0.03155636414885521
119,0.00087872298900038
126,0.0004196496738586575
133,0.031183995306491852
140,0.030837856233119965
147,0.06335604935884476
154,0.02991965040564537
161,0.0010818908922374249
168,0.0011339830234646797
175,0.02788824401795864
182,0.0006961854523979127
189,0.0017301500774919987
196,0.03303748369216919
203,0.0011841020314022899
210,0.0009933790424838662
217,0.03088531084358692
224,0.000880551990121603
231,0.0007425412768498063
238,0.0007314739632420242
245,0.0008251618128269911
252,0.0016054940642789006
259,0.000590750714763999
266,0.034080494195222855
273,0.03413853794336319
280,0.0002626697241794318
287,0.0003847832849714905
294,0.030479397624731064
301,0.02956012636423111
308,0.0332111157476902
315,0.03238052502274513
322,0.000440095056546852
329,0.0003882954188156873
336,0.05921323597431183
343,0.03353431448340416
350,0.0006217742338776588
357,0.00047061662189662457
364,0.0006242344388738275
371,0.03618746995925903
378,0.030543392524123192
385,0.0002810907317325473
392,0.0005015539936721325
399,0.030963053926825523
406,0.00044972222531214356
413,0.03221794590353966
420,0.0005303089274093509
427,0.09157341718673706
434,0.00048681843327358365
441,0.000284578709397465
448,0.0002758161281235516
455,0.0003186443937011063
462,0.0006656532059423625
469,0.0006493618711829185
476,0.05561215430498123
483,0.0005351751460693777
490,0.0005355813773348927
497,0.0005979555426165462
504,0.0012426014291122556
511,0.0005210005328990519
518,0.0005514252698048949
525,0.0005540821584872901
532,0.00021184838260523975
539,0.0006387326866388321
546,0.000900092301890254
553,0.0005983625305816531
560,0.02926379069685936
567,0.00025615948834456503
574,0.03383858501911163
581,0.00041263230377808213
588,0.000620219623669982
595,0.0003893557586707175
602,0.0003151948330923915
609,0.0001015163870761171
616,0.027123738080263138
623,0.0003028734936378896
630,0.0290702972561121
637,0.0003362307033967227
644,0.02973475307226181
651,0.0005206724163144827
658,0.0008421221282333136
665,0.0010058803018182516
672,0.00031196183408610523
679,0.00019614127813838422
686,0.031283169984817505
693,0.00035453998134471476
700,0.0002588849747553468
707,0.0009350679465569556
714,0.0014746147207915783
721,0.032776590436697006
728,0.033280227333307266
735,0.001080782851204276
742,0.001297091948799789
749,0.0007516921032220125
756,0.0007537029450759292
763,0.0006946470821276307
770,0.00036682537756860256
777,0.0005177742568776011
784,0.0608060322701931
791,0.000837801257148385
798,0.0006336458027362823
805,0.0003028284409083426
812,0.02532578818500042
819,0.0007139249937608838
826,0.00037024408811703324
833,0.00034826184855774045
840,0.0004550629237201065
847,0.034309107810258865
854,0.00048548178165219724
861,0.00088239781325683
868,0.001107262447476387
875,0.00039698637556284666
882,0.00045370147563517094
889,0.0007081629591993988
896,0.0007768824580125511
903,0.0008252246771007776
910,0.0003952728002332151
917,0.020401183515787125
924,0.0007512751617468894
931,0.00040928524686023593
938,0.0007529701106250286
945,0.021691059693694115
952,0.0006242612143978477
959,0.00034719338873401284
966,0.00045747472904622555
973,0.03456665202975273
980,0.0005562958540394902
987,0.00046531902626156807
994,0.0002193802793044597
1001,0.001704169437289238
1008,0.000597436330281198
1015,0.000630021677352488
1022,0.000521315261721611
1029,0.0004151623579673469
1036,0.0005027611623518169
1043,0.000534817052539438
1050,0.060123149305582047
1057,0.0012954118428751826
1064,0.00072157644899562
1071,0.030616305768489838
1078,0.0014238087460398674
1085,0.00014738505706191063
1092,0.0004481322248466313
1099,0.0004233643994666636
1106,0.0003730948665179312
1113,0.00047648476902395487
1120,0.0004768268845509738
1127,0.0005525265587493777
1134,0.0005111024947836995
1141,0.0005151057848706841
1148,0.0633007287979126
1155,0.0011215605773031712
1162,0.00023266547941602767
1169,0.0006568063981831074
1176,0.00020513683557510376
1183,0.00030244432855397463
1190,0.000580782478209585
1197,0.00016854118439368904
1204,0.0005774255841970444
1211,0.0008887476287782192
1218,0.00043255125638097525
1225,0.000405107595724985
1232,0.03740004822611809
1239,0.0004150780732743442
1246,0.036650896072387695
1253,0.001943767536431551
1260,0.03443342447280884
1267,0.030589669942855835
1274,0.0005376248154789209
1281,0.0004897327744401991
1288,0.00040881254244595766
1295,0.0008149269851855934
1302,0.06632769852876663
1309,0.0008523245342075825
1316,0.0008917403174564242
1323,0.0014444391708821058
1330,0.0021987122017890215
1337,0.0362120158970356
1344,0.0004214679647702724
1351,0.0012890887446701527
1358,0.0006369616603478789
1365,0.028570692986249924
1372,0.035042036324739456
1379,0.001441432861611247
1386,0.0008197615388780832
1393,0.000531931291334331
1400,0.00025958786136470735
1407,0.000874618417583406
1414,0.0004976411582902074
1421,0.0004359903105068952
1428,0.0004999222001060843
1435,0.03436242789030075
1442,0.0004837499582208693
1449,0.0003079557209275663
1456,0.0008145836181938648
1463,0.00039200717583298683
1470,0.0004447813262231648
1477,0.0006614078301936388
1484,0.0004995632916688919
1491,0.0004101725062355399
1498,0.02750844694674015
1505,0.0015596034936606884
1512,0.000976908951997757
1519,0.000533681595697999
1526,0.00025793223176151514
1533,0.0012321157846599817
1540,0.00038722011959180236
1547,0.00023742033226881176
1554,0.0005524298758246005
1561,0.03671133890748024
1568,0.0002860274980776012
1575,0.0355972982943058
1582,0.0007069839630275965
1589,0.0010517275659367442
1596,0.0012401286512613297
1603,0.00035443867091089487
1610,0.00024247368855867535
1617,0.0002001561806537211
1624,0.00043669689330272377
1631,0.00102666683960706
1638,0.0005109612829983234
1645,0.00037176639307290316
1652,0.0005005841958336532
1659,0.0007709893397986889
1666,0.0008877748623490334
1673,0.0008428769651800394
1680,0.00025135843316093087
1687,0.0354638397693634
1694,0.0003324075951240957
1701,0.00038351901457645
1708,0.0003841696889139712
1715,0.0003638372290879488
1722,0.03490874543786049
1729,0.00040615545003674924
1736,0.0006975926226004958
1743,0.025036020204424858
1750,0.0017557949759066105
1757,0.0013681440614163876
1764,0.0007126496639102697
1771,0.000858066719956696
1778,0.0005630229134112597
1785,0.000658317469060421
1792,0.0009445299510844052
1799,0.000552824349142611
1806,0.03634491562843323
1813,0.0002626138157211244
1820,0.03665098920464516
1827,0.0018207239918410778
1834,0.00044896540930494666
1841,0.0006961438921280205
1848,0.0005485579604282975
1855,0.0004790331586264074
1862,0.0007517799385823309
1869,0.0005233443807810545
1876,0.000653213239274919
1883,0.0005670968675985932
1890,0.0005378368659876287
1897,0.025132229551672935
1904,0.0007408050005324185
1911,0.0007722593145444989
1918,0.0006227901321835816
1925,0.0008881100220605731
1932,0.0002535186358727515
1939,0.0005701140617020428
1946,0.0004419010365381837
1953,0.033227428793907166
1960,0.03438956290483475
1967,0.0009819846600294113
1974,0.0009216080652549863
1981,0.0006002436857670546
1988,0.03784207999706268
1995,0.0008488312596455216
2002,0.03586874529719353
2009,0.0008423367398791015
2016,0.00036232604179531336
2023,0.0006396818207576871
2030,0.0004339255392551422
2037,0.0009252181043848395
2044,0.00039301300421357155
2051,0.0006967008812353015
2058,0.000684929545968771
2065,0.0005232060793787241
2072,0.0006375261582434177
2079,0.00024238608602900058
2086,0.00043625192483887076
2093,0.0006774468347430229
2100,0.0006266977870836854
2107,0.00037332126521505415
2114,0.0006893501849845052
2121,0.0004808165831491351
2128,0.0009866820182651281
2135,0.0003429731586948037
2142,0.0005863668047823012
2149,0.0003553571878001094
2156,0.0007847227971069515
2163,0.00020776897144969553
2170,0.03402743861079216
2177,0.0007802612381055951
2184,0.0008643784676678479
2191,0.0005448635783977807
2198,0.00039863711572252214
2205,0.0009923978941515088
2212,0.04439041391015053
2219,0.0008598552085459232
2226,0.00028293466311879456
2233,0.0007219187100417912
2240,0.00037395028630271554
2247,0.03869114816188812
2254,0.001537454780191183
2261,0.0007604145212098956
2268,0.00040601572254672647
2275,0.04194840416312218
2282,0.0015568475937470794
2289,0.0005203018081374466
2296,0.0008265108335763216
2303,0.0011508350726217031
2310,0.0005921096308156848
2317,0.0007034704321995378
2324,0.0006676820339635015
2331,0.0005301560740917921
2338,0.0007833077688701451
2345,0.01567191630601883
2352,0.0007123324321582913
2359,0.023080362007021904
2366,0.026596836745738983
2373,0.0006353495409712195
2380,0.0010259472765028477
2387,0.037088148295879364
2394,0.0009101801551878452
2401,0.03494101017713547
2408,0.0004909589188173413
2415,0.0009101565228775144
2422,0.0007909432169981301
2429,0.00023264370975084603
2436,0.037908148020505905
2443,0.03349084407091141
2450,0.0016460258048027754
2457,0.0006362979183904827
2464,0.0012017629342153668
2471,0.0007226396701298654
2478,0.03739487752318382
2485,0.0006127674714662135
2492,0.0002519319241400808
2499,0.0006564584327861667
2506,0.0012469978537410498
2513,0.0006217374466359615
2520,0.0006123037310317159
2527,0.0004714920069091022
2534,0.000659975572489202
2541,0.06876015663146973
2548,0.0006911248783580959
2555,0.04954258352518082
2562,0.001321741146966815
2569,0.0009013453964143991
2576,0.0009329131571575999
2583,0.0008350824355147779
2590,0.04065452888607979
2597,0.0009868111228570342
2604,0.03685106337070465
2611,0.0007516922196373343
2618,0.0007013154099695385
2625,0.0007096849731169641
2632,0.00038409442640841007
2639,0.0006936960271559656
2646,0.00043124673538841307
2653,0.0005424261325970292
2660,0.0007838436868041754
2667,0.0011300856713205576
2674,0.0006936551653780043
2681,0.000293265184154734
2688,0.0008799011120572686
2695,0.0007181059336289763
2702,0.000648201210424304
2709,0.0004228081088513136
2716,0.0005173013778403401
2723,0.0003533672424964607
2730,0.0007050655549392104
2737,0.0012038792483508587
2744,0.0006776858353987336
2751,0.0010838990565389395
2758,0.0400630347430706
2765,0.0007784257177263498
2772,0.040130943059921265
2779,0.000901987194083631
2786,0.0007206496084108949
2793,0.0014806690160185099
2800,0.0011910966131836176
2807,0.0006587583338841796
2814,0.000672772410325706
2821,0.07042815536260605
2828,0.0007687098113819957
2835,0.0007747866329737008
2842,0.0005950657650828362
2849,0.00074626668356359
2856,0.0014444931875914335
2863,0.0015287268906831741
2870,0.0010445150546729565
2877,0.03266797587275505
2884,0.0014767831889912486
2891,0.001018337206915021
2898,0.00208913441747427
2905,0.001047812751494348
2912,0.07593094557523727
2919,0.0022150338627398014
2926,0.001449880888685584
2933,0.0015648636035621166
2940,0.0008448510197922587
2947,0.028263209387660027
2954,0.032815780490636826
2961,0.0009139500325545669
2968,0.001079309033229947
2975,0.051277268677949905
2982,0.001157229533419013
2989,0.0010297695407643914
2996,0.04079464450478554
3003,0.0011449300218373537
3010,0.033471591770648956
3017,0.000429304112913087
3024,0.0010799699230119586
3031,0.03801198676228523
3038,0.04732901230454445
3045,0.0007347115897573531
3052,0.03889235109090805
3059,0.0005056055379100144
3066,0.0019508107798174024
3073,0.0009577269083820283
3080,0.0005731161218136549
3087,0.00024187067174352705
3094,0.06623393297195435
3101,0.0009150597034022212
3108,0.0012827275786548853
3115,0.0014063679846003652
3122,0.0397690124809742
3129,0.0009769268799573183
3136,0.0008435285417363048
3143,0.03890612721443176
3150,0.0010865714866667986
3157,0.04021117463707924
3164,0.0008293514256365597
3171,0.0013037390308454633
3178,0.0007411944679915905
3185,0.0009655756293796003
3192,0.07529227435588837
3199,0.0013552977470681071
3206,0.03512713685631752
3213,0.002003682544454932
3220,0.02691085822880268
3227,0.0005839633522555232
3234,0.028886685147881508
3241,0.001151799107901752
3248,0.00033447108580730855
3255,0.0018819792894646525
3262,0.053067903965711594
3269,0.0009225801331922412
3276,0.001449743751436472
3283,0.0007717617554590106
3290,0.001409461721777916
3297,0.0006969085661694407
3304,0.0012769143795594573
3311,0.04020160436630249
3318,0.04180840775370598
3325,0.030186189338564873
3332,0.0006615358870476484
3339,0.0009464065078645945
3346,0.0011934187496080995
3353,0.040674228221178055
3360,0.0017772347200661898
3367,0.000501479022204876
3374,0.0007039654301479459
3381,0.0005103874718770385
3388,0.00157962366938591
3395,0.0009110280661843717
3402,0.025865251198410988
3409,0.0005008642910979688
3416,0.0007940760697238147
3423,0.001786098931916058
3430,0.000886153313331306
3437,0.0037091835401952267
3444,0.011898333206772804
3451,0.0016321400180459023
3458,0.000761639210395515
3465,0.0005727271782234311
3472,0.033590685576200485
3479,0.03787790983915329
3486,0.0010171605972573161
3493,0.0012755583738908172
3500,0.002031622687354684
3507,0.0011306433007121086
3514,0.0006082617328502238
3521,0.0011456375941634178
3528,0.0013570890296250582
3535,0.0010211954358965158
3542,0.0007586316205561161
3549,0.0011243160115554929
3556,0.0009558267192915082
3563,0.0016654955688863993
3570,0.001238727942109108
3577,0.0017351869028061628
3584,0.0014570328639820218
3591,0.0006275129271671176
3598,0.0013707542093470693
3605,0.0029838623013347387
3612,0.04383837431669235
3619,0.04882190003991127
3626,0.0010902449721470475
3633,0.0012486469931900501
3640,0.0013851674739271402
3647,0.000710051623173058
3654,0.0004930898430757225
3661,0.000507138785906136
3668,0.04270591214299202
3675,0.0009020052384585142
3682,0.0007226548623293638
3689,0.0011274267453700304
3696,0.001256181625649333
3703,0.0008041418623179197
3710,0.0014624625910073519
3717,0.0009226754191331565
3724,0.03753483667969704
3731,0.0017342136707156897
3738,0.0006325874128378928
3745,0.0013858932070434093
3752,0.0013490462442860007
3759,0.0003623390512075275
3766,0.0008604266331531107
3773,0.0005585773615166545
3780,0.0009523284970782697
3787,0.0007214994402602315
3794,0.0008553477237001061
3801,0.0008356849430128932
3808,0.0010271002538502216
3815,0.0012235695030540228
3822,0.0007306033512577415
3829,0.000739186885766685
3836,0.0707857608795166
3843,0.026294058188796043
3850,0.0026448555290699005
3857,0.0015443862648680806
3864,0.0009943436598405242
3871,0.001108352211304009
3878,0.0010318468557670712
3885,0.0015552915865555406
3892,0.0013086431426927447
3899,0.0011956985108554363
3906,0.002430850174278021
3913,0.002574541140347719
3920,0.0017381138168275356
3927,0.0021105757914483547
3934,0.0008041686378419399
3941,0.0008472250192426145
3948,0.03546625003218651
3955,0.0006658233469352126
3962,0.0014110843185335398
3969,0.00303591787815094
3976,0.0011236260179430246
3983,0.0006238077767193317
3990,0.0010675597004592419
3997,0.0016882026102393866
4004,0.001768380170688033
4011,0.03965512290596962
4018,0.000955387600697577
4025,0.0009327617008239031
4032,0.0007411197293549776
4039,0.0012011292856186628
4046,0.001021241769194603
4053,0.0007778315921314061
4060,0.0011025036219507456
4067,0.0009348742314614356
4074,0.0395679734647274
4081,0.0009896861156448722
4088,0.0008955305675044656
4095,0.04277533292770386
4102,0.0019344608299434185
4109,0.002077283337712288
4116,0.040772147476673126
4123,0.0010636842343956232
4130,0.0006829258054494858
4137,0.0013200154062360525
4144,0.001535992487333715
4151,0.043292950838804245
4158,0.0017055193893611431
4165,0.0005221470491960645
4172,0.0021359072998166084
4179,0.000673065020237118
4186,0.0008540113340131938
4193,0.04264374449849129
4200,0.03894864022731781
4207,0.041631557047367096
4214,0.0017371224239468575
4221,0.06394243240356445
4228,0.0013213198399171233
4235,0.001452254829928279
4242,0.002820673631504178
4249,0.0007804610067978501
4256,0.0013955035246908665
4263,0.03865741938352585
4270,0.0015631162095814943
4277,0.033174559473991394
4284,0.000775134889408946
4291,0.0014097829116508365
4298,0.0006833362858742476
4305,0.0013646893203258514
4312,0.0016092169098556042
4319,0.0009883674792945385
4326,0.05050146207213402
4333,0.033000700175762177
4340,0.0011234853882342577
4347,0.0010732089867815375
4354,0.0009267088025808334
4361,0.03453585132956505
4368,0.0013371692039072514
4375,0.0017350721172988415
4382,0.000600211089476943
4389,0.0020780800841748714
4396,0.0015404395526275039
4403,0.0013063010992482305
4410,0.0003735374193638563
4417,0.0569537952542305
4424,0.05453287810087204
4431,0.04547432065010071
4438,0.0011624109465628862
4445,0.0008602968300692737
4452,0.0009313572663813829
4459,0.0013681775890290737
4466,0.04713103175163269
4473,0.043866097927093506
4480,0.0011018281802535057
4487,0.045852381736040115
4494,0.046414539217948914
4501,0.0029668209608644247
4508,0.0019530163845047355
4515,0.0007330882363021374
4522,0.0012472367379814386
4529,0.0017285225912928581
4536,0.0007666809833608568
4543,0.0008458307711407542
4550,0.0014144262531772256
4557,0.0005173898534849286
4564,0.0013428853126242757
4571,0.0009064628975465894
4578,0.0015141026815399528
4585,0.001774736912921071
4592,0.0006519305752590299
4599,0.0009139197645708919
4606,0.0009919527219608426
4613,0.0016983704408630729
4620,0.0009363816934637725
4627,0.0011479724198579788
4634,0.0006954605341888964
4641,0.0010719310957938433
4648,0.001989923883229494
4655,0.04145289212465286
4662,0.0012282405514270067
4669,0.0011636910494416952
4676,0.0008276940789073706
4683,0.001153192250058055
4690,0.0007923492230474949
4697,0.00128143560141325
4704,0.04632970318198204
4711,0.002134987385943532
4718,0.0010243700817227364
4725,0.025081228464841843
4732,0.04109520837664604
4739,0.03413652256131172
4746,0.0029918216168880463
4753,0.038110457360744476
4760,0.002558122156187892
4767,0.04730277135968208
4774,0.0024464470334351063
4781,0.001314647262915969
4788,0.0024594650603830814
4795,0.0823877826333046
4802,0.0028808675706386566
4809,0.001327379373833537
4816,0.0025924541987478733
4823,0.0018239712808281183
4830,0.0010357382707297802
4837,0.036172349005937576
4844,0.04648121818900108
4851,0.04283047467470169
4858,0.0011283005587756634
4865,0.001712003257125616
4872,0.08418154716491699
4879,0.001292656408622861
4886,0.0007372511900030077
4893,0.03696345537900925
4900,0.05270315334200859
4907,0.002593560144305229
4914,0.021936772391200066
4921,0.03972265496850014
4928,0.05008942261338234
4935,0.0023691824171692133
4942,0.001658288179896772
4949,0.0011290714610368013
4956,0.0008760079508647323
4963,0.0030485326424241066
4970,0.057117756456136703
4977,0.04704386368393898
4984,0.002069390844553709
4991,0.002150799846276641
4998,0.0015779880341142416
5005,0.0038239830173552036
5012,0.0012453750241547823
5019,0.0016743683954700828
5026,0.0011696297442540526
5033,0.0018339541275054216
5040,0.0009550778195261955
5047,0.0013337824493646622
5054,0.0008015306666493416
5061,0.001376815722323954
5068,0.07048725336790085
5075,0.0011808457784354687
5082,0.0013361077290028334
5089,0.0008356500184163451
5096,0.0015326603315770626
5103,0.0007997946813702583
5110,0.04334932565689087
5117,0.0010327398777008057
5124,0.03849956765770912
5131,0.001348815392702818
5138,0.0017448470462113619
5145,0.00140188611112535
5152,0.0020710285753011703
5159,0.0019827403593808413
5166,0.001994187943637371
5173,0.002558180596679449
5180,0.002592097967863083
5187,0.0011569011257961392
5194,0.0012090643867850304
5201,0.042358677834272385
5208,0.002921731909736991
5215,0.0021641445346176624
5222,0.0027642720378935337
5229,0.04265209659934044
5236,0.0014662088360637426
5243,0.0009789352770894766
5250,0.001998377963900566
5257,0.0015965370694175363
5264,0.0006245358963496983
5271,0.04850200191140175
5278,0.0009267267887480557
5285,0.0014241286553442478
5292,0.002509952988475561
5299,0.0009909993968904018
5306,0.0013442285126075149
5313,0.06246403977274895
5320,0.0054229749366641045
5327,0.00210249749943614
5334,0.001622939482331276
5341,0.0008675430435687304
5348,0.0011349513661116362
5355,0.0010732358787208796
5362,0.0018709218129515648
5369,0.04809881001710892
5376,0.0005081203998997808
5383,0.037676796317100525
5390,0.0011232085525989532
5397,0.0014014109037816525
5404,0.0006734166527166963
5411,0.000965349841862917
5418,0.0011096654925495386
5425,0.0016587072750553489
5432,0.0006728807929903269
5439,0.0008175433613359928
5446,0.0012185225496068597
5453,0.0477365180850029
5460,0.0012687636772170663
5467,0.04890144243836403
5474,0.0008113699150271714
5481,0.001213235780596733
5488,0.0006338590756058693
5495,0.0013136104680597782
5502,0.0015481915324926376
5509,0.08705787360668182
5516,0.001357613829895854
5523,0.0010671804193407297
5530,0.0009478222345933318
5537,0.0010105583351105452
5544,0.003214324591681361
5551,0.0012492345413193107
5558,0.0009676264598965645
5565,0.004179729148745537
5572,0.0032817996107041836
5579,0.04672212153673172
5586,0.02582235261797905
5593,0.0016181846149265766
5600,0.11920444667339325
5607,0.0008982873987406492
5614,0.0016597866779193282
5621,0.0035087994765490294
5628,0.0008613577811047435
5635,0.0014081632252782583
5642,0.0023611136712133884
5649,0.0014789646957069635
5656,0.0014993625227361917
5663,0.0010458998149260879
5670,0.001969524659216404
5677,0.04843607917428017
5684,0.0013145969714969397
5691,0.04465038701891899
5698,0.003657198278233409
5705,0.03726908192038536
5712,0.044057540595531464
5719,0.04304727911949158
5726,0.0011897198855876923
5733,0.00383499963209033
5740,0.0011615331750363111
5747,0.0016548605635762215
5754,0.002224873984232545
5761,0.0024982262402772903
5768,0.0010258012916892767
5775,0.0018670237623155117
5782,0.041604142636060715
5789,0.000996359041891992
5796,0.05214782431721687
5803,0.0019076124299317598
5810,0.0031041984912008047
5817,0.001192225143313408
5824,0.0006172254798002541
5831,0.0026254551485180855
5838,0.0022099155467003584
5845,0.0010046635288745165
5852,0.003283218014985323
5859,0.0013377536088228226
5866,0.0011139585403725505
5873,0.0008451799512840807
5880,0.05703166127204895
5887,0.04198513180017471
5894,0.001202636631205678
5901,0.002862769179046154
5908,0.0019825028721243143
5915,0.003019572701305151
5922,0.042172860354185104
5929,0.0014676237478852272
5936,0.001285199774429202
5943,0.05655544251203537
5950,0.0027277213521301746
5957,0.0012163863284513354
5964,0.0018254606984555721
5971,0.0012713504256680608
5978,0.0018382829148322344
5985,0.0015893096569925547
5992,0.001263242680579424
5999,0.050300054252147675
6006,0.002846134826540947
6013,0.0015828893519937992
6020,0.0012519785668700933
6027,0.0016174803022295237
6034,0.0013016704469919205
6041,0.048944201320409775
6048,0.0009762428235262632
6055,0.001071808859705925
6062,0.0009447566117160022
6069,0.0006509183440357447
6076,0.0011362931691110134
6083,0.0016899057663977146
6090,0.08714711666107178
6097,0.003712473204359412
6104,0.0011497746454551816
6111,0.0009222880471497774
6118,0.0025969194248318672
6125,0.0009553610580042005
6132,0.00418216735124588
6139,0.002051117829978466
6146,0.0006533119594678283
6153,0.04392063245177269
6160,0.001102552399970591
6167,0.0017999546835198998
6174,0.001496922574006021
6181,0.0017986338352784514
6188,0.000780465779826045
6195,0.0020086034201085567
6202,0.047275643795728683
6209,0.06459056586027145
6216,0.001546145649626851
6223,0.0007099616341292858
6230,0.003730888944119215
6237,0.0032465432304888964
6244,0.00042390322778373957
6251,0.0021114700939506292
6258,0.0032230508513748646
6265,0.04391055181622505
6272,0.07349386066198349
6279,0.0018000262789428234
6286,0.002667759545147419
6293,0.0027489550411701202
6300,0.0014417818747460842
6307,0.0016807649517431855
6314,0.0037286800798028708
6321,0.002551065757870674
6328,0.0023175603710114956
6335,0.0010557553032413125
6342,0.001744260429404676
6349,0.0017050381284207106
6356,0.0008146227337419987
6363,0.05143142119050026
6370,0.0030349954031407833
6377,0.0008842515526339412
6384,0.001641101436689496
6391,0.0018329876475036144
6398,0.0023043020628392696
6405,0.08283063024282455
6412,0.002521809656172991
6419,0.04863457754254341
6426,0.0016036499291658401
6433,0.001678325585089624
6440,0.002435858827084303
6447,0.045757513493299484
6454,0.05377209186553955
6461,0.0035333437845110893
6468,0.0014777148608118296
6475,0.0019147763960063457
6482,0.0014536899980157614
6489,0.001895566238090396
6496,0.001081393682397902
6503,0.001968294382095337
6510,0.0013155345804989338
6517,0.0025191756431013346
6524,0.001902180491015315
6531,0.001859357813373208
6538,0.0019275764934718609
6545,0.0024244594387710094
6552,0.0015066040214151144
6559,0.0478489026427269
6566,0.0013911875430494547
6573,0.046857282519340515
6580,0.0011516455560922623
6587,0.05010324344038963
6594,0.0031211553141474724
6601,0.04213233292102814
6608,0.00175084313377738
6615,0.0023048571310937405
6622,0.0016342645976692438
6629,0.001434176811017096
6636,0.001203864230774343
6643,0.002518407767638564
6650,0.0009693779866211116
6657,0.003551691770553589
6664,0.0015559362946078181
6671,0.0016303026350215077
6678,0.058995313942432404
6685,0.002380463294684887
6692,0.004108702763915062
6699,0.0019027303205803037
6706,0.0411493219435215
6713,0.0017182582523673773
6720,0.06735695898532867
6727,0.001314847031608224
6734,0.0014288094826042652
6741,0.0023742911871522665
6748,0.0011618732241913676
6755,0.0024414886720478535
6762,0.0016049121040850878
6769,0.0020380509085953236
6776,0.09484972059726715
6783,0.0017754025757312775
6790,0.002880559768527746
6797,0.0004625972651410848
6804,0.001754973316565156
6811,0.004354947246611118
6818,0.001489490270614624
6825,0.001307930564507842
6832,0.09767612814903259
6839,0.05278647691011429
6846,0.002917785895988345
6853,0.001086912234313786
6860,0.0014967547031119466
6867,0.003211911302059889
6874,0.004409319255501032
6881,0.0019855680875480175
6888,0.002670508809387684
6895,0.001051172032020986
6902,0.003532710950821638
6909,0.004742487333714962
6916,0.002507515251636505
6923,0.002569344360381365
6930,0.0024609342217445374
6937,0.0007528660353273153
6944,0.0029815551824867725
6951,0.0008544615702703595
6958,0.0017552146455273032
6965,0.001016832422465086
6972,0.001882745185866952
6979,0.0035075312480330467
6986,0.002808013930916786
6993,0.05438469350337982
7000,0.0037818560376763344
7007,0.0025160012301057577
7014,0.0021106060594320297
7021,0.0023055817000567913
7028,0.08363617956638336
7035,0.001283720601350069
7042,0.05543706938624382
7049,0.0013230913318693638
7056,0.0016814753180369735
7063,0.06414172798395157
7070,0.001913857995532453
7077,0.038707051426172256
7084,0.0016841413453221321
7091,0.004222016781568527
7098,0.0030168872326612473
7105,0.0017454735934734344
7112,0.0020370364654809237
7119,0.0011823954991996288
7126,0.05854615569114685
7133,0.0026368857361376286
7140,0.0025764047168195248
7147,0.0006211131112650037
7154,0.055190958082675934
7161,0.0021889994386583567
7168,0.0017525881994515657
7175,0.0025656702928245068
7182,0.0019088403787463903
7189,0.0018195295706391335
7196,0.0012764327693730593
7203,0.004218350630253553
7210,0.05007350817322731
7217,0.0017494854982942343
7224,0.0019147080602124333
7231,0.004502698313444853
7238,0.0016312128864228725
7245,0.001352996681816876
7252,0.0017506477888673544
7259,0.054255448281764984
7266,0.046676065772771835
7273,0.0014563112054020166
7280,0.053181469440460205
7287,0.05723828077316284
7294,0.002115167211741209
7301,0.0016736688558012247
7308,0.003041503019630909
7315,0.0008392358431592584
7322,0.0020674027036875486
7329,0.001716989791020751
7336,0.0022028509993106127
7343,0.0014094613725319505
7350,0.054390884935855865
7357,0.0021629990078508854
7364,0.05535433068871498
7371,0.001998055027797818
7378,0.07269181311130524
7385,0.0018916437402367592
7392,0.0013031878042966127
7399,0.0019835394341498613
7406,0.10019952058792114
7413,0.002684337552636862
7420,0.003041085321456194
7427,0.0022468941751867533
7434,0.002213822677731514
7441,0.0016642141854390502
7448,0.052595172077417374
7455,0.0017997112590819597
7462,0.0016958806663751602
7469,0.0020502523984760046
7476,0.001429381431080401
7483,0.044603876769542694
7490,0.0008674882119521499
7497,0.0017555216327309608
7504,0.0526665635406971
7511,0.0020484570413827896
7518,0.00207636971026659
7525,0.0016757502453401685
7532,0.0026370869018137455
7539,0.053528472781181335
7546,0.07045020163059235
7553,0.0036200350150465965
7560,0.06004548817873001
7567,0.005663326010107994
7574,0.003951054532080889
7581,0.002238114131614566
7588,0.00333202606998384
7595,0.0023088017478585243
7602,0.0018826255109161139
7609,0.0013580997474491596
7616,0.006094489246606827
7623,0.0015585304936394095
7630,0.0023099412210285664
7637,0.00164582091383636
7644,0.037123557180166245
7651,0.0029896311461925507
7658,0.00255086412653327
7665,0.0010720975697040558
7672,0.0026115886867046356
7679,0.0020694565027952194
7686,0.0014105233130976558
7693,0.0014648332726210356
7700,0.0008855636115185916
7707,0.0015789304161444306
7714,0.00330092990770936
7721,0.0008190224762074649
7728,0.01591923087835312
7735,0.0034941155463457108
7742,0.0021861104760318995
7749,0.0013880524784326553
7756,0.0011779752094298601
7763,0.0007260129787027836
7770,0.001169298542663455
7777,0.002707116072997451
7784,0.002833373611792922
7791,0.0032943454571068287
7798,0.003360381815582514
7805,0.0021343815606087446
7812,0.001058286288753152
7819,0.060506097972393036
7826,0.0027525508776307106
7833,0.05416436120867729
7840,0.002042873529717326
7847,0.003115978091955185
7854,0.0017841196386143565
7861,0.0023855657782405615
7868,0.055901940912008286
7875,0.002623641164973378
7882,0.061440542340278625
7889,0.005856864154338837
7896,0.05277731642127037
7903,0.0042808703146874905
7910,0.0030823745764791965
7917,0.0021104428451508284
7924,0.0015538791194558144
7931,0.0011107476893812418
7938,0.0026670496445149183
7945,0.001897015143185854
7952,0.004305026959627867
7959,0.0012490492081269622
7966,0.0018501707818359137
7973,0.049561940133571625
7980,0.001974523300305009
7987,0.00297107663936913
7994,0.0013717957772314548
8001,0.047652099281549454
8008,0.0019039984326809645
8015,0.0016047770623117685
8022,0.05339515581727028
8029,0.001904480392113328
8036,0.0015079780714586377
8043,0.0022483100183308125
8050,0.0023659849539399147
8057,0.07852040231227875
8064,0.0027884053997695446
8071,0.002399677410721779
8078,0.0012955726124346256
8085,0.0543326735496521
8092,0.0020979554392397404
8099,0.0015493633691221476
8106,0.00100504991132766
8113,0.0710490271449089
8120,0.0024235500022768974
8127,0.03006717376410961
8134,0.05659514293074608
8141,0.0010092390002682805
8148,0.03526126593351364
8155,0.0006990132387727499
8162,0.002197477500885725
8169,0.00204914971254766
8176,0.002851453609764576
8183,0.002129445318132639
8190,0.0008300498011521995
8197,0.0014923554845154285
8204,0.004316775128245354
8211,0.007234127260744572
8218,0.002614041790366173
8225,0.07527273893356323
8232,0.0038385670632123947
8239,0.04729145020246506
8246,0.0576840378344059
8253,0.05370359867811203
8260,0.002331504598259926
8267,0.000946260872296989
8274,0.003340826602652669
8281,0.0550943985581398
8288,0.06765446066856384
8295,0.0026213726960122585
8302,0.04327172040939331
8309,0.0019415419083088636
8316,0.0028745175804942846
8323,0.0016421172767877579
8330,0.0024238370824605227
8337,0.05055134743452072
8344,0.004213633481413126
8351,0.06744129955768585
8358,0.00311464024707675
8365,0.002535104053094983
8372,0.0019584728870540857
8379,0.0017222461756318808
8386,0.001749844173900783
8393,0.0028792028315365314
8400,0.0048176925629377365
8407,0.0026010365691035986
8414,0.004922577179968357
8421,0.0035575779620558023
8428,0.002209040801972151
8435,0.0040131667628884315
8442,0.0035224934108555317
8449,0.002760067116469145
8456,0.0015110104577615857
8463,0.001991703175008297
8470,0.007289011962711811
8477,0.002337409881874919
8484,0.0012827031314373016
8491,0.003312317654490471
8498,0.0019948002882301807
8505,0.12300577014684677
8512,0.0024836112279444933
8519,0.0012146843364462256
8526,0.0017055325442925096
8533,0.05319150537252426
8540,0.0023705295752733946
8547,0.0015814476646482944
8554,0.0009887254564091563
8561,0.08018386363983154
8568,0.005364822689443827
8575,0.002912502968683839
8582,0.003142136847600341
8589,0.002809885423630476
8596,0.000989275984466076
8603,0.002667719963937998
8610,0.06766457855701447
8617,0.002734716050326824
8624,0.004893775563687086
8631,0.0032660614233464003
8638,0.003336526220664382
8645,0.05827314406633377
8652,0.0026479039806872606
8659,0.08179810643196106
8666,0.06268326938152313
8673,0.0020364299416542053
8680,0.002295173006132245
8687,0.11279821395874023
8694,0.003330226056277752
8701,0.0031668408773839474
8708,0.00262401788495481
8715,0.003999144304543734
8722,0.0028595486655831337
8729,0.003185033332556486
8736,0.060562167316675186
8743,0.004383310209959745
8750,0.05563347041606903
8757,0.002688711741939187
8764,0.003515206277370453
8771,0.0016907991375774145
8778,0.001627144287340343
8785,0.0018463106825947762
8792,0.00285154115408659
8799,0.006143972743302584
8806,0.057973504066467285
8813,0.08656136691570282
8820,0.004267222248017788
8827,0.001104006078094244
8834,0.09334799647331238
8841,0.05560706555843353
8848,0.06293106824159622
8855,0.0015671162400394678
8862,0.003453887067735195
8869,0.0025397485587745905
8876,0.05222958326339722
8883,0.004215610213577747
8890,0.11582259833812714
8897,0.08472002297639847
8904,0.002418446121737361
8911,0.062430284917354584
8918,0.0037007546052336693
8925,0.0024848931934684515
8932,0.0014361004577949643
8939,0.08485499769449234
8946,0.002392108552157879
8953,0.0022838786244392395
8960,0.0024053871165961027
8967,0.0013670595362782478
8974,0.0725986510515213
8981,0.06884671747684479
8988,0.0037541943602263927
8995,0.003278895281255245
9002,0.06548552215099335
9009,0.030851075425744057
9016,0.0025164950639009476
9023,0.07406418770551682
9030,0.002001795219257474
9037,0.007314414717257023
9044,0.05874042958021164
9051,0.0023937399964779615
9058,0.04996100440621376
9065,0.05897411331534386
9072,0.0010332486126571894
9079,0.0034888728987425566
9086,0.00554704898968339
9093,0.003349647857248783
9100,0.002483800984919071
9107,0.0037677688524127007
9114,0.00254743336699903
9121,0.0030547655187547207
9128,0.0029609380289912224
9135,0.0015560787869617343
9142,0.005140326917171478
9149,0.007061970420181751
9156,0.0031593346502631903
9163,0.002134426264092326
9170,0.004400837235152721
9177,0.0024716402404010296
9184,0.003536849981173873
9191,0.0022414815612137318
9198,0.002550684381276369
9205,0.0786079689860344
9212,0.0027116485871374607
9219,0.005564768332988024
9226,0.0012265220284461975
9233,0.0018044370226562023
9240,0.0615723580121994
9247,0.005387129727751017
9254,0.004412437789142132
9261,0.005432913079857826
9268,0.04448869451880455
9275,0.0015248324489220977
9282,0.0025957501493394375
9289,0.0035473627503961325
9296,0.005248683504760265
9303,0.0025499756447970867
9310,0.0031379018910229206
9317,0.05522691830992699
9324,0.06532976776361465
9331,0.0037352952640503645
9338,0.0021914506796747446
9345,0.002682560123503208
9352,0.004065374843776226
9359,0.003006146987900138
9366,0.05826876685023308
9373,0.0028984909877181053
9380,0.06579339504241943
9387,0.004108218010514975
9394,0.002663104562088847
9401,0.0020263472106307745
9408,0.06367245316505432
9415,0.0034335614182054996
9422,0.0027498225681483746
9429,0.0033681485801935196
9436,0.0029016570188105106
9443,0.05989586189389229
9450,0.08433201909065247
9457,0.0028479495085775852
9464,0.05557248741388321
9471,0.0037190262228250504
9478,0.1145285964012146
9485,0.06161744147539139
9492,0.002303838264197111
9499,0.10822177678346634
9506,0.002847100608050823
9513,0.0029354337602853775
9520,0.0028209229931235313
9527,0.0031901393085718155
9534,0.003575187409296632
9541,0.00392545759677887
9548,0.06349363178014755
9555,0.0030632265843451023
9562,0.0037090168334543705
9569,0.003711770521476865
9576,0.005475189536809921
9583,0.001637573353946209
9590,0.05539028346538544
9597,0.003442358924075961
9604,0.004286420997232199
9611,0.0018405140144750476
9618,0.001957489177584648
9625,0.0036032353527843952
9632,0.001665089512243867
9639,0.08081279695034027
9646,0.0056344857439398766
9653,0.00289753545075655
9660,0.004720350261777639
9667,0.0008689806563779712
9674,0.049503568559885025
9681,0.0026777125895023346
9688,0.0017831105506047606
9695,0.0024215271696448326
9702,0.05952491611242294
9709,0.004161431919783354
9716,0.0014488135930150747
9723,0.002437777817249298
9730,0.0425555557012558
9737,0.003910730592906475
9744,0.0026946144644171
9751,0.003650043858215213
9758,0.004086023196578026
9765,0.003263216931372881
9772,0.001410747179761529
9779,0.04900791496038437
9786,0.0018678829073905945
9793,0.003123270347714424
9800,0.0021774042397737503
9807,0.0019231481710448861
9814,0.0020153378136456013
9821,0.0026651863008737564
9828,0.08269812166690826
9835,0.0034927029628306627
9842,0.003819922683760524
9849,0.0022816970013082027
9856,0.0011685045901685953
9863,0.004676143638789654
9870,0.0011189793003723025
9877,0.0019270277116447687
9884,0.0012848787009716034
9891,0.0031844789627939463
9898,0.002490405458956957
9905,0.09232810884714127
9912,0.045649342238903046
9919,0.08701658248901367
9926,0.0014745742082595825
9933,0.0037483652122318745
9940,0.06193635240197182
9947,0.0033004418946802616
9954,0.002401965204626322
9961,0.002388746477663517
9968,0.0029704971238970757
9975,0.0011273410636931658
9982,0.002476418623700738
9989,0.0026343422941863537
9996,0.0017614277312532067
10003,0.0028929845429956913
10010,0.10078756511211395
10017,0.00418453523889184
10024,0.0012574712745845318
10031,0.002367764012888074
10038,0.002257209736853838
10045,0.0018134367419406772
10052,0.004300141707062721
10059,0.0018237007316201925
10066,0.0013733597006648779
10073,0.0029565352015197277
10080,0.001308494247496128
10087,0.0023108189925551414
10094,0.0033698370680212975
10101,0.060606230050325394
10108,0.05973980203270912
10115,0.0014515919610857964
10122,0.0024643915239721537
10129,0.0020657931454479694
10136,0.08125390112400055
10143,0.002081071026623249
10150,0.05678245425224304
10157,0.0016214977949857712
10164,0.18285983800888062
10171,0.007339588366448879
10178,0.0023797955363988876
10185,0.0032611542847007513
10192,0.003971240948885679
10199,0.07159259170293808
10206,0.004671389237046242
10213,0.003841186873614788
10220,0.05259109288454056
10227,0.04573041573166847
10234,0.0021323966793715954
10241,0.06225985661149025
10248,0.0009757986408658326
10255,0.002399399410933256
10262,0.0025069876573979855
10269,0.003043573349714279
10276,0.059898506850004196
10283,0.10987725853919983
10290,0.006221963558346033
10297,0.0025722207501530647
10304,0.0034552908036857843
10311,0.003189570503309369
10318,0.001974875805899501
10325,0.0015187682583928108
10332,0.0014906460419297218
10339,0.004085669759660959
10346,0.04401630535721779
10353,0.0019314875826239586
10360,0.0028020301833748817
10367,0.07071000337600708
10374,0.0020186943002045155
10381,0.0013195036444813013
10388,0.002809388330206275
10395,0.0023894640617072582
10402,0.03241309896111488
10409,0.006457527633756399
10416,0.00481382617726922
10423,0.0016122356755658984
10430,0.002204319927841425
10437,0.0024421284906566143
10444,0.0019184695556759834
10451,0.002611710922792554
10458,0.007576075382530689
10465,0.0027972692623734474
10472,0.003168143332004547
10479,0.0012891970109194517
10486,0.0014673580881208181
10493,0.0017727911472320557
10500,0.0036781730595976114
10507,0.003490645904093981
10514,0.0030475310049951077
10521,0.0013349868822842836
10528,0.0034279655665159225
10535,0.005499233957380056
10542,0.0017408882267773151
10549,0.04803001880645752
10556,0.0016624623676761985
10563,0.002177282702177763
10570,0.002843668917194009
10577,0.06687138229608536
10584,0.003943802788853645
10591,0.0008609989890828729
10598,0.005157105624675751
10605,0.0021200384944677353
10612,0.0025920714251697063
10619,0.002632510382682085
10626,0.07182687520980835
10633,0.0036245440132915974
10640,0.003917675465345383
10647,0.001760793151333928
10654,0.002092011272907257
10661,0.0019471005070954561
10668,0.003626026213169098
10675,0.0025574886240065098
10682,0.0027493631932884455
10689,0.001654127612709999
10696,0.0026414217427372932
10703,0.002573501318693161
10710,0.002161598764359951
10717,0.002006575930863619
10724,0.13763579726219177
10731,0.005536909215152264
10738,0.06717728823423386
10745,0.06598036736249924
10752,0.0024883002042770386
10759,0.0034270293544977903
10766,0.003976190462708473
10773,0.0019041956402361393
10780,0.10000639408826828
10787,0.0038823322393000126
10794,0.003142457688227296
10801,0.08279357850551605
10808,0.0017266045324504375
10815,0.004221456591039896
10822,0.0016048736870288849
10829,0.055632803589105606
10836,0.003085304284468293
10843,0.002468276768922806
10850,0.0049752541817724705
10857,0.0012561684707179666
10864,0.059342194348573685
10871,0.0016821573954075575
10878,0.001915973611176014
10885,0.0022390279918909073
10892,0.0037523906212300062
10899,0.0024025444872677326
10906,0.0026574223302304745
10913,0.004894722253084183
10920,0.06786447018384933
10927,0.0022612004540860653
10934,0.003205624409019947
10941,0.006222599186003208
10948,0.0026777563616633415
10955,0.001839070930145681
10962,0.0015209224075078964
10969,0.003036743961274624
10976,0.0028046048246324062
10983,0.004314107820391655
10990,0.0027110641822218895
10997,0.0024142987094819546
11004,0.0017765002558007836
11011,0.0019802656024694443
11018,0.0027679437771439552
11025,0.005748458672314882
11032,0.005314440466463566
11039,0.05951068177819252
11046,0.08072534203529358
11053,0.0035910068545490503
11060,0.0017509760800749063
11067,0.05211348459124565
11074,0.0026393041480332613
11081,0.0016991083975881338
11088,0.0027266284450888634
11095,0.002381723141297698
11102,0.09443725645542145
11109,0.001508041168563068
11116,0.06555718183517456
11123,0.0018172261770814657
11130,0.007488758768886328
11137,0.08316031098365784
11144,0.12251986563205719
11151,0.0048559620045125484
11158,0.0058776685036718845
11165,0.00492926687002182
11172,0.004193550441414118
11179,0.0895191952586174
11186,0.065790094435215
11193,0.003082991810515523
11200,0.0029993432108312845
11207,0.002893513534218073
11214,0.00262700067833066
11221,0.08920957893133163
11228,0.004372076131403446
11235,0.012924140319228172
11242,0.002468717284500599
11249,0.0028937412425875664
11256,0.004155335016548634
11263,0.05495831370353699
11270,0.0029917622450739145
11277,0.0031413757242262363
11284,0.057921625673770905
11291,0.0019570509903132915
11298,0.0026271578390151262
11305,0.005228612571954727
11312,0.0039279707707464695
11319,0.0023491422180086374
11326,0.00301107089035213
11333,0.0030393393244594336
11340,0.0023171899374574423
11347,0.04790807142853737
11354,0.0620088167488575
11361,0.05857642740011215
11368,0.0022701919078826904
11375,0.005747569724917412
11382,0.003340028692036867
11389,0.0032667526975274086
11396,0.0015058565186336637
11403,0.0035319996532052755
11410,0.00522875739261508
11417,0.00315583567135036
11424,0.0013849388342350721
11431,0.05395404249429703
11438,0.0030733649618923664
11445,0.002897513099014759
11452,0.0016993574099615216
11459,0.0017408638959750533
11466,0.0022827128414064646
11473,0.0019476688466966152
11480,0.0025013680569827557
11487,0.0015258810017257929
11494,0.0029645501635968685
11501,0.0031367887277156115
11508,0.0027727154083549976
11515,0.0015819225227460265
11522,0.004866995848715305
11529,0.0672699436545372
11536,0.0016833345871418715
11543,0.003578882897272706
11550,0.0672006756067276
11557,0.0033976431004703045
11564,0.0011814709287136793
11571,0.004856017418205738
11578,0.0920766070485115
11585,0.004076042212545872
11592,0.003662335919216275
11599,0.08153752237558365
11606,0.003274612594395876
11613,0.0014821677468717098
11620,0.003645686898380518
11627,0.005949546582996845
11634,0.00552744185552001
11641,0.0036120503209531307
11648,0.058271657675504684
11655,0.07484152168035507
11662,0.0033190862741321325
11669,0.0019123280653730035
11676,0.07525226473808289
11683,0.0030556796118617058
11690,0.0035124518908560276
11697,0.002529389690607786
11704,0.002762309042736888
11711,0.0024769967421889305
11718,0.005112623795866966
11725,0.007131757214665413
11732,0.05722323805093765
11739,0.002245725132524967
11746,0.0010475778253749013
11753,0.07068351656198502
11760,0.07070952653884888
11767,0.0035531106404960155
11774,0.0054073641076684
11781,0.004075211007148027
11788,0.004143995698541403
11795,0.06871115416288376
11802,0.0019524544477462769
11809,0.007664286531507969
11816,0.003176884725689888
11823,0.0018421538406983018
11830,0.0026637082919478416
11837,0.09331890940666199
11844,0.004290493670850992
11851,0.004227879457175732
11858,0.0015941739547997713
11865,0.005370673723518848
11872,0.0028147881384938955
11879,0.09937869012355804
11886,0.004316065460443497
11893,0.004725170787423849
11900,0.004292219877243042
11907,0.004242366645485163
11914,0.0038552777841687202
11921,0.003335838206112385
11928,0.008674776181578636
11935,0.0023216772824525833
11942,0.004166935104876757
11949,0.07160583883523941
11956,0.0021243360824882984
11963,0.0022786427289247513
11970,0.004400291480123997
11977,0.004699742887169123
11984,0.0037190851289778948
11991,0.003023785073310137
11998,0.004039339255541563
12005,0.12652906775474548
12012,0.0023610061034560204
12019,0.0021472633816301823
12026,0.07283593714237213
12033,0.002692627254873514
12040,0.0026185340248048306
12047,0.0022642938420176506
12054,0.001651009893976152
12061,0.003561881370842457
12068,0.09272829443216324
12075,0.0035553970374166965
12082,0.002391824498772621
12089,0.004894233774393797
12096,0.008848373778164387
12103,0.002505118492990732
12110,0.0025357569102197886
12117,0.0057071903720498085
12124,0.003903703996911645
12131,0.001645979005843401
12138,0.0028153937309980392
12145,0.004366128705441952
12152,0.003611368127167225
12159,0.006253281142562628
12166,0.004114086739718914
12173,0.008305203169584274
12180,0.004230584017932415
12187,0.06479506194591522
12194,0.0016086470568552613
12201,0.007266037166118622
12208,0.004770219326019287
12215,0.0032132226042449474
12222,0.002225770615041256
12229,0.05923748388886452
12236,0.006895259954035282
12243,0.002859981032088399
12250,0.0075491624884307384
12257,0.084656722843647
12264,0.006518507841974497
12271,0.003160211257636547
12278,0.0037531177513301373
12285,0.0045385598205029964
12292,0.08480868488550186
12299,0.005175745580345392
12306,0.07326718419790268
12313,0.006028179544955492
12320,0.001568573177792132
12327,0.003790972288697958
12334,0.003351150080561638
12341,0.0034502772614359856
12348,0.008305622264742851
12355,0.08252879232168198
12362,0.003588424064218998
12369,0.002131254877895117
12376,0.010945127345621586
12383,0.061991315335035324
12390,0.006194252520799637
12397,0.0038721738383173943
12404,0.09978234767913818
12411,0.08926587551832199
12418,0.006902500055730343
12425,0.0024020960554480553
12432,0.005515666678547859
12439,0.12434252351522446
12446,0.0056813424453139305
12453,0.06412380933761597
12460,0.002507188357412815
12467,0.0021236028987914324
12474,0.006001380272209644
12481,0.09818350523710251
12488,0.0035445131361484528
12495,0.0028559998609125614
12502,0.002645506989210844
12509,0.004860350396484137
12516,0.0020913011394441128
12523,0.002183225005865097
12530,0.09924676269292831
12537,0.0024886061437427998
12544,0.0025370283983647823
12551,0.15117147564888
12558,0.004466820973902941
12565,0.003485698951408267
12572,0.0030593411065638065
12579,0.003271818161010742
12586,0.005366686265915632
12593,0.0030290926806628704
12600,0.0017046837601810694
12607,0.002663642168045044
12614,0.09075704216957092
12621,0.08153318613767624
12628,0.0040602614171803
12635,0.008017300628125668
12642,0.004260871093720198
12649,0.0766669511795044
12656,0.003688318654894829
12663,0.003958616405725479
12670,0.005682616960257292
12677,0.011736255139112473
12684,0.15961509943008423
12691,0.005013043060898781
12698,0.004818204790353775
12705,0.0028714952059090137
12712,0.0023890670854598284
12719,0.006644413806498051
12726,0.0025735856033861637
12733,0.003157126484438777
12740,0.0026336044538766146
12747,0.0030498658306896687
12754,0.003012841334566474
12761,0.0019161577802151442
12768,0.17780739068984985
12775,0.06366623938083649
12782,0.0028404537588357925
12789,0.0024302720557898283
12796,0.006414345931261778
12803,0.0029884974937886
12810,0.08094698190689087
12817,0.005068142432719469
12824,0.0023422115482389927
12831,0.08393075317144394
12838,0.004414166323840618
12845,0.004870755597949028
12852,0.088777095079422
12859,0.058655206114053726
12866,0.0012526485370472074
12873,0.0033610020764172077
12880,0.004218766465783119
12887,0.0021222529467195272
12894,0.003044849494472146
12901,0.056731004267930984
12908,0.11425192654132843
12915,0.006589246913790703
12922,0.0027141072787344456
12929,0.0024206070229411125
12936,0.06909403949975967
12943,0.062452927231788635
12950,0.004530006088316441
12957,0.0022477780003100634
12964,0.002347245579585433
12971,0.005840352736413479
12978,0.0029822755604982376
12985,0.0017302175983786583
12992,0.002036630641669035
12999,0.14311331510543823
13006,0.0038763578049838543
13013,0.07723158597946167
13020,0.003822451224550605
13027,0.002518794499337673
13034,0.005708479322493076
13041,0.00270076678134501
13048,0.003932396415621042
13055,0.002545708790421486
13062,0.005131463520228863
13069,0.0019670058973133564
13076,0.006323087960481644
13083,0.0018215164309367537
13090,0.004095559939742088
13097,0.002837441861629486
13104,0.005915734451264143
13111,0.002599237021058798
13118,0.13723362982273102
13125,0.005651310086250305
13132,0.002655970398336649
13139,0.003488090354949236
13146,0.004987591877579689
13153,0.0034190015867352486
13160,0.005868015345185995
13167,0.002156394300982356
13174,0.11285113543272018
13181,0.003175293793901801
13188,0.00209872517734766
13195,0.00326747028157115
13202,0.007421151734888554
13209,0.004325160291045904
13216,0.005497060250490904
13223,0.004341262858361006
13230,0.005883974954485893
13237,0.005287148989737034
13244,0.00598042830824852
13251,0.005788483656942844
13258,0.0030648407991975546
13265,0.08908667415380478
13272,0.15354794263839722
13279,0.006397955119609833
13286,0.034607894718647
13293,0.005122740287333727
13300,0.0034586668480187654
13307,0.0028456863947212696
13314,0.0028123590163886547
13321,0.005236960016191006
13328,0.002137924777343869
13335,0.0024442533031105995
13342,0.005785456392914057
13349,0.003257832955569029
13356,0.001630975166335702
13363,0.008052036166191101
13370,0.0025168531574308872
13377,0.005874485708773136
13384,0.006375660188496113
13391,0.004453377798199654
13398,0.0012948885560035706
13405,0.00561744486913085
13412,0.0037270444445312023
13419,0.002951029222458601
13426,0.005396961700171232
13433,0.008641386404633522
13440,0.0033118079882115126
13447,0.0022428357042372227
13454,0.005440873559564352
13461,0.00794941745698452
13468,0.004612230695784092
13475,0.0019674915820360184
13482,0.0030326449777930975
13489,0.0035675272811204195
13496,0.003951207268983126
13503,0.0018203624058514833
13510,0.002510370220988989
13517,0.0076244599185884
13524,0.001579625066369772
13531,0.003848596941679716
13538,0.0022406410425901413
13545,0.0043470244854688644
13552,0.08102889358997345
13559,0.008648945018649101
13566,0.006523984484374523
13573,0.003301396267488599
13580,0.08055733889341354
13587,0.003639711532741785
13594,0.005315443966537714
13601,0.0736754983663559
13608,0.0029659424908459187
13615,0.0014942395500838757
13622,0.131438210606575
13629,0.002515857107937336
13636,0.007701757363975048
13643,0.003453464712947607
13650,0.15971273183822632
13657,0.011111990548670292
13664,0.003457230282947421
13671,0.005536602810025215
13678,0.003512218128889799
13685,0.006089733447879553
13692,0.003904213197529316
13699,0.09397730231285095
13706,0.003508842783048749
13713,0.003510508919134736
13720,0.0980510413646698
13727,0.011821490712463856
13734,0.09509661793708801
13741,0.0026641550939530134
13748,0.0033556181006133556
13755,0.006168142892420292
13762,0.0037885894998908043
13769,0.003151225158944726
13776,0.00435049831867218
13783,0.09224966168403625
13790,0.06617838889360428
13797,0.0026713060215115547
13804,0.0016107894480228424
13811,0.07405849546194077
13818,0.0033848497550934553
13825,0.005782669875770807
13832,0.006681567057967186
13839,0.004649536684155464
13846,0.0027701074723154306
13853,0.08489244431257248
13860,0.004619032144546509
13867,0.042452190071344376
13874,0.0037750741466879845
13881,0.002186276949942112
13888,0.004476551897823811
13895,0.005769939627498388
13902,0.0033720294013619423
13909,0.0622069276869297
13916,0.005989276338368654
13923,0.004638375714421272
13930,0.004117246251553297
13937,0.12917572259902954
13944,0.004891206044703722
13951,0.0030049914494156837
13958,0.0031811376102268696
13965,0.09466756135225296
13972,0.07632392644882202
13979,0.002100860932841897
13986,0.0035744626075029373
13993,0.007279173005372286
14000,0.004393809475004673
14007,0.003290168708190322
14014,0.004904173314571381
14021,0.005632956977933645
14028,0.07006481289863586
14035,0.0023817415349185467
14042,0.007745309267193079
14049,0.003566872561350465
14056,0.077426016330719
14063,0.002878404688090086
14070,0.002896355465054512
14077,0.04276137053966522
14084,0.00473552942276001
14091,0.005679321475327015
14098,0.004424900282174349
14105,0.09108603745698929
14112,0.0027779557276517153
14119,0.005559956189244986
14126,0.003964238800108433
14133,0.07062060385942459
14140,0.002507138531655073
14147,0.004477253649383783
14154,0.005868080072104931
14161,0.005717414431273937
14168,0.09388092905282974
14175,0.004644943866878748
14182,0.00846683606505394
14189,0.005861617624759674
14196,0.0659862607717514
14203,0.0038070520386099815
14210,0.006567227188497782
14217,0.00451004458591342
14224,0.002966889413073659
14231,0.0028644506819546223
14238,0.004134593065828085
14245,0.004474983084946871
14252,0.04391978681087494
14259,0.0021611975971609354
14266,0.009619127959012985
14273,0.0028269649483263493
14280,0.004462648648768663
14287,0.004359931219369173
14294,0.0037183514796197414
14301,0.0030436404049396515
14308,0.006653163582086563
14315,0.0077195968478918076
14322,0.007399452850222588
14329,0.0033533580135554075
14336,0.002666071057319641
14343,0.0015028032939881086
14350,0.07333485037088394
14357,0.09396962076425552
14364,0.00739259971305728
14371,0.005929635837674141
14378,0.08141162991523743
14385,0.0050565036945044994
14392,0.010758722200989723
14399,0.0028008129447698593
14406,0.08194930851459503
14413,0.0024310769513249397
14420,0.0033434140495955944
14427,0.004836408421397209
14434,0.006049564573913813
14441,0.06615611910820007
14448,0.011079706251621246
14455,0.0022625820711255074
14462,0.005522630643099546
14469,0.002806311007589102
14476,0.08958534151315689
14483,0.001999708591029048
14490,0.0028596515767276287
14497,0.004933388903737068
14504,0.008529307320713997
14511,0.002970913890749216
14518,0.0022084261290729046
14525,0.005165336187928915
14532,0.10001659393310547
14539,0.0029889161232858896
14546,0.0022798937279731035
14553,0.0031921626068651676
14560,0.00399991637095809
14567,0.005540757440030575
14574,0.010132793337106705
14581,0.0022174653131514788
14588,0.07436390221118927
14595,0.0049859038554131985
14602,0.005611087195575237
14609,0.06010805442929268
14616,0.13618099689483643
14623,0.11438849568367004
14630,0.0018213860457763076
14637,0.003838510485365987
14644,0.004690258298069239
14651,0.009140410460531712
14658,0.0048851980827748775
14665,0.010570465587079525
14672,0.004952366463840008
14679,0.002383641665801406
14686,0.005054905079305172
14693,0.006906927563250065
14700,0.0044167423620820045
14707,0.12821929156780243
14714,0.0040430244989693165
14721,0.0027613204438239336
14728,0.0040284134447574615
14735,0.007844219915568829
14742,0.0029842504300177097
14749,0.0046588825061917305
14756,0.002023252658545971
14763,0.003797773737460375
14770,0.00406298041343689
14777,0.003462286200374365
14784,0.007267190143465996
14791,0.001608115853741765
14798,0.0059196664951741695
14805,0.10816602408885956
14812,0.060357388108968735
14819,0.00381668284535408
14826,0.0026278176810592413
14833,0.10042069852352142
14840,0.00497778644785285
14847,0.003220317652449012
14854,0.0037822858430445194
14861,0.0032326052896678448
14868,0.006020125932991505
14875,0.0056573571637272835
14882,0.009248788468539715
14889,0.06445080786943436
14896,0.0048344796523451805
14903,0.0057455748319625854
14910,0.0013084985548630357
14917,0.08088883012533188
14924,0.07101759314537048
14931,0.18955296277999878
14938,0.0029275142587721348
14945,0.005605530925095081
14952,0.003845048602670431
14959,0.007002975791692734
14966,0.0036431425251066685
14973,0.00827430933713913
14980,0.007866118103265762
14987,0.05805077403783798
14994,0.001690864795818925
15001,0.007603674195706844
15008,0.0023017593193799257
15015,0.001815206022001803
15022,0.004961715079843998
15029,0.004509669728577137
15036,0.001801235368475318
15043,0.0026591657660901546
15050,0.004691054578870535
15057,0.003264680039137602
15064,0.002637851284816861
15071,0.002825462259352207
15078,0.009537803940474987
15085,0.004736750386655331
15092,0.009958169423043728
15099,0.005803145468235016
15106,0.0028316036332398653
15113,0.0025460044853389263
15120,0.004171346314251423
15127,0.006926895119249821
15134,0.007543879561126232
15141,0.004857514053583145
15148,0.003123852424323559
15155,0.002904099179431796
15162,0.002854501362890005
15169,0.0029664053581655025
15176,0.010297168977558613
15183,0.01607000082731247
15190,0.004794427193701267
15197,0.0023003453388810158
15204,0.004852249287068844
15211,0.0040294937789440155
15218,0.007529493886977434
15225,0.0010347324423491955
15232,0.08887255936861038
15239,0.005198944825679064
15246,0.0024774314370006323
15253,0.0039298092015087605
15260,0.09065184742212296
15267,0.1760208010673523
15274,0.08941652625799179
15281,0.00366533687338233
15288,0.08195358514785767
15295,0.0036178443115204573
15302,0.004472592379897833
15309,0.005442822352051735
15316,0.005065497942268848
15323,0.003304711077362299
15330,0.027640406042337418
15337,0.004942839965224266
15344,0.0030481854919344187
15351,0.004402355756610632
15358,0.0042113857343792915
15365,0.0038352785632014275
15372,0.18662483990192413
15379,0.006671029143035412
15386,0.008425925858318806
15393,0.10585923492908478
15400,0.007544428110122681
15407,0.004675565753132105
15414,0.0048701027408242226
15421,0.07695396989583969
15428,0.0868912860751152
15435,0.002562329638749361
15442,0.12703916430473328
15449,0.0023284987546503544
15456,0.002291468670591712
15463,0.00796536821871996
15470,0.11676016449928284
15477,0.005910871084779501
15484,0.006005759350955486
15491,0.0029451570007950068
15498,0.0030962429009377956
15505,0.0034887793008238077
15512,0.004094600211828947
15519,0.0030617425218224525
15526,0.0044898539781570435
15533,0.00326279504224658
15540,0.09709062427282333
15547,0.004762518685311079
15554,0.0019695167429745197
15561,0.009250255301594734
15568,0.00427614338696003
15575,0.005165904760360718
15582,0.0037593506276607513
15589,0.005764529574662447
15596,0.008838958106935024
15603,0.002885194029659033
15610,0.003144243499264121
15617,0.0022446312941610813
15624,0.0945911630988121
15631,0.004195758141577244
15638,0.003868982894346118
15645,0.09971030056476593
15652,0.09124220162630081
15659,0.002660389058291912
15666,0.004269396886229515
15673,0.002605987945571542
15680,0.0025275263469666243
15687,0.0077189067378640175
15694,0.009255078621208668
15701,0.003279260825365782
15708,0.0040491558611392975
15715,0.004853791557252407
15722,0.004239224828779697
15729,0.003932422026991844
15736,0.0809333398938179
15743,0.10177401453256607
15750,0.0037669548764824867
15757,0.042581260204315186
15764,0.006057937163859606
15771,0.004650515504181385
15778,0.0048040784895420074
15785,0.00627791928127408
15792,0.0038450208958238363
15799,0.003266596235334873
15806,0.12605392932891846
15813,0.004144439473748207
15820,0.0009993005078285933
15827,0.0020677666179835796
15834,0.005250309128314257
15841,0.00424870103597641
15848,0.005195523612201214
15855,0.005812077783048153
15862,0.06599061191082001
15869,0.0032979273237288
15876,0.003217647783458233
15883,0.0020117820240557194
15890,0.007002708036452532
15897,0.09470751881599426
15904,0.005306894890964031
15911,0.004993254318833351
15918,0.10836336016654968
15925,0.012258302420377731
15932,0.0047272853553295135
15939,0.004059426486492157
15946,0.006018434651196003
15953,0.004410278983414173
15960,0.006909336894750595
15967,0.006653160788118839
15974,0.0026087467558681965
15981,0.007739986293017864
15988,0.004803379066288471
15995,0.10550887137651443
16002,0.004054750315845013
16009,0.004094678442925215
16016,0.00220107426866889
16023,0.09690213948488235
16030,0.0042699589394032955
16037,0.006597308441996574
16044,0.002213712316006422
16051,0.00504434946924448
16058,0.003445292357355356
16065,0.005116147920489311
16072,0.013381083495914936
16079,0.008200987242162228
16086,0.002265122253447771
16093,0.00465360376983881
16100,0.004902344197034836
16107,0.009269092231988907
16114,0.0021777707152068615
16121,0.004000105895102024
16128,0.00359266041778028
16135,0.0035321488976478577
16142,0.08490623533725739
16149,0.005097992718219757
16156,0.002855733036994934
16163,0.0028711261693388224
16170,0.004248135723173618
16177,0.08992723375558853
16184,0.009744088165462017
16191,0.003973786719143391
16198,0.09120644629001617
16205,0.10673464834690094
16212,0.002419767901301384
16219,0.002669217763468623
16226,0.005078048910945654
16233,0.006311479024589062
16240,0.007182396948337555
16247,0.0038319015875458717
16254,0.07376842945814133
16261,0.006093843374401331
16268,0.002779858885332942
16275,0.07223262637853622
16282,0.0033026570454239845
16289,0.0014750356785953045
16296,0.0040281773544847965
16303,0.08140373975038528
16310,0.003753958735615015
16317,0.003879621159285307
16324,0.0023377740290015936
16331,0.005543418228626251
16338,0.005521321203559637
16345,0.0032864431850612164
16352,0.09946339577436447
16359,0.004684071522206068
16366,0.004718943499028683
16373,0.10814996063709259
16380,0.08147107064723969
16387,0.005017061252146959
16394,0.003497435012832284
16401,0.0023959768004715443
16408,0.003126241732388735
16415,0.00652100145816803
16422,0.15904490649700165
16429,0.007618988864123821
16436,0.0021593053825199604
16443,0.0036186985671520233
16450,0.11551395058631897
16457,0.0057368408888578415
16464,0.0033633101265877485
16471,0.009767573326826096
16478,0.0029040388762950897
16485,0.0022358412388712168
16492,0.09201354533433914
16499,0.004819432273507118
16506,0.1259036660194397
16513,0.0065504638478159904
16520,0.07953130453824997
16527,0.003476003184914589
16534,0.005994114093482494
16541,0.08255861699581146
16548,0.13647089898586273
16555,0.08579705655574799
16562,0.003259825985878706
16569,0.003150996519252658
16576,0.06268523633480072
16583,0.07604103535413742
16590,0.003288760781288147
16597,0.0034988473635166883
16604,0.1068958267569542
16611,0.003170175477862358
16618,0.09414944052696228
16625,0.004673202522099018
16632,0.009079121053218842
16639,0.11757500469684601
16646,0.10004369914531708
16653,0.010468856431543827
16660,0.005797333084046841
16667,0.005635696928948164
16674,0.09124039858579636
16681,0.10125058889389038
16688,0.006903590634465218
16695,0.12032430619001389
16702,0.07825516909360886
16709,0.04821381717920303
16716,0.0039556571282446384
16723,0.08852957934141159
16730,0.003251536749303341
16737,0.0057734474539756775
16744,0.005351901054382324
16751,0.004292736761271954
16758,0.00515436427667737
16765,0.12103642523288727
16772,0.008081340231001377
16779,0.006012254394590855
16786,0.00468948669731617
16793,0.005057975649833679
16800,0.0892752856016159
16807,0.07505392283201218
16814,0.005377013236284256
16821,0.0034392976667732
16828,0.19249334931373596
16835,0.0031695174984633923
16842,0.08240407705307007
16849,0.10505259782075882
16856,0.013800232671201229
16863,0.003957108594477177
16870,0.0065262955613434315
16877,0.005732174031436443
16884,0.00243187602609396
16891,0.003811971051618457
16898,0.08392452448606491
16905,0.0032595344819128513
16912,0.0028252145275473595
16919,0.0032221325673162937
16926,0.002639312297105789
16933,0.005887399893254042
16940,0.004416750743985176
16947,0.0068339332938194275
16954,0.002101405058056116
16961,0.003634984605014324
16968,0.002436604117974639
16975,0.005796029232442379
16982,0.004138591233640909
16989,0.03269487991929054
16996,0.0035575595684349537
17003,0.0029776061419397593
17010,0.002314872108399868
17017,0.0012902622111141682
17024,0.2804388701915741
17031,0.014620011672377586
17038,0.001987967174500227
17045,0.07977990061044693
17052,0.0026076100766658783
17059,0.005382673814892769
17066,0.007614307105541229
17073,0.005618620663881302
17080,0.016865937039256096
17087,0.11968070268630981
17094,0.004843417555093765
17101,0.10033950209617615
17108,0.004746674560010433
17115,0.004177159629762173
17122,0.00486005749553442
17129,0.007413414306938648
17136,0.006255413871258497
17143,0.0022107400000095367
17150,0.01145009882748127
17157,0.07990815490484238
17164,0.09820576012134552
17171,0.007345910184085369
17178,0.01239982433617115
17185,0.0037519854959100485
17192,0.007073842920362949
17199,0.002605980262160301
17206,0.010650837793946266
17213,0.003953204955905676
17220,0.0868636965751648
17227,0.09108888357877731
17234,0.18779414892196655
17241,0.007405982352793217
17248,0.002373337745666504
17255,0.005022851750254631
17262,0.006296269595623016
17269,0.0059167975559830666
17276,0.005144916474819183
17283,0.0066903131082654
17290,0.002432305598631501
17297,0.0053878971375525
17304,0.0028175064362585545
17311,0.10837765038013458
17318,0.0015175045700743794
17325,0.14622507989406586
17332,0.004943826701492071
17339,0.009174400009214878
17346,0.0021713189780712128
17353,0.0028291514609009027
17360,0.0015362752601504326
17367,0.0038762681651860476
17374,0.0266842320561409
17381,0.09595710784196854
17388,0.007559058256447315
17395,0.005735128186643124
17402,0.0041875168681144714
17409,0.003082773881033063
17416,0.006815738044679165
17423,0.003456308040767908
17430,0.00495879165828228
17437,0.0013763585593551397
17444,0.003907728474587202
17451,0.10421718657016754
17458,0.0879058763384819
17465,0.005247362889349461
17472,0.006344900466501713
17479,0.0053186481818556786
17486,0.003759510815143585
17493,0.0018183437641710043
17500,0.004380481783300638
17507,0.003688341937959194
17514,0.0020770705305039883
17521,0.00635529262945056
17528,0.010591847822070122
17535,0.005861937999725342
17542,0.004976593889296055
17549,0.10194100439548492
17556,0.0026363427750766277
17563,0.00855844933539629
17570,0.0017795204184949398
17577,0.0065522221848368645
17584,0.13291361927986145
17591,0.0038440320640802383
17598,0.003495861077681184
17605,0.006047097034752369
17612,0.004334939643740654
17619,0.10385441780090332
17626,0.006206166464835405
17633,0.028498739004135132
17640,0.004381855018436909
17647,0.005603601224720478
17654,0.1151442751288414
17661,0.004183598328381777
17668,0.00411777850240469
17675,0.004181672353297472
17682,0.006053503602743149
17689,0.0021578874439001083
17696,0.004459494724869728
17703,0.0063683511689305305
17710,0.009828324429690838
17717,0.0068334126845002174
17724,0.1441052258014679
17731,0.1144288182258606
17738,0.0025156866759061813
17745,0.1501011699438095
17752,0.17297418415546417
17759,0.0029499009251594543
17766,0.0022057846654206514
17773,0.0034145896788686514
17780,0.0021917885169386864
17787,0.0028203330002725124
17794,0.004457637667655945
17801,0.01841200888156891
17808,0.005416169296950102
17815,0.004330440424382687
17822,0.008095989935100079
17829,0.01006866805255413
17836,0.006961733102798462
17843,0.004461195319890976
17850,0.0066629271022975445
17857,0.1886337399482727
17864,0.025060543790459633
17871,0.0019233529455959797
17878,0.006247290410101414
17885,0.0040293484926223755
17892,0.006672191433608532
17899,0.0018203803338110447
17906,0.06029793992638588
17913,0.004527527838945389
17920,0.004150978289544582
17927,0.004015807993710041
17934,0.005339323077350855
17941,0.12503162026405334
17948,0.005291542038321495
17955,0.08658810704946518
17962,0.005316618829965591
17969,0.008603619411587715
17976,0.0136969443410635
17983,0.07589668035507202
17990,0.00305606285110116
17997,0.003981173969805241
18004,0.006925987545400858
18011,0.007002216763794422
18018,0.002429179847240448
18025,0.004472657106816769
18032,0.005993212573230267
18039,0.09728100150823593
18046,0.006308157928287983
18053,0.004659818485379219
18060,0.14815320074558258
18067,0.0055834027007222176
18074,0.22652789950370789
18081,0.0022349879145622253
18088,0.005519750528037548
18095,0.08551827073097229
18102,0.010208168998360634
18109,0.013671992346644402
18116,0.004664699546992779
18123,0.002928423462435603
18130,0.008546210825443268
18137,0.003951770253479481
18144,0.005521559156477451
18151,0.00521727092564106
18158,0.0031690536998212337
18165,0.008953350596129894
18172,0.007886439561843872
18179,0.005716183688491583
18186,0.004387598019093275
18193,0.006866575218737125
18200,0.004733731970191002
18207,0.009189482778310776
18214,0.005325114820152521
18221,0.009150957688689232
18228,0.007104933261871338
18235,0.004099464043974876
18242,0.11116836965084076
18249,0.11330074071884155
18256,0.004997254349291325
18263,0.10069404542446136
18270,0.0045833527110517025
18277,0.0047721825540065765
18284,0.008122684434056282
18291,0.0042306785471737385
18298,0.00824757944792509
18305,0.1063382476568222
18312,0.002364551881328225
18319,0.006072496064007282
18326,0.00862823985517025
18333,0.008815225213766098
18340,0.002615825505927205
18347,0.005524210631847382
18354,0.009213483892381191
18361,0.10718357563018799
18368,0.006812634412199259
18375,0.004580148495733738
18382,0.1108926460146904
18389,0.0021601011976599693
18396,0.0016700136475265026
18403,0.005688111297786236
18410,0.009512534365057945
18417,0.18799662590026855
18424,0.008676452562212944
18431,0.00554224569350481
18438,0.0037652901373803616
18445,0.0036857384257018566
18452,0.0028876708820462227
18459,0.002139660995453596
18466,0.007996026426553726
18473,0.07041502743959427
18480,0.004598722327500582
18487,0.014277048408985138
18494,0.0030969271901994944
18501,0.12483035773038864
18508,0.010134223848581314
18515,0.1339680254459381
18522,0.001325614983215928
18529,0.21651388704776764
18536,0.004839722998440266
18543,0.08765018731355667
18550,0.16122213006019592
18557,0.007270272355526686
18564,0.00565521651878953
18571,0.03569070249795914
18578,0.003324415534734726
18585,0.006333990953862667
18592,0.008382410742342472
18599,0.006023757625371218
18606,0.0018895589746534824
18613,0.007104117888957262
18620,0.002616795478388667
18627,0.0026657436974346638
18634,0.004854651167988777
18641,0.006924603600054979
18648,0.06361003965139389
18655,0.0051352763548493385
18662,0.004624104127287865
18669,0.12566447257995605
18676,0.07649021595716476
18683,0.006101901642978191
18690,0.10975427180528641
18697,0.0025705762673169374
18704,0.10481732338666916
18711,0.006376655772328377
18718,0.11644602566957474
18725,0.0026990484911948442
18732,0.00465669110417366
18739,0.18946923315525055
18746,0.09351562708616257
18753,0.0028578415513038635
18760,0.006970552261918783
18767,0.07634170353412628
18774,0.003350408747792244
18781,0.005784931592643261
18788,0.0022682626731693745
18795,0.10546602308750153
18802,0.008010117337107658
18809,0.004843761213123798
18816,0.004133787006139755
18823,0.1046348363161087
18830,0.002521735616028309
18837,0.005186382681131363
18844,0.09555914252996445
18851,0.0038347181398421526
18858,0.0053020804189145565
18865,0.00596719142049551
18872,0.011403973214328289
18879,0.0031757247634232044
18886,0.0036893771030008793
18893,0.0022984796669334173
18900,0.0042649004608392715
18907,0.0029676957055926323
18914,0.0061952779069542885
18921,0.007164647802710533
18928,0.0035277227871119976
18935,0.20973806083202362
18942,0.002648388035595417
18949,0.0071268705651164055
18956,0.004981441423296928
18963,0.005447527393698692
18970,0.002875561360269785
18977,0.009679922834038734
18984,0.009063874371349812
18991,0.004698455799371004
18998,0.08741585910320282
19005,0.0059965671971440315
19012,0.11214748024940491
19019,0.007625681348145008
19026,0.00524261174723506
19033,0.0039956653490662575
19040,0.0026473281905055046
19047,0.010195457376539707
19054,0.001703595626167953
19061,0.008276624605059624
19068,0.003026925027370453
19075,0.013408123515546322
19082,0.0021281889639794827
19089,0.005733031313866377
19096,0.00937302689999342
19103,0.010661624372005463
19110,0.008807833306491375
19117,0.0031329351477324963
19124,0.0034768159966915846
19131,0.0025081501808017492
19138,0.0028929091058671474
19145,0.09640156477689743
19152,0.09142841398715973
19159,0.005648520775139332
19166,0.11106033623218536
19173,0.003974901046603918
19180,0.07754746824502945
19187,0.007416603621095419
19194,0.006808172911405563
19201,0.0035128032322973013
19208,0.07268795371055603
19215,0.0025926646776497364
19222,0.004133199341595173
19229,0.010978487320244312
19236,0.006864513270556927
19243,0.011399957351386547
19250,0.004728490486741066
19257,0.005764470901340246
19264,0.0009000211139209569
19271,0.11217539012432098
19278,0.0041723791509866714
19285,0.008453684858977795
19292,0.004199879709631205
19299,0.009106977842748165
19306,0.1210155338048935
19313,0.0040579065680503845
19320,0.0064647868275642395
19327,0.14322668313980103
19334,0.0030150057282298803
19341,0.009430145844817162
19348,0.009131330996751785
19355,0.0031373626552522182
19362,0.006141557823866606
19369,0.004674602299928665
19376,0.13793174922466278
19383,0.002835821360349655
19390,0.006268281023949385
19397,0.007387214340269566
19404,0.005807817913591862
19411,0.006558955647051334
19418,0.004113201983273029
19425,0.0049254451878368855
19432,0.1623469740152359
19439,0.009195546619594097
19446,0.005752305965870619
19453,0.005201790947467089
19460,0.005025046877563
19467,0.014689113013446331
19474,0.006215473636984825
19481,0.004421032965183258
19488,0.009854513220489025
19495,0.14254887402057648
19502,0.11173548549413681
19509,0.006188380531966686
19516,0.003980906680226326
19523,0.004004349000751972
19530,0.004793887957930565
19537,0.0051206182688474655
19544,0.003642002120614052
19551,0.12007558345794678
19558,0.004846937954425812
19565,0.002758990041911602
19572,0.004996228031814098
19579,0.0075116874650120735
19586,0.0023551257327198982
19593,0.010293398052453995
19600,0.00994277372956276
19607,0.09212202578783035
19614,0.004992296919226646
19621,0.0030533846002072096
19628,0.00772545300424099
19635,0.07305678725242615
19642,0.0043907808139920235
19649,0.004345211200416088
19656,0.002655293792486191
19663,0.010045698843896389
19670,0.004512161947786808
19677,0.006031301338225603
19684,0.006326655857264996
19691,0.15416821837425232
19698,0.007406778633594513
19705,0.003778755897656083
19712,0.005370171740651131
19719,0.11837928742170334
19726,0.0988067239522934
19733,0.0018544977065175772
19740,0.11379003524780273
19747,0.006756071466952562
19754,0.012945512309670448
19761,0.008819738402962685
19768,0.005663929507136345
19775,0.006538479123264551
19782,0.011296071112155914
19789,0.005485923960804939
19796,0.14747028052806854
19803,0.009843402542173862
19810,0.011190881952643394
19817,0.0140660610049963
19824,0.0025875368155539036
19831,0.009120243601500988
19838,0.005989146418869495
19845,0.007420483510941267
19852,0.007880031131207943
19859,0.009779993444681168
19866,0.004144798032939434
19873,0.003641076385974884
19880,0.0034140595234930515
19887,0.012269418686628342
19894,0.14428050816059113
19901,0.003674953943118453
19908,0.006623294670134783
19915,0.0037831536028534174
19922,0.011127070523798466
19929,0.0060547576285898685
19936,0.007441297173500061
19943,0.007850727066397667
19950,0.25635653734207153
19957,0.003792637027800083
19964,0.003421751782298088
19971,0.011233089491724968
19978,0.005912070162594318
19985,0.07415860891342163
19992,0.005571085028350353
19999,0.12402495741844177
20006,0.004815457388758659
20013,0.11557556688785553
20020,0.009182706475257874
20027,0.007312984671443701
20034,0.0034315530210733414
20041,0.11395711451768875
20048,0.004154600203037262
20055,0.009022594429552555
20062,0.10416576266288757
20069,0.0033406056463718414
20076,0.007152840495109558
20083,0.13499818742275238
20090,0.005432303994894028
20097,0.0023488402366638184
20104,0.16746947169303894
20111,0.004758884198963642
20118,0.0039295293390750885
20125,0.0020702993497252464
20132,0.006927196867763996
20139,0.18437907099723816
20146,0.006358582526445389
20153,0.006870690733194351
20160,0.005551342386752367
20167,0.16167914867401123
20174,0.011485028080642223
20181,0.002232546918094158
20188,0.003697117790579796
20195,0.005779223516583443
20202,0.11222388595342636
20209,0.09691274166107178
20216,0.005531626753509045
20223,0.23631465435028076
20230,0.004620642401278019
20237,0.005678247660398483
20244,0.003869477193802595
20251,0.005008874461054802
20258,0.10768834501504898
20265,0.011115225963294506
20272,0.2876899838447571
20279,0.14930157363414764
20286,0.10122889280319214
20293,0.004759648349136114
20300,0.004496233072131872
20307,0.00424460181966424
20314,0.006608240772038698
20321,0.004682925529778004
20328,0.006600522436201572
20335,0.005354583263397217
20342,0.2138049453496933
20349,0.07168896496295929
20356,0.00916248932480812
20363,0.005693385843187571
20370,0.13886992633342743
20377,0.009642651304602623
20384,0.0033640163019299507
20391,0.005944790318608284
20398,0.1276349276304245
20405,0.008971326053142548
20412,0.003999966196715832
20419,0.004153198562562466
20426,0.003206958994269371
20433,0.10082894563674927
20440,0.005033869296312332
20447,0.09415849298238754
20454,0.006080462131649256
20461,0.0069425590336322784
20468,0.005593933630734682
20475,0.10611673444509506
20482,0.010740630328655243
20489,0.006483696401119232
20496,0.11862506717443466
20503,0.11319875717163086
20510,0.0022226416040211916
20517,0.0029780277982354164
20524,0.003034970024600625
20531,0.09680072218179703
20538,0.0028958208858966827
20545,0.0068639591336250305
20552,0.21278299391269684
20559,0.004346977453678846
20566,0.13446401059627533
20573,0.004041210748255253
20580,0.008680133149027824
20587,0.00655923318117857
20594,0.008578548207879066
20601,0.0072963363490998745
20608,0.005409407429397106
20615,0.006133395247161388
20622,0.007247221656143665
20629,0.00813770666718483
20636,0.003192565403878689
20643,0.0021043713204562664
20650,0.10596934705972672
20657,0.12400504946708679
20664,0.003945713862776756
20671,0.008285656571388245
20678,0.10247864574193954
20685,0.003211847972124815
20692,0.14849254488945007
20699,0.0042321160435676575
20706,0.002566911280155182
20713,0.1481679230928421
20720,0.0057774134911596775
20727,0.13251754641532898
20734,0.006000025197863579
20741,0.0025868755765259266
20748,0.006537179928272963
20755,0.002664992120116949
20762,0.0027748001739382744
20769,0.0029038023203611374
20776,0.00444230530411005
20783,0.003402791451662779
20790,0.009353449568152428
20797,0.0049832770600914955
20804,0.008441127836704254
20811,0.013808798044919968
20818,0.00609267083927989
20825,0.09598609060049057
20832,0.004442627541720867
20839,0.14346273243427277
20846,0.011534681543707848
20853,0.01104112807661295
20860,0.002223274437710643
20867,0.0024231192655861378
20874,0.12770676612854004
20881,0.019863218069076538
20888,0.006802007555961609
20895,0.009907079860568047
20902,0.008637633174657822
20909,0.006580451503396034
20916,0.0037316521629691124
20923,0.22848621010780334
20930,0.004861450754106045
20937,0.007609577849507332
20944,0.121764175593853
20951,0.005223128944635391
20958,0.15064522624015808
20965,0.20344969630241394
20972,0.010099546983838081
20979,0.004410796798765659
20986,0.010874670930206776
20993,0.08942566812038422
21000,0.0019930265843868256
21007,0.003583672922104597
21014,0.005718102678656578
21021,0.007182425819337368
21028,0.008133506402373314
21035,0.005039277486503124
21042,0.00676411809399724
21049,0.003396781161427498
21056,0.013534140773117542
21063,0.004311517812311649
21070,0.0043704574927687645
21077,0.002961758291348815
21084,0.005490610841661692
21091,0.010418341495096684
21098,0.0050459676422178745
21105,0.00938184279948473
21112,0.005895119626075029
21119,0.13557729125022888
21126,0.008418566547334194
21133,0.005036485847085714
21140,0.008515223860740662
21147,0.0026720319874584675
21154,0.006750475615262985
21161,0.004840747453272343
21168,0.010371758602559566
21175,0.004101249389350414
21182,0.0029299419838935137
21189,0.0028774882666766644
21196,0.008852934464812279
21203,0.0030410978943109512
21210,0.005199584644287825
21217,0.18057958781719208
21224,0.004031402058899403
21231,0.004175527021288872
21238,0.013128183782100677
21245,0.00842316448688507
21252,0.009054813534021378
21259,0.004708882886916399
21266,0.0031843094620853662
21273,0.11764789372682571
21280,0.004092270974069834
21287,0.006814147811383009
21294,0.08120155334472656
21301,0.010366254486143589
21308,0.006899768486618996
21315,0.007425474934279919
21322,0.00486505962908268
21329,0.0045760623179376125
21336,0.1383596658706665
21343,0.004484815057367086
21350,0.11636199802160263
21357,0.14566244184970856
21364,0.003852622350677848
21371,0.10865579545497894
21378,0.004194537177681923
21385,0.0059426324442029
21392,0.007995279505848885
21399,0.13667789101600647
21406,0.00208237674087286
21413,0.011743701994419098
21420,0.006008421070873737
21427,0.14333802461624146
21434,0.002856746781617403
21441,0.009397312998771667
21448,0.0021083320025354624
21455,0.004694109782576561
21462,0.03419193625450134
21469,0.10258239507675171
21476,0.00607349444180727
21483,0.010039053857326508
21490,0.007343651726841927
21497,0.008367042988538742
21504,0.00888003222644329
21511,0.00590022886171937
21518,0.0040648700669407845
21525,0.003314811736345291
21532,0.0050814226269721985
21539,0.0072371698915958405
21546,0.005089736543595791
21553,0.00927671603858471
21560,0.008135868236422539
21567,0.10990983992815018
21574,0.005785329733043909
21581,0.0040220832452178
21588,0.0029511817265301943
21595,0.1261736899614334
21602,0.12074136734008789
21609,0.002807104494422674
21616,0.006998197175562382
21623,0.004300845321267843
21630,0.006936882622539997
21637,0.009097845293581486
21644,0.009470009244978428
21651,0.007794579491019249
21658,0.08166378736495972
21665,0.00363470078445971
21672,0.0017580968560650945
21679,0.0037471777759492397
21686,0.0019996350165456533
21693,0.005081854294985533
21700,0.20137059688568115
21707,0.005871583241969347
21714,0.004234503023326397
21721,0.005463865585625172
21728,0.14892444014549255
21735,0.009420731104910374
21742,0.006710096262395382
21749,0.003729138756170869
21756,0.005138936452567577
21763,0.008079513907432556
21770,0.009939265437424183
21777,0.004291178658604622
21784,0.006287031341344118
21791,0.004126019775867462
21798,0.0029558921232819557
21805,0.0077369315549731255
21812,0.007375241257250309
21819,0.006079254671931267
21826,0.01110892090946436
21833,0.004307659342885017
21840,0.0047960057854652405
21847,0.0051842560060322285
21854,0.13043084740638733
21861,0.00867950078099966
21868,0.0029648765921592712
21875,0.0043624397367239
21882,0.005429541692137718
21889,0.008994897827506065
21896,0.010243406519293785
21903,0.10485011339187622
21910,0.008407540619373322
21917,0.011313062161207199
21924,0.004471870139241219
21931,0.010101431980729103
21938,0.37866491079330444
21945,0.006220089737325907
21952,0.00530233234167099
21959,0.005387036129832268
21966,0.005869152955710888
21973,0.011278517544269562
21980,0.10107358545064926
21987,0.004071274772286415
21994,0.006753112655133009
22001,0.010718293488025665
22008,0.00781404972076416
22015,0.007084825541824102
22022,0.002395010320469737
22029,0.0046692234463989735
22036,0.17813602089881897
22043,0.006056176032871008
22050,0.008187232539057732
22057,0.008826876059174538
22064,0.010879207402467728
22071,0.011958058923482895
22078,0.006330545991659164
22085,0.0072883968241512775
22092,0.004781225696206093
22099,0.11402477324008942
22106,0.00250760605558753
22113,0.016994895413517952
22120,0.007962280884385109
22127,0.00888556893914938
22134,0.31460040807724
22141,0.009138202294707298
22148,0.004633952863514423
22155,0.0082089239731431
22162,0.012327681295573711
22169,0.008701536804437637
22176,0.004429413937032223
22183,0.005005436018109322
22190,0.0053094299510121346
22197,0.013349056243896484
22204,0.003728525945916772
22211,0.00790893379598856
22218,0.005817661061882973
22225,0.2794417440891266
22232,0.01141324918717146
22239,0.12487710267305374
22246,0.00959307886660099
22253,0.005466492380946875
22260,0.0031169611029326916
22267,0.007892848923802376
22274,0.16188479959964752
22281,0.01473939884454012
22288,0.00795871764421463
22295,0.0074013955891132355
22302,0.11335574835538864
22309,0.010541291907429695
22316,0.007393218576908112
22323,0.005719931796193123
22330,0.0025400174781680107
22337,0.011120974086225033
22344,0.024810560047626495
22351,0.011496425606310368
22358,0.004092494957149029
22365,0.004438044968992472
22372,0.009450746700167656
22379,0.007687021046876907
22386,0.01357772946357727
22393,0.08330100774765015
22400,0.003483140142634511
22407,0.004710203967988491
22414,0.11691619455814362
22421,0.008030476048588753
22428,0.20238731801509857
22435,0.0029733856208622456
22442,0.004658395424485207
22449,0.0025658525992184877
22456,0.004988932050764561
22463,0.007888875901699066
22470,0.0061645968817174435
22477,0.0038538542576134205
22484,0.002419142983853817
22491,0.006458986550569534
22498,0.04521312564611435
22505,0.0050274766981601715
22512,0.009150133468210697
22519,0.13913515210151672
22526,0.00792370643466711
22533,0.004923609085381031
22540,0.005244264379143715
22547,0.005727365612983704
22554,0.011289559304714203
22561,0.004497772082686424
22568,0.0025981019716709852
22575,0.0065979971550405025
22582,0.003970327787101269
22589,0.14358174800872803
22596,0.3741189241409302
22603,0.009115041233599186
22610,0.004103189334273338
22617,0.006123878061771393
22624,0.012888078577816486
22631,0.13400310277938843
22638,0.14898163080215454
22645,0.0017125883605331182
22652,0.36480912566185
22659,0.12786178290843964
22666,0.07225093245506287
22673,0.0053436947055161
22680,0.15977060794830322
22687,0.00618296442553401
22694,0.005123550072312355
22701,0.0071039749309420586
22708,0.008861688897013664
22715,0.004541059024631977
22722,0.01097894087433815
22729,0.010831445455551147
22736,0.005181561689823866
22743,0.12259786576032639
22750,0.011586792767047882
22757,0.0038806500378996134
22764,0.08630392700433731
22771,0.005200851708650589
22778,0.002587077906355262
22785,0.006560407113283873
22792,0.007005000486969948
22799,0.002824302762746811
22806,0.003961728885769844
22813,0.0016815036069601774
22820,0.009756322018802166
22827,0.007328742649406195
22834,0.004473468288779259
22841,0.009129728190600872
22848,0.005365288816392422
22855,0.0069116875529289246
22862,0.004550526849925518
22869,0.004242328926920891
22876,0.01202582661062479
22883,0.11635655164718628
22890,0.0066293892450630665
22897,0.10165407508611679
22904,0.0052963560447096825
22911,0.22562211751937866
22918,0.0074045960791409016
22925,0.00805443525314331
22932,0.006346820387989283
22939,0.008241657167673111
22946,0.13639087975025177
22953,0.005381524562835693
22960,0.010911677032709122
22967,0.14754877984523773
22974,0.010654103942215443
22981,0.003908482380211353
22988,0.010632924735546112
22995,0.12689340114593506
23002,0.0066993581131100655
23009,0.003222757950425148
23016,0.00427378062158823
23023,0.002835641149431467
23030,0.006646416150033474
23037,0.12231828272342682
23044,0.004678098019212484
23051,0.0036254615988582373
23058,0.007476704195141792
23065,0.14828619360923767
23072,0.007937926799058914
23079,0.0060669174417853355
23086,0.0029965960420668125
23093,0.00925424788147211
23100,0.1700678914785385
23107,0.0053030746057629585
23114,0.003279633354395628
23121,0.006723099388182163
23128,0.0019938424229621887
23135,0.010063889436423779
23142,0.14669686555862427
23149,0.004290680401027203
23156,0.007199268788099289
23163,0.00367078953422606
23170,0.007063658908009529
23177,0.0026423835661262274
23184,0.008360762149095535
23191,0.009470846503973007
23198,0.004237729590386152
23205,0.006618517450988293
23212,0.008514679968357086
23219,0.002390484558418393
23226,0.0030475244857370853
23233,0.0059469654224812984
23240,0.11776577681303024
23247,0.08939588069915771
23254,0.009959569200873375
23261,0.00459992466494441
23268,0.0034692154731601477
23275,0.005411412566900253
23282,0.0157982986420393
23289,0.1367703527212143
23296,0.00361632090061903
23303,0.009487350471317768
23310,0.0061521707102656364
23317,0.006888996809720993
23324,0.005877812393009663
23331,0.004515249747782946
23338,0.0054779513739049435
23345,0.015955965965986252
23352,0.014433315023779869
23359,0.004673915449529886
23366,0.009851597249507904
23373,0.004798811860382557
23380,0.009120870381593704
23387,0.17533540725708008
23394,0.00580971734598279
23401,0.005527690518647432
23408,0.009844125248491764
23415,0.0013946648687124252
23422,0.00602487800642848
23429,0.007802928797900677
23436,0.009148159995675087
23443,0.004305528476834297
23450,0.0041103726252913475
23457,0.01175183430314064
23464,0.09370476752519608
23471,0.0036126128397881985
23478,0.006169846281409264
23485,0.007587891537696123
23492,0.006386931519955397
23499,0.11336643248796463
23506,0.07589951902627945
23513,0.0074986680410802364
23520,0.02806226722896099
23527,0.005503913387656212
23534,0.003525232197716832
23541,0.00402839295566082
23548,0.006837922148406506
23555,0.004010655451565981
23562,0.00497137987986207
23569,0.008329270407557487
23576,0.005341039039194584
23583,0.003304863814264536
23590,0.011175865307450294
23597,0.009259432554244995
23604,0.004061012528836727
23611,0.005191166885197163
23618,0.09299197793006897
23625,0.0019419325981289148
23632,0.00846431590616703
23639,0.15569424629211426
23646,0.007467551156878471
23653,0.005800133571028709
23660,0.15114891529083252
23667,0.014045278541743755
23674,0.009521429426968098
23681,0.12742659449577332
23688,0.0057868966832757
23695,0.1369728296995163
23702,0.0025446773506700993
23709,0.0039888545870780945
23716,0.00859902799129486
23723,0.14246490597724915
23730,0.008985217660665512
23737,0.006463332567363977
23744,0.0075146802701056
23751,0.0028031652327626944
23758,0.004147784784436226
23765,0.0021103378385305405
23772,0.0030776651110500097
23779,0.007760397158563137
23786,0.019982919096946716
23793,0.16013190150260925
23800,0.008022044785320759
23807,0.13858047127723694
23814,0.012547159567475319
23821,0.0163736492395401
23828,0.004327928181737661
23835,0.014498027041554451
23842,0.004792638123035431
23849,0.009004366584122181
23856,0.00894012302160263
23863,0.0047628977335989475
23870,0.006243744865059853
23877,0.13832640647888184
23884,0.2115066647529602
23891,0.006628941744565964
23898,0.015061518177390099
23905,0.009114954620599747
23912,0.006593889091163874
23919,0.004349816590547562
23926,0.12275920063257217
23933,0.006429698783904314
23940,0.013319560326635838
23947,0.018940718844532967
23954,0.2261512130498886
23961,0.004600268788635731
23968,0.013617275282740593
23975,0.015336067415773869
23982,0.004517668858170509
23989,0.00991338025778532
23996,0.2681726813316345
24003,0.004425927996635437
24010,0.00490852165967226
24017,0.1280510574579239
24024,0.007230303715914488
24031,0.006639400497078896
24038,0.012003790587186813
24045,0.1217232272028923
24052,0.0041664172895252705
24059,0.0026057548820972443
24066,0.007451456971466541
24073,0.01694360002875328
24080,0.0031259057577699423
24087,0.008249625563621521
24094,0.006078958045691252
24101,0.008218377828598022
24108,0.10912784934043884
24115,0.007362973876297474
24122,0.002574625890702009
24129,0.0066791982389986515
24136,0.013177262619137764
24143,0.01701086387038231
24150,0.004077071789652109
24157,0.0056624640710651875
24164,0.005935962777584791
24171,0.1304578334093094
24178,0.004984082188457251
24185,0.006783273071050644
24192,0.15323999524116516
24199,0.013227461837232113
24206,0.006860795430839062
24213,0.004392536357045174
24220,0.16470468044281006
24227,0.011841959320008755
24234,0.011799711734056473
24241,0.012651393190026283
24248,0.004534790758043528
24255,0.12368963658809662
24262,0.0036664153449237347
24269,0.0048564583994448185
24276,0.0064517538994550705
24283,0.007120652124285698
24290,0.003424885217100382
24297,0.14330410957336426
24304,0.010366285219788551
24311,0.10404819250106812
24318,0.016657955944538116
24325,0.24702304601669312
24332,0.0058766999281942844
24339,0.012102870270609856
24346,0.09159550070762634
24353,0.00624840846285224
24360,0.008938273414969444
24367,0.007695523556321859
24374,0.20231445133686066
24381,0.01233700942248106
24388,0.009562043473124504
24395,0.0032148342579603195
24402,0.016579505056142807
24409,0.006913847289979458
24416,0.029445726424455643
24423,0.0023901034146547318
24430,0.006347833201289177
24437,0.004014738369733095
24444,0.01341095007956028
24451,0.062386613339185715
24458,0.014164464548230171
24465,0.12424663454294205
24472,0.008068403229117393
24479,0.012187458574771881
24486,0.004951453767716885
24493,0.0070455074310302734
24500,0.008124315179884434
24507,0.12455859780311584
24514,0.0072850859723985195
24521,0.006253827828913927
24528,0.007872559130191803
24535,0.10816776752471924
24542,0.004686899483203888
24549,0.010329811833798885
24556,0.010591846890747547
24563,0.013263688422739506
24570,0.009709728881716728
24577,0.12563157081604004
24584,0.004775227513164282
24591,0.007181440945714712
24598,0.022262873128056526
24605,0.007646430749446154
24612,0.005442898254841566
24619,0.012274950742721558
24626,0.0042869942262768745
24633,0.00793970376253128
24640,0.010626552626490593
24647,0.0019050923874601722
24654,0.007338837254792452
24661,0.007711848709732294
24668,0.006410770118236542
24675,0.009919973090291023
24682,0.004583897069096565
24689,0.008652154356241226
24696,0.010995736345648766
24703,0.004815554711967707
24710,0.010084409266710281
24717,0.007780831307172775
24724,0.009683026000857353
24731,0.007011957932263613
24738,0.01045216340571642
24745,0.13991518318653107
24752,0.013450521975755692
24759,0.01522732526063919
24766,0.0075177098624408245
24773,0.005597308278083801
24780,0.0028651305474340916
24787,0.004922904074192047
24794,0.00500214658677578
24801,0.006099605932831764
24808,0.006683381274342537
24815,0.006265310104936361
24822,0.014197468757629395
24829,0.0022469444666057825
24836,0.014486639760434628
24843,0.16396938264369965
24850,0.005796307697892189
24857,0.005034672562032938
24864,0.014578647911548615
24871,0.008594661951065063
24878,0.10933174192905426
24885,0.12879551947116852
24892,0.004927393514662981
24899,0.00760840205475688
24906,0.005230542737990618
24913,0.032528720796108246
24920,0.004826584830880165
24927,0.010420747101306915
24934,0.004256865940988064
24941,0.0025858383160084486
24948,0.015655571594834328
24955,0.003392537822946906
24962,0.003940893802791834
24969,0.0037400161381810904
24976,0.007194917649030685
24983,0.008406729437410831
24990,0.005196325946599245
24997,0.005708188749849796
25004,0.00636261235922575
25011,0.011144655756652355
25018,0.009605782106518745
25025,0.008105983026325703
25032,0.0027658739127218723
25039,0.003456821897998452
25046,0.004361018072813749
25053,0.0018149560783058405
25060,0.0017198098357766867
25067,0.003113331738859415
25074,0.004660069476813078
25081,0.008558076806366444
25088,0.0038047938141971827
25095,0.005194167140871286
25102,0.01677653193473816
25109,0.018047915771603584
25116,0.004201418720185757
25123,0.2006406933069229
25130,0.16122984886169434
25137,0.003446403192356229
25144,0.16145099699497223
25151,0.008676587603986263
25158,0.009030329994857311
25165,0.003927331883460283
25172,0.00968670193105936
25179,0.009216191247105598
25186,0.004575498402118683
25193,0.004161426797509193
25200,0.005238191224634647
25207,0.004232458770275116
25214,0.004201735369861126
25221,0.005781273357570171
25228,0.007335439324378967
25235,0.0022912384010851383
25242,0.0060853250324726105
25249,0.1348145753145218
25256,0.004188755061477423
25263,0.23378974199295044
25270,0.004452892579138279
25277,0.09380873292684555
25284,0.005626173224300146
25291,0.14965222775936127
25298,0.016758395358920097
25305,0.0047414288856089115
25312,0.006264411844313145
25319,0.12862245738506317
25326,0.14801472425460815
25333,0.007132090628147125
25340,0.004974076524376869
25347,0.05940478667616844
25354,0.006168701685965061
25361,0.08862674236297607
25368,0.004525095224380493
25375,0.0033965762704610825
25382,0.007528741843998432
25389,0.0018480548169463873
25396,0.09621642529964447
25403,0.20592156052589417
25410,0.011228131130337715
25417,0.011296261101961136
25424,0.0026865298859775066
25431,0.014288123697042465
25438,0.1751905232667923
25445,0.004227675963193178
25452,0.006195316091179848
25459,0.007377392612397671
25466,0.003778833197429776
25473,0.002640601946040988
25480,0.008072763681411743
25487,0.007431695703417063
25494,0.00982564128935337
25501,0.008061161264777184
25508,0.12297048419713974
25515,0.005460346583276987
25522,0.2518453299999237
25529,0.004412834532558918
25536,0.10181508958339691
25543,0.12294089049100876
25550,0.01305838767439127
25557,0.10787578672170639
25564,0.009437930770218372
25571,0.004058412276208401
25578,0.0059273336082696915
25585,0.0051350160501897335
25592,0.16965043544769287
25599,0.007396556902676821
25606,0.004581531509757042
25613,0.015097906813025475
25620,0.0037630917504429817
25627,0.11435122787952423
25634,0.008248982951045036
25641,0.01226787269115448
25648,0.00557035394012928
25655,0.010053560137748718
25662,0.0016807327046990395
25669,0.2884172201156616
25676,0.006448504980653524
25683,0.16440485417842865
25690,0.013974087312817574
25697,0.004820738919079304
25704,0.007433054968714714
25711,0.007623710669577122
25718,0.00933157466351986
25725,0.34573331475257874
25732,0.008824978955090046
25739,0.14998802542686462
25746,0.0050210789777338505
25753,0.005422746762633324
25760,0.015231136232614517
25767,0.14883975684642792
25774,0.0030316668562591076
25781,0.006728153210133314
25788,0.007178007159382105
25795,0.015904709696769714
25802,0.007467714138329029
25809,0.00492387730628252
25816,0.007030597887933254
25823,0.007646922022104263
25830,0.08072413504123688
25837,0.01008772011846304
25844,0.01230907253921032
25851,0.00934712216258049
25858,0.2103552371263504
25865,0.00852353498339653
25872,0.004794284235686064
25879,0.01124967448413372
25886,0.002947818487882614
25893,0.007870759814977646
25900,0.004094905219972134
25907,0.004228690639138222
25914,0.004622843116521835
25921,0.002046588808298111
25928,0.010745638981461525
25935,0.015229561366140842
25942,0.013157826848328114
25949,0.005061792209744453
25956,0.010096311569213867
25963,0.009078659117221832
25970,0.009207877330482006
25977,0.010973070748150349
25984,0.01127847284078598
25991,0.00617634691298008
25998,0.007019881624728441
26005,0.11598967015743256
26012,0.007278138771653175
26019,0.007739453576505184
26026,0.009383903816342354
26033,0.006308196112513542
26040,0.011015212163329124
26047,0.0043555875308811665
26054,0.0041433777660131454
26061,0.0060657779686152935
26068,0.27550041675567627
26075,0.00525599904358387
26082,0.17490927875041962
26089,0.02523244544863701
26096,0.008017283864319324
26103,0.09277276694774628
26110,0.010939376428723335
26117,0.01623770035803318
26124,0.01810356043279171
26131,0.013398071750998497
26138,0.005777053534984589
26145,0.2281864881515503
26152,0.1984560638666153
26159,0.1606021225452423
26166,0.011066232807934284
26173,0.10583149641752243
26180,0.008686332032084465
26187,0.309675395488739
26194,0.006123376544564962
26201,0.012701362371444702
26208,0.008171782828867435
26215,0.016125191003084183
26222,0.17295098304748535
26229,0.005310349632054567
26236,0.008265877142548561
26243,0.006284539122134447
26250,0.006431649439036846
26257,0.1395292580127716
26264,0.0024616350419819355
26271,0.24863207340240479
26278,0.007374118082225323
26285,0.1265535056591034
26292,0.004684086889028549
26299,0.011807098984718323
26306,0.00982667226344347
26313,0.0064384061843156815
26320,0.012556950561702251
26327,0.014439297839999199
26334,0.009055610746145248
26341,0.012049010023474693
26348,0.01894238218665123
26355,0.008665929548442364
26362,0.005073457024991512
26369,0.008180532604455948
26376,0.0035029773134738207
26383,0.0031768730841577053
26390,0.008103390224277973
26397,0.0077760531567037106
26404,0.016320381313562393
26411,0.01578974537551403
26418,0.0014257035218179226
26425,0.0033377292566001415
26432,0.0034095528535544872
26439,0.0021917412523180246
26446,0.0036092358641326427
26453,0.12342430651187897
26460,0.009223265573382378
26467,0.016963470727205276
26474,0.004010408651083708
26481,0.0032517584040760994
26488,0.008977126330137253
26495,0.007658500224351883
26502,0.21450427174568176
26509,0.007814338430762291
26516,0.007019955664873123
26523,0.005177085753530264
26530,0.004105310887098312
26537,0.008176104165613651
26544,0.008998413570225239
26551,0.016841812059283257
26558,0.0053638736717402935
26565,0.1705189198255539
26572,0.007281061261892319
26579,0.00397789990529418
26586,0.003923511132597923
26593,0.08591224253177643
26600,0.15157119929790497
26607,0.002282019704580307
26614,0.003854073118418455
26621,0.012932727113366127
26628,0.009424295276403427
26635,0.08997669816017151
26642,0.004771041683852673
26649,0.004784415476024151
26656,0.0052120378240942955
26663,0.011825405061244965
26670,0.0028108987025916576
26677,0.005122646689414978
26684,0.009311787784099579
26691,0.13906675577163696
26698,0.003745637834072113
26705,0.005039202980697155
26712,0.16136418282985687
26719,0.0035079182125627995
26726,0.013707511126995087
26733,0.011674098670482635
26740,0.11815933138132095
26747,0.012602142058312893
26754,0.020315296947956085
26761,0.0018884229939430952
26768,0.004278752487152815
26775,0.006717626936733723
26782,0.007665753364562988
26789,0.0036283577792346478
26796,0.12183301895856857
26803,0.13402608036994934
26810,0.15385515987873077
26817,0.014843082055449486
26824,0.011471167206764221
26831,0.007564147934317589
26838,0.0066155120730400085
26845,0.010632535442709923
26852,0.010630402714014053
26859,0.003999458625912666
26866,0.0051430594176054
26873,0.00794647354632616
26880,0.006726431660354137
26887,0.006822064518928528
26894,0.01389477401971817
26901,0.006023145280778408
26908,0.011431108228862286
26915,0.009070876985788345
26922,0.2094448208808899
26929,0.010003935545682907
26936,0.0029928856529295444
26943,0.012313976883888245
26950,0.008387194946408272
26957,0.007326417602598667
26964,0.005887034349143505
26971,0.0032018115743994713
26978,0.008404048159718513
26985,0.0032956604845821857
26992,0.006617607083171606
26999,0.005669272970408201
27006,0.004741973243653774
27013,0.0033681346103549004
27020,0.0061314962804317474
27027,0.008190305903553963
27034,0.1190958321094513
27041,0.008592124097049236
27048,0.004466825630515814
27055,0.14643684029579163
27062,0.2100178599357605
27069,0.005946323275566101
27076,0.14144250750541687
27083,0.01330430619418621
27090,0.011725831776857376
27097,0.00558578921481967
27104,0.15254399180412292
27111,0.010089157149195671
27118,0.010598139837384224
27125,0.0097746467217803
27132,0.1139283999800682
27139,0.13080810010433197
27146,0.007195745594799519
27153,0.00650277454406023
27160,0.007105279713869095
27167,0.008508292026817799
27174,0.015329924412071705
27181,0.0034598815254867077
27188,0.00974024273455143
27195,0.010570107027888298
27202,0.0074548483826220036
27209,0.1957768350839615
27216,0.010877769440412521
27223,0.005371434614062309
27230,0.3548319339752197
27237,0.008123131468892097
27244,0.0031585877295583487
27251,0.00838954746723175
27258,0.05971928685903549
27265,0.004160301759839058
27272,0.008039232343435287
27279,0.009519224055111408
27286,0.005588797852396965
27293,0.002168868202716112
27300,0.11163531988859177
27307,0.006865529343485832
27314,0.008654841221868992
27321,0.008742911741137505
27328,0.007384186610579491
27335,0.005251286085695028
27342,0.19875340163707733
27349,0.007405752781778574
27356,0.009630892425775528
27363,0.00720143411308527
27370,0.0029722130857408047
27377,0.11066435277462006
27384,0.1308707296848297
27391,0.01189302746206522
27398,0.010285284370183945
27405,0.005286199972033501
27412,0.004532273393124342
27419,0.007596613839268684
27426,0.006140955723822117
27433,0.005308563821017742
27440,0.006095655728131533
27447,0.009633241221308708
27454,0.008672872558236122
27461,0.0045065972954034805
27468,0.0046421438455581665
27475,0.006916085258126259
27482,0.009505042806267738
27489,0.009070648811757565
27496,0.13966131210327148
27503,0.015785256400704384
27510,0.008620936423540115
27517,0.004084364045411348
27524,0.005590345244854689
27531,0.02060915343463421
27538,0.1287316232919693
27545,0.00456484779715538
27552,0.010698730126023293
27559,0.2385714203119278
27566,0.006511923857033253
27573,0.008798339404165745
27580,0.005986892618238926
27587,0.005560919642448425
27594,0.01611241325736046
27601,0.004753284156322479
27608,0.004987160675227642
27615,0.007657745387405157
27622,0.1042105183005333
27629,0.006278048735111952
27636,0.007093418389558792
27643,0.007350402884185314
27650,0.015537797473371029
27657,0.006752076558768749
27664,0.008406146429479122
27671,0.0033692459110170603
27678,0.004746138118207455
27685,0.003255151677876711
27692,0.02441510185599327
27699,0.00778791680932045
27706,0.00901348888874054
27713,0.004622447304427624
27720,0.005342384800314903
27727,0.005094013176858425
27734,0.11779944598674774
27741,0.010142235085368156
27748,0.011157535016536713
27755,0.13652712106704712
27762,0.006325402297079563
27769,0.0038715407717972994
27776,0.00634866813197732
27783,0.007383545860648155
27790,0.0113636190071702
27797,0.15166029334068298
27804,0.0035199401900172234
27811,0.00243790028616786
27818,0.01419425942003727
27825,0.007820767350494862
27832,0.0038069672882556915
27839,0.006569179240614176
27846,0.0020450293086469173
27853,0.11656417697668076
27860,0.006063245702534914
27867,0.005298776552081108
27874,0.005179078783839941
27881,0.11437709629535675
27888,0.006351378746330738
27895,0.00996164046227932
27902,0.139865905046463
27909,0.11635980755090714
27916,0.008331753313541412
27923,0.16021482646465302
27930,0.0012572818668559194
27937,0.00900261104106903
27944,0.006403457373380661
27951,0.013819058425724506
27958,0.008009199053049088
27965,0.18636798858642578
27972,0.006135245785117149
27979,0.0059305401518940926
27986,0.00798879936337471
27993,0.0055848341435194016
28000,0.0056566353887319565
28007,0.009000604972243309
28014,0.007500737905502319
28021,0.009179456159472466
28028,0.006736863870173693
28035,0.01118442602455616
28042,0.005653029773384333
28049,0.004878915846347809
28056,0.007164724171161652
28063,0.007685774937272072
28070,0.0017188198398798704
28077,0.004123624414205551
28084,0.008095787838101387
28091,0.005748293828219175
28098,0.004924109671264887
28105,0.004210484214127064
28112,0.006644129753112793
28119,0.014260794967412949
28126,0.004031207412481308
28133,0.006239618174731731
28140,0.011331000365316868
28147,0.011997640132904053
28154,0.00627132598310709
28161,0.011433959938585758
28168,0.012130271643400192
28175,0.005144036374986172
28182,0.006530258804559708
28189,0.3217979967594147
28196,0.006758705712854862
28203,0.011175324209034443
28210,0.00601612962782383
28217,0.005557268857955933
28224,0.013314762152731419
28231,0.008015384897589684
28238,0.12969247996807098
28245,0.012381358072161674
28252,0.00203470466658473
28259,0.14264142513275146
28266,0.010486001148819923
28273,0.0035215355455875397
28280,0.012726621702313423
28287,0.0062177120707929134
28294,0.006217500194907188
28301,0.1449357271194458
28308,0.005656127817928791
28315,0.015015726909041405
28322,0.008668559603393078
28329,0.12156521528959274
28336,0.18256136775016785
28343,0.009807730093598366
28350,0.006055247038602829
28357,0.005279964301735163
28364,0.007267530541867018
28371,0.0174833033233881
28378,0.003579182317480445
28385,0.0059335785917937756
28392,0.006786353886127472
28399,0.002284561051055789
28406,0.005138942040503025
28413,0.09156633168458939
28420,0.0025195663329213858
28427,0.003120125737041235
28434,0.009248519316315651
28441,0.005765417590737343
28448,0.00956054963171482
28455,0.005251442547887564
28462,0.003288165433332324
28469,0.0035952297039330006
28476,0.004078087396919727
28483,0.005914662964642048
28490,0.009263981133699417
28497,0.011446806602180004
28504,0.002730980049818754
28511,0.0033155796118080616
28518,0.0025420798920094967
28525,0.009028241038322449
28532,0.0035704856272786856
28539,0.006655268836766481
28546,0.0054824273101985455
28553,0.0018780631944537163
28560,0.006447461899369955
28567,0.003324634162709117
28574,0.1896674931049347
28581,0.10509362071752548
28588,0.16333025693893433
28595,0.0075022331438958645
28602,0.004303209017962217
28609,0.008455058559775352
28616,0.007648935541510582
28623,0.0179479718208313
28630,0.009946878999471664
28637,0.01250111497938633
28644,0.005587310530245304
28651,0.01172320544719696
28658,0.011896634474396706
28665,0.007710082922130823
28672,0.004608422517776489
28679,0.012820182368159294
28686,0.26871436834335327
28693,0.00472992192953825
28700,0.0043987976387143135
28707,0.19742679595947266
28714,0.14646314084529877
28721,0.00841453205794096
28728,0.0108658317476511
28735,0.007356774527579546
28742,0.004788678605109453
28749,0.15887880325317383
28756,0.01805439591407776
28763,0.0035906550474464893
28770,0.009251313284039497
28777,0.16424918174743652
28784,0.004691452719271183
28791,0.013974320143461227
28798,0.007346197031438351
28805,0.00637641828507185
28812,0.0041175708174705505
28819,0.0024392008781433105
28826,0.005669400095939636
28833,0.13306866586208344
28840,0.17919817566871643
28847,0.004731941502541304
28854,0.18396146595478058
28861,0.005343063734471798
28868,0.01270749419927597
28875,0.005692286416888237
28882,0.01777038723230362
28889,0.019114529713988304
28896,0.005134051665663719
28903,0.006235988810658455
28910,0.0033657471649348736
28917,0.0072526391595602036
28924,0.002197586465626955
28931,0.017725447192788124
28938,0.003219315316528082
28945,0.005062239244580269
28952,0.005818420555442572
28959,0.007302241399884224
28966,0.19742318987846375
28973,0.004746458493173122
28980,0.0030301748774945736
28987,0.0016759545542299747
28994,0.009420687332749367
29001,0.0037788022309541702
29008,0.17500682175159454
29015,0.007268514018505812
29022,0.005497196223586798
29029,0.004436208866536617
29036,0.006517097353935242
29043,0.004047991707921028
29050,0.14418227970600128
29057,0.015312052331864834
29064,0.06211123988032341
29071,0.005058510694652796
29078,0.0029538581147789955
29085,0.006162184290587902
29092,0.007691312115639448
29099,0.005605008453130722
29106,0.0050097303465008736
29113,0.17171083390712738
29120,0.013260826468467712
29127,0.32735973596572876
29134,0.004335108678787947
29141,0.007788201328366995
29148,0.007189533673226833
29155,0.16238458454608917
29162,0.005395099520683289
29169,0.0034394501708447933
29176,0.007636864669620991
29183,0.011962590739130974
29190,0.0017180349677801132
29197,0.0043661994859576225
29204,0.005290423519909382
29211,0.013789092190563679
29218,0.007016979623585939
29225,0.1373474895954132
29232,0.0032757590524852276
29239,0.004703120328485966
29246,0.15212133526802063
29253,0.007736571598798037
29260,0.006807407829910517
29267,0.004669511690735817
29274,0.002459646435454488
29281,0.2696788012981415
29288,0.007254316471517086
29295,0.006028881296515465
29302,0.005865585990250111
29309,0.0028780831489712
29316,0.0037449607625603676
29323,0.012538740411400795
29330,0.0049507832154631615
29337,0.010306333191692829
29344,0.0050033144652843475
29351,0.005167452618479729
29358,0.03131459653377533
29365,0.005200773477554321
29372,0.007929287850856781
29379,0.008828278630971909
29386,0.005350485444068909
29393,0.004235817119479179
29400,0.005028165876865387
29407,0.10318588465452194
29414,0.2019791305065155
29421,0.006634204648435116
29428,0.007975629530847073
29435,0.005109164398163557
29442,0.17501281201839447
29449,0.003668725723400712
29456,0.006843795068562031
29463,0.010857902467250824
29470,0.006494631990790367
29477,0.016623537987470627
29484,0.23169191181659698
29491,0.005929921753704548
29498,0.007825122214853764
29505,0.004073307849466801
29512,0.008035261183977127
29519,0.0029453961178660393
29526,0.007052521221339703
29533,0.0016279659466817975
29540,0.18900004029273987
29547,0.0068940091878175735
29554,0.003787392284721136
29561,0.00549531914293766
29568,0.08854766190052032
29575,0.006226116791367531
29582,0.009470410645008087
29589,0.0029344805516302586
29596,0.012305786833167076
29603,0.0039888485334813595
29610,0.004589712247252464
29617,0.006319905631244183
29624,0.0034275285433977842
29631,0.00842177215963602
29638,0.011352375149726868
29645,0.007897171191871166
29652,0.0023538139648735523
29659,0.010255808010697365
29666,0.01391659863293171
29673,0.004516991786658764
29680,0.14446550607681274
29687,0.005687948316335678
29694,0.004569597542285919
29701,0.00464383652433753
29708,0.00436807656660676
29715,0.4433939456939697
29722,0.011090204119682312
29729,0.021243371069431305
29736,0.09354187548160553
29743,0.004347219131886959
29750,0.15440213680267334
29757,0.007708481512963772
29764,0.2248864769935608
29771,0.1556776911020279
29778,0.31467610597610474
29785,0.010429702699184418
29792,0.005988774821162224
29799,0.08519425243139267
29806,0.007517693098634481
29813,0.008633984252810478
29820,0.1628299206495285
29827,0.005159623920917511
29834,0.005751192569732666
29841,0.004178619012236595
29848,0.006020320113748312
29855,0.010809892788529396
29862,0.020405186340212822
29869,0.0016341262962669134
29876,0.006638159975409508
29883,0.005960548296570778
29890,0.020421018823981285
29897,0.0028725278098136187
29904,0.16842934489250183
29911,0.004322477616369724
29918,0.0030192697886377573
29925,0.009508257731795311
29932,0.31476420164108276
29939,0.011727112345397472
29946,0.010855955071747303
29953,0.010119916871190071
29960,0.1672440618276596
29967,0.011700686067342758
29974,0.006613865029066801
29981,0.18037950992584229
29988,0.010374932549893856
29995,0.00753012765198946
30002,0.061885345727205276
30009,0.004323629662394524
30016,0.0082221869379282
30023,0.004316018428653479
30030,0.005744590424001217
30037,0.011124767363071442
30044,0.009466622024774551
30051,0.0018814238719642162
30058,0.004377336241304874
30065,0.005094055086374283
30072,0.0035386071540415287
30079,0.01020924560725689
30086,0.004897733218967915
30093,0.16728359460830688
30100,0.004476549103856087
30107,0.0057024541310966015
30114,0.0041067395359277725
30121,0.01261143945157528
30128,0.005560379009693861
30135,0.01142323762178421
30142,0.011312625370919704
30149,0.010226655751466751
30156,0.004785982891917229
30163,0.007479769177734852
30170,0.47359541058540344
30177,0.007851509377360344
30184,0.013693410903215408
30191,0.07795539498329163
30198,0.009706270880997181
30205,0.006035405211150646
30212,0.008910667151212692
30219,0.008988643065094948
30226,0.010740174911916256
30233,0.0037912814877927303
30240,0.00515015609562397
30247,0.006430882960557938
30254,0.006051624193787575
30261,0.0028801518492400646
30268,0.001857843017205596
30275,0.00475761853158474
30282,0.0070106289349496365
30289,0.008131943643093109
30296,0.005627802107483149
30303,0.006234524771571159
30310,0.15146979689598083
30317,0.0051076337695121765
30324,0.007961670868098736
30331,0.003061979077756405
30338,0.0046736104413867
30345,0.005887304898351431
30352,0.009068532846868038
30359,0.0059093451127409935
30366,0.0030490218196064234
30373,0.004834580235183239
30380,0.0024019693955779076
30387,0.005419039633125067
30394,0.10368812084197998
30401,0.0028514857403934
30408,0.005568884313106537
30415,0.010420017875730991
30422,0.01126877497881651
30429,0.0170886293053627
30436,0.002671986585482955
30443,0.0023388743866235018
30450,0.2034301906824112
30457,0.006616098806262016
30464,0.01719188503921032
30471,0.25237414240837097
30478,0.13577675819396973
30485,0.005745006259530783
30492,0.11755175143480301
30499,0.011516125872731209
30506,0.006554127670824528
30513,0.006147483363747597
30520,0.006216471083462238
30527,0.0048690601252019405
30534,0.00604067649692297
30541,0.004932984709739685
30548,0.13256309926509857
30555,0.1454082578420639
30562,0.00927152018994093
30569,0.019971534609794617
30576,0.009073145687580109
30583,0.01174431387335062
30590,0.007170288823544979
30597,0.21300406754016876
30604,0.10006202757358551
30611,0.05967327207326889
30618,0.003943546675145626
30625,0.013636186718940735
30632,0.003291168948635459
30639,0.008324372582137585
30646,0.005864174570888281
30653,0.004438622854650021
30660,0.17643575370311737
30667,0.01854811981320381
30674,0.0028490182012319565
30681,0.0036687804386019707
30688,0.009631156921386719
30695,0.002407652558758855
30702,0.009241629391908646
30709,0.011386726051568985
30716,0.11731848865747452
30723,0.1293398141860962
30730,0.010303761810064316
30737,0.004918291699141264
30744,0.008281993679702282
30751,0.00499301590025425
30758,0.0036361487582325935
30765,0.007965747267007828
30772,0.0061426530592143536
30779,0.0039223553612828255
30786,0.005240405444055796
30793,0.009544260799884796
30800,0.004386623855680227
30807,0.2128661572933197
30814,0.002872225595638156
30821,0.0033950950019061565
30828,0.004890273790806532
30835,0.006499795243144035
30842,0.19552838802337646
30849,0.008278954774141312
30856,0.15618161857128143
30863,0.0037146490067243576
30870,0.004985239822417498
30877,0.006773788947612047
30884,0.005437476094812155
30891,0.005096644163131714
30898,0.003697508480399847
30905,0.005672009661793709
30912,0.005381236784160137
30919,0.008679969236254692
30926,0.1523514837026596
30933,0.006693094503134489
30940,0.009374676272273064
30947,0.018439358100295067
30954,0.0058641149662435055
30961,0.007956613786518574
30968,0.004782131873071194
30975,0.005526564083993435
30982,0.007696747314184904
30989,0.16793498396873474
30996,0.008759927935898304
31003,0.00361870089545846
31010,0.008295167237520218
31017,0.01216236874461174
31024,0.09145592898130417
31031,0.0096370168030262
31038,0.00910557433962822
31045,0.006466824561357498
31052,0.006285475566983223
31059,0.01279536820948124
31066,0.005616038106381893
31073,0.0038549290038645267
31080,0.011892694979906082
31087,0.006447285879403353
31094,0.0049741691909730434
31101,0.005497884936630726
31108,0.012800557538866997
31115,0.007831539958715439
31122,0.006379770115017891
31129,0.00609831977635622
31136,0.0050524878315627575
31143,0.11385185271501541
31150,0.0027578575536608696
31157,0.011529120616614819
31164,0.002218494424596429
31171,0.004805108532309532
31178,0.0036813789047300816
31185,0.00493590347468853
31192,0.006821117363870144
31199,0.003892830340191722
31206,0.005201205611228943
31213,0.007800988852977753
31220,0.008781778626143932
31227,0.015342162922024727
31234,0.0043507288210093975
31241,0.009416114538908005
31248,0.009363863617181778
31255,0.004769708961248398
31262,0.014853164553642273
31269,0.003423006972298026
31276,0.007581619545817375
31283,0.00889311172068119
31290,0.2261095494031906
31297,0.006792432628571987
31304,0.0026331432163715363
31311,0.008838112466037273
31318,0.0060502104461193085
31325,0.012290330603718758
31332,0.32319021224975586
31339,0.008913330733776093
31346,0.17175352573394775
31353,0.15353155136108398
31360,0.0036290083080530167
31367,0.20091937482357025
31374,0.12092922627925873
31381,0.009680932387709618
31388,0.12085934728384018
31395,0.011220426298677921
31402,0.12198039889335632
31409,0.003312964690849185
31416,0.004602598026394844
31423,0.00282651768065989
31430,0.18115808069705963
31437,0.01818765327334404
31444,0.022992480546236038
31451,0.013284298591315746
31458,0.010416155681014061
31465,0.02216378226876259
31472,0.16152562201023102
31479,0.005615196190774441
31486,0.009474549442529678
31493,0.1070893406867981
31500,0.11280672252178192
31507,0.008869774639606476
31514,0.010005490854382515
31521,0.16367371380329132
31528,0.006341513246297836
31535,0.01026991568505764
31542,0.013847528956830502
31549,0.023934505879878998
31556,0.0037552248686552048
31563,0.23424005508422852
31570,0.01082806196063757
31577,0.0036597326397895813
31584,0.0034673926420509815
31591,0.1268605887889862
31598,0.0071515352465212345
31605,0.013662191107869148
31612,0.010074404999613762
31619,0.006691792048513889
31626,0.021553199738264084
31633,0.008111637085676193
31640,0.014398922212421894
31647,0.006680695340037346
31654,0.005605523008853197
31661,0.009841013699769974
31668,0.1700449436903
31675,0.0056735072284936905
31682,0.01190932560712099
31689,0.010791243985295296
31696,0.007235707715153694
31703,0.010689141228795052
31710,0.004077033139765263
31717,0.003260975470766425
31724,0.010817942209541798
31731,0.0064742304384708405
31738,0.0025649340823292732
31745,0.18003882467746735
31752,0.002778376918286085
31759,0.005157868377864361
31766,0.006097998470067978
31773,0.013054356910288334
31780,0.009492555633187294
31787,0.0017069140449166298
31794,0.011840803548693657
31801,0.001737518934533
31808,0.26302850246429443
31815,0.14140881597995758
31822,0.013331035152077675
31829,0.005265684798359871
31836,0.0048941317945718765
31843,0.013719815760850906
31850,0.008935309015214443
31857,0.013011997565627098
31864,0.003214936936274171
31871,0.007109946571290493
31878,0.0025191432796418667
31885,0.16852229833602905
31892,0.007414629682898521
31899,0.012758003547787666
31906,0.008353712037205696
31913,0.15461066365242004
31920,0.008194010704755783
31927,0.009627612307667732
31934,0.007592277601361275
31941,0.006029248237609863
31948,0.007139093242585659
31955,0.1533450484275818
31962,0.0024488321505486965
31969,0.004616928286850452
31976,0.006403430365025997
31983,0.009890464134514332
31990,0.0029366640374064445
31997,0.010974043980240822
32004,0.008370915427803993
32011,0.0026527740992605686
32018,0.19932827353477478
32025,0.0017561176791787148
32032,0.008902697823941708
32039,0.011198576539754868
32046,0.005258532240986824
32053,0.0034196830820292234
32060,0.004431033506989479
32067,0.004382406827062368
32074,0.0034895697608590126
32081,0.04106903448700905
32088,0.004013610538095236
32095,0.005703983828425407
32102,0.007292998023331165
32109,0.014628175646066666
32116,0.0043072449043393135
32123,0.0038635788951069117
32130,0.007182782981544733
32137,0.0037083332426846027
32144,0.004977729171514511
32151,0.005575585179030895
32158,0.012352495454251766
32165,0.13046959042549133
32172,0.005455583333969116
32179,0.12525321543216705
32186,0.006199715659022331
32193,0.006743183825165033
32200,0.0940980315208435
32207,0.009184431284666061
32214,0.14694790542125702
32221,0.008670175448060036
32228,0.0058626169338822365
32235,0.016653044149279594
32242,0.007967298850417137
32249,0.010781417600810528
32256,0.002525019459426403
32263,0.004878221079707146
32270,0.00370365590788424
32277,0.004556723870337009
32284,0.004639447666704655
32291,0.004457572940737009
32298,0.008085260167717934
32305,0.17514249682426453
32312,0.006529601290822029
32319,0.0021375969517976046
32326,0.21795645356178284
32333,0.0053510479629039764
32340,0.010638062842190266
32347,0.00848283339291811
32354,0.011567380279302597
32361,0.005358687601983547
32368,0.007327347062528133
32375,0.009000933729112148
32382,0.1392831951379776
32389,0.008303957059979439
32396,0.1643839031457901
32403,0.0028218915686011314
32410,0.012453736737370491
32417,0.007748913951218128
32424,0.008349202573299408
32431,0.009045478887856007
32438,0.00634466577321291
32445,0.1681147962808609
32452,0.1504807323217392
32459,0.005229709204286337
32466,0.0038586794398725033
32473,0.005894702393561602
32480,0.01437126100063324
32487,0.007464582100510597
32494,0.007929611951112747
32501,0.009754970669746399
32508,0.00481620617210865
32515,0.1300983428955078
32522,0.2108098864555359
32529,0.005596159026026726
32536,0.010168132372200489
32543,0.009576641023159027
32550,0.130866140127182
32557,0.19111528992652893
32564,0.18190091848373413
32571,0.009493879042565823
32578,0.008125467225909233
32585,0.13765279948711395
32592,0.015014727599918842
32599,0.005440009757876396
32606,0.005639513488858938
32613,0.0036895168013870716
32620,0.004404161591082811
32627,0.014063237234950066
32634,0.01369977556169033
32641,0.01613592728972435
32648,0.008469091728329659
32655,0.16613048315048218
32662,0.007766074500977993
32669,0.021830767393112183
32676,0.12016022205352783
32683,0.15423670411109924
32690,0.016414053738117218
32697,0.007048386614769697
32704,0.006973016541451216
32711,0.008828739635646343
32718,0.004313732497394085
32725,0.007771345786750317
32732,0.11896887421607971
32739,0.006292915903031826
32746,0.15728740394115448
32753,0.020487435162067413
32760,0.004814926069229841
32767,0.19104132056236267
32774,0.013599950820207596
32781,0.01575959101319313
32788,0.36308753490448
32795,0.012468424625694752
32802,0.009684665128588676
32809,0.004325286019593477
32816,0.006688711699098349
32823,0.008947070688009262
32830,0.011463887989521027
32837,0.10131955146789551
32844,0.131269171833992
32851,0.004537831526249647
32858,0.005158169195055962
32865,0.00642134016379714
32872,0.017518864944577217
32879,0.005176204722374678
32886,0.014416809193789959
32893,0.013177416287362576
32900,0.004660066682845354
32907,0.01029339898377657
32914,0.010086067020893097
32921,0.13949960470199585
32928,0.008300265297293663
32935,0.01080296654254198
32942,0.0057370709255337715
32949,0.010986820794641972
32956,0.0055984510108828545
32963,0.006209998391568661
32970,0.22915740311145782
32977,0.14985954761505127
32984,0.005647948011755943
32991,0.005205812864005566
32998,0.0067354049533605576
33005,0.009983907453715801
33012,0.08614499121904373
33019,0.005955480504781008
33026,0.0077283806167542934
33033,0.008146010339260101
33040,0.0030308649875223637
33047,0.005031777545809746
33054,0.003992190584540367
33061,0.007674690335988998
33068,0.007023095153272152
33075,0.009333294816315174
33082,0.009305312298238277
33089,0.1675160825252533
33096,0.00386351952329278
33103,0.1310715675354004
33110,0.012455380521714687
33117,0.1658221036195755
33124,0.1315344274044037
33131,0.29022952914237976
33138,0.012873918749392033
33145,0.0032293812837451696
33152,0.0057233842089772224
33159,0.004572103265672922
33166,0.005155690014362335
33173,0.01136884093284607
33180,0.005373266525566578
33187,0.0059383325278759
33194,0.18492582440376282
33201,0.011314122937619686
33208,0.01180770993232727
33215,0.003659493289887905
33222,0.0019651565235108137
33229,0.005215315148234367
33236,0.004573511425405741
33243,0.007375533692538738
33250,0.028096115216612816
33257,0.0027050855569541454
33264,0.001711544580757618
33271,0.01009465754032135
33278,0.009403754957020283
33285,0.0062448251992464066
33292,0.12330187857151031
33299,0.24348153173923492
33306,0.016318369656801224
33313,0.20756115019321442
33320,0.00453838100656867
33327,0.15586507320404053
33334,0.1332007795572281
33341,0.005832239985466003
33348,0.1575603187084198
33355,0.01243495661765337
33362,0.15807907283306122
33369,0.006557563319802284
33376,0.004920787177979946
33383,0.0079945158213377
33390,0.005396432708948851
33397,0.004597530700266361
33404,0.004957557190209627
33411,0.009442082606256008
33418,0.004381904378533363
33425,0.0062840161845088005
33432,0.005854958668351173
33439,0.0024144677445292473
33446,0.011481030844151974
33453,0.009989042766392231
33460,0.07981593161821365
33467,0.015365876257419586
33474,0.16415750980377197
33481,0.014143544249236584
33488,0.005335674621164799
33495,0.011850845068693161
33502,0.1826324611902237
33509,0.0037458601873368025
33516,0.014900517649948597
33523,0.004626588895916939
33530,0.009288303554058075
33537,0.008144615218043327
33544,0.007302798330783844
33551,0.006353766657412052
33558,0.013101896271109581
33565,0.016254451125860214
33572,0.009494010359048843
33579,0.004698276519775391
33586,0.13894115388393402
33593,0.005252780858427286
33600,0.01628197729587555
33607,0.007927841506898403
33614,0.007654915098100901
33621,0.0032885768450796604
33628,0.014343680813908577
33635,0.006724718492478132
33642,0.01131349429488182
33649,0.006992798298597336
33656,0.005114532075822353
33663,0.005868370179086924
33670,0.010973930358886719
33677,0.0037448054645210505
33684,0.006230426020920277
33691,0.004766813479363918
33698,0.0028569367714226246
33705,0.005113761872053146
33712,0.011708551086485386
33719,0.005082770716398954
33726,0.1689433604478836
33733,0.1471436619758606
33740,0.008856755681335926
33747,0.006338788196444511
33754,0.09422033280134201
33761,0.006412455812096596
33768,0.0094370786100626
33775,0.010716365650296211
33782,0.005876324139535427
33789,0.16170573234558105
33796,0.008165700361132622
33803,0.16596770286560059
33810,0.007266920059919357
33817,0.19082367420196533
33824,0.11703578382730484
33831,0.017364243045449257
33838,0.0073396204970777035
33845,0.14011161029338837
33852,0.012793348170816898
33859,0.003461239393800497
33866,0.009186112321913242
33873,0.002004008274525404
33880,0.003030332736670971
33887,0.005107297096401453
33894,0.1784508377313614
33901,0.03174808248877525
33908,0.006649475544691086
33915,0.009675577282905579
33922,0.01187773048877716
33929,0.17544008791446686
33936,0.008272994309663773
33943,0.2577627897262573
33950,0.018681179732084274
33957,0.003612574189901352
33964,0.12082649022340775
33971,0.005317250732332468
33978,0.011563197709619999
33985,0.005675925873219967
33992,0.003702261485159397
33999,0.003146383911371231
34006,0.00863251555711031
34013,0.005587172694504261
34020,0.204341858625412
34027,0.006440856494009495
34034,0.011183450929820538
34041,0.1368883103132248
34048,0.014388011768460274
34055,0.11789321899414062
34062,0.010388592258095741
34069,0.0070501770824193954
34076,0.0043864781036973
34083,0.005553722381591797
34090,0.008758524432778358
34097,0.006232059095054865
34104,0.213729590177536
34111,0.010473044589161873
34118,0.007014227099716663
34125,0.02017907425761223
34132,0.008973779156804085
34139,0.1421900987625122
34146,0.00908642541617155
34153,0.022057559341192245
34160,0.0046171220019459724
34167,0.008038012310862541
34174,0.003200668841600418
34181,0.003025067038834095
34188,0.0076436675153672695
34195,0.012972934171557426
34202,0.007518562488257885
34209,0.002924106316640973
34216,0.001657088752835989
34223,0.01345955953001976
34230,0.008005280047655106
34237,0.3375045955181122
34244,0.0026347506791353226
34251,0.008270773105323315
34258,0.008735906332731247
34265,0.006697099655866623
34272,0.00876043364405632
34279,0.007055933121591806
34286,0.013336919248104095
34293,0.009553784504532814
34300,0.00852902326732874
34307,0.00978557113558054
34314,0.006173695903271437
34321,0.0034399516880512238
34328,0.006313770078122616
34335,0.005548385437577963
34342,0.0131465969607234
34349,0.002734334208071232
34356,0.17102588713169098
34363,0.009386429563164711
34370,0.007492224220186472
34377,0.004396128933876753
34384,0.01469670794904232
34391,0.005414498969912529
34398,0.006761618424206972
34405,0.005085818935185671
34412,1.2189255952835083
34419,0.005289851222187281
34426,0.008031802251935005
34433,0.13907013833522797
34440,0.006625953130424023
34447,0.010856013745069504
34454,0.008428486995398998
34461,0.00945278536528349
34468,0.15205545723438263
34475,0.0036498543340712786
34482,0.009140399284660816
34489,0.005449820309877396
34496,0.0059356302954256535
34503,0.005272185429930687
34510,0.20149941742420197
34517,0.005221541039645672
34524,0.0033058584667742252
34531,0.006209029816091061
34538,0.005211870186030865
34545,0.013397613540291786
34552,0.004005562048405409
34559,0.013492248952388763
34566,0.008501861244440079
34573,0.007051288615912199
34580,0.137662872672081
34587,0.00749763660132885
34594,0.013313813135027885
34601,0.006728568580001593
34608,0.004018101841211319
34615,0.1629457175731659
34622,0.004219030030071735
34629,0.006096888333559036
34636,0.007441450841724873
34643,0.0037980861961841583
34650,0.006927733309566975
34657,0.004006481263786554
34664,0.0038302666507661343
34671,0.011477925814688206
34678,0.003675648244097829
34685,0.005564697552472353
34692,0.09755773842334747
34699,0.008854510262608528
34706,0.009675947949290276
34713,0.172553151845932
34720,0.008459541946649551
34727,0.010739712044596672
34734,0.01225197035819292
34741,0.004057354759424925
34748,0.008672201074659824
34755,0.01916339620947838
34762,0.023968525230884552
34769,0.13582102954387665
34776,0.01934557780623436
34783,0.004607333801686764
34790,0.0038148430176079273
34797,0.008906781673431396
34804,0.32167163491249084
34811,0.009377313777804375
34818,0.1631462424993515
34825,0.009539719671010971
34832,0.004013269208371639
34839,0.02400289662182331
34846,0.00930880382657051
34853,0.003297116607427597
34860,0.007653613109141588
34867,0.00441823760047555
34874,0.014154884964227676
34881,0.15473085641860962
34888,0.0044090356677770615
34895,0.010674308985471725
34902,0.005852833390235901
34909,0.003916184883564711
34916,0.010847005993127823
34923,0.1725083589553833
34930,0.08348862826824188
34937,0.006676812656223774
34944,0.00960502214729786
34951,0.007469426840543747
34958,0.007376512978225946
34965,0.0037131025455892086
34972,0.29190313816070557
34979,0.006356520112603903
34986,0.00685162702575326
34993,0.005531336180865765
35000,0.002486433833837509
35007,0.011775805614888668
35014,0.023183126002550125
35021,0.006394227035343647
35028,0.005075670313090086
35035,0.01426769606769085
35042,0.005930528976023197
35049,0.014342503622174263
35056,0.0032289151567965746
35063,0.010944260284304619
35070,0.0038386813830584288
35077,0.007345916703343391
35084,0.007988965138792992
35091,0.011242344044148922
35098,0.025492534041404724
35105,0.006148849613964558
35112,0.008816016837954521
35119,0.008085658773779869
35126,0.09064021706581116
35133,0.020442582666873932
35140,0.007358975242823362
35147,0.17640186846256256
35154,0.014261678792536259
35161,0.004398867022246122
35168,0.011602791957557201
35175,0.00828639604151249
35182,0.009425262920558453
35189,0.19433440268039703
35196,0.0027769007720053196
35203,0.0038050897419452667
35210,0.013416413217782974
35217,0.11819767951965332
35224,0.017978699877858162
35231,0.012811435386538506
35238,0.22010059654712677
35245,0.004106990993022919
35252,0.14218641817569733
35259,0.1946008950471878
35266,0.12796546518802643
35273,0.00903216004371643
35280,0.0037122569046914577
35287,0.020756345242261887
35294,0.008609471842646599
35301,0.012847842648625374
35308,0.14265425503253937
35315,0.005067475140094757
35322,0.005953726824373007
35329,0.005044776480644941
35336,0.16145510971546173
35343,0.004489720333367586
35350,0.005388816352933645
35357,0.15294013917446136
35364,0.11294262111186981
35371,0.0054716370068490505
35378,0.009890682995319366
35385,0.014246834442019463
35392,0.010308893397450447
35399,0.007634418550878763
35406,0.3688490092754364
35413,0.009344341233372688
35420,0.16680243611335754
35427,0.008394290693104267
35434,0.008743143640458584
35441,0.013861543498933315
35448,0.004627441521733999
35455,0.005564961116760969
35462,0.0071486420929431915
35469,0.003210832830518484
35476,0.14516589045524597
35483,0.010101311840116978
35490,0.1429355889558792
35497,0.011033360846340656
35504,0.4863358736038208
35511,0.015570944175124168
35518,0.006766851060092449
35525,0.0038255671970546246
35532,0.00499101635068655
35539,0.008829600177705288
35546,0.008247386664152145
35553,0.006696875672787428
35560,0.23447327315807343
35567,0.009955177083611488
35574,0.17734409868717194
35581,0.006829092279076576
35588,0.00893814954906702
35595,0.16774454712867737
35602,0.005727330222725868
35609,0.012335691601037979
35616,0.003915674984455109
35623,0.1922951638698578
35630,0.003505709581077099
35637,0.005031939595937729
35644,0.007269291672855616
35651,0.0026228115893900394
35658,0.0126380929723382
35665,0.016483323648571968
35672,0.007189011666923761
35679,0.005355303641408682
35686,0.0020410013385117054
35693,0.0034719575196504593
35700,0.005539716221392155
35707,0.0028427746146917343
35714,0.006638703867793083
35721,0.07563941925764084
35728,0.008751532062888145
35735,0.008091067895293236
35742,0.003220563754439354
35749,0.003917337395250797
35756,0.00604160176590085
35763,0.007045458536595106
35770,0.0017032488249242306
35777,0.006654482334852219
35784,0.002525234827771783
35791,0.010489889420568943
35798,0.005654079839587212
35805,0.00805024616420269
35812,0.016675271093845367
35819,0.006998492404818535
35826,0.0034181401133537292
35833,0.01111720409244299
35840,0.18339605629444122
35847,0.010996761731803417
35854,0.009626065380871296
35861,0.005393338389694691
35868,0.006009592674672604
35875,0.00520522054284811
35882,0.17351900041103363
35889,0.17692963778972626
35896,0.007733646780252457
35903,0.008411245420575142
35910,0.24417293071746826
35917,0.0072538782842457294
35924,0.01001172699034214
35931,0.00936290342360735
35938,0.0051389094442129135
35945,0.006068131886422634
35952,0.009753931313753128
35959,0.021996257826685905
35966,0.004383821040391922
35973,0.010454727336764336
35980,0.008509011007845402
35987,0.0033649024553596973
35994,0.03044096753001213
36001,0.1692647635936737
36008,0.013422182761132717
36015,0.004025353118777275
36022,0.00389309274032712
36029,0.005048865452408791
36036,0.008233262225985527
36043,0.003218846395611763
36050,0.00209423853084445
36057,0.008631936274468899
36064,0.1369778960943222
36071,0.005059016402810812
36078,0.007299861405044794
36085,0.01758633367717266
36092,0.01197735033929348
36099,0.015620697289705276
36106,0.007633029483258724
36113,0.12316794693470001
36120,0.007123804651200771
36127,0.1925867646932602
36134,0.0041455780155956745
36141,0.009600656107068062
36148,0.005559413228183985
36155,0.1653856635093689
36162,0.0029404517263174057
36169,0.005808000452816486
36176,0.012684384360909462
36183,0.00821834895759821
36190,0.2112332433462143
36197,0.003947976510971785
36204,0.006790344603359699
36211,0.0064217159524559975
36218,0.00487062893807888
36225,0.014135420322418213
36232,0.005834933836013079
36239,0.007315533235669136
36246,0.10970385372638702
36253,0.004642445128411055
36260,0.005122595466673374
36267,0.0048133609816432
36274,0.0031884582713246346
36281,0.014737121760845184
36288,0.008801324293017387
36295,0.13547997176647186
36302,0.007833264768123627
36309,0.0014769602566957474
36316,0.0038586468435823917
36323,0.0068826391361653805
36330,0.004777061752974987
36337,0.012054584920406342
36344,0.006879970896989107
36351,0.001719175255857408
36358,0.009672296233475208
36365,0.15773826837539673
36372,0.00321528734639287
36379,0.0023420113138854504
36386,0.00701339403167367
36393,0.004156019538640976
36400,0.010150911286473274
36407,0.29913002252578735
36414,0.004609251394867897
36421,0.006452275440096855
36428,0.10269305109977722
36435,0.003154763951897621
36442,0.1426185667514801
36449,0.20761431753635406
36456,0.0070377858355641365
36463,0.00996704027056694
36470,0.005022065714001656
36477,0.0034821932204067707
36484,0.0032988968305289745
36491,0.012676296755671501
36498,0.006110138259828091
36505,0.006733694579452276
36512,0.030874721705913544
36519,0.1877398043870926
36526,0.00967651791870594
36533,0.008983212523162365
36540,0.005249611102044582
36547,0.006199686788022518
36554,0.12625128030776978
36561,0.003970760852098465
36568,0.009907985106110573
36575,0.0032360656186938286
36582,0.16632895171642303
36589,0.15997368097305298
36596,0.015479166060686111
36603,0.010326635092496872
36610,0.006997530348598957
36617,0.005243905819952488
36624,0.0030134583357721567
36631,0.008298483677208424
36638,0.00973511766642332
36645,0.003464040346443653
36652,0.21142150461673737
36659,0.00402468629181385
36666,0.007294964045286179
36673,0.2604765295982361
36680,0.026407718658447266
36687,0.006944969762116671
36694,0.15586650371551514
36701,0.01011020876467228
36708,0.011087233200669289
36715,0.007876729592680931
36722,0.14207878708839417
36729,0.015551537275314331
36736,0.1770179122686386
36743,0.00649516424164176
36750,0.00419968506321311
36757,0.012436652556061745
36764,0.00546420319005847
36771,0.004492421168833971
36778,0.008093954995274544
36785,0.004372767172753811
36792,0.004367835819721222
36799,0.16676804423332214
36806,0.011303435079753399
36813,0.14141707122325897
36820,0.003054390661418438
36827,0.007903773337602615
36834,0.003469395451247692
36841,0.08013689517974854
36848,0.008164530619978905
36855,0.01441099401563406
36862,0.006268064957112074
36869,0.003987938165664673
36876,0.00407598027959466
36883,0.005108783952891827
36890,0.0050899796187877655
36897,0.0028581609949469566
36904,0.0038837208412587643
36911,0.14944858849048615
36918,0.005147900432348251
36925,0.012401558458805084
36932,0.010242918506264687
36939,0.0031350001227110624
36946,0.00632745586335659
36953,0.005145068746060133
36960,0.010887537151575089
36967,0.012133991345763206
36974,0.004994010552763939
36981,0.006743740290403366
36988,0.17500904202461243
36995,0.08177304267883301
37002,0.0025584897957742214
37009,0.014275554567575455
37016,0.13206042349338531
37023,0.006322004832327366
37030,0.004369143862277269
37037,0.0050214724615216255
37044,0.007209011819213629
37051,0.01903272420167923
37058,0.002381762256845832
37065,0.005919609218835831
37072,0.01731501892209053
37079,0.0025125104002654552
37086,0.005929457023739815
37093,0.007840288802981377
37100,0.007398454938083887
37107,0.003531684400513768
37114,0.16744127869606018
37121,0.003235469339415431
37128,0.007306976243853569
37135,0.002646906767040491
37142,0.0030816863290965557
37149,0.0018701101653277874
37156,0.006501832511276007
37163,0.0018214781302958727
37170,0.0060480074025690556
37177,0.004286750685423613
37184,0.006280344445258379
37191,0.0038992324844002724
37198,0.009217699989676476
37205,0.0027614966966211796
37212,0.1737726628780365
37219,0.004009190946817398
37226,0.005786331370472908
37233,0.005811832845211029
37240,0.0012305995915085077
37247,0.0065155974589288235
37254,0.0021432891953736544
37261,0.003694176208227873
37268,0.13329066336154938
37275,0.0033440724946558475
37282,0.0045575532130897045
37289,0.00914035178720951
37296,0.14025302231311798
37303,0.003590428503230214
37310,0.005518484394997358
37317,0.012590850703418255
37324,0.005192573182284832
37331,0.0026500062085688114
37338,0.004073465708643198
37345,0.00440666638314724
37352,0.002559725195169449
37359,0.004722800105810165
37366,0.1403985321521759
37373,0.005098674912005663
37380,0.003123239614069462
37387,0.17589712142944336
37394,0.0046838028356432915
37401,0.015026487410068512
37408,0.004969035740941763
37415,0.006214441731572151
37422,0.005729482043534517
37429,0.003067495534196496
37436,0.002097004558891058
37443,0.43461596965789795
37450,0.003926204517483711
37457,0.003120503621175885
37464,0.0033688275143504143
37471,0.011112268082797527
37478,0.008250486105680466
37485,0.004313386511057615
37492,0.18499672412872314
37499,0.011979806236922741
37506,0.007764502428472042
37513,0.004192035645246506
37520,0.0067327795550227165
37527,0.3473219871520996
37534,0.006273702252656221
37541,0.004617443308234215
37548,0.005944458767771721
37555,0.006090346723794937
37562,0.018306314945220947
37569,0.003140512388199568
37576,0.004098481964319944
37583,0.003969528246670961
37590,0.007383476942777634
37597,0.0086282379925251
37604,0.014163380488753319
37611,0.14220421016216278
37618,0.004394805058836937
37625,0.006281854119151831
37632,0.006310347001999617
37639,0.010583732277154922
37646,0.20800639688968658
37653,0.005694539286196232
37660,0.005689413286745548
37667,0.014406945556402206
37674,0.006845065858215094
37681,0.0036576001439243555
37688,0.0038095428608357906
37695,0.0089025953784585
37702,0.0038101254031062126
37709,0.004670620895922184
37716,0.007379329763352871
37723,0.004461892880499363
37730,0.0029397180769592524
37737,0.0029970710165798664
37744,0.11198736727237701
37751,0.1447732150554657
37758,0.007650827057659626
37765,0.01164017990231514
37772,0.0027778237126767635
37779,0.0037051443941891193
37786,0.005959629081189632
37793,0.003478674218058586
37800,0.1538626253604889
37807,0.00534952525049448
37814,0.008160009048879147
37821,0.006166469305753708
37828,0.008731410838663578
37835,0.14033062756061554
37842,0.00645395228639245
37849,0.00576738640666008
37856,0.004203077405691147
37863,0.005866543389856815
37870,0.003724259091541171
37877,0.009778875857591629
37884,0.13587865233421326
37891,0.005996055901050568
37898,0.16943058371543884
37905,0.13036330044269562
37912,0.0029158517718315125
37919,0.00509637501090765
37926,0.005997581407427788
37933,0.005220017395913601
37940,0.005610233172774315
37947,0.0022834325209259987
37954,0.004311117809265852
37961,0.00438630161806941
37968,0.007964860647916794
37975,0.004494171589612961
37982,0.0201109629124403
37989,0.009586569853127003
37996,0.005157255567610264
38003,0.11792100220918655
38010,0.006378695368766785
38017,0.01364278607070446
38024,0.004354267846792936
38031,0.0023702988401055336
38038,0.10883242636919022
38045,0.003609850537031889
38052,0.0045839520171284676
38059,0.0026610437780618668
38066,0.004976983647793531
38073,0.004450241103768349
38080,0.15070608258247375
38087,0.24762827157974243
38094,0.010945205576717854
38101,0.011393130756914616
38108,0.006535789463669062
38115,0.13992315530776978
38122,0.010915035381913185
38129,0.004216996021568775
38136,0.0026742001064121723
38143,0.008522662334144115
38150,0.006258969195187092
38157,0.0053159985691308975
38164,0.006769875064492226
38171,0.014274844899773598
38178,0.21135824918746948
38185,0.007356459274888039
38192,0.00452595017850399
38199,0.005783201195299625
38206,0.01225225068628788
38213,0.010232027620077133
38220,0.007766202092170715
38227,0.005583671852946281
38234,0.012501290068030357
38241,0.0033121665474027395
38248,0.0030413747299462557
38255,0.004892637021839619
38262,0.002598060993477702
38269,0.005540118087083101
38276,0.010636689141392708
38283,0.13745839893817902
38290,0.012704936787486076
38297,0.006028912961483002
38304,0.006118210963904858
38311,0.0029044151306152344
38318,0.0027440679259598255
38325,0.010028754360973835
38332,0.1639699637889862
38339,0.006623840890824795
38346,0.00646575540304184
38353,0.004110680427402258
38360,0.005447021685540676
38367,0.008727559819817543
38374,0.28034231066703796
38381,0.1157955676317215
38388,0.01124096941202879
38395,0.21097281575202942
38402,0.012775029987096786
38409,0.004137479700148106
38416,0.006056466605514288
38423,0.026620835065841675
38430,0.004031905438750982
38437,0.005324724595993757
38444,0.007583145052194595
38451,0.010299419984221458
38458,0.003950944170355797
38465,0.009515641257166862
38472,0.011249112896621227
38479,0.0073685054667294025
38486,0.0031002145260572433
38493,0.005862424615770578
38500,0.002587750321254134
38507,0.004955736454576254
38514,0.0035978101659566164
38521,0.008260567672550678
38528,0.028377342969179153
38535,0.02344949170947075
38542,0.008190860971808434
38549,0.002759776310995221
38556,0.013304014690220356
38563,0.013087578117847443
38570,0.005443842150270939
38577,0.004291852470487356
38584,0.012742829509079456
38591,0.0038475501351058483
38598,0.00777511578053236
38605,0.11606220155954361
38612,0.22469966113567352
38619,0.00859593041241169
38626,0.010422999039292336
38633,0.004624729976058006
38640,0.007019177544862032
38647,0.003216385841369629
38654,0.007681753020733595
38661,0.003768738592043519
38668,0.005191306583583355
38675,0.004827280528843403
38682,0.2087840437889099
38689,0.007591521367430687
38696,0.002117750234901905
38703,0.007915368303656578
38710,0.005050855688750744
38717,0.0063416799530386925
38724,0.0060470025055110455
38731,0.005479509010910988
38738,0.15104550123214722
38745,0.002559830667451024
38752,0.002414225833490491
38759,0.15081334114074707
38766,0.008258750662207603
38773,0.13344566524028778
38780,0.0022313378285616636
38787,0.014037064276635647
38794,0.00544482097029686
38801,0.005597802344709635
38808,0.010794614441692829
38815,0.013722765259444714
38822,0.006616143509745598
38829,0.004852590151131153
38836,0.007704287767410278
38843,0.02548125758767128
38850,0.007180722896009684
38857,0.003790276125073433
38864,0.16162726283073425
38871,0.002910955809056759
38878,0.01198272779583931
38885,0.005897781811654568
38892,0.2727063298225403
38899,0.006042275577783585
38906,0.007989737205207348
38913,0.011270985007286072
38920,0.227813720703125
38927,0.007112050894647837
38934,0.14673174917697906
38941,0.0048983413726091385
38948,0.005590870510786772
38955,0.008229130879044533
38962,0.00792139582335949
38969,0.006652099080383778
38976,0.0045016175135970116
38983,0.10503651946783066
38990,0.006983052473515272
38997,0.00951981358230114
39004,0.00515635684132576
39011,0.0029964325949549675
39018,0.15183357894420624
39025,0.004494707565754652
39032,0.213352233171463
39039,0.003657175227999687
39046,0.0077933259308338165
39053,0.008964167907834053
39060,0.0038969158194959164
39067,0.007332968525588512
39074,0.005422358866780996
39081,0.010472118854522705
39088,0.005468996241688728
39095,0.22345060110092163
39102,0.007530516013503075
39109,0.0065332259982824326
39116,0.26056867837905884
39123,0.0033103786408901215
39130,0.011113614775240421
39137,0.004207143094390631
39144,0.008684242144227028
39151,0.009460818022489548
39158,0.005351063329726458
39165,0.06930599361658096
39172,0.192641019821167
39179,0.015402711927890778
39186,0.009835167787969112
39193,0.005211380310356617
39200,0.002560126129537821
39207,0.008432835340499878
39214,0.008218448609113693
39221,0.005482432432472706
39228,0.00510038249194622
39235,0.16156594455242157
39242,0.010379175655543804
39249,0.005991602782160044
39256,0.10879713296890259
39263,0.0070132361724972725
39270,0.003508251626044512
39277,0.010784368962049484
39284,0.006075739860534668
39291,0.004917243495583534
39298,0.014442285522818565
39305,0.006378548685461283
39312,0.01147961150854826
39319,0.11433083564043045
39326,0.011109375394880772
39333,0.005986551754176617
39340,0.004782703705132008
39347,0.0042810519225895405
39354,0.00698754470795393
39361,0.0017840128857642412
39368,0.004510083235800266
39375,0.009349586442112923
39382,0.004968851804733276
39389,0.00473670894280076
39396,0.01858871430158615
39403,0.010781310498714447
39410,0.1328480988740921
39417,0.0030533629469573498
39424,0.012424992397427559
39431,0.0025727152824401855
39438,0.007318311370909214
39445,0.012053926475346088
39452,0.0030953686218708754
39459,0.0035653170198202133
39466,0.003490288043394685
39473,0.00356587884016335
39480,0.0038805012591183186
39487,0.006149156950414181
39494,0.0034180323127657175
39501,0.0008835560292936862
39508,0.005856467876583338
39515,0.004932527896016836
39522,0.002826603362336755
39529,0.0034984550438821316
39536,0.014253687113523483
39543,0.0037774150259792805
39550,0.005338207818567753
39557,0.007048816420137882
39564,0.007907756604254246
39571,0.009114278480410576
39578,0.0022744787856936455
39585,0.107506163418293
39592,0.00580306351184845
39599,0.006665169261395931
39606,0.12797729671001434
39613,0.014325791038572788
39620,0.003795745549723506
39627,0.009816473349928856
39634,0.004541979171335697
39641,0.009789885953068733
39648,0.008070597425103188
39655,0.003046538680791855
39662,0.007307258900254965
39669,0.006668240763247013
39676,0.004516019485890865
39683,0.12716098129749298
39690,0.018040059134364128
39697,0.1299070119857788
39704,0.004247603937983513
39711,0.0044472357258200645
39718,0.010385671630501747
39725,0.011305596679449081
39732,0.00784318894147873
39739,0.003322274424135685
39746,0.0073681725189089775
39753,0.004491852596402168
39760,0.0034774355590343475
39767,0.011053796857595444
39774,0.15076670050621033
39781,0.0070892395451664925
39788,0.009891513735055923
39795,0.008137290365993977
39802,0.0029139001853764057
39809,0.004308468662202358
39816,0.0031716045923531055
39823,0.0038214614614844322
39830,0.006456553004682064
39837,0.010731889866292477
39844,0.003135640872642398
39851,0.006569779012352228
39858,0.10441426187753677
39865,0.1626574844121933
39872,0.011043152771890163
39879,0.004539841320365667
39886,0.013872572220861912
39893,0.0031124588567763567
39900,0.009700650349259377
39907,0.011454733088612556
39914,0.008995997719466686
39921,0.008914820849895477
39928,0.005578872747719288
39935,0.007083093747496605
39942,0.0026429968420416117
39949,0.010201770812273026
39956,0.013214761391282082
39963,0.002181334886699915
39970,0.005416912958025932
39977,0.01471757423132658
39984,0.25634878873825073
39991,0.011525649577379227
39998,0.006363647989928722
40005,0.003023653756827116
40012,0.005946065299212933
40019,0.005811611190438271
40026,0.002428952371701598
40033,0.0017396659823134542
40040,0.010222186334431171
40047,0.009235910139977932
40054,0.005240444093942642
40061,0.00539232837036252
40068,0.0042843809351325035
40075,0.01485656201839447
40082,0.007502324413508177
40089,0.0067025660537183285
40096,0.12098649889230728
40103,0.016176119446754456
40110,0.0060504223220050335
40117,0.004908711649477482
40124,0.0072100479155778885
40131,0.005197651218622923
40138,0.12978866696357727
40145,0.00945111270993948
40152,0.004066402092576027
40159,0.007176317740231752
40166,0.011059155687689781
40173,0.010496013797819614
40180,0.0032109913881868124
40187,0.004835045896470547
40194,0.007152517791837454
40201,0.11748053133487701
40208,0.012144438922405243
40215,0.009635651484131813
40222,0.005509554874151945
40229,0.008845781907439232
40236,0.005685811396688223
40243,0.22630897164344788
40250,0.00475866487249732
40257,0.009448990225791931
40264,0.0028750551864504814
40271,0.10499587655067444
40278,0.0026049367152154446
40285,0.008614559657871723
40292,0.00768136465921998
40299,0.011456472799181938
40306,0.012303177267313004
40313,0.0018968128133565187
40320,0.003137519583106041
40327,0.006712228991091251
40334,0.002138040727004409
40341,0.00760598573833704
40348,0.0048424238339066505
40355,0.011639609932899475
40362,0.1593123823404312
40369,0.007233495824038982
40376,0.0035855015739798546
40383,0.007876290008425713
40390,0.005770104005932808
40397,0.002323152031749487
40404,0.0035693917889147997
40411,0.006397773511707783
40418,0.002615561941638589
40425,0.007217624224722385
40432,0.15254992246627808
40439,0.13537812232971191
40446,0.003405835945159197
40453,0.005756005644798279
40460,0.007532752584666014
40467,0.047781068831682205
40474,0.007692820858210325
40481,0.0066225468181073666
40488,0.003921650815755129
40495,0.005006409250199795
40502,0.005740704480558634
40509,0.004507062956690788
40516,0.010295785963535309
40523,0.007456081919372082
40530,0.009622355923056602
40537,0.004744098987430334
40544,0.1414521187543869
40551,0.007008465006947517
40558,0.008024262264370918
40565,0.006949574686586857
40572,0.011852707713842392
40579,0.20287446677684784
40586,0.009176739491522312
40593,0.002574923913925886
40600,0.006533362902700901
40607,0.1417030394077301
40614,0.0019190009916201234
40621,0.004464356228709221
40628,0.0041901590302586555
40635,0.0036885319277644157
40642,0.0015716671478003263
40649,0.003717296989634633
40656,0.005607602186501026
40663,0.0035664509050548077
40670,0.011983813717961311
40677,0.004679320380091667
40684,0.0078010656870901585
40691,0.0033265030942857265
40698,0.003009235020726919
40705,0.00621900986880064
40712,0.003688512137159705
40719,0.012901127338409424
40726,0.0030030407942831516
40733,0.007691034581512213
40740,0.33118289709091187
40747,0.00346713000908494
40754,0.03440379351377487
40761,0.19678671658039093
40768,0.005794638767838478
40775,0.00631230603903532
40782,0.12307227402925491
40789,0.011693354696035385
40796,0.09405873715877533
40803,0.018786221742630005
40810,0.004265208728611469
40817,0.0017112154746428132
40824,0.014142150059342384
40831,0.004461908712983131
40838,0.1128419041633606
40845,0.008311063051223755
40852,0.004622458014637232
40859,0.002698267577216029
40866,0.0031674327328801155
40873,0.002998926443979144
40880,0.11982860416173935
40887,0.005091897211968899
40894,0.0026980554684996605
40901,0.22609490156173706
40908,0.00923557672649622
40915,0.0063012754544615746
40922,0.003848772030323744
40929,0.012865159660577774
40936,0.003202388994395733
40943,0.004339438863098621
40950,0.0031723380088806152
40957,0.13286378979682922
40964,0.01646801084280014
40971,0.013993705622851849
40978,0.006752694025635719
40985,0.00765811325982213
40992,0.007265832740813494
40999,0.07090834528207779
41006,0.005670911632478237
41013,0.10277765989303589
41020,0.1475275605916977
41027,0.014180121943354607
41034,0.0068391477689146996
41041,0.01844683289527893
41048,0.003101406153291464
41055,0.008837523870170116
41062,0.004957105033099651
41069,0.015585094690322876
41076,0.005895571317523718
41083,0.005766185466200113
41090,0.13221576809883118
41097,0.0049709235318005085
41104,0.012520616874098778
41111,0.005973149091005325
41118,0.010281535796821117
41125,0.0026764213107526302
41132,0.0037510599941015244
41139,0.0026881766971200705
41146,0.004565495066344738
41153,0.005899769254028797
41160,0.007480477914214134
41167,0.0021248687990009785
41174,0.007907493971288204
41181,0.006489869207143784
41188,0.008990710601210594
41195,0.21866008639335632
41202,0.005920536816120148
41209,0.0045867012813687325
41216,0.25729620456695557
41223,0.10714313387870789
41230,0.011000351049005985
41237,0.010990066453814507
41244,0.013937687501311302
41251,0.003938746638596058
41258,0.13273251056671143
41265,0.00459664361551404
41272,0.11958372592926025
41279,0.05500724911689758
41286,0.12842145562171936
41293,0.006785502657294273
41300,0.007184118032455444
41307,0.007226390298455954
41314,0.012353168800473213
41321,0.005242986138910055
41328,0.00804921519011259
41335,0.006091289222240448
41342,0.09416577219963074
41349,0.004156462848186493
41356,0.008217059075832367
41363,0.005860450211912394
41370,0.0062658702954649925
41377,0.005613777786493301
41384,0.007464025169610977
41391,0.0013438551686704159
41398,0.259059876203537
41405,0.005474495235830545
41412,0.008089927025139332
41419,0.008264529518783092
41426,0.003968973644077778
41433,0.004228557925671339
41440,0.00577494315803051
41447,0.0069809225387871265
41454,0.004943219944834709
41461,0.005018716678023338
41468,0.01286158338189125
41475,0.004981331527233124
41482,0.004482637159526348
41489,0.006949263159185648
41496,0.23034170269966125
41503,0.005715128034353256
41510,0.003713136538863182
41517,0.0019868023227900267
41524,0.003529854817315936
41531,0.0052406201139092445
41538,0.005970459431409836
41545,0.001791993505321443
41552,0.0030075768008828163
41559,0.1598803550004959
41566,0.009824354201555252
41573,0.017284786328673363
41580,0.0029366996604949236
41587,0.009550414979457855
41594,0.18448425829410553
41601,0.004900034051388502
41608,0.009138897992670536
41615,0.12761478126049042
41622,0.0109060388058424
41629,0.018042221665382385
41636,0.0020296555012464523
41643,0.01196347363293171
41650,0.0033061581198126078
41657,0.010827776044607162
41664,0.13427230715751648
41671,0.0016998351784422994
41678,0.006108970381319523
41685,0.04316357523202896
41692,0.004669201094657183
41699,0.02099590003490448
41706,0.011233745142817497
41713,0.007909164763987064
41720,0.11267934739589691
41727,0.007513677701354027
41734,0.008765287697315216
41741,0.004695018753409386
41748,0.261569619178772
41755,0.005288915242999792
41762,0.011419791728258133
41769,0.14607423543930054
41776,0.010919777676463127
41783,0.018720494583249092
41790,0.009059660136699677
41797,0.0036820736713707447
41804,0.008752129040658474
41811,0.00799791794270277
41818,0.13815143704414368
41825,0.005176079459488392
41832,0.003591719549149275
41839,0.009388403967022896
41846,0.007930627092719078
41853,0.003322409698739648
41860,0.015753237530589104
41867,0.002521760994568467
41874,0.014410378411412239
41881,0.003401560941711068
41888,0.007520746439695358
41895,0.00694182189181447
41902,0.010632665827870369
41909,0.0033196895383298397
41916,0.0016547294799238443
41923,0.00292942370288074
41930,0.16402064263820648
41937,0.011786382645368576
41944,0.012790066190063953
41951,0.011312926188111305
41958,0.30166515707969666
41965,0.1384715586900711
41972,0.007814081385731697
41979,0.13250204920768738
41986,0.004463116638362408
41993,0.006889717653393745
42000,0.004500172100961208
42007,0.008994201198220253
42014,0.0014094761572778225
42021,0.00897474866360426
42028,0.14932620525360107
42035,0.004069543443620205
42042,0.005987769924104214
42049,0.005155740771442652
42056,0.1200869083404541
42063,0.0057813203893601894
42070,0.004836912266910076
42077,0.004219146445393562
42084,0.1907663643360138
42091,0.09523995965719223
42098,0.007565247360616922
42105,0.01442705187946558
42112,0.005220961757004261
42119,0.003086538054049015
42126,0.019016442820429802
42133,0.0038332235999405384
42140,0.011221958324313164
42147,0.01585797779262066
42154,0.007391963619738817
42161,0.009322622790932655
42168,0.008044932968914509
42175,0.16139334440231323
42182,0.005876797717064619
42189,0.009200600907206535
42196,0.1359369158744812
42203,0.0030451181810349226
42210,0.0060014380142092705
42217,0.011915693990886211
42224,0.005495768040418625
42231,0.010612642392516136
42238,0.021130748093128204
42245,0.0283052921295166
42252,0.005346653051674366
42259,0.004058347083628178
42266,0.006589329335838556
42273,0.004137101117521524
42280,0.00806173775345087
42287,0.010899607092142105
42294,0.26696473360061646
42301,0.18399789929389954
42308,0.007141593843698502
42315,0.00603937404230237
42322,0.012123743072152138
42329,0.05211140215396881
42336,0.005625092890113592
42343,0.013590365648269653
42350,0.004623838700354099
42357,0.0036608376540243626
42364,0.13291960954666138
42371,0.004306050017476082
42378,0.006891118828207254
42385,0.0025518923066556454
42392,0.17057998478412628
42399,0.0049477918073534966
42406,0.004519471433013678
42413,0.0047294823452830315
42420,0.006775076035410166
42427,0.09781377762556076
42434,0.0047453418374061584
42441,0.007200577761977911
42448,0.009610061533749104
42455,0.0037180762737989426
42462,0.005224369466304779
42469,0.019056210294365883
42476,0.025649577379226685
42483,0.0075700250454247
42490,0.009231026284396648
42497,0.012558609247207642
42504,0.001966135110706091
42511,0.004286128096282482
42518,0.010598143562674522
42525,0.008299567736685276
42532,0.011044338345527649
42539,0.004990743473172188
42546,0.006964289583265781
42553,0.006058923900127411
42560,0.004614350385963917
42567,0.007620454765856266
42574,0.0045670634135603905
42581,0.0038261893205344677
42588,0.004853947553783655
42595,0.004051045514643192
42602,0.01033011358231306
42609,0.013220450840890408
42616,0.003919109236449003
42623,0.012061825022101402
42630,0.004598655737936497
42637,0.003049292601644993
42644,0.013537554070353508
42651,0.0045695616863667965
42658,0.010551358573138714
42665,0.005101729184389114
42672,0.0025626823771744967
42679,0.011610398069024086
42686,0.00438503734767437
42693,0.008243685588240623
42700,0.005646779201924801
42707,0.00519969779998064
42714,0.004871667828410864
42721,0.005045807454735041
42728,0.006937045603990555
42735,0.14587004482746124
42742,0.008072994649410248
42749,0.00478579755872488
42756,0.004663200583308935
42763,0.004827097058296204
42770,0.005110885947942734
42777,0.007988132536411285
42784,0.0056048110127449036
42791,0.00806963536888361
42798,0.004615773446857929
42805,0.0041465237736701965
42812,0.01019990909844637
42819,0.00710338493809104
42826,0.006245478522032499
42833,0.006575819570571184
42840,0.00882407370954752
42847,0.0012661536457017064
42854,0.004200449213385582
42861,0.004665106534957886
42868,0.0019782190211117268
42875,0.005123698618263006
42882,0.17684990167617798
42889,0.00185619224794209
42896,0.005902315489947796
42903,0.008040337823331356
42910,0.003598688170313835
42917,0.003247399814426899
42924,0.005107405595481396
42931,0.20835936069488525
42938,0.0033406452275812626
42945,0.002734988695010543
42952,0.01648225635290146
42959,0.003657276974990964
42966,0.007308967411518097
42973,0.005698072724044323
42980,0.13319304585456848
42987,0.00920628011226654
42994,0.003605293110013008
43001,0.005880134180188179
43008,0.009225459769368172
43015,0.32325249910354614
43022,0.006902830675244331
43029,0.010558743961155415
43036,0.01289673987776041
43043,0.0037662656977772713
43050,0.004625842906534672
43057,0.012248300947248936
43064,0.004964202176779509
43071,0.004861452616751194
43078,0.012086551636457443
43085,0.010917538776993752
43092,0.008071399293839931
43099,0.007560397498309612
43106,0.007832717150449753
43113,0.005339650437235832
43120,0.004152562469244003
43127,0.0026923161931335926
43134,0.15213173627853394
43141,0.13576127588748932
43148,0.00448981998488307
43155,0.005103282164782286
43162,0.007619056850671768
43169,0.008151919580996037
43176,0.00823814608156681
43183,0.0038854512386024
43190,0.003712895791977644
43197,0.003988726995885372
43204,0.004624123685061932
43211,0.09079950302839279
43218,0.008310588076710701
43225,0.004211232997477055
43232,0.004490778781473637
43239,0.19047492742538452
43246,0.05456032231450081
43253,0.00798249151557684
43260,0.16656798124313354
43267,0.002903210697695613
43274,0.12856413424015045
43281,0.015280979685485363
43288,0.16028030216693878
43295,0.0035891151055693626
43302,0.13168559968471527
43309,0.002853331621736288
43316,0.003840832505375147
43323,0.003460952080786228
43330,0.027618512511253357
43337,0.0061343964189291
43344,0.002071826718747616
43351,0.005862584337592125
43358,0.006903526373207569
43365,0.06622079014778137
43372,0.005520625971257687
43379,0.005005208309739828
43386,0.0037329639308154583
43393,0.00512857548892498
43400,0.00770243676379323
43407,0.12733709812164307
43414,0.017610659822821617
43421,0.014126507565379143
43428,0.006338499486446381
43435,0.012160088866949081
43442,0.023703746497631073
43449,0.00522887147963047
43456,0.010360975749790668
43463,0.007657897658646107
43470,0.006373115349560976
43477,0.006237595342099667
43484,0.12275832146406174
43491,0.003625409211963415
43498,0.00973251461982727
43505,0.00969894789159298
43512,0.0018101261230185628
43519,0.004207094199955463
43526,0.00904008373618126
43533,0.0051433793269097805
43540,0.008244951255619526
43547,0.008447697386145592
43554,0.006902611814439297
43561,0.005035024601966143
43568,0.0070684319362044334
43575,0.005580245517194271
43582,0.003307773731648922
43589,0.011852521449327469
43596,0.003549117362126708
43603,0.06411395967006683
43610,0.00898298155516386
43617,0.007033631205558777
43624,0.007780875079333782
43631,0.010343543253839016
43638,0.016597790643572807
43645,0.005582812242209911
43652,0.012271426618099213
43659,0.006482367403805256
43666,0.007721050642430782
43673,0.011311810463666916
43680,0.003887785831466317
43687,0.00520989578217268
43694,0.004136852454394102
43701,0.015307685360312462
43708,0.004673820920288563
43715,0.006199376657605171
43722,0.009572296403348446
43729,0.15944871306419373
43736,0.014667347073554993
43743,0.004516439978033304
43750,0.21846720576286316
43757,0.009606162086129189
43764,0.009166224859654903
43771,0.008114498108625412
43778,0.006630554795265198
43785,0.005437436513602734
43792,0.002437381073832512
43799,0.005647242069244385
43806,0.008889622054994106
43813,0.0019256597151979804
43820,0.005939795635640621
43827,0.002144130878150463
43834,0.013996263965964317
43841,0.0018628444522619247
43848,0.006020964123308659
43855,0.0024587069638073444
43862,0.1342867612838745
43869,0.0032011065632104874
43876,0.015660326927900314
43883,0.0043068621307611465
43890,0.012093134224414825
43897,0.0029980733525007963
43904,0.012030051089823246
43911,0.006158355623483658
43918,0.006354355253279209
43925,0.12977194786071777
43932,0.005798681639134884
43939,0.007894841954112053
43946,0.004275927785784006
43953,0.0052606817334890366
43960,0.002589934505522251
43967,0.003526804968714714
43974,0.1403825432062149
43981,0.0027563106268644333
43988,0.0038593639619648457
43995,0.007015453185886145
44002,0.002120676916092634
44009,0.1541939675807953
44016,0.014327790588140488
44023,0.0047576697543263435
44030,0.006082560867071152
44037,0.011630050837993622
44044,0.18263669312000275
44051,0.005987090989947319
44058,0.0032430728897452354
44065,0.005655678920447826
44072,0.006534630432724953
44079,0.0028305277228355408
44086,0.0039805518463253975
44093,0.005279639735817909
44100,0.004362083505839109
44107,0.005990279838442802
44114,0.004654646385461092
44121,0.0072554368525743484
44128,0.00656810961663723
44135,0.0044982400722801685
44142,0.005764382891356945
44149,0.004712752066552639
44156,0.010617143474519253
44163,0.004198338836431503
44170,0.006833311170339584
44177,0.0020770556293427944
44184,0.12688079476356506
44191,0.003835335373878479
44198,0.18035821616649628
44205,0.0015230600256472826
44212,0.019637325778603554
44219,0.21110935509204865
44226,0.004436885472387075
44233,0.010004869662225246
44240,0.004574095830321312
44247,0.1210436075925827
44254,0.004191521089524031
44261,0.007539783138781786
44268,0.13020756840705872
44275,0.006675839424133301
44282,0.005701524671167135
44289,0.007381157949566841
44296,0.1712435632944107
44303,0.007022096775472164
44310,0.34401679039001465
44317,0.01063518039882183
44324,0.14297188818454742
44331,0.011924197897315025
44338,0.009950915351510048
44345,0.005705848801881075
44352,0.004705527331680059
44359,0.004582165740430355
44366,0.0081399567425251
44373,0.011169148609042168
44380,0.003042672760784626
44387,0.00586283765733242
44394,0.009405631572008133
44401,0.005318209994584322
44408,0.007367087993770838
44415,0.008699920028448105
44422,0.008678169921040535
44429,0.14425833523273468
44436,0.008297485299408436
44443,0.006298331543803215
44450,0.009452715516090393
44457,0.004549243021756411
44464,0.0033854481298476458
44471,0.00510275736451149
44478,0.015154914930462837
44485,0.01420536544173956
44492,0.015378107316792011
44499,0.004518288187682629
44506,0.007006016559898853
44513,0.10875201970338821
44520,0.15637491643428802
44527,0.0064516933634877205
44534,0.005162120796740055
44541,0.004014205653220415
44548,0.1725027859210968
44555,0.005862604361027479
44562,0.005333158187568188
44569,0.008010486140847206
44576,0.005831084679812193
44583,0.003394251223653555
44590,0.00459433114156127
44597,0.0029480676166713238
44604,0.004513380117714405
44611,0.0048325927928090096
44618,0.01236841082572937
44625,0.0904509648680687
44632,0.02258750982582569
44639,0.010976609773933887
44646,0.003283517900854349
44653,0.006772519554942846
44660,0.005871704779565334
44667,0.009868530556559563
44674,0.006556331180036068
44681,0.0076592243276536465
44688,0.005579304415732622
44695,0.018225139006972313
44702,0.0036789451260119677
44709,0.006114770192652941
44716,0.2518326938152313
44723,0.005750215612351894
44730,0.013905703090131283
44737,0.0056620389223098755
44744,0.0033094920217990875
44751,0.008324854075908661
44758,0.006271256599575281
44765,0.0015023986343294382
44772,0.0032926867716014385
44779,0.005149725824594498
44786,0.003018520073965192
44793,0.007606996223330498
44800,0.006193388253450394
44807,0.012736189179122448
44814,0.05215220898389816
44821,0.010727074928581715
44828,0.005880807992070913
44835,0.008388062007725239
44842,0.004677846096456051
44849,0.00583416223526001
44856,0.00631928164511919
44863,0.01687217503786087
44870,0.005028802435845137
44877,0.006170390639454126
44884,0.007761644199490547
44891,0.004537203349173069
44898,0.00741702551022172
44905,0.003071177750825882
44912,0.002692139707505703
44919,0.004050109069794416
44926,0.004281293600797653
44933,0.002597131533548236
44940,0.004342036787420511
44947,0.01454303227365017
44954,0.008597509004175663
44961,0.008416438475251198
44968,0.004753319546580315
44975,0.012208368629217148
44982,0.0053503671661019325
44989,0.005881280172616243
44996,0.00694485055282712
45003,0.004100726917386055
45010,0.0025518860202282667
45017,0.1481272131204605
45024,0.009795395657420158
45031,0.04067448899149895
45038,0.016391318291425705
45045,0.011678013019263744
45052,0.00773857394233346
45059,0.0024761061649769545
45066,0.007464786991477013
45073,0.010378656908869743
45080,0.002731439657509327
45087,0.004032920580357313
45094,0.0037415819242596626
45101,0.0039922622963786125
45108,0.008284682407975197
45115,0.0042606196366250515
45122,0.14723120629787445
45129,0.012134593911468983
45136,0.001981699140742421
45143,0.003104220610111952
45150,0.005197109654545784
45157,0.0022537922486662865
45164,0.010993074625730515
45171,0.0022669387981295586
45178,0.004454481415450573
45185,0.10803639143705368
45192,0.00983150489628315
45199,0.005725845694541931
45206,0.007204809226095676
45213,0.006495187059044838
45220,0.006075815297663212
45227,0.16643331944942474
45234,0.003345378441736102
45241,0.12968233227729797
45248,0.004017994739115238
45255,0.007878339849412441
45262,0.004296039696782827
45269,0.004089031834155321
45276,0.12207808345556259
45283,0.0035245136823505163
45290,0.004358802922070026
45297,0.005106490105390549
45304,0.004211329855024815
45311,0.09934764355421066
45318,0.002762109972536564
45325,0.0021325531415641308
45332,0.09277905523777008
45339,0.009394895285367966
45346,0.15225571393966675
45353,0.006701934151351452
45360,0.002697140211239457
45367,0.01277183648198843
45374,0.008508918806910515
45381,0.004553570412099361
45388,0.0032105417922139168
45395,0.010572683066129684
45402,0.005411785561591387
45409,0.008472575806081295
45416,0.013391943648457527
45423,0.007539296988397837
45430,0.03738180920481682
45437,0.005431672092527151
45444,0.006827828008681536
45451,0.13026028871536255
45458,0.00528016546741128
45465,0.0059928325936198235
45472,0.0020417599007487297
45479,0.007169812917709351
45486,0.00242029526270926
45493,0.0039964765310287476
45500,0.0041702017188072205
45507,0.0052505917847156525
45514,0.004111609887331724
45521,0.005370972212404013
45528,0.005306898150593042
45535,0.11800204962491989
45542,0.006631169002503157
45549,0.004494322929531336
45556,0.0072044068947434425
45563,0.0031394101679325104
45570,0.01290934905409813
45577,0.006084805354475975
45584,0.006888207513839006
45591,0.003935333341360092
45598,0.006388525478541851
45605,0.007081171032041311
45612,0.004853609949350357
45619,0.0031759683042764664
45626,0.008163200691342354
45633,0.003989122342318296
45640,0.010506460443139076
45647,0.0030867313034832478
45654,0.010920689441263676
45661,0.005325508303940296
45668,0.0022326766047626734
45675,0.038016658276319504
45682,0.004409356974065304
45689,0.0040538012981414795
45696,0.007923917844891548
45703,0.09297223389148712
45710,0.13544337451457977
45717,0.002848961390554905
45724,0.008125638589262962
45731,0.005361541174352169
45738,0.00293186423368752
45745,0.0070337592624127865
45752,0.006082150153815746
45759,0.00901823677122593
45766,0.010510271415114403
45773,0.14886502921581268
45780,0.006220237817615271
45787,0.13310444355010986
45794,0.015004226937890053
45801,0.006311784498393536
45808,0.0036686062812805176
45815,0.0027789631858468056
45822,0.0062156133353710175
45829,0.005165774375200272
45836,0.010813087224960327
45843,0.0036909093614667654
45850,0.007137627340853214
45857,0.0020806891843676567
45864,0.009125690907239914
45871,0.003065831260755658
45878,0.00856983382254839
45885,0.009058699943125248
45892,0.004280467517673969
45899,0.011387724429368973
45906,0.004160016775131226
45913,0.004992504604160786
45920,0.003378767054527998
45927,0.007508730515837669
45934,0.004026027861982584
45941,0.00477789668366313
45948,0.09568923711776733
45955,0.0975075289607048
45962,0.010582678020000458
45969,0.006426985375583172
45976,0.0021743769757449627
45983,0.00121116207446903
45990,0.00574882049113512
45997,0.007419332396239042
46004,0.0013973606983199716
46011,0.00870904978364706
46018,0.0036002909764647484
46025,0.007619958370923996
46032,0.0029351210687309504
46039,0.009246296249330044
46046,0.0045021045953035355
46053,0.0021135257557034492
46060,0.006113716401159763
46067,0.0074972836300730705
46074,0.2042130082845688
46081,0.0014772126451134682
46088,0.0033255796879529953
46095,0.1704348474740982
46102,0.003308556042611599
46109,0.002670511370524764
46116,0.010246459394693375
46123,0.006068780552595854
46130,0.004119869787245989
46137,0.0660422220826149
46144,0.007559112273156643
46151,0.16991795599460602
46158,0.011301045306026936
46165,0.012463102117180824
46172,0.006973611190915108
46179,0.00413580983877182
46186,0.003439384512603283
46193,0.14648404717445374
46200,0.013564249500632286
46207,0.006589412689208984
46214,0.12506137788295746
46221,0.0032818138133734465
46228,0.010177528485655785
46235,0.003991278819739819
46242,0.010460641235113144
46249,0.0046530356630682945
46256,0.14457257091999054
46263,0.005209656897932291
46270,0.012390239164233208
46277,0.011345760896801949
46284,0.12861418724060059
46291,0.015804097056388855
46298,0.006031844764947891
46305,0.006566612981259823
46312,0.004610012751072645
46319,0.013389929197728634
46326,0.019511545076966286
46333,0.011436386965215206
46340,0.18432503938674927
46347,0.14168934524059296
46354,0.005964347161352634
46361,0.059269554913043976
46368,0.003640266600996256
46375,0.011414161883294582
46382,0.0034854651894420385
46389,0.02755608968436718
46396,0.005776197649538517
46403,0.002898820908740163
46410,0.0052245683036744595
46417,0.008507950231432915
46424,0.004155340138822794
46431,0.0035918494686484337
46438,0.0026252344250679016
46445,0.13889917731285095
46452,0.01021224819123745
46459,0.004874668084084988
46466,0.003295334056019783
46473,0.004763895645737648
46480,0.00840152706950903
46487,0.01315309014171362
46494,0.0036597196012735367
46501,0.005279440898448229
46508,0.0011595117393881083
46515,0.011952251195907593
46522,0.0028579896315932274
46529,0.00484432140365243
46536,0.006616055034101009
46543,0.0074578686617314816
46550,0.00978180393576622
46557,0.44101592898368835
46564,0.006026505492627621
46571,0.004623313434422016
46578,0.14258289337158203
46585,0.008530007675290108
46592,0.00435670604929328
46599,0.15080292522907257
46606,0.007819917984306812
46613,0.0063978759571909904
46620,0.002135808113962412
46627,0.011358808726072311
46634,0.00199287012219429
46641,0.001729120733216405
46648,0.0025215051136910915
46655,0.004176375921815634
46662,0.00263802707195282
46669,0.009708283469080925
46676,0.0021720509976148605
46683,0.01208342332392931
46690,0.0037538346368819475
46697,0.005509229376912117
46704,0.004653439857065678
46711,0.0035526377614587545
46718,0.004641134291887283
46725,0.016109159216284752
46732,0.008647255599498749
46739,0.004177834838628769
46746,0.003000598633661866
46753,0.004005832131952047
46760,0.005389051511883736
46767,0.007990069687366486
46774,0.005763799883425236
46781,0.00898032821714878
46788,0.006103605963289738
46795,0.14341840147972107
46802,0.13801416754722595
46809,0.0029353501740843058
46816,0.11631190776824951
46823,0.1765640527009964
46830,0.0058835577219724655
46837,0.008532008156180382
46844,0.005503139924257994
46851,0.005263694562017918
46858,0.0264878012239933
46865,0.005839361343532801
46872,0.005107152741402388
46879,0.006906469352543354
46886,0.006772688589990139
46893,0.005529981106519699
46900,0.004080743528902531
46907,0.005988323595374823
46914,0.010976679623126984
46921,0.0026843021623790264
46928,0.003618471324443817
46935,0.004872546065598726
46942,0.007198100443929434
46949,0.006658465135842562
46956,0.010027388110756874
46963,0.005385493393987417
46970,0.003983933478593826
46977,0.0021239742636680603
46984,0.006371672265231609
46991,0.00439863046631217
46998,0.005523361265659332
47005,0.005138902924954891
47012,0.007486994378268719
47019,0.12165005505084991
47026,0.007944636046886444
47033,0.003148845862597227
47040,0.008582629263401031
47047,0.004082272760570049
47054,0.004642892628908157
47061,0.007308005355298519
47068,0.0021881714928895235
47075,0.004136558622121811
47082,0.0029778284952044487
47089,0.004870452918112278
47096,0.007716157007962465
47103,0.005527741275727749
47110,0.00423088576644659
47117,0.07061094045639038
47124,0.006068377755582333
47131,0.010424761101603508
47138,0.0041523706167936325
47145,0.09201320260763168
47152,0.1910707801580429
47159,0.006900002248585224
47166,0.005965426564216614
47173,0.005272392649203539
47180,0.2784135639667511
47187,0.006334013771265745
47194,0.1332291066646576
47201,0.004713008645921946
47208,0.11190656572580338
47215,0.005840408615767956
47222,0.004299515392631292
47229,0.003399705048650503
47236,0.011144250631332397
47243,0.0030336680356413126
47250,0.0042916289530694485
47257,0.007020964287221432
47264,0.009609993547201157
47271,0.012445592321455479
47278,0.006238929927349091
47285,0.013158452697098255
47292,0.0035412684082984924
47299,0.008652124553918839
47306,0.007123895920813084
47313,0.007172598037868738
47320,0.07363606989383698
47327,0.0030830746982246637
47334,0.0028018346056342125
47341,0.008605191484093666
47348,0.00552782416343689
47355,0.007902072742581367
47362,0.0068265171721577644
47369,0.004263413604348898
47376,0.006667198147624731
47383,0.005678537301719189
47390,0.14350180327892303
47397,0.006110994145274162
47404,0.0024335901252925396
47411,0.004657276906073093
47418,0.007014359813183546
47425,0.004373440984636545
47432,0.006640616338700056
47439,0.006899381522089243
47446,0.010208341293036938
47453,0.005944960750639439
47460,0.11433304101228714
47467,0.00734682148322463
47474,0.0038563061971217394
47481,0.004416489973664284
47488,0.01050274446606636
47495,0.00995970331132412
47502,0.0019019265891984105
47509,0.010103357955813408
47516,0.0069275363348424435
47523,0.12210576981306076
47530,0.005019630771130323
47537,0.0072382730431854725
47544,0.1065555140376091
47551,0.0020184738095849752
47558,0.003859794232994318
47565,0.13975974917411804
47572,0.0023805638775229454
47579,0.004354850854724646
47586,0.16790755093097687
47593,0.05934002250432968
47600,0.2881467938423157
47607,0.004760419949889183
47614,0.14509645104408264
47621,0.0050348928198218346
47628,0.0038510721642524004
47635,0.004733899608254433
47642,0.00644791591912508
47649,0.009376381523907185
47656,0.005252262577414513
47663,0.003191173542290926
47670,0.1156620904803276
47677,0.017114266753196716
47684,0.004621521569788456
47691,0.005053001455962658
47698,0.00293295131996274
47705,0.13287754356861115
47712,0.00792906153947115
47719,0.01227240078151226
47726,0.009290017187595367
47733,0.01034584827721119
47740,0.005803232546895742
47747,0.006751782726496458
47754,0.006223195698112249
47761,0.011591591872274876
47768,0.18104779720306396
47775,0.009942065924406052
47782,0.17845101654529572
47789,0.0122362170368433
47796,0.004772740416228771
47803,0.1358972191810608
47810,0.002750998828560114
47817,0.003914887085556984
47824,0.00908070057630539
47831,0.004761748947203159
47838,0.0029441057704389095
47845,0.002766731195151806
47852,0.12139948457479477
47859,0.003573616500943899
47866,0.008956391364336014
47873,0.007239539176225662
47880,0.012185728177428246
47887,0.004610841162502766
47894,0.006850014440715313
47901,0.0031012771651148796
47908,0.009523804299533367
47915,0.01319884229451418
47922,0.11803241074085236
47929,0.021129388362169266
47936,0.00877335760742426
47943,0.0017197119304910302
47950,0.002372385933995247
47957,0.02228609286248684
47964,0.006818433757871389
47971,0.010787063278257847
47978,0.004642401821911335
47985,0.0022869412787258625
47992,0.004088515415787697
47999,0.006162720732390881
48006,0.10199274867773056
48013,0.010675778612494469
48020,0.20438902080059052
48027,0.22720849514007568
48034,0.07772240787744522
48041,0.007859733887016773
48048,0.1344492882490158
48055,0.005632035434246063
48062,0.008879215456545353
48069,0.009726258926093578
48076,0.1366560459136963
48083,0.006988203153014183
48090,0.00411973474547267
48097,0.013510709628462791
48104,0.006863441318273544
48111,0.0030791331082582474
48118,0.11490882933139801
48125,0.004290807992219925
48132,0.007009116467088461
48139,0.00817541778087616
48146,0.007797250058501959
48153,0.006958110723644495
48160,0.007056010887026787
48167,0.010937587358057499
48174,0.00462309829890728
48181,0.005501833278685808
48188,0.00418041693046689
48195,0.008333798497915268
48202,0.014390281401574612
48209,0.008390838280320168
48216,0.00748634897172451
48223,0.0026864390820264816
48230,0.15520314872264862
48237,0.015539712272584438
48244,0.0033752815797924995
48251,0.01980409026145935
48258,0.28045424818992615
48265,0.009906791150569916
48272,0.1447831690311432
48279,0.004515908658504486
48286,0.0021767891012132168
48293,0.003061246359720826
48300,0.001996040577068925
48307,0.005454127676784992
48314,0.5249640941619873
48321,0.011904552578926086
48328,0.0073752813041210175
48335,0.0069120158441364765
48342,0.14409540593624115
48349,0.003831170964986086
48356,0.008916610851883888
48363,0.005083485506474972
48370,0.008313179947435856
48377,0.004979968070983887
48384,0.007559684105217457
48391,0.006080691237002611
48398,0.007195687387138605
48405,0.007746092509478331
48412,0.004075702279806137
48419,0.0058887675404548645
48426,0.006936968304216862
48433,0.0015543659683316946
48440,0.00616698432713747
48447,0.14549608528614044
48454,0.00531076081097126
48461,0.0028990914579480886
48468,0.00740012526512146
48475,0.003617445006966591
48482,0.007437215186655521
48489,0.005750749260187149
48496,0.005834630690515041
48503,0.0034226393327116966
48510,0.0032630967907607555
48517,0.1590861976146698
48524,0.01023788470774889
48531,0.004369405563920736
48538,0.0175966527312994
48545,0.0021192338317632675
48552,0.003254788229241967
48559,0.0084170401096344
48566,0.0033417404629290104
48573,0.008174885995686054
48580,0.0028570033609867096
48587,0.004611776676028967
48594,0.010238142684102058
48601,0.009218183346092701
48608,0.005119945853948593
48615,0.004789338447153568
48622,0.007373847998678684
48629,0.0053004492074251175
48636,0.016473054885864258
48643,0.003747573122382164
48650,0.01316082663834095
48657,0.0030730674043297768
48664,0.017900561913847923
48671,0.007139008026570082
48678,0.0030502001754939556
48685,0.004040569067001343
48692,0.06773315370082855
48699,0.013157671317458153
48706,0.10964807122945786
48713,0.006688101217150688
48720,0.00637667765840888
48727,0.010592044331133366
48734,0.00878109596669674
48741,0.0038513927720487118
48748,0.006801526993513107
48755,0.007556847762316465
48762,0.0016929886769503355
48769,0.0010032856371253729
48776,0.11514381319284439
48783,0.009719452820718288
48790,0.009988151490688324
48797,0.1558852642774582
48804,0.012126395478844643
48811,0.14731340110301971
48818,0.008180584758520126
48825,0.018644075840711594
48832,0.009835801087319851
48839,0.028865963220596313
48846,0.0041859629563987255
48853,0.011826373636722565
48860,0.008739778771996498
48867,0.0026213619858026505
48874,0.0027967074420303106
48881,0.0057283202186226845
48888,0.006447372958064079
48895,0.009045420214533806
48902,0.006920162588357925
48909,0.006710624787956476
48916,0.08580528944730759
48923,0.005321361590176821
48930,0.1579836755990982
48937,0.004540332593023777
48944,0.004724091850221157
48951,0.00782392080873251
48958,0.007730999030172825
48965,0.006382434628903866
48972,0.005803602747619152
48979,0.011101136915385723
48986,0.005486832000315189
48993,0.003889773041009903
49000,0.00243519083596766
49007,0.230894073843956
49014,0.009451651945710182
49021,0.1985906958580017
49028,0.002937903394922614
49035,0.002628016984090209
49042,0.004968319553881884
49049,0.0045214626006782055
49056,0.005785901099443436
49063,0.005247377324849367
49070,0.007525884546339512
49077,0.019604548811912537
49084,0.23169751465320587
49091,0.00845739059150219
49098,0.16927532851696014
49105,0.00641501322388649
49112,0.004022540524601936
49119,0.0050119683146476746
49126,0.12983915209770203
49133,0.012508789077401161
49140,0.001370845828205347
49147,0.010834375396370888
49154,0.006298481486737728
49161,0.15977002680301666
49168,0.007142253220081329
49175,0.0037864120677113533
49182,0.006610480137169361
49189,0.018452851101756096
49196,0.005941686686128378
49203,0.009774289093911648
49210,0.002067005727440119
49217,0.004794571548700333
49224,0.10356676578521729
49231,0.010402106679975986
49238,0.00397817837074399
49245,0.003310029860585928
49252,0.002690143184736371
49259,0.006377439480274916
49266,0.006554855965077877
49273,0.005845727398991585
49280,0.11217914521694183
49287,0.005674396175891161
49294,0.008904492482542992
49301,0.01402430608868599
49308,0.08030474931001663
49315,0.17030230164527893
49322,0.008124224841594696
49329,0.007731182035058737
49336,0.01536303386092186
49343,0.003980203531682491
49350,0.010707052424550056
49357,0.016332363709807396
49364,0.003083345480263233
49371,0.01297768298536539
49378,0.18012814223766327
49385,0.009292990900576115
49392,0.18245702981948853
49399,0.011396192945539951
49406,0.004807568155229092
49413,0.006432616151869297
49420,0.010080231353640556
49427,0.0065665533766150475
49434,0.15914441645145416
49441,0.12638287246227264
49448,0.14356401562690735
49455,0.1895272433757782
49462,0.007154084742069244
49469,0.009826033376157284
49476,0.002227241173386574
49483,0.013792329467833042
49490,0.0069279451854527
49497,0.0056799715384840965
49504,0.0018335459753870964
49511,0.004960007034242153
49518,0.0044619361869990826
49525,0.006013187579810619
49532,0.007084227167069912
49539,0.08958449959754944
49546,0.007419154513627291
49553,0.166451096534729
49560,0.005322245880961418
49567,0.010996595025062561
49574,0.0022427188232541084
49581,0.002550754463300109
49588,0.08113431930541992
49595,0.013322513550519943
49602,0.0034740723203867674
49609,0.006340544670820236
49616,0.007188059855252504
49623,0.00666393106803298
49630,0.010718708857893944
49637,0.003243494313210249
49644,0.006625165231525898
49651,0.0031849872320890427
49658,0.002703217789530754
49665,0.002175435423851013
49672,0.01950783096253872
49679,0.0024256506003439426
49686,0.0046834638342261314
49693,0.006988218054175377
49700,0.004439981654286385
49707,0.00406627869233489
49714,0.01220686174929142
49721,0.008399821817874908
49728,0.20463231205940247
49735,0.014364702627062798
49742,0.07835400849580765
49749,0.0013182449620217085
49756,0.004060673527419567
49763,0.010185222141444683
49770,0.0043816762045025826
49777,0.04526352509856224
49784,0.009130900725722313
49791,0.0036178429145365953
49798,0.005314936395734549
49805,0.17655344307422638
49812,0.003583738347515464
49819,0.009268834255635738
49826,0.006233539432287216
49833,0.008796881884336472
49840,0.028551312163472176
49847,0.17259098589420319
49854,0.006737230345606804
49861,0.007520411163568497
49868,0.010948378592729568
49875,0.008282184600830078
49882,0.007373156026005745
49889,0.13044409453868866
49896,0.006239782087504864
49903,0.004132908768951893
49910,0.17024818062782288
49917,0.006087359040975571
49924,0.012200336903333664
49931,0.012418214231729507
49938,0.010397561825811863
49945,0.016870712861418724
49952,0.10478045791387558
49959,0.0040300642140209675
49966,0.003954585175961256
49973,0.005362587980926037
49980,0.003625046694651246
49987,0.00606351625174284
49994,0.0057988944463431835
50001,0.0034320782870054245
50008,0.013217409141361713
50015,0.0033441302366554737
50022,0.008118011988699436
50029,0.0030933446250855923
50036,0.005296146497130394
50043,0.1392449289560318
50050,0.09981849044561386
50057,0.0034253979101777077
50064,0.11133787781000137
50071,0.008358746767044067
50078,0.005901926197111607
50085,0.019489683210849762
50092,0.0036727003753185272
50099,0.17932702600955963
50106,0.008226482197642326
50113,0.2939460873603821
50120,0.007218079641461372
50127,0.0037678475491702557
50134,0.00760308001190424
50141,0.0072779301553964615
50148,0.007791674695909023
50155,0.003472665324807167
50162,0.007533976808190346
50169,0.01326075755059719
50176,0.0054476442746818066
50183,0.19676950573921204
50190,0.008617738261818886
50197,0.0014941461849957705
50204,0.006372942589223385
50211,0.006404029671102762
50218,0.005323637742549181
50225,0.0702591985464096
50232,0.10937808454036713
50239,0.24431076645851135
50246,0.016148824244737625
50253,0.16868528723716736
50260,0.008915744721889496
50267,0.16706202924251556
50274,0.004449406173080206
50281,0.010416236706078053
50288,0.0773916244506836
50295,0.2067151963710785
50302,0.008794363588094711
50309,0.004893836565315723
50316,0.011322950944304466
50323,0.006363000255078077
50330,0.005470756441354752
50337,0.003297494724392891
50344,0.005137724336236715
50351,0.0074223605915904045
50358,0.00185357965528965
50365,0.06659621745347977
50372,0.012638993561267853
50379,0.005719786509871483
50386,0.007449871860444546
50393,0.01025744155049324
50400,0.005902335979044437
50407,0.0063561489805579185
50414,0.007571127265691757
50421,0.09527640044689178
50428,0.06395307183265686
50435,0.010551825165748596
50442,0.017138326540589333
50449,0.00945267453789711
50456,0.00891759805381298
50463,0.09724442660808563
50470,0.01377374678850174
50477,0.00460743997246027
50484,0.004128487780690193
50491,0.008236180990934372
50498,0.0030060219578444958
50505,0.0019067914690822363
50512,0.002297811210155487
50519,0.2510085701942444
50526,0.0065377820283174515
50533,0.007440801709890366
50540,0.003922485746443272
50547,0.01508738286793232
50554,0.1487249881029129
50561,0.009356779046356678
50568,0.009315417148172855
50575,0.0046636685729026794
50582,0.010097977705299854
50589,0.006207688711583614
50596,0.003744638990610838
50603,0.0017737563466653228
50610,0.13638398051261902
50617,0.007328747306019068
50624,0.008422293700277805
50631,0.003526381216943264
50638,0.0031096492893993855
50645,0.006067178212106228
50652,0.010219784453511238
50659,0.00617845868691802
50666,0.01227558497339487
50673,0.0064752609468996525
50680,0.0025900141336023808
50687,0.006637617014348507
50694,0.006887400988489389
50701,0.013709146529436111
50708,0.007963755168020725
50715,0.008722779341042042
50722,0.009000354446470737
50729,0.006779698189347982
50736,0.003703746711835265
50743,0.005009256303310394
50750,0.0073122987523674965
50757,0.12101274728775024
50764,0.17282423377037048
50771,0.005702062509953976
50778,0.10349763184785843
50785,0.0034686760045588017
50792,0.009304370731115341
50799,0.006554858293384314
50806,0.005707551725208759
50813,0.008260303176939487
50820,0.14191333949565887
50827,0.005607869476079941
50834,0.0021057298872619867
50841,0.15979984402656555
50848,0.007796762511134148
50855,0.00408274307847023
50862,0.2794835865497589
50869,0.005097605288028717
50876,0.009441561996936798
50883,0.002445693127810955
50890,0.0032843167427927256
50897,0.00580141507089138
50904,0.004239216446876526
50911,0.011502102017402649
50918,0.006921976804733276
50925,0.00447107944637537
50932,0.008579185232520103
50939,0.004636687692254782
50946,0.007036077324301004
50953,0.007114357315003872
50960,0.015568672679364681
50967,0.012146086432039738
50974,0.0057253846898674965
50981,0.009825285524129868
50988,0.0060416641645133495
50995,0.00884330552071333
51002,0.01348033919930458
51009,0.007374820299446583
51016,0.003774873912334442
51023,0.0010188097367063165
51030,0.007077334448695183
51037,0.0030357150826603174
51044,0.0060348305851221085
51051,0.011081894859671593
51058,0.002550300443544984
51065,0.007173946127295494
51072,0.0036544601898640394
51079,0.00638149119913578
51086,0.004629211034625769
51093,0.005751505494117737
51100,0.0034115619491785765
51107,0.01336185447871685
51114,0.011233175173401833
51121,0.00356811610981822
51128,0.004937881138175726
51135,0.004927465692162514
51142,0.0051706889644265175
51149,0.0066308509558439255
51156,0.008103608153760433
51163,0.004976491443812847
51170,0.006220219191163778
51177,0.008279499597847462
51184,0.005475474521517754
51191,0.00636780820786953
51198,0.00615424569696188
51205,0.006978158839046955
51212,0.003914075903594494
51219,0.1042398139834404
51226,0.005475807003676891
51233,0.009590957313776016
51240,0.007085749879479408
51247,0.0057556116953492165
51254,0.002452829387038946
51261,0.004742920398712158
51268,0.006511477753520012
51275,0.004541521891951561
51282,0.013920344412326813
51289,0.009763732552528381
51296,0.007365891709923744
51303,0.017654340714216232
51310,0.004512673243880272
51317,0.007433211896568537
51324,0.005608592182397842
51331,0.0029619289562106133
51338,0.016097502782940865
51345,0.014149988070130348
51352,0.012128829956054688
51359,0.00647833663970232
51366,0.006179985124617815
51373,0.004938083700835705
51380,0.00579160638153553
51387,0.006454512011259794
51394,0.003076117020100355
51401,0.006765092257410288
51408,0.002018820494413376
51415,0.010302523151040077
51422,0.009817419573664665
51429,0.006326041650027037
51436,0.0013026605593040586
51443,0.09572714567184448
51450,0.0020511941984295845
51457,0.0076079717837274075
51464,0.10689306259155273
51471,0.006007550284266472
51478,0.006903624162077904
51485,0.008473542518913746
51492,0.012436090037226677
51499,0.0045957062393426895
51506,0.005509430076926947
51513,0.06305724382400513
51520,0.1146070659160614
51527,0.009113240987062454
51534,0.014645288698375225
51541,0.0025043743662536144
51548,0.1286763846874237
51555,0.005575748160481453
51562,0.0055623711086809635
51569,0.284437894821167
51576,0.005663871765136719
51583,0.009342985227704048
51590,0.04917144775390625
51597,0.006038377061486244
51604,0.003549446351826191
51611,0.008238166570663452
51618,0.0042852358892560005
51625,0.0026657383423298597
51632,0.036996085196733475
51639,0.003765691537410021
51646,0.009571418166160583
51653,0.005228586494922638
51660,0.005352577660232782
51667,0.004357835277915001
51674,0.0019525361713021994
51681,0.007615852169692516
51688,0.00629071518778801
51695,0.007995011284947395
51702,0.0042734090238809586
51709,0.01633884757757187
51716,0.0063397749327123165
51723,0.006259102374315262
51730,0.004351465962827206
51737,0.0037731025367975235
51744,0.002592076314613223
51751,0.00440790643915534
51758,0.06473654508590698
51765,0.006307554431259632
51772,0.004708156920969486
51779,0.0030868714675307274
51786,0.004777124151587486
51793,0.15281614661216736
51800,0.006782789248973131
51807,0.0074403355829417706
51814,0.003801234532147646
51821,0.004565662704408169
51828,0.0031860829330980778
51835,0.15963603556156158
51842,0.012210328131914139
51849,0.004522175993770361
51856,0.010909589007496834
51863,0.0037086140364408493
51870,0.009677257388830185
51877,0.01136502530425787
51884,0.003598131239414215
51891,0.02936815842986107
51898,0.007589596323668957
51905,0.005711881909519434
51912,0.022172851487994194
51919,0.007212263997644186
51926,0.01541929505765438
51933,0.003826830070465803
51940,0.03250708058476448
51947,0.004848086275160313
51954,0.008129222318530083
51961,0.006773455534130335
51968,0.0035720313899219036
51975,0.013047279790043831
51982,0.003690420649945736
51989,0.01837562769651413
51996,0.008849325589835644
52003,0.007329397369176149
52010,0.00629059411585331
52017,0.007337682414799929
52024,0.014201654121279716
52031,0.010531040839850903
52038,0.003373360726982355
52045,0.0058445711620152
52052,0.01739181950688362
52059,0.007042275741696358
52066,0.004037879873067141
52073,0.0033019143156707287
52080,0.0039395117200911045
52087,0.005198384635150433
52094,0.011852782219648361
52101,0.003029910381883383
52108,0.1131487637758255
52115,0.009855564683675766
52122,0.005367559380829334
52129,0.007019029930233955
52136,0.006986880674958229
52143,0.008620898239314556
52150,0.22923721373081207
52157,0.0033860483672469854
52164,0.003587252926081419
52171,0.013734357431530952
52178,0.020582137629389763
52185,0.019743960350751877
52192,0.1848205327987671
52199,0.00320250797085464
52206,0.1645677238702774
52213,0.007746908813714981
52220,0.1735554039478302
52227,0.01225387491285801
52234,0.006556097883731127
52241,0.007471068296581507
52248,0.010553427040576935
52255,0.17042198777198792
52262,0.0062082987278699875
52269,0.005792023614048958
52276,0.087836854159832
52283,0.00486608175560832
52290,0.00363341486081481
52297,0.002056295983493328
52304,0.003910205792635679
52311,0.00502073485404253
52318,0.009220524691045284
52325,0.0054696728475391865
52332,0.14627841114997864
52339,0.007994614541530609
52346,0.1249886304140091
52353,0.06976838409900665
52360,0.007983698509633541
52367,0.003888645675033331
52374,0.15955349802970886
52381,0.009222704917192459
52388,0.0053527033887803555
52395,0.239847794175148
52402,0.008013619109988213
52409,0.005962948314845562
52416,0.11720636487007141
52423,0.006153835915029049
52430,0.011897643096745014
52437,0.18618370592594147
52444,0.009950041770935059
52451,0.0019474069122225046
52458,0.009179121814668179
52465,0.011691655963659286
52472,0.0033039560075849295
52479,0.009489063173532486
52486,0.005107467994093895
52493,0.018151456490159035
52500,0.10829845815896988
52507,0.006025741808116436
52514,0.009716484695672989
52521,0.009393258951604366
52528,0.008458390831947327
52535,0.0036891712807118893
52542,0.00917098205536604
52549,0.006123708561062813
52556,0.020121347159147263
52563,0.005298899486660957
52570,0.015323013067245483
52577,0.16605620086193085
52584,0.006032253615558147
52591,0.0021418689284473658
52598,0.006001013796776533
52605,0.09694410115480423
52612,0.009281838312745094
52619,0.006253509782254696
52626,0.010497113689780235
52633,0.0069404663518071175
52640,0.008466225117444992
52647,0.009240260347723961
52654,0.25608736276626587
52661,0.006184936501085758
52668,0.009895607829093933
52675,0.005555883515626192
52682,0.003357349894940853
52689,0.1044960543513298
52696,0.00657406821846962
52703,0.1827949732542038
52710,0.004579227417707443
52717,0.09547843039035797
52724,0.008758584037423134
52731,0.004825514275580645
52738,0.010633205994963646
52745,0.008168504573404789
52752,0.00317185465246439
52759,0.009440282359719276
52766,0.11795344203710556
52773,0.010786300525069237
52780,0.005973999388515949
52787,0.0044685248285532
52794,0.00955994799733162
52801,0.004417763091623783
52808,0.006817786954343319
52815,0.007457798346877098
52822,0.005499157588928938
52829,0.010739335790276527
52836,0.12287147343158722
52843,0.004549343138933182
52850,0.012719499878585339
52857,0.01629739999771118
52864,0.00866710115224123
52871,0.010397342033684254
52878,0.00712914252653718
52885,0.014107453636825085
52892,0.008911732584238052
52899,0.005620759911835194
52906,0.0042740097269415855
52913,0.11654332280158997
52920,0.006082957610487938
52927,0.003513488918542862
52934,0.004867877811193466
52941,0.010325711220502853
52948,0.008112424053251743
52955,0.11531531810760498
52962,0.014567805454134941
52969,0.15791694819927216
52976,0.15885122120380402
52983,0.028664160519838333
52990,0.0065757110714912415
52997,0.0659988671541214
53004,0.004900667816400528
53011,0.005646185018122196
53018,0.02198750339448452
53025,0.01759660243988037
53032,0.008052284829318523
53039,0.0033504858147352934
53046,0.004545976873487234
53053,0.005996346473693848
53060,0.013475167565047741
53067,0.0035509467124938965
53074,0.006922543048858643
53081,0.006347706541419029
53088,0.004300236701965332
53095,0.004953195806592703
53102,0.009294204413890839
53109,0.1668373942375183
53116,0.14662779867649078
53123,0.007625994272530079
53130,0.008144841529428959
53137,0.009922477416694164
53144,0.0035340748727321625
53151,0.002653957111760974
53158,0.01041870191693306
53165,0.051812171936035156
53172,0.05172518268227577
53179,0.10434336215257645
53186,0.007649180479347706
53193,0.012336181476712227
53200,0.01521344669163227
53207,0.0037434850819408894
53214,0.00405435124412179
53221,0.15447303652763367
53228,0.012456384487450123
53235,0.09185770153999329
53242,0.005600573495030403
53249,0.01182684674859047
53256,0.013603853061795235
53263,0.004822541959583759
53270,0.01022932305932045
53277,0.005851956084370613
53284,0.11935093998908997
53291,0.004914650693535805
53298,0.016421867534518242
53305,0.004325194284319878
53312,0.005210520699620247
53319,0.005605853162705898
53326,0.021116828545928
53333,0.00441985996440053
53340,0.0068786730989813805
53347,0.007726961746811867
53354,0.004481528885662556
53361,0.012987921945750713
53368,0.004565976560115814
53375,0.007910870015621185
53382,0.010612305253744125
53389,0.014922264963388443
53396,0.08180499821901321
53403,0.09784412384033203
53410,0.005728578194975853
53417,0.007344543933868408
53424,0.006126067601144314
53431,0.011515749618411064
53438,0.008811118081212044
53445,0.0025856068823486567
53452,0.007276846095919609
53459,0.005044479854404926
53466,0.008976725861430168
53473,0.0078122736886143684
53480,0.005437104031443596
53487,0.005137712694704533
53494,0.00832110270857811
53501,0.15833377838134766
53508,0.003144769463688135
53515,0.13985151052474976
53522,0.008021952584385872
53529,0.003342932090163231
53536,0.018076466396450996
53543,0.011376277543604374
53550,0.012107828631997108
53557,0.007915808819234371
53564,0.003192172385752201
53571,0.010014778934419155
53578,0.006370714399963617
53585,0.006468363106250763
53592,0.0031532966531813145
53599,0.00976254791021347
53606,0.004681838676333427
53613,0.1112465113401413
53620,0.10678938776254654
53627,0.0039446172304451466
53634,0.011439027264714241
53641,0.0038479918148368597
53648,0.007009114604443312
53655,0.0062808385118842125
53662,0.004530950449407101
53669,0.0034245799761265516
53676,0.0833926573395729
53683,0.004862666130065918
53690,0.004625668283551931
53697,0.1487869769334793
53704,0.007149925455451012
53711,0.01618882082402706
53718,0.008236142806708813
53725,0.003367045894265175
53732,0.011070366017520428
53739,0.007330568972975016
53746,0.0021263491362333298
53753,0.005819539539515972
53760,0.0053731161169707775
53767,0.006418961100280285
53774,0.006775708869099617
53781,0.0032063887920230627
53788,0.012035181745886803
53795,0.004185454919934273
53802,0.0065063368529081345
53809,0.0060624792240560055
53816,0.0030615339055657387
53823,0.0023736320436000824
53830,0.00462139118462801
53837,0.006852538790553808
53844,0.002900115679949522
53851,0.0025959413032978773
53858,0.0059713623486459255
53865,0.003607119433581829
53872,0.006244300864636898
53879,0.007609581109136343
53886,0.001279322663322091
53893,0.11112989485263824
53900,0.0060943723656237125
53907,0.013779345899820328
53914,0.005905588157474995
53921,0.007089322432875633
53928,0.004870407283306122
53935,0.00612688809633255
53942,0.07123798877000809
53949,0.004806922748684883
53956,0.002397787757217884
53963,0.008410065434873104
53970,0.006530805490911007
53977,0.0047713774256408215
53984,0.08238843828439713
53991,0.016824401915073395
53998,0.004398663528263569
54005,0.010192858055233955
54012,0.09969014674425125
54019,0.02191910520195961
54026,0.008977711200714111
54033,0.0063658165745437145
54040,0.006158950738608837
54047,0.06719612330198288
54054,0.006484299432486296
54061,0.007312594447284937
54068,0.17977964878082275
54075,0.003550661029294133
54082,0.004605503752827644
54089,0.007666493766009808
54096,0.011644992977380753
54103,0.005832953378558159
54110,0.137396901845932
54117,0.0026941418182104826
54124,0.006646851077675819
54131,0.0044511230662465096
54138,0.07835157215595245
54145,0.0030032473150640726
54152,0.010629290714859962
54159,0.007329973857849836
54166,0.0071989791467785835
54173,0.0873575508594513
54180,0.11969868838787079
54187,0.005497169680893421
54194,0.006665942724794149
54201,0.009188856929540634
54208,0.011036531999707222
54215,0.006491390522569418
54222,0.003291004803031683
54229,0.01296902447938919
54236,0.008677179925143719
54243,0.007236654404550791
54250,0.002865819027647376
54257,0.002639306243509054
54264,0.004261427093297243
54271,0.008486052975058556
54278,0.023363662883639336
54285,0.01258191466331482
54292,0.013042593374848366
54299,0.0035553239285945892
54306,0.011969405226409435
54313,0.15536637604236603
54320,0.010211850516498089
54327,0.003000943223014474
54334,0.13152508437633514
54341,0.008377972058951855
54348,0.010244669392704964
54355,0.0022631671745330095
54362,0.004008998163044453
54369,0.0028645643033087254
54376,0.006057869642972946
54383,0.004596177488565445
54390,0.003577863099053502
54397,0.0048719001933932304
54404,0.005369988735765219
54411,0.0024724872782826424
54418,0.004934382624924183
54425,0.0067543452605605125
54432,0.0032693175598978996
54439,0.005365634337067604
54446,0.0029272548854351044
54453,0.004006711300462484
54460,0.009227719157934189
54467,0.17423082888126373
54474,0.01643519476056099
54481,0.01300815399736166
54488,0.006238205824047327
54495,0.007710024248808622
54502,0.005107289180159569
54509,0.16554543375968933
54516,0.009311940521001816
54523,0.009019899182021618
54530,0.012218959629535675
54537,0.015746839344501495
54544,0.007619875483214855
54551,0.003538194578140974
54558,0.016617612913250923
54565,0.004762438125908375
54572,0.0021818364039063454
54579,0.0028485890943557024
54586,0.010905199684202671
54593,0.004208466969430447
54600,0.014808465726673603
54607,0.004321408458054066
54614,0.005334565415978432
54621,0.0058927652426064014
54628,0.004264037124812603
54635,0.009161354042589664
54642,0.0050686802715063095
54649,0.0051687611266970634
54656,0.005142242182046175
54663,0.009320813231170177
54670,0.009447185322642326
54677,0.20523077249526978
54684,0.010921732522547245
54691,0.004019428510218859
54698,0.023080794140696526
54705,0.00923842191696167
54712,0.012246938422322273
54719,0.007497049402445555
54726,0.002009502612054348
54733,0.008757079020142555
54740,0.0026748287491500378
54747,0.0042456649243831635
54754,0.12531185150146484
54761,0.01005531195551157
54768,0.002502384129911661
54775,0.1818654090166092
54782,0.14005044102668762
54789,0.007613186724483967
54796,0.008928243070840836
54803,0.01006406731903553
54810,0.0029917729552835226
54817,0.004251951351761818
54824,0.007318094372749329
54831,0.005360308103263378
54838,0.004629192873835564
54845,0.014577077701687813
54852,0.005238791462033987
54859,0.009912863373756409
54866,0.10109404474496841
54873,0.008594772778451443
54880,0.009406719356775284
54887,0.005271034315228462
54894,0.0033106463961303234
54901,0.0033191749826073647
54908,0.006933161988854408
54915,0.003819417441263795
54922,0.11954187601804733
54929,0.005604235455393791
54936,0.21164262294769287
54943,0.010035139508545399
54950,0.0072892517782747746
54957,0.23440834879875183
54964,0.0016954831080511212
54971,0.013126675970852375
54978,0.004585285671055317
54985,0.018389487639069557
54992,0.014930262230336666
54999,0.06807153671979904
55006,0.004251796752214432
55013,0.008906636387109756
55020,0.0051031894981861115
55027,0.004355181008577347
55034,0.0036230571568012238
55041,0.007468292023986578
55048,0.08587570488452911
55055,0.01151348277926445
55062,0.11203152686357498
55069,0.0043255845084786415
55076,0.002805018797516823
55083,0.015213804319500923
55090,0.0028169602155685425
55097,0.001252899644896388
55104,0.11562120914459229
55111,0.006049982272088528
55118,0.14151425659656525
55125,0.05434442684054375
55132,0.0057228850200772285
55139,0.005792137235403061
55146,0.005195861682295799
55153,0.01021918747574091
55160,0.006961619947105646
55167,0.005393337458372116
55174,0.005866530351340771
55181,0.007666922174394131
55188,0.17620530724525452
55195,0.15830370783805847
55202,0.006553596816956997
55209,0.006561284884810448
55216,0.0034536393359303474
55223,0.0032863845117390156
55230,0.0014157365076243877
55237,0.005334119312465191
55244,0.0065636541694402695
55251,0.0029487120918929577
55258,0.004320389591157436
55265,0.010768676176667213
55272,0.013896862044930458
55279,0.010023756884038448
55286,0.004442187026143074
55293,0.015136431902647018
55300,0.11152847856283188
55307,0.005492424592375755
55314,0.008729984983801842
55321,0.006562631111592054
55328,0.012545039877295494
55335,0.0021532990504056215
55342,0.0068742199800908566
55349,0.0031039442401379347
55356,0.0038218828849494457
55363,0.007940431125462055
55370,0.007616465911269188
55377,0.004301625303924084
55384,0.00845400895923376
55391,0.17551936209201813
55398,0.04707755148410797
55405,0.004643899854272604
55412,0.1280583143234253
55419,0.12981131672859192
55426,0.008672377094626427
55433,0.017918763682246208
55440,0.0721072405576706
55447,0.002082320861518383
55454,0.03745206072926521
55461,0.006733272224664688
55468,0.006027962546795607
55475,0.20654603838920593
55482,0.15319274365901947
55489,0.012458560988307
55496,0.0073829153552651405
55503,0.0032257195562124252
55510,0.003542374586686492
55517,0.005217856261879206
55524,0.004168757237493992
55531,0.1232159361243248
55538,0.005098402034491301
55545,0.009185081347823143
55552,0.003529272973537445
55559,0.004032968543469906
55566,0.008689318783581257
55573,0.004988154396414757
55580,0.020787201821804047
55587,0.0044563328847289085
55594,0.00578061118721962
55601,0.007322830613702536
55608,0.13174739480018616
55615,0.16754864156246185
55622,0.005787921138107777
55629,0.0034778364934027195
55636,0.008444386534392834
55643,0.009570831432938576
55650,0.006767093203961849
55657,0.002101021818816662
55664,0.0049608987756073475
55671,0.08672723919153214
55678,0.0035025309771299362
55685,0.0015023150481283665
55692,0.009370879270136356
55699,0.005569542292505503
55706,0.005596897564828396
55713,0.24991874396800995
55720,0.15373709797859192
55727,0.010358698666095734
55734,0.007104477379471064
55741,0.008619632571935654
55748,0.007808661554008722
55755,0.006586350500583649
55762,0.058086611330509186
55769,0.0072162579745054245
55776,0.005463410634547472
55783,0.003327875165268779
55790,0.014558867551386356
55797,0.007280587684363127
55804,0.0050725676119327545
55811,0.006051066797226667
55818,0.015309990383684635
55825,0.007101858500391245
55832,0.009994223713874817
55839,0.03047250397503376
55846,0.004097529221326113
55853,0.005620647221803665
55860,0.0030517796985805035
55867,0.002615769859403372
55874,0.1942140758037567
55881,0.006818611174821854
55888,0.0032979135867208242
55895,0.004372411407530308
55902,0.006319604814052582
55909,0.005480966065078974
55916,0.0037997164763510227
55923,0.15190570056438446
55930,0.0032596373930573463
55937,0.004898262210190296
55944,0.01508228201419115
55951,0.0026240204460918903
55958,0.0073781609535217285
55965,0.004936728626489639
55972,0.012004242278635502
55979,0.005915983580052853
55986,0.17177455127239227
55993,0.0024474763777107
56000,0.1492641121149063
56007,0.007909581065177917
56014,0.019143927842378616
56021,0.0038511918392032385
56028,0.005789082497358322
56035,0.007352868095040321
56042,0.019177615642547607
56049,0.00247181486338377
56056,0.0034530372358858585
56063,0.005377711728215218
56070,0.007198865991085768
56077,0.005800728686153889
56084,0.05630810558795929
56091,0.002521085785701871
56098,0.1355852484703064
56105,0.006917793303728104
56112,0.010677751153707504
56119,0.0738769918680191
56126,0.12980356812477112
56133,0.014712365344166756
56140,0.0029232490342110395
56147,0.006646604742854834
56154,0.021698731929063797
56161,0.006424321327358484
56168,0.014982685446739197
56175,0.009644458070397377
56182,0.0033502280712127686
56189,0.005563926417380571
56196,0.003846357809379697
56203,0.12053094059228897
56210,0.005143019836395979
56217,0.007058441638946533
56224,0.0072813271544873714
56231,0.0026655402034521103
56238,0.007574467919766903
56245,0.003392452374100685
56252,0.007742675952613354
56259,0.0058031268417835236
56266,0.010138124227523804
56273,0.002982987556606531
56280,0.16032500565052032
56287,0.0021271833684295416
56294,0.0038383412174880505
56301,0.01513892225921154
56308,0.18556851148605347
56315,0.01160304993391037
56322,0.14948000013828278
56329,0.005792060401290655
56336,0.011278079822659492
56343,0.002888141432777047
56350,0.0034942820202559233
56357,0.12911412119865417
56364,0.00613704789429903
56371,0.00793548859655857
56378,0.0038106562569737434
56385,0.016303982585668564
56392,0.11482257395982742
56399,0.006699739024043083
56406,0.00696200504899025
56413,0.09577208012342453
56420,0.010973726399242878
56427,0.00803794153034687
56434,0.004412383306771517
56441,0.0033607392106205225
56448,0.0057095857337117195
56455,0.006324451882392168
56462,0.005852899514138699
56469,0.010534881614148617
56476,0.014796998351812363
56483,0.005602400749921799
56490,0.00822694692760706
56497,0.00526055321097374
56504,0.0014647679636254907
56511,0.003935422282665968
56518,0.003117863554507494
56525,0.004538380540907383
56532,0.006217143964022398
56539,0.0041631897911429405
56546,0.007122115697711706
56553,0.010948852635920048
56560,0.007933263666927814
56567,0.012504654936492443
56574,0.021136000752449036
56581,0.024269113317131996
56588,0.013894574716687202
56595,0.003026761580258608
56602,0.13486546277999878
56609,0.0020469469018280506
56616,0.06270107626914978
56623,0.012058824300765991
56630,0.10418890416622162
56637,0.009095774963498116
56644,0.005806407891213894
56651,0.011027611792087555
56658,0.00663868710398674
56665,0.003742422442883253
56672,0.0036439397372305393
56679,0.013841320760548115
56686,0.008350364863872528
56693,0.006811497732996941
56700,0.0029763691127300262
56707,0.16829651594161987
56714,0.007941468618810177
56721,0.02626952715218067
56728,0.008526677265763283
56735,0.015127426013350487
56742,0.11441179364919662
56749,0.004378894343972206
56756,0.0058115697465837
56763,0.009011535905301571
56770,0.009186961688101292
56777,0.002882877364754677
56784,0.0054673366248607635
56791,0.13893207907676697
56798,0.005987185053527355
56805,0.005381190218031406
56812,0.0075286515057086945
56819,0.05578067898750305
56826,0.010829233564436436
56833,0.0023733745329082012
56840,0.00253851804882288
56847,0.014188406988978386
56854,0.00663578137755394
56861,0.011375666595995426
56868,0.023168493062257767
56875,0.05746699124574661
56882,0.033069171011447906
56889,0.10044417530298233
56896,0.009880589321255684
56903,0.0027402606792747974
56910,0.013245021924376488
56917,0.005121410824358463
56924,0.12250267714262009
56931,0.07835052907466888
56938,0.0028986199758946896
56945,0.006920780520886183
56952,0.005703067407011986
56959,0.00902650598436594
56966,0.009106465615332127
56973,0.008710719645023346
56980,0.006333291530609131
56987,0.0048143984749913216
56994,0.004147910978645086
57001,0.002706670667976141
57008,0.005028759595006704
57015,0.005680965259671211
57022,0.0067423200234770775
57029,0.06644751131534576
57036,0.014277099631726742
57043,0.005940426141023636
57050,0.007280760444700718
57057,0.2274949848651886
57064,0.009511791169643402
57071,0.01307917945086956
57078,0.20374730229377747
57085,0.008567473851144314
57092,0.007913167588412762
57099,0.005449776072055101
57106,0.006869310047477484
57113,0.007493759039789438
57120,0.014184380881488323
57127,0.0012748680310323834
57134,0.018825054168701172
57141,0.0010806451318785548
57148,0.09890303015708923
57155,0.00482209725305438
57162,0.005263742059469223
57169,0.005880300421267748
57176,0.0030658384785056114
57183,0.00584714999422431
57190,0.006695427466183901
57197,0.0036025741137564182
57204,0.002371958689764142
57211,0.16442443430423737
57218,0.005468941293656826
57225,0.006469845771789551
57232,0.17254871129989624
57239,0.008421063423156738
57246,0.017014537006616592
57253,0.001738990074954927
57260,0.003635591361671686
57267,0.0015554535202682018
57274,0.005667319521307945
57281,0.005932576023042202
57288,0.00475472304970026
57295,0.003028005827218294
57302,0.015272404067218304
57309,0.012240090407431126
57316,0.006756543181836605
57323,0.018687749281525612
57330,0.005971316713839769
57337,0.012827097438275814
57344,0.012086397968232632
57351,0.0033212732523679733
57358,0.007399699650704861
57365,0.006624075584113598
57372,0.017033934593200684
57379,0.016168469563126564
57386,0.006450654938817024
57393,0.09383195638656616
57400,0.044663429260253906
57407,0.013958455994725227
57414,0.002565564587712288
57421,0.0038168623577803373
57428,0.013618489727377892
57435,0.012237724848091602
57442,0.011589931324124336
57449,0.004443377256393433
57456,0.014191782101988792
57463,0.013588507659733295
57470,0.0077819013968110085
57477,0.06849188357591629
57484,0.005482910200953484
57491,0.012911858037114143
57498,0.004959110636264086
57505,0.009642555378377438
57512,0.1367294192314148
57519,0.002324888249859214
57526,0.01039736159145832
57533,0.035181041806936264
57540,0.004177787806838751
57547,0.010896006599068642
57554,0.005717677529901266
57561,0.00602060928940773
57568,0.014646830037236214
57575,0.0129133565351367
57582,0.006840080954134464
57589,0.011183736845850945
57596,0.026832636445760727
57603,0.008339435793459415
57610,0.00731526967138052
57617,0.007078688591718674
57624,0.0056561315432190895
57631,0.015648717060685158
57638,0.010372385382652283
57645,0.006933382712304592
57652,0.02079113945364952
57659,0.004173918627202511
57666,0.006688296794891357
57673,0.009190923534333706
57680,0.0233752578496933
57687,0.003418930806219578
57694,0.004145494662225246
57701,0.003608366008847952
57708,0.008606533519923687
57715,0.007316438481211662
57722,0.007228778675198555
57729,0.004733423702418804
57736,0.005292910151183605
57743,0.008240627124905586
57750,0.005367660894989967
57757,0.015017110854387283
57764,0.006250378210097551
57771,0.007555229123681784
57778,0.015477510169148445
57785,0.005121470429003239
57792,0.006085716187953949
57799,0.020455611869692802
57806,0.04637354612350464
57813,0.006739535368978977
57820,0.005441111978143454
57827,0.012237519025802612
57834,0.007355979643762112
57841,0.0032956870272755623
57848,0.00959685631096363
57855,0.0035193173680454493
57862,0.1752023994922638
57869,0.010406961664557457
57876,0.004628018010407686
57883,0.0058500273153185844
57890,0.0052260784432291985
57897,0.00810311920940876
57904,0.0038407761603593826
57911,0.007841639220714569
57918,0.01337927021086216
57925,0.0015434526139870286
57932,0.003100153524428606
57939,0.20553463697433472
57946,0.0037910568062216043
57953,0.007039208430796862
57960,0.01077807042747736
57967,0.18376295268535614
57974,0.007587401662021875
57981,0.004475812427699566
57988,0.2045063078403473
57995,0.007976185530424118
58002,0.09572357684373856
58009,0.14986860752105713
58016,0.005263235419988632
58023,0.009949426166713238
58030,0.13205820322036743
58037,0.006297324784100056
58044,0.013116742484271526
58051,0.008146901614964008
58058,0.004959383048117161
58065,0.0053687430918216705
58072,0.004974620416760445
58079,0.007948361337184906
58086,0.008660559542477131
58093,0.00714622437953949
58100,0.10918004810810089
58107,0.005930962506681681
58114,0.005961409769952297
58121,0.013402390293776989
58128,0.009699239395558834
58135,0.004652070812880993
58142,0.004689312074333429
58149,0.07962758094072342
58156,0.010226409882307053
58163,0.0037854411639273167
58170,0.003987770527601242
58177,0.00845102034509182
58184,0.090688556432724
58191,0.010441761463880539
58198,0.23703348636627197
58205,0.01462104357779026
58212,0.028618626296520233
58219,0.02197439596056938
58226,0.014468023553490639
58233,0.00805851723998785
58240,0.010705755092203617
58247,0.004371093586087227
58254,0.006008089054375887
58261,0.003094092011451721
58268,0.0064385998994112015
58275,0.0048686303198337555
58282,0.0063161118887364864
58289,0.00467320904135704
58296,0.02216903679072857
58303,0.004631471820175648
58310,0.004874442704021931
58317,0.15797141194343567
58324,0.014509670436382294
58331,0.008695976808667183
58338,0.002661150647327304
58345,0.012214768677949905
58352,0.014620095491409302
58359,0.013285715132951736
58366,0.1694166511297226
58373,0.010772354900836945
58380,0.0027306717820465565
58387,0.0066734421998262405
58394,0.006825390737503767
58401,0.1916925460100174
58408,0.21864324808120728
58415,0.005793828051537275
58422,0.005920743569731712
58429,0.012097726576030254
58436,0.01284710131585598
58443,0.04292133077979088
58450,0.007303466554731131
58457,0.005472713150084019
58464,0.009045090526342392
58471,0.0027686411049216986
58478,0.004927424248307943
58485,0.005715773440897465
58492,0.003790986491367221
58499,0.010386761277914047
58506,0.008505403995513916
58513,0.01268879882991314
58520,0.14279015362262726
58527,0.01569550856947899
58534,0.005862203426659107
58541,0.01224628183990717
58548,0.0046949549578130245
58555,0.017672806978225708
58562,0.019098134711384773
58569,0.10827133804559708
58576,0.008164126425981522
58583,0.013737158849835396
58590,0.011491868644952774
58597,0.00923282653093338
58604,0.012465300969779491
58611,0.01068984903395176
58618,0.007589079439640045
58625,0.005461367312818766
58632,0.005397561006247997
58639,0.006647846195846796
58646,0.0021075340919196606
58653,0.014121838845312595
58660,0.009332548826932907
58667,0.21305061876773834
58674,0.003447087947279215
58681,0.013958328403532505
58688,0.007804953493177891
58695,0.00552094541490078
58702,0.01657063513994217
58709,0.00509435310959816
58716,0.012688614428043365
58723,0.00963461585342884
58730,0.06113254278898239
58737,0.0025382910389453173
58744,0.002534840488806367
58751,0.21791601181030273
58758,0.008092429488897324
58765,0.2135675996541977
58772,0.010245667770504951
58779,0.14263871312141418
58786,0.006117197684943676
58793,0.13743753731250763
58800,0.020681433379650116
58807,0.002361665479838848
58814,0.008473241701722145
58821,0.007090470753610134
58828,0.00622670678421855
58835,0.005638364236801863
58842,0.0028797248378396034
58849,0.1309712827205658
58856,0.004380739293992519
58863,0.007166286930441856
58870,0.004003804177045822
58877,0.00806237943470478
58884,0.00371054676361382
58891,0.007493715733289719
58898,0.1283280998468399
58905,0.012751641683280468
58912,0.16964001953601837
58919,0.010758635587990284
58926,0.01844404824078083
58933,0.0038288345094770193
58940,0.0037195528857409954
58947,0.006945563480257988
58954,0.0048613157123327255
58961,0.005705068353563547
58968,0.00885913334786892
58975,0.007463828660547733
58982,0.007015557028353214
58989,0.030572347342967987
58996,0.011228875257074833
59003,0.004987225867807865
59010,0.0027484430465847254
59017,0.011767363175749779
59024,0.013631122186779976
59031,0.008602259680628777
59038,0.010635057464241982
59045,0.007856952957808971
59052,0.009828409180045128
59059,0.007623983081430197
59066,0.0053010545670986176
59073,0.0025107439141720533
59080,0.005282449536025524
59087,0.11260639131069183
59094,0.002898997161537409
59101,0.01004064828157425
59108,0.004755988251417875
59115,0.06700597703456879
59122,0.023558055981993675
59129,0.007112637162208557
59136,0.018680602312088013
59143,0.005047875456511974
59150,0.007560142315924168
59157,0.22147062420845032
59164,0.18519772589206696
59171,0.011819072999060154
59178,0.0022684098221361637
59185,0.009476211853325367
59192,0.007322800811380148
59199,0.00784980971366167
59206,0.0037849971558898687
59213,0.07922879606485367
59220,0.14820842444896698
59227,0.009908678941428661
59234,0.14875979721546173
59241,0.004284759983420372
59248,0.014049163088202477
59255,0.006604030728340149
59262,0.010942135006189346
59269,0.009121844545006752
59276,0.1826479285955429
59283,0.0065246084704995155
59290,0.006631107535213232
59297,0.0032750400714576244
59304,0.16997717320919037
59311,0.01174901518970728
59318,0.027725907042622566
59325,0.007118157111108303
59332,0.008169990964233875
59339,0.007359659299254417
59346,0.01836347207427025
59353,0.009316593408584595
59360,0.0044928304851055145
59367,0.007453613448888063
59374,0.004681131336838007
59381,0.004236714914441109
59388,0.008299355395138264
59395,0.0058175502344965935
59402,0.0077299135737121105
59409,0.014307744801044464
59416,0.008477752096951008
59423,0.00610104575753212
59430,0.012352940626442432
59437,0.005765936337411404
59444,0.0027272766456007957
59451,0.00902521051466465
59458,0.29895251989364624
59465,0.004163406789302826
59472,0.3064306974411011
59479,0.01788538508117199
59486,0.009856779128313065
59493,0.008317378349602222
59500,0.012957189232110977
59507,0.005888462066650391
59514,0.08672884851694107
59521,0.1947922259569168
59528,0.010130802169442177
59535,0.0021973270922899246
59542,0.00828266330063343
59549,0.017014101147651672
59556,0.005121226422488689
59563,0.0064962864853441715
59570,0.012456817552447319
59577,0.00879788026213646
59584,0.008656399324536324
59591,0.628670871257782
59598,0.007303802762180567
59605,0.004940901882946491
59612,0.00808260403573513
59619,0.18298912048339844
59626,0.054327111691236496
59633,0.1501684933900833
59640,0.00407545268535614
59647,0.14386209845542908
59654,0.006062009837478399
59661,0.15951475501060486
59668,0.007574739400297403
59675,0.005441548768430948
59682,0.003573027905076742
59689,0.01461855135858059
59696,0.003889361396431923
59703,0.0022112103179097176
59710,0.002735601272433996
59717,0.008304068818688393
59724,0.005657583475112915
59731,0.009384019300341606
59738,0.004914237651973963
59745,0.009496714919805527
59752,0.007219128310680389
59759,0.003051283536478877
59766,0.007087028585374355
59773,0.0067217410542070866
59780,0.0029873191379010677
59787,0.014941871166229248
59794,0.019596215337514877
59801,0.008118586614727974
59808,0.0027868086472153664
59815,0.004167425446212292
59822,0.007850524969398975
59829,0.006965960375964642
59836,0.02691434510052204
59843,0.005071568302810192
59850,0.005337427835911512
59857,0.17262744903564453
59864,0.006761196069419384
59871,0.007476666942238808
59878,0.007503394037485123
59885,0.012725794687867165
59892,0.012135115452110767
59899,0.005770263262093067
59906,0.0068784449249506
59913,0.13202005624771118
59920,0.010725255124270916
59927,0.009491696953773499
59934,0.12533409893512726
59941,0.4466983675956726
59948,0.005380427464842796
59955,0.005947120953351259
59962,0.012717368081212044
59969,0.00652470625936985
59976,0.011442823335528374
59983,0.0033251906279474497
59990,0.0030305562540888786
59997,0.00668541993945837
60004,0.010176298208534718
60011,0.10314849019050598
60018,0.007325455080717802
60025,0.14971131086349487
60032,0.06031350791454315
60039,0.013225242495536804
60046,0.009343667887151241
60053,0.013969232328236103
60060,0.017315559089183807
60067,0.004459933377802372
60074,0.1272026002407074
60081,0.0039329067803919315
60088,0.0042711603455245495
60095,0.014835712499916553
60102,0.006408379413187504
60109,0.005235558375716209
60116,0.010848794132471085
60123,0.004437516909092665
60130,0.0038232440128922462
60137,0.002589444164186716
60144,0.004997250158339739
60151,0.005414047744125128
60158,0.01076216995716095
60165,0.17082950472831726
60172,0.003561737947165966
60179,0.003233337076380849
60186,0.011879418045282364
60193,0.008939188905060291
60200,0.009409020654857159
60207,0.005211362149566412
60214,0.003272703383117914
60221,0.21810166537761688
60228,0.011327256448566914
60235,0.14611011743545532
60242,0.0024406230077147484
60249,0.002440238371491432
60256,0.010697579011321068
60263,0.01044550258666277
60270,0.010555338114500046
60277,0.004480631556361914
60284,0.0041064126417040825
60291,0.08233769237995148
60298,0.1760030835866928
60305,0.004330620635300875
60312,0.005107957869768143
60319,0.008931320160627365
60326,0.0034977756440639496
60333,0.004766540601849556
60340,0.01409242581576109
60347,0.004900942090898752
60354,0.004727703519165516
60361,0.005855198949575424
60368,0.002348953392356634
60375,0.006644967012107372
60382,0.004274941980838776
60389,0.009523236192762852
60396,0.006050638854503632
60403,0.007828326895833015
60410,0.004640309140086174
60417,0.08994512259960175
60424,0.005704961251467466
60431,0.004975419957190752
60438,0.008369636721909046
60445,0.009947998449206352
60452,0.004100695252418518
60459,0.14773529767990112
60466,0.1031503677368164
60473,0.010900509543716908
60480,0.011378719471395016
60487,0.005689277779310942
60494,0.011001483537256718
60501,0.011674793437123299
60508,0.1590481400489807
60515,0.005305880680680275
60522,0.003160748165100813
60529,0.01533508114516735
60536,0.006111566908657551
60543,0.009455244056880474
60550,0.013355543836951256
60557,0.0589715875685215
60564,0.009047691710293293
60571,0.0066085085272789
60578,0.005836665164679289
60585,0.0058037773706018925
60592,0.00911739468574524
60599,0.00823104940354824
60606,0.005152898840606213
60613,0.007423406932502985
60620,0.15598434209823608
60627,0.008372757583856583
60634,0.00842205435037613
60641,0.009556480683386326
60648,0.0050164274871349335
60655,0.009262174367904663
60662,0.14146755635738373
60669,0.007734326180070639
60676,0.0040357112884521484
60683,0.0021888427436351776
60690,0.013272780925035477
60697,0.013908140361309052
60704,0.013064704835414886
60711,0.005065558478236198
60718,0.005477381870150566
60725,0.005491827614605427
60732,0.011818627826869488
60739,0.10159323364496231
60746,0.007921346463263035
60753,0.005282429046928883
60760,0.0021497616544365883
60767,0.0028206147253513336
60774,0.0022439081221818924
60781,0.026694627478718758
60788,0.13017718493938446
60795,0.009210936725139618
60802,0.006205246318131685
60809,0.013704897835850716
60816,0.010267154313623905
60823,0.14932924509048462
60830,0.004451452288776636
60837,0.006253622472286224
60844,0.006865953095257282
60851,0.19285926222801208
60858,0.015685394406318665
60865,0.0034596004988998175
60872,0.16254431009292603
60879,0.009049013257026672
60886,0.010392600670456886
60893,0.12206068634986877
60900,0.09825728833675385
60907,0.015881463885307312
60914,0.0028471914120018482
60921,0.07931770384311676
60928,0.004861155524849892
60935,0.1268964558839798
60942,0.005854302551597357
60949,0.011353163979947567
60956,0.0036720128264278173
60963,0.008115919306874275
60970,0.00404499564319849
60977,0.1519749015569687
60984,0.006616582162678242
60991,0.0028214508201926947
60998,0.006063100881874561
61005,0.0035906971897929907
61012,0.006086250767111778
61019,0.004199094604700804
61026,0.008862737566232681
61033,0.004364983178675175
61040,0.013444596901535988
61047,0.037082821130752563
61054,0.005282732658088207
61061,0.006579448003321886
61068,0.01129142940044403
61075,0.00888064969331026
61082,0.006147895473986864
61089,0.015445930883288383
61096,0.004787636920809746
61103,0.16872592270374298
61110,0.014057048596441746
61117,0.021102869883179665
61124,0.005264041479676962
61131,0.008014524355530739
61138,0.004072563257068396
61145,0.003738530445843935
61152,0.007928545586764812
61159,0.005179672501981258
61166,0.007969265803694725
61173,0.011883113533258438
61180,0.02420865185558796
61187,0.006994917523115873
61194,0.08817070722579956
61201,0.0992792397737503
61208,0.004430606495589018
61215,0.01071949489414692
61222,0.009353045374155045
61229,0.008813689462840557
61236,0.004439922049641609
61243,0.015730472281575203
61250,0.002946160500869155
61257,0.013541482388973236
61264,0.00764089822769165
61271,0.0035215667448937893
61278,0.006366475019603968
61285,0.108736053109169
61292,0.002896621124818921
61299,0.013869348913431168
61306,0.16975563764572144
61313,0.004653720185160637
61320,0.005262159742414951
61327,0.004613981116563082
61334,0.006570702418684959
61341,0.007813524454832077
61348,0.015558137558400631
61355,0.004675491247326136
61362,0.0032672062516212463
61369,0.007987254299223423
61376,0.003150361590087414
61383,0.12907688319683075
61390,0.13336488604545593
61397,0.004378786310553551
61404,0.12157511711120605
61411,0.01866881176829338
61418,0.013427537865936756
61425,0.004446886479854584
61432,0.006507419981062412
61439,0.0037839170545339584
61446,0.01790449768304825
61453,0.030533410608768463
61460,0.00542542664334178
61467,0.003554998431354761
61474,0.008516897447407246
61481,0.007388838101178408
61488,0.01693657785654068
61495,0.16335336863994598
61502,0.004699718207120895
61509,0.006829921156167984
61516,0.08055007457733154
61523,0.009562253952026367
61530,0.20922733843326569
61537,0.004179784096777439
61544,0.010346329770982265
61551,0.007217103615403175
61558,0.008394324220716953
61565,0.08928021043539047
61572,0.004236249253153801
61579,0.18847283720970154
61586,0.04879717528820038
61593,0.006021843291819096
61600,0.08660508692264557
61607,0.006779865827411413
61614,0.009220482781529427
61621,0.12886494398117065
61628,0.007005524355918169
61635,0.006648266687989235
61642,0.009229319170117378
61649,0.07773037254810333
61656,0.16472600400447845
61663,0.007472064346075058
61670,0.007247963920235634
61677,0.004093227908015251
61684,0.004501231014728546
61691,0.010635441169142723
61698,0.10274609923362732
61705,0.007686153054237366
61712,0.08320760726928711
61719,0.008297227323055267
61726,0.007806859444826841
61733,0.0041444916278123856
61740,0.008076400496065617
61747,0.06633714586496353
61754,0.012085611931979656
61761,0.00742504745721817
61768,0.006200807169079781
61775,0.0060720294713974
61782,0.006046614609658718
61789,0.005734464153647423
61796,0.008124558255076408
61803,0.09746789187192917
61810,0.010863471776247025
61817,0.14647600054740906
61824,0.007581859827041626
61831,0.16130481660366058
61838,0.0165267176926136
61845,0.011790558695793152
61852,0.010068235918879509
61859,0.020232999697327614
61866,0.008328627794981003
61873,0.007113168947398663
61880,0.1175868958234787
61887,0.004602091386914253
61894,0.00847399327903986
61901,0.007906194776296616
61908,0.005822252482175827
61915,0.14944785833358765
61922,0.004514898639172316
61929,0.018618982285261154
61936,0.009099407121539116
61943,0.0047255284152925014
61950,0.01644951105117798
61957,0.005733514204621315
61964,0.0014096752274781466
61971,0.006092088297009468
61978,0.022729139775037766
61985,0.009453337639570236
61992,0.1602170467376709
61999,0.004766063764691353
62006,0.0038385316729545593
62013,0.007043484132736921
62020,0.006514580920338631
62027,0.004830482415854931
62034,0.016563216224312782
62041,0.0020319640170782804
62048,0.00543702207505703
62055,0.007336469367146492
62062,0.006479362957179546
62069,0.007514584809541702
62076,0.006410942878574133
62083,0.0034232651814818382
62090,0.011406955309212208
62097,0.12080495059490204
62104,0.0038946534041315317
62111,0.009241844527423382
62118,0.005985439755022526
62125,0.005576146766543388
62132,0.005960828624665737
62139,0.020090622827410698
62146,0.009341467171907425
62153,0.0082294512540102
62160,0.010203296318650246
62167,0.0024016438983380795
62174,0.008230662904679775
62181,0.00914710946381092
62188,0.08995804935693741
62195,0.002983299782499671
62202,0.0036142664030194283
62209,0.004219578113406897
62216,0.007806506007909775
62223,0.0025877291336655617
62230,0.0028965151868760586
62237,0.013060130178928375
62244,0.005481547210365534
62251,0.014496421441435814
62258,0.007027994375675917
62265,0.00915842317044735
62272,0.010600054636597633
62279,0.004690037574619055
62286,0.00780875887721777
62293,0.009916141629219055
62300,0.00942467525601387
62307,0.003998614847660065
62314,0.010583989322185516
62321,0.009132569655776024
62328,0.007441233843564987
62335,0.025846928358078003
62342,0.006107834167778492
62349,0.0067003751173615456
62356,0.0149890361353755
62363,0.01568441092967987
62370,0.008627326227724552
62377,0.16589902341365814
62384,0.007126756012439728
62391,0.003203893080353737
62398,0.010663109831511974
62405,0.0104416124522686
62412,0.0025161963421851397
62419,0.0035835637245327234
62426,0.006731026340276003
62433,0.011631944216787815
62440,0.12951359152793884
62447,0.012600601650774479
62454,0.004229351412504911
62461,0.006775996647775173
62468,0.008253799751400948
62475,0.005776993930339813
62482,0.006635888945311308
62489,0.005170342978090048
62496,0.008061839267611504
62503,0.014434503391385078
62510,0.005295660346746445
62517,0.1461114138364792
62524,0.004911857657134533
62531,0.12443182617425919
62538,0.16184592247009277
62545,0.015795007348060608
62552,0.031512435525655746
62559,0.007312626112252474
62566,0.005101082846522331
62573,0.008726977743208408
62580,0.08869561553001404
62587,0.1303582787513733
62594,0.007533794268965721
62601,0.008610076270997524
62608,0.0044907862320542336
62615,0.008509000763297081
62622,0.0043693119660019875
62629,0.004902086220681667
62636,0.010866024531424046
62643,0.004741293843835592
62650,0.0020947412122040987
62657,0.011562664061784744
62664,0.005379052832722664
62671,0.005914725363254547
62678,0.014517709612846375
62685,0.08846062421798706
62692,0.012573686428368092
62699,0.007361274678260088
62706,0.006323670037090778
62713,0.20406176149845123
62720,0.014494990929961205
62727,0.006010190583765507
62734,0.005636034067720175
62741,0.011688864789903164
62748,0.006001931615173817
62755,0.21117369830608368
62762,0.06596007943153381
62769,0.010487536899745464
62776,0.0034695202484726906
62783,0.002621002495288849
62790,0.005198187660425901
62797,0.12878914177417755
62804,0.00870380736887455
62811,0.05804872140288353
62818,0.006313336081802845
62825,0.024202127009630203
62832,0.00409757299348712
62839,0.1323695182800293
62846,0.004719027783721685
62853,0.07809997349977493
62860,0.17063574492931366
62867,0.003501187777146697
62874,0.005053016822785139
62881,0.010948512703180313
62888,0.004522785544395447
62895,0.004775567911565304
62902,0.005127745680510998
62909,0.0037887475918978453
62916,0.00486377626657486
62923,0.011749295517802238
62930,0.006595810409635305
62937,0.003312481567263603
62944,0.01740725338459015
62951,0.014598492532968521
62958,0.005781014449894428
62965,0.013852179050445557
62972,0.0059516699984669685
62979,0.14091698825359344
62986,0.002344653010368347
62993,0.0063865212723612785
63000,0.01172847393900156
63007,0.0043294960632920265
63014,0.00411996990442276
63021,0.018935050815343857
63028,0.008143937215209007
63035,0.07044140249490738
63042,0.0066817873157560825
63049,0.0048431833274662495
63056,0.004233171697705984
63063,0.0044566309079527855
63070,0.002959346864372492
63077,0.007194714155048132
63084,0.014028082601726055
63091,0.010374294593930244
63098,0.005434091202914715
63105,0.005138579290360212
63112,0.005980305373668671
63119,0.00842494796961546
63126,0.1131901890039444
63133,0.020300565287470818
63140,0.007037255447357893
63147,0.24842748045921326
63154,0.00782052893191576
63161,0.011220770888030529
63168,0.006186128593981266
63175,0.00709935836493969
63182,0.004815643187612295
63189,0.002223636955022812
63196,0.004811123013496399
63203,0.004457766190171242
63210,0.0032862727530300617
63217,0.004439780488610268
63224,0.15652887523174286
63231,0.0041647255420684814
63238,0.0032298853620886803
63245,0.007392337080091238
63252,0.010890419594943523
63259,0.004415173549205065
63266,0.11588823795318604
63273,0.007756715640425682
63280,0.009002664126455784
63287,0.0052653150632977486
63294,0.008070449344813824
63301,0.009740148670971394
63308,0.024930156767368317
63315,0.006293386220932007
63322,0.006142564117908478
63329,0.005444256588816643
63336,0.007086656056344509
63343,0.3580487072467804
63350,0.008808517828583717
63357,0.006054326891899109
63364,0.1357637494802475
63371,0.0033772338647395372
63378,0.004292613826692104
63385,0.004809867590665817
63392,0.005821411497890949
63399,0.0036224774084985256
63406,0.007876177318394184
63413,0.005649812053889036
63420,0.011463779956102371
63427,0.01918618008494377
63434,0.0056807491928339005
63441,0.006308280397206545
63448,0.01013058703392744
63455,0.00741542549803853
63462,0.005975543521344662
63469,0.006598933134227991
63476,0.0035318760201334953
63483,0.018715346232056618
63490,0.01039281114935875
63497,0.008032312616705894
63504,0.1119946837425232
63511,0.011849571950733662
63518,0.07220235466957092
63525,0.013678047806024551
63532,0.013226862996816635
63539,0.015593953430652618
63546,0.007525288499891758
63553,0.00843222439289093
63560,0.008835038170218468
63567,0.0032500855159014463
63574,0.11147942394018173
63581,0.005007759667932987
63588,0.007339742965996265
63595,0.10669223964214325
63602,0.023662324994802475
63609,0.011097746901214123
63616,0.010284517891705036
63623,0.006122726947069168
63630,0.0031008038204163313
63637,0.0038914140313863754
63644,0.013622560538351536
63651,0.007987684570252895
63658,0.004535024054348469
63665,0.010804238729178905
63672,0.0205586738884449
63679,0.08489696681499481
63686,0.007570252753794193
63693,0.01031479425728321
63700,0.008402989245951176
63707,0.1192590594291687
63714,0.005783487111330032
63721,0.0035547157749533653
63728,0.006452680565416813
63735,0.005826875567436218
63742,0.26435843110084534
63749,0.0026928468141704798
63756,0.0022536590695381165
63763,0.009503915905952454
63770,0.019190171733498573
63777,0.010022586211562157
63784,0.004041132517158985
63791,0.003881641896441579
63798,0.017448341473937035
63805,0.1539698839187622
63812,0.009035076946020126
63819,0.0033268143888562918
63826,0.019632941111922264
63833,0.005660113878548145
63840,0.006344128400087357
63847,0.015485985204577446
63854,0.0164593905210495
63861,0.005226516164839268
63868,0.004820757079869509
63875,0.0023545194417238235
63882,0.005325382575392723
63889,0.0056101856753230095
63896,0.007495833560824394
63903,0.055751629173755646
63910,0.008357856422662735
63917,0.021225139498710632
63924,0.11902016401290894
63931,0.004192044027149677
63938,0.003560389392077923
63945,0.008238592185080051
63952,0.07918835431337357
63959,0.005730181001126766
63966,0.002936611883342266
63973,0.005836348980665207
63980,0.011510645970702171
63987,0.0037978265900164843
63994,0.005105346441268921
64001,0.00330425426363945
64008,0.006667545530945063
64015,0.00898928102105856
64022,0.004361163359135389
64029,0.0051183151081204414
64036,0.0025759595446288586
64043,0.006284451112151146
64050,0.003919303882867098
64057,0.006255369633436203
64064,0.0028399107977747917
64071,0.012193728238344193
64078,0.004150016233325005
64085,0.06127006560564041
64092,0.005437070038169622
64099,0.005279081873595715
64106,0.0058711860328912735
64113,0.0029630823992192745
64120,0.009211970493197441
64127,0.0017657019197940826
64134,0.004802110139280558
64141,0.009651491418480873
64148,0.009904543869197369
64155,0.003359957132488489
64162,0.004870029632002115
64169,0.010490365326404572
64176,0.008242003619670868
64183,0.010759410448372364
64190,0.003572389716282487
64197,0.0063346149399876595
64204,0.10042159259319305
64211,0.13113361597061157
64218,0.05426821857690811
64225,0.005809619091451168
64232,0.007126099430024624
64239,0.004449205007404089
64246,0.026647455990314484
64253,0.005073774605989456
64260,0.014900702983140945
64267,0.006121489219367504
64274,0.01286635734140873
64281,0.13151250779628754
64288,0.013278686441481113
64295,0.16483812034130096
64302,0.004043016582727432
64309,0.016115933656692505
64316,0.010640334337949753
64323,0.015984997153282166
64330,0.005839458666741848
64337,0.008017776533961296
64344,0.007044476456940174
64351,0.009380120784044266
64358,0.0006997411837801337
64365,0.006131479516625404
64372,0.017076298594474792
64379,0.041509367525577545
64386,0.0026702159084379673
64393,0.01163998618721962
64400,0.005054540000855923
64407,0.003408872988075018
64414,0.005405812058597803
64421,0.15228915214538574
64428,0.009653699584305286
64435,0.008873858489096165
64442,0.008574876002967358
64449,0.004763084463775158
64456,0.07558708637952805
64463,0.004253442864865065
64470,0.003542836057022214
64477,0.007036913186311722
64484,0.001916996669024229
64491,0.00503698643296957
64498,0.0031602331437170506
64505,0.008332593366503716
64512,0.06302060186862946
64519,0.008081823587417603
64526,0.009594247676432133
64533,0.004853028804063797
64540,0.005488175433129072
64547,0.015619974583387375
64554,0.005597924813628197
64561,0.002661137143149972
64568,0.004335531033575535
64575,0.0027967554051429033
64582,0.013420293107628822
64589,0.001563326339237392
64596,0.0137574328109622
64603,0.0031878300942480564
64610,0.006809540092945099
64617,0.011543135158717632
64624,0.010903431102633476
64631,0.006243624724447727
64638,0.0074781617149710655
64645,0.11634528636932373
64652,0.09882502257823944
64659,0.003029830753803253
64666,0.006031363271176815
64673,0.015946432948112488
64680,0.00874196458607912
64687,0.032549649477005005
64694,0.0039801765233278275
64701,0.010871808975934982
64708,0.005213562864810228
64715,0.015888718888163567
64722,0.01018984243273735
64729,0.02384256012737751
64736,0.13439740240573883
64743,0.0057513415813446045
64750,0.0059014009311795235
64757,0.0028119597118347883
64764,0.010253647342324257
64771,0.0615776926279068
64778,0.007933145388960838
64785,0.0037393399979919195
64792,0.01111205480992794
64799,0.09049475193023682
64806,0.012685450725257397
64813,0.004055270925164223
64820,0.005877182353287935
64827,0.005774374585598707
64834,0.005362994037568569
64841,0.009776715189218521
64848,0.006185375154018402
64855,0.0031391270458698273
64862,0.005992724560201168
64869,0.09683061391115189
64876,0.006929510273039341
64883,0.007775359787046909
64890,0.013357609510421753
64897,0.00655328668653965
64904,0.16007938981056213
64911,0.006488910876214504
64918,0.0218990296125412
64925,0.03643039986491203
64932,0.08803565800189972
64939,0.013727954588830471
64946,0.005323745310306549
64953,0.02412876859307289
64960,0.004158977884799242
64967,0.016086243093013763
64974,0.0059791021049022675
64981,0.004248055163770914
64988,0.009207983501255512
64995,0.01823601871728897
65002,0.008883126080036163
65009,0.022112688049674034
65016,0.07404910773038864
65023,0.0056844595819711685
65030,0.005687041208148003
65037,0.009823419153690338
65044,0.007392511703073978
65051,0.03403044492006302
65058,0.0048402706161141396
65065,0.0061673568561673164
65072,0.010784287005662918
65079,0.021135278046131134
65086,0.011649911291897297
65093,0.01667558029294014
65100,0.01548733189702034
65107,0.013123483397066593
65114,0.003240590449422598
65121,0.15407466888427734
65128,0.007600340060889721
65135,0.00499221496284008
65142,0.006310257129371166
65149,0.006524170283228159
65156,0.004690847359597683
65163,0.0046131727285683155
65170,0.0028150409925729036
65177,0.004412555135786533
65184,0.011342247948050499
65191,0.008945913054049015
65198,0.01433729100972414
65205,0.006856271997094154
65212,0.004972375929355621
65219,0.005745594389736652
65226,0.006437201052904129
65233,0.00196297955699265
65240,0.009774674661457539
65247,0.008477369323372841
65254,0.015480068512260914
65261,0.006966483313590288
65268,0.009581651538610458
65275,0.007330845110118389
65282,0.012409431859850883
65289,0.009212655015289783
65296,0.005079811438918114
65303,0.012589453719556332
65310,0.006188906263560057
65317,0.001676396350376308
65324,0.006722976453602314
65331,0.025659101083874702
65338,0.01160576194524765
65345,0.00493143405765295
65352,0.030957931652665138
65359,0.008184215985238552
65366,0.004157334566116333
65373,0.015080155804753304
65380,0.003893274813890457
65387,0.012263968586921692
65394,0.13595320284366608
65401,0.1657331883907318
65408,0.005034729838371277
65415,0.09004757553339005
65422,0.003287514904513955
65429,0.004728780593723059
65436,0.0042908675968647
65443,0.006349842995405197
65450,0.008741941303014755
65457,0.003329786006361246
65464,0.005900243762880564
65471,0.005655243061482906
65478,0.1402803361415863
65485,0.011370491236448288
65492,0.016351578757166862
65499,0.005133615341037512
65506,0.007511986419558525
65513,0.0025506247766315937
65520,0.1385618895292282
65527,0.0024294178001582623
65534,0.0041001178324222565
65541,0.00514169642701745
65548,0.0053270128555595875
65555,0.004052828066051006
65562,0.005849979352205992
65569,0.004196745343506336
65576,0.00431701447814703
65583,0.0023336196318268776
65590,0.008428198285400867
65597,0.007495227735489607
65604,0.17357660830020905
65611,0.009430782869458199
65618,0.011620973236858845
65625,0.018005626276135445
65632,0.00603799894452095
65639,0.01010940596461296
65646,0.008711744099855423
65653,0.007431249134242535
65660,0.004099195823073387
65667,0.012080954387784004
65674,0.0066126491874456406
65681,0.0027206046506762505
65688,0.004948112647980452
65695,0.006656813435256481
65702,0.012995021417737007
65709,0.00525257783010602
65716,0.15199095010757446
65723,0.05227752774953842
65730,0.0023317544255405664
65737,0.007135005667805672
65744,0.12348300218582153
65751,0.010276880115270615
65758,0.0057777054607868195
65765,0.008317383006215096
65772,0.01000931952148676
65779,0.011665104888379574
65786,0.0049989232793450356
65793,0.01620432361960411
65800,0.06318405270576477
65807,0.005269854329526424
65814,0.005930526647716761
65821,0.007522875443100929
65828,0.006523975171148777
65835,0.002517873886972666
65842,0.01740957796573639
65849,0.14629441499710083
65856,0.005625517573207617
65863,0.0021120368037372828
65870,0.011468740180134773
65877,0.007094736211001873
65884,0.018436254933476448
65891,0.007659739814698696
65898,0.003882210236042738
65905,0.007335145957767963
65912,0.010973049327731133
65919,0.11278459429740906
65926,0.008151776157319546
65933,0.005586621351540089
65940,0.16733872890472412
65947,0.01079146470874548
65954,0.0028049242682754993
65961,0.003818389493972063
65968,0.02562578208744526
65975,0.3533843159675598
65982,0.003949662670493126
65989,0.005993267986923456
65996,0.009899693541228771
66003,0.006987876258790493
66010,0.006236167624592781
66017,0.005501310341060162
66024,0.006414603441953659
66031,0.004420362878590822
66038,0.019497845321893692
66045,0.004120206460356712
66052,0.005031449720263481
66059,0.03257426619529724
66066,0.006622919347137213
66073,0.0021998602896928787
66080,0.004697582218796015
66087,0.02965327724814415
66094,0.010159581899642944
66101,0.012932274490594864
66108,0.003778710262849927
66115,0.0396052822470665
66122,0.0061701321974396706
66129,0.0690198466181755
66136,0.004936147481203079
66143,0.006015095394104719
66150,0.004720055498182774
66157,0.007771055679768324
66164,0.009294860996305943
66171,0.007311835419386625
66178,0.005899861454963684
66185,0.006251920014619827
66192,0.0031712481286376715
66199,0.001424596062861383
66206,0.004857174586504698
66213,0.012467432767152786
66220,0.15127603709697723
66227,0.004023272544145584
66234,0.0042269909754395485
66241,0.00499666016548872
66248,0.0033977744169533253
66255,0.06631174683570862
66262,0.17483724653720856
66269,0.11238241195678711
66276,0.011905016377568245
66283,0.01618446409702301
66290,0.007404029369354248
66297,0.011874658055603504
66304,0.004313475918024778
66311,0.10716833919286728
66318,0.005836860276758671
66325,0.0038191284984350204
66332,0.002181319985538721
66339,0.003301820484921336
66346,0.011875282973051071
66353,0.03005141019821167
66360,0.004759708419442177
66367,0.009716042317450047
66374,0.007308444008231163
66381,0.0016314382664859295
66388,0.017677485942840576
66395,0.004780187271535397
66402,0.009278785437345505
66409,0.005111251026391983
66416,0.12263589352369308
66423,0.13398344814777374
66430,0.004385034553706646
66437,0.006469733081758022
66444,0.004111703019589186
66451,0.014991018921136856
66458,0.004296002443879843
66465,0.006131503731012344
66472,0.20310920476913452
66479,0.006043296307325363
66486,0.009189021773636341
66493,0.009766213595867157
66500,0.0024643694050610065
66507,0.004042335320264101
66514,0.0028191457968205214
66521,0.13650739192962646
66528,0.011299317702651024
66535,0.009315142408013344
66542,0.005249822046607733
66549,0.006890631280839443
66556,0.008121112361550331
66563,0.0025926544331014156
66570,0.00578778050839901
66577,0.007467753253877163
66584,0.006890919059514999
66591,0.032870419323444366
66598,0.012786965817213058
66605,0.0029647769406437874
66612,0.07435667514801025
66619,0.13720150291919708
66626,0.01089249923825264
66633,0.011706591583788395
66640,0.02362704649567604
66647,0.0056380340829491615
66654,0.003366636112332344
66661,0.006219284608960152
66668,0.01019677147269249
66675,0.21410664916038513
66682,0.006495238281786442
66689,0.14952245354652405
66696,0.005432542413473129
66703,0.00680130161345005
66710,0.004954943433403969
66717,0.002621858613565564
66724,0.0032382921781390905
66731,0.22907964885234833
66738,0.21298857033252716
66745,0.008665597066283226
66752,0.005772806704044342
66759,0.0035049954894930124
66766,0.005658716429024935
66773,0.060138311237096786
66780,0.009132822044193745
66787,0.007048848085105419
66794,0.004437930416315794
66801,0.11294975876808167
66808,0.09810372442007065
66815,0.13624797761440277
66822,0.014362530782818794
66829,0.004372690804302692
66836,0.015988431870937347
66843,0.010749641805887222
66850,0.007413622457534075
66857,0.004692915827035904
66864,0.006792385596781969
66871,0.004374977666884661
66878,0.0035222582519054413
66885,0.004725659266114235
66892,0.02759309858083725
66899,0.004146982915699482
66906,0.005716491956263781
66913,0.0071643502451479435
66920,0.005339424125850201
66927,0.005271194502711296
66934,0.09896966069936752
66941,0.0031137969344854355
66948,0.006266077049076557
66955,0.006583827547729015
66962,0.015394333750009537
66969,0.00795277301222086
66976,0.002769606187939644
66983,0.016461331397294998
66990,0.01813846081495285
66997,0.006953946314752102
67004,0.004480838775634766
67011,0.013778830878436565
67018,0.12957315146923065
67025,0.13484273850917816
67032,0.0045555392280220985
67039,0.009872807189822197
67046,0.008407987654209137
67053,0.0060765850357711315
67060,0.007492799777537584
67067,0.00796528346836567
67074,0.00658824946731329
67081,0.011811628937721252
67088,0.009136646054685116
67095,0.0068925064988434315
67102,0.008878425695002079
67109,0.007930634543299675
67116,0.006999618373811245
67123,0.011423173360526562
67130,0.11113885790109634
67137,0.17615538835525513
67144,0.007199727930128574
67151,0.012132851406931877
67158,0.016456108540296555
67165,0.05176050215959549
67172,0.12331102788448334
67179,0.007075881585478783
67186,0.0202270969748497
67193,0.00679813465103507
67200,0.00951254740357399
67207,0.0907365083694458
67214,0.0076688434928655624
67221,0.005891254171729088
67228,0.008831106126308441
67235,0.006100093480199575
67242,0.006737864576280117
67249,0.0121284369379282
67256,0.0038611693307757378
67263,0.008455200120806694
67270,0.011907986365258694
67277,0.010031352750957012
67284,0.10301186889410019
67291,0.009482577443122864
67298,0.004776628687977791
67305,0.005394535139203072
67312,0.0033176392316818237
67319,0.0036262969952076674
67326,0.0047276755794882774
67333,0.003379520960152149
67340,0.009988668374717236
67347,0.007239760830998421
67354,0.008296208456158638
67361,0.00408487394452095
67368,0.0031013323459774256
67375,0.008967610076069832
67382,0.0424102321267128
67389,0.010261665098369122
67396,0.002537363674491644
67403,0.004614444449543953
67410,0.004146663937717676
67417,0.003550383960828185
67424,0.008767728693783283
67431,0.008340902626514435
67438,0.005403535906225443
67445,0.005153730511665344
67452,0.008106344379484653
67459,0.011667055077850819
67466,0.18758578598499298
67473,0.008218321949243546
67480,0.012512052431702614
67487,0.026681598275899887
67494,0.014417017810046673
67501,0.2541051208972931
67508,0.0055565545335412025
67515,0.16282963752746582
67522,0.0045727090910077095
67529,0.005099345929920673
67536,0.01942846179008484
67543,0.009350406005978584
67550,0.011046189814805984
67557,0.009523183107376099
67564,0.0049720993265509605
67571,0.009547768160700798
67578,0.10940522700548172
67585,0.008876169100403786
67592,0.00825212337076664
67599,0.00859855581074953
67606,0.004586609546095133
67613,0.0031305053271353245
67620,0.008976923301815987
67627,0.009224914945662022
67634,0.006062444299459457
67641,0.01891803927719593
67648,0.0038321614265441895
67655,0.006128113716840744
67662,0.008119148202240467
67669,0.0026539734099060297
67676,0.006662620697170496
67683,0.0015464198077097535
67690,0.004321000538766384
67697,0.0032399760093539953
67704,0.011226383969187737
67711,0.003267311956733465
67718,0.2327307015657425
67725,0.016779178753495216
67732,0.005988845136016607
67739,0.010476736351847649
67746,0.005966499913483858
67753,0.08260002732276917
67760,0.013550613075494766
67767,0.10445661097764969
67774,0.009708147495985031
67781,0.00167939905077219
67788,0.012530680745840073
67795,0.009893562644720078
67802,0.004625014960765839
67809,0.009074876084923744
67816,0.009121175855398178
67823,0.003711877390742302
67830,0.007690091151744127
67837,0.017780965194106102
67844,0.003494475269690156
67851,0.004339779727160931
67858,0.006267797201871872
67865,0.0033313841558992863
67872,0.005585803650319576
67879,0.009034555405378342
67886,0.1048443466424942
67893,0.008722756989300251
67900,0.02301204763352871
67907,0.012916026636958122
67914,0.009030945599079132
67921,0.026827607303857803
67928,0.006497451104223728
67935,0.01218089647591114
67942,0.015896543860435486
67949,0.009815145283937454
67956,0.004089344292879105
67963,0.0016528342384845018
67970,0.005728532560169697
67977,0.004054960794746876
67984,0.008113697171211243
67991,0.010949772782623768
67998,0.023281069472432137
68005,0.006439705844968557
68012,0.006366158835589886
68019,0.00668887235224247
68026,0.13148996233940125
68033,0.009554492309689522
68040,0.01461673155426979
68047,0.002665185369551182
68054,0.00560550345107913
68061,0.09976086020469666
68068,0.012433754280209541
68075,0.014537912793457508
68082,0.0028596019838005304
68089,0.10924578458070755
68096,0.0037148031406104565
68103,0.009526646696031094
68110,0.009346667677164078
68117,0.0024065489415079355
68124,0.007951531559228897
68131,0.004977189004421234
68138,0.040414758026599884
68145,0.0044885012321174145
68152,0.0048449658788740635
68159,0.008584053255617619
68166,0.004565986804664135
68173,0.00626313267275691
68180,0.011006204411387444
68187,0.005951338913291693
68194,0.0986175462603569
68201,0.00670277327299118
68208,0.004783918149769306
68215,0.009110460057854652
68222,0.005533996969461441
68229,0.06639117002487183
68236,0.007178397849202156
68243,0.004969017580151558
68250,0.010733610019087791
68257,0.0029765511862933636
68264,0.15787802636623383
68271,0.006839017849415541
68278,0.012977720238268375
68285,0.0063529894687235355
68292,0.008007997646927834
68299,0.04479607567191124
68306,0.08308731019496918
68313,0.006820106878876686
68320,0.05607321858406067
68327,0.1405710130929947
68334,0.014821083284914494
68341,0.16605427861213684
68348,0.010121364146471024
68355,0.003845247672870755
68362,0.006316184997558594
68369,0.006947495974600315
68376,0.0042914170771837234
68383,0.00402491632848978
68390,0.0060052466578781605
68397,0.003255317220464349
68404,0.007768091280013323
68411,0.01289444137364626
68418,0.00374412233941257
68425,0.0066611673682928085
68432,0.00792879518121481
68439,0.009003065526485443
68446,0.004676791839301586
68453,0.06198183819651604
68460,0.02609112299978733
68467,0.011138992384076118
68474,0.008485551923513412
68481,0.004916342440992594
68488,0.007498705759644508
68495,0.00384791218675673
68502,0.15004493296146393
68509,0.005585480481386185
68516,0.003643406555056572
68523,0.04393201693892479
68530,0.005293234717100859
68537,0.004671120084822178
68544,0.002595797646790743
68551,0.009539070539176464
68558,0.002012142911553383
68565,0.008283669129014015
68572,0.07843156158924103
68579,0.029324118047952652
68586,0.006301335524767637
68593,0.007292165886610746
68600,0.016704954206943512
68607,0.008786034770309925
68614,0.14300549030303955
68621,0.0025911149568855762
68628,0.006964211817830801
68635,0.006866590119898319
68642,0.1594144105911255
68649,0.0140466233715415
68656,0.006078966893255711
68663,0.0036238697357475758
68670,0.004852515645325184
68677,0.00524954404681921
68684,0.015636155381798744
68691,0.0061724442057311535
68698,0.07275580614805222
68705,0.0040793148800730705
68712,0.007613860536366701
68719,0.008583578281104565
68726,0.005191330797970295
68733,0.007813739590346813
68740,0.004370684735476971
68747,0.0018495769472792745
68754,0.006220430135726929
68761,0.02218838781118393
68768,0.0023448108695447445
68775,0.007988202385604382
68782,0.00492877047508955
68789,0.0075084855780005455
68796,0.05318017303943634
68803,0.11212773621082306
68810,0.0026282190810889006
68817,0.006726507097482681
68824,0.004223020747303963
68831,0.015881549566984177
68838,0.003331524785608053
68845,0.005409800447523594
68852,0.13161654770374298
68859,0.10324973613023758
68866,0.011070325039327145
68873,0.16587786376476288
68880,0.01826883852481842
68887,0.011978566646575928
68894,0.01656356453895569
68901,0.17062240839004517
68908,0.008731640875339508
68915,0.012438870035111904
68922,0.012801005505025387
68929,0.0024161639157682657
68936,0.004523019772022963
68943,0.011095687747001648
68950,0.0034681083634495735
68957,0.007057528011500835
68964,0.005654030945152044
68971,0.004150550812482834
68978,0.004209436010569334
68985,0.005898749455809593
68992,0.007743840105831623
68999,0.015414043329656124
69006,0.0030339621007442474
69013,0.007081714458763599
69020,0.007069631014019251
69027,0.05280424654483795
69034,0.008035579696297646
69041,0.15958243608474731
69048,0.12754616141319275
69055,0.019649675115942955
69062,0.0026269685477018356
69069,0.005852412432432175
69076,0.10445579886436462
69083,0.015398260205984116
69090,0.0064554838463664055
69097,0.0072853900492191315
69104,0.004326672293245792
69111,0.008608793839812279
69118,0.00710269482806325
69125,0.09887230396270752
69132,0.005717595107853413
69139,0.005951364524662495
69146,0.008101332932710648
69153,0.01169014722108841
69160,0.008459137752652168
69167,0.0045892950147390366
69174,0.004546857438981533
69181,0.006047030445188284
69188,0.034363068640232086
69195,0.01143547985702753
69202,0.049830932170152664
69209,0.010461431927978992
69216,0.1593056470155716
69223,0.006103222258388996
69230,0.14080412685871124
69237,0.009453192353248596
69244,0.007598645519465208
69251,0.005857707466930151
69258,0.002965384628623724
69265,0.0074571529403328896
69272,0.00449681980535388
69279,0.004369613714516163
69286,0.013069342821836472
69293,0.009982414543628693
69300,0.004145052284002304
69307,0.14070984721183777
69314,0.0073424954898655415
69321,0.004711807705461979
69328,0.011323184706270695
69335,0.0071229757741093636
69342,0.008782868273556232
69349,0.00739709148183465
69356,0.008447669446468353
69363,0.00592514593154192
69370,0.005115202162414789
69377,0.004813790787011385
69384,0.0037443889304995537
69391,0.00846831128001213
69398,0.004279072862118483
69405,0.006675974000245333
69412,0.017409058287739754
69419,0.00897559430450201
69426,0.11037853360176086
69433,0.014678269624710083
69440,0.007733542937785387
69447,0.004269189201295376
69454,0.007420753128826618
69461,0.005899699404835701
69468,0.007109170779585838
69475,0.009621421806514263
69482,0.13482655584812164
69489,0.00488671287894249
69496,0.003464010078459978
69503,0.004259866662323475
69510,0.001512163202278316
69517,0.009347622282803059
69524,0.004447333514690399
69531,0.009149514138698578
69538,0.005926000885665417
69545,0.006120587699115276
69552,0.005468280985951424
69559,0.004031626973301172
69566,0.0037386987823992968
69573,0.003381027840077877
69580,0.003531999420374632
69587,0.01205145101994276
69594,0.0062127793207764626
69601,0.008470152504742146
69608,0.0052547333762049675
69615,0.006028668023645878
69622,0.012213751673698425
69629,0.007598524913191795
69636,0.006693931296467781
69643,0.0022440883331000805
69650,0.003731333650648594
69657,0.014302993193268776
69664,0.14688740670681
69671,0.010658418759703636
69678,0.0037884865887463093
69685,0.0028381221927702427
69692,0.006298290565609932
69699,0.011503424495458603
69706,0.00514522148296237
69713,0.005602375604212284
69720,0.0054519386030733585
69727,0.0065373750403523445
69734,0.003838361706584692
69741,0.0025894497521221638
69748,0.0036151583772152662
69755,0.006505260709673166
69762,0.009810475632548332
69769,0.015061231330037117
69776,0.006015127524733543
69783,0.004704389721155167
69790,0.009325765073299408
69797,0.008344191126525402
69804,0.004623561166226864
69811,0.08255967497825623
69818,0.0075773815624415874
69825,0.003954022657126188
69832,0.13663606345653534
69839,0.015460273250937462
69846,0.08939161151647568
69853,0.005272529553622007
69860,0.010919759050011635
69867,0.005579286254942417
69874,0.00866506714373827
69881,0.013081304728984833
69888,0.005659126676619053
69895,0.007428065408021212
69902,0.006692303344607353
69909,0.0075617590919137
69916,0.004396595060825348
69923,0.004206195008009672
69930,0.007123356685042381
69937,0.002603217028081417
69944,0.006546190939843655
69951,0.0021111532114446163
69958,0.13714247941970825
69965,0.006713680922985077
69972,0.006267452612519264
69979,0.0035878124181181192
69986,0.006781690753996372
69993,0.006019013933837414
70000,0.007075945846736431
70007,0.012438084930181503
70014,0.0012245437828823924
70021,0.004830292426049709
70028,0.008625908754765987
70035,0.0035057561472058296
70042,0.007611743174493313
70049,0.0117592578753829
70056,0.010163887403905392
70063,0.00461666751652956
70070,0.008747607469558716
70077,0.013817569240927696
70084,0.0032680772710591555
70091,0.029050491750240326
70098,0.005243882071226835
70105,0.009079079143702984
70112,0.0032218405976891518
70119,0.006914475467056036
70126,0.007576032541692257
70133,0.07020533084869385
70140,0.013792110607028008
70147,0.00658744852989912
70154,0.007676288485527039
70161,0.007655144203454256
70168,0.0051567512564361095
70175,0.005803844425827265
70182,0.010322550311684608
70189,0.09025487303733826
70196,0.0057711610570549965
70203,0.10472265630960464
70210,0.003044961718842387
70217,0.00585462711751461
70224,0.005566745065152645
70231,0.0058657824993133545
70238,0.017749054357409477
70245,0.005370051600039005
70252,0.01064835675060749
70259,0.17367537319660187
70266,0.020243525505065918
70273,0.006992578040808439
70280,0.0033697106409817934
70287,0.07848426699638367
70294,0.008608567528426647
70301,0.0053031868301332
70308,0.015856876969337463
70315,0.0031508631072938442
70322,0.013118606060743332
70329,0.00428005401045084
70336,0.004632259253412485
70343,0.005436096340417862
70350,0.009285550564527512
70357,0.006840507499873638
70364,0.005086097866296768
70371,0.07581447064876556
70378,0.18058407306671143
70385,0.008638380095362663
70392,0.004889308474957943
70399,0.004968165419995785
70406,0.0031895949505269527
70413,0.014541177079081535
70420,0.009158369153738022
70427,0.009095698595046997
70434,0.008002202957868576
70441,0.004209560342133045
70448,0.011429345235228539
70455,0.005382431671023369
70462,0.016852598637342453
70469,0.008780163712799549
70476,0.0055189309641718864
70483,0.0044861785136163235
70490,0.004923364147543907
70497,0.019397448748350143
70504,0.0029958211816847324
70511,0.009069390594959259
70518,0.014029832556843758
70525,0.0050225211307406425
70532,0.007028312422335148
70539,0.006472123321145773
70546,0.0140955476090312
70553,0.009988201782107353
70560,0.015199843794107437
70567,0.0030864691361784935
70574,0.008781567215919495
70581,0.008159272372722626
70588,0.11322138458490372
70595,0.0067641339264810085
70602,0.015918100252747536
70609,0.004612260032445192
70616,0.004180604126304388
70623,0.006887182593345642
70630,0.015299713239073753
70637,0.004866304341703653
70644,0.0038586347363889217
70651,0.009269817732274532
70658,0.083175890147686
70665,0.006816260516643524
70672,0.0032842804212123156
70679,0.0026237722486257553
70686,0.11148551851511002
70693,0.004525804426521063
70700,0.018823057413101196
70707,0.006986362859606743
70714,0.0025379706639796495
70721,0.0024587500374764204
70728,0.015309777110815048
70735,0.005093848332762718
70742,0.008994855917990208
70749,0.008030150085687637
70756,0.0028200915548950434
70763,0.0018978642765432596
70770,0.007528641726821661
70777,0.006915414705872536
70784,0.0034711468033492565
70791,0.00419270433485508
70798,0.0035988911986351013
70805,0.00720288185402751
70812,0.007739968132227659
70819,0.006133032031357288
70826,0.005741858389228582
70833,0.003569541499018669
70840,0.00596230011433363
70847,0.003835433628410101
70854,0.16214758157730103
70861,0.14643026888370514
70868,0.004216996021568775
70875,0.003689372446388006
70882,0.11219389736652374
70889,0.00426074443385005
70896,0.009834111668169498
70903,0.006317257881164551
70910,0.006831277161836624
70917,0.0037668542936444283
70924,0.005558610428124666
70931,0.007158147171139717
70938,0.003937327302992344
70945,0.014264506287872791
70952,0.008288254030048847
70959,0.11280356347560883
70966,0.004450524225831032
70973,0.008712654002010822
70980,0.0037995437160134315
70987,0.0036121404264122248
70994,0.010816367343068123
71001,0.19179990887641907
71008,0.00906660221517086
71015,0.00488221924751997
71022,0.004524798132479191
71029,0.005418939515948296
71036,0.005088432226330042
71043,0.011656759306788445
71050,0.0029501132667064667
71057,0.007871179841458797
71064,0.015814287588000298
71071,0.005685717333108187
71078,0.0020558994729071856
71085,0.0015398429241031408
71092,0.0060735647566616535
71099,0.005409482400864363
71106,0.07644757628440857
71113,0.00755245890468359
71120,0.014300143346190453
71127,0.01019128505140543
71134,0.007108896970748901
71141,0.019265066832304
71148,0.003127307165414095
71155,0.006419010926038027
71162,0.00870581716299057
71169,0.006656094454228878
71176,0.07840786874294281
71183,0.004780393093824387
71190,0.005869037471711636
71197,0.004216245375573635
71204,0.014256900176405907
71211,0.06351940333843231
71218,0.00675441138446331
71225,0.0028751890640705824
71232,0.007548436988145113
71239,0.004753151908516884
71246,0.00950009748339653
71253,0.005570307374000549
71260,0.003535121213644743
71267,0.003347299061715603
71274,0.012574614956974983
71281,0.003277913201600313
71288,0.06036911532282829
71295,0.005593430250883102
71302,0.00888717919588089
71309,0.00894844252616167
71316,0.0053749047219753265
71323,0.0113799087703228
71330,0.005431284662336111
71337,0.005845070816576481
71344,0.004399821162223816
71351,0.010947550646960735
71358,0.14277434349060059
71365,0.007145434617996216
71372,0.003778156591579318
71379,0.1176474317908287
71386,0.007475251331925392
71393,0.010456409305334091
71400,0.0076466877944767475
71407,0.003392285667359829
71414,0.09055478870868683
71421,0.08081471920013428
71428,0.0021677599288523197
71435,0.006774186156690121
71442,0.0033554791007190943
71449,0.01619764044880867
71456,0.048143740743398666
71463,0.007144375238567591
71470,0.004714797250926495
71477,0.011137135326862335
71484,0.007562333717942238
71491,0.007178714964538813
71498,0.003347584046423435
71505,0.006927565671503544
71512,0.003634478896856308
71519,0.07903186231851578
71526,0.008606163784861565
71533,0.004088165238499641
71540,0.09839621186256409
71547,0.008524250239133835
71554,0.15613654255867004
71561,0.007469133008271456
71568,0.0077134608291089535
71575,0.008162286132574081
71582,0.014109074138104916
71589,0.022673774510622025
71596,0.009920750744640827
71603,0.005963453091681004
71610,0.12353859841823578
71617,0.010811716318130493
71624,0.0198468416929245
71631,0.005221092142164707
71638,0.00580228865146637
71645,0.04636523127555847
71652,0.013715323992073536
71659,0.004247559234499931
71666,0.004542693495750427
71673,0.08537895977497101
71680,0.014320563524961472
71687,0.009279917925596237
71694,0.005664974916726351
71701,0.00586724653840065
71708,0.009077917784452438
71715,0.004118455108255148
71722,0.006791502237319946
71729,0.010928811505436897
71736,0.01490824855864048
71743,0.002174871042370796
71750,0.004939202219247818
71757,0.004123058170080185
71764,0.07999631017446518
71771,0.005614441819489002
71778,0.004359215032309294
71785,0.005866210907697678
71792,0.15407240390777588
71799,0.011126864701509476
71806,0.003425142727792263
71813,0.1385442316532135
71820,0.0045065851882100105
71827,0.0026488061994314194
71834,0.013741929084062576
71841,0.005868089385330677
71848,0.003225218504667282
71855,0.014272348955273628
71862,0.00806046649813652
71869,0.00767320953309536
71876,0.003856629366055131
71883,0.01599220745265484
71890,0.003930181730538607
71897,0.007272119168192148
71904,0.010265682823956013
71911,0.008924504742026329
71918,0.008951358497142792
71925,0.0156497061252594
71932,0.005132877733558416
71939,0.0027289926074445248
71946,0.006079857237637043
71953,0.009001050144433975
71960,0.011873362585902214
71967,0.0998818576335907
71974,0.004900256171822548
71981,0.006949723232537508
71988,0.005347513128072023
71995,0.09151194989681244
72002,0.11144176125526428
72009,0.010550931096076965
72016,0.002576866652816534
72023,0.004290543496608734
72030,0.012794608250260353
72037,0.0055747558362782
72044,0.005815679207444191
72051,0.006579124368727207
72058,0.054853808134794235
72065,0.01175568625330925
72072,0.0024493348319083452
72079,0.01043665036559105
72086,0.006938801147043705
72093,0.004482693038880825
72100,0.0078096408396959305
72107,0.009179646149277687
72114,0.006466987542808056
72121,0.01271524466574192
72128,0.006804211996495724
72135,0.008426702581346035
72142,0.0035089468583464622
72149,0.010567890480160713
72156,0.22973303496837616
72163,0.009424788877367973
72170,0.00880817137658596
72177,0.005557890050113201
72184,0.01580820605158806
72191,0.0068014562129974365
72198,0.007805926725268364
72205,0.008910732343792915
72212,0.012721950188279152
72219,0.01017857901751995
72226,0.006928183138370514
72233,0.006049783900380135
72240,0.006657897029072046
72247,0.007584383711218834
72254,0.005660082679241896
72261,0.0031754369847476482
72268,0.00366633920930326
72275,0.0035033482126891613
72282,0.013898832723498344
72289,0.02677493914961815
72296,0.002819949761033058
72303,0.14125970005989075
72310,0.004703378304839134
72317,0.0616445355117321
72324,0.004953006282448769
72331,0.005447009578347206
72338,0.06399667263031006
72345,0.003385974559932947
72352,0.005669322796165943
72359,0.01016429252922535
72366,0.01665107160806656
72373,0.015434587374329567
72380,0.005480551160871983
72387,0.008261790499091148
72394,0.007368631660938263
72401,0.006816491484642029
72408,0.006661791820079088
72415,0.00810087937861681
72422,0.00426983367651701
72429,0.007621104829013348
72436,0.010829523205757141
72443,0.0974816381931305
72450,0.012932879850268364
72457,0.012029646895825863
72464,0.01415350940078497
72471,0.007746363058686256
72478,0.005551841575652361
72485,0.18559305369853973
72492,0.008820478804409504
72499,0.01886787638068199
72506,0.002396724885329604
72513,0.006157019641250372
72520,0.004783960524946451
72527,0.0032377156894654036
72534,0.012476660311222076
72541,0.0633331686258316
72548,0.11124937236309052
72555,0.006495952140539885
72562,0.005224244203418493
72569,0.003249992150813341
72576,0.343445360660553
72583,0.01039639301598072
72590,0.016802607104182243
72597,0.007099359296262264
72604,0.007949377410113811
72611,0.015075985342264175
72618,0.0037321175914257765
72625,0.0026775305159389973
72632,0.019439123570919037
72639,0.18487289547920227
72646,0.006887031719088554
72653,0.02166135050356388
72660,0.06696714460849762
72667,0.006634514778852463
72674,0.004506098106503487
72681,0.008301257155835629
72688,0.02216639369726181
72695,0.011951416730880737
72702,0.0051786224357783794
72709,0.009633470326662064
72716,0.006496182642877102
72723,0.005263263359665871
72730,0.004960129037499428
72737,0.01431654766201973
72744,0.006162725389003754
72751,0.006910213269293308
72758,0.0012826803140342236
72765,0.007253159303218126
72772,0.004677936434745789
72779,0.005108891986310482
72786,0.039240967482328415
72793,0.005472495220601559
72800,0.0059304009191691875
72807,0.008987059816718102
72814,0.053419072180986404
72821,0.003667018609121442
72828,0.007954256609082222
72835,0.00271601602435112
72842,0.013366326689720154
72849,0.014041249640285969
72856,0.007893186062574387
72863,0.042273927479982376
72870,0.10041462630033493
72877,0.01250115130096674
72884,0.010560572147369385
72891,0.0032346928492188454
72898,0.05038472265005112
72905,0.003478412749245763
72912,0.00474292878061533
72919,0.008405840024352074
72926,0.005306713283061981
72933,0.0038346298970282078
72940,0.005712420679628849
72947,0.01191721111536026
72954,0.014578640460968018
72961,0.009170912206172943
72968,0.005073880776762962
72975,0.007283632643520832
72982,0.006238538771867752
72989,0.0030601497273892164
72996,0.011939039453864098
73003,0.0028274403885006905
73010,0.010042097419500351
73017,0.0027828561142086983
73024,0.006604018621146679
73031,0.011398020200431347
73038,0.007106155622750521
73045,0.00710580637678504
73052,0.007018041331321001
73059,0.10506632924079895
73066,0.005542408209294081
73073,0.005681588314473629
73080,0.10515090823173523
73087,0.059623897075653076
73094,0.08921395987272263
73101,0.005368104204535484
73108,0.07246983051300049
73115,0.005103640723973513
73122,0.01175864227116108
73129,0.0033848416060209274
73136,0.0038736036513000727
73143,0.007742417044937611
73150,0.006151142530143261
73157,0.0033642868511378765
73164,0.03951514512300491
73171,0.0057667577639222145
73178,0.007877600379288197
73185,0.005767561960965395
73192,0.003395730396732688
73199,0.006190952844917774
73206,0.01250368356704712
73213,0.009808389469981194
73220,0.0053255390375852585
73227,0.08175934851169586
73234,0.008349127136170864
73241,0.16039416193962097
73248,0.006671013776212931
73255,0.006010260432958603
73262,0.0035455506294965744
73269,0.010225680656731129
73276,0.01662927307188511
73283,0.0055021680891513824
73290,0.0056231324560940266
73297,0.003906390629708767
73304,0.009236885234713554
73311,0.006754693575203419
73318,0.016780510544776917
73325,0.004323468077927828
73332,0.004624045453965664
73339,0.14805801212787628
73346,0.006319280248135328
73353,0.005539360456168652
73360,0.0070408182218670845
73367,0.04720466583967209
73374,0.028622688725590706
73381,0.010105686262249947
73388,0.0049051642417907715
73395,0.003473574761301279
73402,0.003202777821570635
73409,0.00759678240865469
73416,0.009578350931406021
73423,0.007538625039160252
73430,0.012983068823814392
73437,0.006952459458261728
73444,0.0033486527390778065
73451,0.009007181040942669
73458,0.00880433153361082
73465,0.012515685521066189
73472,0.00928372610360384
73479,0.011817390099167824
73486,0.012119390070438385
73493,0.012071882374584675
73500,0.003992062993347645
73507,0.005141159985214472
73514,0.13428077101707458
73521,0.009815423749387264
73528,0.007318249903619289
73535,0.003575759707018733
73542,0.17073962092399597
73549,0.004679732024669647
73556,0.15554635226726532
73563,0.006117437966167927
73570,0.07122904807329178
73577,0.004856051877140999
73584,0.015200046822428703
73591,0.007854672148823738
73598,0.11606490612030029
73605,0.01484156958758831
73612,0.21213285624980927
73619,0.01549462415277958
73626,0.011519896797835827
73633,0.005540167912840843
73640,0.005061906762421131
73647,0.010029228404164314
73654,0.0040032328106462955
73661,0.007081371732056141
73668,0.010495252907276154
73675,0.0029262928292155266
73682,0.01350022479891777
73689,0.005543401464819908
73696,0.015664968639612198
73703,0.013764716684818268
73710,0.006754945032298565
73717,0.007556071039289236
73724,0.009724797680974007
73731,0.01833895780146122
73738,0.006461275275796652
73745,0.008161612786352634
73752,0.010737413540482521
73759,0.10194069147109985
73766,0.0035281958989799023
73773,0.004282368812710047
73780,0.004020234569907188
73787,0.025980744510889053
73794,0.011250237002968788
73801,0.016270853579044342
73808,0.004030834883451462
73815,0.006827108096331358
73822,0.0030295972246676683
73829,0.007862667553126812
73836,0.07785405218601227
73843,0.00983484461903572
73850,0.009498868137598038
73857,0.006999904755502939
73864,0.006708505097776651
73871,0.007377284578979015
73878,0.021365784108638763
73885,0.002791024511680007
73892,0.014995125122368336
73899,0.11695578694343567
73906,0.11108676344156265
73913,0.004362494684755802
73920,0.007583982311189175
73927,0.08252359181642532
73934,0.00450717331841588
73941,0.015376608818769455
73948,0.11553739756345749
73955,0.0027879001572728157
73962,0.006304748356342316
73969,0.010004784911870956
73976,0.006069758906960487
73983,0.008366294205188751
73990,0.00548483245074749
73997,0.010544465854763985
74004,0.01747843809425831
74011,0.010929391719400883
74018,0.13151517510414124
74025,0.008160862140357494
74032,0.008217284455895424
74039,0.004308562725782394
74046,0.008091418072581291
74053,0.11958765238523483
74060,0.002888484625145793
74067,0.00489665474742651
74074,0.07329265773296356
74081,0.005673557985574007
74088,0.003742074593901634
74095,0.009265760891139507
74102,0.12463688105344772
74109,0.005775141064077616
74116,0.0034387889318168163
74123,0.003475617151707411
74130,0.0067221010103821754
74137,0.003356003202497959
74144,0.012923650443553925
74151,0.01053583063185215
74158,0.005906406324356794
74165,0.14254061877727509
74172,0.054552532732486725
74179,0.01027232687920332
74186,0.014267000369727612
74193,0.006133231334388256
74200,0.00797670055180788
74207,0.004877399653196335
74214,0.014412964694201946
74221,0.019404351711273193
74228,0.00943684484809637
74235,0.005921588279306889
74242,0.0124381547793746
74249,0.006241819821298122
74256,0.11824475228786469
74263,0.006587769836187363
74270,0.004760251380503178
74277,0.017325762659311295
74284,0.01202426664531231
74291,0.008595133200287819
74298,0.008276376873254776
74305,0.020110176876187325
74312,0.008761851117014885
74319,0.004290863871574402
74326,0.09545917063951492
74333,0.002801373600959778
74340,0.004313791636377573
74347,0.18382300436496735
74354,0.01753663644194603
74361,0.011816073209047318
74368,0.007896089926362038
74375,0.003080001100897789
74382,0.008706473745405674
74389,0.0774342268705368
74396,0.1201903447508812
74403,0.020222464576363564
74410,0.010693454183638096
74417,0.006873264443129301
74424,0.00742296501994133
74431,0.0044844141229987144
74438,0.11298565566539764
74445,0.10500825196504593
74452,0.009413420222699642
74459,0.0016309496713802218
74466,0.006050847936421633
74473,0.006800401955842972
74480,0.008914437144994736
74487,0.010567438788712025
74494,0.007425746414810419
74501,0.007979806512594223
74508,0.002108499640598893
74515,0.004678880795836449
74522,0.17413882911205292
74529,0.01384885422885418
74536,0.023439284414052963
74543,0.010324805974960327
74550,0.09078221768140793
74557,0.003279996570199728
74564,0.006258027628064156
74571,0.00856682937592268
74578,0.015191239304840565
74585,0.07352293282747269
74592,0.005980086047202349
74599,0.010146894492208958
74606,0.00400096271187067
74613,0.1352703869342804
74620,0.0046236212365329266
74627,0.008353044278919697
74634,0.006549895275384188
74641,0.00491770263761282
74648,0.009479420259594917
74655,0.127191424369812
74662,0.006928049027919769
74669,0.003031420987099409
74676,0.01082606054842472
74683,0.011932119727134705
74690,0.010424476116895676
74697,0.013608715496957302
74704,0.030152324587106705
74711,0.004113608971238136
74718,0.0070507763884961605
74725,0.019281215965747833
74732,0.0027837581001222134
74739,0.007012162357568741
74746,0.1310933381319046
74753,0.014589492231607437
74760,0.002198644448071718
74767,0.009898150339722633
74774,0.2718594968318939
74781,0.006531928200274706
74788,0.012751107104122639
74795,0.003116944804787636
74802,0.005671389400959015
74809,0.0035370246041566133
74816,0.1450892835855484
74823,0.012251032516360283
74830,0.012916767969727516
74837,0.013258279301226139
74844,0.007125417236238718
74851,0.005015837959945202
74858,0.011689952574670315
74865,0.0050756847485899925
74872,0.008050328120589256
74879,0.004901823587715626
74886,0.03922984004020691
74893,0.07046791911125183
74900,0.003857188858091831
74907,0.006532197818160057
74914,0.007513971067965031
74921,0.004733750596642494
74928,0.0066439020447432995
74935,0.14622673392295837
74942,0.00804943684488535
74949,0.0052795629017055035
74956,0.00469260523095727
74963,0.008251765742897987
74970,0.004551525227725506
74977,0.007951316423714161
74984,0.032575950026512146
74991,0.009690412320196629
74998,0.006649382412433624
75005,0.0035513793118298054
75012,0.007701899390667677
75019,0.009027447551488876
75026,0.0068349228240549564
75033,0.011361430399119854
75040,0.006101780571043491
75047,0.0043610213324427605
75054,0.06821577996015549
75061,0.017720799893140793
75068,0.0059448471292853355
75075,0.0038856349419802427
75082,0.17998546361923218
75089,0.006619567051529884
75096,0.007205798290669918
75103,0.003771119751036167
75110,0.00651064096018672
75117,0.009577007964253426
75124,0.008478323929011822
75131,0.1595434993505478
75138,0.006035846658051014
75145,0.014508189633488655
75152,0.0071670180186629295
75159,0.1130322813987732
75166,0.006612719502300024
75173,0.01092844270169735
75180,0.10972117632627487
75187,0.009431268088519573
75194,0.004175806883722544
75201,0.006320277228951454
75208,0.006712046451866627
75215,0.01551041565835476
75222,0.01005124393850565
75229,0.01403980702161789
75236,0.006531381048262119
75243,0.004019239917397499
75250,0.004798972047865391
75257,0.008154914714396
75264,0.005726790055632591
75271,0.00472851051017642
75278,0.008451536297798157
75285,0.0015600265469402075
75292,0.012661242857575417
75299,0.0028915477450937033
75306,0.005555308423936367
75313,0.00918749999254942
75320,0.006941689644008875
75327,0.004910192918032408
75334,0.008856997825205326
75341,0.13120725750923157
75348,0.010075097903609276
75355,0.010667622089385986
75362,0.007342872675508261
75369,0.00487824622541666
75376,0.007258323952555656
75383,0.010749056935310364
75390,0.00609599519520998
75397,0.012291536666452885
75404,0.04222697392106056
75411,0.004889548756182194
75418,0.007967086508870125
75425,0.005907190963625908
75432,0.007969876751303673
75439,0.008953697979450226
75446,0.003039106260985136
75453,0.007353575900197029
75460,0.01776324212551117
75467,0.017034173011779785
75474,0.008431673049926758
75481,0.005425195675343275
75488,0.008775835856795311
75495,0.016328362748026848
75502,0.008677735924720764
75509,0.005723627284169197
75516,0.1737372875213623
75523,0.1564382165670395
75530,0.012212002649903297
75537,0.13125012814998627
75544,0.0057328203693032265
75551,0.010280602611601353
75558,0.010984569787979126
75565,0.014290696009993553
75572,0.00908578559756279
75579,0.012233457528054714
75586,0.017235539853572845
75593,0.014872957020998001
75600,0.012402293272316456
75607,0.009382670745253563
75614,0.007359520997852087
75621,0.009023826569318771
75628,0.002193035325035453
75635,0.010893313214182854
75642,0.006425928790122271
75649,0.008424952626228333
75656,0.2671179175376892
75663,0.019532915204763412
75670,0.006828372832387686
75677,0.00892985612154007
75684,0.007843542844057083
75691,0.007864920422434807
75698,0.005818556994199753
75705,0.09847946465015411
75712,0.012437369674444199
75719,0.004802466370165348
75726,0.0072701252065598965
75733,0.0022991467267274857
75740,0.009308459237217903
75747,0.014004028402268887
75754,0.057266637682914734
75761,0.01055192481726408
75768,0.005695421248674393
75775,0.004641316831111908
75782,0.005172391422092915
75789,0.009006142616271973
75796,0.16253115236759186
75803,0.0034142532385885715
75810,0.01023817528039217
75817,0.00869301799684763
75824,0.008961839601397514
75831,0.09031641483306885
75838,0.0025625075213611126
75845,0.004398082848638296
75852,0.0891333520412445
75859,0.06019479036331177
75866,0.005074153654277325
75873,0.0184047669172287
75880,0.007307245396077633
75887,0.0027757305651903152
75894,0.005249730311334133
75901,0.009929506108164787
75908,0.008090145885944366
75915,0.006253661122173071
75922,0.005015132017433643
75929,0.010213951580226421
75936,0.06845474988222122
75943,0.0059968093410134315
75950,0.003148941323161125
75957,0.011431720107793808
75964,0.003509732661768794
75971,0.011172086000442505
75978,0.007993139326572418
75985,0.004599789623171091
75992,0.004861240275204182
75999,0.00358194625005126
76006,0.010314003564417362
76013,0.00596294179558754
76020,0.06822575628757477
76027,0.008244529366493225
76034,0.16631270945072174
76041,0.004060440231114626
76048,0.005109505727887154
76055,0.018410442396998405
76062,0.20792022347450256
76069,0.00534421019256115
76076,0.010770997032523155
76083,0.23151278495788574
76090,0.005630571395158768
76097,0.015201928094029427
76104,0.009903559461236
76111,0.00280957343056798
76118,0.019235286861658096
76125,0.004220562055706978
76132,0.012360040098428726
76139,0.007776536513119936
76146,0.008868435397744179
76153,0.007047262042760849
76160,0.00615236721932888
76167,0.1096050888299942
76174,0.0049527231603860855
76181,0.159760981798172
76188,0.005705498158931732
76195,0.06389191001653671
76202,0.014008654281497002
76209,0.007148060016334057
76216,0.008845234289765358
76223,0.00761891296133399
76230,0.013095119036734104
76237,0.005259491968899965
76244,0.0031487715896219015
76251,0.005574251525104046
76258,0.009991561062633991
76265,0.10651065409183502
76272,0.015098621137440205
76279,0.13334642350673676
76286,0.009027127176523209
76293,0.011179091408848763
76300,0.007061167620122433
76307,0.009612726047635078
76314,0.010970894247293472
76321,0.013783528469502926
76328,0.008030206896364689
76335,0.009840046055614948
76342,0.004343658220022917
76349,0.024832723662257195
76356,0.11612119525671005
76363,0.010007612407207489
76370,0.029105843976140022
76377,0.10071148723363876
76384,0.006324872374534607
76391,0.009530426934361458
76398,0.04180695861577988
76405,0.006233378313481808
76412,0.01761799119412899
76419,0.00958259217441082
76426,0.00438724784180522
76433,0.004230583552271128
76440,0.005126842763274908
76447,0.007092769257724285
76454,0.0027017227839678526
76461,0.14985370635986328
76468,0.00334855611436069
76475,0.0030389975290745497
76482,0.002961603458970785
76489,0.004783560521900654
76496,0.009794199839234352
76503,0.00992082990705967
76510,0.004626113921403885
76517,0.00811733677983284
76524,0.004399644676595926
76531,0.060864076018333435
76538,0.0027832030318677425
76545,0.008083767257630825
76552,0.0072911144234240055
76559,0.0038104450795799494
76566,0.00429745577275753
76573,0.009791676886379719
76580,0.021012168377637863
76587,0.0059147183783352375
76594,0.026546981185674667
76601,0.006571769714355469
76608,0.002009648596867919
76615,0.017240116372704506
76622,0.007222550455480814
76629,0.004270782694220543
76636,0.0018784813582897186
76643,0.015696382150053978
76650,0.012297237291932106
76657,0.0038256251718848944
76664,0.007121260743588209
76671,0.00692834472283721
76678,0.013544047251343727
76685,0.012877773493528366
76692,0.08711953461170197
76699,0.0051830830052495
76706,0.0022002991754561663
76713,0.004899379797279835
76720,0.0030011963099241257
76727,0.0685698613524437
76734,0.005562418606132269
76741,0.008721484802663326
76748,0.01398823969066143
76755,0.00472273537889123
76762,0.009037567302584648
76769,0.012539771385490894
76776,0.08803007006645203
76783,0.08079573512077332
76790,0.004575799219310284
76797,0.00331415724940598
76804,0.020615946501493454
76811,0.016306482255458832
76818,0.009096899069845676
76825,0.005674390122294426
76832,0.008034461177885532
76839,0.005583127960562706
76846,0.006382213905453682
76853,0.012117642909288406
76860,0.00808599591255188
76867,0.007528007961809635
76874,0.0060041677206754684
76881,0.0031916964799165726
76888,0.007064054720103741
76895,0.02365737408399582
76902,0.011935490183532238
76909,0.006059332750737667
76916,0.004834857769310474
76923,0.0034971479326486588
76930,0.011048512533307076
76937,0.003141037654131651
76944,0.0036098076961934566
76951,0.003330131759867072
76958,0.0022109556011855602
76965,0.007636711932718754
76972,0.13537754118442535
76979,0.002414257265627384
76986,0.005922161042690277
76993,0.09871398657560349
77000,0.004433369264006615
77007,0.0097360173240304
77014,0.13130144774913788
77021,0.00765237957239151
77028,0.004948023706674576
77035,0.004250423051416874
77042,0.14945629239082336
77049,0.014666479080915451
77056,0.008972957730293274
77063,0.004616750869899988
77070,0.012616786174476147
77077,0.008613165467977524
77084,0.005497784819453955
77091,0.006782867945730686
77098,0.024314522743225098
77105,0.011530802585184574
77112,0.0027793608605861664
77119,0.004096755757927895
77126,0.0028180484659969807
77133,0.013887837529182434
77140,0.003546765074133873
77147,0.008088165894150734
77154,0.009322275407612324
77161,0.04554661363363266
77168,0.012513188645243645
77175,0.004944772459566593
77182,0.006454790011048317
77189,0.008337972685694695
77196,0.25924423336982727
77203,0.002160284435376525
77210,0.00263245333917439
77217,0.0040000928565859795
77224,0.0015737367793917656
77231,0.004958244506269693
77238,0.004618732258677483
77245,0.00553404213860631
77252,0.00973730068653822
77259,0.004481404088437557
77266,0.0038890999276190996
77273,0.005712570622563362
77280,0.009834024123847485
77287,0.004756574518978596
77294,0.003211831208318472
77301,0.00788056943565607
77308,0.006572378799319267
77315,0.015962699428200722
77322,0.006575987674295902
77329,0.005153236910700798
77336,0.16041021049022675
77343,0.005245755426585674
77350,0.007097544148564339
77357,0.006135447882115841
77364,0.06922597438097
77371,0.011420667171478271
77378,0.053794268518686295
77385,0.0031023540068417788
77392,0.012073080986738205
77399,0.007680060807615519
77406,0.05446649715304375
77413,0.011960410512983799
77420,0.009290547110140324
77427,0.007436428684741259
77434,0.1879313886165619
77441,0.11144397407770157
77448,0.017563655972480774
77455,0.0072997622191905975
77462,0.012218644842505455
77469,0.0020359461195766926
77476,0.011752387508749962
77483,0.0060770874843001366
77490,0.018978063017129898
77497,0.004542057868093252
77504,0.1868363320827484
77511,0.02002396062016487
77518,0.009402148425579071
77525,0.004110685084015131
77532,0.16543328762054443
77539,0.0073561230674386024
77546,0.007753700949251652
77553,0.007222702726721764
77560,0.05216279998421669
77567,0.012244102545082569
77574,0.009666630998253822
77581,0.0035588699392974377
77588,0.007923651486635208
77595,0.005389571189880371
77602,0.006261842790991068
77609,0.015281837433576584
77616,0.007933810353279114
77623,0.0035892981104552746
77630,0.008637422695755959
77637,0.0064280228689312935
77644,0.011458427645266056
77651,0.004333747550845146
77658,0.031416162848472595
77665,0.012669100426137447
77672,0.10008618235588074
77679,0.011123888194561005
77686,0.008841941133141518
77693,0.0060867806896567345
77700,0.01057645957916975
77707,0.013871957547962666
77714,0.021414898335933685
77721,0.027143290266394615
77728,0.002394027542322874
77735,0.010529184713959694
77742,0.01833184063434601
77749,0.005243685562163591
77756,0.004749826155602932
77763,0.016585789620876312
77770,0.0031113377772271633
77777,0.11208547651767731
77784,0.09334348887205124
77791,0.0071604494005441666
77798,0.0025345266330987215
77805,0.0042129396460950375
77812,0.012812535278499126
77819,0.08723228424787521
77826,0.054959915578365326
77833,0.003106348216533661
77840,0.012768343091011047
77847,0.02443140558898449
77854,0.02453121542930603
77861,0.013033319264650345
77868,0.17234589159488678
77875,0.005067240446805954
77882,0.0067524174228310585
77889,0.0031916052103042603
77896,0.022807527333498
77903,0.013651547953486443
77910,0.007435062900185585
77917,0.025086818262934685
77924,0.010852595791220665
77931,0.0033028405159711838
77938,0.011948442086577415
77945,0.13356594741344452
77952,0.010238682851195335
77959,0.006766379810869694
77966,0.019535589963197708
77973,0.012675401754677296
77980,0.010177540592849255
77987,0.0038734176196157932
77994,0.022341040894389153
78001,0.010544336400926113
78008,0.003425187198445201
78015,0.014982122927904129
78022,0.010916108265519142
78029,0.16726338863372803
78036,0.003783153835684061
78043,0.006687081418931484
78050,0.003716021543368697
78057,0.19741015136241913
78064,0.006060631014406681
78071,0.08359388262033463
78078,0.006072093266993761
78085,0.002809935249388218
78092,0.10812364518642426
78099,0.002190451370552182
78106,0.01295725628733635
78113,0.009120194241404533
78120,0.006027871742844582
78127,0.0016944714589044452
78134,0.016405006870627403
78141,0.008682585321366787
78148,0.004835940897464752
78155,0.00829280074685812
78162,0.0037174499593675137
78169,0.009928899817168713
78176,0.004633725620806217
78183,0.016827646642923355
78190,0.011185036972165108
78197,0.015807874500751495
78204,0.011873739771544933
78211,0.006144138518720865
78218,0.01692906953394413
78225,0.01046057976782322
78232,0.006587688811123371
78239,0.004499047063291073
78246,0.0924505889415741
78253,0.0050215651281178
78260,0.005097748711705208
78267,0.098475381731987
78274,0.007137262262403965
78281,0.0015719153452664614
78288,0.014316035434603691
78295,0.010281452909111977
78302,0.00639032106846571
78309,0.008474117144942284
78316,0.004385154694318771
78323,0.01606273464858532
78330,0.009784516878426075
78337,0.006619117222726345
78344,0.016175415366888046
78351,0.00421510636806488
78358,0.016430504620075226
78365,0.004444654565304518
78372,0.003423444228246808
78379,0.003932026214897633
78386,0.011992106214165688
78393,0.008827350102365017
78400,0.0036344677209854126
78407,0.007443996146321297
78414,0.15622901916503906
78421,0.006624110043048859
78428,0.13027642667293549
78435,0.006349892355501652
78442,0.0071671344339847565
78449,0.1297626495361328
78456,0.02727222815155983
78463,0.010438972152769566
78470,0.005406643729656935
78477,0.006358513608574867
78484,0.0049706120043993
78491,0.008323004469275475
78498,0.007957762107253075
78505,0.006030156277120113
78512,0.007332704961299896
78519,0.004006937146186829
78526,0.006215277127921581
78533,0.14584453403949738
78540,0.10096676647663116
78547,0.01027180626988411
78554,0.007989850826561451
78561,0.010933104902505875
78568,0.004514547996222973
78575,0.006793485023081303
78582,0.028662530705332756
78589,0.04387403652071953
78596,0.0847235769033432
78603,0.003454115241765976
78610,0.0042808870784938335
78617,0.005468104965984821
78624,0.004669038578867912
78631,0.008433951996266842
78638,0.005030793137848377
78645,0.022691216319799423
78652,0.17308129370212555
78659,0.004874744452536106
78666,0.0037882663309574127
78673,0.001772988005541265
78680,0.00882917083799839
78687,0.09877260774374008
78694,0.00440614577382803
78701,0.08770400285720825
78708,0.004463297314941883
78715,0.004284992814064026
78722,0.008366284891963005
78729,0.006124825682491064
78736,0.09267816692590714
78743,0.13096988201141357
78750,0.005911010317504406
78757,0.007273353636264801
78764,0.004488627426326275
78771,0.002043332438915968
78778,0.04059094190597534
78785,0.0054014939814805984
78792,0.004126701038330793
78799,0.004859081469476223
78806,0.007276248186826706
78813,0.0046731759794056416
78820,0.008587293326854706
78827,0.008962327614426613
78834,0.008844408206641674
78841,0.0034569280687719584
78848,0.00565982423722744
78855,0.17763376235961914
78862,0.0024664574302732944
78869,0.013139679096639156
78876,0.0028765047900378704
78883,0.005076632834970951
78890,0.005397769622504711
78897,0.020108601078391075
78904,0.008722390048205853
78911,0.006768458988517523
78918,0.004134481772780418
78925,0.00941956415772438
78932,0.006930898409336805
78939,0.007869746536016464
78946,0.06928431242704391
78953,0.0061263469979166985
78960,0.003241870552301407
78967,0.007814740762114525
78974,0.0023047365248203278
78981,0.01632152497768402
78988,0.016415707767009735
78995,0.001713369507342577
79002,0.0014045692514628172
79009,0.007448167540132999
79016,0.013685286976397038
79023,0.17012035846710205
79030,0.005142327398061752
79037,0.0035193422809243202
79044,0.004724480211734772
79051,0.002226218581199646
79058,0.0018235137686133385
79065,0.007585597224533558
79072,0.01664961501955986
79079,0.15246699750423431
79086,0.015199616551399231
79093,0.009919536300003529
79100,0.007434390019625425
79107,0.35199788212776184
79114,0.00411475682631135
79121,0.011596869677305222
79128,0.008041981607675552
79135,0.018490474671125412
79142,0.012203514575958252
79149,0.009282568469643593
79156,0.010481098666787148
79163,0.10625120252370834
79170,0.010025599971413612
79177,0.007991517893970013
79184,0.010732326656579971
79191,0.004903821274638176
79198,0.004422392696142197
79205,0.005685522221028805
79212,0.003774019656702876
79219,0.010456747375428677
79226,0.017417607828974724
79233,0.009008200839161873
79240,0.08382143080234528
79247,0.007570329122245312
79254,0.0021815579384565353
79261,0.005210273899137974
79268,0.004426499828696251
79275,0.008782310411334038
79282,0.007459631655365229
79289,0.005926921032369137
79296,0.046019621193408966
79303,0.002045120345428586
79310,0.01090843416750431
79317,0.06513603776693344
79324,0.018628735095262527
79331,0.007545849308371544
79338,0.0049705300480127335
79345,0.00867652241140604
79352,0.005577707197517157
79359,0.00954051036387682
79366,0.005316770635545254
79373,0.020974211394786835
79380,0.0025896094739437103
79387,0.007696435786783695
79394,0.010813042521476746
79401,0.008917186409235
79408,0.005510204005986452
79415,0.011598116718232632
79422,0.08518089354038239
79429,0.002641065511852503
79436,0.004981650039553642
79443,0.008424893021583557
79450,0.006629458628594875
79457,0.009759675711393356
79464,0.007643162272870541
79471,0.008097374811768532
79478,0.01426905207335949
79485,0.014227076433598995
79492,0.019048258662223816
79499,0.003813306801021099
79506,0.015109071508049965
79513,0.004587947390973568
79520,0.008207851089537144
79527,0.006496864836663008
79534,0.010623760521411896
79541,0.013583946973085403
79548,0.014409295283257961
79555,0.0036843656562268734
79562,0.009979349561035633
79569,0.002408935222774744
79576,0.005431508645415306
79583,0.013913800939917564
79590,0.015768151730298996
79597,0.00356042617931962
79604,0.00245959241874516
79611,0.010529749095439911
79618,0.00786604918539524
79625,0.0056648217141628265
79632,0.02512943185865879
79639,0.004287694580852985
79646,0.004532269202172756
79653,0.002076695905998349
79660,0.03979635611176491
79667,0.006379233673214912
79674,0.008636033162474632
79681,0.0073327538557350636
79688,0.01497434638440609
79695,0.003733474761247635
79702,0.002483618911355734
79709,0.009034811519086361
79716,0.012485823594033718
79723,0.11264683306217194
79730,0.00465819425880909
79737,0.02247142419219017
79744,0.006989987101405859
79751,0.08337090164422989
79758,0.0034603432286530733
79765,0.0064103673212230206
79772,0.0062484946101903915
79779,0.005189561750739813
79786,0.006221042945981026
79793,0.007277406752109528
79800,0.008961719460785389
79807,0.08008050918579102
79814,0.0058837765827775
79821,0.20872719585895538
79828,0.03800563886761665
79835,0.0027522339951246977
79842,0.0021531933452934027
79849,0.0031296778470277786
79856,0.02244141697883606
79863,0.003808633890002966
79870,0.00933974701911211
79877,0.00791147630661726
79884,0.011919522657990456
79891,0.0686374232172966
79898,0.005576737225055695
79905,0.010525356978178024
79912,0.008657403290271759
79919,0.003336596302688122
79926,0.00678821187466383
79933,0.022361092269420624
79940,0.03590256720781326
79947,0.01313237939029932
79954,0.005818851292133331
79961,0.009269095957279205
79968,0.006582856643944979
79975,0.005552356597036123
79982,0.011639117263257504
79989,0.01281650923192501
79996,0.007782069034874439
80003,0.006075364537537098
80010,0.00886609684675932
80017,0.0050237965770065784
80024,0.12636113166809082
80031,0.007409835234284401
80038,0.11069605499505997
80045,0.009785715490579605
80052,0.00876377522945404
80059,0.007192968390882015
80066,0.0031938664615154266
80073,0.00928487628698349
80080,0.002832275815308094
80087,0.011756143532693386
80094,0.008343426510691643
80101,0.009820416569709778
80108,0.013329239562153816
80115,0.01213203277438879
80122,0.004018248990178108
80129,0.0060372320003807545
80136,0.004156424663960934
80143,0.2022847682237625
80150,0.008978337980806828
80157,0.004626803565770388
80164,0.0070382594130933285
80171,0.012703989632427692
80178,0.007018180564045906
80185,0.14589175581932068
80192,0.01029517687857151
80199,0.0043413108214735985
80206,0.008770862594246864
80213,0.14117300510406494
80220,0.010845793411135674
80227,0.002398942830041051
80234,0.010126513428986073
80241,0.0027682208456099033
80248,0.0032205316238105297
80255,0.0020031321328133345
80262,0.002331541385501623
80269,0.004851716570556164
80276,0.0027258628979325294
80283,0.004003150388598442
80290,0.0034891730174422264
80297,0.0037571112625300884
80304,0.0021050716750323772
80311,0.002596210688352585
80318,0.005396567285060883
80325,0.004362524952739477
80332,0.003504395019263029
80339,0.003133960533887148
80346,0.015259732492268085
80353,0.055357858538627625
80360,0.03656787797808647
80367,0.006737903226166964
80374,0.087982676923275
80381,0.13390320539474487
80388,0.015574607998132706
80395,0.005592901259660721
80402,0.003968433476984501
80409,0.00939149223268032
80416,0.006547417026013136
80423,0.06706883013248444
80430,0.10082706063985825
80437,0.0068414341658353806
80444,0.005316857248544693
80451,0.009198589250445366
80458,0.007442179135978222
80465,0.05199830234050751
80472,0.009831885807216167
80479,0.003409532830119133
80486,0.00598805770277977
80493,0.006734541617333889
80500,0.05181103199720383
80507,0.007779278326779604
80514,0.004189696162939072
80521,0.0031803299207240343
80528,0.018725762143731117
80535,0.004887440707534552
80542,0.16422873735427856
80549,0.00385097018443048
80556,0.0032828906551003456
80563,0.003734087571501732
80570,0.002872742945328355
80577,0.008791163563728333
80584,0.014762514270842075
80591,0.04962094873189926
80598,0.006748688407242298
80605,0.007084975950419903
80612,0.002731918590143323
80619,0.015214616432785988
80626,0.0030228914692997932
80633,0.12413468956947327
80640,0.006795914378017187
80647,0.011024169623851776
80654,0.004100127145648003
80661,0.005283297970890999
80668,0.007459226064383984
80675,0.11116413027048111
80682,0.006883005611598492
80689,0.003794515272602439
80696,0.0037377988919615746
80703,0.005389166995882988
80710,0.006293586455285549
80717,0.01339777372777462
80724,0.01509653776884079
80731,0.005457812454551458
80738,0.004255152773112059
80745,0.11768098175525665
80752,0.008516861125826836
80759,0.15582920610904694
80766,0.008606445044279099
80773,0.0046648685820400715
80780,0.0023808388505131006
80787,0.18648163974285126
80794,0.008311139419674873
80801,0.013477200642228127
80808,0.0031697992235422134
80815,0.1974731683731079
80822,0.007067607715725899
80829,0.011379812844097614
80836,0.08179318904876709
80843,0.006355303805321455
80850,0.0065596746280789375
80857,0.06991363316774368
80864,0.007719497662037611
80871,0.002050742506980896
80878,0.01326026301831007
80885,0.005639452487230301
80892,0.004080074839293957
80899,0.00931609608232975
80906,0.10313402116298676
80913,0.015064125880599022
80920,0.004042729735374451
80927,0.0049095298163592815
80934,0.004745396785438061
80941,0.010794494301080704
80948,0.007920837961137295
80955,0.007070016115903854
80962,0.007829751819372177
80969,0.011027384549379349
80976,0.016588442027568817
80983,0.010075641795992851
80990,0.004337876103818417
80997,0.08495277911424637
81004,0.05576915666460991
81011,0.00535608408972621
81018,0.004331745207309723
81025,0.0863107442855835
81032,0.008713813498616219
81039,0.012002978473901749
81046,0.021271903067827225
81053,0.0040033841505646706
81060,0.010572806000709534
81067,0.015125403180718422
81074,0.006823251023888588
81081,0.00580512173473835
81088,0.014244753867387772
81095,0.00947966892272234
81102,0.0070938304997980595
81109,0.0053559280931949615
81116,0.011020195670425892
81123,0.011975405737757683
81130,0.006047098897397518
81137,0.0050976332277059555
81144,0.006246084347367287
81151,0.01992587372660637
81158,0.004820176400244236
81165,0.004652785137295723
81172,0.11245960742235184
81179,0.008466276340186596
81186,0.011556495912373066
81193,0.07308951020240784
81200,0.004540334455668926
81207,0.10553909093141556
81214,0.003121498739346862
81221,0.00982315931469202
81228,0.005570467095822096
81235,0.003822642145678401
81242,0.006889501586556435
81249,0.008235381916165352
81256,0.022597141563892365
81263,0.006841756869107485
81270,0.0027050659991800785
81277,0.0036602504551410675
81284,0.07709702849388123
81291,0.006710244342684746
81298,0.1206609383225441
81305,0.010627681389451027
81312,0.009841306135058403
81319,0.007227293681353331
81326,0.004795733839273453
81333,0.008070571348071098
81340,0.010282127186655998
81347,0.07457223534584045
81354,0.047308702021837234
81361,0.015893395990133286
81368,0.01237812452018261
81375,0.15817494690418243
81382,0.02007354237139225
81389,0.15434935688972473
81396,0.046182237565517426
81403,0.006173454690724611
81410,0.003060450777411461
81417,0.06898726522922516
81424,0.01598929613828659
81431,0.13435393571853638
81438,0.007876490242779255
81445,0.018559075891971588
81452,0.007005564868450165
81459,0.011828618124127388
81466,0.00267648883163929
81473,0.006963849533349276
81480,0.012188742868602276
81487,0.0011758178006857634
81494,0.007840278558433056
81501,0.0055374875664711
81508,0.0018048854544758797
81515,0.010276466608047485
81522,0.006398257799446583
81529,0.013445097021758556
81536,0.003860677592456341
81543,0.005996198393404484
81550,0.007050530519336462
81557,0.0076728989370167255
81564,0.004141954239457846
81571,0.06202801689505577
81578,0.007507609203457832
81585,0.008473018184304237
81592,0.009916966781020164
81599,0.1288357973098755
81606,0.011536089703440666
81613,0.005181824788451195
81620,0.009525759145617485
81627,0.005543433129787445
81634,0.008912197314202785
81641,0.006393970921635628
81648,0.005933247972279787
81655,0.008621415123343468
81662,0.007759924978017807
81669,0.18906670808792114
81676,0.014616047963500023
81683,0.0059572989121079445
81690,0.0028889544773846865
81697,0.003646803554147482
81704,0.004871302284300327
81711,0.00841959286481142
81718,0.00446284469217062
81725,0.007460467051714659
81732,0.01058307383209467
81739,0.0059043485671281815
81746,0.0058583421632647514
81753,0.0038070417940616608
81760,0.07691994309425354
81767,0.010397236794233322
81774,0.005345512647181749
81781,0.006749717518687248
81788,0.006014512851834297
81795,0.00913202203810215
81802,0.0057466765865683556
81809,0.002184682060033083
81816,0.004816608503460884
81823,0.0039670756086707115
81830,0.003134101629257202
81837,0.00841106940060854
81844,0.011385655030608177
81851,0.017677193507552147
81858,0.0062800003215670586
81865,0.00757871987298131
81872,0.008294801227748394
81879,0.004529141820967197
81886,0.0023180749267339706
81893,0.012526432052254677
81900,0.06806931644678116
81907,0.18528027832508087
81914,0.010569511912763119
81921,0.002478482201695442
81928,0.006714482791721821
81935,0.007417637854814529
81942,0.006637112703174353
81949,0.007074173539876938
81956,0.028165342286229134
81963,0.004756197798997164
81970,0.05870611220598221
81977,0.05676249414682388
81984,0.0035567102022469044
81991,0.21677380800247192
81998,0.01100446842610836
82005,0.004736345261335373
82012,0.007050611078739166
82019,0.0044296602718532085
82026,0.023603616282343864
82033,0.11867224425077438
82040,0.0055238124914467335
82047,0.004314082209020853
82054,0.16065657138824463
82061,0.13505156338214874
82068,0.005363213364034891
82075,0.012298766523599625
82082,0.01743784360587597
82089,0.007472969591617584
82096,0.0023742741905152798
82103,0.02648131735622883
82110,0.0038806553930044174
82117,0.004203494638204575
82124,0.005549601279199123
82131,0.01065826416015625
82138,0.012648941949009895
82145,0.03475673869252205
82152,0.012917311862111092
82159,0.009136144071817398
82166,0.008665061555802822
82173,0.0028575053438544273
82180,0.0676998645067215
82187,0.005796885583549738
82194,0.0033062673173844814
82201,0.0038258936256170273
82208,0.13251812756061554
82215,0.00582367368042469
82222,0.006033013574779034
82229,0.006390389055013657
82236,0.011343872174620628
82243,0.008464562706649303
82250,0.002150806365534663
82257,0.09873764961957932
82264,0.18310406804084778
82271,0.011533396318554878
82278,0.008610637858510017
82285,0.0941455066204071
82292,0.0037664317060261965
82299,0.0031965645030140877
82306,0.003228999674320221
82313,0.0044513302855193615
82320,0.005223060958087444
82327,0.010466872714459896
82334,0.009025033563375473
82341,0.007926033809781075
82348,0.0060285404324531555
82355,0.003358539193868637
82362,0.08775876462459564
82369,0.007147827185690403
82376,0.008563085459172726
82383,0.04220372438430786
82390,0.01670868694782257
82397,0.009026188403367996
82404,0.019037967547774315
82411,0.0051138317212462425
82418,0.013249196112155914
82425,0.003260180586948991
82432,0.06408952921628952
82439,0.006379176862537861
82446,0.07799161225557327
82453,0.0031280783005058765
82460,0.009779583662748337
82467,0.010936753824353218
82474,0.07931406795978546
82481,0.0076733860187232494
82488,0.006118267774581909
82495,0.02926499769091606
82502,0.00462505454197526
82509,0.02148236334323883
82516,0.00777298491448164
82523,0.006221388932317495
82530,0.00977860577404499
82537,0.008982453495264053
82544,0.0819900706410408
82551,0.015602701343595982
82558,0.0012487852945923805
82565,0.0058161597698926926
82572,0.0095827616751194
82579,0.01251472532749176
82586,0.0075751980766654015
82593,0.005906744860112667
82600,0.008399145677685738
82607,0.004861149936914444
82614,0.00813375599682331
82621,0.004090860486030579
82628,0.014108036644756794
82635,0.03376235067844391
82642,0.11594798415899277
82649,0.010395650751888752
82656,0.008366070687770844
82663,0.0030647562816739082
82670,0.008784995414316654
82677,0.010927809402346611
82684,0.0035263155587017536
82691,0.0222550667822361
82698,0.004397581331431866
82705,0.005806010216474533
82712,0.002487420802935958
82719,0.012011571787297726
82726,0.0035596294328570366
82733,0.09724380820989609
82740,0.001956290565431118
82747,0.006181863136589527
82754,0.005655068904161453
82761,0.012092174962162971
82768,0.006152024492621422
82775,0.006513988599181175
82782,0.015797186642885208
82789,0.011209702119231224
82796,0.025819335132837296
82803,0.010487735271453857
82810,0.042782217264175415
82817,0.010071303695440292
82824,0.013627752661705017
82831,0.003022486809641123
82838,0.003255183808505535
82845,0.027464652433991432
82852,0.008443785831332207
82859,0.059167105704545975
82866,0.011884625069797039
82873,0.008771752938628197
82880,0.01404369343072176
82887,0.24298642575740814
82894,0.004533815197646618
82901,0.005166554823517799
82908,0.026993215084075928
82915,0.006569608114659786
82922,0.011146388947963715
82929,0.008223112672567368
82936,0.004298737272620201
82943,0.007593273185193539
82950,0.010846493765711784
82957,0.00490812910720706
82964,0.010109953582286835
82971,0.00816076435148716
82978,0.013183374889194965
82985,0.12838642299175262
82992,0.007185525726526976
82999,0.002534150145947933
83006,0.010673780925571918
83013,0.013288873247802258
83020,0.007069891318678856
83027,0.005397050641477108
83034,0.009266423061490059
83041,0.005738154053688049
83048,0.09605301916599274
83055,0.0033301126677542925
83062,0.002860613167285919
83069,0.0054595279507339
83076,0.01317721139639616
83083,0.00966585986316204
83090,0.00671416474506259
83097,0.010481375269591808
83104,0.18937204778194427
83111,0.017467353492975235
83118,0.017679113894701004
83125,0.009589167311787605
83132,0.009680395945906639
83139,0.027505122125148773
83146,0.003238939680159092
83153,0.0028893733397126198
83160,0.15556061267852783
83167,0.008373493328690529
83174,0.00948955025523901
83181,0.0070310328155756
83188,0.01057713758200407
83195,0.005479181185364723
83202,0.006043657660484314
83209,0.008236981928348541
83216,0.012565418146550655
83223,0.005641094408929348
83230,0.00914775114506483
83237,0.013876358047127724
83244,0.00946707371622324
83251,0.002695562783628702
83258,0.006187723949551582
83265,0.010140759870409966
83272,0.006292005069553852
83279,0.006552191451191902
83286,0.00851854495704174
83293,0.006775352172553539
83300,0.009527935646474361
83307,0.003791305236518383
83314,0.005769906099885702
83321,0.045709870755672455
83328,0.17226853966712952
83335,0.005729644559323788
83342,0.007759572006762028
83349,0.020568234845995903
83356,0.003944209776818752
83363,0.004348276183009148
83370,0.004016071557998657
83377,0.010756421834230423
83384,0.003411866258829832
83391,0.026797767728567123
83398,0.0040403991006314754
83405,0.003981493413448334
83412,0.008397527039051056
83419,0.010794378817081451
83426,0.10607405006885529
83433,0.004653375595808029
83440,0.009424361400306225
83447,0.008570827543735504
83454,0.00822051614522934
83461,0.0179910771548748
83468,0.029865825548768044
83475,0.021434741094708443
83482,0.006246364209800959
83489,0.015124804340302944
83496,0.006062189117074013
83503,0.0013303416781127453
83510,0.06403771787881851
83517,0.1492270529270172
83524,0.019194819033145905
83531,0.019825536757707596
83538,0.009018036536872387
83545,0.010852587409317493
83552,0.005154091399163008
83559,0.11947572231292725
83566,0.01445705071091652
83573,0.040216028690338135
83580,0.006693449802696705
83587,0.009866147302091122
83594,0.009005526080727577
83601,0.011361604556441307
83608,0.010369672439992428
83615,0.0044946023263037205
83622,0.003984075505286455
83629,0.0691308081150055
83636,0.007011180277913809
83643,0.006571883801370859
83650,0.004897254519164562
83657,0.00720191141590476
83664,0.004866216331720352
83671,0.00757433520630002
83678,0.022182172164320946
83685,0.005371704697608948
83692,0.005929931066930294
83699,0.004783244803547859
83706,0.008435724303126335
83713,0.009164544753730297
83720,0.008080474101006985
83727,0.007543493527919054
83734,0.0040894681587815285
83741,0.23731409013271332
83748,0.006072032265365124
83755,0.006859899964183569
83762,0.003295628121122718
83769,0.006939008366316557
83776,0.048115383833646774
83783,0.005295104812830687
83790,0.0068693337962031364
83797,0.017875388264656067
83804,0.047895971685647964
83811,0.004528697580099106
83818,0.14987492561340332
83825,0.007690520957112312
83832,0.005505168344825506
83839,0.0021398402750492096
83846,0.005492120049893856
83853,0.003466191701591015
83860,0.003317073918879032
83867,0.022649826481938362
83874,0.006788576487451792
83881,0.005638772621750832
83888,0.004326708614826202
83895,0.09692645072937012
83902,0.006030971184372902
83909,0.008916554972529411
83916,0.0026858942583203316
83923,0.005955368280410767
83930,0.0034051313996315002
83937,0.007233876734972
83944,0.005812271032482386
83951,0.01460878737270832
83958,0.00920905452221632
83965,0.006763040088117123
83972,0.012765949591994286
83979,0.005635473877191544
83986,0.0038955635391175747
83993,0.004569629672914743
84000,0.00568965170532465
84007,0.09086685627698898
84014,0.005097754765301943
84021,0.003292384557425976
84028,0.004249545745551586
84035,0.031207220628857613
84042,0.009461772628128529
84049,0.007165976334363222
84056,0.007546811830252409
84063,0.012169086374342442
84070,0.005571375135332346
84077,0.016480278223752975
84084,0.018753154203295708
84091,0.19041815400123596
84098,0.007791152223944664
84105,0.00893153715878725
84112,0.007643948309123516
84119,0.012130538932979107
84126,0.005976360756903887
84133,0.005474891513586044
84140,0.0023963507264852524
84147,0.01347622275352478
84154,0.007854308933019638
84161,0.004972521681338549
84168,0.006224558223038912
84175,0.007956678979098797
84182,0.010530498810112476
84189,0.02562468685209751
84196,0.010625597089529037
84203,0.007942192256450653
84210,0.01242921408265829
84217,0.004946182481944561
84224,0.13830426335334778
84231,0.08715801686048508
84238,0.18779140710830688
84245,0.010522800497710705
84252,0.008443901315331459
84259,0.15741561353206635
84266,0.010533713735640049
84273,0.01312708854675293
84280,0.023788874968886375
84287,0.004617650061845779
84294,0.01973493956029415
84301,0.015036473050713539
84308,0.007148305885493755
84315,0.005823149345815182
84322,0.0058364770375192165
84329,0.06271536648273468
84336,0.004814782179892063
84343,0.017493341118097305
84350,0.007941275835037231
84357,0.004398711957037449
84364,0.006311808247119188
84371,0.005573664791882038
84378,0.009248432703316212
84385,0.00340954028069973
84392,0.02169838547706604
84399,0.008789066225290298
84406,0.009492038749158382
84413,0.002809121971949935
84420,0.004897722974419594
84427,0.013581134378910065
84434,0.011273490265011787
84441,0.010228516533970833
84448,0.012304992415010929
84455,0.007977720350027084
84462,0.02101844921708107
84469,0.004265000112354755
84476,0.007209375035017729
84483,0.017435558140277863
84490,0.0032371263951063156
84497,0.013267744332551956
84504,0.009287554770708084
84511,0.0024136421270668507
84518,0.03920193389058113
84525,0.008230195380747318
84532,0.011025841347873211
84539,0.028200505301356316
84546,0.009235241450369358
84553,0.01131761446595192
84560,0.011442628689110279
84567,0.015177595429122448
84574,0.009068521670997143
84581,0.004175698384642601
84588,0.012345138937234879
84595,0.0073191942647099495
84602,0.0049470458179712296
84609,0.00540532823652029
84616,0.0024421843700110912
84623,0.015575310215353966
84630,0.004164830781519413
84637,0.01281836349517107
84644,0.0041688112542033195
84651,0.007719654589891434
84658,0.0017284080386161804
84665,0.13106021285057068
84672,0.006145793944597244
84679,0.0582938976585865
84686,0.008185843005776405
84693,0.014187252148985863
84700,0.0022782436572015285
84707,0.03939633071422577
84714,0.0042080446146428585
84721,0.0025488249957561493
84728,0.002518379595130682
84735,0.010535446926951408
84742,0.003746684640645981
84749,0.014892688021063805
84756,0.024242160841822624
84763,0.04739866405725479
84770,0.00769838597625494
84777,0.005025907419621944
84784,0.10652687400579453
84791,0.00595101248472929
84798,0.00626805704087019
84805,0.010985665023326874
84812,0.004452645778656006
84819,0.00811455026268959
84826,0.002468051156029105
84833,0.0060901883989572525
84840,0.00693237641826272
84847,0.013025065883994102
84854,0.007080504205077887
84861,0.006328946445137262
84868,0.004541285336017609
84875,0.008873963728547096
84882,0.0036602052859961987
84889,0.0026491840835660696
84896,0.0026340957265347242
84903,0.0076736146584153175
84910,0.004083063919097185
84917,0.0033072405494749546
84924,0.003999808803200722
84931,0.002527528442442417
84938,0.013728871010243893
84945,0.010459598153829575
84952,0.005492883734405041
84959,0.01779230311512947
84966,0.02495013363659382
84973,0.007373886648565531
84980,0.0035390949342399836
84987,0.002543704118579626
84994,0.019455868750810623
85001,0.08815375715494156
85008,0.1379278004169464
85015,0.0035012513399124146
85022,0.003145928494632244
85029,0.022776544094085693
85036,0.003973731771111488
85043,0.004120707977563143
85050,0.017896853387355804
85057,0.013585006818175316
85064,0.02645747736096382
85071,0.007913141511380672
85078,0.007887570187449455
85085,0.008509459905326366
85092,0.0034693831112235785
85099,0.0029997455421835184
85106,0.004981819540262222
85113,0.008987797424197197
85120,0.009569496847689152
85127,0.008018888533115387
85134,0.16676948964595795
85141,0.0044513875618577
85148,0.0038707666099071503
85155,0.011378498747944832
85162,0.007489598356187344
85169,0.2034354954957962
85176,0.0032102479599416256
85183,0.011044708080589771
85190,0.006903285160660744
85197,0.0830816701054573
85204,0.004853664897382259
85211,0.005295527167618275
85218,0.010678046382963657
85225,0.0013789794174954295
85232,0.006640144158154726
85239,0.0058073196560144424
85246,0.00631529139354825
85253,0.001758816884830594
85260,0.0035752984695136547
85267,0.0069481139071285725
85274,0.009416124783456326
85281,0.16147251427173615
85288,0.028400341048836708
85295,0.005611751228570938
85302,0.007493794895708561
85309,0.005007519386708736
85316,0.02477499470114708
85323,0.0035419079940766096
85330,0.006186375860124826
85337,0.014392099343240261
85344,0.13190482556819916
85351,0.003235738957300782
85358,0.007154238410294056
85365,0.004308414179831743
85372,0.018487410619854927
85379,0.010061578825116158
85386,0.007780403830111027
85393,0.008776887319982052
85400,0.012293790467083454
85407,0.06279099732637405
85414,0.008177191950380802
85421,0.004322228021919727
85428,0.0608549602329731
85435,0.011333656497299671
85442,0.05952569842338562
85449,0.013767063617706299
85456,0.013195594772696495
85463,0.0045366426929831505
85470,0.01884622313082218
85477,0.00439339317381382
85484,0.007902633398771286
85491,0.009150348603725433
85498,0.010144716128706932
85505,0.003047824604436755
85512,0.008431032299995422
85519,0.012649689801037312
85526,0.018612928688526154
85533,0.0065255616791546345
85540,0.005517610348761082
85547,0.007469494827091694
85554,0.00903206504881382
85561,0.006128862500190735
85568,0.003485403023660183
85575,0.10527203232049942
85582,0.002474054228514433
85589,0.023727592080831528
85596,0.011685088276863098
85603,0.012699685990810394
85610,0.008085541427135468
85617,0.006538732443004847
85624,0.006588389631360769
85631,0.009635408408939838
85638,0.02450013905763626
85645,0.015794163569808006
85652,0.004993530921638012
85659,0.004135870840400457
85666,0.002561544766649604
85673,0.009965210221707821
85680,0.0021165944635868073
85687,0.004721198696643114
85694,0.1338769644498825
85701,0.004894956015050411
85708,0.0037456031423062086
85715,0.009998410940170288
85722,0.004508860409259796
85729,0.015057135373353958
85736,0.09527770429849625
85743,0.007217874750494957
85750,0.008605267852544785
85757,0.0024162596091628075
85764,0.005214736796915531
85771,0.005687955766916275
85778,0.011890782974660397
85785,0.010210329666733742
85792,0.008937306702136993
85799,0.005055944435298443
85806,0.0032229777425527573
85813,0.003586845938116312
85820,0.06414452940225601
85827,0.07945816963911057
85834,0.004089565481990576
85841,0.1495213508605957
85848,0.011441006325185299
85855,0.01106497086584568
85862,0.007304050959646702
85869,0.005297788418829441
85876,0.012595736421644688
85883,0.008892307057976723
85890,0.005217612721025944
85897,0.004625213332474232
85904,0.014851663261651993
85911,0.00213439017534256
85918,0.0026661637239158154
85925,0.0076562585309147835
85932,0.007945353165268898
85939,0.0024086949415504932
85946,0.003953829407691956
85953,0.01036098226904869
85960,0.0019920887425541878
85967,0.003788214409723878
85974,0.016835810616612434
85981,0.024425877258181572
85988,0.010331826284527779
85995,0.008136429823935032
86002,0.016883525997400284
86009,0.009804253466427326
86016,0.01957932859659195
86023,0.04745383560657501
86030,0.00500810332596302
86037,0.007322555407881737
86044,0.006169138476252556
86051,0.008620956912636757
86058,0.005767159163951874
86065,0.003067453857511282
86072,0.006204505451023579
86079,0.012402202934026718
86086,0.021957769989967346
86093,0.006929656025022268
86100,0.00841834768652916
86107,0.007146751508116722
86114,0.003063085488975048
86121,0.0054091401398181915
86128,0.007737438194453716
86135,0.0059938207268714905
86142,0.03436308354139328
86149,0.0035109599120914936
86156,0.00615631602704525
86163,0.012852948158979416
86170,0.007458093576133251
86177,0.004165639169514179
86184,0.012454303912818432
86191,0.006068826653063297
86198,0.009505975991487503
86205,0.019536251202225685
86212,0.008515454828739166
86219,0.09514115005731583
86226,0.05131738260388374
86233,0.006524401716887951
86240,0.006887584459036589
86247,0.007709837984293699
86254,0.09657707810401917
86261,0.006523317191749811
86268,0.03277624025940895
86275,0.011455980129539967
86282,0.0017766484525054693
86289,0.00341281876899302
86296,0.007937837392091751
86303,0.0019755177199840546
86310,0.018020836636424065
86317,0.006494729779660702
86324,0.006899917498230934
86331,0.0039480882696807384
86338,0.11649205535650253
86345,0.00887905340641737
86352,0.008502085693180561
86359,0.00884312391281128
86366,0.008907202631235123
86373,0.00805649347603321
86380,0.007187370210886002
86387,0.008086202666163445
86394,0.11924324929714203
86401,0.0030079958960413933
86408,0.010528219863772392
86415,0.0086057148873806
86422,0.0026137931272387505
86429,0.00543423043563962
86436,0.03577509522438049
86443,0.006929956376552582
86450,0.005128533113747835
86457,0.009022241458296776
86464,0.0033986789640039206
86471,0.004873631987720728
86478,0.005430352874100208
86485,0.006471931003034115
86492,0.028057118877768517
86499,0.007981414906680584
86506,0.0010960205690935254
86513,0.028704218566417694
86520,0.03743821009993553
86527,0.00521545484662056
86534,0.06137041747570038
86541,0.004780780989676714
86548,0.004650054033845663
86555,0.00360591197386384
86562,0.005249767564237118
86569,0.007911483757197857
86576,0.0039546797052025795
86583,0.024670157581567764
86590,0.003418596461415291
86597,0.02371073327958584
86604,0.01126756053417921
86611,0.004304799716919661
86618,0.005288028623908758
86625,0.003539114724844694
86632,0.00648724939674139
86639,0.005027223378419876
86646,0.005013135261833668
86653,0.015027433633804321
86660,0.043061889708042145
86667,0.004967637360095978
86674,0.16370141506195068
86681,0.0054009356535971165
86688,0.004101399332284927
86695,0.013511477038264275
86702,0.005760100204497576
86709,0.002467093290761113
86716,0.0022477121092379093
86723,0.010522316209971905
86730,0.00508417934179306
86737,0.006524271797388792
86744,0.003832729533314705
86751,0.0064201136119663715
86758,0.012987586669623852
86765,0.0033746997360140085
86772,0.011913876049220562
86779,0.09263888746500015
86786,0.018551714718341827
86793,0.013782580383121967
86800,0.005408830940723419
86807,0.006514918990433216
86814,0.009994163177907467
86821,0.003136784303933382
86828,0.1311320960521698
86835,0.005627934355288744
86842,0.005985447205603123
86849,0.005912915803492069
86856,0.0064597781747579575
86863,0.07554014027118683
86870,0.0020933416672050953
86877,0.005668057128787041
86884,0.003920241724699736
86891,0.009727366268634796
86898,0.008905927650630474
86905,0.0030663597863167524
86912,0.004485590383410454
86919,0.008201926946640015
86926,0.0030084680765867233
86933,0.006641289219260216
86940,0.008138267323374748
86947,0.0058565158396959305
86954,0.005265503190457821
86961,0.009412020444869995
86968,0.0079671461135149
86975,0.0019328473135828972
86982,0.0074968538247048855
86989,0.0027042415458709
86996,0.005073872394859791
87003,0.012721620500087738
87010,0.00516678998246789
87017,0.008560997433960438
87024,0.015052261762320995
87031,0.005936545319855213
87038,0.012818550691008568
87045,0.005697623826563358
87052,0.13377127051353455
87059,0.007967555895447731
87066,0.018510347232222557
87073,0.00548505550250411
87080,0.005611511413007975
87087,0.00553226750344038
87094,0.011050577275454998
87101,0.03454521670937538
87108,0.008091519586741924
87115,0.009313316084444523
87122,0.013258680701255798
87129,0.003729982767254114
87136,0.02528499998152256
87143,0.005170327611267567
87150,0.03305843845009804
87157,0.007428991608321667
87164,0.009819972328841686
87171,0.005676722154021263
87178,0.004249668680131435
87185,0.10463730245828629
87192,0.018703559413552284
87199,0.0037070591934025288
87206,0.010058324784040451
87213,0.0021000471897423267
87220,0.016036439687013626
87227,0.00923883356153965
87234,0.00239508505910635
87241,0.07452546060085297
87248,0.005717636551707983
87255,0.007491432595998049
87262,0.003016233444213867
87269,0.14719299972057343
87276,0.016247088089585304
87283,0.004940220154821873
87290,0.012925393879413605
87297,0.030828744173049927
87304,0.0045129042118787766
87311,0.0039681983180344105
87318,0.12252391874790192
87325,0.0030470588244497776
87332,0.012650438584387302
87339,0.01732604205608368
87346,0.0028762028086930513
87353,0.004265972413122654
87360,0.013590104877948761
87367,0.004357937723398209
87374,0.0041105374693870544
87381,0.0048501258715987206
87388,0.00504209753125906
87395,0.005309579893946648
87402,0.008855588734149933
87409,0.0036915019154548645
87416,0.013117382302880287
87423,0.0076721664518117905
87430,0.06820431351661682
87437,0.027057571336627007
87444,0.009028315544128418
87451,0.005643516778945923
87458,0.013774679973721504
87465,0.010062284767627716
87472,0.00473045464605093
87479,0.004528404213488102
87486,0.006780174560844898
87493,0.00333133595995605
87500,0.010946639813482761
87507,0.009097770787775517
87514,0.015307461842894554
87521,0.00753015698865056
87528,0.004784305579960346
87535,0.01860952377319336
87542,0.004766251891851425
87549,0.013903459534049034
87556,0.00992130022495985
87563,0.1015578880906105
87570,0.011063879355788231
87577,0.005940127186477184
87584,0.004789184313267469
87591,0.010250087827444077
87598,0.00968080759048462
87605,0.006496408022940159
87612,0.005043632350862026
87619,0.010100928135216236
87626,0.06898614764213562
87633,0.0023482851684093475
87640,0.007583373226225376
87647,0.005349263548851013
87654,0.004021067637950182
87661,0.004641832783818245
87668,0.0033913967199623585
87675,0.004665175452828407
87682,0.01473198551684618
87689,0.004735756665468216
87696,0.007824680767953396
87703,0.002530664438381791
87710,0.007264460902661085
87717,0.009585196152329445
87724,0.01360019389539957
87731,0.0051141176372766495
87738,0.08922741562128067
87745,0.16717205941677094
87752,0.009116609580814838
87759,0.005584755912423134
87766,0.0052534425631165504
87773,0.004577332176268101
87780,0.008002077229321003
87787,0.01192808710038662
87794,0.0069235535338521
87801,0.0040157632902264595
87808,0.002896559424698353
87815,0.013119708746671677
87822,0.013002153486013412
87829,0.0017866017296910286
87836,0.00671928096562624
87843,0.006521032191812992
87850,0.010948261246085167
87857,0.00373674719594419
87864,0.004506802186369896
87871,0.008823770098388195
87878,0.10486036539077759
87885,0.01491682417690754
87892,0.008531054481863976
87899,0.005457824561744928
87906,0.004168092738837004
87913,0.07660506665706635
87920,0.13057634234428406
87927,0.16268204152584076
87934,0.009596697986125946
87941,0.004136665258556604
87948,0.006931473966687918
87955,0.004781539551913738
87962,0.003931423183530569
87969,0.007783225271850824
87976,0.12582965195178986
87983,0.01629321649670601
87990,0.0033425362780690193
87997,0.008463241159915924
88004,0.005406585987657309
88011,0.006521809846162796
88018,0.016810260713100433
88025,0.051789432764053345
88032,0.00367338745854795
88039,0.01876487396657467
88046,0.016877606511116028
88053,0.08254028856754303
88060,0.015230076387524605
88067,0.08146423101425171
88074,0.0025832122191786766
88081,0.006778668146580458
88088,0.13753759860992432
88095,0.0067743719555437565
88102,0.01090189442038536
88109,0.01260770857334137
88116,0.005346470978111029
88123,0.013449102640151978
88130,0.10177034884691238
88137,0.03411443158984184
88144,0.002468808786943555
88151,0.004723597317934036
88158,0.025270061567425728
88165,0.013810639269649982
88172,0.004812666680663824
88179,0.06445514410734177
88186,0.030041038990020752
88193,0.00438957754522562
88200,0.021811796352267265
88207,0.011833256110548973
88214,0.007546465378254652
88221,0.014325236901640892
88228,0.022985517978668213
88235,0.008673024363815784
88242,0.006720227655023336
88249,0.00906872283667326
88256,0.006214170251041651
88263,0.001777651603333652
88270,0.005012378096580505
88277,0.004306841641664505
88284,0.03962260112166405
88291,0.0033033289946615696
88298,0.0024952301755547523
88305,0.00856845360249281
88312,0.011927114799618721
88319,0.006178364157676697
88326,0.004490569233894348
88333,0.007354778703302145
88340,0.003995960578322411
88347,0.16170018911361694
88354,0.002350387629121542
88361,0.009499028325080872
88368,0.006615804508328438
88375,0.006593185476958752
88382,0.012382909655570984
88389,0.006565628107637167
88396,0.002473380882292986
88403,0.0084918774664402
88410,0.0021918376442044973
88417,0.007531239651143551
88424,0.008852269500494003
88431,0.012538986280560493
88438,0.010572923347353935
88445,0.00705593079328537
88452,0.001538835116662085
88459,0.005835450254380703
88466,0.01904211938381195
88473,0.009763817302882671
88480,0.006220490671694279
88487,0.0050384169444441795
88494,0.00477721868082881
88501,0.017345421016216278
88508,0.051522091031074524
88515,0.009956395253539085
88522,0.012551812455058098
88529,0.002980065532028675
88536,0.0033183060586452484
88543,0.0041185785084962845
88550,0.004830080084502697
88557,0.05716807767748833
88564,0.006404031999409199
88571,0.005563023965805769
88578,0.010308629833161831
88585,0.004723806865513325
88592,0.009827224537730217
88599,0.003788264933973551
88606,0.008281037211418152
88613,0.0030586146749556065
88620,0.006552916020154953
88627,0.007044326979666948
88634,0.01032088790088892
88641,0.0019845871720463037
88648,0.00898033007979393
88655,0.017459550872445107
88662,0.012047379277646542
88669,0.008870270103216171
88676,0.014930841512978077
88683,0.01521536335349083
88690,0.0064237965270876884
88697,0.02662596106529236
88704,0.008104715496301651
88711,0.005658179055899382
88718,0.004040734842419624
88725,0.0033223070204257965
88732,0.003487501060590148
88739,0.0040071699768304825
88746,0.006473048590123653
88753,0.0021279114298522472
88760,0.0069587635807693005
88767,0.006442023441195488
88774,0.005227640271186829
88781,0.010779750533401966
88788,0.014855671674013138
88795,0.005130484700202942
88802,0.011657245457172394
88809,0.09637261182069778
88816,0.006985274143517017
88823,0.005225052125751972
88830,0.006182095967233181
88837,0.005003649741411209
88844,0.009901419281959534
88851,0.2475813627243042
88858,0.00576744182035327
88865,0.016685429960489273
88872,0.013937624171376228
88879,0.005854368209838867
88886,0.010678878054022789
88893,0.004138092044740915
88900,0.013968653976917267
88907,0.0023874123580753803
88914,0.002056730445474386
88921,0.010465946048498154
88928,0.013825035654008389
88935,0.1541672646999359
88942,0.008917374536395073
88949,0.0029421246144920588
88956,0.003477838123217225
88963,0.008297392167150974
88970,0.017062727361917496
88977,0.009385480545461178
88984,0.007151939906179905
88991,0.004075894597917795
88998,0.028954431414604187
89005,0.014471212401986122
89012,0.0021034833043813705
89019,0.007677336689084768
89026,0.008167151361703873
89033,0.17870475351810455
89040,0.004818411078304052
89047,0.0031633316539227962
89054,0.01028495654463768
89061,0.004461948294192553
89068,0.10191215574741364
89075,0.003587988205254078
89082,0.011357365176081657
89089,0.00937548466026783
89096,0.010412889532744884
89103,0.016048500314354897
89110,0.0051996465772390366
89117,0.010112404823303223
89124,0.004617129452526569
89131,0.032864730805158615
89138,0.004375376272946596
89145,0.008830665610730648
89152,0.0036587310023605824
89159,0.009882217273116112
89166,0.0047931671142578125
89173,0.0038013462908566
89180,0.030859561637043953
89187,0.015412791632115841
89194,0.008121290244162083
89201,0.13952165842056274
89208,0.006600693799555302
89215,0.010445011779665947
89222,0.006458585150539875
89229,0.028227433562278748
89236,0.0022843917831778526
89243,0.00406802911311388
89250,0.010237823240458965
89257,0.0064657311886549
89264,0.002900798572227359
89271,0.005948404315859079
89278,0.0069525763392448425
89285,0.012578029185533524
89292,0.012145194225013256
89299,0.007868407294154167
89306,0.006537482142448425
89313,0.0048717232421040535
89320,0.02348192222416401
89327,0.07597045600414276
89334,0.0029027611017227173
89341,0.01673516072332859
89348,0.009372413158416748
89355,0.006851364392787218
89362,0.005362394265830517
89369,0.0028672015760093927
89376,0.010468055494129658
89383,0.004200843162834644
89390,0.012695145793259144
89397,0.09430059790611267
89404,0.08760268241167068
89411,0.004022576380521059
89418,0.004574213642627001
89425,0.005503428168594837
89432,0.009467458352446556
89439,0.05303400754928589
89446,0.01143314316868782
89453,0.004318670369684696
89460,0.005443403962999582
89467,0.003641340881586075
89474,0.0030712750740349293
89481,0.003614185843616724
89488,0.017596784979104996
89495,0.0074382200837135315
89502,0.009868786670267582
89509,0.009359103627502918
89516,0.003553453367203474
89523,0.007963295094668865
89530,0.004001853987574577
89537,0.01208835281431675
89544,0.02566872164607048
89551,0.0035151448100805283
89558,0.00925423763692379
89565,0.003244207240641117
89572,0.004347394220530987
89579,0.009865017607808113
89586,0.011137992143630981
89593,0.00804743729531765
89600,0.0037972365971654654
89607,0.005628557875752449
89614,0.016714636236429214
89621,0.09139114618301392
89628,0.005163638386875391
89635,0.0044893547892570496
89642,0.07086072862148285
89649,0.1207801103591919
89656,0.004836337640881538
89663,0.022951440885663033
89670,0.010346803814172745
89677,0.021533410996198654
89684,0.007872158661484718
89691,0.003148821182549
89698,0.009499565698206425
89705,0.004093022085726261
89712,0.030922414734959602
89719,0.0017944392748177052
89726,0.13607452809810638
89733,0.004809711594134569
89740,0.014286043122410774
89747,0.0025799304712563753
89754,0.00319783017039299
89761,0.004890478681772947
89768,0.04984757676720619
89775,0.0049482351168990135
89782,0.17165210843086243
89789,0.156835675239563
89796,0.0057005551643669605
89803,0.007053692825138569
89810,0.0026259212754666805
89817,0.002597253071144223
89824,0.0036989417858421803
89831,0.018199309706687927
89838,0.015589209273457527
89845,0.00543411448597908
89852,0.058023594319820404
89859,0.0023893543984740973
89866,0.0012490437366068363
89873,0.0032341284677386284
89880,0.006018364802002907
89887,0.12950830161571503
89894,0.006722940132021904
89901,0.003150684991851449
89908,0.010091474279761314
89915,0.12524668872356415
89922,0.00494047999382019
89929,0.007346988655626774
89936,0.0038469359278678894
89943,0.02285948395729065
89950,0.00275258906185627
89957,0.002618643222376704
89964,0.01597672514617443
89971,0.015424048528075218
89978,0.005986387375742197
89985,0.004022838547825813
89992,0.003053531749173999
89999,0.011216361075639725
90006,0.006380487699061632
90013,0.0022897757589817047
90020,0.005355905741453171
90027,0.0024220645427703857
90034,0.008380141109228134
90041,0.017526131123304367
90048,0.008782381191849709
90055,0.003706973744556308
90062,0.047278884798288345
90069,0.005373548250645399
90076,0.004520963877439499
90083,0.1092563271522522
90090,0.005086486227810383
90097,0.004165702499449253
90104,0.01806376874446869
90111,0.005715534090995789
90118,0.0024573607370257378
90125,0.009072119370102882
90132,0.00542659405618906
90139,0.0041161952540278435
90146,0.011669276282191277
90153,0.004262471571564674
90160,0.003881108947098255
90167,0.10425522178411484
90174,0.0032750521786510944
90181,0.0065375943668186665
90188,0.005394821986556053
90195,0.0021339519880712032
90202,0.0042723482474684715
90209,0.013113776221871376
90216,0.003610846120864153
90223,0.04033249244093895
90230,0.006846766918897629
90237,0.01798519492149353
90244,0.005423563998192549
90251,0.0054632616229355335
90258,0.003177457256242633
90265,0.0017326107481494546
90272,0.0033597166184335947
90279,0.006242045201361179
90286,0.0012157727032899857
90293,0.00490849232301116
90300,0.005281243938952684
90307,0.004866543225944042
90314,0.005330751184374094
90321,0.09128884971141815
90328,0.01840066723525524
90335,0.0038905031979084015
90342,0.00340196187607944
90349,0.006407564505934715
90356,0.01093587838113308
90363,0.005714846774935722
90370,0.00836044643074274
90377,0.004623690620064735
90384,0.0038849469274282455
90391,0.024296756833791733
90398,0.0322529561817646
90405,0.00693092867732048
90412,0.004945804830640554
90419,0.002424362115561962
90426,0.008485570549964905
90433,0.005451112054288387
90440,0.041771821677684784
90447,0.01789773628115654
90454,0.005783752538263798
90461,0.0035596066154539585
90468,0.017716236412525177
90475,0.004888394847512245
90482,0.0027437752578407526
90489,0.0038486055564135313
90496,0.08904917538166046
90503,0.01834668591618538
90510,0.008142230100929737
90517,0.007519083097577095
90524,0.0633859932422638
90531,0.004019951447844505
90538,0.009832952171564102
90545,0.0056188637390732765
90552,0.004367023706436157
90559,0.053738951683044434
90566,0.016222462058067322
90573,0.012848871760070324
90580,0.00452470825985074
90587,0.006836197338998318
90594,0.008302442729473114
90601,0.011216865852475166
90608,0.00418807752430439
90615,0.006075299810618162
90622,0.016834761947393417
90629,0.011750889010727406
90636,0.09243184328079224
90643,0.005167678464204073
90650,0.0037942214403301477
90657,0.004066730849444866
90664,0.009384993463754654
90671,0.026159517467021942
90678,0.005189523566514254
90685,0.003983336500823498
90692,0.005544699728488922
90699,0.003614773042500019
90706,0.007056021597236395
90713,0.010842440649867058
90720,0.003810084890574217
90727,0.008656498976051807
90734,0.00414094515144825
90741,0.005770652089267969
90748,0.009069673717021942
90755,0.007410106249153614
90762,0.02746068686246872
90769,0.00475772051140666
90776,0.11944615095853806
90783,0.004140750039368868
90790,0.007607988081872463
90797,0.2267041802406311
90804,0.008654354140162468
90811,0.10610438138246536
90818,0.11455005407333374
90825,0.008854648098349571
90832,0.003386589465662837
90839,0.00837307795882225
90846,0.004003933630883694
90853,0.0075338464230299
90860,0.020685836672782898
90867,0.003075050190091133
90874,0.07626267522573471
90881,0.007319855038076639
90888,0.003451816737651825
90895,0.0047879088670015335
90902,0.06490706652402878
90909,0.006433333735913038
90916,0.004941304214298725
90923,0.0056848907843232155
90930,0.0064737750217318535
90937,0.01584131456911564
90944,0.005087187979370356
90951,0.015107898972928524
90958,0.012539149262011051
90965,0.00341951847076416
90972,0.022492337971925735
90979,0.13528738915920258
90986,0.08600114285945892
90993,0.0043880511075258255
91000,0.011352937668561935
91007,0.01727142184972763
91014,0.005390794947743416
91021,0.007142582442611456
91028,0.0063551547937095165
91035,0.0050087966956198215
91042,0.018920723348855972
91049,0.015956686809659004
91056,0.18745794892311096
91063,0.08856238424777985
91070,0.04230131208896637
91077,0.007334687747061253
91084,0.028263185173273087
91091,0.012644879519939423
91098,0.03246822953224182
91105,0.0036627177614718676
91112,0.008363661356270313
91119,0.013586027547717094
91126,0.17586466670036316
91133,0.006839662790298462
91140,0.052695341408252716
91147,0.011676668189466
91154,0.0071071963757276535
91161,0.0029141188133507967
91168,0.06284677237272263
91175,0.024774473160505295
91182,0.0030335336923599243
91189,0.007692018523812294
91196,0.006516326684504747
91203,0.006128889508545399
91210,0.015851683914661407
91217,0.19319097697734833
91224,0.010839929804205894
91231,0.006641858257353306
91238,0.1004270538687706
91245,0.008124885149300098
91252,0.12932255864143372
91259,0.013749602250754833
91266,0.002067246474325657
91273,0.013614599592983723
91280,0.003889890853315592
91287,0.00887037068605423
91294,0.010399503633379936
91301,0.04018647223711014
91308,0.00738125154748559
91315,0.0033779656514525414
91322,0.01237412728369236
91329,0.005251930095255375
91336,0.009417685680091381
91343,0.008280308917164803
91350,0.008111786097288132
91357,0.01623685285449028
91364,0.00886449869722128
91371,0.0034554507583379745
91378,0.005707415286451578
91385,0.07553833723068237
91392,0.0138623658567667
91399,0.030920490622520447
91406,0.007559748366475105
91413,0.0172840915620327
91420,0.07957582920789719
91427,0.019074272364377975
91434,0.037942830473184586
91441,0.025584407150745392
91448,0.11691565811634064
91455,0.024893339723348618
91462,0.12419025599956512
91469,0.007366041652858257
91476,0.02124197967350483
91483,0.005996907129883766
91490,0.007406249642372131
91497,0.007682368624955416
91504,0.012154936790466309
91511,0.006408986635506153
91518,0.006261969450861216
91525,0.010131338611245155
91532,0.007028407417237759
91539,0.002917407313361764
91546,0.006044700741767883
91553,0.0019189105369150639
91560,0.006590096279978752
91567,0.010487975552678108
91574,0.011035120114684105
91581,0.007432727143168449
91588,0.018010355532169342
91595,0.004438306204974651
91602,0.01711582951247692
91609,0.014190973713994026
91616,0.004240208305418491
91623,0.03147519379854202
91630,0.002637900412082672
91637,0.007982620969414711
91644,0.004830879159271717
91651,0.011944135650992393
91658,0.007426525931805372
91665,0.012106538750231266
91672,0.0029366291128098965
91679,0.006667430512607098
91686,0.004468406550586224
91693,0.005237982142716646
91700,0.005238065496087074
91707,0.023726150393486023
91714,0.001991160213947296
91721,0.006923917680978775
91728,0.013905845582485199
91735,0.004512540064752102
91742,0.0064270165748894215
91749,0.010292664170265198
91756,0.002307294635102153
91763,0.01988956332206726
91770,0.006640557199716568
91777,0.0031868673395365477
91784,0.0108644375577569
91791,0.08200685679912567
91798,0.00481736334040761
91805,0.00786403939127922
91812,0.00971116591244936
91819,0.005427916534245014
91826,0.021372579038143158
91833,0.004587532952427864
91840,0.0036072449292987585
91847,0.02235741913318634
91854,0.054151419550180435
91861,0.009664660319685936
91868,0.003427827265113592
91875,0.01008346863090992
91882,0.0031214409973472357
91889,0.004125324077904224
91896,0.01065085083246231
91903,0.00741167739033699
91910,0.0029377220198512077
91917,0.013440021313726902
91924,0.0033716964535415173
91931,0.00661773607134819
91938,0.09288184344768524
91945,0.015115576796233654
91952,0.004155601840466261
91959,0.08361691236495972
91966,0.007794942706823349
91973,0.052374985069036484
91980,0.007660216186195612
91987,0.010445473715662956
91994,0.08133435994386673
92001,0.009048264473676682
92008,0.009828943759202957
92015,0.006576224695891142
92022,0.002330738352611661
92029,0.008281730115413666
92036,0.003497169818729162
92043,0.005518912337720394
92050,0.024454651400446892
92057,0.011836831457912922
92064,0.0058622900396585464
92071,0.007342557422816753
92078,0.0368647538125515
92085,0.007606976665556431
92092,0.001855431473813951
92099,0.0035790305119007826
92106,0.0032232641242444515
92113,0.018111132085323334
92120,0.005834135226905346
92127,0.02729303576052189
92134,0.013042766600847244
92141,0.028211746364831924
92148,0.005418494343757629
92155,0.003240622114390135
92162,0.007742541842162609
92169,0.025114238262176514
92176,0.0038437736220657825
92183,0.004369709175080061
92190,0.08975765854120255
92197,0.008645926602184772
92204,0.0149454390630126
92211,0.0048613036051392555
92218,0.008649399504065514
92225,0.006941239349544048
92232,0.007454046979546547
92239,0.007239838130772114
92246,0.17999780178070068
92253,0.01227613165974617
92260,0.007106555625796318
92267,0.007754962891340256
92274,0.09602946788072586
92281,0.007577600888907909
92288,0.00902683287858963
92295,0.01756780594587326
92302,0.0056339288130402565
92309,0.01235288754105568
92316,0.023824423551559448
92323,0.08646808564662933
92330,0.01761051081120968
92337,0.008177406154572964
92344,0.004235974978655577
92351,0.007960704155266285
92358,0.004102329723536968
92365,0.0052646310068666935
92372,0.010613241232931614
92379,0.002179767470806837
92386,0.01253020204603672
92393,0.002378336153924465
92400,0.008875065483152866
92407,0.05195871740579605
92414,0.010527420789003372
92421,0.0056845396757125854
92428,0.05879470705986023
92435,0.003399269189685583
92442,0.005829855799674988
92449,0.05599020794034004
92456,0.012631351128220558
92463,0.00846775434911251
92470,0.05090395361185074
92477,0.008576937019824982
92484,0.013125535100698471
92491,0.01438513956964016
92498,0.010126028209924698
92505,0.00502142496407032
92512,0.0045423055998981
92519,0.004770306404680014
92526,0.004734405316412449
92533,0.009223572909832
92540,0.04769778251647949
92547,0.009671072475612164
92554,0.003954504616558552
92561,0.1321779042482376
92568,0.07827305048704147
92575,0.0024644259829074144
92582,0.006595785729587078
92589,0.007590677589178085
92596,0.008688720874488354
92603,0.028501814231276512
92610,0.019291983917355537
92617,0.00549584673717618
92624,0.00334112043492496
92631,0.006144721992313862
92638,0.0022256888914853334
92645,0.053365111351013184
92652,0.025547275319695473
92659,0.004463020246475935
92666,0.007004416082054377
92673,0.005463104695081711
92680,0.0057581085711717606
92687,0.009339855052530766
92694,0.00405349675565958
92701,0.015148830600082874
92708,0.009277768433094025
92715,0.006711265072226524
92722,0.02302539348602295
92729,0.006716609466820955
92736,0.0031678159721195698
92743,0.002590449992567301
92750,0.0035521325189620256
92757,0.005932329222559929
92764,0.00476078363135457
92771,0.0026879189535975456
92778,0.003046242520213127
92785,0.027644874528050423
92792,0.011172134429216385
92799,0.011359446682035923
92806,0.004489320795983076
92813,0.007794707547873259
92820,0.0030605855863541365
92827,0.10898364335298538
92834,0.008111152797937393
92841,0.01578391157090664
92848,0.005375818815082312
92855,0.005533507093787193
92862,0.005974707659333944
92869,0.02054493874311447
92876,0.00828656367957592
92883,0.007803027518093586
92890,0.09061694145202637
92897,0.19117307662963867
92904,0.006196695379912853
92911,0.007394349202513695
92918,0.02212812379002571
92925,0.008184055797755718
92932,0.0037483409978449345
92939,0.00749142887070775
92946,0.010417308658361435
92953,0.005303403362631798
92960,0.0026328766252845526
92967,0.005010336171835661
92974,0.08071210235357285
92981,0.004862443543970585
92988,0.0031197844073176384
92995,0.00528447050601244
93002,0.0020428267307579517
93009,0.0046028150245547295
93016,0.009476594626903534
93023,0.0026471675373613834
93030,0.0036013496574014425
93037,0.004006143659353256
93044,0.0033854872453957796
93051,0.0036381040699779987
93058,0.00802299752831459
93065,0.003866983111947775
93072,0.0054252431727945805
93079,0.005077236331999302
93086,0.005921798292547464
93093,0.053021758794784546
93100,0.009836667217314243
93107,0.005197324324399233
93114,0.08109093457460403
93121,0.0800074115395546
93128,0.01160810049623251
93135,0.046752169728279114
93142,0.010961093008518219
93149,0.0072313775308430195
93156,0.0958762839436531
93163,0.06899008899927139
93170,0.0035188242327421904
93177,0.05581315606832504
93184,0.006157072260975838
93191,0.04112428054213524
93198,0.004913809709250927
93205,0.004735890775918961
93212,0.006043021567165852
93219,0.0032310043461620808
93226,0.012100065127015114
93233,0.1861225962638855
93240,0.002346411347389221
93247,0.01558703277260065
93254,0.08347714692354202
93261,0.0029067331925034523
93268,0.09587348997592926
93275,0.00384442787617445
93282,0.010544342920184135
93289,0.010890798643231392
93296,0.006960543803870678
93303,0.005469635594636202
93310,0.0028857337310910225
93317,0.015694204717874527
93324,0.042278729379177094
93331,0.020883414894342422
93338,0.0120249567553401
93345,0.009583751671016216
93352,0.0038712043315172195
93359,0.0268549844622612
93366,0.010090826079249382
93373,0.007057344075292349
93380,0.0066350363194942474
93387,0.0018284779507666826
93394,0.01037110760807991
93401,0.010466162115335464
93408,0.0075114015489816666
93415,0.003315881360322237
93422,0.11575671285390854
93429,0.0027275157626718283
93436,0.004076520912349224
93443,0.00412035221233964
93450,0.010576617904007435
93457,0.004564736969769001
93464,0.0037615622859448195
93471,0.007220814935863018
93478,0.0029610879719257355
93485,0.009760702028870583
93492,0.01110888086259365
93499,0.004251592792570591
93506,0.005323211196810007
93513,0.007838425226509571
93520,0.003819890320301056
93527,0.003721445333212614
93534,0.08889593183994293
93541,0.020548459142446518
93548,0.008725707419216633
93555,0.0032990961335599422
93562,0.007782839238643646
93569,0.05730466917157173
93576,0.0022940305061638355
93583,0.24297448992729187
93590,0.002922595711424947
93597,0.006572011858224869
93604,0.002387087559327483
93611,0.005371757782995701
93618,0.0035176435485482216
93625,0.003147084964439273
93632,0.010052637197077274
93639,0.006941210478544235
93646,0.10732084512710571
93653,0.006306352559477091
93660,0.002261771820485592
93667,0.1211351603269577
93674,0.003300985787063837
93681,0.007745513692498207
93688,0.009024473838508129
93695,0.007122895680367947
93702,0.008881956338882446
93709,0.010806205682456493
93716,0.002920019906014204
93723,0.011260859668254852
93730,0.002998954150825739
93737,0.0045642731711268425
93744,0.013268580660223961
93751,0.007792910095304251
93758,0.00462761428207159
93765,0.03194231539964676
93772,0.0046444786712527275
93779,0.047594424337148666
93786,0.008877917192876339
93793,0.005596719216555357
93800,0.0025060579646378756
93807,0.003604691009968519
93814,0.006895354948937893
93821,0.01339123398065567
93828,0.008976245298981667
93835,0.008378348313272
93842,0.07170204073190689
93849,0.002845287322998047
93856,0.007739055901765823
93863,0.008993471041321754
93870,0.005712240003049374
93877,0.005304164253175259
93884,0.00583695899695158
93891,0.0036624616477638483
93898,0.018654614686965942
93905,0.0034206612035632133
93912,0.044917650520801544
93919,0.060792453587055206
93926,0.014634871855378151
93933,0.014057171531021595
93940,0.009926618076860905
93947,0.0023562489077448845
93954,0.009184636175632477
93961,0.006130662746727467
93968,0.009157318621873856
93975,0.02986946702003479
93982,0.0030366017017513514
93989,0.007124452851712704
93996,0.009837797842919827
94003,0.003991515841335058
94010,0.004658167250454426
94017,0.16338050365447998
94024,0.007812319789081812
94031,0.00885368324816227
94038,0.00423204991966486
94045,0.12847988307476044
94052,0.0020785052329301834
94059,0.004618142731487751
94066,0.00845525972545147
94073,0.044053807854652405
94080,0.06999635696411133
94087,0.008869890123605728
94094,0.0026429747231304646
94101,0.008525227196514606
94108,0.00799793004989624
94115,0.013221248984336853
94122,0.07955899089574814
94129,0.005812454968690872
94136,0.0036276760511100292
94143,0.024949301034212112
94150,0.011121615767478943
94157,0.014970687218010426
94164,0.009298831224441528
94171,0.007204957772046328
94178,0.007433821447193623
94185,0.013214032165706158
94192,0.004687792621552944
94199,0.005319483112543821
94206,0.008406231179833412
94213,0.004142113961279392
94220,0.007088255137205124
94227,0.002980292309075594
94234,0.00891568511724472
94241,0.045580144971609116
94248,0.015684306621551514
94255,0.004518704954534769
94262,0.0030359853990375996
94269,0.002587061608210206
94276,0.04515713080763817
94283,0.04408654570579529
94290,0.06469684094190598
94297,0.003982614725828171
94304,0.01594281941652298
94311,0.01203036680817604
94318,0.003828919492661953
94325,0.004576393403112888
94332,0.009683054871857166
94339,0.008782343938946724
94346,0.017493564635515213
94353,0.017445256933569908
94360,0.0072561707347631454
94367,0.009050142019987106
94374,0.01091204397380352
94381,0.005713345482945442
94388,0.008684651926159859
94395,0.0017619263380765915
94402,0.014614519663155079
94409,0.007136830128729343
94416,0.0065131234005093575
94423,0.004068352282047272
94430,0.007121283560991287
94437,0.00796360895037651
94444,0.004763227887451649
94451,0.12903359532356262
94458,0.0031753159128129482
94465,0.005591925233602524
94472,0.008070623502135277
94479,0.017482485622167587
94486,0.004972581751644611
94493,0.005438894499093294
94500,0.005807293113321066
94507,0.0028665815480053425
94514,0.003619968192651868
94521,0.01023811660706997
94528,0.017878031358122826
94535,0.007018441800028086
94542,0.011407928541302681
94549,0.012502697296440601
94556,0.005196711048483849
94563,0.05478943511843681
94570,0.016363738104701042
94577,0.005315304733812809
94584,0.12666814029216766
94591,0.007466921117156744
94598,0.00748111167922616
94605,0.009479096159338951
94612,0.0043450575321912766
94619,0.006991863250732422
94626,0.0038497985806316137
94633,0.008595913648605347
94640,0.014714381657540798
94647,0.004127811640501022
94654,0.025186052545905113
94661,0.012099474668502808
94668,0.018976528197526932
94675,0.060507554560899734
94682,0.0030869212932884693
94689,0.008177623152732849
94696,0.012697391211986542
94703,0.013454814441502094
94710,0.07490379363298416
94717,0.005250735208392143
94724,0.009560232982039452
94731,0.013737671077251434
94738,0.0025417585857212543
94745,0.0035655761603266
94752,0.005832490511238575
94759,0.007729892153292894
94766,0.006514011416584253
94773,0.02336038090288639
94780,0.0104529969394207
94787,0.015811067074537277
94794,0.026626339182257652
94801,0.003718797117471695
94808,0.004358761943876743
94815,0.028567461296916008
94822,0.005936988163739443
94829,0.003863845719024539
94836,0.0031133615411818027
94843,0.00707752350717783
94850,0.00414047809317708
94857,0.0036988654173910618
94864,0.006774494424462318
94871,0.08371385186910629
94878,0.010531457141041756
94885,0.002167756436392665
94892,0.0015902862651273608
94899,0.006491015665233135
94906,0.0025765346363186836
94913,0.011982373893260956
94920,0.005625940393656492
94927,0.004130074754357338
94934,0.0033646998926997185
94941,0.003640346694737673
94948,0.0656774640083313
94955,0.010062250308692455
94962,0.013834278099238873
94969,0.03105434961616993
94976,0.01545444130897522
94983,0.003423719434067607
94990,0.14083746075630188
94997,0.010078619234263897
95004,0.00927265826612711
95011,0.0040231868624687195
95018,0.005688575096428394
95025,0.010543026961386204
95032,0.002952132374048233
95039,0.003664279356598854
95046,0.006360237952321768
95053,0.020954390987753868
95060,0.008966474793851376
95067,0.0017031766474246979
95074,0.0033007063902914524
95081,0.018470901995897293
95088,0.006195358466356993
95095,0.14122508466243744
95102,0.1002897098660469
95109,0.006230903323739767
95116,0.009143565781414509
95123,0.02030569314956665
95130,0.00918647926300764
95137,0.03157469630241394
95144,0.012365474365651608
95151,0.010654107667505741
95158,0.06333106011152267
95165,0.005232497584074736
95172,0.045620907098054886
95179,0.008656978607177734
95186,0.021079733967781067
95193,0.00555791798979044
95200,0.0025835689157247543
95207,0.006989442743360996
95214,0.0013020045589655638
95221,0.001210550544783473
95228,0.006209495011717081
95235,0.01549935806542635
95242,0.007470439188182354
95249,0.006251662038266659
95256,0.003912088926881552
95263,0.005722582805901766
95270,0.0031934287399053574
95277,0.006002346985042095
95284,0.004375082906335592
95291,0.0038145966827869415
95298,0.005295391194522381
95305,0.002339075319468975
95312,0.0065305340103805065
95319,0.004652560222893953
95326,0.0013516463804990053
95333,0.004048818722367287
95340,0.001712351804599166
95347,0.0059461211785674095
95354,0.004394839517772198
95361,0.00863347202539444
95368,0.0038195978850126266
95375,0.00837597344070673
95382,0.004351822659373283
95389,0.0062467316165566444
95396,0.008149093016982079
95403,0.010648410767316818
95410,0.15769675374031067
95417,0.1315329372882843
95424,0.11689106374979019
95431,0.07802710682153702
95438,0.08628800511360168
95445,0.00913334358483553
95452,0.007148890756070614
95459,0.004635926336050034
95466,0.007827019318938255
95473,0.005123870447278023
95480,0.005932592786848545
95487,0.009388643316924572
95494,0.005633234977722168
95501,0.0035008746199309826
95508,0.01335192285478115
95515,0.020236004143953323
95522,0.005210637580603361
95529,0.008391596376895905
95536,0.01166659127920866
95543,0.01771347038447857
95550,0.0077383676543831825
95557,0.0027841865085065365
95564,0.21459439396858215
95571,0.04844985529780388
95578,0.012631046585738659
95585,0.008290113881230354
95592,0.003856232389807701
95599,0.012506630271673203
95606,0.007927531376481056
95613,0.004997707437723875
95620,0.004936158657073975
95627,0.004193069878965616
95634,0.012988850474357605
95641,0.04215002432465553
95648,0.06546589732170105
95655,0.0016959367785602808
95662,0.12404747307300568
95669,0.0024630201514810324
95676,0.002504721051082015
95683,0.010310234501957893
95690,0.03866109997034073
95697,0.009702607989311218
95704,0.007002887316048145
95711,0.0036387909203767776
95718,0.0036799460649490356
95725,0.021675221621990204
95732,0.01109168492257595
95739,0.003164989873766899
95746,0.004949701018631458
95753,0.015651341527700424
95760,0.015210205689072609
95767,0.014885453507304192
95774,0.09204316884279251
95781,0.01312175765633583
95788,0.003578755771741271
95795,0.0035623202566057444
95802,0.01484429370611906
95809,0.007196817547082901
95816,0.06676489114761353
95823,0.0029857121407985687
95830,0.0018831572961062193
95837,0.0026227710768580437
95844,0.008069878444075584
95851,0.003563081379979849
95858,0.005374116823077202
95865,0.005133950151503086
95872,0.014137371443212032
95879,0.019818758592009544
95886,0.014715032652020454
95893,0.06885478645563126
95900,0.00524736987426877
95907,0.02863028645515442
95914,0.005511661991477013
95921,0.004296625964343548
95928,0.004767993465065956
95935,0.03284847363829613
95942,0.004788544960319996
95949,0.16240374743938446
95956,0.023970527574419975
95963,0.0029869736172258854
95970,0.13686823844909668
95977,0.16858386993408203
95984,0.008826510980725288
95991,0.005341358482837677
95998,0.017344418913125992
96005,0.011659229174256325
96012,0.005888051353394985
96019,0.007452112156897783
96026,0.003136154031381011
96033,0.007333829067647457
96040,0.011011105962097645
96047,0.005904544144868851
96054,0.004604089539498091
96061,0.011322000995278358
96068,0.04574389010667801
96075,0.005124780349433422
96082,0.006382182706147432
96089,0.03710334748029709
96096,0.009719492867588997
96103,0.006713241804391146
96110,0.005441514775156975
96117,0.0076373484916985035
96124,0.008874062448740005
96131,0.00634999992325902
96138,0.01700776442885399
96145,0.00773704843595624
96152,0.00947758462280035
96159,0.008847968652844429
96166,0.016834033653140068
96173,0.006771830841898918
96180,0.010666394606232643
96187,0.009160136803984642
96194,0.009676986373960972
96201,0.1098366528749466
96208,0.007121787406504154
96215,0.007824085652828217
96222,0.008241236209869385
96229,0.008886092342436314
96236,0.11249133944511414
96243,0.003948833793401718
96250,0.005321593955159187
96257,0.007994496263563633
96264,0.0023658787831664085
96271,0.00581691600382328
96278,0.01022355817258358
96285,0.01779540255665779
96292,0.003974038176238537
96299,0.06805048882961273
96306,0.00522714015096426
96313,0.011249556206166744
96320,0.007743531372398138
96327,0.009452343918383121
96334,0.006551957223564386
96341,0.0678553581237793
96348,0.004181371070444584
96355,0.0746486485004425
96362,0.08483142405748367
96369,0.01182732917368412
96376,0.016157586127519608
96383,0.008279163390398026
96390,0.003963799215853214
96397,0.0071708932518959045
96404,0.011836900375783443
96411,0.005936113186180592
96418,0.007221384905278683
96425,0.014423353597521782
96432,0.004370386712253094
96439,0.0030562025494873524
96446,0.015391571447253227
96453,0.005378713831305504
96460,0.002552037127315998
96467,0.0020251176320016384
96474,0.004655386321246624
96481,0.014126131311058998
96488,0.004164017271250486
96495,0.11304272711277008
96502,0.00652229692786932
96509,0.006674557458609343
96516,0.006436284631490707
96523,0.08560426533222198
96530,0.017059169709682465
96537,0.010689682327210903
96544,0.06075817346572876
96551,0.1205720603466034
96558,0.010318784043192863
96565,0.013881444931030273
96572,0.004296802915632725
96579,0.01468966156244278
96586,0.009843701496720314
96593,0.0063524916768074036
96600,0.00733712175861001
96607,0.005325847305357456
96614,0.011657042428851128
96621,0.004219237715005875
96628,0.09328047931194305
96635,0.08091238886117935
96642,0.006194919813424349
96649,0.02368522435426712
96656,0.033884186297655106
96663,0.011252442374825478
96670,0.005548424553126097
96677,0.004224260337650776
96684,0.005724615883082151
96691,0.006685730069875717
96698,0.016532283276319504
96705,0.1032814010977745
96712,0.00933552160859108
96719,0.06867387890815735
96726,0.1315120905637741
96733,0.061032768338918686
96740,0.010816952213644981
96747,0.0032374621368944645
96754,0.01753895916044712
96761,0.011226839385926723
96768,0.004938056692481041
96775,0.0018150785472244024
96782,0.005143343936651945
96789,0.013047516345977783
96796,0.018399553373456
96803,0.005611991044133902
96810,0.07250937819480896
96817,0.01957118883728981
96824,0.006709542125463486
96831,0.008751358836889267
96838,0.005923382937908173
96845,0.006326327566057444
96852,0.009023620747029781
96859,0.009926426224410534
96866,0.01505179051309824
96873,0.0597589835524559
96880,0.09495194256305695
96887,0.011256213299930096
96894,0.006627904251217842
96901,0.03637046739459038
96908,0.005145218688994646
96915,0.004800623748451471
96922,0.15972073376178741
96929,0.011574871838092804
96936,0.00857521127909422
96943,0.0070102401077747345
96950,0.019311442971229553
96957,0.013124370947480202
96964,0.006792311090976
96971,0.004786336794495583
96978,0.021024083718657494
96985,0.006735234521329403
96992,0.023200441151857376
96999,0.011115172877907753
97006,0.010585184209048748
97013,0.14144429564476013
97020,0.005314972251653671
97027,0.004007167648524046
97034,0.00669083371758461
97041,0.005251409485936165
97048,0.024094896391034126
97055,0.011238749139010906
97062,0.02231822907924652
97069,0.004697696305811405
97076,0.0072685834020376205
97083,0.015987172722816467
97090,0.005372441839426756
97097,0.004697594325989485
97104,0.008392367511987686
97111,0.004022242501378059
97118,0.09065424650907516
97125,0.1166270524263382
97132,0.010780010372400284
97139,0.0038152907509356737
97146,0.05824665352702141
97153,0.008251992054283619
97160,0.003189472248777747
97167,0.09380953758955002
97174,0.00547307264059782
97181,0.016057169064879417
97188,0.005420421250164509
97195,0.004346346016973257
97202,0.059409450739622116
97209,0.004323099739849567
97216,0.009219681844115257
97223,0.008179005235433578
97230,0.0026824355591088533
97237,0.06348973512649536
97244,0.0070457374677062035
97251,0.013148849830031395
97258,0.0038673486560583115
97265,0.004078916274011135
97272,0.009123746305704117
97279,0.003332889173179865
97286,0.01405362319201231
97293,0.007741744630038738
97300,0.004092253744602203
97307,0.009683392941951752
97314,0.05105673149228096
97321,0.022798586636781693
97328,0.03166768327355385
97335,0.0841439738869667
97342,0.011186215095221996
97349,0.008940589614212513
97356,0.04546844959259033
97363,0.0820787250995636
97370,0.004523366689682007
97377,0.005808918736875057
97384,0.09658831357955933
97391,0.015103209763765335
97398,0.013407019898295403
97405,0.006448266562074423
97412,0.005920771509408951
97419,0.07146874070167542
97426,0.014382866211235523
97433,0.002307028044015169
97440,0.013529544696211815
97447,0.008449334651231766
97454,0.01305462047457695
97461,0.005393893923610449
97468,0.006402307655662298
97475,0.0035846109967678785
97482,0.02277756668627262
97489,0.010533585213124752
97496,0.0034862160682678223
97503,0.07842967659235
97510,0.008130483329296112
97517,0.020710555836558342
97524,0.02004409208893776
97531,0.003701232373714447
97538,0.01568509265780449
97545,0.01705196499824524
97552,0.008480226621031761
97559,0.01009236928075552
97566,0.009638654068112373
97573,0.00416563730686903
97580,0.004373439121991396
97587,0.002569268923252821
97594,0.04753074795007706
97601,0.015877261757850647
97608,0.024685081094503403
97615,0.014129242859780788
97622,0.01385921984910965
97629,0.003275589318946004
97636,0.10739573836326599
97643,0.006928350776433945
97650,0.007031586952507496
97657,0.004762300755828619
97664,0.01110214926302433
97671,0.014772911556065083
97678,0.0056714871898293495
97685,0.008713041432201862
97692,0.011089715175330639
97699,0.12065279483795166
97706,0.010515216737985611
97713,0.008337966166436672
97720,0.01751578599214554
97727,0.004810878541320562
97734,0.014667617157101631
97741,0.004180552903562784
97748,0.006549343932420015
97755,0.014592285268008709
97762,0.007213125936686993
97769,0.01301862858235836
97776,0.0033913191873580217
97783,0.0020105293951928616
97790,0.003171395743265748
97797,0.02548515796661377
97804,0.010145016014575958
97811,0.11130224913358688
97818,0.025924786925315857
97825,0.002427217550575733
97832,0.006356661207973957
97839,0.003798452904447913
97846,0.005951597820967436
97853,0.0037226213607937098
97860,0.1559830754995346
97867,0.004659499041736126
97874,0.0083546694368124
97881,0.010098909959197044
97888,0.0018882525619119406
97895,0.009519822895526886
97902,0.01087109837681055
97909,0.1450832486152649
97916,0.00565981725230813
97923,0.0018559240270406008
97930,0.0026508704759180546
97937,0.02225310355424881
97944,0.005912558175623417
97951,0.005542662926018238
97958,0.0040250797756016254
97965,0.006262826733291149
97972,0.008660797029733658
97979,0.01335954014211893
97986,0.0031987447291612625
97993,0.004670050926506519
98000,0.003585071535781026
98007,0.0044975499622523785
98014,0.004274733364582062
98021,0.034314051270484924
98028,0.00634593004360795
98035,0.008161270059645176
98042,0.016539279371500015
98049,0.004517558962106705
98056,0.006952804978936911
98063,0.1621595025062561
98070,0.1484072506427765
98077,0.00889319647103548
98084,0.005801555700600147
98091,0.014103918336331844
98098,0.005962439812719822
98105,0.001997931394726038
98112,0.00772450864315033
98119,0.008189362473785877
98126,0.1561216413974762
98133,0.010263673029839993
98140,0.002977218711748719
98147,0.0026656982954591513
98154,0.010555894114077091
98161,0.0037484518252313137
98168,0.010169235989451408
98175,0.013344941660761833
98182,0.013797096908092499
98189,0.007594462018460035
98196,0.008055688813328743
98203,0.005211907438933849
98210,0.007517793215811253
98217,0.008466692641377449
98224,0.005559000186622143
98231,0.11645732074975967
98238,0.02011093869805336
98245,0.007082622032612562
98252,0.0038588554598391056
98259,0.008653161115944386
98266,0.021781791001558304
98273,0.008988803252577782
98280,0.009735107421875
98287,0.018893640488386154
98294,0.010780368000268936
98301,0.09010443091392517
98308,0.002166543621569872
98315,0.044580135494470596
98322,0.07337090373039246
98329,0.0825822502374649
98336,0.007103278301656246
98343,0.009113434702157974
98350,0.004429780878126621
98357,0.006647844333201647
98364,0.008966058492660522
98371,0.06545987725257874
98378,0.012243992649018764
98385,0.0042221988551318645
98392,0.09397335350513458
98399,0.009300472214818
98406,0.005661009810864925
98413,0.0033406736329197884
98420,0.009866166859865189
98427,0.01948733441531658
98434,0.009330308996140957
98441,0.011827612295746803
98448,0.010147975757718086
98455,0.027975697070360184
98462,0.15714693069458008
98469,0.009467702358961105
98476,0.004538587294518948
98483,0.007175937294960022
98490,0.05852346122264862
98497,0.012443085201084614
98504,0.08251284807920456
98511,0.02762683480978012
98518,0.00823498610407114
98525,0.005989445373415947
98532,0.0756668671965599
98539,0.006029714364558458
98546,0.01724546030163765
98553,0.0052614337764680386
98560,0.0039045549929142
98567,0.00768223125487566
98574,0.007059721276164055
98581,0.018727341666817665
98588,0.014536567963659763
98595,0.003396951360628009
98602,0.2636188268661499
98609,0.005608248524367809
98616,0.005098387598991394
98623,0.02121163159608841
98630,0.008680392056703568
98637,0.0329432412981987
98644,0.009481973014771938
98651,0.007662378717213869
98658,0.0204171035438776
98665,0.01225934736430645
98672,0.011028861626982689
98679,0.015937205404043198
98686,0.004698146600276232
98693,0.007228631526231766
98700,0.0790153443813324
98707,0.004140965174883604
98714,0.051593635231256485
98721,0.02952488139271736
98728,0.01276102289557457
98735,0.0056352075189352036
98742,0.006703956983983517
98749,0.0023107985034585
98756,0.005783580243587494
98763,0.0011911282781511545
98770,0.05343157798051834
98777,0.14782777428627014
98784,0.002904582303017378
98791,0.005011439323425293
98798,0.003777887672185898
98805,0.201729878783226
98812,0.016959499567747116
98819,0.0032257139682769775
98826,0.013827219605445862
98833,0.004866022616624832
98840,0.05803960561752319
98847,0.004181192722171545
98854,0.008429765701293945
98861,0.007042857818305492
98868,0.014145124703645706
98875,0.0038842596113681793
98882,0.00866390299052
98889,0.0037128161638975143
98896,0.01724451407790184
98903,0.0040841661393642426
98910,0.0039026078302413225
98917,0.11769723892211914
98924,0.1749390810728073
98931,0.21812720596790314
98938,0.010291571728885174
98945,0.010348993353545666
98952,0.006978902034461498
98959,0.01176704652607441
98966,0.04347939416766167
98973,0.0053078047931194305
98980,0.005649599712342024
98987,0.0218507032841444
98994,0.015719225630164146
99001,0.007331426255404949
99008,0.024745451286435127
99015,0.0019372255774214864
99022,0.005863088183104992
99029,0.003831544890999794
99036,0.006436316762119532
99043,0.0355633869767189
99050,0.015219537541270256
99057,0.01775619387626648
99064,0.009650329127907753
99071,0.1073949784040451
99078,0.002229750156402588
99085,0.003187461756169796
99092,0.013701600953936577
99099,0.011974005028605461
99106,0.002304728841409087
99113,0.030146975070238113
99120,0.0687953531742096
99127,0.011465203016996384
99134,0.01079936046153307
99141,0.008028588257730007
99148,0.006590656470507383
99155,0.00751845259219408
99162,0.015895845368504524
99169,0.04310469701886177
99176,0.007591621950268745
99183,0.003519400954246521
99190,0.023853009566664696
99197,0.004937486723065376
99204,0.009024781174957752
99211,0.008215381763875484
99218,0.009579179808497429
99225,0.0892200917005539
99232,0.04159248247742653
99239,0.01282462663948536
99246,0.008910896256566048
99253,0.006106287240982056
99260,0.005404835566878319
99267,0.0027492556255310774
99274,0.004692900460213423
99281,0.019676364958286285
99288,0.10306579619646072
99295,0.25853025913238525
99302,0.004128460772335529
99309,0.004053229000419378
99316,0.007651028223335743
99323,0.00749171944335103
99330,0.06735028326511383
99337,0.004423768259584904
99344,0.006608175113797188
99351,0.043165504932403564
99358,0.003404861083254218
99365,0.002915007760748267
99372,0.005324116442352533
99379,0.0035292357206344604
99386,0.03985470533370972
99393,0.007988128811120987
99400,0.0036488051991909742
99407,0.006875923834741116
99414,0.008150178007781506
99421,0.0026829317212104797
99428,0.0031166821718215942
99435,0.0041941087692976
99442,0.008121010847389698
99449,0.010862253606319427
99456,0.00815186370164156
99463,0.006135337986052036
99470,0.006942682899534702
99477,0.02381645143032074
99484,0.004430817440152168
99491,0.012885106727480888
99498,0.004146390128880739
99505,0.003551206551492214
99512,0.00466381898149848
99519,0.008002305403351784
99526,0.005235166288912296
99533,0.01041124016046524
99540,0.013796686194837093
99547,0.004602956119924784
99554,0.006549997255206108
99561,0.00563123170286417
99568,0.009591681882739067
99575,0.00882522203028202
99582,0.01180674135684967
99589,0.0012584151700139046
99596,0.004030246287584305
99603,0.0277862586081028
99610,0.03980185464024544
99617,0.004247650038450956
99624,0.0030841471161693335
99631,0.0030819184612482786
99638,0.0042607756331563
99645,0.01521067600697279
99652,0.005736767314374447
99659,0.06630009412765503
99666,0.006479724310338497
99673,0.029891809448599815
99680,0.005153759382665157
99687,0.009257225319743156
99694,0.005289948545396328
99701,0.0040751369670033455
99708,0.009043034166097641
99715,0.008393563330173492
99722,0.004071061499416828
99729,0.007754809223115444
99736,0.014134522527456284
99743,0.009420269168913364
99750,0.1708507239818573
99757,0.004392939619719982
99764,0.009374858811497688
99771,0.08878416568040848
99778,0.01888083852827549
99785,0.036227211356163025
99792,0.1449129283428192
99799,0.016427110880613327
99806,0.0014462425606325269
99813,0.010576481930911541
99820,0.0030785775743424892
99827,0.13838522136211395
99834,0.005338383838534355
99841,0.012797565199434757
99848,0.006187546998262405
99855,0.01204463467001915
99862,0.002438264898955822
99869,0.010647068731486797
99876,0.008041150867938995
99883,0.004290107171982527
99890,0.003001987235620618
99897,0.00913982093334198
99904,0.005523483268916607
99911,0.02319173328578472
99918,0.007427958771586418
99925,0.017868313938379288
99932,0.009761207737028599
99939,0.002137604169547558
99946,0.006016744766384363
99953,0.00795533787459135
99960,0.0962415337562561
99967,0.007372157648205757
99974,0.006649465300142765
99981,0.019388731569051743
99988,0.004895878955721855
99995,0.0135728744789958
100002,0.013523169793188572
100009,0.012674259021878242
100016,0.00901956856250763
100023,0.009646421298384666
100030,0.014617545530200005
100037,0.008100478909909725
100044,0.12202826887369156
100051,0.0043210219591856
100058,0.256061851978302
100065,0.08171821385622025
100072,0.010529688559472561
100079,0.08751627057790756
100086,0.00976065918803215
100093,0.010323738679289818
100100,0.00329281366430223
100107,0.007765481248497963
100114,0.005347006022930145
100121,0.011066288687288761
100128,0.01621367409825325
100135,0.008267882280051708
100142,0.002173525048419833
100149,0.008791052736341953
100156,0.016216155141592026
100163,0.004742786288261414
100170,0.0045079560950398445
100177,0.006232250947505236
100184,0.007541435770690441
100191,0.006553990300744772
100198,0.022517694160342216
100205,0.003002751152962446
100212,0.010462573729455471
100219,0.005418808665126562
100226,0.01728576421737671
100233,0.013353968970477581
100240,0.0037625255063176155
100247,0.020027417689561844
100254,0.011366589926183224
100261,0.0077024525962769985
100268,0.0077780140563845634
100275,0.010700462386012077
100282,0.005503528285771608
100289,0.09381546080112457
100296,0.09258104115724564
100303,0.005876124836504459
100310,0.007152375765144825
100317,0.005543162580579519
100324,0.004605699796229601
100331,0.0026872544549405575
100338,0.004687527194619179
100345,0.009618805721402168
100352,0.010895262472331524
100359,0.006002703681588173
100366,0.008551068603992462
100373,0.004190872423350811
100380,0.02800898067653179
100387,0.0026071276515722275
100394,0.0026748930104076862
100401,0.0037212579045444727
100408,0.006082970183342695
100415,0.014257197268307209
100422,0.01523739192634821
100429,0.007712934631854296
100436,0.005302965175360441
100443,0.0030981008894741535
100450,0.18866035342216492
100457,0.004058681894093752
100464,0.21002723276615143
100471,0.006576690822839737
100478,0.04607943072915077
100485,0.04980462044477463
100492,0.004972205497324467
100499,0.036344192922115326
100506,0.0086955726146698
100513,0.013148346915841103
100520,0.005046906881034374
100527,0.00896629597991705
100534,0.007448885124176741
100541,0.004514988511800766
100548,0.006335247773677111
100555,0.006799087859690189
100562,0.0035088108852505684
100569,0.017902983352541924
100576,0.09476825594902039
100583,0.006646891590207815
100590,0.0035190372727811337
100597,0.004107660613954067
100604,0.007386261597275734
100611,0.06267962604761124
100618,0.005578809417784214
100625,0.06578302383422852
100632,0.00864708423614502
100639,0.07493799924850464
100646,0.00659238500520587
100653,0.032208237797021866
100660,0.012973645702004433
100667,0.004674694500863552
100674,0.01883711665868759
100681,0.019139889627695084
100688,0.005247063003480434
100695,0.004287919960916042
100702,0.003698514774441719
100709,0.029827311635017395
100716,0.005457337014377117
100723,0.0075080059468746185
100730,0.006734911818057299
100737,0.006675356533378363
100744,0.007941624149680138
100751,0.04727778211236
100758,0.05334438011050224
100765,0.008116230368614197
100772,0.010257663205265999
100779,0.14946416020393372
100786,0.005150396376848221
100793,0.07495970278978348
100800,0.04951240122318268
100807,0.00818745605647564
100814,0.010780488140881062
100821,0.004559307359158993
100828,0.02651345729827881
100835,0.0068454379215836525
100842,0.018911903724074364
100849,0.13937973976135254
100856,0.011875759810209274
100863,0.010435800999403
100870,0.0091997180134058
100877,0.006854342296719551
100884,0.011840155348181725
100891,0.00418609706684947
100898,0.0031232365872710943
100905,0.007109404541552067
100912,0.005454330705106258
100919,0.010965043678879738
100926,0.004578854888677597
100933,0.0014690477401018143
100940,0.007336397655308247
100947,0.003279839176684618
100954,0.007462560664862394
100961,0.10204868018627167
100968,0.006986724212765694
100975,0.004806901328265667
100982,0.0072621554136276245
100989,0.019338034093379974
100996,0.004147931933403015
101003,0.0033432310447096825
101010,0.013374119065701962
101017,0.007522956933826208
101024,0.025176892057061195
101031,0.09317290037870407
101038,0.0024514293763786554
101045,0.0019312279764562845
101052,0.006766465026885271
101059,0.006277276668697596
101066,0.008424906060099602
101073,0.007705299649387598
101080,0.020389387384057045
101087,0.041930004954338074
101094,0.013229104690253735
101101,0.006543670315295458
101108,0.007258144207298756
101115,0.0094371996819973
101122,0.007328735664486885
101129,0.010628394782543182
101136,0.004829650744795799
101143,0.01928129233419895
101150,0.007361111231148243
101157,0.06980882585048676
101164,0.08599010109901428
101171,0.015360109508037567
101178,0.016235118731856346
101185,0.004314330406486988
101192,0.0023042834363877773
101199,0.00758375134319067
101206,0.003938368521630764
101213,0.002390387002378702
101220,0.020452316850423813
101227,0.004057260695844889
101234,0.012035822495818138
101241,0.006370194256305695
101248,0.06460568308830261
101255,0.016100570559501648
101262,0.02507930062711239
101269,0.00330783030949533
101276,0.002756742760539055
101283,0.01883326843380928
101290,0.0034079798497259617
101297,0.08718143403530121
101304,0.0028082909993827343
101311,0.012440449558198452
101318,0.004571470431983471
101325,0.006060378160327673
101332,0.018404444679617882
101339,0.0055589633993804455
101346,0.00429552374407649
101353,0.012116845697164536
101360,0.07503651082515717
101367,0.0777718648314476
101374,0.006603578571230173
101381,0.003853997914120555
101388,0.021320093423128128
101395,0.007605232764035463
101402,0.06094570457935333
101409,0.01855817250907421
101416,0.11748188734054565
101423,0.029961174353957176
101430,0.02427821233868599
101437,0.01052338257431984
101444,0.005670684855431318
101451,0.012239781208336353
101458,0.008575656451284885
101465,0.001986535731703043
101472,0.007159430533647537
101479,0.00599099975079298
101486,0.0054076919332146645
101493,0.0023802886717021465
101500,0.0099459458142519
101507,0.004680756479501724
101514,0.00551113486289978
101521,0.0053009758703410625
101528,0.014970912598073483
101535,0.003718458116054535
101542,0.003792863804847002
101549,0.004328327719122171
101556,0.0038178209215402603
101563,0.01880219578742981
101570,0.007524504326283932
101577,0.05058442801237106
101584,0.006247806362807751
101591,0.006036282982677221
101598,0.006667058914899826
101605,0.005389523226767778
101612,0.002188465092331171
101619,0.004890073090791702
101626,0.023907415568828583
101633,0.04582316800951958
101640,0.0036638756282627583
101647,0.03969505801796913
101654,0.002885611727833748
101661,0.011398565024137497
101668,0.23248106241226196
101675,0.0034710844047367573
101682,0.004164579324424267
101689,0.010071339085698128
101696,0.0281994491815567
101703,0.015107927843928337
101710,0.0047446852549910545
101717,0.004544273018836975
101724,0.007907221093773842
101731,0.004220795817673206
101738,0.14830076694488525
101745,0.009843243286013603
101752,0.003759616520255804
101759,0.015908239409327507
101766,0.012010886333882809
101773,0.00345599465072155
101780,0.010334024205803871
101787,0.0035616394598037004
101794,0.0067365169525146484
101801,0.11279753595590591
101808,0.007960104383528233
101815,0.005434698890894651
101822,0.0027357807848602533
101829,0.005728650838136673
101836,0.0021005633752793074
101843,0.019876908510923386
101850,0.0028345780447125435
101857,0.11161339282989502
101864,0.007534629665315151
101871,0.010410012677311897
101878,0.0047088004648685455
101885,0.07467999309301376
101892,0.006391606293618679
101899,0.007286970503628254
101906,0.007517821155488491
101913,0.002508318517357111
101920,0.010063989087939262
101927,0.01197883952409029
101934,0.0026132999919354916
101941,0.006894638296216726
101948,0.022776667028665543
101955,0.007299306336790323
101962,0.006283486261963844
101969,0.009806225076317787
101976,0.04051583632826805
101983,0.011704059317708015
101990,0.006739448290318251
101997,0.01319369301199913
102004,0.007557254284620285
102011,0.13774199783802032
102018,0.06761874258518219
102025,0.002441893797367811
102032,0.006848080083727837
102039,0.016988113522529602
102046,0.05353069305419922
102053,0.013221086002886295
102060,0.0049361493438482285
102067,0.004179250914603472
102074,0.013345649465918541
102081,0.005496304482221603
102088,0.006083851680159569
102095,0.007009597960859537
102102,0.0024218366015702486
102109,0.020855922251939774
102116,0.03958054631948471
102123,0.010217530652880669
102130,0.00905849039554596
102137,0.01284077763557434
102144,0.014057623222470284
102151,0.004812007769942284
102158,0.010706504806876183
102165,0.003477964550256729
102172,0.00389582896605134
102179,0.004076778423041105
102186,0.07873813807964325
102193,0.006551375612616539
102200,0.011164356023073196
102207,0.010847395285964012
102214,0.08774494379758835
102221,0.022263234481215477
102228,0.006160528864711523
102235,0.011948088183999062
102242,0.006422773934900761
102249,0.007677353452891111
102256,0.0076497942209243774
102263,0.004173208028078079
102270,0.014072548598051071
102277,0.012858670204877853
102284,0.008129666559398174
102291,0.011040720157325268
102298,0.0026979714166373014
102305,0.02191139943897724
102312,0.0049981046468019485
102319,0.017966801300644875
102326,0.07412305474281311
102333,0.0035492863971740007
102340,0.005932527594268322
102347,0.010149724781513214
102354,0.0037918302696198225
102361,0.006845481228083372
102368,0.012472237460315228
102375,0.0828029066324234
102382,0.07678063213825226
102389,0.004995581693947315
102396,0.011334709823131561
102403,0.011301564052700996
102410,0.00382110383361578
102417,0.0018013177905231714
102424,0.0036416547372937202
102431,0.0018591899424791336
102438,0.016143273562192917
102445,0.02159273251891136
102452,0.009074488654732704
102459,0.007241458166390657
102466,0.012956628575921059
102473,0.010345779359340668
102480,0.006163110490888357
102487,0.014461147598922253
102494,0.004816084634512663
102501,0.003661466296762228
102508,0.0044612274505198
102515,0.007945834659039974
102522,0.020044997334480286
102529,0.009389014914631844
102536,0.03397313505411148
102543,0.015857551246881485
102550,0.005558413453400135
102557,0.012882936745882034
102564,0.004837479442358017
102571,0.07775948941707611
102578,0.005524131003767252
102585,0.0031724870204925537
102592,0.005305437371134758
102599,0.03131997957825661
102606,0.0023351842537522316
102613,0.016441991552710533
102620,0.002247295342385769
102627,0.014980476349592209
102634,0.007276578806340694
102641,0.007651402149349451
102648,0.006030562333762646
102655,0.008700018748641014
102662,0.031325340270996094
102669,0.004825983662158251
102676,0.030819181352853775
102683,0.0027633928693830967
102690,0.00835172925144434
102697,0.007081972435116768
102704,0.007411951664835215
102711,0.007811906281858683
102718,0.006477873306721449
102725,0.0015127871884033084
102732,0.003864902537316084
102739,0.0123063363134861
102746,0.0017917152727022767
102753,0.00522399228066206
102760,0.005099077709019184
102767,0.0038177615497261286
102774,0.0024194878060370684
102781,0.1968441903591156
102788,0.008585145696997643
102795,0.012578156776726246
102802,0.004804681520909071
102809,0.011578268371522427
102816,0.011488792486488819
102823,0.005420807749032974
102830,0.005502359941601753
102837,0.007529640104621649
102844,0.0036297482438385487
102851,0.09515725821256638
102858,0.02219068445265293
102865,0.09457553923130035
102872,0.006500584539026022
102879,0.09656810760498047
102886,0.013148383237421513
102893,0.006863795220851898
102900,0.0029061189852654934
102907,0.22515854239463806
102914,0.011644767597317696
102921,0.003919612150639296
102928,0.007925717160105705
102935,0.004746627528220415
102942,0.013894482515752316
102949,0.07402778416872025
102956,0.10014017671346664
102963,0.044943444430828094
102970,0.001964875729754567
102977,0.004081357270479202
102984,0.010241187177598476
102991,0.010268069803714752
102998,0.008810224011540413
103005,0.005856742151081562
103012,0.007461687549948692
103019,0.0062875705771148205
103026,0.007241173647344112
103033,0.004170340485870838
103040,0.0028637705836445093
103047,0.004847086034715176
103054,0.01462358608841896
103061,0.010194899514317513
103068,0.003694796934723854
103075,0.010566393844783306
103082,0.009256389923393726
103089,0.018594462424516678
103096,0.010149944573640823
103103,0.008066326379776001
103110,0.005014281719923019
103117,0.03142716735601425
103124,0.006654519587755203
103131,0.005694647319614887
103138,0.13052910566329956
103145,0.004128693137317896
103152,0.007110386621206999
103159,0.015741122886538506
103166,0.005993022583425045
103173,0.021267523989081383
103180,0.004333995282649994
103187,0.19169555604457855
103194,0.10390977561473846
103201,0.011531285010278225
103208,0.052724726498126984
103215,0.004280135966837406
103222,0.008104803040623665
103229,0.0034869275987148285
103236,0.023327112197875977
103243,0.006787524558603764
103250,0.07444776594638824
103257,0.005893598310649395
103264,0.0016520104836672544
103271,0.12512050569057465
103278,0.0028056162409484386
103285,0.031928014010190964
103292,0.08109559863805771
103299,0.016081303358078003
103306,0.0034306093584746122
103313,0.08460836112499237
103320,0.004291730932891369
103327,0.006915176287293434
103334,0.00767753180116415
103341,0.004384560976177454
103348,0.011701444163918495
103355,0.00885709561407566
103362,0.03064131736755371
103369,0.005895987618714571
103376,0.06827608495950699
103383,0.015038734301924706
103390,0.0039177751168608665
103397,0.009040625765919685
103404,0.0010983997490257025
103411,0.38978293538093567
103418,0.007561767473816872
103425,0.007079011760652065
103432,0.0021133380942046642
103439,0.0028978772461414337
103446,0.03981040045619011
103453,0.0053778886795043945
103460,0.015727711841464043
103467,0.002023057546466589
103474,0.006560886278748512
103481,0.0037576814647763968
103488,0.11191771924495697
103495,0.003916775807738304
103502,0.004999843426048756
103509,0.002639752347022295
103516,0.012241285294294357
103523,0.07529141753911972
103530,0.020429927855730057
103537,0.0018282633973285556
103544,0.0024206966627389193
103551,0.004939869977533817
103558,0.010285713709890842
103565,0.001965510193258524
103572,0.012387532740831375
103579,0.016766110435128212
103586,0.007467551156878471
103593,0.00484360009431839
103600,0.015289685688912868
103607,0.004992671310901642
103614,0.0030407877638936043
103621,0.011678609997034073
103628,0.004790422506630421
103635,0.006889857351779938
103642,0.08879297226667404
103649,0.002548529300838709
103656,0.013015609234571457
103663,0.010272244922816753
103670,0.003610052168369293
103677,0.006779246497899294
103684,0.09534626454114914
103691,0.0140629131346941
103698,0.004080344922840595
103705,0.04508590325713158
103712,0.1410481333732605
103719,0.0055320290848612785
103726,0.0030591432005167007
103733,0.0011459591332823038
103740,0.011405304074287415
103747,0.01293827686458826
103754,0.004181320779025555
103761,0.011565029621124268
103768,0.006992194335907698
103775,0.0034721088595688343
103782,0.0058113085106015205
103789,0.0034654708579182625
103796,0.004559454508125782
103803,0.011417374946177006
103810,0.006805096752941608
103817,0.01727013848721981
103824,0.008234748616814613
103831,0.03271430730819702
103838,0.007588661275804043
103845,0.00980395171791315
103852,0.12049160152673721
103859,0.012480713427066803
103866,0.007367709651589394
103873,0.002166355261579156
103880,0.042165569961071014
103887,0.011165970005095005
103894,0.002140283351764083
103901,0.004195967689156532
103908,0.007169172167778015
103915,0.00937027670443058
103922,0.01833241619169712
103929,0.09032293409109116
103936,0.012882078997790813
103943,0.006619859021157026
103950,0.001985731301829219
103957,0.008796561509370804
103964,0.12976081669330597
103971,0.007272268179804087
103978,0.005703918635845184
103985,0.011125603690743446
103992,0.004407739266753197
103999,0.008453757502138615
104006,0.010790962725877762
104013,0.004558197688311338
104020,0.004184485413134098
104027,0.013346749357879162
104034,0.17628365755081177
104041,0.007117896340787411
104048,0.008312355726957321
104055,0.0031645046547055244
104062,0.012697495520114899
104069,0.004620306193828583
104076,0.005172247998416424
104083,0.01899902895092964
104090,0.02447623386979103
104097,0.0033277631737291813
104104,0.09687543660402298
104111,0.0018390268087387085
104118,0.002612076932564378
104125,0.01007099263370037
104132,0.009939204901456833
104139,0.01598464697599411
104146,0.013808653689920902
104153,0.007531673647463322
104160,0.0023377942852675915
104167,0.002567144576460123
104174,0.0038359337486326694
104181,0.009557405486702919
104188,0.006050139665603638
104195,0.012398695573210716
104202,0.0056326864287257195
104209,0.10982627421617508
104216,0.10567817836999893
104223,0.007763588801026344
104230,0.012485423125326633
104237,0.015812858939170837
104244,0.005553478840738535
104251,0.005970419384539127
104258,0.005560100078582764
104265,0.009370396845042706
104272,0.011516419239342213
104279,0.0060210637748241425
104286,0.01661478728055954
104293,0.03929157555103302
104300,0.0036410102620720863
104307,0.004659375175833702
104314,0.003371685277670622
104321,0.006644084583967924
104328,0.005928021389991045
104335,0.011012587696313858
104342,0.006098800338804722
104349,0.0034319856204092503
104356,0.007145518437027931
104363,0.1296273171901703
104370,0.007839661091566086
104377,0.0035043349489569664
104384,0.0023738821037113667
104391,0.0129285529255867
104398,0.09317116439342499
104405,0.01908327080309391
104412,0.01056612003594637
104419,0.0037558709736913443
104426,0.17267948389053345
104433,0.005965699441730976
104440,0.02692144364118576
104447,0.004324702080339193
104454,0.015509764663875103
104461,0.004628743045032024
104468,0.07124125957489014
104475,0.002612631069496274
104482,0.010611006990075111
104489,0.007429765537381172
104496,0.008163816295564175
104503,0.0029921443201601505
104510,0.01349945180118084
104517,0.007113694213330746
104524,0.005002481397241354
104531,0.015312141738831997
104538,0.0042185396887362
104545,0.004653750918805599
104552,0.006356909871101379
104559,0.009259648621082306
104566,0.00805920735001564
104573,0.02306552790105343
104580,0.0036949021741747856
104587,0.006964662112295628
104594,0.00749957375228405
104601,0.1315106451511383
104608,0.008006545715034008
104615,0.003023923374712467
104622,0.0057070693001151085
104629,0.00894451979547739
104636,0.004518648609519005
104643,0.005253673531115055
104650,0.02077864110469818
104657,0.002570470329374075
104664,0.007393373642116785
104671,0.003648738842457533
104678,0.12734927237033844
104685,0.006747403182089329
104692,0.006308546289801598
104699,0.0037213191390037537
104706,0.1475629210472107
104713,0.01865905337035656
104720,0.012765336781740189
104727,0.11401275545358658
104734,0.005293639842420816
104741,0.0013458097819238901
104748,0.006847305689007044
104755,0.003614853136241436
104762,0.008375373668968678
104769,0.006272835191339254
104776,0.01790313608944416
104783,0.007547875866293907
104790,0.01262423861771822
104797,0.009623739868402481
104804,0.0037013108376413584
104811,0.0025359508581459522
104818,0.030055832117795944
104825,0.009830020368099213
104832,0.003818749450147152
104839,0.005123513285070658
104846,0.01223715953528881
104853,0.007067244499921799
104860,0.006227103527635336
104867,0.00825528334826231
104874,0.01087460108101368
104881,0.008233130909502506
104888,0.004689914174377918
104895,0.009762214496731758
104902,0.005898464471101761
104909,0.003848456311970949
104916,0.004120212513953447
104923,0.016642868518829346
104930,0.0016316893743351102
104937,0.0063194390386343
104944,0.08869145065546036
104951,0.018134647980332375
104958,0.009735779836773872
104965,0.005529144778847694
104972,0.01879352517426014
104979,0.010373380035161972
104986,0.011358393356204033
104993,0.017378970980644226
105000,0.0030094729736447334
105007,0.009503323584794998
105014,0.004962743725627661
105021,0.08566814661026001
105028,0.11314575374126434
105035,0.002450952772051096
105042,0.00963631272315979
105049,0.0037329853512346745
105056,0.07642248272895813
105063,0.03772319480776787
105070,0.005024319514632225
105077,0.007309723645448685
105084,0.004537351429462433
105091,0.004853805061429739
105098,0.10353948175907135
105105,0.009089188650250435
105112,0.003378399182111025
105119,0.10176457464694977
105126,0.0941038578748703
105133,0.0056888940744102
105140,0.01368543691933155
105147,0.005955441854894161
105154,0.08721313625574112
105161,0.017141204327344894
105168,0.010703705251216888
105175,0.05561569333076477
105182,0.006088477559387684
105189,0.007769611664116383
105196,0.03923913463950157
105203,0.0901026800274849
105210,0.00919338595122099
105217,0.009516683407127857
105224,0.15314419567584991
105231,0.00793982483446598
105238,0.004433146212249994
105245,0.004251839593052864
105252,0.006291341036558151
105259,0.0035699636209756136
105266,0.00434469897300005
105273,0.01229909062385559
105280,0.0017381713259965181
105287,0.1212465837597847
105294,0.0054411934688687325
105301,0.011802978813648224
105308,0.004832562059164047
105315,0.008971313945949078
105322,0.018872056156396866
105329,0.005204190965741873
105336,0.017939724028110504
105343,0.004091870971024036
105350,0.14794327318668365
105357,0.006551892496645451
105364,0.16785366833209991
105371,0.004778169561177492
105378,0.012253345921635628
105385,0.0071590375155210495
105392,0.1613824963569641
105399,0.008732128888368607
105406,0.022834042087197304
105413,0.019221540540456772
105420,0.0056640710681676865
105427,0.004479987546801567
105434,0.00880018062889576
105441,0.004591166973114014
105448,0.03740600869059563
105455,0.004626335576176643
105462,0.14931921660900116
105469,0.0051193442195653915
105476,0.006415628828108311
105483,0.1981309950351715
105490,0.018642928451299667
105497,0.006392410956323147
105504,0.004333559423685074
105511,0.10690890997648239
105518,0.02834533527493477
105525,0.009092278778553009
105532,0.007854759693145752
105539,0.022780150175094604
105546,0.013274282217025757
105553,0.0035164044238626957
105560,0.007237788289785385
105567,0.0034927993547171354
105574,0.010954020544886589
105581,0.08264446258544922
105588,0.03289846330881119
105595,0.017216641455888748
105602,0.009041767567396164
105609,0.00336215877905488
105616,0.008077694103121758
105623,0.026004094630479813
105630,0.013010784983634949
105637,0.010156042873859406
105644,0.010397453792393208
105651,0.011896148324012756
105658,0.17262178659439087
105665,0.004780713468790054
105672,0.0720868855714798
105679,0.011235787533223629
105686,0.0035224102903157473
105693,0.012254873290657997
105700,0.008777616545557976
105707,0.034822504967451096
105714,0.007947443053126335
105721,0.006994499359279871
105728,0.0029190359637141228
105735,0.008765670470893383
105742,0.004139697179198265
105749,0.03999119997024536
105756,0.008553188294172287
105763,0.03357525169849396
105770,0.09687437862157822
105777,0.006235775072127581
105784,0.007476610131561756
105791,0.003708035685122013
105798,0.021378597244620323
105805,0.004119771998375654
105812,0.008076667785644531
105819,0.020210370421409607
105826,0.006416944786906242
105833,0.006014431826770306
105840,0.01266853790730238
105847,0.128067746758461
105854,0.06564351916313171
105861,0.008899465203285217
105868,0.04765588045120239
105875,0.011679496616125107
105882,0.013803903944790363
105889,0.004847702570259571
105896,0.01093955710530281
105903,0.11482842266559601
105910,0.004867815412580967
105917,0.02820805087685585
105924,0.002687847474589944
105931,0.014203233644366264
105938,0.011553741991519928
105945,0.0025440086610615253
105952,0.13954000174999237
105959,0.012828290462493896
105966,0.0035811481066048145
105973,0.004123469814658165
105980,0.008141694590449333
105987,0.006584437098354101
105994,0.009005115367472172
106001,0.006583833135664463
106008,0.0030455724336206913
106015,0.30135878920555115
106022,0.006024478003382683
106029,0.019558511674404144
106036,0.002983763813972473
106043,0.013419360853731632
106050,0.0034273636993020773
106057,0.006025644484907389
106064,0.004030667245388031
106071,0.03491361439228058
106078,0.010377154685556889
106085,0.005027590319514275
106092,0.0034704532008618116
106099,0.025469325482845306
106106,0.02060326375067234
106113,0.00870924536138773
106120,0.002045587170869112
106127,0.07024338096380234
106134,0.0031670283060520887
106141,0.006161082070320845
106148,0.0036951627116650343
106155,0.007023581303656101
106162,0.0104127898812294
106169,0.006897490471601486
106176,0.005481296218931675
106183,0.00993040669709444
106190,0.0055528972297906876
106197,0.009272648021578789
106204,0.0019907630048692226
106211,0.014571301639080048
106218,0.018893957138061523
106225,0.011011062189936638
106232,0.006861562840640545
106239,0.005612627603113651
106246,0.0056890277191996574
106253,0.06536303460597992
106260,0.013604062609374523
106267,0.016425589099526405
106274,0.009255189448595047
106281,0.009120108559727669
106288,0.0051758624613285065
106295,0.007577498443424702
106302,0.003746556583791971
106309,0.007800726220011711
106316,0.11216500401496887
106323,0.02830546908080578
106330,0.004508960992097855
106337,0.007592919282615185
106344,0.15418249368667603
106351,0.020661015063524246
106358,0.013546783477067947
106365,0.007547755725681782
106372,0.00389608321711421
106379,0.005054355598986149
106386,0.15318700671195984
106393,0.01947365328669548
106400,0.0059373509138822556
106407,0.0875765010714531
106414,0.005054822191596031
106421,0.01252067182213068
106428,0.009449291974306107
106435,0.03404459357261658
106442,0.0026482895482331514
106449,0.018566250801086426
106456,0.00661163404583931
106463,0.016841527074575424
106470,0.01640850305557251
106477,0.010245720855891705
106484,0.005572087597101927
106491,0.00819361861795187
106498,0.004545098636299372
106505,0.007690843660384417
106512,0.00927746668457985
106519,0.060275137424468994
106526,0.006056397221982479
106533,0.005973151419311762
106540,0.028588660061359406
106547,0.009507870301604271
106554,0.08245053142309189
106561,0.00506163202226162
106568,0.10361617803573608
106575,0.007689456455409527
106582,0.011645782738924026
106589,0.005668940022587776
106596,0.0063252635300159454
106603,0.002703552134335041
106610,0.008217441849410534
106617,0.007037726230919361
106624,0.1109495535492897
106631,0.006427816580981016
106638,0.005484429653733969
106645,0.010202206671237946
106652,0.007276030257344246
106659,0.006139093078672886
106666,0.002884051064029336
106673,0.009288416244089603
106680,0.003934659995138645
106687,0.0054621268063783646
106694,0.09090094268321991
106701,0.21293853223323822
106708,0.008369756862521172
106715,0.013157559558749199
106722,0.009814796037971973
106729,0.007519378326833248
106736,0.0026208776980638504
106743,0.008758052252233028
106750,0.015087229199707508
106757,0.005582565441727638
106764,0.004544408060610294
106771,0.002886272268369794
106778,0.0025683711282908916
106785,0.0048943436704576015
106792,0.002472700085490942
106799,0.003118487074971199
106806,0.024467861279845238
106813,0.01402662880718708
106820,0.0030451123602688313
106827,0.003128577023744583
106834,0.008156695403158665
106841,0.017084777355194092
106848,0.02134045399725437
106855,0.003890723455697298
106862,0.006561105139553547
106869,0.010072184726595879
106876,0.005692900158464909
106883,0.004319016821682453
106890,0.01062983088195324
106897,0.09541094303131104
106904,0.014659255743026733
106911,0.005177571903914213
106918,0.006043093744665384
106925,0.06910387426614761
106932,0.15967980027198792
106939,0.02853994257748127
106946,0.002656009513884783
106953,0.08312510699033737
106960,0.007296161260455847
106967,0.01950589381158352
106974,0.007231436669826508
106981,0.012111456133425236
106988,0.006926282308995724
106995,0.006866162177175283
107002,0.00900747999548912
107009,0.017713552340865135
107016,0.005947191268205643
107023,0.0025300555862486362
107030,0.006337232422083616
107037,0.10111665725708008
107044,0.005115274805575609
107051,0.0032084346748888493
107058,0.024304669350385666
107065,0.008260292932391167
107072,0.002607046626508236
107079,0.004175635054707527
107086,0.005020943470299244
107093,0.014305546879768372
107100,0.00441531278192997
107107,0.1259656399488449
107114,0.004793113563209772
107121,0.009256419725716114
107128,0.0071799661964178085
107135,0.008623408153653145
107142,0.002663753228262067
107149,0.006087108980864286
107156,0.010062198154628277
107163,0.062290024012327194
107170,0.009756012819707394
107177,0.00468428386375308
107184,0.004530046600848436
107191,0.009413451887667179
107198,0.15651607513427734
107205,0.006508958525955677
107212,0.0050232745707035065
107219,0.008562125265598297
107226,0.006293169222772121
107233,0.05405917391180992
107240,0.045711223036050797
107247,0.006333718542009592
107254,0.003181931795552373
107261,0.00854344293475151
107268,0.07021548599004745
107275,0.005992991384118795
107282,0.00499351229518652
107289,0.012813366018235683
107296,0.11532222479581833
107303,0.006427650339901447
107310,0.003609470557421446
107317,0.004456960596144199
107324,0.009135307744145393
107331,0.005399223417043686
107338,0.011161558330059052
107345,0.0020650499500334263
107352,0.0021696649491786957
107359,0.008311760611832142
107366,0.007777483202517033
107373,0.008859743364155293
107380,0.032174546271562576
107387,0.12173666059970856
107394,0.006530378013849258
107401,0.1448913961648941
107408,0.010651901364326477
107415,0.003252411028370261
107422,0.05197233706712723
107429,0.004552217200398445
107436,0.006822566501796246
107443,0.028033841401338577
107450,0.007145856972783804
107457,0.009461091831326485
107464,0.009165323339402676
107471,0.0075258612632751465
107478,0.006788506638258696
107485,0.012699887156486511
107492,0.008834348991513252
107499,0.09903185069561005
107506,0.01667439565062523
107513,0.005138523876667023
107520,0.0037177542690187693
107527,0.01061013899743557
107534,0.016090920194983482
107541,0.058405350893735886
107548,0.0067236823961138725
107555,0.04931751266121864
107562,0.009345801547169685
107569,0.004464134108275175
107576,0.02561204507946968
107583,0.012270636856555939
107590,0.01584804244339466
107597,0.008691532537341118
107604,0.008320468477904797
107611,0.013856993988156319
107618,0.008266792632639408
107625,0.0056009441614151
107632,0.014398206025362015
107639,0.008039132691919804
107646,0.011072451248764992
107653,0.0045043108984827995
107660,0.004353770054876804
107667,0.005401467438787222
107674,0.010938096791505814
107681,0.17541518807411194
107688,0.0051564909517765045
107695,0.004273154307156801
107702,0.011291426606476307
107709,0.1185845285654068
107716,0.00716314185410738
107723,0.022143540903925896
107730,0.010409039445221424
107737,0.009301342070102692
107744,0.028716538101434708
107751,0.010989724658429623
107758,0.02278992533683777
107765,0.010191857814788818
107772,0.14163993299007416
107779,0.09894859045743942
107786,0.020810503512620926
107793,0.00957007147371769
107800,0.00927678868174553
107807,0.009385230019688606
107814,0.013155168853700161
107821,0.028284728527069092
107828,0.009284541010856628
107835,0.007984520867466927
107842,0.0059348223730921745
107849,0.0073342761024832726
107856,0.004120601341128349
107863,0.010004980489611626
107870,0.10129643231630325
107877,0.11208943277597427
107884,0.010407553985714912
107891,0.006578667089343071
107898,0.015443578362464905
107905,0.01442947331815958
107912,0.016805877909064293
107919,0.011434867046773434
107926,0.0038144169375300407
107933,0.0054878005757927895
107940,0.009617753326892853
107947,0.0017472534673288465
107954,0.013050850480794907
107961,0.05672561749815941
107968,0.01203630119562149
107975,0.006866961717605591
107982,0.00407914025709033
107989,0.015160469338297844
107996,0.004297745414078236
108003,0.006171679124236107
108010,0.0031435140408575535
108017,0.010026958771049976
108024,0.004059077240526676
108031,0.007559060584753752
108038,0.006777860689908266
108045,0.011978013440966606
108052,0.0307626836001873
108059,0.08346374332904816
108066,0.004261142574250698
108073,0.0082685686647892
108080,0.00918383989483118
108087,0.007360422518104315
108094,0.006330203264951706
108101,0.005213869735598564
108108,0.045631833374500275
108115,0.007411027327179909
108122,0.006608169991523027
108129,0.1343189775943756
108136,0.01475574728101492
108143,0.00628219498321414
108150,0.008723443374037743
108157,0.009626306593418121
108164,0.03537592664361
108171,0.006017512641847134
108178,0.026518112048506737
108185,0.15300646424293518
108192,0.0077733127400279045
108199,0.011642379686236382
108206,0.012450632639229298
108213,0.006783696822822094
108220,0.005430187098681927
108227,0.006253277882933617
108234,0.006356523837894201
108241,0.011080705560743809
108248,0.0055574229918420315
108255,0.007837599143385887
108262,0.004822813905775547
108269,0.022740185260772705
108276,0.0026762355118989944
108283,0.0045285942032933235
108290,0.026440821588039398
108297,0.01034859474748373
108304,0.006599346175789833
108311,0.10025765746831894
108318,0.01524454727768898
108325,0.005390882957726717
108332,0.03142106160521507
108339,0.006227792240679264
108346,0.004799963906407356
108353,0.005746916867792606
108360,0.02214144356548786
108367,0.02120605856180191
108374,0.009026838466525078
108381,0.004645176697522402
108388,0.007129445672035217
108395,0.007574679795652628
108402,0.002206430770456791
108409,0.006736746057868004
108416,0.012385917827486992
108423,0.007928421720862389
108430,0.013461954891681671
108437,0.007109569385647774
108444,0.0008768050465732813
108451,0.002171997679397464
108458,0.004084240645170212
108465,0.005556168965995312
108472,0.0073095401749014854
108479,0.0010977379279211164
108486,0.006067871116101742
108493,0.001727159135043621
108500,0.004545736592262983
108507,0.005051645450294018
108514,0.013066514395177364
108521,0.006425357423722744
108528,0.0039981333538889885
108535,0.007418399676680565
108542,0.002448281506076455
108549,0.003524258267134428
108556,0.015031464397907257
108563,0.022814784198999405
108570,0.005388319492340088
108577,0.008097859099507332
108584,0.006008912343531847
108591,0.06748571991920471
108598,0.001454353565350175
108605,0.0037656251806765795
108612,0.003407429438084364
108619,0.007337966002523899
108626,0.02296755462884903
108633,0.02677989937365055
108640,0.08969952166080475
108647,0.011103887110948563
108654,0.00600879592821002
108661,0.004326554946601391
108668,0.03219721093773842
108675,0.008620715700089931
108682,0.01844114623963833
108689,0.021512582898139954
108696,0.006037433631718159
108703,0.17072945833206177
108710,0.01473943516612053
108717,0.0047392044216394424
108724,0.006521003786474466
108731,0.030484639108181
108738,0.005026001948863268
108745,0.013604742474853992
108752,0.005628874525427818
108759,0.010159380733966827
108766,0.0036539046559482813
108773,0.002636142075061798
108780,0.018443232402205467
108787,0.0033125996123999357
108794,0.0027844791766256094
108801,0.033046264201402664
108808,0.0029322532936930656
108815,0.05662640556693077
108822,0.00408170698210597
108829,0.13076947629451752
108836,0.008575146086513996
108843,0.004200084134936333
108850,0.06426697969436646
108857,0.0059385597705841064
108864,0.004788173828274012
108871,0.007663267198950052
108878,0.006104093510657549
108885,0.02477210760116577
108892,0.10646157711744308
108899,0.011216365732252598
108906,0.010015562176704407
108913,0.009663751348853111
108920,0.012917062267661095
108927,0.005052351858466864
108934,0.11603996902704239
108941,0.09224448353052139
108948,0.013425307348370552
108955,0.012248920276761055
108962,0.0051444461569190025
108969,0.012692735530436039
108976,0.0021241812501102686
108983,0.0032418230548501015
108990,0.0034200523514300585
108997,0.030861476436257362
109004,0.01068381778895855
109011,0.009986720979213715
109018,0.009771671146154404
109025,0.011525735259056091
109032,0.002896639984101057
109039,0.005464406218379736
109046,0.048009708523750305
109053,0.006686467677354813
109060,0.010333750396966934
109067,0.0035885958932340145
109074,0.007402163930237293
109081,0.0157327800989151
109088,0.011530647985637188
109095,0.015757622197270393
109102,0.14881376922130585
109109,0.004381481092423201
109116,0.1974158138036728
109123,0.008364586159586906
109130,0.19098569452762604
109137,0.02541167289018631
109144,0.007279471959918737
109151,0.00391682144254446
109158,0.00922173261642456
109165,0.009830285795032978
109172,0.0044346340000629425
109179,0.00963649246841669
109186,0.0037579538766294718
109193,0.007408043369650841
109200,0.005779138766229153
109207,0.0622003935277462
109214,0.03657817095518112
109221,0.00842707697302103
109228,0.010209201835095882
109235,0.1300480216741562
109242,0.012041846290230751
109249,0.0039582327008247375
109256,0.05527983605861664
109263,0.01488746888935566
109270,0.005156846717000008
109277,0.2730511426925659
109284,0.012994307093322277
109291,0.004733860492706299
109298,0.004474887158721685
109305,0.00894493144005537
109312,0.03845946863293648
109319,0.004321455489844084
109326,0.010216260328888893
109333,0.013243751600384712
109340,0.00466560572385788
109347,0.01063056942075491
109354,0.008925563655793667
109361,0.0316801555454731
109368,0.007595899049192667
109375,0.005992601625621319
109382,0.009690342471003532
109389,0.015155022963881493
109396,0.0036384479608386755
109403,0.006689607165753841
109410,0.008940535597503185
109417,0.012137426994740963
109424,0.004651272669434547
109431,0.004786757752299309
109438,0.00848748255521059
109445,0.003369225189089775
109452,0.017897378653287888
109459,0.00657024746760726
109466,0.06353747099637985
109473,0.006473742425441742
109480,0.15460829436779022
109487,0.018345315009355545
109494,0.007265474647283554
109501,0.008344636298716068
109508,0.0037910835817456245
109515,0.03191206604242325
109522,0.010569557547569275
109529,0.019353967159986496
109536,0.005912495777010918
109543,0.0017940903780981898
109550,0.006627605762332678
109557,0.0031558433547616005
109564,0.003999629523605108
109571,0.004184854216873646
109578,0.011014007031917572
109585,0.06041758507490158
109592,0.04515776038169861
109599,0.0063666049391031265
109606,0.007983459159731865
109613,0.008466752246022224
109620,0.004884656053036451
109627,0.006456784904003143
109634,0.0033504909370094538
109641,0.0034171398729085922
109648,0.006113211624324322
109655,0.07170815765857697
109662,0.006029775366187096
109669,0.09736647456884384
109676,0.21647314727306366
109683,0.11006566137075424
109690,0.2433961033821106
109697,0.03517363592982292
109704,0.004795324057340622
109711,0.004976867698132992
109718,0.2545396685600281
109725,0.00792095996439457
109732,0.011695426888763905
109739,0.012423796579241753
109746,0.00382200232706964
109753,0.007967734709382057
109760,0.006240920163691044
109767,0.007048013620078564
109774,0.025623206049203873
109781,0.06201905384659767
109788,0.039514753967523575
109795,0.0032622457947582006
109802,0.0034209932200610638
109809,0.0034928759559988976
109816,0.04483756050467491
109823,0.0719628855586052
109830,0.006922563537955284
109837,0.0027612599078565836
109844,0.005237588193267584
109851,0.010156461037695408
109858,0.0045577287673950195
109865,0.010483895428478718
109872,0.03219853714108467
109879,0.1331380307674408
109886,0.13770617544651031
109893,0.006173020228743553
109900,0.005865500308573246
109907,0.003531254595145583
109914,0.00677627045661211
109921,0.008997766301035881
109928,0.027742737904191017
109935,0.005007486790418625
109942,0.009053479880094528
109949,0.08646704256534576
109956,0.010172492824494839
109963,0.004958020988851786
109970,0.007318692747503519
109977,0.004837359301745892
109984,0.020690815523266792
109991,0.012065744027495384
109998,0.00859447754919529
110005,0.004389692097902298
110012,0.015769734978675842
110019,0.007449887692928314
110026,0.004625829868018627
110033,0.026438629254698753
110040,0.00960371270775795
110047,0.0046509262174367905
110054,0.302409291267395
110061,0.0043087247759103775
110068,0.025378327816724777
110075,0.007897580042481422
110082,0.007566142827272415
110089,0.03194146230816841
110096,0.010851673781871796
110103,0.003941252827644348
110110,0.007454755716025829
110117,0.005510589573532343
110124,0.013839665800333023
110131,0.009616844356060028
110138,0.006821444258093834
110145,0.06715317070484161
110152,0.017518704757094383
110159,0.002786993980407715
110166,0.011336245574057102
110173,0.021327361464500427
110180,0.006427105516195297
110187,0.004052679054439068
110194,0.004885646514594555
110201,0.018083179369568825
110208,0.010277006775140762
110215,0.006704273633658886
110222,0.005820118356496096
110229,0.008064630441367626
110236,0.031593646854162216
110243,0.0057914974167943
110250,0.06807172298431396
110257,0.003724563168361783
110264,0.06955977529287338
110271,0.00955403596162796
110278,0.0034710662439465523
110285,0.004422907717525959
110292,0.013410156592726707
110299,0.01136225089430809
110306,0.009814424440264702
110313,0.015018077567219734
110320,0.005643188487738371
110327,0.00619716290384531
110334,0.012190093286335468
110341,0.00497617619112134
110348,0.007159283850342035
110355,0.004714364185929298
110362,0.010835479013621807
110369,0.01766979694366455
110376,0.005381015595048666
110383,0.02373320609331131
110390,0.004271684214472771
110397,0.017627902328968048
110404,0.004640473052859306
110411,0.0037612973246723413
110418,0.1242683157324791
110425,0.14694741368293762
110432,0.010128678753972054
110439,0.016497958451509476
110446,0.010169473476707935
110453,0.011163497343659401
110460,0.1487353891134262
110467,0.03447415679693222
110474,0.007903942838311195
110481,0.010793705470860004
110488,0.005617921240627766
110495,0.010646004229784012
110502,0.0052836560644209385
110509,0.0024600333999842405
110516,0.0019435256253927946
110523,0.0039000147953629494
110530,0.011512516997754574
110537,0.010678204707801342
110544,0.003937161061912775
110551,0.014213984832167625
110558,0.014203663915395737
110565,0.01357549149543047
110572,0.0024782095570117235
110579,0.007747778668999672
110586,0.016846317797899246
110593,0.0069084735587239265
110600,0.002546304138377309
110607,0.021394960582256317
110614,0.04526085779070854
110621,0.008285961113870144
110628,0.004471492022275925
110635,0.0065375445410609245
110642,0.19648456573486328
110649,0.0074948412366211414
110656,0.01167086698114872
110663,0.015433305874466896
110670,0.0187363363802433
110677,0.0059527866542339325
110684,0.003571961773559451
110691,0.014950539916753769
110698,0.00294089550152421
110705,0.0042447056621313095
110712,0.013291402719914913
110719,0.02039719931781292
110726,0.13319462537765503
110733,0.008201967924833298
110740,0.023565348237752914
110747,0.0047304402105510235
110754,0.04939277842640877
110761,0.0016211243346333504
110768,0.0033017494715750217
110775,0.00857052393257618
110782,0.052237819880247116
110789,0.003483592765405774
110796,0.11029106378555298
110803,0.004660727921873331
110810,0.009396973997354507
110817,0.016134113073349
110824,0.0037384890019893646
110831,0.022205902263522148
110838,0.006924713030457497
110845,0.0041337450966238976
110852,0.1398000866174698
110859,0.012723136693239212
110866,0.12107747793197632
110873,0.015455545857548714
110880,0.007360315881669521
110887,0.014831298030912876
110894,0.010232430882751942
110901,0.004863675218075514
110908,0.005862498190253973
110915,0.016392981633543968
110922,0.011379323899745941
110929,0.011414362117648125
110936,0.051661524921655655
110943,0.20533062517642975
110950,0.0837302878499031
110957,0.01130166370421648
110964,0.00312533020041883
110971,0.003186454763635993
110978,0.0024588643573224545
110985,0.010431252419948578
110992,0.005988485645502806
110999,0.004012592136859894
111006,0.002424150239676237
111013,0.0072452351450920105
111020,0.013861076906323433
111027,0.2026551365852356
111034,0.009900466538965702
111041,0.007192274555563927
111048,0.0064292000606656075
111055,0.0038724823389202356
111062,0.011148707941174507
111069,0.006271738559007645
111076,0.015417156741023064
111083,0.03768451511859894
111090,0.028097793459892273
111097,0.006127201020717621
111104,0.009275567717850208
111111,0.0042180209420621395
111118,0.011646955274045467
111125,0.0066785202361643314
111132,0.013230912387371063
111139,0.0028002725448459387
111146,0.0067548430524766445
111153,0.011151044629514217
111160,0.1387597918510437
111167,0.013227398507297039
111174,0.14170610904693604
111181,0.0038464893586933613
111188,0.013464545831084251
111195,0.00527892354875803
111202,0.01352649088948965
111209,0.011482611298561096
111216,0.005363501608371735
111223,0.011403778567910194
111230,0.007345566526055336
111237,0.005983126815408468
111244,0.006591868121176958
111251,0.019009798765182495
111258,0.011976448819041252
111265,0.01810229942202568
111272,0.012376816011965275
111279,0.007756233215332031
111286,0.006295752711594105
111293,0.008203718811273575
111300,0.005508405156433582
111307,0.04656565189361572
111314,0.003968286328017712
111321,0.01208761241286993
111328,0.011884288862347603
111335,0.041270848363637924
111342,0.006387119647115469
111349,0.04688002169132233
111356,0.09781605005264282
111363,0.01723465882241726
111370,0.004013577476143837
111377,0.10075340420007706
111384,0.013591752387583256
111391,0.015434042550623417
111398,0.015015511773526669
111405,0.007099163718521595
111412,0.0035087158903479576
111419,0.002810452599078417
111426,0.25469711422920227
111433,0.0024801711551845074
111440,0.0060676950961351395
111447,0.009424692019820213
111454,0.004384308122098446
111461,0.19792509078979492
111468,0.00812098290771246
111475,0.0096421018242836
111482,0.03458738699555397
111489,0.004767138510942459
111496,0.008116539567708969
111503,0.023688487708568573
111510,0.011526965536177158
111517,0.01676391251385212
111524,0.011610356159508228
111531,0.018553197383880615
111538,0.005781298037618399
111545,0.02213391289114952
111552,0.003494564676657319
111559,0.008896196261048317
111566,0.004276110325008631
111573,0.004668864421546459
111580,0.026871729642152786
111587,0.1155436709523201
111594,0.026994211599230766
111601,0.007931762374937534
111608,0.0032271244563162327
111615,0.007644963450729847
111622,0.007364945486187935
111629,0.07855744659900665
111636,0.13429389894008636
111643,0.015724236145615578
111650,0.010218581184744835
111657,0.014959746971726418
111664,0.0027694287709891796
111671,0.005334594286978245
111678,0.0024584373459219933
111685,0.014894331805408001
111692,0.19608768820762634
111699,0.007906626909971237
111706,0.017947880551218987
111713,0.01721883751451969
111720,0.004637156613171101
111727,0.010081855580210686
111734,0.013785597868263721
111741,0.021145693957805634
111748,0.01787932962179184
111755,0.004333650693297386
111762,0.026117054745554924
111769,0.0038721314631402493
111776,0.006709562614560127
111783,0.0055860537104308605
111790,0.04504949599504471
111797,0.007879051379859447
111804,0.019414501264691353
111811,0.0284018125385046
111818,0.11264712363481522
111825,0.013982005417346954
111832,0.012886958196759224
111839,0.014500337652862072
111846,0.010418210178613663
111853,0.00595461018383503
111860,0.006759602576494217
111867,0.011972714215517044
111874,0.006592950783669949
111881,0.007170454133301973
111888,0.0013767689233645797
111895,0.00605335459113121
111902,0.0041091544553637505
111909,0.005792394280433655
111916,0.05121748894453049
111923,0.015011370182037354
111930,0.007322005461901426
111937,0.017379824072122574
111944,0.01040707342326641
111951,0.008687355555593967
111958,0.006978282704949379
111965,0.0060257334262132645
111972,0.0035102209076285362
111979,0.008698998019099236
111986,0.0051584914326667786
111993,0.010702253319323063
112000,0.006190603133291006
112007,0.007743523921817541
112014,0.012251934967935085
112021,0.003975409083068371
112028,0.011282912455499172
112035,0.01913766749203205
112042,0.1763562560081482
112049,0.12660399079322815
112056,0.0030195375438779593
112063,0.004219739232212305
112070,0.0069522010162472725
112077,0.006107088644057512
112084,0.019332991912961006
112091,0.004422600381076336
112098,0.009442079812288284
112105,0.004320634063333273
112112,0.04424510896205902
112119,0.0052811093628406525
112126,0.00955925416201353
112133,0.14348137378692627
112140,0.005453281104564667
112147,0.02049889601767063
112154,0.009259417653083801
112161,0.005525614134967327
112168,0.15841788053512573
112175,0.0595824159681797
112182,0.016397297382354736
112189,0.009956557303667068
112196,0.007846861146390438
112203,0.02718438021838665
112210,0.009616300463676453
112217,0.02860180288553238
112224,0.007639111950993538
112231,0.00534094450995326
112238,0.008640985935926437
112245,0.011081952601671219
112252,0.01269125659018755
112259,0.0038400182966142893
112266,0.00357153732329607
112273,0.002661719685420394
112280,0.004979848861694336
112287,0.008522591553628445
112294,0.16710250079631805
112301,0.004477071575820446
112308,0.005162293091416359
112315,0.006687277927994728
112322,0.004010848701000214
112329,0.020007800310850143
112336,0.00638137012720108
112343,0.01423734426498413
112350,0.009188152849674225
112357,0.017931673675775528
112364,0.005281976889818907
112371,0.004981466569006443
112378,0.09413951635360718
112385,0.18277549743652344
112392,0.008304227143526077
112399,0.006654302589595318
112406,0.11003496497869492
112413,0.020124927163124084
112420,0.030926547944545746
112427,0.1404789388179779
112434,0.014239690266549587
112441,0.009842275641858578
112448,0.01738988608121872
112455,0.012854533270001411
112462,0.005944119766354561
112469,0.006433540023863316
112476,0.005975075997412205
112483,0.003505109343677759
112490,0.004297387320548296
112497,0.005337807349860668
112504,0.0032646958716213703
112511,0.10436536371707916
112518,0.00960906594991684
112525,0.007583474274724722
112532,0.012473166920244694
112539,0.013714300468564034
112546,0.004937318153679371
112553,0.09763892740011215
112560,0.05463528633117676
112567,0.017537342384457588
112574,0.0025704833678901196
112581,0.0038595269434154034
112588,0.009292557835578918
112595,0.13971881568431854
112602,0.003410750301554799
112609,0.00633232481777668
112616,0.013217322528362274
112623,0.011795705184340477
112630,0.005224244669079781
112637,0.011454173363745213
112644,0.07839439064264297
112651,0.008211088366806507
112658,0.01397508941590786
112665,0.0028864904306828976
112672,0.051949359476566315
112679,0.0163582656532526
112686,0.003964331466704607
112693,0.006330289877951145
112700,0.033383652567863464
112707,0.007828228175640106
112714,0.008634593337774277
112721,0.03287144750356674
112728,0.013435209169983864
112735,0.003696366911754012
112742,0.023642607033252716
112749,0.006319413427263498
112756,0.004318340681493282
112763,0.0027404041029512882
112770,0.007266045548021793
112777,0.0026128781028091908
112784,0.005443678703159094
112791,0.08894265443086624
112798,0.0050950972363352776
112805,0.01314526703208685
112812,0.009803397580981255
112819,0.023135658353567123
112826,0.010618378408253193
112833,0.03637273609638214
112840,0.016841642558574677
112847,0.008842814713716507
112854,0.0037045436911284924
112861,0.007670546881854534
112868,0.005565763916820288
112875,0.010023808106780052
112882,0.011531271040439606
112889,0.02255801111459732
112896,0.004798293113708496
112903,0.01496001984924078
112910,0.009765254333615303
112917,0.034211017191410065
112924,0.008865203708410263
112931,0.00535964872688055
112938,0.0082878228276968
112945,0.004973147064447403
112952,0.005228762980550528
112959,0.006182949524372816
112966,0.0071877483278512955
112973,0.010405376553535461
112980,0.005243529565632343
112987,0.007012751419097185
112994,0.008501616306602955
113001,0.006782015785574913
113008,0.002546165604144335
113015,0.008322767913341522
113022,0.15578816831111908
113029,0.0034948186948895454
113036,0.01786874420940876
113043,0.0026544989086687565
113050,0.04022814333438873
113057,0.0016109092393890023
113064,0.00790158286690712
113071,0.005821099039167166
113078,0.004147102124989033
113085,0.003190327202901244
113092,0.008642936125397682
113099,0.006079524755477905
113106,0.0035397864412516356
113113,0.004255731124430895
113120,0.004541977308690548
113127,0.004160698503255844
113134,0.011674717999994755
113141,0.016142724081873894
113148,0.007578534074127674
113155,0.006259976886212826
113162,0.0020467033609747887
113169,0.007880871184170246
113176,0.139439195394516
113183,0.0047014327719807625
113190,0.0019420007010921836
113197,0.021004697307944298
113204,0.0038925823755562305
113211,0.0051643503829836845
113218,0.003561639692634344
113225,0.008217224851250648
113232,0.16354654729366302
113239,0.008263098075985909
113246,0.12615525722503662
113253,0.011677764356136322
113260,0.004201377276331186
113267,0.00787483248859644
113274,0.0021447939798235893
113281,0.007937747053802013
113288,0.14387202262878418
113295,0.007550965994596481
113302,0.0071849524974823
113309,0.005334341432899237
113316,0.005776790902018547
113323,0.06234133988618851
113330,0.006350685842335224
113337,0.0649372786283493
113344,0.008477635681629181
113351,0.007623314391821623
113358,0.0015703270910307765
113365,0.022756632417440414
113372,0.00613004993647337
113379,0.00880208145827055
113386,0.0022334763780236244
113393,0.0030561834573745728
113400,0.005511843133717775
113407,0.008039798587560654
113414,0.006440114229917526
113421,0.11154834926128387
113428,0.003745332593098283
113435,0.011232927441596985
113442,0.0058471160009503365
113449,0.0775112509727478
113456,0.014053482562303543
113463,0.003665247233584523
113470,0.0043882643803954124
113477,0.1249624490737915
113484,0.008804436773061752
113491,0.013488322496414185
113498,0.0031925232615321875
113505,0.008348360657691956
113512,0.019905824214220047
113519,0.010020972229540348
113526,0.010665537789463997
113533,0.004896422382444143
113540,0.0163867324590683
113547,0.0062906332314014435
113554,0.005756084807217121
113561,0.002793374005705118
113568,0.006279554218053818
113575,0.012460105121135712
113582,0.004871195647865534
113589,0.005213860422372818
113596,0.027123743668198586
113603,0.0025433821137994528
113610,0.004563877824693918
113617,0.03909863904118538
113624,0.0011450207093730569
113631,0.008119560778141022
113638,0.09465744346380234
113645,0.0032425853423774242
113652,0.007042259909212589
113659,0.004673869349062443
113666,0.017994463443756104
113673,0.007294158451259136
113680,0.007153855636715889
113687,0.00364841241389513
113694,0.02659016102552414
113701,0.09995447099208832
113708,0.009695690125226974
113715,0.008735932409763336
113722,0.019523466005921364
113729,0.010507386177778244
113736,0.030825413763523102
113743,0.015511339530348778
113750,0.0040003350004553795
113757,0.003029259154573083
113764,0.012383757159113884
113771,0.003323217621073127
113778,0.06093614548444748
113785,0.009042282588779926
113792,0.04806995764374733
113799,0.08994526416063309
113806,0.006377103738486767
113813,0.09666036814451218
113820,0.007577299140393734
113827,0.007553961127996445
113834,0.007532140240073204
113841,0.010631492361426353
113848,0.08284597843885422
113855,0.006944554857909679
113862,0.012967092916369438
113869,0.0359366200864315
113876,0.01091524213552475
113883,0.014417652040719986
113890,0.010943449102342129
113897,0.0529899075627327
113904,0.06576943397521973
113911,0.004361866042017937
113918,0.019776728004217148
113925,0.10034886002540588
113932,0.014891336672008038
113939,0.005682691931724548
113946,0.21370120346546173
113953,0.008882707916200161
113960,0.004729440435767174
113967,0.005498169921338558
113974,0.004375302232801914
113981,0.0050367191433906555
113988,0.0055961464531719685
113995,0.006111309863626957
114002,0.004658984020352364
114009,0.018277384340763092
114016,0.018430005759000778
114023,0.011823512613773346
114030,0.06351057440042496
114037,0.04089752212166786
114044,0.0147042041644454
114051,0.011843726970255375
114058,0.009721782989799976
114065,0.01088518463075161
114072,0.014956377446651459
114079,0.010377248749136925
114086,0.017488282173871994
114093,0.00865150149911642
114100,0.005997663829475641
114107,0.005589901003986597
114114,0.0030200397595763206
114121,0.01062781922519207
114128,0.012195823714137077
114135,0.09400670975446701
114142,0.015186488628387451
114149,0.0034684834536165
114156,0.012757458724081516
114163,0.007468974217772484
114170,0.01774955913424492
114177,0.07475517690181732
114184,0.004219570197165012
114191,0.010093136690557003
114198,0.0025711003690958023
114205,0.005837693810462952
114212,0.06304680556058884
114219,0.006317589432001114
114226,0.013463975861668587
114233,0.0034674950875341892
114240,0.003554205410182476
114247,0.017748989164829254
114254,0.004905227571725845
114261,0.00697559118270874
114268,0.013332615606486797
114275,0.018310196697711945
114282,0.06814484298229218
114289,0.0059600528329610825
114296,0.009776380844414234
114303,0.013531601056456566
114310,0.005466736387461424
114317,0.013306508772075176
114324,0.03110504150390625
114331,0.01317012868821621
114338,0.017649084329605103
114345,0.019160795956850052
114352,0.009722918272018433
114359,0.015781255438923836
114366,0.00972843263298273
114373,0.006522068753838539
114380,0.0024926222395151854
114387,0.0585068017244339
114394,0.009668059647083282
114401,0.07585355639457703
114408,0.21075642108917236
114415,0.0038387044332921505
114422,0.0048663429915905
114429,0.005141058471053839
114436,0.011707423254847527
114443,0.005749834701418877
114450,0.010341431945562363
114457,0.01087864302098751
114464,0.003601506818085909
114471,0.016461804509162903
114478,0.16663247346878052
114485,0.044921115040779114
114492,0.024917805567383766
114499,0.045536309480667114
114506,0.005126824136823416
114513,0.007510581985116005
114520,0.020476138219237328
114527,0.013577250763773918
114534,0.012015415355563164
114541,0.1577240377664566
114548,0.012033643200993538
114555,0.011496871709823608
114562,0.15815067291259766
114569,0.008169490844011307
114576,0.008184364065527916
114583,0.003951733931899071
114590,0.024541310966014862
114597,0.011435328051447868
114604,0.011990698985755444
114611,0.15667061507701874
114618,0.005765753798186779
114625,0.0046986062079668045
114632,0.004434576258063316
114639,0.024254655465483665
114646,0.004180010408163071
114653,0.009021938778460026
114660,0.00832161121070385
114667,0.006785710342228413
114674,0.010652294382452965
114681,0.005992732010781765
114688,0.009072298184037209
114695,0.018814049661159515
114702,0.017977725714445114
114709,0.016448957845568657
114716,0.09350655227899551
114723,0.04062369838356972
114730,0.004736867267638445
114737,0.0074922749772667885
114744,0.07200457155704498
114751,0.018664218485355377
114758,0.01234285905957222
114765,0.015415417030453682
114772,0.007424480747431517
114779,0.035769518464803696
114786,0.00802660547196865
114793,0.012536149471998215
114800,0.009384066797792912
114807,0.0038774842396378517
114814,0.009853607974946499
114821,0.015434784814715385
114828,0.0051790326833724976
114835,0.03855115547776222
114842,0.009027308784425259
114849,0.0031296047382056713
114856,0.0785069689154625
114863,0.0800752192735672
114870,0.00529487244784832
114877,0.007949489168822765
114884,0.013193954713642597
114891,0.009846951812505722
114898,0.007256007753312588
114905,0.011809341609477997
114912,0.005685344338417053
114919,0.012546071782708168
114926,0.02192743308842182
114933,0.004872491117566824
114940,0.011788997799158096
114947,0.00277808983810246
114954,0.03448454290628433
114961,0.004195564426481724
114968,0.01418205164372921
114975,0.05248333513736725
114982,0.002990132197737694
114989,0.007711701560765505
114996,0.006754600442945957
115003,0.005367192439734936
115010,0.005070541985332966
115017,0.006153814494609833
115024,0.01585526019334793
115031,0.007221018895506859
115038,0.02042287215590477
115045,0.010052690282464027
115052,0.008167128078639507
115059,0.0024517616257071495
115066,0.00897456519305706
115073,0.006902054883539677
115080,0.005295743700116873
115087,0.031037738546729088
115094,0.015272759832441807
115101,0.0046623037196695805
115108,0.18023984134197235
115115,0.003965352196246386
115122,0.01788930967450142
115129,0.0070075588300824165
115136,0.09129908680915833
115143,0.004309540148824453
115150,0.014365377835929394
115157,0.0041274712421
115164,0.005919930059462786
115171,0.002774896565824747
115178,0.01367412880063057
115185,0.0066409665159881115
115192,0.014535513706505299
115199,0.0035062385722994804
115206,0.056600987911224365
115213,0.0517665334045887
115220,0.005430261604487896
115227,0.007098164409399033
115234,0.005064063705503941
115241,0.0014651597011834383
115248,0.009482151828706264
115255,0.013035024516284466
115262,0.007621632423251867
115269,0.010236452333629131
115276,0.0030551867093890905
115283,0.00528370775282383
115290,0.00998107623308897
115297,0.03948822245001793
115304,0.00842105969786644
115311,0.004464086145162582
115318,0.011227017268538475
115325,0.006148547865450382
115332,0.0255984365940094
115339,0.0072766258381307125
115346,0.04745760187506676
115353,0.00797206535935402
115360,0.013587823137640953
115367,0.010431560687720776
115374,0.03346050903201103
115381,0.003312441287562251
115388,0.0012330773752182722
115395,0.005703683476895094
115402,0.018803998827934265
115409,0.011858344078063965
115416,0.0028011249378323555
115423,0.015539109706878662
115430,0.002193171065300703
115437,0.20327921211719513
115444,0.012555875815451145
115451,0.13448141515254974
115458,0.006839781533926725
115465,0.0024425177834928036
115472,0.087611123919487
115479,0.012011419981718063
115486,0.0030091158114373684
115493,0.005632214248180389
115500,0.018073124811053276
115507,0.005405495408922434
115514,0.005382802337408066
115521,0.006480909418314695
115528,0.3362204134464264
115535,0.006395718082785606
115542,0.0026761351618915796
115549,0.007591601461172104
115556,0.01348099298775196
115563,0.0030285227112472057
115570,0.005900777876377106
115577,0.006010209210216999
115584,0.013809146359562874
115591,0.006924228742718697
115598,0.008945828303694725
115605,0.008091213181614876
115612,0.0047582234255969524
115619,0.01496034488081932
115626,0.032893821597099304
115633,0.009928461164236069
115640,0.004186872858554125
115647,0.012619738467037678
115654,0.003233617637306452
115661,0.47741183638572693
115668,0.00814488623291254
115675,0.010776795446872711
115682,0.06084148585796356
115689,0.0037068668752908707
115696,0.12304897606372833
115703,0.013084168545901775
115710,0.042769476771354675
115717,0.007683124393224716
115724,0.012704422697424889
115731,0.006189823150634766
115738,0.007300306111574173
115745,0.03528778627514839
115752,0.004362737759947777
115759,0.01382142398506403
115766,0.0036040369886904955
115773,0.009420789778232574
115780,0.0036247256211936474
115787,0.002874094992876053
115794,0.021807309240102768
115801,0.007268283516168594
115808,0.00650048116222024
115815,0.020156921818852425
115822,0.0020230498630553484
115829,0.006700510159134865
115836,0.007996480911970139
115843,0.013268801383674145
115850,0.002612400334328413
115857,0.017912402749061584
115864,0.0058855777606368065
115871,0.006083045154809952
115878,0.005311676301062107
115885,0.007077340967953205
115892,0.0928669273853302
115899,0.06869696825742722
115906,0.010102862492203712
115913,0.00802672654390335
115920,0.009356092661619186
115927,0.007634064182639122
115934,0.004606274887919426
115941,0.011421596631407738
115948,0.02696758136153221
115955,0.0050267791375517845
115962,0.009262654930353165
115969,0.009126070886850357
115976,0.003952845931053162
115983,0.012313002720475197
115990,0.007724577561020851
115997,0.0909791886806488
116004,0.003970040939748287
116011,0.009618742391467094
116018,0.0026448797434568405
116025,0.004739783704280853
116032,0.014762185513973236
116039,0.006088977679610252
116046,0.1099134162068367
116053,0.0042199864983558655
116060,0.07363978028297424
116067,0.0044873980805277824
116074,0.00829092413187027
116081,0.012100476771593094
116088,0.005372499115765095
116095,0.005897773429751396
116102,0.01612287387251854
116109,0.03366207331418991
116116,0.006465636193752289
116123,0.023371130228042603
116130,0.09427883476018906
116137,0.00990345235913992
116144,0.006248312536627054
116151,0.0029202557634562254
116158,0.00550411082804203
116165,0.06656136363744736
116172,0.003911370877176523
116179,0.04018454626202583
116186,0.1545836478471756
116193,0.006713524926453829
116200,0.00498037226498127
116207,0.005419638939201832
116214,0.0797666534781456
116221,0.005474915727972984
116228,0.20305192470550537
116235,0.013025611639022827
116242,0.018642760813236237
116249,0.011876776814460754
116256,0.004818117246031761
116263,0.05116591975092888
116270,0.0074591306038200855
116277,0.01377471536397934
116284,0.013232110068202019
116291,0.022121505811810493
116298,0.17021341621875763
116305,0.004055766388773918
116312,0.0075090182945132256
116319,0.003283978905528784
116326,0.005427978932857513
116333,0.003959496505558491
116340,0.1141866147518158
116347,0.005682576447725296
116354,0.005154235288500786
116361,0.1237831562757492
116368,0.010425537824630737
116375,0.0045311632566154
116382,0.08393299579620361
116389,0.009150074794888496
116396,0.014717280864715576
116403,0.008589887991547585
116410,0.006744962651282549
116417,0.05158793553709984
116424,0.005961845628917217
116431,0.012384122237563133
116438,0.08880729973316193
116445,0.009195608086884022
116452,0.04282420128583908
116459,0.004747859202325344
116466,0.13119249045848846
116473,0.013046720996499062
116480,0.004155670292675495
116487,0.006731532514095306
116494,0.007309200242161751
116501,0.006448305211961269
116508,0.003193887649103999
116515,0.0033870490733534098
116522,0.013407488353550434
116529,0.004562522284686565
116536,0.01630645990371704
116543,0.006460900418460369
116550,0.011343131773173809
116557,0.06350547820329666
116564,0.0035644997842609882
116571,0.007320659700781107
116578,0.007787642069160938
116585,0.006047056522220373
116592,0.003338898066431284
116599,0.004989361856132746
116606,0.007754185702651739
116613,0.0066888341680169106
116620,0.003615803085267544
116627,0.008374577388167381
116634,0.014230783097445965
116641,0.0065559810027480125
116648,0.021237999200820923
116655,0.052622951567173004
116662,0.004988745786249638
116669,0.022500859573483467
116676,0.006772229447960854
116683,0.018505780026316643
116690,0.004863576032221317
116697,0.007417997345328331
116704,0.007208329625427723
116711,0.00376300560310483
116718,0.011783932335674763
116725,0.008508319966495037
116732,0.011540144681930542
116739,0.011336758732795715
116746,0.12134124338626862
116753,0.028173215687274933
116760,0.0028458016458898783
116767,0.007271069101989269
116774,0.010028017684817314
116781,0.007414809428155422
116788,0.005690277088433504
116795,0.007539969868957996
116802,0.024046195670962334
116809,0.021655045449733734
116816,0.013359992764890194
116823,0.0024219343904405832
116830,0.00870920903980732
116837,0.011263905093073845
116844,0.0027444278821349144
116851,0.010761301964521408
116858,0.002662686398252845
116865,0.0027203515637665987
116872,0.17945455014705658
116879,0.010511432774364948
116886,0.010647766292095184
116893,0.004183278419077396
116900,0.006292699836194515
116907,0.0024806372821331024
116914,0.010001239366829395
116921,0.0054350197315216064
116928,0.011114029213786125
116935,0.007159749045968056
116942,0.15743643045425415
116949,0.002738479757681489
116956,0.0065047405660152435
116963,0.009720663540065289
116970,0.008428527042269707
116977,0.007239578757435083
116984,0.008714381605386734
116991,0.006539215333759785
116998,0.04452717676758766
117005,0.007069477345794439
117012,0.01557082124054432
117019,0.02041979692876339
117026,0.007981956005096436
117033,0.046229347586631775
117040,0.008693122304975986
117047,0.015771670266985893
117054,0.004435684997588396
117061,0.254753053188324
117068,0.006115168333053589
117075,0.021320976316928864
117082,0.009740862064063549
117089,0.028493011370301247
117096,0.0031457901932299137
117103,0.0294306930154562
117110,0.014878468587994576
117117,0.006731067318469286
117124,0.008540765382349491
117131,0.002482155803591013
117138,0.003252873895689845
117145,0.0011812839657068253
117152,0.0034473813138902187
117159,0.0051978351548314095
117166,0.006276301108300686
117173,0.07586536556482315
117180,0.004036081954836845
117187,0.00805288553237915
117194,0.0058880699798464775
117201,0.010893968865275383
117208,0.01445379201322794
117215,0.02806228958070278
117222,0.004529695026576519
117229,0.006892758421599865
117236,0.007155895233154297
117243,0.013078720308840275
117250,0.009183377027511597
117257,0.002101339865475893
117264,0.009908029809594154
117271,0.002332807518541813
117278,0.011399004608392715
117285,0.008420946076512337
117292,0.0034814169630408287
117299,0.006378548219799995
117306,0.06621456891298294
117313,0.011252309195697308
117320,0.005805935710668564
117327,0.007246735040098429
117334,0.046823590993881226
117341,0.00369814271107316
117348,0.04554237425327301
117355,0.007594345137476921
117362,0.010382683016359806
117369,0.016091246157884598
117376,0.007109564729034901
117383,0.006555226165801287
117390,0.010236936621367931
117397,0.009518241509795189
117404,0.0028364190366119146
117411,0.006254741922020912
117418,0.021668216213583946
117425,0.004753808956593275
117432,0.04145810008049011
117439,0.004855978302657604
117446,0.006837515626102686
117453,0.002973577007651329
117460,0.00366231263615191
117467,0.010546119883656502
117474,0.021498335525393486
117481,0.008332676254212856
117488,0.012273330241441727
117495,0.017749357968568802
117502,0.001772737829014659
117509,0.0071845632046461105
117516,0.00540331332013011
117523,0.008735695853829384
117530,0.0030586272478103638
117537,0.012055447325110435
117544,0.015462752431631088
117551,0.00806610006839037
117558,0.013982739299535751
117565,0.008336675353348255
117572,0.012039907276630402
117579,0.004156569484621286
117586,0.015918128192424774
117593,0.009718073531985283
117600,0.007452232763171196
117607,0.008951674215495586
117614,0.007347729057073593
117621,0.0108251441270113
117628,0.008818848989903927
117635,0.011126510798931122
117642,0.004034985788166523
117649,0.008742325939238071
117656,0.1258992850780487
117663,0.01112193614244461
117670,0.004695169627666473
117677,0.07602746784687042
117684,0.003512607654556632
117691,0.06956610083580017
117698,0.017957167699933052
117705,0.03065618686378002
117712,0.0053265755996108055
117719,0.010681981220841408
117726,0.004666296765208244
117733,0.006465766578912735
117740,0.12375035881996155
117747,0.013820856809616089
117754,0.0021341952960938215
117761,0.0030204481445252895
117768,0.19195988774299622
117775,0.009549311362206936
117782,0.06436435133218765
117789,0.003137080930173397
117796,0.01168348640203476
117803,0.02689632959663868
117810,0.006779310293495655
117817,0.0046384260058403015
117824,0.08291221410036087
117831,0.006572700571268797
117838,0.01415631826967001
117845,0.03017025999724865
117852,0.0037459712475538254
117859,0.004262101370841265
117866,0.024217326194047928
117873,0.0425989031791687
117880,0.0033165952190756798
117887,0.04329616576433182
117894,0.015397577546536922
117901,0.01946796104311943
117908,0.0035761103499680758
117915,0.04135265201330185
117922,0.003995445556938648
117929,0.008395280689001083
117936,0.0028671743348240852
117943,0.003990073688328266
117950,0.02352886088192463
117957,0.00367724965326488
117964,0.007607458624988794
117971,0.025386512279510498
117978,0.07108582556247711
117985,0.012985700741410255
117992,0.038877811282873154
117999,0.004140390083193779
118006,0.005376426503062248
118013,0.04047887399792671
118020,0.013614700175821781
118027,0.005555928684771061
118034,0.015201219357550144
118041,0.005391629878431559
118048,0.0034059020690619946
118055,0.004255950450897217
118062,0.004266711883246899
118069,0.0038487431593239307
118076,0.012361004948616028
118083,0.002731972374022007
118090,0.006338329520076513
118097,0.003155515994876623
118104,0.01973140984773636
118111,0.00700006727129221
118118,0.012128910049796104
118125,0.12805816531181335
118132,0.006013653241097927
118139,0.009537416510283947
118146,0.004632067400962114
118153,0.008356453850865364
118160,0.011055870912969112
118167,0.0037982300855219364
118174,0.006006451323628426
118181,0.00694773206487298
118188,0.002487733494490385
118195,0.003191922791302204
118202,0.12846222519874573
118209,0.01823199912905693
118216,0.009096442721784115
118223,0.007787670008838177
118230,0.0067370580509305
118237,0.004647271707653999
118244,0.007731735706329346
118251,0.022679679095745087
118258,0.005102053750306368
118265,0.004999682307243347
118272,0.0073914737440645695
118279,0.004885716363787651
118286,0.012592114508152008
118293,0.12420016527175903
118300,0.020298020914196968
118307,0.0114654041826725
118314,0.02791389636695385
118321,0.006023188587278128
118328,0.006246061995625496
118335,0.007347871083766222
118342,0.01510840468108654
118349,0.004054584540426731
118356,0.011723451316356659
118363,0.004371291026473045
118370,0.006382834166288376
118377,0.0042100222781300545
118384,0.007951757870614529
118391,0.003776953788474202
118398,0.002325731096789241
118405,0.005473438184708357
118412,0.015728622674942017
118419,0.0027750679291784763
118426,0.006650772877037525
118433,0.002752855885773897
118440,0.00966690108180046
118447,0.06938043236732483
118454,0.005951643921434879
118461,0.006503202952444553
118468,0.0164584219455719
118475,0.002144966274499893
118482,0.0065195634961128235
118489,0.010403258726000786
118496,0.002489184495061636
118503,0.0022618176881223917
118510,0.006252853665500879
118517,0.017229052260518074
118524,0.008717082440853119
118531,0.008792752400040627
118538,0.004649304784834385
118545,0.0015884563326835632
118552,0.0025100274942815304
118559,0.005656364373862743
118566,0.005751372314989567
118573,0.008734626695513725
118580,0.023140737786889076
118587,0.006097991950809956
118594,0.004114231560379267
118601,0.00560703594237566
118608,0.12184423208236694
118615,0.009126752614974976
118622,0.017962083220481873
118629,0.013554289937019348
118636,0.005324066616594791
118643,0.005491623189300299
118650,0.005176809150725603
118657,0.0067864712327718735
118664,0.12781301140785217
118671,0.30843639373779297
118678,0.0060999272391200066
118685,0.013393868692219257
118692,0.00511690229177475
118699,0.006375988945364952
118706,0.08918444812297821
118713,0.0031603460665792227
118720,0.0070130350068211555
118727,0.006690335460007191
118734,0.003875626251101494
118741,0.0033764815889298916
118748,0.010273028165102005
118755,0.005788393318653107
118762,0.0020819250494241714
118769,0.00498534832149744
118776,0.00768077839165926
118783,0.005619212985038757
118790,0.007053075358271599
118797,0.004186736419796944
118804,0.005941594485193491
118811,0.003190967720001936
118818,0.005820463877171278
118825,0.18055619299411774
118832,0.00996587797999382
118839,0.005001922603696585
118846,0.012246529571712017
118853,0.0056643132120370865
118860,0.0025675538927316666
118867,0.039393384009599686
118874,0.026711715385317802
118881,0.057324644178152084
118888,0.0324694886803627
118895,0.002177951391786337
118902,0.006469119340181351
118909,0.0485551692545414
118916,0.002904463093727827
118923,0.004162870347499847
118930,0.02058514952659607
118937,0.0074063865467906
118944,0.0064836665987968445
118951,0.0054457345977425575
118958,0.010565448552370071
118965,0.014235265552997589
118972,0.015594960190355778
118979,0.00287649012170732
118986,0.004687700420618057
118993,0.06545044481754303
119000,0.003897608257830143
119007,0.005977485328912735
119014,0.002270003315061331
119021,0.010935000143945217
119028,0.1998586356639862
119035,0.0117081543430686
119042,0.024376215413212776
119049,0.019935619086027145
119056,0.01091736275702715
119063,0.00452906871214509
119070,0.005936874076724052
119077,0.0029588905163109303
119084,0.004930178169161081
119091,0.011746520176529884
119098,0.008664626628160477
119105,0.07091816514730453
119112,0.1246684193611145
119119,0.006434005685150623
119126,0.007010242436081171
119133,0.008956781588494778
119140,0.005705242510885
119147,0.0031929148826748133
119154,0.004817757289856672
119161,0.004901308566331863
119168,0.008654695004224777
119175,0.08034414798021317
119182,0.013137330301105976
119189,0.01768609508872032
119196,0.011693906970322132
119203,0.00940183736383915
119210,0.006952599156647921
119217,0.0032188245095312595
119224,0.004620610270649195
119231,0.007961233146488667
119238,0.008739667944610119
119245,0.0023139354307204485
119252,0.016687674447894096
119259,0.022899122908711433
119266,0.024273859336972237
119273,0.01262977160513401
119280,0.015020016580820084
119287,0.006645755842328072
119294,0.008257264271378517
119301,0.01012780424207449
119308,0.0017021007370203733
119315,0.010172922164201736
119322,0.006987534463405609
119329,0.008974393829703331
119336,0.008502612821757793
119343,0.003903093747794628
119350,0.00326137850061059
119357,0.003542364574968815
119364,0.012293457984924316
119371,0.007960611023008823
119378,0.0033982559107244015
119385,0.006001502741128206
119392,0.02072768844664097
119399,0.008319320157170296
119406,0.01575661450624466
119413,0.005761046893894672
119420,0.006011944264173508
119427,0.008207608945667744
119434,0.005536949262022972
119441,0.02670382335782051
119448,0.0026770324911922216
119455,0.0024907507468014956
119462,0.0066335308365523815
119469,0.007016495335847139
119476,0.016856633126735687
119483,0.016458574682474136
119490,0.00822211429476738
119497,0.00883863028138876
119504,0.02049284428358078
119511,0.011958414688706398
119518,0.06527869403362274
119525,0.001935638953000307
119532,0.0036781239323318005
119539,0.002776004374027252
119546,0.07040847837924957
119553,0.057330794632434845
119560,0.011740715242922306
119567,0.006210405379533768
119574,0.003664774354547262
119581,0.004332742653787136
119588,0.001762795029208064
119595,0.0065270354971289635
119602,0.004133983049541712
119609,0.001119634136557579
119616,0.012082288041710854
119623,0.0038844854570925236
119630,0.006953224539756775
119637,0.0030399924144148827
119644,0.006898188032209873
119651,0.017231497913599014
119658,0.005097765941172838
119665,0.006299791857600212
119672,0.02802220918238163
119679,0.003220037091523409
119686,0.007527104578912258
119693,0.0028134463354945183
119700,0.004128368571400642
119707,0.00833848025649786
119714,0.0036048605106770992
119721,0.1482081115245819
119728,0.01592305861413479
119735,0.0060896072536706924
119742,0.013798989355564117
119749,0.007176468148827553
119756,0.0059681423008441925
119763,0.0037120836786925793
119770,0.010040521621704102
119777,0.002564297989010811
119784,0.006655992474406958
119791,0.008189111948013306
119798,0.004662393592298031
119805,0.014442749321460724
119812,0.009256843477487564
119819,0.009329985827207565
119826,0.005986516829580069
119833,0.0030236977618187666
119840,0.00764841865748167
119847,0.006287269294261932
119854,0.00920048262923956
119861,0.01243256963789463
119868,0.004379346501082182
119875,0.00636637769639492
119882,0.010147730819880962
119889,0.008505033329129219
119896,0.006327890790998936
119903,0.007908521220088005
119910,0.09178295731544495
119917,0.0017410821747034788
119924,0.011121751740574837
119931,0.011328545399010181
119938,0.004261787980794907
119945,0.05860838294029236
119952,0.0814816802740097
119959,0.0042181177996098995
119966,0.003560704877600074
119973,0.0034719996619969606
119980,0.006941009312868118
119987,0.00836047064512968
119994,0.005073850043118
120001,0.004987427033483982
120008,0.00567962508648634
120015,0.0044275918044149876
120022,0.01165261771529913
120029,0.012063756585121155
120036,0.02764708735048771
120043,0.005079226102679968
120050,0.007864706218242645
120057,0.018551068380475044
120064,0.010355406440794468
120071,0.009047038853168488
120078,0.010414378717541695
120085,0.009228561073541641
120092,0.00913408026099205
120099,0.010411377996206284
120106,0.008753471076488495
120113,0.0073148165829479694
120120,0.009193447418510914
120127,0.007316368632018566
120134,0.004936818033456802
120141,0.008442854508757591
120148,0.003990875091403723
120155,0.005327049642801285
120162,0.0037434271071106195
120169,0.01156279444694519
120176,0.0037745076697319746
120183,0.041836030781269073
120190,0.06059766933321953
120197,0.0023215198889374733
120204,0.005550518166273832
120211,0.008558351546525955
120218,0.004774126224219799
120225,0.011268808506429195
120232,0.010990508832037449
120239,0.013071725144982338
120246,0.01110442541539669
120253,0.004932915326207876
120260,0.02757224813103676
120267,0.0031312843784689903
120274,0.00549541087821126
120281,0.08656845986843109
120288,0.1784873753786087
120295,0.052525296807289124
120302,0.06108667328953743
120309,0.007806377485394478
120316,0.0050372593104839325
120323,0.002665216103196144
120330,0.0032766303047537804
120337,0.0064394064247608185
120344,0.009134870022535324
120351,0.004599002189934254
120358,0.0033210848923772573
120365,0.007283723913133144
120372,0.0036163395270705223
120379,0.003660410875454545
120386,0.016835767775774002
120393,0.0035128139425069094
120400,0.02049003541469574
120407,0.007314837537705898
120414,0.008969316259026527
120421,0.002305050380527973
120428,0.004509647376835346
120435,0.005927047226577997
120442,0.12350726872682571
120449,0.01359709445387125
120456,0.03156747296452522
120463,0.011613430455327034
120470,0.012016002088785172
120477,0.00427020899951458
120484,0.0034071081317961216
120491,0.0061609637923538685
120498,0.00916258618235588
120505,0.003746957052499056
120512,0.0029513409826904535
120519,0.006083807907998562
120526,0.0016168440924957395
120533,0.01109691709280014
120540,0.0024750572629272938
120547,0.01802130788564682
120554,0.006917281541973352
120561,0.0042557441629469395
120568,0.007562972605228424
120575,0.00849439948797226
120582,0.013038069941103458
120589,0.11828108131885529
120596,0.08528085052967072
120603,0.008140867576003075
120610,0.018103431910276413
120617,0.004178512841463089
120624,0.017917711287736893
120631,0.002840891946107149
120638,0.015113817527890205
120645,0.0050163352862000465
120652,0.0035328930243849754
120659,0.0014285030774772167
120666,0.007468839175999165
120673,0.005296953488141298
120680,0.0037116329185664654
120687,0.00335954618640244
120694,0.008090498857200146
120701,0.029143076390028
120708,0.08445817977190018
120715,0.003575799986720085
120722,0.008584518916904926
120729,0.011323582381010056
120736,0.0037572786677628756
120743,0.002097397344186902
120750,0.007123531773686409
120757,0.033974867314100266
120764,0.0026803351938724518
120771,0.006898907013237476
120778,0.011749383062124252
120785,0.00923675112426281
120792,0.008251071907579899
120799,0.0037283548153936863
120806,0.009381568059325218
120813,0.009152617305517197
120820,0.0057410551235079765
120827,0.0077095176093280315
120834,0.043124303221702576
120841,0.009727900847792625
120848,0.0037294654175639153
120855,0.007122185546904802
120862,0.004013688303530216
120869,0.004635354969650507
120876,0.010085314512252808
120883,0.005295112729072571
120890,0.006357476115226746
120897,0.013398376293480396
120904,0.011386130936443806
120911,0.005080048926174641
120918,0.0054561481811106205
120925,0.0061168428510427475
120932,0.006444258149713278
120939,0.019686689600348473
120946,0.011836268939077854
120953,0.0030634677968919277
120960,0.004505487158894539
120967,0.003962382674217224
120974,0.0052703735418617725
120981,0.00324011268094182
120988,0.004321885760873556
120995,0.0033889682963490486
121002,0.06672646105289459
121009,0.005751743912696838
121016,0.006187578663229942
121023,0.00399900134652853
121030,0.019783010706305504
121037,0.007631178945302963
121044,0.004867084790021181
121051,0.0032668074127286673
121058,0.005135270766913891
121065,0.003795269876718521
121072,0.007375695277005434
121079,0.003365368116647005
121086,0.014938884414732456
121093,0.011813472956418991
121100,0.008782647550106049
121107,0.006900437641888857
121114,0.0066581363789737225
121121,0.13603393733501434
121128,0.0017647224012762308
121135,0.15845972299575806
121142,0.07733431458473206
121149,0.006655113771557808
121156,0.012667658738791943
121163,0.002250774996355176
121170,0.003348026890307665
121177,0.009988612495362759
121184,0.006295519415289164
121191,0.12923143804073334
121198,0.005118740256875753
121205,0.007875281386077404
121212,0.004215143620967865
121219,0.0023514721542596817
121226,0.0052965059876441956
121233,0.08783572912216187
121240,0.006119154393672943
121247,0.01227286271750927
121254,0.009404974058270454
121261,0.006819416768848896
121268,0.010133776813745499
121275,0.007538234815001488
121282,0.006568010896444321
121289,0.007155430503189564
121296,0.011633741669356823
121303,0.003976555075496435
121310,0.002906689653173089
121317,0.0028547446709126234
121324,0.0030840043909847736
121331,0.07284282147884369
121338,0.010527724400162697
121345,0.0020037784706801176
121352,0.009873040951788425
121359,0.008517197333276272
121366,0.002828442957252264
121373,0.011002099141478539
121380,0.006840521935373545
121387,0.0036171646788716316
121394,0.015371393412351608
121401,0.12413996458053589
121408,0.053222764283418655
121415,0.0030844449065625668
121422,0.008144013583660126
121429,0.004918968304991722
121436,0.005472922697663307
121443,0.003875700756907463
121450,0.019630836322903633
121457,0.005989249795675278
121464,0.005496359895914793
121471,0.004034425597637892
121478,0.009904220700263977
121485,0.060531750321388245
121492,0.02011166512966156
121499,0.005227687768638134
121506,0.004624613560736179
121513,0.18449608981609344
121520,0.004938114434480667
121527,0.002240292262285948
121534,0.0036523486487567425
121541,0.003424153197556734
121548,0.01268262043595314
121555,0.011103108525276184
121562,0.04009222611784935
121569,0.004640309605747461
121576,0.007153825834393501
121583,0.00688024889677763
121590,0.0063555180095136166
121597,0.14225144684314728
121604,0.08124642074108124
121611,0.01257932186126709
121618,0.006530476734042168
121625,0.004216345027089119
121632,0.004488341975957155
121639,0.016037577763199806
121646,0.003330061212182045
121653,0.008421707898378372
121660,0.011702343821525574
121667,0.007164991460740566
121674,0.01294514536857605
121681,0.007896708324551582
121688,0.016311021521687508
121695,0.010675307363271713
121702,0.0035289714578539133
121709,0.009540117345750332
121716,0.0059983255341649055
121723,0.18133407831192017
121730,0.02803456410765648
121737,0.003638146910816431
121744,0.012887786142528057
121751,0.00399409094825387
121758,0.008019632659852505
121765,0.004150054417550564
121772,0.00266491761431098
121779,0.006714213639497757
121786,0.009676873683929443
121793,0.01065320149064064
121800,0.004991433583199978
121807,0.01135333999991417
121814,0.006646080873906612
121821,0.007553362287580967
121828,0.006255935877561569
121835,0.010852424427866936
121842,0.10720054805278778
121849,0.09704678505659103
121856,0.001672669081017375
121863,0.011651657521724701
121870,0.008398246951401234
121877,0.038068994879722595
121884,0.00898247491568327
121891,0.004005539231002331
121898,0.004023933783173561
121905,0.007529292721301317
121912,0.008460655808448792
121919,0.00949723832309246
121926,0.0223548486828804
121933,0.0055249533616006374
121940,0.005775596015155315
121947,0.003952206112444401
121954,0.012599367648363113
121961,0.0016816295683383942
121968,0.0038339695893228054
121975,0.00480683846399188
121982,0.0037947469390928745
121989,0.003847001353278756
121996,0.006574639584869146
122003,0.0029155246447771788
122010,0.0034221650566905737
122017,0.0017722623888403177
122024,0.007192834280431271
122031,0.11087125539779663
122038,0.13965296745300293
122045,0.013882841914892197
122052,0.009537412784993649
122059,0.005906141363084316
122066,0.13553956151008606
122073,0.009344147518277168
122080,0.004267270676791668
122087,0.0029702670872211456
122094,0.0657007023692131
122101,0.007517588324844837
122108,0.008934371173381805
122115,0.006469822954386473
122122,0.008274580352008343
122129,0.005468764808028936
122136,0.012063009664416313
122143,0.008690076880156994
122150,0.006591001525521278
122157,0.0068451473489403725
122164,0.0030023560393601656
122171,0.012839866802096367
122178,0.012904904782772064
122185,0.003092361381277442
122192,0.008772829547524452
122199,0.003632117062807083
122206,0.006099348422139883
122213,0.14435380697250366
122220,0.00659880880266428
122227,0.0021346393041312695
122234,0.005446067079901695
122241,0.005349393002688885
122248,0.004911703057587147
122255,0.003210814204066992
122262,0.009888882748782635
122269,0.003984236158430576
122276,0.0030925883911550045
122283,0.0026099220849573612
122290,0.007892022840678692
122297,0.027451034635305405
122304,0.14724093675613403
122311,0.009024939499795437
122318,0.0020420183427631855
122325,0.0047759260050952435
122332,0.009222090244293213
122339,0.004126701503992081
122346,0.006798792164772749
122353,0.006154228467494249
122360,0.01966676115989685
122367,0.0022292225621640682
122374,0.006375120487064123
122381,0.008165658451616764
122388,0.18416258692741394
122395,0.014597432687878609
122402,0.005042395554482937
122409,0.0037935676518827677
122416,0.0054953135550022125
122423,0.005229357164353132
122430,0.004175725392997265
122437,0.006448474247008562
122444,0.0018805500585585833
122451,0.0031870498787611723
122458,0.09369853138923645
122465,0.008550376631319523
122472,0.015688374638557434
122479,0.004013658966869116
122486,0.004387871362268925
122493,0.010359244421124458
122500,0.005848456174135208
122507,0.006249736063182354
122514,0.007398324087262154
122521,0.009799657389521599
122528,0.0032561204861849546
122535,0.002802204107865691
122542,0.0051788631826639175
122549,0.005837762728333473
122556,0.00485751498490572
122563,0.004539387300610542
122570,0.0043525174260139465
122577,0.007956483401358128
122584,0.005867043510079384
122591,0.01560322754085064
122598,0.012556678615510464
122605,0.006999421399086714
122612,0.00857541710138321
122619,0.0030194625724107027
122626,0.005519362632185221
122633,0.009686028584837914
122640,0.013180628418922424
122647,0.004383163992315531
122654,0.007513832300901413
122661,0.017436407506465912
122668,0.005172204226255417
122675,0.009044571779668331
122682,0.018272478133440018
122689,0.013042603619396687
122696,0.0043286774307489395
122703,0.005512509029358625
122710,0.007439999841153622
122717,0.006801982875913382
122724,0.07630227506160736
122731,0.007865194231271744
122738,0.0031535213347524405
122745,0.002482351381331682
122752,0.008246313780546188
122759,0.007560308091342449
122766,0.0019058944890275598
122773,0.003860811935737729
122780,0.0029549552127718925
122787,0.02389638125896454
122794,0.005685500800609589
122801,0.18621349334716797
122808,0.011332498863339424
122815,0.004224313888698816
122822,0.012108170427381992
122829,0.15793730318546295
122836,0.013709603808820248
122843,0.009038053452968597
122850,0.008165311068296432
122857,0.053372982889413834
122864,0.003525121370330453
122871,0.004332138225436211
122878,0.006607426330447197
122885,0.004680694080889225
122892,0.012773395515978336
122899,0.05578985437750816
122906,0.008200659416615963
122913,0.015063507482409477
122920,0.013702095486223698
122927,0.01466892845928669
122934,0.011603076942265034
122941,0.01596004143357277
122948,0.15175487101078033
122955,0.005312740802764893
122962,0.006969312205910683
122969,0.004212475381791592
122976,0.0039721401408314705
122983,0.010342806577682495
122990,0.008693533949553967
122997,0.02155565842986107
123004,0.006963691208511591
123011,0.005304424557834864
123018,0.007893618196249008
123025,0.007477337494492531
123032,0.009515136480331421
123039,0.022652026265859604
123046,0.016259923577308655
123053,0.006998785771429539
123060,0.004014645237475634
123067,0.0046656071208417416
123074,0.0015682565281167626
123081,0.0871785581111908
123088,0.003624766832217574
123095,0.0017353615257889032
123102,0.0019412986002862453
123109,0.005611130967736244
123116,0.0035666143521666527
123123,0.006303285248577595
123130,0.00867821928113699
123137,0.004085845779627562
123144,0.002990135457366705
123151,0.0044388556852936745
123158,0.004341081716120243
123165,0.0036024851724505424
123172,0.003196274396032095
123179,0.006521201692521572
123186,0.10235549509525299
123193,0.0042160069569945335
123200,0.007841971702873707
123207,0.006359220948070288
123214,0.0038462260272353888
123221,0.006447476334869862
123228,0.008807525970041752
123235,0.010391315445303917
123242,0.022361624985933304
123249,0.00707494281232357
123256,0.0014283984201028943
123263,0.005054552108049393
123270,0.011377865448594093
123277,0.006758445408195257
123284,0.004025544039905071
123291,0.007129829376935959
123298,0.006862894631922245
123305,0.012849150225520134
123312,0.015797995030879974
123319,0.01277388259768486
123326,0.009710989892482758
123333,0.004303432069718838
123340,0.006267484277486801
123347,0.002566024661064148
123354,0.0115975858643651
123361,0.00598123949021101
123368,0.011346087791025639
123375,0.006572165992110968
123382,0.019907252863049507
123389,0.006485874764621258
123396,0.013234267011284828
123403,0.0025670290924608707
123410,0.01154128648340702
123417,0.017412373796105385
123424,0.005491416901350021
123431,0.15490859746932983
123438,0.015348611399531364
123445,0.014303253963589668
123452,0.007922571152448654
123459,0.018490100279450417
123466,0.09909725189208984
123473,0.009406531229615211
123480,0.0129338214173913
123487,0.006329036317765713
123494,0.11938673257827759
123501,0.0017777432221919298
123508,0.005823696032166481
123515,0.011629076674580574
123522,0.06810563057661057
123529,0.025243358686566353
123536,0.00819946639239788
123543,0.0071001132018864155
123550,0.07601704448461533
123557,0.003952565602958202
123564,0.002943929750472307
123571,0.01948077790439129
123578,0.0026527829468250275
123585,0.005889103747904301
123592,0.0033757081255316734
123599,0.004521177615970373
123606,0.006065990775823593
123613,0.002652335911989212
123620,0.004738627001643181
123627,0.0049798632971942425
123634,0.01027365867048502
123641,0.002333602402359247
123648,0.007562021724879742
123655,0.00731129152700305
123662,0.00391616765409708
123669,0.013066790997982025
123676,0.008637633174657822
123683,0.005837003700435162
123690,0.005030445288866758
123697,0.012505795806646347
123704,0.014617481268942356
123711,0.00630889181047678
123718,0.002056458732113242
123725,0.004773635882884264
123732,0.011517675593495369
123739,0.0075031849555671215
123746,0.014847987331449986
123753,0.01456381194293499
123760,0.0021642439533025026
123767,0.0036631952971220016
123774,0.019500557333230972
123781,0.008497925475239754
123788,0.10217795521020889
123795,0.006884145550429821
123802,0.004075303673744202
123809,0.0036073511000722647
123816,0.18949851393699646
123823,0.003515899181365967
123830,0.002578173531219363
123837,0.006343437824398279
123844,0.0043534752912819386
123851,0.00527691375464201
123858,0.008343408815562725
123865,0.010679205879569054
123872,0.027082551270723343
123879,0.007141517009586096
123886,0.0031797124538570642
123893,0.0026015471667051315
123900,0.0059936074540019035
123907,0.003616767469793558
123914,0.004971312824636698
123921,0.007058779243379831
123928,0.0025175791233778
123935,0.004164349753409624
123942,0.0041553061455488205
123949,0.003277419600635767
123956,0.01625058427453041
123963,0.018460862338542938
123970,0.0028707319870591164
123977,0.006314350292086601
123984,0.010501015931367874
123991,0.0071688988246023655
123998,0.0026821002829819918
124005,0.1927558183670044
124012,0.013529757037758827
124019,0.01954764500260353
124026,0.018247945234179497
124033,0.006203777156770229
124040,0.004965679720044136
124047,0.005853836890310049
124054,0.03211098164319992
124061,0.004225227050483227
124068,0.0062271952629089355
124075,0.006165592931210995
124082,0.003435498336330056
124089,0.007121737115085125
124096,0.012874752283096313
124103,0.0015905055915936828
124110,0.005396983586251736
124117,0.005308717023581266
124124,0.0063603706657886505
124131,0.009651277214288712
124138,0.03884001821279526
124145,0.003406546777114272
124152,0.007001576013863087
124159,0.005186158232390881
124166,0.0064038848504424095
124173,0.020320536568760872
124180,0.006493359804153442
124187,0.003706223564222455
124194,0.008674556389451027
124201,0.013935493305325508
124208,0.004289313685148954
124215,0.08798190951347351
124222,0.02403607778251171
124229,0.03287549689412117
124236,0.06341960281133652
124243,0.005567636340856552
124250,0.005296679213643074
124257,0.0034510637633502483
124264,0.08312925696372986
124271,0.0033276816830039024
124278,0.053018394857645035
124285,0.06428049504756927
124292,0.01844342052936554
124299,0.032264094799757004
124306,0.007289133034646511
124313,0.0042290715500712395
124320,0.005495341494679451
124327,0.17846401035785675
124334,0.007138771470636129
124341,0.037412066012620926
124348,0.007986442185938358
124355,0.10196205228567123
124362,0.0036988640204072
124369,0.010745021514594555
124376,0.008842971175909042
124383,0.015698445960879326
124390,0.005259821191430092
124397,0.005894787609577179
124404,0.01441160123795271
124411,0.0049458956345915794
124418,0.10196824371814728
124425,0.00596731249243021
124432,0.00958225317299366
124439,0.04250602424144745
124446,0.013354113325476646
124453,0.0075414301827549934
124460,0.004521168302744627
124467,0.0026452490128576756
124474,0.007947847247123718
124481,0.016445720568299294
124488,0.0075448052957654
124495,0.01876137964427471
124502,0.01171158067882061
124509,0.006220963783562183
124516,0.0031807415653020144
124523,0.03913971409201622
124530,0.0048529645428061485
124537,0.004236246924847364
124544,0.13432113826274872
124551,0.015546881593763828
124558,0.008635854348540306
124565,0.0035906201228499413
124572,0.004366363398730755
124579,0.0023026582784950733
124586,0.008410278707742691
124593,0.19303449988365173
124600,0.07058969885110855
124607,0.01772492006421089
124614,0.005789205431938171
124621,0.005775218829512596
124628,0.014311317354440689
124635,0.014240654185414314
124642,0.0038954231422394514
124649,0.010684045031666756
124656,0.006651590578258038
124663,0.0032067191787064075
124670,0.004031619522720575
124677,0.007560512982308865
124684,0.005511149764060974
124691,0.003698852611705661
124698,0.013320015743374825
124705,0.01652202382683754
124712,0.006708567962050438
124719,0.023955177515745163
124726,0.006850747391581535
124733,0.0078005604445934296
124740,0.004871291574090719
124747,0.009303508326411247
124754,0.002206019591540098
124761,0.004188737832009792
124768,0.002781790215522051
124775,0.00379754975438118
124782,0.004272762686014175
124789,0.005242783110588789
124796,0.001833693590015173
124803,0.005944932345300913
124810,0.13062430918216705
124817,0.012537584640085697
124824,0.0059703560546040535
124831,0.007549362722784281
124838,0.002913404256105423
124845,0.009584540501236916
124852,0.00447277445346117
124859,0.0032901163212955
124866,0.06007770448923111
124873,0.003578914562240243
124880,0.017001667991280556
124887,0.004843780770897865
124894,0.006924853660166264
124901,0.0034211380407214165
124908,0.0052210064604878426
124915,0.16559572517871857
124922,0.02310662716627121
124929,0.008358538150787354
124936,0.005692304112017155
124943,0.023728027939796448
124950,0.008656473830342293
124957,0.006344252731651068
124964,0.009113087318837643
124971,0.019089989364147186
124978,0.0029096626676619053
124985,0.1414175182580948
124992,0.008890991099178791
124999,0.008565706200897694
125006,0.004009712487459183
125013,0.007519077975302935
125020,0.015844514593482018
125027,0.005759251303970814
125034,0.005585548002272844
125041,0.004438587464392185
125048,0.0072067007422447205
125055,0.007330840453505516
125062,0.015441526658833027
125069,0.045508064329624176
125076,0.05474855378270149
125083,0.011077487841248512
125090,0.008595502935349941
125097,0.025543533265590668
125104,0.0041573988273739815
125111,0.008655760437250137
125118,0.10265360027551651
125125,0.007697258144617081
125132,0.0809139683842659
125139,0.0014089259784668684
125146,0.007676694542169571
125153,0.004923056345432997
125160,0.0059838551096618176
125167,0.03512118011713028
125174,0.08561036735773087
125181,0.007110618986189365
125188,0.03738374263048172
125195,0.007124247029423714
125202,0.01738046668469906
125209,0.013472005724906921
125216,0.01742086559534073
125223,0.013415114022791386
125230,0.02032804675400257
125237,0.007563028484582901
125244,0.004916904028505087
125251,0.013438789173960686
125258,0.008837157860398293
125265,0.005599698517471552
125272,0.002335168654099107
125279,0.009378278627991676
125286,0.0025360151194036007
125293,0.005476545076817274
125300,0.0033320491202175617
125307,0.003720249282196164
125314,0.014436536468565464
125321,0.044265829026699066
125328,0.007419093511998653
125335,0.006269859150052071
125342,0.02384433150291443
125349,0.03365497291088104
125356,0.0027450937777757645
125363,0.012766191735863686
125370,0.008591288700699806
125377,0.01059612538665533
125384,0.004526729695498943
125391,0.003740151645615697
125398,0.006031602621078491
125405,0.008392677642405033
125412,0.004831030033528805
125419,0.04027225077152252
125426,0.006652795244008303
125433,0.006554012186825275
125440,0.04208701103925705
125447,0.0956927090883255
125454,0.011033076792955399
125461,0.0051577165722846985
125468,0.006752383895218372
125475,0.007565707433968782
125482,0.006964223459362984
125489,0.007006776053458452
125496,0.014753127470612526
125503,0.00988592579960823
125510,0.009319588541984558
125517,0.031499143689870834
125524,0.008477529510855675
125531,0.004562300629913807
125538,0.010059002786874771
125545,0.009740689769387245
125552,0.003858002834022045
125559,0.018019389361143112
125566,0.009120617061853409
125573,0.0069509753957390785
125580,0.005638892762362957
125587,0.0025171423330903053
125594,0.009707593359053135
125601,0.22631800174713135
125608,0.009248288348317146
125615,0.0025033620186150074
125622,0.005269469227641821
125629,0.006339820567518473
125636,0.005912323947995901
125643,0.048274919390678406
125650,0.014836510643362999
125657,0.012194983661174774
125664,0.019672412425279617
125671,0.011641444638371468
125678,0.05944442376494408
125685,0.005752961151301861
125692,0.1098501980304718
125699,0.0025746584869921207
125706,0.009310992434620857
125713,0.02669895812869072
125720,0.01265985518693924
125727,0.01531929150223732
125734,0.004995123948901892
125741,0.01087261363863945
125748,0.019089475274086
125755,0.005557636730372906
125762,0.024978764355182648
125769,0.0064785960130393505
125776,0.006821745075285435
125783,0.002462967298924923
125790,0.0038438013289123774
125797,0.006663356442004442
125804,0.003495569108054042
125811,0.008381522260606289
125818,0.010497366078197956
125825,0.005919010378420353
125832,0.007594182156026363
125839,0.005866738967597485
125846,0.002732116263359785
125853,0.011362085118889809
125860,0.011782246641814709
125867,0.006418745033442974
125874,0.005188540555536747
125881,0.006618700921535492
125888,0.015007153153419495
125895,0.0009607222746126354
125902,0.006690755486488342
125909,0.008972585201263428
125916,0.018246551975607872
125923,0.004250637721270323
125930,0.003051785286515951
125937,0.00547080347314477
125944,0.0035402108915150166
125951,0.0090261185541749
125958,0.003360914997756481
125965,0.004729070700705051
125972,0.03662722930312157
125979,0.15330661833286285
125986,0.003542192280292511
125993,0.004682815633714199
126000,0.005993399303406477
126007,0.0064768921583890915
126014,0.009807368740439415
126021,0.0021295840851962566
126028,0.0073176417499780655
126035,0.010724052786827087
126042,0.06174495071172714
126049,0.013066877610981464
126056,0.004216037690639496
126063,0.00489323353394866
126070,0.016781926155090332
126077,0.0071482486091554165
126084,0.027237411588430405
126091,0.007252792827785015
126098,0.15734638273715973
126105,0.004202944226562977
126112,0.014702105894684792
126119,0.004609743598848581
126126,0.007284709718078375
126133,0.08325521647930145
126140,0.004778320901095867
126147,0.004274783656001091
126154,0.03746529296040535
126161,0.007539388258010149
126168,0.017321091145277023
126175,0.006019310560077429
126182,0.005712654907256365
126189,0.004017860163003206
126196,0.006398738361895084
126203,0.008151925168931484
126210,0.014836423099040985
126217,0.010649945586919785
126224,0.009223547764122486
126231,0.029986223205924034
126238,0.008897538296878338
126245,0.00771302217617631
126252,0.008047247305512428
126259,0.006227143108844757
126266,0.009165758267045021
126273,0.21358099579811096
126280,0.062395717948675156
126287,0.004209630191326141
126294,0.007307360880076885
126301,0.006666950415819883
126308,0.007176409475505352
126315,0.008530238643288612
126322,0.013334102928638458
126329,0.005535776261240244
126336,0.00854489766061306
126343,0.006038741208612919
126350,0.003152015618979931
126357,0.12777262926101685
126364,0.014302323572337627
126371,0.16770964860916138
126378,0.010285358875989914
126385,0.007255652453750372
126392,0.003822703380137682
126399,0.014436822384595871
126406,0.004741420969367027
126413,0.07673555612564087
126420,0.007410677149891853
126427,0.0033363858237862587
126434,0.008208605460822582
126441,0.006986216641962528
126448,0.009174417704343796
126455,0.008526604622602463
126462,0.0053451405838131905
126469,0.010352575220167637
126476,0.008385736495256424
126483,0.011103365570306778
126490,0.014452755451202393
126497,0.0052541992627084255
126504,0.07230949401855469
126511,0.003603970166295767
126518,0.004745102487504482
126525,0.00857529602944851
126532,0.005807173438370228
126539,0.004980801604688168
126546,0.0020616045221686363
126553,0.007501007057726383
126560,0.025833431631326675
126567,0.014220585115253925
126574,0.0062893349677324295
126581,0.00887037068605423
126588,0.012391434982419014
126595,0.007647520862519741
126602,0.008913195692002773
126609,0.008439451456069946
126616,0.15679875016212463
126623,0.0121583491563797
126630,0.00536842318251729
126637,0.027415741235017776
126644,0.00883552897721529
126651,0.007433135528117418
126658,0.041407063603401184
126665,0.09558159857988358
126672,0.008082513697445393
126679,0.029844483360648155
126686,0.0149368392303586
126693,0.011887850239872932
126700,0.0296261478215456
126707,0.010713079012930393
126714,0.024719249457120895
126721,0.0053150104358792305
126728,0.011882842518389225
126735,0.006077623926103115
126742,0.00973556749522686
126749,0.01730186492204666
126756,0.13843736052513123
126763,0.0054583363234996796
126770,0.007355669979006052
126777,0.004196576774120331
126784,0.1900428682565689
126791,0.005238381214439869
126798,0.00439863745123148
126805,0.008950697258114815
126812,0.006338890641927719
126819,0.00264403922483325
126826,0.005336337722837925
126833,0.013019641861319542
126840,0.0035986939910799265
126847,0.005168692674487829
126854,0.016057757660746574
126861,0.006852316670119762
126868,0.0073930127546191216
126875,0.0094283577054739
126882,0.008676717057824135
126889,0.007246973924338818
126896,0.00973525270819664
126903,0.004641692154109478
126910,0.010829203762114048
126917,0.00309994095005095
126924,0.003228668123483658
126931,0.08347119390964508
126938,0.004248486831784248
126945,0.009795444086194038
126952,0.004072262905538082
126959,0.01661863923072815
126966,0.012328008189797401
126973,0.008051550947129726
126980,0.005031227599829435
126987,0.0032104970887303352
126994,0.010101440362632275
127001,0.0036641950719058514
127008,0.0066558001562952995
127015,0.00333416648209095
127022,0.008974101394414902
127029,0.0060621947050094604
127036,0.07077901810407639
127043,0.020653586834669113
127050,0.022605733945965767
127057,0.010358419269323349
127064,0.007862416096031666
127071,0.007056365720927715
127078,0.0031596007756888866
127085,0.00756370835006237
127092,0.008334879763424397
127099,0.18554650247097015
127106,0.005686275660991669
127113,0.008987885899841785
127120,0.0023056475911289454
127127,0.006936577148735523
127134,0.005170847289264202
127141,0.010575306601822376
127148,0.0032020434737205505
127155,0.00418535340577364
127162,0.010007565841078758
127169,0.014528220519423485
127176,0.00439641997218132
127183,0.06535713374614716
127190,0.0037301392294466496
127197,0.004988941829651594
127204,0.005616634618490934
127211,0.16181300580501556
127218,0.009876304306089878
127225,0.011484801769256592
127232,0.006168576888740063
127239,0.008422568440437317
127246,0.007848711684346199
127253,0.0024668071419000626
127260,0.008315623737871647
127267,0.015293758362531662
127274,0.008508989587426186
127281,0.0038220579735934734
127288,0.006701688282191753
127295,0.010112809017300606
127302,0.016036298125982285
127309,0.004068644717335701
127316,0.19046638906002045
127323,0.016138656064867973
127330,0.02949693240225315
127337,0.008168093860149384
127344,0.005171610042452812
127351,0.01419246755540371
127358,0.0038883215747773647
127365,0.002054487355053425
127372,0.010783080011606216
127379,0.005621987860649824
127386,0.013647004961967468
127393,0.0050924234092235565
127400,0.003629392711445689
127407,0.005629206076264381
127414,0.010412109084427357
127421,0.03689102083444595
127428,0.015205536969006062
127435,0.0068749114871025085
127442,0.0036743744276463985
127449,0.21336083114147186
127456,0.01992376148700714
127463,0.011871014721691608
127470,0.004554850049316883
127477,0.013031253591179848
127484,0.008871307596564293
127491,0.0021997608710080385
127498,0.03745562955737114
127505,0.003301350399851799
127512,0.0088253915309906
127519,0.004165448248386383
127526,0.00769384577870369
127533,0.012943606823682785
127540,0.012236695736646652
127547,0.008187128230929375
127554,0.014715166762471199
127561,0.009371199645102024
127568,0.0034659914672374725
127575,0.01404433324933052
127582,0.008672354742884636
127589,0.0038439969066530466
127596,0.006066380999982357
127603,0.015343423932790756
127610,0.12346765398979187
127617,0.010400064289569855
127624,0.019342485815286636
127631,0.004459351766854525
127638,0.004134168848395348
127645,0.021284235641360283
127652,0.003802311373874545
127659,0.005278845317661762
127666,0.004359857179224491
127673,0.002486142795532942
127680,0.0042699286714196205
127687,0.011482632718980312
127694,0.01457412913441658
127701,0.0039977338165044785
127708,0.012200331315398216
127715,0.10557574033737183
127722,0.016855904832482338
127729,0.0053023225627839565
127736,0.008235806599259377
127743,0.009455942548811436
127750,0.012776820920407772
127757,0.028767310082912445
127764,0.010254375636577606
127771,0.005467943847179413
127778,0.020343951880931854
127785,0.008847287856042385
127792,0.007117057219147682
127799,0.004137498792260885
127806,0.0051958151161670685
127813,0.004768429324030876
127820,0.00893420446664095
127827,0.004292779602110386
127834,0.022240757942199707
127841,0.004383238032460213
127848,0.002740608062595129
127855,0.005358174908906221
127862,0.03544312343001366
127869,0.00797944888472557
127876,0.011324245482683182
127883,0.013006485998630524
127890,0.008364767767488956
127897,0.0026139304973185062
127904,0.004314318299293518
127911,0.004870760254561901
127918,0.03503783792257309
127925,0.0028380032163113356
127932,0.010660067200660706
127939,0.08368884772062302
127946,0.011640587821602821
127953,0.006704805418848991
127960,0.02022038772702217
127967,0.003439786843955517
127974,0.006440421566367149
127981,0.003853294299915433
127988,0.004354808479547501
127995,0.005451329983770847
128002,0.004562914837151766
128009,0.004667954985052347
128016,0.00503849470987916
128023,0.06703740358352661
128030,0.004898170009255409
128037,0.005558676086366177
128044,0.0015166730154305696
128051,0.005639882758259773
128058,0.009183937683701515
128065,0.0628170520067215
128072,0.007750297896564007
128079,0.004691125825047493
128086,0.030233485624194145
128093,0.05780164524912834
128100,0.0079120434820652
128107,0.0065691061317920685
128114,0.005633575841784477
128121,0.004130963236093521
128128,0.015618807636201382
128135,0.0052216313779354095
128142,0.01620154082775116
128149,0.006861770525574684
128156,0.1422477513551712
128163,0.006820093374699354
128170,0.08999031782150269
128177,0.004455965477973223
128184,0.0021515358239412308
128191,0.013130365870893002
128198,0.005764556583017111
128205,0.00669765193015337
128212,0.0158722922205925
128219,0.003915450535714626
128226,0.004914630204439163
128233,0.00801623985171318
128240,0.004546950105577707
128247,0.013074863702058792
128254,0.0072594378143548965
128261,0.015397120267152786
128268,0.001325062825344503
128275,0.0037663625553250313
128282,0.013537069782614708
128289,0.005893545690923929
128296,0.0046843839809298515
128303,0.0029871375299990177
128310,0.006795763969421387
128317,0.006286772899329662
128324,0.005718110594898462
128331,0.016081074252724648
128338,0.003308237763121724
128345,0.012701724655926228
128352,0.004931026604026556
128359,0.0027294433675706387
128366,0.007228299509733915
128373,0.016501260921359062
128380,0.027904599905014038
128387,0.013672344386577606
128394,0.004318766761571169
128401,0.0026176907122135162
128408,0.014603964053094387
128415,0.008225588127970695
128422,0.006418249104171991
128429,0.009381295181810856
128436,0.00826171226799488
128443,0.005692038685083389
128450,0.0033785318955779076
128457,0.0037654521875083447
128464,0.007186585571616888
128471,0.015697026625275612
128478,0.005290541797876358
128485,0.006465265993028879
128492,0.07118424773216248
128499,0.04676841199398041
128506,0.006418037693947554
128513,0.0038174993824213743
128520,0.002682805061340332
128527,0.0238150954246521
128534,0.005013531073927879
128541,0.005890003405511379
128548,0.009875987656414509
128555,0.00579889165237546
128562,0.006222129799425602
128569,0.0064490316435694695
128576,0.0023199166171252728
128583,0.023083867505192757
128590,0.004199848044663668
128597,0.0062774717807769775
128604,0.0028415692504495382
128611,0.0039168456569314
128618,0.034346647560596466
128625,0.005251764319837093
128632,0.0061061326414346695
128639,0.00639644218608737
128646,0.002690611407160759
128653,0.004248156677931547
128660,0.004392967559397221
128667,0.007132256869226694
128674,0.015036553144454956
128681,0.0059760333970189095
128688,0.005077100358903408
128695,0.008461523801088333
128702,0.018532272428274155
128709,0.009724508039653301
128716,0.006760861724615097
128723,0.005386245436966419
128730,0.010630602948367596
128737,0.022831788286566734
128744,0.009561540558934212
128751,0.011126435361802578
128758,0.002432817593216896
128765,0.006317588500678539
128772,0.007068132050335407
128779,0.00622253492474556
128786,0.03032977320253849
128793,0.00221920944750309
128800,0.004478099290281534
128807,0.004141212906688452
128814,0.00496337004005909
128821,0.012913493439555168
128828,0.005631859414279461
128835,0.008617868646979332
128842,0.003587936982512474
128849,0.00782153569161892
128856,0.006314808502793312
128863,0.10452122241258621
128870,0.012337139807641506
128877,0.00725920032709837
128884,0.004188637714833021
128891,0.0072747631929814816
128898,0.010549492202699184
128905,0.003083194140344858
128912,0.0238125529140234
128919,0.006869655102491379
128926,0.005268825218081474
128933,0.0031109885312616825
128940,0.0061228321865201
128947,0.00447947159409523
128954,0.01439177617430687
128961,0.005266029853373766
128968,0.017911111935973167
128975,0.0527421198785305
128982,0.1747434139251709
128989,0.007316062692552805
128996,0.0042799594812095165
129003,0.005124240182340145
129010,0.010281527414917946
129017,0.008275792002677917
129024,0.025254186242818832
129031,0.006638697348535061
129038,0.006491866894066334
129045,0.006155463866889477
129052,0.004348332528024912
129059,0.002854452934116125
129066,0.002445879392325878
129073,0.06424373388290405
129080,0.005994135979562998
129087,0.004672112874686718
129094,0.17370304465293884
129101,0.010074451565742493
129108,0.011916866526007652
129115,0.007201259955763817
129122,0.008524928241968155
129129,0.002542640781030059
129136,0.0035047277342528105
129143,0.11416903883218765
129150,0.006097649224102497
129157,0.006671652663499117
129164,0.03409164398908615
129171,0.0894576907157898
129178,0.004742235876619816
129185,0.136895552277565
129192,0.004077558405697346
129199,0.004052681848406792
129206,0.015486526302993298
129213,0.012199077755212784
129220,0.20577573776245117
129227,0.00216610636562109
129234,0.006937331985682249
129241,0.0014528498286381364
129248,0.13755322992801666
129255,0.007656099274754524
129262,0.00474131666123867
129269,0.007182564120739698
129276,0.007382713258266449
129283,0.006872784346342087
129290,0.005256946198642254
129297,0.026905573904514313
129304,0.0025718091055750847
129311,0.005372137296944857
129318,0.09637342393398285
129325,0.01148139126598835
129332,0.005059793125838041
129339,0.009385289624333382
129346,0.0023994501680135727
129353,0.007477166596800089
129360,0.006999954581260681
129367,0.004224421456456184
129374,0.007950124330818653
129381,0.007220395375043154
129388,0.004470320418477058
129395,0.0036099564749747515
129402,0.0055887592025101185
129409,0.005013309419155121
129416,0.015471836552023888
129423,0.0033036957029253244
129430,0.018035680055618286
129437,0.0017718516755849123
129444,0.0027450965717434883
129451,0.004269483033567667
129458,0.02865644544363022
129465,0.01615351065993309
129472,0.002728615188971162
129479,0.0016412987606599927
129486,0.03981724753975868
129493,0.14025135338306427
129500,0.002478325739502907
129507,0.015302721410989761
129514,0.002993923146277666
129521,0.006685222964733839
129528,0.06360556185245514
129535,0.02793952077627182
129542,0.005530691239982843
129549,0.017314229160547256
129556,0.006852101068943739
129563,0.010707831010222435
129570,0.007436346262693405
129577,0.00593756977468729
129584,0.01675083301961422
129591,0.004589006304740906
129598,0.009780913591384888
129605,0.01368747092783451
129612,0.007760846987366676
129619,0.004946216940879822
129626,0.015578288584947586
129633,0.006998604629188776
129640,0.006318532861769199
129647,0.0033645264338701963
129654,0.0031903162598609924
129661,0.00803646445274353
129668,0.01427597738802433
129675,0.004475411958992481
129682,0.002800309332087636
129689,0.06518211215734482
129696,0.01703045889735222
129703,0.018245799466967583
129710,0.005953164305537939
129717,0.015200451016426086
129724,0.002400414552539587
129731,0.04946980997920036
129738,0.008134404197335243
129745,0.013293292373418808
129752,0.0037764916196465492
129759,0.0103842094540596
129766,0.00851062498986721
129773,0.002879190258681774
129780,0.0029877228662371635
129787,0.003260974772274494
129794,0.007554221898317337
129801,0.001457944861613214
129808,0.002554540289565921
129815,0.004859866574406624
129822,0.019634347409009933
129829,0.003373858518898487
129836,0.006025345530360937
129843,0.0033280313946306705
129850,0.00695573166012764
129857,0.014104209840297699
129864,0.004197085741907358
129871,0.0045055365189909935
129878,0.0043727741576731205
129885,0.009310274384915829
129892,0.008303485810756683
129899,0.08374359458684921
129906,0.007325725629925728
129913,0.005035998299717903
129920,0.09415309131145477
129927,0.0029120149556547403
129934,0.09597278386354446
129941,0.0027121128514409065
129948,0.005443131551146507
129955,0.022163912653923035
129962,0.12195706367492676
129969,0.0034852020908147097
129976,0.005858467426151037
129983,0.008604537695646286
129990,0.09264767169952393
129997,0.0033727530390024185
130004,0.007085341028869152
130011,0.0556042343378067
130018,0.005613981280475855
130025,0.010697005316615105
130032,0.0255572572350502
130039,0.007933806627988815
130046,0.011855551972985268
130053,0.009962469339370728
130060,0.0040389131754636765
130067,0.0055223796516656876
130074,0.0022950205020606518
130081,0.0031514083966612816
130088,0.005973087623715401
130095,0.005986892152577639
130102,0.004392669536173344
130109,0.037173766642808914
130116,0.02835075743496418
130123,0.010181614197790623
130130,0.004303311463445425
130137,0.0035851839929819107
130144,0.007649592123925686
130151,0.018637336790561676
130158,0.00652741314843297
130165,0.005532856099307537
130172,0.010251394473016262
130179,0.002415381371974945
130186,0.0118893226608634
130193,0.016591768711805344
130200,0.0032207772601395845
130207,0.004133978858590126
130214,0.0024759387597441673
130221,0.0048790667206048965
130228,0.007545148953795433
130235,0.00938822515308857
130242,0.009259821847081184
130249,0.020892811939120293
130256,0.004353886935859919
130263,0.005764517467468977
130270,0.005350804887712002
130277,0.007901995442807674
130284,0.005159909371286631
130291,0.011323424056172371
130298,0.01075800135731697
130305,0.011707005091011524
130312,0.00713506992906332
130319,0.01169388648122549
130326,0.0045411232858896255
130333,0.007943898439407349
130340,0.0014024018310010433
130347,0.057663481682538986
130354,0.003481586230918765
130361,0.018930211663246155
130368,0.028439626097679138
130375,0.0075788479298353195
130382,0.05618199706077576
130389,0.002480636350810528
130396,0.0025947263929992914
130403,0.004206817597150803
130410,0.004267306532710791
130417,0.00836879201233387
130424,0.003089739242568612
130431,0.010866855271160603
130438,0.0033332258462905884
130445,0.007396462839096785
130452,0.0070867077447474
130459,0.013489635661244392
130466,0.005770091433078051
130473,0.003361002542078495
130480,0.002083336003124714
130487,0.008341362699866295
130494,0.00572667783126235
130501,0.002120844554156065
130508,0.0039441632106900215
130515,0.0045410580933094025
130522,0.008803867734968662
130529,0.003829412627965212
130536,0.005957557819783688
130543,0.0024793194606900215
130550,0.011200250126421452
130557,0.007462777197360992
130564,0.004721958190202713
130571,0.0045335553586483
130578,0.0033664030488580465
130585,0.0781954824924469
130592,0.008023221045732498
130599,0.014915719628334045
130606,0.003937731496989727
130613,0.006443319376558065
130620,0.015087556093931198
130627,0.005251879338175058
130634,0.003372205188497901
130641,0.0037923306226730347
130648,0.019597025588154793
130655,0.006894485559314489
130662,0.00862712599337101
130669,0.004511844366788864
130676,0.01202368177473545
130683,0.007252184674143791
130690,0.0077056908048689365
130697,0.0026423565577715635
130704,0.003913501743227243
130711,0.00806423556059599
130718,0.005096264183521271
130725,0.0960942879319191
130732,0.01214328221976757
130739,0.17136113345623016
130746,0.010391381569206715
130753,0.003921967931091785
130760,0.009282090701162815
130767,0.005035324953496456
130774,0.011101524345576763
130781,0.07639607787132263
130788,0.013162581250071526
130795,0.01081756129860878
130802,0.007362629286944866
130809,0.004585437476634979
130816,0.013811537995934486
130823,0.03620268777012825
130830,0.005480427760630846
130837,0.007723469752818346
130844,0.00617664260789752
130851,0.005688933655619621
130858,0.009268883615732193
130865,0.003833756549283862
130872,0.005580405704677105
130879,0.0077406903728842735
130886,0.006624393630772829
130893,0.00802770908921957
130900,0.01416083611547947
130907,0.0038166926242411137
130914,0.009075768291950226
130921,0.01093057356774807
130928,0.008808422833681107
130935,0.007077105809003115
130942,0.009983004070818424
130949,0.007945635356009007
130956,0.0037206257693469524
130963,0.0037150559946894646
130970,0.04767274856567383
130977,0.006102068815380335
130984,0.007287544198334217
130991,0.009142735041677952
130998,0.011817345395684242
131005,0.04630263149738312
131012,0.01086085382848978
131019,0.0026671611703932285
131026,0.10906033217906952
131033,0.003990931436419487
131040,0.0040004439651966095
131047,0.002780597424134612
131054,0.01843513920903206
131061,0.0097964433953166
131068,0.003924936521798372
131075,0.011883921921253204
131082,0.022478457540273666
131089,0.005057156085968018
131096,0.004567401483654976
131103,0.006262791343033314
131110,0.009647460654377937
131117,0.004124731291085482
131124,0.004622726235538721
131131,0.003447143826633692
131138,0.0023796954192221165
131145,0.004595417529344559
131152,0.003563615959137678
131159,0.16779305040836334
131166,0.006732063367962837
131173,0.011333735659718513
131180,0.009747782722115517
131187,0.006526981480419636
131194,0.022861994802951813
131201,0.0018780091777443886
131208,0.006271154619753361
131215,0.00447272090241313
131222,0.004539478570222855
131229,0.007651929743587971
131236,0.010238787159323692
131243,0.002954278839752078
131250,0.003768710885196924
131257,0.0021300329826772213
131264,0.006838503293693066
131271,0.009142480790615082
131278,0.0024772442411631346
131285,0.007595149800181389
131292,0.0036831798497587442
131299,0.0070422980934381485
131306,0.0054201530292630196
131313,0.004381759557873011
131320,0.029183972626924515
131327,0.00591374933719635
131334,0.0016585519770160317
131341,0.0029454531613737345
131348,0.003962403163313866
131355,0.005796546582132578
131362,0.0049036722630262375
131369,0.003225186374038458
131376,0.007745618466287851
131383,0.01541362889111042
131390,0.0030143000185489655
131397,0.0023143445141613483
131404,0.011471165344119072
131411,0.015160899609327316
131418,0.016460023820400238
131425,0.009815801866352558
131432,0.005209795664995909
131439,0.0063943276181817055
131446,0.006809309124946594
131453,0.02674327977001667
131460,0.0029745972715318203
131467,0.11941050738096237
131474,0.0035994902718812227
131481,0.006902100518345833
131488,0.005913658067584038
131495,0.002503453753888607
131502,0.005376127548515797
131509,0.004718606825917959
131516,0.004200355149805546
131523,0.007315333001315594
131530,0.0060285781510174274
131537,0.001581872347742319
131544,0.20895764231681824
131551,0.006741287186741829
131558,0.012092351913452148
131565,0.0308285653591156
131572,0.0027666366659104824
131579,0.0042050546035170555
131586,0.008372033014893532
131593,0.005268396809697151
131600,0.004015263170003891
131607,0.00376023817807436
131614,0.12736952304840088
131621,0.061863113194704056
131628,0.0031286748126149178
131635,0.003519289428368211
131642,0.005976934917271137
131649,0.006605773698538542
131656,0.0055760350078344345
131663,0.009005705825984478
131670,0.017121203243732452
131677,0.00919474009424448
131684,0.0047600120306015015
131691,0.0049989777617156506
131698,0.002188690472394228
131705,0.007988384924829006
131712,0.004533512517809868
131719,0.007405481301248074
131726,0.0032348395325243473
131733,0.0034153396263718605
131740,0.007098017260432243
131747,0.003553905291482806
131754,0.0053125182166695595
131761,0.052887022495269775
131768,0.002982715144753456
131775,0.00466148741543293
131782,0.003118374850600958
131789,0.009887345135211945
131796,0.003957740962505341
131803,0.0031397207640111446
131810,0.013013244606554508
131817,0.019608410075306892
131824,0.07110676169395447
131831,0.0024892480578273535
131838,0.02055451273918152
131845,0.007217399775981903
131852,0.0033738999627530575
131859,0.008869494311511517
131866,0.20400334894657135
131873,0.0021002532448619604
131880,0.005609219428151846
131887,0.1894189566373825
131894,0.008809348568320274
131901,0.007270200178027153
131908,0.07059640437364578
131915,0.039346035569906235
131922,0.005988574121147394
131929,0.004450618289411068
131936,0.03847420588135719
131943,0.003642123192548752
131950,0.00494364695623517
131957,0.01045154593884945
131964,0.005028707906603813
131971,0.003006156301125884
131978,0.16097275912761688
131985,0.03977435082197189
131992,0.006618446670472622
131999,0.005260046571493149
132006,0.003061451017856598
132013,0.012099132873117924
132020,0.010849831625819206
132027,0.011892223730683327
132034,0.003295422066003084
132041,0.0030530118383467197
132048,0.010984299704432487
132055,0.012251599691808224
132062,0.08361067622900009
132069,0.0060792905278503895
132076,0.006723195314407349
132083,0.004790494218468666
132090,0.0039043044671416283
132097,0.008996989578008652
132104,0.006458483170717955
132111,0.006569343619048595
132118,0.019775228574872017
132125,0.00857609324157238
132132,0.004377144388854504
132139,0.0025323606096208096
132146,0.010211397893726826
132153,0.0027925109025090933
132160,0.010250331833958626
132167,0.03685997799038887
132174,0.002384249120950699
132181,0.003017798764631152
132188,0.0033292260486632586
132195,0.007815119810402393
132202,0.003380375914275646
132209,0.08585722744464874
132216,0.01064729131758213
132223,0.01096709631383419
132230,0.003870155196636915
132237,0.010685091838240623
132244,0.005073312669992447
132251,0.00387469120323658
132258,0.0022035688161849976
132265,0.002261668909341097
132272,0.004209838807582855
132279,0.0036596101708710194
132286,0.005209333263337612
132293,0.002837318228557706
132300,0.09256532788276672
132307,0.006157353054732084
132314,0.003399224951863289
132321,0.003060055198147893
132328,0.005727821029722691
132335,0.005284516140818596
132342,0.0033714394085109234
132349,0.0016346585471183062
132356,0.012098432518541813
132363,0.01940448209643364
132370,0.009315872564911842
132377,0.004337099380791187
132384,0.008191150613129139
132391,0.0034599697683006525
132398,0.002660044701769948
132405,0.01591050624847412
132412,0.019331425428390503
132419,0.03564547747373581
132426,0.010488987900316715
132433,0.006779342889785767
132440,0.002184879034757614
132447,0.002742733573541045
132454,0.001981669571250677
132461,0.11403421312570572
132468,0.0032543761190027
132475,0.009271515533328056
132482,0.0032827076502144337
132489,0.003883420955389738
132496,0.006349244620651007
132503,0.0013688919134438038
132510,0.005890360567718744
132517,0.010193008929491043
132524,0.002912124153226614
132531,0.006167647894471884
132538,0.010919315740466118
132545,0.020576324313879013
132552,0.027117066085338593
132559,0.010531201958656311
132566,0.0024174475111067295
132573,0.004483334720134735
132580,0.0027127861976623535
132587,0.010115854442119598
132594,0.0034560374915599823
132601,0.0034645344130694866
132608,0.0031879935413599014
132615,0.009538109414279461
132622,0.006385168060660362
132629,0.005139186047017574
132636,0.007168840616941452
132643,0.006418224424123764
132650,0.005621924065053463
132657,0.12839367985725403
132664,0.0034068264067173004
132671,0.009291833266615868
132678,0.002347690751776099
132685,0.0033985828049480915
132692,0.008593708276748657
132699,0.006052612792700529
132706,0.006722841411828995
132713,0.027169929817318916
132720,0.019131070002913475
132727,0.08642435818910599
132734,0.0076097166165709496
132741,0.0070799714885652065
132748,0.0026212746743112803
132755,0.0019404140766710043
132762,0.0030644407961517572
132769,0.0018151726108044386
132776,0.10650099068880081
132783,0.011114013381302357
132790,0.006796051282435656
132797,0.09367134422063828
132804,0.013244779780507088
132811,0.006211616564542055
132818,0.05457384139299393
132825,0.011232327669858932
132832,0.007570385467261076
132839,0.005375831853598356
132846,0.01985425129532814
132853,0.014221707358956337
132860,0.036062467843294144
132867,0.017464403063058853
132874,0.0047403061762452126
132881,0.003011246444657445
132888,0.018181724473834038
132895,0.006724112667143345
132902,0.0018791902111843228
132909,0.008758367970585823
132916,0.0027672117576003075
132923,0.004613906145095825
132930,0.03555697947740555
132937,0.015438515692949295
132944,0.00538879819214344
132951,0.008130704052746296
132958,0.0037619597278535366
132965,0.0031363279558718204
132972,0.14323242008686066
132979,0.008633582852780819
132986,0.0017100685508921742
132993,0.04531656205654144
133000,0.0022182445973157883
133007,0.0022024582140147686
133014,0.0035989757161587477
133021,0.0031325456220656633
133028,0.0026232260279357433
133035,0.004277198575437069
133042,0.003568279091268778
133049,0.004708846099674702
133056,0.002558352192863822
133063,0.0026839645579457283
133070,0.021187961101531982
133077,0.0037905636709183455
133084,0.01073969155550003
133091,0.0019936098251491785
133098,0.07309682667255402
133105,0.014029262587428093
133112,0.003312844317406416
133119,0.007602617610245943
133126,0.0024707592092454433
133133,0.00517314625903964
133140,0.002554299309849739
133147,0.0037316461093723774
133154,0.006326638162136078
133161,0.004413238260895014
133168,0.025025302544236183
133175,0.005239557009190321
133182,0.005017872899770737
133189,0.0032713713590055704
133196,0.017211610451340675
133203,0.022315360605716705
133210,0.0037268935702741146
133217,0.007513063494116068
133224,0.01023033820092678
133231,0.0077918218448758125
133238,0.005327166058123112
133245,0.005072517320513725
133252,0.008505468256771564
133259,0.08806352317333221
133266,0.0042057400569319725
133273,0.009602410718798637
133280,0.003938434179872274
133287,0.011332046240568161
133294,0.004361889325082302
133301,0.005725383758544922
133308,0.007389230653643608
133315,0.0016624557320028543
133322,0.008119515143334866
133329,0.01296731736510992
133336,0.00280971173197031
133343,0.003790160408243537
133350,0.005806677043437958
133357,0.004765154328197241
133364,0.009409882128238678
133371,0.003805675311014056
133378,0.004087129607796669
133385,0.0169554203748703
133392,0.0032261202577501535
133399,0.0030127963982522488
133406,0.0030940710566937923
133413,0.005883459933102131
133420,0.0027167480438947678
133427,0.0050606681033968925
133434,0.002518553053960204
133441,0.004053314216434956
133448,0.005012625362724066
133455,0.07745924592018127
133462,0.010824307799339294
133469,0.008452462032437325
133476,0.013087276369333267
133483,0.003671525279060006
133490,0.02063153311610222
133497,0.0047692833468317986
133504,0.011559033766388893
133511,0.01259017176926136
133518,0.060588106513023376
133525,0.019977839663624763
133532,0.00301814335398376
133539,0.009036825969815254
133546,0.004277654457837343
133553,0.04152418300509453
133560,0.0058629391714930534
133567,0.16383647918701172
133574,0.005761514417827129
133581,0.0026406284887343645
133588,0.009046009741723537
133595,0.006537510082125664
133602,0.004417917225509882
133609,0.008870624005794525
133616,0.004464747849851847
133623,0.004865732509642839
133630,0.005347579251974821
133637,0.010711746290326118
133644,0.007961522787809372
133651,0.004408312030136585
133658,0.0015064273029565811
133665,0.011324471794068813
133672,0.02996177412569523
133679,0.007043418474495411
133686,0.19185703992843628
133693,0.011981281451880932
133700,0.012128341943025589
133707,0.003975036088377237
133714,0.04363271966576576
133721,0.004323171451687813
133728,0.0026406566612422466
133735,0.004261646419763565
133742,0.0014708347152918577
133749,0.09751981496810913
133756,0.010452819988131523
133763,0.012287773191928864
133770,0.12841276824474335
133777,0.1733045130968094
133784,0.0051968032494187355
133791,0.010923229157924652
133798,0.014227076433598995
133805,0.01533416286110878
133812,0.018404413014650345
133819,0.0075987596064805984
133826,0.00936770811676979
133833,0.0019189980812370777
133840,0.013499075546860695
133847,0.008245473727583885
133854,0.013216708786785603
133861,0.004236724227666855
133868,0.0018766315188258886
133875,0.012190570123493671
133882,0.00779649056494236
133889,0.001837085117585957
133896,0.005281810648739338
133903,0.0033168380614370108
133910,0.11217417567968369
133917,0.004017480183392763
133924,0.0144851915538311
133931,0.014612081460654736
133938,0.05296216160058975
133945,0.00817548856139183
133952,0.1237308606505394
133959,0.005239610560238361
133966,0.033263929188251495
133973,0.004613909870386124
133980,0.005091958213597536
133987,0.00640059681609273
133994,0.0032187800388783216
134001,0.008869784884154797
134008,0.02303442545235157
134015,0.0023677051067352295
134022,0.0026937779039144516
134029,0.009152358397841454
134036,0.010102318599820137
134043,0.008276025764644146
134050,0.0024582145269960165
134057,0.006290808320045471
134064,0.006196891888976097
134071,0.0058485944755375385
134078,0.0030504558235406876
134085,0.00568249449133873
134092,0.0028690912295132875
134099,0.15492111444473267
134106,0.0039697689935564995
134113,0.013566897250711918
134120,0.007292483933269978
134127,0.004281412344425917
134134,0.003115444676950574
134141,0.011995047330856323
134148,0.004960224032402039
134155,0.0042652892880141735
134162,0.0054566701874136925
134169,0.004434182308614254
134176,0.00919988751411438
134183,0.015345171093940735
134190,0.008684341795742512
134197,0.008421815000474453
134204,0.020017554983496666
134211,0.007540145888924599
134218,0.007467775605618954
134225,0.0060394397005438805
134232,0.015157867223024368
134239,0.009407997131347656
134246,0.028457866981625557
134253,0.01737058348953724
134260,0.003922651521861553
134267,0.0018203022191300988
134274,0.01721411570906639
134281,0.009472367353737354
134288,0.006271774414926767
134295,0.0033911410719156265
134302,0.006822775583714247
134309,0.005261759273707867
134316,0.0019258513348177075
134323,0.005690045654773712
134330,0.003922084346413612
134337,0.10576032847166061
134344,0.003915621433407068
134351,0.005598829593509436
134358,0.005385357886552811
134365,0.13714376091957092
134372,0.008373165503144264
134379,0.018346697092056274
134386,0.0021965508349239826
134393,0.004706720821559429
134400,0.002337152836844325
134407,0.008072560653090477
134414,0.002426857128739357
134421,0.015588740818202496
134428,0.0021203781943768263
134435,0.0030290104914456606
134442,0.1724652647972107
134449,0.01264764741063118
134456,0.006376299541443586
134463,0.015676211565732956
134470,0.005617257207632065
134477,0.002989498432725668
134484,0.014816847629845142
134491,0.18586605787277222
134498,0.01908794604241848
134505,0.0033956547267735004
134512,0.0029359450563788414
134519,0.004538809880614281
134526,0.01310122013092041
134533,0.0023741014301776886
134540,0.009040293283760548
134547,0.027280205860733986
134554,0.007985983043909073
134561,0.004582599736750126
134568,0.009216799400746822
134575,0.0026035853661596775
134582,0.017027057707309723
134589,0.0029269277583807707
134596,0.007029131054878235
134603,0.012704364024102688
134610,0.0015143617056310177
134617,0.009923364967107773
134624,0.003059913171455264
134631,0.005922442302107811
134638,0.004078226629644632
134645,0.020189713686704636
134652,0.006491575390100479
134659,0.003369985381141305
134666,0.014625780284404755
134673,0.008180706761777401
134680,0.005024791229516268
134687,0.0077917203307151794
134694,0.004872707184404135
134701,0.009372630156576633
134708,0.0027436304371804
134715,0.002351163886487484
134722,0.008912235498428345
134729,0.007551982067525387
134736,0.005093210842460394
134743,0.007872449234127998
134750,0.011099250987172127
134757,0.11443418264389038
134764,0.003710424527525902
134771,0.01196354441344738
134778,0.006710397079586983
134785,0.0031073614954948425
134792,0.005594245158135891
134799,0.0038698692806065083
134806,0.006273696199059486
134813,0.00618832977488637
134820,0.019073139876127243
134827,0.005214052274823189
134834,0.02072037011384964
134841,0.0056306831538677216
134848,0.0021689841523766518
134855,0.03023615851998329
134862,0.022068306803703308
134869,0.007326565682888031
134876,0.10059443861246109
134883,0.014904219657182693
134890,0.03810381144285202
134897,0.009767953306436539
134904,0.010643821209669113
134911,0.0054681748151779175
134918,0.0036456920206546783
134925,0.004653953015804291
134932,0.007011025678366423
134939,0.011240222491323948
134946,0.031468506902456284
134953,0.008612386882305145
134960,0.004425589460879564
134967,0.004396319389343262
134974,0.005822503007948399
134981,0.0026942265685647726
134988,0.0020964695140719414
134995,0.015743505209684372
135002,0.0025014791171997786
135009,0.0034079463221132755
135016,0.0024982099421322346
135023,0.004541396629065275
135030,0.0034789680503308773
135037,0.005592541303485632
135044,0.01226692646741867
135051,0.015286361798644066
135058,0.0046426840126514435
135065,0.0019020199542865157
135072,0.004503240808844566
135079,0.006864950992166996
135086,0.14200818538665771
135093,0.0033636626321822405
135100,0.01674257218837738
135107,0.00996805727481842
135114,0.01361048687249422
135121,0.010476762428879738
135128,0.11176878213882446
135135,0.0019094496965408325
135142,0.020321717485785484
135149,0.00398538913577795
135156,0.01852588728070259
135163,0.002417080570012331
135170,0.005626578349620104
135177,0.002654814627021551
135184,0.10939855128526688
135191,0.011362945660948753
135198,0.007495538331568241
135205,0.00719462288543582
135212,0.049762751907110214
135219,0.004797729663550854
135226,0.00908949226140976
135233,0.007875464856624603
135240,0.0047526913695037365
135247,0.004911541938781738
135254,0.0038076979108154774
135261,0.0027151829563081264
135268,0.006171554792672396
135275,0.015097338706254959
135282,0.0037686252035200596
135289,0.0033891662023961544
135296,0.001691819867119193
135303,0.005018763709813356
135310,0.02943514473736286
135317,0.01116324681788683
135324,0.0030756236519664526
135331,0.01347433403134346
135338,0.003562251105904579
135345,0.003471964970231056
135352,0.0025227947626262903
135359,0.005088910926133394
135366,0.013842024840414524
135373,0.0052673411555588245
135380,0.006063469685614109
135387,0.10222276300191879
135394,0.005811100360006094
135401,0.010533519089221954
135408,0.0032424533274024725
135415,0.004671839065849781
135422,0.00377613864839077
135429,0.0022922728676348925
135436,0.10587134957313538
135443,0.0773782804608345
135450,0.005955786909908056
135457,0.0035231609363108873
135464,0.005058156326413155
135471,0.002936911303550005
135478,0.0047523039393126965
135485,0.0032535057980567217
135492,0.0990489050745964
135499,0.0031069498509168625
135506,0.005836792290210724
135513,0.008071928285062313
135520,0.11873326450586319
135527,0.014163324609398842
135534,0.015624267980456352
135541,0.007233424577862024
135548,0.001972656697034836
135555,0.003524412401020527
135562,0.0049939751625061035
135569,0.010951005853712559
135576,0.002720256568863988
135583,0.17102275788784027
135590,0.002635959768667817
135597,0.01754618249833584
135604,0.0064029693603515625
135611,0.006213054526597261
135618,0.003816410433501005
135625,0.003671674057841301
135632,0.049622543156147
135639,0.14804093539714813
135646,0.00667350459843874
135653,0.0024039710406214
135660,0.00536010880023241
135667,0.10437564551830292
135674,0.009432557970285416
135681,0.0020065875723958015
135688,0.005585138686001301
135695,0.009291587397456169
135702,0.01690247654914856
135709,0.004034787882119417
135716,0.007472516968846321
135723,0.019334930926561356
135730,0.09179924428462982
135737,0.06911316514015198
135744,0.008311443030834198
135751,0.007825270295143127
135758,0.15707410871982574
135765,0.004551265388727188
135772,0.005170703865587711
135779,0.00919429212808609
135786,0.1652728170156479
135793,0.05700746923685074
135800,0.003973056562244892
135807,0.003365670097991824
135814,0.0072466288693249226
135821,0.008206757716834545
135828,0.004800759255886078
135835,0.006331539712846279
135842,0.007402640767395496
135849,0.004270260222256184
135856,0.0028538645710796118
135863,0.003125289920717478
135870,0.009013351984322071
135877,0.004990485962480307
135884,0.011009294539690018
135891,0.009172411635518074
135898,0.006114415358752012
135905,0.012722990475594997
135912,0.0039949603378772736
135919,0.0036871996708214283
135926,0.0023181308060884476
135933,0.01179886981844902
135940,0.007114400155842304
135947,0.023826194927096367
135954,0.005787063390016556
135961,0.0023075398057699203
135968,0.0034535974264144897
135975,0.015944141894578934
135982,0.009678848087787628
135989,0.05137694999575615
135996,0.05566234886646271
136003,0.012356624938547611
136010,0.008672777563333511
136017,0.0049970438703894615
136024,0.006370117887854576
136031,0.08294874429702759
136038,0.0029941240791231394
136045,0.007297029718756676
136052,0.0040337517857551575
136059,0.01956099644303322
136066,0.006029126234352589
136073,0.01128711923956871
136080,0.012099171988666058
136087,0.0071207755245268345
136094,0.0047393254935741425
136101,0.008183975704014301
136108,0.005447690840810537
136115,0.01229407824575901
136122,0.01843189261853695
136129,0.006187553983181715
136136,0.005922261625528336
136143,0.16416357457637787
136150,0.009431380778551102
136157,0.010179802775382996
136164,0.011530427262187004
136171,0.005902774631977081
136178,0.00809403508901596
136185,0.003686343552544713
136192,0.005798990838229656
136199,0.01630399562418461
136206,0.00739276222884655
136213,0.005479162093251944
136220,0.005995515733957291
136227,0.009140140376985073
136234,0.004520940128713846
136241,0.008032524958252907
136248,0.005748577415943146
136255,0.045869749039411545
136262,0.011545197106897831
136269,0.006731933448463678
136276,0.013799584470689297
136283,0.003531137015670538
136290,0.005766840651631355
136297,0.022520314902067184
136304,0.006860951893031597
136311,0.007033968344330788
136318,0.005153837613761425
136325,0.016078146174550056
136332,0.0033252269495278597
136339,0.004982945043593645
136346,0.01110281515866518
136353,0.005243618972599506
136360,0.005240508820861578
136367,0.009625053033232689
136374,0.006150164175778627
136381,0.007221304811537266
136388,0.007466671988368034
136395,0.0024702344089746475
136402,0.0036281298380345106
136409,0.007659930735826492
136416,0.0034706182777881622
136423,0.00671001011505723
136430,0.003072046209126711
136437,0.009431734681129456
136444,0.013645458035171032
136451,0.012536462396383286
136458,0.003355089109390974
136465,0.012485058978199959
136472,0.00268380856141448
136479,0.00920635461807251
136486,0.018242789432406425
136493,0.02770986594259739
136500,0.0037198031786829233
136507,0.007964440621435642
136514,0.009256567806005478
136521,0.005825713276863098
136528,0.005391842685639858
136535,0.003123715752735734
136542,0.00349237909540534
136549,0.006937953177839518
136556,0.008119583129882812
136563,0.03187672793865204
136570,0.02274916134774685
136577,0.067022405564785
136584,0.00224201288074255
136591,0.008814818225800991
136598,0.008840641006827354
136605,0.006712833419442177
136612,0.0054633175022900105
136619,0.0036641256883740425
136626,0.05970984324812889
136633,0.008597856387495995
136640,0.0029276374261826277
136647,0.004959399811923504
136654,0.14817383885383606
136661,0.0035138847306370735
136668,0.003473193384706974
136675,0.00813321489840746
136682,0.001998315565288067
136689,0.0035979447420686483
136696,0.01065388135612011
136703,0.005835412070155144
136710,0.0025627529248595238
136717,0.004107638727873564
136724,0.010026517324149609
136731,0.012311674654483795
136738,0.00197544414550066
136745,0.004359186161309481
136752,0.0008008670993149281
136759,0.006977858021855354
136766,0.0047706724144518375
136773,0.00534825399518013
136780,0.010021848604083061
136787,0.0077253347262740135
136794,0.004503795877099037
136801,0.012307032011449337
136808,0.01361933909356594
136815,0.006664592307060957
136822,0.008313793689012527
136829,0.014371486380696297
136836,0.01506976131349802
136843,0.0027546933852136135
136850,0.0018248629057779908
136857,0.004024792928248644
136864,0.02065812610089779
136871,0.004510616883635521
136878,0.003062316682189703
136885,0.006183775141835213
136892,0.006481125019490719
136899,0.00528906611725688
136906,0.004821466747671366
136913,0.05936679616570473
136920,0.001018974231556058
136927,0.010472896508872509
136934,0.032048605382442474
136941,0.007092653773725033
136948,0.004748274572193623
136955,0.1351933479309082
136962,0.011518869549036026
136969,0.004622468259185553
136976,0.010812884196639061
136983,0.008584478870034218
136990,0.007719994988292456
136997,0.005415275692939758
137004,0.002922495361417532
137011,0.0029585761949419975
137018,0.10300073772668839
137025,0.012801114469766617
137032,0.008147310465574265
137039,0.011782743036746979
137046,0.01122253853827715
137053,0.0020294480491429567
137060,0.0028327596373856068
137067,0.004341745749115944
137074,0.006768953055143356
137081,0.007040100172162056
137088,0.009062464348971844
137095,0.0037952091079205275
137102,0.011653697118163109
137109,0.009246082045137882
137116,0.005353526212275028
137123,0.006532276980578899
137130,0.024284543469548225
137137,0.007525229826569557
137144,0.004660594277083874
137151,0.03471337631344795
137158,0.0008459303062409163
137165,0.0022648372687399387
137172,0.007036945782601833
137179,0.044692788273096085
137186,0.003788178786635399
137193,0.007471000775694847
137200,0.00663374550640583
137207,0.12450665980577469
137214,0.08172231167554855
137221,0.005668879486620426
137228,0.015281650237739086
137235,0.0061376322992146015
137242,0.0018589964602142572
137249,0.003379124216735363
137256,0.005278528667986393
137263,0.0038371686823666096
137270,0.008268906734883785
137277,0.004717742092907429
137284,0.008301976136863232
137291,0.007711352780461311
137298,0.011047473177313805
137305,0.14484800398349762
137312,0.08151005208492279
137319,0.00859119463711977
137326,0.0029701380990445614
137333,0.014685542322695255
137340,0.0012389578623697162
137347,0.0050058504566550255
137354,0.013817071914672852
137361,0.005132944788783789
137368,0.004754867870360613
137375,0.0032597568351775408
137382,0.008914051577448845
137389,0.007696428336203098
137396,0.013051331974565983
137403,0.0024451222270727158
137410,0.006023676134645939
137417,0.01259234081953764
137424,0.0030326342675834894
137431,0.003254279727116227
137438,0.015353952534496784
137445,0.003105226904153824
137452,0.006337994709610939
137459,0.005256630014628172
137466,0.006316093727946281
137473,0.007076836656779051
137480,0.005303503479808569
137487,0.017648961395025253
137494,0.0035807164385914803
137501,0.0770191177725792
137508,0.0024760598316788673
137515,0.008681024424731731
137522,0.002263337606564164
137529,0.006167575716972351
137536,0.15144291520118713
137543,0.0030409484170377254
137550,0.011252794414758682
137557,0.009601610712707043
137564,0.005222842562943697
137571,0.138050839304924
137578,0.0062342435121536255
137585,0.01227737870067358
137592,0.0659068152308464
137599,0.004502026364207268
137606,0.0011488895397633314
137613,0.0019029094837605953
137620,0.016013965010643005
137627,0.06278075277805328
137634,0.015066854655742645
137641,0.008292937651276588
137648,0.006331233773380518
137655,0.007235177792608738
137662,0.02906149998307228
137669,0.0036779341753572226
137676,0.01269493717700243
137683,0.0024956529960036278
137690,0.0034700732212513685
137697,0.006573272868990898
137704,0.0030447819735854864
137711,0.007573348470032215
137718,0.002608893672004342
137725,0.006728666834533215
137732,0.001932021463289857
137739,0.0019898051396012306
137746,0.0037443633191287518
137753,0.0032797614112496376
137760,0.013456245884299278
137767,0.004358865320682526
137774,0.008669450879096985
137781,0.0020923896227031946
137788,0.008766023442149162
137795,0.010976945981383324
137802,0.003963130060583353
137809,0.005664299242198467
137816,0.0018337484216317534
137823,0.17779308557510376
137830,0.004775084555149078
137837,0.015435796231031418
137844,0.011070308275520802
137851,0.1497388780117035
137858,0.002037749160081148
137865,0.014947684481739998
137872,0.0516950860619545
137879,0.006956678815186024
137886,0.011433342471718788
137893,0.009606977924704552
137900,0.003043620614334941
137907,0.007818159647285938
137914,0.007456136867403984
137921,0.003843167796730995
137928,0.007309672422707081
137935,0.007930527441203594
137942,0.008759425953030586
137949,0.0034126159735023975
137956,0.090291827917099
137963,0.007631353102624416
137970,0.005146539770066738
137977,0.005061252508312464
137984,0.008388840593397617
137991,0.0031514246948063374
137998,0.0035871875006705523
138005,0.06173492968082428
138012,0.0027605355717241764
138019,0.009019847959280014
138026,0.13591106235980988
138033,0.004339327570050955
138040,0.01706681028008461
138047,0.00843377411365509
138054,0.004624484106898308
138061,0.008320755325257778
138068,0.0009781671687960625
138075,0.008714795112609863
138082,0.01645054668188095
138089,0.0022880921605974436
138096,0.005197052378207445
138103,0.003493272000923753
138110,0.03329365700483322
138117,0.005530321970582008
138124,0.007341945078223944
138131,0.0027134567499160767
138138,0.004543490242213011
138145,0.0032906171400099993
138152,0.0038157333619892597
138159,0.007591311354190111
138166,0.008061481639742851
138173,0.008837694302201271
138180,0.008817649446427822
138187,0.004663217347115278
138194,0.012306800112128258
138201,0.0026984424330294132
138208,0.009395279921591282
138215,0.028057068586349487
138222,0.0021978216245770454
138229,0.006176899187266827
138236,0.00901761557906866
138243,0.0074791316874325275
138250,0.007347946986556053
138257,0.017825687304139137
138264,0.011567743495106697
138271,0.002742178039625287
138278,0.003410847159102559
138285,0.0015339602250605822
138292,0.00428232504054904
138299,0.01651051454246044
138306,0.002842966001480818
138313,0.002882723929360509
138320,0.0077200643718242645
138327,0.009040429256856441
138334,0.005153047386556864
138341,0.06724847108125687
138348,0.10897897928953171
138355,0.0065964893437922
138362,0.003414104226976633
138369,0.019732756540179253
138376,0.0256306491792202
138383,0.0062836771830916405
138390,0.0814349576830864
138397,0.0031283877324312925
138404,0.005064179189503193
138411,0.005486676469445229
138418,0.024471858516335487
138425,0.0031473624985665083
138432,0.008964681066572666
138439,0.00808266457170248
138446,0.03029348887503147
138453,0.013996204361319542
138460,0.06504352390766144
138467,0.0036678477190434933
138474,0.008588679134845734
138481,0.003261728212237358
138488,0.009392548352479935
138495,0.01466449722647667
138502,0.0021513677202165127
138509,0.00295014469884336
138516,0.0037456089630723
138523,0.008672921918332577
138530,0.07261860370635986
138537,0.006067456677556038
138544,0.004880920983850956
138551,0.004252465441823006
138558,0.005268160253763199
138565,0.0024151713587343693
138572,0.09550222754478455
138579,0.012799497693777084
138586,0.011159898713231087
138593,0.010828223079442978
138600,0.007015456911176443
138607,0.00476934714242816
138614,0.0037887098733335733
138621,0.0061197481118142605
138628,0.03620832413434982
138635,0.004639145452529192
138642,0.01079926360398531
138649,0.0025274185463786125
138656,0.004582106601446867
138663,0.0025049850810319185
138670,0.011568930000066757
138677,0.00986417755484581
138684,0.005364804994314909
138691,0.0171856377273798
138698,0.04590524733066559
138705,0.00820811279118061
138712,0.00242060050368309
138719,0.03200370445847511
138726,0.007087883073836565
138733,0.0031476477161049843
138740,0.10461241006851196
138747,0.0025976223405450583
138754,0.007384742144495249
138761,0.0015352822374552488
138768,0.08516380190849304
138775,0.003445278387516737
138782,0.021226096898317337
138789,0.014296317473053932
138796,0.00690765306353569
138803,0.05134427547454834
138810,0.04628452658653259
138817,0.004432151559740305
138824,0.00972308125346899
138831,0.17500686645507812
138838,0.003806731663644314
138845,0.0025868089869618416
138852,0.009983929805457592
138859,0.004276077728718519
138866,0.006536808796226978
138873,0.00796574167907238
138880,0.005962776020169258
138887,0.007773997262120247
138894,0.009878716431558132
138901,0.008539149537682533
138908,0.00266749644652009
138915,0.003971013240516186
138922,0.010041555389761925
138929,0.003213171847164631
138936,0.009459243156015873
138943,0.002045918256044388
138950,0.005830591078847647
138957,0.006797826383262873
138964,0.0060277534648776054
138971,0.006021902896463871
138978,0.054010532796382904
138985,0.00399408582597971
138992,0.004471426829695702
138999,0.002462920732796192
139006,0.010105470195412636
139013,0.0020748686511069536
139020,0.0026182755827903748
139027,0.0123564712703228
139034,0.0029996084049344063
139041,0.005887607112526894
139048,0.001493376912549138
139055,0.0013059416087344289
139062,0.033378966152668
139069,0.005732166580855846
139076,0.001936601591296494
139083,0.004861338995397091
139090,0.007539311423897743
139097,0.005398363806307316
139104,0.007009397726505995
139111,0.08702243119478226
139118,0.009623720310628414
139125,0.010191247798502445
139132,0.13936416804790497
139139,0.012579301372170448
139146,0.00880425050854683
139153,0.005755818448960781
139160,0.00413223821669817
139167,0.010997048579156399
139174,0.0023004254326224327
139181,0.0053322939202189445
139188,0.01896674931049347
139195,0.008250040002167225
139202,0.012685874477028847
139209,0.005265498533844948
139216,0.004791137296706438
139223,0.016020217910408974
139230,0.03115445375442505
139237,0.03366309404373169
139244,0.011199355125427246
139251,0.01113202515989542
139258,0.007312210276722908
139265,0.002446743892505765
139272,0.005245918408036232
139279,0.0030325232073664665
139286,0.036156050860881805
139293,0.0023333874996751547
139300,0.012274406850337982
139307,0.0018120002932846546
139314,0.06666640937328339
139321,0.0043540531769394875
139328,0.0029198741540312767
139335,0.12720492482185364
139342,0.0059519256465137005
139349,0.026705220341682434
139356,0.017417211085557938
139363,0.0056615108624100685
139370,0.005479161161929369
139377,0.01108506042510271
139384,0.009799553081393242
139391,0.0063731474801898
139398,0.008289691060781479
139405,0.0014206405030563474
139412,0.02369917742908001
139419,0.0027771443128585815
139426,0.005771968979388475
139433,0.015282542444765568
139440,0.009873993694782257
139447,0.006363402120769024
139454,0.019762372598052025
139461,0.010953237302601337
139468,0.05281577631831169
139475,0.0028589756693691015
139482,0.005926685407757759
139489,0.003797064535319805
139496,0.00487614655867219
139503,0.012541299685835838
139510,0.08652236312627792
139517,0.0041716862469911575
139524,0.003465492743998766
139531,0.019782081246376038
139538,0.025694064795970917
139545,0.0016347292112186551
139552,0.009446846321225166
139559,0.011476648971438408
139566,0.008626115508377552
139573,0.0032383520156145096
139580,0.004210885614156723
139587,0.009797783568501472
139594,0.011959271505475044
139601,0.008098493330180645
139608,0.010263931006193161
139615,0.0038688587956130505
139622,0.005626162048429251
139629,0.0036975655239075422
139636,0.02192801423370838
139643,0.004047646187245846
139650,0.0031082825735211372
139657,0.005483626388013363
139664,0.010841548442840576
139671,0.00540416594594717
139678,0.010779550299048424
139685,0.016937492415308952
139692,0.004297113511711359
139699,0.0034785978496074677
139706,0.007725602947175503
139713,0.006078208331018686
139720,0.1999218463897705
139727,0.11128310859203339
139734,0.005134614184498787
139741,0.006058060564100742
139748,0.008745718747377396
139755,0.001841763500124216
139762,0.00882198940962553
139769,0.01833745650947094
139776,0.030561987310647964
139783,0.005872437264770269
139790,0.0021307100541889668
139797,0.007363436743617058
139804,0.0017436412163078785
139811,0.004473824054002762
139818,0.010797363705933094
139825,0.011079213581979275
139832,0.006558777764439583
139839,0.0026033688336610794
139846,0.00378112168982625
139853,0.13794440031051636
139860,0.0025872429832816124
139867,0.004069601185619831
139874,0.003809332847595215
139881,0.02527976967394352
139888,0.005443347152322531
139895,0.001136493170633912
139902,0.002755001885816455
139909,0.00525741558521986
139916,0.015511018224060535
139923,0.006087081972509623
139930,0.0024920699652284384
139937,0.008646687492728233
139944,0.004977033473551273
139951,0.03764103353023529
139958,0.004929720889776945
139965,0.002967862645164132
139972,0.002843413967639208
139979,0.0167147908359766
139986,0.0013563926331698895
139993,0.004513720516115427
140000,0.0036078887060284615
140007,0.01099430862814188
140014,0.0028494475409388542
140021,0.00251579936593771
140028,0.010153248906135559
140035,0.006284954957664013
140042,0.006379689555615187
140049,0.004206987097859383
140056,0.00604010047391057
140063,0.0035607297904789448
140070,0.004894061014056206
140077,0.18274284899234772
140084,0.00466659851372242
140091,0.006804673932492733
140098,0.004239216446876526
140105,0.015219276770949364
140112,0.003985739313066006
140119,0.005460909567773342
140126,0.002377605065703392
140133,0.007346441503614187
140140,0.006479195784777403
140147,0.003567424602806568
140154,0.004721858538687229
140161,0.11691675335168839
140168,0.003019164316356182
140175,0.12809041142463684
140182,0.004255626350641251
140189,0.11157655715942383
140196,0.022751081734895706
140203,0.004367070738226175
140210,0.005491951480507851
140217,0.005509702488780022
140224,0.003956943284720182
140231,0.0014835386537015438
140238,0.1911521852016449
140245,0.027149204164743423
140252,0.01147780567407608
140259,0.0035934611223638058
140266,0.00784275121986866
140273,0.004102389328181744
140280,0.004684817045927048
140287,0.0077104391530156136
140294,0.00671805115416646
140301,0.02224070206284523
140308,0.007223246619105339
140315,0.0077530620619654655
140322,0.0023377228062599897
140329,0.012030603364109993
140336,0.011981958523392677
140343,0.009036795236170292
140350,0.012266455218195915
140357,0.008686522953212261
140364,0.010687999427318573
140371,0.005589951761066914
140378,0.008496821857988834
140385,0.09866196662187576
140392,0.0076706502586603165
140399,0.005678761750459671
140406,0.010063037276268005
140413,0.02612559124827385
140420,0.014639033935964108
140427,0.008062020875513554
140434,0.026175713166594505
140441,0.005939764901995659
140448,0.016722088679671288
140455,0.009917115792632103
140462,0.011151757091283798
140469,0.03665262460708618
140476,0.0848103016614914
140483,0.0024473441299051046
140490,0.028851673007011414
140497,0.008745850063860416
140504,0.0041929250583052635
140511,0.002825962845236063
140518,0.004416745621711016
140525,0.0021806962322443724
140532,0.0075988974422216415
140539,0.002792247338220477
140546,0.0023513396736234426
140553,0.006483173929154873
140560,0.007422744762152433
140567,0.007399623282253742
140574,0.006607787683606148
140581,0.008191294968128204
140588,0.004357584752142429
140595,0.01669454760849476
140602,0.004030934069305658
140609,0.01753424108028412
140616,0.008519819006323814
140623,0.005421021953225136
140630,0.03029691055417061
140637,0.0014113772194832563
140644,0.006841337773948908
140651,0.012910370714962482
140658,0.0030412673950195312
140665,0.002420951845124364
140672,0.0044721877202391624
140679,0.0043476056307554245
140686,0.013829506933689117
140693,0.007300642319023609
140700,0.010241142474114895
140707,0.00427550682798028
140714,0.016071924939751625
140721,0.006954650394618511
140728,0.004565252922475338
140735,0.024682030081748962
140742,0.009885984472930431
140749,0.004574879072606564
140756,0.001395015511661768
140763,0.02633637562394142
140770,0.013989388011395931
140777,0.007047383114695549
140784,0.02308150939643383
140791,0.0051687927916646
140798,0.008440127596259117
140805,0.0069416724145412445
140812,0.0033512827940285206
140819,0.0029372493736445904
140826,0.010427282191812992
140833,0.02189626730978489
140840,0.0035876729525625706
140847,0.013167355209589005
140854,0.003295459086075425
140861,0.03894665837287903
140868,0.0034335548989474773
140875,0.008679380640387535
140882,0.027924543246626854
140889,0.05627630278468132
140896,0.017011743038892746
140903,0.0029231791850179434
140910,0.006923887878656387
140917,0.004021083936095238
140924,0.006956266239285469
140931,0.005971136502921581
140938,0.003781680716201663
140945,0.0035842880606651306
140952,0.012948062270879745
140959,0.0046364543959498405
140966,0.0030426052398979664
140973,0.003960929345339537
140980,0.00775112584233284
140987,0.0029304896015673876
140994,0.016316110268235207
141001,0.011117188259959221
141008,0.02667994797229767
141015,0.013598514720797539
141022,0.0659753754734993
141029,0.0060926699079573154
141036,0.0043397084809839725
141043,0.009325711987912655
141050,0.013383752666413784
141057,0.00784026738256216
141064,0.010067176073789597
141071,0.004107960965484381
141078,0.014799288474023342
141085,0.005509126931428909
141092,0.002953894203528762
141099,0.00479031540453434
141106,0.004045452922582626
141113,0.012234397232532501
141120,0.11990740895271301
141127,0.002518187277019024
141134,0.03545868769288063
141141,0.002908875234425068
141148,0.013382747769355774
141155,0.015278823673725128
141162,0.0030278535559773445
141169,0.11266639828681946
141176,0.0038234656676650047
141183,0.03167186677455902
141190,0.007038496900349855
141197,0.0027497801929712296
141204,0.002160473261028528
141211,0.0032470584847033024
141218,0.006136522628366947
141225,0.007611563429236412
141232,0.006921027321368456
141239,0.007510189898312092
141246,0.05092115327715874
141253,0.002023120876401663
141260,0.006382837425917387
141267,0.0072351545095443726
141274,0.009108105674386024
141281,0.007517888210713863
141288,0.010420553386211395
141295,0.002979456912726164
141302,0.03941388055682182
141309,0.010831328108906746
141316,0.011422187089920044
141323,0.009253859519958496
141330,0.0035583386197686195
141337,0.00801107194274664
141344,0.011871740221977234
141351,0.001996383536607027
141358,0.008872837759554386
141365,0.014507983811199665
141372,0.003849317552521825
141379,0.0037612351588904858
141386,0.0039482731372118
141393,0.004064767621457577
141400,0.0030664047226309776
141407,0.010664655826985836
141414,0.004160077311098576
141421,0.09206289052963257
141428,0.00278264912776649
141435,0.00619687931612134
141442,0.0040754154324531555
141449,0.015596850775182247
141456,0.0017787573160603642
141463,0.04550885036587715
141470,0.006070714443922043
141477,0.009577509947121143
141484,0.0352187380194664
141491,0.0026350785046815872
141498,0.002404214348644018
141505,0.003830098081380129
141512,0.048065174371004105
141519,0.007590214256197214
141526,0.002473494503647089
141533,0.013696063309907913
141540,0.0032386677339673042
141547,0.006312149576842785
141554,0.00982758030295372
141561,0.042900875210762024
141568,0.00792560912668705
141575,0.002520781010389328
141582,0.006198079790920019
141589,0.016508370637893677
141596,0.006179101299494505
141603,0.0050666918978095055
141610,0.017546074464917183
141617,0.08189801126718521
141624,0.011040390469133854
141631,0.004102981649339199
141638,0.010436233133077621
141645,0.002693742047995329
141652,0.11855018883943558
141659,0.014425140805542469
141666,0.007712699938565493
141673,0.007032445166260004
141680,0.010070346295833588
141687,0.00426770094782114
141694,0.006441192701458931
141701,0.009353507310152054
141708,0.008614645339548588
141715,0.008919995278120041
141722,0.0017955680377781391
141729,0.002329980256035924
141736,0.003773203818127513
141743,0.09423081576824188
141750,0.006348535418510437
141757,0.002257359679788351
141764,0.040114667266607285
141771,0.0017013937467709184
141778,0.0101588424295187
141785,0.00401645340025425
141792,0.006160145625472069
141799,0.002598738996312022
141806,0.019327465444803238
141813,0.013267557136714458
141820,0.08859341591596603
141827,0.00514557957649231
141834,0.006036622449755669
141841,0.10701475292444229
141848,0.0058183385990560055
141855,0.008023585192859173
141862,0.008078958839178085
141869,0.0033215677831321955
141876,0.004289225675165653
141883,0.010356630198657513
141890,0.0030471407808363438
141897,0.0765046551823616
141904,0.022195013239979744
141911,0.006224809680134058
141918,0.005322981160134077
141925,0.11256340891122818
141932,0.008128726854920387
141939,0.00713590020313859
141946,0.003649934194982052
141953,0.006849396042525768
141960,0.005595448426902294
141967,0.06831927597522736
141974,0.0036769602447748184
141981,0.006948331370949745
141988,0.004952672403305769
141995,0.0046225073747336864
142002,0.023400679230690002
142009,0.0025793348904699087
142016,0.0016352434176951647
142023,0.0022134999744594097
142030,0.023601695895195007
142037,0.007344841491430998
142044,0.007804984226822853
142051,0.043554555624723434
142058,0.0038219415582716465
142065,0.012404842302203178
142072,0.0015804388094693422
142079,0.002401628065854311
142086,0.00893641822040081
142093,0.01194693148136139
142100,0.1496480107307434
142107,0.007093915715813637
142114,0.005379907786846161
142121,0.00334376422688365
142128,0.006064323708415031
142135,0.006990605499595404
142142,0.0051200417801737785
142149,0.0070797535590827465
142156,0.005594318732619286
142163,0.0034375907853245735
142170,0.0031792561057955027
142177,0.021435262635350227
142184,0.011707865633070469
142191,0.001925126533024013
142198,0.004765922203660011
142205,0.0031620210502296686
142212,0.00456182099878788
142219,0.0013821665197610855
142226,0.004641971550881863
142233,0.1823273003101349
142240,0.007505936548113823
142247,0.004874571226537228
142254,0.0034137782640755177
142261,0.005412047728896141
142268,0.0068172914907336235
142275,0.004590875469148159
142282,0.002000600565224886
142289,0.0038636596873402596
142296,0.027966652065515518
142303,0.00995694287121296
142310,0.011259802617132664
142317,0.004336572252213955
142324,0.005395968444645405
142331,0.0060982471331954
142338,0.002996127586811781
142345,0.007739923894405365
142352,0.028979185968637466
142359,0.01034074742347002
142366,0.003576813265681267
142373,0.011256915517151356
142380,0.038363855332136154
142387,0.0023545222356915474
142394,0.0009323361446149647
142401,0.011628265492618084
142408,0.010419783182442188
142415,0.008480575866997242
142422,0.003193207550793886
142429,0.008650125004351139
142436,0.0033524720929563046
142443,0.005016544833779335
142450,0.025929687544703484
142457,0.020133651793003082
142464,0.0030891383066773415
142471,0.00500203762203455
142478,0.008224542252719402
142485,0.06335814297199249
142492,0.012659555301070213
142499,0.03500070422887802
142506,0.0061638858169317245
142513,0.016557645052671432
142520,0.0017511909827589989
142527,0.004279307555407286
142534,0.003187081776559353
142541,0.004671554546803236
142548,0.006997435819357634
142555,0.005057323258370161
142562,0.005484462715685368
142569,0.008920742198824883
142576,0.007735081948339939
142583,0.003257565898820758
142590,0.01382035668939352
142597,0.004071007017046213
142604,0.006099006161093712
142611,0.011984985321760178
142618,0.005932609084993601
142625,0.004885874222964048
142632,0.18367110192775726
142639,0.0060538677498698235
142646,0.05773846432566643
142653,0.012156879529356956
142660,0.003971578553318977
142667,0.00709766149520874
142674,0.005091909319162369
142681,0.00767814926803112
142688,0.003416398772969842
142695,0.009514796547591686
142702,0.007809754461050034
142709,0.010135282762348652
142716,0.005643228534609079
142723,0.013951745815575123
142730,0.00461088540032506
142737,0.03850019723176956
142744,0.004796584136784077
142751,0.004349494818598032
142758,0.0029161348938941956
142765,0.012594933621585369
142772,0.003336044494062662
142779,0.003806903026998043
142786,0.0023036599159240723
142793,0.004875355400145054
142800,0.003906309604644775
142807,0.009666099213063717
142814,0.008842572569847107
142821,0.0021133916452527046
142828,0.008056648075580597
142835,0.007844580337405205
142842,0.00631401501595974
142849,0.004476417321711779
142856,0.019725166261196136
142863,0.0016444807406514883
142870,0.01083492860198021
142877,0.024874554947018623
142884,0.009580383077263832
142891,0.028692301362752914
142898,0.0033830939792096615
142905,0.005575716029852629
142912,0.0032541300170123577
142919,0.10092935711145401
142926,0.004345011431723833
142933,0.010706072673201561
142940,0.004881742410361767
142947,0.01056433841586113
142954,0.024416528642177582
142961,0.0028749441262334585
142968,0.1958644986152649
142975,0.0023636319674551487
142982,0.0032785346265882254
142989,0.004085333086550236
142996,0.003764370921999216
143003,0.007322401739656925
143010,0.004695810377597809
143017,0.010414807125926018
143024,0.00893976166844368
143031,0.01820407249033451
143038,0.014647794887423515
143045,0.005855627357959747
143052,0.03320619463920593
143059,0.004492060746997595
143066,0.010930795222520828
143073,0.0031238305382430553
143080,0.04155096784234047
143087,0.002785586751997471
143094,0.0014999049017205834
143101,0.09347100555896759
143108,0.009780713357031345
143115,0.02367466315627098
143122,0.009761076420545578
143129,0.008747924119234085
143136,0.08762811124324799
143143,0.005750239361077547
143150,0.013962134718894958
143157,0.002014572499319911
143164,0.004122989717870951
143171,0.004027850925922394
143178,0.0688372477889061
143185,0.005946168210357428
143192,0.003406818024814129
143199,0.005966558121144772
143206,0.004108227323740721
143213,0.00857045128941536
143220,0.0021967438515275717
143227,0.0047786301001906395
143234,0.0056324973702430725
143241,0.05997602269053459
143248,0.01105392724275589
143255,0.0032168026082217693
143262,0.010484928265213966
143269,0.0061471546068787575
143276,0.0029662656597793102
143283,0.022623324766755104
143290,0.02291017584502697
143297,0.011082939803600311
143304,0.00817036721855402
143311,0.036520544439554214
143318,0.04234887287020683
143325,0.019312510266900063
143332,0.005134966690093279
143339,0.009075579233467579
143346,0.009407059289515018
143353,0.014842869713902473
143360,0.05994836241006851
143367,0.005311890505254269
143374,0.003858181182295084
143381,0.003539071651175618
143388,0.004800848662853241
143395,0.015958746895194054
143402,0.0070523452013731
143409,0.003453051671385765
143416,0.005081364419311285
143423,0.01332912128418684
143430,0.01788889244198799
143437,0.0024238312616944313
143444,0.005206102505326271
143451,0.004174614325165749
143458,0.004371842835098505
143465,0.007842166349291801
143472,0.006192679051309824
143479,0.0205349400639534
143486,0.009512780234217644
143493,0.0025112000294029713
143500,0.0031411219388246536
143507,0.005319452378898859
143514,0.07697929441928864
143521,0.011179236695170403
143528,0.03447919711470604
143535,0.0033219256438314915
143542,0.002468752907589078
143549,0.00889505259692669
143556,0.00915818102657795
143563,0.0096048042178154
143570,0.0031806614715605974
143577,0.006973468232899904
143584,0.09167307615280151
143591,0.00798758678138256
143598,0.0164639949798584
143605,0.003484590444713831
143612,0.003696161787956953
143619,0.012696977704763412
143626,0.008085861802101135
143633,0.003466956317424774
143640,0.0038100839592516422
143647,0.1712595671415329
143654,0.008948707953095436
143661,0.0025685566943138838
143668,0.006196301430463791
143675,0.008849848993122578
143682,0.015182949602603912
143689,0.012044155038893223
143696,0.0932564064860344
143703,0.0027183436322957277
143710,0.004459925927221775
143717,0.013122471049427986
143724,0.014697767794132233
143731,0.007308443542569876
143738,0.005055596120655537
143745,0.026583584025502205
143752,0.003608506405726075
143759,0.005784304346889257
143766,0.01465806644409895
143773,0.004118226934224367
143780,0.04023468494415283
143787,0.0064692446030676365
143794,0.005956643261015415
143801,0.09733255207538605
143808,0.0037198844365775585
143815,0.012323817238211632
143822,0.007415223401039839
143829,0.0036505814641714096
143836,0.0050331843085587025
143843,0.005994188599288464
143850,0.004423894919455051
143857,0.0938006192445755
143864,0.008370266295969486
143871,0.019422274082899094
143878,0.005125646013766527
143885,0.002637650817632675
143892,0.1845446527004242
143899,0.01115437038242817
143906,0.006798430345952511
143913,0.007859330624341965
143920,0.0037661674432456493
143927,0.006884241010993719
143934,0.012185419909656048
143941,0.0060223969630897045
143948,0.006779883056879044
143955,0.026995357125997543
143962,0.03370295464992523
143969,0.005731168668717146
143976,0.004769443534314632
143983,0.0028951293788850307
143990,0.0056343539617955685
143997,0.001985605340451002
144004,0.0019254609942436218
144011,0.0039331670850515366
144018,0.006127885542809963
144025,0.012867288663983345
144032,0.02942064218223095
144039,0.008188440464437008
144046,0.07109712064266205
144053,0.0067869736813008785
144060,0.014290008693933487
144067,0.011040879413485527
144074,0.0024742456153035164
144081,0.004888191353529692
144088,0.0069746337831020355
144095,0.0037737716920673847
144102,0.07684610784053802
144109,0.0030993083491921425
144116,0.0063662901520729065
144123,0.006468032021075487
144130,0.025831075385212898
144137,0.09946020692586899
144144,0.0044786580838263035
144151,0.0030774688348174095
144158,0.02544897235929966
144165,0.0016249408945441246
144172,0.004040076397359371
144179,0.00886263232678175
144186,0.0031462362967431545
144193,0.006000681314617395
144200,0.09588194638490677
144207,0.008491221815347672
144214,0.001963396556675434
144221,0.004935219418257475
144228,0.0025088582187891006
144235,0.00514543941244483
144242,0.012090060859918594
144249,0.0026785144582390785
144256,0.005558386445045471
144263,0.006551069673150778
144270,0.0036009671166539192
144277,0.009790034964680672
144284,0.001848677173256874
144291,0.0019052588613703847
144298,0.02795305848121643
144305,0.008023281581699848
144312,0.004180353134870529
144319,0.021368959918618202
144326,0.013962029479444027
144333,0.010950108990073204
144340,0.0022212262265384197
144347,0.005976715125143528
144354,0.00317952036857605
144361,0.008930111303925514
144368,0.003318334463983774
144375,0.0033692638389766216
144382,0.012511031702160835
144389,0.009431869722902775
144396,0.01138850674033165
144403,0.015233902260661125
144410,0.005955755710601807
144417,0.0035077673383057117
144424,0.00816736463457346
144431,0.007808981463313103
144438,0.00729341758415103
144445,0.009978977963328362
144452,0.06729375571012497
144459,0.025763440877199173
144466,0.0045777857303619385
144473,0.0072523984126746655
144480,0.0031341281719505787
144487,0.0031475969590246677
144494,0.011987412348389626
144501,0.013076916337013245
144508,0.003352948697283864
144515,0.010271484032273293
144522,0.003150791395455599
144529,0.010522539727389812
144536,0.006463528145104647
144543,0.13887733221054077
144550,0.022998979315161705
144557,0.002934257034212351
144564,0.006378453224897385
144571,0.007777157239615917
144578,0.008570889011025429
144585,0.0028661517426371574
144592,0.003200117964297533
144599,0.01145821064710617
144606,0.008047373034060001
144613,0.005863345228135586
144620,0.017616404220461845
144627,0.0014027066063135862
144634,0.00452270545065403
144641,0.03401954472064972
144648,0.1517181694507599
144655,0.015827815979719162
144662,0.019146189093589783
144669,0.0044541736133396626
144676,0.02515236660838127
144683,0.008181575685739517
144690,0.002001714427024126
144697,0.0032310490496456623
144704,0.0020268065854907036
144711,0.015909934416413307
144718,0.013660786673426628
144725,0.020012158900499344
144732,0.005421407986432314
144739,0.010620699264109135
144746,0.02604329213500023
144753,0.18844018876552582
144760,0.05114133656024933
144767,0.00942956656217575
144774,0.006322789005935192
144781,0.0844084694981575
144788,0.002898802049458027
144795,0.0034646387211978436
144802,0.006952825002372265
144809,0.004938662517815828
144816,0.02644026279449463
144823,0.008485907688736916
144830,0.10053932666778564
144837,0.012668410316109657
144844,0.0028989925049245358
144851,0.0055010211654007435
144858,0.0027497559785842896
144865,0.003171053482219577
144872,0.004496298730373383
144879,0.06515155732631683
144886,0.020105455070734024
144893,0.005092331673949957
144900,0.0019826057832688093
144907,0.0022132829762995243
144914,0.003950462676584721
144921,0.0062697529792785645
144928,0.0011685378849506378
144935,0.004205774515867233
144942,0.0051668318919837475
144949,0.003704606555402279
144956,0.15433146059513092
144963,0.10388628393411636
144970,0.013445097953081131
144977,0.0851026251912117
144984,0.005432742647826672
144991,0.009456737898290157
144998,0.00254932907409966
145005,0.020080754533410072
145012,0.007731590420007706
145019,0.009236575104296207
145026,0.00550852483138442
145033,0.009131728671491146
145040,0.004080129321664572
145047,0.006335954647511244
145054,0.004230923019349575
145061,0.006125847343355417
145068,0.0009887677151709795
145075,0.006223209667950869
145082,0.007719195447862148
145089,0.002393389819189906
145096,0.005804937798529863
145103,0.02540423534810543
145110,0.03938549384474754
145117,0.0132830161601305
145124,0.007145852781832218
145131,0.003367961384356022
145138,0.010107896290719509
145145,0.04459397494792938
145152,0.014457560144364834
145159,0.004379387479275465
145166,0.005933590233325958
145173,0.00435742037370801
145180,0.009387676604092121
145187,0.004457969218492508
145194,0.004836130887269974
145201,0.008511392399668694
145208,0.008039213716983795
145215,0.007981348782777786
145222,0.015872897580266
145229,0.007581615354865789
145236,0.005717573221772909
145243,0.14672023057937622
145250,0.0026978894602507353
145257,0.001949149533174932
145264,0.011411013081669807
145271,0.013294607400894165
145278,0.004270410165190697
145285,0.010788502171635628
145292,0.0017209443030878901
145299,0.036165811121463776
145306,0.01853977143764496
145313,0.003595083486288786
145320,0.03258739784359932
145327,0.003428451484069228
145334,0.005823079962283373
145341,0.015648111701011658
145348,0.005915130488574505
145355,0.00895470380783081
145362,0.002953457413241267
145369,0.003245339496061206
145376,0.0032418144401162863
145383,0.005512968171387911
145390,0.00425216369330883
145397,0.014457914978265762
145404,0.0028951524291187525
145411,0.005367984063923359
145418,0.01106635108590126
145425,0.016586968675255775
145432,0.004424522165209055
145439,0.00950746051967144
145446,0.0027007735334336758
145453,0.005764462519437075
145460,0.0018028684426099062
145467,0.00691250991076231
145474,0.009765871800482273
145481,0.010149996727705002
145488,0.009497493505477905
145495,0.0063278935849666595
145502,0.007079461123794317
145509,0.017523320391774178
145516,0.004745856858789921
145523,0.011349165812134743
145530,0.0047247703187167645
145537,0.002307049697265029
145544,0.003796909935772419
145551,0.004830549005419016
145558,0.02802348881959915
145565,0.052872173488140106
145572,0.004073218442499638
145579,0.14178554713726044
145586,0.0034783335868269205
145593,0.003030396532267332
145600,0.07472889125347137
145607,0.005150645039975643
145614,0.019326139241456985
145621,0.006659902632236481
145628,0.028369128704071045
145635,0.022013867273926735
145642,0.00333335786126554
145649,0.004882955923676491
145656,0.0017421726370230317
145663,0.00884978473186493
145670,0.027228625491261482
145677,0.0016224943101406097
145684,0.006109947804361582
145691,0.006938856560736895
145698,0.003364317584782839
145705,0.0052603138610720634
145712,0.010425550863146782
145719,0.0017637672135606408
145726,0.004434606526046991
145733,0.007958663627505302
145740,0.004462541081011295
145747,0.014355196617543697
145754,0.0027997756842523813
145761,0.011120544746518135
145768,0.0023319886531680822
145775,0.00408452982082963
145782,0.0014080096734687686
145789,0.0037167691625654697
145796,0.0025924548972398043
145803,0.0049932911060750484
145810,0.01585041545331478
145817,0.005152388475835323
145824,0.005678229965269566
145831,0.004935259465128183
145838,0.004659861326217651
145845,0.004687029402703047
145852,0.005524929147213697
145859,0.0018599044997245073
145866,0.008477448485791683
145873,0.02977381832897663
145880,0.008818776346743107
145887,0.0034088827669620514
145894,0.00514581985771656
145901,0.0032250769436359406
145908,0.003205846529453993
145915,0.002475071931257844
145922,0.004340037237852812
145929,0.009091325104236603
145936,0.0047697643749415874
145943,0.10143223404884338
145950,0.0014209019718691707
145957,0.009791542775928974
145964,0.001841361285187304
145971,0.012742498889565468
145978,0.008116236887872219
145985,0.00368981109932065
145992,0.014036069624125957
145999,0.007551022805273533
146006,0.006163665093481541
146013,0.007851207628846169
146020,0.003559705801308155
146027,0.0013927409891039133
146034,0.00414994964376092
146041,0.009570076130330563
146048,0.0014917462831363082
146055,0.005531657487154007
146062,0.021657481789588928
146069,0.007666338235139847
146076,0.009768322110176086
146083,0.0032880986109375954
146090,0.004216059111058712
146097,0.0029035450424999
146104,0.003112180158495903
146111,0.1414865106344223
146118,0.007847227156162262
146125,0.0056636743247509
146132,0.0023729661479592323
146139,0.02333105355501175
146146,0.008062807843089104
146153,0.05010156333446503
146160,0.008561338298022747
146167,0.007393413223326206
146174,0.011740834452211857
146181,0.004182660020887852
146188,0.004253128077834845
146195,0.0038594903890043497
146202,0.010183245874941349
146209,0.0055188387632369995
146216,0.008018304593861103
146223,0.002752913162112236
146230,0.008714081719517708
146237,0.031446970999240875
146244,0.003432296682149172
146251,0.03620709851384163
146258,0.002013839315623045
146265,0.013055005110800266
146272,0.008321378380060196
146279,0.0017688265070319176
146286,0.005178098101168871
146293,0.0028267274610698223
146300,0.002390960231423378
146307,0.0015724385157227516
146314,0.00545523501932621
146321,0.01986902579665184
146328,0.005750494077801704
146335,0.0030794977210462093
146342,0.008576399646699429
146349,0.08953799307346344
146356,0.005035899579524994
146363,0.002389059867709875
146370,0.17298541963100433
146377,0.039737094193696976
146384,0.004351059440523386
146391,0.004962768405675888
146398,0.0030372166074812412
146405,0.0031575732864439487
146412,0.010828131809830666
146419,0.0035221162252128124
146426,0.0011149118654429913
146433,0.002169946674257517
146440,0.002603172091767192
146447,0.009106934070587158
146454,0.006209207233041525
146461,0.010595598258078098
146468,0.0025497018359601498
146475,0.0062628742307424545
146482,0.00369938719086349
146489,0.005553470458835363
146496,0.005371029023081064
146503,0.004374298267066479
146510,0.015280858613550663
146517,0.00444860989227891
146524,0.0054748887196183205
146531,0.008009186945855618
146538,0.009823281317949295
146545,0.008201513439416885
146552,0.013138124719262123
146559,0.00814381055533886
146566,0.0034794481471180916
146573,0.016734272241592407
146580,0.00646367808803916
146587,0.010938681662082672
146594,0.006117839366197586
146601,0.04927677661180496
146608,0.004636899568140507
146615,0.0027501799631863832
146622,0.008365115150809288
146629,0.0027875665109604597
146636,0.023138215765357018
146643,0.004402012564241886
146650,0.005609304178506136
146657,0.00824966374784708
146664,0.006294658407568932
146671,0.0035894534084945917
146678,0.007159566506743431
146685,0.008236796595156193
146692,0.002759569091722369
146699,0.007049518637359142
146706,0.006515976972877979
146713,0.02092375047504902
146720,0.007459594868123531
146727,0.008235542103648186
146734,0.003767006564885378
146741,0.00650966539978981
146748,0.0018799597164615989
146755,0.10456352680921555
146762,0.002461646217852831
146769,0.01859842799603939
146776,0.005559477023780346
146783,0.0027522416785359383
146790,0.004990263842046261
146797,0.014868275262415409
146804,0.002872653305530548
146811,0.005245994310826063
146818,0.1364218145608902
146825,0.002631113165989518
146832,0.009426447562873363
146839,0.0009115928551182151
146846,0.0066507188603281975
146853,0.05425431951880455
146860,0.003714854596182704
146867,0.005156352184712887
146874,0.11607766896486282
146881,0.009724372066557407
146888,0.003932654857635498
146895,0.025322427973151207
146902,0.008667197078466415
146909,0.009252832271158695
146916,0.019442681223154068
146923,0.004861693363636732
146930,0.006604015827178955
146937,0.0027617793530225754
146944,0.003392423503100872
146951,0.002219176385551691
146958,0.00954575277864933
146965,0.13514800369739532
146972,0.007688048295676708
146979,0.006007968448102474
146986,0.003016824834048748
146993,0.005073435604572296
147000,0.016406940296292305
147007,0.014794308692216873
147014,0.0024092276580631733
147021,0.010893948376178741
147028,0.002029883675277233
147035,0.0059572141617536545
147042,0.003854769980534911
147049,0.0034105884842574596
147056,0.006382834166288376
147063,0.004452022258192301
147070,0.044826529920101166
147077,0.004284810274839401
147084,0.004461863078176975
147091,0.03968827798962593
147098,0.003692177589982748
147105,0.0030784914270043373
147112,0.14271241426467896
147119,0.0026080901734530926
147126,0.004880217369645834
147133,0.01456840243190527
147140,0.0034077828750014305
147147,0.14253124594688416
147154,0.006508844438940287
147161,0.005117451772093773
147168,0.00691260164603591
147175,0.005574150942265987
147182,0.004442637320607901
147189,0.0047272793017327785
147196,0.006113467272371054
147203,0.007176944054663181
147210,0.0015132678672671318
147217,0.006668754853308201
147224,0.011244427412748337
147231,0.011202710680663586
147238,0.006617285311222076
147245,0.003717442275956273
147252,0.0051018251106143
147259,0.007232416421175003
147266,0.01576285809278488
147273,0.011778140440583229
147280,0.006580772809684277
147287,0.013334255665540695
147294,0.002233315957710147
147301,0.001947782002389431
147308,0.011664900928735733
147315,0.0053313416428864
147322,0.00673303846269846
147329,0.005593215115368366
147336,0.0013847288209944963
147343,0.018730930984020233
147350,0.002794089261442423
147357,0.006237308960407972
147364,0.0026497114449739456
147371,0.011532392352819443
147378,0.00282117398455739
147385,0.009767411276698112
147392,0.01626366376876831
147399,0.008133133873343468
147406,0.004650103393942118
147413,0.004787348210811615
147420,0.003948060795664787
147427,0.00352476816624403
147434,0.06448934227228165
147441,0.004378780256956816
147448,0.0041315509006381035
147455,0.011235448531806469
147462,0.0073220753110945225
147469,0.006983830127865076
147476,0.008654705248773098
147483,0.010609857738018036
147490,0.003047697013244033
147497,0.021301429718732834
147504,0.015701210126280785
147511,0.004099974874407053
147518,0.0058066328056156635
147525,0.004278634209185839
147532,0.004956342745572329
147539,0.005586534738540649
147546,0.0010301829315721989
147553,0.0028002476319670677
147560,0.0067893583327531815
147567,0.005819111131131649
147574,0.0920054167509079
147581,0.008215107023715973
147588,0.011225724592804909
147595,0.007286726497113705
147602,0.006579010747373104
147609,0.004381200298666954
147616,0.008210119791328907
147623,0.003115423722192645
147630,0.011622600257396698
147637,0.027007151395082474
147644,0.008016921579837799
147651,0.0018656171159818769
147658,0.005013318732380867
147665,0.0034748809412121773
147672,0.007245650514960289
147679,0.004712023306638002
147686,0.005750391632318497
147693,0.09523750096559525
147700,0.00497876200824976
147707,0.004465365782380104
147714,0.005602368153631687
147721,0.004640701226890087
147728,0.02297118492424488
147735,0.0060987877659499645
147742,0.0032003275118768215
147749,0.011889354325830936
147756,0.0032655764371156693
147763,0.00278883776627481
147770,0.004903738386929035
147777,0.023412708193063736
147784,0.014004144817590714
147791,0.07666396349668503
147798,0.006031021010130644
147805,0.004825362470000982
147812,0.007979189977049828
147819,0.007452285848557949
147826,0.017755500972270966
147833,0.006282459944486618
147840,0.0035546612925827503
147847,0.0077421339228749275
147854,0.005215894430875778
147861,0.07055365294218063
147868,0.013562146574258804
147875,0.003245983738452196
147882,0.004713823087513447
147889,0.003242886159569025
147896,0.002976694144308567
147903,0.12374529242515564
147910,0.09706436842679977
147917,0.0059904670342803
147924,0.0035890676081180573
147931,0.004864184185862541
147938,0.002600595587864518
147945,0.008983196690678596
147952,0.003815708216279745
147959,0.00652310298755765
147966,0.03640500828623772
147973,0.004572906531393528
147980,0.11266779154539108
147987,0.0072858622297644615
147994,0.007640079595148563
148001,0.010524454526603222
148008,0.0024917302653193474
148015,0.0026882323436439037
148022,0.01859930157661438
148029,0.00598870450630784
148036,0.007263553328812122
148043,0.003527269000187516
148050,0.009755930863320827
148057,0.01097080297768116
148064,0.005839484743773937
148071,0.005864175967872143
148078,0.007494060322642326
148085,0.006259457673877478
148092,0.012269245460629463
148099,0.007560885511338711
148106,0.01772317849099636
148113,0.002900864230468869
148120,0.011843640357255936
148127,0.010090993717312813
148134,0.004184968303889036
148141,0.006525462493300438
148148,0.003084141295403242
148155,0.00575901847332716
148162,0.005131429992616177
148169,0.0070880441926419735
148176,0.0037600495852530003
148183,0.029473667964339256
148190,0.011567872017621994
148197,0.004847035277634859
148204,0.00731849716976285
148211,0.11393347382545471
148218,0.02853940613567829
148225,0.005100056529045105
148232,0.0012405324960127473
148239,0.004355151206254959
148246,0.01570676825940609
148253,0.007976739667356014
148260,0.0012313730549067259
148267,0.0726025328040123
148274,0.0026383132208138704
148281,0.13515491783618927
148288,0.008525317534804344
148295,0.014080816879868507
148302,0.004763390403240919
148309,0.005957555957138538
148316,0.011615214869379997
148323,0.005793550051748753
148330,0.0045546479523181915
148337,0.003735958132892847
148344,0.04062836989760399
148351,0.004119085613638163
148358,0.01949296146631241
148365,0.030384022742509842
148372,0.011041156947612762
148379,0.0025921491906046867
148386,0.029955634847283363
148393,0.002403905615210533
148400,0.005187932401895523
148407,0.08008461445569992
148414,0.004821202717721462
148421,0.07179304212331772
148428,0.005610632710158825
148435,0.1319321244955063
148442,0.0295940563082695
148449,0.005323588382452726
148456,0.010285850614309311
148463,0.007200851570814848
148470,0.04612806811928749
148477,0.04734442010521889
148484,0.011964870616793633
148491,0.015593526884913445
148498,0.00694672018289566
148505,0.0039744446985423565
148512,0.006998236291110516
148519,0.010906659066677094
148526,0.009133492596447468
148533,0.024994205683469772
148540,0.004321535583585501
148547,0.04393979161977768
148554,0.03916335478425026
148561,0.007324352394789457
148568,0.006002840586006641
148575,0.01500217616558075
148582,0.007888926193118095
148589,0.050115231424570084
148596,0.019061099737882614
148603,0.002977917203679681
148610,0.0032414437737315893
148617,0.01381213404238224
148624,0.014269277453422546
148631,0.010998200625181198
148638,0.00435534305870533
148645,0.004080888349562883
148652,0.008753455244004726
148659,0.0071149528957903385
148666,0.0018910085782408714
148673,0.014983748085796833
148680,0.011829575523734093
148687,0.0032695604022592306
148694,0.011271719820797443
148701,0.014106474816799164
148708,0.0037063038907945156
148715,0.03677788004279137
148722,0.0015106855425983667
148729,0.022034399211406708
148736,0.004896282684057951
148743,0.012652900069952011
148750,0.03961511701345444
148757,0.005462486296892166
148764,0.005609035491943359
148771,0.021738039329648018
148778,0.14785651862621307
148785,0.007867023348808289
148792,0.0013305351603776217
148799,0.0037962859496474266
148806,0.003946856129914522
148813,0.034792281687259674
148820,0.007713680621236563
148827,0.0016497938195243478
148834,0.01727990061044693
148841,0.019285956397652626
148848,0.010587166994810104
148855,0.031604867428541183
148862,0.0015019492711871862
148869,0.002632640767842531
148876,0.009290352463722229
148883,0.013498751446604729
148890,0.0038355712313205004
148897,0.0017077358206734061
148904,0.00546919833868742
148911,0.002386304084211588
148918,0.01070637907832861
148925,0.0029557854868471622
148932,0.003177754348143935
148939,0.012308119796216488
148946,0.15622808039188385
148953,0.003601884003728628
148960,0.038309551775455475
148967,0.01842368021607399
148974,0.03130526840686798
148981,0.006750701926648617
148988,0.0039520263671875
148995,0.007940540090203285
149002,0.002789756515994668
149009,0.04101288318634033
149016,0.003038464579731226
149023,0.0012840935960412025
149030,0.010779373347759247
149037,0.0031016268767416477
149044,0.0021121101453900337
149051,0.0031233287882059813
149058,0.0019880591426044703
149065,0.004185618832707405
149072,0.014176519587635994
149079,0.0069095417857170105
149086,0.0014721634797751904
149093,0.011219481006264687
149100,0.010119322687387466
149107,0.006697094067931175
149114,0.01700085774064064
149121,0.010684541426599026
149128,0.009496542625129223
149135,0.007542505860328674
149142,0.010053298436105251
149149,0.008945279754698277
149156,0.005976089276373386
149163,0.0023846407420933247
149170,0.0019636820070445538
149177,0.011115705594420433
149184,0.004200754687190056
149191,0.004557411186397076
149198,0.003911440260708332
149205,0.003378921188414097
149212,0.006786179728806019
149219,0.006080287974327803
149226,0.00478731095790863
149233,0.024598494172096252
149240,0.013189174234867096
149247,0.0032246443443000317
149254,0.005391390062868595
149261,0.0036755679175257683
149268,0.0762384831905365
149275,0.00679865013808012
149282,0.007583552040159702
149289,0.010498222894966602
149296,0.008005023002624512
149303,0.0060307616367936134
