pygame-ce 2.5.7 (SDL 2.32.10, Python 3.14.6)
output: final_results\04_pqn_vec_attention\PQN_seed0_0806_191106
random baseline: mean=9.80+-1.28 max=21

[training setup]
model   : PQN / AttentionQNetwork (269,321 trainable parameters)
arch    : 
            [agent encoder]     Linear(2->256) -> LayerNorm -> ReLU
            [ball encoder]      Linear(4->256) -> LayerNorm -> ReLU  (x,y,vx,vy; x,y는 agent 기준 상대좌표. 공 40개에 각각 동일하게 적용, 파라미터 공유)
            [+ sentinel]        학습되는 '공 없음' key/value 1개 추가 (항상 마스킹 안 함)
            [cross-attention]   Q=agent embed(1개) , K=V=ball embed(40개)+sentinel(1개) -> 4 head x 64dim -> softmax(QK^T/sqrt(d))·V (mask=0인 빈 슬롯은 attention에서 제외)
            [out_proj]          Linear(256->256)
            [combine]           agent embed + attention -> LayerNorm -> ReLU
            [head]              Linear(256->9)
run     : device=cuda, seed=0, total_timesteps=5,000,000, iterations=1,220
optim   : optimizer=adam, lr=0.0001, anneal_lr=False, gamma=0.99, hidden=256, layer_norm=True, dueling_net=False, use_attention=True(4 heads, fusion=residual, position=relative), augmentation=False(spawn_safe), loss_fn=mse, max_grad_norm=10
rollout : num_envs=128, num_steps=32, batch=4096, minibatches=32, update_epochs=2, q_lambda=0.65
explore : epsilon=1->0.01 over 500,000 steps
env     : type=vec, obs=(202,), actions=9, frame_stack=4, frame_skip=4, max_steps=10800
logging : log_every=1 iter, eval_every=100 iter, eval_episodes=20
artifact: best_agent.gif, seed=20000

iter 1/1220 steps=4096 episodes=15 score50=0.67 eps=0.992 loss=0.07164 q=0.792 trunc=0 sps=3581 elapsed=0.0m
iter 2/1220 steps=8192 episodes=33 score50=1.64 eps=0.984 loss=0.04459 q=0.957 trunc=0 sps=4110 elapsed=0.0m
iter 3/1220 steps=12288 episodes=59 score50=3.12 eps=0.976 loss=0.03866 q=1.049 trunc=0 sps=4310 elapsed=0.0m
iter 4/1220 steps=16384 episodes=94 score50=5.44 eps=0.968 loss=0.10959 q=1.082 trunc=0 sps=4082 elapsed=0.1m
iter 5/1220 steps=20480 episodes=120 score50=6.68 eps=0.959 loss=0.11154 q=1.118 trunc=0 sps=3786 elapsed=0.1m
iter 6/1220 steps=24576 episodes=155 score50=7.20 eps=0.951 loss=0.07890 q=1.114 trunc=0 sps=3760 elapsed=0.1m
iter 7/1220 steps=28672 episodes=193 score50=7.62 eps=0.943 loss=0.15625 q=1.073 trunc=0 sps=3796 elapsed=0.1m
iter 8/1220 steps=32768 episodes=221 score50=8.16 eps=0.935 loss=0.03121 q=1.117 trunc=0 sps=3777 elapsed=0.1m
iter 9/1220 steps=36864 episodes=257 score50=6.62 eps=0.927 loss=0.04980 q=1.181 trunc=0 sps=3792 elapsed=0.2m
iter 10/1220 steps=40960 episodes=286 score50=6.96 eps=0.919 loss=0.01109 q=1.237 trunc=0 sps=3809 elapsed=0.2m
iter 11/1220 steps=45056 episodes=316 score50=8.20 eps=0.911 loss=0.04916 q=1.247 trunc=0 sps=3850 elapsed=0.2m
iter 12/1220 steps=49152 episodes=342 score50=8.94 eps=0.903 loss=0.01052 q=1.222 trunc=0 sps=3894 elapsed=0.2m
iter 13/1220 steps=53248 episodes=376 score50=9.00 eps=0.895 loss=0.12991 q=1.248 trunc=0 sps=3930 elapsed=0.2m
iter 14/1220 steps=57344 episodes=407 score50=9.40 eps=0.886 loss=0.09761 q=1.272 trunc=0 sps=3964 elapsed=0.2m
iter 15/1220 steps=61440 episodes=438 score50=8.94 eps=0.878 loss=0.02749 q=1.328 trunc=0 sps=3950 elapsed=0.3m
iter 16/1220 steps=65536 episodes=464 score50=8.18 eps=0.870 loss=0.05181 q=1.339 trunc=0 sps=3958 elapsed=0.3m
iter 17/1220 steps=69632 episodes=494 score50=8.04 eps=0.862 loss=0.04291 q=1.366 trunc=0 sps=3980 elapsed=0.3m
iter 18/1220 steps=73728 episodes=519 score50=6.82 eps=0.854 loss=0.02613 q=1.388 trunc=0 sps=4001 elapsed=0.3m
iter 19/1220 steps=77824 episodes=538 score50=7.88 eps=0.846 loss=0.07477 q=1.375 trunc=0 sps=4007 elapsed=0.3m
iter 20/1220 steps=81920 episodes=567 score50=9.46 eps=0.838 loss=0.13396 q=1.358 trunc=0 sps=3987 elapsed=0.3m
iter 21/1220 steps=86016 episodes=596 score50=9.44 eps=0.830 loss=0.05814 q=1.400 trunc=0 sps=3988 elapsed=0.4m
iter 22/1220 steps=90112 episodes=628 score50=10.36 eps=0.822 loss=0.06812 q=1.323 trunc=0 sps=4001 elapsed=0.4m
iter 23/1220 steps=94208 episodes=658 score50=9.26 eps=0.813 loss=0.07567 q=1.387 trunc=0 sps=4020 elapsed=0.4m
iter 24/1220 steps=98304 episodes=688 score50=9.34 eps=0.805 loss=0.07183 q=1.419 trunc=0 sps=4041 elapsed=0.4m
iter 25/1220 steps=102400 episodes=714 score50=8.78 eps=0.797 loss=0.06262 q=1.448 trunc=0 sps=4053 elapsed=0.4m
iter 26/1220 steps=106496 episodes=744 score50=8.56 eps=0.789 loss=0.08982 q=1.513 trunc=0 sps=4041 elapsed=0.4m
iter 27/1220 steps=110592 episodes=774 score50=7.14 eps=0.781 loss=0.02975 q=1.504 trunc=0 sps=4041 elapsed=0.5m
iter 28/1220 steps=114688 episodes=806 score50=9.10 eps=0.773 loss=0.09894 q=1.551 trunc=0 sps=4053 elapsed=0.5m
iter 29/1220 steps=118784 episodes=828 score50=10.84 eps=0.765 loss=0.05339 q=1.534 trunc=0 sps=4076 elapsed=0.5m
iter 30/1220 steps=122880 episodes=857 score50=10.12 eps=0.757 loss=0.02679 q=1.553 trunc=0 sps=4088 elapsed=0.5m
iter 31/1220 steps=126976 episodes=880 score50=9.54 eps=0.749 loss=0.06572 q=1.583 trunc=0 sps=4091 elapsed=0.5m
iter 32/1220 steps=131072 episodes=905 score50=8.82 eps=0.740 loss=0.01911 q=1.592 trunc=0 sps=4101 elapsed=0.5m
iter 33/1220 steps=135168 episodes=930 score50=8.66 eps=0.732 loss=0.06108 q=1.564 trunc=0 sps=4111 elapsed=0.5m
iter 34/1220 steps=139264 episodes=954 score50=9.60 eps=0.724 loss=0.04251 q=1.606 trunc=0 sps=4124 elapsed=0.6m
iter 35/1220 steps=143360 episodes=992 score50=10.08 eps=0.716 loss=0.10072 q=1.611 trunc=0 sps=4129 elapsed=0.6m
iter 36/1220 steps=147456 episodes=1011 score50=10.08 eps=0.708 loss=0.04822 q=1.622 trunc=0 sps=4135 elapsed=0.6m
iter 37/1220 steps=151552 episodes=1040 score50=9.30 eps=0.700 loss=0.02852 q=1.615 trunc=0 sps=4135 elapsed=0.6m
iter 38/1220 steps=155648 episodes=1070 score50=10.92 eps=0.692 loss=0.02833 q=1.660 trunc=0 sps=4135 elapsed=0.6m
iter 39/1220 steps=159744 episodes=1093 score50=10.36 eps=0.684 loss=0.05901 q=1.658 trunc=0 sps=4147 elapsed=0.6m
iter 40/1220 steps=163840 episodes=1113 score50=9.68 eps=0.676 loss=0.02234 q=1.632 trunc=0 sps=4157 elapsed=0.7m
iter 41/1220 steps=167936 episodes=1147 score50=10.40 eps=0.667 loss=0.08802 q=1.602 trunc=0 sps=4165 elapsed=0.7m
iter 42/1220 steps=172032 episodes=1174 score50=9.68 eps=0.659 loss=0.07829 q=1.688 trunc=0 sps=4170 elapsed=0.7m
iter 43/1220 steps=176128 episodes=1198 score50=8.14 eps=0.651 loss=0.11424 q=1.618 trunc=0 sps=4176 elapsed=0.7m
iter 44/1220 steps=180224 episodes=1221 score50=9.40 eps=0.643 loss=0.02346 q=1.710 trunc=0 sps=4183 elapsed=0.7m
iter 45/1220 steps=184320 episodes=1244 score50=10.38 eps=0.635 loss=0.09369 q=1.695 trunc=0 sps=4189 elapsed=0.7m
iter 46/1220 steps=188416 episodes=1277 score50=10.06 eps=0.627 loss=0.08348 q=1.718 trunc=0 sps=4195 elapsed=0.7m
iter 47/1220 steps=192512 episodes=1302 score50=9.80 eps=0.619 loss=0.01986 q=1.772 trunc=0 sps=4200 elapsed=0.8m
iter 48/1220 steps=196608 episodes=1323 score50=10.04 eps=0.611 loss=0.10568 q=1.761 trunc=0 sps=4204 elapsed=0.8m
iter 49/1220 steps=200704 episodes=1345 score50=11.12 eps=0.603 loss=0.03290 q=1.716 trunc=0 sps=4209 elapsed=0.8m
iter 50/1220 steps=204800 episodes=1374 score50=10.34 eps=0.594 loss=0.20435 q=1.737 trunc=0 sps=4215 elapsed=0.8m
iter 51/1220 steps=208896 episodes=1405 score50=10.90 eps=0.586 loss=0.09839 q=1.705 trunc=0 sps=4219 elapsed=0.8m
iter 52/1220 steps=212992 episodes=1419 score50=11.66 eps=0.578 loss=0.02472 q=1.716 trunc=0 sps=4224 elapsed=0.8m
iter 53/1220 steps=217088 episodes=1444 score50=11.72 eps=0.570 loss=0.05805 q=1.675 trunc=0 sps=4222 elapsed=0.9m
iter 54/1220 steps=221184 episodes=1470 score50=10.84 eps=0.562 loss=0.04330 q=1.683 trunc=0 sps=4225 elapsed=0.9m
iter 55/1220 steps=225280 episodes=1491 score50=10.64 eps=0.554 loss=0.05210 q=1.706 trunc=0 sps=4231 elapsed=0.9m
iter 56/1220 steps=229376 episodes=1508 score50=10.74 eps=0.546 loss=0.03392 q=1.693 trunc=0 sps=4235 elapsed=0.9m
iter 57/1220 steps=233472 episodes=1529 score50=11.76 eps=0.538 loss=0.09406 q=1.697 trunc=0 sps=4242 elapsed=0.9m
iter 58/1220 steps=237568 episodes=1546 score50=11.38 eps=0.530 loss=0.02905 q=1.708 trunc=0 sps=4246 elapsed=0.9m
iter 59/1220 steps=241664 episodes=1573 score50=11.46 eps=0.522 loss=0.08114 q=1.667 trunc=0 sps=4246 elapsed=0.9m
iter 60/1220 steps=245760 episodes=1586 score50=12.30 eps=0.513 loss=0.01101 q=1.637 trunc=0 sps=4244 elapsed=1.0m
iter 61/1220 steps=249856 episodes=1607 score50=12.36 eps=0.505 loss=0.03557 q=1.633 trunc=0 sps=4240 elapsed=1.0m
iter 62/1220 steps=253952 episodes=1631 score50=12.96 eps=0.497 loss=0.03511 q=1.593 trunc=0 sps=4236 elapsed=1.0m
iter 63/1220 steps=258048 episodes=1652 score50=13.72 eps=0.489 loss=0.08092 q=1.627 trunc=0 sps=4234 elapsed=1.0m
iter 64/1220 steps=262144 episodes=1668 score50=12.08 eps=0.481 loss=0.02233 q=1.614 trunc=0 sps=4238 elapsed=1.0m
iter 65/1220 steps=266240 episodes=1684 score50=13.04 eps=0.473 loss=0.02963 q=1.625 trunc=0 sps=4242 elapsed=1.0m
iter 66/1220 steps=270336 episodes=1704 score50=13.08 eps=0.465 loss=0.01255 q=1.646 trunc=0 sps=4247 elapsed=1.1m
iter 67/1220 steps=274432 episodes=1721 score50=14.00 eps=0.457 loss=0.01050 q=1.661 trunc=0 sps=4246 elapsed=1.1m
iter 68/1220 steps=278528 episodes=1743 score50=12.96 eps=0.449 loss=0.05838 q=1.608 trunc=0 sps=4248 elapsed=1.1m
iter 69/1220 steps=282624 episodes=1764 score50=12.82 eps=0.440 loss=0.08559 q=1.700 trunc=0 sps=4247 elapsed=1.1m
iter 70/1220 steps=286720 episodes=1788 score50=13.10 eps=0.432 loss=0.05940 q=1.684 trunc=0 sps=4250 elapsed=1.1m
iter 71/1220 steps=290816 episodes=1804 score50=13.50 eps=0.424 loss=0.02036 q=1.679 trunc=0 sps=4252 elapsed=1.1m
iter 72/1220 steps=294912 episodes=1833 score50=14.14 eps=0.416 loss=0.09727 q=1.571 trunc=0 sps=4252 elapsed=1.2m
iter 73/1220 steps=299008 episodes=1852 score50=14.58 eps=0.408 loss=0.06320 q=1.672 trunc=0 sps=4258 elapsed=1.2m
iter 74/1220 steps=303104 episodes=1867 score50=13.62 eps=0.400 loss=0.02837 q=1.684 trunc=0 sps=4258 elapsed=1.2m
iter 75/1220 steps=307200 episodes=1883 score50=12.34 eps=0.392 loss=0.04753 q=1.655 trunc=0 sps=4254 elapsed=1.2m
iter 76/1220 steps=311296 episodes=1899 score50=12.56 eps=0.384 loss=0.07191 q=1.665 trunc=0 sps=4242 elapsed=1.2m
iter 77/1220 steps=315392 episodes=1907 score50=11.96 eps=0.376 loss=0.04382 q=1.692 trunc=0 sps=4224 elapsed=1.2m
iter 78/1220 steps=319488 episodes=1919 score50=11.92 eps=0.367 loss=0.06653 q=1.607 trunc=0 sps=4223 elapsed=1.3m
iter 79/1220 steps=323584 episodes=1945 score50=14.04 eps=0.359 loss=0.04791 q=1.598 trunc=0 sps=4217 elapsed=1.3m
iter 80/1220 steps=327680 episodes=1966 score50=15.96 eps=0.351 loss=0.02635 q=1.583 trunc=0 sps=4203 elapsed=1.3m
iter 81/1220 steps=331776 episodes=1987 score50=16.36 eps=0.343 loss=0.02144 q=1.593 trunc=0 sps=4200 elapsed=1.3m
iter 82/1220 steps=335872 episodes=2009 score50=16.26 eps=0.335 loss=0.07297 q=1.640 trunc=0 sps=4198 elapsed=1.3m
iter 83/1220 steps=339968 episodes=2015 score50=16.94 eps=0.327 loss=0.03957 q=1.673 trunc=0 sps=4191 elapsed=1.4m
iter 84/1220 steps=344064 episodes=2035 score50=16.20 eps=0.319 loss=0.04869 q=1.641 trunc=0 sps=4192 elapsed=1.4m
iter 85/1220 steps=348160 episodes=2044 score50=15.76 eps=0.311 loss=0.04140 q=1.668 trunc=0 sps=4194 elapsed=1.4m
iter 86/1220 steps=352256 episodes=2056 score50=16.06 eps=0.303 loss=0.02023 q=1.650 trunc=0 sps=4196 elapsed=1.4m
iter 87/1220 steps=356352 episodes=2073 score50=16.10 eps=0.294 loss=0.02062 q=1.675 trunc=0 sps=4198 elapsed=1.4m
iter 88/1220 steps=360448 episodes=2097 score50=16.06 eps=0.286 loss=0.10488 q=1.605 trunc=0 sps=4198 elapsed=1.4m
iter 89/1220 steps=364544 episodes=2112 score50=14.78 eps=0.278 loss=0.01914 q=1.621 trunc=0 sps=4195 elapsed=1.4m
iter 90/1220 steps=368640 episodes=2130 score50=14.18 eps=0.270 loss=0.02754 q=1.621 trunc=0 sps=4197 elapsed=1.5m
iter 91/1220 steps=372736 episodes=2157 score50=15.72 eps=0.262 loss=0.04242 q=1.617 trunc=0 sps=4200 elapsed=1.5m
iter 92/1220 steps=376832 episodes=2172 score50=16.40 eps=0.254 loss=0.01974 q=1.609 trunc=0 sps=4203 elapsed=1.5m
iter 93/1220 steps=380928 episodes=2179 score50=16.92 eps=0.246 loss=0.01037 q=1.640 trunc=0 sps=4203 elapsed=1.5m
iter 94/1220 steps=385024 episodes=2191 score50=16.54 eps=0.238 loss=0.05876 q=1.643 trunc=0 sps=4205 elapsed=1.5m
iter 95/1220 steps=389120 episodes=2210 score50=16.14 eps=0.230 loss=0.04578 q=1.570 trunc=0 sps=4206 elapsed=1.5m
iter 96/1220 steps=393216 episodes=2223 score50=15.22 eps=0.221 loss=0.01358 q=1.603 trunc=0 sps=4208 elapsed=1.6m
iter 97/1220 steps=397312 episodes=2238 score50=15.48 eps=0.213 loss=0.02514 q=1.548 trunc=0 sps=4208 elapsed=1.6m
iter 98/1220 steps=401408 episodes=2247 score50=16.52 eps=0.205 loss=0.05291 q=1.565 trunc=0 sps=4208 elapsed=1.6m
iter 99/1220 steps=405504 episodes=2263 score50=17.02 eps=0.197 loss=0.05801 q=1.536 trunc=0 sps=4203 elapsed=1.6m
iter 100/1220 steps=409600 episodes=2274 score50=16.86 eps=0.189 loss=0.01785 q=1.536 trunc=0 sps=4203 elapsed=1.6m
  [eval] iter=100 mean=24.15+-2.74 median=22.0 max=48 P(>=120)=0.00 entropy=1.90/2.20 wnorm=25.232 srank=160/256
iter 101/1220 steps=413696 episodes=2290 score50=17.50 eps=0.181 loss=0.01246 q=1.571 trunc=0 sps=3893 elapsed=1.8m
iter 102/1220 steps=417792 episodes=2309 score50=16.90 eps=0.173 loss=0.01765 q=1.569 trunc=0 sps=3896 elapsed=1.8m
iter 103/1220 steps=421888 episodes=2318 score50=18.50 eps=0.165 loss=0.01212 q=1.568 trunc=0 sps=3898 elapsed=1.8m
iter 104/1220 steps=425984 episodes=2328 score50=19.20 eps=0.157 loss=0.00970 q=1.585 trunc=0 sps=3900 elapsed=1.8m
iter 105/1220 steps=430080 episodes=2340 score50=18.94 eps=0.148 loss=0.06578 q=1.537 trunc=0 sps=3902 elapsed=1.8m
iter 106/1220 steps=434176 episodes=2357 score50=19.08 eps=0.140 loss=0.04283 q=1.498 trunc=0 sps=3900 elapsed=1.9m
iter 107/1220 steps=438272 episodes=2372 score50=20.08 eps=0.132 loss=0.05261 q=1.495 trunc=0 sps=3902 elapsed=1.9m
iter 108/1220 steps=442368 episodes=2387 score50=21.92 eps=0.124 loss=0.04409 q=1.510 trunc=0 sps=3895 elapsed=1.9m
iter 109/1220 steps=446464 episodes=2401 score50=22.42 eps=0.116 loss=0.01683 q=1.518 trunc=0 sps=3894 elapsed=1.9m
iter 110/1220 steps=450560 episodes=2413 score50=21.78 eps=0.108 loss=0.01245 q=1.520 trunc=0 sps=3898 elapsed=1.9m
iter 111/1220 steps=454656 episodes=2420 score50=20.88 eps=0.100 loss=0.00861 q=1.490 trunc=0 sps=3902 elapsed=1.9m
iter 112/1220 steps=458752 episodes=2434 score50=19.90 eps=0.092 loss=0.03270 q=1.486 trunc=0 sps=3904 elapsed=2.0m
iter 113/1220 steps=462848 episodes=2450 score50=20.20 eps=0.084 loss=0.10210 q=1.494 trunc=0 sps=3902 elapsed=2.0m
iter 114/1220 steps=466944 episodes=2463 score50=19.30 eps=0.075 loss=0.01095 q=1.487 trunc=0 sps=3901 elapsed=2.0m
iter 115/1220 steps=471040 episodes=2475 score50=19.92 eps=0.067 loss=0.02347 q=1.477 trunc=0 sps=3902 elapsed=2.0m
iter 116/1220 steps=475136 episodes=2488 score50=19.46 eps=0.059 loss=0.00772 q=1.479 trunc=0 sps=3904 elapsed=2.0m
iter 117/1220 steps=479232 episodes=2503 score50=19.62 eps=0.051 loss=0.01423 q=1.460 trunc=0 sps=3905 elapsed=2.0m
iter 118/1220 steps=483328 episodes=2513 score50=19.54 eps=0.043 loss=0.01456 q=1.483 trunc=0 sps=3902 elapsed=2.1m
iter 119/1220 steps=487424 episodes=2518 score50=19.96 eps=0.035 loss=0.00570 q=1.496 trunc=0 sps=3903 elapsed=2.1m
iter 120/1220 steps=491520 episodes=2535 score50=19.62 eps=0.027 loss=0.04240 q=1.442 trunc=0 sps=3902 elapsed=2.1m
iter 121/1220 steps=495616 episodes=2541 score50=20.32 eps=0.019 loss=0.00539 q=1.445 trunc=0 sps=3903 elapsed=2.1m
iter 122/1220 steps=499712 episodes=2557 score50=21.16 eps=0.011 loss=0.02543 q=1.382 trunc=0 sps=3904 elapsed=2.1m
iter 123/1220 steps=503808 episodes=2567 score50=20.80 eps=0.010 loss=0.01546 q=1.399 trunc=0 sps=3904 elapsed=2.2m
iter 124/1220 steps=507904 episodes=2577 score50=21.84 eps=0.010 loss=0.00593 q=1.344 trunc=0 sps=3903 elapsed=2.2m
iter 125/1220 steps=512000 episodes=2585 score50=21.94 eps=0.010 loss=0.00484 q=1.400 trunc=0 sps=3904 elapsed=2.2m
iter 126/1220 steps=516096 episodes=2599 score50=23.02 eps=0.010 loss=0.01271 q=1.400 trunc=0 sps=3904 elapsed=2.2m
iter 127/1220 steps=520192 episodes=2603 score50=22.46 eps=0.010 loss=0.00327 q=1.408 trunc=0 sps=3904 elapsed=2.2m
iter 128/1220 steps=524288 episodes=2613 score50=23.94 eps=0.010 loss=0.03809 q=1.420 trunc=0 sps=3900 elapsed=2.2m
iter 129/1220 steps=528384 episodes=2621 score50=24.28 eps=0.010 loss=0.06674 q=1.399 trunc=0 sps=3899 elapsed=2.3m
iter 130/1220 steps=532480 episodes=2629 score50=24.08 eps=0.010 loss=0.00322 q=1.389 trunc=0 sps=3899 elapsed=2.3m
iter 131/1220 steps=536576 episodes=2637 score50=23.58 eps=0.010 loss=0.00683 q=1.356 trunc=0 sps=3898 elapsed=2.3m
iter 132/1220 steps=540672 episodes=2650 score50=25.14 eps=0.010 loss=0.01273 q=1.361 trunc=0 sps=3893 elapsed=2.3m
iter 133/1220 steps=544768 episodes=2655 score50=25.02 eps=0.010 loss=0.00325 q=1.354 trunc=0 sps=3887 elapsed=2.3m
iter 134/1220 steps=548864 episodes=2665 score50=25.04 eps=0.010 loss=0.04543 q=1.319 trunc=0 sps=3883 elapsed=2.4m
iter 135/1220 steps=552960 episodes=2675 score50=28.66 eps=0.010 loss=0.02120 q=1.310 trunc=0 sps=3880 elapsed=2.4m
iter 136/1220 steps=557056 episodes=2682 score50=28.40 eps=0.010 loss=0.00620 q=1.298 trunc=0 sps=3880 elapsed=2.4m
iter 137/1220 steps=561152 episodes=2689 score50=30.08 eps=0.010 loss=0.01925 q=1.273 trunc=0 sps=3878 elapsed=2.4m
iter 138/1220 steps=565248 episodes=2706 score50=31.02 eps=0.010 loss=0.02480 q=1.270 trunc=0 sps=3878 elapsed=2.4m
iter 139/1220 steps=569344 episodes=2712 score50=30.84 eps=0.010 loss=0.00354 q=1.301 trunc=0 sps=3877 elapsed=2.4m
iter 140/1220 steps=573440 episodes=2720 score50=30.90 eps=0.010 loss=0.00527 q=1.263 trunc=0 sps=3875 elapsed=2.5m
iter 141/1220 steps=577536 episodes=2729 score50=30.62 eps=0.010 loss=0.03135 q=1.215 trunc=0 sps=3873 elapsed=2.5m
iter 142/1220 steps=581632 episodes=2738 score50=32.36 eps=0.010 loss=0.00558 q=1.244 trunc=0 sps=3871 elapsed=2.5m
iter 143/1220 steps=585728 episodes=2751 score50=32.94 eps=0.010 loss=0.00380 q=1.272 trunc=0 sps=3872 elapsed=2.5m
iter 144/1220 steps=589824 episodes=2756 score50=32.66 eps=0.010 loss=0.00236 q=1.281 trunc=0 sps=3874 elapsed=2.5m
iter 145/1220 steps=593920 episodes=2768 score50=33.26 eps=0.010 loss=0.02027 q=1.287 trunc=0 sps=3876 elapsed=2.6m
iter 146/1220 steps=598016 episodes=2770 score50=32.32 eps=0.010 loss=0.00234 q=1.297 trunc=0 sps=3876 elapsed=2.6m
iter 147/1220 steps=602112 episodes=2782 score50=32.40 eps=0.010 loss=0.00571 q=1.285 trunc=0 sps=3876 elapsed=2.6m
iter 148/1220 steps=606208 episodes=2791 score50=30.06 eps=0.010 loss=0.05852 q=1.276 trunc=0 sps=3876 elapsed=2.6m
iter 149/1220 steps=610304 episodes=2803 score50=29.12 eps=0.010 loss=0.01250 q=1.264 trunc=0 sps=3874 elapsed=2.6m
iter 150/1220 steps=614400 episodes=2818 score50=28.44 eps=0.010 loss=0.03959 q=1.207 trunc=0 sps=3873 elapsed=2.6m
iter 151/1220 steps=618496 episodes=2824 score50=28.36 eps=0.010 loss=0.00726 q=1.177 trunc=0 sps=3872 elapsed=2.7m
iter 152/1220 steps=622592 episodes=2825 score50=28.02 eps=0.010 loss=0.00503 q=1.213 trunc=0 sps=3873 elapsed=2.7m
iter 153/1220 steps=626688 episodes=2839 score50=27.36 eps=0.010 loss=0.05445 q=1.181 trunc=0 sps=3872 elapsed=2.7m
iter 154/1220 steps=630784 episodes=2847 score50=29.02 eps=0.010 loss=0.00421 q=1.214 trunc=0 sps=3873 elapsed=2.7m
iter 155/1220 steps=634880 episodes=2854 score50=26.90 eps=0.010 loss=0.00968 q=1.207 trunc=0 sps=3873 elapsed=2.7m
iter 156/1220 steps=638976 episodes=2864 score50=26.42 eps=0.010 loss=0.03292 q=1.181 trunc=0 sps=3865 elapsed=2.8m
iter 157/1220 steps=643072 episodes=2869 score50=26.00 eps=0.010 loss=0.00465 q=1.188 trunc=0 sps=3864 elapsed=2.8m
iter 158/1220 steps=647168 episodes=2877 score50=27.36 eps=0.010 loss=0.00274 q=1.177 trunc=0 sps=3864 elapsed=2.8m
iter 159/1220 steps=651264 episodes=2895 score50=29.06 eps=0.010 loss=0.02627 q=1.165 trunc=0 sps=3864 elapsed=2.8m
iter 160/1220 steps=655360 episodes=2900 score50=29.94 eps=0.010 loss=0.00289 q=1.189 trunc=0 sps=3862 elapsed=2.8m
iter 161/1220 steps=659456 episodes=2908 score50=30.62 eps=0.010 loss=0.00485 q=1.169 trunc=0 sps=3861 elapsed=2.8m
iter 162/1220 steps=663552 episodes=2915 score50=31.86 eps=0.010 loss=0.00519 q=1.206 trunc=0 sps=3860 elapsed=2.9m
iter 163/1220 steps=667648 episodes=2932 score50=33.88 eps=0.010 loss=0.02128 q=1.173 trunc=0 sps=3861 elapsed=2.9m
iter 164/1220 steps=671744 episodes=2940 score50=32.26 eps=0.010 loss=0.00619 q=1.160 trunc=0 sps=3860 elapsed=2.9m
iter 165/1220 steps=675840 episodes=2950 score50=30.54 eps=0.010 loss=0.00975 q=1.149 trunc=0 sps=3858 elapsed=2.9m
iter 166/1220 steps=679936 episodes=2966 score50=27.90 eps=0.010 loss=0.01491 q=1.188 trunc=0 sps=3859 elapsed=2.9m
iter 167/1220 steps=684032 episodes=2975 score50=27.10 eps=0.010 loss=0.00498 q=1.164 trunc=0 sps=3860 elapsed=3.0m
iter 168/1220 steps=688128 episodes=2986 score50=27.52 eps=0.010 loss=0.01074 q=1.140 trunc=0 sps=3862 elapsed=3.0m
iter 169/1220 steps=692224 episodes=2990 score50=26.18 eps=0.010 loss=0.00456 q=1.140 trunc=0 sps=3861 elapsed=3.0m
iter 170/1220 steps=696320 episodes=2996 score50=27.32 eps=0.010 loss=0.00817 q=1.165 trunc=0 sps=3858 elapsed=3.0m
iter 171/1220 steps=700416 episodes=2999 score50=28.06 eps=0.010 loss=0.00141 q=1.177 trunc=0 sps=3856 elapsed=3.0m
iter 172/1220 steps=704512 episodes=3005 score50=28.82 eps=0.010 loss=0.00398 q=1.159 trunc=0 sps=3853 elapsed=3.0m
iter 173/1220 steps=708608 episodes=3011 score50=30.00 eps=0.010 loss=0.02638 q=1.162 trunc=0 sps=3853 elapsed=3.1m
iter 174/1220 steps=712704 episodes=3023 score50=29.60 eps=0.010 loss=0.00691 q=1.147 trunc=0 sps=3852 elapsed=3.1m
iter 175/1220 steps=716800 episodes=3027 score50=29.96 eps=0.010 loss=0.00198 q=1.144 trunc=0 sps=3851 elapsed=3.1m
iter 176/1220 steps=720896 episodes=3031 score50=29.88 eps=0.010 loss=0.00675 q=1.140 trunc=0 sps=3850 elapsed=3.1m
iter 177/1220 steps=724992 episodes=3042 score50=31.06 eps=0.010 loss=0.00715 q=1.128 trunc=0 sps=3849 elapsed=3.1m
iter 178/1220 steps=729088 episodes=3055 score50=30.34 eps=0.010 loss=0.00407 q=1.129 trunc=0 sps=3846 elapsed=3.2m
iter 179/1220 steps=733184 episodes=3068 score50=29.94 eps=0.010 loss=0.01151 q=1.110 trunc=0 sps=3841 elapsed=3.2m
iter 180/1220 steps=737280 episodes=3071 score50=29.76 eps=0.010 loss=0.00213 q=1.117 trunc=0 sps=3841 elapsed=3.2m
iter 181/1220 steps=741376 episodes=3084 score50=30.12 eps=0.010 loss=0.02099 q=1.115 trunc=0 sps=3841 elapsed=3.2m
iter 182/1220 steps=745472 episodes=3094 score50=30.32 eps=0.010 loss=0.00405 q=1.147 trunc=0 sps=3841 elapsed=3.2m
iter 183/1220 steps=749568 episodes=3097 score50=30.54 eps=0.010 loss=0.00137 q=1.140 trunc=0 sps=3841 elapsed=3.3m
iter 184/1220 steps=753664 episodes=3111 score50=28.70 eps=0.010 loss=0.00472 q=1.132 trunc=0 sps=3838 elapsed=3.3m
iter 185/1220 steps=757760 episodes=3117 score50=30.64 eps=0.010 loss=0.00273 q=1.158 trunc=0 sps=3836 elapsed=3.3m
iter 186/1220 steps=761856 episodes=3126 score50=30.78 eps=0.010 loss=0.03441 q=1.137 trunc=0 sps=3837 elapsed=3.3m
iter 187/1220 steps=765952 episodes=3138 score50=32.12 eps=0.010 loss=0.01915 q=1.152 trunc=0 sps=3836 elapsed=3.3m
iter 188/1220 steps=770048 episodes=3146 score50=30.78 eps=0.010 loss=0.00870 q=1.124 trunc=0 sps=3836 elapsed=3.3m
iter 189/1220 steps=774144 episodes=3153 score50=31.18 eps=0.010 loss=0.00716 q=1.142 trunc=0 sps=3834 elapsed=3.4m
iter 190/1220 steps=778240 episodes=3158 score50=32.24 eps=0.010 loss=0.01480 q=1.144 trunc=0 sps=3832 elapsed=3.4m
iter 191/1220 steps=782336 episodes=3164 score50=32.04 eps=0.010 loss=0.00918 q=1.142 trunc=0 sps=3832 elapsed=3.4m
iter 192/1220 steps=786432 episodes=3170 score50=31.98 eps=0.010 loss=0.00257 q=1.154 trunc=0 sps=3830 elapsed=3.4m
iter 193/1220 steps=790528 episodes=3176 score50=33.96 eps=0.010 loss=0.00850 q=1.135 trunc=0 sps=3828 elapsed=3.4m
iter 194/1220 steps=794624 episodes=3182 score50=33.52 eps=0.010 loss=0.00605 q=1.134 trunc=0 sps=3827 elapsed=3.5m
iter 195/1220 steps=798720 episodes=3188 score50=35.28 eps=0.010 loss=0.00478 q=1.121 trunc=0 sps=3827 elapsed=3.5m
iter 196/1220 steps=802816 episodes=3199 score50=36.24 eps=0.010 loss=0.01559 q=1.153 trunc=0 sps=3822 elapsed=3.5m
iter 197/1220 steps=806912 episodes=3205 score50=35.62 eps=0.010 loss=0.02204 q=1.160 trunc=0 sps=3814 elapsed=3.5m
iter 198/1220 steps=811008 episodes=3217 score50=34.52 eps=0.010 loss=0.01251 q=1.168 trunc=0 sps=3811 elapsed=3.5m
iter 199/1220 steps=815104 episodes=3223 score50=35.40 eps=0.010 loss=0.01282 q=1.189 trunc=0 sps=3810 elapsed=3.6m
iter 200/1220 steps=819200 episodes=3232 score50=33.98 eps=0.010 loss=0.00781 q=1.180 trunc=0 sps=3809 elapsed=3.6m
  [eval] iter=200 mean=32.00+-2.95 median=29.5 max=74 P(>=120)=0.00 entropy=1.81/2.20 wnorm=26.234 srank=139/256
iter 201/1220 steps=823296 episodes=3241 score50=32.84 eps=0.010 loss=0.00586 q=1.186 trunc=0 sps=3640 elapsed=3.8m
iter 202/1220 steps=827392 episodes=3249 score50=32.04 eps=0.010 loss=0.01219 q=1.175 trunc=0 sps=3638 elapsed=3.8m
iter 203/1220 steps=831488 episodes=3259 score50=33.20 eps=0.010 loss=0.00963 q=1.182 trunc=0 sps=3639 elapsed=3.8m
iter 204/1220 steps=835584 episodes=3264 score50=34.24 eps=0.010 loss=0.00347 q=1.166 trunc=0 sps=3640 elapsed=3.8m
iter 205/1220 steps=839680 episodes=3276 score50=32.80 eps=0.010 loss=0.00627 q=1.149 trunc=0 sps=3639 elapsed=3.8m
iter 206/1220 steps=843776 episodes=3283 score50=33.86 eps=0.010 loss=0.00170 q=1.199 trunc=0 sps=3637 elapsed=3.9m
iter 207/1220 steps=847872 episodes=3293 score50=33.60 eps=0.010 loss=0.00929 q=1.185 trunc=0 sps=3637 elapsed=3.9m
iter 208/1220 steps=851968 episodes=3305 score50=33.10 eps=0.010 loss=0.00745 q=1.187 trunc=0 sps=3638 elapsed=3.9m
iter 209/1220 steps=856064 episodes=3316 score50=32.20 eps=0.010 loss=0.04779 q=1.195 trunc=0 sps=3639 elapsed=3.9m
iter 210/1220 steps=860160 episodes=3322 score50=30.80 eps=0.010 loss=0.00480 q=1.186 trunc=0 sps=3639 elapsed=3.9m
iter 211/1220 steps=864256 episodes=3327 score50=31.64 eps=0.010 loss=0.00108 q=1.192 trunc=0 sps=3640 elapsed=4.0m
iter 212/1220 steps=868352 episodes=3333 score50=34.04 eps=0.010 loss=0.00532 q=1.171 trunc=0 sps=3641 elapsed=4.0m
iter 213/1220 steps=872448 episodes=3334 score50=34.20 eps=0.010 loss=0.00096 q=1.179 trunc=0 sps=3640 elapsed=4.0m
iter 214/1220 steps=876544 episodes=3344 score50=34.38 eps=0.010 loss=0.00219 q=1.178 trunc=0 sps=3639 elapsed=4.0m
iter 215/1220 steps=880640 episodes=3351 score50=34.06 eps=0.010 loss=0.04650 q=1.173 trunc=0 sps=3636 elapsed=4.0m
iter 216/1220 steps=884736 episodes=3362 score50=35.64 eps=0.010 loss=0.01473 q=1.142 trunc=0 sps=3634 elapsed=4.1m
iter 217/1220 steps=888832 episodes=3367 score50=35.64 eps=0.010 loss=0.00811 q=1.167 trunc=0 sps=3632 elapsed=4.1m
iter 218/1220 steps=892928 episodes=3377 score50=36.88 eps=0.010 loss=0.03503 q=1.133 trunc=0 sps=3629 elapsed=4.1m
iter 219/1220 steps=897024 episodes=3384 score50=35.02 eps=0.010 loss=0.01014 q=1.163 trunc=0 sps=3626 elapsed=4.1m
iter 220/1220 steps=901120 episodes=3391 score50=37.28 eps=0.010 loss=0.00529 q=1.159 trunc=0 sps=3624 elapsed=4.1m
iter 221/1220 steps=905216 episodes=3404 score50=37.38 eps=0.010 loss=0.02572 q=1.154 trunc=0 sps=3622 elapsed=4.2m
iter 222/1220 steps=909312 episodes=3410 score50=35.80 eps=0.010 loss=0.00933 q=1.143 trunc=0 sps=3621 elapsed=4.2m
iter 223/1220 steps=913408 episodes=3415 score50=36.22 eps=0.010 loss=0.01123 q=1.153 trunc=0 sps=3619 elapsed=4.2m
iter 224/1220 steps=917504 episodes=3422 score50=35.68 eps=0.010 loss=0.02897 q=1.143 trunc=0 sps=3617 elapsed=4.2m
iter 225/1220 steps=921600 episodes=3426 score50=34.38 eps=0.010 loss=0.00665 q=1.147 trunc=0 sps=3617 elapsed=4.2m
iter 226/1220 steps=925696 episodes=3433 score50=33.30 eps=0.010 loss=0.01720 q=1.134 trunc=0 sps=3617 elapsed=4.3m
iter 227/1220 steps=929792 episodes=3443 score50=33.74 eps=0.010 loss=0.00799 q=1.130 trunc=0 sps=3615 elapsed=4.3m
iter 228/1220 steps=933888 episodes=3451 score50=33.82 eps=0.010 loss=0.00366 q=1.145 trunc=0 sps=3611 elapsed=4.3m
iter 229/1220 steps=937984 episodes=3455 score50=34.28 eps=0.010 loss=0.00898 q=1.131 trunc=0 sps=3610 elapsed=4.3m
iter 230/1220 steps=942080 episodes=3460 score50=35.02 eps=0.010 loss=0.00201 q=1.135 trunc=0 sps=3610 elapsed=4.3m
iter 231/1220 steps=946176 episodes=3468 score50=35.68 eps=0.010 loss=0.01480 q=1.108 trunc=0 sps=3610 elapsed=4.4m
iter 232/1220 steps=950272 episodes=3472 score50=36.26 eps=0.010 loss=0.00272 q=1.104 trunc=0 sps=3607 elapsed=4.4m
iter 233/1220 steps=954368 episodes=3476 score50=36.90 eps=0.010 loss=0.03451 q=1.105 trunc=0 sps=3605 elapsed=4.4m
iter 234/1220 steps=958464 episodes=3480 score50=38.36 eps=0.010 loss=0.01968 q=1.100 trunc=0 sps=3604 elapsed=4.4m
iter 235/1220 steps=962560 episodes=3487 score50=39.40 eps=0.010 loss=0.00747 q=1.101 trunc=0 sps=3603 elapsed=4.5m
iter 236/1220 steps=966656 episodes=3490 score50=38.80 eps=0.010 loss=0.01544 q=1.099 trunc=0 sps=3602 elapsed=4.5m
iter 237/1220 steps=970752 episodes=3495 score50=38.72 eps=0.010 loss=0.00660 q=1.106 trunc=0 sps=3601 elapsed=4.5m
iter 238/1220 steps=974848 episodes=3505 score50=39.70 eps=0.010 loss=0.02713 q=1.121 trunc=0 sps=3600 elapsed=4.5m
iter 239/1220 steps=978944 episodes=3525 score50=40.12 eps=0.010 loss=0.02273 q=1.107 trunc=0 sps=3600 elapsed=4.5m
iter 240/1220 steps=983040 episodes=3536 score50=37.58 eps=0.010 loss=0.00913 q=1.138 trunc=0 sps=3597 elapsed=4.6m
iter 241/1220 steps=987136 episodes=3545 score50=38.88 eps=0.010 loss=0.01198 q=1.118 trunc=0 sps=3594 elapsed=4.6m
iter 242/1220 steps=991232 episodes=3560 score50=35.68 eps=0.010 loss=0.01691 q=1.132 trunc=0 sps=3594 elapsed=4.6m
iter 243/1220 steps=995328 episodes=3566 score50=35.60 eps=0.010 loss=0.00643 q=1.164 trunc=0 sps=3595 elapsed=4.6m
iter 244/1220 steps=999424 episodes=3573 score50=35.28 eps=0.010 loss=0.00565 q=1.149 trunc=0 sps=3594 elapsed=4.6m
iter 245/1220 steps=1003520 episodes=3580 score50=33.76 eps=0.010 loss=0.00533 q=1.142 trunc=0 sps=3593 elapsed=4.7m
iter 246/1220 steps=1007616 episodes=3583 score50=34.76 eps=0.010 loss=0.00700 q=1.135 trunc=0 sps=3590 elapsed=4.7m
iter 247/1220 steps=1011712 episodes=3589 score50=36.00 eps=0.010 loss=0.00883 q=1.124 trunc=0 sps=3586 elapsed=4.7m
iter 248/1220 steps=1015808 episodes=3592 score50=35.20 eps=0.010 loss=0.00166 q=1.140 trunc=0 sps=3582 elapsed=4.7m
iter 249/1220 steps=1019904 episodes=3601 score50=37.34 eps=0.010 loss=0.00941 q=1.136 trunc=0 sps=3576 elapsed=4.8m
iter 250/1220 steps=1024000 episodes=3605 score50=36.54 eps=0.010 loss=0.00121 q=1.140 trunc=0 sps=3574 elapsed=4.8m
iter 251/1220 steps=1028096 episodes=3608 score50=36.68 eps=0.010 loss=0.00065 q=1.139 trunc=0 sps=3574 elapsed=4.8m
iter 252/1220 steps=1032192 episodes=3614 score50=36.68 eps=0.010 loss=0.00334 q=1.134 trunc=0 sps=3573 elapsed=4.8m
iter 253/1220 steps=1036288 episodes=3620 score50=37.56 eps=0.010 loss=0.02040 q=1.125 trunc=0 sps=3572 elapsed=4.8m
iter 254/1220 steps=1040384 episodes=3633 score50=38.46 eps=0.010 loss=0.01444 q=1.138 trunc=0 sps=3571 elapsed=4.9m
iter 255/1220 steps=1044480 episodes=3644 score50=37.26 eps=0.010 loss=0.01851 q=1.143 trunc=0 sps=3571 elapsed=4.9m
iter 256/1220 steps=1048576 episodes=3655 score50=36.66 eps=0.010 loss=0.00343 q=1.156 trunc=0 sps=3570 elapsed=4.9m
iter 257/1220 steps=1052672 episodes=3669 score50=36.78 eps=0.010 loss=0.01677 q=1.121 trunc=0 sps=3569 elapsed=4.9m
iter 258/1220 steps=1056768 episodes=3673 score50=36.00 eps=0.010 loss=0.00310 q=1.164 trunc=0 sps=3569 elapsed=4.9m
iter 259/1220 steps=1060864 episodes=3680 score50=36.70 eps=0.010 loss=0.00328 q=1.135 trunc=0 sps=3570 elapsed=5.0m
iter 260/1220 steps=1064960 episodes=3688 score50=34.74 eps=0.010 loss=0.01544 q=1.126 trunc=0 sps=3570 elapsed=5.0m
iter 261/1220 steps=1069056 episodes=3693 score50=34.70 eps=0.010 loss=0.00327 q=1.147 trunc=0 sps=3569 elapsed=5.0m
iter 262/1220 steps=1073152 episodes=3702 score50=35.24 eps=0.010 loss=0.00556 q=1.149 trunc=0 sps=3567 elapsed=5.0m
iter 263/1220 steps=1077248 episodes=3713 score50=33.08 eps=0.010 loss=0.00454 q=1.117 trunc=0 sps=3568 elapsed=5.0m
iter 264/1220 steps=1081344 episodes=3724 score50=33.06 eps=0.010 loss=0.00296 q=1.125 trunc=0 sps=3569 elapsed=5.0m
iter 265/1220 steps=1085440 episodes=3731 score50=34.02 eps=0.010 loss=0.01354 q=1.124 trunc=0 sps=3569 elapsed=5.1m
iter 266/1220 steps=1089536 episodes=3737 score50=33.70 eps=0.010 loss=0.00863 q=1.111 trunc=0 sps=3567 elapsed=5.1m
iter 267/1220 steps=1093632 episodes=3753 score50=30.00 eps=0.010 loss=0.01338 q=1.105 trunc=0 sps=3567 elapsed=5.1m
iter 268/1220 steps=1097728 episodes=3764 score50=31.12 eps=0.010 loss=0.01207 q=1.100 trunc=0 sps=3567 elapsed=5.1m
iter 269/1220 steps=1101824 episodes=3772 score50=30.18 eps=0.010 loss=0.01657 q=1.099 trunc=0 sps=3566 elapsed=5.2m
iter 270/1220 steps=1105920 episodes=3786 score50=28.66 eps=0.010 loss=0.01500 q=1.108 trunc=0 sps=3565 elapsed=5.2m
iter 271/1220 steps=1110016 episodes=3793 score50=30.28 eps=0.010 loss=0.01044 q=1.077 trunc=0 sps=3566 elapsed=5.2m
iter 272/1220 steps=1114112 episodes=3807 score50=32.70 eps=0.010 loss=0.00813 q=1.085 trunc=0 sps=3567 elapsed=5.2m
iter 273/1220 steps=1118208 episodes=3813 score50=32.12 eps=0.010 loss=0.01754 q=1.089 trunc=0 sps=3567 elapsed=5.2m
iter 274/1220 steps=1122304 episodes=3821 score50=32.36 eps=0.010 loss=0.00132 q=1.106 trunc=0 sps=3567 elapsed=5.2m
iter 275/1220 steps=1126400 episodes=3828 score50=32.12 eps=0.010 loss=0.02125 q=1.098 trunc=0 sps=3567 elapsed=5.3m
iter 276/1220 steps=1130496 episodes=3835 score50=30.48 eps=0.010 loss=0.03495 q=1.078 trunc=0 sps=3568 elapsed=5.3m
iter 277/1220 steps=1134592 episodes=3842 score50=29.70 eps=0.010 loss=0.01907 q=1.090 trunc=0 sps=3569 elapsed=5.3m
iter 278/1220 steps=1138688 episodes=3848 score50=28.66 eps=0.010 loss=0.01129 q=1.063 trunc=0 sps=3570 elapsed=5.3m
iter 279/1220 steps=1142784 episodes=3849 score50=28.34 eps=0.010 loss=0.00242 q=1.098 trunc=0 sps=3570 elapsed=5.3m
iter 280/1220 steps=1146880 episodes=3851 score50=27.84 eps=0.010 loss=0.01429 q=1.093 trunc=0 sps=3570 elapsed=5.4m
iter 281/1220 steps=1150976 episodes=3854 score50=29.26 eps=0.010 loss=0.00099 q=1.089 trunc=0 sps=3570 elapsed=5.4m
iter 282/1220 steps=1155072 episodes=3857 score50=28.00 eps=0.010 loss=0.00141 q=1.092 trunc=0 sps=3569 elapsed=5.4m
iter 283/1220 steps=1159168 episodes=3868 score50=31.84 eps=0.010 loss=0.01621 q=1.081 trunc=0 sps=3568 elapsed=5.4m
iter 284/1220 steps=1163264 episodes=3871 score50=32.36 eps=0.010 loss=0.00499 q=1.102 trunc=0 sps=3568 elapsed=5.4m
iter 285/1220 steps=1167360 episodes=3878 score50=31.16 eps=0.010 loss=0.01764 q=1.098 trunc=0 sps=3568 elapsed=5.5m
iter 286/1220 steps=1171456 episodes=3888 score50=32.48 eps=0.010 loss=0.00267 q=1.106 trunc=0 sps=3568 elapsed=5.5m
iter 287/1220 steps=1175552 episodes=3896 score50=34.42 eps=0.010 loss=0.00775 q=1.111 trunc=0 sps=3568 elapsed=5.5m
iter 288/1220 steps=1179648 episodes=3908 score50=34.80 eps=0.010 loss=0.00583 q=1.115 trunc=0 sps=3565 elapsed=5.5m
iter 289/1220 steps=1183744 episodes=3915 score50=36.26 eps=0.010 loss=0.01695 q=1.125 trunc=0 sps=3565 elapsed=5.5m
iter 290/1220 steps=1187840 episodes=3922 score50=35.68 eps=0.010 loss=0.02336 q=1.120 trunc=0 sps=3566 elapsed=5.6m
iter 291/1220 steps=1191936 episodes=3930 score50=38.00 eps=0.010 loss=0.02468 q=1.114 trunc=0 sps=3566 elapsed=5.6m
iter 292/1220 steps=1196032 episodes=3942 score50=39.38 eps=0.010 loss=0.00393 q=1.109 trunc=0 sps=3566 elapsed=5.6m
iter 293/1220 steps=1200128 episodes=3951 score50=38.54 eps=0.010 loss=0.00190 q=1.109 trunc=0 sps=3567 elapsed=5.6m
iter 294/1220 steps=1204224 episodes=3962 score50=37.28 eps=0.010 loss=0.00650 q=1.150 trunc=0 sps=3567 elapsed=5.6m
iter 295/1220 steps=1208320 episodes=3970 score50=35.42 eps=0.010 loss=0.00310 q=1.145 trunc=0 sps=3567 elapsed=5.6m
iter 296/1220 steps=1212416 episodes=3980 score50=34.82 eps=0.010 loss=0.01009 q=1.138 trunc=0 sps=3567 elapsed=5.7m
iter 297/1220 steps=1216512 episodes=3992 score50=30.40 eps=0.010 loss=0.01361 q=1.144 trunc=0 sps=3567 elapsed=5.7m
iter 298/1220 steps=1220608 episodes=3996 score50=30.26 eps=0.010 loss=0.00245 q=1.130 trunc=0 sps=3568 elapsed=5.7m
iter 299/1220 steps=1224704 episodes=4001 score50=30.52 eps=0.010 loss=0.00231 q=1.141 trunc=0 sps=3568 elapsed=5.7m
iter 300/1220 steps=1228800 episodes=4005 score50=31.46 eps=0.010 loss=0.00077 q=1.154 trunc=0 sps=3569 elapsed=5.7m
  [eval] iter=300 mean=45.05+-4.30 median=45.0 max=88 P(>=120)=0.00 entropy=1.82/2.20 wnorm=27.037 srank=107/256
iter 301/1220 steps=1232896 episodes=4012 score50=32.54 eps=0.010 loss=0.00253 q=1.150 trunc=0 sps=3417 elapsed=6.0m
iter 302/1220 steps=1236992 episodes=4016 score50=33.76 eps=0.010 loss=0.00108 q=1.149 trunc=0 sps=3416 elapsed=6.0m
iter 303/1220 steps=1241088 episodes=4021 score50=34.80 eps=0.010 loss=0.01500 q=1.143 trunc=0 sps=3417 elapsed=6.1m
iter 304/1220 steps=1245184 episodes=4025 score50=34.80 eps=0.010 loss=0.03073 q=1.120 trunc=0 sps=3417 elapsed=6.1m
iter 305/1220 steps=1249280 episodes=4032 score50=36.16 eps=0.010 loss=0.00144 q=1.136 trunc=0 sps=3417 elapsed=6.1m
iter 306/1220 steps=1253376 episodes=4036 score50=37.90 eps=0.010 loss=0.00579 q=1.127 trunc=0 sps=3416 elapsed=6.1m
iter 307/1220 steps=1257472 episodes=4045 score50=36.86 eps=0.010 loss=0.01111 q=1.101 trunc=0 sps=3416 elapsed=6.1m
iter 308/1220 steps=1261568 episodes=4052 score50=38.68 eps=0.010 loss=0.00709 q=1.101 trunc=0 sps=3416 elapsed=6.2m
iter 309/1220 steps=1265664 episodes=4062 score50=40.64 eps=0.010 loss=0.03763 q=1.074 trunc=0 sps=3416 elapsed=6.2m
iter 310/1220 steps=1269760 episodes=4069 score50=40.34 eps=0.010 loss=0.00608 q=1.103 trunc=0 sps=3415 elapsed=6.2m
iter 311/1220 steps=1273856 episodes=4076 score50=39.48 eps=0.010 loss=0.00486 q=1.101 trunc=0 sps=3415 elapsed=6.2m
iter 312/1220 steps=1277952 episodes=4084 score50=40.96 eps=0.010 loss=0.00359 q=1.105 trunc=0 sps=3415 elapsed=6.2m
iter 313/1220 steps=1282048 episodes=4090 score50=41.26 eps=0.010 loss=0.00207 q=1.114 trunc=0 sps=3414 elapsed=6.3m
iter 314/1220 steps=1286144 episodes=4097 score50=40.88 eps=0.010 loss=0.00235 q=1.104 trunc=0 sps=3414 elapsed=6.3m
iter 315/1220 steps=1290240 episodes=4099 score50=41.58 eps=0.010 loss=0.00081 q=1.112 trunc=0 sps=3414 elapsed=6.3m
iter 316/1220 steps=1294336 episodes=4106 score50=41.32 eps=0.010 loss=0.03169 q=1.094 trunc=0 sps=3413 elapsed=6.3m
iter 317/1220 steps=1298432 episodes=4117 score50=36.46 eps=0.010 loss=0.01508 q=1.062 trunc=0 sps=3412 elapsed=6.3m
iter 318/1220 steps=1302528 episodes=4122 score50=36.66 eps=0.010 loss=0.01338 q=1.084 trunc=0 sps=3412 elapsed=6.4m
iter 319/1220 steps=1306624 episodes=4126 score50=37.28 eps=0.010 loss=0.00084 q=1.096 trunc=0 sps=3411 elapsed=6.4m
iter 320/1220 steps=1310720 episodes=4137 score50=37.38 eps=0.010 loss=0.00678 q=1.097 trunc=0 sps=3411 elapsed=6.4m
iter 321/1220 steps=1314816 episodes=4140 score50=36.82 eps=0.010 loss=0.00107 q=1.107 trunc=0 sps=3411 elapsed=6.4m
iter 322/1220 steps=1318912 episodes=4143 score50=37.66 eps=0.010 loss=0.00067 q=1.101 trunc=0 sps=3410 elapsed=6.4m
iter 323/1220 steps=1323008 episodes=4147 score50=39.84 eps=0.010 loss=0.03184 q=1.102 trunc=0 sps=3410 elapsed=6.5m
iter 324/1220 steps=1327104 episodes=4156 score50=42.12 eps=0.010 loss=0.01068 q=1.083 trunc=0 sps=3409 elapsed=6.5m
iter 325/1220 steps=1331200 episodes=4163 score50=40.60 eps=0.010 loss=0.00201 q=1.102 trunc=0 sps=3410 elapsed=6.5m
iter 326/1220 steps=1335296 episodes=4169 score50=40.48 eps=0.010 loss=0.00211 q=1.113 trunc=0 sps=3410 elapsed=6.5m
iter 327/1220 steps=1339392 episodes=4181 score50=41.16 eps=0.010 loss=0.01466 q=1.105 trunc=0 sps=3410 elapsed=6.5m
iter 328/1220 steps=1343488 episodes=4184 score50=41.26 eps=0.010 loss=0.00374 q=1.107 trunc=0 sps=3410 elapsed=6.6m
iter 329/1220 steps=1347584 episodes=4186 score50=41.84 eps=0.010 loss=0.00088 q=1.105 trunc=0 sps=3410 elapsed=6.6m
iter 330/1220 steps=1351680 episodes=4190 score50=42.30 eps=0.010 loss=0.00669 q=1.104 trunc=0 sps=3408 elapsed=6.6m
iter 331/1220 steps=1355776 episodes=4191 score50=41.90 eps=0.010 loss=0.00035 q=1.106 trunc=0 sps=3409 elapsed=6.6m
iter 332/1220 steps=1359872 episodes=4197 score50=40.92 eps=0.010 loss=0.00188 q=1.091 trunc=0 sps=3408 elapsed=6.7m
iter 333/1220 steps=1363968 episodes=4213 score50=44.30 eps=0.010 loss=0.00452 q=1.088 trunc=0 sps=3406 elapsed=6.7m
iter 334/1220 steps=1368064 episodes=4219 score50=46.68 eps=0.010 loss=0.00074 q=1.098 trunc=0 sps=3405 elapsed=6.7m
iter 335/1220 steps=1372160 episodes=4226 score50=46.92 eps=0.010 loss=0.00445 q=1.076 trunc=0 sps=3405 elapsed=6.7m
iter 336/1220 steps=1376256 episodes=4232 score50=47.58 eps=0.010 loss=0.00638 q=1.066 trunc=0 sps=3406 elapsed=6.7m
iter 337/1220 steps=1380352 episodes=4244 score50=45.30 eps=0.010 loss=0.00805 q=1.070 trunc=0 sps=3406 elapsed=6.8m
iter 338/1220 steps=1384448 episodes=4248 score50=45.02 eps=0.010 loss=0.00980 q=1.082 trunc=0 sps=3406 elapsed=6.8m
iter 339/1220 steps=1388544 episodes=4253 score50=43.42 eps=0.010 loss=0.00490 q=1.096 trunc=0 sps=3405 elapsed=6.8m
iter 340/1220 steps=1392640 episodes=4257 score50=42.14 eps=0.010 loss=0.00138 q=1.083 trunc=0 sps=3404 elapsed=6.8m
iter 341/1220 steps=1396736 episodes=4262 score50=41.66 eps=0.010 loss=0.00674 q=1.095 trunc=0 sps=3403 elapsed=6.8m
iter 342/1220 steps=1400832 episodes=4276 score50=36.44 eps=0.010 loss=0.02789 q=1.084 trunc=0 sps=3403 elapsed=6.9m
iter 343/1220 steps=1404928 episodes=4289 score50=35.98 eps=0.010 loss=0.00702 q=1.070 trunc=0 sps=3402 elapsed=6.9m
iter 344/1220 steps=1409024 episodes=4294 score50=36.70 eps=0.010 loss=0.00562 q=1.098 trunc=0 sps=3401 elapsed=6.9m
iter 345/1220 steps=1413120 episodes=4297 score50=37.44 eps=0.010 loss=0.00250 q=1.103 trunc=0 sps=3401 elapsed=6.9m
iter 346/1220 steps=1417216 episodes=4299 score50=36.40 eps=0.010 loss=0.00475 q=1.093 trunc=0 sps=3400 elapsed=6.9m
iter 347/1220 steps=1421312 episodes=4301 score50=38.06 eps=0.010 loss=0.00099 q=1.087 trunc=0 sps=3399 elapsed=7.0m
iter 348/1220 steps=1425408 episodes=4304 score50=37.18 eps=0.010 loss=0.00073 q=1.082 trunc=0 sps=3399 elapsed=7.0m
iter 349/1220 steps=1429504 episodes=4311 score50=38.70 eps=0.010 loss=0.00992 q=1.091 trunc=0 sps=3399 elapsed=7.0m
iter 350/1220 steps=1433600 episodes=4316 score50=39.08 eps=0.010 loss=0.00125 q=1.105 trunc=0 sps=3398 elapsed=7.0m
iter 351/1220 steps=1437696 episodes=4327 score50=45.38 eps=0.010 loss=0.00498 q=1.061 trunc=0 sps=3398 elapsed=7.1m
iter 352/1220 steps=1441792 episodes=4340 score50=46.24 eps=0.010 loss=0.00449 q=1.089 trunc=0 sps=3398 elapsed=7.1m
iter 353/1220 steps=1445888 episodes=4350 score50=46.00 eps=0.010 loss=0.00720 q=1.090 trunc=0 sps=3399 elapsed=7.1m
iter 354/1220 steps=1449984 episodes=4355 score50=44.68 eps=0.010 loss=0.00159 q=1.106 trunc=0 sps=3399 elapsed=7.1m
iter 355/1220 steps=1454080 episodes=4364 score50=40.78 eps=0.010 loss=0.00573 q=1.122 trunc=0 sps=3398 elapsed=7.1m
iter 356/1220 steps=1458176 episodes=4378 score50=40.96 eps=0.010 loss=0.02038 q=1.115 trunc=0 sps=3397 elapsed=7.2m
iter 357/1220 steps=1462272 episodes=4384 score50=40.46 eps=0.010 loss=0.00856 q=1.132 trunc=0 sps=3398 elapsed=7.2m
iter 358/1220 steps=1466368 episodes=4389 score50=41.04 eps=0.010 loss=0.00218 q=1.138 trunc=0 sps=3399 elapsed=7.2m
iter 359/1220 steps=1470464 episodes=4398 score50=41.70 eps=0.010 loss=0.00913 q=1.116 trunc=0 sps=3399 elapsed=7.2m
iter 360/1220 steps=1474560 episodes=4403 score50=41.02 eps=0.010 loss=0.00077 q=1.148 trunc=0 sps=3399 elapsed=7.2m
iter 361/1220 steps=1478656 episodes=4406 score50=42.00 eps=0.010 loss=0.00055 q=1.141 trunc=0 sps=3400 elapsed=7.2m
iter 362/1220 steps=1482752 episodes=4411 score50=43.88 eps=0.010 loss=0.00807 q=1.125 trunc=0 sps=3400 elapsed=7.3m
iter 363/1220 steps=1486848 episodes=4416 score50=42.74 eps=0.010 loss=0.00114 q=1.132 trunc=0 sps=3400 elapsed=7.3m
iter 364/1220 steps=1490944 episodes=4422 score50=40.36 eps=0.010 loss=0.00302 q=1.128 trunc=0 sps=3400 elapsed=7.3m
iter 365/1220 steps=1495040 episodes=4425 score50=38.44 eps=0.010 loss=0.00825 q=1.131 trunc=0 sps=3401 elapsed=7.3m
iter 366/1220 steps=1499136 episodes=4434 score50=37.60 eps=0.010 loss=0.00237 q=1.120 trunc=0 sps=3401 elapsed=7.3m
iter 367/1220 steps=1503232 episodes=4438 score50=37.56 eps=0.010 loss=0.00168 q=1.120 trunc=0 sps=3401 elapsed=7.4m
iter 368/1220 steps=1507328 episodes=4444 score50=36.96 eps=0.010 loss=0.00289 q=1.120 trunc=0 sps=3400 elapsed=7.4m
iter 369/1220 steps=1511424 episodes=4448 score50=36.28 eps=0.010 loss=0.02234 q=1.122 trunc=0 sps=3400 elapsed=7.4m
iter 370/1220 steps=1515520 episodes=4456 score50=37.84 eps=0.010 loss=0.00655 q=1.106 trunc=0 sps=3400 elapsed=7.4m
iter 371/1220 steps=1519616 episodes=4457 score50=38.48 eps=0.010 loss=0.00661 q=1.096 trunc=0 sps=3401 elapsed=7.4m
iter 372/1220 steps=1523712 episodes=4464 score50=37.48 eps=0.010 loss=0.01575 q=1.100 trunc=0 sps=3400 elapsed=7.5m
iter 373/1220 steps=1527808 episodes=4470 score50=38.46 eps=0.010 loss=0.02001 q=1.102 trunc=0 sps=3399 elapsed=7.5m
iter 374/1220 steps=1531904 episodes=4474 score50=39.62 eps=0.010 loss=0.00124 q=1.107 trunc=0 sps=3399 elapsed=7.5m
iter 375/1220 steps=1536000 episodes=4477 score50=41.64 eps=0.010 loss=0.00322 q=1.114 trunc=0 sps=3399 elapsed=7.5m
iter 376/1220 steps=1540096 episodes=4486 score50=44.14 eps=0.010 loss=0.01536 q=1.099 trunc=0 sps=3399 elapsed=7.6m
iter 377/1220 steps=1544192 episodes=4492 score50=45.66 eps=0.010 loss=0.00299 q=1.109 trunc=0 sps=3399 elapsed=7.6m
iter 378/1220 steps=1548288 episodes=4496 score50=46.46 eps=0.010 loss=0.00528 q=1.106 trunc=0 sps=3399 elapsed=7.6m
iter 379/1220 steps=1552384 episodes=4508 score50=45.36 eps=0.010 loss=0.01827 q=1.107 trunc=0 sps=3398 elapsed=7.6m
iter 380/1220 steps=1556480 episodes=4511 score50=45.22 eps=0.010 loss=0.00593 q=1.111 trunc=0 sps=3399 elapsed=7.6m
iter 381/1220 steps=1560576 episodes=4520 score50=46.44 eps=0.010 loss=0.00104 q=1.125 trunc=0 sps=3398 elapsed=7.7m
iter 382/1220 steps=1564672 episodes=4529 score50=45.48 eps=0.010 loss=0.02369 q=1.126 trunc=0 sps=3398 elapsed=7.7m
iter 383/1220 steps=1568768 episodes=4535 score50=44.60 eps=0.010 loss=0.01347 q=1.177 trunc=0 sps=3398 elapsed=7.7m
iter 384/1220 steps=1572864 episodes=4543 score50=41.84 eps=0.010 loss=0.01857 q=1.138 trunc=0 sps=3398 elapsed=7.7m
iter 385/1220 steps=1576960 episodes=4554 score50=40.34 eps=0.010 loss=0.01573 q=1.141 trunc=0 sps=3397 elapsed=7.7m
iter 386/1220 steps=1581056 episodes=4565 score50=40.76 eps=0.010 loss=0.02803 q=1.135 trunc=0 sps=3397 elapsed=7.8m
iter 387/1220 steps=1585152 episodes=4580 score50=42.40 eps=0.010 loss=0.03223 q=1.119 trunc=0 sps=3398 elapsed=7.8m
iter 388/1220 steps=1589248 episodes=4587 score50=41.64 eps=0.010 loss=0.00232 q=1.148 trunc=0 sps=3399 elapsed=7.8m
iter 389/1220 steps=1593344 episodes=4596 score50=42.00 eps=0.010 loss=0.00888 q=1.142 trunc=0 sps=3400 elapsed=7.8m
iter 390/1220 steps=1597440 episodes=4608 score50=41.06 eps=0.010 loss=0.00611 q=1.111 trunc=0 sps=3401 elapsed=7.8m
iter 391/1220 steps=1601536 episodes=4612 score50=41.46 eps=0.010 loss=0.00402 q=1.147 trunc=0 sps=3402 elapsed=7.8m
iter 392/1220 steps=1605632 episodes=4616 score50=40.66 eps=0.010 loss=0.00130 q=1.159 trunc=0 sps=3402 elapsed=7.9m
iter 393/1220 steps=1609728 episodes=4622 score50=40.02 eps=0.010 loss=0.01106 q=1.129 trunc=0 sps=3403 elapsed=7.9m
iter 394/1220 steps=1613824 episodes=4626 score50=39.16 eps=0.010 loss=0.00297 q=1.128 trunc=0 sps=3403 elapsed=7.9m
iter 395/1220 steps=1617920 episodes=4629 score50=39.44 eps=0.010 loss=0.00444 q=1.134 trunc=0 sps=3404 elapsed=7.9m
iter 396/1220 steps=1622016 episodes=4632 score50=38.48 eps=0.010 loss=0.00225 q=1.132 trunc=0 sps=3404 elapsed=7.9m
iter 397/1220 steps=1626112 episodes=4633 score50=38.86 eps=0.010 loss=0.00056 q=1.138 trunc=0 sps=3403 elapsed=8.0m
iter 398/1220 steps=1630208 episodes=4638 score50=37.54 eps=0.010 loss=0.00136 q=1.133 trunc=0 sps=3402 elapsed=8.0m
iter 399/1220 steps=1634304 episodes=4641 score50=37.84 eps=0.010 loss=0.00959 q=1.127 trunc=0 sps=3402 elapsed=8.0m
iter 400/1220 steps=1638400 episodes=4650 score50=38.58 eps=0.010 loss=0.00837 q=1.128 trunc=0 sps=3401 elapsed=8.0m
  [eval] iter=400 mean=46.40+-4.72 median=48.5 max=82 P(>=120)=0.00 entropy=1.63/2.20 wnorm=27.761 srank=106/256
iter 401/1220 steps=1642496 episodes=4654 score50=38.40 eps=0.010 loss=0.03602 q=1.137 trunc=0 sps=3297 elapsed=8.3m
iter 402/1220 steps=1646592 episodes=4665 score50=40.06 eps=0.010 loss=0.00196 q=1.141 trunc=0 sps=3296 elapsed=8.3m
iter 403/1220 steps=1650688 episodes=4671 score50=39.06 eps=0.010 loss=0.01237 q=1.145 trunc=0 sps=3296 elapsed=8.3m
iter 404/1220 steps=1654784 episodes=4674 score50=38.66 eps=0.010 loss=0.00219 q=1.166 trunc=0 sps=3297 elapsed=8.4m
iter 405/1220 steps=1658880 episodes=4679 score50=38.88 eps=0.010 loss=0.01254 q=1.161 trunc=0 sps=3297 elapsed=8.4m
iter 406/1220 steps=1662976 episodes=4683 score50=39.14 eps=0.010 loss=0.00507 q=1.167 trunc=0 sps=3298 elapsed=8.4m
iter 407/1220 steps=1667072 episodes=4689 score50=40.12 eps=0.010 loss=0.00470 q=1.152 trunc=0 sps=3297 elapsed=8.4m
iter 408/1220 steps=1671168 episodes=4699 score50=40.72 eps=0.010 loss=0.00161 q=1.143 trunc=0 sps=3297 elapsed=8.4m
iter 409/1220 steps=1675264 episodes=4704 score50=43.00 eps=0.010 loss=0.00212 q=1.170 trunc=0 sps=3298 elapsed=8.5m
iter 410/1220 steps=1679360 episodes=4710 score50=44.80 eps=0.010 loss=0.00862 q=1.138 trunc=0 sps=3297 elapsed=8.5m
iter 411/1220 steps=1683456 episodes=4714 score50=44.32 eps=0.010 loss=0.00297 q=1.169 trunc=0 sps=3297 elapsed=8.5m
iter 412/1220 steps=1687552 episodes=4717 score50=43.74 eps=0.010 loss=0.00291 q=1.167 trunc=0 sps=3297 elapsed=8.5m
iter 413/1220 steps=1691648 episodes=4721 score50=45.70 eps=0.010 loss=0.01228 q=1.162 trunc=0 sps=3297 elapsed=8.6m
iter 414/1220 steps=1695744 episodes=4727 score50=47.50 eps=0.010 loss=0.01395 q=1.164 trunc=0 sps=3298 elapsed=8.6m
iter 415/1220 steps=1699840 episodes=4740 score50=49.64 eps=0.010 loss=0.03709 q=1.131 trunc=0 sps=3298 elapsed=8.6m
iter 416/1220 steps=1703936 episodes=4752 score50=51.00 eps=0.010 loss=0.01145 q=1.103 trunc=0 sps=3298 elapsed=8.6m
iter 417/1220 steps=1708032 episodes=4755 score50=51.02 eps=0.010 loss=0.00352 q=1.151 trunc=0 sps=3299 elapsed=8.6m
iter 418/1220 steps=1712128 episodes=4761 score50=50.08 eps=0.010 loss=0.02650 q=1.145 trunc=0 sps=3300 elapsed=8.6m
iter 419/1220 steps=1716224 episodes=4763 score50=49.72 eps=0.010 loss=0.00090 q=1.171 trunc=0 sps=3301 elapsed=8.7m
iter 420/1220 steps=1720320 episodes=4772 score50=47.26 eps=0.010 loss=0.01292 q=1.137 trunc=0 sps=3301 elapsed=8.7m
iter 421/1220 steps=1724416 episodes=4782 score50=45.04 eps=0.010 loss=0.01586 q=1.168 trunc=0 sps=3302 elapsed=8.7m
iter 422/1220 steps=1728512 episodes=4790 score50=46.72 eps=0.010 loss=0.03581 q=1.181 trunc=0 sps=3303 elapsed=8.7m
iter 423/1220 steps=1732608 episodes=4796 score50=45.24 eps=0.010 loss=0.00845 q=1.180 trunc=0 sps=3303 elapsed=8.7m
iter 424/1220 steps=1736704 episodes=4800 score50=43.42 eps=0.010 loss=0.00048 q=1.184 trunc=0 sps=3304 elapsed=8.8m
iter 425/1220 steps=1740800 episodes=4806 score50=42.74 eps=0.010 loss=0.00106 q=1.167 trunc=0 sps=3304 elapsed=8.8m
iter 426/1220 steps=1744896 episodes=4812 score50=42.52 eps=0.010 loss=0.00845 q=1.176 trunc=0 sps=3305 elapsed=8.8m
iter 427/1220 steps=1748992 episodes=4826 score50=43.08 eps=0.010 loss=0.00949 q=1.171 trunc=0 sps=3306 elapsed=8.8m
iter 428/1220 steps=1753088 episodes=4836 score50=39.16 eps=0.010 loss=0.03984 q=1.176 trunc=0 sps=3307 elapsed=8.8m
iter 429/1220 steps=1757184 episodes=4840 score50=38.64 eps=0.010 loss=0.00118 q=1.177 trunc=0 sps=3308 elapsed=8.9m
iter 430/1220 steps=1761280 episodes=4840 score50=38.64 eps=0.010 loss=0.00027 q=1.169 trunc=0 sps=3308 elapsed=8.9m
iter 431/1220 steps=1765376 episodes=4848 score50=38.74 eps=0.010 loss=0.00296 q=1.154 trunc=0 sps=3308 elapsed=8.9m
iter 432/1220 steps=1769472 episodes=4850 score50=38.88 eps=0.010 loss=0.00176 q=1.154 trunc=0 sps=3309 elapsed=8.9m
iter 433/1220 steps=1773568 episodes=4854 score50=38.70 eps=0.010 loss=0.00092 q=1.132 trunc=0 sps=3310 elapsed=8.9m
iter 434/1220 steps=1777664 episodes=4859 score50=40.32 eps=0.010 loss=0.00110 q=1.154 trunc=0 sps=3310 elapsed=9.0m
iter 435/1220 steps=1781760 episodes=4862 score50=39.56 eps=0.010 loss=0.00048 q=1.159 trunc=0 sps=3311 elapsed=9.0m
iter 436/1220 steps=1785856 episodes=4869 score50=39.60 eps=0.010 loss=0.00658 q=1.144 trunc=0 sps=3310 elapsed=9.0m
iter 437/1220 steps=1789952 episodes=4875 score50=40.34 eps=0.010 loss=0.00836 q=1.139 trunc=0 sps=3310 elapsed=9.0m
iter 438/1220 steps=1794048 episodes=4880 score50=42.44 eps=0.010 loss=0.00460 q=1.170 trunc=0 sps=3310 elapsed=9.0m
iter 439/1220 steps=1798144 episodes=4883 score50=43.22 eps=0.010 loss=0.00192 q=1.157 trunc=0 sps=3311 elapsed=9.1m
iter 440/1220 steps=1802240 episodes=4892 score50=46.96 eps=0.010 loss=0.00953 q=1.135 trunc=0 sps=3311 elapsed=9.1m
iter 441/1220 steps=1806336 episodes=4897 score50=46.70 eps=0.010 loss=0.01117 q=1.144 trunc=0 sps=3312 elapsed=9.1m
iter 442/1220 steps=1810432 episodes=4907 score50=44.66 eps=0.010 loss=0.02256 q=1.152 trunc=0 sps=3312 elapsed=9.1m
iter 443/1220 steps=1814528 episodes=4922 score50=40.48 eps=0.010 loss=0.02581 q=1.141 trunc=0 sps=3312 elapsed=9.1m
iter 444/1220 steps=1818624 episodes=4932 score50=39.42 eps=0.010 loss=0.00528 q=1.172 trunc=0 sps=3312 elapsed=9.2m
iter 445/1220 steps=1822720 episodes=4940 score50=39.40 eps=0.010 loss=0.01165 q=1.191 trunc=0 sps=3311 elapsed=9.2m
iter 446/1220 steps=1826816 episodes=4946 score50=38.46 eps=0.010 loss=0.00320 q=1.184 trunc=0 sps=3311 elapsed=9.2m
iter 447/1220 steps=1830912 episodes=4949 score50=37.86 eps=0.010 loss=0.00278 q=1.199 trunc=0 sps=3312 elapsed=9.2m
iter 448/1220 steps=1835008 episodes=4957 score50=38.18 eps=0.010 loss=0.00645 q=1.205 trunc=0 sps=3312 elapsed=9.2m
iter 449/1220 steps=1839104 episodes=4964 score50=38.12 eps=0.010 loss=0.00107 q=1.194 trunc=0 sps=3312 elapsed=9.3m
iter 450/1220 steps=1843200 episodes=4968 score50=40.82 eps=0.010 loss=0.00347 q=1.200 trunc=0 sps=3313 elapsed=9.3m
iter 451/1220 steps=1847296 episodes=4972 score50=43.62 eps=0.010 loss=0.00120 q=1.207 trunc=0 sps=3313 elapsed=9.3m
iter 452/1220 steps=1851392 episodes=4982 score50=43.46 eps=0.010 loss=0.03239 q=1.175 trunc=0 sps=3313 elapsed=9.3m
iter 453/1220 steps=1855488 episodes=4985 score50=44.60 eps=0.010 loss=0.00192 q=1.185 trunc=0 sps=3313 elapsed=9.3m
iter 454/1220 steps=1859584 episodes=4988 score50=43.50 eps=0.010 loss=0.03452 q=1.174 trunc=0 sps=3314 elapsed=9.4m
iter 455/1220 steps=1863680 episodes=4990 score50=42.66 eps=0.010 loss=0.00113 q=1.162 trunc=0 sps=3314 elapsed=9.4m
iter 456/1220 steps=1867776 episodes=4994 score50=44.84 eps=0.010 loss=0.00289 q=1.166 trunc=0 sps=3315 elapsed=9.4m
iter 457/1220 steps=1871872 episodes=4998 score50=43.70 eps=0.010 loss=0.00064 q=1.151 trunc=0 sps=3315 elapsed=9.4m
iter 458/1220 steps=1875968 episodes=4999 score50=44.18 eps=0.010 loss=0.00183 q=1.143 trunc=0 sps=3314 elapsed=9.4m
iter 459/1220 steps=1880064 episodes=5001 score50=45.18 eps=0.010 loss=0.00143 q=1.150 trunc=0 sps=3314 elapsed=9.5m
iter 460/1220 steps=1884160 episodes=5002 score50=45.40 eps=0.010 loss=0.00023 q=1.148 trunc=0 sps=3314 elapsed=9.5m
iter 461/1220 steps=1888256 episodes=5006 score50=47.24 eps=0.010 loss=0.00405 q=1.130 trunc=0 sps=3313 elapsed=9.5m
iter 462/1220 steps=1892352 episodes=5007 score50=46.96 eps=0.010 loss=0.00049 q=1.140 trunc=0 sps=3313 elapsed=9.5m
iter 463/1220 steps=1896448 episodes=5008 score50=46.88 eps=0.010 loss=0.00015 q=1.133 trunc=0 sps=3313 elapsed=9.5m
iter 464/1220 steps=1900544 episodes=5013 score50=47.98 eps=0.010 loss=0.00102 q=1.123 trunc=0 sps=3312 elapsed=9.6m
iter 465/1220 steps=1904640 episodes=5017 score50=48.46 eps=0.010 loss=0.00183 q=1.120 trunc=0 sps=3311 elapsed=9.6m
iter 466/1220 steps=1908736 episodes=5021 score50=47.70 eps=0.010 loss=0.00279 q=1.106 trunc=0 sps=3311 elapsed=9.6m
iter 467/1220 steps=1912832 episodes=5031 score50=50.66 eps=0.010 loss=0.00743 q=1.098 trunc=0 sps=3310 elapsed=9.6m
iter 468/1220 steps=1916928 episodes=5057 score50=51.40 eps=0.010 loss=0.01061 q=1.084 trunc=0 sps=3310 elapsed=9.7m
iter 469/1220 steps=1921024 episodes=5072 score50=51.28 eps=0.010 loss=0.01606 q=1.108 trunc=0 sps=3310 elapsed=9.7m
iter 470/1220 steps=1925120 episodes=5094 score50=45.06 eps=0.010 loss=0.03072 q=1.183 trunc=0 sps=3310 elapsed=9.7m
iter 471/1220 steps=1929216 episodes=5106 score50=45.00 eps=0.010 loss=0.01588 q=1.262 trunc=0 sps=3311 elapsed=9.7m
iter 472/1220 steps=1933312 episodes=5116 score50=42.14 eps=0.010 loss=0.02014 q=1.241 trunc=0 sps=3313 elapsed=9.7m
iter 473/1220 steps=1937408 episodes=5128 score50=37.38 eps=0.010 loss=0.03744 q=1.207 trunc=0 sps=3313 elapsed=9.7m
iter 474/1220 steps=1941504 episodes=5139 score50=34.00 eps=0.010 loss=0.02288 q=1.204 trunc=0 sps=3314 elapsed=9.8m
iter 475/1220 steps=1945600 episodes=5146 score50=33.52 eps=0.010 loss=0.01281 q=1.222 trunc=0 sps=3314 elapsed=9.8m
iter 476/1220 steps=1949696 episodes=5151 score50=30.50 eps=0.010 loss=0.00794 q=1.235 trunc=0 sps=3315 elapsed=9.8m
iter 477/1220 steps=1953792 episodes=5156 score50=29.86 eps=0.010 loss=0.02321 q=1.236 trunc=0 sps=3315 elapsed=9.8m
iter 478/1220 steps=1957888 episodes=5162 score50=27.68 eps=0.010 loss=0.00118 q=1.238 trunc=0 sps=3316 elapsed=9.8m
iter 479/1220 steps=1961984 episodes=5166 score50=26.64 eps=0.010 loss=0.00159 q=1.231 trunc=0 sps=3316 elapsed=9.9m
iter 480/1220 steps=1966080 episodes=5171 score50=26.14 eps=0.010 loss=0.00582 q=1.225 trunc=0 sps=3317 elapsed=9.9m
iter 481/1220 steps=1970176 episodes=5177 score50=27.78 eps=0.010 loss=0.00192 q=1.219 trunc=0 sps=3318 elapsed=9.9m
iter 482/1220 steps=1974272 episodes=5179 score50=29.28 eps=0.010 loss=0.00109 q=1.221 trunc=0 sps=3318 elapsed=9.9m
iter 483/1220 steps=1978368 episodes=5181 score50=28.54 eps=0.010 loss=0.00065 q=1.204 trunc=0 sps=3319 elapsed=9.9m
iter 484/1220 steps=1982464 episodes=5188 score50=32.64 eps=0.010 loss=0.00338 q=1.207 trunc=0 sps=3319 elapsed=10.0m
iter 485/1220 steps=1986560 episodes=5191 score50=31.86 eps=0.010 loss=0.00434 q=1.215 trunc=0 sps=3319 elapsed=10.0m
iter 486/1220 steps=1990656 episodes=5199 score50=34.22 eps=0.010 loss=0.00510 q=1.184 trunc=0 sps=3320 elapsed=10.0m
iter 487/1220 steps=1994752 episodes=5201 score50=35.20 eps=0.010 loss=0.01495 q=1.199 trunc=0 sps=3320 elapsed=10.0m
iter 488/1220 steps=1998848 episodes=5202 score50=34.46 eps=0.010 loss=0.00077 q=1.200 trunc=0 sps=3320 elapsed=10.0m
iter 489/1220 steps=2002944 episodes=5206 score50=33.74 eps=0.010 loss=0.03607 q=1.209 trunc=0 sps=3319 elapsed=10.1m
iter 490/1220 steps=2007040 episodes=5211 score50=37.82 eps=0.010 loss=0.00178 q=1.196 trunc=0 sps=3319 elapsed=10.1m
iter 491/1220 steps=2011136 episodes=5214 score50=39.26 eps=0.010 loss=0.00074 q=1.201 trunc=0 sps=3319 elapsed=10.1m
iter 492/1220 steps=2015232 episodes=5218 score50=39.28 eps=0.010 loss=0.02073 q=1.195 trunc=0 sps=3319 elapsed=10.1m
iter 493/1220 steps=2019328 episodes=5222 score50=40.60 eps=0.010 loss=0.01696 q=1.201 trunc=0 sps=3319 elapsed=10.1m
iter 494/1220 steps=2023424 episodes=5225 score50=42.06 eps=0.010 loss=0.00662 q=1.205 trunc=0 sps=3319 elapsed=10.2m
iter 495/1220 steps=2027520 episodes=5233 score50=41.64 eps=0.010 loss=0.00479 q=1.188 trunc=0 sps=3318 elapsed=10.2m
iter 496/1220 steps=2031616 episodes=5238 score50=43.00 eps=0.010 loss=0.00213 q=1.187 trunc=0 sps=3318 elapsed=10.2m
iter 497/1220 steps=2035712 episodes=5245 score50=44.96 eps=0.010 loss=0.00377 q=1.181 trunc=0 sps=3318 elapsed=10.2m
iter 498/1220 steps=2039808 episodes=5253 score50=46.14 eps=0.010 loss=0.00460 q=1.183 trunc=0 sps=3317 elapsed=10.2m
iter 499/1220 steps=2043904 episodes=5262 score50=46.32 eps=0.010 loss=0.02049 q=1.172 trunc=0 sps=3317 elapsed=10.3m
iter 500/1220 steps=2048000 episodes=5271 score50=49.70 eps=0.010 loss=0.00709 q=1.160 trunc=0 sps=3315 elapsed=10.3m
  [eval] iter=500 mean=34.45+-2.92 median=35.0 max=57 P(>=120)=0.00 entropy=1.11/2.20 wnorm=28.303 srank=84/256
iter 501/1220 steps=2052096 episodes=5283 score50=50.36 eps=0.010 loss=0.01126 q=1.184 trunc=0 sps=3255 elapsed=10.5m
iter 502/1220 steps=2056192 episodes=5294 score50=48.94 eps=0.010 loss=0.01799 q=1.201 trunc=0 sps=3255 elapsed=10.5m
iter 503/1220 steps=2060288 episodes=5302 score50=50.36 eps=0.010 loss=0.00135 q=1.249 trunc=0 sps=3255 elapsed=10.5m
iter 504/1220 steps=2064384 episodes=5304 score50=50.96 eps=0.010 loss=0.00049 q=1.260 trunc=0 sps=3256 elapsed=10.6m
iter 505/1220 steps=2068480 episodes=5311 score50=52.96 eps=0.010 loss=0.00513 q=1.245 trunc=0 sps=3256 elapsed=10.6m
iter 506/1220 steps=2072576 episodes=5315 score50=50.62 eps=0.010 loss=0.00820 q=1.252 trunc=0 sps=3257 elapsed=10.6m
iter 507/1220 steps=2076672 episodes=5321 score50=49.52 eps=0.010 loss=0.00266 q=1.261 trunc=0 sps=3257 elapsed=10.6m
iter 508/1220 steps=2080768 episodes=5327 score50=49.82 eps=0.010 loss=0.00215 q=1.252 trunc=0 sps=3258 elapsed=10.6m
iter 509/1220 steps=2084864 episodes=5334 score50=50.40 eps=0.010 loss=0.02192 q=1.265 trunc=0 sps=3258 elapsed=10.7m
iter 510/1220 steps=2088960 episodes=5342 score50=48.34 eps=0.010 loss=0.01864 q=1.258 trunc=0 sps=3259 elapsed=10.7m
iter 511/1220 steps=2093056 episodes=5347 score50=49.36 eps=0.010 loss=0.01246 q=1.289 trunc=0 sps=3260 elapsed=10.7m
iter 512/1220 steps=2097152 episodes=5349 score50=48.32 eps=0.010 loss=0.00062 q=1.286 trunc=0 sps=3261 elapsed=10.7m
iter 513/1220 steps=2101248 episodes=5351 score50=48.62 eps=0.010 loss=0.00409 q=1.261 trunc=0 sps=3261 elapsed=10.7m
iter 514/1220 steps=2105344 episodes=5358 score50=45.56 eps=0.010 loss=0.00155 q=1.251 trunc=0 sps=3261 elapsed=10.8m
iter 515/1220 steps=2109440 episodes=5365 score50=44.58 eps=0.010 loss=0.00093 q=1.249 trunc=0 sps=3262 elapsed=10.8m
iter 516/1220 steps=2113536 episodes=5371 score50=43.22 eps=0.010 loss=0.00111 q=1.271 trunc=0 sps=3263 elapsed=10.8m
iter 517/1220 steps=2117632 episodes=5374 score50=42.70 eps=0.010 loss=0.00279 q=1.263 trunc=0 sps=3263 elapsed=10.8m
iter 518/1220 steps=2121728 episodes=5380 score50=41.86 eps=0.010 loss=0.00170 q=1.270 trunc=0 sps=3263 elapsed=10.8m
iter 519/1220 steps=2125824 episodes=5383 score50=41.16 eps=0.010 loss=0.00696 q=1.230 trunc=0 sps=3264 elapsed=10.9m
iter 520/1220 steps=2129920 episodes=5387 score50=39.58 eps=0.010 loss=0.00166 q=1.233 trunc=0 sps=3264 elapsed=10.9m
iter 521/1220 steps=2134016 episodes=5390 score50=42.28 eps=0.010 loss=0.00070 q=1.239 trunc=0 sps=3264 elapsed=10.9m
iter 522/1220 steps=2138112 episodes=5393 score50=43.66 eps=0.010 loss=0.00976 q=1.226 trunc=0 sps=3264 elapsed=10.9m
iter 523/1220 steps=2142208 episodes=5406 score50=43.68 eps=0.010 loss=0.00608 q=1.211 trunc=0 sps=3264 elapsed=10.9m
iter 524/1220 steps=2146304 episodes=5409 score50=43.86 eps=0.010 loss=0.00152 q=1.235 trunc=0 sps=3264 elapsed=11.0m
iter 525/1220 steps=2150400 episodes=5413 score50=45.20 eps=0.010 loss=0.01165 q=1.238 trunc=0 sps=3265 elapsed=11.0m
iter 526/1220 steps=2154496 episodes=5418 score50=46.72 eps=0.010 loss=0.00133 q=1.203 trunc=0 sps=3265 elapsed=11.0m
iter 527/1220 steps=2158592 episodes=5468 score50=29.34 eps=0.010 loss=0.11402 q=1.097 trunc=0 sps=3265 elapsed=11.0m
iter 528/1220 steps=2162688 episodes=5480 score50=33.24 eps=0.010 loss=0.01066 q=1.174 trunc=0 sps=3266 elapsed=11.0m
iter 529/1220 steps=2166784 episodes=5484 score50=35.64 eps=0.010 loss=0.01738 q=1.196 trunc=0 sps=3267 elapsed=11.1m
iter 530/1220 steps=2170880 episodes=5486 score50=36.54 eps=0.010 loss=0.00022 q=1.231 trunc=0 sps=3268 elapsed=11.1m
iter 531/1220 steps=2174976 episodes=5488 score50=36.40 eps=0.010 loss=0.01568 q=1.231 trunc=0 sps=3269 elapsed=11.1m
iter 532/1220 steps=2179072 episodes=5491 score50=35.92 eps=0.010 loss=0.00144 q=1.216 trunc=0 sps=3269 elapsed=11.1m
iter 533/1220 steps=2183168 episodes=5492 score50=37.28 eps=0.010 loss=0.00088 q=1.214 trunc=0 sps=3270 elapsed=11.1m
iter 534/1220 steps=2187264 episodes=5498 score50=40.34 eps=0.010 loss=0.00557 q=1.208 trunc=0 sps=3270 elapsed=11.1m
iter 535/1220 steps=2191360 episodes=5503 score50=42.10 eps=0.010 loss=0.00780 q=1.199 trunc=0 sps=3271 elapsed=11.2m
iter 536/1220 steps=2195456 episodes=5506 score50=42.96 eps=0.010 loss=0.00659 q=1.209 trunc=0 sps=3271 elapsed=11.2m
iter 537/1220 steps=2199552 episodes=5513 score50=45.40 eps=0.010 loss=0.01342 q=1.232 trunc=0 sps=3272 elapsed=11.2m
iter 538/1220 steps=2203648 episodes=5517 score50=46.02 eps=0.010 loss=0.00450 q=1.215 trunc=0 sps=3272 elapsed=11.2m
iter 539/1220 steps=2207744 episodes=5520 score50=47.26 eps=0.010 loss=0.00184 q=1.237 trunc=0 sps=3271 elapsed=11.2m
iter 540/1220 steps=2211840 episodes=5526 score50=47.52 eps=0.010 loss=0.00175 q=1.214 trunc=0 sps=3271 elapsed=11.3m
iter 541/1220 steps=2215936 episodes=5530 score50=46.22 eps=0.010 loss=0.00117 q=1.240 trunc=0 sps=3272 elapsed=11.3m
iter 542/1220 steps=2220032 episodes=5534 score50=45.78 eps=0.010 loss=0.00084 q=1.239 trunc=0 sps=3272 elapsed=11.3m
iter 543/1220 steps=2224128 episodes=5538 score50=47.60 eps=0.010 loss=0.00079 q=1.229 trunc=0 sps=3272 elapsed=11.3m
iter 544/1220 steps=2228224 episodes=5545 score50=45.00 eps=0.010 loss=0.00454 q=1.230 trunc=0 sps=3271 elapsed=11.4m
iter 545/1220 steps=2232320 episodes=5552 score50=47.18 eps=0.010 loss=0.00080 q=1.241 trunc=0 sps=3271 elapsed=11.4m
iter 546/1220 steps=2236416 episodes=5557 score50=44.70 eps=0.010 loss=0.00153 q=1.218 trunc=0 sps=3270 elapsed=11.4m
iter 547/1220 steps=2240512 episodes=5560 score50=45.42 eps=0.010 loss=0.00300 q=1.202 trunc=0 sps=3271 elapsed=11.4m
iter 548/1220 steps=2244608 episodes=5564 score50=44.04 eps=0.010 loss=0.00168 q=1.202 trunc=0 sps=3271 elapsed=11.4m
iter 549/1220 steps=2248704 episodes=5573 score50=45.26 eps=0.010 loss=0.02348 q=1.204 trunc=0 sps=3271 elapsed=11.5m
iter 550/1220 steps=2252800 episodes=5583 score50=43.72 eps=0.010 loss=0.00180 q=1.245 trunc=0 sps=3270 elapsed=11.5m
iter 551/1220 steps=2256896 episodes=5584 score50=43.40 eps=0.010 loss=0.00121 q=1.236 trunc=0 sps=3270 elapsed=11.5m
iter 552/1220 steps=2260992 episodes=5586 score50=44.78 eps=0.010 loss=0.00039 q=1.221 trunc=0 sps=3270 elapsed=11.5m
iter 553/1220 steps=2265088 episodes=5590 score50=44.90 eps=0.010 loss=0.00277 q=1.197 trunc=0 sps=3270 elapsed=11.5m
iter 554/1220 steps=2269184 episodes=5591 score50=44.80 eps=0.010 loss=0.00062 q=1.217 trunc=0 sps=3269 elapsed=11.6m
iter 555/1220 steps=2273280 episodes=5594 score50=46.78 eps=0.010 loss=0.00037 q=1.225 trunc=0 sps=3269 elapsed=11.6m
iter 556/1220 steps=2277376 episodes=5597 score50=48.08 eps=0.010 loss=0.01655 q=1.214 trunc=0 sps=3269 elapsed=11.6m
iter 557/1220 steps=2281472 episodes=5600 score50=48.34 eps=0.010 loss=0.00062 q=1.226 trunc=0 sps=3268 elapsed=11.6m
iter 558/1220 steps=2285568 episodes=5611 score50=52.68 eps=0.010 loss=0.00388 q=1.211 trunc=0 sps=3267 elapsed=11.7m
iter 559/1220 steps=2289664 episodes=5617 score50=53.54 eps=0.010 loss=0.00290 q=1.199 trunc=0 sps=3267 elapsed=11.7m
iter 560/1220 steps=2293760 episodes=5627 score50=57.02 eps=0.010 loss=0.02202 q=1.221 trunc=0 sps=3267 elapsed=11.7m
iter 561/1220 steps=2297856 episodes=5629 score50=56.98 eps=0.010 loss=0.00093 q=1.275 trunc=0 sps=3267 elapsed=11.7m
iter 562/1220 steps=2301952 episodes=5636 score50=57.56 eps=0.010 loss=0.00165 q=1.256 trunc=0 sps=3266 elapsed=11.7m
iter 563/1220 steps=2306048 episodes=5645 score50=58.20 eps=0.010 loss=0.00200 q=1.243 trunc=0 sps=3266 elapsed=11.8m
iter 564/1220 steps=2310144 episodes=5649 score50=58.22 eps=0.010 loss=0.00126 q=1.247 trunc=0 sps=3266 elapsed=11.8m
iter 565/1220 steps=2314240 episodes=5652 score50=57.62 eps=0.010 loss=0.00064 q=1.265 trunc=0 sps=3266 elapsed=11.8m
iter 566/1220 steps=2318336 episodes=5660 score50=54.72 eps=0.010 loss=0.01211 q=1.299 trunc=0 sps=3266 elapsed=11.8m
iter 567/1220 steps=2322432 episodes=5662 score50=53.68 eps=0.010 loss=0.00087 q=1.318 trunc=0 sps=3266 elapsed=11.9m
iter 568/1220 steps=2326528 episodes=5666 score50=52.90 eps=0.010 loss=0.00036 q=1.300 trunc=0 sps=3266 elapsed=11.9m
iter 569/1220 steps=2330624 episodes=5672 score50=52.96 eps=0.010 loss=0.01705 q=1.294 trunc=0 sps=3266 elapsed=11.9m
iter 570/1220 steps=2334720 episodes=5677 score50=51.16 eps=0.010 loss=0.00443 q=1.284 trunc=0 sps=3266 elapsed=11.9m
iter 571/1220 steps=2338816 episodes=5679 score50=52.32 eps=0.010 loss=0.03615 q=1.267 trunc=0 sps=3266 elapsed=11.9m
iter 572/1220 steps=2342912 episodes=5688 score50=50.36 eps=0.010 loss=0.00447 q=1.274 trunc=0 sps=3266 elapsed=12.0m
iter 573/1220 steps=2347008 episodes=5698 score50=51.18 eps=0.010 loss=0.02012 q=1.219 trunc=0 sps=3266 elapsed=12.0m
iter 574/1220 steps=2351104 episodes=5703 score50=49.82 eps=0.010 loss=0.00147 q=1.224 trunc=0 sps=3265 elapsed=12.0m
iter 575/1220 steps=2355200 episodes=5718 score50=48.86 eps=0.010 loss=0.00320 q=1.249 trunc=0 sps=3266 elapsed=12.0m
iter 576/1220 steps=2359296 episodes=5732 score50=47.12 eps=0.010 loss=0.00985 q=1.246 trunc=0 sps=3266 elapsed=12.0m
iter 577/1220 steps=2363392 episodes=5737 score50=46.80 eps=0.010 loss=0.00331 q=1.274 trunc=0 sps=3266 elapsed=12.1m
iter 578/1220 steps=2367488 episodes=5743 score50=47.00 eps=0.010 loss=0.00243 q=1.282 trunc=0 sps=3266 elapsed=12.1m
iter 579/1220 steps=2371584 episodes=5751 score50=46.18 eps=0.010 loss=0.00125 q=1.307 trunc=0 sps=3267 elapsed=12.1m
iter 580/1220 steps=2375680 episodes=5756 score50=48.36 eps=0.010 loss=0.00097 q=1.291 trunc=0 sps=3267 elapsed=12.1m
iter 581/1220 steps=2379776 episodes=5758 score50=48.20 eps=0.010 loss=0.00208 q=1.266 trunc=0 sps=3268 elapsed=12.1m
iter 582/1220 steps=2383872 episodes=5759 score50=47.84 eps=0.010 loss=0.00054 q=1.274 trunc=0 sps=3268 elapsed=12.2m
iter 583/1220 steps=2387968 episodes=5763 score50=48.20 eps=0.010 loss=0.00065 q=1.261 trunc=0 sps=3269 elapsed=12.2m
iter 584/1220 steps=2392064 episodes=5766 score50=49.16 eps=0.010 loss=0.00044 q=1.265 trunc=0 sps=3269 elapsed=12.2m
iter 585/1220 steps=2396160 episodes=5769 score50=51.00 eps=0.010 loss=0.00256 q=1.255 trunc=0 sps=3269 elapsed=12.2m
iter 586/1220 steps=2400256 episodes=5771 score50=50.50 eps=0.010 loss=0.00086 q=1.244 trunc=0 sps=3269 elapsed=12.2m
iter 587/1220 steps=2404352 episodes=5777 score50=49.90 eps=0.010 loss=0.05037 q=1.235 trunc=0 sps=3269 elapsed=12.3m
iter 588/1220 steps=2408448 episodes=5780 score50=50.36 eps=0.010 loss=0.00572 q=1.202 trunc=0 sps=3269 elapsed=12.3m
iter 589/1220 steps=2412544 episodes=5786 score50=49.48 eps=0.010 loss=0.00478 q=1.197 trunc=0 sps=3269 elapsed=12.3m
iter 590/1220 steps=2416640 episodes=5789 score50=49.44 eps=0.010 loss=0.00071 q=1.183 trunc=0 sps=3269 elapsed=12.3m
iter 591/1220 steps=2420736 episodes=5795 score50=47.00 eps=0.010 loss=0.00108 q=1.206 trunc=0 sps=3268 elapsed=12.3m
iter 592/1220 steps=2424832 episodes=5798 score50=47.26 eps=0.010 loss=0.00575 q=1.204 trunc=0 sps=3268 elapsed=12.4m
iter 593/1220 steps=2428928 episodes=5798 score50=47.26 eps=0.010 loss=0.00028 q=1.235 trunc=0 sps=3268 elapsed=12.4m
iter 594/1220 steps=2433024 episodes=5803 score50=45.74 eps=0.010 loss=0.00057 q=1.226 trunc=0 sps=3268 elapsed=12.4m
iter 595/1220 steps=2437120 episodes=5807 score50=45.56 eps=0.010 loss=0.00079 q=1.211 trunc=0 sps=3267 elapsed=12.4m
iter 596/1220 steps=2441216 episodes=5812 score50=46.94 eps=0.010 loss=0.00216 q=1.199 trunc=0 sps=3267 elapsed=12.5m
iter 597/1220 steps=2445312 episodes=5816 score50=46.70 eps=0.010 loss=0.00210 q=1.195 trunc=0 sps=3266 elapsed=12.5m
iter 598/1220 steps=2449408 episodes=5819 score50=46.70 eps=0.010 loss=0.00243 q=1.183 trunc=0 sps=3265 elapsed=12.5m
iter 599/1220 steps=2453504 episodes=5821 score50=47.10 eps=0.010 loss=0.00110 q=1.170 trunc=0 sps=3265 elapsed=12.5m
iter 600/1220 steps=2457600 episodes=5828 score50=50.06 eps=0.010 loss=0.00511 q=1.190 trunc=0 sps=3264 elapsed=12.5m
  [eval] iter=600 mean=32.15+-1.96 median=29.0 max=50 P(>=120)=0.00 entropy=1.44/2.20 wnorm=28.774 srank=62/256
iter 601/1220 steps=2461696 episodes=5832 score50=49.54 eps=0.010 loss=0.00322 q=1.158 trunc=0 sps=3219 elapsed=12.7m
iter 602/1220 steps=2465792 episodes=5842 score50=54.02 eps=0.010 loss=0.04299 q=1.201 trunc=0 sps=3219 elapsed=12.8m
iter 603/1220 steps=2469888 episodes=5853 score50=51.96 eps=0.010 loss=0.01218 q=1.187 trunc=0 sps=3218 elapsed=12.8m
iter 604/1220 steps=2473984 episodes=5864 score50=54.02 eps=0.010 loss=0.01090 q=1.193 trunc=0 sps=3218 elapsed=12.8m
iter 605/1220 steps=2478080 episodes=5874 score50=51.08 eps=0.010 loss=0.00238 q=1.219 trunc=0 sps=3218 elapsed=12.8m
iter 606/1220 steps=2482176 episodes=5883 score50=49.30 eps=0.010 loss=0.00450 q=1.215 trunc=0 sps=3218 elapsed=12.9m
iter 607/1220 steps=2486272 episodes=5886 score50=50.04 eps=0.010 loss=0.00123 q=1.259 trunc=0 sps=3218 elapsed=12.9m
iter 608/1220 steps=2490368 episodes=5888 score50=48.80 eps=0.010 loss=0.00056 q=1.271 trunc=0 sps=3218 elapsed=12.9m
iter 609/1220 steps=2494464 episodes=5896 score50=50.78 eps=0.010 loss=0.01698 q=1.239 trunc=0 sps=3218 elapsed=12.9m
iter 610/1220 steps=2498560 episodes=5899 score50=52.64 eps=0.010 loss=0.00592 q=1.240 trunc=0 sps=3218 elapsed=12.9m
iter 611/1220 steps=2502656 episodes=5905 score50=55.72 eps=0.010 loss=0.00257 q=1.269 trunc=0 sps=3218 elapsed=13.0m
iter 612/1220 steps=2506752 episodes=5906 score50=55.62 eps=0.010 loss=0.00867 q=1.265 trunc=0 sps=3218 elapsed=13.0m
iter 613/1220 steps=2510848 episodes=5909 score50=55.04 eps=0.010 loss=0.00133 q=1.280 trunc=0 sps=3219 elapsed=13.0m
iter 614/1220 steps=2514944 episodes=5914 score50=54.12 eps=0.010 loss=0.00136 q=1.285 trunc=0 sps=3219 elapsed=13.0m
iter 615/1220 steps=2519040 episodes=5920 score50=53.00 eps=0.010 loss=0.02168 q=1.254 trunc=0 sps=3219 elapsed=13.0m
iter 616/1220 steps=2523136 episodes=5927 score50=54.92 eps=0.010 loss=0.00405 q=1.226 trunc=0 sps=3219 elapsed=13.1m
iter 617/1220 steps=2527232 episodes=5944 score50=53.96 eps=0.010 loss=0.00811 q=1.202 trunc=0 sps=3219 elapsed=13.1m
iter 618/1220 steps=2531328 episodes=5949 score50=52.60 eps=0.010 loss=0.00453 q=1.217 trunc=0 sps=3220 elapsed=13.1m
iter 619/1220 steps=2535424 episodes=5952 score50=53.76 eps=0.010 loss=0.00057 q=1.250 trunc=0 sps=3220 elapsed=13.1m
iter 620/1220 steps=2539520 episodes=5954 score50=51.88 eps=0.010 loss=0.00159 q=1.255 trunc=0 sps=3220 elapsed=13.1m
iter 621/1220 steps=2543616 episodes=5957 score50=49.10 eps=0.010 loss=0.00123 q=1.241 trunc=0 sps=3220 elapsed=13.2m
iter 622/1220 steps=2547712 episodes=5960 score50=49.76 eps=0.010 loss=0.00570 q=1.242 trunc=0 sps=3221 elapsed=13.2m
iter 623/1220 steps=2551808 episodes=5965 score50=52.60 eps=0.010 loss=0.00171 q=1.208 trunc=0 sps=3221 elapsed=13.2m
iter 624/1220 steps=2555904 episodes=5971 score50=52.14 eps=0.010 loss=0.02477 q=1.216 trunc=0 sps=3221 elapsed=13.2m
iter 625/1220 steps=2560000 episodes=5972 score50=52.48 eps=0.010 loss=0.00245 q=1.184 trunc=0 sps=3221 elapsed=13.2m
iter 626/1220 steps=2564096 episodes=5977 score50=50.98 eps=0.010 loss=0.00276 q=1.236 trunc=0 sps=3221 elapsed=13.3m
iter 627/1220 steps=2568192 episodes=5979 score50=51.14 eps=0.010 loss=0.00162 q=1.204 trunc=0 sps=3221 elapsed=13.3m
iter 628/1220 steps=2572288 episodes=5990 score50=52.60 eps=0.010 loss=0.00276 q=1.214 trunc=0 sps=3222 elapsed=13.3m
iter 629/1220 steps=2576384 episodes=5990 score50=52.60 eps=0.010 loss=0.00068 q=1.192 trunc=0 sps=3221 elapsed=13.3m
iter 630/1220 steps=2580480 episodes=5991 score50=51.22 eps=0.010 loss=0.00650 q=1.226 trunc=0 sps=3221 elapsed=13.4m
iter 631/1220 steps=2584576 episodes=5998 score50=47.72 eps=0.010 loss=0.01161 q=1.174 trunc=0 sps=3221 elapsed=13.4m
iter 632/1220 steps=2588672 episodes=6000 score50=48.04 eps=0.010 loss=0.01813 q=1.177 trunc=0 sps=3221 elapsed=13.4m
iter 633/1220 steps=2592768 episodes=6003 score50=47.42 eps=0.010 loss=0.00090 q=1.176 trunc=0 sps=3221 elapsed=13.4m
iter 634/1220 steps=2596864 episodes=6004 score50=47.96 eps=0.010 loss=0.00080 q=1.183 trunc=0 sps=3220 elapsed=13.4m
iter 635/1220 steps=2600960 episodes=6011 score50=50.26 eps=0.010 loss=0.01216 q=1.186 trunc=0 sps=3220 elapsed=13.5m
iter 636/1220 steps=2605056 episodes=6015 score50=50.18 eps=0.010 loss=0.00724 q=1.224 trunc=0 sps=3220 elapsed=13.5m
iter 637/1220 steps=2609152 episodes=6019 score50=49.94 eps=0.010 loss=0.00053 q=1.231 trunc=0 sps=3219 elapsed=13.5m
iter 638/1220 steps=2613248 episodes=6024 score50=49.10 eps=0.010 loss=0.00187 q=1.230 trunc=0 sps=3219 elapsed=13.5m
iter 639/1220 steps=2617344 episodes=6027 score50=48.30 eps=0.010 loss=0.00278 q=1.204 trunc=0 sps=3218 elapsed=13.6m
iter 640/1220 steps=2621440 episodes=6030 score50=49.76 eps=0.010 loss=0.00259 q=1.192 trunc=0 sps=3217 elapsed=13.6m
iter 641/1220 steps=2625536 episodes=6036 score50=50.34 eps=0.010 loss=0.00131 q=1.203 trunc=0 sps=3216 elapsed=13.6m
iter 642/1220 steps=2629632 episodes=6049 score50=54.98 eps=0.010 loss=0.00504 q=1.198 trunc=0 sps=3215 elapsed=13.6m
iter 643/1220 steps=2633728 episodes=6054 score50=56.14 eps=0.010 loss=0.00417 q=1.144 trunc=0 sps=3215 elapsed=13.7m
iter 644/1220 steps=2637824 episodes=6061 score50=57.88 eps=0.010 loss=0.03918 q=1.195 trunc=0 sps=3215 elapsed=13.7m
iter 645/1220 steps=2641920 episodes=6063 score50=57.24 eps=0.010 loss=0.00077 q=1.208 trunc=0 sps=3214 elapsed=13.7m
iter 646/1220 steps=2646016 episodes=6067 score50=58.78 eps=0.010 loss=0.00115 q=1.204 trunc=0 sps=3214 elapsed=13.7m
iter 647/1220 steps=2650112 episodes=6072 score50=60.48 eps=0.010 loss=0.00095 q=1.189 trunc=0 sps=3214 elapsed=13.7m
iter 648/1220 steps=2654208 episodes=6079 score50=61.18 eps=0.010 loss=0.00768 q=1.205 trunc=0 sps=3214 elapsed=13.8m
iter 649/1220 steps=2658304 episodes=6082 score50=59.42 eps=0.010 loss=0.00261 q=1.201 trunc=0 sps=3214 elapsed=13.8m
iter 650/1220 steps=2662400 episodes=6084 score50=60.64 eps=0.010 loss=0.00120 q=1.204 trunc=0 sps=3214 elapsed=13.8m
iter 651/1220 steps=2666496 episodes=6095 score50=59.32 eps=0.010 loss=0.01025 q=1.197 trunc=0 sps=3214 elapsed=13.8m
iter 652/1220 steps=2670592 episodes=6102 score50=61.54 eps=0.010 loss=0.00149 q=1.204 trunc=0 sps=3214 elapsed=13.8m
iter 653/1220 steps=2674688 episodes=6114 score50=57.68 eps=0.010 loss=0.03004 q=1.217 trunc=0 sps=3214 elapsed=13.9m
iter 654/1220 steps=2678784 episodes=6128 score50=57.58 eps=0.010 loss=0.02044 q=1.141 trunc=0 sps=3215 elapsed=13.9m
iter 655/1220 steps=2682880 episodes=6134 score50=59.10 eps=0.010 loss=0.00769 q=1.203 trunc=0 sps=3215 elapsed=13.9m
iter 656/1220 steps=2686976 episodes=6138 score50=59.94 eps=0.010 loss=0.00138 q=1.252 trunc=0 sps=3216 elapsed=13.9m
iter 657/1220 steps=2691072 episodes=6142 score50=59.30 eps=0.010 loss=0.00267 q=1.269 trunc=0 sps=3216 elapsed=13.9m
iter 658/1220 steps=2695168 episodes=6143 score50=60.26 eps=0.010 loss=0.00018 q=1.277 trunc=0 sps=3216 elapsed=14.0m
iter 659/1220 steps=2699264 episodes=6143 score50=60.26 eps=0.010 loss=0.00101 q=1.267 trunc=0 sps=3217 elapsed=14.0m
iter 660/1220 steps=2703360 episodes=6147 score50=57.62 eps=0.010 loss=0.00409 q=1.256 trunc=0 sps=3217 elapsed=14.0m
iter 661/1220 steps=2707456 episodes=6149 score50=56.44 eps=0.010 loss=0.00163 q=1.245 trunc=0 sps=3218 elapsed=14.0m
iter 662/1220 steps=2711552 episodes=6151 score50=56.38 eps=0.010 loss=0.01370 q=1.238 trunc=0 sps=3218 elapsed=14.0m
iter 663/1220 steps=2715648 episodes=6152 score50=56.32 eps=0.010 loss=0.00120 q=1.244 trunc=0 sps=3217 elapsed=14.1m
iter 664/1220 steps=2719744 episodes=6153 score50=57.54 eps=0.010 loss=0.00040 q=1.218 trunc=0 sps=3217 elapsed=14.1m
iter 665/1220 steps=2723840 episodes=6157 score50=56.92 eps=0.010 loss=0.00106 q=1.213 trunc=0 sps=3217 elapsed=14.1m
iter 666/1220 steps=2727936 episodes=6157 score50=56.92 eps=0.010 loss=0.00071 q=1.211 trunc=0 sps=3217 elapsed=14.1m
iter 667/1220 steps=2732032 episodes=6159 score50=56.36 eps=0.010 loss=0.00091 q=1.186 trunc=0 sps=3217 elapsed=14.2m
iter 668/1220 steps=2736128 episodes=6164 score50=56.62 eps=0.010 loss=0.02056 q=1.192 trunc=0 sps=3216 elapsed=14.2m
iter 669/1220 steps=2740224 episodes=6173 score50=55.18 eps=0.010 loss=0.02204 q=1.164 trunc=0 sps=3216 elapsed=14.2m
iter 670/1220 steps=2744320 episodes=6178 score50=54.96 eps=0.010 loss=0.00246 q=1.158 trunc=0 sps=3216 elapsed=14.2m
iter 671/1220 steps=2748416 episodes=6184 score50=54.02 eps=0.010 loss=0.04862 q=1.174 trunc=0 sps=3216 elapsed=14.2m
iter 672/1220 steps=2752512 episodes=6191 score50=53.18 eps=0.010 loss=0.00145 q=1.142 trunc=0 sps=3216 elapsed=14.3m
iter 673/1220 steps=2756608 episodes=6205 score50=51.06 eps=0.010 loss=0.00394 q=1.179 trunc=0 sps=3215 elapsed=14.3m
iter 674/1220 steps=2760704 episodes=6211 score50=51.16 eps=0.010 loss=0.00754 q=1.216 trunc=0 sps=3215 elapsed=14.3m
iter 675/1220 steps=2764800 episodes=6215 score50=52.46 eps=0.010 loss=0.00372 q=1.208 trunc=0 sps=3215 elapsed=14.3m
iter 676/1220 steps=2768896 episodes=6219 score50=54.86 eps=0.010 loss=0.00063 q=1.264 trunc=0 sps=3215 elapsed=14.4m
iter 677/1220 steps=2772992 episodes=6226 score50=56.04 eps=0.010 loss=0.00116 q=1.250 trunc=0 sps=3215 elapsed=14.4m
iter 678/1220 steps=2777088 episodes=6231 score50=56.72 eps=0.010 loss=0.00298 q=1.216 trunc=0 sps=3214 elapsed=14.4m
iter 679/1220 steps=2781184 episodes=6234 score50=55.74 eps=0.010 loss=0.00190 q=1.247 trunc=0 sps=3214 elapsed=14.4m
iter 680/1220 steps=2785280 episodes=6241 score50=56.02 eps=0.010 loss=0.00324 q=1.246 trunc=0 sps=3214 elapsed=14.4m
iter 681/1220 steps=2789376 episodes=6250 score50=55.26 eps=0.010 loss=0.00204 q=1.222 trunc=0 sps=3214 elapsed=14.5m
iter 682/1220 steps=2793472 episodes=6254 score50=55.50 eps=0.010 loss=0.00140 q=1.215 trunc=0 sps=3214 elapsed=14.5m
iter 683/1220 steps=2797568 episodes=6258 score50=54.86 eps=0.010 loss=0.00220 q=1.224 trunc=0 sps=3214 elapsed=14.5m
iter 684/1220 steps=2801664 episodes=6261 score50=54.96 eps=0.010 loss=0.00118 q=1.222 trunc=0 sps=3215 elapsed=14.5m
iter 685/1220 steps=2805760 episodes=6263 score50=54.58 eps=0.010 loss=0.00093 q=1.225 trunc=0 sps=3214 elapsed=14.5m
iter 686/1220 steps=2809856 episodes=6266 score50=52.22 eps=0.010 loss=0.00144 q=1.231 trunc=0 sps=3213 elapsed=14.6m
iter 687/1220 steps=2813952 episodes=6272 score50=51.42 eps=0.010 loss=0.00405 q=1.217 trunc=0 sps=3213 elapsed=14.6m
iter 688/1220 steps=2818048 episodes=6274 score50=52.16 eps=0.010 loss=0.00424 q=1.204 trunc=0 sps=3213 elapsed=14.6m
iter 689/1220 steps=2822144 episodes=6277 score50=52.12 eps=0.010 loss=0.00060 q=1.225 trunc=0 sps=3212 elapsed=14.6m
iter 690/1220 steps=2826240 episodes=6281 score50=55.28 eps=0.010 loss=0.00881 q=1.223 trunc=0 sps=3212 elapsed=14.7m
iter 691/1220 steps=2830336 episodes=6286 score50=56.48 eps=0.010 loss=0.01183 q=1.205 trunc=0 sps=3212 elapsed=14.7m
iter 692/1220 steps=2834432 episodes=6288 score50=55.56 eps=0.010 loss=0.00577 q=1.209 trunc=0 sps=3212 elapsed=14.7m
iter 693/1220 steps=2838528 episodes=6290 score50=55.44 eps=0.010 loss=0.00086 q=1.228 trunc=0 sps=3211 elapsed=14.7m
iter 694/1220 steps=2842624 episodes=6297 score50=62.08 eps=0.010 loss=0.02237 q=1.210 trunc=0 sps=3209 elapsed=14.8m
iter 695/1220 steps=2846720 episodes=6299 score50=61.04 eps=0.010 loss=0.00132 q=1.226 trunc=0 sps=3209 elapsed=14.8m
iter 696/1220 steps=2850816 episodes=6303 score50=61.48 eps=0.010 loss=0.00658 q=1.216 trunc=0 sps=3209 elapsed=14.8m
iter 697/1220 steps=2854912 episodes=6309 score50=62.38 eps=0.010 loss=0.00081 q=1.223 trunc=0 sps=3208 elapsed=14.8m
iter 698/1220 steps=2859008 episodes=6312 score50=61.88 eps=0.010 loss=0.00221 q=1.183 trunc=0 sps=3208 elapsed=14.9m
iter 699/1220 steps=2863104 episodes=6315 score50=63.02 eps=0.010 loss=0.00286 q=1.195 trunc=0 sps=3208 elapsed=14.9m
iter 700/1220 steps=2867200 episodes=6320 score50=63.46 eps=0.010 loss=0.00826 q=1.197 trunc=0 sps=3207 elapsed=14.9m
  [eval] iter=700 mean=58.60+-3.58 median=56.0 max=96 P(>=120)=0.00 entropy=1.38/2.20 wnorm=29.191 srank=45/256
iter 701/1220 steps=2871296 episodes=6325 score50=62.64 eps=0.010 loss=0.00117 q=1.198 trunc=0 sps=3141 elapsed=15.2m
iter 702/1220 steps=2875392 episodes=6328 score50=62.22 eps=0.010 loss=0.00116 q=1.194 trunc=0 sps=3141 elapsed=15.3m
iter 703/1220 steps=2879488 episodes=6331 score50=59.44 eps=0.010 loss=0.00170 q=1.192 trunc=0 sps=3141 elapsed=15.3m
iter 704/1220 steps=2883584 episodes=6335 score50=58.96 eps=0.010 loss=0.00097 q=1.219 trunc=0 sps=3141 elapsed=15.3m
iter 705/1220 steps=2887680 episodes=6339 score50=58.38 eps=0.010 loss=0.02874 q=1.221 trunc=0 sps=3141 elapsed=15.3m
iter 706/1220 steps=2891776 episodes=6355 score50=55.04 eps=0.010 loss=0.02701 q=1.216 trunc=0 sps=3140 elapsed=15.3m
iter 707/1220 steps=2895872 episodes=6371 score50=53.42 eps=0.010 loss=0.01621 q=1.244 trunc=0 sps=3140 elapsed=15.4m
iter 708/1220 steps=2899968 episodes=6382 score50=52.76 eps=0.010 loss=0.03005 q=1.263 trunc=0 sps=3140 elapsed=15.4m
iter 709/1220 steps=2904064 episodes=6393 score50=53.60 eps=0.010 loss=0.00649 q=1.261 trunc=0 sps=3141 elapsed=15.4m
iter 710/1220 steps=2908160 episodes=6402 score50=52.20 eps=0.010 loss=0.01795 q=1.242 trunc=0 sps=3141 elapsed=15.4m
iter 711/1220 steps=2912256 episodes=6406 score50=52.22 eps=0.010 loss=0.00299 q=1.230 trunc=0 sps=3142 elapsed=15.4m
iter 712/1220 steps=2916352 episodes=6408 score50=50.00 eps=0.010 loss=0.00111 q=1.260 trunc=0 sps=3142 elapsed=15.5m
iter 713/1220 steps=2920448 episodes=6412 score50=48.72 eps=0.010 loss=0.00579 q=1.225 trunc=0 sps=3143 elapsed=15.5m
iter 714/1220 steps=2924544 episodes=6418 score50=47.50 eps=0.010 loss=0.01349 q=1.238 trunc=0 sps=3143 elapsed=15.5m
iter 715/1220 steps=2928640 episodes=6421 score50=50.48 eps=0.010 loss=0.00998 q=1.236 trunc=0 sps=3143 elapsed=15.5m
iter 716/1220 steps=2932736 episodes=6428 score50=49.98 eps=0.010 loss=0.00787 q=1.213 trunc=0 sps=3143 elapsed=15.5m
iter 717/1220 steps=2936832 episodes=6433 score50=49.10 eps=0.010 loss=0.00425 q=1.230 trunc=0 sps=3144 elapsed=15.6m
iter 718/1220 steps=2940928 episodes=6454 score50=42.90 eps=0.010 loss=0.00824 q=1.239 trunc=0 sps=3144 elapsed=15.6m
iter 719/1220 steps=2945024 episodes=6460 score50=42.70 eps=0.010 loss=0.00163 q=1.238 trunc=0 sps=3144 elapsed=15.6m
iter 720/1220 steps=2949120 episodes=6470 score50=40.54 eps=0.010 loss=0.00410 q=1.265 trunc=0 sps=3145 elapsed=15.6m
iter 721/1220 steps=2953216 episodes=6474 score50=40.70 eps=0.010 loss=0.00596 q=1.282 trunc=0 sps=3146 elapsed=15.6m
iter 722/1220 steps=2957312 episodes=6487 score50=42.50 eps=0.010 loss=0.02201 q=1.219 trunc=0 sps=3146 elapsed=15.7m
iter 723/1220 steps=2961408 episodes=6496 score50=41.52 eps=0.010 loss=0.05519 q=1.215 trunc=0 sps=3147 elapsed=15.7m
iter 724/1220 steps=2965504 episodes=6498 score50=42.14 eps=0.010 loss=0.01330 q=1.243 trunc=0 sps=3147 elapsed=15.7m
iter 725/1220 steps=2969600 episodes=6505 score50=38.86 eps=0.010 loss=0.00436 q=1.228 trunc=0 sps=3148 elapsed=15.7m
iter 726/1220 steps=2973696 episodes=6511 score50=37.54 eps=0.010 loss=0.00135 q=1.238 trunc=0 sps=3149 elapsed=15.7m
iter 727/1220 steps=2977792 episodes=6517 score50=37.80 eps=0.010 loss=0.03628 q=1.240 trunc=0 sps=3149 elapsed=15.8m
iter 728/1220 steps=2981888 episodes=6521 score50=37.40 eps=0.010 loss=0.04063 q=1.245 trunc=0 sps=3149 elapsed=15.8m
iter 729/1220 steps=2985984 episodes=6522 score50=36.02 eps=0.010 loss=0.01987 q=1.251 trunc=0 sps=3149 elapsed=15.8m
iter 730/1220 steps=2990080 episodes=6527 score50=35.94 eps=0.010 loss=0.00628 q=1.231 trunc=0 sps=3149 elapsed=15.8m
iter 731/1220 steps=2994176 episodes=6540 score50=33.86 eps=0.010 loss=0.02457 q=1.207 trunc=0 sps=3148 elapsed=15.9m
iter 732/1220 steps=2998272 episodes=6546 score50=35.80 eps=0.010 loss=0.00393 q=1.188 trunc=0 sps=3148 elapsed=15.9m
iter 733/1220 steps=3002368 episodes=6547 score50=35.68 eps=0.010 loss=0.00213 q=1.129 trunc=0 sps=3149 elapsed=15.9m
iter 734/1220 steps=3006464 episodes=6549 score50=36.40 eps=0.010 loss=0.00068 q=1.161 trunc=0 sps=3149 elapsed=15.9m
iter 735/1220 steps=3010560 episodes=6551 score50=36.36 eps=0.010 loss=0.00081 q=1.196 trunc=0 sps=3148 elapsed=15.9m
iter 736/1220 steps=3014656 episodes=6552 score50=36.94 eps=0.010 loss=0.00076 q=1.194 trunc=0 sps=3149 elapsed=16.0m
iter 737/1220 steps=3018752 episodes=6560 score50=41.54 eps=0.010 loss=0.00451 q=1.176 trunc=0 sps=3149 elapsed=16.0m
iter 738/1220 steps=3022848 episodes=6563 score50=41.16 eps=0.010 loss=0.01421 q=1.181 trunc=0 sps=3149 elapsed=16.0m
iter 739/1220 steps=3026944 episodes=6565 score50=41.62 eps=0.010 loss=0.01325 q=1.174 trunc=0 sps=3149 elapsed=16.0m
iter 740/1220 steps=3031040 episodes=6566 score50=42.22 eps=0.010 loss=0.00110 q=1.187 trunc=0 sps=3149 elapsed=16.0m
iter 741/1220 steps=3035136 episodes=6570 score50=43.66 eps=0.010 loss=0.00532 q=1.162 trunc=0 sps=3149 elapsed=16.1m
iter 742/1220 steps=3039232 episodes=6575 score50=44.30 eps=0.010 loss=0.01076 q=1.145 trunc=0 sps=3149 elapsed=16.1m
iter 743/1220 steps=3043328 episodes=6580 score50=47.30 eps=0.010 loss=0.01628 q=1.184 trunc=0 sps=3150 elapsed=16.1m
iter 744/1220 steps=3047424 episodes=6582 score50=47.20 eps=0.010 loss=0.00402 q=1.186 trunc=0 sps=3149 elapsed=16.1m
iter 745/1220 steps=3051520 episodes=6589 score50=49.44 eps=0.010 loss=0.00121 q=1.187 trunc=0 sps=3149 elapsed=16.1m
iter 746/1220 steps=3055616 episodes=6593 score50=48.46 eps=0.010 loss=0.00967 q=1.165 trunc=0 sps=3149 elapsed=16.2m
iter 747/1220 steps=3059712 episodes=6594 score50=48.92 eps=0.010 loss=0.00089 q=1.176 trunc=0 sps=3148 elapsed=16.2m
iter 748/1220 steps=3063808 episodes=6603 score50=52.26 eps=0.010 loss=0.01318 q=1.148 trunc=0 sps=3148 elapsed=16.2m
iter 749/1220 steps=3067904 episodes=6610 score50=51.74 eps=0.010 loss=0.00611 q=1.147 trunc=0 sps=3148 elapsed=16.2m
iter 750/1220 steps=3072000 episodes=6616 score50=52.82 eps=0.010 loss=0.02227 q=1.168 trunc=0 sps=3148 elapsed=16.3m
iter 751/1220 steps=3076096 episodes=6620 score50=51.92 eps=0.010 loss=0.00092 q=1.235 trunc=0 sps=3148 elapsed=16.3m
iter 752/1220 steps=3080192 episodes=6623 score50=53.94 eps=0.010 loss=0.01281 q=1.244 trunc=0 sps=3148 elapsed=16.3m
iter 753/1220 steps=3084288 episodes=6625 score50=55.48 eps=0.010 loss=0.00685 q=1.224 trunc=0 sps=3148 elapsed=16.3m
iter 754/1220 steps=3088384 episodes=6626 score50=54.42 eps=0.010 loss=0.00026 q=1.199 trunc=0 sps=3148 elapsed=16.4m
iter 755/1220 steps=3092480 episodes=6630 score50=54.90 eps=0.010 loss=0.01695 q=1.171 trunc=0 sps=3147 elapsed=16.4m
iter 756/1220 steps=3096576 episodes=6633 score50=56.88 eps=0.010 loss=0.00049 q=1.181 trunc=0 sps=3146 elapsed=16.4m
iter 757/1220 steps=3100672 episodes=6636 score50=57.36 eps=0.010 loss=0.00235 q=1.168 trunc=0 sps=3146 elapsed=16.4m
iter 758/1220 steps=3104768 episodes=6643 score50=59.54 eps=0.010 loss=0.01077 q=1.156 trunc=0 sps=3146 elapsed=16.4m
iter 759/1220 steps=3108864 episodes=6647 score50=58.76 eps=0.010 loss=0.03616 q=1.150 trunc=0 sps=3146 elapsed=16.5m
iter 760/1220 steps=3112960 episodes=6652 score50=60.34 eps=0.010 loss=0.00149 q=1.173 trunc=0 sps=3146 elapsed=16.5m
iter 761/1220 steps=3117056 episodes=6657 score50=61.90 eps=0.010 loss=0.01001 q=1.151 trunc=0 sps=3146 elapsed=16.5m
iter 762/1220 steps=3121152 episodes=6661 score50=63.62 eps=0.010 loss=0.02131 q=1.159 trunc=0 sps=3145 elapsed=16.5m
iter 763/1220 steps=3125248 episodes=6666 score50=64.16 eps=0.010 loss=0.00236 q=1.129 trunc=0 sps=3145 elapsed=16.6m
iter 764/1220 steps=3129344 episodes=6672 score50=67.38 eps=0.010 loss=0.00224 q=1.154 trunc=0 sps=3145 elapsed=16.6m
iter 765/1220 steps=3133440 episodes=6675 score50=69.20 eps=0.010 loss=0.03096 q=1.128 trunc=0 sps=3145 elapsed=16.6m
iter 766/1220 steps=3137536 episodes=6685 score50=64.24 eps=0.010 loss=0.00303 q=1.105 trunc=0 sps=3145 elapsed=16.6m
iter 767/1220 steps=3141632 episodes=6696 score50=62.20 eps=0.010 loss=0.04049 q=1.132 trunc=0 sps=3145 elapsed=16.7m
iter 768/1220 steps=3145728 episodes=6704 score50=60.00 eps=0.010 loss=0.00198 q=1.148 trunc=0 sps=3145 elapsed=16.7m
iter 769/1220 steps=3149824 episodes=6709 score50=58.66 eps=0.010 loss=0.00281 q=1.171 trunc=0 sps=3145 elapsed=16.7m
iter 770/1220 steps=3153920 episodes=6712 score50=57.18 eps=0.010 loss=0.00910 q=1.193 trunc=0 sps=3145 elapsed=16.7m
iter 771/1220 steps=3158016 episodes=6715 score50=57.84 eps=0.010 loss=0.01497 q=1.195 trunc=0 sps=3145 elapsed=16.7m
iter 772/1220 steps=3162112 episodes=6717 score50=55.96 eps=0.010 loss=0.01863 q=1.191 trunc=0 sps=3146 elapsed=16.8m
iter 773/1220 steps=3166208 episodes=6720 score50=54.96 eps=0.010 loss=0.00657 q=1.177 trunc=0 sps=3146 elapsed=16.8m
iter 774/1220 steps=3170304 episodes=6725 score50=50.88 eps=0.010 loss=0.01310 q=1.195 trunc=0 sps=3145 elapsed=16.8m
iter 775/1220 steps=3174400 episodes=6727 score50=52.12 eps=0.010 loss=0.00152 q=1.179 trunc=0 sps=3145 elapsed=16.8m
iter 776/1220 steps=3178496 episodes=6729 score50=53.20 eps=0.010 loss=0.00067 q=1.179 trunc=0 sps=3145 elapsed=16.8m
iter 777/1220 steps=3182592 episodes=6735 score50=55.00 eps=0.010 loss=0.01194 q=1.144 trunc=0 sps=3145 elapsed=16.9m
iter 778/1220 steps=3186688 episodes=6738 score50=55.02 eps=0.010 loss=0.00159 q=1.161 trunc=0 sps=3143 elapsed=16.9m
iter 779/1220 steps=3190784 episodes=6742 score50=58.58 eps=0.010 loss=0.00063 q=1.177 trunc=0 sps=3143 elapsed=16.9m
iter 780/1220 steps=3194880 episodes=6749 score50=60.12 eps=0.010 loss=0.00855 q=1.152 trunc=0 sps=3142 elapsed=16.9m
iter 781/1220 steps=3198976 episodes=6751 score50=61.40 eps=0.010 loss=0.00076 q=1.165 trunc=0 sps=3142 elapsed=17.0m
iter 782/1220 steps=3203072 episodes=6753 score50=61.34 eps=0.010 loss=0.00090 q=1.155 trunc=0 sps=3142 elapsed=17.0m
iter 783/1220 steps=3207168 episodes=6756 score50=60.96 eps=0.010 loss=0.00157 q=1.146 trunc=0 sps=3142 elapsed=17.0m
iter 784/1220 steps=3211264 episodes=6764 score50=60.42 eps=0.010 loss=0.01074 q=1.133 trunc=0 sps=3142 elapsed=17.0m
iter 785/1220 steps=3215360 episodes=6769 score50=61.96 eps=0.010 loss=0.00215 q=1.115 trunc=0 sps=3142 elapsed=17.1m
iter 786/1220 steps=3219456 episodes=6776 score50=60.74 eps=0.010 loss=0.01551 q=1.150 trunc=0 sps=3142 elapsed=17.1m
iter 787/1220 steps=3223552 episodes=6786 score50=55.70 eps=0.010 loss=0.05233 q=1.170 trunc=0 sps=3141 elapsed=17.1m
iter 788/1220 steps=3227648 episodes=6790 score50=55.08 eps=0.010 loss=0.00820 q=1.210 trunc=0 sps=3142 elapsed=17.1m
iter 789/1220 steps=3231744 episodes=6794 score50=51.52 eps=0.010 loss=0.02941 q=1.193 trunc=0 sps=3141 elapsed=17.1m
iter 790/1220 steps=3235840 episodes=6800 score50=52.86 eps=0.010 loss=0.00047 q=1.189 trunc=0 sps=3141 elapsed=17.2m
iter 791/1220 steps=3239936 episodes=6808 score50=50.54 eps=0.010 loss=0.03161 q=1.195 trunc=0 sps=3142 elapsed=17.2m
iter 792/1220 steps=3244032 episodes=6816 score50=50.78 eps=0.010 loss=0.00442 q=1.183 trunc=0 sps=3141 elapsed=17.2m
iter 793/1220 steps=3248128 episodes=6829 score50=54.46 eps=0.010 loss=0.00523 q=1.163 trunc=0 sps=3141 elapsed=17.2m
iter 794/1220 steps=3252224 episodes=6829 score50=54.46 eps=0.010 loss=0.00053 q=1.173 trunc=0 sps=3142 elapsed=17.3m
iter 795/1220 steps=3256320 episodes=6835 score50=54.10 eps=0.010 loss=0.00502 q=1.167 trunc=0 sps=3142 elapsed=17.3m
iter 796/1220 steps=3260416 episodes=6838 score50=54.16 eps=0.010 loss=0.00052 q=1.169 trunc=0 sps=3142 elapsed=17.3m
iter 797/1220 steps=3264512 episodes=6842 score50=55.18 eps=0.010 loss=0.00132 q=1.164 trunc=0 sps=3142 elapsed=17.3m
iter 798/1220 steps=3268608 episodes=6851 score50=56.16 eps=0.010 loss=0.01320 q=1.152 trunc=0 sps=3142 elapsed=17.3m
iter 799/1220 steps=3272704 episodes=6859 score50=60.82 eps=0.010 loss=0.00635 q=1.175 trunc=0 sps=3142 elapsed=17.4m
iter 800/1220 steps=3276800 episodes=6863 score50=61.42 eps=0.010 loss=0.00113 q=1.159 trunc=0 sps=3142 elapsed=17.4m
  [eval] iter=800 mean=43.80+-5.18 median=40.5 max=96 P(>=120)=0.00 entropy=1.37/2.20 wnorm=29.592 srank=59/256
iter 801/1220 steps=3280896 episodes=6872 score50=57.58 eps=0.010 loss=0.01531 q=1.161 trunc=0 sps=3101 elapsed=17.6m
iter 802/1220 steps=3284992 episodes=6881 score50=58.74 eps=0.010 loss=0.00467 q=1.169 trunc=0 sps=3101 elapsed=17.7m
iter 803/1220 steps=3289088 episodes=6881 score50=58.74 eps=0.010 loss=0.00058 q=1.201 trunc=0 sps=3101 elapsed=17.7m
iter 804/1220 steps=3293184 episodes=6889 score50=56.50 eps=0.010 loss=0.00215 q=1.206 trunc=0 sps=3102 elapsed=17.7m
iter 805/1220 steps=3297280 episodes=6895 score50=52.88 eps=0.010 loss=0.00622 q=1.229 trunc=0 sps=3102 elapsed=17.7m
iter 806/1220 steps=3301376 episodes=6898 score50=52.84 eps=0.010 loss=0.00844 q=1.210 trunc=0 sps=3103 elapsed=17.7m
iter 807/1220 steps=3305472 episodes=6899 score50=52.66 eps=0.010 loss=0.00189 q=1.200 trunc=0 sps=3103 elapsed=17.8m
iter 808/1220 steps=3309568 episodes=6901 score50=53.14 eps=0.010 loss=0.00032 q=1.211 trunc=0 sps=3103 elapsed=17.8m
iter 809/1220 steps=3313664 episodes=6901 score50=53.14 eps=0.010 loss=0.00063 q=1.197 trunc=0 sps=3103 elapsed=17.8m
iter 810/1220 steps=3317760 episodes=6902 score50=52.88 eps=0.010 loss=0.00021 q=1.176 trunc=0 sps=3103 elapsed=17.8m
iter 811/1220 steps=3321856 episodes=6904 score50=53.00 eps=0.010 loss=0.00027 q=1.181 trunc=0 sps=3103 elapsed=17.8m
iter 812/1220 steps=3325952 episodes=6907 score50=52.80 eps=0.010 loss=0.00111 q=1.178 trunc=0 sps=3103 elapsed=17.9m
iter 813/1220 steps=3330048 episodes=6910 score50=51.90 eps=0.010 loss=0.00213 q=1.148 trunc=0 sps=3103 elapsed=17.9m
iter 814/1220 steps=3334144 episodes=6912 score50=51.30 eps=0.010 loss=0.01492 q=1.176 trunc=0 sps=3103 elapsed=17.9m
iter 815/1220 steps=3338240 episodes=6916 score50=49.74 eps=0.010 loss=0.01911 q=1.176 trunc=0 sps=3103 elapsed=17.9m
iter 816/1220 steps=3342336 episodes=6932 score50=46.10 eps=0.010 loss=0.06520 q=1.131 trunc=0 sps=3103 elapsed=18.0m
iter 817/1220 steps=3346432 episodes=6937 score50=47.36 eps=0.010 loss=0.03450 q=1.139 trunc=0 sps=3102 elapsed=18.0m
iter 818/1220 steps=3350528 episodes=6954 score50=45.28 eps=0.010 loss=0.01034 q=1.194 trunc=0 sps=3102 elapsed=18.0m
iter 819/1220 steps=3354624 episodes=6966 score50=46.84 eps=0.010 loss=0.00706 q=1.213 trunc=0 sps=3102 elapsed=18.0m
iter 820/1220 steps=3358720 episodes=6979 score50=49.14 eps=0.010 loss=0.03982 q=1.164 trunc=0 sps=3102 elapsed=18.0m
iter 821/1220 steps=3362816 episodes=6981 score50=48.78 eps=0.010 loss=0.00136 q=1.169 trunc=0 sps=3102 elapsed=18.1m
iter 822/1220 steps=3366912 episodes=6990 score50=52.74 eps=0.010 loss=0.00634 q=1.170 trunc=0 sps=3102 elapsed=18.1m
iter 823/1220 steps=3371008 episodes=6996 score50=54.02 eps=0.010 loss=0.01310 q=1.171 trunc=0 sps=3103 elapsed=18.1m
iter 824/1220 steps=3375104 episodes=6999 score50=55.34 eps=0.010 loss=0.00084 q=1.262 trunc=0 sps=3103 elapsed=18.1m
iter 825/1220 steps=3379200 episodes=7001 score50=55.68 eps=0.010 loss=0.00286 q=1.267 trunc=0 sps=3103 elapsed=18.1m
iter 826/1220 steps=3383296 episodes=7004 score50=55.00 eps=0.010 loss=0.00114 q=1.280 trunc=0 sps=3104 elapsed=18.2m
iter 827/1220 steps=3387392 episodes=7011 score50=51.78 eps=0.010 loss=0.00856 q=1.255 trunc=0 sps=3103 elapsed=18.2m
iter 828/1220 steps=3391488 episodes=7014 score50=52.06 eps=0.010 loss=0.01035 q=1.189 trunc=0 sps=3104 elapsed=18.2m
iter 829/1220 steps=3395584 episodes=7017 score50=52.56 eps=0.010 loss=0.00788 q=1.215 trunc=0 sps=3104 elapsed=18.2m
iter 830/1220 steps=3399680 episodes=7018 score50=52.84 eps=0.010 loss=0.00045 q=1.260 trunc=0 sps=3104 elapsed=18.3m
iter 831/1220 steps=3403776 episodes=7021 score50=52.56 eps=0.010 loss=0.02011 q=1.264 trunc=0 sps=3104 elapsed=18.3m
iter 832/1220 steps=3407872 episodes=7023 score50=52.66 eps=0.010 loss=0.00116 q=1.272 trunc=0 sps=3105 elapsed=18.3m
iter 833/1220 steps=3411968 episodes=7039 score50=48.48 eps=0.010 loss=0.02195 q=1.249 trunc=0 sps=3105 elapsed=18.3m
iter 834/1220 steps=3416064 episodes=7041 score50=48.72 eps=0.010 loss=0.00807 q=1.271 trunc=0 sps=3105 elapsed=18.3m
iter 835/1220 steps=3420160 episodes=7044 score50=46.46 eps=0.010 loss=0.02991 q=1.274 trunc=0 sps=3105 elapsed=18.4m
iter 836/1220 steps=3424256 episodes=7062 score50=45.36 eps=0.010 loss=0.01825 q=1.233 trunc=0 sps=3105 elapsed=18.4m
iter 837/1220 steps=3428352 episodes=7072 score50=46.34 eps=0.010 loss=0.02189 q=1.264 trunc=0 sps=3105 elapsed=18.4m
iter 838/1220 steps=3432448 episodes=7083 score50=44.34 eps=0.010 loss=0.05050 q=1.287 trunc=0 sps=3106 elapsed=18.4m
iter 839/1220 steps=3436544 episodes=7089 score50=45.40 eps=0.010 loss=0.00522 q=1.266 trunc=0 sps=3106 elapsed=18.4m
iter 840/1220 steps=3440640 episodes=7092 score50=45.78 eps=0.010 loss=0.00292 q=1.385 trunc=0 sps=3106 elapsed=18.5m
iter 841/1220 steps=3444736 episodes=7097 score50=43.10 eps=0.010 loss=0.00170 q=1.389 trunc=0 sps=3106 elapsed=18.5m
iter 842/1220 steps=3448832 episodes=7099 score50=43.98 eps=0.010 loss=0.00085 q=1.395 trunc=0 sps=3107 elapsed=18.5m
iter 843/1220 steps=3452928 episodes=7101 score50=44.30 eps=0.010 loss=0.00022 q=1.384 trunc=0 sps=3107 elapsed=18.5m
iter 844/1220 steps=3457024 episodes=7103 score50=45.22 eps=0.010 loss=0.00061 q=1.371 trunc=0 sps=3107 elapsed=18.5m
iter 845/1220 steps=3461120 episodes=7104 score50=45.64 eps=0.010 loss=0.00120 q=1.357 trunc=0 sps=3108 elapsed=18.6m
iter 846/1220 steps=3465216 episodes=7106 score50=46.02 eps=0.010 loss=0.01043 q=1.358 trunc=0 sps=3108 elapsed=18.6m
iter 847/1220 steps=3469312 episodes=7108 score50=46.50 eps=0.010 loss=0.00249 q=1.364 trunc=0 sps=3108 elapsed=18.6m
iter 848/1220 steps=3473408 episodes=7113 score50=46.44 eps=0.010 loss=0.00723 q=1.356 trunc=0 sps=3108 elapsed=18.6m
iter 849/1220 steps=3477504 episodes=7123 score50=47.92 eps=0.010 loss=0.02951 q=1.353 trunc=0 sps=3108 elapsed=18.6m
iter 850/1220 steps=3481600 episodes=7134 score50=50.02 eps=0.010 loss=0.01391 q=1.325 trunc=0 sps=3108 elapsed=18.7m
iter 851/1220 steps=3485696 episodes=7136 score50=49.16 eps=0.010 loss=0.00186 q=1.366 trunc=0 sps=3108 elapsed=18.7m
iter 852/1220 steps=3489792 episodes=7138 score50=49.92 eps=0.010 loss=0.00054 q=1.366 trunc=0 sps=3108 elapsed=18.7m
iter 853/1220 steps=3493888 episodes=7141 score50=49.82 eps=0.010 loss=0.00645 q=1.344 trunc=0 sps=3108 elapsed=18.7m
iter 854/1220 steps=3497984 episodes=7149 score50=52.78 eps=0.010 loss=0.00974 q=1.309 trunc=0 sps=3108 elapsed=18.8m
iter 855/1220 steps=3502080 episodes=7157 score50=51.56 eps=0.010 loss=0.01703 q=1.335 trunc=0 sps=3108 elapsed=18.8m
iter 856/1220 steps=3506176 episodes=7161 score50=50.62 eps=0.010 loss=0.04918 q=1.306 trunc=0 sps=3108 elapsed=18.8m
iter 857/1220 steps=3510272 episodes=7170 score50=46.32 eps=0.010 loss=0.06619 q=1.306 trunc=0 sps=3108 elapsed=18.8m
iter 858/1220 steps=3514368 episodes=7179 score50=47.90 eps=0.010 loss=0.01631 q=1.269 trunc=0 sps=3109 elapsed=18.8m
iter 859/1220 steps=3518464 episodes=7191 score50=46.40 eps=0.010 loss=0.00667 q=1.257 trunc=0 sps=3109 elapsed=18.9m
iter 860/1220 steps=3522560 episodes=7197 score50=45.32 eps=0.010 loss=0.01900 q=1.310 trunc=0 sps=3109 elapsed=18.9m
iter 861/1220 steps=3526656 episodes=7200 score50=44.60 eps=0.010 loss=0.00167 q=1.312 trunc=0 sps=3110 elapsed=18.9m
iter 862/1220 steps=3530752 episodes=7208 score50=40.16 eps=0.010 loss=0.01413 q=1.250 trunc=0 sps=3110 elapsed=18.9m
iter 863/1220 steps=3534848 episodes=7215 score50=41.78 eps=0.010 loss=0.00345 q=1.245 trunc=0 sps=3110 elapsed=18.9m
iter 864/1220 steps=3538944 episodes=7220 score50=43.20 eps=0.010 loss=0.00160 q=1.284 trunc=0 sps=3110 elapsed=19.0m
iter 865/1220 steps=3543040 episodes=7231 score50=41.84 eps=0.010 loss=0.00788 q=1.233 trunc=0 sps=3110 elapsed=19.0m
iter 866/1220 steps=3547136 episodes=7239 score50=40.88 eps=0.010 loss=0.00404 q=1.263 trunc=0 sps=3111 elapsed=19.0m
iter 867/1220 steps=3551232 episodes=7248 score50=44.64 eps=0.010 loss=0.00477 q=1.259 trunc=0 sps=3111 elapsed=19.0m
iter 868/1220 steps=3555328 episodes=7253 score50=48.30 eps=0.010 loss=0.00979 q=1.318 trunc=0 sps=3110 elapsed=19.1m
iter 869/1220 steps=3559424 episodes=7255 score50=49.96 eps=0.010 loss=0.00090 q=1.316 trunc=0 sps=3110 elapsed=19.1m
iter 870/1220 steps=3563520 episodes=7257 score50=50.78 eps=0.010 loss=0.00224 q=1.300 trunc=0 sps=3110 elapsed=19.1m
iter 871/1220 steps=3567616 episodes=7259 score50=50.70 eps=0.010 loss=0.02299 q=1.312 trunc=0 sps=3110 elapsed=19.1m
iter 872/1220 steps=3571712 episodes=7260 score50=51.94 eps=0.010 loss=0.00071 q=1.294 trunc=0 sps=3109 elapsed=19.1m
iter 873/1220 steps=3575808 episodes=7260 score50=51.94 eps=0.010 loss=0.00036 q=1.283 trunc=0 sps=3109 elapsed=19.2m
iter 874/1220 steps=3579904 episodes=7261 score50=53.18 eps=0.010 loss=0.00031 q=1.295 trunc=0 sps=3109 elapsed=19.2m
iter 875/1220 steps=3584000 episodes=7261 score50=53.18 eps=0.010 loss=0.00040 q=1.273 trunc=0 sps=3109 elapsed=19.2m
iter 876/1220 steps=3588096 episodes=7263 score50=54.10 eps=0.010 loss=0.00022 q=1.261 trunc=0 sps=3109 elapsed=19.2m
iter 877/1220 steps=3592192 episodes=7264 score50=53.48 eps=0.010 loss=0.00073 q=1.265 trunc=0 sps=3109 elapsed=19.3m
iter 878/1220 steps=3596288 episodes=7266 score50=55.30 eps=0.010 loss=0.00046 q=1.249 trunc=0 sps=3109 elapsed=19.3m
iter 879/1220 steps=3600384 episodes=7272 score50=56.22 eps=0.010 loss=0.00377 q=1.235 trunc=0 sps=3109 elapsed=19.3m
iter 880/1220 steps=3604480 episodes=7274 score50=56.30 eps=0.010 loss=0.00045 q=1.235 trunc=0 sps=3108 elapsed=19.3m
iter 881/1220 steps=3608576 episodes=7281 score50=56.24 eps=0.010 loss=0.00186 q=1.199 trunc=0 sps=3109 elapsed=19.3m
iter 882/1220 steps=3612672 episodes=7291 score50=56.22 eps=0.010 loss=0.01349 q=1.244 trunc=0 sps=3108 elapsed=19.4m
iter 883/1220 steps=3616768 episodes=7311 score50=53.64 eps=0.010 loss=0.01005 q=1.234 trunc=0 sps=3108 elapsed=19.4m
iter 884/1220 steps=3620864 episodes=7323 score50=50.72 eps=0.010 loss=0.01685 q=1.288 trunc=0 sps=3108 elapsed=19.4m
iter 885/1220 steps=3624960 episodes=7329 score50=48.40 eps=0.010 loss=0.00175 q=1.297 trunc=0 sps=3109 elapsed=19.4m
iter 886/1220 steps=3629056 episodes=7344 score50=47.44 eps=0.010 loss=0.01534 q=1.255 trunc=0 sps=3109 elapsed=19.5m
iter 887/1220 steps=3633152 episodes=7350 score50=47.96 eps=0.010 loss=0.00092 q=1.321 trunc=0 sps=3109 elapsed=19.5m
iter 888/1220 steps=3637248 episodes=7354 score50=49.24 eps=0.010 loss=0.01479 q=1.285 trunc=0 sps=3109 elapsed=19.5m
iter 889/1220 steps=3641344 episodes=7362 score50=47.86 eps=0.010 loss=0.00648 q=1.302 trunc=0 sps=3110 elapsed=19.5m
iter 890/1220 steps=3645440 episodes=7366 score50=49.00 eps=0.010 loss=0.02939 q=1.317 trunc=0 sps=3110 elapsed=19.5m
iter 891/1220 steps=3649536 episodes=7371 score50=48.64 eps=0.010 loss=0.00123 q=1.344 trunc=0 sps=3110 elapsed=19.6m
iter 892/1220 steps=3653632 episodes=7374 score50=51.26 eps=0.010 loss=0.00139 q=1.318 trunc=0 sps=3111 elapsed=19.6m
iter 893/1220 steps=3657728 episodes=7380 score50=52.68 eps=0.010 loss=0.00957 q=1.275 trunc=0 sps=3111 elapsed=19.6m
iter 894/1220 steps=3661824 episodes=7388 score50=49.10 eps=0.010 loss=0.01831 q=1.307 trunc=0 sps=3111 elapsed=19.6m
iter 895/1220 steps=3665920 episodes=7394 score50=51.00 eps=0.010 loss=0.01102 q=1.279 trunc=0 sps=3112 elapsed=19.6m
iter 896/1220 steps=3670016 episodes=7398 score50=49.78 eps=0.010 loss=0.00384 q=1.269 trunc=0 sps=3112 elapsed=19.7m
iter 897/1220 steps=3674112 episodes=7400 score50=50.30 eps=0.010 loss=0.01046 q=1.239 trunc=0 sps=3113 elapsed=19.7m
iter 898/1220 steps=3678208 episodes=7403 score50=48.46 eps=0.010 loss=0.00126 q=1.254 trunc=0 sps=3113 elapsed=19.7m
iter 899/1220 steps=3682304 episodes=7407 score50=48.60 eps=0.010 loss=0.01440 q=1.293 trunc=0 sps=3113 elapsed=19.7m
iter 900/1220 steps=3686400 episodes=7413 score50=47.04 eps=0.010 loss=0.00897 q=1.278 trunc=0 sps=3113 elapsed=19.7m
  [eval] iter=900 mean=42.15+-5.94 median=34.5 max=95 P(>=120)=0.00 entropy=1.41/2.20 wnorm=29.897 srank=52/256
iter 901/1220 steps=3690496 episodes=7425 score50=43.10 eps=0.010 loss=0.03529 q=1.261 trunc=0 sps=3078 elapsed=20.0m
iter 902/1220 steps=3694592 episodes=7434 score50=45.22 eps=0.010 loss=0.00881 q=1.292 trunc=0 sps=3079 elapsed=20.0m
iter 903/1220 steps=3698688 episodes=7438 score50=47.58 eps=0.010 loss=0.00550 q=1.302 trunc=0 sps=3079 elapsed=20.0m
iter 904/1220 steps=3702784 episodes=7448 score50=44.74 eps=0.010 loss=0.00605 q=1.302 trunc=0 sps=3080 elapsed=20.0m
iter 905/1220 steps=3706880 episodes=7457 score50=43.06 eps=0.010 loss=0.00453 q=1.254 trunc=0 sps=3080 elapsed=20.1m
iter 906/1220 steps=3710976 episodes=7460 score50=43.64 eps=0.010 loss=0.00611 q=1.281 trunc=0 sps=3080 elapsed=20.1m
iter 907/1220 steps=3715072 episodes=7462 score50=44.68 eps=0.010 loss=0.00079 q=1.312 trunc=0 sps=3081 elapsed=20.1m
iter 908/1220 steps=3719168 episodes=7463 score50=43.90 eps=0.010 loss=0.00066 q=1.278 trunc=0 sps=3081 elapsed=20.1m
iter 909/1220 steps=3723264 episodes=7467 score50=44.02 eps=0.010 loss=0.00373 q=1.276 trunc=0 sps=3081 elapsed=20.1m
iter 910/1220 steps=3727360 episodes=7472 score50=46.38 eps=0.010 loss=0.01288 q=1.265 trunc=0 sps=3082 elapsed=20.2m
iter 911/1220 steps=3731456 episodes=7474 score50=46.38 eps=0.010 loss=0.00448 q=1.231 trunc=0 sps=3082 elapsed=20.2m
iter 912/1220 steps=3735552 episodes=7476 score50=44.96 eps=0.010 loss=0.00098 q=1.226 trunc=0 sps=3082 elapsed=20.2m
iter 913/1220 steps=3739648 episodes=7477 score50=44.74 eps=0.010 loss=0.00048 q=1.233 trunc=0 sps=3081 elapsed=20.2m
iter 914/1220 steps=3743744 episodes=7488 score50=40.70 eps=0.010 loss=0.01647 q=1.199 trunc=0 sps=3080 elapsed=20.3m
iter 915/1220 steps=3747840 episodes=7498 score50=44.54 eps=0.010 loss=0.01325 q=1.236 trunc=0 sps=3080 elapsed=20.3m
iter 916/1220 steps=3751936 episodes=7501 score50=44.56 eps=0.010 loss=0.00123 q=1.257 trunc=0 sps=3080 elapsed=20.3m
iter 917/1220 steps=3756032 episodes=7504 score50=46.52 eps=0.010 loss=0.00808 q=1.269 trunc=0 sps=3081 elapsed=20.3m
iter 918/1220 steps=3760128 episodes=7507 score50=47.44 eps=0.010 loss=0.00058 q=1.267 trunc=0 sps=3081 elapsed=20.3m
iter 919/1220 steps=3764224 episodes=7509 score50=46.58 eps=0.010 loss=0.00049 q=1.280 trunc=0 sps=3081 elapsed=20.4m
iter 920/1220 steps=3768320 episodes=7516 score50=46.74 eps=0.010 loss=0.00907 q=1.245 trunc=0 sps=3081 elapsed=20.4m
iter 921/1220 steps=3772416 episodes=7517 score50=46.80 eps=0.010 loss=0.01191 q=1.248 trunc=0 sps=3080 elapsed=20.4m
iter 922/1220 steps=3776512 episodes=7519 score50=47.10 eps=0.010 loss=0.00048 q=1.249 trunc=0 sps=3080 elapsed=20.4m
iter 923/1220 steps=3780608 episodes=7523 score50=48.40 eps=0.010 loss=0.00108 q=1.239 trunc=0 sps=3080 elapsed=20.5m
iter 924/1220 steps=3784704 episodes=7534 score50=53.78 eps=0.010 loss=0.03206 q=1.234 trunc=0 sps=3080 elapsed=20.5m
iter 925/1220 steps=3788800 episodes=7538 score50=56.32 eps=0.010 loss=0.00764 q=1.242 trunc=0 sps=3080 elapsed=20.5m
iter 926/1220 steps=3792896 episodes=7539 score50=56.48 eps=0.010 loss=0.00132 q=1.252 trunc=0 sps=3080 elapsed=20.5m
iter 927/1220 steps=3796992 episodes=7542 score50=58.04 eps=0.010 loss=0.00205 q=1.247 trunc=0 sps=3080 elapsed=20.5m
iter 928/1220 steps=3801088 episodes=7546 score50=57.78 eps=0.010 loss=0.00428 q=1.241 trunc=0 sps=3080 elapsed=20.6m
iter 929/1220 steps=3805184 episodes=7549 score50=58.66 eps=0.010 loss=0.00263 q=1.230 trunc=0 sps=3080 elapsed=20.6m
iter 930/1220 steps=3809280 episodes=7555 score50=60.10 eps=0.010 loss=0.00342 q=1.239 trunc=0 sps=3080 elapsed=20.6m
iter 931/1220 steps=3813376 episodes=7557 score50=61.06 eps=0.010 loss=0.00094 q=1.244 trunc=0 sps=3080 elapsed=20.6m
iter 932/1220 steps=3817472 episodes=7559 score50=63.82 eps=0.010 loss=0.00093 q=1.239 trunc=0 sps=3080 elapsed=20.7m
iter 933/1220 steps=3821568 episodes=7561 score50=65.74 eps=0.010 loss=0.00043 q=1.258 trunc=0 sps=3080 elapsed=20.7m
iter 934/1220 steps=3825664 episodes=7565 score50=67.48 eps=0.010 loss=0.00852 q=1.233 trunc=0 sps=3080 elapsed=20.7m
iter 935/1220 steps=3829760 episodes=7566 score50=67.16 eps=0.010 loss=0.00132 q=1.233 trunc=0 sps=3080 elapsed=20.7m
iter 936/1220 steps=3833856 episodes=7569 score50=67.46 eps=0.010 loss=0.00069 q=1.248 trunc=0 sps=3080 elapsed=20.7m
iter 937/1220 steps=3837952 episodes=7576 score50=64.46 eps=0.010 loss=0.00197 q=1.255 trunc=0 sps=3080 elapsed=20.8m
iter 938/1220 steps=3842048 episodes=7579 score50=65.00 eps=0.010 loss=0.00206 q=1.206 trunc=0 sps=3080 elapsed=20.8m
iter 939/1220 steps=3846144 episodes=7581 score50=65.16 eps=0.010 loss=0.00061 q=1.207 trunc=0 sps=3079 elapsed=20.8m
iter 940/1220 steps=3850240 episodes=7584 score50=66.00 eps=0.010 loss=0.01026 q=1.196 trunc=0 sps=3079 elapsed=20.8m
iter 941/1220 steps=3854336 episodes=7593 score50=67.56 eps=0.010 loss=0.00682 q=1.181 trunc=0 sps=3079 elapsed=20.9m
iter 942/1220 steps=3858432 episodes=7596 score50=67.54 eps=0.010 loss=0.00269 q=1.226 trunc=0 sps=3079 elapsed=20.9m
iter 943/1220 steps=3862528 episodes=7598 score50=68.30 eps=0.010 loss=0.01567 q=1.242 trunc=0 sps=3079 elapsed=20.9m
iter 944/1220 steps=3866624 episodes=7600 score50=67.70 eps=0.010 loss=0.00350 q=1.236 trunc=0 sps=3079 elapsed=20.9m
iter 945/1220 steps=3870720 episodes=7607 score50=64.24 eps=0.010 loss=0.00070 q=1.224 trunc=0 sps=3079 elapsed=21.0m
iter 946/1220 steps=3874816 episodes=7614 score50=63.12 eps=0.010 loss=0.02141 q=1.198 trunc=0 sps=3079 elapsed=21.0m
iter 947/1220 steps=3878912 episodes=7619 score50=64.76 eps=0.010 loss=0.00269 q=1.202 trunc=0 sps=3078 elapsed=21.0m
iter 948/1220 steps=3883008 episodes=7619 score50=64.76 eps=0.010 loss=0.00050 q=1.201 trunc=0 sps=3078 elapsed=21.0m
iter 949/1220 steps=3887104 episodes=7626 score50=68.08 eps=0.010 loss=0.00726 q=1.202 trunc=0 sps=3078 elapsed=21.0m
iter 950/1220 steps=3891200 episodes=7638 score50=66.38 eps=0.010 loss=0.00666 q=1.178 trunc=0 sps=3078 elapsed=21.1m
iter 951/1220 steps=3895296 episodes=7641 score50=67.66 eps=0.010 loss=0.00095 q=1.216 trunc=0 sps=3078 elapsed=21.1m
iter 952/1220 steps=3899392 episodes=7648 score50=65.20 eps=0.010 loss=0.01141 q=1.225 trunc=0 sps=3078 elapsed=21.1m
iter 953/1220 steps=3903488 episodes=7654 score50=67.12 eps=0.010 loss=0.00253 q=1.187 trunc=0 sps=3079 elapsed=21.1m
iter 954/1220 steps=3907584 episodes=7656 score50=69.98 eps=0.010 loss=0.00121 q=1.205 trunc=0 sps=3079 elapsed=21.2m
iter 955/1220 steps=3911680 episodes=7656 score50=69.98 eps=0.010 loss=0.00079 q=1.203 trunc=0 sps=3079 elapsed=21.2m
iter 956/1220 steps=3915776 episodes=7662 score50=70.00 eps=0.010 loss=0.01531 q=1.175 trunc=0 sps=3079 elapsed=21.2m
iter 957/1220 steps=3919872 episodes=7666 score50=68.44 eps=0.010 loss=0.00073 q=1.176 trunc=0 sps=3078 elapsed=21.2m
iter 958/1220 steps=3923968 episodes=7668 score50=69.06 eps=0.010 loss=0.00328 q=1.184 trunc=0 sps=3078 elapsed=21.2m
iter 959/1220 steps=3928064 episodes=7671 score50=68.62 eps=0.010 loss=0.01030 q=1.159 trunc=0 sps=3078 elapsed=21.3m
iter 960/1220 steps=3932160 episodes=7675 score50=68.02 eps=0.010 loss=0.00065 q=1.184 trunc=0 sps=3078 elapsed=21.3m
iter 961/1220 steps=3936256 episodes=7679 score50=66.98 eps=0.010 loss=0.00078 q=1.192 trunc=0 sps=3078 elapsed=21.3m
iter 962/1220 steps=3940352 episodes=7688 score50=68.50 eps=0.010 loss=0.01098 q=1.198 trunc=0 sps=3078 elapsed=21.3m
iter 963/1220 steps=3944448 episodes=7690 score50=67.38 eps=0.010 loss=0.00160 q=1.219 trunc=0 sps=3078 elapsed=21.4m
iter 964/1220 steps=3948544 episodes=7693 score50=68.22 eps=0.010 loss=0.00135 q=1.200 trunc=0 sps=3078 elapsed=21.4m
iter 965/1220 steps=3952640 episodes=7695 score50=68.40 eps=0.010 loss=0.00024 q=1.216 trunc=0 sps=3078 elapsed=21.4m
iter 966/1220 steps=3956736 episodes=7699 score50=67.92 eps=0.010 loss=0.00109 q=1.227 trunc=0 sps=3077 elapsed=21.4m
iter 967/1220 steps=3960832 episodes=7702 score50=66.46 eps=0.010 loss=0.01165 q=1.200 trunc=0 sps=3077 elapsed=21.5m
iter 968/1220 steps=3964928 episodes=7709 score50=67.02 eps=0.010 loss=0.00281 q=1.199 trunc=0 sps=3077 elapsed=21.5m
iter 969/1220 steps=3969024 episodes=7716 score50=65.26 eps=0.010 loss=0.00193 q=1.223 trunc=0 sps=3076 elapsed=21.5m
iter 970/1220 steps=3973120 episodes=7719 score50=63.48 eps=0.010 loss=0.00275 q=1.240 trunc=0 sps=3076 elapsed=21.5m
iter 971/1220 steps=3977216 episodes=7720 score50=63.34 eps=0.010 loss=0.00125 q=1.234 trunc=0 sps=3076 elapsed=21.5m
iter 972/1220 steps=3981312 episodes=7721 score50=63.74 eps=0.010 loss=0.00339 q=1.214 trunc=0 sps=3076 elapsed=21.6m
iter 973/1220 steps=3985408 episodes=7725 score50=64.46 eps=0.010 loss=0.00278 q=1.207 trunc=0 sps=3076 elapsed=21.6m
iter 974/1220 steps=3989504 episodes=7731 score50=65.18 eps=0.010 loss=0.00332 q=1.227 trunc=0 sps=3076 elapsed=21.6m
iter 975/1220 steps=3993600 episodes=7731 score50=65.18 eps=0.010 loss=0.00075 q=1.208 trunc=0 sps=3076 elapsed=21.6m
iter 976/1220 steps=3997696 episodes=7737 score50=65.64 eps=0.010 loss=0.00097 q=1.219 trunc=0 sps=3076 elapsed=21.7m
iter 977/1220 steps=4001792 episodes=7741 score50=66.06 eps=0.010 loss=0.00422 q=1.206 trunc=0 sps=3076 elapsed=21.7m
iter 978/1220 steps=4005888 episodes=7746 score50=66.22 eps=0.010 loss=0.00084 q=1.228 trunc=0 sps=3076 elapsed=21.7m
iter 979/1220 steps=4009984 episodes=7750 score50=67.26 eps=0.010 loss=0.00235 q=1.201 trunc=0 sps=3076 elapsed=21.7m
iter 980/1220 steps=4014080 episodes=7754 score50=68.64 eps=0.010 loss=0.00262 q=1.186 trunc=0 sps=3076 elapsed=21.8m
iter 981/1220 steps=4018176 episodes=7758 score50=68.02 eps=0.010 loss=0.01722 q=1.183 trunc=0 sps=3076 elapsed=21.8m
iter 982/1220 steps=4022272 episodes=7761 score50=68.38 eps=0.010 loss=0.00109 q=1.163 trunc=0 sps=3076 elapsed=21.8m
iter 983/1220 steps=4026368 episodes=7762 score50=68.44 eps=0.010 loss=0.00105 q=1.189 trunc=0 sps=3076 elapsed=21.8m
iter 984/1220 steps=4030464 episodes=7769 score50=66.38 eps=0.010 loss=0.01666 q=1.162 trunc=0 sps=3076 elapsed=21.8m
iter 985/1220 steps=4034560 episodes=7773 score50=66.18 eps=0.010 loss=0.00207 q=1.157 trunc=0 sps=3076 elapsed=21.9m
iter 986/1220 steps=4038656 episodes=7781 score50=61.08 eps=0.010 loss=0.00160 q=1.155 trunc=0 sps=3076 elapsed=21.9m
iter 987/1220 steps=4042752 episodes=7784 score50=61.08 eps=0.010 loss=0.00827 q=1.192 trunc=0 sps=3076 elapsed=21.9m
iter 988/1220 steps=4046848 episodes=7790 score50=58.32 eps=0.010 loss=0.01704 q=1.201 trunc=0 sps=3075 elapsed=21.9m
iter 989/1220 steps=4050944 episodes=7797 score50=59.44 eps=0.010 loss=0.00131 q=1.223 trunc=0 sps=3075 elapsed=22.0m
iter 990/1220 steps=4055040 episodes=7807 score50=58.44 eps=0.010 loss=0.00749 q=1.197 trunc=0 sps=3075 elapsed=22.0m
iter 991/1220 steps=4059136 episodes=7810 score50=57.78 eps=0.010 loss=0.00277 q=1.162 trunc=0 sps=3075 elapsed=22.0m
iter 992/1220 steps=4063232 episodes=7814 score50=59.70 eps=0.010 loss=0.00404 q=1.153 trunc=0 sps=3075 elapsed=22.0m
iter 993/1220 steps=4067328 episodes=7820 score50=66.28 eps=0.010 loss=0.00128 q=1.214 trunc=0 sps=3075 elapsed=22.0m
iter 994/1220 steps=4071424 episodes=7825 score50=67.26 eps=0.010 loss=0.00881 q=1.228 trunc=0 sps=3075 elapsed=22.1m
iter 995/1220 steps=4075520 episodes=7828 score50=68.86 eps=0.010 loss=0.00521 q=1.210 trunc=0 sps=3075 elapsed=22.1m
iter 996/1220 steps=4079616 episodes=7832 score50=69.80 eps=0.010 loss=0.00092 q=1.204 trunc=0 sps=3075 elapsed=22.1m
iter 997/1220 steps=4083712 episodes=7834 score50=69.08 eps=0.010 loss=0.00080 q=1.214 trunc=0 sps=3075 elapsed=22.1m
iter 998/1220 steps=4087808 episodes=7837 score50=69.98 eps=0.010 loss=0.00059 q=1.214 trunc=0 sps=3076 elapsed=22.2m
iter 999/1220 steps=4091904 episodes=7840 score50=68.78 eps=0.010 loss=0.01284 q=1.220 trunc=0 sps=3076 elapsed=22.2m
iter 1000/1220 steps=4096000 episodes=7845 score50=67.82 eps=0.010 loss=0.02798 q=1.242 trunc=0 sps=3076 elapsed=22.2m
  [eval] iter=1000 mean=47.65+-6.03 median=38.5 max=97 P(>=120)=0.00 entropy=1.57/2.20 wnorm=30.255 srank=53/256
iter 1001/1220 steps=4100096 episodes=7850 score50=65.80 eps=0.010 loss=0.00898 q=1.250 trunc=0 sps=3041 elapsed=22.5m
iter 1002/1220 steps=4104192 episodes=7858 score50=64.70 eps=0.010 loss=0.02864 q=1.269 trunc=0 sps=3041 elapsed=22.5m
iter 1003/1220 steps=4108288 episodes=7860 score50=64.08 eps=0.010 loss=0.00081 q=1.264 trunc=0 sps=3041 elapsed=22.5m
iter 1004/1220 steps=4112384 episodes=7866 score50=62.86 eps=0.010 loss=0.00423 q=1.228 trunc=0 sps=3041 elapsed=22.5m
iter 1005/1220 steps=4116480 episodes=7873 score50=59.02 eps=0.010 loss=0.03663 q=1.210 trunc=0 sps=3041 elapsed=22.6m
iter 1006/1220 steps=4120576 episodes=7875 score50=58.66 eps=0.010 loss=0.00073 q=1.222 trunc=0 sps=3041 elapsed=22.6m
iter 1007/1220 steps=4124672 episodes=7884 score50=58.88 eps=0.010 loss=0.02047 q=1.239 trunc=0 sps=3041 elapsed=22.6m
iter 1008/1220 steps=4128768 episodes=7893 score50=54.60 eps=0.010 loss=0.03282 q=1.174 trunc=0 sps=3040 elapsed=22.6m
iter 1009/1220 steps=4132864 episodes=7908 score50=51.04 eps=0.010 loss=0.00298 q=1.195 trunc=0 sps=3041 elapsed=22.7m
iter 1010/1220 steps=4136960 episodes=7912 score50=50.24 eps=0.010 loss=0.01049 q=1.209 trunc=0 sps=3041 elapsed=22.7m
iter 1011/1220 steps=4141056 episodes=7918 score50=51.44 eps=0.010 loss=0.02734 q=1.196 trunc=0 sps=3041 elapsed=22.7m
iter 1012/1220 steps=4145152 episodes=7924 score50=51.94 eps=0.010 loss=0.00676 q=1.219 trunc=0 sps=3041 elapsed=22.7m
iter 1013/1220 steps=4149248 episodes=7928 score50=52.52 eps=0.010 loss=0.01450 q=1.202 trunc=0 sps=3042 elapsed=22.7m
iter 1014/1220 steps=4153344 episodes=7940 score50=50.26 eps=0.010 loss=0.00581 q=1.169 trunc=0 sps=3042 elapsed=22.8m
iter 1015/1220 steps=4157440 episodes=7942 score50=51.04 eps=0.010 loss=0.00621 q=1.187 trunc=0 sps=3042 elapsed=22.8m
iter 1016/1220 steps=4161536 episodes=7946 score50=50.78 eps=0.010 loss=0.00559 q=1.256 trunc=0 sps=3042 elapsed=22.8m
iter 1017/1220 steps=4165632 episodes=7950 score50=51.52 eps=0.010 loss=0.00111 q=1.252 trunc=0 sps=3042 elapsed=22.8m
iter 1018/1220 steps=4169728 episodes=7960 score50=51.76 eps=0.010 loss=0.00379 q=1.224 trunc=0 sps=3043 elapsed=22.8m
iter 1019/1220 steps=4173824 episodes=7962 score50=50.62 eps=0.010 loss=0.00102 q=1.339 trunc=0 sps=3043 elapsed=22.9m
iter 1020/1220 steps=4177920 episodes=7964 score50=50.48 eps=0.010 loss=0.00092 q=1.312 trunc=0 sps=3043 elapsed=22.9m
iter 1021/1220 steps=4182016 episodes=7968 score50=48.60 eps=0.010 loss=0.00716 q=1.322 trunc=0 sps=3043 elapsed=22.9m
iter 1022/1220 steps=4186112 episodes=7972 score50=49.10 eps=0.010 loss=0.01163 q=1.320 trunc=0 sps=3044 elapsed=22.9m
iter 1023/1220 steps=4190208 episodes=7972 score50=49.10 eps=0.010 loss=0.00048 q=1.288 trunc=0 sps=3044 elapsed=22.9m
iter 1024/1220 steps=4194304 episodes=7974 score50=48.02 eps=0.010 loss=0.00064 q=1.287 trunc=0 sps=3044 elapsed=23.0m
iter 1025/1220 steps=4198400 episodes=7980 score50=47.24 eps=0.010 loss=0.00362 q=1.285 trunc=0 sps=3044 elapsed=23.0m
iter 1026/1220 steps=4202496 episodes=7986 score50=46.40 eps=0.010 loss=0.01298 q=1.274 trunc=0 sps=3044 elapsed=23.0m
iter 1027/1220 steps=4206592 episodes=7994 score50=44.28 eps=0.010 loss=0.00335 q=1.265 trunc=0 sps=3044 elapsed=23.0m
iter 1028/1220 steps=4210688 episodes=8000 score50=45.80 eps=0.010 loss=0.00920 q=1.291 trunc=0 sps=3044 elapsed=23.1m
iter 1029/1220 steps=4214784 episodes=8007 score50=47.20 eps=0.010 loss=0.00216 q=1.287 trunc=0 sps=3044 elapsed=23.1m
iter 1030/1220 steps=4218880 episodes=8009 score50=45.66 eps=0.010 loss=0.00109 q=1.327 trunc=0 sps=3045 elapsed=23.1m
iter 1031/1220 steps=4222976 episodes=8016 score50=45.60 eps=0.010 loss=0.00069 q=1.344 trunc=0 sps=3045 elapsed=23.1m
iter 1032/1220 steps=4227072 episodes=8023 score50=46.16 eps=0.010 loss=0.00289 q=1.320 trunc=0 sps=3045 elapsed=23.1m
iter 1033/1220 steps=4231168 episodes=8029 score50=49.50 eps=0.010 loss=0.00176 q=1.307 trunc=0 sps=3045 elapsed=23.2m
iter 1034/1220 steps=4235264 episodes=8034 score50=50.70 eps=0.010 loss=0.00542 q=1.310 trunc=0 sps=3045 elapsed=23.2m
iter 1035/1220 steps=4239360 episodes=8038 score50=53.24 eps=0.010 loss=0.00227 q=1.288 trunc=0 sps=3045 elapsed=23.2m
iter 1036/1220 steps=4243456 episodes=8043 score50=57.64 eps=0.010 loss=0.00720 q=1.303 trunc=0 sps=3045 elapsed=23.2m
iter 1037/1220 steps=4247552 episodes=8045 score50=58.16 eps=0.010 loss=0.00306 q=1.303 trunc=0 sps=3045 elapsed=23.2m
iter 1038/1220 steps=4251648 episodes=8051 score50=57.44 eps=0.010 loss=0.01694 q=1.313 trunc=0 sps=3045 elapsed=23.3m
iter 1039/1220 steps=4255744 episodes=8052 score50=56.12 eps=0.010 loss=0.03656 q=1.330 trunc=0 sps=3045 elapsed=23.3m
iter 1040/1220 steps=4259840 episodes=8059 score50=56.60 eps=0.010 loss=0.01180 q=1.333 trunc=0 sps=3046 elapsed=23.3m
iter 1041/1220 steps=4263936 episodes=8066 score50=56.42 eps=0.010 loss=0.01183 q=1.349 trunc=0 sps=3046 elapsed=23.3m
iter 1042/1220 steps=4268032 episodes=8072 score50=59.04 eps=0.010 loss=0.00429 q=1.342 trunc=0 sps=3046 elapsed=23.4m
iter 1043/1220 steps=4272128 episodes=8079 score50=54.66 eps=0.010 loss=0.02253 q=1.364 trunc=0 sps=3046 elapsed=23.4m
iter 1044/1220 steps=4276224 episodes=8081 score50=55.22 eps=0.010 loss=0.00053 q=1.384 trunc=0 sps=3046 elapsed=23.4m
iter 1045/1220 steps=4280320 episodes=8082 score50=56.14 eps=0.010 loss=0.00045 q=1.382 trunc=0 sps=3046 elapsed=23.4m
iter 1046/1220 steps=4284416 episodes=8084 score50=55.22 eps=0.010 loss=0.00018 q=1.357 trunc=0 sps=3046 elapsed=23.4m
iter 1047/1220 steps=4288512 episodes=8088 score50=54.20 eps=0.010 loss=0.00064 q=1.348 trunc=0 sps=3046 elapsed=23.5m
iter 1048/1220 steps=4292608 episodes=8094 score50=52.00 eps=0.010 loss=0.00440 q=1.318 trunc=0 sps=3046 elapsed=23.5m
iter 1049/1220 steps=4296704 episodes=8100 score50=52.66 eps=0.010 loss=0.01300 q=1.373 trunc=0 sps=3046 elapsed=23.5m
iter 1050/1220 steps=4300800 episodes=8106 score50=55.50 eps=0.010 loss=0.01792 q=1.321 trunc=0 sps=3046 elapsed=23.5m
iter 1051/1220 steps=4304896 episodes=8112 score50=58.90 eps=0.010 loss=0.00304 q=1.353 trunc=0 sps=3046 elapsed=23.6m
iter 1052/1220 steps=4308992 episodes=8119 score50=57.26 eps=0.010 loss=0.00223 q=1.369 trunc=0 sps=3046 elapsed=23.6m
iter 1053/1220 steps=4313088 episodes=8124 score50=55.98 eps=0.010 loss=0.00419 q=1.351 trunc=0 sps=3046 elapsed=23.6m
iter 1054/1220 steps=4317184 episodes=8127 score50=56.04 eps=0.010 loss=0.00156 q=1.393 trunc=0 sps=3046 elapsed=23.6m
iter 1055/1220 steps=4321280 episodes=8131 score50=55.08 eps=0.010 loss=0.00147 q=1.346 trunc=0 sps=3046 elapsed=23.6m
iter 1056/1220 steps=4325376 episodes=8134 score50=55.48 eps=0.010 loss=0.00054 q=1.383 trunc=0 sps=3046 elapsed=23.7m
iter 1057/1220 steps=4329472 episodes=8139 score50=57.56 eps=0.010 loss=0.00422 q=1.341 trunc=0 sps=3046 elapsed=23.7m
iter 1058/1220 steps=4333568 episodes=8139 score50=57.56 eps=0.010 loss=0.00051 q=1.375 trunc=0 sps=3046 elapsed=23.7m
iter 1059/1220 steps=4337664 episodes=8148 score50=57.54 eps=0.010 loss=0.01343 q=1.319 trunc=0 sps=3045 elapsed=23.7m
iter 1060/1220 steps=4341760 episodes=8150 score50=58.46 eps=0.010 loss=0.00144 q=1.353 trunc=0 sps=3045 elapsed=23.8m
iter 1061/1220 steps=4345856 episodes=8159 score50=55.12 eps=0.010 loss=0.00165 q=1.347 trunc=0 sps=3045 elapsed=23.8m
iter 1062/1220 steps=4349952 episodes=8165 score50=55.30 eps=0.010 loss=0.00186 q=1.300 trunc=0 sps=3045 elapsed=23.8m
iter 1063/1220 steps=4354048 episodes=8169 score50=56.22 eps=0.010 loss=0.00670 q=1.329 trunc=0 sps=3045 elapsed=23.8m
iter 1064/1220 steps=4358144 episodes=8172 score50=57.26 eps=0.010 loss=0.00058 q=1.348 trunc=0 sps=3045 elapsed=23.9m
iter 1065/1220 steps=4362240 episodes=8176 score50=60.62 eps=0.010 loss=0.00092 q=1.321 trunc=0 sps=3046 elapsed=23.9m
iter 1066/1220 steps=4366336 episodes=8183 score50=60.72 eps=0.010 loss=0.00416 q=1.286 trunc=0 sps=3046 elapsed=23.9m
iter 1067/1220 steps=4370432 episodes=8190 score50=57.26 eps=0.010 loss=0.00212 q=1.292 trunc=0 sps=3046 elapsed=23.9m
iter 1068/1220 steps=4374528 episodes=8197 score50=55.14 eps=0.010 loss=0.00284 q=1.257 trunc=0 sps=3046 elapsed=23.9m
iter 1069/1220 steps=4378624 episodes=8197 score50=55.14 eps=0.010 loss=0.00106 q=1.302 trunc=0 sps=3046 elapsed=24.0m
iter 1070/1220 steps=4382720 episodes=8201 score50=52.56 eps=0.010 loss=0.01761 q=1.273 trunc=0 sps=3046 elapsed=24.0m
iter 1071/1220 steps=4386816 episodes=8201 score50=52.56 eps=0.010 loss=0.00054 q=1.286 trunc=0 sps=3046 elapsed=24.0m
iter 1072/1220 steps=4390912 episodes=8207 score50=53.92 eps=0.010 loss=0.00418 q=1.273 trunc=0 sps=3046 elapsed=24.0m
iter 1073/1220 steps=4395008 episodes=8212 score50=53.98 eps=0.010 loss=0.03142 q=1.265 trunc=0 sps=3046 elapsed=24.0m
iter 1074/1220 steps=4399104 episodes=8217 score50=51.66 eps=0.010 loss=0.00235 q=1.277 trunc=0 sps=3046 elapsed=24.1m
iter 1075/1220 steps=4403200 episodes=8220 score50=49.94 eps=0.010 loss=0.00106 q=1.230 trunc=0 sps=3046 elapsed=24.1m
iter 1076/1220 steps=4407296 episodes=8220 score50=49.94 eps=0.010 loss=0.00051 q=1.232 trunc=0 sps=3046 elapsed=24.1m
iter 1077/1220 steps=4411392 episodes=8227 score50=51.16 eps=0.010 loss=0.00685 q=1.269 trunc=0 sps=3046 elapsed=24.1m
iter 1078/1220 steps=4415488 episodes=8229 score50=54.00 eps=0.010 loss=0.00904 q=1.263 trunc=0 sps=3046 elapsed=24.2m
iter 1079/1220 steps=4419584 episodes=8233 score50=53.42 eps=0.010 loss=0.01651 q=1.234 trunc=0 sps=3046 elapsed=24.2m
iter 1080/1220 steps=4423680 episodes=8233 score50=53.42 eps=0.010 loss=0.00028 q=1.237 trunc=0 sps=3046 elapsed=24.2m
iter 1081/1220 steps=4427776 episodes=8238 score50=55.58 eps=0.010 loss=0.02239 q=1.234 trunc=0 sps=3046 elapsed=24.2m
iter 1082/1220 steps=4431872 episodes=8243 score50=59.42 eps=0.010 loss=0.00715 q=1.248 trunc=0 sps=3046 elapsed=24.3m
iter 1083/1220 steps=4435968 episodes=8245 score50=60.50 eps=0.010 loss=0.02368 q=1.233 trunc=0 sps=3045 elapsed=24.3m
iter 1084/1220 steps=4440064 episodes=8247 score50=62.00 eps=0.010 loss=0.00072 q=1.201 trunc=0 sps=3045 elapsed=24.3m
iter 1085/1220 steps=4444160 episodes=8249 score50=64.18 eps=0.010 loss=0.00109 q=1.227 trunc=0 sps=3045 elapsed=24.3m
iter 1086/1220 steps=4448256 episodes=8253 score50=67.20 eps=0.010 loss=0.00089 q=1.240 trunc=0 sps=3045 elapsed=24.4m
iter 1087/1220 steps=4452352 episodes=8256 score50=66.84 eps=0.010 loss=0.01945 q=1.237 trunc=0 sps=3044 elapsed=24.4m
iter 1088/1220 steps=4456448 episodes=8260 score50=67.78 eps=0.010 loss=0.00224 q=1.213 trunc=0 sps=3044 elapsed=24.4m
iter 1089/1220 steps=4460544 episodes=8271 score50=71.70 eps=0.010 loss=0.02174 q=1.235 trunc=0 sps=3044 elapsed=24.4m
iter 1090/1220 steps=4464640 episodes=8273 score50=73.06 eps=0.010 loss=0.00213 q=1.269 trunc=0 sps=3044 elapsed=24.4m
iter 1091/1220 steps=4468736 episodes=8276 score50=71.44 eps=0.010 loss=0.00999 q=1.266 trunc=0 sps=3044 elapsed=24.5m
iter 1092/1220 steps=4472832 episodes=8276 score50=71.44 eps=0.010 loss=0.00030 q=1.286 trunc=0 sps=3044 elapsed=24.5m
iter 1093/1220 steps=4476928 episodes=8282 score50=71.00 eps=0.010 loss=0.00070 q=1.287 trunc=0 sps=3044 elapsed=24.5m
iter 1094/1220 steps=4481024 episodes=8283 score50=71.06 eps=0.010 loss=0.00050 q=1.285 trunc=0 sps=3043 elapsed=24.5m
iter 1095/1220 steps=4485120 episodes=8286 score50=71.36 eps=0.010 loss=0.00059 q=1.270 trunc=0 sps=3043 elapsed=24.6m
iter 1096/1220 steps=4489216 episodes=8290 score50=71.54 eps=0.010 loss=0.01377 q=1.262 trunc=0 sps=3043 elapsed=24.6m
iter 1097/1220 steps=4493312 episodes=8291 score50=72.58 eps=0.010 loss=0.00238 q=1.258 trunc=0 sps=3043 elapsed=24.6m
iter 1098/1220 steps=4497408 episodes=8293 score50=72.82 eps=0.010 loss=0.03060 q=1.241 trunc=0 sps=3042 elapsed=24.6m
iter 1099/1220 steps=4501504 episodes=8296 score50=74.16 eps=0.010 loss=0.00075 q=1.292 trunc=0 sps=3042 elapsed=24.7m
iter 1100/1220 steps=4505600 episodes=8299 score50=71.80 eps=0.010 loss=0.00105 q=1.255 trunc=0 sps=3042 elapsed=24.7m
  [eval] iter=1100 mean=83.05+-8.41 median=76.0 max=159 P(>=120)=0.20 entropy=1.55/2.20 wnorm=30.621 srank=54/256
iter 1101/1220 steps=4509696 episodes=8300 score50=71.02 eps=0.010 loss=0.00025 q=1.247 trunc=0 sps=2984 elapsed=25.2m
iter 1102/1220 steps=4513792 episodes=8305 score50=72.84 eps=0.010 loss=0.00191 q=1.237 trunc=0 sps=2984 elapsed=25.2m
iter 1103/1220 steps=4517888 episodes=8309 score50=73.14 eps=0.010 loss=0.00465 q=1.229 trunc=0 sps=2984 elapsed=25.2m
iter 1104/1220 steps=4521984 episodes=8313 score50=72.72 eps=0.010 loss=0.01555 q=1.219 trunc=0 sps=2983 elapsed=25.3m
iter 1105/1220 steps=4526080 episodes=8317 score50=73.78 eps=0.010 loss=0.00389 q=1.226 trunc=0 sps=2983 elapsed=25.3m
iter 1106/1220 steps=4530176 episodes=8322 score50=76.34 eps=0.010 loss=0.00149 q=1.214 trunc=0 sps=2983 elapsed=25.3m
iter 1107/1220 steps=4534272 episodes=8325 score50=78.02 eps=0.010 loss=0.00066 q=1.226 trunc=0 sps=2983 elapsed=25.3m
iter 1108/1220 steps=4538368 episodes=8327 score50=77.10 eps=0.010 loss=0.00047 q=1.251 trunc=0 sps=2982 elapsed=25.4m
iter 1109/1220 steps=4542464 episodes=8334 score50=78.44 eps=0.010 loss=0.00173 q=1.229 trunc=0 sps=2982 elapsed=25.4m
iter 1110/1220 steps=4546560 episodes=8337 score50=78.50 eps=0.010 loss=0.01557 q=1.214 trunc=0 sps=2982 elapsed=25.4m
iter 1111/1220 steps=4550656 episodes=8338 score50=79.80 eps=0.010 loss=0.00101 q=1.215 trunc=0 sps=2982 elapsed=25.4m
iter 1112/1220 steps=4554752 episodes=8341 score50=80.42 eps=0.010 loss=0.00196 q=1.191 trunc=0 sps=2982 elapsed=25.5m
iter 1113/1220 steps=4558848 episodes=8348 score50=78.42 eps=0.010 loss=0.01440 q=1.172 trunc=0 sps=2982 elapsed=25.5m
iter 1114/1220 steps=4562944 episodes=8349 score50=79.16 eps=0.010 loss=0.00082 q=1.173 trunc=0 sps=2982 elapsed=25.5m
iter 1115/1220 steps=4567040 episodes=8353 score50=79.30 eps=0.010 loss=0.01013 q=1.159 trunc=0 sps=2982 elapsed=25.5m
iter 1116/1220 steps=4571136 episodes=8361 score50=81.06 eps=0.010 loss=0.00297 q=1.138 trunc=0 sps=2982 elapsed=25.5m
iter 1117/1220 steps=4575232 episodes=8369 score50=83.04 eps=0.010 loss=0.00353 q=1.142 trunc=0 sps=2982 elapsed=25.6m
iter 1118/1220 steps=4579328 episodes=8369 score50=83.04 eps=0.010 loss=0.00144 q=1.146 trunc=0 sps=2982 elapsed=25.6m
iter 1119/1220 steps=4583424 episodes=8375 score50=80.80 eps=0.010 loss=0.01080 q=1.141 trunc=0 sps=2982 elapsed=25.6m
iter 1120/1220 steps=4587520 episodes=8377 score50=82.68 eps=0.010 loss=0.00165 q=1.143 trunc=0 sps=2982 elapsed=25.6m
iter 1121/1220 steps=4591616 episodes=8381 score50=80.86 eps=0.010 loss=0.00087 q=1.130 trunc=0 sps=2982 elapsed=25.7m
iter 1122/1220 steps=4595712 episodes=8386 score50=84.10 eps=0.010 loss=0.00133 q=1.165 trunc=0 sps=2982 elapsed=25.7m
iter 1123/1220 steps=4599808 episodes=8392 score50=78.32 eps=0.010 loss=0.00307 q=1.154 trunc=0 sps=2982 elapsed=25.7m
iter 1124/1220 steps=4603904 episodes=8401 score50=73.68 eps=0.010 loss=0.00487 q=1.159 trunc=0 sps=2983 elapsed=25.7m
iter 1125/1220 steps=4608000 episodes=8407 score50=68.90 eps=0.010 loss=0.00366 q=1.161 trunc=0 sps=2983 elapsed=25.7m
iter 1126/1220 steps=4612096 episodes=8412 score50=66.86 eps=0.010 loss=0.00285 q=1.148 trunc=0 sps=2983 elapsed=25.8m
iter 1127/1220 steps=4616192 episodes=8416 score50=64.12 eps=0.010 loss=0.00297 q=1.108 trunc=0 sps=2983 elapsed=25.8m
iter 1128/1220 steps=4620288 episodes=8419 score50=62.28 eps=0.010 loss=0.00047 q=1.195 trunc=0 sps=2983 elapsed=25.8m
iter 1129/1220 steps=4624384 episodes=8423 score50=62.30 eps=0.010 loss=0.02028 q=1.166 trunc=0 sps=2983 elapsed=25.8m
iter 1130/1220 steps=4628480 episodes=8430 score50=61.24 eps=0.010 loss=0.02982 q=1.166 trunc=0 sps=2983 elapsed=25.9m
iter 1131/1220 steps=4632576 episodes=8433 score50=58.42 eps=0.010 loss=0.00049 q=1.162 trunc=0 sps=2983 elapsed=25.9m
iter 1132/1220 steps=4636672 episodes=8436 score50=58.12 eps=0.010 loss=0.00044 q=1.170 trunc=0 sps=2983 elapsed=25.9m
iter 1133/1220 steps=4640768 episodes=8437 score50=59.12 eps=0.010 loss=0.00027 q=1.180 trunc=0 sps=2983 elapsed=25.9m
iter 1134/1220 steps=4644864 episodes=8440 score50=59.28 eps=0.010 loss=0.00045 q=1.165 trunc=0 sps=2983 elapsed=26.0m
iter 1135/1220 steps=4648960 episodes=8443 score50=59.74 eps=0.010 loss=0.00045 q=1.140 trunc=0 sps=2983 elapsed=26.0m
iter 1136/1220 steps=4653056 episodes=8449 score50=62.02 eps=0.010 loss=0.00757 q=1.143 trunc=0 sps=2983 elapsed=26.0m
iter 1137/1220 steps=4657152 episodes=8453 score50=64.10 eps=0.010 loss=0.01020 q=1.146 trunc=0 sps=2983 elapsed=26.0m
iter 1138/1220 steps=4661248 episodes=8458 score50=63.06 eps=0.010 loss=0.00066 q=1.149 trunc=0 sps=2983 elapsed=26.0m
iter 1139/1220 steps=4665344 episodes=8476 score50=57.18 eps=0.010 loss=0.03930 q=1.137 trunc=0 sps=2983 elapsed=26.1m
iter 1140/1220 steps=4669440 episodes=8485 score50=56.36 eps=0.010 loss=0.00565 q=1.142 trunc=0 sps=2983 elapsed=26.1m
iter 1141/1220 steps=4673536 episodes=8490 score50=53.40 eps=0.010 loss=0.02495 q=1.160 trunc=0 sps=2983 elapsed=26.1m
iter 1142/1220 steps=4677632 episodes=8501 score50=49.80 eps=0.010 loss=0.00898 q=1.224 trunc=0 sps=2983 elapsed=26.1m
iter 1143/1220 steps=4681728 episodes=8514 score50=49.80 eps=0.010 loss=0.00665 q=1.240 trunc=0 sps=2984 elapsed=26.2m
iter 1144/1220 steps=4685824 episodes=8522 score50=52.92 eps=0.010 loss=0.01136 q=1.234 trunc=0 sps=2984 elapsed=26.2m
iter 1145/1220 steps=4689920 episodes=8531 score50=54.26 eps=0.010 loss=0.01073 q=1.248 trunc=0 sps=2984 elapsed=26.2m
iter 1146/1220 steps=4694016 episodes=8533 score50=51.74 eps=0.010 loss=0.00209 q=1.263 trunc=0 sps=2984 elapsed=26.2m
iter 1147/1220 steps=4698112 episodes=8533 score50=51.74 eps=0.010 loss=0.00210 q=1.257 trunc=0 sps=2985 elapsed=26.2m
iter 1148/1220 steps=4702208 episodes=8535 score50=50.04 eps=0.010 loss=0.01591 q=1.246 trunc=0 sps=2985 elapsed=26.3m
iter 1149/1220 steps=4706304 episodes=8537 score50=51.14 eps=0.010 loss=0.00043 q=1.246 trunc=0 sps=2985 elapsed=26.3m
iter 1150/1220 steps=4710400 episodes=8542 score50=51.82 eps=0.010 loss=0.00458 q=1.233 trunc=0 sps=2985 elapsed=26.3m
iter 1151/1220 steps=4714496 episodes=8543 score50=53.82 eps=0.010 loss=0.00031 q=1.252 trunc=0 sps=2986 elapsed=26.3m
iter 1152/1220 steps=4718592 episodes=8547 score50=56.24 eps=0.010 loss=0.00341 q=1.240 trunc=0 sps=2986 elapsed=26.3m
iter 1153/1220 steps=4722688 episodes=8547 score50=56.24 eps=0.010 loss=0.00018 q=1.267 trunc=0 sps=2986 elapsed=26.4m
iter 1154/1220 steps=4726784 episodes=8548 score50=56.38 eps=0.010 loss=0.00030 q=1.256 trunc=0 sps=2986 elapsed=26.4m
iter 1155/1220 steps=4730880 episodes=8551 score50=55.42 eps=0.010 loss=0.00021 q=1.256 trunc=0 sps=2986 elapsed=26.4m
iter 1156/1220 steps=4734976 episodes=8551 score50=55.42 eps=0.010 loss=0.00060 q=1.255 trunc=0 sps=2986 elapsed=26.4m
iter 1157/1220 steps=4739072 episodes=8553 score50=57.64 eps=0.010 loss=0.00094 q=1.247 trunc=0 sps=2986 elapsed=26.4m
iter 1158/1220 steps=4743168 episodes=8555 score50=57.90 eps=0.010 loss=0.00040 q=1.236 trunc=0 sps=2986 elapsed=26.5m
iter 1159/1220 steps=4747264 episodes=8557 score50=61.08 eps=0.010 loss=0.00027 q=1.244 trunc=0 sps=2987 elapsed=26.5m
iter 1160/1220 steps=4751360 episodes=8559 score50=62.76 eps=0.010 loss=0.00038 q=1.234 trunc=0 sps=2986 elapsed=26.5m
iter 1161/1220 steps=4755456 episodes=8559 score50=62.76 eps=0.010 loss=0.00014 q=1.247 trunc=0 sps=2986 elapsed=26.5m
iter 1162/1220 steps=4759552 episodes=8560 score50=63.74 eps=0.010 loss=0.00038 q=1.244 trunc=0 sps=2986 elapsed=26.6m
iter 1163/1220 steps=4763648 episodes=8563 score50=62.58 eps=0.010 loss=0.00241 q=1.226 trunc=0 sps=2986 elapsed=26.6m
iter 1164/1220 steps=4767744 episodes=8564 score50=62.86 eps=0.010 loss=0.00059 q=1.224 trunc=0 sps=2986 elapsed=26.6m
iter 1165/1220 steps=4771840 episodes=8571 score50=61.28 eps=0.010 loss=0.00227 q=1.209 trunc=0 sps=2985 elapsed=26.6m
iter 1166/1220 steps=4775936 episodes=8573 score50=60.56 eps=0.010 loss=0.00050 q=1.215 trunc=0 sps=2985 elapsed=26.7m
iter 1167/1220 steps=4780032 episodes=8580 score50=61.52 eps=0.010 loss=0.00125 q=1.219 trunc=0 sps=2985 elapsed=26.7m
iter 1168/1220 steps=4784128 episodes=8593 score50=62.62 eps=0.010 loss=0.01578 q=1.208 trunc=0 sps=2985 elapsed=26.7m
iter 1169/1220 steps=4788224 episodes=8609 score50=63.02 eps=0.010 loss=0.02502 q=1.152 trunc=0 sps=2985 elapsed=26.7m
iter 1170/1220 steps=4792320 episodes=8622 score50=63.80 eps=0.010 loss=0.01217 q=1.181 trunc=0 sps=2985 elapsed=26.8m
iter 1171/1220 steps=4796416 episodes=8626 score50=64.22 eps=0.010 loss=0.00238 q=1.208 trunc=0 sps=2985 elapsed=26.8m
iter 1172/1220 steps=4800512 episodes=8631 score50=64.34 eps=0.010 loss=0.00264 q=1.211 trunc=0 sps=2985 elapsed=26.8m
iter 1173/1220 steps=4804608 episodes=8633 score50=64.64 eps=0.010 loss=0.00149 q=1.220 trunc=0 sps=2985 elapsed=26.8m
iter 1174/1220 steps=4808704 episodes=8635 score50=63.62 eps=0.010 loss=0.00342 q=1.206 trunc=0 sps=2985 elapsed=26.8m
iter 1175/1220 steps=4812800 episodes=8640 score50=61.34 eps=0.010 loss=0.00127 q=1.226 trunc=0 sps=2986 elapsed=26.9m
iter 1176/1220 steps=4816896 episodes=8646 score50=58.34 eps=0.010 loss=0.00750 q=1.201 trunc=0 sps=2986 elapsed=26.9m
iter 1177/1220 steps=4820992 episodes=8651 score50=57.72 eps=0.010 loss=0.00091 q=1.212 trunc=0 sps=2986 elapsed=26.9m
iter 1178/1220 steps=4825088 episodes=8657 score50=58.92 eps=0.010 loss=0.03144 q=1.158 trunc=0 sps=2985 elapsed=26.9m
iter 1179/1220 steps=4829184 episodes=8664 score50=58.72 eps=0.010 loss=0.01878 q=1.161 trunc=0 sps=2985 elapsed=27.0m
iter 1180/1220 steps=4833280 episodes=8667 score50=60.74 eps=0.010 loss=0.00162 q=1.162 trunc=0 sps=2985 elapsed=27.0m
iter 1181/1220 steps=4837376 episodes=8673 score50=60.90 eps=0.010 loss=0.00303 q=1.201 trunc=0 sps=2985 elapsed=27.0m
iter 1182/1220 steps=4841472 episodes=8677 score50=62.08 eps=0.010 loss=0.03483 q=1.147 trunc=0 sps=2985 elapsed=27.0m
iter 1183/1220 steps=4845568 episodes=8683 score50=63.82 eps=0.010 loss=0.00502 q=1.191 trunc=0 sps=2986 elapsed=27.0m
iter 1184/1220 steps=4849664 episodes=8690 score50=66.32 eps=0.010 loss=0.01006 q=1.195 trunc=0 sps=2985 elapsed=27.1m
iter 1185/1220 steps=4853760 episodes=8695 score50=67.78 eps=0.010 loss=0.00124 q=1.186 trunc=0 sps=2986 elapsed=27.1m
iter 1186/1220 steps=4857856 episodes=8697 score50=67.80 eps=0.010 loss=0.00078 q=1.195 trunc=0 sps=2986 elapsed=27.1m
iter 1187/1220 steps=4861952 episodes=8699 score50=67.50 eps=0.010 loss=0.01538 q=1.193 trunc=0 sps=2986 elapsed=27.1m
iter 1188/1220 steps=4866048 episodes=8702 score50=65.06 eps=0.010 loss=0.00373 q=1.192 trunc=0 sps=2986 elapsed=27.2m
iter 1189/1220 steps=4870144 episodes=8706 score50=62.42 eps=0.010 loss=0.00050 q=1.185 trunc=0 sps=2987 elapsed=27.2m
iter 1190/1220 steps=4874240 episodes=8710 score50=62.42 eps=0.010 loss=0.00239 q=1.183 trunc=0 sps=2987 elapsed=27.2m
iter 1191/1220 steps=4878336 episodes=8712 score50=62.24 eps=0.010 loss=0.00151 q=1.197 trunc=0 sps=2987 elapsed=27.2m
iter 1192/1220 steps=4882432 episodes=8718 score50=58.38 eps=0.010 loss=0.00111 q=1.199 trunc=0 sps=2987 elapsed=27.2m
iter 1193/1220 steps=4886528 episodes=8719 score50=58.58 eps=0.010 loss=0.00104 q=1.192 trunc=0 sps=2987 elapsed=27.3m
iter 1194/1220 steps=4890624 episodes=8726 score50=57.16 eps=0.010 loss=0.00172 q=1.206 trunc=0 sps=2987 elapsed=27.3m
iter 1195/1220 steps=4894720 episodes=8728 score50=55.48 eps=0.010 loss=0.00028 q=1.193 trunc=0 sps=2987 elapsed=27.3m
iter 1196/1220 steps=4898816 episodes=8731 score50=55.24 eps=0.010 loss=0.00074 q=1.192 trunc=0 sps=2987 elapsed=27.3m
iter 1197/1220 steps=4902912 episodes=8737 score50=54.46 eps=0.010 loss=0.00110 q=1.194 trunc=0 sps=2987 elapsed=27.4m
iter 1198/1220 steps=4907008 episodes=8739 score50=55.66 eps=0.010 loss=0.00102 q=1.184 trunc=0 sps=2987 elapsed=27.4m
iter 1199/1220 steps=4911104 episodes=8742 score50=54.22 eps=0.010 loss=0.00054 q=1.166 trunc=0 sps=2987 elapsed=27.4m
iter 1200/1220 steps=4915200 episodes=8744 score50=54.76 eps=0.010 loss=0.00143 q=1.150 trunc=0 sps=2987 elapsed=27.4m
  [eval] iter=1200 mean=78.35+-7.35 median=72.0 max=159 P(>=120)=0.10 entropy=1.25/2.20 wnorm=31.036 srank=49/256
iter 1201/1220 steps=4919296 episodes=8745 score50=54.10 eps=0.010 loss=0.00030 q=1.177 trunc=0 sps=2941 elapsed=27.9m
iter 1202/1220 steps=4923392 episodes=8750 score50=54.56 eps=0.010 loss=0.02301 q=1.174 trunc=0 sps=2941 elapsed=27.9m
iter 1203/1220 steps=4927488 episodes=8753 score50=55.34 eps=0.010 loss=0.01342 q=1.132 trunc=0 sps=2941 elapsed=27.9m
iter 1204/1220 steps=4931584 episodes=8759 score50=56.90 eps=0.010 loss=0.02259 q=1.171 trunc=0 sps=2941 elapsed=27.9m
iter 1205/1220 steps=4935680 episodes=8761 score50=57.02 eps=0.010 loss=0.00026 q=1.162 trunc=0 sps=2941 elapsed=28.0m
iter 1206/1220 steps=4939776 episodes=8767 score50=57.72 eps=0.010 loss=0.00110 q=1.167 trunc=0 sps=2941 elapsed=28.0m
iter 1207/1220 steps=4943872 episodes=8770 score50=57.46 eps=0.010 loss=0.00147 q=1.152 trunc=0 sps=2940 elapsed=28.0m
iter 1208/1220 steps=4947968 episodes=8777 score50=59.56 eps=0.010 loss=0.00550 q=1.173 trunc=0 sps=2940 elapsed=28.0m
iter 1209/1220 steps=4952064 episodes=8778 score50=60.20 eps=0.010 loss=0.00116 q=1.174 trunc=0 sps=2940 elapsed=28.1m
iter 1210/1220 steps=4956160 episodes=8784 score50=61.32 eps=0.010 loss=0.01548 q=1.193 trunc=0 sps=2940 elapsed=28.1m
iter 1211/1220 steps=4960256 episodes=8788 score50=62.48 eps=0.010 loss=0.00299 q=1.189 trunc=0 sps=2940 elapsed=28.1m
iter 1212/1220 steps=4964352 episodes=8794 score50=65.20 eps=0.010 loss=0.00744 q=1.177 trunc=0 sps=2940 elapsed=28.1m
iter 1213/1220 steps=4968448 episodes=8813 score50=65.46 eps=0.010 loss=0.01088 q=1.214 trunc=0 sps=2940 elapsed=28.2m
iter 1214/1220 steps=4972544 episodes=8824 score50=69.68 eps=0.010 loss=0.02294 q=1.131 trunc=0 sps=2940 elapsed=28.2m
iter 1215/1220 steps=4976640 episodes=8830 score50=66.14 eps=0.010 loss=0.01609 q=1.203 trunc=0 sps=2940 elapsed=28.2m
iter 1216/1220 steps=4980736 episodes=8840 score50=61.46 eps=0.010 loss=0.01243 q=1.193 trunc=0 sps=2941 elapsed=28.2m
iter 1217/1220 steps=4984832 episodes=8850 score50=58.68 eps=0.010 loss=0.00267 q=1.154 trunc=0 sps=2941 elapsed=28.2m
iter 1218/1220 steps=4988928 episodes=8851 score50=59.42 eps=0.010 loss=0.00088 q=1.173 trunc=0 sps=2941 elapsed=28.3m
iter 1219/1220 steps=4993024 episodes=8854 score50=60.50 eps=0.010 loss=0.00158 q=1.178 trunc=0 sps=2942 elapsed=28.3m
iter 1220/1220 steps=4997120 episodes=8859 score50=58.74 eps=0.010 loss=0.00257 q=1.182 trunc=0 sps=2942 elapsed=28.3m
  [eval] iter=1220 mean=48.90+-6.04 median=47.0 max=97 P(>=120)=0.00 entropy=1.61/2.20 wnorm=31.101 srank=46/256
creating GIF from: final_results\04_pqn_vec_attention\PQN_seed0_0806_191106\best.pt
saved=final_results\04_pqn_vec_attention\PQN_seed0_0806_191106\best_agent.gif
saved_observation=skipped (vector-observation model has no 84x84 frame to show)
seed=20000 score=48 frames=733 fps=15.00 device=cuda model=vector
Saved to: final_results\04_pqn_vec_attention\PQN_seed0_0806_191106
Random : mean=9.80 median=10.0 max=21
Learned: mean=48.90+-6.04 median=47.0 max=97 P(>=120)=0.00 entropy=1.61
