gradient_step,loss
0,0.6540507078170776
16,0.15332426130771637
32,0.16010072827339172
48,0.26535266637802124
64,0.17899474501609802
80,0.15882913768291473
96,0.2474234700202942
112,0.1346709132194519
128,0.2516210377216339
144,0.152043417096138
160,0.1701814830303192
176,0.2420274019241333
192,0.32050734758377075
208,0.255329966545105
224,0.12637898325920105
240,0.2420426905155182
256,0.02662764862179756
272,0.007260146550834179
288,0.01274826005101204
304,0.01964637264609337
320,0.011276884004473686
336,0.011630022898316383
352,0.01141242403537035
368,0.04461504891514778
384,0.052135344594717026
400,0.011101012118160725
416,0.06452621519565582
432,0.04967814311385155
448,0.008619626052677631
464,0.11438833177089691
480,0.007506429683417082
496,0.012789910659193993
512,0.0025371075607836246
528,0.002422400051727891
544,0.001824361039325595
560,0.10886857658624649
576,0.09603395313024521
592,0.05102391168475151
608,0.003575711976736784
624,0.002062060870230198
640,0.00151383550837636
656,0.0035424893721938133
672,0.003946279641240835
688,0.0018034180393442512
704,0.0019394318806007504
720,0.0044288537465035915
736,0.053996067494153976
752,0.004744400270283222
768,0.0022748163901269436
784,0.002014682162553072
800,0.0013384462799876928
816,0.0022445772774517536
832,0.003340288531035185
848,0.0010859707836061716
864,0.0017313266871497035
880,0.153982013463974
896,0.0038746055215597153
912,0.004474718123674393
928,0.0019327362533658743
944,0.0014329667901620269
960,0.006944885477423668
976,0.05209289491176605
992,0.0018937750719487667
1008,0.00199253112077713
1024,0.010242816992104053
1040,0.0024481811560690403
1056,0.002120299031957984
1072,0.0028129303827881813
1088,0.046921923756599426
1104,0.06281881034374237
1120,0.06019994989037514
1136,0.003336632624268532
1152,0.0022922800853848457
1168,0.0035266103222966194
1184,0.0024121697060763836
1200,0.001998899271711707
1216,0.05396377667784691
1232,0.0029172799549996853
1248,0.043238475918769836
1264,0.0024066215846687555
1280,0.05957183986902237
1296,0.0009597132448107004
1312,0.001519063371233642
1328,0.0018033976666629314
1344,0.061973609030246735
1360,0.048937514424324036
1376,0.06076910346746445
1392,0.005998645909130573
1408,0.003619783790782094
1424,0.0025603976100683212
1440,0.0022921233903616667
1456,0.0009982160991057754
1472,0.002463094424456358
1488,0.056604936718940735
1504,0.05516244098544121
1520,0.05480704829096794
1536,0.0025647319853305817
1552,0.0013272506184875965
1568,0.0014022745890542865
1584,0.04518789425492287
1600,0.0021826745942234993
1616,0.0033987904898822308
1632,0.0019813310354948044
1648,0.001435447484254837
1664,0.003024931298568845
1680,0.002396281808614731
1696,0.0040074498392641544
1712,0.002968099433928728
1728,0.00177245051600039
1744,0.002984620165079832
1760,0.001490766298957169
1776,0.05159427970647812
1792,0.0016039483016356826
1808,0.0007447438547387719
1824,0.0014930663164705038
1840,0.001676502637565136
1856,0.06979099661111832
1872,0.0018034002278000116
1888,0.0031424053013324738
1904,0.003740521613508463
1920,0.0014106837334111333
1936,0.0647372454404831
1952,0.002489314181730151
1968,0.0018410306656733155
1984,0.002439054660499096
2000,0.0022026330698281527
2016,0.0026580197736620903
2032,0.0031724057625979185
2048,0.0036244834773242474
2064,0.06967020779848099
2080,0.0015440034912899137
2096,0.0036337110213935375
2112,0.006232048850506544
2128,0.0014888213481754065
2144,0.002135785296559334
2160,0.049719180911779404
2176,0.07395459711551666
2192,0.0030906498432159424
2208,0.004520351532846689
2224,0.001982922200113535
2240,0.002496554749086499
2256,0.0021895389072597027
2272,0.06745599210262299
2288,0.0012633546721190214
2304,0.0026910940650850534
2320,0.0016900845803320408
2336,0.001942895003594458
2352,0.0021706940606236458
2368,0.0012450292706489563
2384,0.0009054649854078889
2400,0.0012276507914066315
2416,0.13456028699874878
2432,0.002775132190436125
2448,0.0030703325755894184
2464,0.1209726333618164
2480,0.003056388581171632
2496,0.001684997114352882
2512,0.06698010116815567
2528,0.0023370536509901285
2544,0.0021682269871234894
2560,0.0019061211496591568
2576,0.002628656104207039
2592,0.001331954961642623
2608,0.0016453464049845934
2624,0.0010104526299983263
2640,0.0018600241746753454
2656,0.0019293802324682474
2672,0.0017095475923269987
2688,0.0014563684817403555
2704,0.0018211371498182416
2720,0.002164255129173398
2736,0.0020879311487078667
2752,0.0034097079187631607
2768,0.0023635742254555225
2784,0.001478375168517232
2800,0.0017265091883018613
2816,0.003147213952615857
2832,0.07401289790868759
2848,0.0025585214607417583
2864,0.004847762640565634
2880,0.0018340209499001503
2896,0.0018477075500413775
2912,0.004126908257603645
2928,0.002022199798375368
2944,0.1219930499792099
2960,0.04135477915406227
2976,0.0010919392807409167
2992,0.058880217373371124
3008,0.050982315093278885
3024,0.002215603133663535
3040,0.001829824992455542
3056,0.0017875803168863058
3072,0.0029964784625917673
3088,0.001960914582014084
3104,0.07144671678543091
3120,0.002081120852380991
3136,0.0010882846545428038
3152,0.0011346794199198484
3168,0.06879100203514099
3184,0.0014858851209282875
3200,0.006074714474380016
3216,0.001781910308636725
3232,0.0031168581917881966
3248,0.004088123328983784
3264,0.003393589286133647
3280,0.00253493245691061
3296,0.0012719501974061131
3312,0.0026937127113342285
3328,0.090586818754673
3344,0.002185346093028784
3360,0.0020072662737220526
3376,0.0025511938147246838
3392,0.003995002247393131
3408,0.002996095921844244
3424,0.002146117389202118
3440,0.0015895336400717497
3456,0.0024156528525054455
3472,0.002568608382716775
3488,0.04999944567680359
3504,0.0021714067552238703
3520,0.06208884343504906
3536,0.0027664550580084324
3552,0.043131161481142044
3568,0.06602391600608826
3584,0.0030054477974772453
3600,0.0019899667240679264
3616,0.07203516364097595
3632,0.002953164279460907
3648,0.0032233770471066236
3664,0.06628580391407013
3680,0.062078338116407394
3696,0.002673096489161253
3712,0.002358244499191642
3728,0.0038219448179006577
3744,0.0027530144434422255
3760,0.07097045332193375
3776,0.004493677988648415
3792,0.002001092303544283
3808,0.05632472783327103
3824,0.0027759959921240807
3840,0.00578201562166214
3856,0.0044156769290566444
3872,0.002569756004959345
3888,0.002124606631696224
3904,0.0009179805056191981
3920,0.002034226432442665
3936,0.00155146443285048
3952,0.0014520210679620504
3968,0.002479373710229993
3984,0.0017424786929041147
4000,0.007645757868885994
4016,0.0017282457556575537
4032,0.003132703946903348
4048,0.00532887689769268
4064,0.0015630844281986356
4080,0.001981448382139206
4096,0.003446603659540415
4112,0.16121602058410645
4128,0.001832463894970715
4144,0.0015365472063422203
4160,0.0030927585903555155
4176,0.062397971749305725
4192,0.002300921594724059
4208,0.001971823163330555
4224,0.00569009268656373
4240,0.0059968251734972
4256,0.0017411326989531517
4272,0.003075121669098735
4288,0.003577557858079672
4304,0.002106454921886325
4320,0.0017095713410526514
4336,0.1252731829881668
4352,0.0027858021203428507
4368,0.002266266383230686
4384,0.007330006919801235
4400,0.0027063172310590744
4416,0.0013618944212794304
4432,0.06923545897006989
4448,0.005935348104685545
4464,0.003789287991821766
4480,0.002178353723138571
4496,0.0034814949613064528
4512,0.0040331375785171986
4528,0.052400607615709305
4544,0.0010673648212105036
4560,0.00491122342646122
4576,0.05011396482586861
4592,0.004544209223240614
4608,0.002526524942368269
4624,0.05200470983982086
4640,0.004085319582372904
4656,0.0034033209085464478
4672,0.0026132601778954268
4688,0.002344120992347598
4704,0.0014172033406794071
4720,0.003897374961525202
4736,0.002972531598061323
4752,0.06416403502225876
4768,0.08880843222141266
4784,0.003737448947504163
4800,0.0024567022919654846
4816,0.002870374359190464
4832,0.003167258109897375
4848,0.05343218147754669
4864,0.003575243754312396
4880,0.007135676220059395
4896,0.0021851561032235622
4912,0.06420090049505234
4928,0.0038320254534482956
4944,0.035977572202682495
4960,0.003890630789101124
4976,0.001820434583351016
4992,0.0723043829202652
5008,0.01290720421820879
5024,0.0030373670160770416
5040,0.0043289694003760815
5056,0.0033451744820922613
5072,0.005622231867164373
5088,0.005053679458796978
5104,0.004866472445428371
5120,0.00315963220782578
5136,0.005340599920600653
5152,0.003076643217355013
5168,0.003957334440201521
5184,0.002082505729049444
5200,0.0093846395611763
5216,0.05889621004462242
5232,0.0029142796993255615
5248,0.0021273489110171795
5264,0.003265966661274433
5280,0.003891370492056012
5296,0.0022121972870081663
5312,0.004021384287625551
5328,0.04532965272665024
5344,0.05110178515315056
5360,0.0026688408106565475
5376,0.0022003562189638615
5392,0.00123137969058007
5408,0.004578002728521824
5424,0.002159840427339077
5440,0.005946457386016846
5456,0.06413698941469193
5472,0.003131692297756672
5488,0.005278874188661575
5504,0.003943230956792831
5520,0.006803944706916809
5536,0.00403988640755415
5552,0.0028818631544709206
5568,0.002741071628406644
5584,0.0027881087735295296
5600,0.0027607311494648457
5616,0.0046092146076262
5632,0.0027087251655757427
5648,0.004186204168945551
5664,0.13070601224899292
5680,0.004505212418735027
5696,0.004181716591119766
5712,0.0064283148385584354
5728,0.009364503435790539
5744,0.20543795824050903
5760,0.00408914964646101
5776,0.04489598050713539
5792,0.002660212107002735
5808,0.0033338291104882956
5824,0.003210497321560979
5840,0.006489708088338375
5856,0.007659450173377991
5872,0.005910400301218033
5888,0.007478256709873676
5904,0.007594285998493433
5920,0.0035591190680861473
5936,0.001097348751500249
5952,0.06809305399656296
5968,0.003971368074417114
5984,0.0027768448926508427
6000,0.004402399528771639
6016,0.07393500953912735
6032,0.00649666553363204
6048,0.006105558015406132
6064,0.0032125338912010193
6080,0.004720890428870916
6096,0.0029806478414684534
6112,0.0032694190740585327
6128,0.006710432469844818
6144,0.03215548023581505
6160,0.04289814457297325
6176,0.004811982158571482
6192,0.006119292229413986
6208,0.0053091226145625114
6224,0.005344826728105545
6240,0.0031615528278052807
6256,0.005166342481970787
6272,0.010394752956926823
6288,0.0031557418406009674
6304,0.0717044249176979
6320,0.04897273704409599
6336,0.004693180322647095
6352,0.03045395389199257
6368,0.0057207755744457245
6384,0.007778252940624952
6400,0.0024927444756031036
6416,0.005867226980626583
6432,0.004783656448125839
6448,0.06327297538518906
6464,0.0028354888781905174
6480,0.006542608141899109
6496,0.005025407299399376
6512,0.0029676491394639015
6528,0.004188125021755695
6544,0.005042600445449352
6560,0.04557299241423607
6576,0.0029492590110749006
6592,0.004525818862020969
6608,0.004528792109340429
6624,0.041148677468299866
6640,0.002450755098834634
6656,0.054193463176488876
6672,0.002003360539674759
6688,0.003164330031722784
6704,0.0037147291004657745
6720,0.0022433109115809202
6736,0.0038560491520911455
6752,0.0074168662540614605
6768,0.06271040439605713
6784,0.04078659787774086
6800,0.0022378817666321993
6816,0.0040938956663012505
6832,0.0018676286563277245
6848,0.0018480056896805763
6864,0.0072901747189462185
6880,0.05401314049959183
6896,0.04477150738239288
6912,0.010453170165419579
6928,0.005160612519830465
6944,0.006083520594984293
6960,0.0802176222205162
6976,0.005121392663568258
6992,0.0074628498405218124
7008,0.0917918011546135
7024,0.005628481041640043
7040,0.0029945317655801773
7056,0.0670798122882843
7072,0.00650454219430685
7088,0.0028700479306280613
7104,0.001295007998123765
7120,0.00346946157515049
7136,0.043404996395111084
7152,0.009099452756345272
7168,0.0022697444073855877
7184,0.011008371599018574
7200,0.002915856661275029
7216,0.07411229610443115
7232,0.004423385951668024
7248,0.00219001155346632
7264,0.008340845815837383
7280,0.0028041813056916
7296,0.005140972323715687
7312,0.0018726614071056247
7328,0.026736335828900337
7344,0.0038984257262200117
7360,0.004701097495853901
7376,0.002945483196526766
7392,0.11359915882349014
7408,0.002617622260004282
7424,0.0363713763654232
7440,0.006386026740074158
7456,0.018291113898158073
7472,0.003026865655556321
7488,0.041196953505277634
7504,0.0038593581411987543
7520,0.004822154063731432
7536,0.04600157216191292
7552,0.00584015715867281
7568,0.0036570411175489426
7584,0.004890467040240765
7600,0.011289793998003006
7616,0.0046487594954669476
7632,0.0036173572298139334
7648,0.002204067073762417
7664,0.003358190879225731
7680,0.0032574948854744434
7696,0.016272837296128273
7712,0.003644739743322134
7728,0.08704829216003418
7744,0.005061443895101547
7760,0.0025978554040193558
7776,0.002810971811413765
7792,0.003742458298802376
7808,0.0013190157478675246
7824,0.0014996661338955164
7840,0.00196820474229753
7856,0.037198979407548904
7872,0.02061590924859047
7888,0.03591582924127579
7904,0.0019425590289756656
7920,0.004692612215876579
7936,0.024869879707694054
7952,0.0540207140147686
7968,0.0012837352696806192
7984,0.0038323691114783287
8000,0.043784745037555695
8016,0.0035423969384282827
8032,0.059921760112047195
8048,0.0042773340828716755
8064,0.06074277684092522
8080,0.006280315574258566
8096,0.005921755917370319
8112,0.004253384191542864
8128,0.00225305394269526
8144,0.007811322808265686
8160,0.009594738483428955
8176,0.08516401052474976
8192,0.0009660407667979598
8208,0.0017904778942465782
8224,0.0023583979345858097
8240,0.003080034162849188
8256,0.0013823200715705752
8272,0.032473910599946976
8288,0.06338249146938324
8304,0.0034063495695590973
8320,0.00646593514829874
8336,0.001358321402221918
8352,0.04876186326146126
8368,0.0027844994328916073
8384,0.002930479822680354
8400,0.0018835162045434117
8416,0.030781971290707588
8432,0.0022543207742273808
8448,0.004552300088107586
8464,0.0019651614129543304
8480,0.0027618352323770523
8496,0.04245840758085251
8512,0.006623095832765102
8528,0.1379290521144867
8544,0.003375714411959052
8560,0.0038048585411161184
8576,0.001308723003603518
8592,0.0018975662533193827
8608,0.0025102675426751375
8624,0.007877575233578682
8640,0.013822656124830246
8656,0.001230468275025487
8672,0.003768177703022957
8688,0.010243663564324379
8704,0.13527101278305054
8720,0.002070765011012554
8736,0.0052809808403253555
8752,0.020413948222994804
8768,0.004279499873518944
8784,0.003232097253203392
8800,0.001958537381142378
8816,0.0021060239523649216
8832,0.006430659908801317
8848,0.006784991826862097
8864,0.002719842130318284
8880,0.0024816524237394333
8896,0.031891606748104095
8912,0.002157348208129406
8928,0.002170591615140438
8944,0.00717404019087553
8960,0.0014809118583798409
8976,0.00906000379472971
8992,0.007923580706119537
9008,0.0018984656780958176
9024,0.015805693343281746
9040,0.0033618384040892124
9056,0.009550558403134346
9072,0.004682831931859255
9088,0.014840533025562763
9104,0.001877287868410349
9120,0.05414456129074097
9136,0.0009042088058777153
9152,0.001141538843512535
9168,0.018087534233927727
9184,0.0046745240688323975
9200,0.02061511017382145
9216,0.0014462419785559177
9232,0.0022099032066762447
9248,0.006277699954807758
9264,0.0019357639830559492
9280,0.007334782276302576
9296,0.07430895417928696
9312,0.0018622225616127253
9328,0.011731049045920372
9344,0.03412871062755585
9360,0.0089584244415164
9376,0.0074135735630989075
9392,0.025092780590057373
9408,0.01502712070941925
9424,0.00505148246884346
9440,0.005833451636135578
9456,0.0038339884486049414
9472,0.002065379172563553
9488,0.004999787546694279
9504,0.006364922039210796
9520,0.001292120898142457
9536,0.007290286011993885
9552,0.015837503597140312
9568,0.020107772201299667
9584,0.003267032327130437
9600,0.002781764604151249
9616,0.02417803555727005
9632,0.001904439995996654
9648,0.0021920446306467056
9664,0.0035245544277131557
9680,0.002311444841325283
9696,0.0013953878078609705
9712,0.007829401642084122
9728,0.0014319454785436392
9744,0.045993685722351074
9760,0.01624440960586071
9776,0.008230606094002724
9792,0.0051743825897574425
9808,0.007232011295855045
9824,0.030670050531625748
9840,0.008159170858561993
9856,0.0024145261850208044
9872,0.010651571676135063
9888,0.010775310918688774
9904,0.0132225900888443
9920,0.00962757971137762
9936,0.0068038757890462875
9952,0.003575327806174755
9968,0.006045423448085785
9984,0.004501319490373135
10000,0.007086911238729954
10016,0.02896379679441452
10032,0.010743366554379463
10048,0.02543330378830433
10064,0.008545638993382454
10080,0.0033855661749839783
10096,0.0038028236012905836
10112,0.003953196108341217
10128,0.0032467632554471493
10144,0.0019034389406442642
10160,0.005566916428506374
10176,0.00307533354498446
10192,0.0032105932477861643
10208,0.008543097414076328
10224,0.014023754745721817
10240,0.041820891201496124
10256,0.01516649778932333
10272,0.010947738774120808
10288,0.004519032314419746
10304,0.021115843206644058
10320,0.018899492919445038
10336,0.006258418783545494
10352,0.01661352813243866
10368,0.008015352301299572
10384,0.020829517394304276
10400,0.00419565849006176
10416,0.01249522715806961
10432,0.015086532570421696
10448,0.010284422896802425
10464,0.010479802265763283
10480,0.031115129590034485
10496,0.0964268371462822
10512,0.024210449308156967
10528,0.008188889361917973
10544,0.0017260357271879911
10560,0.0014020407106727362
10576,0.003937931731343269
10592,0.012983482331037521
10608,0.006038688123226166
10624,0.009079467505216599
10640,0.004196835681796074
10656,0.006834827829152346
10672,0.011085379868745804
10688,0.025371164083480835
10704,0.020024247467517853
10720,0.007509941700845957
10736,0.007646569050848484
10752,0.06869183480739594
10768,0.003128431271761656
10784,0.0021979408338665962
10800,0.0028037498705089092
10816,0.0889795795083046
10832,0.021868471056222916
10848,0.009014708921313286
10864,0.010589927434921265
10880,0.07563074678182602
10896,0.01681804098188877
10912,0.006540190428495407
10928,0.009095575660467148
10944,0.02614765614271164
10960,0.011843637563288212
10976,0.005587713792920113
10992,0.010012117214500904
11008,0.04219473898410797
11024,0.0022259200923144817
11040,0.04634863883256912
11056,0.011171486228704453
11072,0.00796503759920597
11088,0.05225421115756035
11104,0.014556283131241798
11120,0.012122061103582382
11136,0.02540816180408001
11152,0.017230646684765816
11168,0.004895398858934641
11184,0.04577304795384407
11200,0.0034242095425724983
11216,0.025006365031003952
11232,0.05526193603873253
11248,0.003934291657060385
11264,0.018204987049102783
11280,0.014841889031231403
11296,0.0139869824051857
11312,0.00884594302624464
11328,0.006368942558765411
11344,0.019031653180718422
11360,0.10777057707309723
11376,0.005130471661686897
11392,0.004260181449353695
11408,0.004638216458261013
11424,0.007544126361608505
11440,0.007918581366539001
11456,0.005597211420536041
11472,0.004607794806361198
11488,0.0037877256982028484
11504,0.002322349464520812
11520,0.008689586073160172
11536,0.03858340531587601
11552,0.007351720705628395
11568,0.007212184835225344
11584,0.013921837322413921
11600,0.004211017861962318
11616,0.030224770307540894
11632,0.0037423570174723864
11648,0.0018396242521703243
11664,0.001613706350326538
11680,0.0036827281583100557
11696,0.003189247567206621
11712,0.0032379375770688057
11728,0.0048632994294166565
11744,0.005017440766096115
11760,0.010060960426926613
11776,0.014462994411587715
11792,0.010977787896990776
11808,0.0118276197463274
11824,0.013204103335738182
11840,0.0025055191945284605
11856,0.0045469654724001884
11872,0.0038118967786431313
11888,0.0030462616123259068
11904,0.005361613817512989
11920,0.0030411474872380495
11936,0.019854344427585602
11952,0.006814903579652309
11968,0.018755394965410233
11984,0.009400022216141224
12000,0.011580342426896095
12016,0.005542787257581949
12032,0.0040702736005187035
12048,0.003637132002040744
12064,0.011042146012187004
12080,0.012317102402448654
12096,0.0039025419391691685
12112,0.0022531584836542606
12128,0.0033741227816790342
12144,0.0033037392422556877
12160,0.008153105154633522
12176,0.09040112793445587
12192,0.02807674929499626
12208,0.006351804826408625
12224,0.0018029548227787018
12240,0.007201893720775843
12256,0.005701815709471703
12272,0.004739679861813784
12288,0.06292310357093811
12304,0.10939844697713852
12320,0.0065016960725188255
12336,0.03787200152873993
12352,0.026223348453640938
12368,0.013917738571763039
12384,0.0051846690475940704
12400,0.009067486971616745
12416,0.005098188761621714
12432,0.006290968507528305
12448,0.002533440012484789
12464,0.00493587227538228
12480,0.01188261341303587
12496,0.004857207648456097
12512,0.002263319445773959
12528,0.006952870171517134
12544,0.012576882727444172
12560,0.002606574445962906
12576,0.02697381190955639
12592,0.06269778311252594
12608,0.004539172630757093
12624,0.002839612076058984
12640,0.0033252218272536993
12656,0.007145114708691835
12672,0.0017047496512532234
12688,0.0009437764529138803
12704,0.003877081209793687
12720,0.009480420500040054
12736,0.002263077301904559
12752,0.0018104324117302895
12768,0.0038934843614697456
12784,0.014510108157992363
12800,0.030526259914040565
12816,0.00502929650247097
12832,0.0006683315150439739
12848,0.0026184427551925182
12864,0.00278233690187335
12880,0.0032703052274882793
12896,0.06962200999259949
12912,0.007924879901111126
12928,0.0023189897183328867
12944,0.04330600053071976
12960,0.0014837679918855429
12976,0.016256827861070633
12992,0.046758972108364105
13008,0.007279970217496157
13024,0.0016878615133464336
13040,0.0034332219511270523
13056,0.0023979833349585533
13072,0.0033676153980195522
13088,0.0750114768743515
13104,0.00272993091493845
13120,0.0040388344787061214
13136,0.005302081815898418
13152,0.010168548673391342
13168,0.0033326074481010437
13184,0.09407426416873932
13200,0.03841373696923256
13216,0.009903404861688614
13232,0.004718597047030926
13248,0.02340620569884777
13264,0.042049095034599304
13280,0.0037704838905483484
13296,0.002461144933477044
13312,0.004582426976412535
13328,0.052584581077098846
13344,0.00508919358253479
13360,0.002256399719044566
13376,0.008180697448551655
13392,0.005826812703162432
13408,0.008504415862262249
13424,0.010296005755662918
13440,0.0475623682141304
13456,0.010516338050365448
13472,0.0026539606042206287
13488,0.009788097813725471
13504,0.06687943637371063
13520,0.003927416168153286
13536,0.04396597668528557
13552,0.006056227721273899
13568,0.002863290486857295
13584,0.0049910228699445724
13600,0.06896175444126129
13616,0.004114588722586632
13632,0.0019863497000187635
13648,0.004747890867292881
13664,0.00406478438526392
13680,0.026306074112653732
13696,0.04709221422672272
13712,0.003996755927801132
13728,0.007433077320456505
13744,0.0028926795348525047
13760,0.0010332348756492138
13776,0.0017286662477999926
13792,0.08689137548208237
13808,0.002287278650328517
13824,0.011969435028731823
13840,0.0013917699689045548
13856,0.003891371190547943
13872,0.05112366005778313
13888,0.001982910092920065
13904,0.005389430560171604
13920,0.004208963364362717
13936,0.010133285075426102
13952,0.005852243397384882
13968,0.0023135789670050144
13984,0.09391801804304123
14000,0.0034644370898604393
14016,0.051529936492443085
14032,0.022087017074227333
14048,0.050409771502017975
14064,0.004369482863694429
14080,0.017260491847991943
14096,0.0016953173326328397
14112,0.0023056736681610346
14128,0.014211361296474934
14144,0.00667134253308177
14160,0.0030386140570044518
14176,0.0035092171747237444
14192,0.0029131718911230564
14208,0.01829363964498043
14224,0.09033535420894623
14240,0.021699819713830948
14256,0.0021231863647699356
14272,0.03822510689496994
14288,0.043068867176771164
14304,0.0016766984481364489
14320,0.0015988699160516262
14336,0.014689229428768158
14352,0.02832341380417347
14368,0.0014185481704771519
14384,0.009807247668504715
14400,0.002505719196051359
14416,0.008130569942295551
14432,0.004069013521075249
14448,0.0065537262707948685
14464,0.002249067183583975
14480,0.12422043085098267
14496,0.10152436792850494
14512,0.0013270692434161901
14528,0.04165467619895935
14544,0.0030462797731161118
14560,0.0026900675147771835
14576,0.007094397209584713
14592,0.003609609790146351
14608,0.0020707594230771065
14624,0.004815101623535156
14640,0.003944466821849346
14656,0.001786407083272934
14672,0.001988999079912901
14688,0.0058573405258357525
14704,0.018187588080763817
14720,0.006757230963557959
14736,0.00802089087665081
14752,0.04025452211499214
14768,0.006885292939841747
14784,0.008947489783167839
14800,0.01294903177767992
14816,0.05983149632811546
14832,0.0016850486863404512
14848,0.005952101666480303
14864,0.001554822432808578
14880,0.004407054744660854
14896,0.03387767821550369
14912,0.0070290216244757175
14928,0.0020092816557735205
14944,0.011369450017809868
14960,0.00127067428547889
14976,0.03599471226334572
14992,0.0008173738024197519
15008,0.0039549036882817745
15024,0.010455711744725704
15040,0.002711094915866852
15056,0.003164122346788645
15072,0.008379030972719193
15088,0.009038844145834446
15104,0.012680158019065857
15120,0.09232302010059357
15136,0.038002800196409225
15152,0.0038096343632787466
15168,0.0330704040825367
15184,0.0025592949241399765
15200,0.019416354596614838
15216,0.002302252221852541
15232,0.00833563506603241
15248,0.018563680350780487
15264,0.04870660975575447
15280,0.001305823097936809
15296,0.03571746125817299
15312,0.002227704506367445
15328,0.004311496391892433
15344,0.09394647181034088
15360,0.015783384442329407
15376,0.0037678866647183895
15392,0.028849173337221146
15408,0.0031719664111733437
15424,0.03101380728185177
15440,0.0022555487230420113
15456,0.005347432568669319
15472,0.0011918486561626196
15488,0.12661288678646088
15504,0.003595090936869383
15520,0.02011880837380886
15536,0.009322080761194229
15552,0.009065824560821056
15568,0.0023558943066745996
15584,0.0325988307595253
15600,0.0015168413519859314
15616,0.0030297688208520412
15632,0.04345370829105377
15648,0.005907145328819752
15664,0.006082436069846153
15680,0.0014551837230101228
15696,0.017549505457282066
15712,0.0014756075106561184
15728,0.0008518084650859237
15744,0.006424260325729847
15760,0.007188201881945133
15776,0.008159810677170753
15792,0.033604659140110016
15808,0.002043097512796521
15824,0.004651624243706465
15840,0.00156502949539572
15856,0.011117210611701012
15872,0.024640612304210663
15888,0.005651387851685286
15904,0.004358271602541208
15920,0.003984627313911915
15936,0.006033438257873058
15952,0.021913524717092514
15968,0.0019133524037897587
15984,0.003913015127182007
16000,0.0023601013235747814
16016,0.03234836459159851
16032,0.004980022553354502
16048,0.02865876443684101
16064,0.07250319421291351
16080,0.008253700099885464
16096,0.00656497199088335
16112,0.003474266268312931
16128,0.034484341740608215
16144,0.001970837125554681
16160,0.0018458135891705751
16176,0.003536373842507601
16192,0.0025265903677791357
16208,0.04819604754447937
16224,0.0013803028268739581
16240,0.0018799984827637672
16256,0.0009222864173352718
16272,0.005040192045271397
16288,0.00518841203302145
16304,0.003057035617530346
16320,0.002805971074849367
16336,0.0035009298007935286
16352,0.002748174825683236
16368,0.01055852696299553
16384,0.0030852544587105513
16400,0.0016935140592977405
16416,0.030843690037727356
16432,0.002357885707169771
16448,0.0015011248178780079
16464,0.10479192435741425
16480,0.008809292688965797
16496,0.005857887677848339
16512,0.03171508014202118
16528,0.042677897959947586
16544,0.03499927371740341
16560,0.0015235443133860826
16576,0.0027362427208572626
16592,0.003221885534003377
16608,0.005019765347242355
16624,0.03021838515996933
16640,0.002979304175823927
16656,0.009690646082162857
16672,0.003423167858272791
16688,0.0018131870310753584
16704,0.003041669027879834
16720,0.029202524572610855
16736,0.09627778828144073
16752,0.026920737698674202
16768,0.0011839473154395819
16784,0.0014602758456021547
16800,0.0044677420519292355
16816,0.002290228148922324
16832,0.002266647992655635
16848,0.02462979033589363
16864,0.003540478181093931
16880,0.003940118942409754
16896,0.013998650014400482
16912,0.043111301958560944
16928,0.0028256243094801903
16944,0.07703844457864761
16960,0.06281684339046478
16976,0.0021263554226607084
16992,0.014102311804890633
17008,0.04219987615942955
17024,0.0036034120712429285
17040,0.002578474348410964
17056,0.001810222864151001
17072,0.002289615571498871
17088,0.03736873343586922
17104,0.06258326023817062
17120,0.01442408561706543
17136,0.04088015481829643
17152,0.005566286388784647
17168,0.0864710584282875
17184,0.008967282250523567
17200,0.002741018310189247
17216,0.04740268737077713
17232,0.0023761310148984194
17248,0.0015826551243662834
17264,0.07270248979330063
17280,0.0017774528823792934
17296,0.020226117223501205
17312,0.007805177476257086
17328,0.005294055677950382
17344,0.0006374874501489103
17360,0.0006302799447439611
17376,0.0026263976469635963
17392,0.007142841815948486
17408,0.009152333252131939
17424,0.00816272385418415
17440,0.002456273417919874
17456,0.08448097854852676
17472,0.0031741317361593246
17488,0.0965876579284668
17504,0.0008985764579847455
17520,0.0811772495508194
17536,0.019305313006043434
17552,0.0035698371939361095
17568,0.007966961711645126
17584,0.004366220906376839
17600,0.0014305547811090946
17616,0.0023245164193212986
17632,0.002037373371422291
17648,0.03315390273928642
17664,0.010698078200221062
17680,0.0020541870035231113
17696,0.032301969826221466
17712,0.0018541553290560842
17728,0.012030603364109993
17744,0.005189854186028242
17760,0.00515542970970273
17776,0.009397521615028381
17792,0.005350463557988405
17808,0.003915655426681042
17824,0.006170784588903189
17840,0.03175104036927223
17856,0.019317366182804108
17872,0.0027687824331223965
17888,0.002984830178320408
17904,0.0030608309898525476
17920,0.0015658257761970162
17936,0.002021148568019271
17952,0.0013699940172955394
17968,0.009946966543793678
17984,0.0026575345546007156
18000,0.007376905530691147
18016,0.0026208870112895966
18032,0.011004280298948288
18048,0.00094270781846717
18064,0.003270477522164583
18080,0.11231785267591476
18096,0.002509837271645665
18112,0.0028933431021869183
18128,0.0018519230652600527
18144,0.0020618524868041277
18160,0.008102638646960258
18176,0.005029077176004648
18192,0.0019996766932308674
18208,0.004205633886158466
18224,0.005375361070036888
18240,0.04222144931554794
18256,0.0023102574050426483
18272,0.08194383233785629
18288,0.00122262560762465
18304,0.004549412056803703
18320,0.014463270083069801
18336,0.0012506991624832153
18352,0.0011976882815361023
18368,0.002654534997418523
18384,0.018027307465672493
18400,0.05903246998786926
18416,0.0015472150407731533
18432,0.0012791792396456003
18448,0.005841423757374287
18464,0.006538837682455778
18480,0.0011716404696926475
18496,0.001423725625500083
18512,0.004646943416446447
18528,0.005221872124820948
18544,0.0031246987637132406
18560,0.0018884174060076475
18576,0.024105975404381752
18592,0.040169525891542435
18608,0.0019220570102334023
18624,0.0015881831059232354
18640,0.0017452564788982272
18656,0.02395159937441349
18672,0.09696873277425766
18688,0.005522459279745817
18704,0.006667397916316986
18720,0.003440670669078827
18736,0.004360825754702091
18752,0.001414543017745018
18768,0.0045324163511395454
18784,0.020339876413345337
18800,0.046579670161008835
18816,0.0008325963863171637
18832,0.00402644369751215
18848,0.0019680666737258434
18864,0.004043412860482931
18880,0.002962813712656498
18896,0.0011883670231327415
18912,0.011669358238577843
18928,0.0032669336069375277
18944,0.023288864642381668
18960,0.007583624683320522
18976,0.0044744727201759815
18992,0.017644284293055534
19008,0.001051047584041953
19024,0.0024094954133033752
19040,0.004251894075423479
19056,0.0018215856980532408
19072,0.0022592609748244286
19088,0.0017429005820304155
19104,0.0036809705197811127
19120,0.005134028382599354
19136,0.018166325986385345
19152,0.01178886741399765
19168,0.0020828074775636196
19184,0.025092191994190216
19200,0.0015498313587158918
19216,0.0026466725394129753
19232,0.0036018267273902893
19248,0.023737380281090736
19264,0.0013870511902496219
19280,0.010000022128224373
19296,0.03852584958076477
19312,0.0036020891275256872
19328,0.0016421184409409761
19344,0.014106156304478645
19360,0.0014999427367001772
19376,0.006177586503326893
19392,0.0029614437371492386
19408,0.09949226677417755
19424,0.003050511470064521
19440,0.0024496247060596943
19456,0.004683695267885923
19472,0.026856033131480217
19488,0.003008392406627536
19504,0.002404498402029276
19520,0.0045857480727136135
19536,0.001506259199231863
19552,0.0010757509153336287
19568,0.0027757405769079924
19584,0.00865485891699791
19600,0.0012932033278048038
19616,0.0017170923529192805
19632,0.010563365183770657
19648,0.0027654911391437054
19664,0.003460243111476302
19680,0.03655794635415077
19696,0.005465804599225521
19712,0.025121383368968964
19728,0.019568564370274544
19744,0.003579452633857727
19760,0.0057899304665625095
19776,0.00209080521017313
19792,0.0008812779560685158
19808,0.004412771202623844
19824,0.001020913477987051
19840,0.0010209481697529554
19856,0.003055758308619261
19872,0.09111090004444122
19888,0.0037821948062628508
19904,0.0293454360216856
19920,0.011632056906819344
19936,0.01366502046585083
19952,0.01280673872679472
19968,0.04357723519206047
19984,0.0008293977007269859
20000,0.008406692184507847
20016,0.0032640029676258564
20032,0.007771181873977184
20048,0.039419129490852356
20064,0.05608504265546799
20080,0.0021824357099831104
20096,0.007181896828114986
20112,0.001617449801415205
20128,0.01051316037774086
20144,0.008321586064994335
20160,0.08326219767332077
20176,0.0025351103395223618
20192,0.003010281827300787
20208,0.002870751777663827
20224,0.013037297874689102
20240,0.005886108614504337
20256,0.006263846065849066
20272,0.0005309116095304489
20288,0.004698173142969608
20304,0.0019759000279009342
20320,0.007280844729393721
20336,0.001927017467096448
20352,0.006089829374104738
20368,0.0009864785242825747
20384,0.0015131838154047728
20400,0.00959748961031437
20416,0.0011784257367253304
20432,0.003444099798798561
20448,0.14931590855121613
20464,0.02166471816599369
20480,0.0015618351753801107
20496,0.00282512279227376
20512,0.0010378914885222912
20528,0.013719042763113976
20544,0.03280366212129593
20560,0.01678883656859398
20576,0.004335311241447926
20592,0.0020287642255425453
20608,0.06533617526292801
20624,0.005932504311203957
20640,0.013897762633860111
20656,0.03987369313836098
20672,0.0026302598416805267
20688,0.002035986166447401
20704,0.006368372589349747
20720,0.0017703126650303602
20736,0.001380709814839065
20752,0.0011096380185335875
20768,0.012583659961819649
20784,0.01180665660649538
20800,0.002356661017984152
20816,0.0009073375258594751
20832,0.0011341595090925694
20848,0.0011052689515054226
20864,0.0016377255087718368
20880,0.020815139636397362
20896,0.004163113888353109
20912,0.0016520192148163915
20928,0.004050993360579014
20944,0.0014388433191925287
20960,0.029552092775702477
20976,0.0012751675676554441
20992,0.0010136663913726807
21008,0.0026661294978111982
21024,0.0034948764368891716
21040,0.002961801365017891
21056,0.007870296016335487
21072,0.008452247828245163
21088,0.0016836568247526884
21104,0.03031294420361519
21120,0.0014336316380649805
21136,0.02163204923272133
21152,0.0016629764577373862
21168,0.005370755214244127
21184,0.000793711980804801
21200,0.0014849674189463258
21216,0.011036531068384647
21232,0.00297221215441823
21248,0.001926587661728263
21264,0.047732848674058914
21280,0.002785762306302786
21296,0.0009492087410762906
21312,0.015583142638206482
21328,0.0015223645605146885
21344,0.04450366646051407
21360,0.0017524126451462507
21376,0.012423409149050713
21392,0.005757794715464115
21408,0.0018997255247086287
21424,0.0018588390666991472
21440,0.02152208238840103
21456,0.02137100137770176
21472,0.0011854211334139109
21488,0.0014138580299913883
21504,0.0013730579521507025
21520,0.004553213715553284
21536,0.007045859470963478
21552,0.0005550585919991136
21568,0.0004396976437419653
21584,0.016652250662446022
21600,0.0012897644191980362
21616,0.0017532818019390106
21632,0.05220303684473038
21648,0.005417589098215103
21664,0.003086017444729805
21680,0.12144079804420471
21696,0.01462673768401146
21712,0.006261246278882027
21728,0.11262275278568268
21744,0.00563462171703577
21760,0.0004607672744896263
21776,0.02972600981593132
21792,0.002692578127607703
21808,0.015001203864812851
21824,0.002828293014317751
21840,0.03174641355872154
21856,0.001862610224634409
21872,0.004320068284869194
21888,0.0019698520191013813
21904,0.0014533530920743942
21920,0.07491811364889145
21936,0.01225857064127922
21952,0.0015200552297756076
21968,0.006064579822123051
21984,0.0009314792696386576
22000,0.04289143532514572
22016,0.002500510076060891
22032,0.0013637731317430735
22048,0.010335970669984818
22064,0.0018792059272527695
22080,0.003962372895330191
22096,0.0006512394174933434
22112,0.020106744021177292
22128,0.006083095446228981
22144,0.0016093492740765214
22160,0.001986416056752205
22176,0.022714385762810707
22192,0.0019111010478809476
22208,0.06632279604673386
22224,0.0018060171278193593
22240,0.0011689940001815557
22256,0.0011170749785378575
22272,0.052903980016708374
22288,0.001451387070119381
22304,0.0041481489315629005
22320,0.006291997618973255
22336,0.0008208495564758778
22352,0.0008349986746907234
22368,0.0014940588735044003
22384,0.012867044657468796
22400,0.000869723386131227
22416,0.0034298442769795656
22432,0.06762509793043137
22448,0.0014966633170843124
22464,0.005582279525697231
22480,0.0013332860544323921
22496,0.0013422759948298335
22512,0.0024290659930557013
22528,0.006775937508791685
22544,0.04159796983003616
22560,0.001359227579087019
22576,0.0027574491687119007
22592,0.000985079212114215
22608,0.007588730193674564
22624,0.0005250268150120974
22640,0.0008714176947250962
22656,0.010102026164531708
22672,0.0007088790298439562
22688,0.0037334724329411983
22704,0.010756704956293106
22720,0.0010820296593010426
22736,0.005944617558270693
22752,0.001504284329712391
22768,0.0016303823795169592
22784,0.0010564051335677505
22800,0.007334290072321892
22816,0.0019746802281588316
22832,0.0011224205372855067
22848,0.0016600301023572683
22864,0.012214302085340023
22880,0.002937756013125181
22896,0.005261173937469721
22912,0.0023498113732784986
22928,0.0009924676269292831
22944,0.008411658927798271
22960,0.022695086896419525
22976,0.0026396624743938446
22992,0.01581045612692833
23008,0.002245610114187002
23024,0.010928076691925526
23040,0.016096221283078194
23056,0.003822480095550418
23072,0.00264594703912735
23088,0.02168464846909046
23104,0.003493271302431822
23120,0.007249544374644756
23136,0.027972491458058357
23152,0.0011852695606648922
23168,0.11853938549757004
23184,0.05228538438677788
23200,0.010641252622008324
23216,0.014181303791701794
23232,0.0030257385224103928
23248,0.003780532628297806
23264,0.007377635687589645
23280,0.0010733308736234903
23296,0.01741018518805504
23312,0.009392250329256058
23328,0.0006822727154940367
23344,0.029385767877101898
23360,0.0021950651425868273
23376,0.0008617458515800536
23392,0.003834714414551854
23408,0.004729155451059341
23424,0.0042235227301716805
23440,0.010286664590239525
23456,0.011619197204709053
23472,0.0014436164638027549
23488,0.002396192168816924
23504,0.001197310397401452
23520,0.00101542379707098
23536,0.001092057558707893
23552,0.004532083868980408
23568,0.0020104176364839077
23584,0.0016581767704337835
23600,0.001134976395405829
23616,0.01610581949353218
23632,0.0012941441964358091
23648,0.0012259641662240028
23664,0.0007435339502990246
23680,0.008703067898750305
23696,0.0022043753415346146
23712,0.00208885595202446
23728,0.00147138605825603
23744,0.011920565739274025
23760,0.0016862875781953335
23776,0.004180373623967171
23792,0.043930552899837494
23808,0.0009209330892190337
23824,0.03428475931286812
23840,0.0025850252714008093
23856,0.006426472216844559
23872,0.008266428485512733
23888,0.0012717465870082378
23904,0.0007570887682959437
23920,0.001672734972089529
23936,0.021968159824609756
23952,0.0007631061016581953
23968,0.0015483913011848927
23984,0.04020116478204727
24000,0.003012472065165639
24016,0.026224877685308456
24032,0.003086566226556897
24048,0.002691076835617423
24064,0.001803956227377057
24080,0.0006708640139549971
24096,0.0013893002178519964
24112,0.005289220251142979
24128,0.007835036143660545
24144,0.009361796081066132
24160,0.0018957240972667933
24176,0.0007782257744111121
24192,0.0014922494301572442
24208,0.02795124240219593
24224,0.00093766616191715
24240,0.002270165365189314
24256,0.004858002532273531
24272,0.00898316316306591
24288,0.0031896457076072693
24304,0.005015576258301735
24320,0.0035188819747418165
24336,0.002000515814870596
24352,0.004417342133820057
24368,0.0238945372402668
24384,0.016483990475535393
24400,0.0012646268587559462
24416,0.001794179668650031
24432,0.00900085549801588
24448,0.040857069194316864
24464,0.018545281141996384
24480,0.026944920420646667
24496,0.03826146945357323
24512,0.006450980436056852
24528,0.08163107931613922
24544,0.009461438283324242
24560,0.11637596040964127
24576,0.013558994047343731
24592,0.0013873359421268106
24608,0.0011035974603146315
24624,0.0016019936883822083
24640,0.002634691074490547
24656,0.004116992466151714
24672,0.06100858002901077
24688,0.002166536170989275
24704,0.01409943588078022
24720,0.005274217575788498
24736,0.0034581823274493217
24752,0.00529857911169529
24768,0.018649116158485413
24784,0.06846493482589722
24800,0.01955459453165531
24816,0.00324257742613554
24832,0.003094107611104846
24848,0.004659437574446201
24864,0.02368592657148838
24880,0.007134317420423031
24896,0.07987203449010849
24912,0.003104443196207285
24928,0.019471455365419388
24944,0.0016613813349977136
24960,0.0015247538685798645
24976,0.03497197851538658
24992,0.0050200652331113815
25008,0.001039194641634822
25024,0.0035460381768643856
25040,0.001999403815716505
25056,0.023870276287198067
25072,0.08766255527734756
25088,0.0016695607919245958
25104,0.0006538353045471013
25120,0.011902718804776669
25136,0.002771612023934722
25152,0.02672049216926098
25168,0.023753032088279724
25184,0.002111222129315138
25200,0.03080417588353157
25216,0.001918768510222435
25232,0.0020038108341395855
25248,0.004981574602425098
25264,0.0031349577475339174
25280,0.0007370138191618025
25296,0.04361666366457939
25312,0.012907266616821289
25328,0.0005523170111700892
25344,0.010552732273936272
25360,0.05862665921449661
25376,0.0028706963639706373
25392,0.0025145604740828276
25408,0.0031976308673620224
25424,0.0016539215575903654
25440,0.0018148496747016907
25456,0.002160285133868456
25472,0.0022681942209601402
25488,0.001241206657141447
25504,0.008241084404289722
25520,0.009003538638353348
25536,0.001124127535149455
25552,0.0013762377202510834
25568,0.003480388782918453
25584,0.004928415175527334
25600,0.001541005913168192
25616,0.00134534970857203
25632,0.00203883508220315
25648,0.0009454042883589864
25664,0.03975497931241989
25680,0.006236000917851925
25696,0.0023144336882978678
25712,0.008522065356373787
25728,0.033562541007995605
25744,0.028320593759417534
25760,0.0008045930881053209
25776,0.0011979751288890839
25792,0.03613044694066048
25808,0.0018611648119986057
25824,0.002990126144140959
25840,0.0011655137641355395
25856,0.024872351437807083
25872,0.000772922532632947
25888,0.00221626297570765
25904,0.027190284803509712
25920,0.004383804742246866
25936,0.00573353236541152
25952,0.0010430950205773115
25968,0.0011043958365917206
25984,0.0015994494315236807
26000,0.00403632503002882
26016,0.0025731625501066446
26032,0.010414273478090763
26048,0.0011529576731845737
26064,0.0011994389351457357
26080,0.030575869604945183
26096,0.0025586304254829884
26112,0.0012918822467327118
26128,0.011255105957388878
26144,0.004655108321458101
26160,0.0031510733533650637
26176,0.011416053399443626
26192,0.0012528677470982075
26208,0.0013428132515400648
26224,0.0010297365952283144
26240,0.0020443107932806015
26256,0.0007188398740254343
26272,0.0008893063059076667
26288,0.0010648099705576897
26304,0.00470977695658803
26320,0.0034612095914781094
26336,0.0025100321508944035
26352,0.00123345828615129
26368,0.006476013455539942
26384,0.019481059163808823
26400,0.0062572467140853405
26416,0.0021292369347065687
26432,0.012680819258093834
26448,0.07188837975263596
26464,0.03400708734989166
26480,0.0022022142075002193
26496,0.001680148532614112
26512,0.00678913202136755
26528,0.0027491352520883083
26544,0.0004453793808352202
26560,0.00037410773802548647
26576,0.14423702657222748
26592,0.06225001439452171
26608,0.003976629115641117
26624,0.004028580617159605
26640,0.021574033424258232
26656,0.00614676158875227
26672,0.0033764266408979893
26688,0.00045839216909371316
26704,0.0029358589090406895
26720,0.0030775913037359715
26736,0.0007578771910630167
26752,0.011500484310090542
26768,0.002126287203282118
26784,0.0026950608007609844
26800,0.0029191533103585243
26816,0.011574730277061462
26832,0.0008915761718526483
26848,0.004257261287420988
26864,0.0027573746629059315
26880,0.0039004040881991386
26896,0.0019549885764718056
26912,0.004818817134946585
26928,0.0070464154705405235
26944,0.0018122238107025623
26960,0.011294557712972164
26976,0.0027845469303429127
26992,0.0026729186065495014
27008,0.0013625813880935311
27024,0.0012767056468874216
27040,0.11245886981487274
27056,0.06046997010707855
27072,0.002780321054160595
27088,0.006569536402821541
27104,0.004715831018984318
27120,0.019032444804906845
27136,0.008402164094150066
27152,0.0015333325136452913
27168,0.0008985742460936308
27184,0.0004905949463136494
27200,0.0010235406225547194
27216,0.0057093240320682526
27232,0.0009567735251039267
27248,0.001010688953101635
27264,0.0037377842236310244
27280,0.07801727950572968
27296,0.0013429330429062247
27312,0.002803443232551217
27328,0.0075598969124257565
27344,0.001144846435636282
27360,0.04436757043004036
27376,0.0011431050952523947
27392,0.0009141798363998532
27408,0.0031402185559272766
27424,0.001548078958876431
27440,0.005319839343428612
27456,0.004338354337960482
27472,0.005395800340920687
27488,0.008067198097705841
27504,0.01376035250723362
27520,0.014861810952425003
27536,0.009448308497667313
27552,0.014313362538814545
27568,0.007600817363709211
27584,0.0017845117254182696
27600,0.0047668456099927425
27616,0.0008645106572657824
27632,0.002264495473355055
27648,0.003272548783570528
27664,0.002736701164394617
27680,0.0029096396174281836
27696,0.08851124346256256
27712,0.005898197181522846
27728,0.005760613363236189
27744,0.0015681138029322028
27760,0.001414892147295177
27776,0.0011864930856972933
27792,0.0008796876645646989
27808,0.009105042554438114
27824,0.0006107743829488754
27840,0.0038024550303816795
27856,0.0021626458037644625
27872,0.0024890475906431675
27888,0.00335785374045372
27904,0.001384969218634069
27920,0.0033755104523152113
27936,0.0005866928258910775
27952,0.0023631989024579525
27968,0.0014882453251630068
27984,0.001927288481965661
28000,0.013956278562545776
28016,0.0067817759700119495
28032,0.0033694629091769457
28048,0.006073261145502329
28064,0.0018446834292262793
28080,0.001311737229116261
28096,0.02021625079214573
28112,0.0009635328315198421
28128,0.04108133167028427
28144,0.0003698398359119892
28160,0.001589750056155026
28176,0.0008029169985093176
28192,0.014595478773117065
28208,0.0009316393989138305
28224,0.00112153310328722
28240,0.013698709197342396
28256,0.00128796580247581
28272,0.006176563911139965
28288,0.0007586131105199456
28304,0.005397682543843985
28320,0.0017442787066102028
28336,0.0025616264902055264
28352,0.008935073390603065
28368,0.0018483317689970136
28384,0.011237426660954952
28400,0.016528336331248283
28416,0.0015182257629930973
28432,0.005105834919959307
28448,0.002675915602594614
28464,0.10845400393009186
28480,0.0036754184402525425
28496,0.000638247118331492
28512,0.00574681768193841
28528,0.0006199197378009558
28544,0.0013193109771236777
28560,0.007578044198453426
28576,0.05611863732337952
28592,0.002174021676182747
28608,0.04707590863108635
28624,0.0022015857975929976
28640,0.0012552742846310139
28656,0.09468986839056015
28672,0.06354115903377533
28688,0.0018877412658184767
28704,0.0012878788402304053
28720,0.034658342599868774
28736,0.0013299555284902453
28752,0.001530749723315239
28768,0.0009070314699783921
28784,0.0017158014234155416
28800,0.06806106865406036
28816,0.04687443748116493
28832,0.003327802522107959
28848,0.009844235144555569
28864,0.00039237382588908076
28880,0.005386985372751951
28896,0.0008779310737736523
28912,0.0013375228736549616
28928,0.00070626923115924
28944,0.020916692912578583
28960,0.0010627000592648983
28976,0.029461558908224106
28992,0.0009291122551076114
29008,0.0009905992774292827
29024,0.0012821690179407597
29040,0.005696066189557314
29056,0.0043194480240345
29072,0.020372558385133743
29088,0.0012498176656663418
29104,0.005146622657775879
29120,0.0020685673225671053
29136,0.0014680495951324701
29152,0.0012329379096627235
29168,0.002645311411470175
29184,0.0025530322454869747
29200,0.009986132383346558
29216,0.002306571463122964
29232,0.013946612365543842
29248,0.008999934419989586
29264,0.1400049477815628
29280,0.00300299609079957
29296,0.001062608789652586
29312,0.003398700151592493
29328,0.0022498732432723045
29344,0.007944068871438503
29360,0.0018307981081306934
29376,0.0026341837365180254
29392,0.061600230634212494
29408,0.0009505953639745712
29424,0.0007053689332678914
29440,0.0036825635470449924
29456,0.0018185041844844818
29472,0.005402298644185066
29488,0.008624863810837269
29504,0.0007428553653880954
29520,0.010026605799794197
29536,0.000782210729084909
29552,0.0014526929007843137
29568,0.000517212669365108
29584,0.005131389480084181
29600,0.131583571434021
29616,0.009439492598176003
29632,0.00958979781717062
29648,0.0028767238836735487
29664,0.0059988186694681644
29680,0.0036916753742843866
29696,0.0007536044577136636
29712,0.002388664986938238
29728,0.0015091567765921354
29744,0.0036458868999034166
29760,0.07154082506895065
29776,0.000326597539242357
29792,0.00981775764375925
29808,0.0010140369413420558
29824,0.0008659146842546761
29840,0.0004804357304237783
29856,0.000538473657798022
29872,0.014417491853237152
29888,0.0018131942488253117
29904,0.0006826593307778239
29920,0.0008744182996451855
29936,0.000196345747099258
29952,0.0006332388147711754
29968,0.0002728579274844378
29984,0.00032693365938030183
30000,0.0004660944396164268
30016,0.00047902041114866734
30032,0.0005180280422791839
30048,0.0019585243426263332
30064,0.049956630915403366
30080,0.0070913187228143215
30096,0.0003657906490843743
30112,0.0333053357899189
30128,0.07696652412414551
30144,0.006083277519792318
30160,0.0012219632044434547
30176,0.002157145645469427
30192,0.0031834086403250694
30208,0.006879334803670645
30224,0.00186721864156425
30240,0.001405338291078806
30256,0.0006064798217266798
30272,0.0006107845110818744
30288,0.00043875916162505746
30304,0.013736002147197723
30320,0.004591228906065226
30336,0.0005087469471618533
30352,0.0015514568658545613
30368,0.0013714669039472938
30384,0.011684554629027843
30400,0.0010514062596485019
30416,0.0003773789503611624
30432,0.008657606318593025
30448,0.0009515875717625022
30464,0.001290908083319664
30480,0.0006896008853800595
30496,0.0022615285124629736
30512,0.0006966471555642784
30528,0.00017376287723891437
30544,0.0007043748046271503
30560,0.00031048059463500977
30576,0.00038861134089529514
30592,0.0006077074212953448
30608,0.001305307261645794
30624,0.06195738911628723
30640,0.15363836288452148
30656,0.02549390308558941
30672,0.0005714042345061898
30688,0.004038423765450716
30704,0.002473152708262205
30720,0.0004486877005547285
30736,0.0005669218953698874
30752,0.004436550196260214
30768,0.005539338570088148
30784,0.000825866824015975
30800,0.0047895414754748344
30816,0.000669531465973705
30832,0.0013245786540210247
30848,0.0012918120482936502
30864,0.007337385788559914
30880,0.001534926239401102
30896,0.0009791310876607895
30912,0.02086229808628559
30928,0.0009051210945472121
30944,0.0011202680179849267
30960,0.000990685890428722
30976,0.0010466582607477903
30992,0.005192271433770657
31008,0.0015833379002287984
31024,0.0026106778532266617
31040,0.08271143585443497
31056,0.001113708596676588
31072,0.0018166361842304468
31088,0.0014799719210714102
31104,0.001196102937683463
31120,0.0015957370633259416
31136,0.0015869259368628263
31152,0.0006533582345582545
31168,0.0007372172549366951
31184,0.0005790493451058865
31200,0.0013770643854513764
31216,0.0009437798289582133
31232,0.03322724997997284
31248,0.006362850312143564
31264,0.0004601839173119515
31280,0.0016026534140110016
31296,0.018226880580186844
31312,0.0003200286882929504
31328,0.0006374784861691296
31344,0.004517176654189825
31360,0.0007598884403705597
31376,0.006165443919599056
31392,0.003006107173860073
31408,0.00097581249428913
31424,0.004054082557559013
31440,0.007674335967749357
31456,0.004449974745512009
31472,0.014885678887367249
31488,0.001724918489344418
31504,0.00032457499764859676
31520,0.0011045400751754642
31536,0.015317105688154697
31552,0.056497350335121155
31568,0.05830540135502815
31584,0.03548113629221916
31600,0.02349170669913292
31616,0.0016516991890966892
31632,0.0007998904911801219
31648,0.002802059520035982
31664,0.0010303084272891283
31680,0.0012960218591615558
31696,0.0005156717961654067
31712,0.0006990850088186562
31728,0.0013736163964495063
31744,0.0008603130700066686
31760,0.018458928912878036
31776,0.0005501338164322078
31792,0.0033748752903193235
31808,0.0008085718145594001
31824,0.010079516097903252
31840,0.0017633566167205572
31856,0.001486004563048482
31872,0.0064748479053378105
31888,0.015602226369082928
31904,0.0036532559897750616
31920,0.0005605570040643215
31936,0.0009466508636251092
31952,0.02762581780552864
31968,0.012271867133677006
31984,0.0006496901041828096
32000,0.008468998596072197
32016,0.007551282178610563
32032,0.08475320041179657
32048,0.0016685284208506346
32064,0.001598035916686058
32080,0.021502381190657616
32096,0.003928175661712885
32112,0.0013402794720605016
32128,0.0006853552768006921
32144,0.035948917269706726
32160,0.0018957299180328846
32176,0.0013283132575452328
32192,0.0005906552542001009
32208,0.03120349533855915
32224,0.001154913567006588
32240,0.01694522611796856
32256,0.0006347193848341703
32272,0.0011800711508840322
32288,0.00082182273035869
32304,0.0017580296844244003
32320,0.003688342636451125
32336,0.0006875484250485897
32352,0.0004343141335994005
32368,0.006496409885585308
32384,0.010561150498688221
32400,0.0006910419906489551
32416,0.0009422333678230643
32432,0.0021708833519369364
32448,0.0015227815601974726
32464,0.0017183665186166763
32480,0.00214973371475935
32496,0.0007297506672330201
32512,0.009427118115127087
32528,0.001231494708918035
32544,0.001670388039201498
32560,0.013547098264098167
32576,0.0015356889925897121
32592,0.0012342999689280987
32608,0.002855770755559206
32624,0.0012712383177131414
32640,0.04164339601993561
32656,0.0007824943750165403
32672,0.004642364103347063
32688,0.004790502600371838
32704,0.0074019343592226505
32720,0.013009998947381973
32736,0.03243354707956314
32752,0.0011909764725714922
32768,0.0005143988528288901
32784,0.06998161226511002
32800,0.0008360777283087373
32816,0.00055900146253407
32832,0.001589514664374292
32848,0.0028367931954562664
32864,0.008558137342333794
32880,0.0017214718973264098
32896,0.001223358092829585
32912,0.0009406734025105834
32928,0.01490668673068285
32944,0.0005397693021222949
32960,0.0014482304686680436
32976,0.008579360321164131
32992,0.0009069382795132697
33008,0.0007687846664339304
33024,0.07241872698068619
33040,0.0009557392913848162
33056,0.0005396220367401838
33072,0.0012935142731294036
33088,0.0014788785483688116
33104,0.0008945534937083721
33120,0.001049366663210094
33136,0.0007351564709097147
33152,0.01051298901438713
33168,0.0008326995884999633
33184,0.0011951696360483766
33200,0.0026526134461164474
33216,0.00542412418872118
33232,0.0011046992149204016
33248,0.0018173704156652093
33264,0.0019919148180633783
33280,0.0006249636062420905
33296,0.01892944797873497
33312,0.000768373254686594
33328,0.0007109473808668554
33344,0.0009048922220245004
33360,0.0024407138116657734
33376,0.0019694019574671984
33392,0.001097855158150196
33408,0.0010979378130286932
33424,0.013808690942823887
33440,0.0012990052346140146
33456,0.0008154484676197171
33472,0.0009561013430356979
33488,0.07897309958934784
33504,0.006535906344652176
33520,0.0005477400263771415
33536,0.005130380392074585
33552,0.001505660591647029
33568,0.0004879591870121658
33584,0.07164012640714645
33600,0.007605395279824734
33616,0.018590932711958885
33632,0.0009810093324631453
33648,0.004778874572366476
33664,0.0006717569194734097
33680,0.005584997590631247
33696,0.0007663440192118287
33712,0.023711973801255226
33728,0.012654239311814308
33744,0.023212645202875137
33760,0.0010807940270751715
33776,0.0037845848128199577
33792,0.0007079642382450402
33808,0.017948204651474953
33824,0.0005514308577403426
33840,0.0014800701756030321
33856,0.008026961237192154
33872,0.0005960431299172342
33888,0.0013043810613453388
33904,0.0286128930747509
33920,0.0037652377504855394
33936,0.0007971288869157434
33952,0.0014024542178958654
33968,0.0011228430084884167
33984,0.003227899083867669
34000,0.09584888815879822
34016,0.0010610111057758331
34032,0.001594189670868218
34048,0.04982473701238632
34064,0.05467984825372696
34080,0.0011920691467821598
34096,0.0007033045403659344
34112,0.0008684319327585399
34128,0.005964080803096294
34144,0.0031264894641935825
34160,0.0008168664062395692
34176,0.0009731946047395468
34192,0.0033153165131807327
34208,0.0009582110797055066
34224,0.09262924641370773
34240,0.0005733092548325658
34256,0.0009928666986525059
34272,0.0018642303766682744
34288,0.0009084275225177407
34304,0.0010020046029239893
34320,0.00040007836651057005
34336,0.0008070786716416478
34352,0.0007915848400443792
34368,0.001592559739947319
34384,0.0017903696279972792
34400,0.01065289881080389
34416,0.00403546541929245
34432,0.000911372946575284
34448,0.005159858148545027
34464,0.0066827572882175446
34480,0.0021937862038612366
34496,0.010043850168585777
34512,0.0011258930899202824
34528,0.008162093348801136
34544,0.02142249047756195
34560,0.000259295164141804
34576,0.00267845974303782
34592,0.0004642679705284536
34608,0.0009627043036743999
34624,0.02069825679063797
34640,0.04552198946475983
34656,0.016833271831274033
34672,0.008685669861733913
34688,0.010625934228301048
34704,0.04189425706863403
34720,0.0011350868735462427
34736,0.006045910529792309
34752,0.010566719807684422
34768,0.0009587012464180589
34784,0.04337763041257858
34800,0.10102790594100952
34816,0.0014334383886307478
34832,0.0009399466798640788
34848,0.0032189986668527126
34864,0.11257769912481308
34880,0.0015370920300483704
34896,0.004136642906814814
34912,0.0021280364599078894
34928,0.006111163645982742
34944,0.0038824835792183876
34960,0.0010406263172626495
34976,0.0013799068983644247
34992,0.0013189450837671757
35008,0.07584825158119202
35024,0.0015403813449665904
35040,0.002026323229074478
35056,0.0007549808360636234
35072,0.000738968257792294
35088,0.00048601339221931994
35104,0.0008401646628044546
35120,0.0005026467842981219
35136,0.0005721789784729481
35152,0.002614495577290654
35168,0.0004732869565486908
35184,0.0018264257814735174
35200,0.0012872893130406737
35216,0.001848260872066021
35232,0.007166970521211624
35248,0.001550242304801941
35264,0.0007717979024164379
35280,0.002431499073281884
35296,0.013080555014312267
35312,0.019066257402300835
35328,0.0008137247059494257
35344,0.000900959363207221
35360,0.0015132902190089226
35376,0.0037247613072395325
35392,0.002356860786676407
35408,0.006330142728984356
35424,0.00032618240220472217
35440,0.003940907306969166
35456,0.0002858396910596639
35472,0.0021986900828778744
35488,0.001025490928441286
35504,0.010579762980341911
35520,0.0019684238359332085
35536,0.002137868432328105
35552,0.0020917325746268034
35568,0.00044973951298743486
35584,0.0035337258595973253
35600,0.04524574801325798
35616,0.018144309520721436
35632,0.0027491189539432526
35648,0.00308174267411232
35664,0.002493023406714201
35680,0.032422952353954315
35696,0.06179172545671463
35712,0.12300211936235428
35728,0.0078031811863183975
35744,0.00274144159629941
35760,0.00965292751789093
35776,0.0019999092910438776
35792,0.0010649317409843206
35808,0.04416565224528313
35824,0.0011271052062511444
35840,0.001631835475564003
35856,0.003735254518687725
35872,0.03614714741706848
35888,0.004844932351261377
35904,0.0011669036466628313
35920,0.00469917943701148
35936,0.000866277958266437
35952,0.0007770926458761096
35968,0.0007502302760258317
35984,0.008574746549129486
36000,0.007443089969456196
36016,0.019286934286355972
36032,0.0032927384600043297
36048,0.002038655336946249
36064,0.033002160489559174
36080,0.032892126590013504
36096,0.011062026023864746
36112,0.0035793522838503122
36128,0.023039832711219788
36144,0.006221128161996603
36160,0.005683576688170433
36176,0.005484173074364662
36192,0.02893965318799019
36208,0.001738073187880218
36224,0.07190494239330292
36240,0.01095111295580864
36256,0.004783962853252888
36272,0.010612732730805874
36288,0.002739381743595004
36304,0.001627651508897543
36320,0.01237101573497057
36336,0.01681038737297058
36352,0.0008087260066531599
36368,0.0038725612685084343
36384,0.007485055364668369
36400,0.000861518841702491
36416,0.002425422426313162
36432,0.0017181742005050182
36448,0.0011479574022814631
36464,0.01262739673256874
36480,0.009461496956646442
36496,0.0076980022713541985
36512,0.0018286681734025478
36528,0.0021402211859822273
36544,0.0023098918609321117
36560,0.0007576749194413424
36576,0.0008701569749973714
36592,0.002117582829669118
36608,0.012026364915072918
36624,0.0010836678557097912
36640,0.0018305140547454357
36656,0.0007178123923949897
36672,0.004147387109696865
36688,0.001610942417755723
36704,0.004147066734731197
36720,0.006012309342622757
36736,0.013948416337370872
36752,0.0006507482030428946
36768,0.0029217428527772427
36784,0.002782965311780572
36800,0.008807387202978134
36816,0.002602997003123164
36832,0.001149534247815609
36848,0.001087508862838149
36864,0.03718999773263931
36880,0.0026146501768380404
36896,0.001269070548005402
36912,0.1000237762928009
36928,0.011980381794273853
36944,0.005523907020688057
36960,0.0007985444972291589
36976,0.0013176940847188234
36992,0.006097015924751759
37008,0.0021804864518344402
37024,0.0014563433360308409
37040,0.0005686967633664608
37056,0.01684744283556938
37072,0.0014676428399980068
37088,0.008225727826356888
37104,0.01746879704296589
37120,0.0015451714862138033
37136,0.0010820829775184393
37152,0.008783071301877499
37168,0.0012813860084861517
37184,0.00041644927114248276
37200,0.0029592642094939947
37216,0.0008989633060991764
37232,0.0014020216185599566
37248,0.0006212455919012427
37264,0.049421828240156174
37280,0.0031157799530774355
37296,0.010702352970838547
37312,0.0006024260073900223
37328,0.02616731822490692
37344,0.0007873049471527338
37360,0.012624585069715977
37376,0.00448133610188961
37392,0.0075895339250564575
37408,0.0006855736137367785
37424,0.0022188578732311726
37440,0.0055405087769031525
37456,0.00043125232332386076
37472,0.0013358569703996181
37488,0.000591130112297833
37504,0.035807035863399506
37520,0.001689052558504045
37536,0.0022690093610435724
37552,0.007552680093795061
37568,0.06548699736595154
37584,0.0027817110531032085
37600,0.018027734011411667
37616,0.0720948800444603
37632,0.023537876084446907
37648,0.0015798569656908512
37664,0.004806354641914368
37680,0.008372516371309757
37696,0.005914768669754267
37712,0.0027898966800421476
37728,0.013892828486859798
37744,0.006456437986344099
37760,0.0009857722325250506
37776,0.0015788942109793425
37792,0.0018919704016298056
37808,0.021333741024136543
37824,0.0004361435421742499
37840,0.020767251029610634
37856,0.0006833720253780484
37872,0.004225435201078653
37888,0.01812642626464367
37904,0.0020495369099080563
37920,0.00486981775611639
37936,0.002439761534333229
37952,0.0017652821261435747
37968,0.0013813298428431153
37984,0.0017383401282131672
38000,0.0024711177684366703
38016,0.0019203170668333769
38032,0.0028916741721332073
38048,0.001280750147998333
38064,0.0025501223281025887
38080,0.001370806130580604
38096,0.001421243534423411
38112,0.0007493074517697096
38128,0.0027688215486705303
38144,0.06958542764186859
38160,0.0019953218288719654
38176,0.0013805669732391834
38192,0.004527190700173378
38208,0.002628508023917675
38224,0.0012252277228981256
38240,0.0022317986004054546
38256,0.001641550799831748
38272,0.007135071326047182
38288,0.02512330748140812
38304,0.0022444999776780605
38320,0.0016412887489423156
38336,0.006674371659755707
38352,0.003866506740450859
38368,0.01811944879591465
38384,0.0011642391327768564
38400,0.028562340885400772
38416,0.0018432957585901022
38432,0.0018896254478022456
38448,0.0033199226018041372
38464,0.0014533973298966885
38480,0.0009158014436252415
38496,0.004368092864751816
38512,0.005079167895019054
38528,0.007394697982817888
38544,0.005505756475031376
38560,0.0012627211399376392
38576,0.002226669806987047
38592,0.0007937513873912394
38608,0.0009778148960322142
38624,0.0019436458824202418
38640,0.0013451820705085993
38656,0.0023090855684131384
38672,0.004474963061511517
38688,0.0014200174482539296
38704,0.0011762537760660052
38720,0.0012279395014047623
38736,0.0016706385649740696
38752,0.0015492276288568974
38768,0.002567026996985078
38784,0.001381885726004839
38800,0.007226578891277313
38816,0.0004028937255498022
38832,0.0014150647912174463
38848,0.0019009329844266176
38864,0.0008857572101987898
38880,0.0026068505831062794
38896,0.0005676422151736915
38912,0.0028031058609485626
38928,0.0010023536160588264
38944,0.00888893287628889
38960,0.0432777926325798
38976,0.004053518176078796
38992,0.003336075460538268
39008,0.000582496402785182
39024,0.002333634067326784
39040,0.03153976425528526
39056,0.0017762260977178812
39072,0.0016343446914106607
39088,0.000960137287620455
39104,0.0010791465174406767
39120,0.003610216546803713
39136,0.08525996655225754
39152,0.0016469280235469341
39168,0.002664787694811821
39184,0.0012693745084106922
39200,0.02434656210243702
39216,0.0028775976970791817
39232,0.0006842407747171819
39248,0.01967627927660942
39264,0.00938036385923624
39280,0.08398061990737915
39296,0.001480419421568513
39312,0.0008213918190449476
39328,0.0010462651262059808
39344,0.00560950580984354
39360,0.0021183211356401443
39376,0.0007687510224059224
39392,0.007711691316217184
39408,0.0009463177993893623
39424,0.021856684237718582
39440,0.0014677162980660796
39456,0.00126633420586586
39472,0.00678661186248064
39488,0.0009274125332012773
39504,0.0009519205195829272
39520,0.06628710776567459
39536,0.0014179504942148924
39552,0.000922004459425807
39568,0.012687861919403076
39584,0.015275169163942337
39600,0.030088555067777634
39616,0.09338638186454773
39632,0.003402883419767022
39648,0.001939794048666954
39664,0.0007662596181035042
39680,0.003432449884712696
39696,0.0010415762662887573
39712,0.0013527933042496443
39728,0.002161827404052019
39744,0.0011501372791826725
39760,0.005765065085142851
39776,0.0009020799770951271
39792,0.001510797766968608
39808,0.014004623517394066
39824,0.004694866482168436
39840,0.005834581330418587
39856,0.0007589000160805881
39872,0.0029974207282066345
39888,0.032738737761974335
39904,0.00162693636957556
39920,0.0006424124585464597
39936,0.0013956850161775947
39952,0.0006420551799237728
39968,0.001582170370966196
39984,0.0008849694859236479
40000,0.06967739760875702
40016,0.0007626548176631331
40032,0.005514894146472216
40048,0.000449014623882249
40064,0.0009534722194075584
40080,0.00031408783979713917
40096,0.00044414473813958466
40112,0.0006520868046209216
40128,0.07867032289505005
40144,0.0007730116485618055
40160,0.002796757034957409
40176,0.0003059148439206183
40192,0.001228228909894824
40208,0.0008575019892305136
40224,0.0005157861742191017
40240,0.0032499521039426327
40256,0.0027465997263789177
40272,0.0013406728394329548
40288,0.0014050675090402365
40304,0.0007811429677531123
40320,0.0035283758770674467
40336,0.0010707061737775803
40352,0.006320296786725521
40368,0.07263828814029694
40384,0.03352886438369751
40400,0.001337084686383605
40416,0.002267155796289444
40432,0.07090728729963303
40448,0.0034655635245144367
40464,0.0010261447168886662
40480,0.013102165423333645
40496,0.004111031536012888
40512,0.0045303404331207275
40528,0.0013519534841179848
40544,0.011751344427466393
40560,0.0034166034311056137
40576,0.0004241959541104734
40592,0.07290222495794296
40608,0.00046743813436478376
40624,0.07671564817428589
40640,0.0009833828080445528
40656,0.0029543573036789894
40672,0.0008764973608776927
40688,0.0008366748224943876
40704,0.0014525018632411957
40720,0.0008202165481634438
40736,0.0008341194479726255
40752,0.0027679726481437683
40768,0.0006999989273026586
40784,0.0011452101171016693
40800,0.0005616858252324164
40816,0.0008638747385703027
40832,0.010186824947595596
40848,0.0025784382596611977
40864,0.0011853616451844573
40880,0.0027080050203949213
40896,0.0027048850897699594
40912,0.0011410961160436273
40928,0.05464107543230057
40944,0.002086615189909935
40960,0.0005520263221114874
40976,0.006691451650112867
40992,0.010848363861441612
41008,0.0021963880863040686
41024,0.004093918949365616
41040,0.001306415069848299
41056,0.0033684035297483206
41072,0.002600777894258499
41088,0.028723442927002907
41104,0.005348027218133211
41120,0.0005175854894332588
41136,0.04130679368972778
41152,0.0037025378551334143
41168,0.013398140668869019
41184,0.001715910155326128
41200,0.002568434923887253
41216,0.002338317222893238
41232,0.0005761681823059916
41248,0.0038745123893022537
41264,0.0008968759211711586
41280,0.0011847016867250204
41296,0.011783751659095287
41312,0.0011202165624126792
41328,0.0040187593549489975
41344,0.006788691971451044
41360,0.0537029393017292
41376,0.00045214410056360066
41392,0.0009865803876891732
41408,0.003359425812959671
41424,0.0014943438582122326
41440,0.007076112087816
41456,0.001496796845458448
41472,0.001161470077931881
41488,0.006410835310816765
41504,0.0002465750148985535
41520,0.00425680261105299
41536,0.0035636755637824535
41552,0.0023071712348610163
41568,0.002229688223451376
41584,0.028439771384000778
41600,0.0004220569389872253
41616,0.0008338148472830653
41632,0.0007268070476129651
41648,0.004982699640095234
41664,0.03300654888153076
41680,0.00043017027201130986
41696,0.0006168755935505033
41712,0.00040447560604661703
41728,0.0010378980077803135
41744,0.097753144800663
41760,0.0006234649335965514
41776,0.0046537695452570915
41792,0.0013202473055571318
41808,0.001007266342639923
41824,0.0034254889469593763
41840,0.11609598249197006
41856,0.0009337522787973285
41872,0.0036391299217939377
41888,0.0015496867708861828
41904,0.0024658828042447567
41920,0.001995451282709837
41936,0.0025215856730937958
41952,0.02595166675746441
41968,0.0018679582281038165
41984,0.001464228262193501
42000,0.002058915328234434
42016,0.0033036258537322283
42032,0.0007051255670376122
42048,0.002186889760196209
42064,0.00737387128174305
42080,0.01686830073595047
42096,0.0010468012187629938
42112,0.10528897494077682
42128,0.0032602809369564056
42144,0.0026783468201756477
42160,0.010890001431107521
42176,0.0022906833328306675
42192,0.007760539650917053
42208,0.003485815366730094
42224,0.002765003824606538
42240,0.019879281520843506
42256,0.009714173153042793
42272,0.004510701168328524
42288,0.003693297738209367
42304,0.0017662208992987871
42320,0.001428708666935563
42336,0.0007022566860541701
42352,0.002347595989704132
42368,0.0006716175703331828
42384,0.01310006808489561
42400,0.0023508486337959766
42416,0.0007397039444185793
42432,0.003326814156025648
42448,0.0012053812388330698
42464,0.0013240646803751588
42480,0.0034480122849345207
42496,0.05489882454276085
42512,0.0022014800924807787
42528,0.0035199602134525776
42544,0.002354072406888008
42560,0.0007837082957848907
42576,0.0020872948225587606
42592,0.0006900802254676819
42608,0.0027386650908738375
42624,0.0013497136533260345
42640,0.0032414300367236137
42656,0.0008753064321354032
42672,0.0011437690118327737
42688,0.005375305190682411
42704,0.003074625041335821
42720,0.002555310493335128
42736,0.05628589540719986
42752,0.0016370383091270924
42768,0.006381592713296413
42784,0.0029468201100826263
42800,0.0018215503077954054
42816,0.045650824904441833
42832,0.000694883638061583
42848,0.0014495321083813906
42864,0.0005401400267146528
42880,0.002468712627887726
42896,0.0010156037751585245
42912,0.009854531846940517
42928,0.0014163809828460217
42944,0.0014295439468696713
42960,0.001380057306960225
42976,0.01963614672422409
42992,0.003224798012524843
43008,0.0006874083774164319
43024,0.0005936684319749475
43040,0.0004971398739144206
43056,0.001354625215753913
43072,0.0015484774485230446
43088,0.0008632498211227357
43104,0.002636544406414032
43120,0.000654952134937048
43136,0.002293787430971861
43152,0.0008911053300835192
43168,0.01659080758690834
43184,0.002859275322407484
43200,0.001289760577492416
43216,0.0011818406637758017
43232,0.0030432678759098053
43248,0.0013027605600655079
43264,0.0009798575192689896
43280,0.001521651865914464
43296,0.0012778369709849358
43312,0.0006603484507650137
43328,0.001978239044547081
43344,0.05498327314853668
43360,0.001054177526384592
43376,0.0009428777266293764
43392,0.0008748816326260567
43408,0.0008932892233133316
43424,0.026531146839261055
43440,0.0003938545996788889
43456,0.00730205187574029
43472,0.0014736675657331944
43488,0.00987046118825674
43504,0.0002591495285741985
43520,0.0012669626157730818
43536,0.0034682939294725657
43552,0.0005748409894295037
43568,0.009154907427728176
43584,0.0007398363668471575
43600,0.057561371475458145
43616,0.0009731738828122616
43632,0.0005735182203352451
43648,0.012306813150644302
43664,0.0083405040204525
43680,0.007798840291798115
43696,0.019445810467004776
43712,0.004520882852375507
43728,0.008669031783938408
43744,0.00040225297561846673
43760,0.015089815482497215
43776,0.0006733541376888752
43792,0.010330183431506157
43808,0.0055613587610423565
43824,0.001730436459183693
43840,0.004091327078640461
43856,0.06697050482034683
43872,0.0009467568597756326
43888,0.006904134061187506
43904,0.0022503770887851715
43920,0.0018769496819004416
43936,0.0009647525730542839
43952,0.0054207150824368
43968,0.005085940472781658
43984,0.00268076965585351
44000,0.0011187730124220252
44016,0.0036993816029280424
44032,0.07522793114185333
44048,0.0008557189139537513
44064,0.0010127740679308772
44080,0.0039051841013133526
44096,0.028207046911120415
44112,0.002051918301731348
44128,0.0009329309687018394
44144,0.0006018816493451595
44160,0.001440273248590529
44176,0.0004254438099451363
44192,0.002332011703401804
44208,0.0009586111409589648
44224,0.0007844915380701423
44240,0.004048074595630169
44256,0.00017741824558470398
44272,0.0111778499558568
44288,0.00044716655975207686
44304,0.0003052479587495327
44320,0.000646646018140018
44336,0.008729026652872562
44352,0.0023257166612893343
44368,0.001053495449014008
44384,0.10861325263977051
44400,0.026072083041071892
44416,0.0005227329093031585
44432,0.0005675203865393996
44448,0.0003085797361563891
44464,0.0035504272673279047
44480,0.008175583556294441
44496,0.0036073243245482445
44512,0.002044393215328455
44528,0.0004957527853548527
44544,0.02639774978160858
44560,0.002192598767578602
44576,0.03969651460647583
44592,0.0012161006452515721
44608,0.0004994851187802851
44624,0.003623333992436528
44640,0.0012335204519331455
44656,0.0009175669401884079
44672,0.0014406077098101377
44688,0.0006395414238795638
44704,0.0019705023150891066
44720,0.000918279867619276
44736,0.0007454106817021966
44752,0.001300496282055974
44768,0.001207240973599255
44784,0.00044270476792007685
44800,0.040049489587545395
44816,0.11726713180541992
44832,0.022224143147468567
44848,0.0020889444276690483
44864,0.00040797810652293265
44880,0.0008249669335782528
44896,0.0006861082511022687
44912,0.00529429130256176
44928,0.0009729729499667883
44944,0.0005452319164760411
44960,0.0003603652585297823
44976,0.0023653479292988777
44992,0.0019119513453915715
45008,0.0003688331344164908
45024,0.0032634621020406485
45040,0.014732097275555134
45056,0.013643588870763779
45072,0.004875807091593742
45088,0.000664425257127732
45104,0.010588754899799824
45120,0.07133558392524719
45136,0.002584011759608984
45152,0.0052921343594789505
45168,0.0005217816797085106
45184,0.004258257802575827
45200,0.0005064127035439014
45216,0.0006934336270205677
45232,0.0077141388319432735
45248,0.0009679581271484494
45264,0.0026874940376728773
45280,0.03191164880990982
45296,0.0011988254263997078
45312,0.07410581409931183
45328,0.004339614417403936
45344,0.0016531578730791807
45360,0.000999130541458726
45376,0.00035072743776254356
45392,0.0017812312580645084
45408,0.012592198327183723
45424,0.0070848362520337105
45440,0.0058148931711912155
45456,0.003209794871509075
45472,0.005077793262898922
45488,0.001835970557294786
45504,0.000699313823133707
45520,0.027811609208583832
45536,0.000558588420972228
45552,0.003998356871306896
45568,0.0007900018244981766
45584,0.0008521076524630189
45600,0.0023335248697549105
45616,0.0010448388056829572
45632,0.0020020855590701103
45648,0.001407452393323183
45664,0.015586458146572113
45680,0.0023926100693643093
45696,0.06736196577548981
45712,0.0042782435193657875
45728,0.0022494462318718433
45744,0.00119077879935503
45760,0.0006451846566051245
45776,0.0032275370322167873
45792,0.05366792902350426
45808,0.0045664370991289616
45824,0.005826862528920174
45840,0.001422846456989646
45856,0.0004695668467320502
45872,0.0019154961919412017
45888,0.0007008792599663138
45904,0.05385730043053627
45920,0.006462953519076109
45936,0.004463911987841129
45952,0.09409109503030777
45968,0.017397742718458176
45984,0.0007936276961117983
46000,0.0008455219212919474
46016,0.0006349887698888779
46032,0.002779881004244089
46048,0.028699254617094994
46064,0.0012179975165054202
46080,0.0006075762794353068
46096,0.007477095350623131
46112,0.0020228056237101555
46128,0.003145308466628194
46144,0.01608464866876602
46160,0.0010532697197049856
46176,0.0014451844617724419
46192,0.00039243532228283584
46208,0.0006134459981694818
46224,0.0006028490606695414
46240,0.08719398826360703
46256,0.00034098990727216005
46272,0.006590994540601969
46288,0.004575374070554972
46304,0.002342970110476017
46320,0.008585873059928417
46336,0.003094538813456893
46352,0.003213469870388508
46368,0.002086777240037918
46384,0.0010910637211054564
46400,0.0071393027901649475
46416,0.00927059631794691
46432,0.011503571644425392
46448,0.0025826729834079742
46464,0.0009683981770649552
46480,0.0009045583428815007
46496,0.0017808726988732815
46512,0.00026656041154637933
46528,0.0007782279280945659
46544,0.0006848647026345134
46560,0.0016660678666085005
46576,0.0006266495329327881
46592,0.0004239165864419192
46608,0.001561754965223372
46624,0.0019906689412891865
46640,0.00025520168128423393
46656,0.004662542603909969
46672,0.05980522930622101
46688,0.0019929823465645313
46704,0.05638311803340912
46720,0.0003570636617951095
46736,0.0007465231465175748
46752,0.0006171992281451821
46768,0.083356112241745
46784,0.0025749695487320423
46800,0.0005930408369749784
46816,0.0007649161852896214
46832,0.0013660371769219637
46848,0.006156103685498238
46864,0.004625617526471615
46880,0.0016945508541539311
46896,0.005057656206190586
46912,0.0014787630643695593
46928,0.0023053986951708794
46944,0.0003706792485900223
46960,0.12763716280460358
46976,0.0007750495569780469
46992,0.0009909672662615776
47008,0.0005179316503927112
47024,0.0018384953727945685
47040,0.0037817987613379955
47056,0.030196527019143105
47072,0.0014358505140990019
47088,0.0014532634522765875
47104,0.06422722339630127
47120,0.0026838199701160192
47136,0.0005459222011268139
47152,0.0029922458343207836
47168,0.0015646026004105806
47184,0.0007718954584561288
47200,0.005173406098037958
47216,0.0011793773155659437
47232,0.0006465613842010498
47248,0.0002673771814443171
47264,0.03546888381242752
47280,0.0012510789092630148
47296,0.021496765315532684
47312,0.0007642367854714394
47328,0.0008523229626007378
47344,0.0007726448820903897
47360,0.002023346722126007
47376,0.0020313221029937267
47392,0.008270179852843285
47408,0.0007309786742553115
47424,0.02757846564054489
47440,0.0009199990890920162
47456,0.0015696589834988117
47472,0.0005056406371295452
47488,0.004734368063509464
47504,0.0006477788556367159
47520,0.0074707078747451305
47536,0.00020450633019208908
47552,0.0005843201652169228
47568,0.0007448163232766092
47584,0.001938629662618041
47600,0.00844875443726778
47616,0.002192308194935322
47632,0.0010734966490417719
47648,0.013427374884486198
47664,0.01689412072300911
47680,0.0006544807692989707
47696,0.0048576826229691505
47712,0.027920283377170563
47728,0.006027934607118368
47744,0.004512685816735029
47760,0.0006399013800546527
47776,0.0008053400088101625
47792,0.007349562831223011
47808,0.001137726241722703
47824,0.0008172780508175492
47840,0.0011735963635146618
47856,0.0020515969954431057
47872,0.006889564450830221
47888,0.002897823229432106
47904,0.0015540351159870625
47920,0.0022692070342600346
47936,0.000643721898086369
47952,0.0013310166541486979
47968,0.0004703333252109587
47984,0.0014080264372751117
48000,0.001141733955591917
48016,0.0005644760094583035
48032,0.0006029929500073195
48048,0.00023491450701840222
48064,0.0036743145901709795
48080,0.0005928392056375742
48096,0.00036935301613993943
48112,0.0006144180078990757
48128,0.0008767478284426033
48144,0.026532765477895737
48160,0.002337732817977667
48176,0.011034587398171425
48192,0.00036038990947417915
48208,0.0114291338250041
48224,0.0002741907665040344
48240,0.0011332372669130564
48256,0.0016339794965460896
48272,0.0012555266730487347
48288,0.0005160393193364143
48304,0.021233558654785156
48320,0.0005015932256355882
48336,0.00027585867792367935
48352,0.11717627197504044
48368,0.032450150698423386
48384,0.005026695784181356
48400,0.004525017458945513
48416,0.0006513126427307725
48432,0.0011139563284814358
48448,0.0008138924604281783
48464,0.006607831921428442
48480,0.0007345822523348033
48496,0.003553749993443489
48512,0.0005002787220291793
48528,0.0006526013603433967
48544,0.0012462857412174344
48560,0.05260133743286133
48576,0.009559661149978638
48592,0.015560382977128029
48608,0.0009949530940502882
48624,0.001235820585861802
48640,0.0007146293646655977
48656,0.0003422765585128218
48672,0.0029686004854738712
48688,0.013290386646986008
48704,0.002371345181018114
48720,0.0014068922027945518
48736,0.008649815805256367
48752,0.015463737770915031
48768,0.0037799053825438023
48784,0.027782749384641647
48800,0.0027542230673134327
48816,0.13181385397911072
48832,0.0025402731262147427
48848,0.0013629714958369732
48864,0.002069266280159354
48880,0.002510430058464408
48896,0.003650513244792819
48912,0.0004415219300426543
48928,0.01585259661078453
48944,0.0007553433533757925
48960,0.004050681833177805
48976,0.0009057191200554371
48992,0.000810616125818342
49008,0.004396443255245686
49024,0.0327942818403244
49040,0.00613864790648222
49056,0.0007677872781641781
49072,0.0010358147555962205
49088,0.03638190031051636
49104,0.0010523245437070727
49120,0.013019117526710033
49136,0.0014020293019711971
49152,0.001991748344153166
49168,0.0016648832242935896
49184,0.0007044895901344717
49200,0.0013401620090007782
49216,0.0015849575866013765
49232,0.00043754890793934464
49248,0.0005056797526776791
49264,0.001305264770053327
49280,0.0005179053405299783
49296,0.005889697466045618
49312,0.0013047904940322042
49328,0.00067826610757038
49344,0.0017049444140866399
49360,0.0007938782800920308
49376,0.003192070871591568
49392,0.0006398888654075563
49408,0.0020957975648343563
49424,0.0016488448018208146
49440,0.0005596423870883882
49456,0.0002196660207118839
49472,0.0005072767962701619
49488,0.0007265532040037215
49504,0.0004486004472710192
49520,0.019192976877093315
49536,0.0072045717388391495
49552,0.0008045919239521027
49568,0.0014535889495164156
49584,0.014532458037137985
49600,0.00249356497079134
49616,0.005432461388409138
49632,0.00417875312268734
49648,0.00035479533835314214
49664,0.0005264775827527046
49680,0.06726035475730896
49696,0.0305473655462265
49712,0.00121239572763443
49728,0.004149639513343573
49744,0.0005940650007687509
49760,0.0007496719481423497
49776,0.07878000289201736
49792,0.0009912023087963462
49808,0.0007019336335361004
49824,0.003702858230099082
49840,0.0007351725362241268
49856,0.0004183593555353582
49872,0.0006360159604810178
49888,0.00032850721618160605
49904,0.0006760558462701738
49920,0.001433204859495163
49936,0.0003931944374926388
49952,0.0006463276804424822
49968,0.0006973642157390714
49984,0.000499830930493772
50000,0.003321194788441062
50016,0.0005806908011436462
50032,0.0011947683524340391
50048,0.0016359772998839617
50064,0.0005730445263907313
50080,0.0027723233215510845
50096,0.00046550019760616124
50112,0.022344142198562622
50128,0.02759118378162384
50144,0.001011584186926484
50160,0.050277870148420334
50176,0.0012559995520859957
50192,0.0023295036517083645
50208,0.0006431281799450517
50224,0.0008036545477807522
50240,0.0005497424863278866
50256,0.0004235029045958072
50272,0.0014630092773586512
50288,0.0003520017780829221
50304,0.0013267750618979335
50320,0.001674037892371416
50336,0.0015388722531497478
50352,0.005758291110396385
50368,0.0008921762928366661
50384,0.0038181596901267767
50400,0.0014469213783740997
50416,0.0012941387249156833
50432,0.0026073195040225983
50448,0.0005004043923690915
50464,0.0003769151517190039
50480,0.006704398430883884
50496,0.00879798922687769
50512,0.0007313116802833974
50528,0.0019149893196299672
50544,0.1279975324869156
50560,0.0005781609797850251
50576,0.0016095996834337711
50592,0.0016345722833648324
50608,0.001134500140324235
50624,0.0012873844243586063
50640,0.0005606712074950337
50656,0.0013284790329635143
50672,0.018331412225961685
50688,0.0006274614715948701
50704,0.0026813126169145107
50720,0.0008308316464535892
50736,0.06410639733076096
50752,0.032855626195669174
50768,0.003523322520777583
50784,0.012931723147630692
50800,0.0004763592150993645
50816,0.003587130457162857
50832,0.0005817562341690063
50848,0.0029167383909225464
50864,0.0039293901063501835
50880,0.026096897199749947
50896,0.026008566841483116
50912,0.0022785188630223274
50928,0.0007939559873193502
50944,0.0031452043913304806
50960,0.00411264318972826
50976,0.004670504946261644
50992,0.027045296505093575
51008,0.001181932631880045
51024,0.002003344241529703
51040,0.0009985552169382572
51056,0.0021370486356317997
51072,0.001064188196323812
51088,0.0029352609999477863
51104,0.0012451597722247243
51120,0.0025830790400505066
51136,0.007867847569286823
51152,0.001633412903174758
51168,0.0026503740809857845
51184,0.0041068969294428825
51200,0.005631964188069105
51216,0.0025818967260420322
51232,0.0339539535343647
51248,0.0008917105151340365
51264,0.0036439073737710714
51280,0.0026732718106359243
51296,0.029943589121103287
51312,0.0014257829170674086
51328,0.005304744932800531
51344,0.0023140693083405495
51360,0.0011529906187206507
51376,0.0011285340879112482
51392,0.010882988572120667
51408,0.005900733172893524
51424,0.059816572815179825
51440,0.0028634294867515564
51456,0.0021528941579163074
51472,0.001256574410945177
51488,0.0008319391636177897
51504,0.0005600418080575764
51520,0.0031240100506693125
51536,0.0009621100616641343
51552,0.01694733090698719
51568,0.10214746743440628
51584,0.00219685398042202
51600,0.0034329055342823267
51616,0.0010879558976739645
51632,0.0018161480547860265
51648,0.0011276309378445148
51664,0.0014782720245420933
51680,0.0011464871931821108
51696,0.0012321994872763753
51712,0.0014782804064452648
51728,0.006083015352487564
51744,0.002055119024589658
51760,0.015185212716460228
51776,0.014137027785182
51792,0.0021846939343959093
51808,0.0016963313100859523
51824,0.0021099215373396873
51840,0.00922080222517252
51856,0.0015744410920888186
51872,0.000971557863522321
51888,0.004412370268255472
51904,0.0011459586676210165
51920,0.0007476680912077427
51936,0.005695865955203772
51952,0.00323699158616364
51968,0.009412577375769615
51984,0.002776773413643241
52000,0.003362108487635851
52016,0.00047567009460181
52032,0.0012474122922867537
52048,0.0007831724360585213
52064,0.004935847129672766
52080,0.004186865407973528
52096,0.0011422765674069524
52112,0.0007760043954476714
52128,0.0008238820591941476
52144,0.0005056788213551044
52160,0.0024462263099849224
52176,0.0008711109403520823
52192,0.0004049795097671449
52208,0.005127650685608387
52224,0.0030273098964244127
52240,0.0006132348207756877
52256,0.01837232895195484
52272,0.00802659336477518
52288,0.01388661377131939
52304,0.0004559346998576075
52320,0.0009652678272686899
52336,0.0013326751068234444
52352,0.0025012590922415257
52368,0.020370448008179665
52384,0.0008868041913956404
52400,0.0029209922067821026
52416,0.0010371544631198049
52432,0.0020394758321344852
52448,0.003467838279902935
52464,0.0012841839343309402
52480,0.013667743653059006
52496,0.0014139707200229168
52512,0.0014132240321487188
52528,0.0036799267400056124
52544,0.003927224315702915
52560,0.0029023431707173586
52576,0.0021505411714315414
52592,0.11141422390937805
52608,0.0009834899101406336
52624,0.004273398779332638
52640,0.0008827742421999574
52656,0.0016201836988329887
52672,0.0036763017997145653
52688,0.0003387413453310728
52704,0.001570292515680194
52720,0.0030044475570321083
52736,0.0008121827850118279
52752,0.003642110154032707
52768,0.03333186358213425
52784,0.003904815297573805
52800,0.003356906119734049
52816,0.0014878311194479465
52832,0.004694004543125629
52848,0.0018694329774007201
52864,0.005223284475505352
52880,0.0020937800873070955
52896,0.09378401935100555
52912,0.0005623219185508788
52928,0.003691367106512189
52944,0.0007315048715099692
52960,0.0001767798967193812
52976,0.0004166608559899032
52992,0.010951325297355652
53008,0.02309323661029339
53024,0.0010711334180086851
53040,0.002252597361803055
53056,0.0010093098971992731
53072,0.0016425629146397114
53088,0.011132350191473961
53104,0.0016255562659353018
53120,0.0004812271799892187
53136,0.007873009890317917
53152,0.0018059220165014267
53168,0.0019701991695910692
53184,0.0008204979822039604
53200,0.0007890199194662273
53216,0.0052157677710056305
53232,0.0005202449392527342
53248,0.00829592440277338
53264,0.001190558192320168
53280,0.00041463435627520084
53296,0.0005252432310953736
53312,0.001683029462583363
53328,0.005061688367277384
53344,0.0014911865582689643
53360,0.001557104871608317
53376,0.0004085893742740154
53392,0.0006701383390463889
53408,0.008384534157812595
53424,0.0004443398502189666
53440,0.004462749697268009
53456,0.0012248089769855142
53472,0.0011052764020860195
53488,0.0013048304244875908
53504,0.05416378378868103
53520,0.0016638657543808222
53536,0.004994310438632965
53552,0.00556464958935976
53568,0.01722884364426136
53584,0.004325636196881533
53600,0.0021574003621935844
53616,0.0008258658926934004
53632,0.0041013797745108604
53648,0.007810031063854694
53664,0.001347311306744814
53680,0.0014605089090764523
53696,0.0013102989178150892
53712,0.0006777923554182053
53728,0.0011316821910440922
53744,0.0011532481294125319
53760,0.001105083036236465
53776,0.0035487646237015724
53792,0.0032685648184269667
53808,0.000656143412925303
53824,0.0028605698607861996
53840,0.0008990226197056472
53856,0.07698453217744827
53872,0.0010727857006713748
53888,0.00954663660377264
53904,0.003938746638596058
53920,0.0005869415472261608
53936,0.0011285824002698064
53952,0.0005909184692427516
53968,0.00044987211003899574
53984,0.003044356591999531
54000,0.0017536755185574293
54016,0.0007125140400603414
54032,0.00045894752838648856
54048,0.00041898692143149674
54064,0.0006007285555824637
54080,0.0022099637426435947
54096,0.0011026833672076464
54112,0.0010802895994856954
54128,0.010424425825476646
54144,0.0005815325421281159
54160,0.0011244767811149359
54176,0.000612240401096642
54192,0.0355568528175354
54208,0.00127039710059762
54224,0.004046483431011438
54240,0.0006787070306017995
54256,0.00024882599245756865
54272,0.0006614538724534214
54288,0.017154822126030922
54304,0.0446055568754673
54320,0.00017596271936781704
54336,0.0013982749078422785
54352,0.002096732147037983
54368,0.0006751054897904396
54384,0.001204538973979652
54400,0.0006098334561102092
54416,0.0009095348650589585
54432,0.045635245740413666
54448,0.0014973513316363096
54464,0.01731366664171219
54480,0.01861623302102089
54496,0.0011742925271391869
54512,0.0013016561279073358
54528,0.0018422346329316497
54544,0.0005754756275564432
54560,0.0006610716809518635
54576,0.0004443382495082915
54592,0.0021819230169057846
54608,0.0041458336636424065
54624,0.0003922176838386804
54640,0.02127450704574585
54656,0.011826879344880581
54672,0.020350944250822067
54688,0.00046020583249628544
54704,0.0009046674822457135
54720,0.0019303436856716871
54736,0.002511699451133609
54752,0.0019842893816530704
54768,0.09034699946641922
54784,0.0005265932995826006
54800,0.03660556301474571
54816,0.004381926264613867
54832,0.0012400993146002293
54848,0.0010715307435020804
54864,0.01297782827168703
54880,0.0009218069026246667
54896,0.0012900945730507374
54912,0.00026081636315211654
54928,0.016074595972895622
54944,0.0018044707830995321
54960,0.008166332729160786
54976,0.013182728551328182
54992,0.07825484126806259
55008,0.0014834117610007524
55024,0.003267359919846058
55040,0.0009637594339437783
55056,0.002001863205805421
55072,0.0017584494780749083
55088,0.0008878061780706048
55104,0.0013478025794029236
55120,0.0014134879456833005
55136,0.004150346852838993
55152,0.0011846334673464298
55168,0.001964760245755315
55184,0.001860483200289309
55200,0.0013506135437637568
55216,0.0006652750889770687
55232,0.0015235361643135548
55248,0.0005521129351109266
55264,0.0007531726732850075
55280,0.01231644582003355
55296,0.020013850182294846
55312,0.004239717964082956
55328,0.003591488813981414
55344,0.0036545514594763517
55360,0.00038865546230226755
55376,0.00033599440939724445
55392,0.00024740336812101305
55408,0.0006298875669017434
55424,0.000860799103975296
55440,0.008387804962694645
55456,0.0007962593226693571
55472,0.0007180304382927716
55488,0.0060282922349870205
55504,0.0004949071444571018
55520,0.002625213237479329
55536,0.0021393131464719772
55552,0.003942922223359346
55568,0.0004497399495448917
55584,0.048112835735082626
55600,0.0006690470036119223
55616,0.08716636896133423
55632,0.0034009572118520737
55648,0.003703068010509014
55664,0.0009969929233193398
55680,0.001629986334592104
55696,0.007594790775328875
55712,0.005164274014532566
55728,0.004585255403071642
55744,0.003863598220050335
55760,0.007259208709001541
55776,0.00441465899348259
55792,0.025245867669582367
55808,0.01631474494934082
55824,0.0015302428510040045
55840,0.0022567478008568287
55856,0.000341316859703511
55872,0.001530120731331408
55888,0.0015588257228955626
55904,0.0034848200157284737
55920,0.0003602231154218316
55936,0.002583600813522935
55952,0.0045236931182444096
55968,0.011030623689293861
55984,0.0008586913463659585
56000,0.01071594376116991
56016,0.0015450736973434687
56032,0.001019138260744512
56048,0.012433703988790512
56064,0.0036349741276353598
56080,0.0014778315089643002
56096,0.0016306329052895308
56112,0.0013543365057557821
56128,0.0011911947512999177
56144,0.0010447956155985594
56160,0.0008773591835051775
56176,0.004738300107419491
56192,0.0004123807593714446
56208,0.002573277335613966
56224,0.001339315203949809
56240,0.04196380451321602
56256,0.00761592760682106
56272,0.001429811236448586
56288,0.003040734911337495
56304,0.0036418719682842493
56320,0.0011242947075515985
56336,0.0034587536938488483
56352,0.005407220683991909
56368,0.0015280690276995301
56384,0.0029310467652976513
56400,0.10133583098649979
56416,0.002870564814656973
56432,0.0017055044881999493
56448,0.0034770863130688667
56464,0.0052119530737400055
56480,0.006847606040537357
56496,0.006423674989491701
56512,0.0016267623286694288
56528,0.0008856775239109993
56544,0.004023432265967131
56560,0.0028753462247550488
56576,0.0008833709289319813
56592,0.0021044618915766478
56608,0.005046117585152388
56624,0.001910847844555974
56640,0.007813706994056702
56656,0.0005223302287049592
56672,0.03682577982544899
56688,0.002468859776854515
56704,0.06365002691745758
56720,0.005448696669191122
56736,0.11239580810070038
56752,0.001111301127821207
56768,0.0012658403720706701
56784,0.001844645943492651
56800,0.0013623535633087158
56816,0.0012406737077981234
56832,0.0007411707774735987
56848,0.13474701344966888
56864,0.005724193062633276
56880,0.002964992541819811
56896,0.00519370473921299
56912,0.01754535362124443
56928,0.0030385456047952175
56944,0.0010891122510656714
56960,0.0021552646066993475
56976,0.006459345575422049
56992,0.010704251006245613
57008,0.010440191254019737
57024,0.02308516949415207
57040,0.01702122949063778
57056,0.047720592468976974
57072,0.0005129119963385165
57088,0.0007329898653551936
57104,0.006760015152394772
57120,0.002176361856982112
57136,0.013854035176336765
57152,0.0017896238714456558
57168,0.004092720337212086
57184,0.010680364444851875
57200,0.004658127669245005
57216,0.021275902166962624
57232,0.0012435518437996507
57248,0.05184415355324745
57264,0.012687593698501587
57280,0.0019473738502711058
57296,0.0026426035910844803
57312,0.0026439910288900137
57328,0.0005635367124341428
57344,0.05890688672661781
57360,0.00029575341613963246
57376,0.007410446647554636
57392,0.004188044928014278
57408,0.009913642890751362
57424,0.0007276344113051891
57440,0.0031412658281624317
57456,0.0016227734740823507
57472,0.0035344883799552917
57488,0.002066554967314005
57504,0.0015758053632453084
57520,0.004776708781719208
57536,0.00043486629147082567
57552,0.01923857256770134
57568,0.0004867197712883353
57584,0.0003789953188970685
57600,0.002321333158761263
57616,0.08105196058750153
57632,0.001989302458241582
57648,0.0008091991767287254
57664,0.004294728860259056
57680,0.0004485507670324296
57696,0.00664353696629405
57712,0.018411388620734215
57728,0.004817479755729437
57744,0.0015504308976233006
57760,0.0014070175820961595
57776,0.010882332921028137
57792,0.031146716326475143
57808,0.001048934180289507
57824,0.0033265824895352125
57840,0.019676320254802704
57856,0.013172172009944916
57872,0.0006368596223182976
57888,0.0007490983698517084
57904,0.0003425949835218489
57920,0.00044112798059359193
57936,0.0024167282972484827
57952,0.0009487842908129096
57968,0.0009077027207240462
57984,0.0029476017225533724
58000,0.0018997543957084417
58016,0.0009361088159494102
58032,0.0011374435853213072
58048,0.0016490580746904016
58064,0.010973683558404446
58080,0.0010872676502913237
58096,0.015923112630844116
58112,0.003371094586327672
58128,0.0005746388342231512
58144,0.005643700249493122
58160,0.012197134084999561
58176,0.0012142978375777602
58192,0.0005353062879294157
58208,0.0011693808482959867
58224,0.000878217164427042
58240,0.0006428412161767483
58256,0.0016172102186828852
58272,0.000778499583248049
58288,0.011204712092876434
58304,0.00021868603653274477
58320,0.0005207847571000457
58336,0.00046139900223352015
58352,0.02565452642738819
58368,0.00506574334576726
58384,0.0013012662529945374
58400,0.0014418493956327438
58416,0.0009285310516133904
58432,0.00040133437141776085
58448,0.0010153696639463305
58464,0.0010551947634667158
58480,0.0007432436104863882
58496,0.0027330692391842604
58512,0.0007205712026916444
58528,0.002202893141657114
58544,0.0005990465870127082
58560,0.0009727241704240441
58576,0.0004102948878426105
58592,0.0018542222678661346
58608,0.0011801186483353376
58624,0.0011586683103814721
58640,0.0013995232293382287
58656,0.002689163666218519
58672,0.0006133763818070292
58688,0.0006156634190119803
58704,0.003795619821175933
58720,0.0005478502134792507
58736,0.0006350475014187396
58752,0.013482265174388885
58768,0.00256638927385211
58784,0.0007391279796138406
58800,0.0007545913103967905
58816,0.0006043335306458175
58832,0.007814224809408188
58848,0.002513231709599495
58864,0.0005691961850970984
58880,0.00321015203371644
58896,0.00588945671916008
58912,0.0004898690385743976
58928,0.0005464737769216299
58944,0.0009734336636029184
58960,0.0009645378449931741
58976,0.07315623015165329
58992,0.013321745209395885
59008,0.001953501719981432
59024,0.0011711050756275654
59040,0.13052140176296234
59056,0.0005125624593347311
59072,0.0011515605729073286
59088,0.002021555323153734
59104,0.0011531374184414744
59120,0.0010952595621347427
59136,0.000661525409668684
59152,0.0008839442161843181
59168,0.0008095636148937047
59184,0.0007512322627007961
59200,0.0028939559124410152
59216,0.002545357681810856
59232,0.02664756402373314
59248,0.0011014670599251986
59264,0.020937703549861908
59280,0.0038631530478596687
59296,0.002548441756516695
59312,0.0018571421969681978
59328,0.0008995540556497872
59344,0.0007319988217204809
59360,0.02213520184159279
59376,0.0069396523758769035
59392,0.0009155953302979469
59408,0.0008076988160610199
59424,0.0005209267255850136
59440,0.0003033254179172218
59456,0.0007242541760206223
59472,0.0017959806136786938
59488,0.0011627495987340808
59504,0.001999855972826481
59520,0.0006233097519725561
59536,0.0011291357222944498
59552,0.0015345833962783217
59568,0.001362437498755753
59584,0.00085924391169101
59600,0.0009482476743869483
59616,0.07060861587524414
59632,0.0005938037647865713
59648,0.0013823334593325853
59664,0.0010514520108699799
59680,0.008154978975653648
59696,0.001481845392845571
59712,0.0016187620349228382
59728,0.001196383498609066
59744,0.002003229223191738
59760,0.0008135983371175826
59776,0.0003508355584926903
59792,0.02347526326775551
59808,0.0012209722772240639
59824,0.001527993124909699
59840,0.0007308120257221162
59856,0.0008454981725662947
59872,0.0004075386968906969
59888,0.0005310607375577092
59904,0.00026682595489546657
59920,0.00411234050989151
59936,0.0039005593862384558
59952,0.026711227372288704
59968,0.06855431199073792
59984,0.0006208408158272505
60000,0.0014012167230248451
60016,0.002390271285548806
60032,0.0014352123253047466
60048,0.0008004893315955997
60064,0.0005561430589295924
60080,0.0002569188945926726
60096,0.0007447146927006543
60112,0.0021974369883537292
60128,0.005246778950095177
60144,0.006306029856204987
60160,0.0005712095880880952
60176,0.0014583709416911006
60192,0.0014793664449825883
60208,0.001022247364744544
60224,0.0005038940580561757
60240,0.0008764525409787893
60256,0.0013886226806789637
60272,0.0017048661829903722
60288,0.011241614818572998
60304,0.0026600484270602465
60320,0.0015317851211875677
60336,0.0001591421023476869
60352,0.0007503203814849257
60368,0.00036958447890356183
60384,0.0013317628763616085
60400,0.004393120761960745
60416,0.044628020375967026
60432,0.0010991491144523025
60448,0.0013424563221633434
60464,0.002484989585354924
60480,0.00039276943425647914
60496,0.000563506968319416
60512,0.0003119114553555846
60528,0.0006543963681906462
60544,0.0009910966036841273
60560,0.0017927323933690786
60576,0.014685168862342834
60592,0.0002755324530880898
60608,0.000725346093531698
60624,0.00017798412591218948
60640,0.0012751470785588026
60656,0.0004906730609945953
60672,0.09823351353406906
60688,0.002057382371276617
60704,0.001158089842647314
60720,0.0023363817017525434
60736,0.0006979400641284883
60752,0.001446599024347961
60768,0.0006237689522095025
60784,0.005329081788659096
60800,0.000371032947441563
60816,0.05802847445011139
60832,0.0004613978962879628
60848,0.13255378603935242
60864,0.0009525553323328495
60880,0.003625433426350355
60896,0.0009213301236741245
60912,0.0004026816168334335
60928,0.0005274524446576834
60944,0.0006006566109135747
60960,0.001002720557153225
60976,0.028054963797330856
60992,0.07887271046638489
61008,0.0021636197343468666
61024,0.12939636409282684
61040,0.0020670872181653976
61056,0.0011903408449143171
61072,0.0015811034245416522
61088,0.0025382940657436848
61104,0.0008943508146330714
61120,0.0013751959195360541
61136,0.011709773913025856
61152,0.0197750236839056
61168,0.0012529166415333748
61184,0.004438858479261398
61200,0.0020507974550127983
61216,0.0014996288809925318
61232,0.033724065870046616
61248,0.022925440222024918
61264,0.0024603086058050394
61280,0.0024929645005613565
61296,0.0008239253074862063
61312,0.002187867648899555
61328,0.0009542321786284447
61344,0.002023557899519801
61360,0.0013544076355174184
61376,0.0017367058899253607
61392,0.0018488516798242927
61408,0.0017932129558175802
61424,0.0010723941959440708
61440,0.018299106508493423
61456,0.0009618295589461923
61472,0.0035811150446534157
61488,0.004684588871896267
61504,0.0002697676536627114
61520,0.12407250702381134
61536,0.0006892259698361158
61552,0.001118432730436325
61568,0.0020828465931117535
61584,0.0013105296529829502
61600,0.00039985828334465623
61616,0.00034595673787407577
61632,0.0012204316444694996
61648,0.000529010605532676
61664,0.0022056209854781628
61680,0.0012283308897167444
61696,0.013194572180509567
61712,0.05411776155233383
61728,0.12091533839702606
61744,0.0007059048512019217
61760,0.001880014780908823
61776,0.0007816924480721354
61792,0.006107665598392487
61808,0.0004481870273593813
61824,0.0036616981960833073
61840,0.0025642896071076393
61856,0.020968418568372726
61872,0.1293921023607254
61888,0.01210302859544754
61904,0.0481981597840786
61920,0.0021477844566106796
61936,0.0007643871940672398
61952,0.0032739241141825914
61968,0.0012049020733684301
61984,0.0009101476753130555
62000,0.0012212686706334352
62016,0.024239135906100273
62032,0.0003325185098219663
62048,0.0023118015378713608
62064,0.00105175725184381
62080,0.0015478369314223528
62096,0.03652080520987511
62112,0.002120642689988017
62128,0.008962363936007023
62144,0.006539344321936369
62160,0.000275801750831306
62176,0.008559003472328186
62192,0.06885632127523422
62208,0.0011097135720774531
62224,0.0003239064826630056
62240,0.0016021750634536147
62256,0.0005191775853745639
62272,0.0011137682013213634
62288,0.0020669843070209026
62304,0.0032986479345709085
62320,0.0034975020680576563
62336,0.002619472099468112
62352,0.0017878739163279533
62368,0.00043841201113536954
62384,0.004255459178239107
62400,0.1322234869003296
62416,0.0037272791378200054
62432,0.007531939074397087
62448,0.0032239332795143127
62464,0.007827214896678925
62480,0.0003894856199622154
62496,0.0009850026108324528
62512,0.000385648658266291
62528,0.0002419477968942374
62544,0.0015246374532580376
62560,0.01439900603145361
62576,0.024815013632178307
62592,0.0005904624704271555
62608,0.0008938930695876479
62624,0.04904980584979057
62640,0.000697823241353035
62656,0.0008966380846686661
62672,0.0009516547434031963
62688,0.0004975665360689163
62704,0.002415648428723216
62720,0.0012131580151617527
62736,0.0030082333832979202
62752,0.0013424830976873636
62768,0.0021061657462269068
62784,0.0005537698743864894
62800,0.0003707392606884241
62816,0.0026626884937286377
62832,0.0008193195099011064
62848,0.0008393564494326711
62864,0.0020429284777492285
62880,0.0006888866191729903
62896,0.012516142800450325
62912,0.017091115936636925
62928,0.00048483398859389126
62944,0.002418373478576541
62960,0.0014708631206303835
62976,0.008886787109076977
62992,0.0037438049912452698
63008,0.0016013552667573094
63024,0.0007837095763534307
63040,0.0004280055873095989
63056,0.015624423511326313
63072,0.004543095361441374
63088,0.0006936868885532022
63104,0.0026477351784706116
63120,0.0016226281877607107
63136,0.0005338820046745241
63152,0.0003568156389519572
63168,0.02894488163292408
63184,0.01204652339220047
63200,0.011316600255668163
63216,0.0009434988023713231
63232,0.0007766293711028993
63248,0.0002781857328955084
63264,0.00018691984587348998
63280,0.01713860221207142
63296,0.007961578667163849
63312,0.0006357345846481621
63328,0.0029190871864557266
63344,0.01708020456135273
63360,0.0019974452443420887
63376,0.00026038731448352337
63392,0.0006963720661588013
63408,0.07237862050533295
63424,0.004456331953406334
63440,0.0017178982961922884
63456,0.00036751790321432054
63472,0.0006787035963498056
63488,0.00044966195127926767
63504,0.0005408734432421625
63520,0.0012126837391406298
63536,0.0006761787226423621
63552,0.0005846632411703467
63568,0.0012098255101591349
63584,0.007272687274962664
63600,0.0021782158873975277
63616,0.004495931789278984
63632,0.0015088464133441448
63648,0.0005887527950108051
63664,0.0004794585984200239
63680,0.0008317771134898067
63696,0.01738899014890194
63712,0.0026560400146991014
63728,0.049077168107032776
63744,0.002991731744259596
63760,0.0009765814756974578
63776,0.009449440985918045
63792,0.0007151868776418269
63808,0.00047599844401702285
63824,0.0029174895025789738
63840,0.0011889197630807757
63856,0.00043132243445143104
63872,0.000459560047602281
63888,0.009402322582900524
63904,0.01574498414993286
63920,0.0003102578339166939
63936,0.005517164710909128
63952,0.003306307829916477
63968,0.0002922949497587979
63984,0.00044903255184181035
64000,0.0002874945639632642
64016,0.03738704323768616
64032,0.0007000530022196472
64048,0.00047069715219549835
64064,0.0009587520034983754
64080,0.0006089503294788301
64096,0.0007198569364845753
64112,0.05948109179735184
64128,0.009928062558174133
64144,0.0017686366336420178
64160,0.000818620843347162
64176,0.0002565569884609431
64192,0.005282109137624502
64208,0.0008522840798832476
64224,0.0003056017158087343
64240,0.00041122149559669197
64256,0.00047501313383691013
64272,0.0015813386999070644
64288,0.0002569918869994581
64304,0.02950376830995083
64320,0.0008927780436351895
64336,0.06550314277410507
64352,0.004925234243273735
64368,0.037001851946115494
64384,0.0007080126088112593
64400,0.0006824973388575017
64416,0.005597096402198076
64432,0.0014155451208353043
64448,0.0018982486799359322
64464,0.1348995566368103
64480,0.0010665026493370533
64496,0.00960938073694706
64512,0.0008534310036338866
64528,0.0029321920592337847
64544,0.08665262907743454
64560,0.0006033050594851375
64576,0.03333986550569534
64592,0.009855540469288826
64608,0.0027150665409862995
64624,0.0019753812812268734
64640,0.0005325029487721622
64656,0.0007153699407353997
64672,0.0016951754223555326
64688,0.0010598031803965569
64704,0.0019915588200092316
64720,0.00033853191416710615
64736,0.0018274029716849327
64752,0.000628301000688225
64768,0.0018275462789461017
64784,0.00219629961065948
64800,0.0005632207030430436
64816,0.00035237116389907897
64832,0.002135408576577902
64848,0.0008560493588447571
64864,0.0009952221298590302
64880,0.013407602906227112
64896,0.00045718078035861254
64912,0.05120239779353142
64928,0.0005238387966528535
64944,0.005230618640780449
64960,0.001713858568109572
64976,0.0009396768291480839
64992,0.004295399412512779
65008,0.00030379078816622496
65024,0.0002081929997075349
65040,0.0007417593151330948
65056,0.0005078556714579463
65072,0.0004934272728860378
65088,0.00364266661927104
65104,0.00025436090072616935
65120,0.0005535960663110018
65136,0.12138405442237854
65152,0.00047228753101080656
65168,0.004631720948964357
65184,0.0008176359697245061
65200,0.0004050282877869904
65216,0.002011530799791217
65232,0.0009840645361691713
65248,0.0009100230527110398
65264,0.001288058701902628
65280,0.005168112926185131
65296,0.0017973545473068953
65312,0.0012298962101340294
65328,0.0006332809571176767
65344,0.0006992422277107835
65360,0.001116790808737278
65376,0.0005302372737787664
65392,0.001191622344776988
65408,0.006289173383265734
65424,0.08048311620950699
65440,0.0420520044863224
65456,0.000548873096704483
65472,0.036127395927906036
65488,0.0004681922437157482
65504,0.0013561436207965016
65520,0.0772361308336258
65536,0.004598754458129406
65552,0.03793512284755707
65568,0.0007388050435110927
65584,0.0010764652397483587
65600,0.007382553070783615
65616,0.0009721334790810943
65632,0.0011167940683662891
65648,0.00414475379511714
65664,0.006650496739894152
65680,0.007279769517481327
65696,0.0013638788368552923
65712,0.002231187652796507
65728,0.0006071109091863036
65744,0.0007457737810909748
65760,0.006151679903268814
65776,0.00471865851432085
65792,0.0005379720823839307
65808,0.0005299098556861281
65824,0.0005708083044737577
65840,0.0022404605988413095
65856,0.002269292715936899
65872,0.0010576850036159158
65888,0.0023431044537574053
65904,0.0021485742181539536
65920,0.0036793467588722706
65936,0.08249121904373169
65952,0.0018983366899192333
65968,0.0009153478895314038
65984,0.03287109360098839
66000,0.0011726664379239082
66016,0.004868615418672562
66032,0.0101646538823843
66048,0.0011840309016406536
66064,0.0008255846332758665
66080,0.0019015877041965723
66096,0.0027310880832374096
66112,0.0011720566544681787
66128,0.002164555946364999
66144,0.0019451610278338194
66160,0.0004773259279318154
66176,0.012130102142691612
66192,0.001560537377372384
66208,0.000828502350486815
66224,0.024218197911977768
66240,0.003791516413912177
66256,0.00046621239744126797
66272,0.0037221210077404976
66288,0.0005876481300219893
66304,0.0003317598602734506
66320,0.0003221250663045794
66336,0.0007124366238713264
66352,0.0004940970102325082
66368,0.12262076139450073
66384,0.0008085696026682854
66400,0.002326197922229767
66416,0.000877661514095962
66432,0.0014045232674106956
66448,0.0012459574500098825
66464,0.0019373774994164705
66480,0.0017127776518464088
66496,0.020015884190797806
66512,0.0019495459273457527
66528,0.030945543199777603
66544,0.0007420759066008031
66560,0.1140405535697937
66576,0.0013845828361809254
66592,0.0033572751563042402
66608,0.0005159617285244167
66624,0.0002814396284520626
66640,0.00407091248780489
66656,0.05394597724080086
66672,0.0013633969938382506
66688,0.0004538241773843765
66704,0.000631141709163785
66720,0.0011333839502185583
66736,0.009925044141709805
66752,0.0010811456013470888
66768,0.00265411171130836
66784,0.000571630778722465
66800,0.01066207978874445
66816,0.0004163832636550069
66832,0.010342862457036972
66848,0.01249285601079464
66864,0.0013503538211807609
66880,0.0020507739391177893
66896,0.0008531310013495386
66912,0.0006429216009564698
66928,0.023425789549946785
66944,0.0004658076213672757
66960,0.001433196128346026
66976,0.0025318863335996866
66992,0.0008202213211916387
67008,0.0035099543165415525
67024,0.0005790030118077993
67040,0.0007843456696718931
67056,0.00043837903649546206
67072,0.01275700330734253
67088,0.0012750256573781371
67104,0.0007321799639612436
67120,0.0006826414028182626
67136,0.0009974598651751876
67152,0.0004603466368280351
67168,0.002789935562759638
67184,0.0013686928432434797
67200,0.0014775338349863887
67216,0.000610490096732974
67232,0.0007525577675551176
67248,0.0025983070954680443
67264,0.005081679672002792
67280,0.005331167485564947
67296,0.0014732591807842255
67312,0.004508438054472208
67328,0.023269163444638252
67344,0.008019980043172836
67360,0.011686422862112522
67376,0.010966933332383633
67392,0.002441241405904293
67408,0.006883892230689526
67424,0.0016933646984398365
67440,0.0010196184739470482
67456,0.0005363546079024673
67472,0.0008638463914394379
67488,0.00228098314255476
67504,0.0005872312467545271
67520,0.0005598136340267956
67536,0.0007056071190163493
67552,0.000461449206341058
67568,0.0009347040904685855
67584,0.0009596465388312936
67600,0.0010977546917274594
67616,0.01420741155743599
67632,0.0010618147207424045
67648,0.0007790499948896468
67664,0.0107503030449152
67680,0.0007343859761022031
67696,0.0025813181418925524
67712,0.0005705779185518622
67728,0.0038435491733253
67744,0.13930784165859222
67760,0.0008075502119027078
67776,0.004048071801662445
67792,0.0019223443232476711
67808,0.0014000688679516315
67824,0.001501627964898944
67840,0.001213506911881268
67856,0.035938236862421036
67872,0.0015708839055150747
67888,0.0007542038802057505
67904,0.000646533677354455
67920,0.0007205902365967631
67936,0.0026583787985146046
67952,0.001295088091865182
67968,0.041980065405368805
67984,0.00040169342537410557
68000,0.0007525040418840945
68016,0.0011431712191551924
68032,0.0013426223304122686
68048,0.0006856780964881182
68064,0.11696501821279526
68080,0.000614780408795923
68096,0.0012564529897645116
68112,0.0021978463046252728
68128,0.0016069815028458834
68144,0.0007844186038710177
68160,0.0007995952619239688
68176,0.0003361454582773149
68192,0.001467635971494019
68208,0.003504914464429021
68224,0.0005430204328149557
68240,0.0006501242751255631
68256,0.0047696540132164955
68272,0.004875694867223501
68288,0.00056052504805848
68304,0.0043346695601940155
68320,0.0006119426107034087
68336,0.10318412631750107
68352,0.008335492573678493
68368,0.00020995181694161147
68384,0.0011898025404661894
68400,0.15903475880622864
68416,0.0025264678988605738
68432,0.00254878681153059
68448,0.023126568645238876
68464,0.001881077652797103
68480,0.00040092639392241836
68496,0.001975707011297345
68512,0.006197663489729166
68528,0.0346369706094265
68544,0.0017951943445950747
68560,0.0032414135057479143
68576,0.0013752010418102145
68592,0.0019588149152696133
68608,0.003986666910350323
68624,0.0021579840686172247
68640,0.0008559919078834355
68656,0.016550444066524506
68672,0.004817841574549675
68688,0.03674345836043358
68704,0.0010029682889580727
68720,0.0037035916466265917
68736,0.002257834654301405
68752,0.0028339396230876446
68768,0.001955911051481962
68784,0.0006324214045889676
68800,0.0006301843095570803
68816,0.0015992562985047698
68832,0.0009785144357010722
68848,0.0021557314321398735
68864,0.001066490076482296
68880,0.000998916570097208
68896,0.0004244733427185565
68912,0.0008309232071042061
68928,0.0026176590472459793
68944,0.0002640020684339106
68960,0.003848620457574725
68976,0.0016179089434444904
68992,0.0014098132960498333
69008,0.0002616556594148278
69024,0.001419496489688754
69040,0.018891306594014168
69056,0.00262162322178483
69072,0.0013687366154044867
69088,0.0022589461877942085
69104,0.01746717095375061
69120,0.006718138698488474
69136,0.0003697893116623163
69152,0.0007079237839207053
69168,0.0006250164587981999
69184,0.0028184354305267334
69200,0.00046668818686157465
69216,0.0007625168655067682
69232,0.0008863002876751125
69248,0.0006170559208840132
69264,0.030078325420618057
69280,0.0004878058680333197
69296,0.00047206258750520647
69312,0.0005107814213261008
69328,0.014835763722658157
69344,0.0005632012616842985
69360,0.004681037273257971
69376,0.0007762453751638532
69392,0.08512001484632492
69408,0.0010635053040459752
69424,0.0015548872761428356
69440,0.00030223411158658564
69456,0.0007512980373576283
69472,0.0024073077365756035
69488,0.0005116317188367248
69504,0.017100125551223755
69520,0.0004291210789233446
69536,0.00020456637139432132
69552,0.008952930569648743
69568,0.0005226167850196362
69584,0.0004827100783586502
69600,0.001673459424637258
69616,0.00034830704680643976
69632,0.0005829507135786116
69648,0.0006167960818856955
69664,0.06479266285896301
69680,0.0012937645660713315
69696,0.0003697534848470241
69712,0.001344741671346128
69728,0.0008940514526329935
69744,0.004641992971301079
69760,0.006346592679619789
69776,0.017951279878616333
69792,0.015545899979770184
69808,0.018197890371084213
69824,0.017944637686014175
69840,0.0015283349202945828
69856,0.0006478700088337064
69872,0.00042738622869364917
69888,0.0018056128174066544
69904,0.0007131946040317416
69920,0.005841607693582773
69936,0.00048366343253292143
69952,0.0003538076125551015
69968,0.0003876679693348706
69984,0.0003699693479575217
70000,0.0004865916562266648
70016,0.0012370195472612977
70032,0.001721248496323824
70048,0.0007071028230711818
70064,0.0004382434708531946
70080,0.0005667136865667999
70096,0.0018409867770969868
70112,0.0002995148242916912
70128,0.0012335192877799273
70144,0.0007761638844385743
70160,0.012586317025125027
70176,0.0012326937867328525
70192,0.0015938151627779007
70208,0.0006965502398088574
70224,0.04510924965143204
70240,0.0014391561271622777
70256,0.00508114555850625
70272,0.0016166202258318663
70288,0.00098774756770581
70304,0.0005882643163204193
70320,0.020899266004562378
70336,0.0032513015903532505
70352,0.000871415832079947
70368,0.01733839139342308
70384,0.0007250750786624849
70400,0.004611635114997625
70416,0.037632204592227936
70432,0.0007054231246002018
70448,0.0004076475743204355
70464,0.008612526580691338
70480,0.0022927166428416967
70496,0.0009070505620911717
70512,0.0009202627115882933
70528,0.0005191060481593013
70544,0.0003338685492053628
70560,0.0020091566257178783
70576,0.0005722827045246959
70592,0.0011181485606357455
70608,0.025474699214100838
70624,0.0005854915943928063
70640,0.02157970331609249
70656,0.0008793906308710575
70672,0.010866319760680199
70688,0.01039978303015232
70704,0.001049287966452539
70720,0.009211495518684387
70736,0.000561316090170294
70752,0.0019070665584877133
70768,0.000378799915779382
70784,0.008948923088610172
70800,0.0006901085725985467
70816,0.00023930612951517105
70832,0.002016698243096471
70848,0.0017432287568226457
70864,0.0037374780513346195
70880,0.004409236833453178
70896,0.0003928291262127459
70912,0.0005650544771924615
70928,0.0008859292138367891
70944,0.0014403780223801732
70960,0.001459070248529315
70976,0.005964256823062897
70992,0.0008675392018631101
71008,0.0015358177479356527
71024,0.0009618089534342289
71040,0.0028468389064073563
71056,0.003659946843981743
71072,0.0012006746837869287
71088,0.005374591331928968
71104,0.0002879698877222836
71120,0.009841280058026314
71136,0.0003468541835900396
71152,0.0010958247585222125
71168,0.0014679133892059326
71184,0.003941607195883989
71200,0.000856605009175837
71216,0.0011732860002666712
71232,0.01164962351322174
71248,0.0014506974257528782
71264,0.0011728680692613125
71280,0.0014809493441134691
71296,0.0010208715684711933
71312,0.0014863463584333658
71328,0.0005477300146594644
71344,0.0007478848565369844
71360,0.0008792168227955699
71376,0.0010814918205142021
71392,0.0017563196597620845
71408,0.003123619593679905
71424,0.0030014850199222565
71440,0.000619057915173471
71456,0.0005550186615437269
71472,0.0022001583129167557
71488,0.0009473879472352564
71504,0.001720684114843607
71520,0.002418777672573924
71536,0.0020626706536859274
71552,0.006716937758028507
71568,0.03510144352912903
71584,0.001680406043305993
71600,0.0028670162428170443
71616,0.0007877759053371847
71632,0.0010149853769689798
71648,0.00448555639013648
71664,0.004854737315326929
71680,0.0005068713799118996
71696,0.0009832619689404964
71712,0.0007316174451261759
71728,0.0028725815936923027
71744,0.0009892943780869246
71760,0.00057085050502792
71776,0.013985060155391693
71792,0.014481754042208195
71808,0.006400814279913902
71824,0.00015472933591809124
71840,0.0004425402730703354
71856,0.001361324917525053
71872,0.0007565534906461835
71888,0.0004671143542509526
71904,0.0010134514886885881
71920,0.000668191525619477
71936,0.009897635318338871
71952,0.0024219760671257973
71968,0.15126945078372955
71984,0.0006434124079532921
72000,0.00047680456191301346
72016,0.0009033138630911708
72032,0.002661224454641342
72048,0.0006893780082464218
72064,0.0008454826893284917
72080,0.01716477982699871
72096,0.003596289549022913
72112,0.005339461844414473
72128,0.0019884135108441114
72144,0.0009553474956192076
72160,0.0039598108269274235
72176,0.0015049194917082787
72192,0.12076466530561447
72208,0.0023751414846628904
72224,0.0008832304738461971
72240,0.00028305588057264686
72256,0.0011592430528253317
72272,0.0014017747016623616
72288,0.000900068785995245
72304,0.002137860283255577
72320,0.0006998605094850063
72336,0.0014685029163956642
72352,0.018833240494132042
72368,0.0010824650526046753
72384,0.0009437784901820123
72400,0.0013009130489081144
72416,0.0006697732023894787
72432,0.0030234430450946093
72448,0.0037865920457988977
72464,0.07029850780963898
72480,0.003741796128451824
72496,0.002621502848342061
72512,0.0006778495153412223
72528,0.0026485412381589413
72544,0.007920252159237862
72560,0.004713976290076971
72576,0.009641490876674652
72592,0.00033564510522410274
72608,0.007887502200901508
72624,0.029493940994143486
72640,0.0009540311875753105
72656,0.002289372496306896
72672,0.003193298354744911
72688,0.001720980042591691
72704,0.0008006661664694548
72720,0.0012871959479525685
72736,0.10397131741046906
72752,0.0009575824369676411
72768,0.021521039307117462
72784,0.0031905598007142544
72800,0.0004682280996348709
72816,0.004253419116139412
72832,0.0008282390190288424
72848,0.00201562512665987
72864,0.0008674126584082842
72880,0.001891166321001947
72896,0.001737784594297409
72912,0.00043043005280196667
72928,0.0004983091494068503
72944,0.004195748828351498
72960,0.001602222677320242
72976,0.001170111121609807
72992,0.008884457871317863
73008,0.001016047433950007
73024,0.00440190639346838
73040,0.003018727293238044
73056,0.0015448142075911164
73072,0.0228886716067791
73088,0.004982330836355686
73104,0.031137622892856598
73120,0.0011188318021595478
73136,0.003682043869048357
73152,0.0004560875822789967
73168,0.0014739652397111058
73184,0.00038138258969411254
73200,0.001799705671146512
73216,0.0007829833775758743
73232,0.0011331000132486224
73248,0.002226074691861868
73264,0.021061453968286514
73280,0.0026604633312672377
73296,0.0007629203610122204
73312,0.005697418935596943
73328,0.0006061912281438708
73344,0.0008390306029468775
73360,0.0009762856643646955
73376,0.00046554437722079456
73392,0.0005862736143171787
73408,0.05870678275823593
73424,0.0006214898312464356
73440,0.0068866354413330555
73456,0.0005877233343198895
73472,0.12628893554210663
73488,0.0015310074668377638
73504,0.0007871739799156785
73520,0.000639502250123769
73536,0.0020257222931832075
73552,0.013826735317707062
73568,0.0020748034585267305
73584,0.13596901297569275
73600,0.006678077392280102
73616,0.007196183316409588
73632,0.00047275921679101884
73648,0.006281090900301933
73664,0.0008230336243286729
73680,0.008124999701976776
73696,0.003786463290452957
73712,0.0007066988619044423
73728,0.014192035421729088
73744,0.002026139758527279
73760,0.000931891321670264
73776,0.005274083930999041
73792,0.0008341220091097057
73808,0.0002984454040415585
73824,0.0005584000609815121
73840,0.0005195853300392628
73856,0.0030780364759266376
73872,0.0015993824927136302
73888,0.0011132301297038794
73904,0.0007159481756389141
73920,0.06399118155241013
73936,0.007460324093699455
73952,0.004244727082550526
73968,0.0014795007882639766
73984,0.001043408759869635
74000,0.0007854559225961566
74016,0.01531657949090004
74032,0.011837300844490528
74048,0.0015044227475300431
74064,0.000859931402374059
74080,0.00034029633388854563
74096,0.000880769919604063
74112,0.00029766460647806525
74128,0.0005286456434987485
74144,0.000794126361142844
74160,0.0003571158740669489
74176,0.0006696637719869614
74192,0.0014613543171435595
74208,0.0007705985335633159
74224,0.0011552071664482355
74240,0.0007757429266348481
74256,0.011520639061927795
74272,0.01427941769361496
74288,0.015538551844656467
74304,0.0005866828723810613
74320,0.0019918708130717278
74336,0.0006334024947136641
74352,0.0006371084018610418
74368,0.040104229003190994
74384,0.00034357060212641954
74400,0.000722311669960618
74416,0.0052720969542860985
74432,0.004536016844213009
74448,0.010695557110011578
74464,0.0068120202049613
74480,0.0006132021662779152
74496,0.0005151694640517235
74512,0.014400830492377281
74528,0.0047019533812999725
74544,0.0016089488053694367
74560,0.004124519415199757
74576,0.003291259054094553
74592,0.0014655966078862548
74608,0.001639804570004344
74624,0.003963003400713205
74640,0.004783179610967636
74656,0.0034641707316040993
74672,0.001034520915709436
74688,0.0005638906732201576
74704,0.01603558659553528
74720,0.009824912995100021
74736,0.0009468101197853684
74752,0.0005975927924737334
74768,0.004084227606654167
74784,0.0005852506728842854
74800,0.0023461487144231796
74816,0.0006741066463291645
74832,0.0030383786652237177
74848,0.003982220776379108
74864,0.0006484404439106584
74880,0.0002883333363570273
74896,0.004304452799260616
74912,0.004278374370187521
74928,0.0013921705540269613
74944,0.0005761811044067144
74960,0.0003060711605940014
74976,0.046270422637462616
74992,0.001218857942149043
75008,0.0017231444362550974
75024,0.0022033925633877516
75040,0.0036321603693068027
75056,0.006806322373449802
75072,0.0593050941824913
75088,0.023707661777734756
75104,0.006053490098565817
75120,0.004628991708159447
75136,0.0005163575988262892
75152,0.1465453803539276
75168,0.005618513561785221
75184,0.000964503618888557
75200,0.0023118320386856794
75216,0.00030723417876288295
75232,0.016733651980757713
75248,0.01061856746673584
75264,0.0011367188999429345
75280,0.003058100352063775
75296,0.02324679121375084
75312,0.019285151734948158
75328,0.0189653392881155
75344,0.0005719116888940334
75360,0.0050826058723032475
75376,0.0005693777347914875
75392,0.0020181001164019108
75408,0.003580409102141857
75424,0.07044188678264618
75440,0.0022453630808740854
75456,0.001378605025820434
75472,0.001122529385611415
75488,0.0005481020780280232
75504,0.0009106234647333622
75520,0.00506843626499176
75536,0.010972065851092339
75552,0.0015757610090076923
75568,0.002263343892991543
75584,0.0008286775555461645
75600,0.0005370154976844788
75616,0.001575623406097293
75632,0.00853823684155941
75648,0.022838696837425232
75664,0.0010186834260821342
75680,0.0007640577969141304
75696,0.003184395842254162
75712,0.000265174254309386
75728,0.00168858643155545
75744,0.0046764458529651165
75760,0.0007350449450314045
75776,0.00041128508746623993
75792,0.02182801067829132
75808,0.001307195983827114
75824,0.00041810006950981915
75840,0.0011492150370031595
75856,0.0004562807735055685
75872,0.00037239378434605896
75888,0.001713012345135212
75904,0.0170450322329998
75920,0.09464847296476364
75936,0.0003388601471669972
75952,0.0006693431059829891
75968,0.00033900115522556007
75984,0.00048700475599616766
76000,0.03522588312625885
76016,0.002227515447884798
76032,0.0030590046662837267
76048,0.0007042445940896869
76064,0.009744850918650627
76080,0.0030305334366858006
76096,0.0005446429713629186
76112,0.0023091803304851055
76128,0.0025125404354184866
76144,0.0009391321800649166
76160,0.007613082882016897
76176,0.0007022006902843714
76192,0.0013730477076023817
76208,0.0004728857020381838
76224,0.0025435108691453934
76240,0.0005186180351302028
76256,0.0006010712240822613
76272,0.040073081851005554
76288,0.0010668887989595532
76304,0.0007221540436148643
76320,0.0009437180706299841
76336,0.0022551582660526037
76352,0.0023546568118035793
76368,0.00036896890378557146
76384,0.06941953301429749
76400,0.0006931067327968776
76416,0.0008118395344354212
76432,0.006619505118578672
76448,0.0005436979699879885
76464,0.000867086520884186
76480,0.0008231796091422439
76496,0.01132231391966343
76512,0.001860060845501721
76528,0.024990014731884003
76544,0.004748414270579815
76560,0.0008113171206787229
76576,0.004694642964750528
76592,0.0005664192140102386
76608,0.0015907101333141327
76624,0.0019221536349505186
76640,0.000840021762996912
76656,0.0017316609155386686
76672,0.001114746555685997
76688,0.0034332850482314825
76704,0.0612025260925293
76720,0.0017232517711818218
76736,0.0009557565790601075
76752,0.0214866753667593
76768,0.001964166760444641
76784,0.00248339818790555
76800,0.0035660446155816317
76816,0.0007609869353473186
76832,0.0008237765869125724
76848,0.0007243998697958887
76864,0.0010709543712437153
76880,0.001134728197939694
76896,0.0006032407400198281
76912,0.013240542262792587
76928,0.0009494550758972764
76944,0.0028810836374759674
76960,0.004244705196470022
76976,0.0012471720110625029
76992,0.004588136449456215
77008,0.0036330372095108032
77024,0.0011491278419271111
77040,0.0010636564111337066
77056,0.002687780186533928
77072,0.003187393071129918
77088,0.001324607990682125
77104,0.004157777410000563
77120,0.005122838541865349
77136,0.0013608008157461882
77152,0.00047835841542109847
77168,0.0003784187138080597
77184,0.0004519281501416117
77200,0.005889577325433493
77216,0.001279353047721088
77232,0.0018089552177116275
77248,0.0009790777694433928
77264,0.02494550123810768
77280,0.0003759530372917652
77296,0.0008708721725270152
77312,0.001744199893437326
77328,0.0373074896633625
77344,0.0012989662354812026
77360,0.0015101752942427993
77376,0.0017108798492699862
77392,0.020994845777750015
77408,0.0006917064310982823
77424,0.001998988213017583
77440,0.0012074797414243221
77456,0.0019813936669379473
77472,0.0073711806908249855
77488,0.0015479729045182467
77504,0.03737355396151543
77520,0.0015828105388209224
77536,0.0020676320418715477
77552,0.03214704990386963
77568,0.00043209263822063804
77584,0.004408078733831644
77600,0.002407416934147477
77616,0.0007921473006717861
77632,0.009898506104946136
77648,0.001241371501237154
77664,0.0012290433514863253
77680,0.0006638343911617994
77696,0.01552804559469223
77712,0.0038787489756941795
77728,0.0007199866231530905
77744,0.005357803776860237
77760,0.0010295540560036898
77776,0.00042922247666865587
77792,0.007755426689982414
77808,0.0005491645424626768
77824,0.0006720505189150572
77840,0.0007224490982480347
77856,0.000978184281848371
77872,0.0003292948240414262
77888,0.00217393203638494
77904,0.0006713754264637828
77920,0.0008215677225962281
77936,0.0009835241362452507
77952,0.0013601452810689807
77968,0.0017232364043593407
77984,0.0007892652647569776
78000,0.00036964594619348645
78016,0.00039669679244980216
78032,0.0022029674146324396
78048,0.0003521204926073551
78064,0.00020824508101213723
78080,0.0004580476088449359
78096,0.0006961009930819273
78112,0.0013427692465484142
78128,0.00012340012472122908
78144,0.0017353929579257965
78160,0.009198171086609364
78176,0.0027848107274621725
78192,0.0012245930265635252
78208,0.0009659365750849247
78224,0.0014425707049667835
78240,0.00045064036385156214
78256,0.0018727763090282679
78272,0.004737697541713715
78288,0.0036364877596497536
78304,0.000233950384426862
78320,0.00019993973546661437
78336,0.005920279771089554
78352,0.00043172380537725985
78368,0.00174013152718544
78384,0.00024972937535494566
78400,0.0010335093829780817
78416,0.0002963647129945457
78432,0.001785230590030551
78448,0.026602011173963547
78464,0.002635636832565069
78480,0.001305536599829793
78496,0.0006382963620126247
78512,0.0015525661874562502
78528,0.0017240478191524744
78544,0.0025698859244585037
78560,0.0004632426134776324
78576,0.0024162631016224623
78592,0.0028403729666024446
78608,0.0011505929287523031
78624,0.0013204248389229178
78640,0.0003368500038050115
78656,0.0027317414060235023
78672,0.005863267928361893
78688,0.0006763895507901907
78704,0.0010497509501874447
78720,0.002603810513392091
78736,0.00030533107928931713
78752,0.0005763702793046832
78768,0.0032201397698372602
78784,0.0014503634301945567
78800,0.0006554217543452978
78816,0.05256691947579384
78832,0.0035771646071225405
78848,0.0009687303099781275
78864,0.11318067461252213
78880,0.00048148503992706537
78896,0.0005323804798536003
78912,0.010892820544540882
78928,0.003118476364761591
78944,0.02774767577648163
78960,0.003357921727001667
78976,0.0016521483194082975
78992,0.11126919090747833
79008,0.00024229758128058165
79024,0.008390916511416435
79040,0.0763557180762291
79056,0.0015230781864374876
79072,0.00306475511752069
79088,0.0020292464178055525
79104,0.049053341150283813
79120,0.0010419741738587618
79136,0.0031449412927031517
79152,0.017709296196699142
79168,0.0003158002800773829
79184,0.00046643675887025893
79200,0.006343900691717863
79216,0.004462994635105133
79232,0.0020055698696523905
79248,0.0010570085141807795
79264,0.10050332546234131
79280,0.00387378828600049
79296,0.01100434921681881
79312,0.039225950837135315
79328,0.0005653416737914085
79344,0.0067985327914357185
79360,0.0011245235800743103
79376,0.02165256068110466
79392,0.0030953341629356146
79408,0.0015309297014027834
79424,0.006181192118674517
79440,0.00058053556131199
79456,0.0007473538862541318
79472,0.00419924221932888
79488,0.0006519875605590641
79504,0.002609392860904336
79520,0.0009971722029149532
79536,0.015150138176977634
79552,0.0009340025135315955
79568,0.012870509177446365
79584,0.0015413633082062006
79600,0.0023758523166179657
79616,0.0025987306144088507
79632,0.0636884793639183
79648,0.0006036203703843057
79664,0.008009558543562889
79680,0.0007432546699419618
79696,0.0015738600632175803
79712,0.005273181013762951
79728,0.0017881018575280905
79744,0.0006187960389070213
79760,0.0008531659841537476
79776,0.00401897169649601
79792,0.00028932851273566484
79808,0.0001304858596995473
79824,0.0003620977804530412
79840,0.0228438563644886
79856,0.0017081617843359709
79872,0.0007936042966321111
79888,0.0009675398468971252
79904,0.0032901205122470856
79920,0.002784623298794031
79936,0.00036560179432854056
79952,0.13075348734855652
79968,0.004761102609336376
79984,0.008618354797363281
80000,0.002272740239277482
80016,0.0028220107778906822
80032,0.0007204373832792044
80048,0.000514669343829155
80064,0.001194747514091432
80080,0.0011839686194434762
80096,0.0010056132450699806
80112,0.0004422393976710737
80128,0.0005806343979202211
80144,0.04420297592878342
80160,0.0020366290118545294
80176,0.030832065269351006
80192,0.00047328637447208166
80208,0.013805313967168331
80224,0.0027279541827738285
80240,0.001747864531353116
80256,0.0009775126818567514
80272,0.0012567273806780577
80288,0.02294623851776123
80304,0.000553719699382782
80320,0.001018244307488203
80336,0.00023734118440188468
80352,0.0020529418252408504
80368,0.0022585715632885695
80384,0.0016001751646399498
80400,0.0007798332953825593
80416,0.12341977655887604
80432,0.004205496050417423
80448,0.002660686383023858
80464,0.011735881678760052
80480,0.03636069595813751
80496,0.0005984448362141848
80512,0.002828688360750675
80528,0.05453849211335182
80544,0.0004622902488335967
80560,0.0005074074142612517
80576,0.001268516294658184
80592,0.0017916809301823378
80608,0.0008820719085633755
80624,0.0008406222914345562
80640,0.0005725222872570157
80656,0.007423837669193745
80672,0.0008909882162697613
80688,0.005795769859105349
80704,0.1133008599281311
80720,0.03515585511922836
80736,0.001870300155133009
80752,0.0005979130510240793
80768,0.0014797572512179613
80784,0.013129387982189655
80800,0.0814746767282486
80816,0.001067719771526754
80832,0.02441031113266945
80848,0.011014949530363083
80864,0.0006320293759927154
80880,0.0007903462392278016
80896,0.003113347804173827
80912,0.00535092456266284
80928,0.001048415433615446
80944,0.00047305371845141053
80960,0.0003648006240837276
80976,0.0006469239015132189
80992,0.0006975423893891275
81008,0.0029227840714156628
81024,0.0017071396578103304
81040,0.000396980089135468
81056,0.0009595820447430015
81072,0.0023298964370042086
81088,0.0022180727683007717
81104,0.002005163114517927
81120,0.000550555472727865
81136,0.007473464123904705
81152,0.0009924224577844143
81168,0.0009142925846390426
81184,0.018300537019968033
81200,0.0008569298661313951
81216,0.0007704059826210141
81232,0.00024373517953790724
81248,0.024841824546456337
81264,0.0024168151430785656
81280,0.001894950633868575
81296,0.010780387558043003
81312,0.006397132761776447
81328,0.0014546175953000784
81344,0.0003874523681588471
81360,0.03636398911476135
81376,0.002044491935521364
81392,0.0015962064499035478
81408,0.0022875929716974497
81424,0.0007756177801638842
81440,0.0016539714997634292
81456,0.018264155834913254
81472,0.0012023912277072668
81488,0.0006990098627284169
81504,0.0009226151742041111
81520,0.0008220153395086527
81536,0.00039287758409045637
81552,0.00043473014375194907
81568,0.00025927386013790965
81584,0.00024271344591397792
81600,0.0009247823036275804
81616,0.0002866298018489033
81632,0.0003705740673467517
81648,0.0004037139005959034
81664,0.0014516868395730853
81680,0.0018518067663535476
81696,0.000615934724919498
81712,0.05699693411588669
81728,0.0017545149894431233
81744,0.0015970749082043767
81760,0.001041571842506528
81776,0.0011844260152429342
81792,0.0005666573997586966
81808,0.0011382901575416327
81824,0.0004459574120119214
81840,0.016266759485006332
81856,0.0006399365374818444
81872,0.001255475333891809
81888,0.0006342827691696584
81904,0.0003608069964684546
81920,0.10877939313650131
81936,0.000593457487411797
81952,0.10934968292713165
81968,0.0018182775238528848
81984,0.005412735044956207
82000,0.002440833952277899
82016,0.0004132500325795263
82032,0.020518403500318527
82048,0.0011589056812226772
82064,0.002737222006544471
82080,0.0006348032620735466
82096,0.0009444289607927203
82112,0.0006000021821819246
82128,0.017088880762457848
82144,0.0008929424220696092
82160,0.006806390825659037
82176,0.0010332496603950858
82192,0.00042898167157545686
82208,0.0159610565751791
82224,0.00101855315733701
82240,0.0004083878011442721
82256,0.0029922793619334698
82272,0.0017749816179275513
82288,0.0008620097069069743
82304,0.0034901020117104053
82320,0.0015450692735612392
82336,0.0030617222655564547
82352,0.0018275220645591617
82368,0.0008669911185279489
82384,0.0007588044973090291
82400,0.03451309725642204
82416,0.05111957713961601
82432,0.0006737160729244351
82448,0.00046101619955152273
82464,0.0009203872759826481
82480,0.002409425564110279
82496,0.03347164765000343
82512,0.0015308212023228407
82528,0.002051996299996972
82544,0.0002057175152003765
82560,0.13685643672943115
82576,0.06133978068828583
82592,0.00041099637746810913
82608,0.0030561345629394054
82624,0.0003233662573620677
82640,0.0004653221694752574
82656,0.0003125484799966216
82672,0.0005973217776045203
82688,0.0002843854599632323
82704,0.00545143848285079
82720,0.00019357485871296376
82736,0.007140469737350941
82752,0.0030278549529612064
82768,0.022978220134973526
82784,0.004853315185755491
82800,0.08306589722633362
82816,0.0014656910207122564
82832,0.0010923994705080986
82848,0.00784270092844963
82864,0.0014875554479658604
82880,0.000733699300326407
82896,0.02520977333188057
82912,0.039585232734680176
82928,0.003976940643042326
82944,0.0021727473940700293
82960,0.002946895081549883
82976,0.00598643533885479
82992,0.0012959688901901245
83008,0.0074815405532717705
83024,0.0007096079643815756
83040,0.0011650994420051575
83056,0.0010505696991458535
83072,0.0004390621616039425
83088,0.0005451146280393004
83104,0.001126748975366354
83120,0.0005004412960261106
83136,0.004283851943910122
83152,0.011128822341561317
83168,0.00024362288240808994
83184,0.0009555729920975864
83200,0.0011989378836005926
83216,0.00039121240843087435
83232,0.0012432258808985353
83248,0.010714676231145859
83264,0.00038419279735535383
83280,0.0008204433834180236
83296,0.015502342954277992
83312,0.0012939008884131908
83328,0.0018956706626340747
83344,0.0006847965414635837
83360,0.002481125295162201
83376,0.0016845781356096268
83392,0.001621210714802146
83408,0.01566518470644951
83424,0.0016957249026745558
83440,0.011249365285038948
83456,0.008605961687862873
83472,0.0027783787809312344
83488,0.0002878521627280861
83504,0.02911892719566822
83520,0.0011409898288547993
83536,0.0013223482528701425
83552,0.0013797516003251076
83568,0.001504469895735383
83584,0.003205404616892338
83600,0.0006055696867406368
83616,0.0006908352952450514
83632,0.0004792938707396388
83648,0.0018398973625153303
83664,0.0016187301371246576
83680,0.0052673290483653545
83696,0.002936194185167551
83712,0.00029184570303186774
83728,0.0009353579953312874
83744,0.0014510073233395815
83760,0.0015991867985576391
83776,0.0034168362617492676
83792,0.003348235972225666
83808,0.0006176931201480329
83824,0.017346864566206932
83840,0.0013046667445451021
83856,0.006254072766751051
83872,0.0011572758667171001
83888,0.00673561030998826
83904,0.00177028588950634
83920,0.005792426411062479
83936,0.05762380361557007
83952,0.0007028080290183425
83968,0.0010087157133966684
83984,0.0008491398184560239
84000,0.002113786293193698
84016,0.01595359295606613
84032,0.0036653897259384394
84048,0.0013054946903139353
84064,0.0018620856571942568
84080,0.001851388718932867
84096,0.008261682465672493
84112,0.0025056242011487484
84128,0.005484953057020903
84144,0.0029197130352258682
84160,0.0011258325539529324
84176,0.004943022504448891
84192,0.0003166486567351967
84208,0.00032479886431246996
84224,0.008839585818350315
84240,0.0009677688358351588
84256,0.0009256890625692904
84272,0.00046054302947595716
84288,0.0009060861775651574
84304,0.000669592700432986
84320,0.0032798382453620434
84336,0.000598980812355876
84352,0.0008662025211378932
84368,0.000508500263094902
84384,0.000215526029933244
84400,0.0006478455034084618
84416,0.0018363370327278972
84432,0.009370953775942326
84448,0.0008164101745933294
84464,0.015267252922058105
84480,0.0015624637017026544
84496,0.0008579978602938354
84512,0.0005038586095906794
84528,0.002391017507761717
84544,0.009936106391251087
84560,0.00015014223754405975
84576,0.000529987271875143
84592,0.0001482190564274788
84608,0.001242585014551878
84624,0.004896233789622784
84640,0.0012664293171837926
84656,0.0008425511186942458
84672,0.015817726030945778
84688,0.006901213433593512
84704,0.006470259744673967
84720,0.003958427347242832
84736,0.02846834808588028
84752,0.00037271910696290433
84768,0.001262641279026866
84784,0.000546528201084584
84800,0.0019112833542749286
84816,0.0024839097168296576
84832,0.0005450860480777919
84848,0.0005224000778980553
84864,0.00633152574300766
84880,0.0013986998237669468
84896,0.0008578890119679272
84912,0.0013917048927396536
84928,0.0034456856083124876
84944,0.0007598926895298064
84960,0.00033628439996391535
84976,0.0012389016337692738
84992,0.007294823415577412
85008,0.0015203640796244144
85024,0.0006717460928484797
85040,0.001718306913971901
85056,0.003370205871760845
85072,0.10536552220582962
85088,0.0003720591776072979
85104,0.0009327258449047804
85120,0.12569959461688995
85136,0.00829347688704729
85152,0.0006261513917706907
85168,0.0031696180813014507
85184,0.0008826268604025245
85200,0.0009764878777787089
85216,0.12505240738391876
85232,0.0005339814815670252
85248,0.0007856710581108928
85264,0.00048502159188501537
85280,0.000318658712785691
85296,0.0003791109484154731
85312,0.0009614760056138039
85328,0.00037916365545243025
85344,0.00023747910745441914
85360,0.0011393968015909195
85376,0.0005928614409640431
85392,0.001035618712194264
85408,0.0013316869735717773
85424,0.0007998091168701649
85440,0.0022917031310498714
85456,0.006611940450966358
85472,0.003444340080022812
85488,0.00290015060454607
85504,0.01925661228597164
85520,0.0068786791525781155
85536,0.0003884409088641405
85552,0.0011511932825669646
85568,0.0005668868543580174
85584,0.0006292646285146475
85600,0.0007326905033551157
85616,0.0002450341416988522
85632,0.00031319953268393874
85648,0.0002879066450987011
85664,0.0018730370793491602
85680,0.00043834256939589977
85696,0.03482558950781822
85712,0.0011022358667105436
85728,0.001645511481910944
85744,0.14500267803668976
85760,0.002385213738307357
85776,0.002546638948842883
85792,0.0036379736848175526
85808,0.00045940809650346637
85824,0.18212413787841797
85840,0.01703072525560856
85856,0.00024241447681561112
85872,0.02053890936076641
85888,0.0038506104610860348
85904,0.0016796207055449486
85920,0.02578200399875641
85936,0.027009155601263046
85952,0.0012973237317055464
85968,0.0005711338599212468
85984,0.0008826807606965303
86000,0.023540960624814034
86016,0.0005549698835238814
86032,0.0010191600304096937
86048,0.0009512051474303007
86064,0.001448646537028253
86080,0.000619539525359869
86096,0.00039125580224208534
86112,0.0005848403088748455
86128,0.08481728285551071
86144,0.002724712248891592
86160,0.00380697101354599
86176,0.0031680644024163485
86192,0.004837659187614918
86208,0.00448248628526926
86224,0.0017544260481372476
86240,0.00025389925576746464
86256,0.020469006150960922
86272,0.00037098414031788707
86288,0.00032463105162605643
86304,0.00041933468310162425
86320,0.000353400653693825
86336,0.0003587538958527148
86352,0.00024909782223403454
86368,0.08609110116958618
86384,0.0014591049402952194
86400,0.00046806043246760964
86416,0.0005061798146925867
86432,0.0003365730226505548
86448,0.0046454682014882565
86464,0.00047657149843871593
86480,0.0002868587034754455
86496,0.0002297095488756895
86512,0.013586491346359253
86528,0.00040977972093969584
86544,0.0012481004232540727
86560,0.0005731867277063429
86576,0.008056223392486572
86592,0.0003353916690684855
86608,0.0005177942803129554
86624,0.0062675317749381065
86640,0.00046608346747234464
86656,0.003111873986199498
86672,0.0002818683278746903
86688,0.001490302151069045
86704,0.001027559395879507
86720,0.000506751995999366
86736,0.006195040885359049
86752,0.02120780758559704
86768,0.0006394503870978951
86784,0.00037308811442926526
86800,0.0006093541742302477
86816,0.0014115197118371725
86832,0.0005642911419272423
86848,0.03439381346106529
86864,0.0002741078787948936
86880,0.002069160109385848
86896,0.0009832612704485655
86912,0.0008508076425641775
86928,0.0003581250784918666
86944,0.0008356310427188873
86960,0.044421691447496414
86976,0.00128462677821517
86992,0.009097042493522167
87008,0.0014745112275704741
87024,0.0006186137907207012
87040,0.03130641579627991
87056,0.0014259354211390018
87072,0.0024136509746313095
87088,0.00677778385579586
87104,0.00040054056444205344
87120,0.0011558139231055975
87136,0.002360730431973934
87152,0.003954135347157717
87168,0.00039930175989866257
87184,0.00036961690057069063
87200,0.0005339884664863348
87216,0.0015734254848212004
87232,0.0004297542618587613
87248,0.0009340015240013599
87264,0.00972655601799488
87280,0.004278265871107578
87296,0.003178335726261139
87312,0.001448880066163838
87328,0.00268112332560122
87344,0.0019193943589925766
87360,0.001231724745593965
87376,0.012678557075560093
87392,0.001459087012335658
87408,0.0005478588864207268
87424,0.000743072188924998
87440,0.0011972843203693628
87456,0.00048774818424135447
87472,0.0016163650434464216
87488,0.0007250121561810374
87504,0.0005054197390563786
87520,0.0028528617694973946
87536,0.0007628626190125942
87552,0.08713945746421814
87568,0.011800693348050117
87584,0.0006928129587322474
87600,0.0005665464559569955
87616,0.007741200737655163
87632,0.030671952292323112
87648,0.0002769633720163256
87664,0.0007628008024767041
87680,0.0011626204941421747
87696,0.0013887113891541958
87712,0.003273108508437872
87728,0.04808540269732475
87744,0.1266513615846634
87760,0.0003868217463605106
87776,0.0006380083505064249
87792,0.0012347587617114186
87808,0.0011980592971667647
87824,0.00022488640388473868
87840,0.010753745213150978
87856,0.022011470049619675
87872,0.0016636900836601853
87888,0.00038129143649712205
87904,0.0009793138597160578
87920,0.0006347893504425883
87936,0.0006371853523887694
87952,0.00045930349733680487
87968,0.0626431554555893
87984,0.0008252874249592423
88000,0.00456580426543951
88016,0.013448098674416542
88032,0.0005886792205274105
88048,0.019153829663991928
88064,0.025721974670886993
88080,0.0026903273537755013
88096,0.0005569622153416276
88112,0.000461486226413399
88128,0.001058601075783372
88144,0.0009119535097852349
88160,0.0002936992095783353
88176,0.008558077737689018
88192,0.008088380098342896
88208,0.0016230009496212006
88224,0.0005256537115201354
88240,0.0008006013231351972
88256,0.0009430962963961065
88272,0.0006843514274805784
88288,0.0010923417285084724
88304,0.0005837236531078815
88320,0.000957139884121716
88336,0.00019746310135815293
88352,0.020802129060029984
88368,0.0010723215527832508
88384,0.0011369846761226654
88400,0.008224129676818848
88416,0.0010352653916925192
88432,0.00336595275439322
88448,0.020049620419740677
88464,0.0015134066343307495
88480,0.0023201366420835257
88496,0.0014012139290571213
88512,0.003162132343277335
88528,0.0008095047087408602
88544,0.0011136454995721579
88560,0.10475794970989227
88576,0.020189907401800156
88592,0.03312702849507332
88608,0.0011601741425693035
88624,0.0013313498347997665
88640,0.0007613343186676502
88656,0.0005597276613116264
88672,0.0012379034887999296
88688,0.0014576265821233392
88704,0.03651166707277298
88720,0.004521333612501621
88736,0.009094903245568275
88752,0.0009938423754647374
88768,0.00025369893410243094
88784,0.005692540667951107
88800,0.00044668925693258643
88816,0.001115469611249864
88832,0.00045549729838967323
88848,0.0011738049797713757
88864,0.0013618008233606815
88880,0.00029301183531060815
88896,0.051913633942604065
88912,0.0007884131046012044
88928,0.0014492972986772656
88944,0.0025305338203907013
88960,0.001186251058243215
88976,0.03988930583000183
88992,0.0005042694974690676
89008,0.0009181823115795851
89024,0.0012458657147362828
89040,0.00030176277505233884
89056,0.004779737442731857
89072,0.0009635792812332511
89088,0.0060219974257051945
89104,0.016561327502131462
89120,0.0004564638074953109
89136,0.0005693203420378268
89152,0.0010058333864435554
89168,0.00034702522680163383
89184,0.09234391152858734
89200,0.0011444769334048033
89216,0.0012770702596753836
89232,0.0023992147762328386
89248,0.000775453052483499
89264,0.0017471297178417444
89280,0.014134510420262814
89296,0.0005264504579827189
89312,0.005148012191057205
89328,0.016856851056218147
89344,0.0004613204509951174
89360,0.0016575828194618225
89376,0.0008144322782754898
89392,0.0019425670616328716
89408,0.0008149261120706797
89424,0.05617979168891907
89440,0.0007813633419573307
89456,0.023427972570061684
89472,0.0005588514031842351
89488,0.016276687383651733
89504,0.0009210957796312869
89520,0.1144636943936348
89536,0.0009017995907925069
89552,0.004245246760547161
89568,0.020068297162652016
89584,0.0010118058416992426
89600,0.000550698721781373
89616,0.0009515975834801793
89632,0.0017865316476672888
89648,0.005776569247245789
89664,0.0005775377503596246
89680,0.0009439900168217719
89696,0.07028422504663467
89712,0.0007561967941001058
89728,0.0021831123158335686
89744,0.0018530124798417091
89760,0.0015806022565811872
89776,0.0016319658607244492
89792,0.013601148501038551
89808,0.0005682315095327795
89824,0.0005268692038953304
89840,0.0008039805106818676
89856,0.001802054583095014
89872,0.003949929494410753
89888,0.005111715756356716
89904,0.008746420964598656
89920,0.0066878823563456535
89936,0.0068384502083063126
89952,0.00045688377576880157
89968,0.002964845858514309
89984,0.003012071829289198
90000,0.0007710669888183475
90016,0.0009691995219327509
90032,0.0005294489674270153
90048,0.005484359338879585
90064,0.0006461631273850799
90080,0.005404281429946423
90096,0.0008722791098989546
90112,0.003948555793613195
90128,0.0021854876540601254
90144,0.007341169286519289
90160,0.004471241496503353
90176,0.0010137323988601565
90192,0.0016226054867729545
90208,0.0024850163608789444
90224,0.13143625855445862
90240,0.00042500009294599295
90256,0.000618733698502183
90272,0.0005658232839778066
90288,0.0010834761196747422
90304,0.002550277626141906
90320,0.0016807189676910639
90336,0.0029177761171013117
90352,0.0013250766787678003
90368,0.000856767175719142
90384,0.0005316006718203425
90400,0.013552182354032993
90416,0.002486026380211115
90432,0.001874272245913744
90448,0.00039230467518791556
90464,0.002110385801643133
90480,0.0008896542130969465
90496,0.0015743384137749672
90512,0.00025457862648181617
90528,0.0016552360029891133
90544,0.0004533168685156852
90560,0.002485120203346014
90576,0.0002910727635025978
90592,0.00032867270056158304
90608,0.0010895548621192575
90624,0.0015001788269728422
90640,0.0006390014896169305
90656,0.0010582529939711094
90672,0.003415481187403202
90688,0.0007599905366078019
90704,0.0032558967359364033
90720,0.05821822211146355
90736,0.00039659743197262287
90752,0.0006523180054500699
90768,0.0007256082026287913
90784,0.0004647845053113997
90800,0.004333099350333214
90816,0.0009623165242373943
90832,0.005361289717257023
90848,0.00038677288102917373
90864,0.0005091803031973541
90880,0.003070167265832424
90896,0.003900634590536356
90912,0.0005898589733988047
90928,0.0009603662183508277
90944,0.0009260267834179103
90960,0.020925022661685944
90976,0.0014382409863173962
90992,0.000824972172267735
91008,0.0018492324743419886
91024,0.0002826948184520006
91040,0.0015093821566551924
91056,0.001087718177586794
91072,0.0015907640336081386
91088,0.03935224190354347
91104,0.0006207989063113928
91120,0.0006771766929887235
91136,0.000724523386452347
91152,0.0010253473883494735
91168,0.000555064994841814
91184,0.0006796246161684394
91200,0.00529863778501749
91216,0.00037586563848890364
91232,0.0008803026285022497
91248,0.0013552240561693907
91264,0.007536353077739477
91280,0.0019859056919813156
91296,0.0008049921016208827
91312,0.001520677236840129
91328,0.0009234364842996001
91344,0.0008277010638266802
91360,0.0009484377223998308
91376,0.0016100346110761166
91392,0.0013380900491029024
91408,0.001749573741108179
91424,0.0015213340520858765
91440,0.002890526782721281
91456,0.0016777421114966273
91472,0.0023243771865963936
91488,0.001565917395055294
91504,0.0057693300768733025
91520,0.0005642779869958758
91536,0.003032770473510027
91552,0.00025729447952471673
91568,0.0011103341821581125
91584,0.0004317888815421611
91600,0.0025721562560647726
91616,0.0003846963227260858
91632,0.0008056230144575238
91648,0.008479829877614975
91664,0.006247979588806629
91680,0.005994987208396196
91696,0.0025942979846149683
91712,0.0006097385194152594
91728,0.0053690592758357525
91744,0.0003429017378948629
91760,0.00057889026356861
91776,0.0076789408922195435
91792,0.006213773507624865
91808,0.00395697308704257
91824,0.006423351354897022
91840,0.00039424432907253504
91856,0.0008306305389851332
91872,0.0021670919377356768
91888,0.005875305272638798
91904,0.008997301571071148
91920,0.009115885943174362
91936,0.005310647189617157
91952,0.0012542635668069124
91968,0.005078199785202742
91984,0.0016060068737715483
92000,0.0018985788337886333
92016,0.0011070158798247576
92032,0.0068670520558953285
92048,0.0007535283220931888
92064,0.0032219390850514174
92080,0.0006724931299686432
92096,0.0007495213067159057
92112,0.008861472830176353
92128,0.0006740435492247343
92144,0.12654535472393036
92160,0.0012547469232231379
92176,0.0031400700099766254
92192,0.004652651958167553
92208,0.02049255557358265
92224,0.05169358849525452
92240,0.0022290584165602922
92256,0.0020573970396071672
92272,0.0006016589468345046
92288,0.0013757121050730348
92304,0.001861316617578268
92320,0.0008432766189798713
92336,0.0005260613979771733
92352,0.0010728802299126983
92368,0.0005797160556539893
92384,0.0032994570210576057
92400,0.0007191018667072058
92416,0.0020994716323912144
92432,0.0012998725287616253
92448,0.0006335600046440959
92464,0.005678930785506964
92480,0.007413890212774277
92496,0.0007109995931386948
92512,0.0015890041831880808
92528,0.04050959646701813
92544,0.004385068546980619
92560,0.0035658227279782295
92576,0.0003901909221895039
92592,0.00045029446482658386
92608,0.002087927423417568
92624,0.003157529979944229
92640,0.07777427136898041
92656,0.019765231758356094
92672,0.006768413819372654
92688,0.038346514105796814
92704,0.000948969041928649
92720,0.003527311608195305
92736,0.0010420617181807756
92752,0.006482966709882021
92768,0.005764730274677277
92784,0.0010731937363743782
92800,0.0006960172322578728
92816,0.0015494999242946506
92832,0.002721993951126933
92848,0.007289270404726267
92864,0.0021231728605926037
92880,0.0019110047724097967
92896,0.0009479433065280318
92912,0.0016237162053585052
92928,0.0014479343080893159
92944,0.001550343818962574
92960,0.001338567235507071
92976,0.0005560531280934811
92992,0.06803304702043533
93008,0.00038856983883306384
93024,0.003081786446273327
93040,0.022050663828849792
93056,0.0013689253246411681
93072,0.000641349412035197
93088,0.0005782201187685132
93104,0.0009981917683035135
93120,0.001385959330946207
93136,0.0003500254242680967
93152,0.0018179930048063397
93168,0.00578198442235589
93184,0.0003569707623682916
93200,0.001387661206535995
93216,0.0005727480165660381
93232,0.0008162111626006663
93248,0.0003389560733921826
93264,0.0025422198232263327
93280,0.0007225094013847411
93296,0.00031629210570827127
93312,0.004183197859674692
93328,0.13341107964515686
93344,0.0007146437419578433
93360,0.00047053085290826857
93376,0.0010600714012980461
93392,0.0027924366295337677
93408,0.048844002187252045
93424,0.0010665073059499264
93440,0.0013905081432312727
93456,0.0012526714708656073
93472,0.00028584132087416947
93488,0.0004833946004509926
93504,0.0006971524562686682
93520,0.023958541452884674
93536,0.0006021075532771647
93552,0.0014752402203157544
93568,0.0016258812975138426
93584,0.00045083105214871466
93600,0.0004998106742277741
93616,0.001316365785896778
93632,0.0003696081112138927
93648,0.0001678604312473908
93664,0.00035793331335298717
93680,0.00020819040946662426
93696,0.0006271717138588428
93712,0.0005847649881616235
93728,0.014498105272650719
93744,0.014210104942321777
93760,0.0008319966727867723
93776,0.0004579357919283211
93792,0.0010270634666085243
93808,0.0004972474998794496
93824,0.009988480247557163
93840,0.0002786320401355624
93856,0.0007925538811832666
93872,0.005508004687726498
93888,0.03711288794875145
93904,0.0018202923238277435
93920,0.003015032736584544
93936,0.001296510105021298
93952,0.00047776277642697096
93968,0.0005148868658579886
93984,0.011829216964542866
94000,0.002027684124186635
94016,0.0011815745383501053
94032,0.0003279884112998843
94048,0.0002664197236299515
94064,0.0004036308091599494
94080,0.0011264788918197155
94096,0.0004994254559278488
94112,0.00467008026316762
94128,0.00031851266976445913
94144,0.00027039795531891286
94160,0.0004884733934886754
94176,0.0015182114439085126
94192,0.0005366696859709918
94208,0.0003788204921875149
94224,0.001890893909148872
94240,0.000558637548238039
94256,0.0006024045869708061
94272,0.0007180744432844222
94288,0.005147212650626898
94304,0.0008566944161430001
94320,0.0005258962046355009
94336,0.00048386878916062415
94352,0.0005248391535133123
94368,0.0005233515985310078
94384,0.0018583551282063127
94400,0.0008279970497824252
94416,0.002976952353492379
94432,0.0002562911540735513
94448,0.0023281057365238667
94464,0.0018672996666282415
94480,0.00029354868456721306
94496,0.0006489731604233384
94512,0.0007848287932574749
94528,0.0015943398466333747
94544,0.000377282383851707
94560,0.00040196868940256536
94576,0.0006699787336401641
94592,0.00024348392616957426
94608,0.00043782699503935874
94624,0.0020766209345310926
94640,0.000981121207587421
94656,0.0007347045466303825
94672,0.0050265006721019745
94688,0.0003465336631052196
94704,0.006472843233495951
94720,0.0008728414541110396
94736,0.0013478132896125317
94752,0.004637673497200012
94768,0.0005352662992663682
94784,0.0005741823115386069
94800,0.0010437321616336703
94816,0.000570623786188662
94832,0.0007786393398419023
94848,0.00017657395801506937
94864,0.0005788607522845268
94880,0.0013529007555916905
94896,0.00041306676575914025
94912,0.002667701570317149
94928,0.00022119653294794261
94944,0.005977712571620941
94960,0.0006359658436849713
94976,0.002775161061435938
94992,0.0007638134411536157
95008,0.0015734793851152062
95024,0.00022235499636735767
95040,0.001882175332866609
95056,0.002170833759009838
95072,0.016763854771852493
95088,0.00045052950736135244
95104,0.0013066137908026576
95120,0.0006583891226910055
95136,0.0004068868001922965
95152,0.0004319599538575858
95168,0.0020129031036049128
95184,0.0001714737300062552
95200,0.0008146539330482483
95216,0.011775652877986431
95232,0.0005532742943614721
95248,0.0013700552517548203
95264,0.0020352844148874283
95280,0.002083613071590662
95296,0.0007754187099635601
95312,0.000761062023229897
95328,0.00033323821844533086
95344,0.004081716760993004
95360,0.13606347143650055
95376,0.0005052332999184728
95392,0.0015196187887340784
95408,0.0006657608319073915
95424,0.0003202156804036349
95440,0.00038250337820500135
95456,0.0001916110486490652
95472,0.000648419838398695
95488,0.0004952606977894902
95504,0.000593242235481739
95520,0.013713912107050419
95536,0.0023027907591313124
95552,0.0024759715888649225
95568,0.000816596089862287
95584,0.02402467280626297
95600,0.0006655819015577435
95616,0.003870632965117693
95632,0.0008473498746752739
95648,0.0005237692967057228
95664,0.003669916419312358
95680,0.0027657723985612392
95696,0.00029860041104257107
95712,0.001579436007887125
95728,0.0012596955057233572
95744,0.00251155742444098
95760,0.0004599865060299635
95776,0.0012124021304771304
95792,0.0011656631249934435
95808,0.01318590622395277
95824,0.006069890223443508
95840,0.002463562646880746
95856,0.003151320619508624
95872,0.0015118233859539032
95888,0.0013291076757013798
95904,0.019538523629307747
95920,0.0024090695660561323
95936,0.0025640346575528383
95952,0.0009254163014702499
95968,0.000786398712079972
95984,0.001721194596029818
96000,0.005375974345952272
96016,0.0015382542042061687
96032,0.0003225074615329504
96048,0.0001738929859129712
96064,0.023393921554088593
96080,0.0006714994087815285
96096,0.00047890644054859877
96112,0.0004522638628259301
96128,0.0003526525979395956
96144,0.0005462359404191375
96160,0.0008292164420709014
96176,0.13086393475532532
96192,0.00041505502304062247
96208,0.002818117616698146
96224,0.0038025875110179186
96240,0.00248883874155581
96256,0.006693006958812475
96272,0.0028947044629603624
96288,0.0018406941089779139
96304,0.0008494975045323372
96320,0.017599165439605713
96336,0.005390719510614872
96352,0.00595821300521493
96368,0.00040124193765223026
96384,0.038773179054260254
96400,0.003823835402727127
96416,0.0017164429882541299
96432,0.006869472097605467
96448,0.0032045827247202396
96464,0.00044853478902950883
96480,0.0005691456026397645
96496,0.0005343911470845342
96512,0.0025341163855046034
96528,0.0006955513963475823
96544,0.0005332020227797329
96560,0.0011479229433462024
96576,0.002331816591322422
96592,0.0045624831691384315
96608,0.0003239716461393982
96624,0.0007184568676166236
96640,0.026176145300269127
96656,0.14389167726039886
96672,0.002621289575472474
96688,7.650502084288746e-05
96704,0.10744771361351013
96720,0.0037733453791588545
96736,0.0006899341242387891
96752,0.000500592403113842
96768,0.006326601840555668
96784,0.0016766584012657404
96800,0.051706794649362564
96816,0.017230594530701637
96832,0.0006560907931998372
96848,0.0009285900159738958
96864,0.0005616564303636551
96880,0.06778470426797867
96896,0.0010471682762727141
96912,0.0004901957581751049
96928,0.069508396089077
96944,0.007353766821324825
96960,0.0027047721669077873
96976,0.044250596314668655
96992,0.00020623282762244344
97008,0.0014833842869848013
97024,0.05397496744990349
97040,0.002114937175065279
97056,0.002681235084310174
97072,0.0019927723333239555
97088,0.0037937862798571587
97104,0.004236211534589529
97120,0.022309990599751472
97136,0.0042418441735208035
97152,0.0019392984686419368
97168,0.03122616373002529
97184,0.0008605318143963814
97200,0.0018739623483270407
97216,0.0006318915402516723
97232,0.0007129191653802991
97248,0.007651538122445345
97264,0.003595708403736353
97280,0.002704681595787406
97296,0.02907722070813179
97312,0.0009456761181354523
97328,0.0008756582974456251
97344,0.01210729405283928
97360,0.0018729439470916986
97376,0.0008490182808600366
97392,0.13792487978935242
97408,0.0014569534687325358
97424,0.0011212544050067663
97440,0.0027607630472630262
97456,0.011034094728529453
97472,0.0009417951805517077
97488,0.0013165432028472424
97504,0.0020173960365355015
97520,0.0005987350014038384
97536,0.0025010232347995043
97552,0.00041035976028069854
97568,0.00091868347954005
97584,0.02333802543580532
97600,0.0023288163356482983
97616,0.0006096446304582059
97632,0.0009650716674514115
97648,0.0010681890416890383
97664,0.0005412354948930442
97680,0.0012904659379273653
97696,0.0019943108782172203
97712,0.0014512824127450585
97728,0.014407265931367874
97744,0.0002573389792814851
97760,0.0026246055494993925
97776,0.05761032551527023
97792,0.00025550374994054437
97808,0.05798256769776344
97824,0.0013910154812037945
97840,0.002141561359167099
97856,0.004403727129101753
97872,0.02906939759850502
97888,0.00037579151103273034
97904,0.00043624392128549516
97920,0.001448803348466754
97936,0.0004400062607601285
97952,0.0005672357510775328
97968,0.00667120236903429
97984,0.000850528827868402
98000,0.0016243632417172194
98016,0.007060878910124302
98032,0.0008311111596412957
98048,0.0004234978696331382
98064,0.00022855878341943026
98080,0.0060523496940732
98096,0.0016211576294153929
98112,0.0024111741222441196
98128,0.0008745749364607036
98144,0.006895638071000576
98160,0.00035865139216184616
98176,0.0007452605059370399
98192,0.0005487445741891861
98208,0.006120406556874514
98224,0.0016093761660158634
98240,0.0014654408441856503
98256,0.011919833719730377
98272,0.0010891814017668366
98288,0.001812283881008625
98304,0.0006630060961470008
98320,0.0033969120122492313
98336,0.0010578741785138845
98352,0.006527704186737537
98368,0.00036224376526661217
98384,0.0556502528488636
98400,0.0004372366238385439
98416,0.014733019284904003
98432,0.05520274117588997
98448,0.0015130381798371673
98464,0.0004589242162182927
98480,0.0011284350184723735
98496,0.07597079873085022
98512,0.0008312765858136117
98528,0.0006989636458456516
98544,0.0015244530513882637
98560,0.0005481814732775092
98576,0.0007966421544551849
98592,0.0016383577603846788
98608,0.0009772181510925293
98624,0.0008026852738112211
98640,0.0018627536483108997
98656,0.00028560764621943235
98672,0.003205250483006239
98688,0.0002605204936116934
98704,0.0008429997833445668
98720,0.0004829931422136724
98736,0.0016500107012689114
98752,0.001418721629306674
98768,0.001585959573276341
98784,0.0009003950981423259
98800,0.00015872126095928252
98816,0.0015842256834730506
98832,0.0014863257529214025
98848,0.0008507079910486937
98864,0.0005921609699726105
98880,0.005559504497796297
98896,0.0024741257075220346
98912,0.0009119176538661122
98928,0.001039576716721058
98944,0.0006230606231838465
98960,0.0004090681904926896
98976,0.011786350980401039
98992,0.0026118988171219826
99008,0.004542515147477388
99024,0.00314079481177032
99040,0.026681290939450264
99056,0.0004560921515803784
99072,0.0012017206754535437
99088,0.0017681500175967813
99104,0.0009336533839814365
99120,0.0002945310843642801
99136,0.0016254268120974302
99152,0.004693928174674511
99168,0.02927466854453087
99184,0.0011674183188006282
99200,0.0007409802637994289
99216,0.00014514083159156144
99232,0.003207119647413492
99248,0.042160436511039734
99264,0.0015526743372902274
99280,0.0004954884061589837
99296,0.0008510234765708447
99312,0.0002706431259866804
99328,0.022446002811193466
99344,0.0002147015038644895
99360,0.0012643605004996061
99376,0.0007776252459734678
99392,0.0016630806494504213
99408,0.00022912626445759088
99424,0.001024502096697688
99440,0.0025326877366751432
99456,0.0005759999039582908
99472,0.0025347850751131773
99488,0.011513502337038517
99504,0.0073994784615933895
99520,0.0009851512731984258
99536,0.0018175229197368026
99552,0.0013133012689650059
99568,0.0009262622334063053
99584,0.00036327235284261405
99600,0.03453734889626503
99616,0.002511130878701806
99632,0.00030468765180557966
99648,0.00029837945476174355
99664,0.0009591421112418175
99680,0.03583889827132225
99696,0.0009442133014090359
99712,0.0005273892311379313
99728,0.0003231553710065782
99744,0.0003745185676962137
99760,0.0006573420250788331
99776,0.1329789012670517
99792,0.0014207465574145317
99808,0.0018251931760460138
99824,0.0008034897618927062
99840,0.0008743336657062173
99856,0.018377751111984253
99872,0.00035644049057736993
99888,0.00047285063192248344
99904,0.0008681759936735034
99920,0.003671204438433051
99936,0.03399575501680374
99952,0.0022586272098124027
99968,0.0003944771597161889
99984,0.008863485418260098
100000,0.0007387032965198159
100016,0.00044679042184725404
100032,0.0004911046125926077
100048,0.008276615291833878
100064,0.0002649775706231594
100080,0.0033223978243768215
100096,0.0003481846069917083
100112,0.004158591385930777
100128,0.0378103144466877
100144,0.0006017899722792208
100160,0.002285942668095231
100176,0.0003613402950577438
100192,0.000343780848197639
100208,0.00017872841272037476
100224,0.0004963133251294494
100240,0.031548403203487396
100256,0.0011206327471882105
100272,0.004070033319294453
100288,0.014656010083854198
100304,0.0007874177535995841
100320,0.0036238867323845625
100336,0.000782603514380753
100352,0.0032379201147705317
100368,0.0008900267421267927
100384,0.0011644130572676659
100400,0.0021865880116820335
100416,0.08068264275789261
100432,0.0008886063587851822
100448,0.0006937977741472423
100464,0.0005676626460626721
100480,0.0055111004039645195
100496,0.012227436527609825
100512,0.0006435025716200471
100528,0.00026603281730785966
100544,0.0007084375829435885
100560,0.0020306911319494247
100576,0.0006507688667625189
100592,0.000330872368067503
100608,0.00047058772179298103
100624,0.0014437446370720863
100640,0.001542706391774118
100656,0.09856171905994415
100672,0.0011433935724198818
100688,0.00027899607084691525
100704,0.000134308822453022
100720,0.0032863281667232513
100736,0.0005893099587410688
100752,0.0006729650776833296
100768,0.0036687790416181087
100784,0.0007107843412086368
100800,0.0006791040650568902
100816,0.000511385384015739
100832,0.0007103499956429005
100848,0.007572316564619541
100864,0.0002254054561490193
100880,0.007512938231229782
100896,0.005837094970047474
100912,0.0003295934875495732
100928,0.0013496484607458115
100944,0.023054782301187515
100960,0.0004760860465466976
100976,0.0007799548329785466
100992,0.0010909147094935179
101008,0.0010242594871670008
101024,0.0033347955904901028
101040,0.0007217807578854263
101056,0.0010624113492667675
101072,0.0019107897533103824
101088,0.1399400681257248
101104,0.0028926958329975605
101120,0.0003116459120064974
101136,0.002786441473290324
101152,0.007240633945912123
101168,0.0054977936670184135
101184,0.0007275738171301782
101200,0.013115624897181988
101216,0.0006522857584059238
101232,0.0016947956755757332
101248,0.0005135226529091597
101264,0.0002466501318849623
101280,0.001626041834242642
101296,0.0009443779126740992
101312,0.0012731878086924553
101328,0.02615620195865631
101344,0.00015177324530668557
101360,0.00020695036801043898
101376,0.0027397177182137966
101392,0.0004636980011127889
101408,0.0014405017718672752
101424,0.0011091851629316807
101440,0.002959965029731393
101456,0.004828787874430418
101472,0.002911773044615984
101488,0.0013623698614537716
101504,0.00048188777873292565
101520,0.004727678373456001
101536,0.00028145694523118436
101552,0.0027893362566828728
101568,0.0006756435614079237
101584,0.0017754922155290842
101600,0.0009770411998033524
101616,0.0008244627388194203
101632,0.002061879727989435
101648,0.0023037598002701998
101664,0.005459328647702932
101680,0.0033191293478012085
101696,0.003667059587314725
101712,0.002365714870393276
101728,0.007883434183895588
101744,0.003145139664411545
101760,0.0003860774158965796
101776,0.0017127171158790588
101792,0.0012808199971914291
101808,0.010362811386585236
101824,0.0009542986517772079
101840,0.00045107901678420603
101856,0.002370051108300686
101872,0.0009704918484203517
101888,0.0012596957385540009
101904,0.011009943671524525
101920,0.04737076163291931
101936,0.006258093751966953
101952,0.028467554599046707
101968,0.0017988350009545684
101984,0.000916136777959764
102000,0.0006553903804160655
102016,0.0013561915839090943
102032,0.041853465139865875
102048,0.0001821645419113338
102064,0.00011896729847649112
102080,0.0014818892814218998
102096,0.0006334432400763035
102112,0.00468832952901721
102128,0.0009102949406951666
102144,0.0005658459849655628
102160,0.0003853425441775471
102176,0.0007737826090306044
102192,0.0026003741659224033
102208,0.0006421761936508119
102224,0.0011046224972233176
102240,0.0004894384182989597
102256,0.000717464426998049
102272,0.001604739692993462
102288,0.00037176639307290316
102304,0.0014001013478264213
102320,0.001685477327555418
102336,0.0004022238135803491
102352,0.0936717838048935
102368,0.0019503160146996379
102384,0.0006545550422742963
102400,0.07711536437273026
102416,0.0016150634037330747
102432,0.0360814668238163
102448,0.0009566450607962906
102464,0.00028274458600208163
102480,0.0007815845892764628
102496,0.005225642584264278
102512,0.0006596065359190106
102528,0.0006636206526309252
102544,0.0022105886600911617
102560,0.0005066681769676507
102576,0.029725339263677597
102592,0.0023958231322467327
102608,0.008484628982841969
102624,0.014867676421999931
102640,0.005106004886329174
102656,0.012270327657461166
102672,0.0030931001529097557
102688,0.024139124900102615
102704,0.0018581148469820619
102720,0.018194934353232384
102736,0.003188637550920248
102752,0.00023145423620007932
102768,0.0014729415997862816
102784,0.06373975425958633
102800,0.011021547950804234
102816,0.0019645323045551777
102832,0.06212363392114639
102848,0.0028129806742072105
102864,0.0004119077930226922
102880,0.003007081337273121
102896,0.0006933211698196828
102912,0.0012633770238608122
102928,0.0006165408995002508
102944,0.0009923287434503436
102960,0.0005598894786089659
102976,0.00048030633479356766
102992,0.03279245272278786
103008,0.0017246616771444678
103024,0.002705611055716872
103040,0.0008189530344679952
103056,0.0005743569345213473
103072,0.0016823280602693558
103088,0.0011749847326427698
103104,0.03541819751262665
103120,0.004073437303304672
103136,0.002151106484234333
103152,0.0017513645580038428
103168,0.062147196382284164
103184,0.00044169218745082617
103200,0.0011414919281378388
103216,0.0017039671074599028
103232,0.001356234191916883
103248,0.00151828583329916
103264,0.0004258056287653744
103280,0.004964924417436123
103296,0.0009943320183083415
103312,0.0006936447462067008
103328,0.0007301607402041554
103344,0.0009831609204411507
103360,0.000895690347533673
103376,0.0006585839437320828
103392,0.00208415649831295
103408,0.001431137789040804
103424,0.014017319306731224
103440,0.024324070662260056
103456,0.0004709615604951978
103472,0.002132635097950697
103488,0.00020350336853880435
103504,0.002596091479063034
103520,0.0007749233627691865
103536,0.004001441411674023
103552,0.0004233314539305866
103568,0.000762627983931452
103584,0.0004580192035064101
103600,0.00043365947203710675
103616,0.00220453436486423
103632,0.0005476985825225711
103648,0.0026608831249177456
103664,0.0005842485697939992
103680,0.0004384732455946505
103696,0.0021016360260546207
103712,0.017868757247924805
103728,0.07761510461568832
103744,0.0017068807501345873
103760,0.0005796828772872686
103776,0.012164724059402943
103792,0.004850382916629314
103808,0.03798244148492813
103824,0.00039657484740018845
103840,0.001098450506106019
103856,0.0020147887989878654
103872,0.018438199535012245
103888,0.03282616287469864
103904,0.0006067809881642461
103920,0.0011080661788582802
103936,0.001098574954085052
103952,0.12278873473405838
103968,0.0011866079876199365
103984,0.0009965663775801659
104000,0.0006009397329762578
104016,0.0007249676855280995
104032,0.0008926724549382925
104048,0.0008720067562535405
104064,0.052207134664058685
104080,0.012083033099770546
104096,0.0004983788239769638
104112,0.0025423839688301086
104128,0.001127489609643817
104144,0.0020229769870638847
104160,0.000822968315333128
104176,0.0010614934144541621
104192,0.00021899853891227394
104208,0.000676449912134558
104224,0.0007146787247620523
104240,0.00287107122130692
104256,0.019404085353016853
104272,0.013715259730815887
104288,0.0007931686704978347
104304,0.014893751591444016
104320,0.03786228224635124
104336,0.002017742255702615
104352,0.002469136379659176
104368,0.0003627856494858861
104384,0.002773572690784931
104400,0.020887913182377815
104416,0.0005358033813536167
104432,0.0009686207049526274
104448,0.00046131506678648293
104464,0.00026140210684388876
104480,0.0006374776712618768
104496,0.000344232190400362
104512,0.008340057916939259
104528,0.0006504512275569141
104544,0.0004338538565207273
104560,0.000954440503846854
104576,0.0009519688319414854
104592,0.0010158020304515958
104608,0.0008160880533978343
104624,0.005710894241929054
104640,0.15011483430862427
104656,0.0014406790724024177
104672,0.0005277418531477451
104688,0.001295568305067718
104704,0.0004931865260004997
104720,0.0012120796600356698
104736,0.0019195415079593658
104752,0.000551174278371036
104768,0.0004283287562429905
104784,0.0005136788240633905
104800,0.0016200605314224958
104816,0.0031680045649409294
104832,0.0030059018172323704
104848,0.000554183847270906
104864,0.0006676033372059464
104880,0.006279907654970884
104896,0.008085993118584156
104912,0.0018888057675212622
104928,0.0013114347821101546
104944,0.0019874097779393196
104960,0.0014032454928383231
104976,0.01642068475484848
104992,0.010325825773179531
105008,0.0007222036365419626
105024,0.0006598894251510501
105040,0.0009313388145528734
105056,0.001638013869524002
105072,0.0009556394070386887
105088,0.0006806760793551803
105104,0.0008372753509320319
105120,0.0005180510343052447
105136,0.0059458971954882145
105152,0.000762031995691359
105168,0.008048001676797867
105184,0.0008858070941641927
105200,0.0008231780957430601
105216,0.0007070991559885442
105232,0.00024234896409325302
105248,0.013248167000710964
105264,0.0013108503771945834
105280,0.0013500265777111053
105296,0.00029744295170530677
105312,0.000754559354390949
105328,0.0051898169331252575
105344,0.008871409110724926
105360,0.0004027316172141582
105376,0.000690597458742559
105392,0.0251635555177927
105408,0.0002975917304866016
105424,0.00032611499773338437
105440,0.0012271347222849727
105456,0.0009384396835230291
105472,0.0013694653753191233
105488,0.0010987649438902736
105504,0.001572296256199479
105520,0.00948890671133995
105536,0.0009411362116225064
105552,0.0006572332931682467
105568,0.0012555851135402918
105584,0.0008148811175487936
105600,0.0006622300716117024
105616,0.00045076321111992
105632,0.00458487868309021
105648,0.002456308575347066
105664,0.00037442281609401107
105680,0.0034967386163771152
105696,0.0007037468603812158
105712,0.0018784598214551806
105728,0.00022518332116305828
105744,0.0029212702065706253
105760,0.0005934527725912631
105776,0.0010758019052445889
105792,0.004186765290796757
105808,0.002076741075143218
105824,0.10520128905773163
105840,0.0009598670294508338
105856,0.13472414016723633
105872,0.004229329526424408
105888,0.00254799984395504
105904,0.0006638476043008268
105920,0.0007408529054373503
105936,0.009553379379212856
105952,0.0005350281717255712
105968,0.00032782237394712865
105984,0.000639788166154176
106000,0.00256648869253695
106016,0.001486574998125434
106032,0.0009610684937797487
106048,0.009324373677372932
106064,0.016013430431485176
106080,0.00377743411809206
106096,0.0011018250370398164
106112,0.10322561115026474
106128,0.0008824378019198775
106144,0.0019330685026943684
106160,0.0007801116444170475
106176,0.0006349111208692193
106192,0.008917531929910183
106208,0.006299737840890884
106224,0.01985090970993042
106240,0.0016267551109194756
106256,0.0009763170965015888
106272,0.0002864444104488939
106288,0.00035681555164046586
106304,0.0012278328649699688
106320,0.00018852614448405802
106336,0.00036515723331831396
106352,0.00408211862668395
106368,0.0037967078387737274
106384,0.0005884725251235068
106400,0.0003659455687738955
106416,0.0006256743217818439
106432,0.0006719896337017417
106448,0.0022107199765741825
106464,0.0007109339348971844
106480,0.0005767366383224726
106496,0.0002849763841368258
106512,0.0069352141581475735
106528,0.0017661100719124079
106544,0.0004408159584272653
106560,0.0005762140499427915
106576,0.003491724142804742
106592,0.05871492996811867
106608,0.0024629326071590185
106624,0.00039188319351524115
106640,0.0003431543009355664
106656,0.00031583610689267516
106672,0.0006220638751983643
106688,0.0007712585502304137
106704,0.012158248573541641
106720,0.003607996739447117
106736,0.028600648045539856
106752,0.00018254370661452413
106768,0.08040226995944977
106784,0.00048658595187589526
106800,0.0004887401009909809
106816,0.005570131819695234
106832,0.06359454244375229
106848,0.005921901669353247
106864,0.11120670288801193
106880,0.005393411032855511
106896,0.0019194814376533031
106912,0.00040214473847299814
106928,0.006391274742782116
106944,0.007096830289810896
106960,0.00032725551864132285
106976,0.0014157104305922985
106992,0.003923397045582533
107008,0.0014189553912729025
107024,0.0007535814074799418
107040,0.0004354377160780132
107056,0.0005953834042884409
107072,0.009202471934258938
107088,0.018721463158726692
107104,0.003163547720760107
107120,0.0005514567019417882
107136,0.0022203484550118446
107152,0.061570364981889725
107168,0.007349330000579357
107184,0.0013018373865634203
107200,0.07016067206859589
107216,0.004354611039161682
107232,0.00036946014733985066
107248,0.0005136146792210639
107264,0.0006862351438030601
107280,0.00013892492279410362
107296,0.0003337694797664881
107312,0.002538003260269761
107328,0.02571948803961277
107344,0.001642577932216227
107360,0.0005454151541925967
107376,0.0012027686461806297
107392,0.0005310901906341314
107408,0.0002937978133559227
107424,0.00021571185789071023
107440,0.011299443431198597
107456,0.00016569875879213214
107472,0.05921005830168724
107488,0.0011843836400657892
107504,0.007057614158838987
107520,0.0008531428757123649
107536,0.000852222612593323
107552,0.005467315670102835
107568,0.014665626920759678
107584,0.0002651446557138115
107600,0.015114668756723404
107616,0.0006312360055744648
107632,0.013423013500869274
107648,0.001397551503032446
107664,0.0015389410546049476
107680,0.0011677133152261376
107696,0.012857889756560326
107712,0.0005041663534939289
107728,0.0006169483531266451
107744,0.0008547438192181289
107760,0.010625618509948254
107776,0.0013235463993623853
107792,0.0029664644971489906
107808,0.004395369440317154
107824,0.0033085541799664497
107840,0.0005153620149940252
107856,0.07867678254842758
107872,0.01934170536696911
107888,0.004465283360332251
107904,0.0015194243751466274
107920,0.002139937598258257
107936,0.00024757906794548035
107952,0.0016679767286404967
107968,0.00999544933438301
107984,0.03634755313396454
108000,0.0023974846117198467
108016,0.009880921803414822
108032,0.000416325347032398
108048,0.002397988922894001
108064,0.13782256841659546
108080,0.0003626880934461951
108096,0.0004818409797735512
108112,0.0077894506976008415
108128,0.003941328264772892
108144,0.00064932054374367
108160,0.0054079461842775345
108176,0.0012516991700977087
108192,0.0022961790673434734
108208,0.0008146864711306989
108224,0.13788656890392303
108240,0.002788879442960024
108256,0.006363280117511749
108272,0.0006038382416591048
108288,0.00945415161550045
108304,0.034400708973407745
108320,0.0009102590847760439
108336,0.002813098020851612
108352,0.0009823213331401348
108368,0.0005351757863536477
108384,0.015109257772564888
108400,0.0010695467935875058
108416,0.000475586683023721
108432,0.0008393514435738325
108448,0.002066264394670725
108464,0.0013805904891341925
108480,0.001679350039921701
108496,0.0011653818655759096
108512,0.0018924596952274442
108528,0.01761084608733654
108544,0.0017638717545196414
108560,0.001417780527845025
108576,0.0004909205017611384
108592,0.0013975161127746105
108608,0.0008640179876238108
108624,0.004970190580934286
108640,0.002396117663010955
108656,0.0012460503494367003
108672,0.007276423275470734
108688,0.006080500781536102
108704,0.0006457166746258736
108720,0.0009298456716351211
108736,0.0017538161482661963
108752,0.0014803764643147588
108768,0.0035776717122644186
108784,0.0009928924264386296
108800,0.0002076256787404418
108816,0.0011963925790041685
108832,0.026715315878391266
108848,0.002817360684275627
108864,0.07497061043977737
108880,0.0003321842523291707
108896,0.00032438867492601275
108912,0.0006871290970593691
108928,0.012434148229658604
108944,0.005447085946798325
108960,0.003276961389929056
108976,0.0028825895860791206
108992,0.0003368171164765954
109008,0.0005555656971409917
109024,0.003689019475132227
109040,0.003737160237506032
109056,0.0011454375926405191
109072,0.00034429639345034957
109088,0.031583547592163086
109104,0.00024855334777384996
109120,0.06701034307479858
109136,0.014364480972290039
109152,0.0002599650761112571
109168,0.0002726725651882589
109184,0.00023959689133334905
109200,0.00021411370835267007
109216,0.00035356677835807204
109232,0.008104912005364895
109248,0.009067889302968979
109264,0.00036150802043266594
109280,0.0012025297619402409
109296,0.008982892148196697
109312,0.0008250026730820537
109328,0.00039859151002019644
109344,0.009652084670960903
109360,0.0031923954375088215
109376,0.0008204066543839872
109392,0.000753402360714972
109408,0.0003437215054873377
109424,0.00030568335205316544
109440,0.0005655677523463964
109456,0.12922410666942596
109472,0.0019508786499500275
109488,0.0010977769270539284
109504,0.0009217410115525126
109520,0.0005098520778119564
109536,0.0011232754914090037
109552,0.009838893078267574
109568,0.0008130462374538183
109584,0.0002407512511126697
109600,0.001886313664726913
109616,0.00045695292646996677
109632,0.004829520359635353
109648,0.0031827648635953665
109664,0.00018284283578395844
109680,0.001406756928190589
109696,0.00022480927873402834
109712,0.00022356590488925576
109728,0.00020800225320272148
109744,0.11675119400024414
109760,0.0006306167342700064
109776,0.0009588542161509395
109792,0.0015497865388169885
109808,0.0009461193694733083
109824,0.001736908801831305
109840,0.0005086146993562579
109856,0.0003363564028404653
109872,0.001221989281475544
109888,0.00133829889819026
109904,0.02722802199423313
109920,0.012395351193845272
109936,0.0011279296595603228
109952,0.004320030566304922
109968,0.0020569423213601112
109984,0.005157201550900936
110000,0.00037145495298318565
110016,0.0007411591941490769
110032,0.0014853590400889516
110048,0.0016930379206314683
110064,0.0004406711377669126
110080,0.002950645051896572
110096,0.0004038643673993647
110112,0.000952463480643928
110128,0.0005246523069217801
110144,0.0020052932668477297
110160,0.012121478095650673
110176,0.0017198862042278051
110192,0.0014814367750659585
110208,0.0030900833662599325
110224,0.0006272020400501788
110240,0.0005694968276657164
110256,0.06537377089262009
110272,0.007929183542728424
110288,0.0010148684959858656
110304,0.0024212352000176907
110320,0.00044745253399014473
110336,0.0007001073099672794
110352,0.0004954496398568153
110368,0.00038274077815003693
110384,0.08537518978118896
110400,0.006471366621553898
110416,0.0004412414273247123
110432,0.09745390713214874
110448,0.0007966142729856074
110464,0.0006432870286516845
110480,0.001926003023982048
110496,0.023390604183077812
110512,0.02227655239403248
110528,0.005880802869796753
110544,0.0010465581435710192
110560,0.0023419016506522894
110576,0.0017500096000730991
110592,0.000780536443926394
110608,0.0025933203287422657
110624,0.0017054026247933507
110640,0.024680059403181076
110656,0.006353069096803665
110672,0.0098328348249197
110688,0.0013148707803338766
110704,0.01720469631254673
110720,0.0018767892615869641
110736,0.00167677435092628
110752,0.0018808257300406694
110768,0.003782982937991619
110784,0.009693619795143604
110800,0.0015097272116690874
110816,0.00094235735014081
110832,0.0025812077801674604
110848,0.0009219333878718317
110864,0.003701041219756007
110880,0.0010673020733520389
110896,0.0032014010939747095
110912,0.0012430909555405378
110928,0.0018904705066233873
110944,0.001639020163565874
110960,0.001515691401436925
110976,0.005658027715981007
110992,0.002978495554998517
111008,0.0034761293791234493
111024,0.002514356980100274
111040,0.0010864206124097109
111056,0.0003764883440453559
111072,0.0003932640247512609
111088,0.004592600278556347
111104,0.0008828578284010291
111120,0.06661514937877655
111136,0.002656793687492609
111152,0.0019818872679024935
111168,0.0010080074425786734
111184,0.0006284615956246853
111200,0.0047853002324700356
111216,0.010457763448357582
111232,0.01604098081588745
111248,0.006194571033120155
111264,0.00179371889680624
111280,0.014969171956181526
111296,0.004992504604160786
111312,0.003249954665079713
111328,0.0006772290216758847
111344,0.0005244645290076733
111360,0.013616938143968582
111376,0.0008010573219507933
111392,0.0010306950425729156
111408,0.012752754613757133
111424,0.0020321677438914776
111440,0.012164189480245113
111456,0.0009787618182599545
111472,0.0014390806900337338
111488,0.0009949714876711369
111504,0.00394393177703023
111520,0.0005566441686823964
111536,0.0009280567755922675
111552,0.0013894566800445318
111568,0.018801622092723846
111584,0.004188966006040573
111600,0.0005456377984955907
111616,0.0003545303479768336
111632,0.00966358371078968
111648,0.00875461008399725
111664,0.00045587061322294176
111680,0.008276538923382759
111696,0.0033860846888273954
111712,0.0009030177025124431
111728,0.0002069323672913015
111744,0.000920482911169529
111760,0.02251945622265339
111776,0.01131240651011467
111792,0.0011096182279288769
111808,0.0009224950335919857
111824,0.0008453400223515928
111840,0.0016850032843649387
111856,0.007631998974829912
111872,0.0011255268473178148
111888,0.0030215459410101175
111904,0.004599137231707573
111920,0.0004131378373131156
111936,0.001500808517448604
111952,0.0154369305819273
111968,0.0013889116235077381
111984,0.030879473313689232
112000,0.0004086222033947706
112016,0.00025917685707099736
112032,0.00031513720750808716
112048,0.00038605520967394114
112064,0.0010868743993341923
112080,0.0009406284661963582
112096,0.0005662025650963187
112112,0.0004339766746852547
112128,0.003414770122617483
112144,0.0004229153273627162
112160,0.0004852319252677262
112176,0.002166678896173835
112192,0.010929156094789505
112208,0.0013070038985460997
112224,0.0011062605772167444
112240,0.01282505877315998
112256,0.0038374552968889475
112272,0.00106902327388525
112288,0.0035643226001411676
112304,0.0011079332325607538
112320,0.00024223879154305905
112336,0.00804038718342781
112352,0.0027681549545377493
112368,0.0024090688675642014
112384,0.0007629100000485778
112400,0.0031658464577049017
112416,0.0021905475296080112
112432,0.03297998011112213
112448,0.0012498920550569892
112464,0.0013272897340357304
112480,0.0008019049419090152
112496,0.0008232275140471756
112512,0.0007843346102163196
112528,0.003503865096718073
112544,0.0006256214110180736
112560,0.002524045528843999
112576,0.004945999011397362
112592,0.020331259816884995
112608,0.0015644966624677181
112624,0.0010916031897068024
112640,0.027494637295603752
112656,0.00039559975266456604
112672,0.00028404657496139407
112688,0.0004360464517958462
112704,0.004597065970301628
112720,0.0015252619050443172
112736,0.0009548621019348502
112752,0.0014501246623694897
112768,0.0005527458852156997
112784,0.002429132116958499
112800,0.0028821497689932585
112816,0.005319227930158377
112832,0.004377108532935381
112848,0.0019048753893002868
112864,0.000583064160309732
112880,0.0006288276053965092
112896,0.0005941820563748479
112912,0.00046137248864397407
112928,0.0006304864073172212
112944,0.002765427576377988
112960,0.000680965487845242
112976,0.007124798838049173
112992,0.001373117440380156
113008,0.00039784563705325127
113024,0.00021678385382983834
113040,0.030269863083958626
113056,0.03518710657954216
113072,0.005997627507895231
113088,0.00316984998062253
113104,0.011983579955995083
113120,0.0012218261836096644
113136,0.10251301527023315
113152,0.0004964176332578063
113168,0.00019415971473790705
113184,0.002387257758527994
113200,0.0004280520952306688
113216,0.0006298760417848825
113232,0.031307484954595566
113248,0.0023180379066616297
113264,0.0005166438641026616
113280,0.001038160640746355
113296,0.01590850204229355
113312,0.0006485087797045708
113328,0.0009031649678945541
113344,0.00047825908404774964
113360,0.0015110448002815247
113376,0.006404425948858261
113392,0.0008064130088314414
113408,0.000873756071086973
113424,0.0004126106505282223
113440,0.0004243447328917682
113456,0.007746881805360317
113472,0.01020672358572483
113488,0.007115799002349377
113504,0.0006137361051514745
113520,0.0007009127293713391
113536,0.0005036263028159738
113552,0.000521024689078331
113568,0.0014787109103053808
113584,0.0006336510996334255
113600,0.006758412811905146
113616,0.0005392114399001002
113632,0.0031930531840771437
113648,0.002795059699565172
113664,0.004957147873938084
113680,0.001783015439286828
113696,0.00043923439807258546
113712,0.00029933208134025335
113728,0.0390697680413723
113744,0.0005674623535014689
113760,0.00024837173987179995
113776,0.0009404898155480623
113792,0.00029949742020107806
113808,0.001141108339652419
113824,0.02819773182272911
113840,0.0002304687222931534
113856,0.00030811550095677376
113872,0.014538097195327282
113888,0.0026340882759541273
113904,0.009075632318854332
113920,0.00645417720079422
113936,0.000973916903603822
113952,0.011221311055123806
113968,0.0005266541847959161
113984,0.0023465075064450502
114000,0.0009101727046072483
114016,0.0011371304281055927
114032,0.001629409147426486
114048,0.004672789014875889
114064,0.00041528549627400935
114080,0.0010463583748787642
114096,0.0005384069518186152
114112,0.14355885982513428
114128,0.008876881562173367
114144,0.001706812996417284
114160,0.009752122685313225
114176,0.001255751820281148
114192,0.000819434120785445
114208,0.0009448485216125846
114224,0.00037661538226529956
114240,0.0007909603300504386
114256,0.0010871787089854479
114272,0.0035179988481104374
114288,0.019046621397137642
114304,0.0009013655362650752
114320,0.00030842350679449737
114336,0.0011796460021287203
114352,0.0009910310618579388
114368,0.0006377103854902089
114384,0.0019180355593562126
114400,0.0003986559167969972
114416,0.00040829723002389073
114432,0.0009232613956555724
114448,0.009244810789823532
114464,0.0005072626518085599
114480,0.054489776492118835
114496,0.0002943867875728756
114512,0.1257508248090744
114528,0.001154745346866548
114544,0.0013917341129854321
114560,0.00038025263347662985
114576,0.0009771906770765781
114592,0.0020895875059068203
114608,0.001151100848801434
114624,0.0014698707964271307
114640,0.00034871057141572237
114656,0.0008439914672635496
114672,0.004969368223100901
114688,0.0007850623806007206
114704,0.0008085340959951282
114720,0.0008994457311928272
114736,0.0007986724958755076
114752,0.001545772422105074
114768,0.01555765699595213
114784,0.0010838147718459368
114800,0.06079063564538956
114816,0.0018043781165033579
114832,0.0013208903837949038
114848,0.0005817413330078125
114864,0.017007283866405487
114880,0.004949860740453005
114896,0.004837151616811752
114912,0.0002598589053377509
114928,0.0006981856422498822
114944,0.001608696999028325
114960,0.0009271825547330081
114976,0.0013663391582667828
114992,0.0015725349076092243
115008,0.0004988901782780886
115024,0.007477093022316694
115040,0.002675877884030342
115056,0.016429143026471138
115072,0.00027203361969441175
115088,0.002115378389135003
115104,0.00047523487592116
115120,0.000530501245521009
115136,0.0008464774582535028
115152,0.0002528980257920921
115168,0.0005605317419394851
115184,0.001700549153611064
115200,0.0027427668683230877
115216,0.00567110488191247
115232,0.003069901140406728
115248,0.005842331796884537
115264,0.0019369479268789291
115280,0.0008553038933314383
115296,0.011429736390709877
115312,0.0007261796854436398
115328,0.0012570989783853292
115344,0.0023544360883533955
115360,0.0009453311795368791
115376,0.0007914707530289888
115392,0.0002975479874294251
115408,0.0014543134020641446
115424,0.004749147221446037
115440,0.005856382194906473
115456,0.0015594282886013389
115472,0.0011694320710375905
115488,0.0024080786388367414
115504,0.0005420887609943748
115520,0.00020213302923366427
115536,0.0013520480133593082
115552,0.0010083214147016406
115568,0.14102692902088165
115584,0.002528951270505786
115600,0.0020767441019415855
115616,0.004912645556032658
115632,0.0026181915309280157
115648,0.0010538704227656126
115664,0.0008459542295895517
115680,0.005291475914418697
115696,0.0021945994812995195
115712,0.002837215084582567
115728,0.001959008863195777
115744,0.0012280367081984878
115760,0.00031741519342176616
115776,0.005704776383936405
115792,0.001324257580563426
115808,0.0007469073170796037
115824,0.004513731691986322
115840,0.002499970840290189
115856,0.0009513307013548911
115872,0.0037371404469013214
115888,0.0023086059372872114
115904,0.0003763074637390673
115920,0.00024147835210897028
115936,0.005404229275882244
115952,0.0007495169993489981
115968,0.0070044235326349735
115984,0.00176136230584234
116000,0.002747788093984127
116016,0.0016438360325992107
116032,0.009142653085291386
116048,0.001547010149806738
116064,0.0011597113916650414
116080,0.0008219090523198247
116096,0.0105001674965024
116112,0.006889995187520981
116128,0.0006575750303454697
116144,0.008925269357860088
116160,0.0008886465220712125
116176,0.007811170071363449
116192,0.0009240147192031145
116208,0.002020849846303463
116224,0.0021474729292094707
116240,0.0008923462592065334
116256,0.00040524580981582403
116272,0.00121762091293931
116288,0.002348510082811117
116304,0.0018550625536590815
116320,0.0004958983045071363
116336,0.001068146782927215
116352,0.0012977579608559608
116368,0.0017453317996114492
116384,0.0006864859606139362
116400,0.0004957602359354496
116416,0.0010094675235450268
116432,0.00019758864073082805
116448,0.0008436880889348686
116464,0.0008615104597993195
116480,0.00031114506418816745
116496,0.005993835162371397
116512,0.0013355475384742022
116528,0.0003985973889939487
116544,0.001689795171841979
116560,0.000827358104288578
116576,0.00040453654946759343
116592,0.010435092262923717
116608,0.021518725901842117
116624,0.0015981248579919338
116640,0.0007281909929588437
116656,0.0007530825678259134
116672,0.0009023514576256275
116688,0.0572618693113327
116704,0.0033517787232995033
116720,0.004821325186640024
116736,0.0038107093423604965
116752,0.000657027936540544
116768,0.001223124796524644
116784,0.00122403958812356
116800,0.0010029494296759367
116816,0.0005097833927720785
116832,0.00036157426075078547
116848,0.04068326577544212
116864,0.0023785617668181658
116880,0.13326400518417358
116896,0.0009525846689939499
116912,0.004776503890752792
116928,0.0011964637087658048
116944,0.0029535533394664526
116960,0.0007350057130679488
116976,0.0008162967278622091
116992,0.00019024315406568348
117008,0.00025085738161578774
117024,0.00040826317854225636
117040,0.03932748734951019
117056,0.00031388868228532374
117072,0.0008044682326726615
117088,0.0008001842070370913
117104,0.0009033691603690386
117120,0.0016749846981838346
117136,0.00033454722142778337
117152,0.0018823506543412805
117168,0.0016026709927245975
117184,0.0014037858927622437
117200,0.0005307542742229998
117216,0.0008829361759126186
117232,0.04230901598930359
117248,0.0015373481437563896
117264,0.0012075125705450773
117280,0.003564894665032625
117296,0.001273692469112575
117312,0.0002643783809617162
117328,0.00114981341175735
117344,0.009646261110901833
117360,0.011232365854084492
117376,0.0004929486894980073
117392,0.001725821872241795
117408,0.0005882177501916885
117424,0.0006114725256338716
117440,0.006864115595817566
117456,0.0008828245918266475
117472,0.0008711267728358507
117488,0.0004664719745051116
117504,0.000898477912414819
117520,0.0005726203671656549
117536,0.0021625510416924953
117552,0.0008748413529247046
117568,0.04253827780485153
117584,0.001008537132292986
117600,0.0003989869146607816
117616,0.0007352912798523903
117632,0.0010882935021072626
117648,0.0006241530063562095
117664,0.0021561947651207447
117680,0.0019698692485690117
117696,0.0006424338789656758
117712,0.0012293828185647726
117728,0.023465286940336227
117744,0.001229860819876194
117760,0.029098952189087868
117776,0.0004182117118034512
117792,0.00031653762562200427
117808,0.0022331401705741882
117824,0.0006248068530112505
117840,0.0006350723560899496
117856,0.0005907758022658527
117872,0.00036926043685525656
117888,0.0035418940242379904
117904,0.01229719165712595
117920,0.0010042621288448572
117936,0.0009366234298795462
117952,0.0005412730970419943
117968,0.0011227130889892578
117984,0.0002458371745888144
118000,0.0005376551416702569
118016,0.0024648138787597418
118032,0.00202857400290668
118048,0.044716447591781616
118064,0.0005751323187723756
118080,0.0048543415032327175
118096,0.0005557955009862781
118112,0.0012519836891442537
118128,0.001364498632028699
118144,0.000991817214526236
118160,0.0014513824135065079
118176,0.0035750570241361856
118192,0.0032070265151560307
118208,0.00040171341970562935
118224,0.00043174944585189223
118240,0.08581479638814926
118256,0.02167288400232792
118272,0.0013430282706394792
118288,0.006135451141744852
118304,0.001115528168156743
118320,0.0011143190786242485
118336,0.0006202312069945037
118352,0.0010031715501099825
118368,0.0009698521462269127
118384,0.0005288242246024311
118400,0.0012490274384617805
118416,0.001205603126436472
118432,0.0008092757198028266
118448,0.0004655649827327579
118464,0.0018638019682839513
118480,0.0007359712617471814
118496,0.001185164786875248
118512,0.0007620009128004313
118528,0.0005797426565550268
118544,0.00026024901308119297
118560,0.002135227667167783
118576,0.001232900540344417
118592,0.00016225167200900614
118608,0.0006776576628908515
118624,0.000678963668178767
118640,0.0005472006741911173
118656,0.00046533829299733043
118672,0.00035225454485043883
118688,0.0003818357945419848
118704,0.0002740860218182206
118720,0.0005623357137665153
118736,0.0031861276365816593
118752,0.0012473257957026362
118768,0.0006719991797581315
118784,0.0012630802812054753
118800,0.0013180909445509315
118816,0.010026323609054089
118832,0.00028724412550218403
118848,0.0004427919629961252
118864,0.0013161726528778672
118880,0.0009637324255891144
118896,0.001107686199247837
118912,0.01724213734269142
118928,0.0008090370101854205
118944,0.0009183138608932495
118960,0.0003450416843406856
118976,0.0009301122045144439
118992,0.0007597618969157338
119008,0.0005647032521665096
119024,0.0009243849199265242
119040,0.003826618194580078
119056,0.00026269289082847536
119072,0.00027654459699988365
119088,0.0006463116151280701
119104,0.0012049749493598938
119120,0.000736355665139854
119136,0.05499275401234627
119152,0.000184491160325706
119168,0.0003567005041986704
119184,0.0021045294124633074
119200,0.0016588879516348243
119216,0.0020084530115127563
119232,0.001093418919481337
119248,0.0006246569100767374
119264,0.0010943689849227667
119280,0.00041931436862796545
119296,0.009104554541409016
119312,0.00067346659488976
119328,0.0014030092861503363
119344,0.0007622294360771775
119360,0.0005813451134599745
119376,0.0014331031125038862
119392,0.0011537885293364525
119408,0.0032776130829006433
119424,0.000791815051343292
119440,0.00039855577051639557
119456,0.0009629750857129693
119472,0.000555078499019146
119488,0.000631192815490067
119504,0.001484085340052843
119520,0.00018955793348141015
119536,0.00023000506917014718
119552,0.00046703731641173363
119568,0.0013699553674086928
119584,0.0003606471000239253
119600,0.0009482165332883596
119616,0.000236612293520011
119632,0.0005257921293377876
119648,0.02820642851293087
119664,0.000309446215396747
119680,0.0004360837920103222
119696,0.0004286472103558481
119712,0.0004756326961796731
119728,0.004725567996501923
119744,0.0010118959471583366
119760,0.001454438897781074
119776,0.0008733876165933907
119792,0.00043614039896056056
119808,0.00031826517079025507
119824,0.0004266350297257304
119840,0.001001784112304449
119856,0.0934610664844513
119872,0.001194399781525135
119888,0.0010516006732359529
119904,0.005195877980440855
119920,0.0006438990822061896
119936,0.00046470342203974724
119952,0.0009022820740938187
119968,0.0006225088145583868
119984,0.0009225315880030394
120000,0.02319863997399807
120016,0.0021619806066155434
120032,0.0013622553087770939
120048,0.00024804548593237996
120064,0.000754936074372381
120080,0.0007055354071781039
120096,0.013752586208283901
120112,0.00041230209171772003
120128,0.027825472876429558
120144,0.0630764365196228
120160,0.0005082290736027062
120176,0.00115971511695534
120192,0.00042508597834967077
120208,0.010573186911642551
120224,0.005415652878582478
120240,0.0005112623330205679
120256,0.0001598099188413471
120272,0.00040611554868519306
120288,0.0004166923463344574
120304,0.0001965243718586862
120320,0.0005904862191528082
120336,0.000313701166305691
120352,0.0006784045835956931
120368,0.0015215608291327953
120384,0.0003687225398607552
120400,0.000607247173320502
120416,0.0011257519945502281
120432,0.0009912315290421247
120448,0.00014595700486097485
120464,0.00043031698442064226
120480,0.0004362156614661217
120496,0.0012138714082539082
120512,0.0006838305853307247
120528,0.0008270367397926748
120544,0.01893901266157627
120560,0.00033582065952941775
120576,0.008352406322956085
120592,0.013620173558592796
120608,0.00039392587495967746
120624,0.0003868248895741999
120640,0.0019305609166622162
120656,0.015799231827259064
120672,0.0003928320365957916
120688,0.0006235489854589105
120704,0.000636664975900203
120720,0.00014073660713620484
120736,0.0003424034803174436
120752,0.000619162165094167
120768,0.0011228942312300205
120784,0.001266574370674789
120800,0.00018578027084004134
120816,0.00047854098374955356
120832,0.007548575755208731
120848,0.0024072001688182354
120864,0.000737298687454313
120880,0.001069607911631465
120896,0.0004238582623656839
120912,0.0009996851440519094
120928,0.0007229174952954054
120944,0.002660687081515789
120960,0.027025993913412094
120976,0.000517490494530648
120992,0.01028826367110014
121008,0.0004106427077203989
121024,0.002140493132174015
121040,0.001840614015236497
121056,0.0006106962682679296
121072,0.005809066351503134
121088,0.003463834524154663
121104,0.0027803140692412853
121120,0.0004927223781123757
121136,0.0014408506685867906
121152,0.01167102251201868
121168,0.0005578190903179348
121184,0.0013736746041104198
121200,0.0005133430240675807
121216,0.0013355381088331342
121232,0.0016330365324392915
121248,0.0011968750040978193
121264,0.002707074861973524
121280,0.0011662776814773679
121296,0.062632717192173
121312,0.00043997931061312556
121328,0.0017362416256219149
121344,0.0012189133558422327
121360,0.00039026711601763964
121376,0.0017128988401964307
121392,0.0005050189211033285
121408,0.0016736476682126522
121424,0.0017714302521198988
121440,0.0004885952221229672
121456,0.000687149993609637
121472,0.00044944649562239647
121488,0.000612509495113045
121504,0.0005359037313610315
121520,0.008323390036821365
121536,0.0009887304622679949
121552,0.0005727223469875753
121568,0.0003614029847085476
121584,0.0006354015786200762
121600,0.0008271146798506379
121616,0.01887151598930359
121632,0.00043139365152455866
121648,0.000449811399448663
121664,0.006495749112218618
121680,0.000768462719861418
121696,0.0008365788962692022
121712,0.0016783908940851688
121728,0.014510657638311386
121744,0.0002651846734806895
121760,0.002273626159876585
121776,0.000646993110422045
121792,0.0005652657710015774
121808,0.006555246189236641
121824,0.0005148472264409065
121840,0.0007359502487815917
121856,0.0002566363546065986
121872,0.02230439893901348
121888,0.0008045880240388215
121904,0.0017874898621812463
121920,0.00021273262973409146
121936,0.0021785851567983627
121952,0.002020047279074788
121968,0.09011945128440857
121984,0.00048623335896991193
122000,0.023946033790707588
122016,0.001970981014892459
122032,0.0002763853990472853
122048,0.0005723601207137108
122064,0.07631640881299973
122080,0.007545216474682093
122096,0.0008533541113138199
122112,0.002368559129536152
122128,0.0010040639899671078
122144,0.01691577211022377
122160,0.002147064544260502
122176,0.003495229408144951
122192,0.0032227211631834507
122208,0.0009302906692028046
122224,0.0003900054143741727
122240,0.00828020554035902
122256,0.013198232278227806
122272,0.0010542658856138587
122288,0.0015666323015466332
122304,0.009072033688426018
122320,0.001070971367880702
122336,0.0005442645633593202
122352,0.002869502641260624
122368,0.0011150948703289032
122384,0.0010859284084290266
122400,0.0006328134331852198
122416,0.02694254368543625
122432,0.0004386166692711413
122448,0.0025980682112276554
122464,0.001880365307442844
122480,0.0014976337552070618
122496,0.00045107374899089336
122512,0.005482379347085953
122528,0.12491592019796371
122544,0.000588977534789592
122560,0.0004162425175309181
122576,0.0010277826804667711
122592,0.0007508061826229095
122608,0.0014597875997424126
122624,0.039707206189632416
122640,0.000789223297033459
122656,0.009252180345356464
122672,0.0007419753819704056
122688,0.000586703943554312
122704,0.00048709253314882517
122720,0.00044516788329929113
122736,0.00282529229298234
122752,0.0004595211357809603
122768,0.0010917045874521136
122784,0.001529634348116815
122800,0.0022443642374128103
122816,0.02665330097079277
122832,0.0003446672926656902
122848,0.0011747203534469008
122864,0.001098434440791607
122880,0.020607223734259605
122896,0.0015343078412115574
122912,0.0005970526835881174
122928,0.0014020123053342104
122944,0.001000786549411714
122960,0.0011095242807641625
122976,0.0006482111057266593
122992,0.0013935163151472807
123008,0.0017587007023394108
123024,0.0002497491077519953
123040,0.0003952041151933372
123056,0.0004867316165473312
123072,0.00024614593712612987
123088,0.0005273363785818219
123104,0.0022218292579054832
123120,0.0012761482503265142
123136,0.000640871177893132
123152,0.0010738748824223876
123168,0.0013191085308790207
123184,0.0005160423461347818
123200,0.0005674803978763521
123216,0.0003928964724764228
123232,0.0007593688205815852
123248,0.007173621095716953
123264,0.0012219903292134404
123280,0.007041292265057564
123296,0.0026626193430274725
123312,0.0008961023995652795
123328,0.0009640059433877468
123344,0.0005802246741950512
123360,0.0007511503645218909
123376,0.0010512731969356537
123392,0.00029523245757445693
123408,0.0007792530814185739
123424,0.00868103839457035
123440,0.007913012057542801
123456,0.0007720226421952248
123472,0.0007211233023554087
123488,0.002369577530771494
123504,0.0067323725670576096
123520,0.0016003677155822515
123536,0.0027318731881678104
123552,0.0005239263991825283
123568,0.0008277805172838271
123584,0.0012238507624715567
123600,0.0034652953036129475
123616,0.06923740357160568
123632,0.0013622674159705639
123648,0.0006553393322974443
123664,0.004399710334837437
123680,0.0038722576573491096
123696,0.0004638989339582622
123712,0.0019113781163468957
123728,0.0030105295591056347
123744,0.00028288172325119376
123760,0.00037169575807638466
123776,0.00928501971065998
123792,0.0010043955408036709
123808,0.0006783963181078434
123824,0.0005298800533637404
123840,0.0005043935962021351
123856,0.001022733747959137
123872,0.0006176933529786766
123888,0.01325180009007454
123904,0.0004310175427235663
123920,0.0010676456149667501
123936,0.0008052693447098136
123952,0.00274575874209404
123968,0.007756765000522137
123984,0.000481946743093431
124000,0.0008146241307258606
124016,0.0005889948224648833
124032,0.012025466188788414
124048,0.0013953841989859939
124064,0.0010250230552628636
124080,0.003975227475166321
124096,0.00046872193343006074
124112,0.0007726170006208122
124128,0.0004618886741809547
124144,0.0005188013892620802
124160,0.0031336897518485785
124176,0.0008572816732339561
124192,0.005683152005076408
124208,0.0014984569279477
124224,0.0021623745560646057
124240,0.0020685631316155195
124256,0.0008218609727919102
124272,0.00014058001397643238
124288,0.0001828401000238955
124304,0.030561601743102074
124320,0.001316926209256053
124336,0.0002181841409765184
124352,0.0012782815610989928
124368,0.00011573525989660993
124384,0.0005510967457666993
124400,0.0002931939670816064
124416,0.00025143870152533054
124432,0.0010208707535639405
124448,0.0003978869062848389
124464,0.0003886259510181844
124480,0.0004248027689754963
124496,0.0015290887095034122
124512,0.003558453405275941
124528,0.01296633668243885
124544,0.0004322271270211786
124560,0.001121282810345292
124576,0.0003161566564813256
124592,0.002833673730492592
124608,0.013532877899706364
124624,0.00028740603011101484
124640,0.06622187048196793
124656,0.00037015427369624376
124672,0.0008174615795724094
124688,0.00581618957221508
124704,0.0003183846129104495
124720,0.0005344506353139877
124736,0.0003667382407002151
124752,0.00586240878328681
124768,0.0010767830535769463
124784,0.006424404680728912
124800,0.0008551609935238957
124816,0.0007635848596692085
124832,0.09936589747667313
124848,0.0038224859163165092
124864,0.0005971072241663933
124880,0.0008901471737772226
124896,0.001120904227718711
124912,0.03248915448784828
124928,0.031874239444732666
124944,0.07708143442869186
124960,0.0024883844889700413
124976,0.0008757088799029589
124992,0.008652033284306526
125008,0.0020565828308463097
125024,0.00025206507416442037
125040,0.0006993712158873677
125056,0.0687713548541069
125072,0.0003132189449388534
125088,0.00032939360244199634
125104,0.002063451102003455
125120,0.0015356062212958932
125136,0.002857969608157873
125152,0.0008125026361085474
125168,0.0002708652464207262
125184,0.0008374565513804555
125200,0.0008580454159528017
125216,0.001012890599668026
125232,0.0018783820560202003
125248,0.006312618963420391
125264,0.0004741312295664102
125280,0.001549510401673615
125296,0.0019849701784551144
125312,0.0004225773736834526
125328,0.000494428793899715
125344,0.000389611697755754
125360,0.0005237255827523768
125376,0.0004554646147880703
125392,0.0014535546069964767
125408,0.00046740093966946006
125424,0.00229006540030241
125440,0.002102197613567114
125456,0.05526893585920334
125472,0.0037764098960906267
125488,0.00030107726342976093
125504,0.0001847588864620775
125520,0.024822166189551353
125536,0.0006242756498977542
125552,0.0010436868760734797
125568,0.0005990651552565396
125584,0.00043949755490757525
125600,0.009648607112467289
125616,0.0006254717009142041
125632,0.08131415396928787
125648,0.0007698938716202974
125664,0.0008457443327642977
125680,0.0006130773108452559
125696,0.001428526360541582
125712,0.0042698984034359455
125728,0.00374292628839612
125744,0.0005358072812668979
125760,0.0007333672838285565
125776,0.0006323037669062614
125792,0.005827882792800665
125808,0.0005840889061801136
125824,0.006308746058493853
125840,0.0002944431616924703
125856,0.0024645309895277023
125872,0.0033269464038312435
125888,0.002278584288433194
125904,0.001462952233850956
125920,0.007176037412136793
125936,0.009602637030184269
125952,0.000563485489692539
125968,0.02032921090722084
125984,0.0008430742891505361
126000,0.0010506524704396725
126016,0.0009609250701032579
126032,0.0010704463347792625
126048,0.00036023397115059197
126064,0.0006386656314134598
126080,0.000813527381978929
126096,0.003024824894964695
126112,0.002276761457324028
126128,0.0004319845756981522
126144,0.001053676474839449
126160,0.0014695797581225634
126176,0.0007006758241914213
126192,0.0015825129812583327
126208,0.002259664237499237
126224,0.003551868721842766
126240,0.03796926885843277
126256,0.001595837064087391
126272,0.0006062370957806706
126288,0.0016898735193535686
126304,0.0005676808068528771
126320,0.00024273425515275449
126336,0.0003339536488056183
126352,0.01375143975019455
126368,0.0006693569594062865
126384,0.0013114805333316326
126400,0.001529692905023694
126416,0.0011538169346749783
126432,0.0011005611158907413
126448,0.0006078939186409116
126464,0.002386818639934063
126480,0.0006434089737012982
126496,0.0007971260929480195
126512,0.001124072470702231
126528,0.0010677091777324677
126544,0.0008616458508186042
126560,0.0006098869489505887
126576,0.0005801067454740405
126592,0.0013257170794531703
126608,0.0028862582985311747
126624,0.0018804159481078386
126640,0.0009715018095448613
126656,0.0005933761713095009
126672,0.0003207528789062053
126688,0.0007342031458392739
126704,0.003931407816708088
126720,0.00033308652928099036
126736,0.000345494132488966
126752,0.012655273079872131
126768,0.002100714249536395
126784,0.0002822353271767497
126800,0.000310315634123981
126816,0.1325669288635254
126832,0.13618938624858856
126848,0.0005629172082990408
126864,0.0038890393916517496
126880,0.015187541954219341
126896,0.0003108243108727038
126912,0.00043668108992278576
126928,0.0028904350474476814
126944,0.00034450041130185127
126960,0.0004061121726408601
126976,0.0033817763905972242
126992,0.00032241776352748275
127008,0.0022395700216293335
127024,0.024498118087649345
127040,0.003640251699835062
127056,0.005578470416367054
127072,0.0005441966350190341
127088,0.00039154873229563236
127104,0.0006196766044013202
127120,0.0016416807193309069
127136,0.0012219019699841738
127152,0.0007660334231331944
127168,0.0016192661132663488
127184,0.00042681119521148503
127200,0.09800706803798676
127216,0.0007315949187614024
127232,0.005008272361010313
127248,0.0017819117056205869
127264,0.002023907145485282
127280,0.00043937761802226305
127296,0.001190259587019682
127312,0.00043611478758975863
127328,0.000566612055990845
127344,0.0014955750666558743
127360,0.008632544428110123
127376,0.0009744446724653244
127392,0.001177369151264429
127408,0.00026917015202343464
127424,0.0008507349994033575
127440,0.0011157130356878042
127456,0.00024031419889070094
127472,0.0012077108258381486
127488,0.0026469104923307896
127504,0.0007996214553713799
127520,0.00041134897037409246
127536,0.00032336858566850424
127552,0.0004504061653278768
127568,0.00026698311557993293
127584,0.0003564226208254695
127600,0.0009091665269806981
127616,0.0008781166980043054
127632,0.0018743652617558837
127648,0.0003560353652574122
127664,0.0005037698429077864
127680,0.0001923710515256971
127696,0.0004706601903308183
127712,0.0019319348502904177
127728,0.0016932431608438492
127744,0.0011080483673140407
127760,0.0006480813608504832
127776,0.0008799191564321518
127792,0.0008930579060688615
127808,0.00345244980417192
127824,0.0013740482972934842
127840,0.0007887209067121148
127856,0.0005978604312986135
127872,0.0011181951267644763
127888,0.009465084411203861
127904,0.0003835057723335922
127920,0.0006926051573827863
127936,0.0006864012102596462
127952,0.0008751609711907804
127968,0.0009160845656879246
127984,0.0066633448004722595
128000,0.0008704055799171329
128016,0.021693088114261627
128032,0.008632661774754524
128048,0.00041563058039173484
128064,0.0026359548792243004
128080,0.0034812071826308966
128096,0.0016178027726709843
128112,0.0006062021711841226
128128,0.0008048544405028224
128144,0.002018452389165759
128160,0.00036349313450045884
128176,0.0009432561928406358
128192,0.0006622425280511379
128208,0.0010713598458096385
128224,0.0008994307718239725
128240,0.0018835761584341526
128256,0.0005828876164741814
128272,0.003931905142962933
128288,0.001906851539388299
128304,0.0012881153961643577
128320,0.04924989864230156
128336,0.0012592582497745752
128352,0.0007462650537490845
128368,0.010708480142056942
128384,0.0017461098032072186
128400,0.002853374695405364
128416,0.08067937940359116
128432,0.0009645522804930806
128448,0.00026062841061502695
128464,0.0010599413653835654
128480,0.003802297869697213
128496,0.0011807557893916965
128512,0.00046066654613241553
128528,0.0005721523775719106
128544,0.00030555768171325326
128560,0.0006510388921014965
128576,0.003505115397274494
128592,0.0007192985503934324
128608,0.0006414008676074445
128624,0.008231752552092075
128640,0.0008715793373994529
128656,0.001296894857659936
128672,0.0005658126319758594
128688,0.0005006383871659636
128704,0.0006431195070035756
128720,0.0019838272128254175
128736,0.005899895913898945
128752,0.0010126763954758644
128768,0.0018037547124549747
128784,0.0012100604362785816
128800,0.0016566588310524821
128816,0.00039005459984764457
128832,0.0005102563882246614
128848,0.00042350334115326405
128864,0.0009223431115970016
128880,0.001251590671017766
128896,0.0004336216952651739
128912,0.0009155682637356222
128928,0.00047221482964232564
128944,0.0010240721749141812
128960,0.0006320889224298298
128976,0.000569307419937104
128992,0.001250451779924333
129008,0.0004146379651501775
129024,0.0013840727042406797
129040,0.0029926339630037546
129056,0.0007124687545001507
129072,0.001550439978018403
129088,0.000742443255148828
129104,0.003419639077037573
129120,0.007181908935308456
129136,0.0010166369611397386
129152,0.02909751981496811
129168,0.0014737558085471392
129184,0.0014894716441631317
129200,0.007825469598174095
129216,0.0005290642729960382
129232,0.020686235278844833
129248,0.0005463818670250475
129264,0.00043830808135680854
129280,0.0006971452385187149
129296,0.00021489366190508008
129312,0.0004878849140368402
129328,0.000585189729463309
129344,0.0003208669659215957
129360,0.0011060741962864995
129376,0.0030123789329081774
129392,0.000969910470303148
129408,0.0002860740933101624
129424,0.0008923558634705842
129440,0.0008160583674907684
129456,0.0004479791969060898
129472,0.00109573220834136
129488,0.0009635625756345689
129504,0.0009308441658504307
129520,0.0006276119966059923
129536,0.004121351987123489
129552,0.03462481498718262
129568,0.003864096477627754
129584,0.00598170468583703
129600,0.0010994930053129792
129616,0.06979169696569443
129632,0.0013536831829696894
129648,0.006603954825550318
129664,0.0014838094357401133
129680,0.0001271680521313101
129696,0.011948471888899803
129712,0.0005194631521590054
129728,0.006546403281390667
129744,0.007166563533246517
129760,0.0023065265268087387
129776,0.00933910347521305
129792,0.0016681589186191559
129808,0.00046270742313936353
129824,0.0022940649650990963
129840,0.0006872649537399411
129856,0.0015481907175853848
129872,0.001486114808358252
129888,0.00054582254961133
129904,0.0006185774691402912
129920,0.0015319067751988769
129936,0.12584656476974487
129952,0.00036138840368948877
129968,0.0021412144415080547
129984,0.007420300971716642
130000,0.0015985212521627545
130016,0.004387816414237022
130032,0.0035170004703104496
130048,0.0011669762898236513
130064,0.002052860101684928
130080,0.0005701191257685423
130096,0.0014658112777397037
130112,0.0031773154623806477
130128,0.000861888809595257
130144,0.001022800337523222
130160,0.0018680109642446041
130176,0.0006213554879650474
130192,0.0011684425408020616
130208,0.0010539591312408447
130224,0.00033513421658426523
130240,0.04366503283381462
130256,0.0003265195700805634
130272,0.0067187766544520855
130288,0.0010024956427514553
130304,0.0038127899169921875
130320,0.0004263034206815064
130336,0.055039796978235245
130352,0.00042387115536257625
130368,0.0003195849421899766
130384,0.02321692928671837
130400,0.0006475853733718395
130416,0.0012305848067626357
130432,0.007173749152570963
130448,0.0005173584213480353
130464,0.005978192202746868
130480,0.0013277233811095357
130496,0.06692212074995041
130512,0.0004115737392567098
130528,0.00033449981128796935
130544,0.00023743491328787059
130560,0.003275881754234433
130576,0.0001767876383382827
130592,0.12913356721401215
130608,0.0004657867248170078
130624,0.0006241992232389748
130640,0.005032443441450596
130656,0.0004715102259069681
130672,0.0003539003082551062
130688,0.00041891023283824325
130704,0.008905872702598572
130720,0.0330374576151371
130736,0.0005842262180522084
130752,0.000568632734939456
130768,0.0011206050403416157
130784,0.0010131110902875662
130800,0.0008210907690227032
130816,0.0019967181142419577
130832,0.0004699135315604508
130848,0.0009526133653707802
130864,0.0020473934710025787
130880,0.01261308416724205
130896,0.0011528795585036278
130912,0.00453978031873703
130928,0.0391717329621315
130944,0.0006129271350800991
130960,0.0010042134672403336
130976,0.0014734010910615325
130992,0.00023672722454648465
131008,0.00112391565926373
131024,0.0003291097527835518
131040,0.0008565082098357379
131056,0.012723579071462154
131072,0.0003843888407573104
131088,0.00048559613060206175
131104,0.0017183547606691718
131120,0.004647841211408377
131136,0.00730451475828886
131152,0.0011057350784540176
131168,0.0004505451361183077
131184,0.0014470620080828667
131200,0.0007272969232872128
131216,0.001468872418627143
131232,0.0026845834217965603
131248,0.11787460744380951
131264,0.0003939341986551881
131280,0.00034383198362775147
131296,0.0022888737730681896
131312,0.007466943934559822
131328,0.0002896286896429956
131344,0.0002230992540717125
131360,0.0003493840340524912
131376,0.0004758166032843292
131392,0.00038100717938505113
131408,0.000676135765388608
131424,0.0001286543847527355
131440,0.0005110332858748734
131456,0.000400290620746091
131472,0.13733547925949097
131488,0.0015949320513755083
131504,0.000600285769905895
131520,0.0035495455376803875
131536,0.0010546986013650894
131552,0.0006662108935415745
131568,0.013317528180778027
131584,0.0006526513025164604
131600,0.0008184261969290674
131616,0.006922608707100153
131632,0.0012702671810984612
131648,0.022352181375026703
131664,0.0004994492046535015
131680,0.0003591594286262989
131696,0.0009831286733970046
131712,0.0023537108208984137
131728,0.004431287292391062
131744,0.02138124406337738
131760,0.0025798631832003593
131776,0.0002855743805412203
131792,0.011956029571592808
131808,0.0005872289184480906
131824,0.0006636008620262146
131840,0.00036136803100816905
131856,0.000463761854916811
131872,0.022584881633520126
131888,0.0017461638199165463
131904,0.00025348743656650186
131920,0.0006442656158469617
131936,0.000428287050453946
131952,0.11740241199731827
131968,0.0008177352137863636
131984,0.10955260694026947
132000,0.0013638889649882913
132016,0.011913302354514599
132032,0.008339663967490196
132048,0.002299980726093054
132064,0.001051079947501421
132080,0.0013427858939394355
132096,0.0009232987649738789
132112,0.00024984084302559495
132128,0.007746382616460323
132144,0.00506351375952363
132160,0.000802566297352314
132176,0.07104428857564926
132192,0.007183344569057226
132208,0.0005983755690976977
132224,0.00023510871687904
132240,0.000509055214934051
132256,0.0006124153733253479
132272,0.003480197861790657
132288,0.00035334558924660087
132304,0.004677702207118273
132320,0.0006960585014894605
132336,0.00033141521271318197
132352,0.000317542755510658
132368,0.00013187028525862843
132384,0.0008184449980035424
132400,0.0006257862551137805
132416,0.015085972845554352
132432,0.0002306009118910879
132448,0.001672849408350885
132464,0.0023402157239615917
132480,0.0015693713212385774
132496,0.0005558190168812871
132512,0.08289599418640137
132528,0.0007132080500014126
132544,0.0011066826991736889
132560,0.004739600699394941
132576,0.0011661474127322435
132592,0.00024239704362116754
132608,0.0015800698893144727
132624,0.00036985467886552215
132640,0.0007919413037598133
132656,0.0016094950260594487
132672,0.004794457461684942
132688,0.004256119951605797
132704,0.007535125594586134
132720,0.0003665597760118544
132736,0.0023440499790012836
132752,0.0015192166902124882
132768,0.003525651292875409
132784,0.0032771616242825985
132800,0.010572913102805614
132816,0.002189820632338524
132832,0.0010770477820187807
132848,0.0008053404744714499
132864,0.0010184370912611485
132880,0.0011458584340289235
132896,0.0012960255844518542
132912,0.14761807024478912
132928,0.0468105673789978
132944,0.05976346880197525
132960,0.001114166690967977
132976,0.0013356903800740838
132992,0.0011612155940383673
133008,0.0020634387619793415
133024,0.0014916969230398536
133040,0.001829288899898529
133056,0.0008627253118902445
133072,0.002641185885295272
133088,0.0009360537515021861
133104,0.0043834806419909
133120,0.0006301515968516469
133136,0.02119934931397438
133152,0.010276040993630886
133168,0.0009016769472509623
133184,0.001722028129734099
133200,0.0007442056084983051
133216,0.0004775529378093779
133232,0.007184131536632776
133248,0.0033683120273053646
133264,0.0005708076059818268
133280,0.0036417071241885424
133296,0.01467299647629261
133312,0.0006304113776423037
133328,0.02673236094415188
133344,0.00042195525020360947
133360,0.0014430610463023186
133376,0.006032151635736227
133392,0.0005696362350136042
133408,0.0017821823712438345
133424,0.0008612169185653329
133440,0.0002903326239902526
133456,0.00044778548181056976
133472,0.0008181692101061344
133488,0.00030665125814266503
133504,0.0002500640111975372
133520,0.012772352434694767
133536,0.0021938898134976625
133552,0.0036907789763063192
133568,0.0009098543087020516
133584,0.1458531618118286
133600,0.000609600858297199
133616,0.0004715255054179579
133632,0.0007716433610767126
133648,0.0016143620014190674
133664,0.0004598619125317782
133680,0.002048590686172247
133696,0.001187480054795742
133712,0.001061228453181684
133728,0.0006372580537572503
133744,0.047539930790662766
133760,0.004035966470837593
133776,0.014171039685606956
133792,0.0017920158570632339
133808,0.00024868882610462606
133824,0.0017294588033109903
133840,0.0003703258989844471
133856,0.0029412759467959404
133872,0.00045554424286819994
133888,0.0011565133463591337
133904,0.0013283033622428775
133920,0.0011919939424842596
133936,0.006866812705993652
133952,0.0006015336839482188
133968,0.0013071229914203286
133984,0.00209802039898932
134000,0.0005839215591549873
134016,0.0012511040549725294
134032,0.0018689945572987199
134048,0.0010464075021445751
134064,0.0017928408924490213
134080,0.0010391038376837969
134096,0.0016696688253432512
134112,0.0002813306637108326
134128,0.004460600670427084
134144,0.0007385159842669964
134160,0.0006047292845323682
134176,0.0005040819523856044
134192,0.0006736369687132537
134208,0.009791775606572628
134224,0.0008611867669969797
134240,0.0047788843512535095
134256,0.0004858534666709602
134272,0.0006349410396069288
134288,0.002382894279435277
134304,0.000659649318549782
134320,0.04513266682624817
134336,0.0003857308765873313
134352,0.005148568656295538
134368,0.0004733236855827272
134384,0.0004062720399815589
134400,0.025756996124982834
134416,0.0010858796304091811
134432,0.001078026252798736
134448,0.0007318784482777119
134464,0.001040915958583355
134480,0.0005769031122326851
134496,0.001857840921729803
134512,0.030529620125889778
134528,0.000426853250246495
134544,0.00040005272603593767
134560,0.0812140554189682
134576,0.0004855288425460458
134592,0.0024537884164601564
134608,0.0010998898651450872
134624,0.004513214807957411
134640,0.0022738890256732702
134656,0.0009844345040619373
134672,0.00032072904286906123
134688,0.0033691071439534426
134704,0.028538603335618973
134720,0.00033021403942257166
134736,0.010037710890173912
134752,0.002228380413725972
134768,0.002393051516264677
134784,0.0011052016634494066
134800,0.0003320843097753823
134816,0.007357396651059389
134832,0.0019500942435115576
134848,0.0018380139954388142
134864,0.005704345181584358
134880,0.001199985621497035
134896,0.0008577881380915642
134912,0.0004771607927978039
134928,0.0015924042090773582
134944,0.00921102985739708
134960,0.0007172063924372196
134976,0.0008069191826507449
134992,0.0004690438217949122
135008,0.0018438289407640696
135024,0.0010691871866583824
135040,0.000657172582577914
135056,0.000743878073990345
135072,0.0005722935311496258
135088,0.0003237604978494346
135104,0.00043350461055524647
135120,0.0007159864762797952
135136,0.07460480183362961
135152,0.0006478275172412395
135168,0.0008721067570149899
135184,0.03732500597834587
135200,0.0004773708642460406
135216,0.008632717654109001
135232,0.0028051435947418213
135248,0.0001445723173674196
135264,0.00031266279984265566
135280,0.0006087568472139537
135296,0.0006325268768705428
135312,0.004085936583578587
135328,0.0008991879294626415
135344,0.006642159074544907
135360,0.00024161084729712456
135376,0.00031883560586720705
135392,0.002269670134410262
135408,0.0006780613912269473
135424,0.00024389446480199695
135440,0.0005270117544569075
135456,0.011748039163649082
135472,0.0004562106332741678
135488,0.0010581780225038528
135504,0.0023290200624614954
135520,0.003523679217323661
135536,0.0007887883111834526
135552,0.002166939899325371
135568,0.00023943358974065632
135584,0.0006006085313856602
135600,0.00033339764922857285
135616,0.00036567667848430574
135632,0.0021587838418781757
135648,0.0015009986236691475
135664,0.004014123231172562
135680,0.0018079857109114528
135696,0.001201792387291789
135712,0.0014325549127534032
135728,0.0005993511294946074
135744,0.0018337618093937635
135760,0.00034107905230484903
135776,0.0020921507384628057
135792,0.0006813060026615858
135808,0.000955030438490212
135824,0.00035390013363212347
135840,0.00024053434026427567
135856,0.002099086297675967
135872,0.0008135062525980175
135888,0.000430159765528515
135904,0.017198141664266586
135920,0.0011630674125626683
135936,0.004864177666604519
135952,0.0067058140411973
135968,0.0006987337255850434
135984,0.0005272484850138426
136000,0.0017756859306246042
136016,0.002208942547440529
136032,0.0005444890120998025
136048,0.0006039132131263614
136064,0.00041450036223977804
136080,0.0020102791022509336
136096,0.001732600387185812
136112,0.027809860184788704
136128,0.000686931365635246
136144,0.00040006698691286147
136160,0.002434033202007413
136176,0.0011512844357639551
136192,0.0016732658259570599
136208,0.00032847916008904576
136224,0.0027148230001330376
136240,0.0024124972987920046
136256,0.0029158161487430334
136272,0.00045463116839528084
136288,0.0008791654836386442
136304,0.0006011315854266286
136320,0.000583343324251473
136336,0.14417394995689392
136352,0.0011975705856457353
136368,0.0007350614760071039
136384,0.0006164966034702957
136400,0.0012820018455386162
136416,0.004191167186945677
136432,0.000757936853915453
136448,0.0008539215195924044
136464,0.0003653226303867996
136480,0.0005794043536297977
136496,0.003492488758638501
136512,0.0012889981735497713
136528,0.002181228017434478
136544,0.0015537836588919163
136560,0.001054283231496811
136576,0.006290067452937365
136592,0.0002191181993111968
136608,0.0006413088995032012
136624,0.0747537761926651
136640,0.04717255383729935
136656,0.0015579571481794119
136672,0.0008226203499361873
136688,0.0026310181710869074
136704,0.0005359157221391797
136720,0.005394394509494305
136736,0.0005921428673900664
136752,0.000371323199942708
136768,0.0007116769556887448
136784,0.0004969671135768294
136800,0.0007866871892474592
136816,0.00040549534605816007
136832,0.0021666542161256075
136848,0.0006941090105101466
136864,0.00015670861466787755
136880,0.00017356906027998775
136896,0.0008827522397041321
136912,0.0001727103954181075
136928,0.0016452667769044638
136944,0.07051321119070053
136960,0.0004778600123245269
136976,0.0031561399810016155
136992,0.0006307342555373907
137008,0.127932608127594
137024,0.002084217267110944
137040,0.000223962779273279
137056,0.00037420267472043633
137072,0.0002972348011098802
137088,0.0005486110458150506
137104,0.0013911143178120255
137120,0.00034955510636791587
137136,0.0004559655790217221
137152,0.00013897988537792116
137168,0.0009434857638552785
137184,0.0005936450324952602
137200,0.0006017464329488575
137216,0.0002462846750859171
137232,0.0007720976718701422
137248,0.0005734770093113184
137264,0.0009125482756644487
137280,0.0003887750208377838
137296,0.0005841380916535854
137312,0.0005294368602335453
137328,0.07269346714019775
137344,0.0005352762527763844
137360,0.0004630190087482333
137376,0.0004770049126818776
137392,0.00015233551675919443
137408,0.00289029348641634
137424,0.0010070768184959888
137440,0.0030862002167850733
137456,0.0005244056228548288
137472,0.00475412979722023
137488,0.0005258863093331456
137504,0.0815398246049881
137520,0.0032905577681958675
137536,0.0005740692722611129
137552,0.0007598676602356136
137568,0.0010574472835287452
137584,0.001418819883838296
137600,0.0002721311757341027
137616,0.0007841670885682106
137632,0.0012501026503741741
137648,0.002016186947003007
137664,0.00048696534940972924
137680,0.000890795374289155
137696,0.0026685434859246016
137712,0.0031176679767668247
137728,0.0027095454279333353
137744,0.0019271018682047725
137760,0.0007915495662018657
137776,0.001119605847634375
137792,0.0007831467082723975
137808,0.0036568036302924156
137824,0.0004358688020147383
137840,0.0006023794412612915
137856,0.0007421929622069001
137872,0.0009871433721855283
137888,0.00031046182266436517
137904,0.0018459681887179613
137920,0.007123923860490322
137936,0.0009223005617968738
137952,0.0014203269965946674
137968,0.0007934523746371269
137984,0.0006733018672093749
138000,0.0020885199774056673
138016,0.03166600316762924
138032,0.001348762889392674
138048,0.003631201572716236
138064,0.001411331002600491
138080,0.0034369067288935184
138096,0.0022236518561840057
138112,0.00046197272604331374
138128,0.0037392950616776943
138144,0.0005768720293417573
138160,0.0022314887028187513
138176,0.0019005591748282313
138192,0.003340210299938917
138208,0.0007584631675854325
138224,0.001228715293109417
138240,0.008463460952043533
138256,0.0003024210745934397
138272,0.006215706001967192
138288,0.0006571547710336745
138304,0.0005522624123841524
138320,0.0012482949532568455
138336,0.00047876598546281457
138352,0.12704350054264069
138368,0.0017726814839988947
138384,0.0005903232959099114
138400,0.0002568120544310659
138416,0.0009344664285890758
138432,0.0003657238557934761
138448,0.0007022913778200746
138464,0.0004857066669501364
138480,0.0025564616080373526
138496,0.0034217918291687965
138512,0.0002556469989940524
138528,0.04260660335421562
138544,0.008164448663592339
138560,0.003523584920912981
138576,0.0020078332163393497
138592,0.0003986190422438085
138608,0.0008170574437826872
138624,0.0005478318780660629
138640,0.000986746628768742
138656,0.002330845920369029
138672,0.0013936441391706467
138688,0.016703151166439056
138704,0.0062506175599992275
138720,0.0012196296593174338
138736,0.008993322029709816
138752,0.0024024187587201595
138768,0.0006720027304254472
138784,0.0008711447007954121
138800,0.0006105061038397253
138816,0.0013134076725691557
138832,0.0005076360539533198
138848,0.0008081603446044028
138864,0.0007315641851164401
138880,0.004082047380506992
138896,0.00041464806417934597
138912,0.001729190698824823
138928,0.0011490999022498727
138944,0.0008047945448197424
138960,0.09377266466617584
138976,0.0025760727003216743
138992,0.0013815618585795164
139008,0.0011285715736448765
139024,0.0005141948349773884
139040,0.00043485278729349375
139056,0.003367714351043105
139072,0.0011983667500317097
139088,0.001115857739932835
139104,0.0013343095779418945
139120,0.0023909262381494045
139136,0.0007843169150874019
139152,0.02055107243359089
139168,0.001687492709606886
139184,0.0006860998691990972
139200,0.0033365364652127028
139216,0.0013927753316238523
139232,0.13638320565223694
139248,0.001005220809020102
139264,0.009896568022668362
139280,0.0031231543980538845
139296,0.0027240661438554525
139312,0.00041827745735645294
139328,0.0008056354708969593
139344,0.001494268886744976
139360,0.000701010343618691
139376,0.0017959597753360868
139392,0.0009429843630641699
139408,0.0005601954180747271
139424,0.0645722970366478
139440,0.0042414357885718346
139456,0.0036573137622326612
139472,0.0018333441112190485
139488,0.04890098050236702
139504,0.0005086250603199005
139520,0.0015905180480331182
139536,0.003038460621610284
139552,0.0010915477760136127
139568,0.00051696045557037
139584,0.005282064899802208
139600,0.0005177775165066123
139616,0.039701879024505615
139632,0.0003945250646211207
139648,0.0005218898295424879
139664,0.00029263313626870513
139680,0.0023311269469559193
139696,0.00038479481008835137
139712,0.0038799303583800793
139728,0.0007796436548233032
139744,0.000619253667537123
139760,0.0007330867811106145
139776,0.01051989197731018
139792,0.0004652556963264942
139808,0.0008554061059840024
139824,0.0017460033996030688
139840,0.0006565937073901296
139856,0.0010563776595517993
139872,0.02348329685628414
139888,0.0007082896772772074
139904,0.00018727194401435554
139920,0.015452583320438862
139936,0.008848374709486961
139952,0.00017578667029738426
139968,0.0023324608337134123
139984,0.143811896443367
140000,0.00498726312071085
140016,0.001939672976732254
140032,0.005640270654112101
140048,0.0027035740204155445
140064,0.0021275479812175035
140080,0.002331425901502371
140096,0.016097567975521088
140112,0.0003429241187404841
140128,0.0005736410384997725
140144,0.0011707417434081435
140160,0.0007495140889659524
140176,0.0008007746073417366
140192,0.007064124569296837
140208,0.0007776330458000302
140224,0.0045026745647192
140240,0.005348464474081993
140256,0.03025994636118412
140272,0.002293186727911234
140288,0.0025854608975350857
140304,0.00034775660606101155
140320,0.0008487333543598652
140336,0.0013051601126790047
140352,0.0017697683069854975
140368,0.001465741079300642
140384,0.0005470681935548782
140400,0.0004912785952910781
140416,0.05831988900899887
140432,0.0003159096813760698
140448,0.004737793002277613
140464,0.0003171598073095083
140480,0.0003477995051071048
140496,0.0014307493111118674
140512,0.0015074004186317325
140528,0.04992895945906639
140544,0.0011364659294486046
140560,0.0003912785614375025
140576,0.0047611636109650135
140592,0.0011518949177116156
140608,0.001082918606698513
140624,0.0038710960652679205
140640,0.002345283981412649
140656,0.020916160196065903
140672,0.0018983064219355583
140688,0.005439665634185076
140704,0.0031782134901732206
140720,0.0004801803734153509
140736,0.022848015651106834
140752,0.009660201147198677
140768,0.0014198892749845982
140784,0.0026717865839600563
140800,0.0033041946589946747
140816,0.00526784872636199
140832,0.0003223194507881999
140848,0.000934543670155108
140864,0.0007548780413344502
140880,0.0002630786329973489
140896,0.001352220424450934
140912,0.001708479248918593
140928,0.0005078613176010549
140944,0.000637220568023622
140960,0.0016779685392975807
140976,0.002410402987152338
140992,0.0007608697633258998
141008,0.002259924542158842
141024,0.0007053681765682995
141040,0.00037467185757122934
141056,0.00844915397465229
141072,0.0008578790002502501
141088,0.004341777414083481
141104,0.0014009656151756644
141120,0.004880694672465324
141136,0.003895556554198265
141152,0.00809539295732975
141168,0.006522064562886953
141184,0.0052473763935267925
141200,0.004680544603615999
141216,0.007493369281291962
141232,0.010258215479552746
141248,0.000577650498598814
141264,0.0005457249935716391
141280,0.0004784362972714007
141296,0.000445373123511672
141312,0.00104034086689353
141328,0.00018439449195284396
141344,0.0032162186689674854
141360,0.0008943691500462592
141376,0.0010682784486562014
141392,0.003172596450895071
141408,0.0028190063312649727
141424,0.0007827647496014833
141440,0.0023745750077068806
141456,0.00029526278376579285
141472,0.0013201268156990409
141488,0.0006505115306936204
141504,0.0013881947379559278
141520,0.0015932389069348574
141536,0.0064949882216751575
141552,0.0009175114100798965
141568,0.0008371763397008181
141584,0.005948732141405344
141600,0.0033740601502358913
141616,0.00035908952122554183
141632,0.0017266504000872374
141648,0.016003314405679703
141664,0.0016314828535541892
141680,0.0006010279175825417
141696,0.0010943004162982106
141712,0.01548055186867714
141728,0.0003942918556276709
141744,0.005812386516481638
141760,0.00020413650781847537
141776,0.0014073101337999105
141792,0.14866507053375244
141808,0.0007278461707755923
141824,0.009343421086668968
141840,0.0008095247903838754
141856,0.006991876754909754
141872,0.00032916723284870386
141888,0.0004451748973224312
141904,0.0010911889839917421
141920,0.0004492932348512113
141936,0.0006913724355399609
141952,0.0007470865966752172
141968,0.002483649179339409
141984,0.0005805156542919576
142000,0.0007546148262917995
142016,0.005541607271879911
142032,0.000490355072543025
142048,0.0035791401751339436
142064,0.0005866375286132097
142080,0.001223448314704001
142096,0.0007126462878659368
142112,0.002049545058980584
142128,0.00034624733962118626
142144,0.001115080201998353
142160,0.0010860362090170383
142176,0.000300644023809582
142192,0.00041267299093306065
142208,0.0015783557901158929
142224,0.006327490787953138
142240,0.0033987206406891346
142256,0.00038359122117981315
142272,0.016683397814631462
142288,0.002656965283676982
142304,0.001236475771293044
142320,0.0007034572772681713
142336,0.0005686256918124855
142352,0.0016007594531401992
142368,0.007629885338246822
142384,0.00266489339992404
142400,0.011629833839833736
142416,0.0010088981362059712
142432,0.0007278025150299072
142448,0.0004086658591404557
142464,0.00046215319889597595
142480,0.0002925737644545734
142496,0.0005376836052164435
142512,0.000506036332808435
142528,0.0008139933925122023
142544,0.0008968042093329132
142560,0.0007427978562191129
142576,0.0002568480558693409
142592,0.002248186618089676
142608,0.0002001576649490744
142624,0.0035253907553851604
142640,0.0014654488768428564
142656,0.04610753431916237
142672,0.00040369678754359484
142688,0.0016984527464956045
142704,0.0010594610357657075
142720,0.0008394088363274932
142736,0.000552396522834897
142752,0.0012516297865658998
142768,0.0006804591976106167
142784,0.0010460995836183429
142800,0.031911514699459076
142816,0.039539020508527756
142832,0.00037990830605849624
142848,0.0018491772934794426
142864,0.0007122661918401718
142880,0.003067722311243415
142896,0.0005015002097934484
142912,0.0013495530001819134
142928,0.0029160648118704557
142944,0.00034683840931393206
142960,0.0356597863137722
142976,0.1074388399720192
142992,0.0008996055694296956
143008,0.09591653198003769
143024,0.0016328094061464071
143040,0.0006217232439666986
143056,0.0013757043052464724
143072,0.0033462396822869778
143088,0.0011825294932350516
143104,0.00045942317228764296
143120,0.0034878484439104795
143136,0.0008753850124776363
143152,0.000464396842289716
143168,0.00039422186091542244
143184,0.0008100358536466956
143200,0.0234080757945776
143216,0.005294098984450102
143232,0.0005857893265783787
143248,0.0013099848292768002
143264,0.00039456802187487483
143280,0.0014279002789407969
143296,0.0010505428072065115
143312,0.005136456340551376
143328,0.0023526193108409643
143344,0.04156629368662834
143360,0.0006541586481034756
143376,0.002338198944926262
143392,0.001752375392243266
143408,0.0010120915248990059
143424,0.0005473527126014233
143440,0.0015534772537648678
143456,0.0009283536928705871
143472,0.001178173697553575
143488,0.00028962281066924334
143504,0.0011005267733708024
143520,0.0008512145723216236
143536,0.0008555963868275285
143552,0.000543333007954061
143568,0.0008993577212095261
143584,0.0020107105374336243
143600,0.007353355176746845
143616,0.000496535561978817
143632,0.0007162714027799666
143648,0.015030461363494396
143664,0.00031891767866909504
143680,0.0016051165293902159
143696,0.09507109969854355
143712,0.03810517489910126
143728,0.002125158905982971
143744,0.0006189841078594327
143760,0.0004046592803206295
143776,0.0013407517690211535
143792,0.00036595846177078784
143808,0.0009528950904496014
143824,0.0019573112949728966
143840,0.00025391101371496916
143856,0.0004679013800341636
143872,0.017814025282859802
143888,0.003926794044673443
143904,0.0005951300263404846
143920,0.0003722383116837591
143936,0.0006993614952079952
143952,0.0007537606288678944
143968,0.0009917442221194506
143984,0.0007050474523566663
144000,0.00047682036529295146
144016,0.0009555743308737874
144032,0.004785693250596523
144048,0.002041594125330448
144064,0.0006809490732848644
144080,0.0008280513575300574
144096,0.0002906504087150097
144112,0.004511646460741758
144128,0.0006004084134474397
144144,0.0011369469575583935
144160,0.002259681699797511
144176,0.0008338394109159708
144192,0.001052874606102705
144208,0.001988928532227874
144224,0.00046958986786194146
144240,0.004293294623494148
144256,0.10682620108127594
144272,0.0005928383907303214
144288,0.0036583563778549433
144304,0.00021039837156422436
144320,0.007887527346611023
144336,0.0005870079039596021
144352,0.0006449368083849549
144368,0.001062024966813624
144384,0.0008304422372020781
144400,0.0002748137339949608
144416,0.023102855309844017
144432,0.0004940474173054099
144448,0.0003503661719150841
144464,0.054152537137269974
144480,0.00043349573388695717
144496,0.00039071470382623374
144512,0.0010203642304986715
144528,0.007581519894301891
144544,0.0030621462501585484
144560,0.0003019567229785025
144576,0.0006845598109066486
144592,0.0006921325693838298
144608,0.08139921724796295
144624,0.0015576945152133703
144640,0.0013083538506180048
144656,0.0014159920392557979
144672,0.0007691176142543554
144688,0.0004873373545706272
144704,0.0015496807172894478
144720,0.0011479513486847281
144736,0.0006241189548745751
144752,0.002654297510161996
144768,0.0002917669480666518
144784,0.001225990243256092
144800,0.0005684841889888048
144816,0.0018015648238360882
144832,0.000454950233688578
144848,0.00039002764970064163
144864,0.029191114008426666
144880,0.004873593803495169
144896,0.014806868508458138
144912,0.03487350791692734
144928,0.000339448859449476
144944,0.0010498957708477974
144960,0.0006995598087087274
144976,0.0003049959777854383
144992,0.00025661138352006674
145008,0.0038225874304771423
145024,0.16627797484397888
145040,0.0005899370298720896
145056,0.0005347938276827335
145072,0.00705055333673954
145088,0.00018044310854747891
145104,0.0008256827713921666
145120,0.00014296243898570538
145136,0.000573374330997467
145152,0.0003468287468422204
145168,0.09101621061563492
145184,0.0006090907845646143
145200,0.0020394071470946074
145216,0.001698434934951365
145232,0.00027422752464190125
145248,0.0006890390068292618
145264,0.0014181907754391432
145280,0.0015041017904877663
145296,0.001297886949032545
145312,0.00025848118821159005
145328,0.0004813810810446739
145344,0.0011937501840293407
145360,0.0009753112099133432
145376,0.0019467038800939918
145392,0.05762817710638046
145408,0.0008353703888133168
145424,0.0002021521795541048
145440,0.0019411247922107577
145456,0.0001644416624912992
145472,0.0006775670917704701
145488,0.0025607834104448557
145504,0.00029000762151554227
145520,0.0006271568709053099
145536,0.0003238673962187022
145552,0.0008354519959539175
145568,0.00020847529231105
145584,0.0009724638657644391
145600,0.0007882828358560801
145616,0.0006013670936226845
145632,0.0006001211004331708
145648,0.0004118305805604905
145664,0.0027585928328335285
145680,0.002681159880012274
145696,0.00024771876633167267
145712,0.00034283421700820327
145728,0.0023909653536975384
145744,0.004284311085939407
145760,0.00040607681148685515
145776,0.000667887507006526
145792,0.0012324037961661816
145808,0.23071084916591644
145824,0.00036161276511847973
145840,0.009282004088163376
145856,0.0008126578759402037
145872,0.025665519759058952
145888,0.00176885980181396
145904,0.0003685638657771051
145920,0.0003550799156073481
145936,0.0032351992558687925
145952,0.0011279372265562415
145968,0.000808636425063014
145984,0.00035022746305912733
146000,0.11155257374048233
146016,0.0005567416665144265
146032,0.001546160550788045
146048,0.0023033744655549526
146064,0.00045450785546563566
146080,0.0005405974807217717
146096,0.0004993992624804378
146112,0.0010780507000163198
146128,0.029946058988571167
146144,0.004221110604703426
146160,0.000596087658777833
146176,0.0009218316990882158
146192,0.0008532743086107075
146208,0.0013807674404233694
146224,0.0037051201798021793
146240,0.0030185310170054436
146256,0.039608195424079895
146272,0.0009159143082797527
146288,0.0012846955796703696
146304,0.0025788121856749058
146320,0.003565102117136121
146336,0.00048451684415340424
146352,0.0022924616932868958
146368,0.16490185260772705
146384,0.0036764047108590603
146400,0.001148301875218749
146416,0.0004529566504061222
146432,0.0009067990467883646
146448,0.0006148776155896485
146464,0.00038072268944233656
146480,0.0033625978976488113
146496,0.0005488002789206803
146512,0.001440228195860982
146528,0.0013884373474866152
146544,0.0006580271292477846
146560,0.001397217158228159
146576,0.0009050453081727028
146592,0.012782790698111057
146608,0.002782171592116356
146624,0.001019989256747067
146640,0.020154744386672974
146656,0.0006268451688811183
146672,0.04861629381775856
146688,0.00268062436953187
146704,0.0019357295241206884
146720,0.002401133766397834
146736,0.0003143603098578751
146752,0.00016020613838918507
146768,0.0005079405382275581
146784,8.906795846996829e-05
146800,0.0002132656518369913
146816,0.00031335552921518683
146832,0.00332374288700521
146848,0.026282718405127525
146864,0.00031092349672690034
146880,0.0005143283633515239
146896,0.00315703428350389
146912,0.0003033055691048503
146928,0.0045541212894022465
146944,0.036502905189991
146960,0.0021560199093073606
146976,0.0004586786380968988
146992,0.0011371755972504616
147008,0.03104902245104313
147024,0.0004468485130928457
147040,0.011077357456088066
147056,0.03601671755313873
147072,0.0007474500453099608
147088,0.06352268904447556
147104,0.0005404253024607897
147120,0.0007273143855854869
147136,0.0032304783817380667
147152,0.0013872048584744334
147168,0.0004380703321658075
147184,0.0008461957913823426
147200,0.0029824343509972095
147216,0.0005820448277518153
147232,0.014556696638464928
147248,0.0008316319435834885
147264,0.006421854253858328
147280,0.0005707942182198167
147296,0.0003874467220157385
147312,0.004726567305624485
147328,0.005391756538301706
147344,0.0004564194241538644
147360,0.00041642849100753665
147376,0.00046065470087341964
147392,0.014983449131250381
147408,0.0006604670197702944
147424,0.01015776302665472
147440,0.0002739583724178374
147456,0.0006574635044671595
147472,0.00026685441844165325
147488,0.0014301673509180546
147504,0.13353055715560913
147520,0.001278560608625412
147536,0.0006044607725925744
147552,0.013209965080022812
147568,0.0017204449977725744
147584,0.0009770519100129604
147600,0.00013566980487667024
147616,0.00010793432738864794
147632,0.0010095448233187199
147648,0.001215939992107451
147664,0.0005198002327233553
147680,0.0005552418879233301
147696,0.008460202254354954
147712,0.00032836469472385943
147728,0.0009571496048010886
147744,0.0002606016641948372
147760,0.0005422485992312431
147776,0.0008849865989759564
147792,0.0003887817729264498
147808,0.004418281372636557
147824,0.00013609026791527867
147840,0.0009658485651016235
147856,0.0006650126888416708
147872,0.0018994982820004225
147888,0.0022981262300163507
147904,0.0014116712845861912
147920,0.0003471190866548568
147936,0.00046706144348718226
147952,0.00025451977853663266
147968,0.0007588950102217495
147984,0.0006918460130691528
148000,0.0021525337360799313
148016,0.0015271923039108515
148032,0.000924911058973521
148048,0.00039213564014062285
148064,0.014529867097735405
148080,0.11540558934211731
148096,0.00046234152978286147
148112,0.10780181735754013
148128,0.0012397924438118935
148144,0.0003789396141655743
148160,0.00014210626250132918
148176,0.004876549821346998
148192,0.004105521831661463
148208,0.003743033390492201
148224,0.0003480140003375709
148240,0.0020901511888951063
148256,0.0013746983604505658
148272,0.02566121146082878
148288,0.000224643197725527
148304,0.001374735962599516
148320,0.0029179146513342857
148336,0.00030343589605763555
148352,0.002443702658638358
148368,0.04473182186484337
148384,0.12717068195343018
148400,0.0035147115122526884
148416,0.0007999647641554475
148432,0.00032216933323070407
148448,0.0005355228786356747
148464,0.02409420721232891
148480,0.00028300759731791914
148496,0.0005709039396606386
148512,0.0003865003527607769
148528,0.0004623646382242441
148544,0.0013163776602596045
148560,0.01833045855164528
148576,0.00179433508310467
148592,0.0005213438998907804
148608,0.0022082116920500994
148624,0.04143625870347023
148640,0.04961910471320152
148656,0.001191915012896061
148672,0.00015422610158566386
148688,0.004583819769322872
148704,0.0009565650252625346
148720,0.000633725430816412
148736,0.00034109593252651393
148752,0.001346201403066516
148768,0.0007691821083426476
148784,0.005009458400309086
148800,0.01002991572022438
148816,0.00027802266413345933
148832,0.0009236654150299728
148848,0.0002289464755449444
148864,0.00043230465962551534
148880,0.0017669126391410828
148896,0.0014286040095612407
148912,0.0003080441674683243
148928,0.078256756067276
148944,0.0011318332981318235
148960,0.002395179122686386
148976,0.00807875581085682
148992,0.0005542962462641299
149008,0.0009681822266429663
149024,0.004804748110473156
149040,0.00021451310021802783
149056,0.03160283342003822
149072,0.0011696161236613989
149088,0.0015972851542755961
149104,0.000914806907530874
149120,0.001979581080377102
149136,0.0009054086403921247
149152,0.0006330885807983577
149168,0.00016980212240014225
149184,0.0017955673392862082
149200,0.00018309032020624727
149216,0.0006687652203254402
149232,0.00029805436497554183
149248,0.0005073274951428175
149264,0.0006584535585716367
149280,0.0004787617945112288
149296,0.0012447764165699482
149312,0.005874573718756437
149328,0.00022873959096614271
149344,0.0018245239043608308
149360,0.0004815961292479187
149376,0.0004942039959132671
149392,0.000401275756303221
149408,0.0008599077700637281
149424,0.0005721498746424913
149440,0.0007029491243883967
149456,0.0011206846684217453
149472,0.0011686403304338455
149488,0.0015895066317170858
149504,0.00023340046755038202
149520,0.0009633023873902857
149536,0.14000444114208221
149552,0.000413166475482285
149568,0.0009987159864977002
149584,0.00033531166263855994
149600,0.1062127873301506
149616,0.0004700341378338635
149632,0.0029856814071536064
149648,0.0009320802055299282
149664,0.00043661388917826116
149680,0.007538550533354282
149696,0.005358950234949589
149712,0.006583573762327433
149728,0.040712349116802216
149744,0.0014773699222132564
149760,0.0002286863891640678
149776,0.0026405358221381903
149792,0.00016561622032895684
149808,0.002651936374604702
149824,0.015189385041594505
149840,0.00086956936866045
149856,0.0003388937911950052
149872,0.0004350851522758603
149888,0.0006750188185833395
149904,0.0006214933237060905
149920,0.006619114428758621
149936,0.0009139727335423231
149952,0.0018364819698035717
149968,0.0018565126229077578
149984,0.0002760332718025893
150000,0.0006381985149346292
150016,0.00044241276918910444
150032,0.0008704825304448605
150048,0.0004756201524287462
150064,0.0006503956392407417
150080,0.007866053842008114
150096,0.00022588836145587265
150112,0.0007584778359159827
150128,0.002535030711442232
150144,0.0007540755905210972
150160,0.00029935367638245225
150176,0.00045637728180736303
150192,0.0005195275298319757
150208,0.0002731208223849535
150224,0.0016189084853976965
150240,0.00032983950222842395
150256,0.001285547623410821
150272,0.0042198421433568
150288,0.1670473963022232
150304,0.0006169378757476807
150320,0.00034997056354768574
150336,0.00038395862793549895
150352,0.013265143148601055
150368,0.0012675136094912887
150384,0.00159920915029943
150400,0.0006273438921198249
150416,0.0005587453488260508
150432,0.002758690854534507
150448,0.0008543124422430992
150464,0.0023747135419398546
150480,0.0006965220673009753
150496,0.000338342331815511
150512,0.007192838005721569
150528,0.009613659232854843
150544,0.0003950819082092494
150560,0.0014183600433170795
150576,0.0012520953314378858
150592,0.0002950005582533777
150608,0.0003131311386823654
150624,0.00023400990176014602
150640,0.16725920140743256
150656,0.002246828516945243
150672,0.002431754255667329
150688,0.0010212655179202557
150704,0.0013406421057879925
150720,0.008177576586604118
150736,0.013431343249976635
150752,0.0019141616066917777
150768,0.010622519999742508
150784,0.005251098889857531
150800,0.009739363566040993
150816,0.0007952280575409532
150832,0.0003223699168302119
150848,0.002601994900032878
150864,0.0008176053524948657
150880,0.026708735153079033
150896,0.0029412489384412766
150912,0.003990253899246454
150928,0.0025925335939973593
150944,0.0010965040419250727
150960,0.01253807544708252
150976,0.0017571368953213096
150992,0.01279116328805685
151008,0.008186648599803448
151024,0.0005963413277640939
151040,0.0009829255286604166
151056,0.0007298039272427559
151072,0.000773733772803098
151088,0.0013802596367895603
151104,0.0007196501246653497
151120,0.0010210748296231031
151136,0.0032103508710861206
151152,0.008723512291908264
151168,0.000983516569249332
151184,0.002509108744561672
151200,0.10942751169204712
151216,0.0016812927788123488
151232,0.0007641064003109932
151248,0.000428842002293095
151264,0.0006291608442552388
151280,0.0005814567557536066
151296,0.00026773064746521413
151312,0.00039341687806881964
151328,0.097336046397686
151344,0.010532263666391373
151360,0.0017523134592920542
151376,0.0021750007290393114
151392,0.0009887763299047947
151408,0.00130940112285316
151424,0.0011368247214704752
151440,0.0006672005401924253
151456,0.0013044994557276368
151472,0.0010675801895558834
151488,0.0004018840554635972
151504,0.00119863694999367
151520,0.00043799402192234993
151536,0.00026722182519733906
151552,0.001199621707201004
151568,0.0018760516541078687
151584,0.003566838102415204
151600,0.0006124034407548606
151616,0.07613209635019302
151632,0.003091932972893119
151648,0.00015493322280235589
151664,0.0014450106536969543
151680,0.0009336607763543725
151696,0.00020370270067360252
151712,0.00022798350255470723
151728,0.0013001675251871347
151744,0.0013357159914448857
151760,0.0006474131951108575
151776,0.001155379693955183
151792,0.0003291574539616704
151808,0.001465817098505795
151824,0.0005190459778532386
151840,0.00031401263549923897
151856,0.0006076781428419054
151872,0.0029615401290357113
151888,0.0016289644408971071
151904,0.0005222024628892541
151920,0.0006264524417929351
151936,0.0003158277540933341
151952,0.0005882842233404517
151968,0.0003580025804694742
151984,0.0011426645796746016
152000,0.0012932257959619164
152016,0.07196729630231857
152032,0.0011816744226962328
152048,0.004388233181089163
152064,0.00019631898612715304
152080,0.00019152439199388027
152096,0.0005781620857305825
152112,0.00012504184269346297
152128,0.0005298287142068148
152144,0.004937308374792337
152160,0.018115520477294922
152176,0.0011878175428137183
152192,0.00026697880821302533
152208,0.0018535209819674492
152224,0.007383771240711212
152240,0.0019470055121928453
152256,0.001676384941674769
152272,0.0006349445320665836
152288,0.013890370726585388
152304,0.0006116940057836473
152320,0.00031440629390999675
152336,0.0005705507937818766
152352,0.04645533859729767
152368,0.0028676025103777647
152384,0.0003741821856237948
152400,0.001243981416337192
152416,0.0005251786205917597
152432,0.001701289787888527
152448,0.0005064449505880475
152464,0.0002628779911901802
152480,0.0021484035532921553
152496,0.002540073124691844
152512,0.0003208015696145594
152528,0.0006203843513503671
152544,0.01077394001185894
152560,0.0008377030026167631
152576,0.0006612024735659361
152592,0.04731147736310959
152608,0.0004136737552471459
152624,0.001050361548550427
152640,0.0003145111259073019
152656,0.0003916708519682288
152672,0.0018954804399982095
152688,0.0002024749992415309
152704,0.0015940351877361536
152720,0.0009047676576301455
152736,0.008131769485771656
152752,0.0007448695250786841
152768,0.0006875511026009917
152784,0.00035974837373942137
152800,0.0007275515818037093
152816,0.003735444275662303
152832,0.01701560616493225
152848,0.000580999010708183
152864,0.0007838938618078828
152880,0.0005938925896771252
152896,0.00060027971630916
152912,0.0017891990719363093
152928,0.0033714782912284136
152944,0.0004969994770362973
152960,0.0004823790513910353
152976,0.0024079461582005024
152992,0.010180512443184853
153008,0.00024196563754230738
153024,0.000587938935495913
153040,0.0006085820496082306
153056,0.0006361686391755939
153072,0.014787649735808372
153088,0.017924750223755836
153104,0.0022632756736129522
153120,0.0007498289924114943
153136,0.0005380327347666025
153152,0.0005444101989269257
153168,0.0011072292691096663
153184,0.0012278404319658875
153200,0.026940826326608658
153216,0.006205250509083271
153232,0.041959237307310104
153248,0.0019063561921939254
153264,0.004384884610772133
153280,0.001035347580909729
153296,0.001250992063432932
153312,0.00308655365370214
153328,0.0002928097965195775
153344,0.0015489468351006508
153360,0.0004408647946547717
153376,0.001137471292167902
153392,0.0028059445321559906
153408,0.0014489982277154922
153424,0.0008798997150734067
153440,0.04652857407927513
153456,0.002932967385277152
153472,0.12710243463516235
153488,0.0039497013203799725
153504,0.0008762044599279761
153520,0.0006143347127363086
153536,0.014721297658979893
153552,0.0005328005063347518
153568,0.0003014419344253838
153584,0.0008857430657371879
153600,0.0012988500529900193
153616,0.004058061167597771
153632,0.00039706085226498544
153648,0.00028363041928969324
153664,0.0015052047092467546
153680,0.029030393809080124
153696,0.0007989629521034658
153712,0.0007137728971429169
153728,0.0019080659840255976
153744,0.0007265061140060425
153760,0.0019043399952352047
153776,0.0008566284668631852
153792,0.021368438377976418
153808,0.041714515537023544
153824,0.00306041375733912
153840,0.0014314183499664068
153856,0.0007314729155041277
153872,0.0026806744281202555
153888,0.0016868512611836195
153904,0.0004900406347587705
153920,0.00236493069678545
153936,0.004736706614494324
153952,0.003473440418019891
153968,0.04405810311436653
153984,0.0007894087466411293
154000,0.00039492163341492414
154016,0.00038438098272308707
154032,0.0067857401445508
154048,0.002477045636624098
154064,0.0009904439793899655
154080,0.0007827107328921556
154096,0.0008504735305905342
154112,0.009330984205007553
154128,0.0046696737408638
154144,0.0005135179962962866
154160,0.0007644107099622488
154176,0.004725093021988869
154192,0.0012442970182746649
154208,0.001682215603068471
154224,0.0006499183364212513
154240,0.0006839281413704157
154256,0.0012495974078774452
154272,0.0019746175967156887
154288,0.022122278809547424
154304,0.03243514522910118
154320,0.002264212118461728
154336,0.0005745792295783758
154352,0.006808089092373848
154368,0.0010680408449843526
154384,0.1714421659708023
154400,0.00019838762818835676
154416,0.0003933429252356291
154432,0.0037008540239185095
154448,0.0015539268497377634
154464,0.004940410610288382
154480,0.04925044998526573
154496,0.15084697306156158
154512,0.005581848323345184
154528,0.0014118105173110962
154544,0.00047577940858900547
154560,0.003758865874260664
154576,0.002005966380238533
154592,0.0005615903646685183
154608,0.0012247221311554313
154624,0.0009491489036008716
154640,0.0010589883895590901
154656,0.0004596018698066473
154672,0.0006477563292719424
154688,0.0015367413870990276
154704,0.0007193987839855254
154720,0.0029616914689540863
154736,0.017621686682105064
154752,0.004156763665378094
154768,0.001377337146550417
154784,0.0007252326468005776
154800,0.0006609690608456731
154816,0.001209125854074955
154832,0.000950843037571758
154848,0.004910778719931841
154864,0.002490812446922064
154880,0.006464043632149696
154896,0.0008880535024218261
154912,0.0009399440023116767
154928,0.002613812917843461
154944,0.0159952100366354
154960,0.012965568341314793
154976,0.0005678976303897798
154992,0.005274496506899595
155008,0.00032569083850830793
155024,0.08288146555423737
155040,0.0002364026295254007
155056,0.03046870417892933
155072,0.0064566852524876595
155088,0.006374116986989975
155104,0.004018915351480246
155120,0.0928250327706337
155136,0.003974120132625103
155152,0.011936668306589127
155168,0.0012974089477211237
155184,0.0006445531616918743
155200,0.00015546611393801868
155216,0.00036889963666908443
155232,0.00039607530925422907
155248,0.002478529466316104
155264,0.0061510223895311356
155280,0.003794959746301174
155296,0.0026815105229616165
155312,0.0021429776679724455
155328,0.0049528321251273155
155344,0.0005977360997349024
155360,0.0003790523041971028
155376,0.11756440997123718
155392,0.00015562264889013022
155408,0.002090532798320055
155424,0.016453338786959648
155440,0.00041401630733162165
155456,0.0010589569574221969
155472,0.017196059226989746
155488,0.0012525353813543916
155504,0.000663521233946085
155520,0.001132408739067614
155536,0.018664835020899773
155552,0.0010791087988764048
155568,0.0006369254551827908
155584,0.0020514563657343388
155600,0.00047755881678313017
155616,0.17252321541309357
155632,0.005785446614027023
155648,0.0009813241194933653
155664,0.00043285131687298417
155680,0.002781918505206704
155696,0.1432872861623764
155712,0.001011517713777721
155728,0.0016101151704788208
155744,0.0015435784589499235
155760,0.0007413659477606416
155776,0.0018193501746281981
155792,0.0008890307508409023
155808,0.0029506017453968525
155824,0.0008900178945623338
155840,0.0019879196770489216
155856,0.003334468463435769
155872,0.0004551821621134877
155888,0.016761530190706253
155904,0.004937616176903248
155920,0.0005501245032064617
155936,0.0010813064873218536
155952,0.0010459942277520895
155968,0.0009912591194733977
155984,0.0009950792882591486
156000,0.0070784916169941425
156016,0.001543222344480455
156032,0.0009241426596418023
156048,0.0035257870331406593
156064,0.0012208919506520033
156080,0.08033429086208344
156096,0.004565561655908823
156112,0.0008089664625003934
156128,0.013993298634886742
156144,0.040938183665275574
156160,0.0011507222661748528
156176,0.02705305814743042
156192,0.1291605681180954
156208,0.0025409450754523277
156224,0.0010623210109770298
156240,0.0010466082021594048
156256,0.0025483593344688416
156272,0.00021335648489184678
156288,0.0027161436155438423
156304,0.032506201416254044
156320,0.0017789816483855247
156336,0.0004513526801019907
156352,0.00014942800044082105
156368,0.0006373855867423117
156384,0.0387483574450016
156400,0.00016868978855200112
156416,0.0009031527442857623
156432,0.000249826000072062
156448,0.009153975173830986
156464,0.0025589424185454845
156480,0.0015602267812937498
156496,0.0012031721416860819
156512,0.0033170594833791256
156528,0.0004805155622307211
156544,0.00015818857355043292
156560,0.0008973414660431445
156576,0.0005517570534721017
156592,0.0032276175916194916
156608,0.0058109150268137455
156624,0.0003858549171127379
156640,0.009335864335298538
156656,0.0006592189311049879
156672,0.020542800426483154
156688,0.0011924850987270474
156704,0.0005632837419398129
156720,0.0007028963882476091
156736,0.00023145931481849402
156752,0.021838899701833725
156768,0.005659093149006367
156784,0.007900556549429893
156800,0.000522741349413991
156816,0.024469750002026558
156832,0.004326872993260622
156848,0.006177061703056097
156864,0.004249356221407652
156880,0.004828981589525938
156896,0.041529249399900436
156912,0.0006918866420164704
156928,0.03717174381017685
156944,0.0007239370606839657
156960,0.0008071053307503462
156976,0.004061437677592039
156992,0.0019962196238338947
157008,0.0006224851822480559
157024,0.0007576972711831331
157040,0.00105691934004426
157056,0.000466706114821136
157072,0.0013249667827039957
157088,0.0010783355683088303
157104,0.001369794481433928
157120,0.0009426770266145468
157136,0.012917640618979931
157152,0.00019181289826519787
157168,0.0019152389140799642
157184,0.00039345366531051695
157200,0.002735791727900505
157216,0.04572945460677147
157232,0.0015828852774575353
157248,0.0009580794721841812
157264,0.00043100290349684656
157280,0.002275248058140278
157296,0.0004242032300680876
157312,0.0003115985309705138
157328,0.00383208435960114
157344,0.0008610700024291873
157360,0.0004005266819149256
157376,0.0002127234183717519
157392,0.0006321183172985911
157408,0.004899484105408192
157424,0.0008724878425709903
157440,0.002315567107871175
157456,0.003540834877640009
157472,0.0007287627668119967
157488,0.0011183288879692554
157504,0.0009234831086359918
157520,0.0006687105633318424
157536,0.0009001237340271473
157552,0.007009733468294144
157568,0.0003590061969589442
157584,0.00025156320771202445
157600,0.0018604560755193233
157616,0.00158320099581033
157632,0.000372067850548774
157648,0.002871809294447303
157664,0.0026785521768033504
157680,0.0004725903272628784
157696,0.0009668089915066957
157712,0.0005358739290386438
157728,0.048460885882377625
157744,0.000506621552631259
157760,0.0002042454289039597
157776,0.0016809296794235706
157792,0.0011390154249966145
157808,0.0008079616818577051
157824,0.001023220014758408
157840,0.0008903528796508908
157856,0.0013053244911134243
157872,0.0008535406668670475
157888,0.0022204634733498096
157904,0.0005034685600548983
157920,0.0003000399156007916
157936,0.0016213402850553393
157952,0.0005595001857727766
157968,0.0027718939818441868
157984,0.0016841221367940307
158000,0.09027592092752457
158016,0.0005142204463481903
158032,0.0008251590188592672
158048,0.0005985627649351954
158064,0.00036692889989353716
158080,0.0026611830107867718
158096,0.002744171768426895
158112,0.0015949639491736889
158128,0.003704278264194727
158144,0.0009300356032326818
158160,0.0022012910339981318
158176,0.0009644534438848495
158192,0.0013502944493666291
158208,0.0010360507294535637
158224,0.0021204748190939426
158240,0.001395317493006587
158256,0.0017233527032658458
158272,0.0010151918977499008
158288,0.0013290708884596825
158304,0.0016700424021109939
158320,0.0036140771117061377
158336,0.004589734133332968
158352,0.01588728465139866
158368,0.0007526730187237263
158384,0.03437066450715065
158400,0.0007537045748904347
158416,0.0010740529978647828
158432,0.0004098902572877705
158448,0.0004811165272258222
158464,0.00036063784500584006
158480,0.0011887253494933248
158496,0.0009414904634468257
158512,0.0019060381455346942
158528,0.000589586328715086
158544,0.0005352242733351886
158560,0.038496773689985275
158576,0.0007605833234265447
158592,0.0024857649113982916
158608,0.0049241711385548115
158624,0.000427570310421288
158640,0.001036938512697816
158656,0.0010954290628433228
158672,0.004005358088761568
158688,0.0012002557050436735
158704,0.011942831799387932
158720,0.008339505642652512
158736,0.0028080102056264877
158752,0.002505847252905369
158768,0.00047883405932225287
158784,0.0015239337226375937
158800,0.0007888702675700188
158816,0.0011844970285892487
158832,0.00422648573294282
158848,0.0013051058631390333
158864,0.0003511816030368209
158880,0.00027221336495131254
158896,0.004258187022060156
158912,0.017062010243535042
158928,0.0024898452684283257
158944,0.001068404410034418
158960,0.010422104969620705
158976,0.003979057539254427
158992,0.0016131598968058825
159008,0.00017218803986907005
159024,0.0005453386111184955
159040,0.012524887919425964
159056,0.005521668586879969
159072,0.0021504166070371866
159088,0.006503739859908819
159104,0.0006956752622500062
159120,0.0005622179014608264
159136,0.0007138376822695136
159152,0.019594792276620865
159168,0.0005022314144298434
159184,0.0004785342898685485
159200,0.0004527380224317312
159216,0.0008698554593138397
159232,0.00034220999805256724
159248,0.004969344940036535
159264,0.16012226045131683
159280,0.0023064480628818274
159296,0.009596629068255424
159312,0.0010314106475561857
159328,0.0011768724070861936
159344,0.06780972331762314
159360,0.0008872660109773278
159376,0.0036406121216714382
159392,0.0005755950696766376
159408,0.06227569654583931
159424,0.0010707800975069404
159440,0.0009568779496476054
159456,0.00048000842798501253
159472,0.039448145776987076
159488,0.001228222856298089
159504,0.0006702819373458624
159520,0.0011228189105167985
159536,0.00012050980149069801
159552,0.00046435516560450196
159568,0.0001871079148259014
159584,0.0023020789958536625
159600,0.004258021712303162
159616,0.004361128434538841
159632,0.00013797383871860802
159648,0.0006301936227828264
159664,0.005413977894932032
159680,0.07826822251081467
159696,0.002417729701846838
159712,0.0021032611839473248
159728,0.0005539811681956053
159744,0.0006670579314231873
159760,0.0027526014018803835
159776,0.0014772522263228893
159792,0.0004804145428352058
159808,0.01043803058564663
159824,0.006902298890054226
159840,0.0013831044780090451
159856,0.008539852686226368
159872,0.0009656953043304384
159888,0.0040627215057611465
159904,0.0006822552531957626
159920,0.0004305343027226627
159936,0.001077938242815435
159952,0.0002657535078469664
159968,0.0027861776761710644
159984,0.008738447912037373
160000,0.0005992600345052779
160016,0.0007415335276164114
160032,0.003372932318598032
160048,0.0008349853451363742
160064,0.0008272423292510211
160080,0.0015922505408525467
160096,0.00047414438449777663
160112,0.0020123994909226894
160128,0.0011412906460464
160144,0.0038496823981404305
160160,0.0010116089833900332
160176,0.0011226857313886285
160192,0.001238230848684907
160208,0.0009762276895344257
160224,0.0028537195175886154
160240,0.005889898631721735
160256,0.0007070708088576794
160272,0.02392815425992012
160288,0.0016421920154243708
160304,0.0004625490983016789
160320,0.01732180267572403
160336,0.00031975965248420835
160352,0.0010101731168106198
160368,0.0008706047665327787
160384,0.003777330042794347
160400,0.001193271717056632
160416,0.0026858316268771887
160432,0.0006799587281420827
160448,0.0015617324970662594
160464,0.0005335193127393723
160480,0.014373990707099438
160496,0.0005418008659034967
160512,0.04987484961748123
160528,0.0011211889795958996
160544,0.0001345831115031615
160560,0.00023512495681643486
160576,0.0004292182275094092
160592,0.00034213386243209243
160608,0.0008980469428934157
160624,0.02648170478641987
160640,0.00638807425275445
160656,0.0011615430703386664
160672,0.0002923690772149712
160688,0.00046457801363430917
160704,0.0567108690738678
160720,0.020904961973428726
160736,0.0019523398950695992
160752,0.03377089649438858
160768,0.018065016716718674
160784,0.0003581701894290745
160800,0.00014221807941794395
160816,0.0008179632714018226
160832,0.00041624667937867343
160848,0.001834247843362391
160864,0.0002362531959079206
160880,0.00011660550808301196
160896,0.0015869262861087918
160912,0.0018068207427859306
160928,0.0005314766312949359
160944,0.0005111853824928403
160960,0.0009401419665664434
160976,0.001565677346661687
160992,0.0003137392923235893
161008,0.14435051381587982
161024,0.08820339292287827
161040,0.007508154027163982
161056,0.0028497891034930944
161072,0.0162175465375185
161088,0.00046906969510018826
161104,0.00034387101186439395
161120,0.013497347012162209
161136,0.0007316103437915444
161152,0.0442110076546669
161168,0.0005956995883025229
161184,0.0005396282649599016
161200,0.0016921033384278417
161216,0.0005020284443162382
161232,0.003006923710927367
161248,0.09915299713611603
161264,0.004029190633445978
161280,0.00363143184222281
161296,0.0018551612738519907
161312,0.0024636846501380205
161328,0.006345095578581095
161344,0.013694285415112972
161360,0.00040413523674942553
161376,0.005082596559077501
161392,0.01058066077530384
161408,0.005728894378989935
161424,0.002443173434585333
161440,0.0007085371762514114
161456,0.008556478656828403
161472,0.00038606984890066087
161488,0.005842994898557663
161504,0.0007736162515357137
161520,0.0008113032672554255
161536,0.0004365075728856027
161552,0.0005158468266017735
161568,0.0005326937534846365
161584,0.009591810405254364
161600,0.0004946672124788165
161616,0.00025090627605095506
161632,0.000597940874285996
161648,0.002315819263458252
161664,0.0035944373812526464
161680,0.0003348046448081732
161696,0.0007389378733932972
161712,0.0006000882713124156
161728,0.00031829753424972296
161744,0.0012768011074513197
161760,0.004091564565896988
161776,0.00029961857944726944
161792,0.002139855409041047
161808,0.0006110240938141942
161824,0.006707862485200167
161840,0.0011510284384712577
161856,0.020227938890457153
161872,0.003983261529356241
161888,0.00047033699229359627
161904,0.010933277197182178
161920,0.00034335997770540416
161936,0.0029720128513872623
161952,0.0002969058696180582
161968,0.0005903836572542787
161984,0.0066595361568033695
162000,0.000501263071782887
162016,0.0017231358215212822
162032,0.0023277082946151495
162048,0.001367380260489881
162064,0.0009331364999525249
162080,0.0025900567416101694
162096,0.0007723434246145189
162112,0.0012318426743149757
162128,0.0015118687879294157
162144,0.001580270822159946
162160,0.0003103302442468703
162176,0.0004576706269290298
162192,0.0011455416679382324
162208,0.0006575974402949214
162224,0.0016907094977796078
162240,0.0011482348199933767
162256,0.0014395482139661908
162272,0.0006644672830589116
162288,0.00033930514473468065
162304,0.004118605982512236
162320,0.0005339343333616853
162336,0.012554075568914413
162352,0.004438249859958887
162368,0.00031911913538351655
162384,0.007972604595124722
162400,0.002282317727804184
162416,0.012066668830811977
162432,0.0006833651568740606
162448,0.00024857689277268946
162464,0.0023094741627573967
162480,0.0008815161418169737
162496,0.043414514511823654
162512,0.0005275214789435267
162528,0.006637769751250744
162544,0.0005059778341092169
162560,0.0005802176892757416
162576,0.12701661884784698
162592,0.0077033438719809055
162608,0.00047322307364083827
162624,0.00040117494063451886
162640,0.00016431743279099464
162656,0.0008475743234157562
162672,0.0014837371418252587
162688,0.002209629165008664
162704,0.0019486031960695982
162720,0.00042530495557002723
162736,0.0003926265053451061
162752,0.0004084121319465339
162768,0.0010386345675215125
162784,0.004077964462339878
162800,0.0007394922431558371
162816,0.13675273954868317
162832,0.0014566491590812802
162848,0.0003810058697126806
162864,0.00035329232923686504
162880,0.00489718746393919
162896,0.0003565915103536099
162912,0.004997216165065765
162928,0.0002812467864714563
162944,0.0014504899736493826
162960,0.002193401800468564
162976,0.0012272184249013662
162992,0.00034368812339380383
163008,0.0019558866042643785
163024,0.04219864308834076
163040,0.008475915528833866
163056,0.00249857222661376
163072,0.0026297306176275015
163088,0.002372216898947954
163104,0.012236706912517548
163120,0.0008388504502363503
163136,0.00198484119027853
163152,0.0058691478334367275
163168,0.011571444571018219
163184,0.000709478568751365
163200,0.011834471486508846
163216,0.0008455571369268
163232,0.005792749114334583
163248,0.0014459426747635007
163264,0.015933558344841003
163280,0.09145549684762955
163296,0.0005749556003138423
163312,0.0002988163032568991
163328,0.009941836819052696
163344,0.018948828801512718
163360,0.001183624379336834
163376,0.0005346230464056134
163392,0.0002739453047979623
163408,0.0013558630598708987
163424,0.0005517818499356508
163440,0.0023847760166972876
163456,0.0008547749603167176
163472,0.0003095860593020916
163488,0.13388043642044067
163504,0.00040027505019679666
163520,0.011163265444338322
163536,0.000333438569214195
163552,0.0007441308116540313
163568,0.0016449593240395188
163584,0.0016420851461589336
163600,0.00045452683116309345
163616,0.01578892208635807
163632,0.0020278049632906914
163648,0.0006147166131995618
163664,0.0006508456426672637
163680,0.002318890765309334
163696,0.0006091693649068475
163712,0.0007778576109558344
163728,0.0013948364648967981
163744,0.0010362337343394756
163760,0.0020257667638361454
163776,0.004822531249374151
163792,0.0004832196864299476
163808,0.005509847309440374
163824,0.003460054285824299
163840,0.0007772047538310289
163856,0.0009027326013892889
163872,0.002301518339663744
163888,0.00045819321530871093
163904,0.0003894967376254499
163920,0.0010152424219995737
163936,0.0005068797618150711
163952,0.0009482800378464162
163968,0.000904566259123385
163984,0.0007477000472135842
164000,0.0099779749289155
164016,0.004134188871830702
164032,0.0009108932572416961
164048,0.0006740798708051443
164064,0.0009629179257899523
164080,0.001032392494380474
164096,0.000589140341617167
164112,0.011961032636463642
164128,0.0009130267426371574
164144,0.003531252732500434
164160,0.0028815213590860367
164176,0.0004385156789794564
164192,0.0005310919368639588
164208,0.0021438708063215017
164224,0.0002562386216595769
164240,0.0002449306193739176
164256,0.0002524603041820228
164272,0.00011135813110740855
164288,0.07118011265993118
164304,0.005445666145533323
164320,0.0015554320998489857
164336,0.0020544028375297785
164352,0.001123894820921123
164368,0.0020285965874791145
164384,0.0018259413773193955
164400,0.07329677045345306
164416,0.0009415617096237838
164432,0.10584153980016708
164448,0.0022022780030965805
164464,0.0038294901605695486
164480,0.002149837324395776
164496,0.000518391840159893
164512,0.002431129803881049
164528,0.0011480787070468068
164544,0.0012344951974228024
164560,0.0005563984741456807
164576,0.0003849093336611986
164592,0.0017159703420475125
164608,0.0007177914376370609
164624,0.002328244736418128
164640,0.0008969844202511013
164656,0.0027815939392894506
164672,0.0015306681161746383
164688,0.00043358051334507763
164704,0.0002742995275184512
164720,0.0004890502896159887
164736,0.001997205661609769
164752,0.0006753239431418478
164768,0.00047019447083584964
164784,0.0009070402011275291
164800,0.0031520924530923367
164816,0.00019784375035669655
164832,0.0006643387605436146
164848,0.00021809394820593297
164864,0.001328690443187952
164880,0.0016436222940683365
164896,0.0005099789123050869
164912,0.0003333207860123366
164928,0.0009132201666943729
164944,0.00042512218351475894
164960,0.0014623245224356651
164976,0.00447263615205884
164992,0.000394995731767267
165008,0.0010835574939846992
165024,0.0011637761490419507
165040,0.00020721367036458105
165056,0.00022364458709489554
165072,0.00144849787466228
165088,0.0039131310768425465
165104,0.0002709812833927572
165120,0.000333271425915882
165136,0.003331162966787815
165152,0.0009122982737608254
165168,0.0026701870374381542
165184,0.0014579843264073133
165200,0.0030824162531644106
165216,0.00044060690561309457
165232,0.0004735957772936672
165248,0.0038061393424868584
165264,0.000760006601922214
165280,0.003272276371717453
165296,0.001768271904438734
165312,0.001285836100578308
165328,0.0004621167609002441
165344,0.0003205936518497765
165360,0.0014543256256729364
165376,0.0013664262369275093
165392,0.00031319804838858545
165408,0.0013489937409758568
165424,0.005933765321969986
165440,0.0016605015844106674
165456,0.0005928659811615944
165472,0.00027428989415057003
165488,0.0002614723052829504
165504,0.06525228917598724
165520,0.0020395799074321985
165536,0.00236861826851964
165552,0.0005948682664893568
165568,0.0045657893642783165
165584,0.003448973409831524
165600,0.0014331387355923653
165616,0.14108580350875854
165632,0.0004637321108020842
165648,0.001085406169295311
165664,0.004808634053915739
165680,0.026598436757922173
165696,0.0623139813542366
165712,0.003148724790662527
165728,0.0010091130388900638
165744,0.0028851390816271305
165760,0.0007263035513460636
165776,0.005273654591292143
165792,0.0006078829756006598
165808,0.0006513806292787194
165824,0.014676235616207123
165840,0.0009847065666690469
165856,0.0008542875875718892
165872,0.01015469804406166
165888,0.060725681483745575
165904,0.0017106973100453615
165920,0.0068771494552493095
165936,0.0037859929725527763
165952,0.012149806134402752
165968,0.0033634696155786514
165984,0.0019937998149544
166000,0.00172701186966151
166016,0.023511145263910294
166032,0.0011635920964181423
166048,0.002884934889152646
166064,0.002603649627417326
166080,0.0029976859223097563
166096,0.0007528592832386494
166112,0.00023612611403223127
166128,0.0009209027048200369
166144,0.001699601300060749
166160,0.00022471147531177849
166176,0.0005010117893107235
166192,0.03319018334150314
166208,0.0006378095131367445
166224,0.0005242927582003176
166240,0.03445659205317497
166256,0.016355004161596298
166272,0.0012564046774059534
166288,0.006063868757337332
166304,0.00024147586373146623
166320,0.002516333479434252
166336,0.0004779407463502139
166352,0.0007083218661136925
166368,0.0008067700546234846
166384,0.0017370118293911219
166400,0.0023949192836880684
166416,0.0014270604588091373
166432,0.00139608106110245
166448,0.0020425026305019855
166464,0.004313941113650799
166480,0.0002680917677935213
166496,0.0006689447327516973
166512,0.0018754051998257637
166528,0.000754678389057517
166544,0.0033700293861329556
166560,0.0010168422013521194
166576,0.001245313324034214
166592,0.002997268922626972
166608,0.0008855457417666912
166624,0.0008256227010861039
166640,0.0006373024079948664
166656,0.008439576253294945
166672,0.011042075231671333
166688,0.00035611033672466874
166704,0.0007568011060357094
166720,0.0008856872445903718
166736,0.00132450507953763
166752,0.0006721588433720171
166768,0.0004445345839485526
166784,0.0022676391527056694
166800,0.0007691604550927877
166816,0.0014157422119751573
166832,0.06664401292800903
166848,0.0004700021236203611
166864,0.0005161788430996239
166880,0.001960975583642721
166896,0.001094347913749516
166912,0.0020073873456567526
166928,0.13885419070720673
166944,0.00023561273701488972
166960,0.0016301909927278757
166976,0.09549327194690704
166992,0.00047556363278999925
167008,0.00025749020278453827
167024,0.0008262980845756829
167040,0.0063581569120287895
167056,0.0004082147206645459
167072,0.002466954290866852
167088,0.0002912832424044609
167104,0.0034580472856760025
167120,9.029192005982623e-05
167136,0.0004896920290775597
167152,0.002606398891657591
167168,0.0013555230107158422
167184,0.0009675942710600793
167200,0.0002432898327242583
167216,0.0004430231638252735
167232,0.0025001007597893476
167248,0.00033558765426278114
167264,0.0016948147676885128
167280,0.007977187633514404
167296,0.0018900400027632713
167312,0.002573883393779397
167328,0.006209664512425661
167344,0.00025727361207827926
167360,0.0028783688321709633
167376,0.0009319068631157279
167392,0.00026468944270163774
167408,0.0017965190345421433
167424,0.0006912936805747449
167440,0.01272599957883358
167456,0.0028657312504947186
167472,0.15536341071128845
167488,0.00043735967483371496
167504,0.000515156367328018
167520,0.0038135617505759
167536,0.0005024436395615339
167552,0.001363184186629951
167568,0.0005242814077064395
167584,0.0010558958165347576
167600,0.0008471258915960789
167616,0.0011164243333041668
167632,0.0033176715951412916
167648,0.0018387209856882691
167664,0.029512500390410423
167680,0.0012828554026782513
167696,0.0003639025962911546
167712,0.00019972454174421728
167728,0.0006503824843093753
167744,0.0013229441829025745
167760,0.000978260301053524
167776,0.00023778461036272347
167792,0.0007191004115156829
167808,0.00041606673039495945
167824,0.0006516894209198654
167840,0.0010884220246225595
167856,0.0009888872737064958
167872,0.0012263561366125941
167888,0.0014358395710587502
167904,0.0010101126972585917
167920,0.0029438468627631664
167936,0.043546367436647415
167952,0.0006324617424979806
167968,0.0002849155862350017
167984,0.011558134108781815
168000,0.019734695553779602
168016,0.00033066279138438404
168032,0.052535656839609146
168048,0.0007437160820700228
168064,0.00029239559080451727
168080,0.006754694506525993
168096,0.050075095146894455
168112,0.0038074494805186987
168128,0.013867453671991825
168144,0.012245495803654194
168160,0.0010258113034069538
168176,0.000886474153958261
168192,0.0019035227596759796
168208,0.0005710040568374097
168224,0.017009632661938667
168240,0.00015584299399051815
168256,0.0002774986787699163
168272,0.0009845177410170436
168288,0.06490136682987213
168304,0.0002012122713495046
168320,0.0009697637869976461
168336,0.016789941117167473
168352,0.0033667520619928837
168368,0.0027653826400637627
168384,0.0003751927870325744
168400,0.0011651123641058803
168416,0.004031389486044645
168432,0.011226794682443142
168448,0.0005312382127158344
168464,0.0008617928251624107
168480,0.0014017731882631779
168496,0.001928994432091713
168512,0.0010837921872735023
168528,0.0005570116336457431
168544,0.00034975013113580644
168560,0.00057735585141927
168576,0.002024037064984441
168592,0.008906638249754906
168608,0.0009859193814918399
168624,0.0032950458116829395
168640,0.0002969668130390346
168656,0.00032179884146898985
168672,0.0008391064475290477
168688,0.0002695735893212259
168704,0.002520203124731779
168720,0.0031474134884774685
168736,0.0007262078579515219
168752,0.0014623708557337523
168768,0.0006848813500255346
168784,0.0008990590577013791
168800,0.0004166365833953023
168816,0.0002454030327498913
168832,0.0026450781151652336
168848,0.00023043795954436064
168864,0.003654985688626766
168880,0.0206201933324337
168896,0.14882656931877136
168912,0.0024690015707165003
168928,0.0020544209983199835
168944,0.01448039524257183
168960,0.0036126987542957067
168976,0.005935001652687788
168992,0.003540769452229142
169008,0.0007983152754604816
169024,0.0006996156880632043
169040,0.000122194760479033
169056,0.004012478049844503
169072,0.0008678423473611474
169088,0.0011496347142383456
169104,0.0026943557895720005
169120,0.0006572727579623461
169136,0.00032786521478556097
169152,0.0003542109625414014
169168,0.002134691458195448
169184,0.00040234613697975874
169200,0.13630834221839905
169216,0.0022968424018472433
169232,0.0009831530041992664
169248,0.0012046066112816334
169264,0.05250701308250427
169280,0.002561606001108885
169296,0.0006723693804815412
169312,0.0012360725086182356
169328,0.0020283134654164314
169344,0.0006810494232922792
169360,0.0019488937687128782
169376,0.0014666004572063684
169392,0.0016516136238351464
169408,0.0629454180598259
169424,0.0009725708514451981
169440,0.0012244870886206627
169456,0.001570369815453887
169472,0.004842182621359825
169488,0.0017746271332725883
169504,0.00013933924492448568
169520,0.0015049595385789871
169536,0.010820536874234676
169552,0.0016431689728051424
169568,0.0004299875581637025
169584,0.006316248793154955
169600,0.0012621667701750994
169616,0.005335652269423008
169632,0.0025962875224649906
169648,0.0003923317708540708
169664,0.005574554670602083
169680,0.0058218673802912235
169696,0.018358714878559113
169712,0.004342952277511358
169728,0.0008846141863614321
169744,0.008760815486311913
169760,0.0017377142794430256
169776,0.001290645101107657
169792,0.012033302336931229
169808,0.0005841471720486879
169824,0.0008003186667338014
169840,0.00041448569390922785
169856,0.0035017086192965508
169872,0.00024259125348180532
169888,0.0033754934556782246
169904,0.0145903080701828
169920,0.01082847360521555
169936,0.010449983179569244
169952,0.0008122642175294459
169968,0.0008084949804469943
169984,0.0031557807233184576
170000,0.01294868253171444
170016,0.0018940354930236936
170032,0.004105080850422382
170048,0.008245417848229408
170064,0.0011076070368289948
170080,0.00034039223100990057
170096,0.0009971867548301816
170112,0.001767357811331749
170128,0.005867811385542154
170144,0.0021846003364771605
170160,0.004074765369296074
170176,0.007276178803294897
170192,0.0011700447648763657
170208,0.00048089452320709825
170224,0.0017868628492578864
170240,0.000787269847933203
170256,0.001500156708061695
170272,0.0005510405171662569
170288,0.0011463810224086046
170304,0.000778257439378649
170320,0.0011779973283410072
170336,0.000655609997920692
170352,0.0006749917520210147
170368,0.000737615511752665
170384,0.0007271450012922287
170400,0.002638906007632613
170416,0.0015249412972480059
170432,0.0010682273423299193
170448,0.0012247447157278657
170464,0.020756278187036514
170480,0.0004571008321363479
170496,0.006770630832761526
170512,0.005554494448006153
170528,0.00032716779969632626
170544,0.0003072682302445173
170560,0.0007714430103078485
170576,0.01246901135891676
170592,0.0009756487561389804
170608,0.0002036939113168046
170624,0.00830195751041174
170640,0.0001897272013593465
170656,0.002291652373969555
170672,0.0002451156615279615
170688,0.0008292646962217987
170704,0.0035479406360536814
170720,0.00487334281206131
170736,0.0005628977669402957
170752,0.038606662303209305
170768,0.012045719660818577
170784,0.0041511342860758305
170800,0.0007102611125446856
170816,0.0009712698520161211
170832,0.00026865731342695653
170848,0.000314217119012028
170864,0.0014571852516382933
170880,0.0005923262215219438
170896,0.0013432793784886599
170912,0.00397335272282362
170928,0.0005408917204476893
170944,0.0011984204174950719
170960,0.0007946316618472338
170976,0.0005828487919643521
170992,0.0006730928434990346
171008,0.014618146233260632
171024,0.004119190387427807
171040,0.0008138484554365277
171056,0.0004557023639790714
171072,0.00040478608570992947
171088,0.0005094673251733184
171104,0.00048780982615426183
171120,0.000339406484272331
171136,0.0005044302670285106
171152,0.0013976257760077715
171168,0.00628340058028698
171184,0.0005852165049873292
171200,0.0010583786061033607
171216,0.00031584867974743247
171232,0.008677048608660698
171248,0.003334631212055683
171264,0.00089699134696275
171280,0.0007110483711585402
171296,0.0005082836141809821
171312,0.001499264850281179
171328,0.0006522994954138994
171344,0.0019274948863312602
171360,0.005769527982920408
171376,0.0005895469803363085
171392,0.0010011948179453611
171408,0.000946592481341213
171424,0.00012899033026769757
171440,0.0004674452939070761
171456,0.0018242596415802836
171472,0.0007896727183833718
171488,0.0025779863353818655
171504,0.00035894050961360335
171520,0.00024389251484535635
171536,0.0007943460368551314
171552,0.000266977003775537
171568,0.0004958021454513073
171584,0.00029028509743511677
171600,0.0010314583778381348
171616,0.0015226928517222404
171632,0.000586403242778033
171648,0.0007233377546072006
171664,0.0004616185906343162
171680,0.0007577848737128079
171696,0.0015666247345507145
171712,0.0018678620690479875
171728,0.006514739710837603
171744,0.00040118221659213305
171760,0.0007190050091594458
171776,0.0011659660376608372
171792,0.0003187661641277373
171808,0.027371125295758247
171824,0.0999288260936737
171840,0.008188248611986637
171856,0.0012652146397158504
171872,0.0012852860381826758
171888,0.005053045693784952
171904,0.0009374385117553174
171920,0.00105257926043123
171936,0.000720601063221693
171952,0.0004218871472403407
171968,0.001720077358186245
171984,0.00039027625462040305
172000,0.02652149461209774
172016,0.00041822338243946433
172032,0.0009095838177017868
172048,0.005494758486747742
172064,0.0009110963437706232
172080,0.00036095280665904284
172096,0.017278190702199936
172112,0.0005046159494668245
172128,0.000845890084747225
172144,0.0034285651054233313
172160,0.0009652337757870555
172176,0.002729179570451379
172192,0.00059146509738639
172208,0.001836362760514021
172224,0.0006230492144823074
172240,0.0033997278660535812
172256,0.00066422822419554
172272,0.0004754230030812323
172288,0.0027483936864882708
172304,0.0005005080020055175
172320,0.00046749942703172565
172336,0.0012793095083907247
172352,0.000459387170849368
172368,0.000846194161567837
172384,0.10111052542924881
172400,0.00020330178085714579
172416,0.05172547698020935
172432,0.0007281468133442104
172448,0.003929841797798872
172464,0.026620596647262573
172480,0.021889613941311836
172496,0.0014166582841426134
172512,0.0012932259123772383
172528,0.0003231937880627811
172544,0.002246409421786666
172560,0.001179579528979957
172576,0.00037648927536793053
172592,0.0011049887398257852
172608,0.0003697977517731488
172624,0.0003327673766762018
172640,0.0016506909159943461
172656,0.01438146736472845
172672,0.0027312119491398335
172688,0.0008400781662203372
172704,0.001116601750254631
172720,0.0006296485662460327
172736,0.0007708950433880091
172752,0.0006609682459384203
172768,0.0006416233372874558
172784,0.0004848307289648801
172800,0.01402338594198227
172816,0.00025197784998454154
172832,0.002376347780227661
172848,0.0005970476195216179
172864,0.0004452549328561872
172880,0.0007188637973740697
172896,0.000663141836412251
172912,0.0004222077550366521
172928,0.0008307750686071813
172944,0.014893664978444576
172960,0.003819245845079422
172976,0.023848097771406174
172992,0.08050162345170975
173008,0.0036445490550249815
173024,0.0005070101469755173
173040,0.0009008981287479401
173056,0.0017772279679775238
173072,0.0008806137484498322
173088,0.0007369543891400099
173104,0.006487053353339434
173120,0.0028942858334630728
173136,0.001293766312301159
173152,0.00039183389162644744
173168,0.0007808550726622343
173184,0.0066648307256400585
173200,0.002181632211431861
173216,0.0005706647643819451
173232,0.00601043738424778
173248,0.0037957560271024704
173264,0.00017734277935232967
173280,0.011698742397129536
173296,0.0042409044690430164
173312,0.0004255871754139662
173328,0.0002007492003031075
173344,0.0008220020099543035
173360,0.02371286228299141
173376,0.0005508098984137177
173392,0.0032126428559422493
173408,0.0003416704130358994
173424,0.0002834067272488028
173440,0.0009324003476649523
173456,0.00025351709336973727
173472,0.001441251253709197
173488,0.0013870151014998555
173504,0.00024475250393152237
173520,0.16480593383312225
173536,0.003964664880186319
173552,0.0014705825597047806
173568,0.005869754124432802
173584,0.0006020334549248219
173600,0.030395643785595894
173616,0.0005118576227687299
173632,0.0034848740324378014
173648,0.0012779373209923506
173664,0.0006760618998669088
173680,0.00208582472987473
173696,0.0007896480383351445
173712,0.0007465374656021595
173728,0.0004082445811945945
173744,0.0047150058671832085
173760,0.0006941062165424228
173776,0.00015898499987088144
173792,0.0005759187042713165
173808,0.00027162948390468955
173824,0.0016849726671352983
173840,0.0007108281133696437
173856,0.010592653416097164
173872,0.00023712780966889113
173888,0.002975231735035777
173904,0.00016023567877709866
173920,0.0009532285621389747
173936,0.00023373041767627
173952,0.0025078975595533848
173968,0.0005612937966361642
173984,0.0755193904042244
174000,0.005915092770010233
174016,0.000817866122815758
174032,0.001891503925435245
174048,0.001167094218544662
174064,0.000760421622544527
174080,0.0006653617019765079
174096,0.003812261391431093
174112,0.001176975667476654
174128,0.03221110627055168
174144,0.0004754012916237116
174160,0.0020316713489592075
174176,0.003084518713876605
174192,0.0007362093892879784
174208,0.028631720691919327
174224,0.0038323586340993643
174240,0.008238688111305237
174256,0.002910939045250416
174272,0.002621636725962162
174288,0.0025155229959636927
174304,0.0015387384919449687
174320,0.002697713440284133
174336,0.037144362926483154
174352,0.0008038721862249076
174368,0.0007129795849323273
174384,0.012696660123765469
174400,0.032816216349601746
174416,0.000925883708987385
174432,0.14553843438625336
174448,0.014599316753447056
174464,0.014359625987708569
174480,0.005810863804072142
174496,0.03339236602187157
174512,0.0024780756793916225
174528,0.0003908054786734283
174544,0.00013271636271383613
174560,0.00018441412248648703
174576,0.011622131802141666
174592,0.10701355338096619
174608,0.0009114010608755052
174624,0.00020031588792335242
174640,0.0009140727343037724
174656,0.00047836446901783347
174672,0.00022512784926220775
174688,0.001234550029039383
174704,0.04629809781908989
174720,0.0007808233494870365
174736,0.0002797138295136392
174752,0.00048827260616235435
174768,0.00033099556458182633
174784,0.000935821735765785
174800,0.0008037581574171782
174816,0.0006062131142243743
174832,0.0005106885801069438
174848,0.0009775592479854822
174864,0.0008773441659286618
174880,0.0004688698973041028
174896,0.0005421125097200274
174912,0.0007505142129957676
174928,0.0009113536216318607
174944,0.00038577523082494736
174960,0.002897068625316024
174976,0.005033330526202917
174992,0.00033422617707401514
175008,0.0031939928885549307
175024,0.00045040942495688796
175040,0.008382109925150871
175056,0.0008661505999043584
175072,0.009570848196744919
175088,0.02825489081442356
175104,0.0006633835146203637
175120,0.0002752226428128779
175136,0.061371829360723495
175152,0.0012189173139631748
175168,0.0005327247781679034
175184,0.01904776133596897
175200,0.0003512720577418804
175216,0.17750942707061768
175232,0.0005072475178167224
175248,0.0036750249564647675
175264,0.0016217873198911548
175280,0.0033885713201016188
175296,0.007772983051836491
175312,0.0012732439208775759
175328,0.0004543233080767095
175344,0.0005983917508274317
175360,0.0009744337294250727
175376,0.0003935854765586555
175392,0.0013433804269880056
175408,0.0007670380873605609
175424,0.00044656527461484075
175440,0.00043714663479477167
175456,0.0064636641182005405
175472,0.0008856670465320349
175488,0.00046465772902593017
175504,0.0005981090944260359
175520,0.0005313610308803618
175536,0.001049410318955779
175552,0.033730003982782364
175568,0.00045454027713276446
175584,0.0036637592129409313
175600,0.0049006263725459576
175616,0.0005298672476783395
175632,0.0012810098705813289
175648,0.00033303085365332663
175664,0.0004278473788872361
175680,0.003930646926164627
175696,0.0006733135087415576
175712,0.0005916999652981758
175728,0.0006068339571356773
175744,0.0003919890441466123
175760,0.0009284121915698051
175776,0.001302578137256205
175792,0.00013309430505614728
175808,0.00020441690867301077
175824,0.00048366974806413054
175840,0.00042338535422459245
175856,0.000883263535797596
175872,0.004438701085746288
175888,0.005990262608975172
175904,0.0003747977316379547
175920,0.0004047982220072299
175936,0.00041152373887598515
175952,0.021499548107385635
175968,0.00031086296075955033
175984,0.00028602394741028547
176000,0.0009914357215166092
176016,0.0005728682735934854
176032,0.00022240300313569605
176048,0.0007095524342730641
176064,0.0004980904050171375
176080,0.0007801314350217581
176096,0.0021946891210973263
176112,0.00044523176620714366
176128,0.0002667622175067663
176144,0.0006252150633372366
176160,0.0014802312944084406
176176,0.0005292470450513065
176192,0.001562041463330388
176208,0.0008265901706181467
176224,0.00018717336934059858
176240,0.0006606539827771485
176256,0.00043392422958277166
176272,0.003663054434582591
176288,0.0021765518467873335
176304,0.0005192353273741901
176320,0.0019127069972455502
176336,0.0009768340969458222
176352,0.0047987462021410465
176368,0.008120367303490639
176384,0.006453470326960087
176400,0.0014363822992891073
176416,0.0009237050544470549
176432,0.0006151578272692859
176448,0.0024495162069797516
176464,0.002549512544646859
176480,0.0015329027082771063
176496,0.0010483898222446442
176512,0.0004300439031794667
176528,0.0005811953451484442
176544,0.0007892152643762529
176560,0.0005787265254184604
176576,0.00390795199200511
176592,0.0002391986781731248
176608,0.0005314466543495655
176624,0.009844469837844372
176640,0.0002603122848086059
176656,0.00032020575599744916
176672,0.0006269735749810934
176688,0.00026643997989594936
176704,0.0004289979988243431
176720,0.008109472692012787
176736,0.00046945622307248414
176752,0.0006604141090065241
176768,0.0005472447955980897
176784,0.019041456282138824
176800,0.0002663506311364472
176816,0.00040659040678292513
176832,0.008562878705561161
176848,0.00031802436569705606
176864,0.0018146587535738945
176880,0.0004846522933803499
176896,0.00040601156069897115
176912,0.06082473695278168
176928,0.0011208911892026663
176944,0.00039485085289925337
176960,0.006968657020479441
176976,0.00043208315037190914
176992,0.004783076699823141
177008,0.0005452559562399983
177024,0.0019275244558230042
177040,0.0012119882740080357
177056,0.001558604883030057
177072,0.001118878019042313
177088,0.0007169888122007251
177104,0.00092639762442559
177120,0.0006642297375947237
177136,0.0004062942462041974
177152,0.0004015400481875986
177168,0.001500514568760991
177184,0.0011123884469270706
177200,0.0023127635940909386
177216,0.000964915961958468
177232,0.0011308405082672834
177248,0.002473170170560479
177264,0.0006054738187231123
177280,0.0030378890223801136
177296,0.0004119539516977966
177312,0.0003690767625812441
177328,0.0007291027577593923
177344,0.00045100238639861345
177360,0.0007245529559440911
177376,0.008898688480257988
177392,0.0004439876938704401
177408,0.0009734538034535944
177424,0.006960131227970123
177440,0.0023868833668529987
177456,0.002586929127573967
177472,0.0014624372124671936
177488,0.0011870397720485926
177504,0.0005806906847283244
177520,0.00026785494992509484
177536,0.0004002284549642354
177552,0.0002736030728556216
177568,0.0020752178970724344
177584,0.005003113765269518
177600,0.0019471474224701524
177616,0.0006427762564271688
177632,0.00014830550935585052
177648,0.002039931248873472
177664,0.0021484671160578728
177680,0.003841979429125786
177696,0.012540753930807114
177712,0.0006275248015299439
177728,0.0007341670570895076
177744,0.0004660924896597862
177760,0.0008102667052298784
177776,0.0005364492535591125
177792,0.0007285450119525194
177808,0.0005763237131759524
177824,0.0006659198552370071
177840,0.0010538421338424087
177856,0.0011644770856946707
177872,0.001234299037605524
177888,0.0011156850960105658
177904,0.0015858516562730074
177920,0.025491291657090187
177936,0.0020142248831689358
177952,0.0013952120207250118
177968,0.0011805297108367085
177984,0.0022863545455038548
178000,0.00016638915985822678
178016,0.00013056160241831094
178032,0.0004290906654205173
178048,0.002897635567933321
178064,0.0007423649658448994
178080,0.0008285273215733469
178096,0.0006101385224610567
178112,0.0003861964214593172
178128,0.00019861190230585635
178144,0.0003852386143989861
178160,0.00026038908981718123
178176,0.00030349011649377644
178192,0.00010188588930759579
178208,0.0012812621425837278
178224,0.0019919374026358128
178240,0.0024728195276111364
178256,0.008746057748794556
178272,0.0004719890421256423
178288,0.012448448687791824
178304,0.0007335064001381397
178320,0.0010276277316734195
178336,0.0003640165086835623
178352,0.0006983388448134065
178368,0.007852492853999138
178384,0.00047815527068451047
178400,0.0006887420313432813
178416,0.002146124606952071
178432,0.02524534985423088
178448,0.003967233933508396
178464,0.0007206393056549132
178480,0.051017794758081436
178496,0.059234969317913055
178512,0.0004613164346665144
178528,0.0032426929101347923
178544,0.09251680970191956
178560,0.0004258178232703358
178576,0.07620304822921753
178592,0.0016436141449958086
178608,0.00034755509113892913
178624,0.00186881422996521
178640,0.005215105600655079
178656,0.0008237323490902781
178672,0.0004212814965285361
178688,0.00652866717427969
178704,0.0013194550992920995
178720,0.002731097163632512
178736,0.0021636271849274635
178752,0.0016098907217383385
178768,0.0003473156539257616
178784,0.0006187455146573484
178800,0.0381619930267334
178816,0.0004083641106262803
178832,0.0002813807805068791
178848,0.000402379926526919
178864,0.010889442637562752
178880,0.0007963445386849344
178896,0.0007153619080781937
178912,0.0002690198889467865
178928,0.0007036731112748384
178944,0.00030069323838688433
178960,0.0007907568942755461
178976,0.0012182615464553237
178992,0.0020900596864521503
179008,0.0005049428436905146
179024,0.00252559594810009
179040,0.0006833563093096018
179056,0.01603245548903942
179072,0.001023820717819035
179088,0.0006186220562085509
179104,0.0003536248696036637
179120,0.0003325174911879003
179136,0.024077877402305603
179152,0.0012234129244461656
179168,0.015175191685557365
179184,0.00012540171155706048
179200,0.000665212282910943
179216,0.0026796795427799225
179232,0.0034810907673090696
179248,0.1588432490825653
179264,0.0009057266288436949
179280,0.0002628146903589368
179296,0.00045144432806409895
179312,0.00599458534270525
179328,0.0001984517293749377
179344,0.0010925924871116877
179360,0.0003579663170967251
179376,0.0003201822401024401
179392,0.0008316990570165217
179408,0.0001920382637763396
179424,0.00032053954782895744
179440,0.001368904486298561
179456,0.008354520425200462
179472,0.00037712653283961117
179488,0.0009818850085139275
179504,0.007056517992168665
179520,0.009851561859250069
179536,0.0008907035226002336
179552,0.00048121713916771114
179568,0.0033713611774146557
179584,0.017421910539269447
179600,0.00015599679318256676
179616,0.0021191355772316456
179632,0.00022075502783991396
179648,0.0008742947829887271
179664,0.001967011485248804
179680,0.026086658239364624
179696,0.002789292251691222
179712,0.0015638887416571379
179728,0.0004760361625812948
179744,0.0008794919122010469
179760,0.0002166923659387976
179776,0.0006181399803608656
179792,0.0017098565585911274
179808,0.0404445119202137
179824,0.00040919322054833174
179840,0.024305811151862144
179856,0.0017770961858332157
179872,0.0008476310176774859
179888,0.0017684238264337182
179904,0.0013258461840450764
179920,0.0015615375014021993
179936,0.0005268482491374016
179952,0.0006987853557802737
179968,0.0012904395116493106
179984,0.0001102616370189935
180000,0.01466311700642109
180016,0.0004883425426669419
180032,0.00033015693770721555
180048,0.005965239834040403
180064,0.0001820606121327728
180080,0.0002571173827163875
180096,0.0007125447737053037
180112,0.00028226571157574654
180128,0.001455147983506322
180144,0.0022225987631827593
180160,0.003879183204844594
180176,0.002267844043672085
180192,0.0008438325021415949
180208,0.00029166354215703905
180224,0.0003448823990765959
180240,0.0005713547579944134
180256,0.00018584995996207
180272,0.004973954521119595
180288,0.00028857571305707097
180304,0.0005409462610259652
180320,0.0002444106503389776
180336,0.00012177324970252812
180352,0.0002807464334182441
180368,0.0008410469745285809
180384,0.08178433775901794
180400,0.010633713565766811
180416,0.04096677899360657
180432,0.0013695668894797564
180448,0.0002927597379311919
180464,0.002159569412469864
180480,0.0007418731693178415
180496,0.0006930373492650688
180512,0.00792649108916521
180528,0.0002532854559831321
180544,0.004355620127171278
180560,8.956583042163402e-05
180576,0.001829375745728612
180592,0.00037729847826994956
180608,0.00023335605510510504
180624,0.0002526037278585136
180640,0.00045910984044894576
180656,0.0004868506803177297
180672,0.008897600695490837
180688,0.00149184197653085
180704,0.00037080520996823907
180720,0.04035653918981552
180736,0.00022477861784864217
180752,0.0006246810080483556
180768,0.004978428594768047
180784,0.0007670645136386156
180800,0.0014269957318902016
180816,0.0012603828217834234
180832,0.05920654907822609
180848,0.007586818654090166
180864,0.0002282976929564029
180880,0.005025852471590042
180896,0.00024838713579811156
180912,0.0009628951083868742
180928,0.00026125286240130663
180944,0.0004126648127567023
180960,0.0011706151999533176
180976,0.002087751403450966
180992,0.00011353620357112959
181008,0.0004378135781735182
181024,0.0003186655812896788
181040,0.00047995144268497825
181056,0.0006340531399473548
181072,0.0008334996527992189
181088,0.013844802975654602
181104,0.002710196189582348
181120,0.02042604237794876
181136,0.0018569128587841988
181152,0.00045190841774456203
181168,0.00013681083510164171
181184,0.0007812535623088479
181200,0.0011508599855005741
181216,0.0008413227624259889
181232,0.0031735950615257025
181248,0.0014761365018785
181264,0.0002713418798521161
181280,0.0022555403411388397
181296,0.018808718770742416
181312,0.00878032948821783
181328,0.0005832635797560215
181344,0.0002153183741029352
181360,0.007544149179011583
181376,0.0021101278252899647
181392,0.013738127425312996
181408,0.00036593672120943666
181424,0.000659904268104583
181440,0.0002846847055479884
181456,0.000979282078333199
181472,0.0012602307833731174
181488,0.0347566083073616
181504,0.007109795231372118
181520,0.0006958562298677862
181536,0.0009956619469448924
181552,0.002918821293860674
181568,0.0004372276016511023
181584,0.0007216678932309151
181600,0.00668390141800046
181616,0.0020834943279623985
181632,0.000564070709515363
181648,0.0006198378396220505
181664,0.004950358998030424
181680,0.0018094397382810712
181696,0.0006677337223663926
181712,0.00042163411853834987
181728,0.0004459258052520454
181744,0.00047162396367639303
181760,0.0003222354862373322
181776,0.00038570785545744
181792,0.022416066378355026
181808,0.0003106037329416722
181824,0.0002571101067587733
181840,0.014306878671050072
181856,0.0015403266297653317
181872,0.0020020464435219765
181888,0.0007361362222582102
181904,0.0008575085084885359
181920,0.008717184886336327
181936,0.0005283122882246971
181952,0.0013184506678953767
181968,0.1465388387441635
181984,0.01594281569123268
182000,0.0008483254350721836
182016,0.0006126044900156558
182032,0.0009964496130123734
182048,0.00041340867755934596
182064,0.0011524910805746913
182080,0.00045220874017104506
182096,0.0005728965043090284
182112,0.0003670841106213629
182128,0.00043566367821767926
182144,0.0013005054788663983
182160,0.0006568664684891701
182176,0.0004888742114417255
182192,0.00019025514484383166
182208,0.0016530593857169151
182224,0.002113963942974806
182240,0.00019303488079458475
182256,0.02942878007888794
182272,0.00017875102639663965
182288,0.001224943669512868
182304,0.00012036597036058083
182320,0.0001633565261727199
182336,0.0008007893920876086
182352,0.012302467599511147
182368,0.1365744024515152
182384,0.00031253439374268055
182400,0.00030612212140113115
182416,0.08507281541824341
182432,0.01815071888267994
182448,0.06651990860700607
182464,0.0017701489850878716
182480,0.0113148745149374
182496,0.0004921823856420815
182512,0.0006301213288679719
182528,0.00039891840424388647
182544,0.00034641841193661094
182560,0.0007859927136451006
182576,0.0032122915145009756
182592,0.0016020114999264479
182608,0.002676156349480152
182624,0.00026262979372404516
182640,0.00033443517168052495
182656,0.00018300270312465727
182672,0.0023875730112195015
182688,0.0009973389096558094
182704,0.00019645350403152406
182720,0.0017537553794682026
182736,0.00045817112550139427
182752,0.0016393944388255477
182768,0.0053142886608839035
182784,0.0005173358367756009
182800,0.0004423838690854609
182816,0.00028707433375529945
182832,0.0015335290227085352
182848,0.01641031540930271
182864,0.0005128479097038507
182880,0.0006370915798470378
182896,0.0003885551996063441
182912,0.0015966318314895034
182928,0.0003967264201492071
182944,0.0016102618537843227
182960,0.0011984090087935328
182976,0.0012085302732884884
182992,0.00021477433620020747
183008,0.000293588062049821
183024,0.00016161988605745137
183040,0.0003752636257559061
183056,0.00019572941528167576
183072,0.0006517191650345922
183088,0.0030208770185709
183104,0.014745248481631279
183120,0.00042014874634332955
183136,0.0002990989596582949
183152,0.006388658657670021
183168,0.00079876504605636
183184,0.001802527578547597
183200,0.0010378822917118669
183216,0.00014325854135677218
183232,0.0012454906245693564
183248,0.0004851341072935611
183264,0.00047536459169350564
183280,0.0018991618417203426
183296,0.0009614636073820293
183312,0.00040741811972111464
183328,0.0002451994805596769
183344,0.00041773723205551505
183360,0.0014311110135167837
183376,0.0012498211581259966
183392,0.0004753757966682315
183408,0.012855659238994122
183424,0.0005479330429807305
183440,0.0007197951199486852
183456,0.0008706520893611014
183472,0.003980171401053667
183488,0.00027116440469399095
183504,0.0004193733329884708
183520,0.003933482337743044
183536,0.015751119703054428
183552,0.0010413549607619643
183568,0.0012747005093842745
183584,0.0027741659432649612
183600,0.001224934821948409
183616,0.13125108182430267
183632,0.03629404306411743
183648,0.0006163000361993909
183664,0.005134363658726215
183680,0.02431592531502247
183696,0.0010151914320886135
183712,0.0004220153496135026
183728,0.0017045375425368547
183744,0.0008144428720697761
183760,0.00024290496367029846
183776,0.0003781273262575269
183792,0.0022632861509919167
183808,0.0004272928345017135
183824,0.00017584828310646117
183840,0.0005578330019488931
183856,0.00016979554493445903
183872,0.00027460334240458906
183888,0.0016343281604349613
183904,0.0016966916155070066
183920,0.028238115832209587
183936,0.00041591591434553266
183952,0.0003385977179277688
183968,0.0009139669127762318
183984,0.0013181170215830207
184000,0.0006584831280633807
184016,0.0008763452060520649
184032,0.002102747093886137
184048,0.007056075613945723
184064,0.0011667720973491669
184080,0.00041155965300276875
184096,0.004169469699263573
184112,0.0005860079545527697
184128,0.0005220203893259168
184144,0.0011790231801569462
184160,0.0003917859576176852
184176,0.0003901008749380708
184192,0.0007785086054354906
184208,0.0011598714627325535
184224,0.000319067359669134
184240,0.16050951182842255
184256,0.00029939928208477795
184272,0.00498100696131587
184288,0.008745579980313778
184304,0.16391240060329437
184320,0.0012013737577944994
184336,0.00030457781394943595
184352,0.0010167225264012814
184368,0.0027565539348870516
184384,0.002954324707388878
184400,0.008538585156202316
184416,0.012734959833323956
184432,0.0019995816983282566
184448,0.0004312135570216924
184464,0.0005456197541207075
184480,0.0019431711407378316
184496,0.004183923359960318
184512,0.0034864689223468304
184528,0.002485967706888914
184544,0.0013328548520803452
184560,0.0010229494655504823
184576,0.0053075216710567474
184592,0.003582501318305731
184608,0.001873007626272738
184624,0.002106897532939911
184640,0.04093793407082558
184656,0.010234992951154709
184672,0.0008516347734257579
184688,0.0035460833460092545
184704,0.0006675882032141089
184720,0.0009811555501073599
184736,0.0010080804349854589
184752,0.00221055606380105
184768,0.00036454922519624233
184784,0.019032752141356468
184800,0.00165754824411124
184816,0.0007148456061258912
184832,0.00011817014456028119
184848,0.0014772425638511777
184864,0.000591893563978374
184880,0.0007440500776283443
184896,0.007192614488303661
184912,0.00043888940126635134
184928,0.00021993243717588484
184944,0.0006252340972423553
184960,0.0011091817868873477
184976,0.0002276396262459457
184992,0.00021700860816054046
185008,0.0005322545184753835
185024,0.0007970975711941719
185040,0.002480598632246256
185056,0.00037438090657815337
185072,0.007529727183282375
185088,0.0006679412326775491
185104,0.002374658128246665
185120,0.0008805255056358874
185136,0.005301857367157936
185152,0.00017227206262759864
185168,0.001320193987339735
185184,0.0013766075717285275
185200,0.0007648848695680499
185216,0.00026944727869704366
185232,0.0015374175272881985
185248,0.000848633237183094
185264,0.0004999525845050812
185280,0.0028255311772227287
185296,0.0002353124291403219
185312,0.0006420069257728755
185328,0.00015525377239100635
185344,0.00020551789202727377
185360,0.0008734286529943347
185376,0.0018619614420458674
185392,0.00011550427007023245
185408,0.00032618199475109577
185424,0.0008528074249625206
185440,0.00018316201749257743
185456,0.00016036911983974278
185472,0.00028067472157999873
185488,0.00013242664863355458
185504,0.12174469977617264
185520,0.00022760647698305547
185536,0.00018800058751367033
185552,0.005079043097794056
185568,0.00011507780436659232
185584,0.00016824364138301462
185600,0.08576010167598724
185616,0.0009953940752893686
185632,0.0007680733688175678
185648,0.0006992262788116932
185664,0.01413691695779562
185680,0.01778329350054264
185696,0.07397583872079849
185712,0.07159139215946198
185728,0.00042197536095045507
185744,0.0019504015799611807
185760,0.0007154097547754645
185776,0.024375641718506813
185792,0.008424959145486355
185808,0.00014893445768393576
185824,0.0004135539347771555
185840,0.001049945130944252
185856,0.00022772751981392503
185872,0.02127939462661743
185888,0.0005853761686012149
185904,0.000981873250566423
185920,0.00016346633492503315
185936,0.0008596258703619242
185952,0.0006475419504567981
185968,0.00043222156818956137
185984,0.00022165602422319353
186000,0.0007219661492854357
186016,0.018305476754903793
186032,0.0002672487171366811
186048,0.00010870589903788641
186064,0.003633677028119564
186080,0.007868995890021324
186096,0.00016408698866143823
186112,0.00037942262133583426
186128,0.0013079518685117364
186144,0.000904780812561512
186160,0.0009163939976133406
186176,0.0006478324066847563
186192,0.0007824142812751234
186208,0.001205985201522708
186224,0.0033650053665041924
186240,0.006714623887091875
186256,0.026050642132759094
186272,0.01022571325302124
186288,0.0005635218694806099
186304,0.015473568812012672
186320,0.0011723393108695745
186336,0.0007704807794652879
186352,0.0029266129713505507
186368,0.0017765951342880726
186384,0.0019373474642634392
186400,0.0005014192429371178
186416,0.0004686597967520356
186432,0.00033609880483709276
186448,0.000631942879408598
186464,0.0006844101590104401
186480,0.0015403495635837317
186496,0.0002790447906590998
186512,0.00048631191020831466
186528,0.0002032733173109591
186544,0.00020283303456380963
186560,0.0005299201584421098
186576,0.00016597137437202036
186592,0.000552198791410774
186608,0.0015978862065821886
186624,0.0004761168092954904
186640,0.0020731408149003983
186656,0.0008389006252400577
186672,0.00027878518449142575
186688,0.0008975822711363435
186704,0.0006577125750482082
186720,0.0008567870827391744
186736,0.0002243366907350719
186752,0.008054200559854507
186768,0.0007543726242147386
186784,0.001550442073494196
186800,0.005322128534317017
186816,0.0002447349252179265
186832,0.0007892826688475907
186848,0.0004596550134010613
186864,0.00048684465582482517
186880,0.001141674816608429
186896,0.00015873776283115149
186912,0.00039066027966327965
186928,0.0009268952999264002
186944,0.00854293443262577
186960,0.0035830936394631863
186976,0.0002067563618766144
186992,0.008869098499417305
187008,0.001479779719375074
187024,0.0031491387635469437
187040,0.0006280089728534222
187056,0.001816662261262536
187072,0.006789580453187227
187088,0.0024067070335149765
187104,0.0016385193448513746
187120,0.00121225172188133
187136,0.001344829797744751
187152,0.0015152946580201387
187168,0.0007298940909095109
187184,0.015343595296144485
187200,0.014187758788466454
187216,0.0025138421915471554
187232,0.0007904731901362538
187248,0.0009700583759695292
187264,0.000707843923009932
187280,0.00028676295187324286
187296,0.0025160734076052904
187312,0.11443322151899338
187328,0.00233426783233881
187344,0.003273244947195053
187360,0.031980760395526886
187376,0.004845952149480581
187392,0.0072716097347438335
187408,0.00020146781753282994
187424,0.005478670820593834
187440,0.041470449417829514
187456,0.0014220521552488208
187472,0.005316255614161491
187488,0.007767268922179937
187504,0.00030600721947848797
187520,0.0010296390391886234
187536,0.0031853700056672096
187552,0.00012467463966459036
187568,0.00350215844810009
187584,0.022387875244021416
187600,0.015125534497201443
187616,0.01592986471951008
187632,0.0002591120428405702
187648,0.0010286127217113972
187664,0.0008256197907030582
187680,0.0011427405988797545
187696,0.00023914755729492754
187712,0.001811385154724121
187728,0.02501791901886463
187744,0.004901386331766844
187760,0.00035820924676954746
187776,0.0004975071060471237
187792,0.0004349485388956964
187808,0.0006990967667661607
187824,0.0013956542825326324
187840,0.0004043034859932959
187856,0.0004989510634914041
187872,0.0002809371508192271
187888,0.0004331171221565455
187904,0.0005580871948041022
187920,0.0011642328463494778
187936,0.0003122568014077842
187952,0.0006608078256249428
187968,0.000938639510422945
187984,0.0007379333255812526
188000,0.0019781168084591627
188016,0.014369479380548
188032,0.00043078811722807586
188048,0.004817493259906769
188064,0.053853780031204224
188080,0.010190930217504501
188096,0.0016375865088775754
188112,0.0040244413539767265
188128,0.0043668062426149845
188144,0.0007380007882602513
188160,0.004796500317752361
188176,0.0020500849932432175
188192,0.000874788616783917
188208,0.0009841964347288013
188224,0.0023063947446644306
188240,0.005308426916599274
188256,0.0003812877112068236
188272,0.0033463165163993835
188288,0.0013159847585484385
188304,0.0004422256606630981
188320,0.09955737739801407
188336,0.0012595134321600199
188352,0.00018581189215183258
188368,0.006473631598055363
188384,0.024823922663927078
188400,0.00045830701128579676
188416,0.0006550011457875371
188432,0.0010421897750347853
188448,0.008707033470273018
188464,0.00265104859136045
188480,0.00019768766651395708
188496,0.0015952918911352754
188512,0.0005680585745722055
188528,0.0008193714311346412
188544,0.00014310581900645047
188560,0.0002388310240348801
188576,0.004058025311678648
188592,0.0003963196068070829
188608,0.003523427527397871
188624,0.002489757025614381
188640,0.0001342250470770523
188656,0.0005424072733148932
188672,0.002104746177792549
188688,0.0008700181497260928
188704,0.00041818065801635385
188720,0.0005975903477519751
188736,0.0018983300542458892
188752,0.0013221949338912964
188768,0.011571592651307583
188784,0.00637525599449873
188800,0.0033647590316832066
188816,0.0019487061072140932
188832,0.0006792936474084854
188848,0.0019619278609752655
188864,0.00021434998780023307
188880,0.000345111038768664
188896,0.0004332675598561764
188912,0.0006675086915493011
188928,0.002860194770619273
188944,0.0011181223671883345
188960,0.003496183082461357
188976,0.0021345936693251133
188992,0.0015616323798894882
189008,0.001590800005942583
189024,0.008078262209892273
189040,0.0005444793496280909
189056,0.0004142144462093711
189072,0.001134555204771459
189088,0.0013622784754261374
189104,0.0001543202088214457
189120,0.00019346841145306826
189136,0.003403859445825219
189152,0.009642072953283787
189168,0.0035527932923287153
189184,0.0007728761411271989
189200,0.0001863553625298664
189216,0.0002556678664404899
189232,0.004630539566278458
189248,0.00022718586842529476
189264,0.0013214218197390437
189280,0.0005445407005026937
189296,0.00026868301210924983
189312,0.03590469807386398
189328,0.0008130745263770223
189344,0.0011436326894909143
189360,0.00312461843714118
189376,0.15557265281677246
189392,0.002747422317042947
189408,0.0016572822351008654
189424,0.0011229218216612935
189440,0.0016813372494652867
189456,0.0009233604650944471
189472,0.0003210762224625796
189488,0.059661123901605606
189504,0.00026592682115733624
189520,0.00030424707802012563
189536,0.000862749177031219
189552,0.0008403820684179664
189568,0.06469555199146271
189584,0.000322898558806628
189600,0.0003218721831217408
189616,0.005047444719821215
189632,0.003905348479747772
189648,0.0015464043244719505
189664,0.0005760366329923272
189680,0.0012910132063552737
189696,0.00035582762211561203
189712,0.006556828040629625
189728,0.000193118117749691
189744,0.00015460874419659376
189760,0.0011349919950589538
189776,0.0011001299135386944
189792,0.012171230278909206
189808,0.00152953015640378
189824,0.00033785367850214243
189840,0.00030641056946478784
189856,0.001215850468724966
189872,0.0012683868408203125
189888,0.0013796507846564054
189904,0.0001684999151621014
189920,0.000137237278977409
189936,0.0004159403615631163
189952,0.05677289888262749
189968,0.00043885124614462256
189984,0.0006769244791939855
190000,0.020465174689888954
190016,0.000695993599947542
190032,0.0018308345461264253
190048,0.0010162123944610357
190064,0.013848014175891876
190080,0.0008936857338994741
190096,0.00039176453719846904
190112,0.0017551728524267673
190128,0.008682915940880775
190144,0.00017945774015970528
190160,0.0063010212033987045
190176,0.0006276990752667189
190192,0.000271117634838447
190208,0.00030746147967875004
190224,0.0002636453718878329
190240,0.00042234407737851143
190256,0.0002447235747240484
190272,0.0010323686292394996
190288,0.0002595177211333066
190304,0.0006424889434129
190320,0.005406682379543781
190336,0.0001712545199552551
190352,0.00037880867603234947
190368,0.00043322716373950243
190384,0.0015713069587945938
190400,0.011834954842925072
190416,0.02386057935655117
190432,0.0012523287441581488
190448,0.000910624279640615
190464,0.0008737277239561081
190480,0.0015845613088458776
190496,0.0003532452683430165
190512,0.02742309682071209
190528,0.000570452306419611
190544,0.0010413754498586059
190560,0.0004447168903425336
190576,0.0037789244670420885
190592,0.00024234503507614136
190608,0.00020250503439456224
190624,0.012094426900148392
190640,0.0001091820522560738
190656,0.00038348528323695064
190672,0.0006532847182825208
190688,0.0012628486147150397
190704,0.001203987980261445
190720,0.0003037792630493641
190736,0.00036843863199464977
190752,0.0005671704420819879
190768,0.00041562874685041606
190784,0.001476221950724721
190800,0.014054483734071255
190816,0.007710234262049198
190832,0.0019944612868130207
190848,0.0019615490455180407
190864,0.0013637446099892259
190880,0.00022455834550783038
190896,0.0013581777457147837
190912,0.003998607397079468
190928,0.00022866963990963995
190944,0.008932157419621944
190960,0.008632942102849483
190976,0.0007007051026448607
190992,0.0006846729083918035
191008,0.00903400406241417
191024,0.005357048474252224
191040,0.00026494666235521436
191056,0.00032034981995821
191072,0.00010012216080212966
191088,0.026998138055205345
191104,0.0008478440577164292
191120,0.008118784055113792
191136,0.0007471878197975457
191152,0.0022327881306409836
191168,0.01304990891367197
191184,0.003192381002008915
191200,0.07248692959547043
191216,0.0013858821475878358
191232,0.0007336737471632659
191248,0.006749211810529232
191264,0.00247231125831604
191280,0.0011845673434436321
191296,0.006092146039009094
191312,0.001088372664526105
191328,0.00042791085434146225
191344,0.06059237942099571
191360,0.0012620995985344052
191376,0.0006586291710846126
191392,0.15206390619277954
191408,0.00032860570354387164
191424,0.0016077840700745583
191440,0.0027840975672006607
191456,0.0006511383107863367
191472,0.00034957967000082135
191488,0.0008674849523231387
191504,0.006150214932858944
191520,0.013349289074540138
191536,0.0004611850599758327
191552,0.0011507451999932528
191568,0.000311860756482929
191584,0.0012976558646187186
191600,0.0007347492501139641
191616,0.0014922282425686717
191632,0.0005345972022041678
191648,0.0006390040507540107
191664,0.0005255608120933175
191680,0.000349504902260378
191696,0.0012866652105003595
191712,0.0008838920039124787
191728,0.004106826148927212
191744,0.00031326760654337704
191760,0.0006538560846820474
191776,0.0013202775735408068
191792,0.0011019370285794139
191808,0.0007105707190930843
191824,0.0016275004018098116
191840,0.0006061287131160498
191856,0.0002168246719520539
191872,0.0011414539767429233
191888,0.006020325236022472
191904,0.0007492771837860346
191920,0.00036616442957893014
191936,0.0002710430708248168
191952,0.11341148614883423
191968,0.00024019010015763342
191984,0.0010693562217056751
192000,0.006294962018728256
192016,0.010184437036514282
192032,0.0003678334760479629
192048,0.0020033284090459347
192064,0.0003125951043330133
192080,0.004479550756514072
192096,0.0023086362052708864
192112,0.00027373016928322613
192128,0.0004296253900974989
192144,0.0003524446510709822
192160,0.006106766872107983
192176,0.00034704856807366014
192192,0.001465407432988286
192208,0.021261140704154968
192224,0.000508576980791986
192240,0.00013583546387962997
192256,0.00025589560391381383
192272,0.002864154987037182
192288,0.003862125566229224
192304,0.004191788844764233
192320,0.002509024227038026
192336,0.00036617059959098697
192352,0.0005116501124575734
192368,0.000861113891005516
192384,0.00029487116262316704
192400,0.0010805747006088495
192416,0.0001855271402746439
192432,0.00032416399335488677
192448,0.00028915528673678637
192464,0.0004261722497176379
192480,0.0001461667998228222
192496,0.0006937041762284935
192512,0.0006178050534799695
192528,0.0043905945494771
192544,0.0001829939428716898
192560,0.15808023512363434
192576,0.00033399599487893283
192592,0.0008506672456860542
192608,0.0002951467176899314
192624,0.0007490055868402123
192640,0.0008077435195446014
192656,0.00012117599544581026
192672,0.0005588302738033235
192688,0.009916572831571102
192704,0.003179457737132907
192720,0.0008402080275118351
192736,0.009503666311502457
192752,0.0012117904843762517
192768,0.0007095568580552936
192784,0.0008593747625127435
192800,0.00667999591678381
192816,0.00030451128259301186
192832,0.0024399692192673683
192848,0.0015968459192663431
192864,0.0002874269266612828
192880,0.0005014373455196619
192896,0.0003167176037095487
192912,0.0007442324422299862
192928,0.000573872122913599
192944,0.0009359680116176605
192960,0.0004728218773379922
192976,0.002938250545412302
192992,0.0005853891489095986
193008,0.0003159280167892575
193024,0.0014257951406762004
193040,0.0016458751633763313
193056,0.001418101484887302
193072,0.0009382659336552024
193088,0.002260887064039707
193104,0.0003255795454606414
193120,0.00021095579722896218
193136,0.0010079797357320786
193152,0.0008101717103272676
193168,7.614474452566355e-05
193184,0.00024561729514971375
193200,0.15053485333919525
193216,0.0005851095193065703
193232,0.0012062564492225647
193248,0.0034572118893265724
193264,0.0004744984325952828
193280,0.0023298989981412888
193296,0.004281007684767246
193312,0.007075024768710136
193328,0.0002825214760378003
193344,0.16599039733409882
193360,0.01427115872502327
193376,0.001567439059726894
193392,0.005540928803384304
193408,0.0004046637623105198
193424,0.0008380591752938926
193440,0.0015317359939217567
193456,0.000139033465529792
193472,0.0032283475156873465
193488,0.0015471612568944693
193504,0.0004261009453330189
193520,0.009908757172524929
193536,0.0008533408981747925
193552,0.001191851682960987
193568,0.0036104517057538033
193584,0.0004099789075553417
193600,0.00038343173218891025
193616,0.001861248048953712
193632,0.012245181016623974
193648,0.06030615419149399
193664,0.0009200288914144039
193680,0.0009759188396856189
193696,0.0010331985540688038
193712,0.0005714287981390953
193728,0.00019254584913142025
193744,0.00015327958681154996
193760,8.925614383770153e-05
193776,0.00011607416672632098
193792,0.00011741532944142818
193808,0.0067751058377325535
193824,0.0005877120420336723
193840,0.00011456073843874037
193856,0.00040018497384153306
193872,0.0003487392095848918
193888,0.00032525783171877265
193904,0.00019045326916966587
193920,0.08211210370063782
193936,0.0009760709363035858
193952,0.0013206279836595058
193968,0.0007347763748839498
193984,0.0009612865396775305
194000,0.0013644436839967966
194016,0.04498787224292755
194032,0.0037093034479767084
194048,0.0006015863036736846
194064,0.00577777624130249
194080,0.0033795402850955725
194096,0.00043755932711064816
194112,0.0004055913013871759
194128,0.004939359147101641
194144,0.00012707346468232572
194160,0.0011984186712652445
194176,0.022475961595773697
194192,0.00043830557842738926
194208,0.09571150690317154
194224,0.00034015619894489646
194240,0.003494019154459238
194256,0.00039585225749760866
194272,0.0007600855315104127
194288,0.0003720850218087435
194304,0.0007365003693848848
194320,0.00020265651983208954
194336,0.00035681348526850343
194352,0.00016932521248236299
194368,0.000958721328061074
194384,0.00023883787798695266
194400,0.0013823043555021286
194416,0.01119273528456688
194432,0.0003633788146544248
194448,0.00019903459178749472
194464,0.0025333177763968706
194480,0.00041827376116998494
194496,0.007109358906745911
194512,0.00023703697661403567
194528,0.0005613095709122717
194544,0.002469218336045742
194560,0.039231471717357635
194576,0.001641173381358385
194592,0.009125175885856152
194608,0.00034333355142734945
194624,0.0013312690425664186
194640,0.00022392217942979187
194656,0.0005413569742813706
194672,0.004776102025061846
194688,0.0003558825410436839
194704,0.0002724461955949664
194720,0.005071144551038742
194736,0.01050596684217453
194752,0.0027095547411590815
194768,0.06841608881950378
194784,0.00306609901599586
194800,0.000672323047183454
194816,0.0017219106666743755
194832,0.005975782405585051
194848,0.0003602060314733535
194864,0.00028301484417170286
194880,0.0018238900229334831
194896,0.0004872124409303069
194912,0.005755982361733913
194928,0.0002926188171841204
194944,0.0008160111028701067
194960,0.001117979409173131
194976,0.05457284674048424
194992,0.00027968332869932055
195008,0.0014972445787861943
195024,0.0019088581902906299
195040,0.00039490521885454655
195056,0.003055295441299677
195072,0.000715426227543503
195088,0.001351387007161975
195104,0.0015543852932751179
195120,0.0006576257292181253
195136,0.02968096174299717
195152,0.0035853120498359203
195168,0.000573300349060446
195184,0.0032013871241360903
195200,0.0008885182905942202
195216,0.0011923041893169284
195232,0.0008885030401870608
195248,0.022963959723711014
195264,0.001078105065971613
195280,0.0004133768379688263
195296,0.0002780563081614673
195312,0.0013757715933024883
195328,0.0005310571868903935
195344,0.0005626247730106115
195360,0.00026601520949043334
195376,0.002696256386116147
195392,0.00031633375328965485
195408,0.0006111496477387846
195424,0.0007643940043635666
195440,0.00107741414103657
195456,0.010804117657244205
195472,0.004032299853861332
195488,0.0008984181913547218
195504,0.0009704128606244922
195520,0.0009053443209268153
195536,0.0016185336280614138
195552,0.00015505560440942645
195568,0.007786209229379892
195584,0.00020743446657434106
195600,0.0002964200102724135
195616,0.0018806345760822296
195632,0.0007404471980407834
195648,0.0013245713198557496
195664,0.015378804877400398
195680,0.0007675046217627823
195696,0.0006713980692438781
195712,0.0006165683153085411
195728,0.0007692459039390087
195744,0.0014954376965761185
195760,0.006182949524372816
195776,0.00188095320481807
195792,0.0005876776995137334
195808,0.0022741416469216347
195824,0.0007808163063600659
195840,0.0008243526099249721
195856,0.0055636935867369175
195872,0.0014128515031188726
195888,0.00047894366434775293
195904,0.0012836565729230642
195920,0.00667499378323555
195936,0.00077275768853724
195952,0.005848891567438841
195968,0.009634030982851982
195984,0.0022073613945394754
196000,0.001929385238327086
196016,0.0015837638638913631
196032,0.0009186171228066087
196048,0.0004266802570782602
196064,0.011001916602253914
196080,0.00740628968924284
196096,0.002280990593135357
196112,0.0024292301386594772
196128,0.0008681874605827034
196144,0.0002205121418228373
196160,0.00231613265350461
196176,0.0012484772596508265
196192,0.0002519066329114139
196208,0.0019651497714221478
196224,0.0008334792219102383
196240,0.0004768383805640042
196256,0.0006319698877632618
196272,0.00024124656920321286
196288,0.0023579071275889874
196304,0.00019636769138742238
196320,0.010325475595891476
196336,0.00029326463118195534
196352,0.0024632136337459087
196368,0.002749843755736947
196384,0.00017302072956226766
196400,0.0007116078631952405
196416,0.0012844711309298873
196432,0.0025832096580415964
196448,0.0030736688058823347
196464,0.0009475010447204113
196480,0.00013788689102511853
196496,0.002909536939114332
196512,0.003868082072585821
196528,0.00035408633993938565
196544,0.007656987756490707
196560,0.0026665523182600737
196576,0.00202398793771863
196592,0.00033369401353411376
196608,0.00032998534152284265
196624,0.011515812017023563
196640,0.0001581042306497693
196656,0.0002547306357882917
196672,0.0018559135496616364
196688,0.004828570410609245
196704,0.0013715564273297787
196720,0.00032104618730954826
196736,0.0003592246794141829
196752,0.0014260043390095234
196768,0.00042170018423348665
196784,0.0002905868459492922
196800,0.0010621279943734407
196816,0.0005278948228806257
196832,0.0010155485942959785
196848,0.001209900132380426
196864,0.004779451061040163
196880,0.00021170321269892156
196896,0.001321866293437779
196912,0.00042953016236424446
196928,0.003476395970210433
196944,0.011360802687704563
196960,0.00018363530398346484
196976,0.0007360412273555994
196992,0.03614319488406181
197008,0.00011814163735834882
197024,0.09299373626708984
197040,0.00025404966436326504
197056,0.00015461331349797547
197072,0.0016562445089221
197088,0.0004942106315866113
197104,0.0036325023975223303
197120,0.0012476386036723852
197136,0.06115599349141121
197152,0.00032294291304424405
197168,0.0017077912343665957
197184,0.0016357307322323322
197200,0.00012517813593149185
197216,0.0007042376091703773
197232,0.0007332672248594463
197248,0.09787049889564514
197264,0.0006175701273605227
197280,0.0013606047723442316
197296,0.0011254394194111228
197312,0.001409110613167286
197328,0.018514078110456467
197344,0.002722830744460225
197360,0.0010129977017641068
197376,0.001292072469368577
197392,0.0011706611840054393
197408,0.00030449306359514594
197424,0.0007072372827678919
197440,0.006866157054901123
197456,0.00036014372017234564
197472,0.0022975525353103876
197488,0.001920931739732623
197504,0.00025144009850919247
197520,0.0026893012691289186
197536,0.0038264524191617966
197552,0.003524397499859333
197568,0.0007910982822068036
197584,0.011579491198062897
197600,0.008018131367862225
197616,0.0006398754194378853
197632,0.000692449975758791
197648,0.00761920353397727
197664,0.0003856317780446261
197680,0.001318908529356122
197696,0.00016521532961633056
197712,0.00020962010603398085
197728,0.06971468776464462
197744,0.04758419096469879
197760,0.0030124541372060776
197776,0.005240468308329582
197792,0.009773640893399715
197808,0.0004019030893687159
197824,0.0007581785903312266
197840,0.0003897844871971756
197856,0.016842933371663094
197872,0.0004135387425776571
197888,0.000744985300116241
197904,0.0015360061079263687
197920,0.0015839645639061928
197936,0.0036382062826305628
197952,0.019560929387807846
197968,0.000976144103333354
197984,0.005995685234665871
198000,0.001919889240525663
198016,0.00016975364997051656
198032,0.0004869807744398713
198048,0.0006482993485406041
198064,0.0010970768053084612
198080,0.0005683508352376521
198096,0.0002636855933815241
198112,0.006384387146681547
198128,0.0003735536593012512
198144,0.0016713242512196302
198160,0.008910157717764378
198176,0.001388467033393681
198192,0.0013949295971542597
198208,0.05906558036804199
198224,0.0007463935762643814
198240,0.01738341711461544
198256,0.0013196184299886227
198272,0.09526043385267258
198288,0.0008090550545603037
198304,0.0005484770517796278
198320,0.1020474061369896
198336,0.0019212503684684634
198352,0.0010444483486935496
198368,0.0015471128281205893
198384,0.001764307846315205
198400,0.00593246053904295
198416,0.0007722164737060666
198432,0.001888978760689497
198448,0.0002547493204474449
198464,0.00020322520867921412
198480,0.00015929598885122687
198496,0.0014813110465183854
198512,0.0005024311249144375
198528,0.0015195878222584724
198544,0.15283755958080292
198560,0.0007295747054740787
198576,0.007426363416016102
198592,0.0009762877598404884
198608,0.010379522107541561
198624,0.0003024692996405065
198640,0.0002652925031725317
198656,4.9182515795109794e-05
198672,0.0006682504899799824
198688,0.0005379048525355756
198704,0.0005332250148057938
198720,0.0035014082677662373
198736,0.0015270239673554897
198752,0.0002090017806040123
198768,0.00017821529763750732
198784,0.0006881202571094036
198800,0.00169200892560184
198816,0.0008682794286869466
198832,0.13121183216571808
198848,0.07471247762441635
198864,0.0027338608633726835
198880,0.001017165370285511
198896,0.0004363999469205737
198912,0.016981663182377815
198928,0.00021417583047877997
198944,0.0014637873973697424
198960,0.00033189140958711505
198976,0.00043282780097797513
198992,0.00037217693170532584
199008,0.005080374889075756
199024,0.032397232949733734
199040,0.001670100842602551
199056,0.00034211663296446204
199072,0.00021614604338537902
199088,0.0006272209575399756
199104,0.00016805202176328748
199120,0.00047530929441563785
199136,0.0015430367784574628
199152,0.0005385004915297031
199168,0.001959131797775626
199184,0.000488431949634105
199200,0.0007696838583797216
199216,0.0001769299415173009
199232,0.014778731390833855
199248,0.011297161690890789
199264,0.0002863884437829256
199280,0.0004757863935083151
199296,0.0006023399182595313
199312,0.00028263998683542013
199328,0.00044953430187888443
199344,0.00035609013866633177
199360,0.0005619106814265251
199376,0.0014247343642637134
199392,0.0005945356679148972
199408,0.000602691201493144
199424,0.003769082482904196
199440,0.001132606528699398
199456,0.0005676021100953221
199472,0.01185677945613861
199488,0.0005065862205810845
199504,0.003217456629499793
199520,0.0016276100650429726
199536,0.0011470091994851828
199552,0.00043909705709666014
199568,0.0006017692503519356
199584,0.0008277386659756303
199600,0.026058286428451538
199616,0.0002268176176585257
199632,0.0006880160071887076
199648,0.003260902361944318
199664,0.008926632814109325
199680,0.0005205265479162335
199696,0.006805803626775742
199712,0.002079310128465295
199728,0.0008732817368581891
199744,0.0006629286799579859
199760,0.00024550140369683504
199776,0.00027648755349218845
199792,0.007375983987003565
199808,0.0013572744792327285
199824,0.0002213575062341988
199840,0.0035981088876724243
199856,0.00029570222250185907
199872,0.0005887532024644315
199888,0.0005273496499285102
199904,0.00023675595002714545
199920,0.002818232635036111
199936,0.005521837621927261
199952,0.00046325408038683236
199968,0.0015413574874401093
199984,0.0020284592173993587
200000,0.0024512282107025385
200016,0.0011186528718098998
200032,0.0003151749260723591
200048,0.00034645176492631435
200064,0.00047575501957908273
200080,0.12071523070335388
200096,0.00021742520038969815
200112,0.0010099392384290695
200128,0.0014596856199204922
200144,0.0004848250828217715
200160,0.0016642455011606216
200176,0.00022286860621534288
200192,0.000319212325848639
200208,0.0011342500802129507
200224,0.0004469907144084573
200240,0.006991235539317131
200256,0.0003661573864519596
200272,0.0025660053361207247
200288,0.004278900101780891
200304,0.0005608329665847123
200320,0.01272246427834034
200336,0.0002645115018822253
200352,0.0002620049344841391
200368,0.00045103690354153514
200384,0.0004269623605068773
200400,0.00023611995857208967
200416,0.003071289509534836
200432,0.00030789244920015335
200448,0.0022262632846832275
200464,0.0016438406892120838
200480,0.0003609092382248491
200496,0.017665892839431763
200512,0.0037668608129024506
200528,0.0021017666440457106
200544,0.00028246245346963406
200560,0.00044118252117186785
200576,0.0005695879808627069
200592,0.0418563038110733
200608,0.00025926623493433
200624,0.0012730204034596682
200640,0.004489590879529715
200656,0.00048227061051875353
200672,0.0012505613267421722
200688,0.010341767221689224
200704,0.00035220710560679436
200720,0.002076686592772603
200736,0.001464013010263443
200752,0.0006359568797051907
200768,0.0008335121674463153
200784,0.0014498605160042644
200800,0.033436886966228485
200816,0.0002548907359596342
200832,0.0001915278407977894
200848,0.0006779571995139122
200864,0.00959543976932764
200880,0.0002428963634883985
200896,0.0021465225145220757
200912,0.016979433596134186
200928,0.0007921832730062306
200944,0.0005412862519733608
200960,0.00039734362508170307
200976,0.0006474347901530564
200992,0.002579013118520379
201008,0.0006948239752091467
201024,0.0012818428222090006
201040,0.00016395322745665908
201056,8.43577945488505e-05
201072,0.00021156623552087694
201088,0.00030333464383147657
201104,0.0034827827475965023
201120,0.0009243580279871821
201136,0.0005924510769546032
201152,0.00029622449073940516
201168,0.0015280196676030755
201184,0.0003304246347397566
201200,0.0009729872108437121
201216,0.016164984554052353
201232,0.0006344314315356314
201248,0.00044275823165662587
201264,0.0010925245005637407
201280,0.00043773266952484846
201296,0.0011256997240707278
201312,0.004365704953670502
201328,0.00018052750965580344
201344,0.00025692349299788475
201360,0.0012714769691228867
201376,0.02374623715877533
201392,0.0015187908429652452
201408,0.0006169696571305394
201424,0.0007822459447197616
201440,0.002231902675703168
201456,0.00029158208053559065
201472,0.0003311421605758369
201488,0.0012358797248452902
201504,0.002371422480791807
201520,0.0009227152913808823
201536,0.0007342189783230424
201552,0.0002911527408286929
201568,0.00015755875210743397
201584,0.0004948463756591082
201600,0.0002238961315015331
201616,0.0018208733526989818
201632,0.00044803909258916974
201648,9.897588461171836e-05
201664,0.002868478884920478
201680,0.00018356071086600423
201696,0.0004307574708946049
201712,8.21963039925322e-05
201728,0.13176263868808746
201744,0.0014038734370842576
201760,0.005957930814474821
201776,0.0004096067859791219
201792,0.0003068071964662522
201808,0.0013493833830580115
201824,0.00122030358761549
201840,0.00022360093134921044
201856,0.0036422116681933403
201872,0.00032300138263963163
201888,0.00033398513915017247
201904,0.0005323097575455904
201920,0.0016397940926253796
201936,0.0034111104905605316
201952,0.00037074676947668195
201968,0.040669046342372894
201984,0.10756003111600876
202000,0.0012512549292296171
202016,0.10835126787424088
202032,0.0033951580990105867
202048,0.005238523706793785
202064,0.0005250720423646271
202080,0.0008892932673916221
202096,0.0033827535808086395
202112,0.0008135634707286954
202128,0.0006759036332368851
202144,0.0012571660336107016
202160,0.00047741126036271453
202176,0.0010354544501751661
202192,0.0004420466721057892
202208,0.000450488441856578
202224,0.0006747873267158866
202240,0.001448999042622745
202256,0.0005101719871163368
202272,0.0007660614792257547
202288,0.0019232956692576408
202304,0.00026664239703677595
202320,0.0004563004185911268
202336,0.02711809054017067
202352,0.00975804403424263
202368,0.0002837558276951313
202384,0.0011255756253376603
202400,0.004709674511104822
202416,0.00110424414742738
202432,0.02236419916152954
202448,0.0008428326109424233
202464,0.001124211004935205
202480,0.0007110210135579109
202496,0.0005067568272352219
202512,0.009359287098050117
202528,0.0009003020823001862
202544,0.0013863509520888329
202560,0.0011539753759279847
202576,0.004300651140511036
202592,0.0008947615278884768
202608,0.011964777484536171
202624,0.03523228317499161
202640,0.12557865679264069
202656,0.00023136053641792387
202672,0.0006209186394698918
202688,0.0003263179969508201
202704,0.0011321331840008497
202720,0.0003093184204772115
202736,0.0001769961672835052
202752,0.00023773986322339624
202768,0.001145657617598772
202784,0.0002475643123034388
202800,0.0021184433717280626
202816,0.0004373727715574205
202832,0.00033372596953995526
202848,0.0076952604576945305
202864,0.0006769524188712239
202880,0.0014155965764075518
202896,0.0002455321082379669
202912,0.014683913439512253
202928,0.0005580370198003948
202944,0.005115510895848274
202960,0.0002269148244522512
202976,0.0015030293725430965
202992,0.00034655089257285
203008,0.001553623122163117
203024,0.00024441585992462933
203040,0.02408786118030548
203056,0.0002860782842617482
203072,0.001891952008008957
203088,0.0004791517276316881
203104,0.0004239578847773373
203120,0.0005637684371322393
203136,0.030797557905316353
203152,0.000995631329715252
203168,0.00452880933880806
203184,0.0011318745091557503
203200,0.0003490443341434002
203216,0.004597481805831194
203232,0.0004024870868306607
203248,0.0015500253066420555
203264,0.026054048910737038
203280,0.000705819926224649
203296,0.0010306676849722862
203312,0.0014722781488671899
203328,0.0006201210781000555
203344,0.004092174582183361
203360,9.745877468958497e-05
203376,0.0002544024318922311
203392,8.67773633217439e-05
203408,0.0004233072395436466
203424,0.0016755112446844578
203440,0.0010046550305560231
203456,0.05777251347899437
203472,0.00020771060371771455
203488,0.003832531627267599
203504,0.0039055265951901674
203520,0.00022139682550914586
203536,0.0009081610478460789
203552,0.0009804731234908104
203568,0.00023300174507312477
203584,0.0005316064925864339
203600,0.0001729797077132389
203616,0.000216604137676768
203632,0.1341121643781662
203648,0.00028385856421664357
203664,0.0003562883357517421
203680,0.0005284692160785198
203696,0.00286081712692976
203712,0.002490436192601919
203728,0.0004074572352692485
203744,0.0005515177035704255
203760,0.047059640288352966
203776,0.0002779157948680222
203792,0.00010726842447184026
203808,0.0016963192028924823
203824,0.010265106335282326
203840,0.00033694232115522027
203856,0.0013345775660127401
203872,0.00018578139133751392
203888,0.000549048651009798
203904,0.00021196002489887178
203920,0.0004679322009906173
203936,0.00014527555322274566
203952,0.00292480131611228
203968,9.076223068404943e-05
203984,0.00019591230375226587
204000,0.0001651088532526046
204016,0.0012541189789772034
204032,0.02896713651716709
204048,0.00020847318228334188
204064,0.0038351789116859436
204080,0.00040851085213944316
204096,0.00013329446665011346
204112,0.00033030714257620275
204128,0.00010485782695468515
204144,0.0022102086804807186
204160,0.00031497867894358933
204176,0.0002794273314066231
204192,0.0003162480716127902
204208,0.0003466149792075157
204224,0.0008337675826624036
204240,0.004035349003970623
204256,0.0006545014912262559
204272,0.0007100187940523028
204288,0.0056703705340623856
204304,0.0006761300610378385
204320,0.00018452515359967947
204336,0.001698971027508378
204352,0.00024765037233009934
204368,0.03594256564974785
204384,0.00031151255825534463
204400,0.0006182048236951232
204416,0.0016625251155346632
204432,0.0036128764040768147
204448,0.0004589773016050458
204464,0.0006295940256677568
204480,0.006817193236202002
204496,0.0005302714998833835
204512,0.0002882733242586255
204528,0.0004929552087560296
204544,0.02095637284219265
204560,0.00030542834429070354
204576,0.0005116304382681847
204592,0.003102234099060297
204608,0.0011512667406350374
204624,0.002668954897671938
204640,0.0034047558438032866
204656,0.0010312494123354554
204672,0.0003402644651941955
204688,0.0008431648602709174
204704,0.0002839677035808563
204720,0.0034955344162881374
204736,0.0011557766702026129
204752,0.013873633928596973
204768,0.00016299026901833713
204784,0.000641017104499042
204800,0.0002992474182974547
204816,0.0005859583034180105
204832,0.00015534681733697653
204848,0.003234057454392314
204864,0.0003008405619766563
204880,0.00036863016430288553
204896,0.0007657227106392384
204912,0.0004498127964325249
204928,0.021520094946026802
204944,0.0005738196196034551
204960,0.0002317365288035944
204976,0.0001593848573975265
204992,0.005192026030272245
205008,0.00043959662434644997
205024,0.0008994164527393878
205040,0.004148924723267555
205056,0.0011545214802026749
205072,0.0006954727577976882
205088,0.010510174557566643
205104,0.0005196164129301906
205120,0.004143696278333664
205136,0.0008780108182691038
205152,0.0007449764525517821
205168,0.00028319068951532245
205184,0.0007108913268893957
205200,0.00042501481948420405
205216,0.0006232865271158516
205232,0.00063704838976264
205248,0.001613000757060945
205264,0.0003403404843993485
205280,0.06789284199476242
205296,0.0002927052555605769
205312,0.005327959079295397
205328,0.03767307102680206
205344,0.0032208242919296026
205360,0.00030339861405082047
205376,0.000551900127902627
205392,9.991348633775488e-05
205408,0.0016199684469029307
205424,0.0006126782391220331
205440,0.00015929665823932737
205456,0.0022256411612033844
205472,0.0006437933770939708
205488,0.002786567434668541
205504,0.00034743212745524943
205520,0.00039658084278926253
205536,0.0004027372342534363
205552,0.0001441682397853583
205568,0.0011254234705120325
205584,0.00010739767458289862
205600,0.0002919024263974279
205616,0.00020933451014570892
205632,0.00809326209127903
205648,0.008579323068261147
205664,0.0017656311392784119
205680,0.0002217246510554105
205696,0.0001800708705559373
205712,0.000304843473713845
205728,0.0007407712982967496
205744,0.0007746698101982474
205760,0.0018591803964227438
205776,0.025566713884472847
205792,0.0003560593177098781
205808,0.003917202819138765
205824,0.0005544093437492847
205840,0.008209198713302612
205856,0.00046399954590015113
205872,0.02588961087167263
205888,0.0004389110254123807
205904,0.005831534042954445
205920,0.000714207417331636
205936,0.0016562248347327113
205952,0.0016652800841256976
205968,0.011514238081872463
205984,0.00040813497616909444
206000,0.00017327019304502755
206016,0.0005201305611990392
206032,0.0015832803910598159
206048,0.05051778629422188
206064,0.1390814334154129
206080,0.0010303290328010917
206096,0.008467664010822773
206112,0.0003923333715647459
206128,0.00015113866538740695
206144,0.0005089550977572799
206160,0.0005682070041075349
206176,0.00032394708250649273
206192,0.008118495345115662
206208,0.007559605408459902
206224,0.0008352171862497926
206240,0.0016197647200897336
206256,0.0018666177056729794
206272,0.0006135125877335668
206288,0.0007744948379695415
206304,0.10150033980607986
206320,0.0002745425153989345
206336,0.00016421591863036156
206352,0.00029669320792891085
206368,0.0004877608153037727
206384,0.0004734054673463106
206400,0.00020201512961648405
206416,0.000898428843356669
206432,0.0094336848706007
206448,0.0006202405784279108
206464,0.002071383409202099
206480,0.000481996190501377
206496,0.0006404738523997366
206512,0.0001645734446356073
206528,0.0013839000603184104
206544,0.0004643768770620227
206560,0.07051389664411545
206576,0.00022173940669745207
206592,0.0002950538182631135
206608,0.00014189562352839857
206624,0.09147481620311737
206640,0.0002374609321122989
206656,0.0003686182026285678
206672,0.0005717125022783875
206688,0.0002079802070511505
206704,0.00024370731262024492
206720,0.00150480295997113
206736,0.00017834895697887987
206752,0.0022973311133682728
206768,0.0014933375641703606
206784,0.0026325101498514414
206800,0.0010974754113703966
206816,0.002285828348249197
206832,0.00039584553451277316
206848,0.0005002533434890211
206864,0.000752399442717433
206880,0.000938461278565228
206896,0.0004270098579581827
206912,0.10861564427614212
206928,0.0002175237750634551
206944,0.02076703868806362
206960,0.0002737977192737162
206976,0.0002594128018245101
206992,0.0018821153789758682
207008,0.00024832269991748035
207024,0.000830884266179055
207040,0.0018512036185711622
207056,0.005733203608542681
207072,0.00017373071750625968
207088,0.00046505650971084833
207104,0.00031386417686007917
207120,0.002833779202774167
207136,0.0005898909876123071
207152,0.00274800811894238
207168,0.0009534091805107892
207184,0.0005871816538274288
207200,0.00038444242090918124
207216,0.0005396206397563219
207232,0.0016496204771101475
207248,0.0014212143141776323
207264,0.0005859400844201446
207280,0.0002483459247741848
207296,0.01781182363629341
207312,0.0023887446150183678
207328,0.005570574663579464
207344,0.000959607888944447
207360,0.0007356148562394083
207376,0.00021668468252755702
207392,0.00036350273876450956
207408,0.00010533592285355553
207424,0.0003427137853577733
207440,0.0001652067294344306
207456,0.0035784135106951
207472,0.0013243027497082949
207488,0.0042526936158537865
207504,0.0013467823155224323
207520,0.0003423980379011482
207536,0.00026660136063583195
207552,0.10915045440196991
207568,0.00020087315351702273
207584,0.0010629445314407349
207600,0.005298295058310032
207616,0.0007393114501610398
207632,0.0019441951299086213
207648,0.00317857856862247
207664,0.0033350884914398193
207680,0.004579791333526373
207696,0.0019233373459428549
207712,0.0045680757611989975
207728,0.0003283557016402483
207744,0.0027464593295007944
207760,0.0036468845792114735
207776,0.0007071660365909338
207792,0.0016986415721476078
207808,0.01788862608373165
207824,0.01379312016069889
207840,0.00032781442860141397
207856,0.0007787302020005882
207872,0.002175429603084922
207888,0.0011119922855868936
207904,0.0015598895261064172
207920,0.0002035817742580548
207936,0.0006054567056708038
207952,0.000899730424862355
207968,0.15272270143032074
207984,0.0006950271781533957
208000,0.0006135274888947606
208016,0.0005411352613009512
208032,0.016682183369994164
208048,0.0005263894563540816
208064,0.00036700296914204955
208080,0.0009139987523667514
208096,0.0007916325703263283
208112,0.0004288964264560491
208128,0.00026212906232103705
208144,0.0002428266452625394
208160,0.0009191035642288625
208176,0.00020630644576158375
208192,0.0011762897484004498
208208,0.0006433040252886713
208224,0.08208178728818893
208240,0.0003433262463659048
208256,0.0003954270505346358
208272,0.0002504802541807294
208288,0.0010278216795995831
208304,0.00019404850900173187
208320,0.0002078251272905618
208336,0.0006649859715253115
208352,0.00013001746265217662
208368,0.0008534543449059129
208384,0.0002587268827483058
208400,0.0002893487981054932
208416,0.0004104142135474831
208432,0.00026856979820877314
208448,0.0006219371571205556
208464,0.00011711817933246493
208480,0.0001883750519482419
208496,0.0005811661249026656
208512,0.0025711420457810163
208528,0.0005805229884572327
208544,0.0009732951293699443
208560,0.0001847543753683567
208576,0.0006627080729231238
208592,0.00034035975113511086
208608,0.0016296973917633295
208624,0.0007916660397313535
208640,0.0014222010504454374
208656,0.0010309269418939948
208672,0.004046653863042593
208688,0.0013323030434548855
208704,0.0006455480470322073
208720,0.00031673855846747756
208736,0.0006472555687651038
208752,0.0003655539476312697
208768,0.0003209133865311742
208784,0.0033379606902599335
208800,0.004206862300634384
208816,0.000586424779612571
208832,0.00272084167227149
208848,0.002519788686186075
208864,0.00038023339584469795
208880,0.0003388769109733403
208896,0.030641689896583557
208912,0.002668956061825156
208928,0.0005201114690862596
208944,0.0015555955469608307
208960,0.0017486230935901403
208976,0.0002182020980399102
208992,0.0007423270726576447
209008,0.00019520605565048754
209024,0.01907101646065712
209040,0.00044061726657673717
209056,0.0004978355718776584
209072,0.001501374295912683
209088,0.13800959289073944
209104,0.12941999733448029
209120,0.03174331411719322
209136,0.013969777151942253
209152,0.0011733232531696558
209168,0.0005308941472321749
209184,0.007810250855982304
209200,0.005694509483873844
209216,0.002794174011796713
209232,0.0014774618903174996
209248,0.004269874654710293
209264,0.0006661062361672521
209280,0.029540563002228737
209296,0.0020920734386891127
209312,0.0004485802783165127
209328,0.0005093745421618223
209344,0.00025426322827115655
209360,0.0008709621033631265
209376,0.06156553700566292
209392,0.0005750918062403798
209408,0.00010344661131966859
209424,0.0009804994333535433
209440,0.0003433650708757341
209456,0.0006644597742706537
209472,0.00015885417815297842
209488,0.00028342101722955704
209504,0.0009179312619380653
209520,0.0003820202546194196
209536,0.0005088657489977777
209552,0.000310688279569149
209568,0.00021804083371534944
209584,0.0007876736344769597
209600,0.0008087629685178399
209616,0.0004106969281565398
209632,0.0005785491084679961
209648,0.002060855971649289
209664,0.00015268169227056205
209680,0.0002935411757789552
209696,0.00015055535186547786
209712,0.0010490200947970152
209728,0.00043876012205146253
209744,7.901950448285788e-05
209760,0.13452020287513733
209776,0.0026351590640842915
209792,0.00224365945905447
209808,0.00039526360342279077
209824,0.0037284046411514282
209840,0.0013912817230448127
209856,0.0010522975353524089
209872,0.00025849597295746207
209888,0.0002670184476301074
209904,0.003503627609461546
209920,0.0002462462580297142
209936,0.0008565408061258495
209952,0.005067700054496527
209968,0.0005061905831098557
209984,0.0008341200300492346
210000,0.001387068536132574
210016,0.0008102830033749342
210032,0.0004470115527510643
210048,0.0002861312823370099
210064,0.007183420937508345
210080,0.0005980930291116238
210096,0.0026337921153753996
210112,0.0002829604782164097
210128,0.0008537259418517351
210144,0.009486031718552113
210160,0.00139508000575006
210176,0.00025525985984131694
210192,0.00020179347484372556
210208,0.000629930873401463
210224,0.0006332604680210352
210240,0.0001153559351223521
210256,0.0005111148348078132
210272,8.933678327593952e-05
210288,0.00024447456235066056
210304,0.00012146393419243395
210320,0.0003855473187286407
210336,0.0019721360877156258
210352,0.008486580103635788
210368,0.0001334065163973719
210384,0.003520337864756584
210400,0.001298232702538371
210416,0.0004881489439867437
210432,0.0006532982224598527
210448,0.0002843335678335279
210464,0.00273675424978137
210480,0.003081162227317691
210496,0.0009385691373609006
210512,0.035523444414138794
210528,0.0004039633204229176
210544,0.004674096591770649
210560,0.0002913674106821418
210576,0.0006875832914374769
210592,0.011382323689758778
210608,0.0005708583048544824
210624,0.00022993415768723935
210640,0.0006033625104464591
210656,0.0005035992944613099
210672,0.0006497391732409596
210688,0.012135296128690243
210704,7.386362995021045e-05
210720,0.00030457269167527556
210736,0.00030072577646933496
210752,0.004983414430171251
210768,0.0006835897220298648
210784,0.00028471945552155375
210800,0.0002104171144310385
210816,0.0010120045626536012
210832,0.003168395720422268
210848,0.11313973367214203
210864,0.001936509506776929
210880,0.0008741955971345305
210896,0.0022489926777780056
210912,0.004866591654717922
210928,0.002533853519707918
210944,0.0005775999743491411
210960,0.0009489886579103768
210976,0.005061671603471041
210992,0.00010530842700973153
211008,0.001672873622737825
211024,0.000213642546441406
211040,0.0003402510774321854
211056,0.0012369004543870687
211072,0.0004639785038307309
211088,0.00014217296848073602
211104,0.0005486092413775623
211120,0.0018151653930544853
211136,0.00014378433115780354
211152,0.00011667633953038603
211168,0.0002195629640482366
211184,0.00014139119593892246
211200,0.0015972115797922015
211216,0.002658542012795806
211232,0.0012445682659745216
211248,0.0007052651490084827
211264,0.0185365192592144
211280,0.0002043737331405282
211296,0.0002690456167329103
211312,0.0010593949118629098
211328,0.000766806653700769
211344,0.006734389346092939
211360,0.0005176116246730089
211376,0.000385431747417897
211392,0.0007286774925887585
211408,0.011682604439556599
211424,0.0009454757673665881
211440,0.0008340376662090421
211456,0.0010856683366000652
211472,0.00037103990325704217
211488,0.005900671239942312
211504,0.002055917866528034
211520,0.0007071702275425196
211536,0.0026960461400449276
211552,0.0002649810048751533
211568,0.0021524480544030666
211584,0.0003032425884157419
211600,0.0015413588844239712
211616,0.0001478330377722159
211632,0.0012638896005228162
211648,0.0007940862560644746
211664,0.00021346552239265293
211680,0.00041796156438067555
211696,0.001913159852847457
211712,0.0039873626083135605
211728,0.0014783453661948442
211744,0.0717967301607132
211760,0.00048355181934311986
211776,0.0010045366361737251
211792,0.001220107777044177
211808,0.00022479286417365074
211824,0.004222389310598373
211840,0.00021824438590556383
211856,0.0005660351598635316
211872,0.0005279125180095434
211888,0.0007417913293465972
211904,0.003495480865240097
211920,0.00024769053561612964
211936,0.040322232991456985
211952,0.012368426658213139
211968,0.0006327992887236178
211984,0.0027001691050827503
212000,0.0093341413885355
212016,0.0034649563021957874
212032,0.13529041409492493
212048,0.0013039361219853163
212064,0.003554019145667553
212080,0.001990173477679491
212096,0.000871320953592658
212112,0.0011194526450708508
212128,0.0019154924666509032
212144,0.001820827485062182
212160,0.0024683824740350246
212176,0.0031448230147361755
212192,0.024337293580174446
212208,0.004202776588499546
212224,0.0009244312532246113
212240,0.0060308887623250484
212256,0.019008520990610123
212272,0.0005681798793375492
212288,0.0006450599175877869
212304,0.0007972826715558767
212320,0.0004479045164771378
212336,0.000322608306305483
212352,0.001402864814735949
212368,0.0004021411295980215
212384,0.0021156861912459135
212400,0.00031390570802614093
212416,0.0004161610559094697
212432,0.007960960268974304
212448,0.0008876450592651963
212464,0.000274909776635468
212480,0.00033575770794413984
212496,0.0017560698324814439
212512,0.0003540743491612375
212528,0.0009934771806001663
212544,0.0014895657077431679
212560,0.002080334583297372
212576,0.0030150592792779207
212592,0.0008745351806282997
212608,0.0024849979672580957
212624,0.0008747685933485627
212640,0.004516952205449343
212656,0.0006269104778766632
212672,0.0003165945818182081
212688,0.022166620939970016
212704,0.0020091733895242214
212720,0.004316261038184166
212736,0.024797290563583374
212752,0.0012086126953363419
212768,0.00035130896139889956
212784,0.001124054891988635
212800,0.004422970116138458
212816,0.05878656357526779
212832,0.0032379489857703447
212848,0.0005568405031226575
212864,0.0003779622493311763
212880,0.0008426785934716463
212896,0.00028855190612375736
212912,0.003096903907135129
212928,0.0003780988627113402
212944,0.0008508419268764555
212960,0.0016892529092729092
212976,0.0062091839499771595
212992,0.00124760577455163
213008,0.0002587442868389189
213024,0.005622905679047108
213040,0.0012880086433142424
213056,0.00028696557274088264
213072,0.0034516057930886745
213088,0.0014236384304240346
213104,0.0003992417478002608
213120,0.02966553159058094
213136,0.0004071781877428293
213152,0.008707025088369846
213168,0.00016432974371127784
213184,0.0002350423892494291
213200,0.0006583285867236555
213216,0.018598629161715508
213232,0.00016849293024279177
213248,0.0009657636983320117
213264,0.06179463490843773
213280,0.0033787358552217484
213296,0.015264390036463737
213312,0.0007643899880349636
213328,0.006293728481978178
213344,0.026085255667567253
213360,0.00377758895047009
213376,0.010690039023756981
213392,0.0005813045427203178
213408,0.0019263818394392729
213424,0.010303704999387264
213440,0.00044069209252484143
213456,0.0028599801007658243
213472,0.0021235584281384945
213488,0.0012789899483323097
213504,0.0003209460119251162
213520,0.002367499517276883
213536,0.007044814992696047
213552,0.000578727456741035
213568,0.0028491071425378323
213584,0.001081068185158074
213600,0.002530656987801194
213616,0.0003661283990368247
213632,0.0001382817281410098
213648,0.00038027355913072824
213664,0.00013701835996471345
213680,0.0035919102374464273
213696,0.00013123176177032292
213712,0.07168333232402802
213728,0.0005620591691695154
213744,0.0007580260862596333
213760,0.0005617972929030657
213776,0.00023316948499996215
213792,0.0001834048016462475
213808,0.0001805209758458659
213824,0.006013281177729368
213840,0.0020848570857197046
213856,0.003281818702816963
213872,0.0029418813064694405
213888,0.0005279518663883209
213904,0.020710019394755363
213920,0.14195147156715393
213936,0.0007715407991781831
213952,0.0008001901442185044
213968,0.00022876741422805935
213984,0.013295958749949932
214000,0.0004594706988427788
214016,0.0006637114565819502
214032,0.0006034670514054596
214048,0.0009216046310029924
214064,0.0012632068246603012
214080,0.0006337750237435102
214096,0.0264684297144413
214112,0.008202357217669487
214128,0.132572203874588
214144,0.0018679770873859525
214160,0.0015447124605998397
214176,0.0025781411677598953
214192,0.003223756095394492
214208,0.010280619375407696
214224,0.00044160557445138693
214240,0.0005579724092967808
214256,0.005717000924050808
214272,0.001996097154915333
214288,0.0015262230299413204
214304,0.00011124358570668846
214320,0.00029297152650542557
214336,0.0017896774224936962
214352,0.005756983067840338
214368,0.0017795333405956626
214384,0.00043425464536994696
214400,0.0017299880273640156
214416,0.003690142184495926
214432,0.05886732041835785
214448,0.0006663904059678316
214464,0.1283343881368637
214480,0.0024665938690304756
214496,0.0015384610742330551
214512,0.007188760209828615
214528,0.0007649162434972823
214544,0.00017718442541081458
214560,0.0006555157015100121
214576,0.0006014126120135188
214592,0.0006900157895870507
214608,0.001300874981097877
214624,0.0016774272080510855
214640,0.033041518181562424
214656,0.0005878495285287499
214672,0.0021353207994252443
214688,0.001398824853822589
214704,0.0001865709200501442
214720,0.0017413429450243711
214736,0.0016616745851933956
214752,0.0020601132418960333
214768,0.000461942283436656
214784,0.06702564656734467
214800,0.0055894809775054455
214816,0.007460641209036112
214832,0.0004521638329606503
214848,0.0008470171596854925
214864,0.0001241378195118159
214880,0.00081586220767349
214896,0.0003659563953988254
214912,0.002711864421144128
214928,0.0005258552846498787
214944,0.0001731433003442362
214960,0.000744285061955452
214976,0.00023376272292807698
214992,0.0018432223005220294
215008,0.06539200246334076
215024,0.00033463098225183785
215040,0.0006527164950966835
215056,0.002198068192228675
215072,0.0006960263708606362
215088,0.0007200191030278802
215104,0.000831394805572927
215120,0.0031545301899313927
215136,0.00034842832246795297
215152,0.0014532773056998849
215168,0.0011490469332784414
215184,0.001294489367865026
215200,0.0020548454485833645
215216,0.00045016466174274683
215232,0.0016996581107378006
215248,0.0012805929873138666
215264,0.003872780129313469
215280,0.004387694876641035
215296,0.00022844345949124545
215312,0.00020579161355271935
215328,9.136045991908759e-05
215344,0.004004635848104954
215360,0.0009869541972875595
215376,0.0007093651220202446
215392,0.00029764173086732626
215408,0.012599403038620949
215424,0.0009386505698785186
215440,0.004916802514344454
215456,0.0014311183476820588
215472,0.0005285520455799997
215488,0.00017219790606759489
215504,0.0032138098031282425
215520,0.0005972940707579255
215536,0.00036175682907924056
215552,0.0001338361471425742
215568,0.00090396887389943
215584,0.0016981116496026516
215600,0.00037435872945934534
215616,0.0012628677068278193
215632,0.0022702347487211227
215648,0.0011946543818339705
215664,0.00035790292895399034
215680,0.0005104477168060839
215696,0.0020398034248501062
215712,0.0018104931805282831
215728,0.000748347258195281
215744,0.0001990438613574952
215760,0.08733907341957092
215776,0.00041486171539872885
215792,0.002145341131836176
215808,0.00499248132109642
215824,0.0003839834243990481
215840,0.0005628735525533557
215856,0.0006794873042963445
215872,0.0002183790784329176
215888,0.00019053513824474066
215904,0.0001810165267670527
215920,0.027311157435178757
215936,0.13228397071361542
215952,0.0007264325395226479
215968,0.0006065517081879079
215984,0.0003762024862226099
216000,0.0003195063618477434
216016,0.0006918262806721032
216032,0.0008754082955420017
216048,0.0025599838700145483
216064,0.07128986716270447
216080,0.004116642288863659
216096,0.0005923842545598745
216112,0.09592191874980927
216128,0.025729887187480927
216144,0.0006677708588540554
216160,0.0009434756939299405
216176,0.029913125559687614
216192,0.0010937473271042109
216208,0.0042044720612466335
216224,0.0005480393301695585
216240,0.0006953038973733783
216256,0.0017980571137741208
216272,0.018659789115190506
216288,0.0009303537080995739
216304,0.00018697573977988213
216320,0.0063260747119784355
216336,0.0037633157335221767
216352,0.00027656342717818916
216368,0.0004312573582865298
216384,0.0005436780629679561
216400,0.005839857738465071
216416,0.0010671988129615784
216432,0.0002905973233282566
216448,0.0019314426463097334
216464,0.00022978460765443742
216480,0.0014469684101641178
216496,0.004157454241067171
216512,0.0014170292997732759
216528,0.000740064075216651
216544,0.0005545583553612232
216560,0.0005414182087406516
216576,0.0006108928937464952
216592,0.0009736696374602616
216608,0.00041142094414681196
216624,0.0012939589796587825
216640,0.0005934634828008711
216656,0.0009781528497114778
216672,0.0004025381349492818
216688,0.0017594107193872333
216704,0.001954804640263319
216720,0.0018674692837521434
216736,0.0017668080981820822
216752,0.0008041656110435724
216768,0.00011779932538047433
216784,0.0006923226173967123
216800,0.00023635619436390698
216816,0.0002942256978712976
216832,0.10417331755161285
216848,0.0011103053111582994
216864,0.0004936510813422501
216880,0.0002950038469862193
216896,0.00035643327282741666
216912,0.00033709820127114654
216928,0.00046526198275387287
216944,0.0004087868146598339
216960,0.0003261114179622382
216976,0.0009333482594229281
216992,0.0003023577155545354
217008,0.0012174231233075261
217024,0.0012787223095074296
217040,0.0004896316677331924
217056,0.00047126150457188487
217072,0.0018609429243952036
217088,0.000477515219245106
217104,0.0008616526611149311
217120,0.019867317751049995
217136,0.013045581988990307
217152,0.0009890921646729112
217168,0.0012364264111965895
217184,0.010851390659809113
217200,0.13179834187030792
217216,0.0005980494315735996
217232,0.006321276072412729
217248,0.00047609186731278896
217264,0.11838893592357635
217280,0.0036657981108874083
217296,0.0005988526390865445
217312,0.00024597797892056406
217328,0.007099073845893145
217344,0.0005582495359703898
217360,0.0003780809638556093
217376,0.0015639245975762606
217392,0.12525637447834015
217408,0.000914689851924777
217424,0.0014120280975475907
217440,0.0004273558733984828
217456,0.0007161060348153114
217472,0.00245130667462945
217488,0.004393495619297028
217504,0.00042034697253257036
217520,0.0004929042770527303
217536,0.0010826801881194115
217552,0.0012157908640801907
217568,0.0010922549990937114
217584,0.0023017532657831907
217600,0.002174751367419958
217616,0.0010947567643597722
217632,0.0005333629669621587
217648,0.00269999448210001
217664,0.0007219969993457198
217680,0.0001898115297080949
217696,0.011969530954957008
217712,0.00047289568465203047
217728,0.0005327618564479053
217744,0.014042367227375507
217760,0.006441446952521801
217776,0.01393831241875887
217792,0.003081011585891247
217808,0.019419202581048012
217824,0.005168814677745104
217840,0.0010619566310197115
217856,0.00026129448087885976
217872,0.015779748558998108
217888,0.0004332617681939155
217904,0.0009639143827371299
217920,0.003413705388084054
217936,0.0060988496989011765
217952,0.0010736157419160008
217968,0.010220003314316273
217984,0.0064340694807469845
218000,0.0008536720415577292
218016,0.0026791135314852
218032,0.006498079746961594
218048,0.13040077686309814
218064,0.0019036331214010715
218080,0.0017093680799007416
218096,0.0005650647217407823
218112,0.0032661433797329664
218128,0.003295500995591283
218144,0.0003782135318033397
218160,0.0101546049118042
218176,0.0007833829149603844
218192,0.007290571928024292
218208,0.0011215332197025418
218224,0.002575099701061845
218240,0.0010715615935623646
218256,0.0001672937214607373
218272,0.00029312685364857316
218288,0.00042640138417482376
218304,0.001890524523332715
218320,0.0003661698428913951
218336,0.002083531115204096
218352,0.00020152660727035254
218368,0.0020401254296302795
218384,0.003702195594087243
218400,0.0007259014528244734
218416,0.0002628781949169934
218432,0.0003091733087785542
218448,0.00018008609185926616
218464,0.0075054834596812725
218480,0.0011892318725585938
218496,0.00018651974096428603
218512,0.0010728243505582213
218528,0.005084770731627941
218544,0.000968222739174962
218560,0.0007902092766016722
218576,0.01894243434071541
218592,0.0004784895572811365
218608,0.0008305101655423641
218624,0.00043245198321528733
218640,0.0003375030355527997
218656,0.004808828234672546
218672,0.001169490860775113
218688,0.02652527391910553
218704,0.00023574182705488056
218720,0.012070736847817898
218736,0.0007786921341903508
218752,0.2319519817829132
218768,0.005902670789510012
218784,0.00043190503492951393
218800,0.0005286942468956113
218816,0.002426239661872387
218832,0.000476166169391945
218848,0.00035087138530798256
218864,0.001028287224471569
218880,0.00031550577841699123
218896,0.0007075880421325564
218912,0.00392587436363101
218928,0.001390337711200118
218944,0.00014758863835595548
218960,0.00047465768875554204
218976,0.0011439353693276644
218992,0.00019972369773313403
219008,0.002816504333168268
219024,0.0007672456558793783
219040,0.0005285912775434554
219056,0.0003336010267958045
219072,0.013016365468502045
219088,0.0018374264473095536
219104,0.0010541302617639303
219120,0.0009960028110072017
219136,0.0014245137572288513
219152,0.006619823630899191
219168,0.0004166980797890574
219184,0.0007123064715415239
219200,0.00031256774673238397
219216,0.003337477333843708
219232,0.000760312017519027
219248,0.0017874541226774454
219264,0.015402885153889656
219280,0.0006503419717773795
219296,0.00018812352209351957
219312,0.00019369894289411604
219328,0.023842472583055496
219344,0.14767856895923615
219360,0.0005907921586185694
219376,0.0013439594767987728
219392,0.011228720657527447
219408,0.0018198415637016296
219424,0.00046405516332015395
219440,0.1399100124835968
219456,0.002292474266141653
219472,0.04639832302927971
219488,0.00040572817670181394
219504,0.0006614850135520101
219520,0.0002699033939279616
219536,0.004090261645615101
219552,0.0002731351414695382
219568,0.00017923944687936455
219584,0.001071294886060059
219600,0.009675699286162853
219616,0.000402842037146911
219632,0.0007641916163265705
219648,0.0008999226847663522
219664,0.0040769255720078945
219680,0.008652890101075172
219696,0.0010539492359384894
219712,0.0033240853808820248
219728,0.0012192806461825967
219744,0.0003318516828585416
219760,0.00643171276897192
219776,0.002904833760112524
219792,0.12938456237316132
219808,0.0032660258002579212
219824,0.001008285558782518
219840,0.0003903425531461835
219856,0.00026837291079573333
219872,0.0004961370723322034
219888,0.0004303974856156856
219904,0.000929616391658783
219920,0.00024586915969848633
219936,0.13742239773273468
219952,0.00045349783613346517
219968,0.00043058887240476906
219984,0.0017102258279919624
220000,0.003944024443626404
220016,0.0011128764599561691
220032,0.002354100812226534
220048,0.0006142029305920005
220064,0.005588738713413477
220080,0.00018276757327839732
220096,0.00035682361340150237
220112,0.00024476891849189997
220128,0.0004185129073448479
220144,0.007166636176407337
220160,0.0012805539881810546
220176,0.0007545474218204618
220192,0.0015965948114171624
220208,0.0009773288620635867
220224,0.0035213944502174854
220240,0.012019390240311623
220256,0.10013196617364883
220272,0.001970532350242138
220288,0.00036833115154877305
220304,0.000785881478805095
220320,0.0011169585632160306
220336,0.0029930940363556147
220352,0.0018263575620949268
220368,0.0273746270686388
220384,0.004761586431413889
220400,0.0004275732208043337
220416,0.001872142544016242
220432,0.0009384143631905317
220448,0.001396977691911161
220464,0.00028341234428808093
220480,0.004735174588859081
220496,0.00396015215665102
220512,0.0017351193819195032
220528,0.0007492467993870378
220544,0.0006532611441798508
220560,0.0002629895170684904
220576,0.00036299132625572383
220592,0.003775474149733782
220608,0.009441414847970009
220624,0.0002591369557194412
220640,0.0013606520369648933
220656,0.0005628307117149234
220672,0.017239730805158615
220688,0.14422598481178284
220704,0.00036574038676917553
220720,0.0004963933024555445
220736,0.002448165323585272
220752,0.0025610204320400953
220768,0.003182915737852454
220784,0.0005096741952002048
220800,0.00016349725774489343
220816,0.00018253439338877797
220832,0.0005311487475410104
220848,0.0006140074110589921
220864,0.0007028456311672926
220880,0.0002676266594789922
220896,0.0003235772019252181
220912,0.0006085314671508968
220928,0.0005237889708951116
220944,0.0007687152829021215
220960,0.0010075641330331564
220976,0.0002740769414231181
220992,0.00013307767221704125
221008,0.0005320317577570677
221024,0.00016914575826376677
221040,0.016720620915293694
221056,0.000543109723366797
221072,0.003192878793925047
221088,0.00036294947494752705
221104,0.007895021699368954
221120,0.0010795455891638994
221136,0.00044664207962341607
221152,0.043042659759521484
221168,0.001248802407644689
221184,0.001907134079374373
221200,0.00012862200674135238
221216,0.0006000503781251609
221232,0.000634420954156667
221248,0.0006893317331559956
221264,0.07646188139915466
221280,0.0016953912563621998
221296,0.0003157752216793597
221312,0.005397789180278778
221328,0.010247083380818367
221344,0.001175965298898518
221360,0.00048284005606547
221376,0.00036725547397509217
221392,0.0006922899046912789
221408,0.0006009046919643879
221424,0.0005338502814993262
221440,0.0006566328811459243
221456,0.00045345514081418514
221472,0.00023030911688692868
221488,0.0010963226668536663
221504,0.0004725262406282127
221520,0.004035085905343294
221536,0.0033010777551680803
221552,0.000771104940213263
221568,0.0010235619265586138
221584,0.00033254915615543723
221600,0.05663078650832176
221616,0.0004104464896954596
221632,0.0004009988042525947
221648,0.0005123189766891301
221664,0.00034443140611983836
221680,0.00014414546603802592
221696,0.0013162251561880112
221712,0.0005669702659361064
221728,0.00015929676010273397
221744,0.0011697810841724277
221760,0.0023290286771953106
221776,0.001155965612269938
221792,0.0005877101793885231
221808,0.0014404976973310113
221824,0.00036864099092781544
221840,0.0006056296988390386
221856,0.0007492937729693949
221872,0.002282071625813842
221888,0.0002285540394950658
221904,0.003788281697779894
221920,0.00192833854816854
221936,0.00033442230778746307
221952,0.0009098361479118466
221968,0.00041511363815516233
221984,0.0007090037688612938
222000,0.00022572209127247334
222016,0.0007574398769065738
222032,0.0013087120605632663
222048,0.00016587396385148168
222064,9.249876893591136e-05
222080,0.0006169764092192054
222096,0.00018685008399188519
222112,0.0002461971889715642
222128,0.0037045488134026527
222144,0.0008424786501564085
222160,0.0016499407356604934
222176,0.00020399040658958256
222192,0.001079244539141655
222208,0.00025886361254379153
222224,0.004045268055051565
222240,0.00019312725635245442
222256,0.00012527730723377317
222272,0.0008427565917372704
222288,0.0032562122214585543
222304,0.00025948171969503164
222320,0.003235457232221961
222336,0.058836933225393295
222352,0.00018239878409076482
222368,0.0014604515163227916
222384,0.00016836373833939433
222400,0.00036670241388492286
222416,0.005616776179522276
222432,0.00025653044576756656
222448,0.00020108988974243402
222464,0.003042730735614896
222480,0.00019646120199467987
222496,0.009056991897523403
222512,0.015632914379239082
222528,0.002731556072831154
222544,0.0001816613948903978
222560,0.00048392132157459855
222576,0.0009501290041953325
222592,0.0006487080827355385
222608,0.00032359742908738554
222624,0.002041863976046443
222640,0.001068540383130312
222656,0.0013163206167519093
222672,0.00048746680840849876
222688,0.0006398451514542103
222704,0.0008476010989397764
222720,0.0005261498736217618
222736,0.13666458427906036
222752,0.005877740681171417
222768,0.001379021443426609
222784,0.0020627505145967007
222800,0.0010052103316411376
222816,0.0005683707422576845
222832,0.040430426597595215
222848,0.0009722500690259039
222864,0.006627155467867851
222880,0.0005704299546778202
222896,0.002567078685387969
222912,0.0008044389542192221
222928,0.0005424582050181925
222944,0.031048603355884552
222960,0.0013593118637800217
222976,0.0006566481315530837
222992,0.006012088153511286
223008,0.0003492302494123578
223024,0.0008830423466861248
223040,0.0009835197124630213
223056,0.0005253442213870585
223072,0.026663685217499733
223088,0.0007246062159538269
223104,0.0021548494696617126
223120,0.0002201690513174981
223136,0.00033328053541481495
223152,0.0003258914512116462
223168,0.0002598497085273266
223184,0.0002921177074313164
223200,0.0014227429637685418
223216,0.00027018325636163354
223232,0.0002578870626166463
223248,0.0008635275298729539
223264,0.0004258209664840251
223280,0.006096326746046543
223296,0.0005569607601501048
223312,0.00573971401900053
223328,0.0015782441478222609
223344,0.0007151761674322188
223360,0.0010819758754223585
223376,0.0005242030019871891
223392,0.02097991108894348
223408,0.0012518279254436493
223424,0.07064259052276611
223440,0.0013688986655324697
223456,0.002439003437757492
223472,0.001207444816827774
223488,0.0011860118247568607
223504,0.00035443613887764513
223520,0.0007292607333511114
223536,0.003074159612879157
223552,0.00032371492125093937
223568,0.060783978551626205
223584,0.0002567042538430542
223600,0.004290915559977293
223616,0.001931664883159101
223632,0.0005334311863407493
223648,0.0014880270464345813
223664,0.0004712312947958708
223680,0.004398570861667395
223696,0.0007505292305722833
223712,0.004973683040589094
223728,0.15475302934646606
223744,0.0005287345265969634
223760,0.0006152877467684448
223776,0.008115413598716259
223792,0.0005221986211836338
223808,0.0011817003833130002
223824,0.003909733146429062
223840,0.0002573105739429593
223856,0.00013701988791581243
223872,0.0015425649471580982
223888,0.0005812922609038651
223904,0.07200369983911514
223920,0.0006852152873761952
223936,0.0021416163071990013
223952,0.0012418844271451235
223968,0.0008979198173619807
223984,0.0013380007585510612
224000,0.002127397805452347
224016,0.0016721419524401426
224032,0.08189567923545837
224048,0.002942702267318964
224064,0.0013400877360254526
224080,0.02824595756828785
224096,0.0011049655731767416
224112,0.00030357931973412633
224128,0.01028497889637947
224144,0.0005170232616364956
224160,0.0003612222499214113
224176,0.002925644861534238
224192,0.002398643409833312
224208,0.00025809829821810126
224224,0.002218505134806037
224240,0.0021182706113904715
224256,0.00016624352429062128
224272,0.00035641537397168577
224288,0.0007449762197211385
224304,0.0006387456087395549
224320,0.0007309539942070842
224336,0.000993872992694378
224352,0.0012457791017368436
224368,0.005887855309993029
224384,0.00027968455106019974
224400,0.14800679683685303
224416,0.03358316421508789
224432,0.0004089617868885398
224448,0.001089937170036137
224464,0.0006979235913604498
224480,0.00022504516527988017
224496,0.001023620250634849
224512,0.00041111945756711066
224528,0.0007646504091098905
224544,0.0005298015894368291
224560,0.0008511899504810572
224576,0.00041837096796371043
224592,0.0008844584226608276
224608,0.00041643105214461684
224624,0.003517761128023267
224640,0.0007564564002677798
224656,0.0024712239392101765
224672,0.0008438677177764475
224688,0.0005965987220406532
224704,0.0006674916949123144
224720,0.0005498796235769987
224736,0.0015250046271830797
224752,0.0007864395156502724
224768,0.2950197458267212
224784,0.0029813377186656
224800,0.001711806864477694
224816,0.0016863105120137334
224832,0.00048595803673379123
224848,0.000327987945638597
224864,0.004162685014307499
224880,0.005033821798861027
224896,0.0028585854452103376
224912,0.0005217381985858083
224928,0.002179502509534359
224944,0.0027041786815971136
224960,0.0011718517635017633
224976,0.0007376708090305328
224992,0.0005511973286047578
225008,0.010114487260580063
225024,0.00021148000087123364
225040,0.0021136444993317127
225056,0.0013929419219493866
225072,0.0011897421209141612
225088,0.002426795195788145
225104,0.0017300131730735302
225120,0.00014518943498842418
225136,0.0008555896929465234
225152,0.0005245263455435634
225168,0.001343569834716618
225184,0.007195233833044767
225200,0.004105536732822657
225216,0.002211182378232479
225232,0.01993725448846817
225248,0.004458146635442972
225264,0.0011334418086335063
225280,0.0013737434055656195
225296,0.00048687687376514077
225312,0.0006616057944484055
225328,0.0006430124049074948
225344,0.0057466779835522175
225360,0.0017406520200893283
225376,0.03274644911289215
225392,0.002050085226073861
225408,0.04983651638031006
225424,0.011566844768822193
225440,0.0013944875681772828
225456,0.00044155577779747546
225472,0.0008810337167233229
225488,0.0005903888959437609
225504,0.000204295341973193
225520,0.00035333773121237755
225536,0.0036013612989336252
225552,0.0007674472872167826
225568,0.009819668717682362
225584,0.02655988186597824
225600,0.00028516302700154483
225616,0.00025667762383818626
225632,0.00043624077807180583
225648,0.0007470502168871462
225664,0.0005224772612564266
225680,0.0003101147012785077
225696,0.0010264628799632192
225712,0.0010031957644969225
225728,0.001453780336305499
225744,0.0005074088694527745
225760,0.0006111200200393796
225776,0.00044359691673889756
225792,0.08919844776391983
225808,0.0007135639316402376
225824,0.00047826889203861356
225840,0.0008387956768274307
225856,0.0005144675960764289
225872,0.0015262819360941648
225888,0.010471183806657791
225904,0.0004591670003719628
225920,0.00042802057578228414
225936,0.0007666713208891451
225952,0.0003682597598526627
225968,0.0019689754117280245
225984,0.000564735266380012
226000,0.024163056164979935
226016,0.00032952515175566077
226032,7.877624739194289e-05
226048,0.0020393002778291702
226064,0.0019812481477856636
226080,0.004652015864849091
226096,0.00025450761313550174
226112,0.00034871487878262997
226128,0.01920248009264469
226144,0.0015205352101475
226160,0.0004511044535320252
226176,0.002981695579364896
226192,0.0005095059750601649
226208,0.000498168112244457
226224,0.00760278245434165
226240,0.0009902528254315257
226256,0.00014125515008345246
226272,0.005996131803840399
226288,0.02893720008432865
226304,0.0006298848893493414
226320,0.002234723651781678
226336,0.14065536856651306
226352,0.0014259045710787177
226368,0.0010310991201549768
226384,0.0004034200101159513
226400,0.0003805708547588438
226416,0.0007670782506465912
226432,0.0018281643278896809
226448,0.0008036321960389614
226464,0.0002589838404674083
226480,0.0011850144946947694
226496,0.0008566397009417415
226512,0.00018354624626226723
226528,0.00018286146223545074
226544,0.0011818930506706238
226560,0.004630879033356905
226576,0.00013616602518595755
226592,0.0002562576555646956
226608,0.0007501263171434402
226624,0.0002949721529148519
226640,0.0005354987806640565
226656,0.0009267377899959683
226672,0.007448929827660322
226688,0.0006790116312913597
226704,0.0005057160160504282
226720,0.0031398513820022345
226736,0.051963187754154205
226752,0.0004462736542336643
226768,0.0027708332054316998
226784,0.00030126067576929927
226800,0.001771547133103013
226816,0.0012159425532445312
226832,0.00025447818916291
226848,0.0007660257397219539
226864,0.015793023630976677
226880,0.0005803684471175075
226896,0.0002670086396392435
226912,0.07897043228149414
226928,0.00039983069291338325
226944,0.000287680042674765
226960,0.0016912267310544848
226976,0.0004289938951842487
226992,0.003484621411189437
227008,0.0006996921729296446
227024,0.00041795813012868166
227040,0.0001290274376515299
227056,0.0003425077593419701
227072,0.0018206104869022965
227088,0.0002908794558607042
227104,0.000274341378826648
227120,0.00034732031053863466
227136,0.0031359964050352573
227152,0.0002815438201650977
227168,0.0007933294400572777
227184,0.019790707156062126
227200,0.00016424116620328277
227216,0.0017431223532184958
227232,0.00043013805407099426
227248,0.0076850466430187225
227264,0.00023215534747578204
227280,0.043120335787534714
227296,0.0004921163199469447
227312,0.0038768211379647255
227328,0.0005850634770467877
227344,0.0010929879499599338
227360,0.0021034046076238155
227376,0.0006650214781984687
227392,0.11962366104125977
227408,0.0017549232579767704
227424,0.0002873055636882782
227440,0.0007688066107220948
227456,0.0008303673239424825
227472,0.00023343329667113721
227488,0.09943221509456635
227504,0.0009323441190645099
227520,0.002774826716631651
227536,0.002777696121484041
227552,0.0006777861854061484
227568,0.002514987252652645
227584,0.0002494293439667672
227600,0.0016244680155068636
227616,0.0012791076442226768
227632,0.0009529129019938409
227648,0.0028460740577429533
227664,0.0018633496947586536
227680,0.0003222069062758237
227696,0.0002649046073202044
227712,0.000864608446136117
227728,0.0030684734228998423
227744,0.0007800967432558537
227760,0.00015152854030020535
227776,0.000504568568430841
227792,0.0015192704740911722
227808,0.00884954258799553
227824,0.0007850319962017238
227840,0.0004787376965396106
227856,0.0017934039933606982
227872,0.002758772112429142
227888,0.08616360276937485
227904,0.0010023133363574743
227920,0.017298882827162743
227936,0.016328005120158195
227952,0.0023272663820534945
227968,0.0001375051069771871
227984,0.0003031363303307444
228000,0.0005218027508817613
228016,0.00015403340512420982
228032,0.0014677215367555618
228048,0.00020950668840669096
228064,0.0012097929138690233
228080,0.00043109009857289493
228096,0.0007654522778466344
228112,0.0026088387239724398
228128,0.00022924068616703153
228144,0.0005053480272181332
228160,0.005621249321848154
228176,0.1300695836544037
228192,0.0007599289529025555
228208,0.00883945170789957
228224,0.0010822764597833157
228240,0.00035279308212921023
228256,0.0022559750359505415
228272,0.0022051753476262093
228288,0.01677173189818859
228304,0.00035106754512526095
228320,0.006106529384851456
228336,0.00034350412897765636
228352,0.0017766687087714672
228368,0.00045430148020386696
228384,0.02279151789844036
228400,0.0698574036359787
228416,0.00031830708030611277
228432,0.0014276508009061217
228448,0.0005504919681698084
228464,0.001785460626706481
228480,0.014473967254161835
228496,0.00540313683450222
228512,0.0007104645483195782
228528,0.0006532396655529737
228544,0.00032366602681577206
228560,0.00046093951095826924
228576,0.0002330260758753866
228592,0.0003305199497845024
228608,0.0006242403760552406
228624,0.008481841534376144
228640,0.0009622944635339081
228656,0.0013040623161941767
228672,0.0034106785897165537
228688,0.006553104612976313
228704,0.00026921642711386085
228720,0.023916982114315033
228736,0.00020272660185582936
228752,0.017985181882977486
228768,0.0002903339918702841
228784,0.0001563620171509683
228800,0.0002518627152312547
228816,0.0032288029324263334
228832,9.741260146256536e-05
228848,0.0005251948023214936
228864,0.000818280503153801
228880,0.006761237047612667
228896,0.0014677738072350621
228912,0.00024529563961550593
228928,0.0007579777739010751
228944,0.09862340241670609
228960,0.0024528505746275187
228976,0.0008032568730413914
228992,0.0017706246580928564
229008,0.00048342510126531124
229024,0.0033868695609271526
229040,0.0025594085454940796
229056,0.00047132090548984706
229072,0.0009318553493358195
229088,0.0028283996507525444
229104,0.0003467154165264219
229120,0.0007275691023096442
229136,0.009021041914820671
229152,0.00035094519262202084
229168,0.13991554081439972
229184,0.0005918995011597872
229200,0.011099491268396378
229216,0.002687098691239953
229232,0.0012459754943847656
229248,0.0005822543753311038
229264,0.01592387817800045
229280,0.015575170516967773
229296,0.00048267224337905645
229312,0.03870329633355141
229328,0.0028678954113274813
229344,0.0015710119623690844
229360,0.0007370031671598554
229376,0.0013435004511848092
229392,0.0013299346901476383
229408,0.0010221769334748387
229424,0.012243891134858131
229440,0.0033089476637542248
229456,0.0003804340376518667
229472,0.0012152858544141054
229488,0.030305689200758934
229504,0.0005989515921100974
229520,0.0002899369865190238
229536,0.00023887013958301395
229552,0.0006119960453361273
229568,0.0006831457722000778
229584,0.0005147758638486266
229600,0.00022643679403699934
229616,0.0012452005175873637
229632,0.15053677558898926
229648,0.041548095643520355
229664,0.005892904009670019
229680,0.0008477932424284518
229696,0.0005153430392965674
229712,0.00027719969511963427
229728,0.03221426159143448
229744,0.0032350176479667425
229760,0.0018463348969817162
229776,0.0003411367069929838
229792,0.01607426628470421
229808,0.00041151291225105524
229824,0.005021835211664438
229840,0.049762263894081116
229856,0.0017349548870697618
229872,0.0010628647869452834
229888,0.0007850914262235165
229904,0.0011153724044561386
229920,0.00038558943197131157
229936,0.014384819194674492
229952,0.0008897758089005947
229968,0.0015687803970649838
229984,0.002711506327614188
230000,0.000903598265722394
230016,0.0004945300752297044
230032,0.13613002002239227
230048,0.0009800395928323269
230064,0.03318150341510773
230080,0.002707667415961623
230096,0.0004847658274229616
230112,0.0046905032359063625
230128,0.0016900922637432814
230144,0.0008689613896422088
230160,0.005450197961181402
230176,0.007191126234829426
230192,0.0005875942879356444
230208,0.0001756245328579098
230224,0.016285553574562073
230240,0.0006833212682977319
230256,0.0004334733239375055
230272,0.0012359826359897852
230288,0.0003478610306046903
230304,0.00016675415099598467
230320,0.00031100172782316804
230336,0.0033426659647375345
230352,0.0025977538898587227
230368,0.0030069288332015276
230384,0.0003247296262998134
230400,0.0041046664118766785
230416,0.0014003185788169503
230432,0.002263179514557123
230448,0.0003603846998885274
230464,0.005751086864620447
230480,0.0009859874844551086
230496,0.00021096374257467687
230512,0.001315065543167293
230528,0.00041476282058283687
230544,0.0029554476495832205
230560,6.552179547725245e-05
230576,0.0006992940325289965
230592,0.00019932356372009963
230608,0.00010232175554847345
230624,0.0002695223374757916
230640,0.008456899784505367
230656,0.005795029923319817
230672,0.005210585426539183
230688,0.013395145535469055
230704,0.0012335621286183596
230720,0.0025155222974717617
230736,0.0003387895703781396
230752,0.0003275962662883103
230768,0.023470425978302956
230784,0.0024639181792736053
230800,0.003573640249669552
230816,0.000217389315366745
230832,0.00013487219985108823
230848,0.0004655853263102472
230864,0.005782524589449167
230880,0.01559680700302124
230896,0.0008137294789776206
230912,0.004969213157892227
230928,0.00012537262227851897
230944,0.016430767253041267
230960,0.0015587913803756237
230976,0.0003785860608331859
230992,0.0003298300434835255
231008,0.0007577287033200264
231024,0.0011650369269773364
231040,0.0037031506653875113
231056,0.0002458590897731483
231072,0.0004560608067549765
231088,0.003069577505812049
231104,0.002839131513610482
231120,0.00016236776718869805
231136,0.1379404067993164
231152,0.0006020431756041944
231168,0.00011962523421971127
231184,0.0001908926642499864
231200,4.666464519686997e-05
231216,0.0007037983159534633
231232,0.0019053141586482525
231248,0.00034643610706552863
231264,0.0023792400024831295
231280,0.0006770578911527991
231296,0.000482412229757756
231312,0.0007410849211737514
231328,0.0004802705952897668
231344,0.008208530955016613
231360,0.0017929165624082088
231376,0.002108973450958729
231392,0.000540191656909883
231408,0.00755726546049118
231424,0.0021513188257813454
231440,0.00048614240949973464
231456,0.0038679372519254684
231472,0.0026010340079665184
231488,0.0023365733213722706
231504,0.0011447066208347678
231520,0.03295620530843735
231536,0.004557034466415644
231552,0.011926382780075073
231568,0.12411043792963028
231584,0.002781722927466035
231600,0.00037082034396007657
231616,0.0003281981043983251
231632,0.0019175073830410838
231648,0.0041713104583323
231664,0.14015789330005646
231680,0.012927393428981304
231696,0.02145012840628624
231712,0.018555471673607826
231728,0.001144623151049018
231744,0.005082152783870697
231760,0.003751693293452263
231776,0.001136362086981535
231792,0.0004841818008571863
231808,0.00011285868095001206
231824,0.0009727744618430734
231840,0.09667211025953293
231856,0.00040010109660215676
231872,0.0006731200264766812
231888,0.02787519432604313
231904,0.0006344624562188983
231920,0.0016624662093818188
231936,0.00034307423629797995
231952,0.0004993596812710166
231968,0.0005542019498534501
231984,0.001743009896017611
232000,0.00024834697251208127
232016,0.00643997872248292
232032,0.007170955650508404
232048,0.000798380933701992
232064,0.0010018832981586456
232080,0.001027074409648776
232096,0.042260583490133286
232112,0.02196161262691021
232128,0.02616909146308899
232144,0.0006621158681809902
232160,0.00034230100573040545
232176,0.0003329956089146435
232192,0.02238382026553154
232208,0.0005787333939224482
232224,0.0016003305790945888
232240,0.0003876376140397042
232256,0.00014409776485990733
232272,0.0006774654029868543
232288,0.00027558289002627134
232304,0.002955859061330557
232320,0.001277367235161364
232336,0.0006401614518836141
232352,0.0035400353372097015
232368,0.0005267421365715563
232384,0.0002513754297979176
232400,0.0018213773146271706
232416,0.003428650787100196
232432,0.0005099542322568595
232448,0.00032392016146332026
232464,0.00036357235512696207
232480,0.0053136334754526615
232496,0.000572701683267951
232512,0.00045346093247644603
232528,0.00034185568802058697
232544,0.011005494743585587
232560,0.002266907598823309
232576,0.0006799940601922572
232592,0.014928472228348255
232608,0.007200042717158794
232624,0.012054125778377056
232640,0.0006740512326359749
232656,0.0005594785907305777
232672,0.0005082327406853437
232688,0.00023532277555204928
232704,0.0007888664258643985
232720,0.0001827341184252873
232736,0.001535440213046968
232752,0.00030870785121805966
232768,0.0030677965842187405
232784,0.004175272304564714
232800,0.0005023207631893456
232816,0.000183676223969087
232832,0.0014536292292177677
232848,0.00026507905567996204
232864,0.004722113721072674
232880,0.001038845395669341
232896,0.0009633540757931769
232912,0.00334360683336854
232928,0.01288120448589325
232944,0.00010532309534028172
232960,0.001530052861198783
232976,0.0029588891193270683
232992,0.005174015183001757
233008,0.006238463334739208
233024,0.0032412116415798664
233040,0.00010883889626711607
233056,0.0004754028923343867
233072,0.00276238308288157
233088,0.006335429381579161
233104,0.0009184691007249057
233120,0.001714985934086144
233136,0.0018277126364409924
233152,0.00034546840470284224
233168,0.00029476641793735325
233184,0.00018903595628216863
233200,0.004238753113895655
233216,0.00038183032302185893
233232,0.0001796733122318983
233248,0.00017988590116146952
233264,0.000134679299662821
233280,0.0007170058088377118
233296,0.00031752936774864793
233312,0.0014465036801993847
233328,0.00040339556289836764
233344,0.00017564461450092494
233360,0.016739988699555397
233376,0.004914792720228434
233392,0.0008064466528594494
233408,0.008015756495296955
233424,0.006951609160751104
233440,0.00030198838794603944
233456,0.13737739622592926
233472,0.0004942116793245077
233488,0.0020148521289229393
233504,0.0002777583431452513
233520,0.0006905249902047217
233536,0.009066563099622726
233552,0.00040507529047317803
233568,0.00032335452851839364
233584,0.00020607543410733342
233600,0.07428742945194244
233616,0.10683107376098633
233632,0.0023479736410081387
233648,0.006225297227501869
233664,0.0003296315553598106
233680,0.0004899063496850431
233696,0.0014595501124858856
233712,0.00035223361919634044
233728,0.0003390608180779964
233744,0.0016150393057614565
233760,0.006136072799563408
233776,0.00012742527178488672
233792,0.0002612227399367839
233808,0.0010551267769187689
233824,0.00034727173624560237
233840,0.002268979325890541
233856,0.021617380902171135
233872,0.0001941305526997894
233888,0.017942184582352638
233904,0.0003928065998479724
233920,0.00044452035217545927
233936,0.0007692445069551468
233952,0.00020069870515726507
233968,0.009038391523063183
233984,0.012445858679711819
234000,0.07370094954967499
234016,0.0004639620310626924
234032,0.0009620785713195801
234048,0.00032701276359148324
234064,0.00027101003797724843
234080,0.025249917060136795
234096,0.00015215310850180686
234112,0.0002292940189363435
234128,0.0014276508009061217
234144,0.0001559459778945893
234160,0.006485344842076302
234176,0.0019883974455296993
234192,0.0005425037816166878
234208,0.0007923223893158138
234224,0.0006290883175097406
234240,0.0007011508569121361
234256,0.0008156664553098381
234272,0.00030020964914001524
234288,0.0033057115506380796
234304,0.003197998972609639
234320,0.004752339795231819
234336,0.0011351758148521185
234352,0.0008604965405538678
234368,0.03878968581557274
234384,0.014145581051707268
234400,0.00034215778578072786
234416,0.0020196151454001665
234432,0.003148623974993825
234448,0.0002467978047206998
234464,0.025297554209828377
234480,0.0006844203453511
234496,0.0028285954613238573
234512,0.0007641355041414499
234528,0.004584452137351036
234544,0.000418699870351702
234560,0.0016693022334948182
234576,0.0012310183374211192
234592,0.0008357019396498799
234608,0.0009938228176906705
234624,0.00561752961948514
234640,0.0005397170316427946
234656,0.0036628907546401024
234672,0.0018355787033215165
234688,0.0014989979099482298
234704,0.004664071835577488
234720,0.0024239299818873405
234736,0.0005244340281933546
234752,0.0006854711100459099
234768,0.00026662435266189277
234784,0.0005070611368864775
234800,0.012447183020412922
234816,0.0004961213562637568
234832,0.0003301302785985172
234848,0.00017983403813559562
234864,0.0003578833711799234
234880,0.004039720166474581
234896,0.005624874494969845
234912,0.0021179558243602514
234928,0.00028822978492826223
234944,0.0014498846139758825
234960,0.009596257470548153
234976,0.00015539783635176718
234992,0.0009416739922016859
235008,0.0010483295191079378
235024,0.0010599123779684305
235040,0.0015964331105351448
235056,0.0007257084362208843
235072,0.00022694403014611453
235088,0.001324135111644864
235104,0.004090005531907082
235120,0.0003366589080542326
235136,0.0010125983972102404
235152,0.004777203314006329
235168,0.0014955401420593262
235184,0.002563089830800891
235200,0.0015226101968437433
235216,0.0005800069775432348
235232,0.0025879479944705963
235248,0.002720622345805168
235264,0.0005013413610868156
235280,0.0023300033062696457
235296,0.0037278998643159866
235312,0.00042282789945602417
235328,0.016453737393021584
235344,0.000712257286068052
235360,0.000473195337690413
235376,0.0018544970080256462
235392,0.027294449508190155
235408,0.00604216568171978
235424,0.004843658767640591
235440,0.0004080585786141455
235456,0.0008542172727175057
235472,0.0005953109357506037
235488,0.0009220672072842717
235504,0.00029293124680407345
235520,0.0015479129506275058
235536,0.0022443656343966722
235552,0.00023842870723456144
235568,0.005812055431306362
235584,0.0007831539260223508
235600,0.001089278724975884
235616,0.00020218333520460874
235632,0.0005834121257066727
235648,0.00048568699276074767
235664,0.0017388153355568647
235680,0.0031560116913169622
235696,0.00024845864390954375
235712,0.03771434351801872
235728,0.0004831146798096597
235744,0.0196976438164711
235760,0.001274164067581296
235776,0.0024602424819022417
235792,0.03258533775806427
235808,0.0007189802126958966
235824,0.0007010472472757101
235840,0.0009059059666469693
235856,0.0004079272912349552
235872,0.0014697741717100143
235888,0.006602171342819929
235904,0.0003658394853118807
235920,0.0003520436875987798
235936,0.0005647649522870779
235952,0.0014812470180913806
235968,0.0004897310864180326
235984,0.009651124477386475
236000,0.0008526220917701721
236016,0.00037781643914058805
236032,0.0002281662600580603
236048,0.0013179738307371736
236064,0.005685525946319103
236080,0.0005231174873188138
236096,0.000598811311647296
236112,0.00044482515659183264
236128,0.00042381277307868004
236144,0.0005078282556496561
236160,0.00013825506903231144
236176,0.013424725271761417
236192,0.010822795331478119
236208,0.0011621463345363736
236224,0.003876604838296771
236240,0.025357350707054138
236256,0.0037694736383855343
236272,0.0023759964387863874
236288,0.06226181611418724
236304,0.01659245230257511
236320,0.00129081925842911
236336,0.002115362323820591
236352,0.003981668036431074
236368,0.013139605522155762
236384,0.0019128123531118035
236400,0.0003135834413114935
236416,0.0005158345447853208
236432,0.000963067461270839
236448,0.0007378880400210619
236464,0.0006026856135576963
236480,0.0022927154786884785
236496,0.0004798906156793237
236512,0.0006874914979562163
236528,0.0005975239328108728
236544,0.00034779036650434136
236560,0.0010235202498733997
236576,0.0010251263156533241
236592,0.00015804084250703454
236608,0.00024719940847717226
236624,0.0011995441745966673
236640,0.001151293283328414
236656,0.0008892022306099534
236672,0.0016734687378630042
236688,0.008823055773973465
236704,0.004292035009711981
236720,0.012265789322555065
236736,0.00030546446214430034
236752,0.0006862621521577239
236768,0.0006084776250645518
236784,8.214464469347149e-05
236800,0.00017756520537659526
236816,0.002993455622345209
236832,0.001001102151349187
236848,0.0012169869150966406
236864,0.0008717956370674074
236880,0.0008126426837407053
236896,0.08357657492160797
236912,0.0006906322087161243
236928,0.01153670996427536
236944,0.0005643524345941842
236960,0.0019392056856304407
236976,0.0022675315849483013
236992,0.00010814418783411384
237008,0.0005721086054109037
237024,0.00607413612306118
237040,0.0003444913891144097
237056,0.0005774445016868412
237072,0.0020041996613144875
237088,0.0074837482534348965
237104,0.009865343570709229
237120,0.0028890350367873907
237136,0.0004509740392677486
237152,0.001860876102000475
237168,0.005397876258939505
237184,0.0008419527439400554
237200,0.005106719210743904
237216,0.000278250256087631
237232,0.003164160531014204
237248,0.015350866131484509
237264,0.00030313507886603475
237280,0.02019144967198372
237296,0.0001880672061815858
237312,0.0013413953129202127
237328,0.0010652170749381185
237344,0.0005931907217018306
237360,0.000505960953887552
237376,0.0003405686002224684
237392,0.00036149565130472183
237408,0.14531755447387695
237424,0.0005548271583393216
237440,0.0002797044289764017
237456,0.000355214171577245
237472,0.012101438827812672
237488,0.00037230688030831516
237504,0.0009378590038977563
237520,0.0010647813323885202
237536,0.0008724560029804707
237552,0.018517691642045975
237568,0.05330522730946541
237584,0.00042802796815522015
237600,0.0027269436977803707
237616,0.00198026723228395
237632,0.0004921680083498359
237648,0.002062856685370207
237664,0.0012763490667566657
237680,0.000361067708581686
237696,0.0008203036268241704
237712,0.00033960494329221547
237728,0.0008493998902849853
237744,0.0003191530122421682
237760,0.000763573800213635
237776,0.0016790790250524879
237792,0.0020611975342035294
237808,0.0003844652674160898
237824,0.00020508441957645118
237840,0.0014840972144156694
237856,0.001005953410640359
237872,0.00021369638852775097
237888,0.00032790953991934657
237904,0.0004123232210986316
237920,0.00015011345385573804
237936,0.0010641011176630855
237952,0.0010696578538045287
237968,0.000742127129342407
237984,0.002668641274794936
238000,0.0004455710295587778
238016,0.0002237287408206612
238032,0.00018012156942859292
238048,0.0003180197672918439
238064,0.0009274518233723938
238080,0.0014029513113200665
238096,0.000738976988941431
238112,0.0002144511672668159
238128,0.00018784932035487145
238144,0.00031384563772007823
238160,0.009561105631291866
238176,0.0003918795264326036
238192,0.0009472293313592672
238208,0.00084923196118325
238224,0.0025730456691235304
238240,0.0002310062263859436
238256,0.0006329299067147076
238272,0.0022032391279935837
238288,0.0005654650740325451
238304,0.00750314723700285
238320,0.0035644080489873886
238336,0.0038805054500699043
238352,0.0006184741505421698
238368,0.003562419442459941
238384,0.0010272458894178271
238400,0.02381085976958275
238416,0.001821893616579473
238432,0.0022287555038928986
238448,0.00015806962619535625
238464,0.00018045061733573675
238480,0.0003057803842239082
238496,0.002737982664257288
238512,0.00021384016145020723
238528,0.026958666741847992
238544,0.015906991437077522
238560,0.0033937369007617235
238576,0.0023869157303124666
238592,0.010093682445585728
238608,0.0009587667300365865
238624,0.015575145371258259
238640,0.002417453331872821
238656,0.0009929015068337321
238672,0.0001403489732183516
238688,0.0006673592142760754
238704,0.023761369287967682
238720,0.0003231154987588525
238736,0.007110921666026115
238752,0.0008021356770768762
238768,0.0017182527808472514
238784,0.056103695183992386
238800,0.005853582173585892
238816,0.00954612996429205
238832,0.023830793797969818
238848,0.0004586758732330054
238864,0.0036002639681100845
238880,0.0012842277064919472
238896,0.00043571292189881206
238912,0.0002329497947357595
238928,0.0034585280809551477
238944,0.0002983158337883651
238960,0.00121918017975986
238976,0.0011260813334956765
238992,0.000961948768235743
239008,0.00016559846699237823
239024,0.02439975179731846
239040,0.0003631589643191546
239056,0.0004037333419546485
239072,0.0002489904290996492
239088,0.0018749075243249536
239104,0.00029923731926828623
239120,0.00023198187409434468
239136,0.0007408504607155919
239152,0.0015223734080791473
239168,0.018704049289226532
239184,0.0007386548677459359
239200,0.000273959303740412
239216,0.026282448321580887
239232,0.0002320849453099072
239248,0.00040985128725878894
239264,0.01465693674981594
239280,0.0005411776364780962
239296,0.00023131062334869057
239312,0.0004804087511729449
239328,0.002348783193156123
239344,0.0018626837991178036
239360,0.03944084420800209
239376,0.00046091689728200436
239392,0.0009271565359085798
239408,9.59984608925879e-05
239424,0.00043196752085350454
239440,0.00037738820537924767
239456,0.00145595776848495
239472,0.00017839008069131523
239488,0.005061758682131767
239504,0.0032021545339375734
239520,0.0021337957587093115
239536,0.0013254880905151367
239552,0.001816693926230073
239568,0.0013548864517360926
239584,0.005240161437541246
239600,0.0018150769174098969
239616,0.0015981398755684495
239632,0.00244846660643816
239648,0.0019846817012876272
239664,0.00511719286441803
239680,0.0001470597489969805
239696,0.00076063018059358
239712,0.004836109932512045
239728,0.0015109986998140812
239744,0.0004320503503549844
239760,0.00025192147586494684
239776,0.005224180873483419
239792,8.528119360562414e-05
239808,8.813138265395537e-05
239824,0.00043027312494814396
239840,0.0002713515132199973
239856,0.00010655411460902542
239872,0.0008775463211350143
239888,0.003500920720398426
239904,0.001279587158933282
239920,0.000599383725784719
239936,0.06307817250490189
239952,0.0028729147743433714
239968,0.00017582759028300643
239984,0.0003098712768405676
240000,0.008209947496652603
240016,0.011047408916056156
240032,0.0001437924220226705
240048,0.00041565255378372967
240064,0.021265078336000443
240080,0.011836354620754719
240096,0.0009764097630977631
240112,0.01195073314011097
240128,0.05417771264910698
240144,0.00021467468468472362
240160,0.0004019103944301605
240176,0.0006750121829099953
240192,0.0005318745970726013
240208,0.0040449053049087524
240224,0.0026416266337037086
240240,0.0002482009294908494
240256,0.00031886802753433585
240272,0.02620592527091503
240288,0.012299321591854095
240304,0.019023317843675613
240320,0.012019315734505653
240336,0.001958155073225498
240352,0.003658834844827652
240368,0.005008104722946882
240384,0.01823190413415432
240400,0.0013115094043314457
240416,0.00020285884966142476
240432,0.0022695621009916067
240448,0.0006731506437063217
240464,0.0013302492443472147
240480,0.007839806377887726
240496,0.00012177707685623318
240512,0.005750749725848436
240528,0.011845221742987633
240544,0.00024245276290457696
240560,0.0004075689648743719
240576,0.001622673124074936
240592,0.0012469900539144874
240608,0.0011074359063059092
240624,0.0003698847140185535
240640,0.0033307946287095547
240656,0.0008826138218864799
240672,0.0009774265345185995
240688,0.0001972652244148776
240704,0.0010266322642564774
240720,0.0007983128889463842
240736,0.04657791927456856
240752,0.013707761652767658
240768,0.007221669889986515
240784,0.00030064000748097897
240800,0.0006770166801288724
240816,0.0001794183044694364
240832,0.021819503977894783
240848,0.0006539245368912816
240864,0.0033453544601798058
240880,0.0006214601453393698
240896,0.0002952659851871431
240912,0.0018254300812259316
240928,0.0018984482157975435
240944,0.0008510861080139875
240960,0.0009889926295727491
240976,0.000638058059848845
240992,0.0059018824249506
241008,0.00026735017308965325
241024,0.0013002882478758693
241040,0.0007069038692861795
241056,0.0004722971061710268
241072,0.0002637405996210873
241088,0.001233848393894732
241104,0.00020366234821267426
241120,0.00053474708693102
241136,0.00042739766649901867
241152,0.001784575404599309
241168,0.0005770651041530073
241184,0.0008048918098211288
241200,0.000825784052722156
241216,0.00014805850514676422
241232,0.0005104589508846402
241248,0.13659881055355072
241264,0.0003506216744426638
241280,0.001243286533281207
241296,0.0007032303838059306
241312,0.0005403697723522782
241328,0.025913016870617867
241344,0.0035054641775786877
241360,0.0008894546190276742
241376,0.0009499740554019809
241392,0.0020525006111711264
241408,0.0009771134937182069
241424,0.00017597094119992107
241440,0.0019507815595716238
241456,0.025817610323429108
241472,0.0005378950736485422
241488,0.00032390753040090203
241504,0.005380338057875633
241520,0.0017108299070969224
241536,0.0005175766418687999
241552,0.00042487532482482493
241568,0.00034257982042618096
241584,0.0011542574502527714
241600,0.0014304271899163723
241616,0.09360148757696152
241632,0.0002461396506987512
241648,0.13991057872772217
241664,0.00406199786812067
241680,0.01152621116489172
241696,0.14568385481834412
241712,0.011261307634413242
241728,0.00031615555053576827
241744,0.0006522817420773208
241760,0.00021439127158373594
241776,0.00029221060685813427
241792,0.00150203425437212
241808,0.0009088236838579178
241824,0.00035216441028751433
241840,0.00047660685959272087
241856,0.0017674397677183151
241872,0.0009725796990096569
241888,0.0019409717060625553
241904,0.00030922715086489916
241920,0.008672062307596207
241936,0.00023302773479372263
241952,0.002090472960844636
241968,0.0011588933411985636
241984,0.014763674698770046
242000,0.0004943764070048928
242016,0.0002655664866324514
242032,0.00029073108453303576
242048,0.0005138174165040255
242064,0.0007589745800942183
242080,0.0002767726546153426
242096,0.0007199348183348775
242112,0.0009328741580247879
242128,0.014573131687939167
242144,0.0010882292408496141
242160,0.002332662930712104
242176,0.0056802453473210335
242192,0.0002309695992153138
242208,0.0005473198252730072
242224,0.0031789105851203203
242240,0.0012388357426971197
242256,0.006311149802058935
242272,0.00022133233142085373
242288,0.0016325580654665828
242304,0.0029959524981677532
242320,0.017744814977049828
242336,0.00037005351623520255
242352,0.000847392191644758
242368,0.0020355561282485723
242384,0.007505500223487616
242400,0.00018895528046414256
242416,0.06228141859173775
242432,0.007044649217277765
242448,0.0004616379155777395
242464,0.015269380062818527
242480,0.008379691280424595
242496,0.000639560807030648
242512,0.00264096911996603
242528,0.002031659008935094
242544,0.0005593812093138695
242560,0.0002137100964318961
242576,0.0004553878679871559
242592,0.0013608330627903342
242608,0.0023589436896145344
242624,0.00030742515809834003
242640,0.0007888720720075071
242656,0.001331248553469777
242672,0.0005738703184761107
242688,0.004084872547537088
242704,0.002179049886763096
242720,0.0044821444898843765
242736,0.0005784783279523253
242752,0.0018845625454559922
242768,0.0018801998812705278
242784,0.013018897734582424
242800,0.0004137352225370705
242816,0.0012374897487461567
242832,0.005450607277452946
242848,0.0005803272943012416
242864,0.0016089384444057941
242880,0.0006001964211463928
242896,0.0004075563047081232
242912,0.0038850842975080013
242928,0.0014371280558407307
242944,0.0013549698051065207
242960,0.000729681458324194
242976,0.013779005967080593
242992,0.0003552652196958661
243008,0.003627985715866089
243024,0.0007838832098059356
243040,0.01797504350543022
243056,0.0006428202614188194
243072,0.006965520326048136
243088,0.0003975005238316953
243104,0.0008397864876314998
243120,0.003256735857576132
243136,0.002537243301048875
243152,0.0008177446434274316
243168,0.0002458659000694752
243184,0.001584210665896535
243200,0.00015502133464906365
243216,0.0010036331368610263
243232,0.0004917065962217748
243248,0.0024911887012422085
243264,0.0029436079785227776
243280,0.000859382504131645
243296,0.01338072121143341
243312,0.00026641605654731393
243328,0.000713219924364239
243344,0.010763314552605152
243360,0.00045965556637384
243376,0.0005767592811025679
243392,0.00027009041514247656
243408,0.0003516481083352119
243424,0.0022309233900159597
243440,0.000459856353700161
243456,0.0008611697121523321
243472,0.029568398371338844
243488,0.0004671662172768265
243504,0.0004527028650045395
243520,0.005450035445392132
243536,0.0004094417963642627
243552,0.0007393605774268508
243568,0.0011302842758595943
243584,0.00031825798214413226
243600,0.0013580640079453588
243616,0.0021657743491232395
243632,0.0003720153763424605
243648,0.0007053849985823035
243664,0.0008987894980236888
243680,0.0019212105544283986
243696,0.0001611065090401098
243712,0.00025132825248874724
243728,0.0011087014572694898
243744,0.0005979345878586173
243760,0.0008832240710034966
243776,0.0009187714313156903
243792,0.0054590534418821335
243808,0.0006293566548265517
243824,0.00929195899516344
243840,0.00011695326247718185
243856,0.0005565438186749816
243872,0.0006996691226959229
243888,0.0007636708905920386
243904,0.0005010304739698768
243920,0.00104048871435225
243936,0.0007133982726372778
243952,0.00041156646329909563
243968,0.0008198699215427041
243984,0.0005571267101913691
244000,0.0007565950509160757
244016,0.0021098745055496693
244032,0.0030195945873856544
244048,0.0010167744476348162
244064,0.0028914485592395067
244080,0.003942855168133974
244096,0.0005147039773873985
244112,0.0017314298311248422
244128,0.0022622225806117058
244144,0.008083987981081009
244160,0.0008025048882700503
244176,0.0005155066028237343
244192,0.000656427291687578
244208,0.0009222583030350506
244224,0.00773690827190876
244240,0.00051122932927683
244256,0.0006178232142701745
244272,0.0008655288256704807
244288,0.0010449722176417708
244304,0.0008780856151133776
244320,0.0056162127293646336
244336,0.0008765492239035666
244352,0.04748096689581871
244368,0.0002023146371357143
244384,0.005040050949901342
244400,0.004368995316326618
244416,0.0011425616685301065
244432,0.0033790688030421734
244448,0.0003654412867035717
244464,0.0031815951224416494
244480,0.0003892677486874163
244496,0.002527940087020397
244512,0.0010173136834055185
244528,0.10837581753730774
244544,0.00017730757826939225
244560,0.0002198241272708401
244576,0.0002882351109292358
244592,0.001974655082449317
244608,0.0011357220355421305
244624,0.00034414499532431364
244640,0.0001580093230586499
244656,0.00046104186912998557
244672,0.0013237285893410444
244688,0.00044418085599318147
244704,0.0003276678326074034
244720,0.00021689246932510287
244736,0.001321375253610313
244752,0.002305599395185709
244768,0.010438095778226852
244784,0.0004930684226565063
244800,0.0039787753485143185
244816,0.018951978534460068
244832,0.0030501100700348616
244848,0.005829792469739914
244864,0.000545595190487802
244880,0.0003157944302074611
244896,0.0002068769681500271
244912,0.003911937586963177
244928,0.0008698439341969788
244944,0.0007874456932768226
244960,0.00029269512742757797
244976,0.0005004818085581064
244992,0.0023053644690662622
245008,0.0005091087659820914
245024,0.0013898871839046478
245040,0.000396173563785851
245056,0.002031317912042141
245072,0.003281298326328397
245088,0.002053213305771351
245104,0.0006486953934654593
245120,0.004803134128451347
245136,0.0004290341748856008
245152,0.0009909463115036488
245168,0.00023679621517658234
245184,0.0013325597392395139
245200,0.000911170442122966
245216,0.0014033179031684995
245232,0.0016237376257777214
245248,0.0017952085472643375
245264,0.005440481938421726
245280,0.0018029477214440703
245296,0.00040955538861453533
245312,0.005302273202687502
245328,0.00036353577161207795
245344,0.0005509544280357659
245360,0.0003506639041006565
245376,0.0003766436711885035
245392,0.00892291497439146
245408,0.0003405470051802695
245424,0.0006526625365950167
245440,0.007647866848856211
245456,0.0016381756868213415
245472,0.005047451704740524
245488,0.0002560124557930976
245504,0.003791905241087079
245520,0.0006382399005815387
245536,0.12857957184314728
245552,0.004284956026822329
245568,0.002221903298050165
245584,0.0005573432426899672
245600,0.00015094946138560772
245616,0.00018888531485572457
245632,0.0006480176816694438
245648,0.000234620354603976
245664,0.0001836986339185387
245680,0.001129408716224134
245696,0.006126930471509695
245712,0.00011963352153543383
245728,0.00019294624507892877
245744,0.00018345110584050417
245760,0.0008869696175679564
245776,0.00035898061469197273
245792,0.00044915772741660476
245808,0.0016720619751140475
245824,0.0001625145087018609
245840,0.0027341919485479593
245856,0.007108268328011036
245872,0.00020328104437794536
245888,0.0003714220365509391
245904,0.00036526634357869625
245920,0.00040087479283101857
245936,0.13240480422973633
245952,0.0007938818889670074
245968,0.0002678186574485153
245984,0.00042338977800682187
246000,0.00026113176136277616
246016,0.0023029709700495005
246032,0.0007060939096845686
246048,0.00043364771408960223
246064,0.0002327282854821533
246080,0.00027303118258714676
246096,0.00038658513221889734
246112,0.08076940476894379
246128,0.005188517738133669
246144,0.00034031475661322474
246160,0.01069963164627552
246176,0.0029957459773868322
246192,0.0008561560534872115
246208,0.002387617714703083
246224,0.00045109298662282526
246240,0.05905543267726898
246256,0.0012264737160876393
246272,0.0001332956599071622
246288,0.0014416135381907225
246304,0.00015022599836811423
246320,0.000709948071744293
246336,0.00043178742635063827
246352,0.000711189117282629
246368,0.0005606678314507008
246384,0.0009403183357790112
246400,0.03154754266142845
246416,0.0004477032052818686
246432,0.00022114868625067174
246448,0.0016977802151814103
246464,0.00022812496172264218
246480,0.0002478017704561353
246496,0.0036444037687033415
246512,0.001333035877905786
246528,0.0019601089879870415
246544,0.004713550675660372
246560,0.0003154113655909896
246576,0.0002539254492148757
246592,0.0030502881854772568
246608,0.0005699046305380762
246624,0.04949779808521271
246640,0.004854126367717981
246656,0.0050523593090474606
246672,0.0003771393094211817
246688,0.0007871174020692706
246704,0.001013013068586588
246720,0.00038256042171269655
246736,0.000777853128965944
246752,0.005079767666757107
246768,0.002236123662441969
246784,0.0010820274474099278
246800,0.0001707118353806436
246816,0.1755463033914566
246832,0.0004920050851069391
246848,0.0008136173710227013
246864,0.0010775253176689148
246880,0.0043816715478897095
246896,0.0007333385292440653
246912,0.00013396497524809092
246928,0.0006507344078272581
246944,0.0005487354937940836
246960,0.0005890717729926109
246976,0.0025195195339620113
246992,0.004227312747389078
247008,0.0006698030047118664
247024,0.0009199733030982316
247040,0.0002128260675817728
247056,0.0005994095699861646
247072,0.00029277612338773906
247088,0.001474509947001934
247104,0.00309824850410223
247120,0.0023792674764990807
247136,0.0009540229802951217
247152,0.0013158065266907215
247168,0.00021811993792653084
247184,0.0006028796196915209
247200,0.029002059251070023
247216,0.00040716759394854307
247232,0.0002803844690788537
247248,0.002026862930506468
247264,0.007516287267208099
247280,0.001110378885641694
247296,0.00047226244350895286
247312,0.0005598892457783222
247328,0.0007681372808292508
247344,0.0003936330322176218
247360,0.0005096335662528872
247376,0.0034770204219967127
247392,0.005622814875096083
247408,0.00017411561566404998
247424,0.0002445556747261435
247440,0.00019026623340323567
247456,0.007524524349719286
247472,0.0002453967754263431
247488,0.000849137722980231
247504,0.0013484596274793148
247520,0.00030091081862337887
247536,0.0012467465130612254
247552,0.00041618256364017725
247568,0.0005567860207520425
247584,0.0003245817497372627
247600,0.018876181915402412
247616,0.0452958308160305
247632,0.0023868868593126535
247648,0.003016643226146698
247664,0.002196223009377718
247680,0.11371825635433197
247696,0.0013275874080136418
247712,0.00044973334297537804
247728,0.0015789540484547615
247744,0.0006991254631429911
247760,0.0003195471363142133
247776,0.0002911587944254279
247792,0.00019484476069919765
247808,0.053568966686725616
247824,0.004174533300101757
247840,0.005673203617334366
247856,0.0011789523996412754
247872,0.03350769355893135
247888,0.00030457263346761465
247904,0.0004161222605034709
247920,0.0007417909801006317
247936,0.0007332675741054118
247952,0.0011684703640639782
247968,0.0019595229532569647
247984,0.0010727369226515293
248000,0.0021827570162713528
248016,0.019909370690584183
248032,0.001555699622258544
248048,0.006864170543849468
248064,0.0005471858894452453
248080,0.0003975805011577904
248096,0.02098965272307396
248112,0.0006200174102559686
248128,0.002049680333584547
248144,0.00037975655868649483
248160,0.0008179437136277556
248176,0.000897477671969682
248192,0.0020279649179428816
248208,0.0003067671204917133
248224,0.0005937890382483602
248240,0.0002368582645431161
248256,0.11566120386123657
248272,0.0013703586300835013
248288,0.0009546396322548389
248304,0.00018294935580343008
248320,0.00010832693078555167
248336,0.00013866019435226917
248352,0.0003175002639181912
248368,0.0038938557263463736
248384,0.10168637335300446
248400,0.001491768634878099
248416,0.00048299861373379827
248432,0.00046715012285858393
248448,0.0010940241627395153
248464,0.0001974584156414494
248480,0.025480421259999275
248496,0.000258103187661618
248512,0.0005600357544608414
248528,0.0011612661182880402
248544,0.0001264952152268961
248560,0.0025464221835136414
248576,0.0002370892179897055
248592,0.0001645733864279464
248608,0.009120061993598938
248624,0.0007613992202095687
248640,0.0020007453858852386
248656,0.00018815531802829355
248672,0.0007675457163713872
248688,0.000687169551383704
248704,0.0004970573354512453
248720,0.0020487855654209852
248736,0.0006393240764737129
248752,0.001447764108888805
248768,0.0004252355429343879
248784,0.0004653599171433598
248800,0.0004787141806446016
248816,0.0059561654925346375
248832,0.0006292618927545846
248848,0.0006522626499645412
248864,0.0009860553545877337
248880,0.000350037997122854
248896,0.00045450168545357883
248912,0.0002497934619896114
248928,0.0003758802777156234
248944,0.0003066933713853359
248960,0.0010291552171111107
248976,0.0009495008853264153
248992,0.03127108886837959
249008,0.02800934761762619
249024,0.000757295754738152
249040,0.0006646162364631891
249056,0.10677438229322433
249072,0.0008470977190881968
249088,0.0012802423443645239
249104,0.0019167759455740452
249120,0.01991957053542137
249136,0.017073487862944603
249152,0.00026732953847385943
249168,0.00028482748894020915
249184,0.0017822793452069163
249200,0.0030384280253201723
249216,0.00043584429658949375
249232,0.0028003270272165537
249248,0.0006922332104295492
249264,0.005460580810904503
249280,0.003682108363136649
249296,0.0010084067471325397
249312,0.0857476145029068
249328,0.00025398083380423486
249344,0.0007757915300317109
249360,0.0002698813332244754
249376,0.002336203120648861
249392,0.0020980695262551308
249408,0.010945102199912071
249424,0.0005416899221017957
249440,0.0006281221285462379
249456,0.004849611781537533
249472,0.0004997671348974109
249488,0.0018784994026646018
249504,0.001922733266837895
249520,0.0023203855380415916
249536,0.0004804068594239652
249552,0.00242225406691432
249568,0.0025377001147717237
249584,0.0004887125687673688
249600,0.0016350921941921115
249616,0.0011349577689543366
249632,0.0034406294580549
249648,0.0008782863151282072
249664,0.0004293278616387397
249680,0.0004452585126273334
249696,0.0007565579144284129
249712,0.0018283305689692497
249728,0.0007442582864314318
249744,0.09433291107416153
249760,0.0006624357774853706
249776,0.0004739698488265276
249792,0.0061139995232224464
249808,0.0006762996199540794
249824,0.002824519295245409
249840,0.001043032156303525
249856,0.1073230654001236
249872,0.0011874979827553034
249888,0.004732018336653709
249904,0.0004865588853135705
249920,0.001669896300882101
249936,0.00041200831765308976
249952,0.001080528018064797
249968,0.013608267530798912
249984,0.0003064593474846333
250000,0.0012358026579022408
250016,0.0017027475405484438
250032,0.00030122208409011364
250048,0.0002238021115772426
250064,0.0006650620489381254
250080,0.0004200410912744701
250096,0.0022784315515309572
250112,0.0006620759959332645
250128,0.00021460550487972796
250144,0.08061274141073227
250160,0.005466930102556944
250176,0.0005689960089512169
250192,0.03027953952550888
250208,0.002635639626532793
250224,0.0017213928513228893
250240,0.0013976444024592638
250256,0.0074048093520104885
250272,0.0002512976643629372
250288,0.00034799508284777403
250304,0.00203784485347569
250320,0.0009642319055274129
250336,0.00037513807183131576
250352,0.0023659744765609503
250368,0.003252401016652584
250384,0.025138774886727333
250400,0.04355394095182419
250416,0.03307946026325226
250432,0.0003035684931091964
250448,0.0006443978054448962
250464,0.000871333759278059
250480,0.0009282496757805347
250496,0.0009957333095371723
250512,0.0004145053680986166
250528,0.0005112257786095142
250544,0.042676668614149094
250560,0.0015209432458505034
250576,0.08172997832298279
250592,0.0007250801427289844
250608,0.000394953676732257
250624,0.000618687947280705
250640,0.00044977525249123573
250656,0.00028561026556417346
250672,0.0018610223196446896
250688,0.0022701863199472427
250704,0.0007091981824487448
250720,0.0006160936318337917
250736,0.00720763485878706
250752,0.0007738924468867481
250768,0.034787461161613464
250784,0.0081336610019207
250800,0.00048133477685041726
250816,0.0005568329943343997
250832,0.0016395032871514559
250848,0.0005564590683206916
250864,0.0006055795820429921
250880,0.0007664780132472515
250896,0.005698364693671465
250912,0.0035394199658185244
250928,0.0003438279964029789
250944,0.01897392049431801
250960,0.0008692509727552533
250976,0.0006159308832138777
250992,0.00018512447422835976
251008,0.001600673538632691
251024,0.0008833832107484341
251040,0.0001714939426165074
251056,0.00021315115736797452
251072,0.0612177811563015
251088,0.00032837860635481775
251104,0.001049196464009583
251120,0.0005466599832288921
251136,0.0005336098838597536
251152,0.00012597700697369874
251168,0.00021119268785696477
251184,0.00014614325482398272
251200,0.00013639860844705254
251216,0.00037085259100422263
251232,0.0009066775091923773
251248,0.0042393091134727
251264,0.005712367128580809
251280,0.009353186003863811
251296,0.028724482282996178
251312,0.0031883311457931995
251328,0.00047517477651126683
251344,0.024144096300005913
251360,0.000648850342258811
251376,0.0005938054528087378
251392,0.0007129289442673326
251408,0.0005236442666500807
251424,0.0010841353796422482
251440,0.0003905836201738566
251456,0.0012115195859223604
251472,0.00045719114132225513
251488,0.0009234008612111211
251504,0.00032881239894777536
251520,0.0006239650538191199
251536,0.000644373765680939
251552,0.0007958095520734787
251568,0.0004229546757414937
251584,0.0005462366389110684
251600,0.00029054906917735934
251616,0.0012963274493813515
251632,0.0010556491324678063
251648,0.0032550101168453693
251664,0.000722826283890754
251680,0.0003145633963868022
251696,0.003235016018152237
251712,0.000736860150936991
251728,0.00024800695246085525
251744,0.005293245427310467
251760,0.00022859104501549155
251776,0.00027297568158246577
251792,0.00047712132800370455
251808,0.0008440742967650294
251824,0.005374022759497166
251840,0.004207277204841375
251856,0.10854364931583405
251872,0.004484287463128567
251888,0.000969821703620255
251904,0.0007561525562778115
251920,0.05650144815444946
251936,0.0008628134964965284
251952,0.00020631463848985732
251968,0.0002755573659669608
251984,0.00029523897683247924
252000,0.0022440191823989153
252016,0.0029239761643111706
252032,0.0012865772005170584
252048,0.0007644880097359419
252064,0.004400323610752821
252080,0.002155207097530365
252096,0.0005759031628258526
252112,0.0009717949433252215
252128,0.0015489499783143401
252144,0.0005577228148467839
252160,0.005318088456988335
252176,0.0002295953017892316
252192,0.0006599893094971776
252208,0.004281328059732914
252224,0.00032342327176593244
252240,0.00021165519137866795
252256,0.002747473306953907
252272,0.0004614106728695333
252288,0.0025275181978940964
252304,0.0006090171518735588
252320,0.0007476761238649487
252336,0.0034240088425576687
252352,0.00023422428057529032
252368,0.0008447021245956421
252384,0.0018630421254783869
252400,0.0007992615574039519
252416,0.0013254156801849604
252432,0.00149312405847013
252448,0.00168699084315449
252464,0.000590992858633399
252480,0.00032299529993906617
252496,0.003268370870500803
252512,0.00021602623746730387
252528,0.0006135142175480723
252544,0.0010794959962368011
252560,0.004688218701630831
252576,0.0010028454707935452
252592,0.0012142570922151208
252608,0.0003261436941102147
252624,0.0009118819725699723
252640,0.014759350568056107
252656,0.0008239209419116378
252672,0.0004098059725947678
252688,0.0012113262200728059
252704,0.00016144703840836883
252720,0.002190351951867342
252736,0.0004253583319950849
252752,0.12536022067070007
252768,0.0019240800756961107
252784,0.0011425225529819727
252800,0.0005463309353217483
252816,0.003169430885463953
252832,0.008584882132709026
252848,0.0007340257870964706
252864,0.11645237356424332
252880,0.0018576517468318343
252896,0.0009378098184242845
252912,0.0007123582763597369
252928,0.06483004987239838
252944,0.0030253485310822725
252960,0.0007642217096872628
252976,0.0002846415154635906
252992,0.0003046999918296933
253008,0.000397335592424497
253024,0.0015374660724774003
253040,0.06455189734697342
253056,0.0008405517437495291
253072,0.024616315960884094
253088,0.0002405433333478868
253104,0.01567769981920719
253120,0.0023665225598961115
253136,0.0026832029689103365
253152,0.003331535030156374
253168,0.000766602111980319
253184,0.00044360902393236756
253200,0.029216602444648743
253216,0.00023613743542227894
253232,0.00020910341117996722
253248,0.00019455375149846077
253264,0.0001624498690944165
253280,0.017640432342886925
253296,0.00043353394721634686
253312,0.02575988508760929
253328,0.0013416887959465384
253344,0.0008201500168070197
253360,0.0010330078657716513
253376,0.0033077355474233627
253392,0.0002449390012770891
253408,0.0007511075818911195
253424,0.00012353231431916356
253440,0.0013684268342331052
253456,0.0009577391319908202
253472,0.0004187086597084999
253488,0.0001327172649325803
253504,0.0024788621813058853
253520,0.0006273208418861032
253536,0.00028670873143710196
253552,0.002037581754848361
253568,0.0010134659241884947
253584,0.0037344368174672127
253600,0.0002533228835090995
253616,0.0023159359116107225
253632,0.0038222328294068575
253648,0.00035470828879624605
253664,0.0006177577888593078
253680,0.0005306802922859788
253696,0.0011647450737655163
253712,0.00028003499028272927
253728,0.0005558219854719937
253744,0.0007457967149093747
253760,0.0028620942030102015
253776,0.005280105397105217
253792,0.00047448003897443414
253808,0.001389970537275076
253824,0.0008398452773690224
253840,0.00144147255923599
253856,0.0006306717405095696
253872,0.0003474673430901021
253888,0.0005303408252075315
253904,0.000503108836710453
253920,0.0005369920982047915
253936,0.0009941412135958672
253952,0.0827408879995346
253968,0.0005140488501638174
253984,0.012916981242597103
254000,0.01594277285039425
254016,0.033509496599435806
254032,0.0002316386380698532
254048,0.003123435890302062
254064,0.06410286575555801
254080,0.0016004052013158798
254096,0.0007256403914652765
254112,0.0004589530872181058
254128,0.0006593808648176491
254144,0.0007124894764274359
254160,0.0009880258003249764
254176,0.0012190263951197267
254192,0.0013165955897420645
254208,0.00018611203995533288
254224,0.0007412846898660064
254240,0.006392683368176222
254256,0.0025695578660815954
254272,0.0022144769318401814
254288,0.0009925194317474961
254304,0.0006058610742911696
254320,0.0007264735177159309
254336,0.001999101834371686
254352,0.0032306225039064884
254368,0.07473146915435791
254384,0.0011424182448536158
254400,0.0028484072536230087
254416,0.0002622265601530671
254432,0.006949512287974358
254448,0.0007970423903316259
254464,0.0004238518013153225
254480,0.00025032833218574524
254496,0.00047243054723367095
254512,0.0015285812551155686
254528,0.001160954823717475
254544,0.05105135962367058
254560,0.000667621789034456
254576,0.00039310354623012245
254592,0.0035735510755330324
254608,0.0004000193439424038
254624,0.0006392201175913215
254640,0.0003379317931830883
254656,0.0010894901352003217
254672,0.00032379140611737967
254688,0.0004228847101330757
254704,0.0030177533626556396
254720,0.00499468669295311
254736,0.0324518047273159
254752,0.09949944913387299
254768,0.013640150427818298
254784,0.0012826058082282543
254800,0.009029786102473736
254816,0.000688220257870853
254832,0.0005329057457856834
254848,0.08687670528888702
254864,0.00039356114575639367
254880,0.011653667315840721
254896,0.0006247790879569948
254912,0.002945894142612815
254928,0.0052300007082521915
254944,0.0004657624231185764
254960,0.0002803378738462925
254976,0.04514201730489731
254992,0.0003390315978322178
255008,0.0003467065980657935
255024,0.0007677520625293255
255040,0.0004739834985230118
255056,0.000573689874727279
255072,0.0014927263837307692
255088,0.013152734376490116
255104,0.03955572471022606
255120,0.007668007630854845
255136,0.0036014015786349773
255152,0.00828198529779911
255168,0.023175662383437157
255184,0.002106348518282175
255200,0.0007952173473313451
255216,0.00042635377030819654
255232,0.001557263545691967
255248,0.0012753079645335674
255264,0.0017857739003375173
255280,0.000342612067470327
255296,0.0012835051165893674
255312,0.00022229610476642847
255328,0.0012827215250581503
255344,0.003832440124824643
255360,0.003853380214422941
255376,0.01571269892156124
255392,0.002733591478317976
255408,0.022676609456539154
255424,0.0010706004686653614
255440,0.008375043049454689
255456,0.0005126366158947349
255472,0.001158364349976182
255488,0.013122047297656536
255504,0.0028862114995718002
255520,0.001406026305630803
255536,0.0007021669298410416
255552,0.00021187146194279194
255568,0.0014945769216865301
255584,0.00036931695649400353
255600,0.0028181590605527163
255616,0.0024618522729724646
255632,0.0005091020138934255
255648,0.0014265802456066012
255664,0.0007185128633864224
255680,0.0004881599743384868
255696,0.0015647968975827098
255712,0.004321078769862652
255728,0.0011318974429741502
255744,0.0006838540430180728
255760,0.00017407117411494255
255776,0.0015053212409839034
255792,0.0005335076712071896
255808,0.006228295154869556
255824,0.000435718335211277
255840,0.00033224804792553186
255856,0.0006340803811326623
255872,0.00013730552745983005
255888,0.0004015525337308645
255904,0.0004576974315568805
255920,0.00011835269106086344
255936,0.0009638931369408965
255952,0.00033416744554415345
255968,0.00033121317392215133
255984,0.0004799923626706004
256000,0.002353864023461938
256016,0.001667664502747357
256032,0.0003741330874618143
256048,0.0019348128698766232
256064,0.004269237630069256
256080,0.00012424591113813221
256096,0.00021950075461063534
256112,0.011697584763169289
256128,0.0002991627552546561
256144,0.0012020256835967302
256160,0.0009618434123694897
256176,0.0028418127913028
256192,0.0011570531642064452
256208,0.0022099297493696213
256224,0.00047831761185079813
256240,0.00033124457695521414
256256,0.00034012971445918083
256272,0.0002782914671115577
256288,0.008637113496661186
256304,0.006528514437377453
256320,0.02202456071972847
256336,0.00019543434609659016
256352,0.000634413561783731
256368,0.0012725376291200519
256384,0.0004987222491763532
256400,0.001319100963883102
256416,0.000777293520513922
256432,0.0018117382423952222
256448,0.0016019834438338876
256464,0.0027894643135368824
256480,0.0004565998096950352
256496,0.0015649457927793264
256512,0.0002990879293065518
256528,0.0020400886423885822
256544,0.0015769406454637647
256560,0.00025784163153730333
256576,0.001163160428404808
256592,0.0007479003397747874
256608,0.00034801813308149576
256624,0.00037170518771745265
256640,0.00048519487609155476
256656,0.0009557682787999511
256672,0.0012721801176667213
256688,0.0003115733270533383
256704,0.058843307197093964
256720,0.001141168992035091
256736,0.0036471837665885687
256752,0.0007630831096321344
256768,0.0008715323638170958
256784,0.001531866379082203
256800,0.07366245985031128
256816,0.0008036401704885066
256832,0.005309015046805143
256848,0.0007800707826390862
256864,0.006695902906358242
256880,0.0008742032223381102
256896,0.0038256854750216007
256912,0.0016434260178357363
256928,0.0009027632186189294
256944,0.0005984237068332732
256960,0.0001977498031919822
256976,0.0016050133854150772
256992,0.0006071189418435097
257008,0.0003027528873644769
257024,0.0004772519168909639
257040,0.001551660243421793
257056,0.0028048884123563766
257072,0.0016846961807459593
257088,0.00039475958328694105
257104,0.0008091334602795541
257120,0.0004738289280794561
257136,0.0010436595184728503
257152,0.001590647385455668
257168,0.0009311694884672761
257184,0.0021576788276433945
257200,0.0016830309759825468
257216,0.00020625356410164386
257232,0.0005050296895205975
257248,0.0028558678459376097
257264,0.0005888853338547051
257280,0.003562354017049074
257296,0.00025836529675871134
257312,0.0013024574145674706
257328,0.0007050770800560713
257344,0.003414732404053211
257360,0.0014854586916044354
257376,0.00042049650801345706
257392,0.001125201815739274
257408,0.0004823426716029644
257424,0.0002591349766589701
257440,0.00046776875387877226
257456,0.0005869356682524085
257472,0.0002601143787615001
257488,0.003009256673976779
257504,9.238683560397476e-05
257520,0.0011387872509658337
257536,0.034652359783649445
257552,0.007932265289127827
257568,0.0009169508120976388
257584,7.431392441503704e-05
257600,0.002345063490793109
257616,0.0001196210941998288
257632,0.032582953572273254
257648,0.006114285439252853
257664,0.07385624200105667
257680,0.000266819610260427
257696,0.0014635317493230104
257712,0.0004735978727694601
257728,0.00028474541613832116
257744,0.14961488544940948
257760,0.001249578082934022
257776,0.006715026218444109
257792,0.11426453292369843
257808,0.002911060582846403
257824,0.001091592712327838
257840,0.0007238920661620796
257856,0.0004958919016644359
257872,0.0002446943544782698
257888,0.06465093046426773
257904,0.0011976388050243258
257920,0.0010180703829973936
257936,0.015029601752758026
257952,0.0004641379346139729
257968,0.00033154102857224643
257984,0.0038978862576186657
258000,0.0007346649072133005
258016,0.0003583549987524748
258032,0.0002649820235092193
258048,0.0024983971379697323
258064,0.001795257325284183
258080,0.00014550978085026145
258096,0.00019379511650186032
258112,0.00027565809432417154
258128,0.0011186259798705578
258144,0.0012430413626134396
258160,0.0008587032789364457
258176,0.003528577508404851
258192,0.0032485476695001125
258208,0.0001362838374916464
258224,0.00015594527940265834
258240,0.006952464580535889
258256,0.00014961774286348373
258272,0.0011401297524571419
258288,0.0006876165862195194
258304,0.04277273640036583
258320,0.000531910452991724
258336,0.00048278519534505904
258352,0.001535399118438363
258368,0.0002936247910838574
258384,0.0077350325882434845
258400,0.0003064926713705063
258416,0.00013315393880475312
258432,0.0002166368067264557
258448,0.002089990535750985
258464,0.0025066903326660395
258480,0.004063156899064779
258496,0.00038179787225089967
258512,0.004420320503413677
258528,0.0874677300453186
258544,0.0011705996003001928
258560,0.0002112627262249589
258576,0.0013871376868337393
258592,0.000991140608675778
258608,0.0002688987005967647
258624,0.00019602436805143952
258640,0.00032931845635175705
258656,0.0012831739149987698
258672,0.005830560345202684
258688,0.00119222782086581
258704,0.0002813102910295129
258720,0.002110480796545744
258736,0.0016565979458391666
258752,0.049456220120191574
258768,0.034647297114133835
258784,0.00277278246358037
258800,0.0057912240736186504
258816,0.000421338714659214
258832,0.0006119608879089355
258848,0.00016303328447975218
258864,0.0006747634615749121
258880,0.0004937583580613136
258896,0.0009147668024525046
258912,0.0022918868344277143
258928,0.0011252739932388067
258944,0.002578429877758026
258960,0.0018926960183307528
258976,0.00043340795673429966
258992,0.00041001319186761975
259008,0.00038941350067034364
259024,0.000315402343403548
259040,0.0008857592474669218
259056,0.0034639958757907152
259072,0.00021828347234986722
259088,0.00043740644468925893
259104,0.13101841509342194
259120,0.00024283595848828554
259136,0.00035138000384904444
259152,0.0014726048102602363
259168,0.013872426003217697
259184,0.011222289875149727
259200,0.0001908373087644577
259216,0.0006220475770533085
259232,0.0003133500867988914
259248,0.008064054884016514
259264,0.000187501689651981
259280,0.002154802903532982
259296,0.00028515930171124637
259312,7.445320079568774e-05
259328,0.0020070376340299845
259344,0.00012636483006644994
259360,0.00046841701259836555
259376,0.00036021816777065396
259392,0.0022482858039438725
259408,0.002126704901456833
259424,0.00011558548430912197
259440,0.0010268704500049353
259456,0.0001602883858140558
259472,0.0008515343652106822
259488,0.00016761623555794358
259504,0.0008204145124182105
259520,0.0024842789862304926
259536,0.00023555323423352093
259552,0.00038344779750332236
259568,0.003762182779610157
259584,0.00030804151901975274
259600,0.00019863230409100652
259616,0.016131345182657242
259632,0.0005626717465929687
259648,0.0021191625855863094
259664,0.015423174016177654
259680,0.0006991002592258155
259696,0.003464287146925926
259712,0.0006895652040839195
259728,0.001499794190749526
259744,0.000605473411269486
259760,0.000621046987362206
259776,0.002791118575260043
259792,0.0004444324877113104
259808,0.000733853317797184
259824,0.0005241484032012522
259840,0.006295353174209595
259856,0.00486671132966876
259872,0.0007357620052061975
259888,0.001015065936371684
259904,0.006054024677723646
259920,0.0019509708508849144
259936,0.0003282197576481849
259952,0.00037857581628486514
259968,0.002639627084136009
259984,0.0007257387042045593
260000,0.0005398115608841181
260016,0.01136806420981884
260032,0.000628244481049478
260048,0.000529336859472096
260064,0.005439285654574633
260080,0.0018547687213867903
260096,0.000557072926312685
260112,0.0015794704668223858
260128,0.012158963829278946
260144,0.0017893870826810598
260160,0.000339600199367851
260176,0.004819509573280811
260192,0.021785922348499298
260208,0.00029764423379674554
260224,0.007179915439337492
260240,0.0011470364406704903
260256,0.0007490022107958794
260272,0.0007723323651589453
260288,0.00031468484667129815
260304,0.006061878055334091
260320,0.0006956696161068976
260336,0.06351032108068466
260352,0.0004179745737928897
260368,0.0017567649483680725
260384,0.0014323298819363117
260400,0.0009852846851572394
260416,0.0012351751793175936
260432,0.00020560437405947596
260448,0.0028055289294570684
260464,0.0013996073976159096
260480,0.0016989372670650482
260496,0.055672988295555115
260512,0.0007926373509690166
260528,0.00039471976924687624
260544,0.0006545319920405746
260560,0.0003783574211411178
260576,0.00018867441394831985
260592,0.0006991828558966517
260608,0.0005893608904443681
260624,0.0035409785341471434
260640,0.0010083443485200405
260656,0.0010263285366818309
260672,0.00036866028676740825
260688,0.0004213162756059319
260704,0.00034442401374690235
260720,0.0006155133014544845
260736,0.02560633420944214
260752,0.0025424878112971783
260768,0.002120442222803831
260784,0.13023896515369415
260800,0.0008823672542348504
260816,0.005804679822176695
260832,0.00012262168456800282
260848,0.005135350860655308
260864,0.0016720012063160539
260880,0.011225178837776184
260896,0.0007325776387006044
260912,0.005685384385287762
260928,0.006331757642328739
260944,0.0012589606922119856
260960,0.07703080028295517
260976,0.003639805130660534
260992,0.0007969174766913056
261008,0.003390019526705146
261024,0.007528993301093578
261040,0.001205618493258953
261056,0.0017112571513280272
261072,0.00037628418067470193
261088,0.023295249789953232
261104,0.004535411484539509
261120,0.00027377239894121885
261136,0.0012516503920778632
261152,0.0005429027951322496
261168,0.0005274810828268528
261184,0.0016982612432911992
261200,0.0015609487891197205
261216,0.00034766990575008094
261232,0.0003363930736668408
261248,0.005834513809531927
261264,0.001559271477162838
261280,0.0022210069000720978
261296,0.005051185376942158
261312,0.00421656621620059
261328,0.04230077564716339
261344,0.0030117775313556194
261360,0.000887713918928057
261376,0.002634855452924967
261392,0.001356702414341271
261408,0.019405139610171318
261424,0.0010311442892998457
261440,0.0014184387400746346
261456,0.0010513444431126118
261472,0.01198691688477993
261488,0.002142727142199874
261504,0.001317970221862197
261520,0.14467748999595642
261536,0.0004162214754614979
261552,0.0009596989257261157
261568,0.0009501110180281103
261584,0.001332987449131906
261600,0.0013136579655110836
261616,0.010485322214663029
261632,0.00046175229363143444
261648,0.0008570321369916201
261664,0.011562534607946873
261680,0.0023470933083444834
261696,0.0009256890043616295
261712,0.0013347960775718093
261728,0.03160831704735756
261744,0.009068906307220459
261760,0.007428470067679882
261776,0.009015528485178947
261792,0.0015503978356719017
261808,0.0005850967136211693
261824,0.012175790965557098
261840,0.0019215557258576155
261856,0.0014762596692889929
261872,0.14341837167739868
261888,0.0019473882857710123
261904,0.003165343077853322
261920,0.0004395736614242196
261936,0.008479675278067589
261952,0.006282458081841469
261968,0.0003999275795649737
261984,0.0011903897393494844
262000,0.0038896703626960516
262016,0.00012617385073099285
262032,0.007527003064751625
262048,0.002830510027706623
262064,0.004123981576412916
262080,0.0007636228110641241
262096,0.0010100760264322162
262112,0.0010634521022439003
262128,0.0014620847068727016
262144,0.0005199203733354807
262160,0.00019201853137928993
262176,0.0003787252935580909
262192,0.09447543323040009
262208,0.009906045161187649
262224,0.0005922373966313899
262240,0.053899362683296204
262256,0.003853350877761841
262272,0.007801000494509935
262288,0.0007588325534015894
262304,0.0005120285786688328
262320,0.00038412935100495815
262336,0.000235323459492065
262352,0.0003151057753711939
262368,0.035075943917036057
262384,0.0017500187968835235
262400,0.0006569147808477283
262416,0.001049269107170403
262432,0.000795973464846611
262448,0.0008169104112312198
262464,0.0005864014965482056
262480,0.0006294362829066813
262496,0.00031270491308532655
262512,0.007609042339026928
262528,0.0006073906552046537
262544,0.0005215990240685642
262560,0.007526214234530926
262576,0.00047607801388949156
262592,0.027360137552022934
262608,0.0004984281258657575
262624,0.00023471059103030711
262640,0.000459543545730412
262656,0.00012086143397027627
262672,0.00022627816360909492
262688,0.0004428998217917979
262704,0.0001463263324694708
262720,0.0033842979464679956
262736,0.002266244264319539
262752,0.0005755716119892895
262768,0.00012025015166727826
262784,8.587643242208287e-05
262800,0.00012282098759897053
262816,0.000820989313069731
262832,0.0004358853620942682
262848,6.118103192420676e-05
262864,0.007068152539432049
262880,0.0011706514051184058
262896,0.0011364900274202228
262912,0.033104006201028824
262928,0.1344975233078003
262944,0.02846098691225052
262960,0.0033477754332125187
262976,0.0005177417770028114
262992,0.0010917030740529299
263008,0.0018146660877391696
263024,0.0016988709103316069
263040,0.000695208553224802
263056,0.0006907368660904467
263072,0.004311009310185909
263088,0.0001791045069694519
263104,9.146898810286075e-05
263120,0.003654391737654805
263136,0.0017792746657505631
263152,0.00017494367784820497
263168,0.0016745803877711296
263184,0.07911872118711472
263200,0.0003614574670791626
263216,0.001323911128565669
263232,0.0005002239486202598
263248,0.0006036811973899603
263264,0.005851441528648138
263280,0.0005509735201485455
263296,0.00030577764846384525
263312,0.004449561238288879
263328,0.0004514830361586064
263344,0.0009086609934456646
263360,0.006588719319552183
263376,0.0024576890282332897
263392,0.00017038409714587033
263408,0.0005211606621742249
263424,0.00048297387547791004
263440,0.006113676819950342
263456,0.0005105150630697608
263472,0.001619604299776256
263488,0.0011637728894129395
263504,0.0003554795403033495
263520,0.0003005068574566394
263536,0.0011890878668054938
263552,0.0001510243455413729
263568,0.0001220816047862172
263584,0.00040120072662830353
263600,0.00039090332575142384
263616,0.0002250709367217496
263632,0.007653109263628721
263648,0.03257695212960243
263664,0.0014684019843116403
263680,0.006968273781239986
263696,0.00018313336477149278
263712,0.008378679864108562
263728,0.00043135660234838724
263744,0.13545341789722443
263760,0.0006239975336939096
263776,0.0010181245161220431
263792,0.0035674702376127243
263808,0.014044689014554024
263824,0.007951302453875542
263840,0.0006661872030235827
263856,0.0007525000255554914
263872,0.002834331477060914
263888,0.043175727128982544
263904,0.09649060666561127
263920,0.0007177672814577818
263936,0.01263497956097126
263952,0.002154777990654111
263968,0.0013266375754028559
263984,0.05496133118867874
264000,0.0015320907114073634
264016,0.0006194754387252033
264032,0.031358733773231506
264048,0.0037910956889390945
264064,0.000682487734593451
264080,0.00035899673821404576
264096,0.0009326920844614506
264112,0.006075496319681406
264128,0.14003664255142212
264144,0.001692000194452703
264160,0.003425057278946042
264176,0.0007025169907137752
264192,0.0011255396530032158
264208,0.000892389623913914
264224,0.0035758933518081903
264240,0.0013634751085191965
264256,0.00025286286836490035
264272,0.0024765634443610907
264288,0.0012286911951377988
264304,0.13740335404872894
264320,0.0006350729963742197
264336,0.0022327869664877653
264352,0.0004239833215251565
264368,0.000674852984957397
264384,0.004491451196372509
264400,0.0004905321984551847
264416,0.002538715722039342
264432,0.0003598672919906676
264448,0.0006736082723364234
264464,0.0002587990020401776
264480,0.0027272035367786884
264496,0.00010564039257587865
264512,0.001157578662969172
264528,7.769226795062423e-05
264544,0.00010185617429669946
264560,0.012054936960339546
264576,0.0019818530417978764
264592,0.0006798783433623612
264608,0.0032860785722732544
264624,0.0031174004543572664
264640,0.0001760059385560453
264656,0.0003584751102607697
264672,0.000230760604608804
264688,0.00042274006409570575
264704,0.0006316116778180003
264720,0.0001342582982033491
264736,0.0001752374810166657
264752,0.0026071048341691494
264768,0.016789410263299942
264784,0.0014983128057792783
264800,0.04860159754753113
264816,0.004812800325453281
264832,0.0004842195485252887
264848,0.0012211137218400836
264864,0.00025060540065169334
264880,0.000300125713692978
264896,0.0010309306671842933
264912,0.0012564870994538069
264928,0.0006970747490413487
264944,0.0003520598402246833
264960,0.00034181837690994143
264976,0.002026499481871724
264992,0.03920236974954605
265008,0.007798174861818552
265024,0.003126651979982853
265040,0.0003380324924364686
265056,0.0012483649188652635
265072,0.0009898297721520066
265088,0.013180319219827652
265104,0.000804625335149467
265120,0.04455062747001648
265136,0.005874720402061939
265152,0.0053573306649923325
265168,0.0008704912033863366
265184,0.223949134349823
265200,0.0009389248443767428
265216,0.0013025515945628285
265232,0.0003494889533612877
265248,0.0020628441125154495
265264,0.0011151048820465803
265280,0.0022614006884396076
265296,0.0027501848526299
265312,0.0007637045346200466
265328,0.0005425410345196724
265344,0.013252153061330318
265360,0.0016314559616148472
265376,0.06531470268964767
265392,0.0013258432736620307
265408,0.00039704638766124845
265424,0.01568641886115074
265440,0.0010351995006203651
265456,0.0016909106634557247
265472,0.010970795527100563
265488,0.01022871769964695
265504,0.022416334599256516
265520,0.00011765057570300996
265536,0.0012536017457023263
265552,0.001402353635057807
265568,0.004667419940233231
265584,0.00186748371925205
265600,0.0005927013116888702
265616,0.0017722694901749492
265632,0.00015639618504792452
265648,0.0036209565587341785
265664,0.001253955066204071
265680,0.0007451017736457288
265696,0.009765421971678734
265712,0.00032474365434609354
265728,0.0009441415895707905
265744,0.11732534319162369
265760,0.0005552199436351657
265776,0.004621164873242378
265792,0.002098351949825883
265808,0.00034890658571384847
265824,0.0006582844071090221
265840,0.00042630056850612164
265856,0.0025163739919662476
265872,0.0010944869136437774
265888,0.0027646012604236603
265904,0.0004407099331729114
265920,0.0006153383292257786
265936,0.0005066596204414964
265952,0.003970680758357048
265968,0.005051370710134506
265984,0.00056080351350829
266000,0.000556460814550519
266016,0.0039814854972064495
266032,0.13877402245998383
266048,0.0010605802526697516
266064,0.013240757398307323
266080,0.001024888944812119
266096,0.011446726508438587
266112,0.0006749823223799467
266128,0.00046316644875332713
266144,0.005276323761790991
266160,0.0010695336386561394
266176,0.00021485661272890866
266192,0.00046470138477161527
266208,0.0010376580758020282
266224,0.001916808309033513
266240,0.002648405497893691
266256,0.00023270615201909095
266272,0.0026645688340067863
266288,0.00035019207280129194
266304,0.0005954859661869705
266320,0.003028655657544732
266336,0.00022867748339194804
266352,0.0006297512445598841
266368,0.00025064588407985866
266384,0.0005987381446175277
266400,0.001166287693195045
266416,0.037658561021089554
266432,0.0007394267595373094
266448,0.0006773105124011636
266464,0.002405828097835183
266480,0.0003243554674554616
266496,0.0012225477257743478
266512,0.0033282837830483913
266528,0.0007114370237104595
266544,0.0008152735535986722
266560,0.013468790799379349
266576,0.0004643836582545191
266592,0.0008861968526616693
266608,0.14415284991264343
266624,0.0021737527567893267
266640,0.0004250988131389022
266656,0.001369166886433959
266672,0.001608030404895544
266688,0.000838065636344254
266704,0.0007164790295064449
266720,0.0025914879515767097
266736,0.0009475654223933816
266752,0.0010507561964914203
266768,0.0033058486878871918
266784,0.0002930276095867157
266800,0.0003360050613991916
266816,0.00039451662451028824
266832,0.00019235562649555504
266848,0.0002114007802447304
266864,0.00014497069059871137
266880,0.011600511148571968
266896,0.0007035313174128532
266912,0.000475425214972347
266928,0.009799542836844921
266944,0.003170169424265623
266960,0.026387037709355354
266976,0.0009234207100234926
266992,0.05348770320415497
267008,0.0004083875101059675
267024,0.0005068223108537495
267040,0.01479482650756836
267056,0.011760163120925426
267072,0.001285807229578495
267088,0.0014370568096637726
267104,0.0004991976893506944
267120,0.0015510879456996918
267136,0.03130991756916046
267152,0.0011623268947005272
267168,0.0015056745614856482
267184,0.0003205042448826134
267200,0.001804741332307458
267216,0.0006879490683786571
267232,0.0014396130573004484
267248,0.00020876404596492648
267264,0.0014728682581335306
267280,0.00015611265553161502
267296,0.0019805876072496176
267312,0.0011100859846919775
267328,0.003601965494453907
267344,0.0005176010890863836
267360,0.015141651034355164
267376,0.00031213703914545476
267392,0.09830053895711899
267408,0.0008550647180527449
267424,0.029644878581166267
267440,0.0008374574827030301
267456,0.00022061611525714397
267472,0.0012494148686528206
267488,0.0012840359704568982
267504,0.00017855687474366277
267520,0.034718528389930725
267536,0.00035998394014313817
267552,0.0015537642175331712
267568,0.005482388194650412
267584,0.00048252270789816976
267600,0.0005102079594507813
267616,0.0004403337079565972
267632,0.0010055233724415302
267648,0.0015398785471916199
267664,0.0008141491562128067
267680,0.003805703017860651
267696,0.0009408287005499005
267712,0.000876152073033154
267728,0.00026006155530922115
267744,0.00825002882629633
267760,0.0015645516104996204
267776,0.0006378174293786287
267792,0.003696516389027238
267808,0.002793659921735525
267824,0.010172870941460133
267840,0.010273930616676807
267856,0.001257286174222827
267872,0.0002727573737502098
267888,0.0008722266647964716
267904,0.009133540093898773
267920,0.0032265286426991224
267936,0.004795272368937731
267952,0.0033009806647896767
267968,0.0008652117103338242
267984,0.056564074009656906
268000,0.01596713624894619
268016,0.014203540980815887
268032,0.0015391659690067172
268048,0.04439752176403999
268064,0.00012861844152212143
268080,0.0009928527288138866
268096,0.0008811097359284759
268112,0.0011915178038179874
268128,0.0003508949012029916
268144,0.0010209791362285614
268160,0.0015197182074189186
268176,0.0005513862706720829
268192,0.0007179377716965973
268208,0.000975036236923188
268224,0.005061824340373278
268240,0.0004319334984757006
268256,0.00037499720929190516
268272,0.000318436068482697
268288,0.010626892559230328
268304,0.008722454309463501
268320,9.669857536209747e-05
268336,0.00028203343390487134
268352,0.009893888607621193
268368,0.008483976125717163
268384,0.016380777582526207
268400,0.0011605970794335008
268416,0.0010902838548645377
268432,0.003352036466822028
268448,0.0010492673609405756
268464,0.0008956532692536712
268480,0.0017322628991678357
268496,0.00047973269829526544
268512,0.0009145328076556325
268528,0.00011374997848179191
268544,0.005450674332678318
268560,0.0007174440543167293
268576,0.0006485049379989505
268592,0.0016231893096119165
268608,0.0009159690234810114
268624,0.033045925199985504
268640,0.0023922519758343697
268656,0.0001441699278075248
268672,0.0005753220757469535
268688,0.00015369961329270154
268704,0.00012898159911856055
268720,0.00011214291589567438
268736,0.0004714272799901664
268752,0.0002902457199525088
268768,0.00016353209502995014
268784,0.00032693592947907746
268800,0.0013905973173677921
268816,0.0006221742951311171
268832,0.0004356555291451514
268848,0.00033658515894785523
268864,0.00019612548931036144
268880,0.0006510475650429726
268896,0.002694113878533244
268912,0.02098088711500168
268928,0.0010341070592403412
268944,0.0005100166890770197
268960,0.0005863978294655681
268976,0.0003665922558866441
268992,0.0994962528347969
269008,0.00016657197556924075
269024,0.0011829512659460306
269040,0.0021823029965162277
269056,0.0002713287831284106
269072,0.0004077119810972363
269088,0.015580950304865837
269104,0.05822918936610222
269120,0.0004923992673866451
269136,0.00024931837106123567
269152,0.0006998844910413027
269168,0.00024734847829677165
269184,0.0001131485914811492
269200,0.001343431998975575
269216,0.00036519960849545896
269232,0.0028769727796316147
269248,0.00015748765144962817
269264,0.0016055197920650244
269280,0.00018544621707405895
269296,0.0007159620290622115
269312,0.00035413086879998446
269328,0.0025273077189922333
269344,0.0003246774722356349
269360,0.0009660641080699861
269376,0.0004463571240194142
269392,0.00012623018119484186
269408,0.0005662654293701053
269424,0.0003801355487667024
269440,0.00021335422934498638
269456,0.006676175631582737
269472,0.0003880072617903352
269488,0.0004435034061316401
269504,0.0005633753607980907
269520,0.00039306795224547386
269536,0.004667351022362709
269552,0.0003270023735240102
269568,0.0004959760117344558
269584,0.0002868536685127765
269600,0.00021520530572161078
269616,0.0001779012382030487
269632,0.0007888582767918706
269648,0.02337116375565529
269664,0.0011516426457092166
269680,0.0033036689274013042
269696,0.000317314057610929
269712,0.0001720656582619995
269728,0.0005262938793748617
269744,0.0005127504700794816
269760,0.00039421641849912703
269776,0.00038137217052280903
269792,0.0030627429950982332
269808,0.0003627077676355839
269824,0.0006396163371391594
269840,0.025297975167632103
269856,0.00013567626592703164
269872,0.00035649037454277277
269888,0.0006764730787836015
269904,0.002115831710398197
269920,0.0009137860033661127
269936,0.0024147802032530308
269952,0.0005149083444848657
269968,0.00420229509472847
269984,0.000623030005954206
270000,0.0006068231305107474
270016,0.000311405339743942
270032,0.001120270462706685
270048,0.002149372361600399
270064,0.08687601238489151
270080,0.0006455553229898214
270096,0.00012235513713676482
270112,0.00017364535597153008
270128,0.0010917435865849257
270144,0.0008669501403346658
270160,0.0006818304536864161
270176,0.0007108726422302425
270192,0.00025053482386283576
270208,0.00027872691862285137
270224,0.09624926000833511
270240,0.0005065089790150523
270256,0.0008591460064053535
270272,0.0013997493078932166
270288,0.00030135727138258517
270304,0.004074156284332275
270320,0.0029274511616677046
270336,0.0006702624959871173
270352,0.0033875529188662767
270368,0.0002477319212630391
270384,0.0010601950343698263
270400,0.0009097796864807606
270416,0.0008755618473514915
270432,0.0007877242751419544
270448,0.0015920413425192237
270464,0.0008196759736165404
270480,0.006372470874339342
270496,0.0005583069287240505
270512,0.08845296502113342
270528,0.0006949207745492458
270544,0.0002430856111459434
270560,0.000949246110394597
270576,0.0028068264946341515
270592,0.0011170238722115755
270608,0.003091443795710802
270624,0.0004153008630964905
270640,0.00017790596757549793
270656,0.00036701580393128097
270672,0.0004903021617792547
270688,0.0011394291650503874
270704,0.00018401333363726735
270720,0.03215779736638069
270736,0.0021408051252365112
270752,0.0011900800745934248
270768,0.0032615226227790117
270784,0.001957500586286187
270800,0.0011965339072048664
270816,0.0009015204268507659
270832,0.0022223456762731075
270848,0.0003916081041097641
270864,0.0002133676316589117
270880,0.0010729568311944604
270896,0.0003626677207648754
270912,0.0980265885591507
270928,0.00027594808489084244
270944,0.00010407736408524215
270960,0.0003609926498029381
270976,0.0007905629463493824
270992,0.0005191758973523974
271008,0.0004967213608324528
271024,0.0019224360585212708
271040,0.0002848189033102244
271056,0.0004120053490623832
271072,0.0015917272539809346
271088,0.0003482848987914622
271104,0.000784821982961148
271120,0.0007631905609741807
271136,0.0003853702510241419
271152,0.0009728303411975503
271168,0.0003583669022191316
271184,0.0008496091468259692
271200,0.0003015327383764088
271216,0.0002601999731268734
271232,0.0004583260742947459
271248,0.0015298338839784265
271264,0.0012924178736284375
271280,0.00019585186964832246
271296,0.00020879495423287153
271312,0.0002505206211935729
271328,0.0020226072520017624
271344,0.0010356141719967127
271360,0.002099961508065462
271376,0.00016597133071627468
271392,0.0004614701902028173
271408,0.00024531810777261853
271424,0.052158378064632416
271440,0.0005687263328582048
271456,0.0012217988260090351
271472,0.002655613701790571
271488,0.011376848444342613
271504,0.0011921141995117068
271520,0.0007303819875232875
271536,0.0016946012619882822
271552,0.0007790703093633056
271568,0.014027388766407967
271584,0.001079739653505385
271600,0.0018505887128412724
271616,0.0005646923091262579
271632,0.010022809728980064
271648,0.003289340063929558
271664,0.0002182907919632271
271680,0.003096882253885269
271696,0.0006767300656065345
271712,0.012983559630811214
271728,0.0002334347227588296
271744,0.0015286197885870934
271760,0.0006671346491202712
271776,0.002170671708881855
271792,0.000513523118570447
271808,0.0010919504566118121
271824,0.000568723538890481
271840,0.0009397800313308835
271856,0.00037372406222857535
271872,0.000803140108473599
271888,0.0008229924715124071
271904,0.053840912878513336
271920,0.0032437960617244244
271936,0.00040885148337110877
271952,0.0005546791944652796
271968,0.0004814183048438281
271984,0.011807880364358425
272000,0.005259128287434578
272016,0.001585018471814692
272032,0.00010003345960285515
272048,0.014894935302436352
272064,0.000652278948109597
272080,0.0005670160753652453
272096,0.07414693385362625
272112,0.0010267581092193723
272128,0.0008795724133960903
272144,0.005470671691000462
272160,0.005538699217140675
272176,0.003137381048873067
272192,0.0008176105911843479
272208,0.0005178562714718282
272224,0.0008006145944818854
272240,0.006859615445137024
272256,0.00031167626730166376
272272,0.0017697112634778023
272288,0.0026027520652860403
272304,0.0020947083830833435
272320,0.0002759227645583451
272336,0.0007083592936396599
272352,0.00024836952798068523
272368,0.0005293054855428636
272384,0.08277696371078491
272400,0.0018220115453004837
272416,0.0014566666213795543
272432,0.0013298809062689543
272448,0.002080105245113373
272464,0.0004439376061782241
272480,0.0023720930330455303
272496,0.0007728416239842772
272512,0.000473459018394351
272528,0.002744177356362343
272544,0.0008328348631039262
272560,0.0009661360527388752
272576,0.0013844117056578398
272592,0.023893103003501892
272608,0.0006481856107711792
272624,0.0026074082124978304
272640,0.0032184396404772997
272656,0.0011256018187850714
272672,0.001297616632655263
272688,0.0009244935354217887
272704,0.053677868098020554
272720,0.0004380665486678481
272736,0.0017387657426297665
272752,0.0007180246757343411
272768,0.0003387745819054544
272784,0.0003430655342526734
272800,0.0004662488354369998
272816,0.00027412656345404685
272832,0.0003593837027437985
272848,0.0004700809658970684
272864,0.000663066515699029
272880,0.013323038816452026
272896,0.00044721292215399444
272912,0.024848829954862595
272928,0.0006387814646586776
272944,0.005520607344806194
272960,0.0004618289531208575
272976,0.008592462167143822
272992,0.00011987333709839731
273008,0.0002997043775394559
273024,0.00033289307611994445
273040,0.030583780258893967
273056,0.002603355096653104
273072,0.000528739532455802
273088,0.0020369128324091434
273104,0.00024058742565102875
273120,0.0006774381035938859
273136,0.0016972385346889496
273152,0.047556616365909576
273168,0.00035387268872000277
273184,0.005668835248798132
273200,0.00016254829824902117
273216,0.1448843628168106
273232,0.005434298422187567
273248,0.0007278290577232838
273264,0.00023710545792710036
273280,0.0006140635814517736
273296,0.009708168916404247
273312,0.0015534147387370467
273328,0.004308675415813923
273344,0.00024171537370420992
273360,0.0033541936427354813
273376,0.0003551397821865976
273392,0.016102436929941177
273408,0.0005376255139708519
273424,0.00745807308703661
273440,0.0007713544182479382
273456,0.007873406633734703
273472,0.00035769492387771606
273488,0.04221200942993164
273504,0.0009671035222709179
273520,0.0011194257531315088
273536,0.0004748131614178419
273552,0.10252560675144196
273568,0.0064191133715212345
273584,0.000501772912684828
273600,0.0004661308485083282
273616,0.07270950824022293
273632,9.927809878718108e-05
273648,0.09875534474849701
273664,0.0008720718324184418
273680,9.184656664729118e-05
273696,0.000333294621668756
273712,0.00034460294409655035
273728,0.0001332649844698608
273744,0.0005170071381144226
273760,0.0005605969927273691
273776,0.004470757208764553
273792,0.0009433599771000445
273808,0.0013203168055042624
273824,0.0009341917466372252
273840,0.0009974803542718291
273856,0.00719493580982089
273872,0.0005352238076739013
273888,0.0005174402613192797
273904,0.0007020009797997773
273920,0.00040800971328280866
273936,0.0014176173135638237
273952,0.00032706360798329115
273968,0.0057359253987669945
273984,0.006813809275627136
274000,0.0008966081077232957
274016,0.020944278687238693
274032,0.0002885390422306955
274048,0.018002983182668686
274064,0.001411254983395338
274080,0.00041726630297489464
274096,0.0007878420874476433
274112,0.03425036370754242
274128,0.00045708962716162205
274144,0.0009055953705683351
274160,0.009669603779911995
274176,0.01335449330508709
274192,0.00029050803277641535
274208,0.001623522024601698
274224,0.09511783719062805
274240,0.06722617149353027
274256,0.0024106178898364305
274272,0.0027557741850614548
274288,0.00016503692313563079
274304,0.003609779756516218
274320,0.00026939940289594233
274336,0.001116825849749148
274352,0.0005671805702149868
274368,0.003042039228603244
274384,0.0029110554605722427
274400,0.0004192247288301587
274416,0.0008190709631890059
274432,0.00029507276485674083
274448,0.0012062203604727983
274464,0.00045972445514053106
274480,0.0005579544231295586
274496,0.00027064146706834435
274512,0.0013510475400835276
274528,0.0025115222670137882
274544,0.0005963799776509404
274560,0.001363042276352644
274576,0.0020295477006584406
274592,0.01655132696032524
274608,0.00031154658063314855
274624,0.0006485111662186682
274640,0.0032902066595852375
274656,0.0013058441691100597
274672,0.020030248910188675
274688,0.006207170896232128
274704,0.00024302303791046143
274720,0.0007569179870188236
274736,0.002359214937314391
274752,0.0013205779250711203
274768,0.007206130772829056
274784,0.0005718010943382978
274800,0.0007373216794803739
274816,0.0015221394132822752
274832,0.0010361394379287958
274848,0.0009796347003430128
274864,0.003596112597733736
274880,0.0010982860112562776
274896,0.0010224449215456843
274912,0.001201111008413136
274928,0.0015820253174751997
274944,0.0006683216779492795
274960,0.0028031098190695047
274976,0.001009930856525898
274992,0.002887495094910264
275008,0.0028164340183138847
275024,0.007947094738483429
275040,0.000952618196606636
275056,0.0010156927164644003
275072,0.0009747697040438652
275088,0.0007125363335944712
275104,0.006195388734340668
275120,0.0811258852481842
275136,0.0010439703473821282
275152,0.015230483375489712
275168,0.00020350035629235208
275184,0.0005579950520768762
275200,0.0032533544581383467
275216,0.0001778097648639232
275232,0.0014192418893799186
275248,0.0017637868877500296
275264,0.0001622541167307645
275280,0.003807507921010256
275296,0.00142886012326926
275312,0.03468433395028114
275328,0.0011893610935658216
275344,0.0324983112514019
275360,0.00041583675192669034
275376,0.00016172220057342201
275392,0.07556549459695816
275408,0.0012414231896400452
275424,0.012990310788154602
275440,0.008858887478709221
275456,0.00042440718971192837
275472,0.0003670855367090553
275488,0.0003470929223112762
275504,0.00027922072331421077
275520,0.0004813934792764485
275536,0.0014902183320373297
275552,0.00022992283629719168
275568,0.00015328783774748445
275584,0.00034264702117070556
275600,0.00026298611192032695
275616,0.060922782868146896
275632,0.00012185935338493437
275648,0.00385499419644475
275664,0.0023834449239075184
275680,0.000580950581934303
275696,0.00041472542216069996
275712,0.0001673289225436747
275728,0.0015020971186459064
275744,0.0029953066259622574
275760,0.0005638633156195283
275776,0.02098195254802704
275792,0.0010745445033535361
275808,0.00694343401119113
275824,0.0003584897785913199
275840,0.00018506732885725796
275856,0.0010611810721457005
275872,0.0002290622069267556
275888,0.001291812164708972
275904,0.0003991373523604125
275920,0.000683057471178472
275936,0.00043679424561560154
275952,0.000253190693911165
275968,0.0028745094314217567
275984,0.0017987689934670925
276000,0.0004651790950447321
276016,0.0011221151798963547
276032,0.0016147473361343145
276048,0.005909058265388012
276064,0.0005543215665966272
276080,0.022065170109272003
276096,0.00020580811542458832
276112,0.0006812986102886498
276128,0.0011200869921594858
276144,0.0005609380314126611
276160,0.03283090144395828
276176,0.0010522044030949473
276192,0.04993893951177597
276208,0.0008613518439233303
276224,0.0025862392503768206
276240,0.0013974920148029923
276256,0.0004759308649227023
276272,0.00037055645952932537
276288,0.0006047033821232617
276304,0.009145122021436691
276320,0.0013406428042799234
276336,0.0011643562465906143
276352,0.0013239117106422782
276368,0.0007062111981213093
276384,0.00042078879778273404
276400,0.0038952745962888002
276416,0.0005847310530953109
276432,0.0003224362153559923
276448,0.00018642393115442246
276464,0.015444066375494003
276480,0.0021063953172415495
276496,0.0011333576403558254
276512,0.006425597704946995
276528,0.0007230741321109235
276544,0.0018269869033247232
276560,0.003868322353810072
276576,0.0012565238866955042
276592,0.00012577118468470871
276608,0.0006537403096444905
276624,0.0002634315751492977
276640,0.0003065775672439486
276656,0.0012623644433915615
276672,0.00021293552708812058
276688,0.00011257542064413428
276704,0.003112801816314459
276720,0.0011297690216451883
276736,0.012618317268788815
276752,0.0033505866304039955
276768,0.0003981888585258275
276784,0.00027611988480202854
276800,0.00018071697559207678
276816,0.0001340860326308757
276832,0.0008628246723674238
276848,0.0010576625354588032
276864,0.031660620123147964
276880,0.0038647912442684174
276896,0.0026164385490119457
276912,0.00022557051852345467
276928,0.016704140231013298
276944,0.0003727709408849478
276960,0.0012281505623832345
276976,0.07557108253240585
276992,0.00029691270901821554
277008,0.009270071052014828
277024,0.0003382352297194302
277040,0.0005860737292096019
277056,0.00020683297771029174
277072,0.0009374210494570434
277088,0.00012459149002097547
277104,0.0013388936640694737
277120,0.00025316159008070827
277136,9.555380529491231e-05
277152,0.0005155549151822925
277168,0.0017474840860813856
277184,0.0012478077551349998
277200,0.0011787805706262589
277216,0.002423197031021118
277232,0.0004528102872427553
277248,0.004069305490702391
277264,0.0016477389726787806
277280,0.0004423090140335262
277296,0.11553861200809479
277312,0.0005591034423559904
277328,0.002756504574790597
277344,0.00046853054664097726
277360,0.0010390897514298558
277376,0.0021762598771601915
277392,0.0006829481571912766
277408,0.0034938398748636246
277424,0.002078961580991745
277440,0.0005436824867501855
277456,0.0011811447329819202
277472,0.007555137388408184
277488,0.0023666485212743282
277504,0.00022107445693109185
277520,0.00032751017715781927
277536,0.0020169084891676903
277552,0.0015091670211404562
277568,0.00021631360868923366
277584,0.01957719773054123
277600,0.000871158204972744
277616,0.0003326529695186764
277632,0.0004354745033197105
277648,0.0022843675687909126
277664,0.0012577497400343418
277680,0.00012632830475922674
277696,0.0010598087683320045
277712,0.001650608261115849
277728,0.00013234608923085034
277744,0.0001611157931620255
277760,0.00024374631175305694
277776,0.0005259537138044834
277792,0.0004256466345395893
277808,0.0003993571153841913
277824,0.011256606318056583
277840,0.00010522316733840853
277856,0.0005956206005066633
277872,0.0002188032231060788
277888,0.0008171505760401487
277904,0.0005501214764080942
277920,0.000681060366332531
277936,0.1571587324142456
277952,0.0017131823115050793
277968,0.026159431785345078
277984,0.0003136349259875715
278000,0.0008492177003063262
278016,0.13588540256023407
278032,0.03869868814945221
278048,0.00024875503731891513
278064,0.001154875848442316
278080,0.0009507241193205118
278096,0.0009587017702870071
278112,0.003662485396489501
278128,0.0005008979351259768
278144,0.00016461004270240664
278160,0.0004972944152541459
278176,0.0025937925092875957
278192,0.01190996915102005
278208,0.00026502960827201605
278224,0.023568805307149887
278240,0.0003961727488785982
278256,0.005102746654301882
278272,0.0010731264483183622
278288,0.00028191256569698453
278304,0.00015891950170043856
278320,0.0003277038340456784
278336,0.0005449492018669844
278352,0.0029369699768722057
278368,0.000866588088683784
278384,0.002682532649487257
278400,0.0006018615094944835
278416,0.0011985325254499912
278432,0.003139456734061241
278448,0.0002068784087896347
278464,0.002200857736170292
278480,0.0007640040712431073
278496,0.0004444665100891143
278512,0.001375308376736939
278528,0.00029185315361246467
278544,0.00025830348022282124
278560,0.00039221110637299716
278576,0.0012190408306196332
278592,0.006582681555300951
278608,0.00039308835403062403
278624,0.001785951666533947
278640,0.0015554295387119055
278656,0.00020063063129782677
278672,0.0006697885692119598
278688,0.0011493171332404017
278704,0.0010977163910865784
278720,0.005263610277324915
278736,0.009008685126900673
278752,0.0009047737112268806
278768,0.0006650224095210433
278784,0.0013626152649521828
278800,0.004106811713427305
278816,0.0010649622417986393
278832,0.010397334583103657
278848,0.006052137352526188
278864,0.0007130106678232551
278880,0.00043642771197482944
278896,0.002446206286549568
278912,0.00040176662150770426
278928,0.0003997958265244961
278944,0.0017401509685441852
278960,0.0004501561925280839
278976,0.001460551517084241
278992,0.00040712999179959297
279008,0.0006027701310813427
279024,0.01934027671813965
279040,0.0018795676296576858
279056,0.0011221326421946287
279072,0.0004450677952263504
279088,0.00031593299354426563
279104,0.11396359652280807
279120,0.00023418496130034328
279136,0.000661257014144212
279152,0.0005867161089554429
279168,0.009869269095361233
279184,0.00033046468161046505
279200,0.0006444915197789669
279216,0.027533655986189842
279232,0.001503594103269279
279248,0.00047298791469074786
279264,0.0010889406548812985
279280,0.0009660982759669423
279296,0.0007216537487693131
279312,0.0008463870035484433
279328,0.0008415508200414479
279344,0.028283126652240753
279360,0.0009456307161599398
279376,0.0016292749205604196
279392,0.004243259783834219
279408,0.0011003295658156276
279424,0.0033225477673113346
279440,0.0007888673571869731
279456,0.0010112525196745992
279472,0.012655293568968773
279488,0.001165272668004036
279504,0.0007314917165786028
279520,0.005135063547641039
279536,0.0014726505614817142
279552,0.09873732924461365
279568,0.0015071104280650616
279584,0.0003878487623296678
279600,0.0006748752202838659
279616,0.007992226630449295
279632,0.000723418896086514
279648,0.00042537457193247974
279664,0.000239148095715791
279680,0.00032112441840581596
279696,0.0006101631443016231
279712,0.0005127287004143
279728,0.00017134254449047148
279744,0.0008978229598142207
279760,0.0004246855969540775
279776,0.0006676273187622428
279792,0.00034725802834145725
279808,0.014272877015173435
279824,0.012580317445099354
279840,0.0010127929272130132
279856,0.001416974700987339
279872,0.001422650064341724
279888,0.029368264600634575
279904,0.004875450395047665
279920,0.0005936888628639281
279936,0.0004122920800000429
279952,0.0013241525739431381
279968,0.1245061531662941
279984,0.0010278427507728338
280000,0.0012711409945040941
280016,0.0015732807805761695
280032,0.002026339527219534
280048,0.0015744913835078478
280064,0.0016819755546748638
280080,0.0017284336499869823
280096,0.0015303700929507613
280112,0.0037678214721381664
280128,0.006069791968911886
280144,0.001241609686985612
280160,0.0021911871153861284
280176,0.0008218467119149864
280192,0.00654061883687973
280208,0.00015894052921794355
280224,0.0019656922668218613
280240,0.0006944291526451707
280256,0.0003418021951802075
280272,0.0017538180109113455
280288,0.005021344870328903
280304,0.00033859582617878914
280320,0.0070016514509916306
280336,0.0022419707383960485
280352,0.0013310842914506793
280368,0.00038055554614402354
280384,0.0003233420429751277
280400,0.00029406623798422515
280416,0.00026793917641043663
280432,0.005203922279179096
280448,0.0005096661043353379
280464,0.0005470379255712032
280480,0.0006903064786456525
280496,0.06361624598503113
280512,0.0030397584196180105
280528,0.0009758114465512335
280544,0.0003821520949713886
280560,0.0010542278178036213
280576,0.0003102463379036635
280592,0.0008901251712813973
280608,0.00023270281963050365
280624,0.00019722621073015034
280640,0.001131512806750834
280656,0.0023985591251403093
280672,0.054288361221551895
280688,0.000264293747022748
280704,0.0006846623145975173
280720,0.0002823801478371024
280736,0.00451050978153944
280752,0.0019694166257977486
280768,0.0004984560655429959
280784,0.002192191081121564
280800,0.0010096004698425531
280816,0.0014856280758976936
280832,0.1459968388080597
280848,0.0013556277845054865
280864,0.0037651045713573694
280880,0.00039086875040084124
280896,0.0012924170587211847
280912,0.0016709810588508844
280928,0.0010356510756537318
280944,0.0004476933099795133
280960,0.0006999743636697531
280976,0.000753064057789743
280992,0.0037305771838873625
281008,0.00043359215487726033
281024,0.0007465619128197432
281040,0.0007391461404040456
281056,0.00021528245997615159
281072,0.0006768215680494905
281088,0.0007332210661843419
281104,0.0009045180049724877
281120,0.0011650256346911192
281136,0.00022813670511823148
281152,0.00020643103925976902
281168,0.0006500109448097646
281184,0.0002595190308056772
281200,0.004315554164350033
281216,0.001879426185041666
281232,0.010426752269268036
281248,0.012027230113744736
281264,0.0007095681503415108
281280,0.0005600253352895379
281296,0.00021584580827038735
281312,0.0008048777817748487
281328,0.0020840188954025507
281344,0.0007622863631695509
281360,0.0012419199338182807
281376,0.0003519997699186206
281392,0.0020568924956023693
281408,0.0007611763430759311
281424,0.0010395367862656713
281440,0.0014304725918918848
281456,0.00207267003133893
281472,0.0008177007548511028
281488,0.002618977101519704
281504,0.0008640841697342694
281520,0.0008492834167554975
281536,0.0004390497924759984
281552,0.0005746387178078294
281568,0.002189263701438904
281584,0.0006081907195039093
281600,0.0029081960674375296
281616,0.004720184486359358
281632,0.0003490684903226793
281648,0.05514815077185631
281664,0.0007349565858021379
281680,0.0003279152442701161
281696,0.036062806844711304
281712,0.00016253167996183038
281728,0.00464724563062191
281744,0.0025747644249349833
281760,0.0004259342676959932
281776,0.0031217290088534355
281792,0.001602396136149764
281808,0.0017734367866069078
281824,0.00281491014175117
281840,0.00020880661031696945
281856,0.009644437581300735
281872,0.007577257230877876
281888,0.0018479370046406984
281904,0.00154673692304641
281920,0.0009049022337421775
281936,0.001636077300645411
281952,0.0007115753833204508
281968,0.007245989982038736
281984,0.0017361739883199334
282000,0.0003925372438970953
282016,0.15023203194141388
282032,0.0012043084716424346
282048,0.03758387267589569
282064,9.42421902436763e-05
282080,0.0006177648319862783
282096,0.0024504619650542736
282112,0.0035363263450562954
282128,0.0028843795880675316
282144,0.03856974467635155
282160,0.00212966650724411
282176,0.0008260629838332534
282192,0.000411802320741117
282208,0.07023414969444275
282224,0.008507396094501019
282240,0.0015088790096342564
282256,0.001007839455269277
282272,0.0003589112311601639
282288,0.013080609031021595
282304,0.008928417228162289
282320,0.0005000606179237366
282336,0.00027108428184874356
282352,0.0005029037711210549
282368,0.1283862590789795
282384,0.0003315829671919346
282400,0.0006851147045381367
282416,0.00012199528282508254
282432,0.0003385478921700269
282448,0.0010638264939188957
282464,0.032120347023010254
282480,0.0006711517926305532
282496,0.0011266502551734447
282512,0.1251499354839325
282528,0.0007687179604545236
282544,0.0005859098746441305
282560,0.0012692182790488005
282576,0.0006833826191723347
282592,0.0018965255003422499
282608,0.0016755576943978667
282624,0.0014167723711580038
282640,0.0002305332018295303
282656,0.00045798037899658084
282672,0.0005290971603244543
282688,0.0002680810575839132
282704,8.239064482040703e-05
282720,0.00046545392251573503
282736,0.0015682962257415056
282752,0.0031141801737248898
282768,0.001862828154116869
282784,0.0013537772465497255
282800,0.003549247281625867
282816,0.0025152084417641163
282832,0.008542457595467567
282848,0.0008714877185411751
282864,0.0039803460240364075
282880,0.1046806201338768
282896,0.0021283181849867105
282912,0.0008238234440796077
282928,0.014596362598240376
282944,0.022539155557751656
282960,0.003702122950926423
282976,0.003187163034453988
282992,0.0032142261043190956
283008,0.0005104258889332414
283024,0.0015470036305487156
283040,0.003017401322722435
283056,0.0018559445161372423
283072,0.001916025299578905
283088,0.0025355080142617226
283104,0.00032822953653521836
283120,0.006139338947832584
283136,0.00024745610426180065
283152,0.014607485383749008
283168,0.0008152362424880266
283184,0.0029452736489474773
283200,0.0005294193979352713
283216,0.0003350416664034128
283232,0.005410768557339907
283248,0.00040369899943470955
283264,0.0005843929247930646
283280,0.00011660221207421273
283296,0.004032444208860397
283312,0.0003828364424407482
283328,0.0007957814959809184
283344,0.0013555267360061407
283360,0.0006476573180407286
283376,0.14813293516635895
283392,0.0007658600225113332
283408,0.005697046406567097
283424,0.0007799091981723905
283440,0.0029480105731636286
283456,0.010519057512283325
283472,0.04248625412583351
283488,0.012376958504319191
283504,0.0014513209462165833
283520,0.0009683343814685941
283536,0.0020238766446709633
283552,0.0009424077579751611
283568,0.0013983654789626598
283584,0.005128394812345505
283600,0.00048358453204855323
283616,0.001424364629201591
283632,0.0008704817737452686
283648,0.0040982067584991455
283664,0.0014811966102570295
283680,0.0021643396466970444
283696,0.0012311680475249887
283712,0.03251969441771507
283728,0.0021747255232185125
283744,0.0007192563498392701
283760,0.0002272218553116545
283776,0.0007979439687915146
283792,0.0001313004468102008
283808,0.0874912291765213
283824,0.00035713560646399856
283840,0.05935307964682579
283856,0.005414409097284079
283872,0.029820658266544342
283888,0.00024576025316491723
283904,0.0003593693545553833
283920,0.0004622006672434509
283936,0.004269499331712723
283952,0.00034731117193587124
283968,0.0013333037495613098
283984,0.1535400152206421
284000,0.00048022076953202486
284016,0.0005882011028006673
284032,0.004572528880089521
284048,0.0009452481754124165
284064,0.0014175481628626585
284080,0.0005579511052928865
284096,0.0008890180615708232
284112,0.0030173459090292454
284128,0.0011738267494365573
284144,0.0038412201683968306
284160,0.00028856302378699183
284176,0.0007876051822677255
284192,0.0013312160735949874
284208,0.0003759808314498514
284224,0.0007100157090462744
284240,0.0002520776470191777
284256,0.004247192293405533
284272,0.0011353841982781887
284288,0.004607371054589748
284304,0.001109370612539351
284320,0.00030395982321351767
284336,0.0006324918358586729
284352,0.001401559915393591
284368,0.0014793823938816786
284384,0.00047205647570081055
284400,0.0016004915814846754
284416,0.00048815476475283504
284432,0.0006552861304953694
284448,0.0005338984192349017
284464,0.0029172184877097607
284480,0.000618613907136023
284496,0.015915052965283394
284512,0.0006678769132122397
284528,0.0023400436621159315
284544,0.023222794756293297
284560,0.0009389302576892078
284576,0.0002668854722287506
284592,0.0009277730714529753
284608,0.0006579610053449869
284624,0.0002484499418642372
284640,0.0008594397222623229
284656,0.003468151669949293
284672,0.0012300156522542238
284688,0.0005240627797320485
284704,0.0007232899079099298
284720,0.0007558616925962269
284736,0.0018524553161114454
284752,0.00023612327640876174
284768,0.0003715521306730807
284784,0.001965000992640853
284800,0.0061708614230155945
284816,0.00032996980007737875
284832,0.0006200597854331136
284848,0.0012477010022848845
284864,0.0009939803276211023
284880,0.006293035112321377
284896,0.00031868016230873764
284912,0.001128694391809404
284928,0.0052376389503479
284944,0.0014225190971046686
284960,0.00400527473539114
284976,0.0006435151444748044
284992,0.022722547873854637
285008,0.00018697287305258214
285024,0.0011142273433506489
285040,0.0020524226129055023
285056,0.0004847696400247514
285072,0.0034507871605455875
285088,0.009686343371868134
285104,0.0003104089410044253
285120,0.0007326024351641536
285136,0.1439058780670166
285152,0.0026614288799464703
285168,0.001860425341874361
285184,0.05106355622410774
285200,0.0032244345638900995
285216,0.08352123945951462
285232,0.0004249567864462733
285248,0.000507637276314199
285264,0.0002110494824592024
285280,0.0008471069158986211
285296,0.0005233720876276493
285312,0.0006324014393612742
285328,0.00028832629323005676
285344,0.004725340753793716
285360,0.0004946626722812653
285376,0.0024923693854361773
285392,0.0010244851000607014
285408,0.007331302855163813
285424,0.005198945757001638
285440,0.00011968584294663742
285456,0.005773729644715786
285472,0.00018794817151501775
285488,0.0003286003484390676
285504,0.006913166958838701
285520,0.0018914019456133246
285536,0.000676753232255578
285552,0.0012477762065827847
285568,0.0003877773124258965
285584,0.0005263503408059478
285600,0.0024813637137413025
285616,0.00039638776797801256
285632,0.003241934347897768
285648,0.0007233584765344858
285664,0.0043062022887170315
285680,0.0005734105943702161
285696,0.0003733166086021811
285712,0.0005902393022552133
285728,0.0011633483227342367
285744,0.024390054866671562
285760,0.0017510787583887577
285776,0.0004379216115921736
285792,0.001859702868387103
285808,0.005968248471617699
285824,0.0008980193524621427
285840,0.0014442666433751583
285856,0.0005013251211494207
285872,0.00048212462570518255
285888,0.0054349713027477264
285904,0.011427845805883408
285920,0.0007794118719175458
285936,0.00020723722991533577
285952,0.0002866430440917611
285968,0.0012778572272509336
285984,0.0017993667861446738
286000,0.0010758843272924423
286016,0.0004022973298560828
286032,0.006969107314944267
286048,0.0012051931116729975
286064,0.1432666778564453
286080,0.0005800531362183392
286096,0.0013088880805298686
286112,0.008566528558731079
286128,0.12605375051498413
286144,0.14751994609832764
286160,0.00019467476522549987
286176,0.0003870436339639127
286192,0.0010242409771308303
286208,0.0038822658825665712
286224,0.0002987742191180587
286240,0.0022781703155487776
286256,0.0033590090461075306
286272,0.0003738946979865432
286288,0.00027969529037363827
286304,8.866021380526945e-05
286320,0.000400934019125998
286336,0.0003689087461680174
286352,0.001805569278076291
286368,0.0007315019611269236
286384,0.001610877807252109
286400,0.0006486796191893518
286416,0.002886914648115635
286432,0.000305753608699888
286448,0.006337312050163746
286464,0.1469019204378128
286480,0.0012320830719545484
286496,0.0010036034509539604
286512,0.0003412031219340861
286528,0.0002326582616660744
286544,0.0013983002863824368
286560,0.003267476335167885
286576,0.0005573153612203896
286592,0.00019803400209639221
286608,0.0003269968437962234
286624,0.07687845081090927
286640,0.0002808475401252508
286656,0.001331808976829052
286672,0.0006900907028466463
286688,0.0006595012964680791
286704,0.0001883842924144119
286720,0.023908672854304314
286736,0.0013036818709224463
286752,0.0007482247892767191
286768,0.0009752021869644523
286784,0.0003694299957714975
286800,0.0025160438381135464
286816,0.0032554399222135544
286832,0.0015090818051248789
286848,0.0005627056816592813
286864,0.00030270262504927814
286880,0.0009033912210725248
286896,0.00039795905468054116
286912,0.00036529675708152354
286928,0.000873108918312937
286944,0.0019727149046957493
286960,0.008524160832166672
286976,0.0006442876765504479
286992,0.004183852579444647
287008,0.0006066117784939706
287024,0.00092932244297117
287040,0.009449985809624195
287056,0.0018480599392205477
287072,0.0008441091631539166
287088,0.0004446919774636626
287104,0.0007745380862616003
287120,0.0004616202204488218
287136,0.00034558522747829556
287152,0.0024845837615430355
287168,0.0011248388327658176
287184,0.003981651738286018
287200,0.0011479458771646023
287216,0.000531062250956893
287232,0.0002558107953518629
287248,0.00034392165252938867
287264,0.00043261770042590797
287280,0.0005702388007193804
287296,0.001754734548740089
287312,0.0025557675398886204
287328,0.00032875273609533906
287344,0.017929835245013237
287360,0.0005958081455901265
287376,0.00020582025172188878
287392,0.0009270166046917439
287408,0.004823390394449234
287424,0.0007155686616897583
287440,0.00042572285747155547
287456,0.001420115353539586
287472,0.003917753230780363
287488,0.0007794403936713934
287504,0.0015842735301703215
287520,0.00026064764824695885
287536,0.0011875159107148647
287552,0.00508300494402647
287568,0.0031751932110637426
287584,0.0049613118171691895
287600,0.004304657224565744
287616,0.001220722682774067
287632,0.005501479841768742
287648,0.0005974426167085767
287664,0.0014505938161164522
287680,0.0009866957552731037
287696,0.0010210673790425062
287712,0.000603437190875411
287728,0.0007905426900833845
287744,0.011144571006298065
287760,0.00016001841868273914
287776,0.0008707394590601325
287792,0.0017011921154335141
287808,0.00022835184063296765
287824,0.005679325666278601
287840,0.0070177000015974045
287856,0.00020592122746165842
287872,0.0004353220574557781
287888,0.0008552673389203846
287904,0.00023240104201249778
287920,0.000283815898001194
287936,0.0004515782929956913
287952,0.00011203826579730958
287968,0.0011873325565829873
287984,0.0008178032585419714
288000,0.00023496398353017867
288016,0.00026383460499346256
288032,0.0013880751794204116
288048,0.02194971591234207
288064,0.0005703070783056319
288080,0.001202680985443294
288096,0.002786047291010618
288112,0.0009014310198836029
288128,0.0012638531625270844
288144,0.0004411404370330274
288160,0.006948358844965696
288176,0.00028503042994998395
288192,0.0015049006324261427
288208,0.0002574026584625244
288224,0.00013885754742659628
288240,0.001091870479285717
288256,0.023952869698405266
288272,0.0035199029371142387
288288,0.0022243126295506954
288304,0.002563477260991931
288320,0.00019908745889551938
288336,0.0009097032598219812
288352,0.0017817097250372171
288368,0.0024541900493204594
288384,0.0021087746135890484
288400,0.0017363509396091104
288416,0.0001263308950001374
288432,0.00033302480005659163
288448,0.014195379801094532
288464,0.0009358868701383471
288480,0.00022186235582921654
288496,0.000612350762821734
288512,0.0002993533562403172
288528,0.0014292418491095304
288544,0.0009255905752070248
288560,0.00018489238573238254
288576,0.0006138957105576992
288592,0.00039911794010549784
288608,0.0013542810920625925
288624,0.0011345571838319302
288640,0.000290083495201543
288656,0.001507599139586091
288672,0.00012178451288491488
288688,0.00039049683255143464
288704,0.00026522146072238684
288720,0.00027283321833238006
288736,0.0003440091968514025
288752,0.0008709131507202983
288768,0.0003460229199845344
288784,0.0005535473464988172
288800,0.0001424627989763394
288816,0.000506665906868875
288832,0.00012854512897320092
288848,0.0037187098059803247
288864,0.00025037152227014303
288880,0.0005942304851487279
288896,0.0006072946707718074
288912,0.0012671751901507378
288928,0.00586392916738987
288944,0.0009381950949318707
288960,0.00380725902505219
288976,0.0008404997643083334
288992,0.0008785257814452052
289008,0.0005447795847430825
289024,0.00021715361799579114
289040,0.0003775141085498035
289056,0.00185786176007241
289072,0.00014849926810711622
289088,0.01575079746544361
289104,0.0008875431376509368
289120,0.00035955302882939577
289136,0.0005551818176172674
289152,0.012751728296279907
289168,0.002117163734510541
289184,0.00025894487043842673
289200,0.001021791948005557
289216,0.0005746381357312202
289232,0.0006471487577073276
289248,0.0004860303015448153
289264,0.00019132488523609936
289280,0.00010712505900301039
289296,0.0026582512073218822
289312,0.0001642848365008831
289328,0.00027994587435387075
289344,0.000909149122890085
289360,0.000413606408983469
289376,0.000584638211876154
289392,0.0002310715790372342
289408,0.00042668136302381754
289424,0.00023090398462954909
289440,0.00013926983228884637
289456,0.0003214426396880299
289472,0.0007664087461307645
289488,0.0003049996157642454
289504,0.0004382156766951084
289520,0.0005277881864458323
289536,0.003268918953835964
289552,0.010789209045469761
289568,0.0008920443360693753
289584,0.0006294642807915807
289600,0.0007479015039280057
289616,0.0014153709635138512
289632,0.002627185545861721
289648,0.0010002392809838057
289664,0.0004547105054371059
289680,0.00023386022076010704
289696,0.000530748744495213
289712,0.0010380260646343231
289728,0.00028527757967822254
289744,0.0007224286673590541
289760,0.0019920924678444862
289776,0.024312499910593033
289792,0.0007542753010056913
289808,0.0004808614030480385
289824,0.002089018002152443
289840,0.0055670663714408875
289856,0.001082535134628415
289872,0.00030780950328335166
289888,0.00034239294473081827
289904,0.0007826454238966107
289920,0.00012987654190510511
289936,0.0031787727493792772
289952,0.00024655828019604087
289968,0.00015343190170824528
289984,0.00041971338214352727
290000,0.052103668451309204
290016,0.1433260291814804
290032,0.0009444115567021072
290048,0.0008777996408753097
290064,0.001434318721294403
290080,0.0016948768170550466
290096,0.00034770165802910924
290112,0.00015863750013522804
290128,0.0016901270719245076
290144,0.0005210989038459957
290160,0.0011469247983768582
290176,0.01576315239071846
290192,0.001632014405913651
290208,0.0003515011048875749
290224,0.0016995550831779838
290240,0.0012837543617933989
290256,0.004750621970742941
290272,0.001557357027195394
290288,0.000517877284437418
290304,0.0005701588233932853
290320,0.0004187078448012471
290336,0.0026941720861941576
290352,0.010162072256207466
290368,0.002626624656841159
290384,0.000484596035676077
290400,0.0010280379792675376
290416,0.0007825502543710172
290432,0.0003140002954751253
290448,0.00025738542899489403
290464,0.00041888272971846163
290480,0.02056761458516121
290496,0.0011012093164026737
290512,0.0011563028674572706
290528,0.017613351345062256
290544,0.001730828545987606
290560,0.0008240177412517369
290576,0.0011323596118018031
290592,0.0002246174990432337
290608,0.00039419755921699107
290624,0.0004530689911916852
290640,0.0011409865692257881
290656,0.0007495925528928638
290672,0.004769095219671726
290688,0.0003768763563130051
290704,0.005472808610647917
290720,0.00030717154731974006
290736,0.0006748288287781179
290752,0.0011282626073807478
290768,0.0005483728018589318
290784,0.0019699265249073505
290800,0.00047057546908035874
290816,0.0007689468911848962
290832,0.032620880752801895
290848,0.00039977143751457334
290864,0.0141006363555789
290880,0.0020737932063639164
290896,0.0014456161297857761
290912,0.0009614247246645391
290928,0.00277917692437768
290944,0.00126297224778682
290960,0.00042109921923838556
290976,0.0006487189675681293
290992,0.00039059261325746775
291008,0.0006853152299299836
291024,0.00048629497177898884
291040,0.00011338894546497613
291056,0.0024718428030610085
291072,0.0015825264854356647
291088,0.0011128985788673162
291104,0.0002729426196310669
291120,0.0024486191105097532
291136,0.00015477411216124892
291152,0.002128269523382187
291168,0.00030457350658252835
291184,0.0004958954523317516
291200,0.0010085103567689657
291216,0.00015406147576868534
291232,0.0007201086264103651
291248,0.002515643136575818
291264,0.0003433259262237698
291280,0.00028148829005658627
291296,0.0006768982857465744
291312,0.006224258337169886
291328,0.0005517936660908163
291344,0.02431516721844673
291360,0.0008908109739422798
291376,0.003142829053103924
291392,0.005663740448653698
291408,0.0007480442873202264
291424,0.0006590050179511309
291440,0.0010347156785428524
291456,0.0002046808076556772
291472,0.0011183484457433224
291488,0.0004092270974069834
291504,0.0008140878053382039
291520,0.000432633503805846
291536,0.0014058226952329278
291552,0.0013876700541004539
291568,0.00219919066876173
291584,0.001729345414787531
291600,0.0017174133099615574
291616,0.005275142379105091
291632,0.0004610187606886029
291648,0.0035882636439055204
291664,0.0004649665206670761
291680,0.001114434446208179
291696,0.000642869621515274
291712,0.024297963827848434
291728,0.0012158795725554228
291744,0.001638202229514718
291760,0.002514580497518182
291776,0.0009843234438449144
291792,0.00109250214882195
291808,0.0028306031599640846
291824,0.00393496872857213
291840,0.00873644556850195
291856,0.0004160504031460732
291872,0.027003947645425797
291888,0.0006565079092979431
291904,0.0010241317795589566
291920,0.04728776589035988
291936,0.0009111073450185359
291952,0.0006651954026892781
291968,0.0013865402434021235
291984,0.0010303888702765107
292000,0.0005834130570292473
292016,0.00045428427984006703
292032,0.0377342663705349
292048,0.02427697367966175
292064,0.004038517829030752
292080,0.0003943590563721955
292096,0.0010577229550108314
292112,0.00473511079326272
292128,0.0027473876252770424
292144,0.0003421879082452506
292160,0.0002970516216009855
292176,0.0026651963125914335
292192,0.0003572275163605809
292208,0.001183311571367085
292224,0.026892293244600296
292240,0.14752663671970367
292256,0.0031384245958179235
292272,0.014803469181060791
292288,0.000722791999578476
292304,0.0006459791911765933
292320,0.005780819803476334
292336,0.0006796156521886587
292352,0.00018817918316926807
292368,0.0013018896570429206
292384,0.0014548547333106399
292400,0.003553848247975111
292416,0.0021208676043897867
292432,0.0009716558270156384
292448,0.005350618623197079
292464,0.0018558521987870336
292480,0.059201568365097046
292496,0.054336972534656525
292512,0.00036539931898005307
292528,0.006489371880888939
292544,0.07024422287940979
292560,0.000802151917014271
292576,0.0008082964923232794
292592,0.002853295998647809
292608,0.0004437538736965507
292624,0.0002029888128163293
292640,0.00016236351802945137
292656,0.00057220458984375
292672,0.00019140243239235133
292688,0.0020308317616581917
292704,0.0026441419031471014
292720,0.0008668561349622905
292736,0.0004445744853001088
292752,0.0003233083989471197
292768,0.0003375759406480938
292784,0.0007506320253014565
292800,0.0007630358450114727
292816,0.0013887109234929085
292832,0.0012086313217878342
292848,0.0018113537225872278
292864,0.027651090174913406
292880,0.0003454315010458231
292896,0.0034502591006457806
292912,0.0010122203966602683
292928,0.00040483102202415466
292944,0.0007775294361636043
292960,0.002189500955864787
292976,0.00231817364692688
292992,0.024943342432379723
293008,0.003933444153517485
293024,0.002458008239045739
293040,0.0014593061059713364
293056,0.004325819201767445
293072,0.0036586071364581585
293088,0.0006291487952694297
293104,0.00025334832025691867
293120,0.0005589814973063767
293136,0.00403102720156312
293152,0.0008889551972970366
293168,0.0009275482734665275
293184,0.0014537405222654343
293200,0.0007185754948295653
293216,0.0005319384508766234
293232,0.003327982733026147
293248,0.0013438292080536485
293264,0.0018573544220998883
293280,0.00031316775130108
293296,0.002692165318876505
293312,0.0022027739323675632
293328,0.08176754415035248
293344,0.0014273804845288396
293360,0.0008003097027540207
293376,0.0012923360336571932
293392,0.0009075755369849503
293408,0.00048157008131965995
293424,0.0002748452825471759
293440,0.0024421452544629574
293456,0.0002937911485787481
293472,0.00014332625141832978
293488,0.0032260946463793516
293504,0.0002996360999532044
293520,0.0006394173251464963
293536,0.00010447094246046618
293552,0.001303256256505847
293568,0.004040778614580631
293584,0.0006844475865364075
293600,0.0032247898634523153
293616,0.00026237498968839645
293632,0.0011772087309509516
293648,0.006594844628125429
293664,0.06558903306722641
293680,0.001557384617626667
293696,0.0007314678514376283
293712,0.00040121586062014103
293728,0.0007908729603514075
293744,0.006276784464716911
293760,0.0010766292689368129
293776,0.009900182485580444
293792,0.00036774465115740895
293808,0.00027610239339992404
293824,0.001001992728561163
293840,0.0006169965490698814
293856,0.0001834257273003459
293872,0.0004495641915127635
293888,0.00015477549459319562
293904,0.0011247533839195967
293920,0.00018975051352754235
293936,0.0007301340228877962
293952,0.0005188096547499299
293968,0.0012166767846792936
293984,0.030328383669257164
294000,0.0006839284324087203
294016,0.001028669998049736
294032,0.00051424017874524
294048,0.0009035036782734096
294064,0.09861233085393906
294080,0.0009893784299492836
294096,0.005232261493802071
294112,0.023029401898384094
294128,0.0008029104210436344
294144,0.15487933158874512
294160,0.00023752235574647784
294176,0.0007044132798910141
294192,0.0008273667190223932
294208,0.0011396351037546992
294224,0.0008236725116148591
294240,0.0005965977907180786
294256,0.001981634646654129
294272,0.001064835349097848
294288,0.00325178075581789
294304,0.0030620696488767862
294320,0.0008668205700814724
294336,0.00015568832168355584
294352,0.0007173106423579156
294368,0.0007834563148207963
294384,0.0004942600498907268
294400,0.00023973561474122107
294416,0.0027129894588142633
294432,0.006282728165388107
294448,0.026146231219172478
294464,0.004094839096069336
294480,0.0010104065295308828
294496,0.005924539640545845
294512,0.0028530925046652555
294528,0.0004153048503212631
294544,0.00018200502381660044
294560,0.00025339468265883625
294576,0.0004726144834421575
294592,0.004302260000258684
294608,0.00303521822206676
294624,0.0009363532299175858
294640,0.0010936844628304243
294656,0.0038067391142249107
294672,0.0036578092258423567
294688,0.0004940820508636534
294704,0.007001117337495089
294720,0.0006806763121858239
294736,0.0002812932070810348
294752,0.004565250128507614
294768,0.0005330177955329418
294784,0.0003143654321320355
294800,0.018194206058979034
294816,0.0009946729987859726
294832,0.00021922175073996186
294848,0.0007398227462545037
294864,0.0073630111292004585
294880,0.0002557663538027555
294896,0.0004417954187374562
294912,0.0015400649281218648
294928,0.0007978188805282116
294944,0.0003333664790261537
294960,0.0005899605457670987
294976,0.002576495986431837
294992,0.0003986070223618299
295008,0.00020929702441208065
295024,0.0002542173024266958
295040,0.0026174657978117466
295056,0.0005978537956252694
295072,0.00024208103423006833
295088,0.00022296037059277296
295104,0.1275939643383026
295120,0.0008176139090210199
295136,0.00045783346286043525
295152,0.0006167000974528491
295168,0.000874038552865386
295184,0.00026554640498943627
295200,0.011104346252977848
295216,0.004478683695197105
295232,0.0004219963448122144
295248,0.0026444774121046066
295264,0.0027770749293267727
295280,0.0007445198716595769
295296,0.0005323565565049648
295312,0.0005683995550498366
295328,0.0001580029638716951
295344,0.0030839184764772654
295360,0.000491167651489377
295376,0.000337040051817894
295392,0.0006530249956995249
295408,0.005270223133265972
295424,0.0008218879229389131
295440,0.019725466147065163
295456,0.0009884667815640569
295472,0.004363382235169411
295488,0.0012862537987530231
295504,0.00047560693928971887
295520,0.0019172457978129387
295536,0.0013535339385271072
295552,0.0011680895695462823
295568,0.0011119344271719456
295584,0.001441036001779139
295600,0.000976341834757477
295616,0.0012417457764968276
295632,0.0008926137234084308
295648,0.00045862130355089903
295664,0.0031408893410116434
295680,0.00041643972508609295
295696,0.0030630347318947315
295712,0.016876861453056335
295728,0.1431485265493393
295744,0.0019141839584335685
295760,0.0019657860975712538
295776,0.0025933911092579365
295792,0.00040932215051725507
295808,0.001035221153870225
295824,0.0011200748849660158
295840,0.000799178727902472
295856,0.00040028628427535295
295872,0.0009954869747161865
295888,0.0007795901037752628
295904,0.0007582737598568201
295920,0.0009585107327438891
295936,0.0010776226408779621
295952,0.0025828415527939796
295968,0.11455947160720825
295984,0.0011019953526556492
296000,0.0003307861043140292
296016,0.00024552023387514055
296032,0.0006675280164927244
296048,0.00023354806762654334
296064,0.0007135776686482131
296080,0.0001248767221113667
296096,0.000346530374372378
296112,0.0009064832702279091
296128,0.0019021340413019061
296144,0.002336792880669236
296160,0.0011701639741659164
296176,0.0005132713704369962
296192,0.10732746124267578
296208,0.001074634725227952
296224,0.00018310669111087918
296240,0.0007052616565488279
296256,0.0003199712373316288
296272,0.0015037581324577332
296288,0.001505777589045465
296304,0.0006618624902330339
296320,0.0001685664610704407
296336,0.00040263228584080935
296352,0.0009077917784452438
296368,0.0002024385757977143
296384,0.003589359577745199
296400,0.07652067393064499
296416,0.00110341003164649
296432,0.000801546557340771
296448,0.000698425224982202
296464,0.0007987619610503316
296480,0.0003147172392345965
296496,0.00037791646900586784
296512,0.0005566389299929142
296528,0.0004126207495573908
296544,0.0006533085834234953
296560,0.00027037342078983784
296576,0.0003806922468356788
296592,0.00023602785950060934
296608,0.0011074310168623924
296624,0.00024692356237210333
296640,0.00028516497695818543
296656,0.00014899457164574414
296672,0.01063222624361515
296688,0.0002864266571123153
296704,0.0010947774862870574
296720,0.0005354246823117137
296736,0.0006386637687683105
296752,0.0003394692321307957
296768,0.0017007309943437576
296784,0.00020888651488348842
296800,0.0010724302846938372
296816,0.004582799505442381
296832,0.011052881367504597
296848,0.0008232421241700649
296864,0.0017768610268831253
296880,0.0001757159479893744
296896,0.00022768497001379728
296912,0.0013909349218010902
296928,0.00025839771842584014
296944,0.0006356892408803105
296960,0.0004289194184821099
296976,0.12982667982578278
296992,0.0006386733148247004
297008,0.0005725325318053365
297024,0.0021563314367085695
297040,0.00023403536761179566
297056,0.000925270956940949
297072,5.273801798466593e-05
297088,0.0007905284874141216
297104,0.00010169399320147932
297120,0.002246354939416051
297136,0.00014745020598638803
297152,0.0004318594583310187
297168,0.01664942130446434
297184,0.0018243992235511541
297200,0.0003661297960206866
297216,0.05100725591182709
297232,0.0007919362396933138
297248,0.008490732870995998
297264,0.015553463250398636
297280,0.0006091041723266244
297296,0.000965189072303474
297312,0.012240182608366013
297328,0.0009362398413941264
297344,0.0005186895141378045
297360,0.0006942820036783814
297376,0.0012342996196821332
297392,0.005704917479306459
297408,0.001967863878235221
297424,0.061803799122571945
297440,0.0005829234723933041
297456,0.0017765078227967024
297472,0.022753741592168808
297488,0.039913177490234375
297504,0.014848563820123672
297520,0.00027188312378712
297536,0.00023352944117505103
297552,0.0011464436538517475
297568,0.00025227709556929767
297584,0.00027997081633657217
297600,0.14215408265590668
297616,0.0033815312199294567
297632,0.0013801479944959283
297648,0.0003019206051249057
297664,0.0009687342680990696
297680,0.0011733651626855135
297696,0.0009777550585567951
297712,0.0007476831087842584
297728,0.010802195407450199
297744,0.003539895638823509
297760,0.0010714081581681967
297776,0.00022701037232764065
297792,0.0014321999624371529
297808,0.000581829808652401
297824,0.0029262141324579716
297840,0.00043173920130357146
297856,0.0007188069866970181
297872,0.0025476275477558374
297888,0.000654411967843771
297904,0.0009001948055811226
297920,0.000764471129514277
297936,0.0004232555511407554
297952,0.002726217731833458
297968,0.0003305933205410838
297984,0.0024499460123479366
298000,0.0005740721244364977
298016,0.0007041684584692121
298032,0.0036776370834559202
298048,0.0006032779929228127
298064,0.00046066439244896173
298080,0.0035896331537514925
298096,0.0010543848620727658
298112,0.001089657424017787
298128,0.11527440696954727
298144,0.00039499043487012386
298160,0.0006459438009187579
298176,0.0002270330733153969
298192,0.0011932351626455784
298208,0.000347677618265152
298224,0.0005560654099099338
298240,0.0006465776823461056
298256,0.000375482311937958
298272,0.0001614484644960612
298288,0.0012321185786277056
298304,0.013785133138298988
298320,0.00040314957732334733
298336,0.003290091175585985
298352,0.00040845293551683426
298368,0.0009987399680539966
298384,0.0018572062253952026
298400,0.0001436190214008093
298416,0.001133657293394208
298432,0.010048985481262207
298448,0.0003600749187171459
298464,0.0003764702705666423
298480,0.00010882707283599302
298496,0.05445575714111328
298512,0.0035430004354566336
298528,0.001015879213809967
298544,0.0005762458313256502
298560,0.001152918441221118
298576,0.0002113652735715732
298592,0.00023479800438508391
298608,0.0011174115352332592
298624,0.0002337910991627723
298640,0.0006128753302618861
298656,0.0005954674561508
298672,0.0009712640312500298
298688,0.0007207815069705248
298704,0.0006162123754620552
298720,0.0005373663734644651
298736,0.0005242506158538163
298752,0.04810266196727753
298768,0.001614038716070354
298784,0.004504823125898838
298800,0.008031285367906094
298816,0.0012676561018452048
298832,0.00011244401684962213
298848,0.000579961109906435
298864,0.00034800145658664405
298880,0.0004656831733882427
298896,0.0004996653879061341
298912,0.11568347364664078
298928,0.0017576287500560284
298944,0.10844840109348297
298960,0.000678691198118031
298976,0.00039049837505444884
298992,0.0011735287262126803
299008,0.009270000271499157
299024,0.007865341380238533
299040,0.0028295973315835
299056,0.001480027916841209
299072,0.0005916537484154105
299088,0.007182841654866934
299104,0.0004554566112346947
299120,9.89821128314361e-05
299136,0.00033284694654867053
299152,0.0004209780599921942
299168,0.004446353297680616
299184,0.0038314356934279203
299200,0.001227164058946073
299216,0.0013726325705647469
299232,0.06123097985982895
299248,0.0003672665043268353
299264,0.0029061762616038322
299280,0.0003817311080638319
299296,0.001792892231605947
299312,0.0015990335959941149
299328,8.340057684108615e-05
299344,0.0007755273836664855
299360,0.0003877595881931484
299376,0.12800882756710052
299392,0.00043791739153675735
299408,0.0024390816688537598
299424,0.0007826931541785598
299440,0.0018425905145704746
299456,0.0006973341223783791
299472,0.001684548333287239
299488,0.00039418519008904696
299504,0.0001741839514579624
299520,0.0004352515679784119
299536,0.00039750878931954503
299552,0.0005969967460259795
299568,0.00019999468349851668
299584,0.00013030393165536225
299600,0.006598084699362516
299616,0.0012006391771137714
299632,0.0008104006410576403
299648,0.0001572514302097261
299664,0.0007937942864373326
299680,0.11282146722078323
299696,0.0016441019251942635
299712,0.0018113001715391874
299728,0.0005242311162874103
299744,0.00024807435693219304
299760,0.0025585712864995003
299776,0.001010713167488575
299792,0.0016456039156764746
299808,0.0009028133936226368
299824,0.006392916664481163
299840,0.00018182775238528848
299856,0.000272479752311483
299872,0.0008090604678727686
299888,0.0005953009240329266
299904,0.0003874383692163974
299920,0.006278826855123043
299936,0.029460737481713295
299952,0.00016888181562535465
299968,0.0010055882157757878
299984,0.04749014973640442
300000,0.0011303655337542295
300016,0.001027902471832931
300032,0.0006254434701986611
300048,0.0008312729187309742
300064,0.0002475226065143943
300080,0.0003692221362143755
300096,0.0008833950851112604
300112,0.0006614091107621789
300128,0.00034220831003040075
300144,0.030158627778291702
300160,0.0001514520845375955
300176,0.0006315457867458463
300192,0.0012680086074396968
300208,0.00046845173346810043
300224,0.0119499322026968
300240,0.0017099174438044429
300256,0.00017758911417331547
300272,0.0006479101721197367
300288,0.0001939748617587611
300304,0.00041707942727953196
300320,0.035009875893592834
300336,0.00028170630685053766
300352,0.0006429320201277733
300368,0.0005991176003590226
300384,0.05238211527466774
300400,0.001050600316375494
300416,0.0016754637472331524
300432,0.00011971670755883679
300448,0.014427955262362957
300464,0.00012060086010023952
300480,0.00590293575078249
300496,0.0012132448609918356
300512,0.001079802867025137
300528,0.000419137766584754
300544,0.0013160165399312973
300560,0.0005645774072036147
300576,0.0004845088697038591
300592,0.0010103551903739572
300608,0.0009030055953189731
300624,0.0014072685735300183
300640,0.0006577364401891828
300656,0.004555129446089268
300672,0.0026721882168203592
300688,0.000251325371209532
300704,0.00036636111326515675
300720,0.01750454120337963
300736,0.001327419187873602
300752,0.00041100566159002483
300768,0.0003322616685181856
300784,0.0005906245205551386
300800,0.0002425236307317391
300816,0.00030882476130500436
300832,0.0030849450267851353
300848,0.0003259735240135342
300864,0.00983603484928608
300880,0.00014351541176438332
300896,0.0028753236401826143
300912,0.009929914027452469
300928,0.0005396882770583034
300944,0.00472412770614028
300960,0.00026310107205063105
300976,0.00024582335026934743
300992,0.000495033455081284
301008,0.00016044473159126937
301024,0.0016739015700295568
301040,0.00044629580224864185
301056,0.0002623374748509377
301072,0.0006949295056983829
301088,0.00040920384344644845
301104,0.0008148562628775835
301120,0.0015230595599859953
301136,0.00010233605280518532
301152,0.0003903165052179247
301168,0.020022567361593246
301184,0.0004321172018535435
301200,0.00016445250366814435
301216,0.0003462083695922047
301232,0.006011220160871744
301248,0.0005889470921829343
301264,0.0003863003512378782
301280,0.0007926301332190633
301296,0.006022821180522442
301312,0.0004126472631469369
301328,0.0002625153283588588
301344,0.00032438989728689194
301360,0.0003868447383865714
301376,0.0008264998905360699
301392,0.0003227679117117077
301408,0.00013195324572734535
301424,0.0005104002775624394
301440,0.0015463308664038777
301456,0.0013412353582680225
301472,0.0011660653399303555
301488,0.0005940630217082798
301504,0.0002969534252770245
301520,0.0006930329836905003
301536,0.0004072503943461925
301552,9.282625978812575e-05
301568,0.0010138838551938534
301584,0.004428780637681484
301600,0.001336222980171442
301616,0.0017974469810724258
301632,0.0008173525566235185
301648,0.016370877623558044
301664,0.0002522165887057781
301680,0.0015084336046129465
301696,0.00027409265749156475
301712,0.0006067095673643053
301728,0.009006494656205177
301744,0.0004068374983035028
301760,0.0018483265303075314
301776,0.0004147044091951102
301792,0.025006253272294998
301808,0.0017868011491373181
301824,0.0004684500745497644
301840,0.0007343231700360775
301856,0.0007105480181053281
301872,0.00010784448386402801
301888,0.0003373878716956824
301904,8.689925743965432e-05
301920,0.00025306997122243047
301936,0.0011385045945644379
301952,0.00015642237849533558
301968,0.0013804042246192694
301984,0.010961782187223434
302000,0.00012933433754369617
302016,0.0003045707126148045
302032,0.0011773469159379601
302048,0.001074107363820076
302064,0.0026904777623713017
302080,0.00030108250211924314
302096,0.0035513516049832106
302112,0.0006541120819747448
302128,0.0008834900218062103
302144,0.0035718558356165886
302160,0.00011858011566800997
302176,0.0016832184046506882
302192,0.0002875278005376458
302208,0.0001324879558524117
302224,0.00021032420045230538
302240,0.0006437451811507344
302256,0.00014436359924729913
302272,0.0005742827197536826
302288,0.0013219497632235289
302304,0.04521430283784866
302320,0.0005176719278097153
302336,0.0009699083166196942
302352,0.0005754439625889063
302368,0.00014715715951751918
302384,0.00015461325529031456
302400,0.04589366912841797
302416,0.00028128159465268254
302432,0.0030586649663746357
302448,0.0006688182475045323
302464,0.0010468270629644394
302480,0.00017881837266031653
302496,0.0007451526471413672
302512,0.0018655445892363787
302528,0.019084054976701736
302544,0.000242760987021029
302560,0.004104056395590305
302576,0.00013872815179638565
302592,0.0014904288109391928
302608,0.0019884519279003143
302624,0.06481430679559708
302640,0.00015285416156984866
302656,0.0003500236780382693
302672,0.00046346685849130154
302688,0.0023198986891657114
302704,0.0002753138542175293
302720,0.0003839398850686848
302736,0.001987769501283765
302752,0.0007305581239052117
302768,0.00030722064548172057
302784,0.0002112358488375321
302800,0.0047803414054214954
302816,0.0003558944445103407
302832,0.00037848250940442085
302848,0.0007250037742778659
302864,0.023641301319003105
302880,0.00207388773560524
302896,0.0005260740290395916
302912,0.001815900206565857
302928,0.0003320832911413163
302944,0.04407341778278351
302960,0.0038779303431510925
302976,0.0030510611832141876
302992,0.0006663027452304959
303008,0.0007142200483940542
303024,0.0005268512177281082
303040,0.0004973479080945253
303056,0.00031384656904265285
303072,0.00037271968903951347
303088,0.0003991299890913069
303104,0.00022560406068805605
303120,0.00012222254008520395
303136,0.008653863333165646
303152,0.0003327707527205348
303168,0.0022263850551098585
303184,0.0011406829580664635
303200,0.0004976418567821383
303216,0.0007677592802792788
303232,0.00026874736067838967
303248,0.0021320972591638565
303264,0.0015158576425164938
303280,0.00019916973542422056
303296,0.010658332146704197
303312,0.0008336532628163695
303328,0.0020737056620419025
303344,0.0004795544082298875
303360,0.0002491888008080423
303376,0.0001967836287803948
303392,0.0004418370663188398
303408,0.0007902927463874221
303424,0.0018008751794695854
303440,0.0378914400935173
303456,0.010496191680431366
303472,0.00241209683008492
303488,0.0010564937256276608
303504,0.0006294792983680964
303520,0.0005642554024234414
303536,0.0004101427330169827
303552,0.000857584411278367
303568,0.0003395946405362338
303584,0.008556568995118141
303600,0.001080463407561183
303616,0.0013326001353561878
303632,0.0008940387051552534
303648,0.0016247046878561378
303664,0.0007317567360587418
303680,0.00040109691326506436
303696,0.0005345655372366309
303712,0.00038718333235010505
303728,0.00048270937986671925
303744,0.0005542655708268285
303760,0.002786515513435006
303776,0.0012468115892261267
303792,0.0005043392302468419
303808,0.0010605729185044765
303824,0.00044608215102925897
303840,0.0024955712724477053
303856,0.0006148640532046556
303872,0.0007271015783771873
303888,0.001265703234821558
303904,0.00020667322678491473
303920,0.010437177494168282
303936,0.0007005398510955274
303952,0.0004783187760040164
303968,0.0001194319047499448
303984,0.0004239437694195658
304000,0.002856715116649866
304016,0.0035161152482032776
304032,0.0005346200196072459
304048,9.207955736201257e-05
304064,0.0012969853123649955
304080,0.00035539493546821177
304096,0.055034931749105453
304112,0.0001242002472281456
304128,0.0008757810574024916
304144,0.00027664474328048527
304160,0.0012458255514502525
304176,0.020049167796969414
304192,0.0004696531977970153
304208,0.00047464892850257456
304224,0.0029713509138673544
304240,0.0005985675379633904
304256,0.0005068217869848013
304272,0.007276715710759163
304288,0.0007039792835712433
304304,0.00033930817153304815
304320,0.00017075300274882466
304336,0.0002916742523666471
304352,0.0006105719949118793
304368,0.006497418042272329
304384,0.00021702595404349267
304400,0.0005776250618509948
304416,0.001013474422506988
304432,7.054217712720856e-05
304448,6.155233131721616e-05
304464,0.0024445110466331244
304480,0.0001830482651712373
304496,0.0003571469569578767
304512,0.0008611956727690995
304528,0.00040514502325095236
304544,0.010764004662632942
304560,0.0002935833763331175
304576,0.0003271432942710817
304592,0.0002547800540924072
304608,0.0017778666224330664
304624,0.0006809887127019465
304640,0.00040114158764481544
304656,0.00016982655506581068
304672,0.0017859459621831775
304688,0.0006074909470044076
304704,0.0002201602328568697
304720,0.0012456747936084867
304736,0.016779061406850815
304752,0.00040386736509390175
304768,0.0002275646838825196
304784,0.015284656547009945
304800,0.00033087137853726745
304816,0.0011430159211158752
304832,0.0006616697646677494
304848,0.0021061887964606285
304864,0.000668190186843276
304880,0.0011938305106014013
304896,0.0016901978524401784
304912,0.0022562630474567413
304928,0.0010418538004159927
304944,0.0003645140095613897
304960,0.00039725605165585876
304976,0.0004097246564924717
304992,0.0018732411554083228
305008,0.0002144239260815084
305024,0.002191548701375723
305040,0.00036879716208204627
305056,0.0007101439987309277
305072,0.00020990276243537664
305088,0.0012133659329265356
305104,0.001325056655332446
305120,0.002679952885955572
305136,0.0010329195065423846
305152,0.0018195966258645058
305168,0.00040831899968907237
305184,0.0005216673598624766
305200,0.00030121993040665984
305216,0.0003391933860257268
305232,0.0010260626440867782
305248,0.0010168050648644567
305264,0.000994652509689331
305280,0.0006293897167779505
305296,0.0003542573540471494
305312,0.0005698493332602084
305328,0.000650692090857774
305344,0.0002801277441903949
305360,0.0026101856492459774
305376,0.0008179435390047729
305392,0.0770026221871376
305408,0.0003430910292081535
305424,0.002006916329264641
305440,0.08762910217046738
305456,0.0007041923236101866
305472,0.0004553220060188323
305488,0.0022380659356713295
305504,0.0007035111775621772
305520,0.0009975716238841414
305536,0.0013348206412047148
305552,0.0008305372903123498
305568,0.0003529894456733018
305584,0.0010019665351137519
305600,0.0019373707473278046
305616,0.0005251594120636582
305632,0.0008053710917010903
305648,0.0008603965980000794
305664,0.005136073566973209
305680,0.00034073187271133065
305696,0.00021864175505470484
305712,0.0009601253550499678
305728,0.00022837534197606146
305744,0.013734465464949608
305760,0.0005692214472219348
305776,0.0007996869389899075
305792,0.00028568360721692443
305808,0.0006175886373966932
305824,0.026294732466340065
305840,0.0014473109040409327
305856,0.0008682456100359559
305872,0.0004800411406904459
305888,0.0008476226357743144
305904,0.0005966413300484419
305920,0.0019339218270033598
305936,0.0018024411983788013
305952,0.06677719950675964
305968,0.0018597965827211738
305984,0.0027144011110067368
306000,0.0009140154579654336
306016,0.00044620916014537215
306032,0.0006236272165551782
306048,0.009467489086091518
306064,0.0003987265517935157
306080,0.0005617961287498474
306096,0.00037394973332993686
306112,0.020395344123244286
306128,0.030237670987844467
306144,0.007148075848817825
306160,0.00048042263370007277
306176,0.001785770757123828
306192,0.10584215074777603
306208,0.001579547068104148
306224,0.0020427778363227844
306240,0.0035010846331715584
306256,0.00028708449099212885
306272,0.0004693074442911893
306288,0.0002438634110148996
306304,0.00021818120148964226
306320,0.00016749709902796894
306336,0.008499547839164734
306352,0.00030535832047462463
306368,0.0005265905056148767
306384,0.002133722649887204
306400,0.00016001974290702492
306416,0.00018932843522634357
306432,0.00040256415377371013
306448,0.00511464336887002
306464,0.001142145018093288
306480,0.0007278446573764086
306496,0.001248400891199708
306512,0.00042475733789615333
306528,5.7288165407953784e-05
306544,0.0005432181642390788
306560,0.0003179021878167987
306576,7.763787289150059e-05
306592,0.005232162307947874
306608,0.00012069528747815639
306624,0.0004394853604026139
306640,0.0052723148837685585
306656,0.00033627398079261184
306672,0.0007033070432953537
306688,8.669427188578993e-05
306704,0.00011940173135371879
306720,0.00015726294077467173
306736,0.00024733360623940825
306752,0.0005253099952824414
306768,0.002557225525379181
306784,0.07624112069606781
306800,0.0012087140930816531
306816,0.00028612467576749623
306832,0.00032300985185429454
306848,0.0011014696210622787
306864,0.0012852983782067895
306880,0.00020230826339684427
306896,0.0002991959045175463
306912,0.001193489646539092
306928,0.0008406916749663651
306944,0.0007293267408385873
306960,0.030411066487431526
306976,0.0017984918085858226
306992,0.00045126344775781035
307008,0.0006657025078311563
307024,0.016095943748950958
307040,0.0013751761289313436
307056,0.0001792235707398504
307072,0.00041526282439008355
307088,0.00034777590190060437
307104,0.00016085781680885702
307120,0.00010599347297102213
307136,0.00011349856504239142
307152,0.022206313908100128
307168,0.0003281109966337681
307184,0.013713301159441471
307200,0.0004871212877333164
307216,0.0006644946988672018
307232,0.00038979126838967204
307248,0.008748123422265053
307264,0.0011101990239694715
307280,0.00037356524262577295
307296,0.0007605165592394769
307312,0.004216693341732025
307328,0.0002007656148634851
307344,0.0004008591640740633
307360,0.000599734194111079
307376,0.12172312289476395
307392,0.00494312634691596
307408,0.0013007419183850288
307424,0.0011079615214839578
307440,0.0018076627748087049
307456,0.0004686187021434307
307472,0.0006773560889996588
307488,0.00024256460892502218
307504,0.0073289694264531136
307520,0.00021823163842782378
307536,0.003043617121875286
307552,0.0003589942352846265
307568,0.0038483873941004276
307584,0.0005022092955186963
307600,0.0004796018183697015
307616,0.00047220385749824345
307632,0.00018988302326761186
307648,0.0037990673445165157
307664,0.00022564445680473
307680,0.0008154000388458371
307696,0.002390642184764147
307712,0.00010401791223557666
307728,0.0014566894387826324
307744,0.0003274219634477049
307760,0.001258744508959353
307776,9.966817742679268e-05
307792,0.004347155336290598
307808,0.00017293557175435126
307824,0.0015749636804684997
307840,3.795546217588708e-05
307856,0.0002064451400656253
307872,0.0002556759282015264
307888,0.00013581610983237624
307904,0.0004748323408421129
307920,0.00024395775108132511
307936,0.00036786406417377293
307952,0.0018520073499530554
307968,0.003927617333829403
307984,0.00014152080984786153
308000,0.0002199600130552426
308016,0.0003321341937407851
308032,0.00013541427324526012
308048,0.0010360555024817586
308064,0.001988222124055028
308080,0.0003557315794751048
308096,0.0019021326443180442
308112,0.0004895977908745408
308128,7.00628079357557e-05
308144,0.0001383154303766787
308160,0.03534364700317383
308176,0.0006499118753708899
308192,0.00018050016660708934
308208,0.0007296324474737048
308224,0.0003092053229920566
308240,0.0007221969426609576
308256,0.00239547248929739
308272,0.13347266614437103
308288,0.0022556628100574017
308304,0.0019341962179169059
308320,0.001887983875349164
308336,0.0002405624691164121
308352,0.0006440383731387556
308368,0.003395806299522519
308384,0.0006507514626719058
308400,0.0004161124234087765
308416,0.0003486061468720436
308432,0.00010466675303177908
308448,0.0023762057535350323
308464,0.1341785192489624
308480,0.0009779137326404452
308496,9.736785432323813e-05
308512,0.0003400328860152513
308528,0.0005113756051287055
308544,0.008229001425206661
308560,0.0027026731986552477
308576,0.002595927333459258
308592,0.03149579092860222
308608,0.0002054887736449018
308624,0.0009334027417935431
308640,0.0012491607340052724
308656,0.004834695719182491
308672,0.005678408779203892
308688,0.0009524826891720295
308704,0.0028633838519454002
308720,0.000517334439791739
308736,0.00044077547499909997
308752,0.0037412166129797697
308768,0.0030243759974837303
308784,0.0006812680512666702
308800,0.002798474859446287
308816,0.0003643177915364504
308832,0.0001570018066558987
308848,0.0004457928007468581
308864,0.0009207093971781433
308880,0.0012918254360556602
308896,0.0013135445769876242
308912,0.00041389514808543026
308928,0.01762416586279869
308944,0.0013692451175302267
308960,0.0002819583169184625
308976,0.00043462272151373327
308992,0.0010768165811896324
309008,0.00039475676021538675
309024,0.002253324957564473
309040,0.0013259847182780504
309056,0.0012105198111385107
309072,0.002474917797371745
309088,0.000688268686644733
309104,0.009134350344538689
309120,0.0012401894200593233
309136,0.0013120827497914433
309152,0.0008919935789890587
309168,0.0011037442600354552
309184,0.00027202561614103615
309200,0.0008285053190775216
309216,0.00023307734227273613
309232,0.0011321970960125327
309248,0.001020071329548955
309264,0.000159771807375364
309280,0.003110480261966586
309296,0.00013919250341132283
309312,0.00044916701153852046
309328,0.0007499718340113759
309344,0.013821926899254322
309360,0.0010924632661044598
309376,0.0020675095729529858
309392,0.00020185606263112277
309408,0.00019238435197621584
309424,0.00030481998692266643
309440,0.0003394513623788953
309456,0.1360180526971817
309472,0.0015114546986296773
309488,0.000678500859066844
309504,0.0024637095630168915
309520,0.00013427878729999065
309536,0.001315117347985506
309552,0.0012813297798857093
309568,0.003995094448328018
309584,0.00048044207505881786
309600,0.0003319504903629422
309616,0.0010763901518657804
309632,0.0005132997175678611
309648,0.00169877998996526
309664,0.0001317720307270065
309680,0.0007167967851273715
309696,0.00027953583048656583
309712,0.0006986841908656061
309728,0.001029814826324582
309744,0.0002485717704985291
309760,0.03394915536046028
309776,0.0005480203544721007
309792,0.0011784536764025688
309808,0.0002914106007665396
309824,0.00027427691384218633
309840,0.0004874965234193951
309856,0.0025402256287634373
309872,0.0011731530539691448
309888,0.0005759248160757124
309904,0.0010668599279597402
309920,0.0009425957687199116
309936,0.002890684176236391
309952,0.000580444757360965
309968,0.001624539727345109
309984,0.00046688286238349974
310000,0.0008151951478794217
310016,0.013599957339465618
310032,0.0050142318941652775
310048,0.0009910062653943896
310064,0.00045490951742976904
310080,0.005203940439969301
310096,0.004145266022533178
310112,0.00039245031075552106
310128,0.0019795894622802734
310144,0.0002160569856641814
310160,0.0009170494740828872
310176,0.0013772215461358428
310192,0.0003762891865335405
310208,0.00063089415198192
310224,0.0008267750963568687
310240,0.0005709583056159317
310256,0.0007614330388605595
310272,0.005405176896601915
310288,0.0008742432692088187
310304,0.0004259515553712845
310320,0.001518594566732645
310336,0.0013126039411872625
310352,0.001942096627317369
310368,0.00010584208939690143
310384,0.0018581926124170423
310400,0.06511665880680084
310416,0.00029456900665536523
310432,0.0004532740276772529
310448,0.00022781248844694346
310464,0.000173198917764239
310480,0.0002974024973809719
310496,0.00018370672478340566
310512,0.00044710037764161825
310528,0.00046781208948232234
310544,0.004339312668889761
310560,0.005784657783806324
310576,0.0002050042967312038
310592,0.00037479569436982274
310608,0.0007693885709159076
310624,0.010103343985974789
310640,0.00029831830761395395
310656,0.0009156925370916724
310672,0.0004742064047604799
310688,0.0032012914307415485
310704,0.0006989015964791179
310720,0.0007939903298392892
310736,0.0005342148360796273
310752,0.0005999477580189705
310768,0.0004951742012053728
310784,0.0009025774779729545
310800,0.0012202521320432425
310816,0.00022160302614793181
310832,0.00023362194770015776
310848,0.0003556822193786502
310864,0.0024828093592077494
310880,0.0004915138124488294
310896,0.0006268540164455771
310912,0.002092864131554961
310928,0.00033485679887235165
310944,0.043715473264455795
310960,0.0003237997880205512
310976,0.0008619483560323715
310992,0.09382633119821548
311008,0.0035026695113629103
311024,0.00014639506116509438
311040,0.00029546921723522246
311056,0.001674154307693243
311072,0.01542252954095602
311088,0.0014963720459491014
311104,0.060387641191482544
311120,0.03166278451681137
311136,0.00024602131452411413
311152,0.0043120370246469975
311168,0.0007824714994058013
311184,0.00048249546671286225
311200,0.0010557895293459296
311216,0.010604385286569595
311232,0.00305002648383379
311248,0.0007917386828921735
311264,0.0004565460258163512
311280,0.0002449470921419561
311296,0.0002816811902448535
311312,0.0003106597578153014
311328,0.00014602250303141773
311344,0.00017558700346853584
311360,0.0011420986847952008
311376,0.0003051368985325098
311392,0.00031967530958354473
311408,0.025126293301582336
311424,0.0010497841285541654
311440,0.00059801887255162
311456,0.0006274043116718531
311472,0.05329509824514389
311488,0.0009969680104404688
311504,0.0005962931318208575
311520,0.0008743940852582455
311536,0.000687182997353375
311552,0.001551870838738978
311568,0.0003207129193469882
311584,0.0010232010390609503
311600,0.0005897982628084719
311616,0.0007248588372021914
311632,0.01536394003778696
311648,0.0016887779347598553
311664,0.0004343406471889466
311680,0.004078368190675974
311696,0.0008736547897569835
311712,0.0008798164199106395
311728,0.004856975749135017
311744,0.0010173748014494777
311760,0.00047365756472572684
311776,0.0010501788929104805
311792,0.0011374831665307283
311808,0.0009410767816007137
311824,0.000825641502160579
311840,0.000397776544559747
311856,0.011531640775501728
311872,0.0010724067687988281
311888,0.0006530055543407798
311904,0.0007716731633991003
311920,0.0005576753756031394
311936,0.00018483484745956957
311952,0.0012615310261026025
311968,0.0011523314751684666
311984,0.0001976648927666247
312000,0.00022987264674156904
312016,0.0001513288589194417
312032,0.0004712024820037186
312048,0.02384946122765541
312064,0.0479169562458992
312080,0.0007098973146639764
312096,0.00019725483434740454
312112,0.005531514994800091
312128,0.00013111723819747567
312144,0.0006922784959897399
312160,0.0020858088973909616
312176,0.0005554930539801717
312192,0.0010434670839458704
312208,0.0011790645075961947
312224,0.0010155030759051442
312240,0.00026673785760067403
312256,0.0031577402260154486
312272,0.00035100968671031296
312288,0.0012488936772570014
312304,0.13537943363189697
312320,0.0003165601519867778
312336,0.07557056099176407
312352,0.00015341761172749102
312368,0.0013894465519115329
312384,0.022209743037819862
312400,0.00011708613601513207
312416,0.00041629033512435853
312432,0.003927065059542656
312448,0.00028130647842772305
312464,0.004136684816330671
312480,0.0003255954943597317
312496,0.002341530052945018
312512,0.0003038830473087728
312528,0.0006267937133088708
312544,0.0007198642124421895
312560,0.00822826474905014
312576,0.00016786501510068774
312592,0.002058856189250946
312608,0.00018729642033576965
312624,0.00013616852811537683
312640,0.0038921937812119722
312656,0.0010592967737466097
312672,0.00025680483668111265
312688,0.0005094358348287642
312704,0.0017594740493223071
312720,6.865756586194038e-05
312736,0.007943334989249706
312752,0.0001449512055842206
312768,0.00014330206613522023
312784,0.010911744087934494
312800,0.00021139509044587612
312816,0.00019073305884376168
312832,0.0002933300565928221
312848,0.00037540096673183143
312864,0.0066443090327084064
312880,0.000769391655921936
312896,8.141268335748464e-05
312912,0.0005167215131223202
312928,0.0006712911417707801
312944,0.0028998248744755983
312960,0.00024275731993839145
312976,0.0009749785531312227
312992,0.0017697958974167705
313008,0.00023715429415460676
313024,0.0005568745546042919
313040,0.0021231535356491804
313056,0.0005926323938183486
313072,0.000529835990164429
313088,0.00034730444895103574
313104,0.00045982637675479054
313120,0.0005342032527551055
313136,0.0007006689556874335
313152,0.0017189608188346028
313168,0.015032135881483555
313184,0.0015037608100101352
313200,0.00048364041140303016
313216,0.0008398406789638102
313232,0.0010009825928136706
313248,0.0019026934169232845
313264,0.00045730441343039274
313280,0.00047025992535054684
313296,0.0006407024338841438
313312,0.05366818979382515
313328,0.00028730096528306603
313344,0.0014275354333221912
313360,0.00044866628013551235
313376,0.0028623787220567465
313392,0.00010461073543410748
313408,0.00028735745581798255
313424,0.0014918351080268621
313440,0.00012618600158020854
313456,0.001062266994267702
313472,0.01342033315449953
313488,0.00046989505062811077
313504,0.0008709803223609924
313520,0.0018757538637146354
313536,0.0006847730837762356
313552,0.000467533158371225
313568,0.00209611002355814
313584,0.001107627060264349
313600,0.008958384394645691
313616,5.219305967330001e-05
313632,0.003196482779458165
313648,0.004845426417887211
313664,0.00032583306892775
313680,0.0002116086398018524
313696,0.0006718381773680449
313712,0.002731364220380783
313728,0.00035290460800752044
313744,0.0008973948424682021
313760,0.0004140896489843726
313776,0.0006452788366004825
313792,0.005220393650233746
313808,0.0012442572042346
313824,0.004409228451550007
313840,0.0003689515870064497
313856,0.00039866185397841036
313872,0.0002002344117499888
313888,0.0002101054269587621
313904,0.0019190608290955424
313920,0.00026472643367014825
313936,0.0005311304703354836
313952,0.00023059899103827775
313968,0.00044970831368118525
313984,0.001141591346822679
314000,0.0005471772747114301
314016,0.00264403922483325
314032,0.0005841860547661781
314048,0.0035235146060585976
314064,0.0006333949277177453
314080,0.00040986062958836555
314096,0.0002055430959444493
314112,0.0055214217863976955
314128,0.005770805291831493
314144,0.0018524278420954943
314160,0.004674777388572693
314176,0.0025208215229213238
314192,0.0007483289809897542
314208,0.0006422571605071425
314224,0.0006369921611621976
314240,0.0007995112682692707
314256,0.0004035666352137923
314272,0.0037578376941382885
314288,0.001197801437228918
314304,0.0003391336358617991
314320,0.000920693448279053
314336,0.001006499631330371
314352,0.0015659816563129425
314368,0.0004354490083642304
314384,0.0013263607397675514
314400,0.0008656249847263098
314416,0.01425898540765047
314432,0.0002855605271179229
314448,0.0011571887880563736
314464,0.00247975904494524
314480,0.0019333845702931285
314496,0.013872046023607254
314512,0.010336511768400669
314528,0.0005843601538799703
314544,0.0016486376989632845
314560,0.0006183824734762311
314576,0.012348120100796223
314592,0.0011681125033646822
314608,0.0005517133395187557
314624,0.0019567604176700115
314640,0.0011123974109068513
314656,0.0009378808317705989
314672,0.0002970446366816759
314688,0.021298697218298912
314704,0.007002981845289469
314720,0.0015293232863768935
314736,0.00023799487098585814
314752,0.0005986438482068479
314768,0.0003001980949193239
314784,0.0009233172750100493
314800,0.0008949792245402932
314816,0.0019110646098852158
314832,0.0015099869342520833
314848,0.00255356403067708
314864,0.0005659413291141391
314880,0.0003935619897674769
314896,0.0021847751922905445
314912,0.0008037512889131904
314928,0.0004509627469815314
314944,0.001057693618349731
314960,0.00019611210154835135
314976,0.00010350105003453791
314992,0.0028465301729738712
315008,0.0004961143713444471
315024,0.0010955696925520897
315040,0.00021837525127921253
315056,0.009188561700284481
315072,0.000451354484539479
315088,0.0003956470172852278
315104,0.0002693871210794896
315120,0.00517870020121336
315136,0.0018956293351948261
315152,0.003484169254079461
315168,0.0011259022867307067
315184,0.0008068538154475391
315200,0.012219504453241825
315216,0.0012474985560402274
315232,0.0023509860038757324
315248,0.000996885122731328
315264,0.02028844691812992
315280,0.002432695822790265
315296,0.0002818412031047046
315312,0.001305028679780662
315328,0.0005354812601581216
315344,0.005470238626003265
315360,0.0009919664589688182
315376,0.0003475052071735263
315392,0.0005027943989261985
315408,0.0019546414259821177
315424,0.0005603772588074207
315440,0.0005561804864555597
315456,0.001380669535137713
315472,0.00079143833136186
315488,0.0006971040274947882
315504,0.0008160588331520557
315520,0.000987280160188675
315536,0.00020167640468571335
315552,0.00022269062174018472
315568,6.450419459724799e-05
315584,0.0006561307236552238
315600,0.0013750216457992792
315616,0.0003465128247626126
315632,0.0005299707408994436
315648,0.0002632786054164171
315664,0.00012864978634752333
315680,0.0008238368900492787
315696,0.0015874258242547512
315712,0.000343466701451689
315728,0.00848718173801899
315744,0.009774948470294476
315760,0.0007423860370181501
315776,0.0016076478641480207
315792,0.0006210300489328802
315808,0.00011027825530618429
315824,0.0008071981137618423
315840,0.000676133728120476
315856,0.013161125592887402
315872,0.0006533581763505936
315888,0.0007478386396542192
315904,0.0005178930005058646
315920,0.028033673763275146
315936,0.00045823620166629553
315952,0.010664933361113071
315968,0.0008757244795560837
315984,0.002173635410144925
316000,0.0017626171465963125
316016,0.0002142344746971503
316032,0.00025370658840984106
316048,0.00015054135292302817
316064,0.0002811588637996465
316080,0.022837363183498383
316096,0.00028542435029521585
316112,0.0016408555675297976
316128,0.0011123617878183722
316144,0.0010081504005938768
316160,0.0007271411595866084
316176,0.0018692666199058294
316192,0.002269438933581114
316208,7.31989712221548e-05
316224,0.001196284662000835
316240,0.0006922324537299573
316256,0.005276432726532221
316272,0.012108777649700642
316288,0.0013819413725286722
316304,0.000697889132425189
316320,0.000546308234333992
316336,0.0036041829735040665
316352,0.0005951877683401108
316368,0.001477995770983398
316384,0.006445533130317926
316400,0.0018184100044891238
316416,0.00018886287580244243
316432,0.027789434418082237
316448,0.001789097674190998
316464,0.005304422229528427
316480,0.0030959981959313154
316496,0.0018359158420935273
316512,0.00043546478264033794
316528,0.005620548035949469
316544,0.0027977698482573032
316560,0.0043612332083284855
316576,0.0003666383563540876
316592,0.0008316184394061565
316608,0.0005852796602994204
316624,0.0010304837487637997
316640,0.021762965247035027
316656,0.0007707002805545926
316672,0.003314410336315632
316688,0.00021770759485661983
316704,0.00013129529543220997
316720,0.003833112306892872
316736,0.0006293191108852625
316752,0.004691920708864927
316768,0.0012211848516017199
316784,0.0006492739776149392
316800,0.00028269615722820163
316816,0.00036642461782321334
316832,0.005381367634981871
316848,0.0014996817335486412
316864,0.00044966215500608087
316880,0.00021133545669727027
316896,0.0005523422150872648
316912,0.0005869135493412614
316928,0.0002712142886593938
316944,0.012779999524354935
316960,0.0009028642671182752
316976,0.00020788772962987423
316992,0.0028005242347717285
317008,0.0007936788024380803
317024,0.009509957395493984
317040,0.002305147238075733
317056,0.001365315169095993
317072,0.0007875645533204079
317088,0.0013729303609579802
317104,0.0036489591002464294
317120,0.10293370485305786
317136,0.0022447986993938684
317152,0.0008187373168766499
317168,0.00046698935329914093
317184,0.0007926214602775872
317200,0.006333056837320328
317216,0.0018343438860028982
317232,0.0004343268519733101
317248,0.0012115365825593472
317264,0.0007876280578784645
317280,0.005059747025370598
317296,0.0009033342357724905
317312,0.0008848384022712708
317328,0.0005702200578525662
317344,0.0036819628439843655
317360,0.00022323224402498454
317376,0.0004163496196269989
317392,0.0002871199103537947
317408,0.04209655150771141
317424,0.00020941988623235375
317440,0.0010622713016346097
317456,0.0021586085204035044
317472,0.00848646555095911
317488,0.00016331001825165004
317504,8.434451592620462e-05
317520,0.002449222607538104
317536,0.0016646753065288067
317552,0.00016997131751850247
317568,0.0006243960815481842
317584,0.00014458925579674542
317600,0.0006824084557592869
317616,0.0002999253338202834
317632,0.0008514063083566725
317648,0.001526874490082264
317664,0.0010258711408823729
317680,0.0014900743262842298
317696,0.009416995570063591
317712,0.01583677902817726
317728,0.0005673258565366268
317744,0.0002552928635850549
317760,0.007148008327931166
317776,0.0024858510587364435
317792,0.03163588047027588
317808,0.0006932137766852975
317824,0.0017268079100176692
317840,0.002733434783294797
317856,0.0038886726833879948
317872,0.00017531175399199128
317888,0.06239807978272438
317904,0.00029881770024076104
317920,0.01695217750966549
317936,0.0006672974559478462
317952,0.002455278765410185
317968,0.00036596396239474416
317984,0.0007212214404717088
318000,0.0001472753065172583
318016,0.0003038081631530076
318032,0.0010410153772681952
318048,0.0001542461250210181
318064,0.0013822871260344982
318080,0.0019064397783949971
318096,0.001772546791471541
318112,0.0004935270990245044
318128,0.00019797866116277874
318144,0.0002354979224037379
318160,0.00039476060192100704
318176,0.002338973805308342
318192,0.010767577216029167
318208,0.004843371920287609
318224,0.0005829122965224087
318240,0.0008372759912163019
318256,0.0008687662775628269
318272,0.00015985334175638855
318288,0.0009790626354515553
318304,6.773827044526115e-05
318320,0.000410165375797078
318336,0.0001934880274347961
318352,0.0007094528991729021
318368,0.0005547569016925991
318384,0.0013543680543079972
318400,0.00044198529212735593
318416,0.0006592783029191196
318432,0.0018341334071010351
318448,0.001543926540762186
318464,0.0004907561233267188
318480,0.0005779225612059236
318496,0.00480204401537776
318512,0.00041074492037296295
318528,0.0005574409733526409
318544,0.00028060306794941425
318560,0.0011783124646171927
318576,0.0002844921255018562
318592,0.03157491236925125
318608,0.0008685482898727059
318624,0.0001379376044496894
318640,0.0008330249693244696
318656,0.000376578769646585
318672,0.00035059242509305477
318688,0.00027860410045832396
318704,0.0004743273602798581
318720,0.000281890039332211
318736,0.0021699569188058376
318752,0.0014414043398573995
318768,0.0016732129734009504
318784,0.00025734177324920893
318800,0.00016991913435049355
318816,0.0004574620979838073
318832,0.0005342011572793126
318848,0.003633152926340699
318864,0.0002654351410456002
318880,0.006007102783769369
318896,0.0007648058235645294
318912,0.00056740379659459
318928,0.001049171551130712
318944,0.0002735151501838118
318960,0.0004555071936920285
318976,0.00042607824434526265
318992,0.0022340489085763693
319008,0.00037666750722564757
319024,0.00023872859310358763
319040,0.0022175621706992388
319056,0.003475398290902376
319072,0.00013421449693851173
319088,0.0003213846357539296
319104,9.875671821646392e-05
319120,0.0009489736403338611
319136,0.00015289736620616168
319152,0.002148792613297701
319168,0.0008129148045554757
319184,0.00036833187914453447
319200,0.0003272920730523765
319216,0.0031201753299683332
319232,0.0004671315255109221
319248,0.0006108294473960996
319264,0.0006635416066274047
319280,0.00012247565609868616
319296,0.11827006191015244
319312,0.00015339146193582565
319328,0.0014037161599844694
319344,0.0004153359914198518
319360,0.051373064517974854
319376,0.00044625025475397706
319392,0.0009735498460941017
319408,0.0002150227373931557
319424,0.00024222505453508347
319440,0.0002660444879438728
319456,0.0018509039655327797
319472,0.00012135235738242045
319488,0.1378624141216278
319504,0.00011629765504039824
319520,0.0007067633559927344
319536,0.002022922271862626
319552,0.03947317972779274
319568,0.005109362304210663
319584,0.0009908039355650544
319600,0.00045958877308294177
319616,0.0007633909699507058
319632,0.003304647747427225
319648,0.0014071231707930565
319664,0.000916113902349025
319680,0.0008920466061681509
319696,0.0024605216458439827
319712,0.0004447298706509173
319728,0.05918290466070175
319744,0.0034158052876591682
319760,0.001781495288014412
319776,0.004137055948376656
319792,0.0006759021780453622
319808,0.00916422251611948
319824,0.0001883013901533559
319840,0.0014107364695519209
319856,0.008122880011796951
319872,0.0010494720190763474
319888,0.00028587569249793887
319904,0.0002993205562233925
319920,0.0012307068100199103
319936,0.0027477063704282045
319952,0.00679732533171773
319968,0.011301973834633827
319984,0.0078457435593009
320000,0.009020911529660225
320016,0.000239718341617845
320032,0.0001750290539348498
320048,0.0009221179643645883
320064,0.0014532727655023336
320080,0.00021511146042030305
320096,0.0008740070043131709
320112,0.0005806504050269723
320128,0.00041952519677579403
320144,0.0034095332957804203
320160,0.00012728273577522486
320176,0.00022424134658649564
320192,0.0002551693469285965
320208,0.0001536413619760424
320224,0.00020950986072421074
320240,0.018645960837602615
320256,0.0003637573681771755
320272,0.00022065482335165143
320288,0.0007892969879321754
320304,0.0004221888375468552
320320,0.0005808934802189469
320336,0.0021047042682766914
320352,0.00020220776787027717
320368,0.007479444146156311
320384,0.00041696245898492634
320400,0.0007615922368131578
320416,0.027591057121753693
320432,0.0013883315259590745
320448,0.0005321827484294772
320464,0.0006623351946473122
320480,0.006055626552551985
320496,0.0004116095369681716
320512,0.001865349244326353
320528,0.0013895992888137698
320544,0.00045536854304373264
320560,0.0003602214273996651
320576,0.001026484533213079
320592,0.0011098237009719014
320608,0.0016021720366552472
320624,0.002335975645110011
320640,0.0006453754031099379
320656,0.002981465542688966
320672,0.0003183935768902302
320688,0.00035182147985324264
320704,0.003790998598560691
320720,0.0022394717670977116
320736,0.0007437089807353914
320752,0.0007626016158610582
320768,0.0010200981050729752
320784,0.0002994111564476043
320800,0.000504212046507746
320816,0.0019980096258223057
320832,0.0013301132712513208
320848,0.0010108593851327896
320864,0.0002938383840955794
320880,0.0007164585986174643
320896,0.016469504684209824
320912,0.00037064007483422756
320928,0.00029922110843472183
320944,0.00277262507006526
320960,0.03833399713039398
320976,0.001603435492143035
320992,0.002889347029849887
321008,0.004995525348931551
321024,0.008321625180542469
321040,0.021618306636810303
321056,0.0006335595971904695
321072,0.0008725064690224826
321088,0.0006336007500067353
321104,0.0003231691662222147
321120,0.0002763114171102643
321136,0.0008642397588118911
321152,0.0005635118577629328
321168,0.00016445142682641745
321184,0.001640075584873557
321200,0.0002763658994808793
321216,0.00037097465246915817
321232,0.002553839236497879
321248,0.0003111453843303025
321264,0.0017598322592675686
321280,0.00024223839864134789
321296,0.002587220398709178
321312,0.0009664988028816879
321328,0.00038726776256226003
321344,0.0016169730806723237
321360,0.0013590985909104347
321376,0.00029813998844474554
321392,0.0005651710089296103
321408,0.0018000935669988394
321424,0.005046325735747814
321440,0.0001650535559747368
321456,0.006946984212845564
321472,0.0005736274179071188
321488,0.0014319377951323986
321504,0.00046236609341576695
321520,0.000631739676464349
321536,0.0010345218470320106
321552,0.0009261103114113212
321568,0.0011822163360193372
321584,0.0001476739562349394
321600,0.0020905770361423492
321616,0.003589790081605315
321632,0.00023857993073761463
321648,0.0004579074739012867
321664,0.00032894115429371595
321680,0.0005316446186043322
321696,0.00155434210319072
321712,0.0005870357854291797
321728,0.0011197979329153895
321744,0.0017052680486813188
321760,0.00021345054847188294
321776,0.0037166262045502663
321792,0.0014762222999706864
321808,0.0031149829737842083
321824,0.0005712066777050495
321840,0.00021390094480011612
321856,0.00014326597738545388
321872,0.0068721831776201725
321888,0.013290141709148884
321904,0.0008453187183476985
321920,0.0026490255258977413
321936,0.0012861541472375393
321952,0.00025856855791062117
321968,9.933365799952298e-05
321984,0.0004075951874256134
322000,0.0005209938972257078
322016,0.0006466350750997663
322032,0.001036458881571889
322048,0.0008694818243384361
322064,0.0012204686645418406
322080,0.0037114573642611504
322096,0.00014658404688816518
322112,0.0003080715541727841
322128,0.0004407081287354231
322144,0.00015510412049479783
322160,0.00017100523109547794
322176,0.00037665574927814305
322192,0.00023908411094453186
322208,0.0014050437603145838
322224,0.0014432985335588455
322240,0.007397111505270004
322256,0.00019516465545166284
322272,0.0011029792949557304
322288,0.0008458077791146934
322304,0.00020641439186874777
322320,0.00018065662879962474
322336,0.00011583740706555545
322352,0.0001771393872331828
322368,9.418424451723695e-05
322384,0.0006548771634697914
322400,0.00028993148589506745
322416,0.027393847703933716
322432,0.0002559080021455884
322448,0.0007220314582809806
322464,0.0014249857049435377
322480,0.0029981203842908144
322496,0.017721056938171387
322512,9.241321822628379e-05
322528,0.00025997741613537073
322544,0.0005389023572206497
322560,0.0005632436368614435
322576,0.0007475671591237187
322592,0.00029504336998797953
322608,0.0010227854363620281
322624,0.00012170460831839591
322640,0.0001825162471504882
322656,5.6350727390963584e-05
322672,0.0003708470903802663
322688,0.039214909076690674
322704,0.0006543069612234831
322720,0.031594548374414444
322736,0.0015147608937695622
322752,0.014077560976147652
322768,0.0022439926397055387
322784,0.0009167811367660761
322800,0.00023456249618902802
322816,0.00030413910280913115
322832,0.0020356697496026754
322848,0.000595428398810327
322864,0.006873174104839563
322880,0.04240982234477997
322896,0.0004601048131007701
322912,0.049932289868593216
322928,0.00015991719556041062
322944,0.0018633583094924688
322960,0.0002493729116395116
322976,0.00044313183752819896
322992,0.001972218742594123
323008,0.00010557456698734313
323024,0.00046400391147471964
323040,0.002987004816532135
323056,0.0018002409487962723
323072,0.0003052887332160026
323088,8.888971933629364e-05
323104,0.0006830773781985044
323120,0.002351977862417698
323136,0.0006897479761391878
323152,0.0005054429057054222
323168,0.00023827882250770926
323184,0.0007935157045722008
323200,0.0004357749712653458
323216,0.007395136170089245
323232,0.0003317702794447541
323248,0.0008498311508446932
323264,0.0002969730703625828
323280,0.0008691333932802081
323296,8.221983443945646e-05
323312,0.0754803940653801
323328,0.0001924788812175393
323344,0.0007284278399311006
323360,0.0010840650647878647
323376,0.001876603695563972
323392,0.0017797996988520026
323408,0.0006668057758361101
323424,0.00031674886122345924
323440,0.002385319210588932
323456,0.0073529756627976894
323472,0.0016065683448687196
323488,0.0003528481465764344
323504,0.0006815294036641717
323520,0.00013467096141539514
323536,0.00031444727210327983
323552,0.0003919629380106926
323568,0.0012278647627681494
323584,0.0013627344742417336
323600,0.002013755263760686
323616,0.0011102408170700073
323632,0.0009935665875673294
323648,0.0335979089140892
323664,0.0014491394395008683
323680,0.002987932413816452
323696,0.04176683723926544
323712,0.0012666364200413227
323728,0.00029935259954072535
323744,0.005258949473500252
323760,0.0007030855631455779
323776,0.0010323538444936275
323792,0.025142727419734
323808,0.0018333460902795196
323824,0.011017306707799435
323840,0.0005507136229425669
323856,0.00019640645768959075
323872,0.0002788272686302662
323888,0.007592838257551193
323904,0.00427058432251215
323920,0.0006001107394695282
323936,0.001779718091711402
323952,0.00018789133173413575
323968,0.000798626453615725
323984,0.000712609151378274
324000,0.0004184059798717499
324016,0.0004124112892895937
324032,0.000321436848025769
324048,0.002146780490875244
324064,0.001305095269344747
324080,0.0012842408614233136
324096,0.0001543610414955765
324112,0.0006025764741934836
324128,0.0026614032685756683
324144,0.0014252299442887306
324160,0.0010185384890064597
324176,0.0005405931733548641
324192,0.0002566481998655945
324208,0.019882354885339737
324224,0.1400754451751709
324240,0.00027098023565486073
324256,0.0006640336941927671
324272,0.0023685465566813946
324288,0.0005480311228893697
324304,0.00014588332851417363
324320,0.00028434820706024766
324336,0.0033422294072806835
324352,0.0002051923074759543
324368,0.0011592735536396503
324384,0.0005399889778345823
324400,0.14013966917991638
324416,0.010193727910518646
324432,0.003052404150366783
324448,0.004896292928606272
324464,0.002538180910050869
324480,0.0015743086114525795
324496,0.0004220218397676945
324512,0.07653024792671204
324528,0.00019352468370925635
324544,0.00143984064925462
324560,0.000629848800599575
324576,0.00011839022772619501
324592,0.0004239336121827364
324608,5.364025855669752e-05
324624,0.00027826474979519844
324640,0.0002617091522552073
324656,0.0001656342064961791
324672,9.940228483173996e-05
324688,0.00024441705318167806
324704,0.0001242852449649945
324720,0.03671588376164436
324736,0.006396794691681862
324752,0.0016278123948723078
324768,0.00239050411619246
324784,0.032422445714473724
324800,0.001551467226818204
324816,0.0005786839174106717
324832,0.00037460244493559003
324848,0.0022689795587211847
324864,0.013227147981524467
324880,0.00010574621410341933
324896,0.0004654082586057484
324912,0.0012632324360311031
324928,0.002674856223165989
324944,0.0005735692684538662
324960,0.004176499787718058
324976,0.0007772695971652865
324992,0.0006258910289034247
325008,0.0006801969720982015
325024,0.002034759381785989
325040,0.0004935733741149306
325056,0.000368276028893888
325072,0.0013056333409622312
325088,0.0003877769922837615
325104,0.0007068871054798365
325120,0.00018225367239210755
325136,0.002622624160721898
325152,0.0003667720011435449
325168,0.00014927622396498919
325184,0.00013597807264886796
325200,0.014611481688916683
325216,0.00010582213144516572
325232,0.001688650343567133
325248,0.0002908735768869519
325264,0.0002679272147361189
325280,0.003486708039417863
325296,0.00045819388469681144
325312,0.00028772090445272624
325328,0.00025493971770629287
325344,0.00043515858124010265
325360,0.0016786796040832996
325376,0.0005721491761505604
325392,0.0005643873591907322
325408,0.000250157288974151
325424,0.0002561398723628372
325440,0.0002999815624207258
325456,0.0015490156365558505
325472,0.0003188048140145838
325488,0.005020853132009506
325504,0.012449955567717552
325520,0.008504945784807205
325536,0.003370047779753804
325552,0.001627134857699275
325568,0.00014970480697229505
325584,0.0010609871242195368
325600,0.002810399979352951
325616,0.0018225188832730055
325632,0.0004127568972762674
325648,0.0002743751974776387
325664,0.00024069233040791005
325680,0.00034409022191539407
325696,0.00010880286572501063
325712,0.0004977945936843753
325728,0.0023377661127597094
325744,0.0005443018162623048
325760,9.209515701513737e-05
325776,0.0008411236340180039
325792,0.0015880189603194594
325808,0.000250310346018523
325824,0.00019017403246834874
325840,0.0002573102538008243
325856,0.00021195333101786673
325872,0.0020271625835448503
325888,0.0002815684420056641
325904,0.05937117338180542
325920,0.0016721910797059536
325936,0.00018362699483986944
325952,0.0055559612810611725
325968,0.005714372266083956
325984,0.0006712226895615458
326000,0.0024610813707113266
326016,0.0007320246659219265
326032,0.000551723875105381
326048,0.001412584213539958
326064,0.00022017171431798488
326080,0.0011020837118849158
326096,0.0017703775083646178
326112,0.00665255356580019
326128,0.006797037553042173
326144,0.003617892973124981
326160,0.002873755060136318
326176,0.0006990752881392837
326192,0.0004264577873982489
326208,0.001385523471981287
326224,0.011688300408422947
326240,0.0004446658422239125
326256,0.0003032133972737938
326272,0.0002499881375115365
326288,0.02005712129175663
326304,0.015181373804807663
326320,0.0007151348982006311
326336,0.00033260424970649183
326352,0.001558868563733995
326368,0.0003140626067761332
326384,0.00018772893236018717
326400,0.0005924322176724672
326416,0.0003722892433870584
326432,0.0005248376401141286
326448,0.00048228533705696464
326464,0.0005383153329603374
326480,0.00177876022644341
326496,0.0004311325028538704
326512,0.0004232283099554479
326528,0.0009603928774595261
326544,0.0006837303517386317
326560,0.0005859275115653872
326576,0.0002416438510408625
326592,0.007888766936957836
326608,0.00014540732081513852
326624,0.0014849756844341755
326640,0.00020579065312631428
326656,8.357990009244531e-05
326672,0.0017296808073297143
326688,0.0003443912137299776
326704,0.000311199837597087
326720,0.0001407910167472437
326736,0.0002996342082042247
326752,0.0019968210253864527
326768,0.1355661004781723
326784,0.0011399179929867387
326800,0.0021233228035271168
326816,0.01208551600575447
326832,0.0003298500960227102
326848,0.0002790038415696472
326864,0.0028406884521245956
326880,0.00046846026089042425
326896,0.001625929493457079
326912,0.01907886192202568
326928,0.0014525074511766434
326944,0.0002721562050282955
326960,0.0003568458487279713
326976,0.00044831825653091073
326992,0.0006152814021334052
327008,0.00042289780685678124
327024,0.0008603205787949264
327040,0.0009571969276294112
327056,0.0049245101399719715
327072,0.00033103569876402617
327088,0.0005336769972927868
327104,0.002035929821431637
327120,0.007494430057704449
327136,0.0006087030051276088
327152,0.0007443879148922861
327168,0.00030796718783676624
327184,0.0006930555682629347
327200,0.001353359897620976
327216,0.0031153210438787937
327232,0.0006116042495705187
327248,0.0008890674216672778
327264,0.0007091835141181946
327280,0.0010306427720934153
327296,0.0508824959397316
327312,0.0009841505670920014
327328,0.0008423045510426164
327344,0.0017309387912973762
327360,0.010328063741326332
327376,0.0006433978560380638
327392,0.0002833132166415453
327408,0.0006804009899497032
327424,0.0005128695629537106
327440,0.0003484138869680464
327456,0.0028830484952777624
327472,0.0003480591403786093
327488,0.00040083425119519234
327504,0.002539333188906312
327520,0.00033813389018177986
327536,0.0004701400175690651
327552,0.020747819915413857
327568,0.0014247007202357054
327584,0.0018912837840616703
327600,0.0003618231858126819
327616,0.0001503302191849798
327632,0.0003112667181994766
327648,0.0013424432836472988
327664,0.00027290574507787824
327680,0.00022477030870504677
327696,0.005532837472856045
327712,0.001620691386051476
327728,0.0028679128736257553
327744,0.0005187814822420478
327760,0.001137950224801898
327776,0.00019475657609291375
327792,0.0008471524924971163
327808,0.0005153269739821553
327824,0.0001496179320383817
327840,0.0009676775080151856
327856,0.001697238301858306
327872,0.0005615878035314381
327888,0.009535684250295162
327904,0.06456146389245987
327920,0.00025441625621169806
327936,0.01991811767220497
327952,0.0006277210195548832
327968,0.00016937038162723184
327984,0.00023489072918891907
328000,0.00038801872869953513
328016,0.00016037382010836154
328032,0.0011140408460050821
328048,8.881604298949242e-05
328064,0.0019092743750661612
328080,0.0045351493172347546
328096,0.0007760024163872004
328112,0.00016954619786702096
328128,0.001432871911674738
328144,0.0001135285128839314
328160,0.00033417425584048033
328176,0.029876872897148132
328192,0.00011720848851837218
328208,0.00164204987231642
328224,0.00033785513369366527
328240,0.00025107766850851476
328256,0.0003439329448156059
328272,0.0006395623786374927
328288,0.00033773042378015816
328304,0.000344734697137028
328320,0.001455802470445633
328336,0.00021306253620423377
328352,0.0020891951862722635
