gradient_step,loss
0,0.8160086870193481
1,0.7981514930725098
2,0.7450828552246094
3,0.839069128036499
4,0.6378978490829468
5,0.922576904296875
6,0.767348051071167
7,0.7211211919784546
8,0.8005690574645996
9,0.6639060974121094
10,0.7011227607727051
11,0.7117058038711548
12,0.8040081262588501
13,0.6752309799194336
14,0.7877334952354431
15,0.7050595283508301
16,0.7803552746772766
17,0.6268128156661987
18,0.720611572265625
19,0.5965726375579834
20,0.6682875752449036
21,0.7462477087974548
22,0.5489803552627563
23,0.7565542459487915
24,0.637283444404602
25,0.570590078830719
26,0.5970890522003174
27,0.5494164228439331
28,0.598040759563446
29,0.5675421953201294
30,0.5697335004806519
31,0.5560466051101685
32,0.676924467086792
33,0.5708585977554321
34,0.5331529378890991
35,0.4601422846317291
36,0.5366806387901306
37,0.6081318855285645
38,0.555986762046814
39,0.5039092302322388
40,0.5261462926864624
41,0.46393877267837524
42,0.48604920506477356
43,0.47600001096725464
44,0.48757195472717285
45,0.346338152885437
46,0.4079272747039795
47,0.3741297721862793
48,0.3709701895713806
49,0.48246437311172485
50,0.41140368580818176
51,0.37706106901168823
52,0.40085071325302124
53,0.3440236449241638
54,0.3262864649295807
55,0.34234923124313354
56,0.2929288148880005
57,0.37484198808670044
58,0.3122415840625763
59,0.3119320869445801
60,0.2868973910808563
61,0.25248098373413086
62,0.24177131056785583
63,0.26015713810920715
64,0.18542832136154175
65,0.17107465863227844
66,0.16002988815307617
67,0.18549147248268127
68,0.2145678997039795
69,0.15631815791130066
70,0.2183040976524353
71,0.1694674789905548
72,0.16839689016342163
73,0.12319754809141159
74,0.11470927298069
75,0.17057116329669952
76,0.09769707918167114
77,0.10947322845458984
78,0.12020266056060791
79,0.08209815621376038
80,0.10938689112663269
81,0.13842296600341797
82,0.1219419538974762
83,0.10354401171207428
84,0.060271553695201874
85,0.0820576474070549
86,0.04875534772872925
87,0.1020447388291359
88,0.04834666848182678
89,0.08130602538585663
90,0.11542831361293793
91,0.04339595511555672
92,0.04561939090490341
93,0.08121219277381897
94,0.09954781830310822
95,0.04389225319027901
96,0.030714262276887894
97,0.06422324478626251
98,0.0480014830827713
99,0.03041330724954605
100,0.037935953587293625
101,0.0675380751490593
102,0.062169987708330154
103,0.03467100113630295
104,0.05236528068780899
105,0.05457720905542374
106,0.026923906058073044
107,0.0556257888674736
108,0.08668704330921173
109,0.06911361217498779
110,0.056560955941677094
111,0.03710023686289787
112,0.08200544118881226
113,0.030459783971309662
114,0.06895682960748672
115,0.05892001837491989
116,0.09601964056491852
117,0.08161098510026932
118,0.039438892155885696
119,0.05898486077785492
120,0.07202813774347305
121,0.09319799393415451
122,0.09865227341651917
123,0.047389011830091476
124,0.041726402938365936
125,0.10682578384876251
126,0.03318076580762863
127,0.06287881731987
128,0.12330328673124313
129,0.07715068757534027
130,0.1569892317056656
131,0.1565021574497223
132,0.08170191943645477
133,0.06720730662345886
134,0.14779861271381378
135,0.12067025899887085
136,0.10932642221450806
137,0.08990544080734253
138,0.10339321196079254
139,0.12672704458236694
140,0.051758233457803726
141,0.05749591067433357
142,0.1084367036819458
143,0.10582415759563446
144,0.04819447547197342
145,0.06516394764184952
146,0.053077664226293564
147,0.04612448066473007
148,0.0442851223051548
149,0.04936927184462547
150,0.02928541600704193
151,0.1180022731423378
152,0.036315977573394775
153,0.022707227617502213
154,0.06299029290676117
155,0.03341057151556015
156,0.052817411720752716
157,0.09087640047073364
158,0.06412629783153534
159,0.08386582136154175
160,0.04769206792116165
161,0.03465200215578079
162,0.0733034536242485
163,0.035095252096652985
164,0.05873895436525345
165,0.06119804084300995
166,0.08517060428857803
167,0.023797130212187767
168,0.02746889367699623
169,0.11435304582118988
170,0.027864105999469757
171,0.045768626034259796
172,0.03843235224485397
173,0.024523470550775528
174,0.0432865284383297
175,0.09077340364456177
176,0.08116011321544647
177,0.09160929918289185
178,0.037254635244607925
179,0.09258458018302917
180,0.03609197959303856
181,0.06899607926607132
182,0.06696387380361557
183,0.02243775874376297
184,0.10254485160112381
185,0.03122500143945217
186,0.0768050104379654
187,0.10747572779655457
188,0.046206094324588776
189,0.024436816573143005
190,0.019551238045096397
191,0.03967268764972687
192,0.08803217858076096
193,0.023494845256209373
194,0.019265640527009964
195,0.09210772812366486
196,0.04946816712617874
197,0.061395060271024704
198,0.17186661064624786
199,0.019986767321825027
200,0.021719999611377716
201,0.033785924315452576
202,0.08084277808666229
203,0.03530704230070114
204,0.020132213830947876
205,0.06557799875736237
206,0.07751115411520004
207,0.03183428570628166
208,0.062083788216114044
209,0.09899645298719406
210,0.032066814601421356
211,0.02128453366458416
212,0.021574944257736206
213,0.03243260085582733
214,0.0997738465666771
215,0.03310517966747284
216,0.03975212574005127
217,0.04896615445613861
218,0.08159531652927399
219,0.038220781832933426
220,0.020987605676054955
221,0.06712698191404343
222,0.01877039484679699
223,0.019772285595536232
224,0.022101212292909622
225,0.09047015011310577
226,0.12989354133605957
227,0.027119912207126617
228,0.018775803968310356
229,0.09085787832736969
230,0.05947403609752655
231,0.08090714365243912
232,0.018670694902539253
233,0.030643578618764877
234,0.016628101468086243
235,0.02480987086892128
236,0.11601685732603073
237,0.060018546879291534
238,0.05019846558570862
239,0.04775470495223999
240,0.09494142234325409
241,0.04731476679444313
242,0.02778463251888752
243,0.06082017719745636
244,0.028407270088791847
245,0.014114273712038994
246,0.028874114155769348
247,0.01920390874147415
248,0.04850589856505394
249,0.014137046411633492
250,0.03697899729013443
251,0.027259336784482002
252,0.07484491169452667
253,0.025008898228406906
254,0.0700656846165657
255,0.023009099066257477
256,0.055930037051439285
257,0.047012701630592346
258,0.012689020484685898
259,0.08447267860174179
260,0.0887698382139206
261,0.08860936760902405
262,0.07772998511791229
263,0.09985461831092834
264,0.03218064457178116
265,0.040686532855033875
266,0.03153258562088013
267,0.00715459231287241
268,0.062205951660871506
269,0.019298017024993896
270,0.05696379393339157
271,0.10718122124671936
272,0.038451433181762695
273,0.05803750827908516
274,0.049044542014598846
275,0.03357970714569092
276,0.04419375956058502
277,0.05346378684043884
278,0.03851959854364395
279,0.019614897668361664
280,0.09811677038669586
281,0.011308862827718258
282,0.04907335340976715
283,0.10156732052564621
284,0.05982925370335579
285,0.04928059130907059
286,0.07354401051998138
287,0.05009029060602188
288,0.07679937034845352
289,0.04101197421550751
290,0.06607536226511002
291,0.06708666682243347
292,0.02917739376425743
293,0.011967649683356285
294,0.0899314433336258
295,0.01808805763721466
296,0.02141623944044113
297,0.02608388662338257
298,0.013171300292015076
299,0.06621550768613815
300,0.07182915508747101
301,0.04239750653505325
302,0.08328927308320999
303,0.08042556047439575
304,0.04371880367398262
305,0.05856633186340332
306,0.03574360907077789
307,0.040416985750198364
308,0.010983632877469063
309,0.05550728738307953
310,0.011903569102287292
311,0.04159132391214371
312,0.08799944818019867
313,0.15434065461158752
314,0.04983481019735336
315,0.04923012852668762
316,0.05055016279220581
317,0.08376079797744751
318,0.047890037298202515
319,0.006935791112482548
320,0.012361088767647743
321,0.020391345024108887
322,0.056132905185222626
323,0.07047593593597412
324,0.021121161058545113
325,0.1480233073234558
326,0.08070017397403717
327,0.014065579511225224
328,0.012190870009362698
329,0.06034337729215622
330,0.00475569861009717
331,0.05994033068418503
332,0.054280687123537064
333,0.07004331052303314
334,0.07753268629312515
335,0.10563042759895325
336,0.052739448845386505
337,0.048076432198286057
338,0.05362504720687866
339,0.10475911945104599
340,0.06706186383962631
341,0.048606231808662415
342,0.010793454945087433
343,0.05815645307302475
344,0.02905617654323578
345,0.051646243780851364
346,0.017271779477596283
347,0.012874852865934372
348,0.06690762937068939
349,0.035766053944826126
350,0.02894413098692894
351,0.023116018623113632
352,0.04630684107542038
353,0.044444650411605835
354,0.057740118354558945
355,0.10289356112480164
356,0.013010900467634201
357,0.02630302868783474
358,0.10385081171989441
359,0.010140174999833107
360,0.04083527252078056
361,0.050471484661102295
362,0.05988406762480736
363,0.02280290797352791
364,0.0795375183224678
365,0.009050315245985985
366,0.07662377506494522
367,0.0967879593372345
368,0.029977984726428986
369,0.0434378907084465
370,0.05166488513350487
371,0.11856216192245483
372,0.005742229521274567
373,0.04737337306141853
374,0.07626953721046448
375,0.01240144856274128
376,0.04514984041452408
377,0.06501632183790207
378,0.02589980885386467
379,0.005582144483923912
380,0.005439015105366707
381,0.047629497945308685
382,0.051928505301475525
383,0.10484082251787186
384,0.09257186949253082
385,0.021794648841023445
386,0.11657847464084625
387,0.04074821248650551
388,0.07812537997961044
389,0.12419046461582184
390,0.07779717445373535
391,0.07773832976818085
392,0.033041294664144516
393,0.024022720754146576
394,0.137806236743927
395,0.06989350914955139
396,0.11858966946601868
397,0.18040254712104797
398,0.030966322869062424
399,0.10448437929153442
400,0.046673402190208435
401,0.1038215309381485
402,0.12036680430173874
403,0.02415129914879799
404,0.0821094661951065
405,0.16786068677902222
406,0.07823358476161957
407,0.015624448657035828
408,0.029657240957021713
409,0.08251689374446869
410,0.06793177127838135
411,0.1319538801908493
412,0.06859804689884186
413,0.11334832012653351
414,0.03418207913637161
415,0.1231725886464119
416,0.05723029375076294
417,0.08940395712852478
418,0.05201374366879463
419,0.06329682469367981
420,0.16098979115486145
421,0.06642855703830719
422,0.010135709308087826
423,0.049483343958854675
424,0.08663275092840195
425,0.12627752125263214
426,0.01871262863278389
427,0.0995122492313385
428,0.17826645076274872
429,0.1514529287815094
430,0.09669214487075806
431,0.14521434903144836
432,0.019569555297493935
433,0.04507508501410484
434,0.125205397605896
435,0.024799343198537827
436,0.06752316653728485
437,0.02942110039293766
438,0.07445308566093445
439,0.10531719028949738
440,0.01423686370253563
441,0.009682240895926952
442,0.0834490954875946
443,0.16217780113220215
444,0.04078775644302368
445,0.011455686762928963
446,0.12064333260059357
447,0.1810796707868576
448,0.06985192000865936
449,0.04088466614484787
450,0.21081440150737762
451,0.093089260160923
452,0.08715873211622238
453,0.19407153129577637
454,0.06578563898801804
455,0.006912367418408394
456,0.11549028009176254
457,0.11504533886909485
458,0.02015392668545246
459,0.10375930368900299
460,0.17204803228378296
461,0.03648756071925163
462,0.08351710438728333
463,0.06567534804344177
464,0.08963212370872498
465,0.017021819949150085
466,0.040282055735588074
467,0.03921712934970856
468,0.08534768223762512
469,0.1120569258928299
470,0.10015876591205597
471,0.08582532405853271
472,0.04264148324728012
473,0.13402846455574036
474,0.03642861172556877
475,0.05783258378505707
476,0.07521666586399078
477,0.06233396753668785
478,0.059946995228528976
479,0.036933377385139465
480,0.059430208057165146
481,0.07939838618040085
482,0.11411771923303604
483,0.08120178431272507
484,0.0644824355840683
485,0.024141203612089157
486,0.03386298567056656
487,0.05231393501162529
488,0.12398293614387512
489,0.011309584602713585
490,0.08528779447078705
491,0.06303451955318451
492,0.05533140152692795
493,0.06914804875850677
494,0.06534213572740555
495,0.09414416551589966
496,0.06235416978597641
497,0.0754368007183075
498,0.13354791700839996
499,0.11106201261281967
500,0.02088092640042305
501,0.08679898828268051
502,0.09277229011058807
503,0.11606434732675552
504,0.10159526765346527
505,0.1037035584449768
506,0.026747964322566986
507,0.16598369181156158
508,0.09539853036403656
509,0.06855843961238861
510,0.1054636612534523
511,0.05927259102463722
512,0.21244661509990692
513,0.0525037944316864
514,0.06204646825790405
515,0.058280184864997864
516,0.031557273119688034
517,0.027608811855316162
518,0.05450676381587982
519,0.07267771661281586
520,0.05761221796274185
521,0.06561752408742905
522,0.044679246842861176
523,0.05739400535821915
524,0.027964528650045395
525,0.13152141869068146
526,0.16652005910873413
527,0.06041254848241806
528,0.008594773709774017
529,0.06632260978221893
530,0.06974301487207413
531,0.11444909870624542
532,0.14928144216537476
533,0.030301854014396667
534,0.050683557987213135
535,0.07356177270412445
536,0.09478236734867096
537,0.05779599770903587
538,0.03404626622796059
539,0.024023400619626045
540,0.047002460807561874
541,0.07152481377124786
542,0.045603759586811066
543,0.027065761387348175
544,0.05694751441478729
545,0.08063624799251556
546,0.10131458938121796
547,0.033359915018081665
548,0.05300280451774597
549,0.06804271042346954
550,0.01911095529794693
551,0.063522569835186
552,0.12288437783718109
553,0.05362064763903618
554,0.0752546638250351
555,0.04449897259473801
556,0.10450559109449387
557,0.07109861820936203
558,0.11869198083877563
559,0.08383959531784058
560,0.027904875576496124
561,0.06439325213432312
562,0.006683122366666794
563,0.007712561637163162
564,0.06133401393890381
565,0.04542480409145355
566,0.0669173151254654
567,0.11699728667736053
568,0.0524488240480423
569,0.07877391576766968
570,0.08380983769893646
571,0.07949617505073547
572,0.08036629855632782
573,0.047787513583898544
574,0.0830395370721817
575,0.036701854318380356
576,0.05866657942533493
577,0.04995368421077728
578,0.08094115555286407
579,0.10287055373191833
580,0.04883281886577606
581,0.14264842867851257
582,0.05417044833302498
583,0.017776750028133392
584,0.06837043911218643
585,0.06194499880075455
586,0.06750963628292084
587,0.1554795503616333
588,0.11883594840765
589,0.018459782004356384
590,0.11789065599441528
591,0.058492306619882584
592,0.06379137933254242
593,0.043262965977191925
594,0.06517912447452545
595,0.010364288464188576
596,0.05543186143040657
597,0.07387222349643707
598,0.1676488220691681
599,0.03212619945406914
600,0.023088090121746063
601,0.0834357738494873
602,0.026318762451410294
603,0.030157404020428658
604,0.008050616830587387
605,0.031786732375621796
606,0.12208828330039978
607,0.0034203906543552876
608,0.02308722399175167
609,0.07526986300945282
610,0.1442457139492035
611,0.08862454444169998
612,0.10423534363508224
613,0.016587696969509125
614,0.1396406590938568
615,0.00651549082249403
616,0.03699345886707306
617,0.0654144212603569
618,0.03353751450777054
619,0.09125146269798279
620,0.09866704046726227
621,0.074982188642025
622,0.041550491005182266
623,0.05843789130449295
624,0.02112102508544922
625,0.05387056618928909
626,0.06256835162639618
627,0.0045561762526631355
628,0.10162130743265152
629,0.03851309418678284
630,0.1275097131729126
631,0.010035906918346882
632,0.04096612706780434
633,0.019367432221770287
634,0.08201873302459717
635,0.06101055070757866
636,0.014161847531795502
637,0.1398804783821106
638,0.06650306284427643
639,0.11562887579202652
640,0.009836963377892971
641,0.008294167928397655
642,0.03216180577874184
643,0.011316392570734024
644,0.0692690759897232
645,0.019013307988643646
646,0.029173817485570908
647,0.06399199366569519
648,0.01595882885158062
649,0.02911355346441269
650,0.023840581998229027
651,0.002672321628779173
652,0.05368885397911072
653,0.05978551506996155
654,0.05572936311364174
655,0.12954246997833252
656,0.06848624348640442
657,0.027578601613640785
658,0.007295779883861542
659,0.007875928655266762
660,0.07147262990474701
661,0.08753767609596252
662,0.0584883838891983
663,0.06307443976402283
664,0.050604306161403656
665,0.005049149971455336
666,0.010458272881805897
667,0.0036106943152844906
668,0.045184217393398285
669,0.017630208283662796
670,0.05524533614516258
671,0.06858953088521957
672,0.022080011665821075
673,0.053853943943977356
674,0.03276319429278374
675,0.0480300672352314
676,0.012636060826480389
677,0.0031461615581065416
678,0.03679685294628143
679,0.057687826454639435
680,0.1030748039484024
681,0.04437004774808884
682,0.07075958698987961
683,0.02261747233569622
684,0.005128384567797184
685,0.00675754202529788
686,0.039567410945892334
687,0.02185097150504589
688,0.05189823731780052
689,0.003088106168434024
690,0.04933071881532669
691,0.08312404155731201
692,0.04123568534851074
693,0.005252490285784006
694,0.0223847683519125
695,0.07306432723999023
696,0.09465248882770538
697,0.0031243134289979935
698,0.02644694782793522
699,0.08523347973823547
700,0.04947741702198982
701,0.004487867467105389
702,0.011475162580609322
703,0.020922761410474777
704,0.01914643496274948
705,0.07593196630477905
706,0.01666797697544098
707,0.05422767996788025
708,0.027922552078962326
709,0.033108919858932495
710,0.004581348970532417
711,0.005649232771247625
712,0.015211413614451885
713,0.04436609148979187
714,0.006615331396460533
715,0.005594026762992144
716,0.10967876017093658
717,0.05101770907640457
718,0.07884259521961212
719,0.0045127468183636665
720,0.04939643293619156
721,0.10023368895053864
722,0.04765770584344864
723,0.02579158917069435
724,0.035386014729738235
725,0.015219232067465782
726,0.06656390428543091
727,0.04649859666824341
728,0.05322030931711197
729,0.012265048921108246
730,0.013445407152175903
731,0.03864683955907822
732,0.026274507865309715
733,0.06844528764486313
734,0.01006429735571146
735,0.020059704780578613
736,0.18675203621387482
737,0.04443839564919472
738,0.020719971507787704
739,0.046815887093544006
740,0.011799155734479427
741,0.007831968367099762
742,0.058415737003088
743,0.0061626252718269825
744,0.04053199291229248
745,0.020514657720923424
746,0.0029404587112367153
747,0.007965373806655407
748,0.025934908539056778
749,0.07155212014913559
750,0.06140085309743881
751,0.01252911239862442
752,0.01448208186775446
753,0.0034409300424158573
754,0.01805819198489189
755,0.016201172024011612
756,0.01860172674059868
757,0.10380871593952179
758,0.01820717565715313
759,0.02285595051944256
760,0.035612571984529495
761,0.046591583639383316
762,0.04528132081031799
763,0.02062799409031868
764,0.05988648533821106
765,0.04802829027175903
766,0.011205876246094704
767,0.08367233723402023
768,0.1502992808818817
769,0.04559200257062912
770,0.09929606318473816
771,0.1040143072605133
772,0.04767655208706856
773,0.07707507163286209
774,0.022153055295348167
775,0.08364943414926529
776,0.05212893337011337
777,0.012729979120194912
778,0.11344701051712036
779,0.013422239571809769
780,0.06251882016658783
781,0.03203686699271202
782,0.05305728688836098
783,0.03561892360448837
784,0.044926732778549194
785,0.12012428045272827
786,0.05363583192229271
787,0.13719716668128967
788,0.06326298415660858
789,0.021164916455745697
790,0.07242859899997711
791,0.1429932415485382
792,0.094702810049057
793,0.041075047105550766
794,0.10095231980085373
795,0.014188922941684723
796,0.07333417236804962
797,0.0669703558087349
798,0.047398727387189865
799,0.07216545939445496
800,0.12163928896188736
801,0.06708133220672607
802,0.03308883309364319
803,0.10981877893209457
804,0.04201103374361992
805,0.07233260571956635
806,0.06437663733959198
807,0.1094701737165451
808,0.04894731938838959
809,0.04133308306336403
810,0.06324069201946259
811,0.11767707765102386
812,0.06652587652206421
813,0.023617267608642578
814,0.0208757184445858
815,0.01419412437826395
816,0.10650137066841125
817,0.06131024658679962
818,0.07297983020544052
819,0.03878523036837578
820,0.05238766595721245
821,0.12386472523212433
822,0.08278073370456696
823,0.0945483148097992
824,0.040811143815517426
825,0.11300389468669891
826,0.020219741389155388
827,0.01891055889427662
828,0.029076311737298965
829,0.014273622073233128
830,0.13908593356609344
831,0.06124274432659149
832,0.08977958559989929
833,0.00832359492778778
834,0.009837310761213303
835,0.061511944979429245
836,0.12878882884979248
837,0.06419213861227036
838,0.02230190858244896
839,0.10483711957931519
840,0.07714137434959412
841,0.06260575354099274
842,0.019149912521243095
843,0.04120562598109245
844,0.05036991834640503
845,0.06154904142022133
846,0.05502523109316826
847,0.033355072140693665
848,0.047140445560216904
849,0.0137309730052948
850,0.07586097717285156
851,0.04921949654817581
852,0.09311451017856598
853,0.05505826324224472
854,0.014058792963624
855,0.08567920327186584
856,0.047122616320848465
857,0.19126403331756592
858,0.12542115151882172
859,0.04393651336431503
860,0.15670204162597656
861,0.026538794860243797
862,0.03149520605802536
863,0.06031126156449318
864,0.03063081204891205
865,0.06489655375480652
866,0.04339773207902908
867,0.029578156769275665
868,0.09646067023277283
869,0.07557299733161926
870,0.08749557286500931
871,0.029254216700792313
872,0.04764564335346222
873,0.08451462537050247
874,0.06494873017072678
875,0.02983640506863594
876,0.04041338339447975
877,0.020295940339565277
878,0.10274346172809601
879,0.05350779369473457
880,0.062836192548275
881,0.013647805899381638
882,0.04466253146529198
883,0.07055966556072235
884,0.024877600371837616
885,0.04621099308133125
886,0.08373741805553436
887,0.048747215420007706
888,0.051178328692913055
889,0.03884120285511017
890,0.09359552711248398
891,0.07865075021982193
892,0.11251899600028992
893,0.1788926124572754
894,0.09218253195285797
895,0.04513748362660408
896,0.012015514075756073
897,0.0723426342010498
898,0.04172629863023758
899,0.11061488091945648
900,0.06796808540821075
901,0.04129255190491676
902,0.007435142062604427
903,0.10086522996425629
904,0.058379463851451874
905,0.019226189702749252
906,0.12072524428367615
907,0.0675107091665268
908,0.053928621113300323
909,0.13306328654289246
910,0.055037327110767365
911,0.07819114625453949
912,0.08025938272476196
913,0.027760159224271774
914,0.027282528579235077
915,0.08821946382522583
916,0.06728768348693848
917,0.05906524881720543
918,0.09224982559680939
919,0.03419574350118637
920,0.09648370742797852
921,0.042627058923244476
922,0.03190410137176514
923,0.037085920572280884
924,0.04216323047876358
925,0.08159712702035904
926,0.09803175926208496
927,0.0900123342871666
928,0.024349592626094818
929,0.042551156133413315
930,0.040974535048007965
931,0.0738651230931282
932,0.03115384466946125
933,0.06972309947013855
934,0.10831090062856674
935,0.017924509942531586
936,0.05019334703683853
937,0.03687656670808792
938,0.011163422837853432
939,0.14261813461780548
940,0.07410392165184021
941,0.08915944397449493
942,0.07104373723268509
943,0.035739149898290634
944,0.13285717368125916
945,0.01958990842103958
946,0.12050943076610565
947,0.08758364617824554
948,0.08989465236663818
949,0.07969169318675995
950,0.034515783190727234
951,0.0674966350197792
952,0.040546998381614685
953,0.06678532063961029
954,0.016860969364643097
955,0.13603100180625916
956,0.03667245805263519
957,0.023671109229326248
958,0.04578137397766113
959,0.02892919071018696
960,0.08215338736772537
961,0.050447557121515274
962,0.08861429989337921
963,0.06224704161286354
964,0.03901892900466919
965,0.0821966677904129
966,0.07761747390031815
967,0.09481614828109741
968,0.09449578821659088
969,0.08145938068628311
970,0.06560704112052917
971,0.01693136617541313
972,0.05612675100564957
973,0.04528868943452835
974,0.06103929504752159
975,0.08404199779033661
976,0.09811604768037796
977,0.010694460943341255
978,0.011962702497839928
979,0.02437213435769081
980,0.030861901119351387
981,0.032068848609924316
982,0.037897154688835144
983,0.04513050243258476
984,0.07944947481155396
985,0.025393269956111908
986,0.06282767653465271
987,0.07304707914590836
988,0.09404215216636658
989,0.10808447748422623
990,0.03825142979621887
991,0.04892700910568237
992,0.06133965402841568
993,0.04903598874807358
994,0.07235418260097504
995,0.044396817684173584
996,0.09320046007633209
997,0.013036376796662807
998,0.04529796168208122
999,0.0954073891043663
1000,0.046162914484739304
1001,0.10245205461978912
1002,0.057697463780641556
1003,0.05122290924191475
1004,0.1100141704082489
1005,0.05098084360361099
1006,0.05527216196060181
1007,0.0758032351732254
1008,0.10902614891529083
1009,0.015581732615828514
1010,0.03386761248111725
1011,0.05430302768945694
1012,0.038635268807411194
1013,0.031013019382953644
1014,0.05785219371318817
1015,0.07742224633693695
1016,0.11125599592924118
1017,0.03567567467689514
1018,0.026530170813202858
1019,0.05358150601387024
1020,0.09198631346225739
1021,0.0344717763364315
1022,0.009466154500842094
1023,0.03673491254448891
1024,0.11111074686050415
1025,0.019912846386432648
1026,0.03444804251194
1027,0.019894860684871674
1028,0.05141593515872955
1029,0.09606519341468811
1030,0.0688483715057373
1031,0.07618550956249237
1032,0.06951967626810074
1033,0.0724184587597847
1034,0.036130040884017944
1035,0.10296780616044998
1036,0.026166386902332306
1037,0.04814250394701958
1038,0.06591412425041199
1039,0.030557040125131607
1040,0.04937773197889328
1041,0.13844889402389526
1042,0.13305489718914032
1043,0.06289761513471603
1044,0.12138424813747406
1045,0.08826760947704315
1046,0.04895384609699249
1047,0.09970463067293167
1048,0.06319638341665268
1049,0.04892760515213013
1050,0.08558006584644318
1051,0.030668629333376884
1052,0.06483736634254456
1053,0.05781162530183792
1054,0.05613178387284279
1055,0.04668763279914856
1056,0.09662206470966339
1057,0.018926385790109634
1058,0.08241946250200272
1059,0.054543327540159225
1060,0.05509485304355621
1061,0.02219211310148239
1062,0.03687871992588043
1063,0.08716519176959991
1064,0.08472715318202972
1065,0.05656975135207176
1066,0.04023771360516548
1067,0.017204781994223595
1068,0.08609338849782944
1069,0.02456216886639595
1070,0.0715746283531189
1071,0.058340832591056824
1072,0.0323479063808918
1073,0.06397219002246857
1074,0.08815865963697433
1075,0.15872876346111298
1076,0.04850763827562332
1077,0.038998909294605255
1078,0.07149624824523926
1079,0.1336248219013214
1080,0.020068522542715073
1081,0.12155671417713165
1082,0.0606677308678627
1083,0.05825301632285118
1084,0.03693842887878418
1085,0.11912478506565094
1086,0.03969044238328934
1087,0.03891558200120926
1088,0.09782683849334717
1089,0.023154165595769882
1090,0.14153072237968445
1091,0.15928640961647034
1092,0.027834974229335785
1093,0.044450923800468445
1094,0.022345660254359245
1095,0.07514451444149017
1096,0.051120273768901825
1097,0.0763588696718216
1098,0.039940424263477325
1099,0.09219256043434143
1100,0.1022305116057396
1101,0.058754559606313705
1102,0.01782190427184105
1103,0.09041854739189148
1104,0.05280829593539238
1105,0.04519854485988617
1106,0.05657573044300079
1107,0.02722497470676899
1108,0.05625981092453003
1109,0.07961969822645187
1110,0.039419177919626236
1111,0.0685787945985794
1112,0.06040848046541214
1113,0.0994463786482811
1114,0.03864079341292381
1115,0.018908075988292694
1116,0.019192811101675034
1117,0.02200428396463394
1118,0.07871156930923462
1119,0.10015998780727386
1120,0.07322587817907333
1121,0.057919081300497055
1122,0.055270396173000336
1123,0.022133395075798035
1124,0.07836979627609253
1125,0.044707365334033966
1126,0.0291929729282856
1127,0.10953612625598907
1128,0.05202735960483551
1129,0.059757646173238754
1130,0.10060712695121765
1131,0.04842987656593323
1132,0.11772112548351288
1133,0.08902914822101593
1134,0.05998113006353378
1135,0.09963467717170715
1136,0.01693763956427574
1137,0.03756863623857498
1138,0.08210653811693192
1139,0.054080717265605927
1140,0.021790409460663795
1141,0.028736423701047897
1142,0.01836150325834751
1143,0.06750352680683136
1144,0.015602264553308487
1145,0.038022276014089584
1146,0.05445624887943268
1147,0.08833540976047516
1148,0.042867787182331085
1149,0.10411268472671509
1150,0.08675458282232285
1151,0.06153282895684242
1152,0.032097842544317245
1153,0.04896944761276245
1154,0.023401908576488495
1155,0.07801695913076401
1156,0.04996202886104584
1157,0.03872256726026535
1158,0.09503211826086044
1159,0.009729212149977684
1160,0.06128160282969475
1161,0.19028660655021667
1162,0.06084073334932327
1163,0.023726901039481163
1164,0.028865519911050797
1165,0.05822458118200302
1166,0.06822548806667328
1167,0.07638415694236755
1168,0.016470197588205338
1169,0.1301555335521698
1170,0.09774452447891235
1171,0.02422565408051014
1172,0.07720545679330826
1173,0.05039939656853676
1174,0.03833972290158272
1175,0.06810668110847473
1176,0.03783230483531952
1177,0.10890692472457886
1178,0.04169832170009613
1179,0.02588263340294361
1180,0.04462243244051933
1181,0.06096893548965454
1182,0.02720571868121624
1183,0.020560266450047493
1184,0.018323160707950592
1185,0.05420743301510811
1186,0.07075657695531845
1187,0.014300980605185032
1188,0.08446819335222244
1189,0.041865527629852295
1190,0.0793781653046608
1191,0.07977743446826935
1192,0.08589978516101837
1193,0.03163399174809456
1194,0.07349210977554321
1195,0.03728697448968887
1196,0.04310912638902664
1197,0.027460236102342606
1198,0.020883280783891678
1199,0.05129263550043106
1200,0.02957150712609291
1201,0.03580986708402634
1202,0.05971229076385498
1203,0.07599365711212158
1204,0.0104417959228158
1205,0.08533760905265808
1206,0.03983977809548378
1207,0.12048540264368057
1208,0.04631766304373741
1209,0.08825172483921051
1210,0.018719684332609177
1211,0.06964094936847687
1212,0.044830285012722015
1213,0.0347515270113945
1214,0.08358455449342728
1215,0.0452863946557045
1216,0.09185197204351425
1217,0.024913303554058075
1218,0.06364370137453079
1219,0.014998790808022022
1220,0.06680180132389069
1221,0.046929679811000824
1222,0.027143951505422592
1223,0.01982790231704712
1224,0.04840042442083359
1225,0.019945459440350533
1226,0.057066380977630615
1227,0.09792131185531616
1228,0.134846031665802
1229,0.06655748188495636
1230,0.06573863327503204
1231,0.021594036370515823
1232,0.051644548773765564
1233,0.0435955785214901
1234,0.024804700165987015
1235,0.041282325983047485
1236,0.0693521648645401
1237,0.04443762078881264
1238,0.05326182022690773
1239,0.030722714960575104
1240,0.04812980815768242
1241,0.08934348076581955
1242,0.04740200936794281
1243,0.08892776817083359
1244,0.02345428615808487
1245,0.06781160831451416
1246,0.01997210830450058
1247,0.02697240374982357
1248,0.03331596776843071
1249,0.03205578774213791
1250,0.01167535874992609
1251,0.05752649903297424
1252,0.021903231739997864
1253,0.09420214593410492
1254,0.018365642055869102
1255,0.03981823846697807
1256,0.05337153375148773
1257,0.039190102368593216
1258,0.024545345455408096
1259,0.05531075596809387
1260,0.044902198016643524
1261,0.03493579104542732
1262,0.06382179260253906
1263,0.01189160905778408
1264,0.0667620524764061
1265,0.0620666965842247
1266,0.04288339242339134
1267,0.022775383666157722
1268,0.04944877699017525
1269,0.050963159650564194
1270,0.05346187949180603
1271,0.07955070585012436
1272,0.07751674950122833
1273,0.08909013122320175
1274,0.04837578907608986
1275,0.09816858172416687
1276,0.027386361733078957
1277,0.02865927293896675
1278,0.07271341234445572
1279,0.11221399903297424
1280,0.07098715752363205
1281,0.09002028405666351
1282,0.021941307932138443
1283,0.043049782514572144
1284,0.043476175516843796
1285,0.02662428468465805
1286,0.048899225890636444
1287,0.054061323404312134
1288,0.02259991690516472
1289,0.04814644530415535
1290,0.10725125670433044
1291,0.050915755331516266
1292,0.012585443444550037
1293,0.0265214741230011
1294,0.01494281180202961
1295,0.04590076953172684
1296,0.08477278798818588
1297,0.01843053475022316
1298,0.04569931700825691
1299,0.016428306698799133
1300,0.13396164774894714
1301,0.06368513405323029
1302,0.05490928888320923
1303,0.06928841769695282
1304,0.05314754694700241
1305,0.042018841952085495
1306,0.08459024876356125
1307,0.09910707175731659
1308,0.06353610754013062
1309,0.019421733915805817
1310,0.0360666885972023
1311,0.04639299958944321
1312,0.042847998440265656
1313,0.04922815412282944
1314,0.018016744405031204
1315,0.04564819857478142
1316,0.0738222748041153
1317,0.0242002010345459
1318,0.031117010861635208
1319,0.023992812260985374
1320,0.05546944588422775
1321,0.06511130928993225
1322,0.06196674332022667
1323,0.057889219373464584
1324,0.037103231996297836
1325,0.07731325179338455
1326,0.06410094350576401
1327,0.023281430825591087
1328,0.08300431072711945
1329,0.09111801534891129
1330,0.01460295356810093
1331,0.028918787837028503
1332,0.030765440315008163
1333,0.06442944705486298
1334,0.01215527392923832
1335,0.046245962381362915
1336,0.017523305490612984
1337,0.08711813390254974
1338,0.026447206735610962
1339,0.08147858828306198
1340,0.026944663375616074
1341,0.10466549545526505
1342,0.06609923392534256
1343,0.027218500152230263
1344,0.030960964038968086
1345,0.031117083504796028
1346,0.04542616754770279
1347,0.011506713926792145
1348,0.04995739832520485
1349,0.07557722181081772
1350,0.04222193732857704
1351,0.04501517489552498
1352,0.04620891809463501
1353,0.04109061509370804
1354,0.018783966079354286
1355,0.05250753462314606
1356,0.04282304644584656
1357,0.027411894872784615
1358,0.06930983066558838
1359,0.08693947643041611
1360,0.06899476051330566
1361,0.055248331278562546
1362,0.03567738085985184
1363,0.08324630558490753
1364,0.061856452375650406
1365,0.015007298439741135
1366,0.11421039700508118
1367,0.04257338121533394
1368,0.017354561015963554
1369,0.07261382043361664
1370,0.05458194017410278
1371,0.0235361997038126
1372,0.06988763809204102
1373,0.05622102692723274
1374,0.012659771367907524
1375,0.029122386127710342
1376,0.021168634295463562
1377,0.09400086849927902
1378,0.020907163619995117
1379,0.03081606887280941
1380,0.09349745512008667
1381,0.020971253514289856
1382,0.08595440536737442
1383,0.029784679412841797
1384,0.028124548494815826
1385,0.025556035339832306
1386,0.05996973440051079
1387,0.019725419580936432
1388,0.016027823090553284
1389,0.04421484097838402
1390,0.04268261045217514
1391,0.013446539640426636
1392,0.06980164349079132
1393,0.01861315779387951
1394,0.07956266403198242
1395,0.016260510310530663
1396,0.041161686182022095
1397,0.05220267176628113
1398,0.03919029235839844
1399,0.053049132227897644
1400,0.06234942749142647
1401,0.09644457697868347
1402,0.02828085795044899
1403,0.04725398123264313
1404,0.04050667956471443
1405,0.09950588643550873
1406,0.03410789743065834
1407,0.03142715245485306
1408,0.021746022626757622
1409,0.0509839802980423
1410,0.05484287440776825
1411,0.051184430718421936
1412,0.04340288043022156
1413,0.048324763774871826
1414,0.05739203467965126
1415,0.03311712294816971
1416,0.06543764472007751
1417,0.08458776772022247
1418,0.026488417759537697
1419,0.07198892533779144
1420,0.026044612750411034
1421,0.028518833220005035
1422,0.04279113933444023
1423,0.09282489120960236
1424,0.061365753412246704
1425,0.046753428876399994
1426,0.06175868213176727
1427,0.023527702316641808
1428,0.021847784519195557
1429,0.05732788145542145
1430,0.0632053092122078
1431,0.048713408410549164
1432,0.02143704891204834
1433,0.02647474594414234
1434,0.06482292711734772
1435,0.023847825825214386
1436,0.07337870448827744
1437,0.05600171536207199
1438,0.07448789477348328
1439,0.09084504097700119
1440,0.016283730044960976
1441,0.05672501027584076
1442,0.1391412764787674
1443,0.03633802384138107
1444,0.07240664213895798
1445,0.03158871456980705
1446,0.03488834202289581
1447,0.03829548880457878
1448,0.04563053324818611
1449,0.02610946074128151
1450,0.018063543364405632
1451,0.01835777424275875
1452,0.027761518955230713
1453,0.024504031985998154
1454,0.06705448031425476
1455,0.027216389775276184
1456,0.08166393637657166
1457,0.08720338344573975
1458,0.05606953799724579
1459,0.040524743497371674
1460,0.07472974061965942
1461,0.019107434898614883
1462,0.0947134867310524
1463,0.059911102056503296
1464,0.05135563760995865
1465,0.016437703743577003
1466,0.012234268710017204
1467,0.05700676143169403
1468,0.10631163418292999
1469,0.013750431127846241
1470,0.022641070187091827
1471,0.03495282679796219
1472,0.060091517865657806
1473,0.05373406410217285
1474,0.014231313019990921
1475,0.01668791100382805
1476,0.037251465022563934
1477,0.06168002635240555
1478,0.051080748438835144
1479,0.03604311868548393
1480,0.10599979013204575
1481,0.04947527125477791
1482,0.02208397164940834
1483,0.017341554164886475
1484,0.013856695964932442
1485,0.04740374535322189
1486,0.032511934638023376
1487,0.11733973771333694
1488,0.02119031362235546
1489,0.049894239753484726
1490,0.023025590926408768
1491,0.04565861076116562
1492,0.07291541993618011
1493,0.06735038757324219
1494,0.027474578469991684
1495,0.04428815096616745
1496,0.027603019028902054
1497,0.05322207510471344
1498,0.059859368950128555
1499,0.02060174196958542
1500,0.0361735075712204
1501,0.02093103528022766
1502,0.08540863543748856
1503,0.01169189065694809
1504,0.0420086532831192
1505,0.011170370504260063
1506,0.07894065976142883
1507,0.0244021974503994
1508,0.04567699506878853
1509,0.013012006878852844
1510,0.032806992530822754
1511,0.11526533961296082
1512,0.03280296549201012
1513,0.11122864484786987
1514,0.016706496477127075
1515,0.039591655135154724
1516,0.02639722265303135
1517,0.03763372078537941
1518,0.02744213305413723
1519,0.07876010239124298
1520,0.06915684044361115
1521,0.02210123836994171
1522,0.054286934435367584
1523,0.025325581431388855
1524,0.02402958832681179
1525,0.06062406674027443
1526,0.02328592911362648
1527,0.02860734611749649
1528,0.03713185340166092
1529,0.02328024059534073
1530,0.024298280477523804
1531,0.07842664420604706
1532,0.012804172933101654
1533,0.05330206826329231
1534,0.04475002363324165
1535,0.09244831651449203
1536,0.025234989821910858
1537,0.03210996836423874
1538,0.013790077529847622
1539,0.04966767877340317
1540,0.02205057069659233
1541,0.030402684584259987
1542,0.01779918372631073
1543,0.016654998064041138
1544,0.04626895487308502
1545,0.06290098279714584
1546,0.013957005925476551
1547,0.021328942850232124
1548,0.05642859637737274
1549,0.022513458505272865
1550,0.06448161602020264
1551,0.04573383182287216
1552,0.06339403241872787
1553,0.049928776919841766
1554,0.07350482791662216
1555,0.020074252039194107
1556,0.055190809071063995
1557,0.13716894388198853
1558,0.02840341255068779
1559,0.0283628161996603
1560,0.12566441297531128
1561,0.05049051716923714
1562,0.043147824704647064
1563,0.07558221369981766
1564,0.021162524819374084
1565,0.052257973700761795
1566,0.05896923318505287
1567,0.023936007171869278
1568,0.03360210731625557
1569,0.06139381602406502
1570,0.08090600371360779
1571,0.07284290343523026
1572,0.028836965560913086
1573,0.04328249767422676
1574,0.06683672219514847
1575,0.05439256876707077
1576,0.014024555683135986
1577,0.09032730013132095
1578,0.015060095116496086
1579,0.024283749982714653
1580,0.025114011019468307
1581,0.07921171188354492
1582,0.01695350743830204
1583,0.01822889968752861
1584,0.06560933589935303
1585,0.019012542441487312
1586,0.04593225568532944
1587,0.028727587312459946
1588,0.036927420645952225
1589,0.09279879927635193
1590,0.015730835497379303
1591,0.02354484796524048
1592,0.0314117968082428
1593,0.05962684750556946
1594,0.06953893601894379
1595,0.01152389869093895
1596,0.07368610799312592
1597,0.023775765672326088
1598,0.011910038068890572
1599,0.030177263543009758
1600,0.024359161034226418
1601,0.017577283084392548
1602,0.05090116709470749
1603,0.07216423749923706
1604,0.040099695324897766
1605,0.0457783043384552
1606,0.05082276463508606
1607,0.0663096234202385
1608,0.025435158982872963
1609,0.03517678380012512
1610,0.02928934618830681
1611,0.04195720702409744
1612,0.014108014293015003
1613,0.010830258950591087
1614,0.04590139910578728
1615,0.014915065839886665
1616,0.04284735396504402
1617,0.03399847075343132
1618,0.03839535638689995
1619,0.01664712280035019
1620,0.04504194110631943
1621,0.044722605496644974
1622,0.014702916145324707
1623,0.05876189097762108
1624,0.01246912032365799
1625,0.03170301020145416
1626,0.01936129666864872
1627,0.020291725173592567
1628,0.08048079907894135
1629,0.01749076135456562
1630,0.20140421390533447
1631,0.05259591341018677
1632,0.02651306428015232
1633,0.01648651249706745
1634,0.038264885544776917
1635,0.048474665731191635
1636,0.05741152912378311
1637,0.017617590725421906
1638,0.03220978379249573
1639,0.03195339813828468
1640,0.03584259748458862
1641,0.03677751123905182
1642,0.015890859067440033
1643,0.04610292986035347
1644,0.015975389629602432
1645,0.06960217654705048
1646,0.061426736414432526
1647,0.06111893057823181
1648,0.022995475679636
1649,0.019251910969614983
1650,0.019976366311311722
1651,0.056189168244600296
1652,0.047281645238399506
1653,0.008696984499692917
1654,0.045792896300554276
1655,0.09276475757360458
1656,0.024421732872724533
1657,0.06469550728797913
1658,0.06919097900390625
1659,0.05694422870874405
1660,0.020601149648427963
1661,0.07349111884832382
1662,0.016296014189720154
1663,0.01592111587524414
1664,0.026618367061018944
1665,0.05082174018025398
1666,0.09856463223695755
1667,0.07587192952632904
1668,0.04375976324081421
1669,0.029741337522864342
1670,0.06372016668319702
1671,0.02982373535633087
1672,0.041571393609046936
1673,0.04107454791665077
1674,0.06261040270328522
1675,0.06682486832141876
1676,0.13790974020957947
1677,0.027232952415943146
1678,0.011740010231733322
1679,0.09713408350944519
1680,0.01606944389641285
1681,0.08347257226705551
1682,0.06613335013389587
1683,0.03168623894453049
1684,0.040782004594802856
1685,0.016520529985427856
1686,0.06711968034505844
1687,0.07197678834199905
1688,0.05052175372838974
1689,0.023140916600823402
1690,0.10492640733718872
1691,0.09908195585012436
1692,0.0633615031838417
1693,0.030028322711586952
1694,0.055982716381549835
1695,0.021113093942403793
1696,0.022878488525748253
1697,0.05906222388148308
1698,0.06243326514959335
1699,0.04631432890892029
1700,0.05479200929403305
1701,0.013840273022651672
1702,0.05503179132938385
1703,0.0198954027146101
1704,0.050809137523174286
1705,0.02353917993605137
1706,0.0680788904428482
1707,0.05524016171693802
1708,0.019621431827545166
1709,0.05342685431241989
1710,0.018700748682022095
1711,0.06933075934648514
1712,0.11622609198093414
1713,0.07595799118280411
1714,0.014695193618535995
1715,0.07277624309062958
1716,0.021642856299877167
1717,0.07980936020612717
1718,0.03318193927407265
1719,0.06282629817724228
1720,0.022863607853651047
1721,0.1624211072921753
1722,0.017686346545815468
1723,0.026267219334840775
1724,0.09417258203029633
1725,0.05254950746893883
1726,0.05302109569311142
1727,0.04546746984124184
1728,0.07592475414276123
1729,0.07120802998542786
1730,0.07243385165929794
1731,0.0191829651594162
1732,0.07577551901340485
1733,0.01932942122220993
1734,0.05132252350449562
1735,0.038858234882354736
1736,0.02573467418551445
1737,0.04499644786119461
1738,0.09927451610565186
1739,0.06992468237876892
1740,0.06142975762486458
1741,0.012452399358153343
1742,0.05361810326576233
1743,0.021862957626581192
1744,0.07690032571554184
1745,0.014637090265750885
1746,0.04429960995912552
1747,0.10450957715511322
1748,0.034113481640815735
1749,0.08255071938037872
1750,0.11763544380664825
1751,0.025104288011789322
1752,0.03027171455323696
1753,0.057728588581085205
1754,0.04761870950460434
1755,0.014896105974912643
1756,0.04634266346693039
1757,0.03603240102529526
1758,0.030973238870501518
1759,0.017121143639087677
1760,0.12281286716461182
1761,0.04903404414653778
1762,0.045991964638233185
1763,0.017107488587498665
1764,0.04937539994716644
1765,0.02717563323676586
1766,0.014012603089213371
1767,0.05166236683726311
1768,0.02404209040105343
1769,0.07891407608985901
1770,0.1096375435590744
1771,0.11104397475719452
1772,0.020067591220140457
1773,0.014264214783906937
1774,0.04483416676521301
1775,0.04175936058163643
1776,0.010890109464526176
1777,0.02544182538986206
1778,0.016210801899433136
1779,0.10125458240509033
1780,0.02802993357181549
1781,0.07802604883909225
1782,0.03159654513001442
1783,0.012383174151182175
1784,0.010862787254154682
1785,0.043034572154283524
1786,0.0391213558614254
1787,0.10000160336494446
1788,0.0330231599509716
1789,0.0922071784734726
1790,0.06908757984638214
1791,0.025328190997242928
1792,0.13730572164058685
1793,0.08109065890312195
1794,0.028783611953258514
1795,0.06440086662769318
1796,0.09050488471984863
1797,0.08894586563110352
1798,0.04497825354337692
1799,0.052787452936172485
1800,0.0641806572675705
1801,0.03733145445585251
1802,0.1433841437101364
1803,0.0907021313905716
1804,0.021024417132139206
1805,0.032548874616622925
1806,0.02387496829032898
1807,0.08760787546634674
1808,0.03274738788604736
1809,0.022326547652482986
1810,0.08422697335481644
1811,0.03357379883527756
1812,0.10520686209201813
1813,0.12115449458360672
1814,0.02153422124683857
1815,0.06487368047237396
1816,0.09332459419965744
1817,0.13806872069835663
1818,0.036824315786361694
1819,0.05193734169006348
1820,0.052733879536390305
1821,0.12124139070510864
1822,0.05690021067857742
1823,0.11117428541183472
1824,0.05012410879135132
1825,0.031034495681524277
1826,0.10073742270469666
1827,0.05842980742454529
1828,0.046046748757362366
1829,0.016418762505054474
1830,0.049639783799648285
1831,0.09212727099657059
1832,0.08228867501020432
1833,0.091910220682621
1834,0.02344585955142975
1835,0.09644359350204468
1836,0.08672451972961426
1837,0.030097581446170807
1838,0.08009977638721466
1839,0.0655103549361229
1840,0.02437160164117813
1841,0.13372409343719482
1842,0.11170431971549988
1843,0.06055902689695358
1844,0.06725632399320602
1845,0.06281083077192307
1846,0.059758931398391724
1847,0.030752025544643402
1848,0.026124972850084305
1849,0.057010505348443985
1850,0.14528284966945648
1851,0.06515727937221527
1852,0.06333530694246292
1853,0.0597807802259922
1854,0.030270259827375412
1855,0.08410672098398209
1856,0.024161430075764656
1857,0.0285465307533741
1858,0.04797159135341644
1859,0.03631491959095001
1860,0.06512358784675598
1861,0.03955909237265587
1862,0.05713828280568123
1863,0.07911442220211029
1864,0.05409965291619301
1865,0.062368229031562805
1866,0.03173565864562988
1867,0.03275015577673912
1868,0.05835971236228943
1869,0.017403479665517807
1870,0.07565821707248688
1871,0.13997235894203186
1872,0.06853790581226349
1873,0.15447306632995605
1874,0.06923508644104004
1875,0.06181979924440384
1876,0.12947869300842285
1877,0.08140617609024048
1878,0.05428069084882736
1879,0.06523594260215759
1880,0.04442866891622543
1881,0.04017168655991554
1882,0.03495315462350845
1883,0.04684224724769592
1884,0.19422250986099243
1885,0.0786115750670433
1886,0.06268613040447235
1887,0.0453483909368515
1888,0.0561879463493824
1889,0.048960890620946884
1890,0.0941261351108551
1891,0.029562972486019135
1892,0.10139390081167221
1893,0.03621487319469452
1894,0.08953630924224854
1895,0.06489632278680801
1896,0.07341084629297256
1897,0.05143120139837265
1898,0.15249420702457428
1899,0.05313494801521301
1900,0.033438459038734436
1901,0.07319571077823639
1902,0.09638197720050812
1903,0.030348557978868484
1904,0.021516580134630203
1905,0.08183601498603821
1906,0.12194132059812546
1907,0.05066922679543495
1908,0.07828429341316223
1909,0.06025873124599457
1910,0.05926210433244705
1911,0.041811391711235046
1912,0.04104039445519447
1913,0.05340041592717171
1914,0.05219297856092453
1915,0.03385661542415619
1916,0.019671887159347534
1917,0.05946236103773117
1918,0.07473691552877426
1919,0.02419826202094555
1920,0.029226990416646004
1921,0.024011023342609406
1922,0.09887395799160004
1923,0.06940494477748871
1924,0.08808879554271698
1925,0.04243103414773941
1926,0.11861203610897064
1927,0.08584576100111008
1928,0.025719745084643364
1929,0.06420771777629852
1930,0.05529336631298065
1931,0.1391434371471405
1932,0.013150333426892757
1933,0.040276870131492615
1934,0.056866638362407684
1935,0.015533363446593285
1936,0.10163293033838272
1937,0.0911276787519455
1938,0.039537928998470306
1939,0.0776563286781311
1940,0.027943206951022148
1941,0.03401408717036247
1942,0.0449097640812397
1943,0.0650477483868599
1944,0.04249865934252739
1945,0.07405339181423187
1946,0.049663182348012924
1947,0.025473330169916153
1948,0.01943746581673622
1949,0.01213282160460949
1950,0.02318420261144638
1951,0.051955174654722214
1952,0.027751782909035683
1953,0.021639671176671982
1954,0.05522681400179863
1955,0.0290799830108881
1956,0.02020912431180477
1957,0.03565436601638794
1958,0.017895134165883064
1959,0.12073229253292084
1960,0.06867633759975433
1961,0.044354625046253204
1962,0.0437447614967823
1963,0.015809904783964157
1964,0.09870811551809311
1965,0.04228855296969414
1966,0.01083068735897541
1967,0.05735345184803009
1968,0.07790456712245941
1969,0.048535484820604324
1970,0.102313332259655
1971,0.026600610464811325
1972,0.02799331024289131
1973,0.05474026873707771
1974,0.06024114415049553
1975,0.0660470500588417
1976,0.035982824862003326
1977,0.07091201841831207
1978,0.014570452272891998
1979,0.0592535100877285
1980,0.020351214334368706
1981,0.05896347016096115
1982,0.06606397777795792
1983,0.10050907731056213
1984,0.04241397976875305
1985,0.14521420001983643
1986,0.05530089884996414
1987,0.0803607702255249
1988,0.06517687439918518
1989,0.013706227764487267
1990,0.0508284717798233
1991,0.0758848488330841
1992,0.021256940439343452
1993,0.04640082269906998
1994,0.017200961709022522
1995,0.030357936397194862
1996,0.0806184783577919
1997,0.03841892257332802
1998,0.025348525494337082
1999,0.024907205253839493
2000,0.020245058462023735
2001,0.04552987962961197
2002,0.03712669759988785
2003,0.022354109212756157
2004,0.0377763994038105
2005,0.14304965734481812
2006,0.029531285166740417
2007,0.07546045631170273
2008,0.017353221774101257
2009,0.0207594595849514
2010,0.03273038938641548
2011,0.041359059512615204
2012,0.028319641947746277
2013,0.060210347175598145
2014,0.06941653043031693
2015,0.04678479582071304
2016,0.04572569206357002
2017,0.05912453681230545
2018,0.04219226539134979
2019,0.02134590409696102
2020,0.026206258684396744
2021,0.027835706248879433
2022,0.022671446204185486
2023,0.016956618055701256
2024,0.027785256505012512
2025,0.08787345886230469
2026,0.0301820021122694
2027,0.04878470301628113
2028,0.040328651666641235
2029,0.05514416843652725
2030,0.07109330594539642
2031,0.03141949325799942
2032,0.04559637978672981
2033,0.03631080314517021
2034,0.16373299062252045
2035,0.045276738703250885
2036,0.04366937652230263
2037,0.05159957706928253
2038,0.07023176550865173
2039,0.02565007284283638
2040,0.036155544221401215
2041,0.047195691615343094
2042,0.03487987071275711
2043,0.029691556468605995
2044,0.046274565160274506
2045,0.05190223082900047
2046,0.04448390007019043
2047,0.01620471477508545
2048,0.022381162270903587
2049,0.07375653088092804
2050,0.07564415037631989
2051,0.020622875541448593
2052,0.05516215041279793
2053,0.017931360751390457
2054,0.030272718518972397
2055,0.06796395778656006
2056,0.07843132317066193
2057,0.020214729011058807
2058,0.064422607421875
2059,0.15690448880195618
2060,0.19786298274993896
2061,0.0237051323056221
2062,0.10438167303800583
2063,0.02461044304072857
2064,0.028546828776597977
2065,0.044792190194129944
2066,0.046509161591529846
2067,0.15072128176689148
2068,0.04965608939528465
2069,0.031758371740579605
2070,0.02352074533700943
2071,0.06951189041137695
2072,0.09374047815799713
2073,0.06550543010234833
2074,0.08772852271795273
2075,0.08315612375736237
2076,0.07722564786672592
2077,0.09604956209659576
2078,0.03331732377409935
2079,0.04482483118772507
2080,0.027562713250517845
2081,0.07770068198442459
2082,0.03927187994122505
2083,0.032741595059633255
2084,0.08157293498516083
2085,0.0695502907037735
2086,0.036729224026203156
2087,0.028770802542567253
2088,0.12428778409957886
2089,0.016337275505065918
2090,0.10366947203874588
2091,0.17625072598457336
2092,0.02959340065717697
2093,0.06534136831760406
2094,0.060484811663627625
2095,0.059948187321424484
2096,0.08284998685121536
2097,0.08662201464176178
2098,0.026670152321457863
2099,0.07129988819360733
2100,0.05590261146426201
2101,0.01865287870168686
2102,0.046082764863967896
2103,0.07949896156787872
2104,0.050421979278326035
2105,0.02804611064493656
2106,0.07098095864057541
2107,0.029962673783302307
2108,0.020153000950813293
2109,0.12954485416412354
2110,0.052210405468940735
2111,0.02141023986041546
2112,0.021358873695135117
2113,0.044409532099962234
2114,0.08292164653539658
2115,0.04109722375869751
2116,0.0773596465587616
2117,0.06826241314411163
2118,0.014612194150686264
2119,0.013584164902567863
2120,0.018955999985337257
2121,0.02173502929508686
2122,0.0648651272058487
2123,0.06697981059551239
2124,0.01859620399773121
2125,0.07388710230588913
2126,0.10971488058567047
2127,0.026295779272913933
2128,0.059609100222587585
2129,0.030665256083011627
2130,0.03682722896337509
2131,0.03902455046772957
2132,0.08350709825754166
2133,0.1255483329296112
2134,0.14381209015846252
2135,0.04983585327863693
2136,0.0658944696187973
2137,0.06572125852108002
2138,0.02605334296822548
2139,0.05304566025733948
2140,0.01740233227610588
2141,0.03982821851968765
2142,0.02154521271586418
2143,0.19980500638484955
2144,0.14336414635181427
2145,0.028115933761000633
2146,0.08253124356269836
2147,0.07853966951370239
2148,0.03335745260119438
2149,0.06579966843128204
2150,0.03861429542303085
2151,0.08621063828468323
2152,0.053008079528808594
2153,0.01894383504986763
2154,0.03479478508234024
2155,0.08326643705368042
2156,0.0658733919262886
2157,0.01726740226149559
2158,0.016037527471780777
2159,0.03210042789578438
2160,0.07673650979995728
2161,0.019927866756916046
2162,0.08799228072166443
2163,0.041441597044467926
2164,0.026015659794211388
2165,0.029213935136795044
2166,0.07564355432987213
2167,0.03309941664338112
2168,0.09883230179548264
2169,0.06506302952766418
2170,0.04070334881544113
2171,0.1064179539680481
2172,0.01578473672270775
2173,0.017227403819561005
2174,0.02932264283299446
2175,0.06912358105182648
2176,0.043562840670347214
2177,0.05976533889770508
2178,0.11011631786823273
2179,0.07732220739126205
2180,0.023661822080612183
2181,0.08487167209386826
2182,0.08301281929016113
2183,0.09306541085243225
2184,0.061639606952667236
2185,0.02581544779241085
2186,0.051012348383665085
2187,0.08805908262729645
2188,0.03557504713535309
2189,0.02391989156603813
2190,0.0907476469874382
2191,0.043797191232442856
2192,0.0745735615491867
2193,0.0339161679148674
2194,0.06004544720053673
2195,0.13075266778469086
2196,0.14157618582248688
2197,0.0927184671163559
2198,0.11684221774339676
2199,0.04352893307805061
2200,0.08976732939481735
2201,0.1059897169470787
2202,0.06624717265367508
2203,0.06694086641073227
2204,0.028344208374619484
2205,0.027218207716941833
2206,0.10057008266448975
2207,0.016684070229530334
2208,0.023959584534168243
2209,0.1562657356262207
2210,0.03511299192905426
2211,0.04255489632487297
2212,0.033618733286857605
2213,0.0847102627158165
2214,0.01438233070075512
2215,0.05266387388110161
2216,0.10505059361457825
2217,0.07955637574195862
2218,0.1290905624628067
2219,0.06623721122741699
2220,0.023094020783901215
2221,0.08639052510261536
2222,0.037873852998018265
2223,0.06199774891138077
2224,0.045668721199035645
2225,0.04735715314745903
2226,0.06762567162513733
2227,0.04353658854961395
2228,0.08160098642110825
2229,0.02596692182123661
2230,0.10740192979574203
2231,0.07668093591928482
2232,0.025464292615652084
2233,0.050520315766334534
2234,0.06832671910524368
2235,0.08075683563947678
2236,0.02221793681383133
2237,0.08090461790561676
2238,0.028957098722457886
2239,0.023722730576992035
2240,0.03856099396944046
2241,0.041300512850284576
2242,0.033023059368133545
2243,0.11462734639644623
2244,0.023957422003149986
2245,0.03489385172724724
2246,0.06718750298023224
2247,0.044448066502809525
2248,0.11127926409244537
2249,0.021838601678609848
2250,0.0732019916176796
2251,0.023347800597548485
2252,0.06716935336589813
2253,0.09925764799118042
2254,0.05684871971607208
2255,0.0508783757686615
2256,0.07111532241106033
2257,0.04685525596141815
2258,0.010963806882500648
2259,0.018152009695768356
2260,0.07089810818433762
2261,0.06799359619617462
2262,0.041619375348091125
2263,0.04961887747049332
2264,0.11569955199956894
2265,0.02296573668718338
2266,0.09234574437141418
2267,0.10303083062171936
2268,0.09917178750038147
2269,0.024544619023799896
2270,0.029078185558319092
2271,0.029217969626188278
2272,0.056008122861385345
2273,0.029045775532722473
2274,0.08956072479486465
2275,0.015865592285990715
2276,0.046289488673210144
2277,0.035556089133024216
2278,0.13350163400173187
2279,0.13768857717514038
2280,0.03899206966161728
2281,0.015392426401376724
2282,0.06282538175582886
2283,0.051463816314935684
2284,0.057215653359889984
2285,0.0374656617641449
2286,0.026724256575107574
2287,0.018681256100535393
2288,0.014821404591202736
2289,0.04918276146054268
2290,0.026768501847982407
2291,0.08486270159482956
2292,0.039823584258556366
2293,0.07053297758102417
2294,0.06788930296897888
2295,0.09135657548904419
2296,0.05631346255540848
2297,0.06349754333496094
2298,0.06423401832580566
2299,0.07581797987222672
2300,0.021587878465652466
2301,0.07506778836250305
2302,0.038112226873636246
2303,0.05751531198620796
2304,0.09189070761203766
2305,0.1534399390220642
2306,0.023546718060970306
2307,0.1342155933380127
2308,0.08470714837312698
2309,0.03391522914171219
2310,0.10517926514148712
2311,0.07361667603254318
2312,0.03146326169371605
2313,0.15523314476013184
2314,0.025164049118757248
2315,0.0879957377910614
2316,0.048640646040439606
2317,0.10577463358640671
2318,0.04039137810468674
2319,0.023001771420240402
2320,0.0768706202507019
2321,0.04354291409254074
2322,0.09971445053815842
2323,0.055304981768131256
2324,0.07268844544887543
2325,0.06003337353467941
2326,0.028579236939549446
2327,0.0628129318356514
2328,0.03519062325358391
2329,0.07922288775444031
2330,0.017850138247013092
2331,0.08961005508899689
2332,0.03802841901779175
2333,0.09122633934020996
2334,0.020674465224146843
2335,0.022548804059624672
2336,0.08037607371807098
2337,0.031912799924612045
2338,0.06218784675002098
2339,0.028876353055238724
2340,0.12087100744247437
2341,0.04374776780605316
2342,0.06844518333673477
2343,0.015541194938123226
2344,0.0488416850566864
2345,0.02555382251739502
2346,0.03909321129322052
2347,0.08879980444908142
2348,0.07909625768661499
2349,0.08296632021665573
2350,0.020160190761089325
2351,0.022269586101174355
2352,0.08301594853401184
2353,0.01966899260878563
2354,0.07180281728506088
2355,0.0891331136226654
2356,0.05677761510014534
2357,0.03254012018442154
2358,0.022562507539987564
2359,0.059782691299915314
2360,0.09711186587810516
2361,0.04610803723335266
2362,0.07322278618812561
2363,0.06070931255817413
2364,0.06780973821878433
2365,0.0855766013264656
2366,0.03861602023243904
2367,0.10342755913734436
2368,0.03035890683531761
2369,0.034613676369190216
2370,0.07862825691699982
2371,0.018954046070575714
2372,0.11205708980560303
2373,0.09000591933727264
2374,0.14476311206817627
2375,0.03304224833846092
2376,0.09471174329519272
2377,0.027394713833928108
2378,0.030551264062523842
2379,0.056997332721948624
2380,0.03854978084564209
2381,0.022027887403964996
2382,0.025966702029109
2383,0.019916191697120667
2384,0.010691620409488678
2385,0.1475752890110016
2386,0.03221650421619415
2387,0.029569227248430252
2388,0.03986320644617081
2389,0.12010062485933304
2390,0.11486374586820602
2391,0.05369548127055168
2392,0.06407514959573746
2393,0.017093747854232788
2394,0.049385011196136475
2395,0.05027718096971512
2396,0.025092216208577156
2397,0.07409604638814926
2398,0.058571845293045044
2399,0.0702231377363205
2400,0.056692760437726974
2401,0.03566637262701988
2402,0.039253927767276764
2403,0.07474508881568909
2404,0.060691576451063156
2405,0.07246696203947067
2406,0.0685834139585495
2407,0.04392412304878235
2408,0.018339896574616432
2409,0.015994485467672348
2410,0.07095418870449066
2411,0.030565865337848663
2412,0.035052284598350525
2413,0.017810290679335594
2414,0.08603008091449738
2415,0.017511241137981415
2416,0.017771635204553604
2417,0.08884385228157043
2418,0.06980273127555847
2419,0.03021290898323059
2420,0.024568170309066772
2421,0.05071229487657547
2422,0.069383904337883
2423,0.09165551513433456
2424,0.0877685397863388
2425,0.061491936445236206
2426,0.07638940215110779
2427,0.07602949440479279
2428,0.014786315150558949
2429,0.05982112139463425
2430,0.02181616611778736
2431,0.1263362467288971
2432,0.16069674491882324
2433,0.029202517122030258
2434,0.038000233471393585
2435,0.060512714087963104
2436,0.04076887667179108
2437,0.035282254219055176
2438,0.07176065444946289
2439,0.06443766504526138
2440,0.1028396263718605
2441,0.03559242933988571
2442,0.025134198367595673
2443,0.05140300840139389
2444,0.07419487833976746
2445,0.03712404891848564
2446,0.026262668892741203
2447,0.03868845850229263
2448,0.031689856201410294
2449,0.04113062471151352
2450,0.10257551819086075
2451,0.10183987766504288
2452,0.08890210092067719
2453,0.05486085265874863
2454,0.08196945488452911
2455,0.07142600417137146
2456,0.037609636783599854
2457,0.07194835692644119
2458,0.14159366488456726
2459,0.024836089462041855
2460,0.15783941745758057
2461,0.09187059849500656
2462,0.05727287009358406
2463,0.08827018737792969
2464,0.10512098670005798
2465,0.03402505815029144
2466,0.051529671996831894
2467,0.05008397623896599
2468,0.03060835227370262
2469,0.11832703649997711
2470,0.02916860580444336
2471,0.07741847634315491
2472,0.08816752582788467
2473,0.02671615593135357
2474,0.1393629014492035
2475,0.02567582204937935
2476,0.015909722074866295
2477,0.050965890288352966
2478,0.028635390102863312
2479,0.027941469103097916
2480,0.1022653877735138
2481,0.06884998083114624
2482,0.0378311462700367
2483,0.017064156010746956
2484,0.0423411950469017
2485,0.1911829710006714
2486,0.10634484142065048
2487,0.0525360032916069
2488,0.1029108539223671
2489,0.05351312458515167
2490,0.052895255386829376
2491,0.03081738017499447
2492,0.032835982739925385
2493,0.04125155135989189
2494,0.08143781870603561
2495,0.11738911271095276
2496,0.10163223743438721
2497,0.05187349021434784
2498,0.030936608090996742
2499,0.06716080009937286
2500,0.022069035097956657
2501,0.07307655364274979
2502,0.10262837260961533
2503,0.019482648000121117
2504,0.07297244668006897
2505,0.09231090545654297
2506,0.04432593658566475
2507,0.0737372413277626
2508,0.07208815962076187
2509,0.05780442804098129
2510,0.07593178749084473
2511,0.03245893865823746
2512,0.021116357296705246
2513,0.06143144145607948
2514,0.05762336030602455
2515,0.04320129007101059
2516,0.04329822584986687
2517,0.09839319437742233
2518,0.07872770726680756
2519,0.10728155821561813
2520,0.02603723853826523
2521,0.05471467226743698
2522,0.05990469455718994
2523,0.025281565263867378
2524,0.04989129304885864
2525,0.030598431825637817
2526,0.04782292991876602
2527,0.058298613876104355
2528,0.03870886564254761
2529,0.10702979564666748
2530,0.09057071805000305
2531,0.020560314878821373
2532,0.04085622727870941
2533,0.1110544502735138
2534,0.05267106741666794
2535,0.04872479662299156
2536,0.02374308928847313
2537,0.05045817792415619
2538,0.012684160843491554
2539,0.03882034495472908
2540,0.024900492280721664
2541,0.05805381387472153
2542,0.014277007430791855
2543,0.08792031556367874
2544,0.08187306672334671
2545,0.09209761768579483
2546,0.0357348658144474
2547,0.043253567069768906
2548,0.05722373351454735
2549,0.06029178202152252
2550,0.0726851224899292
2551,0.06630680710077286
2552,0.03876913711428642
2553,0.06155148148536682
2554,0.040907710790634155
2555,0.044654663652181625
2556,0.016060933470726013
2557,0.08164943009614944
2558,0.11113955080509186
2559,0.023487668484449387
2560,0.04333718866109848
2561,0.0345761738717556
2562,0.03444947674870491
2563,0.06227283552289009
2564,0.05136933922767639
2565,0.029942234978079796
2566,0.03463476896286011
2567,0.06255829334259033
2568,0.09150607138872147
2569,0.04713789001107216
2570,0.0701388344168663
2571,0.04406479746103287
2572,0.06971205770969391
2573,0.12507694959640503
2574,0.03332439064979553
2575,0.019999343901872635
2576,0.06369180977344513
2577,0.04851662740111351
2578,0.11595766246318817
2579,0.05934855714440346
2580,0.049610886722803116
2581,0.07380834221839905
2582,0.08420771360397339
2583,0.08705779165029526
2584,0.050462301820516586
2585,0.06338039040565491
2586,0.06020677462220192
2587,0.08178209513425827
2588,0.021267835050821304
2589,0.07114512473344803
2590,0.11967593431472778
2591,0.04573695734143257
2592,0.05052000656723976
2593,0.03734903782606125
2594,0.10094176232814789
2595,0.041207119822502136
2596,0.07927326112985611
2597,0.015744633972644806
2598,0.021277692168951035
2599,0.08091240376234055
2600,0.01676096022129059
2601,0.021054422482848167
2602,0.08157952129840851
2603,0.06747256219387054
2604,0.041682690382003784
2605,0.04956584796309471
2606,0.0782780721783638
2607,0.02263069339096546
2608,0.11242017149925232
2609,0.058348797261714935
2610,0.02930225431919098
2611,0.051869362592697144
2612,0.058769360184669495
2613,0.1192852035164833
2614,0.030318502336740494
2615,0.11714141070842743
2616,0.01379183866083622
2617,0.027033301070332527
2618,0.03144944831728935
2619,0.026114128530025482
2620,0.048819493502378464
2621,0.12223327904939651
2622,0.06668929755687714
2623,0.10520529747009277
2624,0.05900248885154724
2625,0.05595571920275688
2626,0.09792092442512512
2627,0.02540145441889763
2628,0.03633043169975281
2629,0.0895702987909317
2630,0.013196311891078949
2631,0.050243888050317764
2632,0.02528957463800907
2633,0.012106056325137615
2634,0.08118055760860443
2635,0.03627543896436691
2636,0.08813252300024033
2637,0.05705341696739197
2638,0.043048061430454254
2639,0.04088260978460312
2640,0.09515994787216187
2641,0.09725336730480194
2642,0.0756603255867958
2643,0.04550808295607567
2644,0.050194524228572845
2645,0.0279826819896698
2646,0.027215229347348213
2647,0.0157258752733469
2648,0.046155259013175964
2649,0.04277700185775757
2650,0.02347210794687271
2651,0.03603151813149452
2652,0.1521674394607544
2653,0.03443344682455063
2654,0.03926397114992142
2655,0.05873335897922516
2656,0.051350656896829605
2657,0.07143499702215195
2658,0.04176531732082367
2659,0.10354361683130264
2660,0.06469344347715378
2661,0.02954001910984516
2662,0.027399228885769844
2663,0.021329596638679504
2664,0.033007778227329254
2665,0.03510890156030655
2666,0.09023451060056686
2667,0.08237095922231674
2668,0.06080511212348938
2669,0.1368132084608078
2670,0.020522985607385635
2671,0.03727932274341583
2672,0.09581542015075684
2673,0.019806526601314545
2674,0.03442508727312088
2675,0.07790159434080124
2676,0.01436091773211956
2677,0.012079046107828617
2678,0.08217349648475647
2679,0.0257768202573061
2680,0.04555833339691162
2681,0.02934729866683483
2682,0.1634417176246643
2683,0.032998934388160706
2684,0.07420128583908081
2685,0.017547013238072395
2686,0.0271286740899086
2687,0.027738817036151886
2688,0.036838702857494354
2689,0.04725588113069534
2690,0.04106971248984337
2691,0.01373849157243967
2692,0.023854684084653854
2693,0.10494756698608398
2694,0.06514646857976913
2695,0.011430442333221436
2696,0.056132346391677856
2697,0.03376590088009834
2698,0.02664036676287651
2699,0.01633564941585064
2700,0.024037031456828117
2701,0.032996565103530884
2702,0.028676262125372887
2703,0.016174230724573135
2704,0.06469570845365524
2705,0.08409922569990158
2706,0.051452651619911194
2707,0.012230845168232918
2708,0.017155896872282028
2709,0.03915303200483322
2710,0.03067881055176258
2711,0.15204423666000366
2712,0.05097898095846176
2713,0.05418510362505913
2714,0.020330805331468582
2715,0.01571587286889553
2716,0.02647501975297928
2717,0.029603593051433563
2718,0.06543590128421783
2719,0.07421612739562988
2720,0.08363074064254761
2721,0.03024277091026306
2722,0.05676330626010895
2723,0.01704457402229309
2724,0.01657513529062271
2725,0.03801330178976059
2726,0.01308442559093237
2727,0.013370109722018242
2728,0.023052552714943886
2729,0.021288372576236725
2730,0.024174131453037262
2731,0.024113748222589493
2732,0.11750032007694244
2733,0.02426888979971409
2734,0.0644599124789238
2735,0.04223240539431572
2736,0.03724682331085205
2737,0.01545032113790512
2738,0.07455481588840485
2739,0.053383924067020416
2740,0.04000037908554077
2741,0.03406354784965515
2742,0.01885043829679489
2743,0.020912375301122665
2744,0.012907013297080994
2745,0.024442588910460472
2746,0.018074875697493553
2747,0.02946423925459385
2748,0.020923295989632607
2749,0.07204204797744751
2750,0.04705214127898216
2751,0.01312185451388359
2752,0.04512853920459747
2753,0.014832661487162113
2754,0.06733054667711258
2755,0.013439375907182693
2756,0.014379899948835373
2757,0.07409732788801193
2758,0.009441448375582695
2759,0.0714479386806488
2760,0.018953992053866386
2761,0.019597740843892097
2762,0.03982892632484436
2763,0.02339955046772957
2764,0.013007569126784801
2765,0.010893921367824078
2766,0.019512100145220757
2767,0.013453123159706593
2768,0.013369308784604073
2769,0.04481718689203262
2770,0.028182655572891235
2771,0.03898747265338898
2772,0.0315915085375309
2773,0.027461692690849304
2774,0.06579725444316864
2775,0.013845697045326233
2776,0.06606988608837128
2777,0.021936845034360886
2778,0.009478832595050335
2779,0.016503341495990753
2780,0.04345778003334999
2781,0.017779938876628876
2782,0.11889228224754333
2783,0.050072140991687775
2784,0.015553390607237816
2785,0.026557113975286484
2786,0.06009311228990555
2787,0.01982300728559494
2788,0.0429205521941185
2789,0.01673121377825737
2790,0.04137729853391647
2791,0.06150408834218979
2792,0.016007404774427414
2793,0.025850139558315277
2794,0.007954210042953491
2795,0.027982931584119797
2796,0.041401904076337814
2797,0.04877609759569168
2798,0.049092214554548264
2799,0.018030226230621338
2800,0.009961526840925217
2801,0.03926563262939453
2802,0.01337803527712822
2803,0.04054126888513565
2804,0.032229382544755936
2805,0.02493111416697502
2806,0.02435404807329178
2807,0.015090659260749817
2808,0.061951395124197006
2809,0.022444186732172966
2810,0.05600767210125923
2811,0.04801978915929794
2812,0.024292293936014175
2813,0.01250912994146347
2814,0.01935013011097908
2815,0.04707749933004379
2816,0.04937489330768585
2817,0.011786311864852905
2818,0.008397793397307396
2819,0.012467319145798683
2820,0.044294241815805435
2821,0.042428191751241684
2822,0.03351786732673645
2823,0.06238866597414017
2824,0.07493345439434052
2825,0.028726115822792053
2826,0.07128284871578217
2827,0.025968994945287704
2828,0.05204243212938309
2829,0.01626189425587654
2830,0.05253809317946434
2831,0.022703852504491806
2832,0.013269213028252125
2833,0.019315335899591446
2834,0.056838180869817734
2835,0.01461782120168209
2836,0.04840176925063133
2837,0.015260771848261356
2838,0.014927088283002377
2839,0.016273366287350655
2840,0.024521145969629288
2841,0.07293802499771118
2842,0.029804887250065804
2843,0.019778374582529068
2844,0.05885184928774834
2845,0.023265693336725235
2846,0.06542430818080902
2847,0.02650115266442299
2848,0.028526928275823593
2849,0.013140644878149033
2850,0.03471476212143898
2851,0.03330475836992264
2852,0.05226130783557892
2853,0.010339664295315742
2854,0.015327281318604946
2855,0.012446602806448936
2856,0.007819541729986668
2857,0.015864798799157143
2858,0.11983061581850052
2859,0.0143104437738657
2860,0.015631355345249176
2861,0.0609954372048378
2862,0.011588769033551216
2863,0.00668915081769228
2864,0.03161345794796944
2865,0.007837971672415733
2866,0.07073886692523956
2867,0.02231040969491005
2868,0.008124692365527153
2869,0.010055494494736195
2870,0.008314060047268867
2871,0.037219442427158356
2872,0.022591926157474518
2873,0.008018845692276955
2874,0.07442541420459747
2875,0.02392377331852913
2876,0.015389292500913143
2877,0.060960471630096436
2878,0.09982851147651672
2879,0.012188242748379707
2880,0.011646129190921783
2881,0.03614065796136856
2882,0.017900194972753525
2883,0.03332309424877167
2884,0.0465102344751358
2885,0.027664266526699066
2886,0.018643293529748917
2887,0.01392795518040657
2888,0.049531981348991394
2889,0.028933847323060036
2890,0.029525689780712128
2891,0.057015709578990936
2892,0.040088579058647156
2893,0.052764132618904114
2894,0.01953483372926712
2895,0.013879907317459583
2896,0.021750718355178833
2897,0.02931400015950203
2898,0.028250373899936676
2899,0.02370564080774784
2900,0.04310588166117668
2901,0.03486332669854164
2902,0.01787620782852173
2903,0.032560549676418304
2904,0.051313068717718124
2905,0.010913119651377201
2906,0.01981443352997303
2907,0.015143596567213535
2908,0.007675182074308395
2909,0.022375822067260742
2910,0.007921515963971615
2911,0.025197234004735947
2912,0.01798083260655403
2913,0.014229700900614262
2914,0.030658835545182228
2915,0.0358656644821167
2916,0.018774285912513733
2917,0.008936277590692043
2918,0.009388661943376064
2919,0.05003120377659798
2920,0.04581855982542038
2921,0.03748888894915581
2922,0.02176295779645443
2923,0.012930232100188732
2924,0.021839193999767303
2925,0.01097442302852869
2926,0.038681235164403915
2927,0.01708277501165867
2928,0.02588697150349617
2929,0.006618463899940252
2930,0.0411335714161396
2931,0.045028991997241974
2932,0.05258913338184357
2933,0.020309703424572945
2934,0.00977760273963213
2935,0.01673445850610733
2936,0.016340482980012894
2937,0.07232241332530975
2938,0.04265240207314491
2939,0.037147510796785355
2940,0.02028186246752739
2941,0.005646903999149799
2942,0.007646058686077595
2943,0.01978214457631111
2944,0.020401500165462494
2945,0.016246289014816284
2946,0.006328115705400705
2947,0.017987221479415894
2948,0.026090964674949646
2949,0.011033721268177032
2950,0.05398489162325859
2951,0.021939020603895187
2952,0.052376993000507355
2953,0.0828627496957779
2954,0.0097850002348423
2955,0.03844236955046654
2956,0.017512330785393715
2957,0.011557458899915218
2958,0.057536862790584564
2959,0.03067087195813656
2960,0.00907447375357151
2961,0.02209000661969185
2962,0.07168939709663391
2963,0.06206447631120682
2964,0.063803531229496
2965,0.09894351661205292
2966,0.02178315632045269
2967,0.01690472848713398
2968,0.015356825664639473
2969,0.019808534532785416
2970,0.023218508809804916
2971,0.059728819876909256
2972,0.04805712774395943
2973,0.05480576306581497
2974,0.012833856977522373
2975,0.06727975606918335
2976,0.018701951950788498
2977,0.03680529072880745
2978,0.029516618698835373
2979,0.016281161457300186
2980,0.07560169696807861
2981,0.02249019779264927
2982,0.03818201273679733
2983,0.06236793473362923
2984,0.012052761390805244
2985,0.009779649786651134
2986,0.037473976612091064
2987,0.032987844198942184
2988,0.01789052039384842
2989,0.016246037557721138
2990,0.02084868587553501
2991,0.053124990314245224
2992,0.020364275202155113
2993,0.0362684540450573
2994,0.02605179138481617
2995,0.01310945488512516
2996,0.005831871181726456
2997,0.02624843455851078
2998,0.05082682892680168
2999,0.03656141459941864
3000,0.021365590393543243
3001,0.05650715529918671
3002,0.042585305869579315
3003,0.08023744821548462
3004,0.02181415446102619
3005,0.025100059807300568
3006,0.011412624269723892
3007,0.02532803639769554
3008,0.015798570588231087
3009,0.01059211790561676
3010,0.012475669384002686
3011,0.017837051302194595
3012,0.04439927265048027
3013,0.017204241827130318
3014,0.04069744423031807
3015,0.03850109130144119
3016,0.02635982260107994
3017,0.09305637329816818
3018,0.014431923627853394
3019,0.02791125886142254
3020,0.039158813655376434
3021,0.014995517209172249
3022,0.023181848227977753
3023,0.014506335370242596
3024,0.03427465632557869
3025,0.01381958369165659
3026,0.04646674171090126
3027,0.014173469506204128
3028,0.058014675974845886
3029,0.01884578913450241
3030,0.04192838817834854
3031,0.0817299634218216
3032,0.012184715829789639
3033,0.012922818772494793
3034,0.026906266808509827
3035,0.01746344193816185
3036,0.02714015170931816
3037,0.02875077724456787
3038,0.010612907819449902
3039,0.008856290951371193
3040,0.008223190903663635
3041,0.015607494860887527
3042,0.011471690610051155
3043,0.023760905489325523
3044,0.028236759826540947
3045,0.013092068023979664
3046,0.007859313860535622
3047,0.03527180105447769
3048,0.04196878895163536
3049,0.023154370486736298
3050,0.03437722846865654
3051,0.02223939076066017
3052,0.023525724187493324
3053,0.011358707211911678
3054,0.04857461899518967
3055,0.01198719721287489
3056,0.02119242027401924
3057,0.008577954024076462
3058,0.07139398157596588
3059,0.03076808527112007
3060,0.03937860205769539
3061,0.03977230191230774
3062,0.018420394510030746
3063,0.012733113020658493
3064,0.01197030022740364
3065,0.016873031854629517
3066,0.02405502460896969
3067,0.01209509838372469
3068,0.023474687710404396
3069,0.04521705210208893
3070,0.027702100574970245
3071,0.01152800489217043
3072,0.008522754535079002
3073,0.01834098808467388
3074,0.049887124449014664
3075,0.021473411470651627
3076,0.02824956737458706
3077,0.05664576590061188
3078,0.014710426330566406
3079,0.10033659636974335
3080,0.07733980566263199
3081,0.020440906286239624
3082,0.01916385442018509
3083,0.01504179835319519
3084,0.0241318941116333
3085,0.034219708293676376
3086,0.046812139451503754
3087,0.10820803791284561
3088,0.04547747224569321
3089,0.014515504240989685
3090,0.06715665012598038
3091,0.021159371361136436
3092,0.09387829154729843
3093,0.0646999254822731
3094,0.07234077155590057
3095,0.0568360760807991
3096,0.013116635382175446
3097,0.009769593365490437
3098,0.02130511775612831
3099,0.12041988968849182
3100,0.032132990658283234
3101,0.04102082923054695
3102,0.042272068560123444
3103,0.09249481558799744
3104,0.04158113896846771
3105,0.011162184178829193
3106,0.009345296770334244
3107,0.042129967361688614
3108,0.010961750522255898
3109,0.02286291867494583
3110,0.015995830297470093
3111,0.012968476861715317
3112,0.018178541213274002
3113,0.08611325919628143
3114,0.013588011264801025
3115,0.04576002433896065
3116,0.021072324365377426
3117,0.0759393721818924
3118,0.10455000400543213
3119,0.07219645380973816
3120,0.04305175691843033
3121,0.08256756514310837
3122,0.02228129468858242
3123,0.01916615292429924
3124,0.022256456315517426
3125,0.015146817080676556
3126,0.016341229900717735
3127,0.0322144478559494
3128,0.06619405746459961
3129,0.05806039646267891
3130,0.01688341051340103
3131,0.06405847519636154
3132,0.10846038162708282
3133,0.007448382675647736
3134,0.07473744451999664
3135,0.019883953034877777
3136,0.019164251163601875
3137,0.02176692523062229
3138,0.06910636276006699
3139,0.04046458750963211
3140,0.02732335962355137
3141,0.014442596584558487
3142,0.09939692914485931
3143,0.012480969540774822
3144,0.046998023986816406
3145,0.04538735747337341
3146,0.11797147989273071
3147,0.05648048222064972
3148,0.05782417953014374
3149,0.03249408304691315
3150,0.0668499544262886
3151,0.024815287441015244
3152,0.02494041621685028
3153,0.0280408076941967
3154,0.03391944617033005
3155,0.03920626640319824
3156,0.025523995980620384
3157,0.014119110070168972
3158,0.011499132961034775
3159,0.009798314422369003
3160,0.038433872163295746
3161,0.00590829411521554
3162,0.0574684664607048
3163,0.015287602320313454
3164,0.025212498381733894
3165,0.009516306221485138
3166,0.031347256153821945
3167,0.01691988669335842
3168,0.024474957957863808
3169,0.017929373309016228
3170,0.030157363042235374
3171,0.0893298089504242
3172,0.035195305943489075
3173,0.01155921071767807
3174,0.022339992225170135
3175,0.03314545005559921
3176,0.018471609801054
3177,0.07373815774917603
3178,0.021771524101495743
3179,0.023715706542134285
3180,0.0216753501445055
3181,0.021917488425970078
3182,0.06000816449522972
3183,0.05563143268227577
3184,0.014922208152711391
3185,0.008882826194167137
3186,0.03181871026754379
3187,0.016239788383245468
3188,0.0696726068854332
3189,0.0660126805305481
3190,0.017908087000250816
3191,0.03703690692782402
3192,0.03202562779188156
3193,0.013750150799751282
3194,0.06533820927143097
3195,0.015340648591518402
3196,0.030245156958699226
3197,0.0572492741048336
3198,0.01939324103295803
3199,0.011739128269255161
3200,0.07372056692838669
3201,0.05547507479786873
3202,0.008952622301876545
3203,0.12638559937477112
3204,0.061748676002025604
3205,0.06438139081001282
3206,0.0353529192507267
3207,0.04939604550600052
3208,0.05335544794797897
3209,0.03055574931204319
3210,0.06750497967004776
3211,0.033054500818252563
3212,0.06683501601219177
3213,0.08950555324554443
3214,0.02766699157655239
3215,0.030051972717046738
3216,0.09484966844320297
3217,0.06986971199512482
3218,0.09770895540714264
3219,0.02294754981994629
3220,0.04837898537516594
3221,0.024326927959918976
3222,0.018242500722408295
3223,0.04005463421344757
3224,0.05200628563761711
3225,0.16444972157478333
3226,0.030464740470051765
3227,0.034943826496601105
3228,0.022180497646331787
3229,0.01720340922474861
3230,0.07657303661108017
3231,0.046387068927288055
3232,0.0367092490196228
3233,0.030490795150399208
3234,0.10427417606115341
3235,0.04809260368347168
3236,0.09714684635400772
3237,0.016958799213171005
3238,0.02215092070400715
3239,0.025876082479953766
3240,0.04412609338760376
3241,0.08321624994277954
3242,0.011904310435056686
3243,0.05784934014081955
3244,0.07304921746253967
3245,0.09681414067745209
3246,0.06585756689310074
3247,0.03225290775299072
3248,0.07961167395114899
3249,0.07232242822647095
3250,0.021972043439745903
3251,0.012060360983014107
3252,0.06615164130926132
3253,0.013723609037697315
3254,0.07272817939519882
3255,0.044116660952568054
3256,0.07838708162307739
3257,0.03246958553791046
3258,0.03234756365418434
3259,0.10824436694383621
3260,0.030378855764865875
3261,0.03005487099289894
3262,0.08711592108011246
3263,0.10660889744758606
3264,0.032294388860464096
3265,0.1510937362909317
3266,0.05705050006508827
3267,0.07645618170499802
3268,0.029638200998306274
3269,0.0330113060772419
3270,0.014525827020406723
3271,0.027418864890933037
3272,0.030637819319963455
3273,0.09077471494674683
3274,0.009986549615859985
3275,0.045241326093673706
3276,0.06411372870206833
3277,0.10255822539329529
3278,0.03747013583779335
3279,0.016799312084913254
3280,0.01880687288939953
3281,0.01505308412015438
3282,0.04594604671001434
3283,0.07244231551885605
3284,0.02464442327618599
3285,0.04500790685415268
3286,0.061369992792606354
3287,0.05377303063869476
3288,0.05942675471305847
3289,0.023272521793842316
3290,0.02996991015970707
3291,0.04428946226835251
3292,0.052020445466041565
3293,0.03893455117940903
3294,0.06703402101993561
3295,0.09178914874792099
3296,0.0476868599653244
3297,0.014308185316622257
3298,0.03728782385587692
3299,0.04858752340078354
3300,0.017247037962079048
3301,0.02787100151181221
3302,0.09761470556259155
3303,0.006568740587681532
3304,0.04874070733785629
3305,0.037129707634449005
3306,0.12128616869449615
3307,0.0772521048784256
3308,0.01966937631368637
3309,0.021413154900074005
3310,0.050409507006406784
3311,0.017801914364099503
3312,0.04094402492046356
3313,0.016623033210635185
3314,0.020850297063589096
3315,0.046921078115701675
3316,0.07072761654853821
3317,0.022006375715136528
3318,0.029825402423739433
3319,0.0745522528886795
3320,0.02052774652838707
3321,0.016892658546566963
3322,0.10441093146800995
3323,0.06611403077840805
3324,0.011719169095158577
3325,0.08865180611610413
3326,0.038554929196834564
3327,0.13684965670108795
3328,0.03025161661207676
3329,0.021577272564172745
3330,0.016525067389011383
3331,0.020402897149324417
3332,0.021646440029144287
3333,0.060711197555065155
3334,0.018036682158708572
3335,0.03709271177649498
3336,0.008481981232762337
3337,0.025943830609321594
3338,0.011758962646126747
3339,0.020682314410805702
3340,0.01837187632918358
3341,0.10305821150541306
3342,0.019834723323583603
3343,0.038757238537073135
3344,0.0163812804967165
3345,0.045311473309993744
3346,0.053012263029813766
3347,0.01761183887720108
3348,0.05250652879476547
3349,0.030185002833604813
3350,0.05782351270318031
3351,0.04562915489077568
3352,0.09211241453886032
3353,0.0642918199300766
3354,0.018630946055054665
3355,0.03729315102100372
3356,0.03170452266931534
3357,0.02484133653342724
3358,0.009809107519686222
3359,0.04101405665278435
3360,0.030551664531230927
3361,0.05008210241794586
3362,0.035433363169431686
3363,0.0709642618894577
3364,0.03167596459388733
3365,0.02903834916651249
3366,0.04920512065291405
3367,0.08653751015663147
3368,0.04319704324007034
3369,0.031118284910917282
3370,0.029522575438022614
3371,0.008142609149217606
3372,0.028335100039839745
3373,0.01611386239528656
3374,0.030136194080114365
3375,0.017407342791557312
3376,0.03666016831994057
3377,0.02107708528637886
3378,0.05411680415272713
3379,0.013599012047052383
3380,0.03717322647571564
3381,0.04565083608031273
3382,0.01072774175554514
3383,0.0474720299243927
3384,0.014005716890096664
3385,0.020455501973628998
3386,0.01011455338448286
3387,0.009878172539174557
3388,0.023226995021104813
3389,0.011183544993400574
3390,0.020615363493561745
3391,0.012487228028476238
3392,0.04549627751111984
3393,0.021960526704788208
3394,0.009299170225858688
3395,0.017539774999022484
3396,0.08184841275215149
3397,0.010271458886563778
3398,0.0853838175535202
3399,0.016477039083838463
3400,0.021604957059025764
3401,0.046873968094587326
3402,0.015317489393055439
3403,0.013952529057860374
3404,0.00858534686267376
3405,0.030903851613402367
3406,0.06577962636947632
3407,0.01689688302576542
3408,0.030780376866459846
3409,0.03745255619287491
3410,0.009182995185256004
3411,0.015014199540019035
3412,0.03161162883043289
3413,0.014948457479476929
3414,0.01688845455646515
3415,0.016495876014232635
3416,0.018170692026615143
3417,0.023477703332901
3418,0.006073568947613239
3419,0.0345926433801651
3420,0.06238507106900215
3421,0.03377240151166916
3422,0.006502171047031879
3423,0.011103921569883823
3424,0.004018132574856281
3425,0.0096362866461277
3426,0.029895054176449776
3427,0.010581603273749352
3428,0.03888443112373352
3429,0.020116060972213745
3430,0.03867653012275696
3431,0.02983049675822258
3432,0.01504878792911768
3433,0.007562084589153528
3434,0.021507184952497482
3435,0.011863372288644314
3436,0.02941228076815605
3437,0.02579117752611637
3438,0.015437928959727287
3439,0.018254686146974564
3440,0.005848438013345003
3441,0.01150575838983059
3442,0.01680447906255722
3443,0.035656556487083435
3444,0.020462289452552795
3445,0.017416570335626602
3446,0.0054506296291947365
3447,0.0353594645857811
3448,0.03618612512946129
3449,0.012705890461802483
3450,0.0654306709766388
3451,0.00974567886441946
3452,0.00787701178342104
3453,0.02969602681696415
3454,0.015885287895798683
3455,0.09233622252941132
3456,0.04078110307455063
3457,0.018733123317360878
3458,0.07976483553647995
3459,0.004996486008167267
3460,0.007092184387147427
3461,0.022322673350572586
3462,0.04076826572418213
3463,0.08139961957931519
3464,0.01865847036242485
3465,0.033740319311618805
3466,0.06764725595712662
3467,0.013396264985203743
3468,0.03610834851861
3469,0.05865529924631119
3470,0.05316295102238655
3471,0.059791844338178635
3472,0.01539365854114294
3473,0.045455966144800186
3474,0.03982599452137947
3475,0.03559102118015289
3476,0.02723059430718422
3477,0.046390317380428314
3478,0.012539327144622803
3479,0.04945491626858711
3480,0.04985733702778816
3481,0.026109084486961365
3482,0.052624668926000595
3483,0.02462855912744999
3484,0.016558922827243805
3485,0.14232434332370758
3486,0.013287384063005447
3487,0.036316897720098495
3488,0.06601192057132721
3489,0.007557900622487068
3490,0.0137549489736557
3491,0.046564534306526184
3492,0.015292785130441189
3493,0.004405085928738117
3494,0.01861058734357357
3495,0.02765381708741188
3496,0.07456566393375397
3497,0.02402321621775627
3498,0.01855388656258583
3499,0.06407584249973297
3500,0.03539692237973213
3501,0.03959008306264877
3502,0.047029606997966766
3503,0.01469678059220314
3504,0.01644773595035076
3505,0.025268997997045517
3506,0.033807285130023956
3507,0.044884949922561646
3508,0.025798920542001724
3509,0.04617569223046303
3510,0.01886139251291752
3511,0.035895753651857376
3512,0.018392691388726234
3513,0.02019612304866314
3514,0.013427654281258583
3515,0.07566522061824799
3516,0.006334570236504078
3517,0.017799291759729385
3518,0.027364429086446762
3519,0.03777730464935303
3520,0.025179609656333923
3521,0.00518681388348341
3522,0.08155824989080429
3523,0.04814610630273819
3524,0.032075487077236176
3525,0.020173482596874237
3526,0.04310530051589012
3527,0.023850765079259872
3528,0.007024258375167847
3529,0.016281733289361
3530,0.04405280947685242
3531,0.006090580951422453
3532,0.021439936012029648
3533,0.012633876875042915
3534,0.028033509850502014
3535,0.041153356432914734
3536,0.01492512971162796
3537,0.03378796949982643
3538,0.020451994612812996
3539,0.013498177751898766
3540,0.04029744490981102
3541,0.03876689821481705
3542,0.017160147428512573
3543,0.020814323797822
3544,0.02612103521823883
3545,0.03814426064491272
3546,0.02124592661857605
3547,0.007935971021652222
3548,0.025937054306268692
3549,0.021558042615652084
3550,0.05086544156074524
3551,0.02299368381500244
3552,0.011990121565759182
3553,0.018197348341345787
3554,0.026347948238253593
3555,0.08713649213314056
3556,0.015245744958519936
3557,0.03229232504963875
3558,0.022164370864629745
3559,0.019079133868217468
3560,0.028035664930939674
3561,0.017308903858065605
3562,0.0164619293063879
3563,0.02615092694759369
3564,0.03796451911330223
3565,0.01258090790361166
3566,0.017648182809352875
3567,0.020076151937246323
3568,0.00954926572740078
3569,0.028670459985733032
3570,0.02112170308828354
3571,0.03134677931666374
3572,0.11113129556179047
3573,0.03140898793935776
3574,0.014963987283408642
3575,0.034222766757011414
3576,0.032541342079639435
3577,0.012821623124182224
3578,0.04348286613821983
3579,0.016909200698137283
3580,0.03035145066678524
3581,0.014850066974759102
3582,0.04698748514056206
3583,0.01799534633755684
3584,0.07414861768484116
3585,0.05300221964716911
3586,0.09430167078971863
3587,0.016686949878931046
3588,0.04389020800590515
3589,0.038843631744384766
3590,0.038881804794073105
3591,0.04070277512073517
3592,0.022834211587905884
3593,0.02273321896791458
3594,0.045459844172000885
3595,0.04621878266334534
3596,0.012920400127768517
3597,0.02985774725675583
3598,0.01839158684015274
3599,0.022503245621919632
3600,0.041991665959358215
3601,0.02998492307960987
3602,0.023682178929448128
3603,0.021084431558847427
3604,0.06082693114876747
3605,0.025549419224262238
3606,0.036122508347034454
3607,0.06865710020065308
3608,0.08830955624580383
3609,0.0314885675907135
3610,0.05582667142152786
3611,0.03338959068059921
3612,0.04263348504900932
3613,0.02488899789750576
3614,0.028742032125592232
3615,0.025811541825532913
3616,0.046759530901908875
3617,0.02673061564564705
3618,0.02481493540108204
3619,0.01916850171983242
3620,0.03753667697310448
3621,0.051925621926784515
3622,0.03140366077423096
3623,0.029684174805879593
3624,0.047509148716926575
3625,0.045259054750204086
3626,0.012838498689234257
3627,0.008528102189302444
3628,0.12276811897754669
3629,0.031680069863796234
3630,0.04405202344059944
3631,0.047120846807956696
3632,0.02805227041244507
3633,0.0881684347987175
3634,0.04016013443470001
3635,0.014914902858436108
3636,0.010764144361019135
3637,0.022801397368311882
3638,0.015358068980276585
3639,0.018937919288873672
3640,0.028400126844644547
3641,0.011342293582856655
3642,0.060062579810619354
3643,0.015405611135065556
3644,0.019332194700837135
3645,0.03771286830306053
3646,0.02197089046239853
3647,0.012617325410246849
3648,0.061671286821365356
3649,0.011239611543715
3650,0.007915387861430645
3651,0.027453463524580002
3652,0.023073989897966385
3653,0.012887159362435341
3654,0.04394489526748657
3655,0.02609657496213913
3656,0.029838476330041885
3657,0.015782272443175316
3658,0.05988679826259613
3659,0.030545558780431747
3660,0.06801208853721619
3661,0.02805221825838089
3662,0.026164133101701736
3663,0.03065980039536953
3664,0.013178708031773567
3665,0.012375973165035248
3666,0.021670252084732056
3667,0.037210945039987564
3668,0.04790005087852478
3669,0.02609178237617016
3670,0.012466909363865852
3671,0.026913370937108994
3672,0.036571647971868515
3673,0.011280239559710026
3674,0.023024961352348328
3675,0.018090182915329933
3676,0.008403689600527287
3677,0.02057679370045662
3678,0.014198511838912964
3679,0.01290515810251236
3680,0.017435386776924133
3681,0.034265872091054916
3682,0.02322271466255188
3683,0.03786294162273407
3684,0.019689923152327538
3685,0.0326579213142395
3686,0.014355513267219067
3687,0.01573086902499199
3688,0.015296099707484245
3689,0.020252462476491928
3690,0.030511178076267242
3691,0.009731508791446686
3692,0.03279051184654236
3693,0.036528490483760834
3694,0.03649630770087242
3695,0.021358493715524673
3696,0.014016443863511086
3697,0.016831517219543457
3698,0.028811104595661163
3699,0.021562211215496063
3700,0.012971736490726471
3701,0.018799252808094025
3702,0.013003526255488396
3703,0.06176456809043884
3704,0.0090381670743227
3705,0.035962849855422974
3706,0.04919114336371422
3707,0.019321952015161514
3708,0.02956239879131317
3709,0.02598801627755165
3710,0.01717037335038185
3711,0.020416781306266785
3712,0.11476445198059082
3713,0.06421642005443573
3714,0.08561886847019196
3715,0.024085814133286476
3716,0.013763559982180595
3717,0.05573944002389908
3718,0.019405748695135117
3719,0.03729488328099251
3720,0.05623238533735275
3721,0.047947365790605545
3722,0.02980053797364235
3723,0.03390241041779518
3724,0.05186915025115013
3725,0.02781647816300392
3726,0.05444056913256645
3727,0.01063652615994215
3728,0.029514439404010773
3729,0.023681869730353355
3730,0.02070837840437889
3731,0.019985388964414597
3732,0.09289079904556274
3733,0.020736664533615112
3734,0.025335799902677536
3735,0.08191780745983124
3736,0.016651200130581856
3737,0.04234488308429718
3738,0.014608313329517841
3739,0.016576753929257393
3740,0.020131682977080345
3741,0.02624180167913437
3742,0.031875208020210266
3743,0.01975926384329796
3744,0.008478030562400818
3745,0.021375639364123344
3746,0.037172626703977585
3747,0.05066552758216858
3748,0.029789641499519348
3749,0.013531568460166454
3750,0.020716272294521332
3751,0.015338200144469738
3752,0.033693827688694
3753,0.06167956441640854
3754,0.04888142645359039
3755,0.03190739452838898
3756,0.041253164410591125
3757,0.016697460785508156
3758,0.027025755494832993
3759,0.038559116423130035
3760,0.011985646560788155
3761,0.0149457398802042
3762,0.010919242165982723
3763,0.021265672519803047
3764,0.047901466488838196
3765,0.032536059617996216
3766,0.014681358821690083
3767,0.033649273216724396
3768,0.03211555629968643
3769,0.09053977578878403
3770,0.04828525334596634
3771,0.03552600368857384
3772,0.03219204396009445
3773,0.024464886635541916
3774,0.03882502019405365
3775,0.04558868706226349
3776,0.02274319902062416
3777,0.02526281774044037
3778,0.02089030109345913
3779,0.02477932721376419
3780,0.01989162527024746
3781,0.02848648466169834
3782,0.01812148094177246
3783,0.036888204514980316
3784,0.055524297058582306
3785,0.032698508352041245
3786,0.006513210944831371
3787,0.046004559844732285
3788,0.017732420936226845
3789,0.06083795800805092
3790,0.06445691734552383
3791,0.029461145401000977
3792,0.045578449964523315
3793,0.026539476588368416
3794,0.05858536437153816
3795,0.047936636954545975
3796,0.01632762886583805
3797,0.016406890004873276
3798,0.046243615448474884
3799,0.00579595472663641
3800,0.01703931763768196
3801,0.027787502855062485
3802,0.11656668782234192
3803,0.01484917663037777
3804,0.010478377342224121
3805,0.023904457688331604
3806,0.010795210488140583
3807,0.08913201093673706
3808,0.08871930092573166
3809,0.009311503730714321
3810,0.04371826350688934
3811,0.0573856383562088
3812,0.019100382924079895
3813,0.021005066111683846
3814,0.034764714539051056
3815,0.03137794882059097
3816,0.029867377132177353
3817,0.021487664431333542
3818,0.028875883668661118
3819,0.07016829401254654
3820,0.021788254380226135
3821,0.021823715418577194
3822,0.019021835178136826
3823,0.020134489983320236
3824,0.024972908198833466
3825,0.024923134595155716
3826,0.02478655055165291
3827,0.024807637557387352
3828,0.034391261637210846
3829,0.02189943939447403
3830,0.0187747310847044
3831,0.020732223987579346
3832,0.017420494928956032
3833,0.04658864438533783
3834,0.04278986155986786
3835,0.01890423893928528
3836,0.01231902465224266
3837,0.05213262513279915
3838,0.025993702933192253
3839,0.011708484962582588
3840,0.04406754672527313
3841,0.05930310860276222
3842,0.016264431178569794
3843,0.04638250544667244
3844,0.013396441005170345
3845,0.04889944940805435
3846,0.0359712652862072
3847,0.02283380925655365
3848,0.03491130471229553
3849,0.013338460586965084
3850,0.027448829263448715
3851,0.09062910079956055
3852,0.021426880732178688
3853,0.009996207430958748
3854,0.012945983558893204
3855,0.060011863708496094
3856,0.03954940661787987
3857,0.02274392731487751
3858,0.013849331066012383
3859,0.00929032638669014
3860,0.02381819114089012
3861,0.04680638015270233
3862,0.014626806601881981
3863,0.04695576801896095
3864,0.010149387642741203
3865,0.10304500162601471
3866,0.03726552426815033
3867,0.05855144187808037
3868,0.055207401514053345
3869,0.03669289872050285
3870,0.0359010212123394
3871,0.031641170382499695
3872,0.020891986787319183
3873,0.0305858813226223
3874,0.012643730267882347
3875,0.009664256125688553
3876,0.010675480589270592
3877,0.015287091955542564
3878,0.028372490778565407
3879,0.01988658495247364
3880,0.017487432807683945
3881,0.024796191602945328
3882,0.009063361212611198
3883,0.027482924982905388
3884,0.016984140500426292
3885,0.015176498331129551
3886,0.03991323709487915
3887,0.008018871769309044
3888,0.04410310089588165
3889,0.036414001137018204
3890,0.06383931636810303
3891,0.04316188395023346
3892,0.011067075654864311
3893,0.010389840230345726
3894,0.029788561165332794
3895,0.02501584403216839
3896,0.03713146224617958
3897,0.03483482822775841
3898,0.025685932487249374
3899,0.06182550638914108
3900,0.053205907344818115
3901,0.016060680150985718
3902,0.03560028225183487
3903,0.030000312253832817
3904,0.03978606313467026
3905,0.030003413558006287
3906,0.042011283338069916
3907,0.018619323149323463
3908,0.010028048418462276
3909,0.02095906250178814
3910,0.016559354960918427
3911,0.021843314170837402
3912,0.021949337795376778
3913,0.04041574150323868
3914,0.006654777564108372
3915,0.04133746773004532
3916,0.009883569553494453
3917,0.007794539909809828
3918,0.01483896467834711
3919,0.029880009591579437
3920,0.010158396326005459
3921,0.06522030383348465
3922,0.020483383908867836
3923,0.020661063492298126
3924,0.03690251708030701
3925,0.02206515520811081
3926,0.006056299898773432
3927,0.019414279609918594
3928,0.009270558133721352
3929,0.047780781984329224
3930,0.016926459968090057
3931,0.03354138135910034
3932,0.015739023685455322
3933,0.019372306764125824
3934,0.02053351327776909
3935,0.037899449467659
3936,0.024074366316199303
3937,0.030482325702905655
3938,0.02626229077577591
3939,0.022069919854402542
3940,0.02053600363433361
3941,0.021163444966077805
3942,0.01689436472952366
3943,0.008580952882766724
3944,0.0065591102465987206
3945,0.020126106217503548
3946,0.012793934904038906
3947,0.04223227873444557
3948,0.011002135463058949
3949,0.006543420255184174
3950,0.011798128485679626
3951,0.023970361799001694
3952,0.017778944224119186
3953,0.03128722682595253
3954,0.008638360537588596
3955,0.0107293501496315
3956,0.013995816931128502
3957,0.01337907649576664
3958,0.03092648833990097
3959,0.039402108639478683
3960,0.040946114808321
3961,0.05604236200451851
3962,0.04383256286382675
3963,0.0036001235712319613
3964,0.004939234349876642
3965,0.01923428848385811
3966,0.007357325870543718
3967,0.027762718498706818
3968,0.042384762316942215
3969,0.029208950698375702
3970,0.02747085876762867
3971,0.005290161818265915
3972,0.01578160747885704
3973,0.07699743658304214
3974,0.05208781734108925
3975,0.03544756397604942
3976,0.013233140110969543
3977,0.03141865134239197
3978,0.019197672605514526
3979,0.030361346900463104
3980,0.0704185962677002
3981,0.023315442726016045
3982,0.014126605354249477
3983,0.02098965458571911
3984,0.016465988010168076
3985,0.023531600832939148
3986,0.033967580646276474
3987,0.016027117148041725
3988,0.004559005610644817
3989,0.03640903905034065
3990,0.05544526129961014
3991,0.011136054992675781
3992,0.0747375339269638
3993,0.020329665392637253
3994,0.026442863047122955
3995,0.03077206201851368
3996,0.0435524582862854
3997,0.008319002576172352
3998,0.03415680676698685
3999,0.019481495022773743
4000,0.005954677239060402
4001,0.10573486983776093
4002,0.008810749277472496
4003,0.012199131771922112
4004,0.019410280510783195
4005,0.009887882508337498
4006,0.029946187511086464
4007,0.0090612368658185
4008,0.041001658886671066
4009,0.005506071727722883
4010,0.034582942724227905
4011,0.03215101733803749
4012,0.027752647176384926
4013,0.020609699189662933
4014,0.0169841255992651
4015,0.014790816232562065
4016,0.021634181961417198
4017,0.0429481640458107
4018,0.017682258039712906
4019,0.007192822638899088
4020,0.014880647882819176
4021,0.025031574070453644
4022,0.004200066905468702
4023,0.01027218159288168
4024,0.11765965819358826
4025,0.019483277574181557
4026,0.012494564056396484
4027,0.07607869803905487
4028,0.03509148210287094
4029,0.01694006286561489
4030,0.05268986523151398
4031,0.014023457653820515
4032,0.07365008443593979
4033,0.01643267460167408
4034,0.01133721973747015
4035,0.0146140456199646
4036,0.057916104793548584
4037,0.019855601713061333
4038,0.02741023153066635
4039,0.013886034488677979
4040,0.023872792720794678
4041,0.028682196512818336
4042,0.017177201807498932
4043,0.011643854901194572
4044,0.04710828885436058
4045,0.014895923435688019
4046,0.017286986112594604
4047,0.008859529159963131
4048,0.04818011447787285
4049,0.025439288467168808
4050,0.007307674735784531
4051,0.014687810093164444
4052,0.04353388398885727
4053,0.036001212894916534
4054,0.01342706847935915
4055,0.014605197124183178
4056,0.011639830656349659
4057,0.008685287088155746
4058,0.01758532039821148
4059,0.017713723704218864
4060,0.016784630715847015
4061,0.018851388245821
4062,0.01839907094836235
4063,0.004547957330942154
4064,0.02905760146677494
4065,0.015165114775300026
4066,0.024847928434610367
4067,0.013545937836170197
4068,0.03170263022184372
4069,0.011056949384510517
4070,0.016559505835175514
4071,0.008731694892048836
4072,0.025894932448863983
4073,0.010353846475481987
4074,0.02773297391831875
4075,0.010147594846785069
4076,0.03757535666227341
4077,0.013220039196312428
4078,0.021361390128731728
4079,0.017692333087325096
4080,0.006228076759725809
4081,0.009957809932529926
4082,0.014147989451885223
4083,0.023237422108650208
4084,0.017201900482177734
4085,0.0170869380235672
4086,0.0338190458714962
4087,0.010850931517779827
4088,0.014057359658181667
4089,0.014772666618227959
4090,0.042480386793613434
4091,0.027565184980630875
4092,0.006709413602948189
4093,0.03311195224523544
4094,0.006862071342766285
4095,0.05219672620296478
4096,0.03436248004436493
4097,0.049406036734580994
4098,0.040798693895339966
4099,0.05096854269504547
4100,0.08717136830091476
4101,0.02229348011314869
4102,0.0480073019862175
4103,0.026733458042144775
4104,0.017683932557702065
4105,0.026563085615634918
4106,0.012924080714583397
4107,0.07333984971046448
4108,0.020709581673145294
4109,0.025859730318188667
4110,0.01539005246013403
4111,0.1129651814699173
4112,0.020401984453201294
4113,0.03504059463739395
4114,0.02468065172433853
4115,0.07515828311443329
4116,0.04284068942070007
4117,0.02492191269993782
4118,0.04558786749839783
4119,0.05277898907661438
4120,0.0286947600543499
4121,0.07589489221572876
4122,0.012718095444142818
4123,0.029553130269050598
4124,0.04555518925189972
4125,0.031917721033096313
4126,0.032971128821372986
4127,0.027802711352705956
4128,0.03300240635871887
4129,0.005833296105265617
4130,0.02473878115415573
4131,0.039886750280857086
4132,0.015838518738746643
4133,0.03200669214129448
4134,0.04485199600458145
4135,0.04873180016875267
4136,0.06107495352625847
4137,0.10906656086444855
4138,0.05440783128142357
4139,0.04739386588335037
4140,0.01740284636616707
4141,0.016523994505405426
4142,0.047812651842832565
4143,0.019463878124952316
4144,0.07856493443250656
4145,0.03179145231842995
4146,0.013538162223994732
4147,0.07487110793590546
4148,0.046429362148046494
4149,0.07653479278087616
4150,0.02799244225025177
4151,0.021917445585131645
4152,0.012506522238254547
4153,0.010662145912647247
4154,0.01683022454380989
4155,0.021504530683159828
4156,0.020541520789265633
4157,0.012035271152853966
4158,0.02940688468515873
4159,0.017223423346877098
4160,0.032051991671323776
4161,0.02890666201710701
4162,0.010349899530410767
4163,0.021392883732914925
4164,0.0453667938709259
4165,0.013682914897799492
4166,0.010796571150422096
4167,0.0354866199195385
4168,0.021812325343489647
4169,0.053521931171417236
4170,0.03447054326534271
4171,0.03226321190595627
4172,0.04732617363333702
4173,0.027097787708044052
4174,0.01847248151898384
4175,0.04268627241253853
4176,0.02716497890651226
4177,0.024776263162493706
4178,0.031318653374910355
4179,0.03082571178674698
4180,0.019378766417503357
4181,0.03524712845683098
4182,0.04614946246147156
4183,0.07896710932254791
4184,0.015254800207912922
4185,0.01135642547160387
4186,0.01098114624619484
4187,0.012025577016174793
4188,0.015570100396871567
4189,0.053777065128088
4190,0.04207507148385048
4191,0.04216872900724411
4192,0.014208223670721054
4193,0.01650981232523918
4194,0.01245061680674553
4195,0.06248025223612785
4196,0.02275330200791359
4197,0.037039875984191895
4198,0.022238358855247498
4199,0.009599138982594013
4200,0.01747823692858219
4201,0.050946902483701706
4202,0.023278668522834778
4203,0.009250054135918617
4204,0.02297532930970192
4205,0.025521866977214813
4206,0.06495830416679382
4207,0.028877999633550644
4208,0.04869202524423599
4209,0.015438740141689777
4210,0.012522908858954906
4211,0.037433262914419174
4212,0.022821884602308273
4213,0.047842130064964294
4214,0.03303879499435425
4215,0.015678102150559425
4216,0.03909742832183838
4217,0.007605507038533688
4218,0.017514461651444435
4219,0.024725891649723053
4220,0.03614179417490959
4221,0.013894369825720787
4222,0.02002052217721939
4223,0.045061539858579636
4224,0.05503261089324951
4225,0.010762307792901993
4226,0.0246049202978611
4227,0.023009799420833588
4228,0.03387850522994995
4229,0.023284822702407837
4230,0.030483758077025414
4231,0.059201840311288834
4232,0.02937350794672966
4233,0.01456806343048811
4234,0.011199988424777985
4235,0.015429080463945866
4236,0.029388509690761566
4237,0.02423572540283203
4238,0.006550485268235207
4239,0.010789962485432625
4240,0.018418211489915848
4241,0.009095786139369011
4242,0.04656998813152313
4243,0.007343406789004803
4244,0.007329070009291172
4245,0.006191736552864313
4246,0.02162235602736473
4247,0.020753707736730576
4248,0.0065421778708696365
4249,0.020815633237361908
4250,0.010827776044607162
4251,0.02224705182015896
4252,0.027129095047712326
4253,0.008108304813504219
4254,0.01740124635398388
4255,0.041262947022914886
4256,0.04902293160557747
4257,0.021441131830215454
4258,0.0071208057925105095
4259,0.0039520543068647385
4260,0.019486621022224426
4261,0.029120979830622673
4262,0.011540306732058525
4263,0.00649862689897418
4264,0.018225373700261116
4265,0.01653585210442543
4266,0.011123230680823326
4267,0.02128855139017105
4268,0.023720163851976395
4269,0.010503226891160011
4270,0.013351354748010635
4271,0.0065164463594555855
4272,0.007501921150833368
4273,0.032408200204372406
4274,0.04100699722766876
4275,0.01084759272634983
4276,0.033030614256858826
4277,0.013053612783551216
4278,0.016102340072393417
4279,0.009058794006705284
4280,0.012580564245581627
4281,0.017484543845057487
4282,0.009769663214683533
4283,0.009208964183926582
4284,0.03372424468398094
4285,0.023187611252069473
4286,0.011884094215929508
4287,0.006947643123567104
4288,0.014458340592682362
4289,0.012753940187394619
4290,0.03132999688386917
4291,0.023647010326385498
4292,0.0074316891841590405
4293,0.009044897742569447
4294,0.012846575118601322
4295,0.00837637297809124
4296,0.010248503647744656
4297,0.008419073186814785
4298,0.010555018670856953
4299,0.017421197146177292
4300,0.020784642547369003
4301,0.01645078882575035
4302,0.01121487282216549
4303,0.032673656940460205
4304,0.009555351920425892
4305,0.010062739253044128
4306,0.009701789356768131
4307,0.012961823493242264
4308,0.0036840904504060745
4309,0.02773997001349926
4310,0.006878826767206192
4311,0.006242787465453148
4312,0.011555559933185577
4313,0.012877728790044785
4314,0.024065295234322548
4315,0.009967410936951637
4316,0.008744815364480019
4317,0.02027611806988716
4318,0.016242392361164093
4319,0.007804354187101126
4320,0.005529327783733606
4321,0.01571536622941494
4322,0.009439239278435707
4323,0.007447652518749237
4324,0.012471860274672508
4325,0.004824879579246044
4326,0.03515178710222244
4327,0.006147311069071293
4328,0.009464437142014503
4329,0.008571112528443336
4330,0.016448339447379112
4331,0.011448465287685394
4332,0.015250718221068382
4333,0.010908769443631172
4334,0.011400572955608368
4335,0.033203158527612686
4336,0.015672726556658745
4337,0.011478007771074772
4338,0.006631100550293922
4339,0.008059482090175152
4340,0.006000657565891743
4341,0.01048247516155243
4342,0.005543207749724388
4343,0.008372101932764053
4344,0.016672246158123016
4345,0.012171278707683086
4346,0.013888681307435036
4347,0.010587634518742561
4348,0.017148341983556747
4349,0.031493108719587326
4350,0.008776512928307056
4351,0.008247263729572296
4352,0.010660110972821712
4353,0.10828427225351334
4354,0.006321813445538282
4355,0.015272875316441059
4356,0.012763377279043198
4357,0.04504989832639694
4358,0.030169911682605743
4359,0.030104294419288635
4360,0.010765675455331802
4361,0.07590488344430923
4362,0.01728256605565548
4363,0.06993389874696732
4364,0.013122833333909512
4365,0.06598453223705292
4366,0.012272440828382969
4367,0.05058632791042328
4368,0.025138305500149727
4369,0.012100422754883766
4370,0.031047619879245758
4371,0.020676564425230026
4372,0.018282048404216766
4373,0.01278480514883995
4374,0.020341500639915466
4375,0.009818263351917267
4376,0.06781589984893799
4377,0.010496868751943111
4378,0.022562716156244278
4379,0.01430616993457079
4380,0.0236818827688694
4381,0.01225786842405796
4382,0.022148117423057556
4383,0.08465757220983505
4384,0.02273237332701683
4385,0.028437593951821327
4386,0.010470236651599407
4387,0.03138243407011032
4388,0.015008018352091312
4389,0.011611568741500378
4390,0.007729098200798035
4391,0.06140046939253807
4392,0.0583387054502964
4393,0.05780254676938057
4394,0.021867819130420685
4395,0.029929589480161667
4396,0.005008985288441181
4397,0.01721741072833538
4398,0.0341067761182785
4399,0.010108607821166515
4400,0.020062532275915146
4401,0.024824857711791992
4402,0.06785435229539871
4403,0.04142841696739197
4404,0.009514424949884415
4405,0.030499448999762535
4406,0.009631294757127762
4407,0.008039027452468872
4408,0.042790088802576065
4409,0.005985116586089134
4410,0.016068167984485626
4411,0.016850998625159264
4412,0.0291203074157238
4413,0.016947712749242783
4414,0.010766160674393177
4415,0.012717858888208866
4416,0.021812452003359795
4417,0.01001700945198536
4418,0.06245524063706398
4419,0.05621122941374779
4420,0.008307071402668953
4421,0.024268928915262222
4422,0.006933532655239105
4423,0.011234723962843418
4424,0.06705079227685928
4425,0.011391779407858849
4426,0.00909026525914669
4427,0.023419102653861046
4428,0.013091351836919785
4429,0.017883114516735077
4430,0.0203589778393507
4431,0.004274802282452583
4432,0.0056777228601276875
4433,0.011277091689407825
4434,0.05249795317649841
4435,0.03330155462026596
4436,0.04969334229826927
4437,0.016916805878281593
4438,0.04057290032505989
4439,0.017117537558078766
4440,0.03794989734888077
4441,0.024943236261606216
4442,0.017530890181660652
4443,0.005141079425811768
4444,0.010583336465060711
4445,0.005214178003370762
4446,0.015789687633514404
4447,0.00940333865582943
4448,0.007358517497777939
4449,0.008123759180307388
4450,0.007577605079859495
4451,0.0063886623829603195
4452,0.004059170838445425
4453,0.010784991085529327
4454,0.03314109891653061
4455,0.005797195713967085
4456,0.02548845298588276
4457,0.007692469283938408
4458,0.031223714351654053
4459,0.020330926403403282
4460,0.0051658665761351585
4461,0.04783625155687332
4462,0.014456038363277912
4463,0.041194070130586624
4464,0.008426230400800705
4465,0.008207505568861961
4466,0.027553537860512733
4467,0.02344883233308792
4468,0.003720540553331375
4469,0.011987431906163692
4470,0.028716925531625748
4471,0.00399712985381484
4472,0.010322649031877518
4473,0.0785876214504242
4474,0.06314769387245178
4475,0.04829264059662819
4476,0.003239970887079835
4477,0.018804196268320084
4478,0.016511209309101105
4479,0.02542944811284542
4480,0.02305544540286064
4481,0.03177162632346153
4482,0.07761351764202118
4483,0.006880887784063816
4484,0.05909309163689613
4485,0.04593503102660179
4486,0.019085388630628586
4487,0.013087605126202106
4488,0.017750859260559082
4489,0.057250186800956726
4490,0.03135363757610321
4491,0.04080088436603546
4492,0.11708113551139832
4493,0.027321521192789078
4494,0.005316560156643391
4495,0.014379461295902729
4496,0.014552660286426544
4497,0.008805165998637676
4498,0.0723651722073555
4499,0.052044883370399475
4500,0.011341657489538193
4501,0.05001741275191307
4502,0.015810897573828697
4503,0.025911511853337288
4504,0.021947477012872696
4505,0.01647767797112465
4506,0.027302376925945282
4507,0.014382895082235336
4508,0.01487985160201788
4509,0.010307205840945244
4510,0.047609515488147736
4511,0.005148870870471001
4512,0.011310497298836708
4513,0.004336956422775984
4514,0.00929788313806057
4515,0.045564789324998856
4516,0.04470481723546982
4517,0.11707045137882233
4518,0.011743417009711266
4519,0.008562961593270302
4520,0.015851059928536415
4521,0.05259374529123306
4522,0.007480543572455645
4523,0.010020691901445389
4524,0.02157219871878624
4525,0.02382340282201767
4526,0.031804826110601425
4527,0.06707887351512909
4528,0.022537175565958023
4529,0.05235050618648529
4530,0.07595193386077881
4531,0.007935810834169388
4532,0.019957400858402252
4533,0.008478689938783646
4534,0.019523104652762413
4535,0.013316060416400433
4536,0.019209792837500572
4537,0.01908107101917267
4538,0.02216922678053379
4539,0.005842844024300575
4540,0.01957523636519909
4541,0.05432317405939102
4542,0.048523981124162674
4543,0.012821132317185402
4544,0.012584445998072624
4545,0.020612182095646858
4546,0.004814704414457083
4547,0.006639325991272926
4548,0.02199416607618332
4549,0.014927439391613007
4550,0.06255137175321579
4551,0.01685706153512001
4552,0.016689375042915344
4553,0.015097329393029213
4554,0.03474563732743263
4555,0.054732345044612885
4556,0.08429627120494843
4557,0.01091974601149559
4558,0.024391068145632744
4559,0.04985256493091583
4560,0.02081368677318096
4561,0.04152490943670273
4562,0.05210261791944504
4563,0.027199825271964073
4564,0.009440399706363678
4565,0.014662164263427258
4566,0.023279551416635513
4567,0.017657790333032608
4568,0.006618497893214226
4569,0.017215639352798462
4570,0.01925247721374035
4571,0.009160099551081657
4572,0.010647475719451904
4573,0.05156691372394562
4574,0.018687190487980843
4575,0.028928769752383232
4576,0.04032668098807335
4577,0.01886622980237007
4578,0.028790617361664772
4579,0.06683241575956345
4580,0.018723174929618835
4581,0.009836815297603607
4582,0.025484425947070122
4583,0.008337298408150673
4584,0.0073317126370966434
4585,0.057156115770339966
4586,0.020628709346055984
4587,0.00627104751765728
4588,0.021985936909914017
4589,0.029937006533145905
4590,0.025966718792915344
4591,0.007706758100539446
4592,0.026191139593720436
4593,0.049834415316581726
4594,0.009811948984861374
4595,0.04511793702840805
4596,0.01615956798195839
4597,0.005435793194919825
4598,0.06529027968645096
4599,0.006628403440117836
4600,0.004683361388742924
4601,0.019779983907938004
4602,0.011716105975210667
4603,0.023357504978775978
4604,0.006114615127444267
4605,0.009942620061337948
4606,0.009864883497357368
4607,0.03824838623404503
4608,0.11414853483438492
4609,0.031858354806900024
4610,0.022668063640594482
4611,0.033533066511154175
4612,0.009311037138104439
4613,0.04829515889286995
4614,0.012758702039718628
4615,0.07974129915237427
4616,0.03670332580804825
4617,0.013393783010542393
4618,0.010423576459288597
4619,0.03837355226278305
4620,0.08916749060153961
4621,0.00905577465891838
4622,0.0376257598400116
4623,0.09036321192979813
4624,0.11564089357852936
4625,0.04797709733247757
4626,0.0686323270201683
4627,0.047608762979507446
4628,0.07295959442853928
4629,0.01626003533601761
4630,0.02336299419403076
4631,0.07407474517822266
4632,0.06371971219778061
4633,0.022588808089494705
4634,0.10162802040576935
4635,0.031139470636844635
4636,0.10125134140253067
4637,0.03148089349269867
4638,0.033145349472761154
4639,0.033035751432180405
4640,0.042502496391534805
4641,0.02971385419368744
4642,0.04333031550049782
4643,0.08624882996082306
4644,0.04203958809375763
4645,0.045303165912628174
4646,0.017789145931601524
4647,0.046249523758888245
4648,0.03259003907442093
4649,0.08034966886043549
4650,0.038114193826913834
4651,0.03689098730683327
4652,0.033778730779886246
4653,0.02149660885334015
4654,0.05379321053624153
4655,0.020659685134887695
4656,0.059600960463285446
4657,0.05761675909161568
4658,0.06262534856796265
4659,0.07268929481506348
4660,0.051298968493938446
4661,0.10457945615053177
4662,0.04660077393054962
4663,0.07013598084449768
4664,0.04820675402879715
4665,0.022559991106390953
4666,0.038747258484363556
4667,0.016368558630347252
4668,0.02751936763525009
4669,0.018383601680397987
4670,0.039309557527303696
4671,0.013644104823470116
4672,0.04985947906970978
4673,0.027612699195742607
4674,0.022060725837945938
4675,0.02016342431306839
4676,0.07760992646217346
4677,0.014662647619843483
4678,0.050841324031353
4679,0.03151527792215347
4680,0.014385473914444447
4681,0.035304468125104904
4682,0.0256500206887722
4683,0.05355684459209442
4684,0.10413165390491486
4685,0.029224783182144165
4686,0.09157606959342957
4687,0.026651186868548393
4688,0.02478260174393654
4689,0.05647674947977066
4690,0.06393671035766602
4691,0.016511280089616776
4692,0.04826727509498596
4693,0.017414014786481857
4694,0.03811630979180336
4695,0.023957498371601105
4696,0.04101971164345741
4697,0.038333989679813385
4698,0.045290425419807434
4699,0.014589694328606129
4700,0.056552816182374954
4701,0.014146633446216583
4702,0.023931866511702538
4703,0.017523499205708504
4704,0.03077910840511322
4705,0.07207807898521423
4706,0.04080197960138321
4707,0.037444327026605606
4708,0.03588823601603508
4709,0.011191137135028839
4710,0.04414676874876022
4711,0.025399643927812576
4712,0.052156612277030945
4713,0.02314690500497818
4714,0.02143934927880764
4715,0.025276757776737213
4716,0.022087959572672844
4717,0.059898924082517624
4718,0.048203978687524796
4719,0.04749424755573273
4720,0.01997435837984085
4721,0.009289734996855259
4722,0.09109574556350708
4723,0.01393320132046938
4724,0.009960699826478958
4725,0.0336594395339489
4726,0.03357498720288277
4727,0.028925521299242973
4728,0.030422857031226158
4729,0.013858174905180931
4730,0.03738345950841904
4731,0.02686784416437149
4732,0.047630541026592255
4733,0.10021907091140747
4734,0.040974803268909454
4735,0.016757909208536148
4736,0.010138005949556828
4737,0.010508395731449127
4738,0.008822641335427761
4739,0.0979127585887909
4740,0.008543366566300392
4741,0.032353367656469345
4742,0.05089643597602844
4743,0.023542579263448715
4744,0.026753749698400497
4745,0.005151362158358097
4746,0.01435019075870514
4747,0.015995632857084274
4748,0.010999701917171478
4749,0.022219721227884293
4750,0.009702218696475029
4751,0.017038362100720406
4752,0.062023624777793884
4753,0.0068944888189435005
4754,0.01509987935423851
4755,0.004288060590624809
4756,0.012788757681846619
4757,0.02702152729034424
4758,0.030697524547576904
4759,0.005198974162340164
4760,0.03153129294514656
4761,0.02501489967107773
4762,0.012722297571599483
4763,0.049162592738866806
4764,0.06513622403144836
4765,0.004773859865963459
4766,0.006174070760607719
4767,0.0238674134016037
4768,0.022109240293502808
4769,0.02417677454650402
4770,0.050768330693244934
4771,0.023039381951093674
4772,0.027417674660682678
4773,0.01244185771793127
4774,0.007710693869739771
4775,0.01008024625480175
4776,0.05880823731422424
4777,0.007067513652145863
4778,0.004579922184348106
4779,0.022164085879921913
4780,0.011197194457054138
4781,0.033352844417095184
4782,0.00806165300309658
4783,0.026157185435295105
4784,0.004486105404794216
4785,0.005672811530530453
4786,0.013284644111990929
4787,0.009806400164961815
4788,0.0547603964805603
4789,0.056829169392585754
4790,0.0053302268497645855
4791,0.005624936893582344
4792,0.009146974422037601
4793,0.015205061994493008
4794,0.012449117377400398
4795,0.012830252759158611
4796,0.026956507936120033
4797,0.008690626360476017
4798,0.061116404831409454
4799,0.009902091696858406
4800,0.011631420813500881
4801,0.014387030154466629
4802,0.007821575738489628
4803,0.017283692955970764
4804,0.006349184550344944
4805,0.008161375299096107
4806,0.03402708098292351
4807,0.019995192065835
4808,0.007040707860141993
4809,0.00932266004383564
4810,0.02609294280409813
4811,0.0040499866008758545
4812,0.00276310951448977
4813,0.01778297871351242
4814,0.008097048848867416
4815,0.0060136765241622925
4816,0.004890690557658672
4817,0.0050326925702393055
4818,0.015465229749679565
4819,0.007239588536322117
4820,0.0659039244055748
4821,0.031280431896448135
4822,0.028249217197299004
4823,0.06182339787483215
4824,0.005401696544140577
4825,0.004438410978764296
4826,0.04652649164199829
4827,0.01502962876111269
4828,0.04817941039800644
4829,0.01627418026328087
4830,0.01354254875332117
4831,0.03550751507282257
4832,0.016246026381850243
4833,0.012391050346195698
4834,0.00649674329906702
4835,0.008868425153195858
4836,0.009942537173628807
4837,0.04700356349349022
4838,0.01707640290260315
4839,0.011093984358012676
4840,0.02439885586500168
4841,0.008127933368086815
4842,0.013222319073975086
4843,0.015042603015899658
4844,0.0027324592228978872
4845,0.0181869063526392
4846,0.005574115552008152
4847,0.0036225011572241783
4848,0.015846312046051025
4849,0.0034007569774985313
4850,0.060833416879177094
4851,0.03311442956328392
4852,0.005757066421210766
4853,0.013594540767371655
4854,0.05486641824245453
4855,0.0038575592916458845
4856,0.04645339772105217
4857,0.0394345223903656
4858,0.009825699031352997
4859,0.02398674190044403
4860,0.00641421414911747
4861,0.016503695398569107
4862,0.00642818957567215
4863,0.03682954981923103
4864,0.008025345392525196
4865,0.010902361944317818
4866,0.047096822410821915
4867,0.05479370430111885
4868,0.02109222486615181
4869,0.02827330306172371
4870,0.007076682522892952
4871,0.06704108417034149
4872,0.06534714996814728
4873,0.010823192074894905
4874,0.08179864287376404
4875,0.009394600987434387
4876,0.05344941094517708
4877,0.017773784697055817
4878,0.014490869827568531
4879,0.003916996996849775
4880,0.009094979614019394
4881,0.010619224049150944
4882,0.00845441222190857
4883,0.0183914415538311
4884,0.01720312610268593
4885,0.04993623122572899
4886,0.01536830235272646
4887,0.023289944976568222
4888,0.004224028903990984
4889,0.014210563153028488
4890,0.013119436800479889
4891,0.0046034036204218864
4892,0.030279967933893204
4893,0.012289147824048996
4894,0.007356097921729088
4895,0.029465066269040108
4896,0.020354755222797394
4897,0.02109324000775814
4898,0.007752822712063789
4899,0.035158753395080566
4900,0.005106098018586636
4901,0.008728373795747757
4902,0.05298559367656708
4903,0.01333910133689642
4904,0.021570321172475815
4905,0.004622187931090593
4906,0.03440820798277855
4907,0.008580540306866169
4908,0.020404182374477386
4909,0.03220369294285774
4910,0.0033282781951129436
4911,0.025174420326948166
4912,0.015500115230679512
4913,0.005329743027687073
4914,0.03536473214626312
4915,0.00955292023718357
4916,0.006692259572446346
4917,0.0083200354129076
4918,0.012581956572830677
4919,0.004617155529558659
4920,0.051827702671289444
4921,0.05320272222161293
4922,0.03869464993476868
4923,0.004198076203465462
4924,0.05102138593792915
4925,0.007370201870799065
4926,0.023614080622792244
4927,0.05307074636220932
4928,0.010304896160960197
4929,0.034723781049251556
4930,0.014185067266225815
4931,0.034382980316877365
4932,0.009014638140797615
4933,0.022258685901761055
4934,0.032708827406167984
4935,0.02671010047197342
4936,0.010326404124498367
4937,0.004813284147530794
4938,0.014633074402809143
4939,0.007913835346698761
4940,0.021117843687534332
4941,0.007667641155421734
4942,0.008739101700484753
4943,0.00902173575013876
4944,0.015617846511304379
4945,0.033053480088710785
4946,0.015493929386138916
4947,0.04039796441793442
4948,0.03993714973330498
4949,0.008158012293279171
4950,0.011769739910960197
4951,0.03515839949250221
4952,0.02288881689310074
4953,0.006214205175638199
4954,0.010313937440514565
4955,0.023925362154841423
4956,0.05260962247848511
4957,0.040454741567373276
4958,0.004491197410970926
4959,0.012979116290807724
4960,0.010620752349495888
4961,0.015231556259095669
4962,0.0254400372505188
4963,0.01986813172698021
4964,0.06164024770259857
4965,0.004199805203825235
4966,0.005899845622479916
4967,0.012822083197534084
4968,0.007971338927745819
4969,0.02655092254281044
4970,0.009202438406646252
4971,0.025007091462612152
4972,0.009464828297495842
4973,0.01882542297244072
4974,0.04030812904238701
4975,0.010070516727864742
4976,0.0523383691906929
4977,0.014875983819365501
4978,0.014663012698292732
4979,0.017051061615347862
4980,0.005807076580822468
4981,0.004922408610582352
4982,0.02103171870112419
4983,0.04073714092373848
4984,0.034055646508932114
4985,0.048654332756996155
4986,0.005348243284970522
4987,0.006419165059924126
4988,0.05144733935594559
4989,0.004673800431191921
4990,0.014225555583834648
4991,0.011559717357158661
4992,0.017440123483538628
4993,0.01220429502427578
4994,0.01763538457453251
4995,0.024686507880687714
4996,0.029968688264489174
4997,0.006058219354599714
4998,0.048203907907009125
4999,0.017716780304908752
5000,0.027524428442120552
5001,0.02913636714220047
5002,0.007172515615820885
5003,0.05987001955509186
5004,0.04806165024638176
5005,0.05699019134044647
5006,0.03355306386947632
5007,0.09357226639986038
5008,0.012253707274794579
5009,0.01018137950450182
5010,0.036861732602119446
5011,0.01402842067182064
5012,0.01055239513516426
5013,0.009091678075492382
5014,0.004596780985593796
5015,0.09699399024248123
5016,0.027739642187952995
5017,0.022378360852599144
5018,0.0343870148062706
5019,0.05575518310070038
5020,0.045073602348566055
5021,0.009130870923399925
5022,0.017769422382116318
5023,0.07961150258779526
5024,0.009000692516565323
5025,0.008864629082381725
5026,0.006690593436360359
5027,0.016353027895092964
5028,0.0426054410636425
5029,0.015099212527275085
5030,0.04788694158196449
5031,0.030187632888555527
5032,0.04083922505378723
5033,0.013117188587784767
5034,0.019087567925453186
5035,0.030269205570220947
5036,0.010771717876195908
5037,0.05755782872438431
5038,0.03130931779742241
5039,0.06796708703041077
5040,0.013934149406850338
5041,0.06263227760791779
5042,0.03153739124536514
5043,0.05903412774205208
5044,0.0031433317344635725
5045,0.005718206521123648
5046,0.022501934319734573
5047,0.004320797044783831
5048,0.008447661064565182
5049,0.008345268666744232
5050,0.022956298664212227
5051,0.009810550138354301
5052,0.0063516926020383835
5053,0.03617444634437561
5054,0.015719115734100342
5055,0.07287917286157608
5056,0.008696425706148148
5057,0.04372921958565712
5058,0.004029080271720886
5059,0.017040947452187538
5060,0.009235511533915997
5061,0.04010043665766716
5062,0.01425478421151638
5063,0.01223999634385109
5064,0.010323770344257355
5065,0.05606328323483467
5066,0.02674974501132965
5067,0.026679793372750282
5068,0.013894801028072834
5069,0.009206523187458515
5070,0.05267493426799774
5071,0.019895397126674652
5072,0.01585150882601738
5073,0.013116847723722458
5074,0.025099841877818108
5075,0.01994890160858631
5076,0.04548715054988861
5077,0.003865427803248167
5078,0.08434969186782837
5079,0.05406636744737625
5080,0.01538347452878952
5081,0.01877933368086815
5082,0.01162134762853384
5083,0.011140198446810246
5084,0.012368159368634224
5085,0.017893310636281967
5086,0.014509527012705803
5087,0.020961755886673927
5088,0.010957383550703526
5089,0.012265937402844429
5090,0.006680040620267391
5091,0.09360094368457794
5092,0.013965184800326824
5093,0.005125479307025671
5094,0.023356538265943527
5095,0.038219153881073
5096,0.005222355015575886
5097,0.049001727253198624
5098,0.011159824207425117
5099,0.03207287937402725
5100,0.029026735574007034
5101,0.027383092790842056
5102,0.0036321114748716354
5103,0.023472387343645096
5104,0.04616730287671089
5105,0.014085294678807259
5106,0.007857323624193668
5107,0.012142205610871315
5108,0.02010234259068966
5109,0.02362806163728237
5110,0.03234485909342766
5111,0.013453403487801552
5112,0.060938842594623566
5113,0.013953532092273235
5114,0.019198337569832802
5115,0.027426738291978836
5116,0.02634047344326973
5117,0.010881696827709675
5118,0.003271946217864752
5119,0.02572571113705635
5120,0.036264851689338684
5121,0.06326109915971756
5122,0.006211969070136547
5123,0.12011049687862396
5124,0.02171170711517334
5125,0.010986139066517353
5126,0.02404574491083622
5127,0.023191556334495544
5128,0.011612600646913052
5129,0.008653797209262848
5130,0.07462992519140244
5131,0.009047110565006733
5132,0.01304837316274643
5133,0.007279695477336645
5134,0.011942489072680473
5135,0.015638845041394234
5136,0.014641724526882172
5137,0.04885174334049225
5138,0.015302672982215881
5139,0.04061368480324745
5140,0.009891463443636894
5141,0.042083241045475006
5142,0.0043309638276696205
5143,0.0588243193924427
5144,0.015405310317873955
5145,0.061036236584186554
5146,0.03259001299738884
5147,0.018895555287599564
5148,0.02199423685669899
5149,0.04033738747239113
5150,0.006178883835673332
5151,0.0483420193195343
5152,0.00822325237095356
5153,0.005116497632116079
5154,0.008534519001841545
5155,0.008015203289687634
5156,0.007188333198428154
5157,0.04095011204481125
5158,0.02230297029018402
5159,0.018850576132535934
5160,0.05352921783924103
5161,0.02093886397778988
5162,0.0069788736291229725
5163,0.011056247167289257
5164,0.01077971700578928
5165,0.00600736727938056
5166,0.07944226264953613
5167,0.017548369243741035
5168,0.05545743554830551
5169,0.006989361718297005
5170,0.0035067738499492407
5171,0.05432713031768799
5172,0.026274675503373146
5173,0.008730225265026093
5174,0.028423842042684555
5175,0.01814393699169159
5176,0.028016986325383186
5177,0.004878654144704342
5178,0.01115706842392683
5179,0.04267033189535141
5180,0.012412181124091148
5181,0.08614330738782883
5182,0.015482921153306961
5183,0.07023683190345764
5184,0.011075605638325214
5185,0.009680056944489479
5186,0.07084216177463531
5187,0.020273374393582344
5188,0.009892528876662254
5189,0.009042957797646523
5190,0.010131844319403172
5191,0.041065119206905365
5192,0.013663389720022678
5193,0.011586202308535576
5194,0.017882199957966805
5195,0.015590925700962543
5196,0.005303656216710806
5197,0.021257711574435234
5198,0.04986574500799179
5199,0.024293020367622375
5200,0.00835475418716669
5201,0.0428135022521019
5202,0.0175100676715374
5203,0.026742469519376755
5204,0.009622273966670036
5205,0.017521172761917114
5206,0.02787727117538452
5207,0.0221064705401659
5208,0.007295574527233839
5209,0.0648462101817131
5210,0.039343178272247314
5211,0.012353652156889439
5212,0.01564074493944645
5213,0.009122269228100777
5214,0.015710601583123207
5215,0.008349076844751835
5216,0.03292585909366608
5217,0.006678436882793903
5218,0.05097392201423645
5219,0.06614898145198822
5220,0.006765004247426987
5221,0.015107493847608566
5222,0.005154902581125498
5223,0.00589648075401783
5224,0.019821656867861748
5225,0.021917812526226044
5226,0.011463580653071404
5227,0.03832261264324188
5228,0.03694593906402588
5229,0.007632088381797075
5230,0.01705244369804859
5231,0.013720416463911533
5232,0.009688975289463997
5233,0.03457316756248474
5234,0.012767920270562172
5235,0.024840017780661583
5236,0.006510029546916485
5237,0.006923490669578314
5238,0.0038183950819075108
5239,0.024879854172468185
5240,0.029704827815294266
5241,0.007354222238063812
5242,0.05227988213300705
5243,0.011190339922904968
5244,0.02691260352730751
5245,0.014884363859891891
5246,0.008334478363394737
5247,0.00937332771718502
5248,0.0325983390212059
5249,0.02464550919830799
5250,0.044893477112054825
5251,0.037621863186359406
5252,0.007102693896740675
5253,0.00926106609404087
5254,0.04096842184662819
5255,0.008024296723306179
5256,0.022650200873613358
5257,0.12875355780124664
5258,0.006575992796570063
5259,0.06781082600355148
5260,0.06995987892150879
5261,0.0820176899433136
5262,0.09759706258773804
5263,0.016409436240792274
5264,0.09894347190856934
5265,0.01196680311113596
5266,0.05292590707540512
5267,0.06078581139445305
5268,0.05812983959913254
5269,0.008862623944878578
5270,0.07418764382600784
5271,0.019089065492153168
5272,0.023505564779043198
5273,0.027718784287571907
5274,0.022042520344257355
5275,0.06151608005166054
5276,0.06023517623543739
5277,0.05171388015151024
5278,0.023664278909564018
5279,0.07030809670686722
5280,0.04220069572329521
5281,0.05009205639362335
5282,0.01165385078638792
5283,0.02012254297733307
5284,0.03319931402802467
5285,0.00824730470776558
5286,0.005867621395736933
5287,0.05188806354999542
5288,0.02142464369535446
5289,0.0996314138174057
5290,0.012095069512724876
5291,0.01389073021709919
5292,0.009414312429726124
5293,0.09836318343877792
5294,0.05166100710630417
5295,0.05318655073642731
5296,0.08043359220027924
5297,0.13007408380508423
5298,0.014004291966557503
5299,0.03440229594707489
5300,0.03951672464609146
5301,0.01557803526520729
5302,0.00674107251688838
5303,0.03340962901711464
5304,0.03409361466765404
5305,0.039836905896663666
5306,0.041028447449207306
5307,0.014556796289980412
5308,0.023493317887187004
5309,0.02153456024825573
5310,0.028156444430351257
5311,0.062218885868787766
5312,0.04382159933447838
5313,0.0631125196814537
5314,0.040823496878147125
5315,0.016124913468956947
5316,0.06516210734844208
5317,0.03465476632118225
5318,0.01904643326997757
5319,0.025559725239872932
5320,0.015386883169412613
5321,0.019597236067056656
5322,0.022972140461206436
5323,0.04061980918049812
5324,0.030331959947943687
5325,0.00555959390476346
5326,0.0444009006023407
5327,0.07739439606666565
5328,0.007312927860766649
5329,0.024772170931100845
5330,0.031496502459049225
5331,0.04645982384681702
5332,0.007102032192051411
5333,0.018078893423080444
5334,0.11718165874481201
5335,0.05725153535604477
5336,0.009420923888683319
5337,0.013020718470215797
5338,0.08722397685050964
5339,0.009781001135706902
5340,0.0403372086584568
5341,0.017633408308029175
5342,0.0027262307703495026
5343,0.07183641195297241
5344,0.012243997305631638
5345,0.07461044192314148
5346,0.055529821664094925
5347,0.02732335403561592
5348,0.029948722571134567
5349,0.017917511984705925
5350,0.05300143361091614
5351,0.12128420174121857
5352,0.016640983521938324
5353,0.01400997955352068
5354,0.007029996253550053
5355,0.028359651565551758
5356,0.013065793551504612
5357,0.03385728970170021
5358,0.008637601509690285
5359,0.04740878939628601
5360,0.029731813818216324
5361,0.017657697200775146
5362,0.0576903335750103
5363,0.02030022069811821
5364,0.04131056368350983
5365,0.01825951784849167
5366,0.029731309041380882
5367,0.05458330363035202
5368,0.019989870488643646
5369,0.043116483837366104
5370,0.04266706481575966
5371,0.010120529681444168
5372,0.026668168604373932
5373,0.0170447900891304
5374,0.010526344180107117
5375,0.025611266493797302
5376,0.0462113581597805
5377,0.08242572844028473
5378,0.019830044358968735
5379,0.038701970130205154
5380,0.060601480305194855
5381,0.016821563243865967
5382,0.11185233294963837
5383,0.028366530314087868
5384,0.0970657467842102
5385,0.07538585364818573
5386,0.045112282037734985
5387,0.04834583401679993
5388,0.045543767511844635
5389,0.05164170265197754
5390,0.04537069797515869
5391,0.07287286967039108
5392,0.13685263693332672
5393,0.14115484058856964
5394,0.043350279331207275
5395,0.08399218320846558
5396,0.042587123811244965
5397,0.21932724118232727
5398,0.1444728523492813
5399,0.08043581992387772
5400,0.1345125436782837
5401,0.10608090460300446
5402,0.05275977402925491
5403,0.07917354255914688
5404,0.15570077300071716
5405,0.09931342303752899
5406,0.09428926557302475
5407,0.0911329984664917
5408,0.05767878144979477
5409,0.042748600244522095
5410,0.05368426442146301
5411,0.1092802882194519
5412,0.10618363320827484
5413,0.016352277249097824
5414,0.09692694246768951
5415,0.10792382061481476
5416,0.09347020834684372
5417,0.03023994341492653
5418,0.0840979516506195
5419,0.1841105967760086
5420,0.030556974932551384
5421,0.17766103148460388
5422,0.0484364777803421
5423,0.04998686537146568
5424,0.04678790271282196
5425,0.01263047568500042
5426,0.04098808392882347
5427,0.057136718183755875
5428,0.12452404201030731
5429,0.06683900952339172
5430,0.0895509272813797
5431,0.09813053905963898
5432,0.009796840138733387
5433,0.05561988428235054
5434,0.04303334280848503
5435,0.056401561945676804
5436,0.05896621197462082
5437,0.11930564045906067
5438,0.1670019030570984
5439,0.08292975276708603
5440,0.04113803431391716
5441,0.0535297729074955
5442,0.1205822005867958
5443,0.07849932461977005
5444,0.10777805745601654
5445,0.08543258905410767
5446,0.08166033029556274
5447,0.05142137035727501
5448,0.08901560306549072
5449,0.07680783420801163
5450,0.060203276574611664
5451,0.13177354633808136
5452,0.08157886564731598
5453,0.040393486618995667
5454,0.07189443707466125
5455,0.02178935334086418
5456,0.05424664914608002
5457,0.01871960051357746
5458,0.11224149167537689
5459,0.059387292712926865
5460,0.11348128318786621
5461,0.06700216978788376
5462,0.06695188581943512
5463,0.06773116439580917
5464,0.11613406240940094
5465,0.08105280995368958
5466,0.14618507027626038
5467,0.05422191321849823
5468,0.013348245993256569
5469,0.04321128502488136
5470,0.015536129474639893
5471,0.07568027079105377
5472,0.09084681421518326
5473,0.17663612961769104
5474,0.06686611473560333
5475,0.036130476742982864
5476,0.008774066343903542
5477,0.06779532134532928
5478,0.016419667750597
5479,0.034529462456703186
5480,0.07559915632009506
5481,0.028092866763472557
5482,0.07295718789100647
5483,0.07566950470209122
5484,0.014943636022508144
5485,0.12516072392463684
5486,0.0732334777712822
5487,0.12237679958343506
5488,0.03014463558793068
5489,0.047488413751125336
5490,0.09021185338497162
5491,0.056975528597831726
5492,0.06840229034423828
5493,0.06694488972425461
5494,0.11077982932329178
5495,0.04683524742722511
5496,0.07411561906337738
5497,0.040865831077098846
5498,0.14341053366661072
5499,0.10625209659337997
5500,0.06402494013309479
5501,0.02813826873898506
5502,0.023839998990297318
5503,0.1268720179796219
5504,0.023966113105416298
5505,0.03125971183180809
5506,0.007451985031366348
5507,0.005911068059504032
5508,0.0062544988468289375
5509,0.05157318338751793
5510,0.06165975704789162
5511,0.007812045514583588
5512,0.05432157963514328
5513,0.016855232417583466
5514,0.03311177343130112
5515,0.015489645302295685
5516,0.01732685975730419
5517,0.014018114656209946
5518,0.1113535612821579
5519,0.017550699412822723
5520,0.024475708603858948
5521,0.04379689693450928
5522,0.008128143846988678
5523,0.01988687925040722
5524,0.01130559854209423
5525,0.03881969675421715
5526,0.049990251660346985
5527,0.05133671313524246
5528,0.022023417055606842
5529,0.03832179307937622
5530,0.025301968678832054
5531,0.0044180043041706085
5532,0.05887473002076149
5533,0.027560096234083176
5534,0.05931192263960838
5535,0.02904811128973961
5536,0.04764960706233978
5537,0.015543654561042786
5538,0.036705903708934784
5539,0.012087682262063026
5540,0.02761104702949524
5541,0.011298639699816704
5542,0.004885726608335972
5543,0.05680438131093979
5544,0.0038695752155035734
5545,0.01885126531124115
5546,0.01947835460305214
5547,0.05189136788249016
5548,0.020251763984560966
5549,0.003958364948630333
5550,0.0042605712078511715
5551,0.007262480910867453
5552,0.0059305522590875626
5553,0.015985779464244843
5554,0.009406749159097672
5555,0.00843077339231968
5556,0.04398089647293091
5557,0.007620235439389944
5558,0.13437779247760773
5559,0.025918154045939445
5560,0.005257452838122845
5561,0.03504958003759384
5562,0.03186982125043869
5563,0.01883881166577339
5564,0.026523370295763016
5565,0.06954222172498703
5566,0.10700039565563202
5567,0.02947387844324112
5568,0.019114138558506966
5569,0.010329579934477806
5570,0.016765950247645378
5571,0.008356720209121704
5572,0.00966331921517849
5573,0.031058426946401596
5574,0.005302561447024345
5575,0.013541728258132935
5576,0.01738313026726246
5577,0.07252494990825653
5578,0.0410287119448185
5579,0.0037756881210952997
5580,0.006457581650465727
5581,0.024783503264188766
5582,0.003953295759856701
5583,0.0493314154446125
5584,0.09169505536556244
5585,0.0043541137129068375
5586,0.00907161831855774
5587,0.004339663311839104
5588,0.025689750909805298
5589,0.022303523495793343
5590,0.101381316781044
5591,0.005883656907826662
5592,0.03766364976763725
5593,0.018691033124923706
5594,0.0054210214875638485
5595,0.012189073488116264
5596,0.022658100351691246
5597,0.018592936918139458
5598,0.11185099184513092
5599,0.031432732939720154
5600,0.019658545032143593
5601,0.011141412891447544
5602,0.10151873528957367
5603,0.009729801677167416
5604,0.011570794507861137
5605,0.013628456741571426
5606,0.019228119403123856
5607,0.08282258361577988
5608,0.022990645840764046
5609,0.005363403353840113
5610,0.004766844213008881
5611,0.009520077146589756
5612,0.025292232632637024
5613,0.010998588055372238
5614,0.013988521881401539
5615,0.05071372166275978
5616,0.013815170153975487
5617,0.051722604781389236
5618,0.08401821553707123
5619,0.01737605221569538
5620,0.024604443460702896
5621,0.008337234146893024
5622,0.02221556007862091
5623,0.03239064663648605
5624,0.01985592022538185
5625,0.01338973455131054
5626,0.008417115546762943
5627,0.03616644814610481
5628,0.01109172124415636
5629,0.005741444416344166
5630,0.012218138203024864
5631,0.031914833933115005
5632,0.026918455958366394
5633,0.044856417924165726
5634,0.029999293386936188
5635,0.07181356102228165
5636,0.07235449552536011
5637,0.0043905144557356834
5638,0.01598566211760044
5639,0.03631436452269554
5640,0.05791274458169937
5641,0.04577922075986862
5642,0.020706862211227417
5643,0.0067227063700556755
5644,0.046713367104530334
5645,0.029571514576673508
5646,0.030060308054089546
5647,0.0094412537291646
5648,0.035602543503046036
5649,0.008098206482827663
5650,0.011152911931276321
5651,0.027536531910300255
5652,0.05076942220330238
5653,0.07233701646327972
5654,0.013696479611098766
5655,0.0213671512901783
5656,0.09004992246627808
5657,0.028822168707847595
5658,0.042452726513147354
5659,0.021177932620048523
5660,0.04548976197838783
5661,0.03605861961841583
5662,0.009369052946567535
5663,0.01767357811331749
5664,0.017009573057293892
5665,0.007025304716080427
5666,0.018544454127550125
5667,0.022748153656721115
5668,0.011619910597801208
5669,0.02291516400873661
5670,0.05877391993999481
5671,0.03252134472131729
5672,0.018024373799562454
5673,0.05849071592092514
5674,0.03578856587409973
5675,0.012242183089256287
5676,0.020630421116948128
5677,0.01397919375449419
5678,0.0441737063229084
5679,0.016065936535596848
5680,0.020393408834934235
5681,0.07368987053632736
5682,0.050415296107530594
5683,0.028748854994773865
5684,0.025367965921759605
5685,0.05650276690721512
5686,0.02041684091091156
5687,0.021145299077033997
5688,0.014846664853394032
5689,0.007507615257054567
5690,0.027516178786754608
5691,0.02381099760532379
5692,0.04868358001112938
5693,0.01894434727728367
5694,0.015994369983673096
5695,0.016430839896202087
5696,0.016750233247876167
5697,0.019702715799212456
5698,0.03199082612991333
5699,0.04168815165758133
5700,0.014299711212515831
5701,0.0036863256245851517
5702,0.010696059092879295
5703,0.02070128545165062
5704,0.026860352605581284
5705,0.02469838783144951
5706,0.013647302985191345
5707,0.00402037613093853
5708,0.02817436121404171
5709,0.034972451627254486
5710,0.007782668340951204
5711,0.005932721309363842
5712,0.023634444922208786
5713,0.0056194402277469635
5714,0.008953812532126904
5715,0.05427500605583191
5716,0.027604829519987106
5717,0.010219401679933071
5718,0.008559400215744972
5719,0.024475468322634697
5720,0.04793092608451843
5721,0.03318382427096367
5722,0.03895595297217369
5723,0.032808806747198105
5724,0.01195063628256321
5725,0.04274561628699303
5726,0.01220162957906723
5727,0.03590230271220207
5728,0.01284332387149334
5729,0.021904779598116875
5730,0.027595391497015953
5731,0.012590361759066582
5732,0.02948576584458351
5733,0.00537074776366353
5734,0.010928249917924404
5735,0.029621511697769165
5736,0.036020901054143906
5737,0.050930242985486984
5738,0.006580587476491928
5739,0.010257871821522713
5740,0.015664957463741302
5741,0.03646988421678543
5742,0.04292447119951248
5743,0.0028529183473438025
5744,0.03142399340867996
5745,0.03540806472301483
5746,0.009406883269548416
5747,0.02120160683989525
5748,0.019318046048283577
5749,0.013279508799314499
5750,0.012116977013647556
5751,0.02914852276444435
5752,0.0035534463822841644
5753,0.022585658356547356
5754,0.06867103278636932
5755,0.01546270027756691
5756,0.011251699179410934
5757,0.027053847908973694
5758,0.025767358019948006
5759,0.01586492359638214
5760,0.030653905123472214
5761,0.060870103538036346
5762,0.019471462815999985
5763,0.06552554666996002
5764,0.004592287354171276
5765,0.047644805163145065
5766,0.058840442448854446
5767,0.02836092747747898
5768,0.031521618366241455
5769,0.020361222326755524
5770,0.017499670386314392
5771,0.023797793313860893
5772,0.011766458861529827
5773,0.0333612821996212
5774,0.00659665372222662
5775,0.02549990452826023
5776,0.010400577448308468
5777,0.027151605114340782
5778,0.011091822758316994
5779,0.03877740353345871
5780,0.024261102080345154
5781,0.023745059967041016
5782,0.03681022673845291
5783,0.0693618655204773
5784,0.09422190487384796
5785,0.06325379759073257
5786,0.061272330582141876
5787,0.05865727365016937
5788,0.06287276744842529
5789,0.057865895330905914
5790,0.004475315101444721
5791,0.04503921419382095
5792,0.012106070294976234
5793,0.03554606810212135
5794,0.008021119982004166
5795,0.033575840294361115
5796,0.05534689873456955
5797,0.0372166782617569
5798,0.005861376877874136
5799,0.045501310378313065
5800,0.014278632588684559
5801,0.013227324932813644
5802,0.046906717121601105
5803,0.03440786525607109
5804,0.008658833801746368
5805,0.01718006283044815
5806,0.04219444468617439
5807,0.0645241066813469
5808,0.06730975210666656
5809,0.013225434347987175
5810,0.011314338073134422
5811,0.0491487979888916
5812,0.019083110615611076
5813,0.03586636483669281
5814,0.010737062431871891
5815,0.0853714793920517
5816,0.007554015144705772
5817,0.008965552784502506
5818,0.010457422584295273
5819,0.031088903546333313
5820,0.07810238748788834
5821,0.03342730924487114
5822,0.035376422107219696
5823,0.07264316082000732
5824,0.022139262408018112
5825,0.01693197339773178
5826,0.027703503146767616
5827,0.013045799918472767
5828,0.019291451200842857
5829,0.00806417316198349
5830,0.03167658671736717
5831,0.06848642975091934
5832,0.014765653759241104
5833,0.005091424100100994
5834,0.023175567388534546
5835,0.021418262273073196
5836,0.004041844978928566
5837,0.003497195662930608
5838,0.0527164600789547
5839,0.09642866253852844
5840,0.018128829076886177
5841,0.07954758405685425
5842,0.10512595623731613
5843,0.028070151805877686
5844,0.03081033006310463
5845,0.011704557575285435
5846,0.0184393972158432
5847,0.007501032669097185
5848,0.05712196230888367
5849,0.06000116467475891
5850,0.05260097607970238
5851,0.013162010349333286
5852,0.04373656213283539
5853,0.032371390610933304
5854,0.011261451989412308
5855,0.031632572412490845
5856,0.022619305178523064
5857,0.020221127197146416
5858,0.016472112387418747
5859,0.09456273913383484
5860,0.009126218035817146
5861,0.008455080911517143
5862,0.08175832033157349
5863,0.019231261685490608
5864,0.010884124785661697
5865,0.024580679833889008
5866,0.0071409922093153
5867,0.026181504130363464
5868,0.019642449915409088
5869,0.010649685747921467
5870,0.032480739057064056
5871,0.016094965860247612
5872,0.011234825477004051
5873,0.027101704850792885
5874,0.03152083605527878
5875,0.004109930247068405
5876,0.038460370153188705
5877,0.009781835600733757
5878,0.07996870577335358
5879,0.004299410618841648
5880,0.05833248049020767
5881,0.019267704337835312
5882,0.010522553697228432
5883,0.04314630106091499
5884,0.005621745251119137
5885,0.04363458231091499
5886,0.007150180172175169
5887,0.033437952399253845
5888,0.05350302532315254
5889,0.10207068920135498
5890,0.025892499834299088
5891,0.018770357593894005
5892,0.025272168219089508
5893,0.07218634337186813
5894,0.09043649584054947
5895,0.07595425099134445
5896,0.012646970339119434
5897,0.031181566417217255
5898,0.01905352994799614
5899,0.01638484001159668
5900,0.0662531852722168
5901,0.07910603284835815
5902,0.04779967665672302
5903,0.03671341761946678
5904,0.04477114975452423
5905,0.03196786716580391
5906,0.020386286079883575
5907,0.06480677425861359
5908,0.06467331200838089
5909,0.011299032717943192
5910,0.09531684219837189
5911,0.03839500993490219
5912,0.007034596987068653
5913,0.032955002039670944
5914,0.025120588019490242
5915,0.05055741220712662
5916,0.005414965562522411
5917,0.027150198817253113
5918,0.029716357588768005
5919,0.02104530669748783
5920,0.030919451266527176
5921,0.020347855985164642
5922,0.043520376086235046
5923,0.017532367259263992
5924,0.032227665185928345
5925,0.07244536280632019
5926,0.016615642234683037
5927,0.07977074384689331
5928,0.07184198498725891
5929,0.017954979091882706
5930,0.035915929824113846
5931,0.04150690883398056
5932,0.021216344088315964
5933,0.012789050117135048
5934,0.10768871009349823
5935,0.02501155436038971
5936,0.05653969570994377
5937,0.05192410200834274
5938,0.052698977291584015
5939,0.041379839181900024
5940,0.01918342150747776
5941,0.028582636266946793
5942,0.02737622708082199
5943,0.018863432109355927
5944,0.03179469704627991
5945,0.02807483822107315
5946,0.011887706816196442
5947,0.007631446700543165
5948,0.03146752715110779
5949,0.013226358219981194
5950,0.02429262548685074
5951,0.0288098007440567
5952,0.06827489286661148
5953,0.036545947194099426
5954,0.005500136874616146
5955,0.021682247519493103
5956,0.017908668145537376
5957,0.07095077633857727
5958,0.022962581366300583
5959,0.027834543958306313
5960,0.010336162522435188
5961,0.05431564152240753
5962,0.02220069244503975
5963,0.04449646174907684
5964,0.017398769035935402
5965,0.022984575480222702
5966,0.01579122804105282
5967,0.04787492752075195
5968,0.024455465376377106
5969,0.04565280303359032
5970,0.010730365291237831
5971,0.033963240683078766
5972,0.028626155108213425
5973,0.06523586809635162
5974,0.016321923583745956
5975,0.013650680892169476
5976,0.017910027876496315
5977,0.008885296992957592
5978,0.01084979623556137
5979,0.02410442754626274
5980,0.021912313997745514
5981,0.029246332123875618
5982,0.01994168572127819
5983,0.04816878214478493
5984,0.010904982686042786
5985,0.015013260766863823
5986,0.05247427895665169
5987,0.010707739740610123
5988,0.04370826482772827
5989,0.02162756957113743
5990,0.009206212125718594
5991,0.017779948189854622
5992,0.010664885863661766
5993,0.009608078747987747
5994,0.02942698262631893
5995,0.031737104058265686
5996,0.027432961389422417
5997,0.015882112085819244
5998,0.013486111536622047
5999,0.03257238119840622
6000,0.014027232304215431
6001,0.01677095517516136
6002,0.05569569766521454
6003,0.010646898299455643
6004,0.015117554925382137
6005,0.1038694679737091
6006,0.03378978371620178
6007,0.024073323234915733
6008,0.016235793009400368
6009,0.020948123186826706
6010,0.004572966601699591
6011,0.062253862619400024
6012,0.0489194318652153
6013,0.025277215987443924
6014,0.00833234190940857
6015,0.01644968055188656
6016,0.007096943445503712
6017,0.023621534928679466
6018,0.012710196897387505
6019,0.007198017556220293
6020,0.018001150339841843
6021,0.07534310966730118
6022,0.03419795632362366
6023,0.020111121237277985
6024,0.013701820746064186
6025,0.012400130741298199
6026,0.02018887549638748
6027,0.0061536189168691635
6028,0.03456545248627663
6029,0.034736331552267075
6030,0.08926302194595337
6031,0.07355798035860062
6032,0.06195259839296341
6033,0.040908779948949814
6034,0.029274679720401764
6035,0.010798010975122452
6036,0.01714342273771763
6037,0.07676999270915985
6038,0.03151422739028931
6039,0.005204422399401665
6040,0.005648603197187185
6041,0.05611765384674072
6042,0.0077833933755755424
6043,0.012529118917882442
6044,0.00776966568082571
6045,0.021136514842510223
6046,0.02118738926947117
6047,0.008709329180419445
6048,0.008914755657315254
6049,0.01756969280540943
6050,0.07959844172000885
6051,0.03491242602467537
6052,0.013019529171288013
6053,0.010581936687231064
6054,0.009905204176902771
6055,0.02985478565096855
6056,0.015197830274701118
6057,0.01851869374513626
6058,0.0062635596841573715
6059,0.05150533467531204
6060,0.047503482550382614
6061,0.006624673493206501
6062,0.007626926526427269
6063,0.02249774895608425
6064,0.014860035851597786
6065,0.015560814179480076
6066,0.008814312517642975
6067,0.011391328647732735
6068,0.007319355383515358
6069,0.021013375371694565
6070,0.020905423909425735
6071,0.02579500339925289
6072,0.016399448737502098
6073,0.017651952803134918
6074,0.032133959233760834
6075,0.03404610976576805
6076,0.00502663291990757
6077,0.006706874817609787
6078,0.016297783702611923
6079,0.013177440501749516
6080,0.01971314661204815
6081,0.014208018779754639
6082,0.0064720408990979195
6083,0.059769369661808014
6084,0.02876112051308155
6085,0.008698247373104095
6086,0.014168743044137955
6087,0.006865236442536116
6088,0.0043722037225961685
6089,0.010620074346661568
6090,0.037785276770591736
6091,0.025916200131177902
6092,0.03438938781619072
6093,0.010531313717365265
6094,0.04462844505906105
6095,0.006920337677001953
6096,0.008431651629507542
6097,0.004798378795385361
6098,0.014697074890136719
6099,0.07426130026578903
6100,0.02795839123427868
6101,0.020500071346759796
6102,0.012565208598971367
6103,0.010713925585150719
6104,0.025652557611465454
6105,0.016184523701667786
6106,0.034654442220926285
6107,0.005035984329879284
6108,0.01144314743578434
6109,0.020960113033652306
6110,0.014792537316679955
6111,0.0035726421047002077
6112,0.015344597399234772
6113,0.06027016416192055
6114,0.05124334245920181
6115,0.016736434772610664
6116,0.02192109450697899
6117,0.009052470326423645
6118,0.014261788688600063
6119,0.01262909360229969
6120,0.019208874553442
6121,0.011135064996778965
6122,0.0378618985414505
6123,0.014412707649171352
6124,0.007188768126070499
6125,0.006838025525212288
6126,0.004419136792421341
6127,0.006097137928009033
6128,0.008630850352346897
6129,0.012081497348845005
6130,0.013965193182229996
6131,0.014906065538525581
6132,0.03047432191669941
6133,0.013276883400976658
6134,0.006819247268140316
6135,0.007234447170048952
6136,0.04149841517210007
6137,0.0316302627325058
6138,0.005166212096810341
6139,0.038369931280612946
6140,0.012519318610429764
6141,0.016810690984129906
6142,0.005290691740810871
6143,0.009898485615849495
6144,0.01657126098871231
6145,0.05811099335551262
6146,0.02401379495859146
6147,0.006341453641653061
6148,0.04704733565449715
6149,0.008303356356918812
6150,0.014703121036291122
6151,0.10747645050287247
6152,0.07237817347049713
6153,0.0051109278574585915
6154,0.010955048725008965
6155,0.07384978979825974
6156,0.030958376824855804
6157,0.015919441357254982
6158,0.053944703191518784
6159,0.011277545243501663
6160,0.01483065914362669
6161,0.06594289094209671
6162,0.016804302111268044
6163,0.009471224620938301
6164,0.09573572874069214
6165,0.026734087616205215
6166,0.032637812197208405
6167,0.004615412093698978
6168,0.00586524186655879
6169,0.02285541594028473
6170,0.008927080780267715
6171,0.0064810048788785934
6172,0.05032258480787277
6173,0.009113321080803871
6174,0.018948454409837723
6175,0.005909338127821684
6176,0.011031761765480042
6177,0.019417796283960342
6178,0.007651885971426964
6179,0.006494442000985146
6180,0.05645953118801117
6181,0.012995878234505653
6182,0.020214619114995003
6183,0.026437923312187195
6184,0.009387360885739326
6185,0.022591449320316315
6186,0.0034946645610034466
6187,0.027426177635788918
6188,0.008815710432827473
6189,0.006710622925311327
6190,0.015266131609678268
6191,0.003823088249191642
6192,0.03594329208135605
6193,0.05122377350926399
6194,0.11519849300384521
6195,0.011787950992584229
6196,0.004249362275004387
6197,0.013358021154999733
6198,0.0055504306219518185
6199,0.07503804564476013
6200,0.004404377192258835
6201,0.06654360145330429
6202,0.05362178757786751
6203,0.05087777599692345
6204,0.005382755771279335
6205,0.034339919686317444
6206,0.050690580159425735
6207,0.020564338192343712
6208,0.005227770656347275
6209,0.00626322440803051
6210,0.005676832515746355
6211,0.07546964287757874
6212,0.014926694333553314
6213,0.03170330077409744
6214,0.005621095187962055
6215,0.024697227403521538
6216,0.008489121682941914
6217,0.04433440417051315
6218,0.028247378766536713
6219,0.05061567574739456
6220,0.015351692214608192
6221,0.04585929587483406
6222,0.013801208697259426
6223,0.015242103487253189
6224,0.015118002891540527
6225,0.03749954700469971
6226,0.0030926489271223545
6227,0.00828488077968359
6228,0.014757293276488781
6229,0.011008408851921558
6230,0.022458335384726524
6231,0.0548921599984169
6232,0.01932683400809765
6233,0.06270262598991394
6234,0.0068437485024333
6235,0.015542101114988327
6236,0.04496096819639206
6237,0.0397496297955513
6238,0.015927862375974655
6239,0.017207756638526917
6240,0.005473500583320856
6241,0.004193856846541166
6242,0.05332447215914726
6243,0.03262628987431526
6244,0.003981972113251686
6245,0.0031980988569557667
6246,0.013856563717126846
6247,0.009367939084768295
6248,0.06069565936923027
6249,0.005876318551599979
6250,0.06824906170368195
6251,0.013918709941208363
6252,0.03901531547307968
6253,0.021406712010502815
6254,0.0038597218226641417
6255,0.012142585590481758
6256,0.006617758888751268
6257,0.02336794137954712
6258,0.019274715334177017
6259,0.006096812896430492
6260,0.022041067481040955
6261,0.015747953206300735
6262,0.00428354274481535
6263,0.01078562531620264
6264,0.04093942791223526
6265,0.037286948412656784
6266,0.0025594092439860106
6267,0.053185004740953445
6268,0.011324534192681313
6269,0.018977368250489235
6270,0.04759618639945984
6271,0.00685048196464777
6272,0.004916486330330372
6273,0.005528964102268219
6274,0.04729493334889412
6275,0.040855035185813904
6276,0.0038622263818979263
6277,0.012752365320920944
6278,0.036226537078619
6279,0.012357907369732857
6280,0.004227013327181339
6281,0.06945949047803879
6282,0.007923673838376999
6283,0.003819223027676344
6284,0.008089892566204071
6285,0.012216617353260517
6286,0.0405554324388504
6287,0.096634641289711
6288,0.006279934197664261
6289,0.06469977647066116
6290,0.016593022271990776
6291,0.006764331832528114
6292,0.09138116985559464
6293,0.04224734008312225
6294,0.009690629318356514
6295,0.016943814232945442
6296,0.025242846459150314
6297,0.005972811486572027
6298,0.023485317826271057
6299,0.04332650452852249
6300,0.010827042162418365
6301,0.01378148514777422
6302,0.007859896868467331
6303,0.015795046463608742
6304,0.011549455113708973
6305,0.06158071011304855
6306,0.003811353351920843
6307,0.009924139827489853
6308,0.012255892157554626
6309,0.021884653717279434
6310,0.008614771068096161
6311,0.06340401619672775
6312,0.007155389059334993
6313,0.07338762283325195
6314,0.04131898656487465
6315,0.029163023456931114
6316,0.02852524071931839
6317,0.004984511528164148
6318,0.037045642733573914
6319,0.0031072529964149
6320,0.06299526989459991
6321,0.03900695964694023
6322,0.007897735573351383
6323,0.01608673483133316
6324,0.004612473770976067
6325,0.0038786521181464195
6326,0.006250315345823765
6327,0.0031877350993454456
6328,0.009679852053523064
6329,0.012713063508272171
6330,0.029017917811870575
6331,0.004813420120626688
6332,0.011072644032537937
6333,0.025497833266854286
6334,0.010198931209743023
6335,0.009065925143659115
6336,0.009570838883519173
6337,0.008462414145469666
6338,0.0048407805152237415
6339,0.04333508759737015
6340,0.010002080351114273
6341,0.010762996971607208
6342,0.006067052949219942
6343,0.005965534597635269
6344,0.00528742466121912
6345,0.0668402761220932
6346,0.0021295929327607155
6347,0.002949866931885481
6348,0.03475956618785858
6349,0.08466827124357224
6350,0.06789887696504593
6351,0.003054231870919466
6352,0.02349996194243431
6353,0.0026097381487488747
6354,0.05930524319410324
6355,0.018053967505693436
6356,0.002664063358679414
6357,0.026622477918863297
6358,0.019156284630298615
6359,0.023284953087568283
6360,0.006852654740214348
6361,0.00668306415900588
6362,0.0508740060031414
6363,0.006297700107097626
6364,0.015158632770180702
6365,0.05391984060406685
6366,0.03558553382754326
6367,0.010935023427009583
6368,0.07316669821739197
6369,0.005791692528873682
6370,0.009711755439639091
6371,0.025478564202785492
6372,0.02099415846168995
6373,0.012252729386091232
6374,0.005534921307116747
6375,0.011348549276590347
6376,0.027884576469659805
6377,0.01461915485560894
6378,0.008449078537523746
6379,0.05363987013697624
6380,0.051046036183834076
6381,0.002219162881374359
6382,0.008346334099769592
6383,0.0025646123103797436
6384,0.01612527295947075
6385,0.020459938794374466
6386,0.021409962326288223
6387,0.015788184478878975
6388,0.0182640440762043
6389,0.07086954265832901
6390,0.030455762520432472
6391,0.004187385551631451
6392,0.010049093514680862
6393,0.009525783360004425
6394,0.006469428539276123
6395,0.016130205243825912
6396,0.004692391492426395
6397,0.0034540314227342606
6398,0.005415137391537428
6399,0.007956970483064651
6400,0.00941639207303524
6401,0.014430567622184753
6402,0.0025282104033976793
6403,0.10599306970834732
6404,0.0192587710916996
6405,0.0024180826731026173
6406,0.006218596361577511
6407,0.0023393144365400076
6408,0.0714852586388588
6409,0.0038443817757070065
6410,0.0024212105199694633
6411,0.017246652394533157
6412,0.006443017162382603
6413,0.010454416275024414
6414,0.014396460726857185
6415,0.006104998290538788
6416,0.004368757829070091
6417,0.02469862997531891
6418,0.002319417195394635
6419,0.033445198088884354
6420,0.002109589520841837
6421,0.029522424563765526
6422,0.0033902982249855995
6423,0.011677192524075508
6424,0.001245235907845199
6425,0.05490903928875923
6426,0.054670028388500214
6427,0.010805564001202583
6428,0.005561775527894497
6429,0.004527681972831488
6430,0.03722923994064331
6431,0.004260270856320858
6432,0.022952882573008537
6433,0.006907699629664421
6434,0.0076210880652070045
6435,0.006759199313819408
6436,0.0038601160049438477
6437,0.009312142618000507
6438,0.05765576660633087
6439,0.014567887410521507
6440,0.05514741316437721
6441,0.0413958877325058
6442,0.060702092945575714
6443,0.003255512099713087
6444,0.004598736763000488
6445,0.019624562934041023
6446,0.008986882865428925
6447,0.006415455602109432
6448,0.00413932092487812
6449,0.006074927747249603
6450,0.06143181771039963
6451,0.004930363968014717
6452,0.003947794437408447
6453,0.03374797850847244
6454,0.005472694057971239
6455,0.0047532920725643635
6456,0.011845409870147705
6457,0.003442849265411496
6458,0.0034544009249657393
6459,0.009391432628035545
6460,0.002426493912935257
6461,0.02188020944595337
6462,0.010021824389696121
6463,0.01186168473213911
6464,0.006298836320638657
6465,0.0036389599554240704
6466,0.04998992010951042
6467,0.008459166623651981
6468,0.011318471282720566
6469,0.003567058127373457
6470,0.004562855698168278
6471,0.007846087217330933
6472,0.00757088977843523
6473,0.07738558948040009
6474,0.0023896771017462015
6475,0.006396659184247255
6476,0.026911716908216476
6477,0.01009091641753912
6478,0.002163519850000739
6479,0.0012358531821519136
6480,0.055782683193683624
6481,0.002362105529755354
6482,0.002612615004181862
6483,0.01498515997081995
6484,0.0017162590520456433
6485,0.013318889774382114
6486,0.0011520034167915583
6487,0.002299922751262784
6488,0.03497381508350372
6489,0.003362176241353154
6490,0.050485316663980484
6491,0.022435262799263
6492,0.00332769681699574
6493,0.024120327085256577
6494,0.007764196023344994
6495,0.0015230666613206267
6496,0.001972021535038948
6497,0.06162921339273453
6498,0.056085195392370224
6499,0.006613480858504772
6500,0.006031394004821777
6501,0.0020812745206058025
6502,0.05301400646567345
6503,0.0072227842174470425
6504,0.0053786770440638065
6505,0.01713934727013111
6506,0.005096352193504572
6507,0.007586370222270489
6508,0.0035542421974241734
6509,0.08325348794460297
6510,0.005198772996664047
6511,0.0015492585953325033
6512,0.009114868938922882
6513,0.00788193941116333
6514,0.005116026848554611
6515,0.0021699450444430113
6516,0.01586642861366272
6517,0.010969607159495354
6518,0.008211387321352959
6519,0.002993477974087
6520,0.005763772875070572
6521,0.011267442256212234
6522,0.007765105925500393
6523,0.003922504838556051
6524,0.010002359747886658
6525,0.02236596867442131
6526,0.013016057200729847
6527,0.003352819010615349
6528,0.1667371392250061
6529,0.23760060966014862
6530,0.03274238109588623
6531,0.1579967588186264
6532,0.036028340458869934
6533,0.07068748027086258
6534,0.023288866505026817
6535,0.10584720969200134
6536,0.24230122566223145
6537,0.1274804025888443
6538,0.034728940576314926
6539,0.06109420582652092
6540,0.1504201740026474
6541,0.04947943240404129
6542,0.0472596250474453
6543,0.06457465142011642
6544,0.09716035425662994
6545,0.15040728449821472
6546,0.09386476874351501
6547,0.2531758248806
6548,0.09392774850130081
6549,0.11843462288379669
6550,0.04526183754205704
6551,0.15712343156337738
6552,0.1439916491508484
6553,0.13770991563796997
6554,0.07706961780786514
6555,0.12483792752027512
6556,0.01986379735171795
6557,0.06733623147010803
6558,0.20160135626792908
6559,0.0806540697813034
6560,0.10867924988269806
6561,0.1486634910106659
6562,0.017548732459545135
6563,0.09709939360618591
6564,0.07554465532302856
6565,0.12739241123199463
6566,0.10025553405284882
6567,0.11160855740308762
6568,0.08253701776266098
6569,0.09444799274206161
6570,0.08653245121240616
6571,0.10044260323047638
6572,0.20213770866394043
6573,0.12057293951511383
6574,0.17024335265159607
6575,0.07256709039211273
6576,0.11727685481309891
6577,0.17051899433135986
6578,0.12922361493110657
6579,0.07524464279413223
6580,0.15829873085021973
6581,0.1554606705904007
6582,0.054336048662662506
6583,0.12682457268238068
6584,0.06450095772743225
6585,0.09479737281799316
6586,0.04038189351558685
6587,0.05769824609160423
6588,0.1019890159368515
6589,0.06690836697816849
6590,0.028253696858882904
6591,0.07260501384735107
6592,0.04552913457155228
6593,0.09351927042007446
6594,0.05599621683359146
6595,0.06757696717977524
6596,0.09738761931657791
6597,0.20362523198127747
6598,0.08974441885948181
6599,0.13272807002067566
6600,0.12346285581588745
6601,0.16706204414367676
6602,0.05323106795549393
6603,0.014305759221315384
6604,0.08223188668489456
6605,0.11635827273130417
6606,0.07796584069728851
6607,0.2451801598072052
6608,0.12764842808246613
6609,0.0992577075958252
6610,0.03668159618973732
6611,0.09160193055868149
6612,0.0840601772069931
6613,0.19017551839351654
6614,0.026995882391929626
6615,0.1564677357673645
6616,0.0505959652364254
6617,0.020812377333641052
6618,0.035992905497550964
6619,0.21833956241607666
6620,0.11369120329618454
6621,0.0565524622797966
6622,0.065792515873909
6623,0.07893334329128265
6624,0.0928579717874527
6625,0.10592921823263168
6626,0.14067044854164124
6627,0.1437094360589981
6628,0.06088557094335556
6629,0.056567221879959106
6630,0.11575978249311447
6631,0.15057405829429626
6632,0.14287599921226501
6633,0.17931467294692993
6634,0.11188618093729019
6635,0.09269192814826965
6636,0.09117503464221954
6637,0.06666246801614761
6638,0.012976768426597118
6639,0.0819459855556488
6640,0.08626025915145874
6641,0.12658074498176575
6642,0.13548104465007782
6643,0.09116432070732117
6644,0.16325758397579193
6645,0.047253530472517014
6646,0.04995302855968475
6647,0.06764892488718033
6648,0.07910627126693726
6649,0.07138922810554504
6650,0.12118874490261078
6651,0.07026239484548569
6652,0.09008406847715378
6653,0.03128433600068092
6654,0.06779813021421432
6655,0.09765234589576721
6656,0.009536482393741608
6657,0.006205008365213871
6658,0.05564909428358078
6659,0.02351827174425125
6660,0.0027903085574507713
6661,0.013119206763803959
6662,0.05370467156171799
6663,0.058800917118787766
6664,0.026237573474645615
6665,0.0060978839173913
6666,0.022489208728075027
6667,0.0061852396465837955
6668,0.05187518149614334
6669,0.030014552175998688
6670,0.021979467943310738
6671,0.07527296245098114
6672,0.07850068807601929
6673,0.0035333200357854366
6674,0.0028830692172050476
6675,0.029254985973238945
6676,0.06130355969071388
6677,0.07647043466567993
6678,0.08778330683708191
6679,0.0660943016409874
6680,0.007871070876717567
6681,0.037384241819381714
6682,0.010910047218203545
6683,0.04742185398936272
6684,0.058322519063949585
6685,0.06390626728534698
6686,0.03482617437839508
6687,0.02405526489019394
6688,0.07025562971830368
6689,0.05300144851207733
6690,0.020001791417598724
6691,0.027761776000261307
6692,0.0076865688897669315
6693,0.01743055321276188
6694,0.06235970929265022
6695,0.028320638462901115
6696,0.00854374747723341
6697,0.1284165233373642
6698,0.021847683936357498
6699,0.08711821585893631
6700,0.005500819534063339
6701,0.008875392377376556
6702,0.005061198957264423
6703,0.015803558751940727
6704,0.028184490278363228
6705,0.030541367828845978
6706,0.018042968586087227
6707,0.04862096905708313
6708,0.09715422987937927
6709,0.028003908693790436
6710,0.009856407530605793
6711,0.030167564749717712
6712,0.02529365010559559
6713,0.00426147785037756
6714,0.02562674693763256
6715,0.0921366810798645
6716,0.010504929348826408
6717,0.009851109236478806
6718,0.0463327094912529
6719,0.015097326599061489
6720,0.020449219271540642
6721,0.03801308199763298
6722,0.007836109027266502
6723,0.016819853335618973
6724,0.03694963455200195
6725,0.012559485621750355
6726,0.015031498856842518
6727,0.0480680875480175
6728,0.020886218175292015
6729,0.02757679484784603
6730,0.01424991525709629
6731,0.03764300420880318
6732,0.040790095925331116
6733,0.009367566555738449
6734,0.02466529607772827
6735,0.023935934528708458
6736,0.05761910229921341
6737,0.05773082375526428
6738,0.042820870876312256
6739,0.00824145320802927
6740,0.004496661014854908
6741,0.00906531885266304
6742,0.06294289231300354
6743,0.14540579915046692
6744,0.013756130822002888
6745,0.012301930226385593
6746,0.046999771147966385
6747,0.050008706748485565
6748,0.03771122545003891
6749,0.012928394600749016
6750,0.010682353749871254
6751,0.02812172845005989
6752,0.027557391673326492
6753,0.017389072105288506
6754,0.051280003041028976
6755,0.058229632675647736
6756,0.01881580241024494
6757,0.012146702036261559
6758,0.025134829804301262
6759,0.025423474609851837
6760,0.04077544063329697
6761,0.0351228192448616
6762,0.03199063986539841
6763,0.046921342611312866
6764,0.03962713107466698
6765,0.04776162654161453
6766,0.01154185738414526
6767,0.015502965077757835
6768,0.003303324105218053
6769,0.03382553905248642
6770,0.035111527889966965
6771,0.016109639778733253
6772,0.012104412540793419
6773,0.03381793946027756
6774,0.011279072612524033
6775,0.029093822464346886
6776,0.00990893505513668
6777,0.009667796082794666
6778,0.03820303827524185
6779,0.05553620308637619
6780,0.03606515750288963
6781,0.018206389620900154
6782,0.01444322057068348
6783,0.018533427268266678
6784,0.013119170442223549
6785,0.05095107853412628
6786,0.01732916198670864
6787,0.009055095724761486
6788,0.017895957455039024
6789,0.010913420468568802
6790,0.02157110907137394
6791,0.0403483510017395
6792,0.012846878729760647
6793,0.026833105832338333
6794,0.056639257818460464
6795,0.051442358642816544
6796,0.00294183986261487
6797,0.014391466043889523
6798,0.011824949644505978
6799,0.010773484595119953
6800,0.015509757213294506
6801,0.022759076207876205
6802,0.02076023444533348
6803,0.0066333734430372715
6804,0.026907527819275856
6805,0.01202146615833044
6806,0.011440104804933071
6807,0.004665795248001814
6808,0.011391839943826199
6809,0.004976725205779076
6810,0.010620243847370148
6811,0.012124336324632168
6812,0.04928937554359436
6813,0.046607695519924164
6814,0.0063893613405525684
6815,0.044803012162446976
6816,0.01754973828792572
6817,0.01884240098297596
6818,0.02570963278412819
6819,0.004984068684279919
6820,0.015624060295522213
6821,0.039090316742658615
6822,0.004745786543935537
6823,0.026213767006993294
6824,0.013410047627985477
6825,0.007811472285538912
6826,0.006785492412745953
6827,0.018447231501340866
6828,0.012426098808646202
6829,0.03235713392496109
6830,0.013633862137794495
6831,0.005241013132035732
6832,0.00554783595725894
6833,0.009150221943855286
6834,0.006969659123569727
6835,0.0061984583735466
6836,0.005138883832842112
6837,0.05951247364282608
6838,0.004485841374844313
6839,0.04036141559481621
6840,0.003922815900295973
6841,0.019309887662529945
6842,0.015462364070117474
6843,0.01139712892472744
6844,0.020701704546809196
6845,0.008483123034238815
6846,0.009910887107253075
6847,0.03271731734275818
6848,0.031115006655454636
6849,0.007107773795723915
6850,0.005189684219658375
6851,0.008502610959112644
6852,0.010927688330411911
6853,0.02935590222477913
6854,0.012471731752157211
6855,0.009667902253568172
6856,0.025100326165556908
6857,0.009267797693610191
6858,0.008296322077512741
6859,0.032311923801898956
6860,0.057999737560749054
6861,0.001872830674983561
6862,0.005870155058801174
6863,0.003677928354591131
6864,0.003865182399749756
6865,0.005335629917681217
6866,0.01944504678249359
6867,0.004004460293799639
6868,0.04061996564269066
6869,0.07970353215932846
6870,0.010433156974613667
6871,0.005764777772128582
6872,0.014225450344383717
6873,0.012538507580757141
6874,0.0073374174535274506
6875,0.007970957085490227
6876,0.005560456309467554
6877,0.030157379806041718
6878,0.005404994823038578
6879,0.010132014751434326
6880,0.008121057413518429
6881,0.011321566998958588
6882,0.008663030341267586
6883,0.006039556581526995
6884,0.008177652955055237
6885,0.02336971089243889
6886,0.028131522238254547
6887,0.039981525391340256
6888,0.020795054733753204
6889,0.008902661502361298
6890,0.005154432728886604
6891,0.012467535212635994
6892,0.025908801704645157
6893,0.045737236738204956
6894,0.004657061770558357
6895,0.009005142375826836
6896,0.019527733325958252
6897,0.015521679073572159
6898,0.007994252257049084
6899,0.021256405860185623
6900,0.022485431283712387
6901,0.008332191966474056
6902,0.009485364891588688
6903,0.014281434006989002
6904,0.008990343660116196
6905,0.0037640731316059828
6906,0.004357484634965658
6907,0.00481240451335907
6908,0.032515376806259155
6909,0.006695085670799017
6910,0.016653308644890785
6911,0.002609673887491226
6912,0.014734751544892788
6913,0.031710270792245865
6914,0.009683206677436829
6915,0.011995811015367508
6916,0.007767417002469301
6917,0.06289765983819962
6918,0.018099647015333176
6919,0.017656022682785988
6920,0.08214934170246124
6921,0.028945397585630417
6922,0.01997004821896553
6923,0.04022498056292534
6924,0.05687224864959717
6925,0.018787993118166924
6926,0.02612077258527279
6927,0.03292056918144226
6928,0.021870117634534836
6929,0.05715886130928993
6930,0.0367220900952816
6931,0.06645448505878448
6932,0.015829669311642647
6933,0.011240584775805473
6934,0.0644766315817833
6935,0.04614119231700897
6936,0.06331901997327805
6937,0.032284725457429886
6938,0.034421656280756
6939,0.023910067975521088
6940,0.0642598420381546
6941,0.05552864074707031
6942,0.11759775876998901
6943,0.035925187170505524
6944,0.010003197938203812
6945,0.06340392678976059
6946,0.04571590945124626
6947,0.05223775655031204
6948,0.021938851103186607
6949,0.014830723404884338
6950,0.015498404391109943
6951,0.0954415500164032
6952,0.023791389539837837
6953,0.0063215140253305435
6954,0.03068065270781517
6955,0.014502186328172684
6956,0.12679611146450043
6957,0.015246545895934105
6958,0.046042799949645996
6959,0.04496757686138153
6960,0.02703114226460457
6961,0.09113961458206177
6962,0.003642627503722906
6963,0.030404675751924515
6964,0.015545083209872246
6965,0.0218829195946455
6966,0.02335513010621071
6967,0.018915949389338493
6968,0.06459701806306839
6969,0.031200189143419266
6970,0.022100131958723068
6971,0.005444675218313932
6972,0.03127686679363251
6973,0.07961676269769669
6974,0.02698914334177971
6975,0.05701816454529762
6976,0.015662197023630142
6977,0.04303976520895958
6978,0.005409203469753265
6979,0.08363395184278488
6980,0.012643372640013695
6981,0.11284489929676056
6982,0.0121305538341403
6983,0.033799126744270325
6984,0.034955624490976334
6985,0.08866849541664124
6986,0.015672922134399414
6987,0.04688284918665886
6988,0.028027432039380074
6989,0.019512422382831573
6990,0.029866360127925873
6991,0.014070384204387665
6992,0.06089477986097336
6993,0.06521232426166534
6994,0.020150627940893173
6995,0.024780653417110443
6996,0.009805656969547272
6997,0.009408900514245033
6998,0.012322456575930119
6999,0.002976919524371624
7000,0.01718786172568798
7001,0.03167787194252014
7002,0.006397167220711708
7003,0.014649508520960808
7004,0.04256219416856766
7005,0.01541997492313385
7006,0.0768212378025055
7007,0.010774234309792519
7008,0.02945144847035408
7009,0.04673616588115692
7010,0.03919404745101929
7011,0.013883687555789948
7012,0.041080083698034286
7013,0.016849547624588013
7014,0.01914082281291485
7015,0.024595126509666443
7016,0.029996169731020927
7017,0.017023222520947456
7018,0.013664918951690197
7019,0.02260608598589897
7020,0.011138218455016613
7021,0.0193090308457613
7022,0.010935716331005096
7023,0.027948254719376564
7024,0.01646597683429718
7025,0.0031046480871737003
7026,0.05308621749281883
7027,0.04376175254583359
7028,0.05706324055790901
7029,0.016985982656478882
7030,0.09659817814826965
7031,0.04785315319895744
7032,0.03353743255138397
7033,0.019807180389761925
7034,0.029389282688498497
7035,0.06999611854553223
7036,0.02088007889688015
7037,0.03913567215204239
7038,0.01044279895722866
7039,0.08779843896627426
7040,0.05151854455471039
7041,0.014834931120276451
7042,0.01050482876598835
7043,0.012023111805319786
7044,0.01958729699254036
7045,0.03617606684565544
7046,0.06331391632556915
7047,0.0369647853076458
7048,0.038795068860054016
7049,0.04897396266460419
7050,0.04420487582683563
7051,0.007304352708160877
7052,0.00702455872669816
7053,0.04163485765457153
7054,0.03214341774582863
7055,0.03811551257967949
7056,0.016399290412664413
7057,0.03670623153448105
7058,0.020664216950535774
7059,0.008915528655052185
7060,0.011603585444390774
7061,0.06300953030586243
7062,0.03205959126353264
7063,0.0037910984829068184
7064,0.008649352937936783
7065,0.03048696741461754
7066,0.00591443944722414
7067,0.011169228702783585
7068,0.015269978903234005
7069,0.09036588668823242
7070,0.0620376281440258
7071,0.012412413954734802
7072,0.0721101462841034
7073,0.055893346667289734
7074,0.03312920778989792
7075,0.05283777415752411
7076,0.021899770945310593
7077,0.005258652381598949
7078,0.010459335520863533
7079,0.06443870812654495
7080,0.007736348547041416
7081,0.009522508829832077
7082,0.03423973172903061
7083,0.01440400816500187
7084,0.012332870624959469
7085,0.017193950712680817
7086,0.010357968509197235
7087,0.007686918135732412
7088,0.011495551094412804
7089,0.014517053961753845
7090,0.01380095910280943
7091,0.028028756380081177
7092,0.019236743450164795
7093,0.009494990110397339
7094,0.00675131706520915
7095,0.012913089245557785
7096,0.006019782740622759
7097,0.027812020853161812
7098,0.048140741884708405
7099,0.0130983991548419
7100,0.013275349512696266
7101,0.011325511150062084
7102,0.051390789449214935
7103,0.011178335174918175
7104,0.016244927421212196
7105,0.013875692151486874
7106,0.012012390419840813
7107,0.009833910502493382
7108,0.05986107140779495
7109,0.049445174634456635
7110,0.023235635831952095
7111,0.04308677837252617
7112,0.01480916328728199
7113,0.03329843655228615
7114,0.022916091606020927
7115,0.06886714696884155
7116,0.018107738345861435
7117,0.008819136768579483
7118,0.05984041467308998
7119,0.030870743095874786
7120,0.008448353037238121
7121,0.012715036049485207
7122,0.014910486526787281
7123,0.008427415043115616
7124,0.008013556711375713
7125,0.045884810388088226
7126,0.007849358022212982
7127,0.02378234826028347
7128,0.004494990222156048
7129,0.008389737457036972
7130,0.005122939124703407
7131,0.014341751113533974
7132,0.010915097780525684
7133,0.0045065381564199924
7134,0.0075575923547148705
7135,0.004461044445633888
7136,0.010063670575618744
7137,0.006398068740963936
7138,0.005070384591817856
7139,0.03395915776491165
7140,0.028292911127209663
7141,0.023529190570116043
7142,0.0068148961290717125
7143,0.003898442257195711
7144,0.030929412692785263
7145,0.007467836141586304
7146,0.011297729797661304
7147,0.016855161637067795
7148,0.01393035613000393
7149,0.002722802571952343
7150,0.07708316296339035
7151,0.01319655030965805
7152,0.016275988891720772
7153,0.00949176400899887
7154,0.0331483893096447
7155,0.012313827872276306
7156,0.04438459873199463
7157,0.02196425199508667
7158,0.01582225039601326
7159,0.025440093129873276
7160,0.017982829362154007
7161,0.008968607522547245
7162,0.003767667803913355
7163,0.010774040594696999
7164,0.011301285587251186
7165,0.021151579916477203
7166,0.013696234673261642
7167,0.01608927547931671
7168,0.00799630954861641
7169,0.02665420062839985
7170,0.042825546115636826
7171,0.03648246452212334
7172,0.03425903990864754
7173,0.07201304286718369
7174,0.014684701338410378
7175,0.01218381430953741
7176,0.031029868870973587
7177,0.010778985917568207
7178,0.039033032953739166
7179,0.004832010250538588
7180,0.06080404669046402
7181,0.04854714497923851
7182,0.05893510952591896
7183,0.10393349826335907
7184,0.07218696177005768
7185,0.005151939578354359
7186,0.03145155310630798
7187,0.031069405376911163
7188,0.049617454409599304
7189,0.003564579179510474
7190,0.007954515516757965
7191,0.014890976250171661
7192,0.06040911749005318
7193,0.02629324421286583
7194,0.025375649333000183
7195,0.02599257230758667
7196,0.007791473995894194
7197,0.06338658183813095
7198,0.008850891143083572
7199,0.008232333697378635
7200,0.06374869495630264
7201,0.038142211735248566
7202,0.011476006358861923
7203,0.009089114144444466
7204,0.011144427582621574
7205,0.0633481964468956
7206,0.015525363385677338
7207,0.04171028733253479
7208,0.021907299757003784
7209,0.031195180490612984
7210,0.010387739166617393
7211,0.00938915554434061
7212,0.00796237401664257
7213,0.02517997846007347
7214,0.0406494066119194
7215,0.0025446508079767227
7216,0.0071445032954216
7217,0.004944691434502602
7218,0.0214292723685503
7219,0.0483982115983963
7220,0.028509408235549927
7221,0.003353377804160118
7222,0.040389884263277054
7223,0.008508656173944473
7224,0.06525391340255737
7225,0.007581629790365696
7226,0.0890946090221405
7227,0.03180079907178879
7228,0.008715634234249592
7229,0.026772137731313705
7230,0.03521982207894325
7231,0.04460764303803444
7232,0.025781769305467606
7233,0.02607882022857666
7234,0.04932317137718201
7235,0.015575225464999676
7236,0.0403086394071579
7237,0.008676399476826191
7238,0.01599576324224472
7239,0.05396249517798424
7240,0.010307617485523224
7241,0.03587173670530319
7242,0.024048030376434326
7243,0.04738073796033859
7244,0.03873903304338455
7245,0.01295720785856247
7246,0.05986757203936577
7247,0.039948273450136185
7248,0.028710130602121353
7249,0.027198070660233498
7250,0.004978680983185768
7251,0.009140286594629288
7252,0.03548930212855339
7253,0.024270251393318176
7254,0.006279660388827324
7255,0.009979740716516972
7256,0.02721712924540043
7257,0.05332466959953308
7258,0.006806514225900173
7259,0.009615504182875156
7260,0.024635450914502144
7261,0.038171134889125824
7262,0.006090359762310982
7263,0.010533055290579796
7264,0.005184941925108433
7265,0.008888769894838333
7266,0.04101138189435005
7267,0.008294406346976757
7268,0.00735393026843667
7269,0.04331188648939133
7270,0.022012006491422653
7271,0.007711129263043404
7272,0.012849307619035244
7273,0.062794990837574
7274,0.005944214295595884
7275,0.017609260976314545
7276,0.04217889532446861
7277,0.007894817739725113
7278,0.017076771706342697
7279,0.010774251073598862
7280,0.011540398001670837
7281,0.039628006517887115
7282,0.04289690777659416
7283,0.0022232155315577984
7284,0.02193116955459118
7285,0.009488270618021488
7286,0.013975951820611954
7287,0.00452418252825737
7288,0.05064413696527481
7289,0.01769707165658474
7290,0.030258741229772568
7291,0.048741210252046585
7292,0.035954549908638
7293,0.017052659764885902
7294,0.008553622290492058
7295,0.03748798370361328
7296,0.02961261384189129
7297,0.011603462509810925
7298,0.03506269305944443
7299,0.006492136046290398
7300,0.016742907464504242
7301,0.027938591316342354
7302,0.019901840016245842
7303,0.0054984744638204575
7304,0.0122987050563097
7305,0.053182970732450485
7306,0.01920722797513008
7307,0.03460206091403961
7308,0.009781759232282639
7309,0.03976861387491226
7310,0.026218140497803688
7311,0.015680499374866486
7312,0.00448975246399641
7313,0.026003995910286903
7314,0.006836922839283943
7315,0.03527252748608589
7316,0.03647662699222565
7317,0.030252274125814438
7318,0.00574958510696888
7319,0.009317053481936455
7320,0.010996975935995579
7321,0.01805204339325428
7322,0.05051495134830475
7323,0.02073507383465767
7324,0.06514851748943329
7325,0.004662287421524525
7326,0.04698220267891884
7327,0.018035726621747017
7328,0.007678452879190445
7329,0.006499816197901964
7330,0.017674628645181656
7331,0.025839373469352722
7332,0.010284632444381714
7333,0.0268232598900795
7334,0.008197452872991562
7335,0.00727514922618866
7336,0.0058905757032334805
7337,0.023318978026509285
7338,0.033933356404304504
7339,0.06503356993198395
7340,0.014868410304188728
7341,0.009230643510818481
7342,0.0029556425288319588
7343,0.02776653692126274
7344,0.00846598856151104
7345,0.006616372615098953
7346,0.029087653383612633
7347,0.017279542982578278
7348,0.0176510289311409
7349,0.04452228546142578
7350,0.009690693579614162
7351,0.006435735151171684
7352,0.01564355567097664
7353,0.04854533448815346
7354,0.00617084838449955
7355,0.030329570174217224
7356,0.056961409747600555
7357,0.013290941715240479
7358,0.02540641650557518
7359,0.01500699482858181
7360,0.004443878307938576
7361,0.012840338051319122
7362,0.015466099604964256
7363,0.02598177269101143
7364,0.01356314867734909
7365,0.008663306012749672
7366,0.017679547891020775
7367,0.019842442125082016
7368,0.003953904844820499
7369,0.006093479227274656
7370,0.03790208697319031
7371,0.005323867313563824
7372,0.023557551205158234
7373,0.03867652267217636
7374,0.010728009976446629
7375,0.00885035004466772
7376,0.005297639407217503
7377,0.01983167603611946
7378,0.01021641306579113
7379,0.023886965587735176
7380,0.012096118181943893
7381,0.029907960444688797
7382,0.015595722943544388
7383,0.006465591490268707
7384,0.00450921431183815
7385,0.013538327999413013
7386,0.02426748350262642
7387,0.017448343336582184
7388,0.015366528183221817
7389,0.016621438786387444
7390,0.035058364272117615
7391,0.01026204414665699
7392,0.0060688890516757965
7393,0.00495128333568573
7394,0.005765164270997047
7395,0.027619918808341026
7396,0.016000395640730858
7397,0.01801496185362339
7398,0.022105909883975983
7399,0.01014256663620472
7400,0.005282999947667122
7401,0.016353139653801918
7402,0.0036347461864352226
7403,0.014866801910102367
7404,0.008068503811955452
7405,0.008976524695754051
7406,0.003581459168344736
7407,0.020657172426581383
7408,0.0028977165929973125
7409,0.020925577729940414
7410,0.0043189614079892635
7411,0.06718467175960541
7412,0.008301005698740482
7413,0.027892937883734703
7414,0.00707361102104187
7415,0.008171326480805874
7416,0.0072148581966757774
7417,0.004110665991902351
7418,0.005472846794873476
7419,0.03818805143237114
7420,0.018689094111323357
7421,0.005273318383842707
7422,0.003932129591703415
7423,0.03498861566185951
7424,0.02865161933004856
7425,0.02638929709792137
7426,0.008998882956802845
7427,0.0056540630757808685
7428,0.006402861792594194
7429,0.024615967646241188
7430,0.05791030079126358
7431,0.012534771114587784
7432,0.005217284429818392
7433,0.013184547424316406
7434,0.007611569482833147
7435,0.009725289419293404
7436,0.014945968985557556
7437,0.004113859962671995
7438,0.054259493947029114
7439,0.0052211591973900795
7440,0.03484439104795456
7441,0.00967197772115469
7442,0.028230134397745132
7443,0.0029543424025177956
7444,0.033777058124542236
7445,0.011197375133633614
7446,0.008682473562657833
7447,0.0036397981457412243
7448,0.02041962929069996
7449,0.004166251514106989
7450,0.01082593109458685
7451,0.01233687624335289
7452,0.003966720774769783
7453,0.015279226936399937
7454,0.06671524792909622
7455,0.033252306282520294
7456,0.011104842647910118
7457,0.005312143359333277
7458,0.012140306644141674
7459,0.004444031044840813
7460,0.02671843022108078
7461,0.021727649495005608
7462,0.05869869142770767
7463,0.005367881618440151
7464,0.005541743710637093
7465,0.04702085256576538
7466,0.014470528811216354
7467,0.010158441960811615
7468,0.008424146100878716
7469,0.03604953736066818
7470,0.006724824197590351
7471,0.007259109988808632
7472,0.0036197477020323277
7473,0.003722993191331625
7474,0.004449717700481415
7475,0.004677930381149054
7476,0.0025740591809153557
7477,0.029866600409150124
7478,0.017965149134397507
7479,0.004110421519726515
7480,0.009642153978347778
7481,0.00702150072902441
7482,0.028458811342716217
7483,0.0026385928504168987
7484,0.057135455310344696
7485,0.026513677090406418
7486,0.0020410220604389906
7487,0.017765264958143234
7488,0.011653779074549675
7489,0.0033524995669722557
7490,0.003230500500649214
7491,0.006072218529880047
7492,0.0056066205725073814
7493,0.018901484087109566
7494,0.0028551523573696613
7495,0.015457665547728539
7496,0.019029704853892326
7497,0.0024703978560864925
7498,0.005495127756148577
7499,0.07264848798513412
7500,0.014840669929981232
7501,0.012109667994081974
7502,0.001963650342077017
7503,0.010409184731543064
7504,0.003115554805845022
7505,0.016314495354890823
7506,0.045315541326999664
7507,0.012373970821499825
7508,0.014988894574344158
7509,0.010125911794602871
7510,0.0124000683426857
7511,0.008388828486204147
7512,0.01869811862707138
7513,0.006190975196659565
7514,0.011200394481420517
7515,0.005299037322402
7516,0.002853608224540949
7517,0.023689400404691696
7518,0.04468175396323204
7519,0.006703504361212254
7520,0.007432431448251009
7521,0.004639503546059132
7522,0.008009088225662708
7523,0.009029537439346313
7524,0.004974622279405594
7525,0.013486891984939575
7526,0.0037702941335737705
7527,0.0035883146338164806
7528,0.008032125420868397
7529,0.0032615712843835354
7530,0.017027974128723145
7531,0.003117336891591549
7532,0.04063441976904869
7533,0.03975031524896622
7534,0.0028995671309530735
7535,0.004128354601562023
7536,0.0024467562325298786
7537,0.0026008938439190388
7538,0.007773708552122116
7539,0.025110464543104172
7540,0.05786305293440819
7541,0.027338959276676178
7542,0.0063188401982188225
7543,0.01939193531870842
7544,0.002220683265477419
7545,0.019253607839345932
7546,0.020577799528837204
7547,0.0029748245142400265
7548,0.02062823437154293
7549,0.00255610141903162
7550,0.008794985711574554
7551,0.028853336349129677
7552,0.008277700282633305
7553,0.008699710480868816
7554,0.05642545223236084
7555,0.045501708984375
7556,0.03154551982879639
7557,0.006627086084336042
7558,0.031079605221748352
7559,0.00678055128082633
7560,0.005042634904384613
7561,0.019737565889954567
7562,0.017929645255208015
7563,0.01953132636845112
7564,0.017397066578269005
7565,0.014022227376699448
7566,0.013837287202477455
7567,0.01679079793393612
7568,0.015368999913334846
7569,0.03520795330405235
7570,0.019019190222024918
7571,0.04388228431344032
7572,0.028681520372629166
7573,0.01619146764278412
7574,0.010157651267945766
7575,0.003976559266448021
7576,0.04527466744184494
7577,0.02537461929023266
7578,0.030460374429821968
7579,0.004915669094771147
7580,0.01757928729057312
7581,0.06565918773412704
7582,0.0162355899810791
7583,0.016293780878186226
7584,0.00835498794913292
7585,0.005439970176666975
7586,0.013761100359261036
7587,0.010708561167120934
7588,0.01530841551721096
7589,0.039037592709064484
7590,0.002505078911781311
7591,0.007199116516858339
7592,0.018812647089362144
7593,0.009699352085590363
7594,0.062176067382097244
7595,0.015360214747488499
7596,0.045885004103183746
7597,0.0070655508898198605
7598,0.04837759956717491
7599,0.009191101416945457
7600,0.04233598709106445
7601,0.007505273446440697
7602,0.016140326857566833
7603,0.01770889200270176
7604,0.011407986283302307
7605,0.004274407401680946
7606,0.010972822085022926
7607,0.007249441463500261
7608,0.003044181503355503
7609,0.008495457470417023
7610,0.010631251148879528
7611,0.02521773800253868
7612,0.007496471516788006
7613,0.03387818485498428
7614,0.03372763842344284
7615,0.014907801523804665
7616,0.03353721648454666
7617,0.018147239461541176
7618,0.010191358625888824
7619,0.010020531713962555
7620,0.010264871641993523
7621,0.011380292475223541
7622,0.01293896697461605
7623,0.009454873390495777
7624,0.012473964132368565
7625,0.026622425764799118
7626,0.04686953127384186
7627,0.013643784448504448
7628,0.0033190976828336716
7629,0.021349413320422173
7630,0.013541691936552525
7631,0.043356698006391525
7632,0.0067308396100997925
7633,0.011316334828734398
7634,0.009050631895661354
7635,0.004900907166302204
7636,0.0026868637651205063
7637,0.019202640280127525
7638,0.018521994352340698
7639,0.017236841842532158
7640,0.009751459583640099
7641,0.04911470413208008
7642,0.006232894957065582
7643,0.008533941581845284
7644,0.04890691861510277
7645,0.013769645243883133
7646,0.04998531937599182
7647,0.01008567027747631
7648,0.01099011953920126
7649,0.021786266937851906
7650,0.024782966822385788
7651,0.03478890284895897
7652,0.013757829554378986
7653,0.003448540810495615
7654,0.014974195510149002
7655,0.005732167512178421
7656,0.05919371917843819
7657,0.004921531304717064
7658,0.006152729503810406
7659,0.006582675036042929
7660,0.010407855734229088
7661,0.004520576912909746
7662,0.004706985782831907
7663,0.05084066465497017
7664,0.014155802316963673
7665,0.0083128297701478
7666,0.020995337516069412
7667,0.005362999625504017
7668,0.02286774478852749
7669,0.002893374767154455
7670,0.015059957280755043
7671,0.01504950039088726
7672,0.00831795483827591
7673,0.01231306977570057
7674,0.0038155666552484035
7675,0.013521833345293999
7676,0.009090284816920757
7677,0.029795905575156212
7678,0.005910259671509266
7679,0.006174960173666477
7680,0.03472798317670822
7681,0.03145194053649902
7682,0.024269424378871918
7683,0.015634041279554367
7684,0.03155282884836197
7685,0.039830345660448074
7686,0.015011974610388279
7687,0.018591849133372307
7688,0.024383027106523514
7689,0.007262638304382563
7690,0.00705611240118742
7691,0.07181421667337418
7692,0.09013436734676361
7693,0.04985734820365906
7694,0.010936304926872253
7695,0.010198685340583324
7696,0.02802799828350544
7697,0.10525600612163544
7698,0.01609916426241398
7699,0.10001365840435028
7700,0.017389953136444092
7701,0.06121041625738144
7702,0.03203251212835312
7703,0.008285526186227798
7704,0.022532198578119278
7705,0.025631193071603775
7706,0.011500043794512749
7707,0.012797185219824314
7708,0.008633018471300602
7709,0.02331083081662655
7710,0.021169940009713173
7711,0.03202086314558983
7712,0.01826423592865467
7713,0.03950030729174614
7714,0.07714767754077911
7715,0.04880284518003464
7716,0.0094283577054739
7717,0.007049292325973511
7718,0.04493581876158714
7719,0.00922542717307806
7720,0.056162670254707336
7721,0.026750963181257248
7722,0.014745084568858147
7723,0.011365171521902084
7724,0.04603712633252144
7725,0.008078834973275661
7726,0.024803489446640015
7727,0.011934340000152588
7728,0.02340133674442768
7729,0.019019290804862976
7730,0.03840557113289833
7731,0.011757996864616871
7732,0.007041805423796177
7733,0.016212718561291695
7734,0.05312012881040573
7735,0.03132719174027443
7736,0.010710371658205986
7737,0.006928382907062769
7738,0.05830548703670502
7739,0.021382538601756096
7740,0.03460373356938362
7741,0.02305004931986332
7742,0.022344538941979408
7743,0.012599367648363113
7744,0.013527978211641312
7745,0.024891894310712814
7746,0.013839146122336388
7747,0.007772509008646011
7748,0.0144076282158494
7749,0.012571432627737522
7750,0.026820147410035133
7751,0.011227949522435665
7752,0.0075099170207977295
7753,0.012677239254117012
7754,0.013913234695792198
7755,0.01190618984401226
7756,0.005815083160996437
7757,0.04306469112634659
7758,0.05654953420162201
7759,0.014216662384569645
7760,0.01824343204498291
7761,0.05809492990374565
7762,0.0400695875287056
7763,0.044771164655685425
7764,0.040808334946632385
7765,0.009936494752764702
7766,0.006862230598926544
7767,0.03292163461446762
7768,0.014268643222749233
7769,0.012036647647619247
7770,0.02367268316447735
7771,0.020084697753190994
7772,0.008946452289819717
7773,0.05759155750274658
7774,0.03022916242480278
7775,0.06144750863313675
7776,0.009912696667015553
7777,0.018891602754592896
7778,0.008593512699007988
7779,0.0245828814804554
7780,0.016844402998685837
7781,0.009288572706282139
7782,0.023624971508979797
7783,0.011225284077227116
7784,0.008817029185593128
7785,0.025768663734197617
7786,0.07063641399145126
7787,0.01810772344470024
7788,0.012293781153857708
7789,0.01837731897830963
7790,0.07135213911533356
7791,0.02123260870575905
7792,0.027709586545825005
7793,0.013948052190244198
7794,0.021582338958978653
7795,0.036779142916202545
7796,0.010549711994826794
7797,0.007549547590315342
7798,0.00541662098839879
7799,0.012874746695160866
7800,0.012125812470912933
7801,0.022350098937749863
7802,0.02564181759953499
7803,0.015614468604326248
7804,0.006403377279639244
7805,0.006607803516089916
7806,0.02395959012210369
7807,0.11200869083404541
7808,0.003317178227007389
7809,0.038352832198143005
7810,0.007916559465229511
7811,0.06036844849586487
7812,0.011280875653028488
7813,0.03384451940655708
7814,0.007814993150532246
7815,0.025556374341249466
7816,0.0070198532193899155
7817,0.02081843465566635
7818,0.006485907826572657
7819,0.0075513748452067375
7820,0.00904121808707714
7821,0.05534884333610535
7822,0.004058363847434521
7823,0.025749446824193
7824,0.009877067990601063
7825,0.006696864031255245
7826,0.044353045523166656
7827,0.009452691301703453
7828,0.05692960321903229
7829,0.007158419117331505
7830,0.019872283563017845
7831,0.01928539387881756
7832,0.06633077561855316
7833,0.007139421999454498
7834,0.026642533019185066
7835,0.03163276985287666
7836,0.06425048410892487
7837,0.03756992891430855
7838,0.02463989146053791
7839,0.00776258297264576
7840,0.015605095773935318
7841,0.03165612369775772
7842,0.008676279336214066
7843,0.006359852384775877
7844,0.002582712098956108
7845,0.07462091743946075
7846,0.01777471974492073
7847,0.010033674538135529
7848,0.007509284652769566
7849,0.06497906148433685
7850,0.04879270866513252
7851,0.011200372129678726
7852,0.02952314354479313
7853,0.0061252182349562645
7854,0.028928138315677643
7855,0.008872756734490395
7856,0.018102798610925674
7857,0.0215279683470726
7858,0.033800214529037476
7859,0.020168190822005272
7860,0.006977205164730549
7861,0.019698400050401688
7862,0.06303250044584274
7863,0.01058262400329113
7864,0.016421541571617126
7865,0.025491196662187576
7866,0.004362002480775118
7867,0.007381608709692955
7868,0.0053148409351706505
7869,0.008055340498685837
7870,0.006205908954143524
7871,0.022406697273254395
7872,0.005791226401925087
7873,0.05825024098157883
7874,0.0053330035880208015
7875,0.002688314998522401
7876,0.024763548746705055
7877,0.014224454760551453
7878,0.004003449808806181
7879,0.005543860606849194
7880,0.035167939960956573
7881,0.023952778428792953
7882,0.03984323889017105
7883,0.016951361671090126
7884,0.052294887602329254
7885,0.004079555161297321
7886,0.05239735543727875
7887,0.006111070513725281
7888,0.009929144755005836
7889,0.017091376706957817
7890,0.06024071201682091
7891,0.005808679386973381
7892,0.009381868876516819
7893,0.022320453077554703
7894,0.018244024366140366
7895,0.015648290514945984
7896,0.007690879516303539
7897,0.007609558291733265
7898,0.04830877110362053
7899,0.010375979356467724
7900,0.005155613645911217
7901,0.020669255405664444
7902,0.017488079145550728
7903,0.014057108201086521
7904,0.004321448504924774
7905,0.056903399527072906
7906,0.013586325570940971
7907,0.0016092400765046477
7908,0.003297931980341673
7909,0.022698091343045235
7910,0.01725061982870102
7911,0.07303685694932938
7912,0.006096637807786465
7913,0.005108631681650877
7914,0.01061284076422453
7915,0.028976576402783394
7916,0.012628408148884773
7917,0.007449074648320675
7918,0.010518739931285381
7919,0.017948955297470093
7920,0.008164039812982082
7921,0.016476355493068695
7922,0.02725996822118759
7923,0.0040221926756203175
7924,0.007827425375580788
7925,0.004621770232915878
7926,0.024685509502887726
7927,0.08231441676616669
7928,0.0048035793006420135
7929,0.009947019629180431
7930,0.01715272292494774
7931,0.005560790188610554
7932,0.021565090864896774
7933,0.005569088272750378
7934,0.008607544004917145
7935,0.04026004299521446
7936,0.10285799205303192
7937,0.027935784310102463
7938,0.058317068964242935
7939,0.02701456844806671
7940,0.044973958283662796
7941,0.023925818502902985
7942,0.015348278917372227
7943,0.03254919499158859
7944,0.027891943231225014
7945,0.06993551552295685
7946,0.03027913346886635
7947,0.07256767898797989
7948,0.006332371383905411
7949,0.07669804990291595
7950,0.016315307468175888
7951,0.033780425786972046
7952,0.011920442804694176
7953,0.05777104198932648
7954,0.050114043056964874
7955,0.023195704445242882
7956,0.024657486006617546
7957,0.05060632526874542
7958,0.039792194962501526
7959,0.022875864058732986
7960,0.06810721755027771
7961,0.03321461006999016
7962,0.07188960909843445
7963,0.01960184797644615
7964,0.028639646247029305
7965,0.11005242168903351
7966,0.035792894661426544
7967,0.07675901055335999
7968,0.029751300811767578
7969,0.017189152538776398
7970,0.03280101343989372
7971,0.04228872060775757
7972,0.023004282265901566
7973,0.03132955729961395
7974,0.038162846118211746
7975,0.04266505688428879
7976,0.038246769458055496
7977,0.01749337464570999
7978,0.09009423106908798
7979,0.02227316051721573
7980,0.0426233634352684
7981,0.018959924578666687
7982,0.018770618364214897
7983,0.05111028254032135
7984,0.038092050701379776
7985,0.041666727513074875
7986,0.02082616090774536
7987,0.007287690415978432
7988,0.018838463351130486
7989,0.03206171467900276
7990,0.02373320236802101
7991,0.03189263120293617
7992,0.03870205208659172
7993,0.06909500062465668
7994,0.02277999557554722
7995,0.019719164818525314
7996,0.03195923566818237
7997,0.06558562815189362
7998,0.07295513898134232
7999,0.020142238587141037
8000,0.0671188086271286
8001,0.028161464259028435
8002,0.03843008726835251
8003,0.05036775767803192
8004,0.022449374198913574
8005,0.021260462701320648
8006,0.021229568868875504
8007,0.015278945676982403
8008,0.022172434255480766
8009,0.08346477150917053
8010,0.009500734508037567
8011,0.01664735935628414
8012,0.06742358207702637
8013,0.04205544292926788
8014,0.032439347356557846
8015,0.01660495437681675
8016,0.006595737766474485
8017,0.034762658178806305
8018,0.015192774124443531
8019,0.07743947952985764
8020,0.039082251489162445
8021,0.017225194722414017
8022,0.07584616541862488
8023,0.07677313685417175
8024,0.026475492864847183
8025,0.03192746639251709
8026,0.017857428640127182
8027,0.01721285469830036
8028,0.02137262001633644
8029,0.06964385509490967
8030,0.027740010991692543
8031,0.01694568432867527
8032,0.018371161073446274
8033,0.030172500759363174
8034,0.045858100056648254
8035,0.04033980891108513
8036,0.005972960032522678
8037,0.033655792474746704
8038,0.015815112739801407
8039,0.025773022323846817
8040,0.02206408418715
8041,0.08012444525957108
8042,0.02805103361606598
8043,0.017206594347953796
8044,0.08041941374540329
8045,0.008733733557164669
8046,0.033503126353025436
8047,0.03275609388947487
8048,0.006614053621888161
8049,0.005679318681359291
8050,0.028111524879932404
8051,0.013962658122181892
8052,0.021860267966985703
8053,0.01719311811029911
8054,0.02816925197839737
8055,0.008925179950892925
8056,0.007445614319294691
8057,0.07237052172422409
8058,0.011865806765854359
8059,0.02765033207833767
8060,0.046229880303144455
8061,0.07002262026071548
8062,0.028358953073620796
8063,0.10925347357988358
8064,0.005566958338022232
8065,0.015065789222717285
8066,0.016829947009682655
8067,0.058821503072977066
8068,0.011063676327466965
8069,0.004363237414509058
8070,0.02620784193277359
8071,0.004543402697890997
8072,0.009220561012625694
8073,0.004368780180811882
8074,0.05401289463043213
8075,0.0034122676588594913
8076,0.008335297927260399
8077,0.004270392470061779
8078,0.01406251173466444
8079,0.012873629108071327
8080,0.007904870435595512
8081,0.070870541036129
8082,0.01086052879691124
8083,0.014068689197301865
8084,0.008206671103835106
8085,0.008456801995635033
8086,0.025778338313102722
8087,0.010910444892942905
8088,0.018576307222247124
8089,0.006814913358539343
8090,0.003387214383110404
8091,0.013227998279035091
8092,0.002438879571855068
8093,0.002905034925788641
8094,0.003125566989183426
8095,0.01766802743077278
8096,0.008909742347896099
8097,0.011020435020327568
8098,0.010311352089047432
8099,0.0062719001434743404
8100,0.003123322268947959
8101,0.003050227416679263
8102,0.004605751950293779
8103,0.005010655149817467
8104,0.0060153985396027565
8105,0.0020659961737692356
8106,0.010182090103626251
8107,0.0638149082660675
8108,0.003459353931248188
8109,0.03906231373548508
8110,0.0056135328486561775
8111,0.008911597542464733
8112,0.004127925261855125
8113,0.00334603781811893
8114,0.01600473001599312
8115,0.009355174377560616
8116,0.007667942438274622
8117,0.012679936364293098
8118,0.014457411132752895
8119,0.03213895112276077
8120,0.06240314245223999
8121,0.03456713631749153
8122,0.005049529019743204
8123,0.022541843354701996
8124,0.005987170618027449
8125,0.005454780533909798
8126,0.006482534576207399
8127,0.02516699768602848
8128,0.006304229609668255
8129,0.024773288518190384
8130,0.004008034244179726
8131,0.003454719204455614
8132,0.022825177758932114
8133,0.039798304438591
8134,0.00468059815466404
8135,0.006902283523231745
8136,0.01544718723744154
8137,0.005262099206447601
8138,0.003511137794703245
8139,0.02418508380651474
8140,0.003965044394135475
8141,0.002220489550381899
8142,0.004347681067883968
8143,0.016764618456363678
8144,0.03250221908092499
8145,0.037130460143089294
8146,0.005799752194434404
8147,0.035494107753038406
8148,0.007684759795665741
8149,0.014096046797931194
8150,0.008591708727180958
8151,0.00568176805973053
8152,0.0063272500410676
8153,0.008315032348036766
8154,0.005055840127170086
8155,0.009895304217934608
8156,0.0167673472315073
8157,0.006109154783189297
8158,0.004129144363105297
8159,0.028343727812170982
8160,0.002400892088189721
8161,0.003131116973236203
8162,0.0208988506346941
8163,0.010922602377831936
8164,0.005470139905810356
8165,0.004111250396817923
8166,0.0032461811788380146
8167,0.011107619851827621
8168,0.0038499999791383743
8169,0.00289731053635478
8170,0.0041901301592588425
8171,0.012729344889521599
8172,0.026393823325634003
8173,0.0025053832214325666
8174,0.0033779439982026815
8175,0.01360973622649908
8176,0.006748523563146591
8177,0.008048040792346
8178,0.004095558077096939
8179,0.025198524817824364
8180,0.01037436630576849
8181,0.0041929432190954685
8182,0.024773169308900833
8183,0.003106183372437954
8184,0.01744159683585167
8185,0.025701753795146942
8186,0.007371945306658745
8187,0.013751554302871227
8188,0.010766912251710892
8189,0.01675136387348175
8190,0.04392346739768982
8191,0.005212776362895966
8192,0.003182613058015704
8193,0.06153393164277077
8194,0.0567658357322216
8195,0.015861107036471367
8196,0.01315659936517477
8197,0.07225926220417023
8198,0.022102296352386475
8199,0.039264217019081116
8200,0.009554905816912651
8201,0.015395384281873703
8202,0.05451608821749687
8203,0.005984906107187271
8204,0.023758649826049805
8205,0.01665925234556198
8206,0.03320903703570366
8207,0.03529080003499985
8208,0.04201125726103783
8209,0.00786793977022171
8210,0.01916409283876419
8211,0.011224061250686646
8212,0.019012020900845528
8213,0.09085497260093689
8214,0.010166153311729431
8215,0.040088117122650146
8216,0.015961017459630966
8217,0.010904401540756226
8218,0.028460321947932243
8219,0.006678680889308453
8220,0.01386717613786459
8221,0.00281197065487504
8222,0.031183987855911255
8223,0.0102292625233531
8224,0.011970125138759613
8225,0.044911209493875504
8226,0.004063895437866449
8227,0.02694130688905716
8228,0.005317721515893936
8229,0.003084625583142042
8230,0.015835251659154892
8231,0.055506039410829544
8232,0.08798988163471222
8233,0.007959423586726189
8234,0.026411814615130424
8235,0.021822489798069
8236,0.004881777334958315
8237,0.02011888101696968
8238,0.024554912000894547
8239,0.049824170768260956
8240,0.0107572041451931
8241,0.010387512855231762
8242,0.05388790741562843
8243,0.03445325419306755
8244,0.037493884563446045
8245,0.006388524081557989
8246,0.01691504567861557
8247,0.013420581817626953
8248,0.005899767857044935
8249,0.01953859254717827
8250,0.003243521321564913
8251,0.009404422715306282
8252,0.015656303614377975
8253,0.005370638333261013
8254,0.004652821458876133
8255,0.01008167676627636
8256,0.017507223412394524
8257,0.005754774436354637
8258,0.0396883599460125
8259,0.049286145716905594
8260,0.00413488456979394
8261,0.0022827230859547853
8262,0.032217297703027725
8263,0.058691952377557755
8264,0.02214273437857628
8265,0.005095813423395157
8266,0.006435740273445845
8267,0.0170680433511734
8268,0.055096402764320374
8269,0.010484891012310982
8270,0.0032471846789121628
8271,0.004590062890201807
8272,0.05929015576839447
8273,0.01715695485472679
8274,0.039312075823545456
8275,0.02675468847155571
8276,0.02593795396387577
8277,0.04239138960838318
8278,0.0036874411161988974
8279,0.0027256915345788
8280,0.009377636015415192
8281,0.03646335378289223
8282,0.013479507528245449
8283,0.02470508962869644
8284,0.006306974217295647
8285,0.01143803820014
8286,0.02427552081644535
8287,0.019963836297392845
8288,0.005642500706017017
8289,0.052689820528030396
8290,0.033695727586746216
8291,0.008953550830483437
8292,0.0036799567751586437
8293,0.014998047612607479
8294,0.013836891390383244
8295,0.037743885070085526
8296,0.013120817951858044
8297,0.008149637840688229
8298,0.016782913357019424
8299,0.03865271806716919
8300,0.01284419558942318
8301,0.01755329594016075
8302,0.024930883198976517
8303,0.017313728109002113
8304,0.012772309593856335
8305,0.020092694088816643
8306,0.005981210619211197
8307,0.032956626266241074
8308,0.012296327389776707
8309,0.03886234015226364
8310,0.0040092566050589085
8311,0.010994166135787964
8312,0.006034473888576031
8313,0.021764270961284637
8314,0.005710702855139971
8315,0.008413620293140411
8316,0.0261412113904953
8317,0.002843983005732298
8318,0.007064438425004482
8319,0.044051021337509155
8320,0.03743113577365875
8321,0.007110848091542721
8322,0.005177318584173918
8323,0.06192269176244736
8324,0.02005700208246708
8325,0.05599067732691765
8326,0.0308449137955904
8327,0.009525049477815628
8328,0.020025376230478287
8329,0.0249346774071455
8330,0.007355057634413242
8331,0.040779732167720795
8332,0.011046668514609337
8333,0.05711289867758751
8334,0.002663270104676485
8335,0.04542087763547897
8336,0.013950997032225132
8337,0.025958916172385216
8338,0.015697743743658066
8339,0.009480294771492481
8340,0.035706713795661926
8341,0.016105245798826218
8342,0.0034600079525262117
8343,0.002323887776583433
8344,0.020511159673333168
8345,0.03566981106996536
8346,0.05529888719320297
8347,0.0536736324429512
8348,0.09921424835920334
8349,0.004695909097790718
8350,0.02682066336274147
8351,0.010700543411076069
8352,0.041539471596479416
8353,0.029957348480820656
8354,0.004232924431562424
8355,0.024577423930168152
8356,0.020616082474589348
8357,0.07584604620933533
8358,0.02266133390367031
8359,0.017812591046094894
8360,0.026233980432152748
8361,0.022289125248789787
8362,0.01445393729954958
8363,0.017695557326078415
8364,0.047121524810791016
8365,0.060095325112342834
8366,0.026366688311100006
8367,0.02679985947906971
8368,0.030414115637540817
8369,0.011537687852978706
8370,0.011797396466135979
8371,0.006436087191104889
8372,0.013890000991523266
8373,0.040834590792655945
8374,0.022053467109799385
8375,0.005595377646386623
8376,0.024187812581658363
8377,0.043889593333005905
8378,0.008569985628128052
8379,0.010343124158680439
8380,0.005394748877733946
8381,0.03908229246735573
8382,0.03644435852766037
8383,0.029840698465704918
8384,0.015105636790394783
8385,0.010937049984931946
8386,0.0067353881895542145
8387,0.005291233770549297
8388,0.007862541824579239
8389,0.027857966721057892
8390,0.009819035418331623
8391,0.011725328862667084
8392,0.01915055699646473
8393,0.007877589203417301
8394,0.017561571672558784
8395,0.04662075638771057
8396,0.028937187045812607
8397,0.022302350029349327
8398,0.035654839128255844
8399,0.0029073713812977076
8400,0.019517062231898308
8401,0.04462346062064171
8402,0.05653926357626915
8403,0.009338214993476868
8404,0.006359167397022247
8405,0.03513912111520767
8406,0.014548568055033684
8407,0.012201734818518162
8408,0.03504352271556854
8409,0.01934557408094406
8410,0.010245831683278084
8411,0.011111080646514893
8412,0.025585956871509552
8413,0.011496767401695251
8414,0.024820763617753983
8415,0.0037758746184408665
8416,0.015445498749613762
8417,0.015251003205776215
8418,0.006562410853803158
8419,0.029289621859788895
8420,0.004271262791007757
8421,0.007757122628390789
8422,0.009252175688743591
8423,0.003951378632336855
8424,0.005365114659070969
8425,0.008441475220024586
8426,0.005213981494307518
8427,0.02327711507678032
8428,0.004215999506413937
8429,0.04188007116317749
8430,0.029428919777274132
8431,0.020298758521676064
8432,0.021038802340626717
8433,0.006200766656547785
8434,0.007280413992702961
8435,0.022309042513370514
8436,0.045449450612068176
8437,0.024900570511817932
8438,0.013308554887771606
8439,0.023937461897730827
8440,0.015491271391510963
8441,0.003094315528869629
8442,0.029788315296173096
8443,0.018487827852368355
8444,0.013746244832873344
8445,0.02210349775850773
8446,0.0033183428458869457
8447,0.025270581245422363
8448,0.012033537030220032
8449,0.0027662483043968678
8450,0.021614868193864822
8451,0.09214528650045395
8452,0.05400991439819336
8453,0.053780388087034225
8454,0.004683390259742737
8455,0.06325986236333847
8456,0.023031534627079964
8457,0.025131752714514732
8458,0.06070910394191742
8459,0.0522364005446434
8460,0.043690748512744904
8461,0.07517191767692566
8462,0.04593730717897415
8463,0.16398479044437408
8464,0.029187198728322983
8465,0.06335021555423737
8466,0.062231115996837616
8467,0.023299891501665115
8468,0.04369955137372017
8469,0.040411774069070816
8470,0.013928379863500595
8471,0.012471236288547516
8472,0.015120361931622028
8473,0.026477523148059845
8474,0.017196528613567352
8475,0.023661639541387558
8476,0.01527588814496994
8477,0.014622972346842289
8478,0.012743806466460228
8479,0.05536868795752525
8480,0.014829707331955433
8481,0.057629041373729706
8482,0.020589547231793404
8483,0.06059501692652702
8484,0.07680931687355042
8485,0.03795066103339195
8486,0.022299552336335182
8487,0.005905277095735073
8488,0.005815628916025162
8489,0.03565063700079918
8490,0.019626034423708916
8491,0.005411107558757067
8492,0.020699139684438705
8493,0.057101376354694366
8494,0.013627925887703896
8495,0.038963574916124344
8496,0.027491141110658646
8497,0.061606649309396744
8498,0.02181883156299591
8499,0.009819580242037773
8500,0.0478181354701519
8501,0.007492887321859598
8502,0.01968981698155403
8503,0.032903119921684265
8504,0.06892399489879608
8505,0.00994851067662239
8506,0.012761807069182396
8507,0.017981193959712982
8508,0.020359894260764122
8509,0.025885913521051407
8510,0.05608184263110161
8511,0.0234653539955616
8512,0.012306109070777893
8513,0.055633217096328735
8514,0.05257479101419449
8515,0.02931964583694935
8516,0.04667779058218002
8517,0.012048682197928429
8518,0.020138198509812355
8519,0.00857977382838726
8520,0.025956399738788605
8521,0.027887675911188126
8522,0.05504292994737625
8523,0.019898079335689545
8524,0.01858840137720108
8525,0.03360377997159958
8526,0.018584366887807846
8527,0.024053046479821205
8528,0.02548058331012726
8529,0.011686861515045166
8530,0.014877807348966599
8531,0.030749507248401642
8532,0.01165173202753067
8533,0.006440953351557255
8534,0.012599221430718899
8535,0.09171375632286072
8536,0.009904103353619576
8537,0.007857276126742363
8538,0.018006689846515656
8539,0.0037368431221693754
8540,0.012887181714177132
8541,0.0769161805510521
8542,0.006072947755455971
8543,0.013834689743816853
8544,0.016338340938091278
8545,0.030101187527179718
8546,0.019269883632659912
8547,0.00554730836302042
8548,0.01429283432662487
8549,0.04221443459391594
8550,0.03775633126497269
8551,0.04290330037474632
8552,0.021174829453229904
8553,0.02641645260155201
8554,0.02074526809155941
8555,0.07351145148277283
8556,0.010530279949307442
8557,0.01977432705461979
8558,0.03691662475466728
8559,0.020206501707434654
8560,0.020582985132932663
8561,0.038083575665950775
8562,0.03477246314287186
8563,0.0024932753294706345
8564,0.01984056644141674
8565,0.011826924979686737
8566,0.009188001975417137
8567,0.0170443058013916
8568,0.007235578261315823
8569,0.003203448373824358
8570,0.020021554082632065
8571,0.028611600399017334
8572,0.03023265302181244
8573,0.010818644426763058
8574,0.03295229375362396
8575,0.013667279854416847
8576,0.015412768349051476
8577,0.015614978969097137
8578,0.03450813144445419
8579,0.050162896513938904
8580,0.03820142149925232
8581,0.14014333486557007
8582,0.030323155224323273
8583,0.01676371321082115
8584,0.0141150476410985
8585,0.015496188774704933
8586,0.018463201820850372
8587,0.06622941046953201
8588,0.023605337366461754
8589,0.04492473602294922
8590,0.022138245403766632
8591,0.004863041453063488
8592,0.03205167502164841
8593,0.044127143919467926
8594,0.014704054221510887
8595,0.00745308306068182
8596,0.046305909752845764
8597,0.04717111214995384
8598,0.02837897650897503
8599,0.006133777089416981
8600,0.03594731166958809
8601,0.06369048357009888
8602,0.011719842441380024
8603,0.007702955510467291
8604,0.04655076190829277
8605,0.022811902686953545
8606,0.00996241346001625
8607,0.07641317695379257
8608,0.004289125092327595
8609,0.016731375828385353
8610,0.007497689686715603
8611,0.04115454852581024
8612,0.011407354846596718
8613,0.010449226945638657
8614,0.016152428463101387
8615,0.007134764455258846
8616,0.014886214397847652
8617,0.013181486167013645
8618,0.01316838338971138
8619,0.03057859092950821
8620,0.04291868209838867
8621,0.04342897981405258
8622,0.035523805767297745
8623,0.03624064475297928
8624,0.038351137191057205
8625,0.03299235180020332
8626,0.06202869489789009
8627,0.015253163874149323
8628,0.029855843633413315
8629,0.08236376941204071
8630,0.06048376113176346
8631,0.02875235304236412
8632,0.012787981890141964
8633,0.007483476772904396
8634,0.00997927226126194
8635,0.01575489714741707
8636,0.039774492383003235
8637,0.030510514974594116
8638,0.01521243155002594
8639,0.027113236486911774
8640,0.011696248315274715
8641,0.009916523471474648
8642,0.025048280134797096
8643,0.01868300698697567
8644,0.013236511498689651
8645,0.013226868584752083
8646,0.017023181542754173
8647,0.007279432378709316
8648,0.016636312007904053
8649,0.00289738061837852
8650,0.06097684055566788
8651,0.016752347350120544
8652,0.0035738088190555573
8653,0.025473615154623985
8654,0.03429053723812103
8655,0.01375020481646061
8656,0.08127652108669281
8657,0.009794119745492935
8658,0.019459683448076248
8659,0.01474788598716259
8660,0.07180783152580261
8661,0.03735549747943878
8662,0.013856502249836922
8663,0.014770966954529285
8664,0.019612297415733337
8665,0.04567071422934532
8666,0.02186223864555359
8667,0.03453303873538971
8668,0.032875753939151764
8669,0.011113259941339493
8670,0.028164977207779884
8671,0.025189891457557678
8672,0.017864055931568146
8673,0.002549773780629039
8674,0.07574144005775452
8675,0.005139445420354605
8676,0.02342548966407776
8677,0.0366678461432457
8678,0.058338671922683716
8679,0.04485063999891281
8680,0.02295142412185669
8681,0.03316809982061386
8682,0.031697239726781845
8683,0.00736297108232975
8684,0.012136449106037617
8685,0.04118554666638374
8686,0.021465016528964043
8687,0.03609837219119072
8688,0.02544936165213585
8689,0.023010829463601112
8690,0.013870500028133392
8691,0.01937730237841606
8692,0.010387323796749115
8693,0.01745697297155857
8694,0.017559394240379333
8695,0.0249869916588068
8696,0.010769080370664597
8697,0.02513287588953972
8698,0.021099019795656204
8699,0.021388808265328407
8700,0.016367988660931587
8701,0.013748513534665108
8702,0.012897651642560959
8703,0.017710523679852486
8704,0.013403044082224369
8705,0.013581870123744011
8706,0.05444855988025665
8707,0.014943672344088554
8708,0.021250007674098015
8709,0.041230905801057816
8710,0.006300327368080616
8711,0.028258871287107468
8712,0.04140201583504677
8713,0.02884294092655182
8714,0.03830452263355255
8715,0.03252469375729561
8716,0.03583373874425888
8717,0.03848874568939209
8718,0.02267404831945896
8719,0.008155976422131062
8720,0.02350485697388649
8721,0.015966346487402916
8722,0.0042107561603188515
8723,0.009905286133289337
8724,0.04204132780432701
8725,0.013829721137881279
8726,0.018939783796668053
8727,0.04392310976982117
8728,0.0312509648501873
8729,0.005524398759007454
8730,0.007479397114366293
8731,0.00806473195552826
8732,0.006942265667021275
8733,0.0396382138133049
8734,0.1004229262471199
8735,0.004159065429121256
8736,0.05224433168768883
8737,0.010545164346694946
8738,0.08286058902740479
8739,0.011393606662750244
8740,0.0015899004647508264
8741,0.0442781001329422
8742,0.00792227778583765
8743,0.011172912083566189
8744,0.004415111616253853
8745,0.054484158754348755
8746,0.013927547261118889
8747,0.04521750658750534
8748,0.008803639560937881
8749,0.013406073674559593
8750,0.04892243444919586
8751,0.010370874777436256
8752,0.017883766442537308
8753,0.015032801777124405
8754,0.02819676510989666
8755,0.03500199690461159
8756,0.030824443325400352
8757,0.0281788669526577
8758,0.023260828107595444
8759,0.02603299170732498
8760,0.00728311063721776
8761,0.005696823820471764
8762,0.02235087752342224
8763,0.010250089690089226
8764,0.01862727850675583
8765,0.03404949605464935
8766,0.03417244926095009
8767,0.0022323355078697205
8768,0.02609546110033989
8769,0.0201343335211277
8770,0.02227211743593216
8771,0.018519829958677292
8772,0.02478470653295517
8773,0.031153354793787003
8774,0.007339516654610634
8775,0.011540544219315052
8776,0.02230820059776306
8777,0.017128387466073036
8778,0.01749255880713463
8779,0.018983082845807076
8780,0.011392632499337196
8781,0.03604185953736305
8782,0.0036532310768961906
8783,0.00992807187139988
8784,0.013746922835707664
8785,0.026953529566526413
8786,0.02255414053797722
8787,0.010662375018000603
8788,0.004823348484933376
8789,0.017242994159460068
8790,0.01004810445010662
8791,0.011994902044534683
8792,0.008539835922420025
8793,0.02285848930478096
8794,0.005301710218191147
8795,0.014189150184392929
8796,0.045054271817207336
8797,0.039281174540519714
8798,0.002268774900585413
8799,0.005664213094860315
8800,0.0109737329185009
8801,0.0058130500838160515
8802,0.008744599297642708
8803,0.03086239844560623
8804,0.014390954747796059
8805,0.015240296721458435
8806,0.01475683692842722
8807,0.03419465199112892
8808,0.022894253954291344
8809,0.010185625404119492
8810,0.0033190438989549875
8811,0.003339140210300684
8812,0.020880820229649544
8813,0.012655158527195454
8814,0.00568476552143693
8815,0.022306177765130997
8816,0.011685343459248543
8817,0.05322270095348358
8818,0.0081042954698205
8819,0.006412730552256107
8820,0.0480126217007637
8821,0.01891324855387211
8822,0.053659651428461075
8823,0.005602095276117325
8824,0.005851005669683218
8825,0.003987404052168131
8826,0.03187309205532074
8827,0.0034079691395163536
8828,0.02462306059896946
8829,0.02022155188024044
8830,0.0099037429317832
8831,0.003482000669464469
8832,0.006260440219193697
8833,0.018289269879460335
8834,0.03388352692127228
8835,0.008382825180888176
8836,0.006725918501615524
8837,0.03327043354511261
8838,0.012749535031616688
8839,0.00823186431080103
8840,0.022762058302760124
8841,0.011669958010315895
8842,0.08957740664482117
8843,0.015466786921024323
8844,0.036274369806051254
8845,0.021731654182076454
8846,0.004439428448677063
8847,0.03274167329072952
8848,0.029277179390192032
8849,0.004660428501665592
8850,0.05178537964820862
8851,0.02262864075601101
8852,0.02435961738228798
8853,0.06508827954530716
8854,0.0059610046446323395
8855,0.01796581596136093
8856,0.006280228495597839
8857,0.00507659837603569
8858,0.018001079559326172
8859,0.005108400713652372
8860,0.004226974211633205
8861,0.007779565639793873
8862,0.04413357004523277
8863,0.04856041073799133
8864,0.013663046061992645
8865,0.05576663464307785
8866,0.013287921436131
8867,0.0318412184715271
8868,0.028613420203328133
8869,0.021530304104089737
8870,0.008923353627324104
8871,0.014565369114279747
8872,0.005819087848067284
8873,0.02150006592273712
8874,0.010390426963567734
8875,0.004005367401987314
8876,0.008331202901899815
8877,0.012704752385616302
8878,0.02448456548154354
8879,0.006404310930520296
8880,0.02974734455347061
8881,0.01086641289293766
8882,0.05200979858636856
8883,0.013126859441399574
8884,0.012743107043206692
8885,0.020092105492949486
8886,0.003820937592536211
8887,0.009335600771009922
8888,0.021187417209148407
8889,0.011621762067079544
8890,0.007087677251547575
8891,0.00377927185036242
8892,0.023920344188809395
8893,0.010833178646862507
8894,0.008960970677435398
8895,0.021113738417625427
8896,0.009928375482559204
8897,0.00651388056576252
8898,0.00837479718029499
8899,0.019278835505247116
8900,0.06340403109788895
8901,0.0348859541118145
8902,0.004448528401553631
8903,0.007888127118349075
8904,0.016241542994976044
8905,0.013191662728786469
8906,0.015690427273511887
8907,0.003430586075410247
8908,0.038101088255643845
8909,0.01834123581647873
8910,0.018577469512820244
8911,0.02074849233031273
8912,0.004723815247416496
8913,0.013133344240486622
8914,0.006265319883823395
8915,0.006870003882795572
8916,0.00778583949431777
8917,0.009194763377308846
8918,0.004873686470091343
8919,0.029482975602149963
8920,0.01880825310945511
8921,0.004707264713943005
8922,0.01746753416955471
8923,0.019594166427850723
8924,0.00339397881180048
8925,0.008859062567353249
8926,0.011408020742237568
8927,0.005347876809537411
8928,0.0024952352978289127
8929,0.02250656485557556
8930,0.012467149645090103
8931,0.0018823347054421902
8932,0.0029180042911320925
8933,0.002659069374203682
8934,0.03673943132162094
8935,0.022590210661292076
8936,0.003327383892610669
8937,0.008665459230542183
8938,0.0036390710156410933
8939,0.006921322084963322
8940,0.007917193695902824
8941,0.015963565558195114
8942,0.01705111935734749
8943,0.009552253410220146
8944,0.002439976204186678
8945,0.004295780323445797
8946,0.008880975656211376
8947,0.02481350116431713
8948,0.024629196152091026
8949,0.06035751476883888
8950,0.023401323705911636
8951,0.013461403548717499
8952,0.011677438393235207
8953,0.011063145473599434
8954,0.00974410679191351
8955,0.007551833987236023
8956,0.022319352254271507
8957,0.007081805728375912
8958,0.023492610082030296
8959,0.015913620591163635
8960,0.030350320041179657
8961,0.007632611319422722
8962,0.012364554218947887
8963,0.004192726220935583
8964,0.015143854543566704
8965,0.008405502885580063
8966,0.03202734887599945
8967,0.00868360884487629
8968,0.00471887830644846
8969,0.05245697870850563
8970,0.003446579445153475
8971,0.005031527020037174
8972,0.02435818314552307
8973,0.02937900833785534
8974,0.03720671311020851
8975,0.009304741397500038
8976,0.04266319051384926
8977,0.004602912813425064
8978,0.0020399363711476326
8979,0.005529753863811493
8980,0.027916060760617256
8981,0.05371516942977905
8982,0.00969325378537178
8983,0.06915736943483353
8984,0.025035621598362923
8985,0.041945669800043106
8986,0.06877787411212921
8987,0.006849684752523899
8988,0.004824923817068338
8989,0.05842097848653793
8990,0.02639087475836277
8991,0.05909305065870285
8992,0.023743577301502228
8993,0.01090290304273367
8994,0.07025362551212311
8995,0.013246729038655758
8996,0.03972826153039932
8997,0.014393770135939121
8998,0.04700782150030136
8999,0.04997195303440094
9000,0.00424142275005579
9001,0.055670686066150665
9002,0.045903388410806656
9003,0.007174964062869549
9004,0.04320414364337921
9005,0.010925039649009705
9006,0.030179936438798904
9007,0.005314921028912067
9008,0.006224025972187519
9009,0.02260003611445427
9010,0.005684047471731901
9011,0.01764776185154915
9012,0.020513206720352173
9013,0.01896047778427601
9014,0.029775675386190414
9015,0.026128774508833885
9016,0.05230065435171127
9017,0.012370786629617214
9018,0.005238495301455259
9019,0.02474871464073658
9020,0.004584111738950014
9021,0.030261186882853508
9022,0.009552368894219398
9023,0.004537892993539572
9024,0.01516688708215952
9025,0.020912926644086838
9026,0.013260998763144016
9027,0.008410083130002022
9028,0.02605980820953846
9029,0.01987817883491516
9030,0.002532979939132929
9031,0.06799211353063583
9032,0.013436208479106426
9033,0.004441623575985432
9034,0.00961940549314022
9035,0.008882813155651093
9036,0.006006930023431778
9037,0.027493443340063095
9038,0.05811801552772522
9039,0.00476318784058094
9040,0.013017771765589714
9041,0.01344711147248745
9042,0.03443581983447075
9043,0.02835760824382305
9044,0.013367370702326298
9045,0.02082701586186886
9046,0.01182942558079958
9047,0.021243292838335037
9048,0.030159439891576767
9049,0.01068911887705326
9050,0.03720429539680481
9051,0.006807470694184303
9052,0.003234911011531949
9053,0.0066911885514855385
9054,0.039130207151174545
9055,0.04792759194970131
9056,0.004421270918101072
9057,0.0017413696041330695
9058,0.029913725331425667
9059,0.04503791034221649
9060,0.0027872438076883554
9061,0.04190841689705849
9062,0.0023193771485239267
9063,0.007454052567481995
9064,0.017356988042593002
9065,0.03839753940701485
9066,0.003488988848403096
9067,0.015936769545078278
9068,0.008173280395567417
9069,0.019910559058189392
9070,0.005789294373244047
9071,0.03054027259349823
9072,0.004596329294145107
9073,0.003163818968459964
9074,0.026834761723876
9075,0.047206029295921326
9076,0.01262081041932106
9077,0.007362740579992533
9078,0.006414817646145821
9079,0.018766900524497032
9080,0.0020811567083001137
9081,0.007475255057215691
9082,0.07632987201213837
9083,0.03478332236409187
9084,0.019035186618566513
9085,0.01628764718770981
9086,0.004908639006316662
9087,0.008427857421338558
9088,0.007495787926018238
9089,0.006666014436632395
9090,0.09023749083280563
9091,0.02520972676575184
9092,0.028936296701431274
9093,0.023172827437520027
9094,0.004288999363780022
9095,0.0052223606035113335
9096,0.02049262821674347
9097,0.004479034338146448
9098,0.0069331335835158825
9099,0.01152409240603447
9100,0.004883556626737118
9101,0.010924635455012321
9102,0.026087217032909393
9103,0.007159976754337549
9104,0.0038365633226931095
9105,0.01611500233411789
9106,0.0032528024166822433
9107,0.011948034167289734
9108,0.038392215967178345
9109,0.0027472670190036297
9110,0.03835606575012207
9111,0.007085996679961681
9112,0.03864501044154167
9113,0.016606096178293228
9114,0.031283214688301086
9115,0.030722713097929955
9116,0.013003036379814148
9117,0.009026028215885162
9118,0.002918679267168045
9119,0.011327968910336494
9120,0.010527247563004494
9121,0.0012485126499086618
9122,0.012491541914641857
9123,0.04659821838140488
9124,0.03475988656282425
9125,0.0168665312230587
9126,0.002006363123655319
9127,0.008410162292420864
9128,0.022639691829681396
9129,0.035364214330911636
9130,0.0070691779255867004
9131,0.0035807215608656406
9132,0.0034011509269475937
9133,0.01274934783577919
9134,0.0035357922315597534
9135,0.023333925753831863
9136,0.007377125322818756
9137,0.026036448776721954
9138,0.004137765616178513
9139,0.0029394265729933977
9140,0.004368787631392479
9141,0.004784813616424799
9142,0.012189943343400955
9143,0.00849038828164339
9144,0.002806064672768116
9145,0.007498299703001976
9146,0.006090220529586077
9147,0.03662437945604324
9148,0.010042577981948853
9149,0.0019243983551859856
9150,0.01145746186375618
9151,0.03286762908101082
9152,0.028772305697202682
9153,0.0020358609035611153
9154,0.007795209065079689
9155,0.016553541645407677
9156,0.007559540681540966
9157,0.006680200807750225
9158,0.002981481608003378
9159,0.0027251550927758217
9160,0.020499704405665398
9161,0.0070734028704464436
9162,0.015556720085442066
9163,0.006107942201197147
9164,0.04523107409477234
9165,0.0025951748248189688
9166,0.01314640510827303
9167,0.007498025894165039
9168,0.009605925530195236
9169,0.0369323268532753
9170,0.029465889558196068
9171,0.015088692307472229
9172,0.002740824595093727
9173,0.0021801074035465717
9174,0.03215881064534187
9175,0.008319786749780178
9176,0.01931261084973812
9177,0.0037847491912543774
9178,0.005474856123328209
9179,0.0034316987730562687
9180,0.004223934840410948
9181,0.0073875002562999725
9182,0.03433973342180252
9183,0.0055471379309892654
9184,0.005309469066560268
9185,0.006875673308968544
9186,0.005376158282160759
9187,0.011670183390378952
9188,0.006018379703164101
9189,0.014878300949931145
9190,0.008701140992343426
9191,0.00629551662132144
9192,0.0019071090500801802
9193,0.0034098858013749123
9194,0.0033087246119976044
9195,0.04619497060775757
9196,0.01842932030558586
9197,0.023674553260207176
9198,0.0036121809389442205
9199,0.004029515199363232
9200,0.0016599935479462147
9201,0.005471354816108942
9202,0.001475251978263259
9203,0.024738986045122147
9204,0.0038175173103809357
9205,0.0169521551579237
9206,0.010317990556359291
9207,0.011106859892606735
9208,0.016837729141116142
9209,0.0027041088324040174
9210,0.025215784087777138
9211,0.0069377487525343895
9212,0.003250202164053917
9213,0.002708066487684846
9214,0.0350273922085762
9215,0.0020612438675016165
9216,0.006978490389883518
9217,0.032404087483882904
9218,0.04641156643629074
9219,0.017330704256892204
9220,0.005180127918720245
9221,0.03410347178578377
9222,0.004938360769301653
9223,0.011195923201739788
9224,0.006442079786211252
9225,0.006074101198464632
9226,0.005566418170928955
9227,0.024849992245435715
9228,0.009251019917428493
9229,0.004255970008671284
9230,0.004879822954535484
9231,0.003719205968081951
9232,0.0035384187940508127
9233,0.020986687391996384
9234,0.014752231538295746
9235,0.003674733452498913
9236,0.011429091915488243
9237,0.041183486580848694
9238,0.004677826538681984
9239,0.02608429454267025
9240,0.010702814906835556
9241,0.005978366360068321
9242,0.0115350391715765
9243,0.032136090099811554
9244,0.0644325390458107
9245,0.02740447036921978
9246,0.009508490562438965
9247,0.013030742295086384
9248,0.01412911806255579
9249,0.0027222102507948875
9250,0.004893311765044928
9251,0.022277578711509705
9252,0.04892989620566368
9253,0.055429086089134216
9254,0.03327006846666336
9255,0.013869741931557655
9256,0.006420581601560116
9257,0.00835034903138876
9258,0.03048432618379593
9259,0.027362048625946045
9260,0.03485751524567604
9261,0.003375957254320383
9262,0.008975635282695293
9263,0.005925196688622236
9264,0.004065996501594782
9265,0.007964590564370155
9266,0.004545970819890499
9267,0.034404341131448746
9268,0.021531937643885612
9269,0.00304380152374506
9270,0.006285766139626503
9271,0.008062494918704033
9272,0.05196052044630051
9273,0.007697477005422115
9274,0.00598007719963789
9275,0.0037962468340992928
9276,0.02202564850449562
9277,0.02013392001390457
9278,0.009061751887202263
9279,0.03382414951920509
9280,0.03325360640883446
9281,0.0025535167660564184
9282,0.0034694033674895763
9283,0.013663091696798801
9284,0.0034357323311269283
9285,0.004528519697487354
9286,0.0342232920229435
9287,0.01331520825624466
9288,0.0031156078912317753
9289,0.028906404972076416
9290,0.006835924461483955
9291,0.00965351052582264
9292,0.0069259461015462875
9293,0.009378372691571712
9294,0.0075746518559753895
9295,0.005917876958847046
9296,0.025189101696014404
9297,0.007596421986818314
9298,0.009221673011779785
9299,0.014595764689147472
9300,0.00835498794913292
9301,0.005078480578958988
9302,0.01312695536762476
9303,0.1386217176914215
9304,0.026397472247481346
9305,0.00424367468804121
9306,0.007112136110663414
9307,0.02475753054022789
9308,0.003632363397628069
9309,0.015731606632471085
9310,0.0069459849037230015
9311,0.005304544232785702
9312,0.012129314243793488
9313,0.018216142430901527
9314,0.011023338884115219
9315,0.004239306319504976
9316,0.024607064202427864
9317,0.012871002778410912
9318,0.012610344216227531
9319,0.003933623433113098
9320,0.010866434313356876
9321,0.005987180396914482
9322,0.01722780428826809
9323,0.006299032364040613
9324,0.006715083494782448
9325,0.03825075179338455
9326,0.004283537622541189
9327,0.01440477091819048
9328,0.012346437200903893
9329,0.026103928685188293
9330,0.004776151850819588
9331,0.009759919717907906
9332,0.0038434790913015604
9333,0.013640858232975006
9334,0.005015167407691479
9335,0.003893052926287055
9336,0.00960437674075365
9337,0.014073335565626621
9338,0.015238456428050995
9339,0.01623416692018509
9340,0.0065694241784513
9341,0.014087230898439884
9342,0.021561764180660248
9343,0.008725693449378014
9344,0.004821851849555969
9345,0.002673507435247302
9346,0.003859227290377021
9347,0.0040756408125162125
9348,0.009869825094938278
9349,0.003383057424798608
9350,0.00802307203412056
9351,0.004200340714305639
9352,0.007605398073792458
9353,0.020841585472226143
9354,0.0052734618075191975
9355,0.0021667173132300377
9356,0.017289845272898674
9357,0.01649019867181778
9358,0.024184565991163254
9359,0.06576826423406601
9360,0.002647457644343376
9361,0.011962363496422768
9362,0.007122884504497051
9363,0.002607684349641204
9364,0.00363144651055336
9365,0.054159197956323624
9366,0.0025526024401187897
9367,0.0034181890077888966
9368,0.05284983292222023
9369,0.005042931064963341
9370,0.011608332395553589
9371,0.02240685001015663
9372,0.052182748913764954
9373,0.015313426032662392
9374,0.0036366938147693872
9375,0.05136183649301529
9376,0.002474584151059389
9377,0.002310927724465728
9378,0.003905016928911209
9379,0.0063065411522984505
9380,0.003980203531682491
9381,0.0019523845985531807
9382,0.09334880113601685
9383,0.029660260304808617
9384,0.0044629862532019615
9385,0.0029317240696400404
9386,0.019460665062069893
9387,0.05192078649997711
9388,0.006564030423760414
9389,0.007017218507826328
9390,0.02474566362798214
9391,0.00911505427211523
9392,0.003976836334913969
9393,0.015780063346028328
9394,0.05834485590457916
9395,0.0370187945663929
9396,0.006830028723925352
9397,0.005773003213107586
9398,0.0036545442417263985
9399,0.010065607726573944
9400,0.006923214066773653
9401,0.0019887066446244717
9402,0.00413909088820219
9403,0.004477095790207386
9404,0.002560929860919714
9405,0.004583464004099369
9406,0.009565979242324829
9407,0.024442218244075775
9408,0.005035320296883583
9409,0.005431207828223705
9410,0.049138765782117844
9411,0.026156412437558174
9412,0.02533850446343422
9413,0.002790546277537942
9414,0.006429001688957214
9415,0.00207583443261683
9416,0.04458163306117058
9417,0.0024470477364957333
9418,0.0038470453582704067
9419,0.0032668663188815117
9420,0.009800278581678867
9421,0.019609671086072922
9422,0.003472729120403528
9423,0.0031190086156129837
9424,0.00501294294372201
9425,0.0027686087414622307
9426,0.009068195708096027
9427,0.007356762886047363
9428,0.004206307232379913
9429,0.006631809752434492
9430,0.0217595137655735
9431,0.054143600165843964
9432,0.0021020846907049417
9433,0.0040796492248773575
9434,0.004148268606513739
9435,0.0030624635983258486
9436,0.003402805421501398
9437,0.052747659385204315
9438,0.0339323952794075
9439,0.006313882768154144
9440,0.002078648889437318
9441,0.002070207614451647
9442,0.0024681498762220144
9443,0.007549535483121872
9444,0.003751869546249509
9445,0.01275615580379963
9446,0.01723659038543701
9447,0.0032028367277234793
9448,0.004381622653454542
9449,0.022331997752189636
9450,0.0019850318785756826
9451,0.0031087405513972044
9452,0.0036251479759812355
9453,0.002021459164097905
9454,0.006499664857983589
9455,0.004340539686381817
9456,0.0041023725643754005
9457,0.06784044206142426
9458,0.043862320482730865
9459,0.0024441294372081757
9460,0.050734300166368484
9461,0.0030299450736492872
9462,0.00506982859224081
9463,0.02136078290641308
9464,0.002742266980931163
9465,0.00756833516061306
9466,0.006337125785648823
9467,0.050304070115089417
9468,0.0038086995482444763
9469,0.01768776960670948
9470,0.006874087266623974
9471,0.004727850668132305
9472,0.07931336760520935
9473,0.003927961923182011
9474,0.036271680146455765
9475,0.00867379829287529
9476,0.11482472717761993
9477,0.021430814638733864
9478,0.004200619645416737
9479,0.03063504956662655
9480,0.006135663483291864
9481,0.008378494530916214
9482,0.06935074180364609
9483,0.0338580459356308
9484,0.02990785799920559
9485,0.08228866755962372
9486,0.010468277148902416
9487,0.08117379248142242
9488,0.042795129120349884
9489,0.06979028880596161
9490,0.04879147186875343
9491,0.028077390044927597
9492,0.025626609101891518
9493,0.04425857588648796
9494,0.025342779234051704
9495,0.01822623424232006
9496,0.029156694188714027
9497,0.02699010632932186
9498,0.009359467774629593
9499,0.004935571923851967
9500,0.017006149515509605
9501,0.05038665607571602
9502,0.028937458992004395
9503,0.10711174458265305
9504,0.004595601465553045
9505,0.04042702913284302
9506,0.008354349993169308
9507,0.009675895795226097
9508,0.029276486486196518
9509,0.02037316933274269
9510,0.029047761112451553
9511,0.054868895560503006
9512,0.01160101406276226
9513,0.028230998665094376
9514,0.01225278526544571
9515,0.08539633452892303
9516,0.027695052325725555
9517,0.05864936113357544
9518,0.03860340639948845
9519,0.07832276821136475
9520,0.022332455962896347
9521,0.029778480529785156
9522,0.008383779786527157
9523,0.004887851886451244
9524,0.05585167184472084
9525,0.009712958708405495
9526,0.04031887650489807
9527,0.04721195623278618
9528,0.04088582098484039
9529,0.02328142151236534
9530,0.045538533478975296
9531,0.029571261256933212
9532,0.010944871231913567
9533,0.0314108207821846
9534,0.04945089668035507
9535,0.020489025861024857
9536,0.012162364087998867
9537,0.03215035796165466
9538,0.017730839550495148
9539,0.003010704182088375
9540,0.06269339472055435
9541,0.012818860821425915
9542,0.07158708572387695
9543,0.014981202781200409
9544,0.02839071676135063
9545,0.029268531128764153
9546,0.01055927388370037
9547,0.009683012962341309
9548,0.005115681327879429
9549,0.040150340646505356
9550,0.011023943312466145
9551,0.05239826813340187
9552,0.03170520439743996
9553,0.006819440051913261
9554,0.006630057469010353
9555,0.03181242197751999
9556,0.009199446067214012
9557,0.00947248563170433
9558,0.022900652140378952
9559,0.02649979293346405
9560,0.017810115590691566
9561,0.07618380337953568
9562,0.028016751632094383
9563,0.04508477449417114
9564,0.04813252389431
9565,0.035303257405757904
9566,0.024757567793130875
9567,0.012550332583487034
9568,0.0056398832239210606
9569,0.0315144881606102
9570,0.02981342189013958
9571,0.027419213205575943
9572,0.013922736048698425
9573,0.03082076460123062
9574,0.018085971474647522
9575,0.054605357348918915
9576,0.021809440106153488
9577,0.022659465670585632
9578,0.027830280363559723
9579,0.017654573544859886
9580,0.04016784951090813
9581,0.023407209664583206
9582,0.03749031201004982
9583,0.041310857981443405
9584,0.020940158516168594
9585,0.008042988367378712
9586,0.01392262615263462
9587,0.00893289316445589
9588,0.027966249734163284
9589,0.017281513661146164
9590,0.04705879092216492
9591,0.02485978603363037
9592,0.01818469725549221
9593,0.07822637259960175
9594,0.07815193384885788
9595,0.042626071721315384
9596,0.01302267238497734
9597,0.026318755000829697
9598,0.020295824855566025
9599,0.04135308414697647
9600,0.07767851650714874
9601,0.010860500857234001
9602,0.02083190158009529
9603,0.03714152052998543
9604,0.01286931149661541
9605,0.03656122088432312
9606,0.04313927888870239
9607,0.023583155125379562
9608,0.025561988353729248
9609,0.07179509848356247
9610,0.0767383724451065
9611,0.013910643756389618
9612,0.009538321755826473
9613,0.05476754903793335
9614,0.01608746498823166
9615,0.013277167454361916
9616,0.024326065555214882
9617,0.07416290044784546
9618,0.009107431396842003
9619,0.04533810168504715
9620,0.015480774454772472
9621,0.0565376840531826
9622,0.02352992072701454
9623,0.012861259281635284
9624,0.047107286751270294
9625,0.1105552688241005
9626,0.031636808067560196
9627,0.02919141948223114
9628,0.013685066252946854
9629,0.021367821842432022
9630,0.024037867784500122
9631,0.04132535681128502
9632,0.0415913462638855
9633,0.10064338147640228
9634,0.06451959908008575
9635,0.010632704012095928
9636,0.03936157375574112
9637,0.019777728244662285
9638,0.01564004458487034
9639,0.016238469630479813
9640,0.018895223736763
9641,0.01933012157678604
9642,0.02308027632534504
9643,0.012565677054226398
9644,0.022773858159780502
9645,0.029647599905729294
9646,0.05117378011345863
9647,0.01185070350766182
9648,0.058578163385391235
9649,0.026758942753076553
9650,0.019667411223053932
9651,0.04795178025960922
9652,0.018753204494714737
9653,0.008435570634901524
9654,0.009027628228068352
9655,0.014467226341366768
9656,0.0667186826467514
9657,0.02951163612306118
9658,0.04154030233621597
9659,0.020855847746133804
9660,0.029226496815681458
9661,0.014743544161319733
9662,0.026998888701200485
9663,0.048117898404598236
9664,0.04177252948284149
9665,0.007964903488755226
9666,0.0074728685431182384
9667,0.02432272769510746
9668,0.03535118326544762
9669,0.022526852786540985
9670,0.05889036878943443
9671,0.014716451056301594
9672,0.024378832429647446
9673,0.022968262434005737
9674,0.02222706563770771
9675,0.06644941866397858
9676,0.02350470796227455
9677,0.018506567925214767
9678,0.0622539147734642
9679,0.06816792488098145
9680,0.019831310957670212
9681,0.05002806335687637
9682,0.006917859427630901
9683,0.013664293102920055
9684,0.02339666336774826
9685,0.016261154785752296
9686,0.04581216350197792
9687,0.008604200556874275
9688,0.03650720417499542
9689,0.01399263460189104
9690,0.03510699421167374
9691,0.027263162657618523
9692,0.04979719966650009
9693,0.009400691837072372
9694,0.011151878163218498
9695,0.05603324621915817
9696,0.0058199698105454445
9697,0.01843203604221344
9698,0.04224999248981476
9699,0.06299088150262833
9700,0.014065440744161606
9701,0.023511040955781937
9702,0.02018444985151291
9703,0.03752783313393593
9704,0.01673901453614235
9705,0.039047971367836
9706,0.02930033765733242
9707,0.012550786137580872
9708,0.0668901577591896
9709,0.017028149217367172
9710,0.02394036576151848
9711,0.020733317360281944
9712,0.012142391875386238
9713,0.024929217994213104
9714,0.02254059724509716
9715,0.03775604069232941
9716,0.01602335274219513
9717,0.033465828746557236
9718,0.085625559091568
9719,0.025414003059267998
9720,0.04084757715463638
9721,0.03717431798577309
9722,0.016907596960663795
9723,0.009068585932254791
9724,0.007323500234633684
9725,0.017777301371097565
9726,0.0161281768232584
9727,0.027398332953453064
9728,0.019850224256515503
9729,0.034863103181123734
9730,0.011865327134728432
9731,0.06680919229984283
9732,0.028580013662576675
9733,0.011699086986482143
9734,0.015284037217497826
9735,0.02104802057147026
9736,0.007435124833136797
9737,0.008294056169688702
9738,0.09456333518028259
9739,0.004278659820556641
9740,0.007725073490291834
9741,0.07824151962995529
9742,0.003228707006201148
9743,0.0021424517035484314
9744,0.004492343403398991
9745,0.003559855977073312
9746,0.003676829393953085
9747,0.0037461849860846996
9748,0.053702838718891144
9749,0.06719490885734558
9750,0.0039167944341897964
9751,0.021530289202928543
9752,0.007431686855852604
9753,0.004745091311633587
9754,0.041583478450775146
9755,0.043203432112932205
9756,0.07015861570835114
9757,0.010207722894847393
9758,0.044000294059515
9759,0.026257239282131195
9760,0.0031103910878300667
9761,0.0036407706793397665
9762,0.00821051374077797
9763,0.020544366911053658
9764,0.007333206944167614
9765,0.0054098316468298435
9766,0.09372155368328094
9767,0.02671477384865284
9768,0.003650433849543333
9769,0.003289413172751665
9770,0.006082094274461269
9771,0.00408882787451148
9772,0.016414310783147812
9773,0.0034965514205396175
9774,0.003611527383327484
9775,0.011670955456793308
9776,0.005825667176395655
9777,0.008867867290973663
9778,0.02936222404241562
9779,0.03170578181743622
9780,0.043828096240758896
9781,0.011696766130626202
9782,0.006554916966706514
9783,0.09832596778869629
9784,0.06345239281654358
9785,0.03894464671611786
9786,0.00609563896432519
9787,0.05927431583404541
9788,0.02094348333775997
9789,0.004880739375948906
9790,0.03936411440372467
9791,0.012819929048418999
9792,0.02839679829776287
9793,0.008271208964288235
9794,0.07461194694042206
9795,0.015108054503798485
9796,0.00760882580652833
9797,0.03304441645741463
9798,0.023382321000099182
9799,0.03656540811061859
9800,0.002952899783849716
9801,0.054490797221660614
9802,0.0047474331222474575
9803,0.03872010111808777
9804,0.0048137241974473
9805,0.03795204684138298
9806,0.002576961647719145
9807,0.007508163806051016
9808,0.016149286180734634
9809,0.016493678092956543
9810,0.023178581148386
9811,0.053469400852918625
9812,0.004188248421996832
9813,0.025058269500732422
9814,0.014963800087571144
9815,0.0038905723486095667
9816,0.0317477323114872
9817,0.04257563129067421
9818,0.003575586248189211
9819,0.008673269301652908
9820,0.005264246370643377
9821,0.009476604871451855
9822,0.015383092686533928
9823,0.029361601918935776
9824,0.01944362372159958
9825,0.060990311205387115
9826,0.007028060965240002
9827,0.010331474244594574
9828,0.011561587452888489
9829,0.019165581092238426
9830,0.013942851684987545
9831,0.0052829282358288765
9832,0.022253073751926422
9833,0.004962288774549961
9834,0.023824676871299744
9835,0.004381857812404633
9836,0.035537075251340866
9837,0.03817718103528023
9838,0.03184497728943825
9839,0.002205947646871209
9840,0.0037587236147373915
9841,0.0038748462684452534
9842,0.015935439616441727
9843,0.021663302555680275
9844,0.0613265261054039
9845,0.030064113438129425
9846,0.024035250768065453
9847,0.018579240888357162
9848,0.0464138425886631
9849,0.01942078024148941
9850,0.01117798127233982
9851,0.0025773323141038418
9852,0.010608668439090252
9853,0.01311429776251316
9854,0.020008962601423264
9855,0.020267773419618607
9856,0.005978471599519253
9857,0.011059421114623547
9858,0.03378017619252205
9859,0.01363428495824337
9860,0.040157586336135864
9861,0.008861096575856209
9862,0.019717995077371597
9863,0.019079823046922684
9864,0.021313317120075226
9865,0.005519515369087458
9866,0.00399053655564785
9867,0.0044775758869946
9868,0.07092992216348648
9869,0.009028789587318897
9870,0.08937894552946091
9871,0.0022115628235042095
9872,0.06784656643867493
9873,0.0549713633954525
9874,0.05559595301747322
9875,0.026932261884212494
9876,0.006819474510848522
9877,0.005956829059869051
9878,0.012975582852959633
9879,0.0048246970400214195
9880,0.02215742878615856
9881,0.004265842959284782
9882,0.026486104354262352
9883,0.042162828147411346
9884,0.006400514394044876
9885,0.0096867885440588
9886,0.00852044578641653
9887,0.007418185472488403
9888,0.003908025566488504
9889,0.004255685955286026
9890,0.08071491867303848
9891,0.016398215666413307
9892,0.008752504363656044
9893,0.008844997733831406
9894,0.006953023839741945
9895,0.03417553752660751
9896,0.0029311985708773136
9897,0.046699997037649155
9898,0.04171482101082802
9899,0.004769798368215561
9900,0.0201262217015028
9901,0.0050866021774709225
9902,0.006186353042721748
9903,0.012367099523544312
9904,0.009291823953390121
9905,0.023540128022432327
9906,0.015022576786577702
9907,0.010522269643843174
9908,0.05701758340001106
9909,0.013277805410325527
9910,0.006578139029443264
9911,0.007943459786474705
9912,0.004570689518004656
9913,0.0029240453150123358
9914,0.025425832718610764
9915,0.04515024274587631
9916,0.005576718132942915
9917,0.033324118703603745
9918,0.0044748736545443535
9919,0.008197719231247902
9920,0.03193330019712448
9921,0.019832462072372437
9922,0.012600087560713291
9923,0.02110244333744049
9924,0.00419748155400157
9925,0.010442170314490795
9926,0.007266167085617781
9927,0.01871981844305992
9928,0.0234341062605381
9929,0.00813314039260149
9930,0.009559577330946922
9931,0.010993528179824352
9932,0.013664199970662594
9933,0.008498355746269226
9934,0.04583340510725975
9935,0.00815399270504713
9936,0.008730735629796982
9937,0.02732541225850582
9938,0.002434314461424947
9939,0.0016473226714879274
9940,0.016451755538582802
9941,0.034203942865133286
9942,0.010287690907716751
9943,0.03236580267548561
9944,0.02508622407913208
9945,0.019928541034460068
9946,0.006239806767553091
9947,0.0025058984756469727
9948,0.003961360547691584
9949,0.006897643208503723
9950,0.0035016764886677265
9951,0.016352666541934013
9952,0.0019208566518500447
9953,0.007166869007050991
9954,0.01440977118909359
9955,0.01973608508706093
9956,0.04004140570759773
9957,0.017644908279180527
9958,0.01471509225666523
9959,0.01582680456340313
9960,0.014209656044840813
9961,0.007430755998939276
9962,0.008969969116151333
9963,0.008439318276941776
9964,0.009311135858297348
9965,0.0040711890906095505
9966,0.004482011776417494
9967,0.011117381043732166
9968,0.01164234708994627
9969,0.02136203832924366
9970,0.0030997730791568756
9971,0.03932911530137062
9972,0.020072992891073227
9973,0.002722470322623849
9974,0.0027213210705667734
9975,0.003247931133955717
9976,0.014841374009847641
9977,0.004838615655899048
9978,0.05444301664829254
9979,0.006701055448502302
9980,0.02948695793747902
9981,0.003586169332265854
9982,0.0143570052459836
9983,0.005020973738282919
9984,0.02774764597415924
9985,0.0066914549097418785
9986,0.019949957728385925
9987,0.0011078232200816274
9988,0.052638158202171326
9989,0.010450365021824837
9990,0.05736000835895538
9991,0.00782997626811266
9992,0.016626473516225815
9993,0.003532672766596079
9994,0.02860378473997116
9995,0.00699400482699275
9996,0.009248970076441765
9997,0.027500014752149582
9998,0.013522930443286896
9999,0.01456073485314846
10000,0.0012629670090973377
10001,0.039011213928461075
10002,0.03175921365618706
10003,0.0015087621286511421
10004,0.003995982930064201
10005,0.00652820011600852
10006,0.001286964165046811
10007,0.005758465733379126
10008,0.04018635302782059
10009,0.0011716755107045174
10010,0.008975173346698284
10011,0.0032471762970089912
10012,0.0036039070691913366
10013,0.008420654572546482
10014,0.037986870855093
10015,0.033630095422267914
10016,0.004338012542575598
10017,0.026401909068226814
10018,0.013628613203763962
10019,0.022623252123594284
10020,0.002764681586995721
10021,0.0012373693753033876
10022,0.002342481166124344
10023,0.01081292424350977
10024,0.005352353677153587
10025,0.005234392359852791
10026,0.03964876011013985
10027,0.001365897012874484
10028,0.005717569962143898
10029,0.05505002662539482
10030,0.0016493251314386725
10031,0.0220644511282444
10032,0.01161828264594078
10033,0.005963083356618881
10034,0.041921570897102356
10035,0.001947400625795126
10036,0.001110191224142909
10037,0.004076763987541199
10038,0.007618528325110674
10039,0.01326877623796463
10040,0.008154747076332569
10041,0.00884411670267582
10042,0.047309134155511856
10043,0.0021894010715186596
10044,0.00885867327451706
10045,0.01587761752307415
10046,0.0017532787751406431
10047,0.0678563117980957
10048,0.05754000321030617
10049,0.001429517986252904
10050,0.0024658164475113153
10051,0.003412858583033085
10052,0.005350799299776554
10053,0.007010786794126034
10054,0.010906334966421127
10055,0.021306484937667847
10056,0.0030377120710909367
10057,0.008099397644400597
10058,0.003979536239057779
10059,0.016413379460573196
10060,0.0033105905167758465
10061,0.002963497769087553
10062,0.0019586391281336546
10063,0.006140830460935831
10064,0.0011481548426672816
10065,0.008397111669182777
10066,0.013096624054014683
10067,0.009515741840004921
10068,0.00914357416331768
10069,0.03329747915267944
10070,0.008736077696084976
10071,0.0019066279055550694
10072,0.0009964811615645885
10073,0.03593619167804718
10074,0.0036881437990814447
10075,0.07670070976018906
10076,0.0018925550393760204
10077,0.010000383481383324
10078,0.008164999075233936
10079,0.02171194739639759
10080,0.0013504533562809229
10081,0.01756938546895981
10082,0.004610381089150906
10083,0.03637060895562172
10084,0.010468236170709133
10085,0.036106158047914505
10086,0.004146074876189232
10087,0.0092857601121068
10088,0.0020234992261976004
10089,0.008422717452049255
10090,0.0014920140383765101
10091,0.003969531040638685
10092,0.0044892108999192715
10093,0.0038409677799791098
10094,0.003116757143288851
10095,0.005204925313591957
10096,0.011071287095546722
10097,0.0023843056987971067
10098,0.01182740367949009
10099,0.031974513083696365
10100,0.002379424637183547
10101,0.0078080762177705765
10102,0.05701521039009094
10103,0.00799139030277729
10104,0.009458241984248161
10105,0.0010324276518076658
10106,0.0014475323259830475
10107,0.0013085041427984834
10108,0.008457795716822147
10109,0.035689543932676315
10110,0.027109703049063683
10111,0.007326454855501652
10112,0.06467108428478241
10113,0.00943729281425476
10114,0.0037169025745242834
10115,0.017251435667276382
10116,0.01948820985853672
10117,0.002567737363278866
10118,0.024863645434379578
10119,0.01976190134882927
10120,0.014766734093427658
10121,0.004338196478784084
10122,0.007134078070521355
10123,0.01607907935976982
10124,0.0454481765627861
10125,0.01570226065814495
10126,0.016257133334875107
10127,0.06365849822759628
10128,0.05144375562667847
10129,0.046328287571668625
10130,0.07165978103876114
10131,0.004724051803350449
10132,0.0020472772885113955
10133,0.012958427891135216
10134,0.018385007977485657
10135,0.03998192399740219
10136,0.014797143638134003
10137,0.016230687499046326
10138,0.0014825430698692799
10139,0.06925342977046967
10140,0.06802064180374146
10141,0.014865178614854813
10142,0.017940158024430275
10143,0.005698184948414564
10144,0.006272086873650551
10145,0.02336462214589119
10146,0.06504608690738678
10147,0.0016037826426327229
10148,0.015343518927693367
10149,0.0027290773577988148
10150,0.030276745557785034
10151,0.0032910932786762714
10152,0.0035004466772079468
10153,0.04650307074189186
10154,0.010962708853185177
10155,0.021072497591376305
10156,0.03201332688331604
10157,0.030325239524245262
10158,0.0027582314796745777
10159,0.007884418591856956
10160,0.020358242094516754
10161,0.03319115936756134
10162,0.004016591235995293
10163,0.007828989997506142
10164,0.019393540918827057
10165,0.04416442662477493
10166,0.02342318743467331
10167,0.0311401579529047
10168,0.004702167119830847
10169,0.051877301186323166
10170,0.009929466992616653
10171,0.00792405754327774
10172,0.03387661650776863
10173,0.0101828183978796
10174,0.0060852887108922005
10175,0.008861039765179157
10176,0.009200247935950756
10177,0.01633143052458763
10178,0.05154621601104736
10179,0.0036033247597515583
10180,0.0062277717515826225
10181,0.039215583354234695
10182,0.0033337941858917475
10183,0.0029868537094444036
10184,0.007128131575882435
10185,0.006756932009011507
10186,0.0021959941368550062
10187,0.026717722415924072
10188,0.010470571927726269
10189,0.009157332591712475
10190,0.02781081758439541
10191,0.010077053681015968
10192,0.0029668102506548166
10193,0.028179947286844254
10194,0.0085300263017416
10195,0.01048370636999607
10196,0.0035206428728997707
10197,0.004322473891079426
10198,0.019277865067124367
10199,0.00655122147873044
10200,0.014662939123809338
10201,0.005250321235507727
10202,0.030110564082860947
10203,0.06334441900253296
10204,0.003441630396991968
10205,0.034293051809072495
10206,0.0042782137170434
10207,0.02299334853887558
10208,0.011668034829199314
10209,0.01285184733569622
10210,0.003844850230962038
10211,0.007938279770314693
10212,0.004349639639258385
10213,0.008925776928663254
10214,0.03447125479578972
10215,0.037600912153720856
10216,0.002290134783834219
10217,0.020174965262413025
10218,0.02344321459531784
10219,0.006097972393035889
10220,0.011446787044405937
10221,0.0040993946604430676
10222,0.012727854773402214
10223,0.012411599978804588
10224,0.005437455140054226
10225,0.005803118925541639
10226,0.0013187418226152658
10227,0.008781803771853447
10228,0.017580222338438034
10229,0.005493229255080223
10230,0.0389774851500988
10231,0.00155731406994164
10232,0.028662055730819702
10233,0.012578493915498257
10234,0.0027802856639027596
10235,0.003947230987250805
10236,0.009673785418272018
10237,0.049086980521678925
10238,0.01712583377957344
10239,0.02602781169116497
10240,0.04865287244319916
10241,0.03543376550078392
10242,0.052926018834114075
10243,0.04064060002565384
10244,0.026564449071884155
10245,0.023548655211925507
10246,0.005480661056935787
10247,0.009769715368747711
10248,0.025575686246156693
10249,0.02830730751156807
10250,0.027729731053113937
10251,0.02629212476313114
10252,0.025817859917879105
10253,0.012643899768590927
10254,0.0027602477930486202
10255,0.03697965666651726
10256,0.0026450043078511953
10257,0.014456454664468765
10258,0.004088182467967272
10259,0.00691781984642148
10260,0.009233138523995876
10261,0.006880595348775387
10262,0.026376407593488693
10263,0.013248116709291935
10264,0.014729311689734459
10265,0.06886806339025497
10266,0.017098095268011093
10267,0.004631152842193842
10268,0.02885681577026844
10269,0.06758773326873779
10270,0.0437253899872303
10271,0.008569244295358658
10272,0.011943371966481209
10273,0.01428055390715599
10274,0.018831506371498108
10275,0.007432702928781509
10276,0.0072688632644712925
10277,0.012722206301987171
10278,0.009501350112259388
10279,0.018894974142313004
10280,0.009086842648684978
10281,0.00970803014934063
10282,0.005642388015985489
10283,0.02955222874879837
10284,0.04924667626619339
10285,0.001588854007422924
10286,0.023725666105747223
10287,0.015710005536675453
10288,0.015226218849420547
10289,0.004393830429762602
10290,0.031421154737472534
10291,0.007922975346446037
10292,0.005844056606292725
10293,0.01190483570098877
10294,0.010738551616668701
10295,0.06209076941013336
10296,0.008860871195793152
10297,0.0033682486973702908
10298,0.005498032085597515
10299,0.00292669958434999
10300,0.005270764697343111
10301,0.009149795398116112
10302,0.02339218370616436
10303,0.02437851019203663
10304,0.01455200556665659
10305,0.004372036550194025
10306,0.002233745763078332
10307,0.011648221872746944
10308,0.005955340340733528
10309,0.01938990131020546
10310,0.028349081054329872
10311,0.02361779659986496
10312,0.018814733251929283
10313,0.01988346502184868
10314,0.007413843646645546
10315,0.009393692016601562
10316,0.006840606220066547
10317,0.0037202625535428524
10318,0.005710836965590715
10319,0.009440194815397263
10320,0.0250257458537817
10321,0.0019740816205739975
10322,0.005624343641102314
10323,0.007327474653720856
10324,0.012564604170620441
10325,0.014196069911122322
10326,0.008619756437838078
10327,0.0448606014251709
10328,0.006357216276228428
10329,0.00807950273156166
10330,0.0177468191832304
10331,0.018874896690249443
10332,0.0054813870228827
10333,0.005055730696767569
10334,0.007612939924001694
10335,0.009055593982338905
10336,0.006086944602429867
10337,0.005213197786360979
10338,0.007177629508078098
10339,0.003476888407021761
10340,0.017855532467365265
10341,0.019000621512532234
10342,0.007105340715497732
10343,0.0065682679414749146
10344,0.0038324384950101376
10345,0.003745668102055788
10346,0.041170522570610046
10347,0.01360522024333477
10348,0.013001998886466026
10349,0.0067904177121818066
10350,0.004043524153530598
10351,0.0378672294318676
10352,0.009568554349243641
10353,0.017303084954619408
10354,0.009353176690638065
10355,0.0068857669830322266
10356,0.0043314434587955475
10357,0.00871925801038742
10358,0.07132362574338913
10359,0.022519530728459358
10360,0.003977993968874216
10361,0.004803936462849379
10362,0.00746169313788414
10363,0.010956043377518654
10364,0.0011999577982351184
10365,0.005418301559984684
10366,0.005907855927944183
10367,0.0032197353430092335
10368,0.012425771914422512
10369,0.004595152102410793
10370,0.06706979125738144
10371,0.027031995356082916
10372,0.02463245578110218
10373,0.02713712677359581
10374,0.06883596628904343
10375,0.020617716014385223
10376,0.057093292474746704
10377,0.017649788409471512
10378,0.03100145421922207
10379,0.013335508294403553
10380,0.02286796271800995
10381,0.009102026000618935
10382,0.003190202172845602
10383,0.019267158582806587
10384,0.019255386665463448
10385,0.08860011398792267
10386,0.07413356006145477
10387,0.04421458765864372
10388,0.017919862642884254
10389,0.019182361662387848
10390,0.03882518410682678
10391,0.015688661485910416
10392,0.023758184164762497
10393,0.005082784220576286
10394,0.1077052503824234
10395,0.032779209315776825
10396,0.01290115062147379
10397,0.025003133341670036
10398,0.009953668341040611
10399,0.04463319107890129
10400,0.014215422794222832
10401,0.014158149249851704
10402,0.016749143600463867
10403,0.006208908278495073
10404,0.06341070681810379
10405,0.04062316566705704
10406,0.02837161161005497
10407,0.028886351734399796
10408,0.021221498027443886
10409,0.018023595213890076
10410,0.034701310098171234
10411,0.01985642872750759
10412,0.010564352385699749
10413,0.06521542370319366
10414,0.006793332286179066
10415,0.016765205189585686
10416,0.09575676918029785
10417,0.022058134898543358
10418,0.022424520924687386
10419,0.06306993216276169
10420,0.012888193130493164
10421,0.055742934346199036
10422,0.002053441945463419
10423,0.029774382710456848
10424,0.07932697981595993
10425,0.04230136424303055
10426,0.03628038614988327
10427,0.005413677543401718
10428,0.001664104056544602
10429,0.031075041741132736
10430,0.013960471376776695
10431,0.01896699145436287
10432,0.07194501906633377
10433,0.012007327750325203
10434,0.019439665600657463
10435,0.06852107495069504
10436,0.030308140441775322
10437,0.06402075290679932
10438,0.04760013520717621
10439,0.004411972127854824
10440,0.0016574945766478777
10441,0.02596820704638958
10442,0.05270768329501152
10443,0.018270689994096756
10444,0.03837020695209503
10445,0.005041897762566805
10446,0.026699505746364594
10447,0.010599417611956596
10448,0.016138238832354546
10449,0.037602100521326065
10450,0.00997263565659523
10451,0.007529106922447681
10452,0.006029852665960789
10453,0.002389457542449236
10454,0.049007464200258255
10455,0.011896875686943531
10456,0.09233109652996063
10457,0.06794668734073639
10458,0.0023658715654164553
10459,0.03414469212293625
10460,0.02760273963212967
10461,0.03821118175983429
10462,0.029040956869721413
10463,0.013498494401574135
10464,0.025956636294722557
10465,0.06132936850190163
10466,0.023750852793455124
10467,0.006375754717737436
10468,0.0166587196290493
10469,0.019609276205301285
10470,0.016944441944360733
10471,0.0085580013692379
10472,0.08180510997772217
10473,0.004108731169253588
10474,0.00709321815520525
10475,0.005387966986745596
10476,0.00837140902876854
10477,0.002737578470259905
10478,0.014918098226189613
10479,0.003274548100307584
10480,0.01824745535850525
10481,0.03614875674247742
10482,0.0024935388937592506
10483,0.015302635729312897
10484,0.005008605308830738
10485,0.002615641336888075
10486,0.019518045708537102
10487,0.02941940538585186
10488,0.059223487973213196
10489,0.0048060608096420765
10490,0.0347096286714077
10491,0.07648857682943344
10492,0.005483531393110752
10493,0.05501216650009155
10494,0.1367466300725937
10495,0.0057299695909023285
10496,0.013460574671626091
10497,0.053473930805921555
10498,0.005510380491614342
10499,0.034709058701992035
10500,0.002537079621106386
10501,0.039233945310115814
10502,0.05586761608719826
10503,0.10333395004272461
10504,0.054528702050447464
10505,0.049366313964128494
10506,0.008024316281080246
10507,0.028445400297641754
10508,0.026402542367577553
10509,0.011576022021472454
10510,0.03459365665912628
10511,0.013974737375974655
10512,0.011900490149855614
10513,0.07753349095582962
10514,0.02421441860496998
10515,0.015299530699849129
10516,0.017869820818305016
10517,0.03393397107720375
10518,0.03263130411505699
10519,0.005196649581193924
10520,0.081020288169384
10521,0.024639492854475975
10522,0.004594631493091583
10523,0.008833028376102448
10524,0.04859274998307228
10525,0.08471155166625977
10526,0.03601469844579697
10527,0.042967818677425385
10528,0.06836315989494324
10529,0.019719410687685013
10530,0.01580124720931053
10531,0.028896568343043327
10532,0.026261288672685623
10533,0.05135026574134827
10534,0.03446872532367706
10535,0.021284718066453934
10536,0.01928251050412655
10537,0.05686324089765549
10538,0.007491725496947765
10539,0.04670828953385353
10540,0.006661377847194672
10541,0.03894120454788208
10542,0.03446049988269806
10543,0.007348037324845791
10544,0.013498377054929733
10545,0.013640151359140873
10546,0.004647849127650261
10547,0.015669435262680054
10548,0.006957266479730606
10549,0.07156671583652496
10550,0.012567519210278988
10551,0.09731192141771317
10552,0.002956175711005926
10553,0.005640853196382523
10554,0.014776968397200108
10555,0.04162028059363365
10556,0.014415713027119637
10557,0.02435331419110298
10558,0.03073420375585556
10559,0.08100777864456177
10560,0.040834683924913406
10561,0.06661239266395569
10562,0.008353413082659245
10563,0.01776510663330555
10564,0.06000533327460289
10565,0.006878445390611887
10566,0.026035379618406296
10567,0.04927665740251541
10568,0.03793303295969963
10569,0.012211548164486885
10570,0.028348591178655624
10571,0.01690126396715641
10572,0.035264257341623306
10573,0.0361047238111496
10574,0.006577862426638603
10575,0.007309334352612495
10576,0.06234908103942871
10577,0.06551111489534378
10578,0.005720451939851046
10579,0.009462027810513973
10580,0.0045873429626226425
10581,0.018080802634358406
10582,0.007470377720892429
10583,0.061387814581394196
10584,0.01528631430119276
10585,0.015397673472762108
10586,0.00479666143655777
10587,0.015875263139605522
10588,0.025562960654497147
10589,0.029604962095618248
10590,0.05581030622124672
10591,0.054867807775735855
10592,0.005402912385761738
10593,0.005426994524896145
10594,0.014507276937365532
10595,0.0025150077417492867
10596,0.07282840460538864
10597,0.003948989324271679
10598,0.002395543735474348
10599,0.012419169768691063
10600,0.05483122915029526
10601,0.015858503058552742
10602,0.012609262019395828
10603,0.0404718779027462
10604,0.0029636172112077475
10605,0.015167299658060074
10606,0.02451765350997448
10607,0.012198838405311108
10608,0.0721762478351593
10609,0.0034285082947462797
10610,0.044121742248535156
10611,0.054413653910160065
10612,0.023661743849515915
10613,0.007388993166387081
10614,0.03434029966592789
10615,0.009742790833115578
10616,0.04494114965200424
10617,0.02666543610394001
10618,0.014754720032215118
10619,0.02228877693414688
10620,0.007289682049304247
10621,0.08520439267158508
10622,0.01274521742016077
10623,0.04138127341866493
10624,0.07651232182979584
10625,0.013730213046073914
10626,0.008166691288352013
10627,0.049294762313365936
10628,0.045724570751190186
10629,0.0305634755641222
10630,0.04123944044113159
10631,0.08903780579566956
10632,0.011993846856057644
10633,0.026021001860499382
10634,0.026180632412433624
10635,0.07814471423625946
10636,0.06906966120004654
10637,0.02757183276116848
10638,0.026760917156934738
10639,0.02592305839061737
10640,0.054158154875040054
10641,0.009584838524460793
10642,0.050000809133052826
10643,0.05276385694742203
10644,0.0307602658867836
10645,0.021773196756839752
10646,0.02962563931941986
10647,0.06751509755849838
10648,0.005230980459600687
10649,0.03455648943781853
10650,0.05706081539392471
10651,0.03629293665289879
10652,0.023625541478395462
10653,0.006013866048306227
10654,0.05142628401517868
10655,0.0532568022608757
10656,0.03927407041192055
10657,0.02705596201121807
10658,0.022634293884038925
10659,0.02268250659108162
10660,0.00609460799023509
10661,0.018749859184026718
10662,0.03717287257313728
10663,0.04175180941820145
10664,0.00978051871061325
10665,0.04957279935479164
10666,0.023646751418709755
10667,0.010228889063000679
10668,0.011327503249049187
10669,0.02238272875547409
10670,0.008782207034528255
10671,0.0884605199098587
10672,0.03616376966238022
10673,0.010788649320602417
10674,0.01323922909796238
10675,0.03534884378314018
10676,0.05687004327774048
10677,0.031611692160367966
10678,0.030077064409852028
10679,0.01557774469256401
10680,0.01239285059273243
10681,0.11784816533327103
10682,0.025000115856528282
10683,0.06040416285395622
10684,0.011937656439840794
10685,0.02632702887058258
10686,0.03282802551984787
10687,0.04454349726438522
10688,0.0179118774831295
10689,0.02409052848815918
10690,0.03710315376520157
10691,0.07956217974424362
10692,0.025114424526691437
10693,0.008220733143389225
10694,0.011122962459921837
10695,0.014919590204954147
10696,0.011922496370971203
10697,0.011355822905898094
10698,0.02338278666138649
10699,0.022129159420728683
10700,0.02435477450489998
10701,0.0258945319801569
10702,0.009059427306056023
10703,0.03776963800191879
10704,0.034394413232803345
10705,0.013993460685014725
10706,0.04935825616121292
10707,0.006764558143913746
10708,0.06119243800640106
10709,0.07178980857133865
10710,0.01100463792681694
10711,0.023011036217212677
10712,0.05125270038843155
10713,0.019332027062773705
10714,0.047923337668180466
10715,0.07410850375890732
10716,0.024677671492099762
10717,0.020316995680332184
10718,0.03622401878237724
10719,0.01591898687183857
10720,0.01730445958673954
10721,0.015131864696741104
10722,0.0072247181087732315
10723,0.022630922496318817
10724,0.041275955736637115
10725,0.010646125301718712
10726,0.03287990763783455
10727,0.018568743020296097
10728,0.019766269251704216
10729,0.010866450145840645
10730,0.0507613867521286
10731,0.007421707734465599
10732,0.015065084211528301
10733,0.02323693409562111
10734,0.04113004356622696
10735,0.037674158811569214
10736,0.020953109487891197
10737,0.050891757011413574
10738,0.06447480618953705
10739,0.01994481310248375
10740,0.03528415784239769
10741,0.02694610133767128
10742,0.03270182013511658
10743,0.043545547872781754
10744,0.025636892765760422
10745,0.030703578144311905
10746,0.010128950700163841
10747,0.009717685170471668
10748,0.038284964859485626
10749,0.023866526782512665
10750,0.016524868085980415
10751,0.009951471351087093
10752,0.022038355469703674
10753,0.02205243892967701
10754,0.041965827345848083
10755,0.011629749089479446
10756,0.02485908940434456
10757,0.02435963600873947
10758,0.009673047810792923
10759,0.015942798927426338
10760,0.010267427191138268
10761,0.01824742741882801
10762,0.02049105614423752
10763,0.015155884437263012
10764,0.035190925002098083
10765,0.004987576510757208
10766,0.005626318044960499
10767,0.012264260090887547
10768,0.05432911589741707
10769,0.008430920541286469
10770,0.012721884995698929
10771,0.011404446326196194
10772,0.06539495289325714
10773,0.011167718097567558
10774,0.014982849359512329
10775,0.02230028621852398
10776,0.006276744417846203
10777,0.05774827301502228
10778,0.03502602502703667
10779,0.004621679894626141
10780,0.00817292183637619
10781,0.025838572531938553
10782,0.027151906862854958
10783,0.011099601164460182
10784,0.012142954394221306
10785,0.009181428700685501
10786,0.04474306479096413
10787,0.004309574607759714
10788,0.01336699165403843
10789,0.028732355684041977
10790,0.021138645708560944
10791,0.015949618071317673
10792,0.0028439315501600504
10793,0.023597441613674164
10794,0.006957073230296373
10795,0.02746182680130005
10796,0.014378194697201252
10797,0.014493757858872414
10798,0.016317494213581085
10799,0.0067632365971803665
10800,0.05045003071427345
10801,0.012276656925678253
10802,0.015807656571269035
10803,0.006297761108726263
10804,0.004536437802016735
10805,0.002901995088905096
10806,0.0033193801064044237
10807,0.02627108246088028
10808,0.002728668972849846
10809,0.030910715460777283
10810,0.003846560837700963
10811,0.051456525921821594
10812,0.01958981342613697
10813,0.002831393852829933
10814,0.011896010488271713
10815,0.011560622602701187
10816,0.014656231738626957
10817,0.017105914652347565
10818,0.0018940598238259554
10819,0.004361125640571117
10820,0.03736257925629616
10821,0.0034684622660279274
10822,0.007686838507652283
10823,0.008226041682064533
10824,0.012026229873299599
10825,0.022333957254886627
10826,0.006214445922523737
10827,0.003749080467969179
10828,0.024023782461881638
10829,0.0025287079624831676
10830,0.007377916947007179
10831,0.013256872072815895
10832,0.025712229311466217
10833,0.05215614661574364
10834,0.020866909995675087
10835,0.053334303200244904
10836,0.0035192202776670456
10837,0.008331844583153725
10838,0.010115260258316994
10839,0.006987889297306538
10840,0.011488066986203194
10841,0.004058409482240677
10842,0.014035701751708984
10843,0.01609731838107109
10844,0.0017386048566550016
10845,0.017764469608664513
10846,0.0045666806399822235
10847,0.040441740304231644
10848,0.0024309998843818903
10849,0.05634136125445366
10850,0.005424060393124819
10851,0.019123882055282593
10852,0.00548127107322216
10853,0.010756401345133781
10854,0.0038534021005034447
10855,0.010596656240522861
10856,0.021654125303030014
10857,0.003107782220467925
10858,0.03380550444126129
10859,0.0479414202272892
10860,0.007915854454040527
10861,0.005794598255306482
10862,0.005201308056712151
10863,0.007632271386682987
10864,0.011870783753693104
10865,0.03173666074872017
10866,0.011931369081139565
10867,0.04101265221834183
10868,0.0060445284470915794
10869,0.007612825836986303
10870,0.03377291187644005
10871,0.010712206363677979
10872,0.013097674585878849
10873,0.007053330074995756
10874,0.01762964017689228
10875,0.006090850569307804
10876,0.0067113833501935005
10877,0.0023779496550559998
10878,0.006015620194375515
10879,0.004559596534818411
10880,0.06644748151302338
10881,0.027930285781621933
10882,0.018831754103302956
10883,0.004382227081805468
10884,0.022554397583007812
10885,0.04408689960837364
10886,0.0073209498077631
10887,0.019163032993674278
10888,0.04866017401218414
10889,0.08211486041545868
10890,0.01601782627403736
10891,0.020386137068271637
10892,0.05921442061662674
10893,0.019179044291377068
10894,0.032087430357933044
10895,0.03976963832974434
10896,0.015626128762960434
10897,0.011139008216559887
10898,0.040383245795965195
10899,0.009235617704689503
10900,0.08656268566846848
10901,0.05354352667927742
10902,0.039477117359638214
10903,0.017130451276898384
10904,0.02826414629817009
10905,0.01660463586449623
10906,0.00429465901106596
10907,0.013535192236304283
10908,0.012254264205694199
10909,0.04210331290960312
10910,0.021033670753240585
10911,0.013048148714005947
10912,0.05445310100913048
10913,0.008302850648760796
10914,0.04364573955535889
10915,0.009671010076999664
10916,0.01580044999718666
10917,0.050867918878793716
10918,0.030522190034389496
10919,0.02124825306236744
10920,0.04578838124871254
10921,0.005890161730349064
10922,0.03434939682483673
10923,0.031829074025154114
10924,0.016961490735411644
10925,0.025595426559448242
10926,0.024965673685073853
10927,0.017749130725860596
10928,0.013570334762334824
10929,0.0035033682361245155
10930,0.009567496366798878
10931,0.02077014371752739
10932,0.04825583100318909
10933,0.03053465485572815
10934,0.0075287362560629845
10935,0.027462471276521683
10936,0.036716338247060776
10937,0.088862344622612
10938,0.01669463887810707
10939,0.014942577108740807
10940,0.011322647333145142
10941,0.009402117691934109
10942,0.026003871113061905
10943,0.018869910389184952
10944,0.012069953605532646
10945,0.005178523249924183
10946,0.008639552630484104
10947,0.02122320979833603
10948,0.042642053216695786
10949,0.005879951640963554
10950,0.03463296219706535
10951,0.027132635936141014
10952,0.01268693059682846
10953,0.013018433935940266
10954,0.033540479838848114
10955,0.06880326569080353
10956,0.004721327684819698
10957,0.06169112026691437
10958,0.04393745958805084
10959,0.00856796745210886
10960,0.02043267711997032
10961,0.009939519688487053
10962,0.003034209832549095
10963,0.012727736495435238
10964,0.004031549207866192
10965,0.035313695669174194
10966,0.01370252575725317
10967,0.010863464325666428
10968,0.09696997702121735
10969,0.033732183277606964
10970,0.013740397989749908
10971,0.007787065580487251
10972,0.009195297956466675
10973,0.003922789357602596
10974,0.01469838060438633
10975,0.02607007697224617
10976,0.060344014316797256
10977,0.011656912043690681
10978,0.020748870447278023
10979,0.03821001946926117
10980,0.025777854025363922
10981,0.033131372183561325
10982,0.054943379014730453
10983,0.019862979650497437
10984,0.012006780132651329
10985,0.0028374437242746353
10986,0.0158293005079031
10987,0.021991528570652008
10988,0.023351479321718216
10989,0.005495263263583183
10990,0.025314759463071823
10991,0.007106298115104437
10992,0.014159256592392921
10993,0.02950325980782509
10994,0.021468808874487877
10995,0.03851880505681038
10996,0.030016861855983734
10997,0.016627952456474304
10998,0.006099777761846781
10999,0.02938384935259819
11000,0.01666390709578991
11001,0.02805527299642563
11002,0.025388769805431366
11003,0.015849612653255463
11004,0.012405605055391788
11005,0.02032296732068062
11006,0.014962822198867798
11007,0.039351049810647964
11008,0.00884285569190979
11009,0.03625967353582382
11010,0.011793345212936401
11011,0.006802025251090527
11012,0.030260227620601654
11013,0.004907696507871151
11014,0.0039292904548347
11015,0.0030213110148906708
11016,0.0018227400723844767
11017,0.02316298335790634
11018,0.0040258378721773624
11019,0.03151155263185501
11020,0.03408320993185043
11021,0.0027460590936243534
11022,0.006251337006688118
11023,0.0068290564231574535
11024,0.015534152276813984
11025,0.002517601242288947
11026,0.01902509294450283
11027,0.009475520811975002
11028,0.009646741673350334
11029,0.006899022962898016
11030,0.004423096776008606
11031,0.0038147412706166506
11032,0.004274178296327591
11033,0.014955551363527775
11034,0.0020012117456644773
11035,0.003075332846492529
11036,0.006121376529335976
11037,0.03195961192250252
11038,0.004553044214844704
11039,0.01968786120414734
11040,0.023713698610663414
11041,0.010400308296084404
11042,0.013138927519321442
11043,0.02486678585410118
11044,0.004596937447786331
11045,0.005331840366125107
11046,0.012916184030473232
11047,0.0033638309687376022
11048,0.006585446652024984
11049,0.0019149621948599815
11050,0.014837326481938362
11051,0.0035232934169471264
11052,0.020418981090188026
11053,0.013340963050723076
11054,0.02350296825170517
11055,0.005081557668745518
11056,0.0028668008744716644
11057,0.031519655138254166
11058,0.001998939085751772
11059,0.025573065504431725
11060,0.0013794108526781201
11061,0.0068286750465631485
11062,0.0023674149997532368
11063,0.006781245581805706
11064,0.03216465935111046
11065,0.001775427139364183
11066,0.0027278545312583447
11067,0.008257672190666199
11068,0.00528103718534112
11069,0.007477798964828253
11070,0.012567954137921333
11071,0.0022083809599280357
11072,0.011335926130414009
11073,0.014148326590657234
11074,0.003401664551347494
11075,0.001983538269996643
11076,0.008844392374157906
11077,0.003082720097154379
11078,0.0029254816472530365
11079,0.008177724666893482
11080,0.024549666792154312
11081,0.0034851492382586002
11082,0.002605041489005089
11083,0.0035936404019594193
11084,0.002631316427141428
11085,0.008117420598864555
11086,0.0016475681914016604
11087,0.007552076131105423
11088,0.0035914324689656496
11089,0.0027498172130435705
11090,0.012620246037840843
11091,0.009452924132347107
11092,0.029394447803497314
11093,0.004042761400341988
11094,0.005186022724956274
11095,0.008222311735153198
11096,0.0043856436386704445
11097,0.023418784141540527
11098,0.0038313136901706457
11099,0.0035477597266435623
11100,0.001843088772147894
11101,0.0025853519327938557
11102,0.015420198440551758
11103,0.0027571632526814938
11104,0.004838121123611927
11105,0.00386401591822505
11106,0.010408097878098488
11107,0.0021704351529479027
11108,0.018202923238277435
11109,0.011317206546664238
11110,0.003693283535540104
11111,0.002731617074459791
11112,0.0035207574255764484
11113,0.006090930197387934
11114,0.005481838248670101
11115,0.022397760301828384
11116,0.00280881579965353
11117,0.025817332789301872
11118,0.0008145635947585106
11119,0.0038694555405527353
11120,0.013251186348497868
11121,0.004259586334228516
11122,0.002005347516387701
11123,0.001832632813602686
11124,0.012861606664955616
11125,0.001420509535819292
11126,0.0011355598689988256
11127,0.01348551083356142
11128,0.009772124700248241
11129,0.005485047586262226
11130,0.005223890766501427
11131,0.007190157659351826
11132,0.002538226777687669
11133,0.019997283816337585
11134,0.0021679699420928955
11135,0.002145275939255953
11136,0.01791292428970337
11137,0.02554522454738617
11138,0.004108618013560772
11139,0.0025218925438821316
11140,0.0031912783160805702
11141,0.02533179149031639
11142,0.030237270519137383
11143,0.04710652306675911
11144,0.0035366881638765335
11145,0.014616189524531364
11146,0.0028430758975446224
11147,0.05003715306520462
11148,0.004835065919905901
11149,0.0075145927257835865
11150,0.0059698098339140415
11151,0.0461546815931797
11152,0.019505567848682404
11153,0.01003195159137249
11154,0.07225187867879868
11155,0.017873644828796387
11156,0.003295441623777151
11157,0.012730921618640423
11158,0.028218451887369156
11159,0.029421264305710793
11160,0.07757933437824249
11161,0.027391565963625908
11162,0.016119759529829025
11163,0.0028113448061048985
11164,0.008394364267587662
11165,0.011227269656956196
11166,0.005405574571341276
11167,0.00231679854914546
11168,0.007019569631665945
11169,0.03569953888654709
11170,0.007579987868666649
11171,0.013395658694207668
11172,0.005921062547713518
11173,0.021637365221977234
11174,0.029583467170596123
11175,0.034624744206666946
11176,0.022303709760308266
11177,0.0042975349351763725
11178,0.0026842847000807524
11179,0.015468696132302284
11180,0.005389030557125807
11181,0.004318276420235634
11182,0.009138698689639568
11183,0.006190788932144642
11184,0.07431360334157944
11185,0.02903628908097744
11186,0.01838742382824421
11187,0.011536747217178345
11188,0.04988422244787216
11189,0.0034295213408768177
11190,0.004901925101876259
11191,0.011434524320065975
11192,0.01677209511399269
11193,0.02236061543226242
11194,0.013426290825009346
11195,0.008724872022867203
11196,0.034127023071050644
11197,0.01929217018187046
11198,0.01607251539826393
11199,0.0014375734608620405
11200,0.0015014836098998785
11201,0.03153068944811821
11202,0.0032246983610093594
11203,0.0015285266563296318
11204,0.009731329046189785
11205,0.005788188427686691
11206,0.03144114837050438
11207,0.008219115436077118
11208,0.026697464287281036
11209,0.02411028929054737
11210,0.028924521058797836
11211,0.0025920793414115906
11212,0.002280944027006626
11213,0.03674457594752312
11214,0.010106120258569717
11215,0.003194517223164439
11216,0.0028355359099805355
11217,0.0013638997916132212
11218,0.050750162452459335
11219,0.021765904501080513
11220,0.021300218999385834
11221,0.0329124890267849
11222,0.0025312043726444244
11223,0.021853864192962646
11224,0.027546711266040802
11225,0.03767756000161171
11226,0.031829796731472015
11227,0.020804017782211304
11228,0.010053705424070358
11229,0.006329355761408806
11230,0.0060036880895495415
11231,0.00561372097581625
11232,0.00490118283778429
11233,0.013628610409796238
11234,0.033423587679862976
11235,0.008628667332231998
11236,0.030475256964564323
11237,0.015221314504742622
11238,0.006847000680863857
11239,0.03845703974366188
11240,0.01231124997138977
11241,0.008941348642110825
11242,0.012534013949334621
11243,0.0058503481559455395
11244,0.016500722616910934
11245,0.012705577537417412
11246,0.030689537525177002
11247,0.027447134256362915
11248,0.006412130780518055
11249,0.006719960831105709
11250,0.01032511331140995
11251,0.017124973237514496
11252,0.004234462510794401
11253,0.004581513814628124
11254,0.012579497881233692
11255,0.03047482669353485
11256,0.008368246257305145
11257,0.0032796934247016907
11258,0.00475672259926796
11259,0.03377857431769371
11260,0.0014747194945812225
11261,0.029727142304182053
11262,0.009175182320177555
11263,0.02896103262901306
11264,0.019326724112033844
11265,0.009365054778754711
11266,0.005249937064945698
11267,0.008163658902049065
11268,0.006132965441793203
11269,0.0037645474076271057
11270,0.006215975619852543
11271,0.04239807277917862
11272,0.004235284402966499
11273,0.003903056960552931
11274,0.0173579640686512
11275,0.003138776635751128
11276,0.0027091694064438343
11277,0.00622110441327095
11278,0.0026409197598695755
11279,0.002707033883780241
11280,0.0028993391897529364
11281,0.05330579727888107
11282,0.014899497851729393
11283,0.06176489591598511
11284,0.004371711052954197
11285,0.012919705361127853
11286,0.005193626973778009
11287,0.0030542316380888224
11288,0.01810554414987564
11289,0.020663700997829437
11290,0.007475997321307659
11291,0.00416992325335741
11292,0.017618846148252487
11293,0.0052205221727490425
11294,0.0036655012518167496
11295,0.0028445092029869556
11296,0.0026692950632423162
11297,0.07869251817464828
11298,0.003060931572690606
11299,0.004531467333436012
11300,0.0013368097133934498
11301,0.0009415854001417756
11302,0.0016023856587707996
11303,0.013550671748816967
11304,0.01213713176548481
11305,0.005995631217956543
11306,0.011142691597342491
11307,0.004127336200326681
11308,0.005202348344027996
11309,0.0057083843275904655
11310,0.00318291992880404
11311,0.01963246427476406
11312,0.007119167596101761
11313,0.005719608627259731
11314,0.0018959005828946829
11315,0.016173115000128746
11316,0.002743347315117717
11317,0.001469191163778305
11318,0.053740423172712326
11319,0.016680613160133362
11320,0.0066716792061924934
11321,0.003509973408654332
11322,0.0015165777876973152
11323,0.003077443689107895
11324,0.0006101464387029409
11325,0.034002698957920074
11326,0.0025417525321245193
11327,0.0018695812905207276
11328,0.02236464060842991
11329,0.0031407393980771303
11330,0.0015724939294159412
11331,0.0018154880963265896
11332,0.06030656397342682
11333,0.0008991542854346335
11334,0.012076077982783318
11335,0.01177132222801447
11336,0.001351795857772231
11337,0.0035646683536469936
11338,0.012917110696434975
11339,0.003963576629757881
11340,0.006165140308439732
11341,0.00728698680177331
11342,0.026848280802369118
11343,0.002400715369731188
11344,0.04961173236370087
11345,0.0026045774575322866
11346,0.01102993730455637
11347,0.003909603226929903
11348,0.006311529781669378
11349,0.007666821591556072
11350,0.005318386480212212
11351,0.0034089158289134502
11352,0.002890900708734989
11353,0.011675149202346802
11354,0.006846296600997448
11355,0.0021038528066128492
11356,0.0043194349855184555
11357,0.002907420741394162
11358,0.012904192321002483
11359,0.00209456542506814
11360,0.013109160587191582
11361,0.004865528084337711
11362,0.04756685346364975
11363,0.0018752170726656914
11364,0.004596903454512358
11365,0.006824995391070843
11366,0.011681364849209785
11367,0.004727202467620373
11368,0.0013552617747336626
11369,0.00146589451469481
11370,0.003364268224686384
11371,0.0040307678282260895
11372,0.0033929962664842606
11373,0.014317179098725319
11374,0.003484007203951478
11375,0.0020008422434329987
11376,0.003935745917260647
11377,0.003030693158507347
11378,0.005047353450208902
11379,0.014125990681350231
11380,0.001349909696727991
11381,0.004900618921965361
11382,0.005322221200913191
11383,0.004109261091798544
11384,0.0027597942389547825
11385,0.002308943774551153
11386,0.0016186325810849667
11387,0.005876312498003244
11388,0.0014865461271256208
11389,0.0019642955157905817
11390,0.07928666472434998
11391,0.017878346145153046
11392,0.004169396124780178
11393,0.0017002394888550043
11394,0.019027987495064735
11395,0.0021084884647279978
11396,0.004149078391492367
11397,0.09757533669471741
11398,0.05549659579992294
11399,0.11455807089805603
11400,0.023126263171434402
11401,0.08106747269630432
11402,0.01187797449529171
11403,0.08469117432832718
11404,0.04568885639309883
11405,0.016632812097668648
11406,0.02511528693139553
11407,0.008867025375366211
11408,0.010153697803616524
11409,0.014252042397856712
11410,0.00949198380112648
11411,0.031071467325091362
11412,0.019973311573266983
11413,0.08592750877141953
11414,0.03504704684019089
11415,0.007854834198951721
11416,0.022114770486950874
11417,0.049564458429813385
11418,0.028184501454234123
11419,0.038919489830732346
11420,0.043032899498939514
11421,0.026583723723888397
11422,0.02094309963285923
11423,0.008149256929755211
11424,0.021071316674351692
11425,0.12189752608537674
11426,0.0072269132360816
11427,0.04385264590382576
11428,0.0033678836189210415
11429,0.006012619938701391
11430,0.0038305274210870266
11431,0.0030852719210088253
11432,0.014879007823765278
11433,0.0057342518121004105
11434,0.008115407079458237
11435,0.03497203439474106
11436,0.008368663489818573
11437,0.058242715895175934
11438,0.009673936292529106
11439,0.05794421583414078
11440,0.040333233773708344
11441,0.02010698989033699
11442,0.008633047342300415
11443,0.07908417284488678
11444,0.028812982141971588
11445,0.03797338902950287
11446,0.07824556529521942
11447,0.03690791130065918
11448,0.015479826368391514
11449,0.042637016624212265
11450,0.05154027044773102
11451,0.008469631895422935
11452,0.0057534510269761086
11453,0.011666690930724144
11454,0.007032565772533417
11455,0.005119213834404945
11456,0.052676714956760406
11457,0.004610330797731876
11458,0.02059311419725418
11459,0.018518805503845215
11460,0.05466907471418381
11461,0.04748154431581497
11462,0.019937101751565933
11463,0.03922787308692932
11464,0.021112002432346344
11465,0.010633911937475204
11466,0.012388133443892002
11467,0.04477136582136154
11468,0.03940883278846741
11469,0.04093891382217407
11470,0.005334074608981609
11471,0.04540029540657997
11472,0.0022711046040058136
11473,0.0024934196844697
11474,0.0258182305842638
11475,0.006069684401154518
11476,0.009294421412050724
11477,0.025570625439286232
11478,0.012765778228640556
11479,0.06877347081899643
11480,0.01893935538828373
11481,0.03761395439505577
11482,0.010286889970302582
11483,0.03694267198443413
11484,0.014676505699753761
11485,0.024928536266088486
11486,0.01195930689573288
11487,0.023026512935757637
11488,0.003416517749428749
11489,0.03183119744062424
11490,0.02625584416091442
11491,0.022855807095766068
11492,0.0068357340060174465
11493,0.04524053633213043
11494,0.03416245058178902
11495,0.02414785511791706
11496,0.014321284368634224
11497,0.02554190717637539
11498,0.06717101484537125
11499,0.02045704796910286
11500,0.009311418980360031
11501,0.0033659753389656544
11502,0.008613796904683113
11503,0.01937064155936241
11504,0.04336937144398689
11505,0.07310546189546585
11506,0.015265535563230515
11507,0.0019527038093656301
11508,0.05232098698616028
11509,0.0062302034348249435
11510,0.005068217404186726
11511,0.012919208034873009
11512,0.012190014123916626
11513,0.02085186168551445
11514,0.04079675301909447
11515,0.008206799626350403
11516,0.01343478448688984
11517,0.0035635540261864662
11518,0.027117900550365448
11519,0.016039380803704262
11520,0.02946983277797699
11521,0.01588122919201851
11522,0.007770039141178131
11523,0.027864519506692886
11524,0.011934651993215084
11525,0.06025293469429016
11526,0.0900937020778656
11527,0.03869325667619705
11528,0.051642369478940964
11529,0.017123598605394363
11530,0.02358098141849041
11531,0.0109745804220438
11532,0.013457597233355045
11533,0.05936407297849655
11534,0.05602109804749489
11535,0.006219780538231134
11536,0.007949579507112503
11537,0.0496818944811821
11538,0.00253705820068717
11539,0.03463447839021683
11540,0.06411080062389374
11541,0.005299766547977924
11542,0.030688248574733734
11543,0.003990445286035538
11544,0.044884029775857925
11545,0.02476346679031849
11546,0.030653784051537514
11547,0.006721115205436945
11548,0.04602586477994919
11549,0.005342679563909769
11550,0.0795433521270752
11551,0.004013375379145145
11552,0.04258827120065689
11553,0.03335494175553322
11554,0.031660571694374084
11555,0.004447180312126875
11556,0.012090684846043587
11557,0.025299809873104095
11558,0.011786490678787231
11559,0.005659125745296478
11560,0.014773786067962646
11561,0.0334366112947464
11562,0.05040917918086052
11563,0.014743770472705364
11564,0.06430284678936005
11565,0.011162878945469856
11566,0.003338545560836792
11567,0.04341018944978714
11568,0.03571879491209984
11569,0.031310442835092545
11570,0.040991805493831635
11571,0.01644119992852211
11572,0.003447322640568018
11573,0.021971654146909714
11574,0.002160211093723774
11575,0.05195305868983269
11576,0.037080470472574234
11577,0.00822845846414566
11578,0.004413311369717121
11579,0.04149559140205383
11580,0.05165071412920952
11581,0.01621600054204464
11582,0.008037567138671875
11583,0.03117675706744194
11584,0.0042905183508992195
11585,0.005895659793168306
11586,0.005807978101074696
11587,0.02524416148662567
11588,0.018780989572405815
11589,0.01530198659747839
11590,0.031989991664886475
11591,0.013497216627001762
11592,0.014833117835223675
11593,0.01736350730061531
11594,0.03285776078701019
11595,0.02542763762176037
11596,0.05718569457530975
11597,0.011902895756065845
11598,0.006200321018695831
11599,0.027433646842837334
11600,0.01014458667486906
11601,0.048039358109235764
11602,0.007103971671313047
11603,0.00656879972666502
11604,0.023623786866664886
11605,0.029275134205818176
11606,0.00805608183145523
11607,0.004291902296245098
11608,0.003545418381690979
11609,0.050003230571746826
11610,0.021755263209342957
11611,0.055316317826509476
11612,0.016617434099316597
11613,0.017210543155670166
11614,0.014367923140525818
11615,0.05130259692668915
11616,0.012491440400481224
11617,0.009384604170918465
11618,0.007748211268335581
11619,0.004887559916824102
11620,0.007799530401825905
11621,0.04433264583349228
11622,0.0037668836303055286
11623,0.037598468363285065
11624,0.033988818526268005
11625,0.038662273436784744
11626,0.047010183334350586
11627,0.005967337638139725
11628,0.012546597048640251
11629,0.011756667867302895
11630,0.007583938539028168
11631,0.04298881068825722
11632,0.006904035806655884
11633,0.037482112646102905
11634,0.019118782132864
11635,0.05349252372980118
11636,0.0041355653665959835
11637,0.0070845563896000385
11638,0.00452237855643034
11639,0.022361034527420998
11640,0.05031470209360123
11641,0.0067971511743962765
11642,0.06929104775190353
11643,0.012954041361808777
11644,0.009838314726948738
11645,0.015117265284061432
11646,0.020590731874108315
11647,0.03892330452799797
11648,0.06610371172428131
11649,0.03313779830932617
11650,0.008250076323747635
11651,0.0511811226606369
11652,0.07331967353820801
11653,0.031582701951265335
11654,0.029660433530807495
11655,0.059947893023490906
11656,0.0201780516654253
11657,0.04597838595509529
11658,0.05991128459572792
11659,0.06215300038456917
11660,0.07432986795902252
11661,0.005582734942436218
11662,0.03327179700136185
11663,0.015455365180969238
11664,0.03212229907512665
11665,0.05781089887022972
11666,0.04301028698682785
11667,0.00612239446491003
11668,0.04160075634717941
11669,0.00491779251024127
11670,0.024576982483267784
11671,0.00991346500813961
11672,0.019472835585474968
11673,0.015565237030386925
11674,0.011288078501820564
11675,0.01069346722215414
11676,0.08307862281799316
11677,0.021119676530361176
11678,0.0056320177391171455
11679,0.01682133600115776
11680,0.04181472584605217
11681,0.027669396251440048
11682,0.009436327964067459
11683,0.021049441769719124
11684,0.014346187002956867
11685,0.027928492054343224
11686,0.009216845035552979
11687,0.0684019923210144
11688,0.009045612998306751
11689,0.026731764897704124
11690,0.010505910962820053
11691,0.003222015453502536
11692,0.011633412912487984
11693,0.03988338261842728
11694,0.016742808744311333
11695,0.03395833075046539
11696,0.11878129839897156
11697,0.030185140669345856
11698,0.0571880117058754
11699,0.016234006732702255
11700,0.009919989854097366
11701,0.0030715041793882847
11702,0.05015591159462929
11703,0.042561545968055725
11704,0.01212388463318348
11705,0.0671907290816307
11706,0.013248110190033913
11707,0.004652943927794695
11708,0.056942131370306015
11709,0.008105427026748657
11710,0.013693040236830711
11711,0.01567256823182106
11712,0.01960020512342453
11713,0.020045362412929535
11714,0.048628609627485275
11715,0.036465004086494446
11716,0.04006361961364746
11717,0.003932773135602474
11718,0.032499659806489944
11719,0.06922386586666107
11720,0.011039330624043941
11721,0.016435794532299042
11722,0.00267724203877151
11723,0.04465401545166969
11724,0.06738656014204025
11725,0.016936827450990677
11726,0.008545216172933578
11727,0.05868726596236229
11728,0.006103303283452988
11729,0.04923348128795624
11730,0.06942973285913467
11731,0.005393961910158396
11732,0.06236986070871353
11733,0.027916448190808296
11734,0.015037663280963898
11735,0.027542594820261
11736,0.01240139827132225
11737,0.014179415069520473
11738,0.03626519441604614
11739,0.0027753817848861217
11740,0.01038539782166481
11741,0.002738242270424962
11742,0.004350828006863594
11743,0.018526803702116013
11744,0.017484523355960846
11745,0.030997149646282196
11746,0.013111693784594536
11747,0.014811377041041851
11748,0.046097006648778915
11749,0.012280645780265331
11750,0.02154630981385708
11751,0.04746706783771515
11752,0.004777218215167522
11753,0.017613062635064125
11754,0.015569647774100304
11755,0.02776569128036499
11756,0.00843740813434124
11757,0.029066750779747963
11758,0.03683663159608841
11759,0.0073532359674572945
11760,0.010226118378341198
11761,0.01573171652853489
11762,0.03795637935400009
11763,0.007730645127594471
11764,0.06462917476892471
11765,0.030884983018040657
11766,0.007067345082759857
11767,0.02991584502160549
11768,0.04255340248346329
11769,0.006834565661847591
11770,0.003889214713126421
11771,0.015779439359903336
11772,0.060580573976039886
11773,0.009511413052678108
11774,0.009335112757980824
11775,0.05305568501353264
11776,0.02746470272541046
11777,0.04913196712732315
11778,0.016530517488718033
11779,0.012333311140537262
11780,0.017106182873249054
11781,0.023124461993575096
11782,0.02735106647014618
11783,0.05512690916657448
11784,0.02905065193772316
11785,0.06304574012756348
11786,0.02807813510298729
11787,0.0543777234852314
11788,0.016688013449311256
11789,0.0734674483537674
11790,0.07424432039260864
11791,0.015676070004701614
11792,0.020875008776783943
11793,0.0331103652715683
11794,0.031733542680740356
11795,0.06181902438402176
11796,0.033074572682380676
11797,0.06311813741922379
11798,0.042236462235450745
11799,0.0931026041507721
11800,0.05991406738758087
11801,0.05033748596906662
11802,0.04094803333282471
11803,0.030978688970208168
11804,0.06489430367946625
11805,0.011780970729887486
11806,0.04038378596305847
11807,0.030263308435678482
11808,0.055404312908649445
11809,0.042482905089855194
11810,0.03741573914885521
11811,0.029200054705142975
11812,0.05637148395180702
11813,0.06355921924114227
11814,0.029273949563503265
11815,0.017730027437210083
11816,0.023579062893986702
11817,0.03787464275956154
11818,0.0433298796415329
11819,0.07586241513490677
11820,0.028003061190247536
11821,0.030277622863650322
11822,0.013851650059223175
11823,0.018642043694853783
11824,0.05609424412250519
11825,0.0167559627443552
11826,0.007433011196553707
11827,0.05430591478943825
11828,0.033647142350673676
11829,0.05628669634461403
11830,0.0793030634522438
11831,0.08934592455625534
11832,0.02052411250770092
11833,0.024848369881510735
11834,0.009611563757061958
11835,0.012705635279417038
11836,0.012535125017166138
11837,0.03567103296518326
11838,0.019938413053750992
11839,0.03306298330426216
11840,0.02816452644765377
11841,0.012812435626983643
11842,0.05739196017384529
11843,0.02691575326025486
11844,0.023772045969963074
11845,0.02398497238755226
11846,0.023483213037252426
11847,0.05493168905377388
11848,0.014908572658896446
11849,0.02010427787899971
11850,0.017427874729037285
11851,0.0076445345766842365
11852,0.01702887937426567
11853,0.061757251620292664
11854,0.004626204259693623
11855,0.06175237521529198
11856,0.08276215195655823
11857,0.03973979502916336
11858,0.0062429350800812244
11859,0.02827208675444126
11860,0.06102953478693962
11861,0.021038664504885674
11862,0.010096272453665733
11863,0.034583404660224915
11864,0.055516600608825684
11865,0.06794410943984985
11866,0.05281548202037811
11867,0.009031437337398529
11868,0.03332158550620079
11869,0.015871698036789894
11870,0.04500487446784973
11871,0.05799271911382675
11872,0.016981031745672226
11873,0.011742557398974895
11874,0.018498944118618965
11875,0.01918085664510727
11876,0.03496050462126732
11877,0.008825411088764668
11878,0.02358132228255272
11879,0.03322644904255867
11880,0.042754195630550385
11881,0.023768052458763123
11882,0.03643536940217018
11883,0.08973675966262817
11884,0.019071221351623535
11885,0.010354260914027691
11886,0.023235667496919632
11887,0.04817347973585129
11888,0.012803024612367153
11889,0.01113496907055378
11890,0.047832537442445755
11891,0.00568856718018651
11892,0.05323551595211029
11893,0.030391300097107887
11894,0.025745855644345284
11895,0.03880409896373749
11896,0.01974494196474552
11897,0.022303901612758636
11898,0.05302247405052185
11899,0.06359800696372986
11900,0.03568664938211441
11901,0.029120996594429016
11902,0.029102280735969543
11903,0.03316689282655716
11904,0.03102065809071064
11905,0.036439310759305954
11906,0.03275217115879059
11907,0.04193190485239029
11908,0.07612612098455429
11909,0.042421530932188034
11910,0.022738799452781677
11911,0.030752593651413918
11912,0.0637810081243515
11913,0.03990525007247925
11914,0.04007147252559662
11915,0.03513539209961891
11916,0.027929700911045074
11917,0.050613805651664734
11918,0.0437982901930809
11919,0.044719722121953964
11920,0.030123252421617508
11921,0.018012462183833122
11922,0.02706289105117321
11923,0.05019122734665871
11924,0.06044672429561615
11925,0.028427034616470337
11926,0.012210937216877937
11927,0.028345786035060883
11928,0.027984116226434708
11929,0.015721570700407028
11930,0.019344763830304146
11931,0.013201633468270302
11932,0.04175271466374397
11933,0.02645029127597809
11934,0.018585413694381714
11935,0.016232354566454887
11936,0.017916208133101463
11937,0.06692078709602356
11938,0.02732677198946476
11939,0.03923436999320984
11940,0.0404248908162117
11941,0.03549309819936752
11942,0.021315494552254677
11943,0.026771586388349533
11944,0.01890871301293373
11945,0.05316617712378502
11946,0.023459136486053467
11947,0.006728271953761578
11948,0.037394799292087555
11949,0.04587109759449959
11950,0.03427984192967415
11951,0.03273860365152359
11952,0.010966037400066853
11953,0.025730816647410393
11954,0.012810152024030685
11955,0.022828686982393265
11956,0.025080211460590363
11957,0.050654858350753784
11958,0.03530574589967728
11959,0.02681395225226879
11960,0.03748582303524017
11961,0.02265351079404354
11962,0.018363669514656067
11963,0.020681820809841156
11964,0.02177690714597702
11965,0.016768472269177437
11966,0.014598731882870197
11967,0.012334801256656647
11968,0.04114785045385361
11969,0.03229279816150665
11970,0.027231991291046143
11971,0.02763267792761326
11972,0.0327877476811409
11973,0.00963643193244934
11974,0.036422476172447205
11975,0.0107372235506773
11976,0.010220296680927277
11977,0.04235447198152542
11978,0.012115616351366043
11979,0.032192960381507874
11980,0.01991414465010166
11981,0.028391221538186073
11982,0.02309063822031021
11983,0.041290875524282455
11984,0.0065009696409106255
11985,0.03733912855386734
11986,0.03304322808980942
11987,0.022431543096899986
11988,0.02271907404065132
11989,0.01739773526787758
11990,0.026536405086517334
11991,0.03424878418445587
11992,0.023313481360673904
11993,0.01350055169314146
11994,0.017499756067991257
11995,0.03299775719642639
11996,0.025392871350049973
11997,0.053036294877529144
11998,0.015498995780944824
11999,0.027385888621211052
12000,0.02097029611468315
12001,0.015617799945175648
12002,0.01656377874314785
12003,0.013219404965639114
12004,0.012160922400653362
12005,0.02528650499880314
12006,0.02300264686346054
12007,0.048553626984357834
12008,0.018230848014354706
12009,0.011822857894003391
12010,0.03744518384337425
12011,0.020535949617624283
12012,0.0073222815990448
12013,0.023081162944436073
12014,0.03731779009103775
12015,0.013849192298948765
12016,0.04444025084376335
12017,0.008609925396740437
12018,0.028380855917930603
12019,0.019597992300987244
12020,0.03932540863752365
12021,0.008624959737062454
12022,0.017010921612381935
12023,0.029640667140483856
12024,0.028225183486938477
12025,0.010463288053870201
12026,0.011328780092298985
12027,0.048263948410749435
12028,0.018405430018901825
12029,0.02423148974776268
12030,0.014843223616480827
12031,0.03166734427213669
12032,0.025852803140878677
12033,0.040996186435222626
12034,0.0068472204729914665
12035,0.031930483877658844
12036,0.025180187076330185
12037,0.04687090218067169
12038,0.03819805383682251
12039,0.08437466621398926
12040,0.024690082296729088
12041,0.004127643536776304
12042,0.011648290790617466
12043,0.014663072302937508
12044,0.036745086312294006
12045,0.013040619902312756
12046,0.01736554503440857
12047,0.01174757070839405
12048,0.03313463553786278
12049,0.06012221798300743
12050,0.0189003124833107
12051,0.009112424217164516
12052,0.006731829605996609
12053,0.018281150609254837
12054,0.01015719398856163
12055,0.004919520579278469
12056,0.010798558592796326
12057,0.023256588727235794
12058,0.00856772344559431
12059,0.009139754809439182
12060,0.03529343381524086
12061,0.006216020323336124
12062,0.011628320440649986
12063,0.00973127968609333
12064,0.06753216683864594
12065,0.004256087820976973
12066,0.0419568195939064
12067,0.00324829900637269
12068,0.018072068691253662
12069,0.04684755951166153
12070,0.009266600012779236
12071,0.006677086930721998
12072,0.007382351905107498
12073,0.020883657038211823
12074,0.01769385114312172
12075,0.0115197217091918
12076,0.006480022799223661
12077,0.008609543554484844
12078,0.02765635773539543
12079,0.010009482502937317
12080,0.0053555844351649284
12081,0.0068397317081689835
12082,0.02599724754691124
12083,0.0067453812807798386
12084,0.012814804911613464
12085,0.02034924551844597
12086,0.011299028061330318
12087,0.010866781696677208
12088,0.0040238648653030396
12089,0.013975697569549084
12090,0.017244821414351463
12091,0.06708098202943802
12092,0.021092066541314125
12093,0.019165726378560066
12094,0.005443444941192865
12095,0.0073709613643586636
12096,0.007925789803266525
12097,0.0032616471871733665
12098,0.06655827909708023
12099,0.009825237095355988
12100,0.010446542873978615
12101,0.009934310801327229
12102,0.00990599486976862
12103,0.004707844462245703
12104,0.008930733427405357
12105,0.02297334186732769
12106,0.012351247482001781
12107,0.019323226064443588
12108,0.03698029741644859
12109,0.0034801731817424297
12110,0.004787804558873177
12111,0.01215814333409071
12112,0.005072110332548618
12113,0.006358490325510502
12114,0.04444689303636551
12115,0.02491367980837822
12116,0.025996174663305283
12117,0.005081676412373781
12118,0.019148215651512146
12119,0.025502260774374008
12120,0.00436276663094759
12121,0.014896638691425323
12122,0.007590095512568951
12123,0.011548315174877644
12124,0.05098489299416542
12125,0.0033825328573584557
12126,0.022657204419374466
12127,0.025133755058050156
12128,0.010318522341549397
12129,0.01229938119649887
12130,0.005688566714525223
12131,0.033957019448280334
12132,0.00476478599011898
12133,0.054808542132377625
12134,0.004474104382097721
12135,0.013884457759559155
12136,0.005923754069954157
12137,0.003869933309033513
12138,0.008521677926182747
12139,0.008621783927083015
12140,0.029737530276179314
12141,0.007914941757917404
12142,0.010422857478260994
12143,0.026301998645067215
12144,0.004041600041091442
12145,0.004850498866289854
12146,0.01143777184188366
12147,0.04612940922379494
12148,0.01889335736632347
12149,0.012576231732964516
12150,0.0030268728733062744
12151,0.033859044313430786
12152,0.009967848658561707
12153,0.009545409120619297
12154,0.009726001881062984
12155,0.01500343531370163
12156,0.03015538491308689
12157,0.007304253056645393
12158,0.018586289137601852
12159,0.007698278874158859
12160,0.013494015671312809
12161,0.0077947950921952724
12162,0.004731780383735895
12163,0.005699437111616135
12164,0.004274085164070129
12165,0.006460894830524921
12166,0.020926455035805702
12167,0.013486407697200775
12168,0.05652565136551857
12169,0.006116772536188364
12170,0.017997022718191147
12171,0.0076092323288321495
12172,0.04543105512857437
12173,0.07284626364707947
12174,0.004265225492417812
12175,0.005390624515712261
12176,0.005924456752836704
12177,0.0675274133682251
12178,0.06762784719467163
12179,0.003980901092290878
12180,0.003887755563482642
12181,0.004497169982641935
12182,0.09434942901134491
12183,0.008627962321043015
12184,0.0425238311290741
12185,0.004647431895136833
12186,0.027112754061818123
12187,0.0033855456858873367
12188,0.01194746233522892
12189,0.005647060461342335
12190,0.007049251347780228
12191,0.08219879120588303
12192,0.008186076767742634
12193,0.027774592861533165
12194,0.03428592532873154
12195,0.0018294781912118196
12196,0.019949669018387794
12197,0.006466379854828119
12198,0.07024924457073212
12199,0.016399964690208435
12200,0.015577679499983788
12201,0.0065274909138679504
12202,0.008974815718829632
12203,0.005411497782915831
12204,0.009902373887598515
12205,0.06639575213193893
12206,0.02171389013528824
12207,0.009839287027716637
12208,0.011976036243140697
12209,0.02540699578821659
12210,0.0359051339328289
12211,0.023064054548740387
12212,0.0032300972379744053
12213,0.02279953844845295
12214,0.014438096433877945
12215,0.008014503866434097
12216,0.01594618707895279
12217,0.04714059829711914
12218,0.03211041912436485
12219,0.005476363934576511
12220,0.008082222193479538
12221,0.002772892126813531
12222,0.015724193304777145
12223,0.00420280871912837
12224,0.00685481121763587
12225,0.01162051036953926
12226,0.012453043833374977
12227,0.004790363367646933
12228,0.008667140267789364
12229,0.02884296514093876
12230,0.002357946941629052
12231,0.012117826379835606
12232,0.005620685406029224
12233,0.10092667490243912
12234,0.017570294439792633
12235,0.029201915487647057
12236,0.007643269374966621
12237,0.006718037649989128
12238,0.041210807859897614
12239,0.013999750837683678
12240,0.004955087788403034
12241,0.028970131650567055
12242,0.020738910883665085
12243,0.019852178171277046
12244,0.003369399346411228
12245,0.020260313525795937
12246,0.031959209591150284
12247,0.006421860307455063
12248,0.004641219507902861
12249,0.00817993562668562
12250,0.0073065320029854774
12251,0.01404513604938984
12252,0.021890893578529358
12253,0.021932626143097878
12254,0.014609215781092644
12255,0.004809877835214138
12256,0.01227509044110775
12257,0.010161492973566055
12258,0.013781335204839706
12259,0.016945382580161095
12260,0.032324790954589844
12261,0.0097848204895854
12262,0.007828793488442898
12263,0.017066750675439835
12264,0.0023748588282614946
12265,0.0055129691027104855
12266,0.017918873578310013
12267,0.011027239263057709
12268,0.006350803188979626
12269,0.04826005548238754
12270,0.027837537229061127
12271,0.00441031064838171
12272,0.002110671252012253
12273,0.004443909507244825
12274,0.05018655210733414
12275,0.012796991504728794
12276,0.007103697396814823
12277,0.006186868995428085
12278,0.013789668679237366
12279,0.058422066271305084
12280,0.004610431380569935
12281,0.01022409275174141
12282,0.011151352897286415
12283,0.005004622973501682
12284,0.004557755775749683
12285,0.014847470447421074
12286,0.008348975330591202
12287,0.006965164095163345
12288,0.014648943208158016
12289,0.0069604432210326195
12290,0.019047768786549568
12291,0.01019956823438406
12292,0.003143404144793749
12293,0.012979643419384956
12294,0.021092168986797333
12295,0.015686241909861565
12296,0.07407380640506744
12297,0.055339738726615906
12298,0.051309507340192795
12299,0.03172694146633148
12300,0.0647021159529686
12301,0.01792137697339058
12302,0.005148764234036207
12303,0.059054385870695114
12304,0.004457551054656506
12305,0.008470477536320686
12306,0.005749681033194065
12307,0.005151483230292797
12308,0.037726759910583496
12309,0.010719631798565388
12310,0.0049550291150808334
12311,0.023317214101552963
12312,0.013856973499059677
12313,0.054399654269218445
12314,0.007298215292394161
12315,0.012008135206997395
12316,0.050543878227472305
12317,0.0024333493784070015
12318,0.009088903665542603
12319,0.039364490658044815
12320,0.0026692505925893784
12321,0.009564455598592758
12322,0.0033785123378038406
12323,0.003164933528751135
12324,0.04686538875102997
12325,0.014393090270459652
12326,0.0032230946235358715
12327,0.004759025759994984
12328,0.009754793718457222
12329,0.004964732564985752
12330,0.0032940807286649942
12331,0.08737515658140182
12332,0.0728222206234932
12333,0.006984562613070011
12334,0.021415922790765762
12335,0.08065390586853027
12336,0.013038935139775276
12337,0.03391967713832855
12338,0.035487741231918335
12339,0.0161577258259058
12340,0.0237604770809412
12341,0.018195675686001778
12342,0.005334367509931326
12343,0.011298966594040394
12344,0.008014065213501453
12345,0.01641121134161949
12346,0.053087107837200165
12347,0.03955846652388573
12348,0.008992437273263931
12349,0.0082014175131917
12350,0.01827477291226387
12351,0.010392328724265099
12352,0.0091178547590971
12353,0.010088308714330196
12354,0.0056032948195934296
12355,0.07330356538295746
12356,0.03446391969919205
12357,0.0366196408867836
12358,0.020752040669322014
12359,0.023800591006875038
12360,0.002767524216324091
12361,0.00686266366392374
12362,0.020604880526661873
12363,0.003682993818074465
12364,0.0049649616703391075
12365,0.020479630678892136
12366,0.035432249307632446
12367,0.010342644527554512
12368,0.0657937079668045
12369,0.0031587029807269573
12370,0.004393491428345442
12371,0.024077096953988075
12372,0.008046964183449745
12373,0.04275359958410263
12374,0.004738016054034233
12375,0.010450756177306175
12376,0.006635746918618679
12377,0.012786423787474632
12378,0.019460055977106094
12379,0.023659618571400642
12380,0.003894228022545576
12381,0.043984346091747284
12382,0.006041395477950573
12383,0.006809694692492485
12384,0.0037061283364892006
12385,0.006209154147654772
12386,0.015412230975925922
12387,0.019240520894527435
12388,0.004458029288798571
12389,0.024064837023615837
12390,0.005881443619728088
12391,0.008827026933431625
12392,0.00618632510304451
12393,0.016985353082418442
12394,0.027539663016796112
12395,0.004557796288281679
12396,0.025268100202083588
12397,0.05411798134446144
12398,0.04023748263716698
12399,0.013871561735868454
12400,0.02798483334481716
12401,0.026850029826164246
12402,0.03035985492169857
12403,0.003023207653313875
12404,0.008432485163211823
12405,0.024002783000469208
12406,0.020483113825321198
12407,0.007981686852872372
12408,0.0071233781054615974
12409,0.012114062905311584
12410,0.003795098979026079
12411,0.010307637974619865
12412,0.005246173124760389
12413,0.015297709964215755
12414,0.06889507919549942
12415,0.00465887226164341
12416,0.05543426424264908
12417,0.002479314338415861
12418,0.0033104978501796722
12419,0.020585503429174423
12420,0.06665893644094467
12421,0.003960058558732271
12422,0.012743731960654259
12423,0.007778178434818983
12424,0.046966634690761566
12425,0.005291776731610298
12426,0.030657511204481125
12427,0.014112202450633049
12428,0.05539800226688385
12429,0.03417464345693588
12430,0.09062191843986511
12431,0.006920126266777515
12432,0.028108878061175346
12433,0.004223266616463661
12434,0.003948420751839876
12435,0.03728310763835907
12436,0.015134556218981743
12437,0.004858396016061306
12438,0.02326500415802002
12439,0.012597034685313702
12440,0.026724863797426224
12441,0.00879427045583725
12442,0.006123275030404329
12443,0.06115134805440903
12444,0.004982867278158665
12445,0.005596790928393602
12446,0.03175981715321541
12447,0.026499612256884575
12448,0.018600914627313614
12449,0.018354251980781555
12450,0.02995792217552662
12451,0.006790949031710625
12452,0.018688686192035675
12453,0.010424821637570858
12454,0.031753793358802795
12455,0.015622653998434544
12456,0.03623596578836441
12457,0.015054235234856606
12458,0.0661652684211731
12459,0.00607841182500124
12460,0.007336704060435295
12461,0.007847151719033718
12462,0.0061006098985672
12463,0.004142177291214466
12464,0.021392788738012314
12465,0.009764476679265499
12466,0.04066011682152748
12467,0.0284944549202919
12468,0.0030081281438469887
12469,0.014575458131730556
12470,0.005090238526463509
12471,0.016225647181272507
12472,0.00925641879439354
12473,0.1405213326215744
12474,0.012901010923087597
12475,0.030002422630786896
12476,0.013186058029532433
12477,0.035592690110206604
12478,0.012840821407735348
12479,0.007434964179992676
12480,0.018489249050617218
12481,0.02817215397953987
12482,0.012336112558841705
12483,0.045599598437547684
12484,0.007263765670359135
12485,0.022165047004818916
12486,0.004365823231637478
12487,0.05170750990509987
12488,0.004249375779181719
12489,0.009786837734282017
12490,0.03101235255599022
12491,0.012507581152021885
12492,0.017401540651917458
12493,0.004124099388718605
12494,0.026341332122683525
12495,0.0027443934231996536
12496,0.02896946668624878
12497,0.007540787570178509
12498,0.032311223447322845
12499,0.002502730581909418
12500,0.024167761206626892
12501,0.02255900762975216
12502,0.00920912716537714
12503,0.04127143323421478
12504,0.016074202954769135
12505,0.06403438746929169
12506,0.009662873111665249
12507,0.022309763357043266
12508,0.006019422318786383
12509,0.0031706062145531178
12510,0.01946631819009781
12511,0.02365744113922119
12512,0.03825465962290764
12513,0.00657576322555542
12514,0.014227528125047684
12515,0.01007715705782175
12516,0.06283707171678543
12517,0.030291840434074402
12518,0.034935854375362396
12519,0.015681037679314613
12520,0.01573992520570755
12521,0.006377578712999821
12522,0.012421232648193836
12523,0.02160464972257614
12524,0.011976041831076145
12525,0.020150069147348404
12526,0.03114430606365204
12527,0.0038267364725470543
12528,0.010944959707558155
12529,0.015006068162620068
12530,0.004153925459831953
12531,0.0047403802163898945
12532,0.02305908501148224
12533,0.014542238786816597
12534,0.009576542302966118
12535,0.03366862237453461
12536,0.01704651489853859
12537,0.004888090305030346
12538,0.024589326232671738
12539,0.018687505275011063
12540,0.012891143560409546
12541,0.06245600804686546
12542,0.017616890370845795
12543,0.0039711641147732735
12544,0.015516410581767559
12545,0.007192591205239296
12546,0.02712809108197689
12547,0.002281176159158349
12548,0.016552738845348358
12549,0.011127371340990067
12550,0.00860170554369688
12551,0.0041126227006316185
12552,0.07289353758096695
12553,0.05670727789402008
12554,0.0279061459004879
12555,0.006055087316781282
12556,0.0025820154696702957
12557,0.04892856627702713
12558,0.0031228207517415285
12559,0.07010697573423386
12560,0.03307747468352318
12561,0.07496415823698044
12562,0.015909314155578613
12563,0.004963938612490892
12564,0.016147293150424957
12565,0.013390453532338142
12566,0.048475660383701324
12567,0.0572337880730629
12568,0.04574238136410713
12569,0.05822707712650299
12570,0.022303668782114983
12571,0.008678324520587921
12572,0.04286898672580719
12573,0.0527147613465786
12574,0.019527792930603027
12575,0.00809843186289072
12576,0.0037545328959822655
12577,0.008323385380208492
12578,0.0142794419080019
12579,0.031085502356290817
12580,0.039772260934114456
12581,0.023340431973338127
12582,0.002558858599513769
12583,0.010613271966576576
12584,0.07014539837837219
12585,0.02178966999053955
12586,0.03714572265744209
12587,0.017513517290353775
12588,0.012149249203503132
12589,0.01665269210934639
12590,0.026802746579051018
12591,0.01817849464714527
12592,0.06467825174331665
12593,0.004876968450844288
12594,0.03721015155315399
12595,0.01304861344397068
12596,0.003580381628125906
12597,0.016261663287878036
12598,0.015894081443548203
12599,0.009810615330934525
12600,0.0028029903769493103
12601,0.06434866786003113
12602,0.039244309067726135
12603,0.011071573942899704
12604,0.04216337576508522
12605,0.027415111660957336
12606,0.012070029973983765
12607,0.047500450164079666
12608,0.012821350246667862
12609,0.023875948041677475
12610,0.010822799988090992
12611,0.05406242981553078
12612,0.010976718738675117
12613,0.006418625824153423
12614,0.05310806259512901
12615,0.04082668572664261
12616,0.0163496732711792
12617,0.03847108781337738
12618,0.02005753479897976
12619,0.055688388645648956
12620,0.035036418586969376
12621,0.005756213795393705
12622,0.00846860185265541
12623,0.004924916662275791
12624,0.036952149122953415
12625,0.03956599533557892
12626,0.00844540074467659
12627,0.01672600582242012
12628,0.02158205211162567
12629,0.019935566931962967
12630,0.01620030403137207
12631,0.012144220992922783
12632,0.020070074126124382
12633,0.010968984104692936
12634,0.019895903766155243
12635,0.024300899356603622
12636,0.006754463538527489
12637,0.017344079911708832
12638,0.039480116218328476
12639,0.013742723502218723
12640,0.01816428080201149
12641,0.019263897091150284
12642,0.06809273362159729
12643,0.02152225561439991
12644,0.008673195727169514
12645,0.008098442107439041
12646,0.01648472063243389
12647,0.03804507851600647
12648,0.009627075865864754
12649,0.040045980364084244
12650,0.00954633392393589
12651,0.006789609789848328
12652,0.004694269970059395
12653,0.030822204425930977
12654,0.007674087304621935
12655,0.01574319787323475
12656,0.009339289739727974
12657,0.025710226967930794
12658,0.043726369738578796
12659,0.012632207944989204
12660,0.011419663205742836
12661,0.040032532066106796
12662,0.013051467016339302
12663,0.034421395510435104
12664,0.008115573786199093
12665,0.009173651225864887
12666,0.007605382241308689
12667,0.01771632954478264
12668,0.017381740733981133
12669,0.013808144256472588
12670,0.021202264353632927
12671,0.03419141843914986
12672,0.010481187142431736
12673,0.0057249125093221664
12674,0.02429470792412758
12675,0.011616494506597519
12676,0.016379520297050476
12677,0.00477446848526597
12678,0.005908535793423653
12679,0.012537060305476189
12680,0.030245807021856308
12681,0.012041892856359482
12682,0.006050219759345055
12683,0.061972297728061676
12684,0.00968623161315918
12685,0.004285117611289024
12686,0.019061684608459473
12687,0.005971262697130442
12688,0.012571487575769424
12689,0.017146404832601547
12690,0.005592145025730133
12691,0.009574171155691147
12692,0.021982308477163315
12693,0.012010806240141392
12694,0.025112764909863472
12695,0.013849915005266666
12696,0.03223051503300667
12697,0.010514355264604092
12698,0.02236044779419899
12699,0.0066341375932097435
12700,0.028309732675552368
12701,0.01607040874660015
12702,0.011030163615942001
12703,0.02565687522292137
12704,0.015291929244995117
12705,0.0054416111670434475
12706,0.0045574321411550045
12707,0.023009471595287323
12708,0.005492200143635273
12709,0.007715944666415453
12710,0.006932377815246582
12711,0.014714320190250874
12712,0.005803784355521202
12713,0.00935483817011118
12714,0.016097474843263626
12715,0.01706654205918312
12716,0.014661243185400963
12717,0.006741300690919161
12718,0.019361473619937897
12719,0.00642403494566679
12720,0.021275542676448822
12721,0.006618548184633255
12722,0.032093122601509094
12723,0.0063727060332894325
12724,0.040880389511585236
12725,0.00822632759809494
12726,0.011601939797401428
12727,0.0070704263634979725
12728,0.00668353121727705
12729,0.007581861224025488
12730,0.06578396260738373
12731,0.020021457225084305
12732,0.004540957044810057
12733,0.009881951846182346
12734,0.0066194008104503155
12735,0.014237070456147194
12736,0.006754840724170208
12737,0.01891016587615013
12738,0.01359341200441122
12739,0.00407605292275548
12740,0.028665998950600624
12741,0.015442978590726852
12742,0.006024801637977362
12743,0.009326398372650146
12744,0.005087246187031269
12745,0.05580848455429077
12746,0.016962461173534393
12747,0.007180358283221722
12748,0.019451435655355453
12749,0.005389964208006859
12750,0.009220685809850693
12751,0.01115149911493063
12752,0.019819635897874832
12753,0.005141012836247683
12754,0.014958683401346207
12755,0.003527727909386158
12756,0.006516309920698404
12757,0.0031763212755322456
12758,0.018882466480135918
12759,0.0030899313278496265
12760,0.015076594427227974
12761,0.0049623954109847546
12762,0.006278030574321747
12763,0.009729485958814621
12764,0.034271422773599625
12765,0.022589731961488724
12766,0.013746941462159157
12767,0.0127030648291111
12768,0.028212878853082657
12769,0.007306233048439026
12770,0.021704237908124924
12771,0.013141850009560585
12772,0.014773102477192879
12773,0.01008580718189478
12774,0.007344418670982122
12775,0.026738088577985764
12776,0.007756159640848637
12777,0.00884070061147213
12778,0.005283300299197435
12779,0.0179000124335289
12780,0.004677485208958387
12781,0.0031022592447698116
12782,0.005964221898466349
12783,0.015863118693232536
12784,0.004115095362067223
12785,0.013572671450674534
12786,0.0043391091749072075
12787,0.0059067001566290855
12788,0.012132173404097557
12789,0.017170939594507217
12790,0.0064712949097156525
12791,0.014258312992751598
12792,0.008069310337305069
12793,0.01288759894669056
12794,0.00863885972648859
12795,0.007299880962818861
12796,0.003898853901773691
12797,0.02998638153076172
12798,0.0047327131032943726
12799,0.004647732712328434
12800,0.00286891870200634
12801,0.0032051284797489643
12802,0.00550581980496645
12803,0.031214416027069092
12804,0.007540905382484198
12805,0.036632418632507324
12806,0.0050362348556518555
12807,0.002591061173006892
12808,0.007155168801546097
12809,0.002742670476436615
12810,0.003436706494539976
12811,0.0010674248915165663
12812,0.017874805256724358
12813,0.029344525188207626
12814,0.004566239193081856
12815,0.00446006515994668
12816,0.006441946141421795
12817,0.009306386113166809
12818,0.004703310783952475
12819,0.003008088795468211
12820,0.004812478553503752
12821,0.00246195076033473
12822,0.0023654543329030275
12823,0.004110058769583702
12824,0.0034457952715456486
12825,0.0031746993772685528
12826,0.0015800902619957924
12827,0.005747847259044647
12828,0.01991390250623226
12829,0.0029283713083714247
12830,0.0029980484396219254
12831,0.0023754877038300037
12832,0.03268447518348694
12833,0.0030665418598800898
12834,0.004557895474135876
12835,0.0031185545958578587
12836,0.003731021424755454
12837,0.0023777224123477936
12838,0.0030390857718884945
12839,0.001746749272570014
12840,0.002998047973960638
12841,0.0024355321656912565
12842,0.018829813227057457
12843,0.05212622135877609
12844,0.0038363831117749214
12845,0.00598923210054636
12846,0.002333054319024086
12847,0.0024903779849410057
12848,0.004070389084517956
12849,0.002334027551114559
12850,0.0020849660504609346
12851,0.001623497111722827
12852,0.0027639647014439106
12853,0.0012479894794523716
12854,0.009694453328847885
12855,0.005277199670672417
12856,0.0023360808845609426
12857,0.0018667244585230947
12858,0.0034640284720808268
12859,0.008001058362424374
12860,0.001701214350759983
12861,0.0041094496846199036
12862,0.0015481903683394194
12863,0.0026197803672403097
12864,0.00238437601365149
12865,0.002671409398317337
12866,0.003094166051596403
12867,0.0014775828458368778
12868,0.048031311482191086
12869,0.0028854194097220898
12870,0.0013250756310299039
12871,0.002442985074594617
12872,0.0031260093674063683
12873,0.005470356438308954
12874,0.0016658384120091796
12875,0.0015116664581000805
12876,0.0019774343818426132
12877,0.0029667506460100412
12878,0.003673638217151165
12879,0.0019072415307164192
12880,0.003565402003005147
12881,0.0024174160789698362
12882,0.0016204905696213245
12883,0.003326241159811616
12884,0.0022370736114680767
12885,0.0020489771850407124
12886,0.003470558673143387
12887,0.006698413752019405
12888,0.003651160281151533
12889,0.0012979274615645409
12890,0.004790972918272018
12891,0.0026809335686266422
12892,0.010542950592935085
12893,0.0016386008355766535
12894,0.04254119098186493
12895,0.0025540809147059917
12896,0.0037041273899376392
12897,0.002957644173875451
12898,0.0016531506553292274
12899,0.0021205912344157696
12900,0.0017042437102645636
12901,0.0022200201638042927
12902,0.0024573495611548424
12903,0.005206146743148565
12904,0.03216123208403587
12905,0.002242801245301962
12906,0.002584079746156931
12907,0.007725991308689117
12908,0.0029550506733357906
12909,0.0017977057723328471
12910,0.0025367282796651125
12911,0.002205213997513056
12912,0.0013665081933140755
12913,0.002383848186582327
12914,0.002439585980027914
12915,0.019100815057754517
12916,0.03448544442653656
12917,0.002718300325796008
12918,0.003950386308133602
12919,0.005262990947812796
12920,0.0029732377734035254
12921,0.005304430611431599
12922,0.0011270556133240461
12923,0.002899720799177885
12924,0.003087584627792239
12925,0.0033540865406394005
12926,0.002812368329614401
12927,0.0020696199499070644
12928,0.004028202500194311
12929,0.0482441782951355
12930,0.006551999598741531
12931,0.028521284461021423
12932,0.03306417912244797
12933,0.0015438864938914776
12934,0.004695207811892033
12935,0.0038799396716058254
12936,0.024893542751669884
12937,0.002683449536561966
12938,0.07669765502214432
12939,0.06364751607179642
12940,0.012254652567207813
12941,0.049440186470746994
12942,0.0019618908409029245
12943,0.0054467953741550446
12944,0.022304005920886993
12945,0.02147381380200386
12946,0.004456286784261465
12947,0.03777289390563965
12948,0.025265738368034363
12949,0.025720776990056038
12950,0.014656968414783478
12951,0.011283122934401035
12952,0.007735031191259623
12953,0.05216284096240997
12954,0.07703254371881485
12955,0.026508210226893425
12956,0.06252354383468628
12957,0.02974480576813221
12958,0.01416423823684454
12959,0.004831952042877674
12960,0.0034645264968276024
12961,0.01820991560816765
12962,0.057721421122550964
12963,0.011848380789160728
12964,0.0016872993437573314
12965,0.013124372810125351
12966,0.012223922647535801
12967,0.005731444805860519
12968,0.0018173407297581434
12969,0.02663182094693184
12970,0.0157359279692173
12971,0.028148243203759193
12972,0.004394805524498224
12973,0.005330720916390419
12974,0.0388801135122776
12975,0.005129460245370865
12976,0.006445491686463356
12977,0.1008109301328659
12978,0.0260218046605587
12979,0.022675277665257454
12980,0.00464041531085968
12981,0.06516687572002411
12982,0.003472345182672143
12983,0.014364831149578094
12984,0.010521205142140388
12985,0.022881127893924713
12986,0.0071960799396038055
12987,0.06858381628990173
12988,0.05941559746861458
12989,0.007876340299844742
12990,0.009558329358696938
12991,0.024114668369293213
12992,0.004112953320145607
12993,0.010623306035995483
12994,0.03012392483651638
12995,0.03081095777451992
12996,0.024309242144227028
12997,0.024946263059973717
12998,0.010911294259130955
12999,0.06563249230384827
13000,0.017576642334461212
13001,0.036627963185310364
13002,0.0025213146582245827
13003,0.008079254999756813
13004,0.014423653483390808
13005,0.003161835949867964
13006,0.005651759449392557
13007,0.013644365593791008
13008,0.013602557592093945
13009,0.004209606908261776
13010,0.007329770363867283
13011,0.019420770928263664
13012,0.003936850465834141
13013,0.02333916164934635
13014,0.01277181226760149
13015,0.023519104346632957
13016,0.00205703591927886
13017,0.012704282999038696
13018,0.00978703424334526
13019,0.024980809539556503
13020,0.051461607217788696
13021,0.010163363069295883
13022,0.025885868817567825
13023,0.03722883015871048
13024,0.02355923131108284
13025,0.09664827585220337
13026,0.008906685747206211
13027,0.007224224507808685
13028,0.012453502044081688
13029,0.016323281452059746
13030,0.06435459852218628
13031,0.06417667120695114
13032,0.00623775739222765
13033,0.007052707951515913
13034,0.003445974551141262
13035,0.0067783682607114315
13036,0.007337469607591629
13037,0.027461448684334755
13038,0.017856189981102943
13039,0.03641345724463463
13040,0.008739225566387177
13041,0.005325096659362316
13042,0.0023188088089227676
13043,0.0032650588545948267
13044,0.003363021882250905
13045,0.0034202607348561287
13046,0.007821347564458847
13047,0.016042938455939293
13048,0.008189992979168892
13049,0.013474887236952782
13050,0.014040989801287651
13051,0.01038086786866188
13052,0.03347455710172653
13053,0.024796150624752045
13054,0.0060565234161913395
13055,0.015967300161719322
13056,0.019884290173649788
13057,0.01899012364447117
13058,0.02142055705189705
13059,0.01557847484946251
13060,0.07599879056215286
13061,0.021111954003572464
13062,0.03075866773724556
13063,0.005999240092933178
13064,0.005420409142971039
13065,0.03807251155376434
13066,0.0383896641433239
13067,0.01656632125377655
13068,0.04264163598418236
13069,0.00862753577530384
13070,0.017756419256329536
13071,0.01253309566527605
13072,0.024889081716537476
13073,0.008566482923924923
13074,0.025668662041425705
13075,0.01025449763983488
13076,0.01763717271387577
13077,0.02676854282617569
13078,0.003470640629529953
13079,0.012669896706938744
13080,0.01521265134215355
13081,0.02039082534611225
13082,0.00802919827401638
13083,0.036885544657707214
13084,0.009396331384778023
13085,0.013793719932436943
13086,0.01627763919532299
13087,0.004109289962798357
13088,0.013089438900351524
13089,0.007576734758913517
13090,0.011997446417808533
13091,0.008877744898200035
13092,0.028818771243095398
13093,0.016191745176911354
13094,0.00831699464470148
13095,0.039426300674676895
13096,0.018640099093317986
13097,0.0017785371746867895
13098,0.008007664233446121
13099,0.00782209075987339
13100,0.0021138563752174377
13101,0.010907165706157684
13102,0.004644813947379589
13103,0.03529861569404602
13104,0.008107689209282398
13105,0.010463153943419456
13106,0.007282378152012825
13107,0.003976402338594198
13108,0.006917972583323717
13109,0.010049176402390003
13110,0.01878337562084198
13111,0.00565000157803297
13112,0.017512109130620956
13113,0.0020525711588561535
13114,0.03269774466753006
13115,0.015392707660794258
13116,0.07965129613876343
13117,0.004925204440951347
13118,0.01838185265660286
13119,0.01408088207244873
13120,0.004583336412906647
13121,0.017246589064598083
13122,0.0033555934205651283
13123,0.030981143936514854
13124,0.003952643368393183
13125,0.009706196375191212
13126,0.013728457503020763
13127,0.0031080911867320538
13128,0.01821305975317955
13129,0.016326818615198135
13130,0.011905896477401257
13131,0.04796208441257477
13132,0.0055283973924815655
13133,0.005723454989492893
13134,0.010709039866924286
13135,0.026155896484851837
13136,0.009094029664993286
13137,0.053129322826862335
13138,0.0019678170792758465
13139,0.002712731249630451
13140,0.01803925447165966
13141,0.013096659444272518
13142,0.007660918403416872
13143,0.00748071214184165
13144,0.03640728071331978
13145,0.005969583988189697
13146,0.012127494439482689
13147,0.0073074353858828545
13148,0.004124355502426624
13149,0.01667964644730091
13150,0.016126813367009163
13151,0.0250808484852314
13152,0.005101609975099564
13153,0.02623938024044037
13154,0.0032191548962146044
13155,0.025512097403407097
13156,0.00879661738872528
13157,0.04515395313501358
13158,0.018596595153212547
13159,0.011519072577357292
13160,0.024853937327861786
13161,0.005252084694802761
13162,0.019147951155900955
13163,0.0038151033222675323
13164,0.014320257119834423
13165,0.006465467624366283
13166,0.014638656750321388
13167,0.004906275775283575
13168,0.01459284033626318
13169,0.005752613767981529
13170,0.012142530642449856
13171,0.014166723936796188
13172,0.023971445858478546
13173,0.0080185541883111
13174,0.018163179978728294
13175,0.01489347219467163
13176,0.004198853857815266
13177,0.004370167851448059
13178,0.013841329142451286
13179,0.010864995419979095
13180,0.01583169773221016
13181,0.006306707859039307
13182,0.004710281267762184
13183,0.026727022603154182
13184,0.015017911791801453
13185,0.03379655256867409
13186,0.0831608697772026
13187,0.005403054878115654
13188,0.026341937482357025
13189,0.009483207017183304
13190,0.016301413998007774
13191,0.009319222532212734
13192,0.06985370814800262
13193,0.00490041496232152
13194,0.0037639830261468887
13195,0.05676061660051346
13196,0.002204457763582468
13197,0.008305830880999565
13198,0.005063208285719156
13199,0.008912166580557823
13200,0.02432350255548954
13201,0.006379112135618925
13202,0.018403412774205208
13203,0.003507481189444661
13204,0.0390249639749527
13205,0.04458824545145035
13206,0.01901540905237198
13207,0.010843534953892231
13208,0.0034943940117955208
13209,0.04339238256216049
13210,0.022043906152248383
13211,0.019257759675383568
13212,0.03588005155324936
13213,0.009314373135566711
13214,0.028887681663036346
13215,0.023546773940324783
13216,0.014188356697559357
13217,0.002827581251040101
13218,0.0654471218585968
13219,0.044323090463876724
13220,0.015175467357039452
13221,0.02930457331240177
13222,0.02710132487118244
13223,0.05164384841918945
13224,0.01181821059435606
13225,0.01300883013755083
13226,0.04415474086999893
13227,0.0052939350716769695
13228,0.002684781327843666
13229,0.010233639739453793
13230,0.014785060659050941
13231,0.008735962212085724
13232,0.01363961212337017
13233,0.015779366716742516
13234,0.001469156821258366
13235,0.027032427489757538
13236,0.011700719594955444
13237,0.027908818796277046
13238,0.009772401303052902
13239,0.011833912692964077
13240,0.0031453969422727823
13241,0.02071404457092285
13242,0.0029524704441428185
13243,0.03538493812084198
13244,0.012895151041448116
13245,0.005597051233053207
13246,0.02346441149711609
13247,0.0068360138684511185
13248,0.015362443402409554
13249,0.027943842113018036
13250,0.016592875123023987
13251,0.02345338836312294
13252,0.00580913620069623
13253,0.002313734497874975
13254,0.018003251403570175
13255,0.01613682508468628
13256,0.009783830493688583
13257,0.04493967816233635
13258,0.005862369667738676
13259,0.012323586270213127
13260,0.028915265575051308
13261,0.0073191942647099495
13262,0.025771263986825943
13263,0.012965257279574871
13264,0.03908337652683258
13265,0.00809301808476448
13266,0.005751412361860275
13267,0.008538099937140942
13268,0.012600556947290897
13269,0.011495882645249367
13270,0.010492018423974514
13271,0.010357356630265713
13272,0.03512577712535858
13273,0.0029196899849921465
13274,0.007343892473727465
13275,0.01436702162027359
13276,0.00827641412615776
13277,0.0534370131790638
13278,0.02741367183625698
13279,0.015739858150482178
13280,0.0037385672330856323
13281,0.04505892097949982
13282,0.01251395232975483
13283,0.0029250713996589184
13284,0.0035864152014255524
13285,0.031993426382541656
13286,0.03332025185227394
13287,0.02312665432691574
13288,0.01554713025689125
13289,0.001452895812690258
13290,0.007416849955916405
13291,0.0066400798968970776
13292,0.01637658290565014
13293,0.03349245339632034
13294,0.014555584639310837
13295,0.008012963458895683
13296,0.005711193662136793
13297,0.06695209443569183
13298,0.027070937678217888
13299,0.007078623864799738
13300,0.005019888747483492
13301,0.004483173601329327
13302,0.03651828691363335
13303,0.05137420818209648
13304,0.01690373197197914
13305,0.004382329527288675
13306,0.004758854396641254
13307,0.00632009282708168
13308,0.013063207268714905
13309,0.02705512009561062
13310,0.010511551052331924
13311,0.014271012507379055
13312,0.002754038665443659
13313,0.014753998257219791
13314,0.0039052916690707207
13315,0.02818736806511879
13316,0.032179586589336395
13317,0.003665663069114089
13318,0.021378420293331146
13319,0.03129703179001808
13320,0.002652469091117382
13321,0.023960862308740616
13322,0.009606920182704926
13323,0.009244976565241814
13324,0.010249544866383076
13325,0.02128092385828495
13326,0.026658009737730026
13327,0.049198463559150696
13328,0.0018649459816515446
13329,0.03199044242501259
13330,0.020446492359042168
13331,0.017711680382490158
13332,0.005955536384135485
13333,0.025592539459466934
13334,0.00586484232917428
13335,0.0018313060281798244
13336,0.015721099451184273
13337,0.005417228676378727
13338,0.05118360370397568
13339,0.03072851523756981
13340,0.0038941747043281794
13341,0.0054594227112829685
13342,0.049712710082530975
13343,0.016466684639453888
13344,0.04115170240402222
13345,0.03625112771987915
13346,0.0030418080277740955
13347,0.023482605814933777
13348,0.023493589833378792
13349,0.003193991258740425
13350,0.028521744534373283
13351,0.017250223085284233
13352,0.004188243765383959
13353,0.034998394548892975
13354,0.015583470463752747
13355,0.0033273997250944376
13356,0.004599649924784899
13357,0.00647695641964674
13358,0.01929699257016182
13359,0.006148939952254295
13360,0.006848222576081753
13361,0.006316577550023794
13362,0.003429176053032279
13363,0.03270344436168671
13364,0.008059029467403889
13365,0.049661312252283096
13366,0.010443521663546562
13367,0.02881227806210518
13368,0.01421410869807005
13369,0.013402868062257767
13370,0.004432873334735632
13371,0.04634032025933266
13372,0.0018191691488027573
13373,0.002930820919573307
13374,0.003550552995875478
13375,0.0241276565939188
13376,0.0018082481110468507
13377,0.005083072930574417
13378,0.011035994626581669
13379,0.02431860938668251
13380,0.029934272170066833
13381,0.00975464005023241
13382,0.029588250443339348
13383,0.00293468264862895
13384,0.034034114331007004
13385,0.0040625231340527534
13386,0.00478944880887866
13387,0.013351142406463623
13388,0.009272918105125427
13389,0.02459445782005787
13390,0.003972841892391443
13391,0.004289827309548855
13392,0.02919573336839676
13393,0.04311090335249901
13394,0.003746472531929612
13395,0.01556387823075056
13396,0.01743626408278942
13397,0.0022791316732764244
13398,0.0028317682445049286
13399,0.020749583840370178
13400,0.004692204296588898
13401,0.0018056336557492614
13402,0.015287987887859344
13403,0.02446778491139412
13404,0.008042234927415848
13405,0.03730839490890503
13406,0.0023246074561029673
13407,0.0062100389041006565
13408,0.006106224842369556
13409,0.002504954347386956
13410,0.00848611444234848
13411,0.0020826924592256546
13412,0.003162737935781479
13413,0.0032166072633117437
13414,0.008602658286690712
13415,0.006286457180976868
13416,0.00959236454218626
13417,0.02090797945857048
13418,0.004003047943115234
13419,0.001988869858905673
13420,0.0779457613825798
13421,0.02404063381254673
13422,0.0031317961402237415
13423,0.021615443751215935
13424,0.011953599750995636
13425,0.00968768261373043
13426,0.02024950459599495
13427,0.0034894240088760853
13428,0.021239247173070908
13429,0.0027358350344002247
13430,0.03162384405732155
13431,0.04211081191897392
13432,0.01264163851737976
13433,0.009956221096217632
13434,0.004305630456656218
13435,0.0021560993045568466
13436,0.0032424258533865213
13437,0.0048821065574884415
13438,0.014363888651132584
13439,0.0027172514237463474
13440,0.0013748978963121772
13441,0.0007907026447355747
13442,0.001079409965313971
13443,0.016130290925502777
13444,0.0004421911435201764
13445,0.006073596887290478
13446,0.0005948223988525569
13447,0.0040583061054348946
13448,0.0086070466786623
13449,0.000540044391527772
13450,0.026518991217017174
13451,0.03657107427716255
13452,0.0007348195649683475
13453,0.018239513039588928
13454,0.0009926308412104845
13455,0.0013374807313084602
13456,0.014268931932747364
13457,0.00999125000089407
13458,0.0011575683020055294
13459,0.0005887534935027361
13460,0.004059492610394955
13461,0.002280652290210128
13462,0.002014738041907549
13463,0.0006885603070259094
13464,0.014830157160758972
13465,0.0024769646115601063
13466,0.033506128937006
13467,0.015649447217583656
13468,0.003114092629402876
13469,0.0026746937073767185
13470,0.0052274963818490505
13471,0.018195629119873047
13472,0.03249203413724899
13473,0.011710953898727894
13474,0.0020924611017107964
13475,0.003455615136772394
13476,0.0011058780364692211
13477,0.0020148155745118856
13478,0.008789892308413982
13479,0.016224613413214684
13480,0.00464751198887825
13481,0.0014275336870923638
13482,0.0016792218666523695
13483,0.00897959340363741
13484,0.0020991466008126736
13485,0.0010903794318437576
13486,0.0020655780099332333
13487,0.003177487291395664
13488,0.0059856208972632885
13489,0.007098729722201824
13490,0.0014057361986488104
13491,0.024638935923576355
13492,0.005728951655328274
13493,0.00063159508863464
13494,0.002267245203256607
13495,0.0007360349409282207
13496,0.01402696780860424
13497,0.029410237446427345
13498,0.00704219238832593
13499,0.0020208542700856924
13500,0.015266300179064274
13501,0.0013229413889348507
13502,0.0021388994064182043
13503,0.001252626650966704
13504,0.011178072541952133
13505,0.0009972408879548311
13506,0.02498745545744896
13507,0.0012115874560549855
13508,0.002129113767296076
13509,0.0012213849695399404
13510,0.0012610573321580887
13511,0.0022000602912157774
13512,0.0009558150777593255
13513,0.001904797274619341
13514,0.008559680543839931
13515,0.0016447736416012049
13516,0.0009838956175372005
13517,0.0005912539782002568
13518,0.0075824083760380745
13519,0.0008849210571497679
13520,0.027250517159700394
13521,0.007269768975675106
13522,0.002135752933099866
13523,0.003900200827047229
13524,0.0006375041557475924
13525,0.00855955295264721
13526,0.0017247435171157122
13527,0.001970429439097643
13528,0.0031630443409085274
13529,0.014555196277797222
13530,0.0008328274125233293
13531,0.0018281170632690191
13532,0.014958053827285767
13533,0.006129404529929161
13534,0.0019045858643949032
13535,0.0012090405216440558
13536,0.001203723018988967
13537,0.0012609794503077865
13538,0.002124645048752427
13539,0.0036026136949658394
13540,0.01659052073955536
13541,0.0010879157343879342
13542,0.0014812800800427794
13543,0.003079645335674286
13544,0.013844623230397701
13545,0.0017862635431811213
13546,0.000937132048420608
13547,0.0010338966967538
13548,0.003064854769036174
13549,0.0016207399312406778
13550,0.011162044480443
13551,0.019436988979578018
13552,0.031403470784425735
13553,0.0030103838071227074
13554,0.0034200416412204504
13555,0.0023154588416218758
13556,0.002197543391957879
13557,0.0017775516025722027
13558,0.007214074954390526
13559,0.002284639049321413
13560,0.0012724041007459164
13561,0.0022158976644277573
13562,0.0005317282630130649
13563,0.0007368343649432063
13564,0.014484412036836147
13565,0.0006467530038207769
13566,0.0012908929493278265
13567,0.0009077140712179244
13568,0.029382891952991486
13569,0.0013310452923178673
13570,0.04754231870174408
13571,0.003701949492096901
13572,0.009181051515042782
13573,0.004436620511114597
13574,0.024141648784279823
13575,0.01064765639603138
13576,0.011179069057106972
13577,0.030971059575676918
13578,0.0028326380997896194
13579,0.0009895541006699204
13580,0.0030963364988565445
13581,0.013918750919401646
13582,0.0017887274734675884
13583,0.04315779358148575
13584,0.008664194494485855
13585,0.017674854025244713
13586,0.014691801741719246
13587,0.005575576797127724
13588,0.0014124773442745209
13589,0.0198159571737051
13590,0.027862515300512314
13591,0.011751468293368816
13592,0.0014407102717086673
13593,0.007180853746831417
13594,0.03418940678238869
13595,0.0008690092945471406
13596,0.00207476201467216
13597,0.027163270860910416
13598,0.010829642415046692
13599,0.001023236894980073
13600,0.008382361382246017
13601,0.019827302545309067
13602,0.027360698208212852
13603,0.04519800469279289
13604,0.004896774422377348
13605,0.004722503945231438
13606,0.03714441508054733
13607,0.005121835041791201
13608,0.00340807787142694
13609,0.020547527819871902
13610,0.03634775057435036
13611,0.009392637759447098
13612,0.002014546189457178
13613,0.058420371264219284
13614,0.007651126943528652
13615,0.003556873882189393
13616,0.005509125534445047
13617,0.0018844361184164882
13618,0.004006526432931423
13619,0.0071931686252355576
13620,0.006263287737965584
13621,0.006219321396201849
13622,0.004781895317137241
13623,0.003179108491167426
13624,0.0065230876207351685
13625,0.0018277749186381698
13626,0.0010652788914740086
13627,0.02085825614631176
13628,0.008895964361727238
13629,0.0005946522578597069
13630,0.027486220002174377
13631,0.011927878484129906
13632,0.0015311415772885084
13633,0.008496195077896118
13634,0.0015602419152855873
13635,0.0015375800430774689
13636,0.0016979863867163658
13637,0.02486361749470234
13638,0.04200493171811104
13639,0.0058218492195010185
13640,0.0032145248260349035
13641,0.001336695160716772
13642,0.0012305362615734339
13643,0.012054353021085262
13644,0.08312524855136871
13645,0.0014600306749343872
13646,0.0007812860421836376
13647,0.0330096036195755
13648,0.0013775816187262535
13649,0.0015375855145975947
13650,0.006151186302304268
13651,0.03564443439245224
13652,0.022762373089790344
13653,0.00648672878742218
13654,0.021578723564743996
13655,0.00416630320250988
13656,0.01381595991551876
13657,0.016569752246141434
13658,0.02193116582930088
13659,0.004984064027667046
13660,0.0011860128724947572
13661,0.0024594042915850878
13662,0.01207765657454729
13663,0.007904654368758202
13664,0.0010793632827699184
13665,0.04412611573934555
13666,0.004388084635138512
13667,0.003347335383296013
13668,0.005460046697407961
13669,0.0015412324573844671
13670,0.026607811450958252
13671,0.011538769118487835
13672,0.0006245927652344108
13673,0.01674676313996315
13674,0.008851567283272743
13675,0.007545985281467438
13676,0.0047372132539749146
13677,0.0030436967499554157
13678,0.00728641077876091
13679,0.0347934253513813
13680,0.015552627854049206
13681,0.03324342519044876
13682,0.01055126916617155
13683,0.019576076418161392
13684,0.0071394601836800575
13685,0.0015354764182120562
13686,0.007420571520924568
13687,0.02379693277180195
13688,0.013027643784880638
13689,0.01821311004459858
13690,0.0034019825980067253
13691,0.002946176566183567
13692,0.005441080778837204
13693,0.003317004069685936
13694,0.0012140249600633979
13695,0.0007723207818344235
13696,0.002199989277869463
13697,0.0015351560432463884
13698,0.0013469817349687219
13699,0.019421735778450966
13700,0.0007987555582076311
13701,0.03158882260322571
13702,0.0017020611558109522
13703,0.0010697029065340757
13704,0.002877393737435341
13705,0.0015548644587397575
13706,0.005217333324253559
13707,0.004609184339642525
13708,0.01394153293222189
13709,0.004814170766621828
13710,0.0018763254629448056
13711,0.001144134090282023
13712,0.05558834597468376
13713,0.00303932698443532
13714,0.0014915894716978073
13715,0.002387288026511669
13716,0.0005878881784155965
13717,0.0065339673310518265
13718,0.01086349692195654
13719,0.013822982087731361
13720,0.000654002302326262
13721,0.024122940376400948
13722,0.0010281943250447512
13723,0.0006722253747284412
13724,0.0008684664499014616
13725,0.005076250061392784
13726,0.00209288508631289
13727,0.0008443134720437229
13728,0.022997351363301277
13729,0.0020494190976023674
13730,0.05209481716156006
13731,0.00801986176520586
13732,0.0009273411706089973
13733,0.0006545425276271999
13734,0.0015452617080882192
13735,0.0008872435428202152
13736,0.00056312425294891
13737,0.0007673830259591341
13738,0.011032210662961006
13739,0.0007305091130547225
13740,0.0007517051417380571
13741,0.0006670913426205516
13742,0.05714435130357742
13743,0.0011153436498716474
13744,0.010002701543271542
13745,0.0004126511630602181
13746,0.0007363548502326012
13747,0.001330904895439744
13748,0.004204539582133293
13749,0.022462036460638046
13750,0.002156181028112769
13751,0.0013693938963115215
13752,0.0017664260230958462
13753,0.0005843504332005978
13754,0.0008006349671632051
13755,0.001066770520992577
13756,0.0005810265429317951
13757,0.0005705625517293811
13758,0.002496320055797696
13759,0.0005868583684787154
13760,0.0007237410172820091
13761,0.0008483892306685448
13762,0.005089941434562206
13763,0.0006357131060212851
13764,0.0007505371468141675
13765,0.012679358012974262
13766,0.0003229876747354865
13767,0.0006437503034248948
13768,0.02140669710934162
13769,0.010087285190820694
13770,0.023111049085855484
13771,0.0013896625023335218
13772,0.004448583349585533
13773,0.0005980745190754533
13774,0.00045534432865679264
13775,0.0004564441042020917
13776,0.0535285510122776
13777,0.0004943456733599305
13778,0.0012298965593799949
13779,0.001252713380381465
13780,0.0007623567362315953
13781,0.0008827779674902558
13782,0.000726094760466367
13783,0.0010727596236392856
13784,0.000782086921390146
13785,0.0016147902933880687
13786,0.002222549170255661
13787,0.0008200379088521004
13788,0.0014253632398322225
13789,0.00216805306263268
13790,0.040481992065906525
13791,0.002355384174734354
13792,0.0535300076007843
13793,0.00032964590354822576
13794,0.004788147285580635
13795,0.0006015531253069639
13796,0.0006486369529739022
13797,0.004113977774977684
13798,0.0005672626430168748
13799,0.0009623819496482611
13800,0.002358894795179367
13801,0.0009879935532808304
13802,0.00094081019051373
13803,0.0722012147307396
13804,0.02145376056432724
13805,0.0006043154280632734
13806,0.009839207865297794
13807,0.002971087582409382
13808,0.0013563435059040785
13809,0.001871749758720398
13810,0.0011105292942374945
13811,0.0009516400168649852
13812,0.0011707503581419587
13813,0.0016851469408720732
13814,0.0022324761375784874
13815,0.009202231653034687
13816,0.012600823305547237
13817,0.002824101597070694
13818,0.002063676482066512
13819,0.0010485497768968344
13820,0.0006160092307254672
13821,0.0004954805481247604
13822,0.0007998283836059272
13823,0.0008410016307607293
13824,0.0060592698864638805
13825,0.03475435450673103
13826,0.005338984541594982
13827,0.03948817402124405
13828,0.00132250995375216
13829,0.026222078129649162
13830,0.028243498876690865
13831,0.0011831254232674837
13832,0.0014114964287728071
13833,0.014057081192731857
13834,0.0015942255267873406
13835,0.03605861961841583
13836,0.020838525146245956
13837,0.0031621442176401615
13838,0.02526586316525936
13839,0.017335927113890648
13840,0.039612479507923126
13841,0.004019892308861017
13842,0.0032659650314599276
13843,0.07636214792728424
13844,0.0017381436191499233
13845,0.004919377621263266
13846,0.03220388665795326
13847,0.004124470520764589
13848,0.004501290153712034
13849,0.03335655853152275
13850,0.0012691539013758302
13851,0.01674877293407917
13852,0.0016287541948258877
13853,0.054981689900159836
13854,0.002968680113554001
13855,0.0011120850685983896
13856,0.05553029105067253
13857,0.012626438401639462
13858,0.008329760283231735
13859,0.00789432879537344
13860,0.0073293657042086124
13861,0.004094699397683144
13862,0.0014326670207083225
13863,0.010549629107117653
13864,0.03623293712735176
13865,0.045319508761167526
13866,0.001234300434589386
13867,0.0021141546312719584
13868,0.0025155392941087484
13869,0.03218712657690048
13870,0.01455802284181118
13871,0.005726700648665428
13872,0.004056338686496019
13873,0.006686119362711906
13874,0.0013937072362750769
13875,0.008811164647340775
13876,0.011269669979810715
13877,0.027570610865950584
13878,0.0031296408269554377
13879,0.0018889994826167822
13880,0.013116825371980667
13881,0.004327181726694107
13882,0.021944314241409302
13883,0.004126576241105795
13884,0.03965812176465988
13885,0.03912012279033661
13886,0.003911331761628389
13887,0.005107455886900425
13888,0.001780138467438519
13889,0.004053572192788124
13890,0.001151200500316918
13891,0.004012085497379303
13892,0.058684092015028
13893,0.013723486103117466
13894,0.011917877942323685
13895,0.0021783558186143637
13896,0.010731386952102184
13897,0.0022191437892615795
13898,0.021200641989707947
13899,0.009201807901263237
13900,0.01632361114025116
13901,0.030886324122548103
13902,0.005919469520449638
13903,0.0043584080412983894
13904,0.07129085063934326
13905,0.01290959119796753
13906,0.015273777768015862
13907,0.02391081117093563
13908,0.007560267578810453
13909,0.001571362605318427
13910,0.012520963326096535
13911,0.0019817454740405083
13912,0.00412578321993351
13913,0.0005857005016878247
13914,0.001033588545396924
13915,0.0010201109107583761
13916,0.004886385519057512
13917,0.017103685066103935
13918,0.0025793544482439756
13919,0.0013038106262683868
13920,0.005864930804818869
13921,0.03907460719347
13922,0.003177726874127984
13923,0.07536658644676208
13924,0.0019313559168949723
13925,0.005725033115595579
13926,0.0017877102363854647
13927,0.011324405670166016
13928,0.006570457946509123
13929,0.0038014536257833242
13930,0.000992131419479847
13931,0.0017799921333789825
13932,0.004969844128936529
13933,0.010128266178071499
13934,0.0021457048133015633
13935,0.0025929731782525778
13936,0.023353170603513718
13937,0.006295781582593918
13938,0.014975299127399921
13939,0.020036563277244568
13940,0.005905011668801308
13941,0.005456340499222279
13942,0.026109470054507256
13943,0.0027717920020222664
13944,0.024069536477327347
13945,0.007913054898381233
13946,0.006994960829615593
13947,0.001507706823758781
13948,0.002879718318581581
13949,0.01164698414504528
13950,0.014369586482644081
13951,0.01473195105791092
13952,0.012055300176143646
13953,0.049167029559612274
13954,0.04782221466302872
13955,0.013023694045841694
13956,0.0497409887611866
13957,0.0025442177429795265
13958,0.0368579737842083
13959,0.009285315871238708
13960,0.004178992472589016
13961,0.022031540051102638
13962,0.013417700305581093
13963,0.06517821550369263
13964,0.03363259136676788
13965,0.015504162758588791
13966,0.031116653233766556
13967,0.03893845155835152
13968,0.006106758024543524
13969,0.013730630278587341
13970,0.0034021614119410515
13971,0.011546358466148376
13972,0.023258326575160027
13973,0.004333792719990015
13974,0.009408492594957352
13975,0.0029188301414251328
13976,0.007894559763371944
13977,0.010049196891486645
13978,0.002204012591391802
13979,0.006983333267271519
13980,0.006044046953320503
13981,0.006133161019533873
13982,0.013523751869797707
13983,0.041875507682561874
13984,0.007058334536850452
13985,0.038770586252212524
13986,0.007481329143047333
13987,0.03769158571958542
13988,0.004486000165343285
13989,0.015090631321072578
13990,0.0054268063977360725
13991,0.018620818853378296
13992,0.012586805038154125
13993,0.004643540363758802
13994,0.007557399105280638
13995,0.007024848368018866
13996,0.002852151170372963
13997,0.015997204929590225
13998,0.03154689818620682
13999,0.0097129475325346
14000,0.012826813384890556
14001,0.04805651307106018
14002,0.00920437928289175
14003,0.021203601732850075
14004,0.004443946294486523
14005,0.06630675494670868
14006,0.006164466962218285
14007,0.013283096253871918
14008,0.0013448810204863548
14009,0.002432113280519843
14010,0.0016093265730887651
14011,0.012454974465072155
14012,0.0036260238848626614
14013,0.010827800258994102
14014,0.010055046528577805
14015,0.030015461146831512
14016,0.04855341464281082
14017,0.0037496574223041534
14018,0.008187889121472836
14019,0.004039719235152006
14020,0.007837898097932339
14021,0.002856007544323802
14022,0.001034048618748784
14023,0.002672734437510371
14024,0.009775224141776562
14025,0.09248314052820206
14026,0.03441902622580528
14027,0.004062567837536335
14028,0.01386779174208641
14029,0.009188998490571976
14030,0.0061520845629274845
14031,0.005452848970890045
14032,0.0052340649999678135
14033,0.006384752690792084
14034,0.058080580085515976
14035,0.011594584211707115
14036,0.0012832903303205967
14037,0.0024210046976804733
14038,0.00809425301849842
14039,0.004381522536277771
14040,0.006504427641630173
14041,0.016318751499056816
14042,0.020953884348273277
14043,0.006319039035588503
14044,0.008241182193160057
14045,0.02786622755229473
14046,0.004905384499579668
14047,0.01195044070482254
14048,0.0017385685350745916
14049,0.01108984462916851
14050,0.002861712360754609
14051,0.008830273523926735
14052,0.009310152381658554
14053,0.0013316646218299866
14054,0.003684704191982746
14055,0.015018530189990997
14056,0.004875863436609507
14057,0.0038375048898160458
14058,0.009292772971093655
14059,0.0031791741494089365
14060,0.012022108770906925
14061,0.0025759644340723753
14062,0.00721544586122036
14063,0.03696734085679054
14064,0.02845832332968712
14065,0.010317394509911537
14066,0.009221088141202927
14067,0.008732867427170277
14068,0.0022353013046085835
14069,0.0403825007379055
14070,0.002953187096863985
14071,0.026299476623535156
14072,0.011538943275809288
14073,0.01163368672132492
14074,0.007904104888439178
14075,0.003641298972070217
14076,0.006362752057611942
14077,0.029405495151877403
14078,0.028919517993927002
14079,0.005692345555871725
14080,0.07241776585578918
14081,0.0026373008731752634
14082,0.019148726016283035
14083,0.031568992882966995
14084,0.002375314710661769
14085,0.018556807190179825
14086,0.0034714187495410442
14087,0.009791724383831024
14088,0.0032321936450898647
14089,0.005420703440904617
14090,0.0018084252951666713
14091,0.001487573841586709
14092,0.015663718804717064
14093,0.004964711144566536
14094,0.007799691054970026
14095,0.0027675603050738573
14096,0.027469683438539505
14097,0.002428724430501461
14098,0.010910335928201675
14099,0.0054724328219890594
14100,0.0013802757021039724
14101,0.001799370045773685
14102,0.005084490403532982
14103,0.04311547055840492
14104,0.0752844288945198
14105,0.0017507786396890879
14106,0.053041886538267136
14107,0.001356072723865509
14108,0.047792498022317886
14109,0.0016070157289505005
14110,0.0027312273159623146
14111,0.0025552203878760338
14112,0.0026653208769857883
14113,0.004411713685840368
14114,0.031244296580553055
14115,0.015242180787026882
14116,0.005065528210252523
14117,0.03190024569630623
14118,0.004744792822748423
14119,0.0030732997693121433
14120,0.016559477895498276
14121,0.009332023561000824
14122,0.017578478902578354
14123,0.021779615432024002
14124,0.005608360283076763
14125,0.017318619415163994
14126,0.01858385279774666
14127,0.002751403721049428
14128,0.0044249724596738815
14129,0.019431812688708305
14130,0.004523659590631723
14131,0.00359151279553771
14132,0.038414403796195984
14133,0.008204278536140919
14134,0.004425012972205877
14135,0.013729607686400414
14136,0.002162348013371229
14137,0.006338544189929962
14138,0.006740082520991564
14139,0.0089712580665946
14140,0.006817105691879988
14141,0.013462062925100327
14142,0.030496956780552864
14143,0.004320905543863773
14144,0.004020264372229576
14145,0.003415028564631939
14146,0.007317107170820236
14147,0.0037773537915199995
14148,0.009012135677039623
14149,0.024190537631511688
14150,0.051792748272418976
14151,0.005054470617324114
14152,0.00868845172226429
14153,0.0023749293759465218
14154,0.012529140338301659
14155,0.005991676822304726
14156,0.0036107536870986223
14157,0.0009012453956529498
14158,0.0025473441928625107
14159,0.013735641725361347
14160,0.011482938192784786
14161,0.04773843288421631
14162,0.02394993230700493
14163,0.012971281073987484
14164,0.0025378763675689697
14165,0.0074182190001010895
14166,0.004275664687156677
14167,0.0051150210201740265
14168,0.02115943655371666
14169,0.02131614089012146
14170,0.008773637004196644
14171,0.003034790977835655
14172,0.009512885473668575
14173,0.003959584049880505
14174,0.0037603038363158703
14175,0.006138558965176344
14176,0.03663523495197296
14177,0.010455440729856491
14178,0.012083722278475761
14179,0.004187272395938635
14180,0.004922701045870781
14181,0.008163366466760635
14182,0.008564292453229427
14183,0.010645166039466858
14184,0.0050730351358652115
14185,0.006144387647509575
14186,0.003885106649249792
14187,0.003063774900510907
14188,0.0049257478676736355
14189,0.007981856353580952
14190,0.014173615723848343
14191,0.0011394023895263672
14192,0.034935444593429565
14193,0.003927106037735939
14194,0.006151620298624039
14195,0.0013874785508960485
14196,0.006022459361702204
14197,0.00481268810108304
14198,0.005849768407642841
14199,0.009762268513441086
14200,0.012377060018479824
14201,0.0036688493564724922
14202,0.007396268658339977
14203,0.02161804586648941
14204,0.00491533987224102
14205,0.016017897054553032
14206,0.004247392527759075
14207,0.010290533304214478
14208,0.006401257589459419
14209,0.002403815509751439
14210,0.004432727117091417
14211,0.0064614033326506615
14212,0.013376572169363499
14213,0.06079302355647087
14214,0.0020590678323060274
14215,0.039303041994571686
14216,0.0043095615692436695
14217,0.038366593420505524
14218,0.07256174832582474
14219,0.027660390362143517
14220,0.008923875167965889
14221,0.02569800242781639
14222,0.03373667970299721
14223,0.06649217754602432
14224,0.0023065791465342045
14225,0.023256678134202957
14226,0.010656239464879036
14227,0.014568070881068707
14228,0.023414533585309982
14229,0.002124523976817727
14230,0.04962220788002014
14231,0.03006536327302456
14232,0.020419415086507797
14233,0.0043464768677949905
14234,0.00837866123765707
14235,0.017720917239785194
14236,0.032936230301856995
14237,0.006878355983644724
14238,0.003512765746563673
14239,0.0047096386551856995
14240,0.0039635952562093735
14241,0.007271883077919483
14242,0.011234583333134651
14243,0.002747955499216914
14244,0.03639943152666092
14245,0.01271999441087246
14246,0.002304177498444915
14247,0.018283909186720848
14248,0.026933733373880386
14249,0.004403315484523773
14250,0.04091707989573479
14251,0.012979045510292053
14252,0.0060138339176774025
14253,0.011188557371497154
14254,0.003655084175989032
14255,0.014440007507801056
14256,0.017688658088445663
14257,0.05619480088353157
14258,0.00445402879267931
14259,0.0061398278921842575
14260,0.005455572623759508
14261,0.03418603166937828
14262,0.024454820901155472
14263,0.014254444278776646
14264,0.013856248930096626
14265,0.04036181420087814
14266,0.0031491792760789394
14267,0.0426657572388649
14268,0.007092257495969534
14269,0.01131077017635107
14270,0.006456717848777771
14271,0.004806614480912685
14272,0.011836254969239235
14273,0.006312050390988588
14274,0.01670425571501255
14275,0.03327168524265289
14276,0.01502039935439825
14277,0.011038441210985184
14278,0.012158663012087345
14279,0.032071180641651154
14280,0.008415007963776588
14281,0.010392323136329651
14282,0.013254599645733833
14283,0.008680986240506172
14284,0.031331948935985565
14285,0.003969600424170494
14286,0.02707592397928238
14287,0.05751083418726921
14288,0.01352318562567234
14289,0.005361245945096016
14290,0.0043419599533081055
14291,0.002052733674645424
14292,0.004421621095389128
14293,0.002083782572299242
14294,0.06187383830547333
14295,0.008552374318242073
14296,0.05689631402492523
14297,0.007493897806853056
14298,0.0031957137398421764
14299,0.0027734870091080666
14300,0.010216401889920235
14301,0.0027204249054193497
14302,0.039798542857170105
14303,0.006628888193517923
14304,0.00831708125770092
14305,0.042826250195503235
14306,0.007027437444776297
14307,0.012609882280230522
14308,0.0029995706863701344
14309,0.007009640336036682
14310,0.023275647312402725
14311,0.001832815003581345
14312,0.006389274261891842
14313,0.005171474535018206
14314,0.004490911960601807
14315,0.025275126099586487
14316,0.0039216624572873116
14317,0.011257768608629704
14318,0.03503140062093735
14319,0.020639408379793167
14320,0.014589406549930573
14321,0.0026584763545542955
14322,0.015186449512839317
14323,0.0173103678971529
14324,0.005545123480260372
14325,0.011628478765487671
14326,0.026512831449508667
14327,0.011063247919082642
14328,0.08112122118473053
14329,0.02326943539083004
14330,0.003271737601608038
14331,0.01427123136818409
14332,0.0050820242613554
14333,0.012540744617581367
14334,0.0031532379798591137
14335,0.0024271407164633274
14336,0.0018798699602484703
14337,0.007948587648570538
14338,0.03010026551783085
14339,0.007337547838687897
14340,0.003538678400218487
14341,0.05522308498620987
14342,0.03358981013298035
14343,0.04469982162117958
14344,0.0035812589339911938
14345,0.011644144542515278
14346,0.03239674121141434
14347,0.03523746877908707
14348,0.013739293441176414
14349,0.020142022520303726
14350,0.07288144528865814
14351,0.009145944379270077
14352,0.02512621320784092
14353,0.021995019167661667
14354,0.02808380499482155
14355,0.01676952838897705
14356,0.012471858412027359
14357,0.003977907821536064
14358,0.022920867428183556
14359,0.01574443094432354
14360,0.018987098708748817
14361,0.015692874789237976
14362,0.06408639997243881
14363,0.034677654504776
14364,0.019702382385730743
14365,0.02794295735657215
14366,0.04904299974441528
14367,0.025549832731485367
14368,0.018173150718212128
14369,0.034293532371520996
14370,0.06685295701026917
14371,0.005036534741520882
14372,0.026530463248491287
14373,0.014188180677592754
14374,0.007311313878744841
14375,0.02672768197953701
14376,0.006258112844079733
14377,0.006762064527720213
14378,0.017874399200081825
14379,0.008313103578984737
14380,0.007753663696348667
14381,0.014209034852683544
14382,0.01735023409128189
14383,0.035339608788490295
14384,0.004919685423374176
14385,0.011835388839244843
14386,0.011482303030788898
14387,0.03286311775445938
14388,0.020541779696941376
14389,0.006606294773519039
14390,0.008046637289226055
14391,0.03359942138195038
14392,0.01495453156530857
14393,0.008917059749364853
14394,0.04109189659357071
14395,0.007944362238049507
14396,0.007528048940002918
14397,0.044128336012363434
14398,0.02412477694451809
14399,0.023996742442250252
14400,0.051270704716444016
14401,0.03028865158557892
14402,0.008678778074681759
14403,0.013148076832294464
14404,0.0054639531299471855
14405,0.022184308618307114
14406,0.005272026639431715
14407,0.00881209410727024
14408,0.01539643108844757
14409,0.02417345717549324
14410,0.019546400755643845
14411,0.010858109220862389
14412,0.015086754225194454
14413,0.00405807513743639
14414,0.014906622469425201
14415,0.005009830463677645
14416,0.016020357608795166
14417,0.030067428946495056
14418,0.01960226148366928
14419,0.00716691417619586
14420,0.05830128490924835
14421,0.0063936905935406685
14422,0.014070799574255943
14423,0.006739723030477762
14424,0.008020701818168163
14425,0.008753031492233276
14426,0.07685370743274689
14427,0.03828290104866028
14428,0.009618508629500866
14429,0.009326414205133915
14430,0.034939251840114594
14431,0.02947857603430748
14432,0.015587523579597473
14433,0.028211575001478195
14434,0.004106537904590368
14435,0.0053219059482216835
14436,0.006942468229681253
14437,0.05472531169652939
14438,0.021166041493415833
14439,0.024687381461262703
14440,0.021072357892990112
14441,0.004805019125342369
14442,0.004098743200302124
14443,0.02854810655117035
14444,0.005474891513586044
14445,0.021774593740701675
14446,0.017879463732242584
14447,0.03717436641454697
14448,0.01962214894592762
14449,0.0064996108412742615
14450,0.04878120496869087
14451,0.006441689562052488
14452,0.0282193124294281
14453,0.006650719791650772
14454,0.008743826299905777
14455,0.023904206231236458
14456,0.009649066254496574
14457,0.00933259166777134
14458,0.014873776584863663
14459,0.03314860910177231
14460,0.01082155667245388
14461,0.013002379797399044
14462,0.01675628498196602
14463,0.003393894527107477
14464,0.00409624632447958
14465,0.025027696043252945
14466,0.03178529441356659
14467,0.032887641340494156
14468,0.019877120852470398
14469,0.02510875090956688
14470,0.0709620863199234
14471,0.013812700286507607
14472,0.006635946687310934
14473,0.049508050084114075
14474,0.06904643774032593
14475,0.014768930152058601
14476,0.018732955679297447
14477,0.016034243628382683
14478,0.012751033529639244
14479,0.0027803853154182434
14480,0.035459425300359726
14481,0.0448993556201458
14482,0.031009439378976822
14483,0.0299327801913023
14484,0.01796918362379074
14485,0.03421667218208313
14486,0.01159200631082058
14487,0.046369802206754684
14488,0.016568606719374657
14489,0.01146094873547554
14490,0.038737181574106216
14491,0.02384646236896515
14492,0.020487284287810326
14493,0.024497441947460175
14494,0.012190837413072586
14495,0.004252857528626919
14496,0.03452582284808159
14497,0.03830413892865181
14498,0.06399519741535187
14499,0.011854914017021656
14500,0.018010951578617096
14501,0.016683684661984444
14502,0.039824385195970535
14503,0.006816095672547817
14504,0.03932897746562958
14505,0.006228335201740265
14506,0.01067814975976944
14507,0.0070539554581046104
14508,0.01331975869834423
14509,0.010489142499864101
14510,0.02376415953040123
14511,0.010716005228459835
14512,0.011524275876581669
14513,0.008262763731181622
14514,0.00675990292802453
14515,0.07009009271860123
14516,0.005561051424592733
14517,0.045064911246299744
14518,0.01192028820514679
14519,0.007867508567869663
14520,0.01520220935344696
14521,0.010921347886323929
14522,0.03919369727373123
14523,0.0028856564313173294
14524,0.0030082566663622856
14525,0.012771809473633766
14526,0.02187984809279442
14527,0.015500567853450775
14528,0.015559948049485683
14529,0.021164709702134132
14530,0.005447332747280598
14531,0.004363398998975754
14532,0.03673611581325531
14533,0.0198103878647089
14534,0.02022494375705719
14535,0.05375759303569794
14536,0.032824672758579254
14537,0.012373234145343304
14538,0.010216828435659409
14539,0.030136121436953545
14540,0.02150110900402069
14541,0.005952662788331509
14542,0.027824141085147858
14543,0.014730073511600494
14544,0.007564221508800983
14545,0.013217292726039886
14546,0.005107128992676735
14547,0.008481426164507866
14548,0.010910918936133385
14549,0.012772582471370697
14550,0.02182900719344616
14551,0.0025371965020895004
14552,0.007186488248407841
14553,0.008437956683337688
14554,0.01356487162411213
14555,0.026810823008418083
14556,0.01706075854599476
14557,0.016248207539319992
14558,0.029675055295228958
14559,0.02193446084856987
14560,0.005847447086125612
14561,0.006734795868396759
14562,0.0045066638849675655
14563,0.016785241663455963
14564,0.04598824679851532
14565,0.007703430484980345
14566,0.012778636068105698
14567,0.06370018422603607
14568,0.022015871480107307
14569,0.0214875265955925
14570,0.026310382410883904
14571,0.004608171992003918
14572,0.0065655033104121685
14573,0.0034659584052860737
14574,0.03052905946969986
14575,0.0019579718355089426
14576,0.006240128073841333
14577,0.01565386913716793
14578,0.005348531063646078
14579,0.011135892942547798
14580,0.06172400712966919
14581,0.01650354638695717
14582,0.015214966610074043
14583,0.017162077128887177
14584,0.0036760345101356506
14585,0.014180789701640606
14586,0.004052833653986454
14587,0.010326514020562172
14588,0.005957358051091433
14589,0.0028891214169561863
14590,0.008869171142578125
14591,0.026582958176732063
14592,0.019780296832323074
14593,0.006980524398386478
14594,0.03422839939594269
14595,0.012327943928539753
14596,0.05113843455910683
14597,0.024693582206964493
14598,0.006705145351588726
14599,0.05610952898859978
14600,0.03511251509189606
14601,0.07833273708820343
14602,0.017030587419867516
14603,0.013128962367773056
14604,0.005793528165668249
14605,0.006693444214761257
14606,0.009846696630120277
14607,0.010085360147058964
14608,0.03465139865875244
14609,0.016240745782852173
14610,0.021891450509428978
14611,0.028640426695346832
14612,0.024915598332881927
14613,0.051144421100616455
14614,0.020755281671881676
14615,0.00641258992254734
14616,0.009370957501232624
14617,0.022696424275636673
14618,0.023692168295383453
14619,0.014581020921468735
14620,0.025508174672722816
14621,0.016812097281217575
14622,0.07372482120990753
14623,0.026774995028972626
14624,0.05351531505584717
14625,0.03381945192813873
14626,0.019585734233260155
14627,0.030595870688557625
14628,0.016517704352736473
14629,0.045466966927051544
14630,0.019849011674523354
14631,0.04135384038090706
14632,0.012103863060474396
14633,0.007796009071171284
14634,0.005316363647580147
14635,0.018275020644068718
14636,0.021395530551671982
14637,0.0033072622027248144
14638,0.006850310601294041
14639,0.00398730905726552
14640,0.01536976546049118
14641,0.02696075290441513
14642,0.04853297397494316
14643,0.060793809592723846
14644,0.012576197274029255
14645,0.012293575331568718
14646,0.04346345365047455
14647,0.07424409687519073
14648,0.005771414376795292
14649,0.023227030411362648
14650,0.0038102269172668457
14651,0.008884944021701813
14652,0.010339265689253807
14653,0.004380824975669384
14654,0.009015749208629131
14655,0.016110658645629883
14656,0.03236084431409836
14657,0.03390597924590111
14658,0.013290336355566978
14659,0.007884672842919827
14660,0.006064053624868393
14661,0.014720763079822063
14662,0.009633108973503113
14663,0.029381869360804558
14664,0.010242808610200882
14665,0.022053804248571396
14666,0.013106771744787693
14667,0.060663726180791855
14668,0.024584012106060982
14669,0.012684343382716179
14670,0.030413871631026268
14671,0.03537647798657417
14672,0.010607743635773659
14673,0.017323698848485947
14674,0.008047695271670818
14675,0.018003199249505997
14676,0.006676244083791971
14677,0.021384814754128456
14678,0.013705856166779995
14679,0.06627152115106583
14680,0.03399856016039848
14681,0.026076478883624077
14682,0.026261040940880775
14683,0.041992127895355225
14684,0.04217015951871872
14685,0.02591661736369133
14686,0.01369924284517765
14687,0.0054877628572285175
14688,0.006749022286385298
14689,0.05853251367807388
14690,0.002153059933334589
14691,0.005915096960961819
14692,0.0009461372392252088
14693,0.03888194262981415
14694,0.0287859458476305
14695,0.05168750882148743
14696,0.0026268651708960533
14697,0.055720195174217224
14698,0.025860533118247986
14699,0.009477944113314152
14700,0.0036272425204515457
14701,0.009234563447535038
14702,0.06579231470823288
14703,0.0259016714990139
14704,0.029964899644255638
14705,0.004563396796584129
14706,0.00639092642813921
14707,0.013449683785438538
14708,0.015069030225276947
14709,0.019212469458580017
14710,0.005602462682873011
14711,0.022920385003089905
14712,0.002966078696772456
14713,0.010247918777167797
14714,0.010586511343717575
14715,0.05749274045228958
14716,0.017392385751008987
14717,0.039187490940093994
14718,0.02741631120443344
14719,0.0142587935552001
14720,0.009365834295749664
14721,0.03245505318045616
14722,0.011165790259838104
14723,0.005945841781795025
14724,0.0710233822464943
14725,0.026244329288601875
14726,0.09742565453052521
14727,0.05600350350141525
14728,0.012681132182478905
14729,0.07011520117521286
14730,0.031945306807756424
14731,0.010676531121134758
14732,0.03604532778263092
14733,0.03130973502993584
14734,0.013433543965220451
14735,0.01580752618610859
14736,0.01449698954820633
14737,0.012961425818502903
14738,0.012114116922020912
14739,0.00571228563785553
14740,0.02464982122182846
14741,0.04595097154378891
14742,0.03830656781792641
14743,0.007267172448337078
14744,0.006220025941729546
14745,0.008359761908650398
14746,0.01983867585659027
14747,0.01424762886017561
14748,0.040092501789331436
14749,0.0025170398876070976
14750,0.0726657286286354
14751,0.029999511316418648
14752,0.007783994078636169
14753,0.0024922704324126244
14754,0.06632713228464127
14755,0.08772271126508713
14756,0.05461867153644562
14757,0.03697077929973602
14758,0.008961289189755917
14759,0.008049765601754189
14760,0.03042973019182682
14761,0.058069128543138504
14762,0.011168254539370537
14763,0.012213317677378654
14764,0.007535545155405998
14765,0.01676010526716709
14766,0.014624591916799545
14767,0.005034487694501877
14768,0.014477768912911415
14769,0.041888173669576645
14770,0.03028760850429535
14771,0.01687900722026825
14772,0.04271483048796654
14773,0.059728387743234634
14774,0.03032577782869339
14775,0.027775907889008522
14776,0.012811543419957161
14777,0.005425464361906052
14778,0.009613546542823315
14779,0.0036689189728349447
14780,0.007995868101716042
14781,0.0038970918394625187
14782,0.03062458336353302
14783,0.012509480118751526
14784,0.005876695737242699
14785,0.043631743639707565
14786,0.004404373001307249
14787,0.0019449295941740274
14788,0.020703017711639404
14789,0.027395829558372498
14790,0.01185549609363079
14791,0.004402665887027979
14792,0.024653971195220947
14793,0.09368041157722473
14794,0.04523679241538048
14795,0.025985054671764374
14796,0.023902470245957375
14797,0.007993308827280998
14798,0.012343518435955048
14799,0.018082711845636368
14800,0.017248935997486115
14801,0.010659482330083847
14802,0.033147625625133514
14803,0.008479376323521137
14804,0.022440575063228607
14805,0.005077170208096504
14806,0.01989002898335457
14807,0.0632881298661232
14808,0.0036939370911568403
14809,0.002504488220438361
14810,0.012011254206299782
14811,0.03196967765688896
14812,0.007552819326519966
14813,0.012806425802409649
14814,0.03160425275564194
14815,0.027880260720849037
14816,0.005121441092342138
14817,0.019952284172177315
14818,0.00500178337097168
14819,0.01589975319802761
14820,0.0011834093602374196
14821,0.04111899435520172
14822,0.02135431207716465
14823,0.007316680159419775
14824,0.014681629836559296
14825,0.01826717145740986
14826,0.006357329897582531
14827,0.004599892534315586
14828,0.03625542297959328
14829,0.007636421825736761
14830,0.06837870180606842
14831,0.01070406474173069
14832,0.005995659157633781
14833,0.017130326479673386
14834,0.0016078806947916746
14835,0.02101881057024002
14836,0.003856757190078497
14837,0.039591990411281586
14838,0.05065624415874481
14839,0.01360138226300478
14840,0.0026613655500113964
14841,0.011463196948170662
14842,0.006220900919288397
14843,0.016510743647813797
14844,0.0899067372083664
14845,0.0029490869492292404
14846,0.014106559567153454
14847,0.00767701817676425
14848,0.002823739545419812
14849,0.018871977925300598
14850,0.002147024730220437
14851,0.006902388297021389
14852,0.05123937502503395
14853,0.02630254067480564
14854,0.004488674458116293
14855,0.009120553731918335
14856,0.004294159822165966
14857,0.005977253429591656
14858,0.033085815608501434
14859,0.003699894994497299
14860,0.003933930303901434
14861,0.00403185049071908
14862,0.021373488008975983
14863,0.00772671215236187
14864,0.010051043704152107
14865,0.0029749779496341944
14866,0.01925593428313732
14867,0.04985800385475159
14868,0.0016169853042811155
14869,0.00581524008885026
14870,0.009066530503332615
14871,0.008846658281981945
14872,0.002667658496648073
14873,0.02090499922633171
14874,0.008637738414108753
14875,0.0017959894612431526
14876,0.0013995053013786674
14877,0.002386655192822218
14878,0.040908683091402054
14879,0.010955309495329857
14880,0.06948935240507126
14881,0.0013346315827220678
14882,0.019314628094434738
14883,0.023668788373470306
14884,0.003006917890161276
14885,0.0033695956226438284
14886,0.0023185007739812136
14887,0.0010954801691696048
14888,0.006527540273964405
14889,0.00889953039586544
14890,0.0015880768187344074
14891,0.002532106824219227
14892,0.002404336351901293
14893,0.0019957921467721462
14894,0.001474665361456573
14895,0.0015594745054841042
14896,0.028324764221906662
14897,0.001491989241912961
14898,0.003635567147284746
14899,0.03761198744177818
14900,0.015085270628333092
14901,0.00437962356954813
14902,0.005629776977002621
14903,0.01825615204870701
14904,0.0014907924924045801
14905,0.0025114493910223246
14906,0.0027950399089604616
14907,0.03148544952273369
14908,0.003774698358029127
14909,0.0010393444681540132
14910,0.00580342672765255
14911,0.012293598614633083
14912,0.00461575947701931
14913,0.0013166129356250167
14914,0.001437469618394971
14915,0.00691666454076767
14916,0.012606330215930939
14917,0.007226493209600449
14918,0.00204490520991385
14919,0.0021362497936934233
14920,0.006178135983645916
14921,0.0029964065179228783
14922,0.002956090960651636
14923,0.0032075687777251005
14924,0.05436323583126068
14925,0.0016549837309867144
14926,0.004200542811304331
14927,0.004286767914891243
14928,0.003310924395918846
14929,0.003140910528600216
14930,0.002962665632367134
14931,0.011915844865143299
14932,0.0025715315714478493
14933,0.009243447333574295
14934,0.026500845327973366
14935,0.005538817495107651
14936,0.0015659737400710583
14937,0.0014109467156231403
14938,0.0021139653399586678
14939,0.01576121151447296
14940,0.025988135486841202
14941,0.004661508370190859
14942,0.005513375625014305
14943,0.04878957197070122
14944,0.005509540904313326
14945,0.009523608721792698
14946,0.0017834929749369621
14947,0.004928206093609333
14948,0.002501850249245763
14949,0.006674802862107754
14950,0.005510926712304354
14951,0.006012836005538702
14952,0.020676059648394585
14953,0.003510307753458619
14954,0.006598860491067171
14955,0.0033211156260222197
14956,0.0011693211272358894
14957,0.005421141162514687
14958,0.0014643850736320019
14959,0.0018982024630531669
14960,0.007117362227290869
14961,0.006980475969612598
14962,0.001450483687222004
14963,0.012967064045369625
14964,0.002842437941581011
14965,0.004344011656939983
14966,0.0006499176379293203
14967,0.002255271887406707
14968,0.010032993741333485
14969,0.005968812387436628
14970,0.015377175994217396
14971,0.0024089436046779156
14972,0.002629875438287854
14973,0.04345721751451492
14974,0.00252704881131649
14975,0.053959693759679794
14976,0.0042336611077189445
14977,0.003251289017498493
14978,0.003333511296659708
14979,0.0014564564917236567
14980,0.002475589048117399
14981,0.0017471928149461746
14982,0.0027958210557699203
14983,0.005135863088071346
14984,0.003368541831150651
14985,0.001390654593706131
14986,0.0043152011930942535
14987,0.004190949257463217
14988,0.0014140778221189976
14989,0.0018328395672142506
14990,0.0031381091102957726
14991,0.003414424369111657
14992,0.0011979425325989723
14993,0.0017149789491668344
14994,0.001365268719382584
14995,0.0017785332165658474
14996,0.0013749448116868734
14997,0.0064399526454508305
14998,0.0014546497259289026
14999,0.0014070675242692232
15000,0.0012218581978231668
15001,0.0013783065369352698
15002,0.0027678990736603737
15003,0.0016002084594219923
15004,0.0024368930608034134
15005,0.0020266524516046047
15006,0.0011208879295736551
15007,0.0014714449644088745
15008,0.0015705262776464224
15009,0.0031515511218458414
15010,0.0034761661663651466
15011,0.0018462524749338627
15012,0.001062877126969397
15013,0.0011341501958668232
15014,0.0017699585296213627
15015,0.0022308938205242157
15016,0.0009850349742919207
15017,0.0012718120124191046
15018,0.0012598969042301178
15019,0.001383395167067647
15020,0.0011995226377621293
15021,0.002009348478168249
15022,0.000938227865844965
15023,0.001851491630077362
15024,0.0008958224207162857
15025,0.001476028934121132
15026,0.0016250438056886196
15027,0.0008620140142738819
15028,0.0016705743037164211
15029,0.0022692542988806963
15030,0.0010934715392068028
15031,0.0018386987503618002
15032,0.0008416682831011713
15033,0.0008632121025584638
15034,0.0015129814855754375
15035,0.0006031881785020232
15036,0.0012315292842686176
15037,0.0012716753408312798
15038,0.003253424074500799
15039,0.002133186673745513
15040,0.0021528443321585655
15041,0.0012895807158201933
15042,0.0021917044650763273
15043,0.0008295580046251416
15044,0.0008406080305576324
15045,0.0015623264480382204
15046,0.0010330546647310257
15047,0.0011603479506447911
15048,0.00195717322640121
15049,0.0015506381168961525
15050,0.0014534401707351208
15051,0.0011001881211996078
15052,0.0015118158189579844
15053,0.000809612509328872
15054,0.0008143321610987186
15055,0.0012303376570343971
15056,0.00351816788315773
15057,0.0008515145163983107
15058,0.0011824967805296183
15059,0.0014384372625499964
15060,0.0006491991225630045
15061,0.0014443118125200272
15062,0.001295423717238009
15063,0.0009845462627708912
15064,0.0015601192135363817
15065,0.0007953695603646338
15066,0.0018169177928939462
15067,0.0028661529067903757
15068,0.0009599053300917149
15069,0.0025538853369653225
15070,0.000978539464995265
15071,0.0007110151927918196
15072,0.0010359598090872169
15073,0.0009350215550512075
15074,0.001237560878507793
15075,0.0006924442714080215
15076,0.0006745034479536116
15077,0.0009557165903970599
15078,0.00136269791983068
15079,0.0021428598556667566
15080,0.0007840370526537299
15081,0.000743222248274833
15082,0.000936680065933615
15083,0.0008718359749764204
15084,0.0014521225821226835
15085,0.001818511518649757
15086,0.000995284179225564
15087,0.0008551916107535362
15088,0.0016125396359711885
15089,0.002310016192495823
15090,0.001016565365716815
15091,0.002997268922626972
15092,0.0008755408925935626
15093,0.0008910605683922768
15094,0.0004226059536449611
15095,0.0016144164837896824
15096,0.002705727703869343
15097,0.0010116752237081528
15098,0.0011295422445982695
15099,0.002557822735980153
15100,0.0009622204815968871
15101,0.0006106707151047885
15102,0.0008045876165851951
15103,0.0011480452958494425
15104,0.00439199386164546
15105,0.030967941507697105
15106,0.033839721232652664
15107,0.029920613393187523
15108,0.05684058368206024
15109,0.05736660957336426
15110,0.08123987168073654
15111,0.028329025954008102
15112,0.00804008636623621
15113,0.005817169323563576
15114,0.0034094068687409163
15115,0.03965439647436142
15116,0.010178346186876297
15117,0.003604171797633171
15118,0.008048521354794502
15119,0.04745713248848915
15120,0.011962711811065674
15121,0.007612819317728281
15122,0.014649615623056889
15123,0.05099035054445267
15124,0.010787621140480042
15125,0.004453916102647781
15126,0.01287937443703413
15127,0.063718780875206
15128,0.018266912549734116
15129,0.05962975323200226
15130,0.026250921189785004
15131,0.05431245639920235
15132,0.028975144028663635
15133,0.0532485656440258
15134,0.04103407263755798
15135,0.023409441113471985
15136,0.007891310378909111
15137,0.04800230264663696
15138,0.07090679556131363
15139,0.053816940635442734
15140,0.012169495224952698
15141,0.009300405159592628
15142,0.06152869015932083
15143,0.04586723819375038
15144,0.004485872574150562
15145,0.05793289467692375
15146,0.017438048496842384
15147,0.014100766740739346
15148,0.05335517227649689
15149,0.003837993834167719
15150,0.012706514447927475
15151,0.006158800795674324
15152,0.023208584636449814
15153,0.014506712555885315
15154,0.04795414209365845
15155,0.0017866728594526649
15156,0.011389156803488731
15157,0.013047395274043083
15158,0.014135842211544514
15159,0.019902383908629417
15160,0.036859847605228424
15161,0.0691075399518013
15162,0.001642465591430664
15163,0.007779136300086975
15164,0.012042475864291191
15165,0.009681543335318565
15166,0.003981701098382473
15167,0.010223332792520523
15168,0.02198062650859356
15169,0.002876679413020611
15170,0.0024587891530245543
15171,0.010746047832071781
15172,0.013686368241906166
15173,0.06583727896213531
15174,0.00168726802803576
15175,0.00802474096417427
15176,0.002490599872544408
15177,0.039685916155576706
15178,0.036794643849134445
15179,0.05454540252685547
15180,0.011182796210050583
15181,0.05687320977449417
15182,0.004840876441448927
15183,0.006955859251320362
15184,0.03754192218184471
15185,0.03124850243330002
15186,0.01763879880309105
15187,0.004702311009168625
15188,0.020940391346812248
15189,0.028936263173818588
15190,0.007020660676062107
15191,0.03554826229810715
15192,0.02462548203766346
15193,0.08020369708538055
15194,0.03513209894299507
15195,0.0042596179991960526
15196,0.007451098412275314
15197,0.005636095069348812
15198,0.003946556709706783
15199,0.008355541154742241
15200,0.014250356703996658
15201,0.006300989538431168
15202,0.014583741314709187
15203,0.06907457858324051
15204,0.013201097026467323
15205,0.017446953803300858
15206,0.007154799997806549
15207,0.004219786264002323
15208,0.008942031301558018
15209,0.036894895136356354
15210,0.015163518488407135
15211,0.015101538971066475
15212,0.10103639960289001
15213,0.024189667776226997
15214,0.012940115295350552
15215,0.006876407656818628
15216,0.023971203714609146
15217,0.0042268941178917885
15218,0.021240681409835815
15219,0.02093902789056301
15220,0.007767403963953257
15221,0.03806820139288902
15222,0.005596439354121685
15223,0.005931511987000704
15224,0.022574393078684807
15225,0.01655343733727932
15226,0.0030991658568382263
15227,0.008324787020683289
15228,0.04608143866062164
15229,0.00216697552241385
15230,0.005597307346761227
15231,0.01886719837784767
15232,0.01670074090361595
15233,0.02259964682161808
15234,0.0024977978318929672
15235,0.002610549796372652
15236,0.006770370993763208
15237,0.02575523406267166
15238,0.04142308235168457
15239,0.005507618188858032
15240,0.02209479734301567
15241,0.010376649908721447
15242,0.003652330953627825
15243,0.003923335578292608
15244,0.0017881083767861128
15245,0.002531050005927682
15246,0.008036178536713123
15247,0.0019094557501375675
15248,0.008566949516534805
15249,0.004319389350712299
15250,0.004079819656908512
15251,0.02863410674035549
15252,0.015857243910431862
15253,0.0021275149192661047
15254,0.07003263384103775
15255,0.0033414524514228106
15256,0.003107982687652111
15257,0.002595671685412526
15258,0.06097828596830368
15259,0.02387893758714199
15260,0.001595609704963863
15261,0.002898000180721283
15262,0.013940450735390186
15263,0.006742797326296568
15264,0.006689285393804312
15265,0.009949230588972569
15266,0.025504855439066887
15267,0.0012814264046028256
15268,0.006290478631854057
15269,0.025778163224458694
15270,0.0022060018964111805
15271,0.007818624377250671
15272,0.0028899009339511395
15273,0.0013014038559049368
15274,0.018599973991513252
15275,0.04201597347855568
15276,0.00747245317324996
15277,0.007253074087202549
15278,0.001262857229448855
15279,0.002872721292078495
15280,0.0028413820546120405
15281,0.0022098643239587545
15282,0.0048503088764846325
15283,0.01411001943051815
15284,0.02497943863272667
15285,0.0015878654085099697
15286,0.007349436171352863
15287,0.010658045299351215
15288,0.001744291977956891
15289,0.012372776865959167
15290,0.010793854482471943
15291,0.010230286046862602
15292,0.004921971820294857
15293,0.027799740433692932
15294,0.0008101507555693388
15295,0.0009770840406417847
15296,0.013248258270323277
15297,0.007308589294552803
15298,0.004375235177576542
15299,0.002422058954834938
15300,0.015857165679335594
15301,0.013798877596855164
15302,0.0015505977207794785
15303,0.01195153035223484
15304,0.002130569191649556
15305,0.002567838877439499
15306,0.002812942024320364
15307,0.00400287751108408
15308,0.021901240572333336
15309,0.005088161211460829
15310,0.017545703798532486
15311,0.03222896531224251
15312,0.003107622032985091
15313,0.002131124259904027
15314,0.005538657307624817
15315,0.004601532127708197
15316,0.005035022273659706
15317,0.004765036515891552
15318,0.0043870992958545685
15319,0.010858331806957722
15320,0.0017593959346413612
15321,0.004104905761778355
15322,0.003103524213656783
15323,0.003921513445675373
15324,0.007235088385641575
15325,0.03586670383810997
15326,0.040592215955257416
15327,0.0009582239435985684
15328,0.0013930662535130978
15329,0.0045202504843473434
15330,0.0009168249671347439
15331,0.0021138840820640326
15332,0.0024799020029604435
15333,0.019917067140340805
15334,0.0017214827239513397
15335,0.033879879862070084
15336,0.0033209086395800114
15337,0.0016492914874106646
15338,0.005161306355148554
15339,0.001533264177851379
15340,0.004407837521284819
15341,0.001978151500225067
15342,0.0061547295190393925
15343,0.010956104844808578
15344,0.006896235980093479
15345,0.004954462870955467
15346,0.0024036671966314316
15347,0.057912856340408325
15348,0.0019183424301445484
15349,0.0324045792222023
15350,0.006890733260661364
15351,0.0017937773372977972
15352,0.009732206352055073
15353,0.009463854134082794
15354,0.009745588526129723
15355,0.026942333206534386
15356,0.02950432524085045
15357,0.006024079397320747
15358,0.026851825416088104
15359,0.002521341200917959
15360,0.020617086440324783
15361,0.019742721691727638
15362,0.021775882691144943
15363,0.001603896263986826
15364,0.0023469391744583845
15365,0.005761522799730301
15366,0.0019419012824073434
15367,0.009730197489261627
15368,0.04063710942864418
15369,0.011577386409044266
15370,0.029033325612545013
15371,0.027718253433704376
15372,0.03055642731487751
15373,0.011435799300670624
15374,0.05856749787926674
15375,0.0019406737992540002
15376,0.004944921936839819
15377,0.061254531145095825
15378,0.017608430236577988
15379,0.002122990321367979
15380,0.03650473803281784
15381,0.003188661765307188
15382,0.009402775205671787
15383,0.020962275564670563
15384,0.006911126896739006
15385,0.006092536263167858
15386,0.003271619789302349
15387,0.06495703756809235
15388,0.005248354747891426
15389,0.006368577945977449
15390,0.004382960498332977
15391,0.0037809398490935564
15392,0.06036408990621567
15393,0.03341139107942581
15394,0.0016507126856595278
15395,0.024873586371541023
15396,0.010842001996934414
15397,0.009487058967351913
15398,0.01886776089668274
15399,0.028168056160211563
15400,0.0009408181067556143
15401,0.017834939062595367
15402,0.0077430251985788345
15403,0.027476036921143532
15404,0.009582853876054287
15405,0.010865272954106331
15406,0.00482991011813283
15407,0.03278970345854759
15408,0.03190595284104347
15409,0.0048518106341362
15410,0.06524378806352615
15411,0.001747606205753982
15412,0.01849135011434555
15413,0.008025279268622398
15414,0.004514872562140226
15415,0.01402798481285572
15416,0.008707123808562756
15417,0.024584250524640083
15418,0.005608481355011463
15419,0.0050741154700517654
15420,0.012669401243329048
15421,0.02400173619389534
15422,0.00113393843639642
15423,0.001478798221796751
15424,0.026204001158475876
15425,0.005076556466519833
15426,0.030816873535513878
15427,0.0025342763401567936
15428,0.01254319865256548
15429,0.010602920316159725
15430,0.004718400537967682
15431,0.024455029517412186
15432,0.037590838968753815
15433,0.036479659378528595
15434,0.042212001979351044
15435,0.0026929443702101707
15436,0.0020855937618762255
15437,0.006248848047107458
15438,0.041718319058418274
15439,0.02109472081065178
15440,0.007604152429848909
15441,0.005051723215728998
15442,0.005343303084373474
15443,0.012560324743390083
15444,0.006567344069480896
15445,0.02953929454088211
15446,0.005505777895450592
15447,0.03465604782104492
15448,0.03998573496937752
15449,0.0021304104011505842
15450,0.004057037644088268
15451,0.0033850176259875298
15452,0.0065734717063605785
15453,0.008404788561165333
15454,0.00408280361443758
15455,0.001610877807252109
15456,0.001401411951519549
15457,0.033601053059101105
15458,0.0015498024877160788
15459,0.007653562352061272
15460,0.015489678829908371
15461,0.03261133283376694
15462,0.006147458218038082
15463,0.021847054362297058
15464,0.05835464969277382
15465,0.01941138692200184
15466,0.0019153745379298925
15467,0.0021042614243924618
15468,0.016215886920690536
15469,0.00550112733617425
15470,0.05769048631191254
15471,0.0017546144081279635
15472,0.012067507021129131
15473,0.0076693883165717125
15474,0.0029600784182548523
15475,0.03538589924573898
15476,0.023070549592375755
15477,0.0029024151153862476
15478,0.030067645013332367
15479,0.015110956504940987
15480,0.02566511742770672
15481,0.00440551433712244
15482,0.006307009607553482
15483,0.0019112036097794771
15484,0.003800234291702509
15485,0.004950354807078838
15486,0.01632864959537983
15487,0.0038562770932912827
15488,0.020883161574602127
15489,0.05485799163579941
15490,0.0018292214954271913
15491,0.004305765498429537
15492,0.010013979859650135
15493,0.012753535993397236
15494,0.029471900314092636
15495,0.009245853871107101
15496,0.09083336591720581
15497,0.0058954861015081406
15498,0.03632260113954544
15499,0.04893678426742554
15500,0.03536572679877281
15501,0.15344633162021637
15502,0.029458295553922653
15503,0.05876196175813675
15504,0.005159168038517237
15505,0.010587776079773903
15506,0.008356220088899136
15507,0.03600849211215973
15508,0.007318305782973766
15509,0.029774844646453857
15510,0.004827989265322685
15511,0.03685401752591133
15512,0.02629844844341278
15513,0.09527039527893066
15514,0.013728706166148186
15515,0.03709689527750015
15516,0.02892651967704296
15517,0.042254164814949036
15518,0.006806886289268732
15519,0.005576727911829948
15520,0.01914077438414097
15521,0.007280757650732994
15522,0.02754823863506317
15523,0.05739286541938782
15524,0.008583658374845982
15525,0.05731178820133209
15526,0.015926459804177284
15527,0.025732047855854034
15528,0.01671806536614895
15529,0.021392716094851494
15530,0.07314163446426392
15531,0.011894258670508862
15532,0.008155417628586292
15533,0.026347529143095016
15534,0.005206063389778137
15535,0.005167030729353428
15536,0.003260459518060088
15537,0.0036272667348384857
15538,0.03677712008357048
15539,0.014237134717404842
15540,0.04202015697956085
15541,0.022059256210923195
15542,0.007701261900365353
15543,0.011391234584152699
15544,0.013945817947387695
15545,0.0033515486866235733
15546,0.01171065028756857
15547,0.06019940972328186
15548,0.018511099740862846
15549,0.08827629685401917
15550,0.011695688590407372
15551,0.045350197702646255
15552,0.015886671841144562
15553,0.01693899929523468
15554,0.02828562818467617
15555,0.009081078693270683
15556,0.009123017080128193
15557,0.0038044590037316084
15558,0.005689363926649094
15559,0.05384650081396103
15560,0.017214220017194748
15561,0.0035633817315101624
15562,0.012639425694942474
15563,0.040259722620248795
15564,0.01136510819196701
15565,0.0039041289128363132
15566,0.004639187827706337
15567,0.007360818330198526
15568,0.011645261198282242
15569,0.058228928595781326
15570,0.020815256983041763
15571,0.03105059266090393
15572,0.004236242733895779
15573,0.0401807576417923
15574,0.03600385785102844
15575,0.02694167196750641
15576,0.006230766884982586
15577,0.04815646633505821
15578,0.032824933528900146
15579,0.06310709565877914
15580,0.01728815957903862
15581,0.008888324722647667
15582,0.010380875319242477
15583,0.08158685266971588
15584,0.016976328566670418
15585,0.010645458474755287
15586,0.011024544015526772
15587,0.010899052955210209
15588,0.013671841472387314
15589,0.004312238190323114
15590,0.024269983172416687
15591,0.008985212072730064
15592,0.041224028915166855
15593,0.041533660143613815
15594,0.018437130376696587
15595,0.034624386578798294
15596,0.014258760958909988
15597,0.007799745537340641
15598,0.041314005851745605
15599,0.03927914425730705
15600,0.013033322989940643
15601,0.018911190330982208
15602,0.01770446076989174
15603,0.043202955275774
15604,0.011795193888247013
15605,0.009336989372968674
15606,0.006831247825175524
15607,0.005003318656235933
15608,0.06230974197387695
15609,0.008130823262035847
15610,0.061679307371377945
15611,0.008607148192822933
15612,0.015212612226605415
15613,0.0059101092629134655
15614,0.036099378019571304
15615,0.02214803919196129
15616,0.03405817598104477
15617,0.04932603985071182
15618,0.0025586746633052826
15619,0.053570590913295746
15620,0.05944710224866867
15621,0.018074072897434235
15622,0.008667132817208767
15623,0.00847308523952961
15624,0.023269696161150932
15625,0.018270855769515038
15626,0.01883350871503353
15627,0.022409847006201744
15628,0.017661232501268387
15629,0.005200640298426151
15630,0.05823327600955963
15631,0.0018829288892447948
15632,0.003181440755724907
15633,0.008296296000480652
15634,0.003244927851483226
15635,0.014135418459773064
15636,0.021990817040205002
15637,0.028160378336906433
15638,0.005315953865647316
15639,0.022263038903474808
15640,0.015475621446967125
15641,0.014989707618951797
15642,0.00903395377099514
15643,0.025094473734498024
15644,0.038755863904953
15645,0.005389420315623283
15646,0.009810926392674446
15647,0.05138735473155975
15648,0.004731226712465286
15649,0.025317305698990822
15650,0.011409436352550983
15651,0.02546115219593048
15652,0.0020396949257701635
15653,0.03188320994377136
15654,0.020633848384022713
15655,0.002818784676492214
15656,0.0032555076759308577
15657,0.02844410575926304
15658,0.01618018187582493
15659,0.004177717957645655
15660,0.004453958012163639
15661,0.011479273438453674
15662,0.0032576480880379677
15663,0.004872274585068226
15664,0.022785432636737823
15665,0.028458354994654655
15666,0.006500911433249712
15667,0.006394036114215851
15668,0.016385966911911964
15669,0.03596753254532814
15670,0.031786900013685226
15671,0.0035224331077188253
15672,0.005798177793622017
15673,0.011118397116661072
15674,0.023466255515813828
15675,0.023006901144981384
15676,0.013399990275502205
15677,0.014837110415101051
15678,0.04948534071445465
15679,0.05220978707075119
15680,0.05065697431564331
15681,0.048638202250003815
15682,0.023677634075284004
15683,0.0023131463676691055
15684,0.012090414762496948
15685,0.00707517983391881
15686,0.02026989683508873
15687,0.0014305334771052003
15688,0.004756420850753784
15689,0.009671682491898537
15690,0.0021934397518634796
15691,0.08534731715917587
15692,0.002938712015748024
15693,0.003206691239029169
15694,0.008048835210502148
15695,0.001859057112596929
15696,0.018888238817453384
15697,0.035929370671510696
15698,0.002964432816952467
15699,0.09583434462547302
15700,0.004275246988981962
15701,0.00582003453746438
15702,0.004760200157761574
15703,0.011239611543715
15704,0.010362215340137482
15705,0.010051521472632885
15706,0.005897490307688713
15707,0.003501373576000333
15708,0.0573677122592926
15709,0.01873137056827545
15710,0.010879695415496826
15711,0.001985240262001753
15712,0.0066577475517988205
15713,0.010159892030060291
15714,0.03307929262518883
15715,0.02178795449435711
15716,0.019210027530789375
15717,0.004800928756594658
15718,0.045701250433921814
15719,0.0025242934934794903
15720,0.021419642493128777
15721,0.005253701005131006
15722,0.014316532760858536
15723,0.004822264425456524
15724,0.011108010075986385
15725,0.0016851224936544895
15726,0.014082459732890129
15727,0.00948337186127901
15728,0.007159041240811348
15729,0.015858642756938934
15730,0.028808992356061935
15731,0.004432398360222578
15732,0.006062161177396774
15733,0.010502543300390244
15734,0.02416241355240345
15735,0.02028038166463375
15736,0.011925073340535164
15737,0.02969246357679367
15738,0.01766985096037388
15739,0.002402767539024353
15740,0.004972932394593954
15741,0.005308856256306171
15742,0.009499918669462204
15743,0.0036337049677968025
15744,0.012927848845720291
15745,0.024966580793261528
15746,0.027597526088356972
15747,0.003926540724933147
15748,0.013369900174438953
15749,0.024241140112280846
15750,0.006247126497328281
15751,0.03931374102830887
15752,0.04374563694000244
15753,0.01435873657464981
15754,0.01643851399421692
15755,0.05211158096790314
15756,0.015035632997751236
15757,0.05000700056552887
15758,0.025437792763113976
15759,0.005929509177803993
15760,0.0027547955978661776
15761,0.02521066926419735
15762,0.01107710786163807
15763,0.031038127839565277
15764,0.012979300692677498
15765,0.025768687948584557
15766,0.018393248319625854
15767,0.0033660256303846836
15768,0.043053288012742996
15769,0.0019429500680416822
15770,0.015942556783556938
15771,0.014589065685868263
15772,0.0020395461469888687
15773,0.013297590427100658
15774,0.001970000332221389
15775,0.00921966228634119
15776,0.0028972583822906017
15777,0.027296997606754303
15778,0.005128421355038881
15779,0.017756236717104912
15780,0.0033963085152208805
15781,0.008881299756467342
15782,0.0050079128704965115
15783,0.01482134498655796
15784,0.0032192496582865715
15785,0.06906737387180328
15786,0.014954203739762306
15787,0.006314821541309357
15788,0.007303055375814438
15789,0.0028950516134500504
15790,0.011833317577838898
15791,0.002005461137741804
15792,0.004630115814507008
15793,0.04351309314370155
15794,0.023242680355906487
15795,0.0329480841755867
15796,0.031668394804000854
15797,0.018895555287599564
15798,0.0016899056499823928
15799,0.009019779972732067
15800,0.0123851103708148
15801,0.028380542993545532
15802,0.011096226051449776
15803,0.003833306487649679
15804,0.005116991698741913
15805,0.04833221063017845
15806,0.029984798282384872
15807,0.0552496612071991
15808,0.013963674195110798
15809,0.009303196333348751
15810,0.02980189025402069
15811,0.0012170335976406932
15812,0.03225933387875557
15813,0.009346934035420418
15814,0.007878669537603855
15815,0.013524005189538002
15816,0.003072763327509165
15817,0.017650587484240532
15818,0.016857881098985672
15819,0.007077950984239578
15820,0.01668919064104557
15821,0.006848309189081192
15822,0.0016110934084281325
15823,0.01020673755556345
15824,0.0032470785081386566
15825,0.030695639550685883
15826,0.008539578877389431
15827,0.0014042778639122844
15828,0.039201296865940094
15829,0.003254782874137163
15830,0.011904586106538773
15831,0.0025337624829262495
15832,0.01496896706521511
15833,0.030158311128616333
15834,0.0644320473074913
15835,0.006394726689904928
15836,0.003642529482021928
15837,0.03651172295212746
15838,0.0030013027135282755
15839,0.003578198840841651
15840,0.02272271178662777
15841,0.0024791471660137177
15842,0.006368327885866165
15843,0.015093574300408363
15844,0.010071308352053165
15845,0.019571218639612198
15846,0.004603059496730566
15847,0.014986973255872726
15848,0.002345247659832239
15849,0.02411292865872383
15850,0.0036548362113535404
15851,0.005881103221327066
15852,0.001721849199384451
15853,0.0031714041251689196
15854,0.025905288755893707
15855,0.016665659844875336
15856,0.0035035088658332825
15857,0.003296543611213565
15858,0.004248591139912605
15859,0.005318799521774054
15860,0.007733931764960289
15861,0.003165679983794689
15862,0.0059340158477425575
15863,0.046274904161691666
15864,0.02056116983294487
15865,0.023593377321958542
15866,0.007835538126528263
15867,0.016439218074083328
15868,0.0036702239885926247
15869,0.012392067350447178
15870,0.04505324363708496
15871,0.05313930660486221
15872,0.00542448228225112
15873,0.033530138432979584
15874,0.0337224118411541
15875,0.011906931176781654
15876,0.007281678728759289
15877,0.006368094123899937
15878,0.007344672456383705
15879,0.036834415048360825
15880,0.0043232194148004055
15881,0.006175175309181213
15882,0.06613842397928238
15883,0.004643087740987539
15884,0.005551948212087154
15885,0.006617778912186623
15886,0.01091669499874115
15887,0.024701129645109177
15888,0.007348363753408194
15889,0.006421203725039959
15890,0.012649440206587315
15891,0.02826332300901413
15892,0.011021696031093597
15893,0.004433902446180582
15894,0.005445210728794336
15895,0.019051093608140945
15896,0.009215488098561764
15897,0.0026548844762146473
15898,0.004820585250854492
15899,0.009602985344827175
15900,0.007282059174031019
15901,0.005292253568768501
15902,0.0073869251646101475
15903,0.0031708739697933197
15904,0.00246630422770977
15905,0.007354005705565214
15906,0.02818126045167446
15907,0.004300832748413086
15908,0.005440386477857828
15909,0.008329959586262703
15910,0.02007458731532097
15911,0.003847596701234579
15912,0.00392803642898798
15913,0.0058177318423986435
15914,0.0030597462318837643
15915,0.0022207782603800297
15916,0.009816547855734825
15917,0.008242655545473099
15918,0.012817323207855225
15919,0.05398963391780853
15920,0.0027880705893039703
15921,0.005469986237585545
15922,0.035678401589393616
15923,0.006455570925027132
15924,0.003167277667671442
15925,0.0035133205819875
15926,0.004095807671546936
15927,0.0029684787150472403
15928,0.0024225078523159027
15929,0.0019620538223534822
15930,0.003449089825153351
15931,0.028916191309690475
15932,0.022545380517840385
15933,0.003937918692827225
15934,0.0028931498527526855
15935,0.004527775105088949
15936,0.004204791970551014
15937,0.005305267870426178
15938,0.00259296502918005
15939,0.012982945889234543
15940,0.004063420929014683
15941,0.004691628739237785
15942,0.006438811309635639
15943,0.004086969420313835
15944,0.002869202056899667
15945,0.00948314182460308
15946,0.004499554168432951
15947,0.006921735126525164
15948,0.003835167968645692
15949,0.009620966389775276
15950,0.0038494188338518143
15951,0.0034542568027973175
15952,0.014026797376573086
15953,0.018586786463856697
15954,0.004872353281825781
15955,0.005389552563428879
15956,0.0031913069542497396
15957,0.004012020770460367
15958,0.004790070466697216
15959,0.005745286121964455
15960,0.006746499799191952
15961,0.0032978958915919065
15962,0.004382544197142124
15963,0.07404162734746933
15964,0.0028803441673517227
15965,0.0034339497797191143
15966,0.023722440004348755
15967,0.002940357895568013
15968,0.003139100968837738
15969,0.013395089656114578
15970,0.004592956509441137
15971,0.005556802731007338
15972,0.003504075575619936
15973,0.012979257851839066
15974,0.002344275824725628
15975,0.00468218419700861
15976,0.02763167768716812
15977,0.0035710236988961697
15978,0.004650143440812826
15979,0.011532220989465714
15980,0.027767332270741463
15981,0.0539543516933918
15982,0.005110550671815872
15983,0.006688585039228201
15984,0.0027308433782309294
15985,0.003118220716714859
15986,0.004065952729433775
15987,0.00916198268532753
15988,0.006771809421479702
15989,0.01044395286589861
15990,0.003272861475124955
15991,0.002678162883967161
15992,0.0042298054322600365
15993,0.005440906155854464
15994,0.0020280624739825726
15995,0.0035813748836517334
15996,0.005681651644408703
15997,0.00559159554541111
15998,0.00217518862336874
15999,0.002651769667863846
16000,0.0018789848545566201
16001,0.06247345358133316
16002,0.046316832304000854
16003,0.005219355691224337
16004,0.0080598508939147
16005,0.04498131200671196
16006,0.007809423841536045
16007,0.0059447577223181725
16008,0.05105496197938919
16009,0.010907934978604317
16010,0.017094887793064117
16011,0.0045427074655890465
16012,0.002658927347511053
16013,0.004139181692153215
16014,0.02259971760213375
16015,0.004015579354017973
16016,0.01924959197640419
16017,0.05954601615667343
16018,0.011645647697150707
16019,0.07854447513818741
16020,0.004944417160004377
16021,0.002550107426941395
16022,0.02371181547641754
16023,0.025098789483308792
16024,0.014848457649350166
16025,0.0016778380377218127
16026,0.05762851983308792
16027,0.003539701458066702
16028,0.02808651514351368
16029,0.006974262651056051
16030,0.1169709786772728
16031,0.004073156509548426
16032,0.005173518322408199
16033,0.0024807509034872055
16034,0.025340642780065536
16035,0.02262762188911438
16036,0.0031940736807882786
16037,0.020557589828968048
16038,0.011170774698257446
16039,0.02668130397796631
16040,0.023101704195141792
16041,0.023908937349915504
16042,0.05013057589530945
16043,0.11675164103507996
16044,0.008329957723617554
16045,0.0394001379609108
16046,0.008210179395973682
16047,0.014034051448106766
16048,0.04297453165054321
16049,0.007648114580661058
16050,0.0034219762310385704
16051,0.007575523108243942
16052,0.005084964446723461
16053,0.0076481644064188
16054,0.031515613198280334
16055,0.059150341898202896
16056,0.0030713537707924843
16057,0.016779575496912003
16058,0.008953030221164227
16059,0.006075643468648195
16060,0.0696946233510971
16061,0.0027536458801478148
16062,0.01179862953722477
16063,0.013384238816797733
16064,0.01377641037106514
16065,0.028309209272265434
16066,0.005780098959803581
16067,0.005782879889011383
16068,0.04972079396247864
16069,0.003354921005666256
16070,0.003327013226225972
16071,0.0073231291025877
16072,0.006088625639677048
16073,0.006690846290439367
16074,0.014766962267458439
16075,0.030776463449001312
16076,0.028878487646579742
16077,0.009136569686233997
16078,0.010057605803012848
16079,0.015938133001327515
16080,0.09716806560754776
16081,0.009254733100533485
16082,0.020092710852622986
16083,0.013075471855700016
16084,0.009487360715866089
16085,0.009090065956115723
16086,0.05073782056570053
16087,0.061431270092725754
16088,0.030618036165833473
16089,0.006270287558436394
16090,0.005783494561910629
16091,0.01309769507497549
16092,0.0034740203991532326
16093,0.004637286998331547
16094,0.022833671420812607
16095,0.009618986397981644
16096,0.010575877502560616
16097,0.046295907348394394
16098,0.0199899859726429
16099,0.003276411909610033
16100,0.010578716173768044
16101,0.0027994676493108273
16102,0.02304425835609436
16103,0.011353526264429092
16104,0.007978617213666439
16105,0.06312453746795654
16106,0.0026895557530224323
16107,0.020776085555553436
16108,0.06396739929914474
16109,0.0336281880736351
16110,0.021474771201610565
16111,0.006766526959836483
16112,0.01355158630758524
16113,0.023057393729686737
16114,0.01681889221072197
16115,0.006680510006844997
16116,0.004790872801095247
16117,0.03438445180654526
16118,0.006179549265652895
16119,0.009508893825113773
16120,0.02814040519297123
16121,0.008115561679005623
16122,0.004118113778531551
16123,0.012222258374094963
16124,0.02576950564980507
16125,0.007094978354871273
16126,0.007358468137681484
16127,0.020383505150675774
16128,0.012958317063748837
16129,0.0018162073101848364
16130,0.025073781609535217
16131,0.0031328850891441107
16132,0.0028688134625554085
16133,0.010000203736126423
16134,0.0024968201760202646
16135,0.003244145540520549
16136,0.00116627081297338
16137,0.001965009141713381
16138,0.001824194099754095
16139,0.002389481756836176
16140,0.007922790944576263
16141,0.046800777316093445
16142,0.006004697177559137
16143,0.0020085396245121956
16144,0.0010699651902541518
16145,0.02037595957517624
16146,0.004818090237677097
16147,0.009127294644713402
16148,0.002219205955043435
16149,0.0220304187387228
16150,0.013172298669815063
16151,0.04973917827010155
16152,0.004299121908843517
16153,0.002158381277695298
16154,0.0016117598861455917
16155,0.0019374180119484663
16156,0.0019013381097465754
16157,0.0024890450295060873
16158,0.0018250633729621768
16159,0.0023591122590005398
16160,0.0017346104141324759
16161,0.024438587948679924
16162,0.001712806522846222
16163,0.005515643395483494
16164,0.0011982989963144064
16165,0.0012059650616720319
16166,0.002195254899561405
16167,0.002982014324516058
16168,0.0023752718698233366
16169,0.001552958507090807
16170,0.0021752130705863237
16171,0.005306358449161053
16172,0.0022992189042270184
16173,0.007220504805445671
16174,0.00160624785348773
16175,0.008996632881462574
16176,0.001366055104881525
16177,0.0014198273420333862
16178,0.004738352727144957
16179,0.0042611900717020035
16180,0.05042620003223419
16181,0.01968279853463173
16182,0.0019529592245817184
16183,0.0036059566773474216
16184,0.001550849061459303
16185,0.002402814570814371
16186,0.001863755052909255
16187,0.001566528924740851
16188,0.001700553810223937
16189,0.04970017075538635
16190,0.0016616941429674625
16191,0.0014598844572901726
16192,0.020196743309497833
16193,0.044739481061697006
16194,0.012313115410506725
16195,0.0014145460445433855
16196,0.0042769950814545155
16197,0.0025956113822758198
16198,0.0033667481038719416
16199,0.0046058595180511475
16200,0.00481371721252799
16201,0.0019076243042945862
16202,0.04108639806509018
16203,0.0022253573406487703
16204,0.0030248125549405813
16205,0.0017860746011137962
16206,0.002001518616452813
16207,0.003134265076369047
16208,0.002085421234369278
16209,0.0013551560696214437
16210,0.0015460522845387459
16211,0.002109421417117119
16212,0.0020020040683448315
16213,0.00344671169295907
16214,0.0038326040375977755
16215,0.0017111070919781923
16216,0.005118187516927719
16217,0.0011223347391933203
16218,0.0014735967852175236
16219,0.0012777826050296426
16220,0.002167957369238138
16221,0.003573044901713729
16222,0.001795317279174924
16223,0.01833357661962509
16224,0.0015416884562000632
16225,0.0020433191675692797
16226,0.0017647562781348825
16227,0.0030255052261054516
16228,0.0028700577095150948
16229,0.0014244235353544354
16230,0.002114341128617525
16231,0.04141206294298172
16232,0.0037369965575635433
16233,0.002057135570794344
16234,0.0017008151626214385
16235,0.00863426923751831
16236,0.009894507005810738
16237,0.0024857595562934875
16238,0.004368548281490803
16239,0.005381611175835133
16240,0.0013870920520275831
16241,0.0016066122334450483
16242,0.0013449541293084621
16243,0.0028171695303171873
16244,0.0011308540124446154
16245,0.001078436616808176
16246,0.034523118287324905
16247,0.004053359851241112
16248,0.0013656029477715492
16249,0.0018755097407847643
16250,0.002316008321940899
16251,0.006213591434061527
16252,0.0010721030412241817
16253,0.005897753406316042
16254,0.00853059720247984
16255,0.0028949228581041098
16256,0.005578114651143551
16257,0.001172155374661088
16258,0.00513449776917696
16259,0.002923899795860052
16260,0.02910705842077732
16261,0.004280059598386288
16262,0.0023733065463602543
16263,0.0037231207825243473
16264,0.0017280452884733677
16265,0.030860790982842445
16266,0.004450079053640366
16267,0.024974407628178596
16268,0.0012196784373372793
16269,0.017203552648425102
16270,0.001022261567413807
16271,0.001919671893119812
16272,0.06382814049720764
16273,0.02244718000292778
16274,0.004134581424295902
16275,0.0006161832716315985
16276,0.0007101453957147896
16277,0.0010763652389869094
16278,0.005171949043869972
16279,0.0033115597907453775
16280,0.002028652001172304
16281,0.021929699927568436
16282,0.011853417381644249
16283,0.0011573031079024076
16284,0.001885849516838789
16285,0.006455768831074238
16286,0.0016371682286262512
16287,0.06490033864974976
16288,0.004419905133545399
16289,0.0014246250502765179
16290,0.0009593783761374652
16291,0.0016420399770140648
16292,0.0029940460808575153
16293,0.002716562943533063
16294,0.002093863906338811
16295,0.0027450290508568287
16296,0.015745028853416443
16297,0.0013077778276056051
16298,0.0029864651151001453
16299,0.04001796990633011
16300,0.0035578126553446054
16301,0.0022725120652467012
16302,0.01766062155365944
16303,0.008802355267107487
16304,0.04008994996547699
16305,0.001769141061231494
16306,0.00915680080652237
16307,0.001439913408830762
16308,0.0055483742617070675
16309,0.001238583936356008
16310,0.02111157774925232
16311,0.010898370295763016
16312,0.012415027245879173
16313,0.036613740026950836
16314,0.000983718317002058
16315,0.0063953697681427
16316,0.00455868523567915
16317,0.0073387883603572845
16318,0.0022828090004622936
16319,0.007217375561594963
16320,0.0011039853561669588
16321,0.001559328637085855
16322,0.002431808738037944
16323,0.0019918279722332954
16324,0.004908842034637928
16325,0.055918894708156586
16326,0.0012684677494689822
16327,0.01130177453160286
16328,0.01856146939098835
16329,0.0045775133185088634
16330,0.0010176722425967455
16331,0.0016846131766214967
16332,0.0022728051990270615
16333,0.0008636387065052986
16334,0.0024482146836817265
16335,0.01089239027351141
16336,0.02271401509642601
16337,0.001754701603204012
16338,0.024194080382585526
16339,0.011341821402311325
16340,0.022771531715989113
16341,0.005046927835792303
16342,0.0034661847166717052
16343,0.004565215669572353
16344,0.0013797313440591097
16345,0.009119315072894096
16346,0.0029623217415064573
16347,0.004500416107475758
16348,0.0009821616113185883
16349,0.005629268940538168
16350,0.015922950580716133
16351,0.0015049641951918602
16352,0.0019547445699572563
16353,0.0009603226790204644
16354,0.004209115169942379
16355,0.018571095541119576
16356,0.012672623619437218
16357,0.004335487261414528
16358,0.01626705937087536
16359,0.0006981819751672447
16360,0.010373305529356003
16361,0.001832390669733286
16362,0.027401132509112358
16363,0.005434911232441664
16364,0.006040399894118309
16365,0.0070294481702148914
16366,0.008501509204506874
16367,0.001189468544907868
16368,0.011534101329743862
16369,0.004745809826999903
16370,0.03931291028857231
16371,0.004561951383948326
16372,0.0024090739898383617
16373,0.003427945077419281
16374,0.0020607097540050745
16375,0.006123568397015333
16376,0.0016698392573744059
16377,0.00991208665072918
16378,0.0019386790227144957
16379,0.0010933754965662956
16380,0.002301327418535948
16381,0.0019183452241122723
16382,0.01187062170356512
16383,0.0028358474373817444
16384,0.0018487062770873308
16385,0.032109033316373825
16386,0.050653889775276184
16387,0.0015982361510396004
16388,0.001564276055432856
16389,0.005458942148834467
16390,0.025822559371590614
16391,0.007080738432705402
16392,0.02194404788315296
16393,0.08025867491960526
16394,0.006367628462612629
16395,0.010377983562648296
16396,0.0028214924968779087
16397,0.016630006954073906
16398,0.03378522768616676
16399,0.025300536304712296
16400,0.0021874425001442432
16401,0.057927876710891724
16402,0.024067606776952744
16403,0.05385890230536461
16404,0.011599451303482056
16405,0.008147320710122585
16406,0.0012653106823563576
16407,0.0007691645878367126
16408,0.0019417088478803635
16409,0.011994877830147743
16410,0.017244897782802582
16411,0.004607759416103363
16412,0.0023809154517948627
16413,0.003454439342021942
16414,0.030598992481827736
16415,0.0035396823659539223
16416,0.01855331100523472
16417,0.001752375508658588
16418,0.030397208407521248
16419,0.004883605521172285
16420,0.00725404592230916
16421,0.01311846636235714
16422,0.01636398583650589
16423,0.0039932443760335445
16424,0.02985219843685627
16425,0.0012637325562536716
16426,0.015907449647784233
16427,0.012469110079109669
16428,0.05178038030862808
16429,0.02756616286933422
16430,0.026480406522750854
16431,0.011226264759898186
16432,0.05837874859571457
16433,0.002890191273763776
16434,0.0033280125353485346
16435,0.01032022014260292
16436,0.019179940223693848
16437,0.005182369612157345
16438,0.004805567674338818
16439,0.0033128568902611732
16440,0.02808636799454689
16441,0.02665582485496998
16442,0.0019039713079109788
16443,0.0027617337182164192
16444,0.04701490327715874
16445,0.013353705406188965
16446,0.013445504009723663
16447,0.02544761821627617
16448,0.003907699137926102
16449,0.0023022082168608904
16450,0.019309841096401215
16451,0.04433099180459976
16452,0.0019679535180330276
16453,0.024367593228816986
16454,0.004483393393456936
16455,0.00532915536314249
16456,0.028368651866912842
16457,0.004347739741206169
16458,0.030950723215937614
16459,0.03661409765481949
16460,0.018343081697821617
16461,0.02113228291273117
16462,0.0069230119697749615
16463,0.009910414926707745
16464,0.009553007781505585
16465,0.0022468806710094213
16466,0.011219543404877186
16467,0.0038325495552271605
16468,0.019904129207134247
16469,0.00947787519544363
16470,0.02037578448653221
16471,0.018252993002533913
16472,0.011807246133685112
16473,0.016359657049179077
16474,0.013804227113723755
16475,0.001984038157388568
16476,0.03002631478011608
16477,0.014159833081066608
16478,0.0037357548717409372
16479,0.016772126778960228
16480,0.011630733497440815
16481,0.0015207165852189064
16482,0.0024939817376434803
16483,0.006655376870185137
16484,0.005866675172001123
16485,0.017198529094457626
16486,0.02712496742606163
16487,0.013362828642129898
16488,0.006649441085755825
16489,0.001984706846997142
16490,0.0024035454262048006
16491,0.00291775306686759
16492,0.0059124380350112915
16493,0.0021104635670781136
16494,0.003333541564643383
16495,0.0018013115040957928
16496,0.03082982450723648
16497,0.003480873303487897
16498,0.0038501000963151455
16499,0.04310331866145134
16500,0.025317329913377762
16501,0.00541020929813385
16502,0.00319910841062665
16503,0.018667234107851982
16504,0.0064586978405714035
16505,0.024591922760009766
16506,0.01838812232017517
16507,0.048365216702222824
16508,0.024815959855914116
16509,0.029053032398223877
16510,0.0024694781750440598
16511,0.020369654521346092
16512,0.01773027889430523
16513,0.011142429895699024
16514,0.04030948877334595
16515,0.007171147502958775
16516,0.003639524569734931
16517,0.00701932655647397
16518,0.0063407570123672485
16519,0.006963434163480997
16520,0.03178597614169121
16521,0.008579699322581291
16522,0.0031534130685031414
16523,0.011070202104747295
16524,0.021157551556825638
16525,0.0158202163875103
16526,0.0250246599316597
16527,0.014878444373607635
16528,0.0017113928915932775
16529,0.002052175346761942
16530,0.04530130326747894
16531,0.002549543743953109
16532,0.016948889940977097
16533,0.004977202974259853
16534,0.06911332160234451
16535,0.018442053347826004
16536,0.003812425769865513
16537,0.005879470147192478
16538,0.004613880999386311
16539,0.020286042243242264
16540,0.08120784163475037
16541,0.008065808564424515
16542,0.0018917737761512399
16543,0.004740498494356871
16544,0.0039978246204555035
16545,0.011877505108714104
16546,0.009334444999694824
16547,0.016960443928837776
16548,0.0215926356613636
16549,0.0034393337555229664
16550,0.010980411432683468
16551,0.026238739490509033
16552,0.018416570499539375
16553,0.0010024802759289742
16554,0.033497124910354614
16555,0.038532208651304245
16556,0.015213901177048683
16557,0.051559824496507645
16558,0.0029401062056422234
16559,0.005351171363145113
16560,0.006899252533912659
16561,0.006057212594896555
16562,0.03743113577365875
16563,0.011591216549277306
16564,0.0015411078929901123
16565,0.001100256573408842
16566,0.012387106195092201
16567,0.0021210433915257454
16568,0.0023860973306000233
16569,0.007593876216560602
16570,0.0052080899477005005
16571,0.0018415490631014109
16572,0.0061876289546489716
16573,0.045889515429735184
16574,0.01943463273346424
16575,0.00881069153547287
16576,0.0028326758183538914
16577,0.0035569381434470415
16578,0.0014731213450431824
16579,0.0021262913942337036
16580,0.0029116887599229813
16581,0.026582155376672745
16582,0.0055703516118228436
16583,0.051672909408807755
16584,0.004615667276084423
16585,0.00924080703407526
16586,0.005965169984847307
16587,0.003135859966278076
16588,0.039662960916757584
16589,0.0033139646984636784
16590,0.0017360604833811522
16591,0.03843390941619873
16592,0.0038889888674020767
16593,0.008500499650835991
16594,0.0035003535449504852
16595,0.0622556135058403
16596,0.0063537852838635445
16597,0.006425239611417055
16598,0.004057757090777159
16599,0.0018195536686107516
16600,0.01819431781768799
16601,0.0025021545588970184
16602,0.004191861487925053
16603,0.02666698582470417
16604,0.009222820401191711
16605,0.015636317431926727
16606,0.01100255362689495
16607,0.0024204999208450317
16608,0.008105236105620861
16609,0.0025777979753911495
16610,0.008906543254852295
16611,0.025878332555294037
16612,0.005459998268634081
16613,0.002979600103572011
16614,0.010925859212875366
16615,0.024371784180402756
16616,0.005059179849922657
16617,0.0039728679694235325
16618,0.005106852389872074
16619,0.0034868018701672554
16620,0.022434871643781662
16621,0.00937320664525032
16622,0.014991870149970055
16623,0.006921832915395498
16624,0.005805634893476963
16625,0.002134534763172269
16626,0.013769383542239666
16627,0.013844957575201988
16628,0.0029322251211851835
16629,0.016925128176808357
16630,0.0347120426595211
16631,0.00504077086225152
16632,0.004178089089691639
16633,0.0026081178802996874
16634,0.048956263810396194
16635,0.02060413919389248
16636,0.0036318141501396894
16637,0.006581171415746212
16638,0.014135784469544888
16639,0.018430523574352264
16640,0.0940420925617218
16641,0.041333701461553574
16642,0.012541696429252625
16643,0.007917195558547974
16644,0.027356784790754318
16645,0.09053106606006622
16646,0.04990233853459358
16647,0.03507532924413681
16648,0.015385489910840988
16649,0.06574701517820358
16650,0.020213041454553604
16651,0.0041523100808262825
16652,0.038436613976955414
16653,0.009785939007997513
16654,0.009088998660445213
16655,0.0029565359000116587
16656,0.0031305430456995964
16657,0.09348857402801514
16658,0.06045717000961304
16659,0.00780561612918973
16660,0.013304729014635086
16661,0.04879530519247055
16662,0.002852608449757099
16663,0.052948884665966034
16664,0.03367382660508156
16665,0.0465257354080677
16666,0.016238335520029068
16667,0.02596036158502102
16668,0.021317418664693832
16669,0.008097372017800808
16670,0.028425371274352074
16671,0.022565405815839767
16672,0.02152528427541256
16673,0.013883178122341633
16674,0.050121650099754333
16675,0.022265590727329254
16676,0.009052751585841179
16677,0.00388359441421926
16678,0.03228018432855606
16679,0.03248010575771332
16680,0.028688833117485046
16681,0.006629429291933775
16682,0.04487822949886322
16683,0.020097361877560616
16684,0.008404429070651531
16685,0.020794600248336792
16686,0.021463405340909958
16687,0.0384649857878685
16688,0.08997403085231781
16689,0.008633540943264961
16690,0.04161744937300682
16691,0.06637439131736755
16692,0.017327863723039627
16693,0.02863401733338833
16694,0.010665048845112324
16695,0.03325849771499634
16696,0.009745524264872074
16697,0.05174228549003601
16698,0.030128858983516693
16699,0.00468125194311142
16700,0.004433600232005119
16701,0.008951116353273392
16702,0.03450460359454155
16703,0.05764384567737579
16704,0.06216910853981972
16705,0.013206722214818
16706,0.009808291681110859
16707,0.007916703820228577
16708,0.026243116706609726
16709,0.014222264289855957
16710,0.01830115355551243
16711,0.0226927287876606
16712,0.005326195620000362
16713,0.05318289250135422
16714,0.06780782341957092
16715,0.0310576930642128
16716,0.010577507317066193
16717,0.016137123107910156
16718,0.006797997746616602
16719,0.015251535922288895
16720,0.06498035788536072
16721,0.025857990607619286
16722,0.01726207137107849
16723,0.03026833012700081
16724,0.026147592812776566
16725,0.011421311646699905
16726,0.03444971516728401
16727,0.038699910044670105
16728,0.005903403274714947
16729,0.04581353813409805
16730,0.0037634246982634068
16731,0.023191988468170166
16732,0.005065500736236572
16733,0.00391408009454608
16734,0.04624287039041519
16735,0.0781785249710083
16736,0.01678844913840294
16737,0.02188343182206154
16738,0.0111041609197855
16739,0.003824555315077305
16740,0.04921276494860649
16741,0.019049908965826035
16742,0.008951694704592228
16743,0.014427288435399532
16744,0.00758481677621603
16745,0.05428457260131836
16746,0.04304421693086624
16747,0.007921338081359863
16748,0.015911459922790527
16749,0.013522506691515446
16750,0.01966511830687523
16751,0.02471776120364666
16752,0.011687053367495537
16753,0.06111852452158928
16754,0.03033353015780449
16755,0.04583381861448288
16756,0.00467951875180006
16757,0.06002016365528107
16758,0.03989948332309723
16759,0.004045678302645683
16760,0.02061852626502514
16761,0.00891195610165596
16762,0.03455420583486557
16763,0.04979674890637398
16764,0.04213942959904671
16765,0.010566344484686852
16766,0.012285592034459114
16767,0.009233256801962852
16768,0.008380287326872349
16769,0.04163198918104172
16770,0.00442124716937542
16771,0.005585738457739353
16772,0.0057463496923446655
16773,0.0367949977517128
16774,0.020480623468756676
16775,0.012657198123633862
16776,0.006145412568002939
16777,0.03408303111791611
16778,0.008812982589006424
16779,0.021345609799027443
16780,0.007727988064289093
16781,0.002522085327655077
16782,0.021699033677577972
16783,0.00774963665753603
16784,0.009499728679656982
16785,0.03934912756085396
16786,0.06230843812227249
16787,0.0313999280333519
16788,0.011136027052998543
16789,0.0075227017514407635
16790,0.015101436525583267
16791,0.005927022080868483
16792,0.0054788170382380486
16793,0.022892242297530174
16794,0.017321275547146797
16795,0.0891018658876419
16796,0.030343562364578247
16797,0.020629441365599632
16798,0.004475104622542858
16799,0.04376600310206413
16800,0.03444448858499527
16801,0.038410112261772156
16802,0.004511271603405476
16803,0.012044725939631462
16804,0.009979557245969772
16805,0.006902372930198908
16806,0.009285504929721355
16807,0.0374855138361454
16808,0.020655473694205284
16809,0.012201551347970963
16810,0.004309850744903088
16811,0.002260420937091112
16812,0.00689423643052578
16813,0.010768014006316662
16814,0.00317356176674366
16815,0.003180710133165121
16816,0.005652385298162699
16817,0.009516043588519096
16818,0.07887624949216843
16819,0.019571878015995026
16820,0.006055367179214954
16821,0.012369382195174694
16822,0.010190857574343681
16823,0.024884672835469246
16824,0.005162916146218777
16825,0.02448585256934166
16826,0.03286154195666313
16827,0.015126558020710945
16828,0.0023191161453723907
16829,0.01889161579310894
16830,0.04803355038166046
16831,0.006582439877092838
16832,0.03049461357295513
16833,0.0029572132043540478
16834,0.005948213394731283
16835,0.038972560316324234
16836,0.06055285036563873
16837,0.012866166420280933
16838,0.01758897490799427
16839,0.004942747764289379
16840,0.0666593387722969
16841,0.005643876269459724
16842,0.0055676959455013275
16843,0.01649378053843975
16844,0.01481669582426548
16845,0.028950367122888565
16846,0.02383548393845558
16847,0.0073852394707500935
16848,0.0033166022039949894
16849,0.04481931030750275
16850,0.01713067851960659
16851,0.011957427486777306
16852,0.010871641337871552
16853,0.007150554563850164
16854,0.029036294668912888
16855,0.0021646209061145782
16856,0.003807616652920842
16857,0.028901470825076103
16858,0.0021781018003821373
16859,0.010642419569194317
16860,0.01188868097960949
16861,0.0020710218232125044
16862,0.01477234996855259
16863,0.005961800925433636
16864,0.032582662999629974
16865,0.002406780142337084
16866,0.009684107266366482
16867,0.007453341037034988
16868,0.0017981140408664942
16869,0.020514748990535736
16870,0.018045131117105484
16871,0.006745079066604376
16872,0.007629053667187691
16873,0.017451321706175804
16874,0.03775716945528984
16875,0.005621945485472679
16876,0.008976902812719345
16877,0.01698603481054306
16878,0.02181970700621605
16879,0.0023753114510327578
16880,0.004581182263791561
16881,0.0297151617705822
16882,0.010184197686612606
16883,0.006064185407012701
16884,0.0022599855437874794
16885,0.006105518434196711
16886,0.003008004277944565
16887,0.00962511170655489
16888,0.010691346600651741
16889,0.008334644138813019
16890,0.005848320666700602
16891,0.056600142270326614
16892,0.0024903763551265
16893,0.06052234768867493
16894,0.021594243124127388
16895,0.03152530640363693
16896,0.010893803089857101
16897,0.0030571622774004936
16898,0.046049267053604126
16899,0.007861163467168808
16900,0.034957557916641235
16901,0.06363332271575928
16902,0.007505194284021854
16903,0.06184275075793266
16904,0.0012725205160677433
16905,0.0268009714782238
16906,0.023050429299473763
16907,0.025878524407744408
16908,0.006970135495066643
16909,0.0030480707064270973
16910,0.00198828405700624
16911,0.0045625194907188416
16912,0.004978417418897152
16913,0.018613053485751152
16914,0.00221549766138196
16915,0.05247893184423447
16916,0.004491815809160471
16917,0.01840992271900177
16918,0.006743322126567364
16919,0.017597410827875137
16920,0.007678650785237551
16921,0.02368162013590336
16922,0.005017687566578388
16923,0.02624048851430416
16924,0.02361913025379181
16925,0.0030710313003510237
16926,0.04192943125963211
16927,0.010540265589952469
16928,0.02155396156013012
16929,0.02005646750330925
16930,0.009219473227858543
16931,0.04975999519228935
16932,0.008951033465564251
16933,0.0036636674776673317
16934,0.002217586152255535
16935,0.017336364835500717
16936,0.024705661460757256
16937,0.01766841672360897
16938,0.0316617526113987
16939,0.002431559609249234
16940,0.019943157210946083
16941,0.007265158928930759
16942,0.0021153627894818783
16943,0.012124107219278812
16944,0.004286197479814291
16945,0.021364551037549973
16946,0.01588870771229267
16947,0.018198082223534584
16948,0.013115249574184418
16949,0.03030078485608101
16950,0.011963284574449062
16951,0.010045379400253296
16952,0.018395524471998215
16953,0.003845743602141738
16954,0.007757142186164856
16955,0.0034114609006792307
16956,0.005789289716631174
16957,0.0433402918279171
16958,0.005699194967746735
16959,0.012972724623978138
16960,0.018713176250457764
16961,0.006960121914744377
16962,0.0028109862469136715
16963,0.0037477584555745125
16964,0.021846909075975418
16965,0.002706540049985051
16966,0.0027649682015180588
16967,0.0025905361399054527
16968,0.04652213677763939
16969,0.041329968720674515
16970,0.003255072282627225
16971,0.014512759633362293
16972,0.006337864324450493
16973,0.009608863852918148
16974,0.002987157553434372
16975,0.005129114259034395
16976,0.006237370893359184
16977,0.04698413610458374
16978,0.00920574739575386
16979,0.0325516052544117
16980,0.006197410635650158
16981,0.014969301410019398
16982,0.0023817801848053932
16983,0.015577126294374466
16984,0.004048543516546488
16985,0.019867874681949615
16986,0.00560189550742507
16987,0.014429830946028233
16988,0.01423918642103672
16989,0.05157448351383209
16990,0.0047877877950668335
16991,0.005481761414557695
16992,0.0062454440630972385
16993,0.027423381805419922
16994,0.002589934505522251
16995,0.002428467385470867
16996,0.008253803476691246
16997,0.004463979043066502
16998,0.007994706742465496
16999,0.004623334854841232
17000,0.01905175670981407
17001,0.0067855361849069595
17002,0.0031958871986716986
17003,0.05446111410856247
17004,0.0022162834648042917
17005,0.009184982627630234
17006,0.0018516969867050648
17007,0.023605952039361
17008,0.008557900786399841
17009,0.006967642344534397
17010,0.0033698519691824913
17011,0.006803531665354967
17012,0.026615608483552933
17013,0.006015893071889877
17014,0.01789422519505024
17015,0.021225254982709885
17016,0.005763143301010132
17017,0.00315302237868309
17018,0.02764786407351494
17019,0.018785523250699043
17020,0.010661348700523376
17021,0.012072003446519375
17022,0.003537561045959592
17023,0.002290736883878708
17024,0.06264831125736237
17025,0.027724631130695343
17026,0.00972707848995924
17027,0.022023238241672516
17028,0.0021919505670666695
17029,0.007259886246174574
17030,0.013577201403677464
17031,0.008791446685791016
17032,0.005552654154598713
17033,0.0016563570825383067
17034,0.02384866401553154
17035,0.011952484957873821
17036,0.017566634342074394
17037,0.0029580979607999325
17038,0.0036683622747659683
17039,0.0048058368265628815
17040,0.0023982904385775328
17041,0.004720534197986126
17042,0.001422220142558217
17043,0.015411223284900188
17044,0.017703033983707428
17045,0.05730758607387543
17046,0.010821564123034477
17047,0.007386194076389074
17048,0.00357033615000546
17049,0.004774590954184532
17050,0.008472064509987831
17051,0.0014185328036546707
17052,0.01928861066699028
17053,0.0011647697538137436
17054,0.0011762948706746101
17055,0.0016092360019683838
17056,0.0017676192801445723
17057,0.011076271533966064
17058,0.08119377493858337
17059,0.0065821995958685875
17060,0.005396695341914892
17061,0.011234582401812077
17062,0.010479485616087914
17063,0.006373785436153412
17064,0.0018756183562800288
17065,0.007120617665350437
17066,0.0024572063703089952
17067,0.024024201557040215
17068,0.0034396909177303314
17069,0.004368319176137447
17070,0.003572599496692419
17071,0.0032715927809476852
17072,0.0020311116240918636
17073,0.01582524925470352
17074,0.0010422873310744762
17075,0.028111351653933525
17076,0.0017280066385865211
17077,0.013836771249771118
17078,0.001142451772466302
17079,0.001897966954857111
17080,0.00613419059664011
17081,0.0016417906153947115
17082,0.002062286250293255
17083,0.005054148845374584
17084,0.0006200051284395158
17085,0.0018186921952292323
17086,0.007671210914850235
17087,0.03912236541509628
17088,0.021930478513240814
17089,0.032016292214393616
17090,0.001033186330460012
17091,0.002131826477125287
17092,0.011722030118107796
17093,0.014042449183762074
17094,0.002247010823339224
17095,0.0017128637991845608
17096,0.006018716376274824
17097,0.002415193011984229
17098,0.0015668101841583848
17099,0.008390659466385841
17100,0.0031422595493495464
17101,0.012836452573537827
17102,0.012603052891790867
17103,0.007840115576982498
17104,0.031101465225219727
17105,0.0014827740378677845
17106,0.005340833216905594
17107,0.003286905586719513
17108,0.01666882634162903
17109,0.00320399459451437
17110,0.033304765820503235
17111,0.0015550258103758097
17112,0.04260075464844704
17113,0.0009516357677057385
17114,0.0029741767793893814
17115,0.004138786345720291
17116,0.010015541687607765
17117,0.0016237546224147081
17118,0.0014982207212597132
17119,0.00567215820774436
17120,0.004023856483399868
17121,0.0029596914537250996
17122,0.003369396086782217
17123,0.005693118087947369
17124,0.003760681953281164
17125,0.0027628173120319843
17126,0.001402357593178749
17127,0.003338949754834175
17128,0.005208541639149189
17129,0.01580910198390484
17130,0.026863299310207367
17131,0.0014479822712019086
17132,0.001983836991712451
17133,0.0013795802369713783
17134,0.001813235110603273
17135,0.023767752572894096
17136,0.0017178492853417993
17137,0.0029327645897865295
17138,0.005926056299358606
17139,0.033112816512584686
17140,0.001798321958631277
17141,0.015798665583133698
17142,0.025914231315255165
17143,0.0014032168546691537
17144,0.0012863494921475649
17145,0.018313303589820862
17146,0.003216919954866171
17147,0.0028312555514276028
17148,0.0019991586450487375
17149,0.048129476606845856
17150,0.007254044990986586
17151,0.0033831887412816286
17152,0.002259213011711836
17153,0.007158112712204456
17154,0.0055775209330022335
17155,0.060960348695516586
17156,0.0019440914038568735
17157,0.0351574644446373
17158,0.0037274532951414585
17159,0.0017395780887454748
17160,0.0057120174169540405
17161,0.005258963443338871
17162,0.028355496004223824
17163,0.007295432034879923
17164,0.0019267266616225243
17165,0.028778741136193275
17166,0.01972576044499874
17167,0.0027907826006412506
17168,0.02030024863779545
17169,0.0025538518093526363
17170,0.0014467823784798384
17171,0.0199940986931324
17172,0.0249544158577919
17173,0.002089561428874731
17174,0.009170166216790676
17175,0.02312822826206684
17176,0.004287673160433769
17177,0.002140040509402752
17178,0.015798790380358696
17179,0.027853621169924736
17180,0.010192178189754486
17181,0.005960416980087757
17182,0.002804858610033989
17183,0.0034435908310115337
17184,0.0014631133526563644
17185,0.03535443916916847
17186,0.022151906043291092
17187,0.0020618585404008627
17188,0.010481752455234528
17189,0.0017146337777376175
17190,0.005493073258548975
17191,0.0017131625209003687
17192,0.0054473914206027985
17193,0.028304828330874443
17194,0.00195362139493227
17195,0.0011032173642888665
17196,0.005955979228019714
17197,0.021062109619379044
17198,0.002642424311488867
17199,0.020372571423649788
17200,0.008673098869621754
17201,0.01811554841697216
17202,0.016436273232102394
17203,0.003211751114577055
17204,0.008528956212103367
17205,0.004477031994611025
17206,0.0017334475414827466
17207,0.007996972650289536
17208,0.0024136006832122803
17209,0.0018186346860602498
17210,0.03675062581896782
17211,0.005685694050043821
17212,0.014574185013771057
17213,0.002220508176833391
17214,0.0018398480024188757
17215,0.0012102301698178053
17216,0.0010237253736704588
17217,0.01991519145667553
17218,0.002165165962651372
17219,0.004785947967320681
17220,0.0036740885116159916
17221,0.0017158160917460918
17222,0.022432759404182434
17223,0.022108471021056175
17224,0.0025275941006839275
17225,0.0014116434613242745
17226,0.004090098664164543
17227,0.0021673503797501326
17228,0.0053339553996920586
17229,0.0015753674088045955
17230,0.0009434757521376014
17231,0.005639299284666777
17232,0.03415922075510025
17233,0.002028902992606163
17234,0.016806866973638535
17235,0.015075172297656536
17236,0.03177860379219055
17237,0.0016528773121535778
17238,0.0034854107070714235
17239,0.021311527118086815
17240,0.0011044361162930727
17241,0.009728526696562767
17242,0.007452425546944141
17243,0.001692671561613679
17244,0.010607869364321232
17245,0.010961088351905346
17246,0.0014376341132447124
17247,0.001762590603902936
17248,0.01817178726196289
17249,0.028902046382427216
17250,0.002649349393323064
17251,0.010958714410662651
17252,0.002342840423807502
17253,0.001017294591292739
17254,0.003549405839294195
17255,0.015841564163565636
17256,0.00302822794765234
17257,0.0013477106112986803
17258,0.0027899350970983505
17259,0.0038640026468783617
17260,0.0010689806658774614
17261,0.0019006726797670126
17262,0.011234444566071033
17263,0.00544874370098114
17264,0.0038314885459840298
17265,0.03665531426668167
17266,0.043523237109184265
17267,0.0174751915037632
17268,0.025998927652835846
17269,0.0019615378696471453
17270,0.006780245341360569
17271,0.02657189592719078
17272,0.0022665208671242
17273,0.0036724978126585484
17274,0.0026055651251226664
17275,0.002075107302516699
17276,0.0013094085734337568
17277,0.0071218982338905334
17278,0.0014824062818661332
17279,0.0022998035419732332
17280,0.02629508636891842
17281,0.002287902869284153
17282,0.01891731470823288
17283,0.037644561380147934
17284,0.013284897431731224
17285,0.01776808127760887
17286,0.006120752543210983
17287,0.03064155951142311
17288,0.01192017924040556
17289,0.002290623728185892
17290,0.005601686425507069
17291,0.03111693263053894
17292,0.008965971879661083
17293,0.018206898123025894
17294,0.00258640106767416
17295,0.04906265065073967
17296,0.026076171547174454
17297,0.004860584158450365
17298,0.009364139288663864
17299,0.017701007425785065
17300,0.008211747743189335
17301,0.007326514460146427
17302,0.0019059735350310802
17303,0.03191860020160675
17304,0.035092759877443314
17305,0.004982386250048876
17306,0.002376120537519455
17307,0.005130327772349119
17308,0.019540561363101006
17309,0.059472255408763885
17310,0.056242894381284714
17311,0.025739790871739388
17312,0.001668799901381135
17313,0.016626043245196342
17314,0.03230886533856392
17315,0.03603777289390564
17316,0.006683549843728542
17317,0.0035965475253760815
17318,0.002310528652742505
17319,0.010259644128382206
17320,0.017664477229118347
17321,0.005274859257042408
17322,0.002213694853708148
17323,0.00327263749204576
17324,0.004428443498909473
17325,0.0712658241391182
17326,0.006599538493901491
17327,0.005017317831516266
17328,0.01824698969721794
17329,0.00616289209574461
17330,0.021565504372119904
17331,0.011838776059448719
17332,0.006313919089734554
17333,0.006486793980002403
17334,0.004107295069843531
17335,0.004149499349296093
17336,0.055514562875032425
17337,0.009958095848560333
17338,0.005136299412697554
17339,0.01186828687787056
17340,0.041555456817150116
17341,0.014816836453974247
17342,0.003109580837190151
17343,0.025980351492762566
17344,0.004077197052538395
17345,0.00886501558125019
17346,0.0014491252368316054
17347,0.03755757957696915
17348,0.0061873323284089565
17349,0.004402576945722103
17350,0.010485876351594925
17351,0.002442494733259082
17352,0.03391917049884796
17353,0.0021830680780112743
17354,0.022756045684218407
17355,0.04540335759520531
17356,0.008581340312957764
17357,0.007093385793268681
17358,0.009561841376125813
17359,0.02981310896575451
17360,0.023218851536512375
17361,0.004298612009733915
17362,0.005850618239492178
17363,0.0050474172458052635
17364,0.008992009796202183
17365,0.018609460443258286
17366,0.009036385454237461
17367,0.010020151734352112
17368,0.0068624503910541534
17369,0.003019605530425906
17370,0.027715157717466354
17371,0.007675455417484045
17372,0.002718085888773203
17373,0.0016484524821862578
17374,0.0031673084013164043
17375,0.013899460434913635
17376,0.0013922208454459906
17377,0.005742507055401802
17378,0.0018170126713812351
17379,0.022743387147784233
17380,0.005269496701657772
17381,0.03948449715971947
17382,0.002471836982294917
17383,0.04846486449241638
17384,0.0073077562265098095
17385,0.008157140575349331
17386,0.010862737894058228
17387,0.011449707671999931
17388,0.0016376525163650513
17389,0.002370544709265232
17390,0.04243345558643341
17391,0.006228808779269457
17392,0.02677273564040661
17393,0.004301899112761021
17394,0.006405671592801809
17395,0.03161897882819176
17396,0.022406499832868576
17397,0.004128028638660908
17398,0.024022994562983513
17399,0.0040536364540457726
17400,0.008355559781193733
17401,0.016232261434197426
17402,0.008702963590621948
17403,0.022498128935694695
17404,0.013056246563792229
17405,0.005864559207111597
17406,0.012788316234946251
17407,0.0024769119918346405
17408,0.0034554123412817717
17409,0.0742914229631424
17410,0.011720102280378342
17411,0.0017052064649760723
17412,0.003904882352799177
17413,0.02670237235724926
17414,0.0019235892686992884
17415,0.017598319798707962
17416,0.0112053994089365
17417,0.004836049862205982
17418,0.014965971931815147
17419,0.00230355653911829
17420,0.03352516517043114
17421,0.001881712581962347
17422,0.008659540675580502
17423,0.0009325658902525902
17424,0.026251595467329025
17425,0.005900817923247814
17426,0.0027651339769363403
17427,0.021461786702275276
17428,0.018582377582788467
17429,0.013556638732552528
17430,0.0016004100907593966
17431,0.012343152426183224
17432,0.0009270618320442736
17433,0.07439021021127701
17434,0.002543596550822258
17435,0.0025434293784201145
17436,0.0019366326741874218
17437,0.0013821953907608986
17438,0.0007670479826629162
17439,0.009694392792880535
17440,0.004416470415890217
17441,0.000696989125572145
17442,0.0016734595410525799
17443,0.0014714872231706977
17444,0.0013705526944249868
17445,0.033774204552173615
17446,0.0018129427917301655
17447,0.0011049925815314054
17448,0.04281720519065857
17449,0.02429007552564144
17450,0.01295311376452446
17451,0.02611183561384678
17452,0.0020538894459605217
17453,0.001460666419006884
17454,0.011759760789573193
17455,0.0026355476584285498
17456,0.014946233481168747
17457,0.03996746242046356
17458,0.001966154668480158
17459,0.009387627243995667
17460,0.002650169190019369
17461,0.02018069103360176
17462,0.0030214814469218254
17463,0.003302918979898095
17464,0.0030196812003850937
17465,0.00848480500280857
17466,0.03775323927402496
17467,0.014440183527767658
17468,0.010274059139192104
17469,0.0018857396207749844
17470,0.0008872771286405623
17471,0.010297063738107681
17472,0.0012294701300561428
17473,0.0060191648080945015
17474,0.003276948118582368
17475,0.0015763044357299805
17476,0.035130422562360764
17477,0.0017239555018022656
17478,0.008610295131802559
17479,0.0008165648905560374
17480,0.001368389348499477
17481,0.004083381500095129
17482,0.011819289065897465
17483,0.017444061115384102
17484,0.0038200030103325844
17485,0.012120215222239494
17486,0.0014619278954342008
17487,0.009180547669529915
17488,0.002086858730763197
17489,0.010307373479008675
17490,0.008720392361283302
17491,0.02753709815442562
17492,0.022573737427592278
17493,0.050620224326848984
17494,0.05147262290120125
17495,0.002084240550175309
17496,0.0013323355233296752
17497,0.003939119167625904
17498,0.0028231258038431406
17499,0.0014837284106761217
17500,0.0013421782059594989
17501,0.008118748664855957
17502,0.021735066547989845
17503,0.006882057059556246
17504,0.006432743743062019
17505,0.0017037272918969393
17506,0.020990483462810516
17507,0.0027654320001602173
17508,0.036114972084760666
17509,0.011831341311335564
17510,0.0271508377045393
17511,0.0230766162276268
17512,0.0019234904320910573
17513,0.00529085798189044
17514,0.008221914060413837
17515,0.0013029522961005569
17516,0.02194211445748806
17517,0.0492628738284111
17518,0.006195027846843004
17519,0.001745235756970942
17520,0.0014024078845977783
17521,0.009437666274607182
17522,0.005935234948992729
17523,0.0015552081167697906
17524,0.0051406011916697025
17525,0.004909489303827286
17526,0.002907855436205864
17527,0.019311772659420967
17528,0.0023093202617019415
17529,0.004850020166486502
17530,0.0010684927692636847
17531,0.017937256023287773
17532,0.008771577849984169
17533,0.0022672780323773623
17534,0.002067204564809799
17535,0.001207707799039781
17536,0.035754814743995667
17537,0.01176869310438633
17538,0.021858640015125275
17539,0.03776715695858002
17540,0.026495298370718956
17541,0.00583773385733366
17542,0.033670518547296524
17543,0.0312202088534832
17544,0.008146591484546661
17545,0.007452385500073433
17546,0.003160183085128665
17547,0.0035384679213166237
17548,0.014366857707500458
17549,0.002715371549129486
17550,0.029290184378623962
17551,0.0029940661042928696
17552,0.0077749621123075485
17553,0.004727199673652649
17554,0.021406125277280807
17555,0.005759363994002342
17556,0.03754906356334686
17557,0.0036770091392099857
17558,0.06549149006605148
17559,0.005905680358409882
17560,0.011221475899219513
17561,0.015012985095381737
17562,0.009826951660215855
17563,0.018627310171723366
17564,0.0011696108849719167
17565,0.024041859433054924
17566,0.008920281194150448
17567,0.0570366345345974
17568,0.051736559718847275
17569,0.012595297768712044
17570,0.03272043541073799
17571,0.006346092093735933
17572,0.021536612883210182
17573,0.012951918877661228
17574,0.024126864969730377
17575,0.008829200640320778
17576,0.014146469533443451
17577,0.006502675823867321
17578,0.017065325751900673
17579,0.004290461540222168
17580,0.010782377794384956
17581,0.029831215739250183
17582,0.0051255002617836
17583,0.007284526247531176
17584,0.005270502530038357
17585,0.0046197399497032166
17586,0.016014166176319122
17587,0.02000470459461212
17588,0.005342242307960987
17589,0.016275474801659584
17590,0.006175832822918892
17591,0.003276301547884941
17592,0.00827736221253872
17593,0.0020129112526774406
17594,0.011361964978277683
17595,0.001617772737517953
17596,0.0012210956774652004
17597,0.004193608183413744
17598,0.043352507054805756
17599,0.011850029230117798
17600,0.012135197408497334
17601,0.017326030880212784
17602,0.016357725486159325
17603,0.0011318540200591087
17604,0.012711991555988789
17605,0.011444480158388615
17606,0.0028640900272876024
17607,0.012286612764000893
17608,0.0009633721201680601
17609,0.011819375678896904
17610,0.010226178914308548
17611,0.00298522412776947
17612,0.012939603999257088
17613,0.005515210330486298
17614,0.0041247159242630005
17615,0.0014045537682250142
17616,0.014369642361998558
17617,0.0029839943163096905
17618,0.013858858495950699
17619,0.010784750804305077
17620,0.04937655106186867
17621,0.053023844957351685
17622,0.0015716863563284278
17623,0.0052638365887105465
17624,0.002074039774015546
17625,0.010472252033650875
17626,0.0011030101450160146
17627,0.006040426902472973
17628,0.026149429380893707
17629,0.015831632539629936
17630,0.004327929113060236
17631,0.003982204012572765
17632,0.004068894311785698
17633,0.00820168387144804
17634,0.0054924036376178265
17635,0.007188920862972736
17636,0.019349943846464157
17637,0.0026050135493278503
17638,0.022838931530714035
17639,0.023778120055794716
17640,0.0025095075834542513
17641,0.02149808406829834
17642,0.006920647341758013
17643,0.018713241443037987
17644,0.0021080963779240847
17645,0.002612706273794174
17646,0.006812423001974821
17647,0.009247004054486752
17648,0.01771094650030136
17649,0.0012674168683588505
17650,0.0028429545927792788
17651,0.0026117467787116766
17652,0.007385066244751215
17653,0.0010028545511886477
17654,0.0034980420023202896
17655,0.0027772001922130585
17656,0.031067686155438423
17657,0.00237674405798316
17658,0.01641612872481346
17659,0.06348530948162079
17660,0.005697008688002825
17661,0.0056541720405220985
17662,0.006653133779764175
17663,0.010862629860639572
17664,0.004872058518230915
17665,0.01905655302107334
17666,0.000545040238648653
17667,0.04890797287225723
17668,0.0005461240652948618
17669,0.01897204853594303
17670,0.001020419062115252
17671,0.00981065258383751
17672,0.007178347557783127
17673,0.002792953047901392
17674,0.002677542855963111
17675,0.0039013666100800037
17676,0.01838478446006775
17677,0.000918636447750032
17678,0.0062930951826274395
17679,0.03764118626713753
17680,0.0015391524648293853
17681,0.022140102460980415
17682,0.007807617541402578
17683,0.01006188802421093
17684,0.019327746704220772
17685,0.0011365549871698022
17686,0.01353322435170412
17687,0.008824029937386513
17688,0.0010369658702984452
17689,0.04871499910950661
17690,0.020871955901384354
17691,0.01829100213944912
17692,0.03532056882977486
17693,0.016442248597741127
17694,0.0015853603836148977
17695,0.0008339822525158525
17696,0.021107515320181847
17697,0.0011962282005697489
17698,0.001482273219153285
17699,0.002842215821146965
17700,0.03333834931254387
17701,0.0471230186522007
17702,0.014801282435655594
17703,0.001205712091177702
17704,0.005382498726248741
17705,0.0019806185737252235
17706,0.0019120428478345275
17707,0.001177436439320445
17708,0.004834942054003477
17709,0.036634497344493866
17710,0.013399340212345123
17711,0.0034745256416499615
17712,0.0013859480386599898
17713,0.0017866629641503096
17714,0.0056266216561198235
17715,0.0007514616008847952
17716,0.0005883390549570322
17717,0.009428292512893677
17718,0.010978756472468376
17719,0.0018101331079378724
17720,0.00531987939029932
17721,0.014651990495622158
17722,0.003005612874403596
17723,0.03838055208325386
17724,0.003094494342803955
17725,0.0028238084632903337
17726,0.008131914772093296
17727,0.045296043157577515
17728,0.009320158511400223
17729,0.006036975421011448
17730,0.03178708255290985
17731,0.0011128622572869062
17732,0.003884175792336464
17733,0.013261347077786922
17734,0.0029623634181916714
17735,0.00438747787848115
17736,0.0029011517763137817
17737,0.019781028851866722
17738,0.004083434585481882
17739,0.004328351002186537
17740,0.0009064704063348472
17741,0.0018484087195247412
17742,0.0009738781373016536
17743,0.003320233663544059
17744,0.008662424981594086
17745,0.013685678131878376
17746,0.02076566033065319
17747,0.022286640480160713
17748,0.0026587177999317646
17749,0.001552203088067472
17750,0.004632447846233845
17751,0.03159954026341438
17752,0.01491362415254116
17753,0.06429737061262131
17754,0.051856089383363724
17755,0.0034292242489755154
17756,0.002377697266638279
17757,0.002256950596347451
17758,0.0071994345635175705
17759,0.01232653297483921
17760,0.0020188470371067524
17761,0.011064981110394001
17762,0.011861724779009819
17763,0.0008500245749019086
17764,0.00665862113237381
17765,0.020697247236967087
17766,0.013539182022213936
17767,0.003882552729919553
17768,0.04491905868053436
17769,0.007535893935710192
17770,0.004827192053198814
17771,0.0017088721506297588
17772,0.012366208247840405
17773,0.001948562916368246
17774,0.002148584695532918
17775,0.0009149752440862358
17776,0.050605956465005875
17777,0.0016699349507689476
17778,0.036567702889442444
17779,0.027009475976228714
17780,0.003592408262193203
17781,0.0024076192639768124
17782,0.008847895078361034
17783,0.00929114781320095
17784,0.0027643763460218906
17785,0.008459414355456829
17786,0.006410225294530392
17787,0.014667075127363205
17788,0.0052299490198493
17789,0.004113180097192526
17790,0.0013818570878356695
17791,0.014681527391076088
17792,0.027002520859241486
17793,0.0053060478530824184
17794,0.0016564492834731936
17795,0.0012095689307898283
17796,0.0012049012584611773
17797,0.0026098485104739666
17798,0.0013216178631410003
17799,0.0008497181115671992
17800,0.001296826172620058
17801,0.0006359193939715624
17802,0.0007522841915488243
17803,0.0005376398912630975
17804,0.0010756338015198708
17805,0.005620144307613373
17806,0.0004126987769268453
17807,0.0005230427486822009
17808,0.0007802612381055951
17809,0.000937937293201685
17810,0.0007655040826648474
17811,0.0003824875457212329
17812,0.0006034665275365114
17813,0.0011269471142441034
17814,0.001043035532347858
17815,0.0007476097089238465
17816,0.0006495666457340121
17817,0.0036363773979246616
17818,0.015583626925945282
17819,0.0008590162033215165
17820,0.0003964502830058336
17821,0.0006296763895079494
17822,0.0007744227186776698
17823,0.04446006938815117
17824,0.000527429161593318
17825,0.0018764487467706203
17826,0.0008224472403526306
17827,0.0005598750431090593
17828,0.0005741200293414295
17829,0.0004537392524071038
17830,0.0006690665031783283
17831,0.0006171239074319601
17832,0.0008009907323867083
17833,0.0021412784699350595
17834,0.0005404303083196282
17835,0.0010440152836963534
17836,0.001967495074495673
17837,0.0007097900379449129
17838,0.0006253719329833984
17839,0.0009150255937129259
17840,0.041843246668577194
17841,0.0009798335377126932
17842,0.0013140138471499085
17843,0.01181163638830185
17844,0.0005067174788564444
17845,0.002564270282164216
17846,0.0011219530133530498
17847,0.0005141141591593623
17848,0.0009244083194062114
17849,0.005619815085083246
17850,0.02433069236576557
17851,0.0007698624394834042
17852,0.000673240574542433
17853,0.0008574457606300712
17854,0.0007210759213194251
17855,0.0008351744618266821
17856,0.0006487926584668458
17857,0.0005442263209261
17858,0.0011761639034375548
17859,0.0067006610333919525
17860,0.002968213986605406
17861,0.0006877920823171735
17862,0.0005829651490785182
17863,0.000995653448626399
17864,0.022666072472929955
17865,0.0027683733496814966
17866,0.0004758461145684123
17867,0.011327572166919708
17868,0.0008887224830687046
17869,0.0005188868381083012
17870,0.000587205053307116
17871,0.0004628612077794969
17872,0.0004741598677355796
17873,0.001121574197895825
17874,0.0031924997456371784
17875,0.0006762248231098056
17876,0.0019136980408802629
17877,0.0011706564109772444
17878,0.032496292144060135
17879,0.000750008097384125
17880,0.00041193776996806264
17881,0.0008352961158379912
17882,0.0005374022293835878
17883,0.000807135715149343
17884,0.000786343589425087
17885,0.0005973123479634523
17886,0.0008651657262817025
17887,0.0004326612688601017
17888,0.0005301902419887483
17889,0.00047466010437346995
17890,0.0007493523880839348
17891,0.001451406511478126
17892,0.0013300966238602996
17893,0.00048596938722766936
17894,0.0010040511842817068
17895,0.010685635730624199
17896,0.0025919442996382713
17897,0.001096269115805626
17898,0.0004954210016876459
17899,0.004906265065073967
17900,0.0005210866802372038
17901,0.000600034894887358
17902,0.001813726150430739
17903,0.02075129747390747
17904,0.0006570996483787894
17905,0.0008847414283081889
17906,0.0006789227481931448
17907,0.0006517630536109209
17908,0.0018708895659074187
17909,0.0004558124637696892
17910,0.023351185023784637
17911,0.0006992887938395143
17912,0.0006515677087008953
17913,0.0009992787381634116
17914,0.0005710948025807738
17915,0.0007762514287605882
17916,0.0010898845503106713
17917,0.002446955069899559
17918,0.0007604241254739463
17919,0.0009464110480621457
17920,0.05125542730093002
17921,0.02075003646314144
17922,0.0022730184718966484
17923,0.004336999263614416
17924,0.004848634358495474
17925,0.005476152990013361
17926,0.00636321259662509
17927,0.012186093255877495
17928,0.05376330390572548
17929,0.017544850707054138
17930,0.04251575469970703
17931,0.0367792472243309
17932,0.04312647879123688
17933,0.03268671780824661
17934,0.004999679047614336
17935,0.0024025063030421734
17936,0.0017271203687414527
17937,0.030888764187693596
17938,0.003488941350951791
17939,0.03602331504225731
17940,0.0009765834547579288
17941,0.01941806823015213
17942,0.00425234017893672
17943,0.00167815200984478
17944,0.03346652910113335
17945,0.0015952757094055414
17946,0.013540156185626984
17947,0.022822458297014236
17948,0.0019022806081920862
17949,0.0021944516338407993
17950,0.014084425754845142
17951,0.013567565940320492
17952,0.00984965730458498
17953,0.0023183857556432486
17954,0.008358187042176723
17955,0.0027340517845004797
17956,0.027014175429940224
17957,0.01200232096016407
17958,0.0054473429918289185
17959,0.022328145802021027
17960,0.0021300597582012415
17961,0.0020794097799807787
17962,0.029862023890018463
17963,0.003004098543897271
17964,0.03452019393444061
17965,0.006752748042345047
17966,0.003005235455930233
17967,0.001225728658027947
17968,0.008342796936631203
17969,0.021436616778373718
17970,0.01788470149040222
17971,0.001602798467501998
17972,0.014362553134560585
17973,0.01638188771903515
17974,0.0618637315928936
17975,0.01760135218501091
17976,0.002420242875814438
17977,0.005136563442647457
17978,0.04786136373877525
17979,0.0033357723150402308
17980,0.007491934113204479
17981,0.015921959653496742
17982,0.024170275777578354
17983,0.0191577710211277
17984,0.044933680444955826
17985,0.019221775233745575
17986,0.027414487674832344
17987,0.02361617051064968
17988,0.025185104459524155
17989,0.01788799837231636
17990,0.008497828617691994
17991,0.03534749522805214
17992,0.011249018833041191
17993,0.003390080761164427
17994,0.014365389943122864
17995,0.003086936892941594
17996,0.010547383688390255
17997,0.0027616596780717373
17998,0.002184847369790077
17999,0.001596453133970499
18000,0.011793546378612518
18001,0.0010249395854771137
18002,0.0008257989538833499
18003,0.003907083999365568
18004,0.010805568657815456
18005,0.005877808667719364
18006,0.00297280284576118
18007,0.006186157464981079
18008,0.04665406793355942
18009,0.029521100223064423
18010,0.013055693358182907
18011,0.009643519297242165
18012,0.0034105386584997177
18013,0.006348989438265562
18014,0.003280538134276867
18015,0.005886549595743418
18016,0.027282729744911194
18017,0.019403155893087387
18018,0.005430774297565222
18019,0.002290000207722187
18020,0.0064762127585709095
18021,0.006289931014180183
18022,0.0068002925254404545
18023,0.004735021386295557
18024,0.019184822216629982
18025,0.028850335627794266
18026,0.01666327752172947
18027,0.0067975022830069065
18028,0.0065337056294083595
18029,0.019561441615223885
18030,0.008982294239103794
18031,0.001332553569227457
18032,0.0028320634737610817
18033,0.02479156292974949
18034,0.04178085923194885
18035,0.029311826452612877
18036,0.0037830183282494545
18037,0.007861847057938576
18038,0.02109353058040142
18039,0.02022409811615944
18040,0.012769166380167007
18041,0.0013313870877027512
18042,0.002086767926812172
18043,0.004408171866089106
18044,0.01850164867937565
18045,0.0020840459037572145
18046,0.013448824174702168
18047,0.002174532739445567
18048,0.0006706319400109351
18049,0.023336082696914673
18050,0.002159025752916932
18051,0.006276306696236134
18052,0.006799111142754555
18053,0.012412619777023792
18054,0.015204542316496372
18055,0.005024447105824947
18056,0.008678542450070381
18057,0.008485064841806889
18058,0.005533941090106964
18059,0.004411136731505394
18060,0.03341541811823845
18061,0.008892721496522427
18062,0.017198193818330765
18063,0.004912199918180704
18064,0.03468525782227516
18065,0.005974791012704372
18066,0.01503413263708353
18067,0.008560732007026672
18068,0.002166829537600279
18069,0.022140860557556152
18070,0.016877327114343643
18071,0.003329370403662324
18072,0.0020869867876172066
18073,0.0030303248204290867
18074,0.0068296585232019424
18075,0.00637320801615715
18076,0.011287247762084007
18077,0.002502960618585348
18078,0.018074531108140945
18079,0.008562834933400154
18080,0.02202594466507435
18081,0.006306123919785023
18082,0.007682007271796465
18083,0.0027646322268992662
18084,0.0026933529879897833
18085,0.029293499886989594
18086,0.0013973253080621362
18087,0.0018576476722955704
18088,0.0016864589415490627
18089,0.020260268822312355
18090,0.0017696943832561374
18091,0.020326947793364525
18092,0.025046534836292267
18093,0.009379688650369644
18094,0.0014912084443494678
18095,0.008508903905749321
18096,0.007777931168675423
18097,0.011898353695869446
18098,0.015464376658201218
18099,0.0025384279433637857
18100,0.00282332394272089
18101,0.02370353415608406
18102,0.00422827061265707
18103,0.013435596600174904
18104,0.029440661892294884
18105,0.0022986431140452623
18106,0.002487846417352557
18107,0.04301363229751587
18108,0.0020269867964088917
18109,0.007171493489295244
18110,0.022807078436017036
18111,0.001962129957973957
18112,0.03407750651240349
18113,0.002358850557357073
18114,0.001709729665890336
18115,0.006877175997942686
18116,0.006075437180697918
18117,0.0035751154646277428
18118,0.0008413144387304783
18119,0.02858249843120575
18120,0.0013132966123521328
18121,0.009666667319834232
18122,0.0030336896888911724
18123,0.01075197197496891
18124,0.0014654026599600911
18125,0.002203787676990032
18126,0.001643496099859476
18127,0.020452626049518585
18128,0.015346849337220192
18129,0.01892639324069023
18130,0.004041147418320179
18131,0.0013635264476761222
18132,0.002452133223414421
18133,0.00461917370557785
18134,0.003405050840228796
18135,0.0031786272302269936
18136,0.022193534299731255
18137,0.0023510390892624855
18138,0.016302380710840225
18139,0.005009499844163656
18140,0.016527213156223297
18141,0.014847643673419952
18142,0.014392885379493237
18143,0.0041674114763736725
18144,0.001330690924078226
18145,0.00498095341026783
18146,0.014743642881512642
18147,0.012482434511184692
18148,0.03154127299785614
18149,0.002405861858278513
18150,0.002128333318978548
18151,0.007125345058739185
18152,0.006546989548951387
18153,0.0035455264151096344
18154,0.0030010761693120003
18155,0.004998805001378059
18156,0.016160260885953903
18157,0.02501021698117256
18158,0.0022720599081367254
18159,0.002438235329464078
18160,0.011754441075026989
18161,0.008061102591454983
18162,0.0015368128661066294
18163,0.005362026393413544
18164,0.007377799600362778
18165,0.0010185844730585814
18166,0.009929923340678215
18167,0.006305905058979988
18168,0.0011157132685184479
18169,0.0077588846907019615
18170,0.004839627537876368
18171,0.014227214269340038
18172,0.0009496505954302847
18173,0.024177223443984985
18174,0.001006378442980349
18175,0.0034471401013433933
18176,0.0014353151200339198
18177,0.002243597060441971
18178,0.003626975230872631
18179,0.0020782090723514557
18180,0.0009441159199923277
18181,0.0024426807649433613
18182,0.0008081228006631136
18183,0.002348177134990692
18184,0.0021467581391334534
18185,0.002477097325026989
18186,0.0014764360385015607
18187,0.018279634416103363
18188,0.0012233422603458166
18189,0.002580762840807438
18190,0.0017221694579347968
18191,0.0006515573477372527
18192,0.001061136950738728
18193,0.0006129768444225192
18194,0.0015200958587229252
18195,0.005482041276991367
18196,0.0004943038220517337
18197,0.015914123505353928
18198,0.056453362107276917
18199,0.0010365128982812166
18200,0.0011261510662734509
18201,0.0016052948776632547
18202,0.004971781279891729
18203,0.006525428965687752
18204,0.0009882606100291014
18205,0.05016300454735756
18206,0.0004889571573585272
18207,0.0014068930177018046
18208,0.0018283476820215583
18209,0.0020511546172201633
18210,0.04842408373951912
18211,0.0008566963952034712
18212,0.0032134666107594967
18213,0.0008732272544875741
18214,0.0005431710742413998
18215,0.0016576144844293594
18216,0.0007717424887232482
18217,0.0014223994221538305
18218,0.0005677451845258474
18219,0.04632755368947983
18220,0.0018136376747861505
18221,0.0011413157917559147
18222,0.0007532937452197075
18223,0.019512198865413666
18224,0.005862243473529816
18225,0.0007248433539643884
18226,0.0008568980265408754
18227,0.0007467514369636774
18228,0.002972071524709463
18229,0.0009225580142810941
18230,0.0017215119441971183
18231,0.0005273172864690423
18232,0.0012784888967871666
18233,0.004427273757755756
18234,0.0014188539935275912
18235,0.0006699470104649663
18236,0.0019755633547902107
18237,0.0004617931554093957
18238,0.001278894254937768
18239,0.01097476202994585
18240,0.0008818480418995023
18241,0.000993411522358656
18242,0.0009480976732447743
18243,0.0030707386322319508
18244,0.0018553027184680104
18245,0.0005638465518131852
18246,0.00045183574547991157
18247,0.0020286310464143753
18248,0.0007991036400198936
18249,0.0005787117406725883
18250,0.0017957518575713038
18251,0.0003466883790679276
18252,0.021095747128129005
18253,0.0044682943262159824
18254,0.006987021770328283
18255,0.0010770433582365513
18256,0.001231280853971839
18257,0.0006960696773603559
18258,0.011108807288110256
18259,0.0010716812685132027
18260,0.0022186003625392914
18261,0.001481496263295412
18262,0.00046681874664500356
18263,0.036664996296167374
18264,0.0014718342572450638
18265,0.0014014763291925192
18266,0.0012945968192070723
18267,0.0006672963500022888
18268,0.0006809735205024481
18269,0.0009142812923528254
18270,0.0008142651058733463
18271,0.04960092529654503
18272,0.03902077674865723
18273,0.0016545243561267853
18274,0.0007414603023789823
18275,0.0016145239351317286
18276,0.0006475587142631412
18277,0.00100138399284333
18278,0.0007549901492893696
18279,0.0008968934416770935
18280,0.0010938653722405434
18281,0.00975702702999115
18282,0.0008275279542431235
18283,0.006960317492485046
18284,0.0006391593487933278
18285,0.0018287667771801353
18286,0.0012345390859991312
18287,0.0012695316690951586
18288,0.0013952554436400533
18289,0.0006087400834076107
18290,0.000966259220149368
18291,0.02102627232670784
18292,0.0015269438736140728
18293,0.002465390134602785
18294,0.04099317267537117
18295,0.0011159101268276572
18296,0.00169379822909832
18297,0.006579899694770575
18298,0.00565533060580492
18299,0.0018451678333804011
18300,0.007913997396826744
18301,0.0006693616160191596
18302,0.001048375735990703
18303,0.000554554455447942
18304,0.0061730011366307735
18305,0.0010375010315328836
18306,0.0046643479727208614
18307,0.0028726207092404366
18308,0.017848894000053406
18309,0.03999834880232811
18310,0.0006057048449292779
18311,0.0007708680932410061
18312,0.0005698020104318857
18313,0.0027162572368979454
18314,0.0012707747519016266
18315,0.013289769180119038
18316,0.010043330490589142
18317,0.0009522928157821298
18318,0.0010966153349727392
18319,0.0023976389784365892
18320,0.00041701903683133423
18321,0.01829373836517334
18322,0.0007778145954944193
18323,0.0006472870009019971
18324,0.020262932404875755
18325,0.0005151660297997296
18326,0.00036305078538134694
18327,0.0016680366825312376
18328,0.004864462651312351
18329,0.0005827081622555852
18330,0.0023037141654640436
18331,0.011297853663563728
18332,0.0006602192879654467
18333,0.0006123398779891431
18334,0.0007228588219732046
18335,0.0004566363641060889
18336,0.000474302563816309
18337,0.001811862806789577
18338,0.000849077245220542
18339,0.0035305689089000225
18340,0.006558332592248917
18341,0.0009718339424580336
18342,0.01330927200615406
18343,0.000496034394018352
18344,0.0007373763946816325
18345,0.014523128047585487
18346,0.0007396860746666789
18347,0.0311319287866354
18348,0.0017955696675926447
18349,0.004855344071984291
18350,0.01682526245713234
18351,0.000933473405893892
18352,0.0006740358658134937
18353,0.0011444264091551304
18354,0.0005687162047252059
18355,0.0006826117169111967
18356,0.006880494300276041
18357,0.0004385747015476227
18358,0.0005535510135814548
18359,0.011246360838413239
18360,0.026494307443499565
18361,0.002810642123222351
18362,0.003613593988120556
18363,0.0009712017490528524
18364,0.012743962928652763
18365,0.0006951363757252693
18366,0.0006722258403897285
18367,0.0011962349526584148
18368,0.0006088135996833444
18369,0.0025109238922595978
18370,0.0008679995662532747
18371,0.0005161967128515244
18372,0.0005672203842550516
18373,0.0011221697786822915
18374,0.0023324175272136927
18375,0.000686789455357939
18376,0.0005131440702825785
18377,0.0008768360130488873
18378,0.020118005573749542
18379,0.0007903319783508778
18380,0.0014146834146231413
18381,0.0026279934681952
18382,0.0010092000011354685
18383,0.002513272687792778
18384,0.0011006500571966171
18385,0.0018359253881499171
18386,0.014154670760035515
18387,0.0010092849843204021
18388,0.022912949323654175
18389,0.0044199503026902676
18390,0.002418164163827896
18391,0.0015048866625875235
18392,0.0011503554414957762
18393,0.00377805158495903
18394,0.0008241940522566438
18395,0.0019000188913196325
18396,0.013689402490854263
18397,0.03152884915471077
18398,0.0008020862587727606
18399,0.004490216262638569
18400,0.006508378777652979
18401,0.0009246327681466937
18402,0.0013036541640758514
18403,0.0014118406688794494
18404,0.000420468975789845
18405,0.0006288083968684077
18406,0.0010738815180957317
18407,0.001303714350797236
18408,0.0053176614455878735
18409,0.0013538284692913294
18410,0.002063731662929058
18411,0.0007222926942631602
18412,0.030860556289553642
18413,0.0005570290959440172
18414,0.00278492271900177
18415,0.011305132880806923
18416,0.0006456137634813786
18417,0.0009776733350008726
18418,0.03213714063167572
18419,0.0012607688549906015
18420,0.0006399813573807478
18421,0.0006930864765308797
18422,0.0021033184602856636
18423,0.0008977798279374838
18424,0.0007583700935356319
18425,0.006928366608917713
18426,0.00202669738791883
18427,0.0019198545487597585
18428,0.0010326458141207695
18429,0.0010722419247031212
18430,0.0006307116709649563
18431,0.03632156550884247
18432,0.008183044381439686
18433,0.0014419977087527514
18434,0.002735308837145567
18435,0.0009405927266925573
18436,0.0018356472719460726
18437,0.0018924521282315254
18438,0.007074636872857809
18439,0.00158360181376338
18440,0.0014345364179462194
18441,0.0024607577361166477
18442,0.012814031913876534
18443,0.001174455275759101
18444,0.0016408301889896393
18445,0.005895533598959446
18446,0.007132962346076965
18447,0.0015827557072043419
18448,0.0011322989594191313
18449,0.023266976699233055
18450,0.003357728011906147
18451,0.0009939963929355145
18452,0.0012385642621666193
18453,0.002469416707754135
18454,0.0242893248796463
18455,0.0018858970142900944
18456,0.03786429390311241
18457,0.00055648636771366
18458,0.0007923234952613711
18459,0.001324112992733717
18460,0.0015663844533264637
18461,0.0340588316321373
18462,0.0028761588037014008
18463,0.0024026804603636265
18464,0.0019112208392471075
18465,0.00239340728148818
18466,0.0004985578125342727
18467,0.0025723150465637445
18468,0.013889258727431297
18469,0.0015139393508434296
18470,0.0016809096559882164
18471,0.0008910733158700168
18472,0.002276359125971794
18473,0.0036261167842894793
18474,0.0024712372105568647
18475,0.0006072793621569872
18476,0.0016091016586869955
18477,0.006648058071732521
18478,0.001675879117101431
18479,0.006287862546741962
18480,0.0010068125557154417
18481,0.011941514909267426
18482,0.002316633705049753
18483,0.01766172982752323
18484,0.0015956879360601306
18485,0.03760599344968796
18486,0.0036945068277418613
18487,0.0011630449444055557
18488,0.0007694015512242913
18489,0.002849775832146406
18490,0.0016563823446631432
18491,0.0018980952445417643
18492,0.004648399073630571
18493,0.0009592210408300161
18494,0.004191264975816011
18495,0.0023572961799800396
18496,0.0008020850364118814
18497,0.0044309343211352825
18498,0.0010138815268874168
18499,0.003160711843520403
18500,0.0017421699594706297
18501,0.0011199068976566195
18502,0.01307249628007412
18503,0.0014388214331120253
18504,0.0020771054551005363
18505,0.0011357850162312388
18506,0.0018093320541083813
18507,0.0011118517722934484
18508,0.0011247980874031782
18509,0.0011099076364189386
18510,0.002901590196415782
18511,0.0015941396122798324
18512,0.0005289080436341465
18513,0.005206040572375059
18514,0.03584589064121246
18515,0.0025496077723801136
18516,0.004019831772893667
18517,0.001461035804823041
18518,0.014326667413115501
18519,0.0011010186281055212
18520,0.0015691288281232119
18521,0.0024400148540735245
18522,0.0011447008000686765
18523,0.0016860483447089791
18524,0.02035420760512352
18525,0.01094974298030138
18526,0.007932926528155804
18527,0.0013250287156552076
18528,0.0015215593157336116
18529,0.0013039831537753344
18530,0.0006059145089238882
18531,0.0008393186144530773
18532,0.001058734953403473
18533,0.005512477830052376
18534,0.0010061177890747786
18535,0.010811408050358295
18536,0.0019638491794466972
18537,0.0027887332253158092
18538,0.0009271372691728175
18539,0.011515314690768719
18540,0.0008439657976850867
18541,0.007874883711338043
18542,0.004757761489599943
18543,0.0011804925743490458
18544,0.0023441435769200325
18545,0.0012254610192030668
18546,0.014936915598809719
18547,0.0015066597843542695
18548,0.0016136930789798498
18549,0.0013177422806620598
18550,0.002163397381082177
18551,0.024190638214349747
18552,0.0012400636915117502
18553,0.015397332608699799
18554,0.002123432233929634
18555,0.0031660653185099363
18556,0.002430167980492115
18557,0.0012245865073055029
18558,0.002853840123862028
18559,0.033893950283527374
18560,0.0189215037971735
18561,0.0021662611979991198
18562,0.02851233445107937
18563,0.01333058811724186
18564,0.0014663408510386944
18565,0.006685560569167137
18566,0.0029040989466011524
18567,0.0024764742702245712
18568,0.025018298998475075
18569,0.015110651031136513
18570,0.05992835760116577
18571,0.046082645654678345
18572,0.01751476339995861
18573,0.07144835591316223
18574,0.01715310662984848
18575,0.0040306756272912025
18576,0.019784923642873764
18577,0.017520396038889885
18578,0.04151385277509689
18579,0.03109184093773365
18580,0.061542004346847534
18581,0.009140782989561558
18582,0.024560458958148956
18583,0.06600113213062286
18584,0.016000840812921524
18585,0.05054550617933273
18586,0.017783978953957558
18587,0.015673957765102386
18588,0.01833735778927803
18589,0.005111807957291603
18590,0.019785337150096893
18591,0.00467794481664896
18592,0.003825003281235695
18593,0.009083310142159462
18594,0.0059736864641308784
18595,0.02584259957075119
18596,0.0032957890070974827
18597,0.02466084621846676
18598,0.009616856463253498
18599,0.024230509996414185
18600,0.0046143075451254845
18601,0.019437536597251892
18602,0.023242663592100143
18603,0.01893702894449234
18604,0.008161405101418495
18605,0.05867965146899223
18606,0.0657329112291336
18607,0.005865598563104868
18608,0.0015415339730679989
18609,0.03342578187584877
18610,0.05549638718366623
18611,0.023987824097275734
18612,0.005315536167472601
18613,0.028194889426231384
18614,0.02263033203780651
18615,0.023056259378790855
18616,0.020268239080905914
18617,0.0360063835978508
18618,0.020154228433966637
18619,0.03301949054002762
18620,0.04937009513378143
18621,0.005698895547538996
18622,0.025847729295492172
18623,0.01420847699046135
18624,0.00774790532886982
18625,0.009362680837512016
18626,0.0026829857379198074
18627,0.04132268577814102
18628,0.007326352875679731
18629,0.0037707178853452206
18630,0.020889220759272575
18631,0.002915645018219948
18632,0.05167912319302559
18633,0.004981979262083769
18634,0.009366337209939957
18635,0.006154113449156284
18636,0.07060407847166061
18637,0.026600506156682968
18638,0.054716888815164566
18639,0.02783910557627678
18640,0.01938217133283615
18641,0.014126106165349483
18642,0.023845888674259186
18643,0.00879664160311222
18644,0.0498790517449379
18645,0.006712379865348339
18646,0.028836358338594437
18647,0.0023079970851540565
18648,0.03855898976325989
18649,0.009318314492702484
18650,0.020978204905986786
18651,0.051857538521289825
18652,0.002303862478584051
18653,0.04884323105216026
18654,0.028805576264858246
18655,0.007148887030780315
18656,0.015974314883351326
18657,0.01512361690402031
18658,0.0033677108585834503
18659,0.006941382773220539
18660,0.0038504458498209715
18661,0.05708009749650955
18662,0.06496374309062958
18663,0.006824301555752754
18664,0.005548579152673483
18665,0.020281486213207245
18666,0.003708307398483157
18667,0.02063896134495735
18668,0.019196387380361557
18669,0.015577485784888268
18670,0.0031893057748675346
18671,0.040158677846193314
18672,0.0012574865249916911
18673,0.006710216403007507
18674,0.05756809934973717
18675,0.03848687931895256
18676,0.019145682454109192
18677,0.008522193878889084
18678,0.012906491756439209
18679,0.005473530385643244
18680,0.03822837024927139
18681,0.012904174625873566
18682,0.023664534091949463
18683,0.002372874179854989
18684,0.00771020632237196
18685,0.007921655662357807
18686,0.04800313711166382
18687,0.008837447501718998
18688,0.021404648199677467
18689,0.027817053720355034
18690,0.04082125052809715
18691,0.003841724479570985
18692,0.029521387070417404
18693,0.025318430736660957
18694,0.0038747319485992193
18695,0.0036191996186971664
18696,0.0039360662922263145
18697,0.01372122298926115
18698,0.011664491146802902
18699,0.002932162256911397
18700,0.0073452722281217575
18701,0.041739508509635925
18702,0.001278530340641737
18703,0.01781129464507103
18704,0.032341014593839645
18705,0.014457843266427517
18706,0.0035753343254327774
18707,0.0018999329768121243
18708,0.010177398100495338
18709,0.027414515614509583
18710,0.007174733094871044
18711,0.031391728669404984
18712,0.013596002012491226
18713,0.017602937296032906
18714,0.0017962395213544369
18715,0.007688429206609726
18716,0.015434124507009983
18717,0.02160670980811119
18718,0.0019173957407474518
18719,0.03421153128147125
18720,0.00718693109229207
18721,0.051128339022397995
18722,0.005138574168086052
18723,0.01479180809110403
18724,0.015207305550575256
18725,0.0029385704547166824
18726,0.004403637256473303
18727,0.013638092204928398
18728,0.0026004579849541187
18729,0.014311034232378006
18730,0.013330564834177494
18731,0.014230694621801376
18732,0.024689137935638428
18733,0.014509815722703934
18734,0.009787429124116898
18735,0.014499720185995102
18736,0.006389755755662918
18737,0.01475516241043806
18738,0.004158124327659607
18739,0.028673619031906128
18740,0.002304165391251445
18741,0.008820789866149426
18742,0.005210854113101959
18743,0.006221648305654526
18744,0.01096470095217228
18745,0.001970459707081318
18746,0.024985849857330322
18747,0.02028917521238327
18748,0.01737828366458416
18749,0.0042243399657309055
18750,0.002569098025560379
18751,0.002879718318581581
18752,0.024766145274043083
18753,0.011040931567549706
18754,0.012541497126221657
18755,0.03489898145198822
18756,0.004128465428948402
18757,0.0035675889812409878
18758,0.009071975015103817
18759,0.0014050666941329837
18760,0.00576520711183548
18761,0.0018976154970005155
18762,0.00865162629634142
18763,0.002085631713271141
18764,0.009764227084815502
18765,0.004087180830538273
18766,0.004802335985004902
18767,0.03194823116064072
18768,0.01902306079864502
18769,0.011126617901027203
18770,0.003838718868792057
18771,0.006761356722563505
18772,0.020752504467964172
18773,0.008030608296394348
18774,0.01793891377747059
18775,0.007680369541049004
18776,0.004697670228779316
18777,0.017114248126745224
18778,0.022625632584095
18779,0.004625559784471989
18780,0.0046765063889324665
18781,0.004745493642985821
18782,0.0076431771740317345
18783,0.0032918909564614296
18784,0.001208494184538722
18785,0.010331684723496437
18786,0.007295568473637104
18787,0.0018247985281050205
18788,0.002524011069908738
18789,0.012941887602210045
18790,0.0016720161074772477
18791,0.0010260380804538727
18792,0.001949121244251728
18793,0.0038256365805864334
18794,0.033262595534324646
18795,0.015093745663762093
18796,0.003394078928977251
18797,0.03432512655854225
18798,0.01355753093957901
18799,0.005488976836204529
18800,0.004140905104577541
18801,0.00483938492834568
18802,0.006309385411441326
18803,0.00293169217184186
18804,0.021874669939279556
18805,0.009621835313737392
18806,0.009235194884240627
18807,0.007268799468874931
18808,0.004485302604734898
18809,0.0026577836833894253
18810,0.0020433375611901283
18811,0.023840926587581635
18812,0.008981065824627876
18813,0.0374358706176281
18814,0.015001814812421799
18815,0.03305494785308838
18816,0.007101868279278278
18817,0.003057895926758647
18818,0.00354560324922204
18819,0.005553105846047401
18820,0.0015860466519370675
18821,0.029148800298571587
18822,0.024220110848546028
18823,0.01214223075658083
18824,0.02636275254189968
18825,0.002231609309092164
18826,0.009122448042035103
18827,0.004381110426038504
18828,0.005786487832665443
18829,0.0043183984234929085
18830,0.009122402407228947
18831,0.0021541640162467957
18832,0.04712626710534096
18833,0.016347475349903107
18834,0.01726788654923439
18835,0.008141468279063702
18836,0.004164909012615681
18837,0.0031165769323706627
18838,0.0031195629853755236
18839,0.005584892816841602
18840,0.0030982031021267176
18841,0.004304724745452404
18842,0.007808553520590067
18843,0.0033047995530068874
18844,0.0015832292847335339
18845,0.04030149430036545
18846,0.01906530000269413
18847,0.0027788477018475533
18848,0.0021435171365737915
18849,0.0029409583657979965
18850,0.002793950494378805
18851,0.0031131638679653406
18852,0.0021299493964761496
18853,0.008977367542684078
18854,0.011289373971521854
18855,0.00790519081056118
18856,0.0027642282657325268
18857,0.001384432427585125
18858,0.011526067741215229
18859,0.0028235428035259247
18860,0.037625476717948914
18861,0.002768963109701872
18862,0.01061105914413929
18863,0.026352867484092712
18864,0.01584402285516262
18865,0.003367425873875618
18866,0.00206271605566144
18867,0.002983388025313616
18868,0.05508841946721077
18869,0.0022799677681177855
18870,0.0030034352093935013
18871,0.02252180688083172
18872,0.008212322369217873
18873,0.003098962130025029
18874,0.0021473050583153963
18875,0.0027233290020376444
18876,0.004344266839325428
18877,0.0026676056440919638
18878,0.004922353662550449
18879,0.0017656838754191995
18880,0.003397798165678978
18881,0.007393094711005688
18882,0.01226141955703497
18883,0.0014758562901988626
18884,0.002487817080691457
18885,0.0011827314738184214
18886,0.0020874403417110443
18887,0.0027858028188347816
18888,0.003913888242095709
18889,0.0025162743404507637
18890,0.023530274629592896
18891,0.002513258485123515
18892,0.003670188831165433
18893,0.002558610402047634
18894,0.0037993299774825573
18895,0.007147527299821377
18896,0.0024934113025665283
18897,0.0015245196409523487
18898,0.02888724021613598
18899,0.0023413454182446003
18900,0.03098243847489357
18901,0.0024368418380618095
18902,0.0059145670384168625
18903,0.0031822114251554012
18904,0.0018634424777701497
18905,0.00325715821236372
18906,0.004431973211467266
18907,0.008269266225397587
18908,0.02165367640554905
18909,0.0021353927440941334
18910,0.020198384299874306
18911,0.0032898872159421444
18912,0.002030680887401104
18913,0.003302050055935979
18914,0.0024190270341932774
18915,0.0028647175058722496
18916,0.003320926334708929
18917,0.002450624480843544
18918,0.03808491304516792
18919,0.0021258178167045116
18920,0.025689948350191116
18921,0.0014129139017313719
18922,0.002406725659966469
18923,0.0037463936023414135
18924,0.002459835261106491
18925,0.003947180695831776
18926,0.005845753476023674
18927,0.00280187395401299
18928,0.008923022076487541
18929,0.0022186548449099064
18930,0.01816476322710514
18931,0.001728113740682602
18932,0.010276402346789837
18933,0.010257652960717678
18934,0.002650843933224678
18935,0.011850260198116302
18936,0.003964604344218969
18937,0.00452099833637476
18938,0.009632435627281666
18939,0.0114250173792243
18940,0.004845638759434223
18941,0.010293040424585342
18942,0.0028032539412379265
18943,0.005922200158238411
18944,0.001783524639904499
18945,0.001416804501786828
18946,0.005097288638353348
18947,0.0019809098448604345
18948,0.0009221727959811687
18949,0.0025167944841086864
18950,0.016217708587646484
18951,0.0006878277054056525
18952,0.003312142100185156
18953,0.04181380569934845
18954,0.0024106272030621767
18955,0.0008346705581061542
18956,0.00355585478246212
18957,0.0034087011590600014
18958,0.002457357943058014
18959,0.026115523651242256
18960,0.0011740373447537422
18961,0.0005220096209086478
18962,0.021959302946925163
18963,0.000948917178902775
18964,0.0012091615935787559
18965,0.0018899657297879457
18966,0.0010489454725757241
18967,0.000969423505011946
18968,0.02173769660294056
18969,0.0011242676991969347
18970,0.001648523611947894
18971,0.0010269676567986608
18972,0.0057329218834638596
18973,0.010171585716307163
18974,0.0007448834949173033
18975,0.0006879873690195382
18976,0.0009250575676560402
18977,0.009897482581436634
18978,0.0012827166356146336
18979,0.0008292064885608852
18980,0.0017821101937443018
18981,0.000595995457842946
18982,0.0006335855578072369
18983,0.0011224313639104366
18984,0.0011401665396988392
18985,0.03319356590509415
18986,0.0008674064883962274
18987,0.0007732639787718654
18988,0.000840755004901439
18989,0.001551186665892601
18990,0.0008248394005931914
18991,0.0013616225915029645
18992,0.0005861369427293539
18993,0.001484632957726717
18994,0.0011665245983749628
18995,0.000649488007184118
18996,0.0018042137380689383
18997,0.001780844060704112
18998,0.002167381811887026
18999,0.0009910549269989133
19000,0.0007961092051118612
19001,0.029954340308904648
19002,0.0008409409201703966
19003,0.004622066393494606
19004,0.0066657643765211105
19005,0.02332480438053608
19006,0.03681626543402672
19007,0.00138911884278059
19008,0.0010910179698839784
19009,0.002741459757089615
19010,0.0025940220803022385
19011,0.0012242195662111044
19012,0.0102302934974432
19013,0.0014396451879292727
19014,0.0016352249076589942
19015,0.0012748043518513441
19016,0.003362821415066719
19017,0.020031670108437538
19018,0.002301070373505354
19019,0.0018606865778565407
19020,0.0013854585122317076
19021,0.0011661184253171086
19022,0.0026549664326012135
19023,0.0011129099875688553
19024,0.0025793705135583878
19025,0.014342515729367733
19026,0.0007099602371454239
19027,0.0011237874859943986
19028,0.0009197761537507176
19029,0.000781437149271369
19030,0.0012680457439273596
19031,0.004072694573551416
19032,0.002644018502905965
19033,0.0008812278974801302
19034,0.001330881961621344
19035,0.004570044111460447
19036,0.009771747514605522
19037,0.005144341383129358
19038,0.020869813859462738
19039,0.0015647580148652196
19040,0.0018499934813007712
19041,0.0017309016548097134
19042,0.0008555082604289055
19043,0.0014376481994986534
19044,0.006257298402488232
19045,0.0009488293435424566
19046,0.0006508996011689305
19047,0.0014650700613856316
19048,0.001807987573556602
19049,0.0008044459391385317
19050,0.0005489137256518006
19051,0.010644673369824886
19052,0.0016729750204831362
19053,0.021431248635053635
19054,0.0034534665755927563
19055,0.0014008407015353441
19056,0.0009550322429277003
19057,0.0007964655524119735
19058,0.0008782589575275779
19059,0.0010168340522795916
19060,0.0014592688530683517
19061,0.001389097422361374
19062,0.0093289939686656
19063,0.04881688952445984
19064,0.0010345602640882134
19065,0.0007832028204575181
19066,0.0019980042707175016
19067,0.002658553421497345
19068,0.0021842666901648045
19069,0.0010770508088171482
19070,0.0016194398049265146
19071,0.0045396191999316216
19072,0.004136716015636921
19073,0.0028456756845116615
19074,0.0005420554662123322
19075,0.028422562405467033
19076,0.0029463395476341248
19077,0.0024725408293306828
19078,0.03597225993871689
19079,0.00297854607924819
19080,0.0007189924363046885
19081,0.0007871849229559302
19082,0.002953302813693881
19083,0.036498744040727615
19084,0.010281873866915703
19085,0.0013507524272426963
19086,0.008882823400199413
19087,0.001299011055380106
19088,0.0020843627862632275
19089,0.03439447283744812
19090,0.009502836503088474
19091,0.0032868252601474524
19092,0.002582106739282608
19093,0.0010891843121498823
19094,0.0012317717773839831
19095,0.0028089142870157957
19096,0.00858552660793066
19097,0.013142166659235954
19098,0.01542050763964653
19099,0.0431879498064518
19100,0.0011424575932323933
19101,0.0030194874852895737
19102,0.006558510474860668
19103,0.002851132769137621
19104,0.0029156794771552086
19105,0.0036489260382950306
19106,0.008871069177985191
19107,0.001516559161245823
19108,0.0015689361607655883
19109,0.006692962255328894
19110,0.0021660062484443188
19111,0.012584423646330833
19112,0.011974671855568886
19113,0.002165611367672682
19114,0.0011799746425822377
19115,0.012057725340127945
19116,0.010065815411508083
19117,0.0009735305211506784
19118,0.0033427500165998936
19119,0.017954837530851364
19120,0.0031164782121777534
19121,0.015975255519151688
19122,0.014313161373138428
19123,0.007387358695268631
19124,0.0009028091444633901
19125,0.021061474457383156
19126,0.0031349617056548595
19127,0.010128560476005077
19128,0.001025614095851779
19129,0.0017804118106141686
19130,0.001287667779251933
19131,0.0019973106682300568
19132,0.004815354943275452
19133,0.0030281152576208115
19134,0.011745858006179333
19135,0.0032525253482162952
19136,0.0020170365460217
19137,0.011935679242014885
19138,0.002293278928846121
19139,0.03833546116948128
19140,0.0008699857862666249
19141,0.0006746649742126465
19142,0.007473920006304979
19143,0.002050040289759636
19144,0.0012887869961559772
19145,0.010250380262732506
19146,0.0006781567353755236
19147,0.0035560037940740585
19148,0.0007825434440746903
19149,0.006443341262638569
19150,0.005063877906650305
19151,0.02091367542743683
19152,0.007561978884041309
19153,0.0015237359330058098
19154,0.0010607948061078787
19155,0.010554371401667595
19156,0.002849347423762083
19157,0.0007150395540520549
19158,0.001741653773933649
19159,0.0012887296034023166
19160,0.014723477885127068
19161,0.001823166268877685
19162,0.0007982960669323802
19163,0.0045560975559055805
19164,0.0022346568293869495
19165,0.006228583864867687
19166,0.013112508691847324
19167,0.013736596331000328
19168,0.0036860452964901924
19169,0.004775252193212509
19170,0.0020729009993374348
19171,0.0023965328000485897
19172,0.002213103696703911
19173,0.004627503454685211
19174,0.006456612143665552
19175,0.0019199488451704383
19176,0.0020438595674932003
19177,0.008712314069271088
19178,0.010537722148001194
19179,0.002465127967298031
19180,0.0032040621154010296
19181,0.0018564719939604402
19182,0.006303051020950079
19183,0.0019720373675227165
19184,0.00696631520986557
19185,0.0018507633358240128
19186,0.005297128576785326
19187,0.0017597585683688521
19188,0.01042796578258276
19189,0.007030856795608997
19190,0.002384782303124666
19191,0.006457910407334566
19192,0.012135697528719902
19193,0.0016170016024261713
19194,0.002632678486406803
19195,0.004786817356944084
19196,0.0007785648922435939
19197,0.0010989808943122625
19198,0.009352387860417366
19199,0.004508030600845814
19200,0.008574042469263077
19201,0.023453757166862488
19202,0.006364637985825539
19203,0.0016578766517341137
19204,0.018412355333566666
19205,0.013402540236711502
19206,0.03236725926399231
19207,0.012545269913971424
19208,0.0040988014079630375
19209,0.021069420501589775
19210,0.009344520978629589
19211,0.012280361726880074
19212,0.026012413203716278
19213,0.024182306602597237
19214,0.00459545711055398
19215,0.028675636276602745
19216,0.011869452893733978
19217,0.0016702912980690598
19218,0.004365486558526754
19219,0.003167815739288926
19220,0.004539694637060165
19221,0.016059083864092827
19222,0.009220235981047153
19223,0.002005676506087184
19224,0.028981301933526993
19225,0.015146901831030846
19226,0.0047269850037992
19227,0.012479429133236408
19228,0.011280443519353867
19229,0.052886128425598145
19230,0.0016379846492782235
19231,0.0022481498308479786
19232,0.0016281866701319814
19233,0.0028965319506824017
19234,0.008549632504582405
19235,0.002946210093796253
19236,0.02377857267856598
19237,0.004515989683568478
19238,0.029124921187758446
19239,0.010069143027067184
19240,0.02314489521086216
19241,0.0034796728286892176
19242,0.013536056503653526
19243,0.045498207211494446
19244,0.004470577463507652
19245,0.01602674461901188
19246,0.008095712400972843
19247,0.010327172465622425
19248,0.006712218746542931
19249,0.005222545936703682
19250,0.005573490168899298
19251,0.0032903370447456837
19252,0.07545977085828781
19253,0.003322013420984149
19254,0.035609159618616104
19255,0.002862033434212208
19256,0.0074068643152713776
19257,0.030986163765192032
19258,0.0011528327595442533
19259,0.002965854713693261
19260,0.026302792131900787
19261,0.02672630548477173
19262,0.005245971959084272
19263,0.026272205635905266
19264,0.006737046409398317
19265,0.04739070311188698
19266,0.033784396946430206
19267,0.03905881568789482
19268,0.018967395648360252
19269,0.019769303500652313
19270,0.007324133068323135
19271,0.004177425056695938
19272,0.005415553227066994
19273,0.004468695726245642
19274,0.008386950939893723
19275,0.01653250865638256
19276,0.0030040480196475983
19277,0.0040719276294112206
19278,0.003903683042153716
19279,0.0055900500155985355
19280,0.008921408094465733
19281,0.0008093388751149178
19282,0.005771860014647245
19283,0.0013357056304812431
19284,0.0014861118979752064
19285,0.0213401447981596
19286,0.01667013391852379
19287,0.02252441830933094
19288,0.019436180591583252
19289,0.0013737259432673454
19290,0.00389480241574347
19291,0.013183402828872204
19292,0.012833310291171074
19293,0.012706471607089043
19294,0.004144277423620224
19295,0.03617177531123161
19296,0.0009991838596761227
19297,0.008779899217188358
19298,0.0038501494564116
19299,0.012300721369683743
19300,0.016416775062680244
19301,0.007897314615547657
19302,0.004441809840500355
19303,0.01653815247118473
19304,0.015880845487117767
19305,0.023956915363669395
19306,0.010640833526849747
19307,0.017504628747701645
19308,0.0033453553915023804
19309,0.033249787986278534
19310,0.023833628743886948
19311,0.010351025499403477
19312,0.002488893922418356
19313,0.0007126679411157966
19314,0.0029756128787994385
19315,0.06103503331542015
19316,0.010337905026972294
19317,0.00693877786397934
19318,0.001522487262263894
19319,0.0024553886614739895
19320,0.01024081464856863
19321,0.0014927815645933151
19322,0.013599340803921223
19323,0.001932279672473669
19324,0.005417985375970602
19325,0.0013505435781553388
19326,0.009300589561462402
19327,0.00570561271160841
19328,0.0388493686914444
19329,0.004255883861333132
19330,0.025953607633709908
19331,0.013285866938531399
19332,0.04250088706612587
19333,0.013720668852329254
19334,0.041136305779218674
19335,0.0016083733644336462
19336,0.04334432631731033
19337,0.06003037095069885
19338,0.05404822155833244
19339,0.02478550747036934
19340,0.002022246364504099
19341,0.043458327651023865
19342,0.03231380134820938
19343,0.03180878236889839
19344,0.024969281628727913
19345,0.0037850304506719112
19346,0.0032736873254179955
19347,0.03398388251662254
19348,0.01607273705303669
19349,0.003684641793370247
19350,0.030360957607626915
19351,0.017883259803056717
19352,0.0025936062447726727
19353,0.006109255366027355
19354,0.001990323420614004
19355,0.00958933960646391
19356,0.006324595771729946
19357,0.01494086068123579
19358,0.0019706382881850004
19359,0.021946530789136887
19360,0.0023410082794725895
19361,0.014934987761080265
19362,0.0013784586917608976
19363,0.03150491788983345
19364,0.025548558682203293
19365,0.020940763875842094
19366,0.06011541932821274
19367,0.010168180800974369
19368,0.025629788637161255
19369,0.003787238849326968
19370,0.003555774688720703
19371,0.0021342767868191004
19372,0.034482818096876144
19373,0.007039356045424938
19374,0.024449415504932404
19375,0.005154320504516363
19376,0.00788802094757557
19377,0.0012490215012803674
19378,0.013478728011250496
19379,0.028819750994443893
19380,0.0021374705247581005
19381,0.01959967613220215
19382,0.04682658612728119
19383,0.0034513073042035103
19384,0.0018626225646585226
19385,0.0389423593878746
19386,0.005664269905537367
19387,0.017772937193512917
19388,0.00570005364716053
19389,0.013628896325826645
19390,0.023497087880969048
19391,0.025243012234568596
19392,0.00721605122089386
19393,0.009645164012908936
19394,0.027461383491754532
19395,0.012857694178819656
19396,0.01670779660344124
19397,0.018567629158496857
19398,0.023027269169688225
19399,0.003479914041236043
19400,0.013811154291033745
19401,0.011549776419997215
19402,0.0023569667246192694
19403,0.0060005784034729
19404,0.007851686328649521
19405,0.008420206606388092
19406,0.02683650515973568
19407,0.003911522217094898
19408,0.04275006800889969
19409,0.012798571959137917
19410,0.0032912944443523884
19411,0.007778032682836056
19412,0.015879269689321518
19413,0.01494566723704338
19414,0.029386434704065323
19415,0.003651395905762911
19416,0.00685008242726326
19417,0.01738501898944378
19418,0.010486841201782227
19419,0.03009772300720215
19420,0.005740179680287838
19421,0.015027251094579697
19422,0.02225210703909397
19423,0.012496473267674446
19424,0.003269428154453635
19425,0.001666770433075726
19426,0.0012916692066937685
19427,0.007822735235095024
19428,0.0045195771381258965
19429,0.05613124370574951
19430,0.0016663791611790657
19431,0.006610353011637926
19432,0.0025829258374869823
19433,0.024579185992479324
19434,0.0732230618596077
19435,0.04427426680922508
19436,0.001454206882044673
19437,0.010235569439828396
19438,0.0011195337865501642
19439,0.02375948801636696
19440,0.006339515093713999
19441,0.010908860713243484
19442,0.017929859459400177
19443,0.005761630833148956
19444,0.010420813225209713
19445,0.012055623345077038
19446,0.013618302531540394
19447,0.013419677503407001
19448,0.0036241193301975727
19449,0.004099121782928705
19450,0.015392817556858063
19451,0.016864925622940063
19452,0.007689133286476135
19453,0.00873936340212822
19454,0.00530541967600584
19455,0.0036618304438889027
19456,0.007123460061848164
19457,0.0026874977629631758
19458,0.0026196888647973537
19459,0.01320062018930912
19460,0.014967808499932289
19461,0.0036051105707883835
19462,0.0034633055329322815
19463,0.01663520745933056
19464,0.002735823392868042
19465,0.002351549221202731
19466,0.013725066557526588
19467,0.03992161527276039
19468,0.0013026632368564606
19469,0.005586517974734306
19470,0.0016899770125746727
19471,0.006066041998565197
19472,0.0014678642619401217
19473,0.006252760998904705
19474,0.04867873713374138
19475,0.00663576927036047
19476,0.0015921486774459481
19477,0.004268804099410772
19478,0.0013745049946010113
19479,0.001497888471931219
19480,0.00794878602027893
19481,0.010978138074278831
19482,0.000804345530923456
19483,0.008587591350078583
19484,0.010360866785049438
19485,0.001143643748946488
19486,0.021492933854460716
19487,0.0015356972580775619
19488,0.013908588327467442
19489,0.00888147298246622
19490,0.0044576083309948444
19491,0.008143756538629532
19492,0.002546548843383789
19493,0.00557777751237154
19494,0.0023802791256457567
19495,0.03047267720103264
19496,0.007149296812713146
19497,0.0011559962294995785
19498,0.0016060653142631054
19499,0.009646281599998474
19500,0.043757956475019455
19501,0.0022339364513754845
19502,0.002323697553947568
19503,0.008264671079814434
19504,0.001742513501085341
19505,0.0034406858030706644
19506,0.0023062429390847683
19507,0.027646299451589584
19508,0.00585131673142314
19509,0.0021085224580019712
19510,0.0008317856118083
19511,0.015777207911014557
19512,0.0034964021760970354
19513,0.0017969876062124968
19514,0.0061120530590415
19515,0.012415663339197636
19516,0.03209202364087105
19517,0.00103812909219414
19518,0.002725800732150674
19519,0.0008300583576783538
19520,0.0224035382270813
19521,0.00973852165043354
19522,0.001189579488709569
19523,0.004198238719254732
19524,0.005590751767158508
19525,0.0056402296759188175
19526,0.0019438685849308968
19527,0.03999593108892441
19528,0.030735470354557037
19529,0.002298841718584299
19530,0.0013873818097636104
19531,0.0019796325359493494
19532,0.013662829995155334
19533,0.0036410242319107056
19534,0.00886988639831543
19535,0.007352237123996019
19536,0.004617523401975632
19537,0.0015947837382555008
19538,0.0033672042191028595
19539,0.0015472472878172994
19540,0.0015249698190018535
19541,0.0023025264963507652
19542,0.002587447874248028
19543,0.002174955792725086
19544,0.0013929263222962618
19545,0.0013511597644537687
19546,0.003099894616752863
19547,0.022093143314123154
19548,0.009710579179227352
19549,0.0062003410421311855
19550,0.0033142699394375086
19551,0.022776084020733833
19552,0.014426645822823048
19553,0.0014930220786482096
19554,0.0024143189657479525
19555,0.0018779444508254528
19556,0.0040732757188379765
19557,0.0010206734295934439
19558,0.005587674677371979
19559,0.03565292805433273
19560,0.007402419578284025
19561,0.0025029561948031187
19562,0.0022759409621357918
19563,0.0014542073477059603
19564,0.002065872075036168
19565,0.0013933309819549322
19566,0.0005368716083467007
19567,0.007608853280544281
19568,0.0038356436416506767
19569,0.006284965202212334
19570,0.013162733055651188
19571,0.0045004538260400295
19572,0.023665737360715866
19573,0.012596594169735909
19574,0.0015936025884002447
19575,0.0041676051914691925
19576,0.003380666021257639
19577,0.013503547757863998
19578,0.004292736761271954
19579,0.006040705367922783
19580,0.0015355399809777737
19581,0.004459406714886427
19582,0.01479544211179018
19583,0.0023230919614434242
19584,0.0016511218855157495
19585,0.047865819185972214
19586,0.01244773156940937
19587,0.04359591007232666
19588,0.013863942585885525
19589,0.007210616022348404
19590,0.0023236474953591824
19591,0.018310796469449997
19592,0.005104030016809702
19593,0.040429290384054184
19594,0.031003078445792198
19595,0.07054828107357025
19596,0.0031177576165646315
19597,0.011655776761472225
19598,0.013033514842391014
19599,0.05589280650019646
19600,0.019358929246664047
19601,0.027945684269070625
19602,0.006605873350054026
19603,0.021210992708802223
19604,0.02913503907620907
19605,0.04893987253308296
19606,0.027636108919978142
19607,0.04645264521241188
19608,0.007468098308891058
19609,0.01338547095656395
19610,0.006713404320180416
19611,0.010073834098875523
19612,0.007353638298809528
19613,0.003329591592773795
19614,0.011938365176320076
19615,0.023873141035437584
19616,0.039535801857709885
19617,0.0031825038604438305
19618,0.009960681200027466
19619,0.006036955397576094
19620,0.037968166172504425
19621,0.00892950315028429
19622,0.0032056744676083326
19623,0.018097106367349625
19624,0.011134778149425983
19625,0.019146550446748734
19626,0.036249324679374695
19627,0.010493616573512554
19628,0.027079671621322632
19629,0.007024165242910385
19630,0.005011235363781452
19631,0.010697867721319199
19632,0.00754069909453392
19633,0.007627937011420727
19634,0.0187371913343668
19635,0.0072843218222260475
19636,0.003969154320657253
19637,0.051067426800727844
19638,0.08050325512886047
19639,0.013312526978552341
19640,0.009873932227492332
19641,0.009289620444178581
19642,0.004210589453577995
19643,0.006004854571074247
19644,0.025525886565446854
19645,0.01314111053943634
19646,0.03637918829917908
19647,0.0011857771314680576
19648,0.019617997109889984
19649,0.003896488342434168
19650,0.0037267685402184725
19651,0.03135790675878525
19652,0.002178990049287677
19653,0.007198961917310953
19654,0.0036393485497683287
19655,0.018192734569311142
19656,0.0035950953606516123
19657,0.018610920757055283
19658,0.008753533475100994
19659,0.0012720117811113596
19660,0.009616236202418804
19661,0.04403536394238472
19662,0.045595742762088776
19663,0.0024707289412617683
19664,0.014879553578794003
19665,0.0356147363781929
19666,0.015297611244022846
19667,0.006134320516139269
19668,0.01708344928920269
19669,0.0027340902015566826
19670,0.01434316486120224
19671,0.004800835158675909
19672,0.09363925457000732
19673,0.003206199500709772
19674,0.032143037766218185
19675,0.017091825604438782
19676,0.003240815596655011
19677,0.012382226064801216
19678,0.006746124010533094
19679,0.011112981475889683
19680,0.004196154419332743
19681,0.01085350476205349
19682,0.02252952568233013
19683,0.02917095273733139
19684,0.007240160368382931
19685,0.007910194806754589
19686,0.011687914840877056
19687,0.0030306545086205006
19688,0.02078920602798462
19689,0.030086638405919075
19690,0.011944088153541088
19691,0.011562963016331196
19692,0.0031459033489227295
19693,0.005479536019265652
19694,0.01108619011938572
19695,0.0043694330379366875
19696,0.020436830818653107
19697,0.003803243860602379
19698,0.016801083460450172
19699,0.0126463882625103
19700,0.027398912236094475
19701,0.009086612612009048
19702,0.0025432996917515993
19703,0.02634643018245697
19704,0.03706323727965355
19705,0.005922349635511637
19706,0.03300795704126358
19707,0.00457526883110404
19708,0.026269419118762016
19709,0.0035632443614304066
19710,0.001691458630375564
19711,0.012718399986624718
19712,0.022551558911800385
19713,0.0012155829463154078
19714,0.050543054938316345
19715,0.020622992888092995
19716,0.0023238547146320343
19717,0.007214016746729612
19718,0.01876583695411682
19719,0.022279910743236542
19720,0.0066985259763896465
19721,0.0066396878100931644
19722,0.006347801070660353
19723,0.003407144919037819
19724,0.0037433994002640247
19725,0.0023700285237282515
19726,0.02675812318921089
19727,0.016371235251426697
19728,0.016301825642585754
19729,0.02003295347094536
19730,0.0021350006572902203
19731,0.00925293006002903
19732,0.0023435784969478846
19733,0.007071276661008596
19734,0.006559859961271286
19735,0.01303509809076786
19736,0.018788853660225868
19737,0.003972233273088932
19738,0.010382868349552155
19739,0.0027871597558259964
19740,0.00218237959779799
19741,0.010277030058205128
19742,0.01613006740808487
19743,0.014277568086981773
19744,0.018527425825595856
19745,0.002980979159474373
19746,0.0037283983547240496
19747,0.008595077320933342
19748,0.018084712326526642
19749,0.022034838795661926
19750,0.023610521107912064
19751,0.005356005392968655
19752,0.009631712920963764
19753,0.0076527586206793785
19754,0.0184661652892828
19755,0.010303216986358166
19756,0.0036723667290061712
19757,0.0058489833027124405
19758,0.004183510784059763
19759,0.007452796678990126
19760,0.015547179616987705
19761,0.017709238454699516
19762,0.01142958179116249
19763,0.011419536545872688
19764,0.013883790001273155
19765,0.0076628876850008965
19766,0.005604652687907219
19767,0.0042656185105443
19768,0.023525860160589218
19769,0.013492227531969547
19770,0.0019860391039401293
19771,0.0027427785098552704
19772,0.0030508984345942736
19773,0.002979125827550888
19774,0.0142782311886549
19775,0.009930011816322803
19776,0.0010059792548418045
19777,0.011930870823562145
19778,0.019488362595438957
19779,0.012567594647407532
19780,0.003976036328822374
19781,0.006790228188037872
19782,0.007871251553297043
19783,0.0034914761781692505
19784,0.008685121312737465
19785,0.0023652222007513046
19786,0.01746085099875927
19787,0.0023754513822495937
19788,0.012174643576145172
19789,0.020025264471769333
19790,0.004846902098506689
19791,0.002162669785320759
19792,0.0325654037296772
19793,0.017496472224593163
19794,0.015322688035666943
19795,0.006216338369995356
19796,0.004248912446200848
19797,0.005632409825921059
19798,0.0025948919355869293
19799,0.008040274493396282
19800,0.0027930487412959337
19801,0.0017273249104619026
19802,0.00460798479616642
19803,0.006018933840095997
19804,0.011896088719367981
19805,0.013121478259563446
19806,0.005360574461519718
19807,0.009759592823684216
19808,0.005020082928240299
19809,0.0019630759488791227
19810,0.003621557494625449
19811,0.0022258260287344456
19812,0.015770448371767998
19813,0.0016047395765781403
19814,0.010487756691873074
19815,0.005677490495145321
19816,0.0021453178487718105
19817,0.0016309368656948209
19818,0.008342320099473
19819,0.0019975658506155014
19820,0.006814958527684212
19821,0.021491073071956635
19822,0.011227521114051342
19823,0.01134672574698925
19824,0.007870396599173546
19825,0.02917643077671528
19826,0.005030504427850246
19827,0.021060023456811905
19828,0.0014458497753366828
19829,0.0019828160293400288
19830,0.003879781346768141
19831,0.003062585834413767
19832,0.003312214044854045
19833,0.01117081567645073
19834,0.013428263366222382
19835,0.002063155872747302
19836,0.004769344348460436
19837,0.01115240715444088
19838,0.003775547258555889
19839,0.004773413296788931
19840,0.0016060161869972944
19841,0.0013316631084308028
19842,0.0017397095216438174
19843,0.0019739451818168163
19844,0.0018386682495474815
19845,0.0029729469679296017
19846,0.0028072833083570004
19847,0.007329463493078947
19848,0.025812165811657906
19849,0.006866974290460348
19850,0.0011489818571135402
19851,0.0708557590842247
19852,0.019322846084833145
19853,0.008944029919803143
19854,0.005474471487104893
19855,0.01092703640460968
19856,0.010171452537178993
19857,0.009402742609381676
19858,0.0035463878884911537
19859,0.016219785436987877
19860,0.003615013789385557
19861,0.016003940254449844
19862,0.006898421794176102
19863,0.0012888641795143485
19864,0.0015508977230638266
19865,0.0038119759410619736
19866,0.00165250722784549
19867,0.0023803000804036856
19868,0.0017530533950775862
19869,0.0015193682629615068
19870,0.001536959782242775
19871,0.0013078758493065834
19872,0.009420790709555149
19873,0.0008451961912214756
19874,0.001059486879967153
19875,0.032320473343133926
19876,0.021893203258514404
19877,0.0011214966652914882
19878,0.0024155431892722845
19879,0.0034553289879113436
19880,0.0028444649651646614
19881,0.0018216505413874984
19882,0.01270050834864378
19883,0.001243158825673163
19884,0.005250692833214998
19885,0.002346490742638707
19886,0.006038155406713486
19887,0.0015594499418511987
19888,0.0014657186111435294
19889,0.01777631603181362
19890,0.0013072373112663627
19891,0.015771102160215378
19892,0.0013968904968351126
19893,0.04379767179489136
19894,0.0014545023441314697
19895,0.019727518782019615
19896,0.009288925677537918
19897,0.001195893157273531
19898,0.001456324476748705
19899,0.008407510817050934
19900,0.001574376248754561
19901,0.002865653485059738
19902,0.0026236914563924074
19903,0.0038621011190116405
19904,0.004422234371304512
19905,0.0006922989850863814
19906,0.011796223931014538
19907,0.0007977803470566869
19908,0.00961279682815075
19909,0.041924431920051575
19910,0.006010547745972872
19911,0.0011439274530857801
19912,0.012765098363161087
19913,0.0018712738528847694
19914,0.0020939940586686134
19915,0.002117301570251584
19916,0.001591552048921585
19917,0.0016220875550061464
19918,0.0009030919754877687
19919,0.0027318093925714493
19920,0.01795768365263939
19921,0.0030005094595253468
19922,0.019077930599451065
19923,0.025943543761968613
19924,0.006954627111554146
19925,0.0015701474621891975
19926,0.0013575234916061163
19927,0.020114613696932793
19928,0.014274033717811108
19929,0.002144159749150276
19930,0.0033595701679587364
19931,0.0009499088628217578
19932,0.002917513018473983
19933,0.008190593682229519
19934,0.0019353204406797886
19935,0.0019192828331142664
19936,0.05932096019387245
19937,0.0029679029248654842
19938,0.003141474211588502
19939,0.001887130318209529
19940,0.006460965611040592
19941,0.0026310484390705824
19942,0.0037324714940041304
19943,0.014077406376600266
19944,0.0014096127124503255
19945,0.0018210596172139049
19946,0.0015524029731750488
19947,0.0023716858122497797
19948,0.01954040303826332
19949,0.0021177208982408047
19950,0.0018099532462656498
19951,0.0030501321889460087
19952,0.025970013812184334
19953,0.0015601834747940302
19954,0.008904442191123962
19955,0.005388712976127863
19956,0.002344916108995676
19957,0.004694728646427393
19958,0.0020503767300397158
19959,0.009183770976960659
19960,0.0039040809497237206
19961,0.0009079775772988796
19962,0.04124413803219795
19963,0.0025388095527887344
19964,0.0069664460606873035
19965,0.017797771841287613
19966,0.00117400661110878
19967,0.0034901564940810204
19968,0.0021646637469530106
19969,0.002303757006302476
19970,0.014888237230479717
19971,0.018401559442281723
19972,0.0008140539284795523
19973,0.001689110416918993
19974,0.010441381484270096
19975,0.0018247589468955994
19976,0.0031492006964981556
19977,0.0012846313184127212
19978,0.004813201259821653
19979,0.0012472958769649267
19980,0.0008282101480290294
19981,0.0063656349666416645
19982,0.021701110526919365
19983,0.007732762023806572
19984,0.010140100494027138
19985,0.05036105588078499
19986,0.00150064576882869
19987,0.002276449464261532
19988,0.008413773030042648
19989,0.024064138531684875
19990,0.0029615755192935467
19991,0.0014107943279668689
19992,0.014757389202713966
19993,0.006927561946213245
19994,0.03946642205119133
19995,0.002191750332713127
19996,0.020191119983792305
19997,0.002183320000767708
19998,0.042987145483493805
19999,0.001895638881251216
20000,0.019567817449569702
20001,0.001971145626157522
20002,0.012733971700072289
20003,0.004557575564831495
20004,0.0025727329775691032
20005,0.002860038075596094
20006,0.0013782810419797897
20007,0.022826531901955605
20008,0.001939658191986382
20009,0.0012428592890501022
20010,0.003780678380280733
20011,0.002482379786670208
20012,0.009621118195354939
20013,0.0013848363887518644
20014,0.002041005063802004
20015,0.0279481690376997
20016,0.0023615271784365177
20017,0.002771457890048623
20018,0.038886658847332
20019,0.01897522434592247
20020,0.012432110495865345
20021,0.002359189558774233
20022,0.0020928443409502506
20023,0.0016521376091986895
20024,0.001603374257683754
20025,0.0027231171261519194
20026,0.001813559327274561
20027,0.004019234329462051
20028,0.002333291107788682
20029,0.00913277268409729
20030,0.07746259868144989
20031,0.011365874670445919
20032,0.0016592766623944044
20033,0.039830613881349564
20034,0.005696416832506657
20035,0.0023429507855325937
20036,0.0029752834234386683
20037,0.001144191948696971
20038,0.019493767991662025
20039,0.0022722696885466576
20040,0.016241420060396194
20041,0.012449698522686958
20042,0.005563173443078995
20043,0.0024347766302525997
20044,0.0014929850585758686
20045,0.009772701188921928
20046,0.0011437095236033201
20047,0.01071357261389494
20048,0.0072106532752513885
20049,0.002261094283312559
20050,0.002617430640384555
20051,0.021432355046272278
20052,0.008489111438393593
20053,0.0021600574254989624
20054,0.03837030008435249
20055,0.003582628211006522
20056,0.01641697809100151
20057,0.008442233316600323
20058,0.0023115065414458513
20059,0.003232573624700308
20060,0.0032901533413678408
20061,0.007571401074528694
20062,0.002949286950752139
20063,0.003170499810948968
20064,0.0013789120130240917
20065,0.002229888690635562
20066,0.0028082411736249924
20067,0.005651075858622789
20068,0.017986422404646873
20069,0.0027490085922181606
20070,0.013429708778858185
20071,0.011690901592373848
20072,0.007470747455954552
20073,0.0021098628640174866
20074,0.003758764360100031
20075,0.04363490268588066
20076,0.0023444402031600475
20077,0.0024764826521277428
20078,0.0025003268383443356
20079,0.003836947027593851
20080,0.012948880903422832
20081,0.0036531260702759027
20082,0.00299207610078156
20083,0.0011525694280862808
20084,0.0021721269004046917
20085,0.01039495225995779
20086,0.002524951007217169
20087,0.004340478219091892
20088,0.008696544915437698
20089,0.002851709723472595
20090,0.004466615151613951
20091,0.03669450059533119
20092,0.0051544527523219585
20093,0.002076441887766123
20094,0.0019600652158260345
20095,0.03837072104215622
20096,0.04337730631232262
20097,0.015475492924451828
20098,0.0124666728079319
20099,0.034286998212337494
20100,0.016865495592355728
20101,0.0028421557508409023
20102,0.02034143917262554
20103,0.0023837299086153507
20104,0.0023664801847189665
20105,0.004704064689576626
20106,0.003604550613090396
20107,0.007116496562957764
20108,0.016271386295557022
20109,0.004325282294303179
20110,0.0013582780957221985
20111,0.014857860282063484
20112,0.0041401563212275505
20113,0.0010558308567851782
20114,0.06436588615179062
20115,0.0028059291653335094
20116,0.002655443735420704
20117,0.07620073854923248
20118,0.0032778671011328697
20119,0.023974400013685226
20120,0.006167700979858637
20121,0.02920387126505375
20122,0.0020944459829479456
20123,0.00220280047506094
20124,0.011001726612448692
20125,0.003890231717377901
20126,0.002206070814281702
20127,0.010800144635140896
20128,0.008034316822886467
20129,0.018020885065197945
20130,0.019077114760875702
20131,0.0026027332060039043
20132,0.0032262622844427824
20133,0.004365867003798485
20134,0.0226157084107399
20135,0.01266324333846569
20136,0.014881515875458717
20137,0.004876511637121439
20138,0.0060106427408754826
20139,0.0022450401447713375
20140,0.04231814295053482
20141,0.04656105861067772
20142,0.011401682160794735
20143,0.016122760251164436
20144,0.013428015634417534
20145,0.010118454694747925
20146,0.001270061475224793
20147,0.003353788983076811
20148,0.0055527761578559875
20149,0.00486952206119895
20150,0.017973139882087708
20151,0.016123950481414795
20152,0.00372119783423841
20153,0.009199309162795544
20154,0.014480110257863998
20155,0.003545045852661133
20156,0.0014087638119235635
20157,0.00962086208164692
20158,0.0057843332178890705
20159,0.009440174326300621
20160,0.006987357512116432
20161,0.008920591324567795
20162,0.0026264404878020287
20163,0.006136870943009853
20164,0.018411701545119286
20165,0.016306106001138687
20166,0.010901756584644318
20167,0.04673245549201965
20168,0.01565413549542427
20169,0.0019936386961489916
20170,0.019800670444965363
20171,0.0018498565768823028
20172,0.013938866555690765
20173,0.007572505623102188
20174,0.002645275089889765
20175,0.010718404315412045
20176,0.0031157152261584997
20177,0.0114234434440732
20178,0.0018338717054575682
20179,0.004226420074701309
20180,0.0044465987011790276
20181,0.036033909767866135
20182,0.00802390556782484
20183,0.001959801884368062
20184,0.010027628391981125
20185,0.01051657646894455
20186,0.03250614181160927
20187,0.008387494832277298
20188,0.0030390755273401737
20189,0.004161383956670761
20190,0.003352997824549675
20191,0.005652878899127245
20192,0.01597222127020359
20193,0.001216650940477848
20194,0.005833043716847897
20195,0.008267760276794434
20196,0.007164694368839264
20197,0.00985126756131649
20198,0.006064085755497217
20199,0.019895663484930992
20200,0.006833737716078758
20201,0.011859189718961716
20202,0.004532061517238617
20203,0.005827183369547129
20204,0.0044213999062776566
20205,0.0051457760855555534
20206,0.007888635620474815
20207,0.022222883999347687
20208,0.00702035753056407
20209,0.015878528356552124
20210,0.0008516379748471081
20211,0.008116853423416615
20212,0.0021060085855424404
20213,0.013781439512968063
20214,0.017351826652884483
20215,0.035736434161663055
20216,0.0016329075442627072
20217,0.005070504732429981
20218,0.006790926679968834
20219,0.05073182284832001
20220,0.0021984593477100134
20221,0.001514305593445897
20222,0.0026897990610450506
20223,0.00235253619030118
20224,0.0017383468803018332
20225,0.0017274972051382065
20226,0.0038688103668391705
20227,0.00689037935808301
20228,0.004112505819648504
20229,0.001782915205694735
20230,0.0026875894982367754
20231,0.0017230024095624685
20232,0.027486339211463928
20233,0.0011600819416344166
20234,0.0020594648085534573
20235,0.007899554446339607
20236,0.024412402883172035
20237,0.0008542129071429372
20238,0.0029439921490848064
20239,0.0010678109247237444
20240,0.01749509759247303
20241,0.0011594521347433329
20242,0.009205748327076435
20243,0.011723795905709267
20244,0.018193325027823448
20245,0.020809490233659744
20246,0.0011464909184724092
20247,0.03878697752952576
20248,0.001440528896637261
20249,0.015258556231856346
20250,0.009602740406990051
20251,0.011463376693427563
20252,0.0044205691665410995
20253,0.0026452126912772655
20254,0.011934475973248482
20255,0.007916020229458809
20256,0.013398132286965847
20257,0.003305568126961589
20258,0.02453329786658287
20259,0.004393177572637796
20260,0.02197757363319397
20261,0.0034120618365705013
20262,0.016402896493673325
20263,0.0018798594828695059
20264,0.017085276544094086
20265,0.0025013270787894726
20266,0.0223491620272398
20267,0.017182618379592896
20268,0.00886228121817112
20269,0.002721737138926983
20270,0.029154576361179352
20271,0.003777044825255871
20272,0.00564259709790349
20273,0.014099422842264175
20274,0.007521233521401882
20275,0.0015597869642078876
20276,0.0017849465366452932
20277,0.002633520867675543
20278,0.002194274216890335
20279,0.005544542334973812
20280,0.001958779525011778
20281,0.0041801054030656815
20282,0.01825089566409588
20283,0.0008109918562695384
20284,0.00448512751609087
20285,0.000963248428888619
20286,0.0007208497845567763
20287,0.001376644941046834
20288,0.0019092715810984373
20289,0.0026309238746762276
20290,0.010002419352531433
20291,0.0008725664811208844
20292,0.0014283523196354508
20293,0.002143803983926773
20294,0.008894107304513454
20295,0.0017463943222537637
20296,0.009095311164855957
20297,0.007673599757254124
20298,0.022440925240516663
20299,0.001727270893752575
20300,0.009636708535254002
20301,0.0023138197138905525
20302,0.0029270604718476534
20303,0.04815773293375969
20304,0.0028534652665257454
20305,0.008198084309697151
20306,0.0010363338515162468
20307,0.003302450990304351
20308,0.002370008733123541
20309,0.0016721615102142096
20310,0.016187522560358047
20311,0.006233895197510719
20312,0.011921949684619904
20313,0.013847539201378822
20314,0.00279028108343482
20315,0.0038454111199826
20316,0.007563246414065361
20317,0.020160319283604622
20318,0.003984353505074978
20319,0.00210115360096097
20320,0.006012363359332085
20321,0.029701922088861465
20322,0.004394449759274721
20323,0.0012924008769914508
20324,0.0016067884862422943
20325,0.008195977658033371
20326,0.002264663577079773
20327,0.0022475263103842735
20328,0.0038096399512141943
20329,0.0009717002394609153
20330,0.018010348081588745
20331,0.0013146906858310103
20332,0.0012609621044248343
20333,0.0018981117755174637
20334,0.0013091183500364423
20335,0.0008649348746985197
20336,0.010863677598536015
20337,0.005234035663306713
20338,0.0045178974978625774
20339,0.0006716204807162285
20340,0.0017050261376425624
20341,0.005718410946428776
20342,0.0017295809229835868
20343,0.0014495088253170252
20344,0.0025443320628255606
20345,0.005763147491961718
20346,0.0009836048120632768
20347,0.00861731544137001
20348,0.00697898305952549
20349,0.00869013275951147
20350,0.011092187836766243
20351,0.030067147687077522
20352,0.003657334018498659
20353,0.003373845014721155
20354,0.009328246116638184
20355,0.0019177785143256187
20356,0.0031421976163983345
20357,0.003138651605695486
20358,0.0036834406200796366
20359,0.0012620894704014063
20360,0.0026052650064229965
20361,0.0020192377269268036
20362,0.0010643480345606804
20363,0.0018322208197787404
20364,0.015178343281149864
20365,0.0020202721934765577
20366,0.002730639185756445
20367,0.0015128517989069223
20368,0.00206574983894825
20369,0.0019960824865847826
20370,0.002248660195618868
20371,0.0012987357331439853
20372,0.0023846908006817102
20373,0.006846081931143999
20374,0.0011840823572129011
20375,0.0025449604727327824
20376,0.013850107789039612
20377,0.001592876622453332
20378,0.0013185122516006231
20379,0.0017661313759163022
20380,0.0014170410577207804
20381,0.0007433721912093461
20382,0.0018929531797766685
20383,0.002273245481774211
20384,0.001088703516870737
20385,0.0009658866329118609
20386,0.0014684796333312988
20387,0.0008522962452843785
20388,0.0006589182885363698
20389,0.0026583331637084484
20390,0.0013703969307243824
20391,0.0026823352091014385
20392,0.0027150283567607403
20393,0.0010061014909297228
20394,0.0006372002535499632
20395,0.0012024592142552137
20396,0.001520918682217598
20397,0.0020516300573945045
20398,0.0015693954192101955
20399,0.0012638369807973504
20400,0.004553675651550293
20401,0.0024409210309386253
20402,0.0016203786944970489
20403,0.0018888507038354874
20404,0.0015322179533541203
20405,0.0024017058312892914
20406,0.0015457194531336427
20407,0.0013863197527825832
20408,0.0013188645243644714
20409,0.0014413832686841488
20410,0.0023830020800232887
20411,0.0010664979927241802
20412,0.0032015019096434116
20413,0.0032901600934565067
20414,0.0010188373271375895
20415,0.0016855092253535986
20416,0.0012903157621622086
20417,0.0011841044761240482
20418,0.0019537319894880056
20419,0.0021896695252507925
20420,0.0013686545426025987
20421,0.0009549495298415422
20422,0.0019743468146771193
20423,0.0014614737592637539
20424,0.00285353884100914
20425,0.0020249858498573303
20426,0.0010160824749618769
20427,0.002005017362535
20428,0.002490936778485775
20429,0.0012280904920771718
20430,0.0007823204505257308
20431,0.0011100522242486477
20432,0.001392897218465805
20433,0.0011303345672786236
20434,0.0007462630164809525
20435,0.0019538141787052155
20436,0.0018988860538229346
20437,0.001708443509414792
20438,0.00112722790800035
20439,0.002986652310937643
20440,0.0010260462295264006
20441,0.001538204844109714
20442,0.0006652225274592638
20443,0.0011615398107096553
20444,0.0011980358976870775
20445,0.0007509331917390227
20446,0.0013214533682912588
20447,0.002202382078394294
20448,0.0017675504786893725
20449,0.0015094949631020427
20450,0.0014598292764276266
20451,0.0007305098697543144
20452,0.0014495826326310635
20453,0.0010344836628064513
20454,0.0011791718425229192
20455,0.0016178989317268133
20456,0.0013660918921232224
20457,0.0015549478121101856
20458,0.0010425685904920101
20459,0.0009874023962765932
20460,0.0009531156392768025
20461,0.0016239064279943705
20462,0.0010810596868395805
20463,0.002269344637170434
20464,0.0012128772214055061
20465,0.0016899905167520046
20466,0.0009029227658174932
20467,0.0008925693109631538
20468,0.0015437141992151737
20469,0.0006325904978439212
20470,0.00396814476698637
20471,0.0017800270579755306
20472,0.0009338443051092327
20473,0.0009719445952214301
20474,0.0015659898053854704
20475,0.001136586768552661
20476,0.000593912263866514
20477,0.0013485971139743924
20478,0.0022522280924022198
20479,0.002277785912156105
20480,0.027273457497358322
20481,0.004061893559992313
20482,0.003582280594855547
20483,0.03966474160552025
20484,0.042573217302560806
20485,0.003361994167789817
20486,0.002281238790601492
20487,0.05805698782205582
20488,0.06626977026462555
20489,0.003324574790894985
20490,0.023513969033956528
20491,0.056669604033231735
20492,0.002455927897244692
20493,0.0031190039590001106
20494,0.01908659189939499
20495,0.00941898301243782
20496,0.019818931818008423
20497,0.060099419206380844
20498,0.009645452722907066
20499,0.0336068756878376
20500,0.04771896451711655
20501,0.008497169241309166
20502,0.04834381118416786
20503,0.0027532950043678284
20504,0.04260177165269852
20505,0.024735769256949425
20506,0.0019922242499887943
20507,0.013499749824404716
20508,0.007559525780379772
20509,0.015182225033640862
20510,0.046076297760009766
20511,0.008631058968603611
20512,0.024720050394535065
20513,0.008463529869914055
20514,0.04436226934194565
20515,0.002673821058124304
20516,0.04422713816165924
20517,0.00323278340511024
20518,0.04333196580410004
20519,0.07008898258209229
20520,0.025956276804208755
20521,0.002087426371872425
20522,0.046590350568294525
20523,0.09863067418336868
20524,0.00837772712111473
20525,0.012153975665569305
20526,0.0029102740809321404
20527,0.041050370782613754
20528,0.005484089255332947
20529,0.0058628893457353115
20530,0.010525686666369438
20531,0.006972293835133314
20532,0.003248718101531267
20533,0.0037542381323873997
20534,0.005709946621209383
20535,0.009061249904334545
20536,0.030057692900300026
20537,0.022460173815488815
20538,0.013099457137286663
20539,0.0029269172810018063
20540,0.006963730324059725
20541,0.021097300574183464
20542,0.052410390228033066
20543,0.003892119275406003
20544,0.014696506783366203
20545,0.012604467570781708
20546,0.012262625619769096
20547,0.009915889240801334
20548,0.028561610728502274
20549,0.0028647719882428646
20550,0.026226332411170006
20551,0.020682943984866142
20552,0.07168273627758026
20553,0.006541725713759661
20554,0.004987301304936409
20555,0.0067605613730847836
20556,0.015374374575912952
20557,0.04208814352750778
20558,0.002239328809082508
20559,0.047111913561820984
20560,0.0054056067019701
20561,0.03920663520693779
20562,0.02560833841562271
20563,0.0025650504976511
20564,0.03027326613664627
20565,0.024173006415367126
20566,0.007152931299060583
20567,0.0139086302369833
20568,0.003521152539178729
20569,0.01800556853413582
20570,0.009300165809690952
20571,0.0058562010526657104
20572,0.027418117970228195
20573,0.012349773198366165
20574,0.021888485178351402
20575,0.0044001503847539425
20576,0.022810909897089005
20577,0.008053404279053211
20578,0.04701754450798035
20579,0.006197667680680752
20580,0.001129999989643693
20581,0.006077735684812069
20582,0.03856277093291283
20583,0.012024018913507462
20584,0.013484555296599865
20585,0.05001004785299301
20586,0.015499968081712723
20587,0.00901852548122406
20588,0.008595950901508331
20589,0.048139430582523346
20590,0.01603437215089798
20591,0.02214263565838337
20592,0.002877000952139497
20593,0.007153745274990797
20594,0.03944781422615051
20595,0.016088930889964104
20596,0.00539791164919734
20597,0.011661624535918236
20598,0.015021849423646927
20599,0.005994216538965702
20600,0.006479289848357439
20601,0.014475222676992416
20602,0.01457899808883667
20603,0.02125847153365612
20604,0.006144244223833084
20605,0.011592530645430088
20606,0.002051236340776086
20607,0.007117436733096838
20608,0.01993512362241745
20609,0.0075836218893527985
20610,0.031020674854516983
20611,0.054644953459501266
20612,0.017536431550979614
20613,0.022375425323843956
20614,0.002386495005339384
20615,0.0047632018104195595
20616,0.005232683848589659
20617,0.023528246209025383
20618,0.0070978980511426926
20619,0.0168924517929554
20620,0.020945005118846893
20621,0.015910083428025246
20622,0.004936929326504469
20623,0.002262057038024068
20624,0.0021053373347967863
20625,0.08526742458343506
20626,0.05912252143025398
20627,0.002755081281065941
20628,0.002134699374437332
20629,0.020232295617461205
20630,0.04694715887308121
20631,0.008879361674189568
20632,0.042802322655916214
20633,0.0024599486496299505
20634,0.04128699749708176
20635,0.009093193337321281
20636,0.005978827830404043
20637,0.006834796164184809
20638,0.005325292702764273
20639,0.035696521401405334
20640,0.011168846860527992
20641,0.03102000430226326
20642,0.005554135888814926
20643,0.008410251699388027
20644,0.03088035248219967
20645,0.01664516143500805
20646,0.06493346393108368
20647,0.007154133170843124
20648,0.005700053181499243
20649,0.006578001193702221
20650,0.0033420571126043797
20651,0.014096373692154884
20652,0.024782564491033554
20653,0.005688220728188753
20654,0.08252915740013123
20655,0.00679087545722723
20656,0.0026237620040774345
20657,0.008818266913294792
20658,0.014770301058888435
20659,0.022538643330335617
20660,0.028721883893013
20661,0.004087925888597965
20662,0.02760477364063263
20663,0.0056920722126960754
20664,0.059596896171569824
20665,0.0018289159052073956
20666,0.020119935274124146
20667,0.015111471526324749
20668,0.013298667967319489
20669,0.0063424985855817795
20670,0.0046542491763830185
20671,0.006604042835533619
20672,0.01208065077662468
20673,0.003129177261143923
20674,0.09375236928462982
20675,0.005195560399442911
20676,0.006089473143219948
20677,0.023630237206816673
20678,0.006078749429434538
20679,0.005802668631076813
20680,0.006610378623008728
20681,0.014796596020460129
20682,0.01871270313858986
20683,0.008056573569774628
20684,0.024083714932203293
20685,0.010915768332779408
20686,0.01434953510761261
20687,0.027034707367420197
20688,0.01570047438144684
20689,0.002752777887508273
20690,0.035364337265491486
20691,0.014797509647905827
20692,0.024829309433698654
20693,0.007001742720603943
20694,0.011756327003240585
20695,0.009763456881046295
20696,0.011877323500812054
20697,0.0038376308511942625
20698,0.002642288338392973
20699,0.003087688470259309
20700,0.03374852240085602
20701,0.01268875040113926
20702,0.00862947665154934
20703,0.03556099161505699
20704,0.0036489597987383604
20705,0.021937087178230286
20706,0.009453007020056248
20707,0.007964285090565681
20708,0.004049459006637335
20709,0.0049512991681694984
20710,0.0076613640412688255
20711,0.005365398712456226
20712,0.028483573347330093
20713,0.034709297120571136
20714,0.0022942889481782913
20715,0.037507474422454834
20716,0.00806212518364191
20717,0.0023532244376838207
20718,0.034164704382419586
20719,0.004639995750039816
20720,0.006024878937751055
20721,0.0028091941494494677
20722,0.010522986762225628
20723,0.002217063680291176
20724,0.002662583254277706
20725,0.004694774746894836
20726,0.02342173084616661
20727,0.01719731092453003
20728,0.006307687610387802
20729,0.04362671822309494
20730,0.003921040333807468
20731,0.0175546295940876
20732,0.005307949613779783
20733,0.003918714355677366
20734,0.04438774660229683
20735,0.007195367943495512
20736,0.015594759956002235
20737,0.02106132172048092
20738,0.02016163058578968
20739,0.005023132544010878
20740,0.021702660247683525
20741,0.015325861051678658
20742,0.03862856328487396
20743,0.020754728466272354
20744,0.0033100503496825695
20745,0.006652149371802807
20746,0.010617543011903763
20747,0.007082539610564709
20748,0.0300767682492733
20749,0.014511637389659882
20750,0.008767661638557911
20751,0.003284575417637825
20752,0.008540436625480652
20753,0.005251400638371706
20754,0.022490153089165688
20755,0.012560049071907997
20756,0.0017565174493938684
20757,0.02268366701900959
20758,0.012234285473823547
20759,0.004102377220988274
20760,0.013556268066167831
20761,0.0025116028264164925
20762,0.004225295037031174
20763,0.002061406848952174
20764,0.0400390587747097
20765,0.025337588042020798
20766,0.012096136808395386
20767,0.021348195150494576
20768,0.005031546577811241
20769,0.015523029491305351
20770,0.003941122908145189
20771,0.0028168638236820698
20772,0.017197292298078537
20773,0.02390928938984871
20774,0.03719256818294525
20775,0.0028652618639171124
20776,0.025533810257911682
20777,0.0075425561517477036
20778,0.004911240190267563
20779,0.033731043338775635
20780,0.01031473744660616
20781,0.0043687522411346436
20782,0.026016848161816597
20783,0.005013018846511841
20784,0.001392063219100237
20785,0.0030981022864580154
20786,0.004810337442904711
20787,0.026575101539492607
20788,0.003615281544625759
20789,0.003317443188279867
20790,0.0025645610876381397
20791,0.004803353920578957
20792,0.016425475478172302
20793,0.03246494382619858
20794,0.0056246304884552956
20795,0.0037326752208173275
20796,0.0029332702979445457
20797,0.013897550292313099
20798,0.013610119931399822
20799,0.004114319104701281
20800,0.006086917594075203
20801,0.019097892567515373
20802,0.005087539553642273
20803,0.004036194644868374
20804,0.007554349489510059
20805,0.002499947790056467
20806,0.003083406714722514
20807,0.021592535078525543
20808,0.00781688466668129
20809,0.01800367794930935
20810,0.0013753207167610526
20811,0.01153604593127966
20812,0.05350310727953911
20813,0.0022338677663356066
20814,0.006565416231751442
20815,0.004950984381139278
20816,0.012815660797059536
20817,0.0033170823007822037
20818,0.004661415237933397
20819,0.014717871323227882
20820,0.0026645592879503965
20821,0.017163097858428955
20822,0.007883678190410137
20823,0.013690185733139515
20824,0.0030830989126116037
20825,0.014912009239196777
20826,0.006468764040619135
20827,0.0028828997164964676
20828,0.0033462876453995705
20829,0.0034232591278851032
20830,0.010792754590511322
20831,0.001954341772943735
20832,0.003237695898860693
20833,0.004608375485986471
20834,0.007547341287136078
20835,0.011047306470572948
20836,0.006066428031772375
20837,0.0049089957028627396
20838,0.009000284597277641
20839,0.002654754091054201
20840,0.0025483202189207077
20841,0.0023125805892050266
20842,0.01177917793393135
20843,0.004957024939358234
20844,0.0025734456721693277
20845,0.004363675136119127
20846,0.0033432827331125736
20847,0.04759331792593002
20848,0.014222141355276108
20849,0.003824290819466114
20850,0.00251894723623991
20851,0.005173468962311745
20852,0.004037380684167147
20853,0.003763842163607478
20854,0.02522410824894905
20855,0.018535112962126732
20856,0.0061254957690835
20857,0.0018848758190870285
20858,0.001884521683678031
20859,0.009590406902134418
20860,0.043214865028858185
20861,0.012512379325926304
20862,0.005578037351369858
20863,0.005701206158846617
20864,0.0020062478724867105
20865,0.01737338863313198
20866,0.007213232573121786
20867,0.007508246228098869
20868,0.007876960560679436
20869,0.020781852304935455
20870,0.0035249809734523296
20871,0.018842916935682297
20872,0.018653709441423416
20873,0.0034115826711058617
20874,0.040046192705631256
20875,0.0030469775665551424
20876,0.0015247331466525793
20877,0.006343879736959934
20878,0.028918791562318802
20879,0.004046876914799213
20880,0.0032189232297241688
20881,0.007007869426161051
20882,0.0068643176928162575
20883,0.015758275985717773
20884,0.0057811979204416275
20885,0.006499147973954678
20886,0.00619331281632185
20887,0.013200702145695686
20888,0.006066292058676481
20889,0.001993864309042692
20890,0.003357901470735669
20891,0.01889517530798912
20892,0.012678439728915691
20893,0.004923342727124691
20894,0.04915888234972954
20895,0.001891275984235108
20896,0.0015487184282392263
20897,0.001610073260962963
20898,0.019482025876641273
20899,0.046144988387823105
20900,0.002117231022566557
20901,0.02339843288064003
20902,0.002132618799805641
20903,0.0017953796777874231
20904,0.004463262856006622
20905,0.012677468359470367
20906,0.03488832712173462
20907,0.013756089843809605
20908,0.003311870153993368
20909,0.0027628152165561914
20910,0.004440056160092354
20911,0.0027299965731799603
20912,0.008688153699040413
20913,0.0033080177381634712
20914,0.011210853233933449
20915,0.0015323266852647066
20916,0.0029360814951360226
20917,0.003077777335420251
20918,0.0021091096568852663
20919,0.007792878430336714
20920,0.0013816107530146837
20921,0.0059748487547039986
20922,0.005380719900131226
20923,0.027893297374248505
20924,0.013433542102575302
20925,0.04694494605064392
20926,0.009223472326993942
20927,0.006310190074145794
20928,0.00960800051689148
20929,0.010727346874773502
20930,0.0034849955700337887
20931,0.002910163952037692
20932,0.007936833426356316
20933,0.004164308309555054
20934,0.002824547467753291
20935,0.0069239791482687
20936,0.00506998086348176
20937,0.04772421345114708
20938,0.0016401403117924929
20939,0.010105184279382229
20940,0.0022065010853111744
20941,0.0026787840761244297
20942,0.017836743965744972
20943,0.006487300619482994
20944,0.004159901756793261
20945,0.020559806376695633
20946,0.009210596792399883
20947,0.021681269630789757
20948,0.007988750003278255
20949,0.003953824285417795
20950,0.0015114396810531616
20951,0.0036396377254277468
20952,0.003992234356701374
20953,0.0020325947552919388
20954,0.02580566704273224
20955,0.01635666936635971
20956,0.006972171366214752
20957,0.0018222300568595529
20958,0.003602893790230155
20959,0.011092782951891422
20960,0.00259661627933383
20961,0.005396834574639797
20962,0.0028044874779880047
20963,0.006899549160152674
20964,0.0018845894373953342
20965,0.0009660974028520286
20966,0.00825337041169405
20967,0.003320804564282298
20968,0.014852480962872505
20969,0.003667730139568448
20970,0.01338561624288559
20971,0.0042360760271549225
20972,0.003810291178524494
20973,0.0020829711575061083
20974,0.003560054348781705
20975,0.0015978969167917967
20976,0.015907134860754013
20977,0.00549106951802969
20978,0.040730446577072144
20979,0.009188862517476082
20980,0.026125267148017883
20981,0.029408449307084084
20982,0.005743260961025953
20983,0.0025646458379924297
20984,0.002649114467203617
20985,0.0061529576778411865
20986,0.01064864732325077
20987,0.0013435769360512495
20988,0.0016242633573710918
20989,0.005439638625830412
20990,0.008309116587042809
20991,0.013006417080760002
20992,0.00381060061044991
20993,0.001371526625007391
20994,0.0013653805945068598
20995,0.003003001445904374
20996,0.0016918220790103078
20997,0.06143440306186676
20998,0.0019532344304025173
20999,0.0011504882713779807
21000,0.0024442127905786037
21001,0.0022365176118910313
21002,0.0035921838134527206
21003,0.000882184540387243
21004,0.001141999615356326
21005,0.0009749855380505323
21006,0.0014056731015443802
21007,0.0014252234250307083
21008,0.01511906087398529
21009,0.0016438516322523355
21010,0.004496565088629723
21011,0.0006761527038179338
21012,0.006823957897722721
21013,0.0012995087308809161
21014,0.0030426166485995054
21015,0.019526541233062744
21016,0.001977769657969475
21017,0.050897158682346344
21018,0.0013669906184077263
21019,0.024637889117002487
21020,0.001464886125177145
21021,0.024203065782785416
21022,0.0010963452514261007
21023,0.0018624401418492198
21024,0.002507600001990795
21025,0.0006937808939255774
21026,0.0070168436504900455
21027,0.017972296103835106
21028,0.003035109955817461
21029,0.0009549633832648396
21030,0.0017520133405923843
21031,0.001240984071046114
21032,0.00205049104988575
21033,0.0013144335243850946
21034,0.0019181729294359684
21035,0.0211491696536541
21036,0.01232773158699274
21037,0.0017270806711167097
21038,0.001181619823910296
21039,0.0024063780438154936
21040,0.009235299192368984
21041,0.003508304711431265
21042,0.0008975201053544879
21043,0.0014777679461985826
21044,0.0010664069559425116
21045,0.0023888577707111835
21046,0.037352316081523895
21047,0.0009010061621665955
21048,0.009987976402044296
21049,0.004607249051332474
21050,0.04158097133040428
21051,0.0010937475599348545
21052,0.0006932350806891918
21053,0.0016005082288756967
21054,0.01915741339325905
21055,0.005392653867602348
21056,0.0009561621118336916
21057,0.0009313018526881933
21058,0.001200310536660254
21059,0.0027003404684364796
21060,0.0023550500627607107
21061,0.04001021012663841
21062,0.0017285069916397333
21063,0.0022204166743904352
21064,0.009462584741413593
21065,0.0008279068861156702
21066,0.00430754479020834
21067,0.01837218552827835
21068,0.000891243340447545
21069,0.002411201596260071
21070,0.0013532687444239855
21071,0.019688354805111885
21072,0.0009046668419614434
21073,0.0011688306694850326
21074,0.0009974581189453602
21075,0.04012364521622658
21076,0.0037083299830555916
21077,0.013057754375040531
21078,0.0014204714680090547
21079,0.0013678434770554304
21080,0.0016274619847536087
21081,0.002652502851560712
21082,0.0009551009861752391
21083,0.017185984179377556
21084,0.0010740524157881737
21085,0.014859196729958057
21086,0.0006237818161025643
21087,0.0010869137477129698
21088,0.0038724741898477077
21089,0.0023234847467392683
21090,0.0017888903385028243
21091,0.0024209823459386826
21092,0.0014693900011479855
21093,0.0017523206770420074
21094,0.0006839128909632564
21095,0.012681394815444946
21096,0.03720760717988014
21097,0.000908347952645272
21098,0.012058274820446968
21099,0.008473234251141548
21100,0.000770895800087601
21101,0.0014014579355716705
21102,0.011321110650897026
21103,0.0025244196876883507
21104,0.004087613895535469
21105,0.002680191770195961
21106,0.002400615019723773
21107,0.038271158933639526
21108,0.0012917965650558472
21109,0.0007386192446574569
21110,0.0012708136346191168
21111,0.0015863265143707395
21112,0.0012349698226898909
21113,0.0008415101910941303
21114,0.01853756792843342
21115,0.0011284592328593135
21116,0.0010378311853855848
21117,0.0009206249378621578
21118,0.0020396928302943707
21119,0.03182074427604675
21120,0.0030526062473654747
21121,0.051116738468408585
21122,0.022252004593610764
21123,0.0015811468474566936
21124,0.04218270629644394
21125,0.002654105192050338
21126,0.005988042335957289
21127,0.001746122958138585
21128,0.003607352962717414
21129,0.021116185933351517
21130,0.026315974071621895
21131,0.03137548267841339
21132,0.026480529457330704
21133,0.013794614002108574
21134,0.031283941119909286
21135,0.001955789979547262
21136,0.024730827659368515
21137,0.002386626321822405
21138,0.07754664123058319
21139,0.02490207925438881
21140,0.002911292714998126
21141,0.0015045139007270336
21142,0.027452141046524048
21143,0.02197689563035965
21144,0.025910593569278717
21145,0.006965505890548229
21146,0.005025757476687431
21147,0.00968198012560606
21148,0.006008767522871494
21149,0.0021206664387136698
21150,0.003095130668953061
21151,0.006744825281202793
21152,0.004519205074757338
21153,0.007570517715066671
21154,0.002890596864745021
21155,0.0021855290979146957
21156,0.0037401351146399975
21157,0.0076666357927024364
21158,0.0024469364434480667
21159,0.0308168176561594
21160,0.0012041020672768354
21161,0.006939529441297054
21162,0.030158504843711853
21163,0.029111817479133606
21164,0.0327753871679306
21165,0.014875238761305809
21166,0.004126444458961487
21167,0.038524702191352844
21168,0.008504098281264305
21169,0.010359501466155052
21170,0.0034743337891995907
21171,0.02324311062693596
21172,0.005780039820820093
21173,0.016093432903289795
21174,0.022438570857048035
21175,0.030478790402412415
21176,0.018557393923401833
21177,0.008978651836514473
21178,0.0029465456027537584
21179,0.02202603407204151
21180,0.016101045534014702
21181,0.0366927832365036
21182,0.006333807483315468
21183,0.014642145484685898
21184,0.009909824468195438
21185,0.029338449239730835
21186,0.04675044119358063
21187,0.020612575113773346
21188,0.01072547398507595
21189,0.002538857515901327
21190,0.009418564848601818
21191,0.003468081820756197
21192,0.0015538297593593597
21193,0.020266138017177582
21194,0.03179784119129181
21195,0.023185446858406067
21196,0.00705184368416667
21197,0.036099594086408615
21198,0.015124903991818428
21199,0.02975028194487095
21200,0.023465322330594063
21201,0.013446186669170856
21202,0.013954497873783112
21203,0.004750146996229887
21204,0.009239409118890762
21205,0.007445644587278366
21206,0.01685377024114132
21207,0.021586019545793533
21208,0.018021970987319946
21209,0.003153532976284623
21210,0.001842025201767683
21211,0.008237496949732304
21212,0.023818500339984894
21213,0.0020970019977539778
21214,0.0018374673090875149
21215,0.00823221355676651
21216,0.0020201951265335083
21217,0.02857605367898941
21218,0.016580257564783096
21219,0.0024869097396731377
21220,0.006304178386926651
21221,0.00547882542014122
21222,0.021771013736724854
21223,0.0016698031686246395
21224,0.008852828294038773
21225,0.0067137423902750015
21226,0.014609117060899734
21227,0.026578983291983604
21228,0.013147611171007156
21229,0.013754318468272686
21230,0.010740898549556732
21231,0.006750974804162979
21232,0.001227835426107049
21233,0.0017564032459631562
21234,0.0022785156033933163
21235,0.022612979635596275
21236,0.015649767592549324
21237,0.05283388867974281
21238,0.02104911021888256
21239,0.024481773376464844
21240,0.04873013123869896
21241,0.0032107396982610226
21242,0.003567285370081663
21243,0.033913061022758484
21244,0.02574339136481285
21245,0.02100025862455368
21246,0.006596609018743038
21247,0.00540565699338913
21248,0.029418718069791794
21249,0.00865478627383709
21250,0.04556845873594284
21251,0.013191033154726028
21252,0.0037772280629724264
21253,0.06478524208068848
21254,0.0286573376506567
21255,0.010063646361231804
21256,0.01750662364065647
21257,0.0455007329583168
21258,0.025719372555613518
21259,0.021465357393026352
21260,0.05536586791276932
21261,0.04020126536488533
21262,0.014273961074650288
21263,0.011220939457416534
21264,0.012879787012934685
21265,0.013450700789690018
21266,0.019002674147486687
21267,0.037440963089466095
21268,0.014571386389434338
21269,0.054373133927583694
21270,0.008187628351151943
21271,0.007507994771003723
21272,0.025565452873706818
21273,0.029471328482031822
21274,0.021427270025014877
21275,0.02627967670559883
21276,0.017906535416841507
21277,0.027995925396680832
21278,0.00902069266885519
21279,0.014099488034844398
21280,0.008979424834251404
21281,0.04157699644565582
21282,0.01682588830590248
21283,0.0039026550948619843
21284,0.012898784130811691
21285,0.03279795125126839
21286,0.007937714457511902
21287,0.004055891651660204
21288,0.03351108729839325
21289,0.016408683732151985
21290,0.0034411887172609568
21291,0.019088882952928543
21292,0.01056853961199522
21293,0.008153669536113739
21294,0.006460575386881828
21295,0.029373982921242714
21296,0.026592563837766647
21297,0.03528940677642822
21298,0.006292767357081175
21299,0.015723131597042084
21300,0.009028485044836998
21301,0.024313747882843018
21302,0.007661809213459492
21303,0.03711038455367088
21304,0.01843998022377491
21305,0.04489947855472565
21306,0.011997558176517487
21307,0.045044489204883575
21308,0.03332117944955826
21309,0.01210036501288414
21310,0.034631721675395966
21311,0.030286544933915138
21312,0.010200698859989643
21313,0.029904507100582123
21314,0.005618114955723286
21315,0.017296500504016876
21316,0.024417424574494362
21317,0.048361554741859436
21318,0.007112471386790276
21319,0.015705058351159096
21320,0.031924545764923096
21321,0.008518790826201439
21322,0.007582714781165123
21323,0.02566152811050415
21324,0.032995060086250305
21325,0.021777287125587463
21326,0.0035487902350723743
21327,0.007134722545742989
21328,0.011758205480873585
21329,0.002526076976209879
21330,0.031233521178364754
21331,0.03385957330465317
21332,0.007028308231383562
21333,0.014803671278059483
21334,0.005427639000117779
21335,0.010615590028464794
21336,0.011407868936657906
21337,0.026620246469974518
21338,0.04400065541267395
21339,0.009277788922190666
21340,0.027398500591516495
21341,0.015299998223781586
21342,0.04250683635473251
21343,0.016122326254844666
21344,0.004709618631750345
21345,0.026172854006290436
21346,0.009585380554199219
21347,0.02312159538269043
21348,0.008007881231606007
21349,0.013070725835859776
21350,0.011234281584620476
21351,0.02196964994072914
21352,0.018573777750134468
21353,0.004858264699578285
21354,0.022549793124198914
21355,0.02094239741563797
21356,0.019315147772431374
21357,0.006567344535142183
21358,0.008598757907748222
21359,0.016650840640068054
21360,0.03784840181469917
21361,0.008935047313570976
21362,0.03762930631637573
21363,0.024347372353076935
21364,0.012625593692064285
21365,0.019104257225990295
21366,0.014460228383541107
21367,0.007645636331290007
21368,0.025666993111371994
21369,0.01511985994875431
21370,0.01843218505382538
21371,0.03826263174414635
21372,0.010885331779718399
21373,0.019451739266514778
21374,0.006171497981995344
21375,0.04871203377842903
21376,0.011708191595971584
21377,0.007871566340327263
21378,0.009337928146123886
21379,0.008310122415423393
21380,0.0035379945766180754
21381,0.004452204797416925
21382,0.005787396803498268
21383,0.023103918880224228
21384,0.033546097576618195
21385,0.008637838065624237
21386,0.0029654966201633215
21387,0.0054252417758107185
21388,0.015134502202272415
21389,0.04029008746147156
21390,0.012423464097082615
21391,0.00303238769993186
21392,0.0019890356343239546
21393,0.002844091970473528
21394,0.012854017317295074
21395,0.01716708391904831
21396,0.006350853946059942
21397,0.0015377022791653872
21398,0.007833213545382023
21399,0.0017299407627433538
21400,0.0029787987004965544
21401,0.006871724035590887
21402,0.0022575620096176863
21403,0.007716409862041473
21404,0.0041501931846141815
21405,0.003658626228570938
21406,0.0043373312801122665
21407,0.004441324155777693
21408,0.001977902837097645
21409,0.0046304380521178246
21410,0.009089406579732895
21411,0.006107139866799116
21412,0.014183931052684784
21413,0.003975135739892721
21414,0.01596255786716938
21415,0.0016943274531513453
21416,0.007648442406207323
21417,0.0017180291470140219
21418,0.005546648055315018
21419,0.0015706900740042329
21420,0.004307436291128397
21421,0.0014163234736770391
21422,0.01558329351246357
21423,0.0019963423255831003
21424,0.001788248890079558
21425,0.0019636121578514576
21426,0.02968469448387623
21427,0.041334617882966995
21428,0.009043354541063309
21429,0.007261831313371658
21430,0.006400171667337418
21431,0.00869037490338087
21432,0.002027824055403471
21433,0.003070288337767124
21434,0.007643981836736202
21435,0.002024418441578746
21436,0.0029779679607599974
21437,0.018443981185555458
21438,0.0033579485025256872
21439,0.0029490552842617035
21440,0.006730999797582626
21441,0.005747972056269646
21442,0.0282595157623291
21443,0.0013673825887963176
21444,0.03817881643772125
21445,0.0015520459273830056
21446,0.0038837739266455173
21447,0.002454062458127737
21448,0.0052163731306791306
21449,0.0037833047099411488
21450,0.003934575244784355
21451,0.010499028488993645
21452,0.00580816762521863
21453,0.003201834624633193
21454,0.0028288746252655983
21455,0.004426486790180206
21456,0.0019720939453691244
21457,0.002182036405429244
21458,0.00610923208296299
21459,0.0077293370850384235
21460,0.020274972543120384
21461,0.010541750118136406
21462,0.005734870210289955
21463,0.0017061711987480521
21464,0.0015585192013531923
21465,0.0034851396922022104
21466,0.008286923170089722
21467,0.004577638581395149
21468,0.0024833122733980417
21469,0.001834672293625772
21470,0.0016239972319453955
21471,0.0191782359033823
21472,0.003117893822491169
21473,0.02005850337445736
21474,0.0028655959758907557
21475,0.001302197459153831
21476,0.02737998776137829
21477,0.014300628565251827
21478,0.016171546652913094
21479,0.004766231402754784
21480,0.00665420712903142
21481,0.005028356332331896
21482,0.01323285698890686
21483,0.0031295083463191986
21484,0.00594247505068779
21485,0.01589120365679264
21486,0.004307245835661888
21487,0.002947735134512186
21488,0.002687570871785283
21489,0.003382257651537657
21490,0.001984256086871028
21491,0.0034369691275060177
21492,0.004201811272650957
21493,0.002910905983299017
21494,0.002730360720306635
21495,0.004536404274404049
21496,0.002251765690743923
21497,0.0023951781913638115
21498,0.003085620468482375
21499,0.005986107978969812
21500,0.00367566617205739
21501,0.006311207078397274
21502,0.009630143642425537
21503,0.003632552456110716
21504,0.002721390686929226
21505,0.03113548271358013
21506,0.0037614803295582533
21507,0.010232098400592804
21508,0.004881339147686958
21509,0.020457208156585693
21510,0.010366439819335938
21511,0.005158119834959507
21512,0.00312637398019433
21513,0.008837922476232052
21514,0.01325629185885191
21515,0.0444425493478775
21516,0.0041924817487597466
21517,0.017704911530017853
21518,0.04932840168476105
21519,0.019161760807037354
21520,0.0021707601845264435
21521,0.009872463531792164
21522,0.0024542948231101036
21523,0.002783396514132619
21524,0.041541025042533875
21525,0.008248580619692802
21526,0.007999911904335022
21527,0.0014869694132357836
21528,0.002789562102407217
21529,0.0024388290476053953
21530,0.005448635201901197
21531,0.010489138774573803
21532,0.02391127310693264
21533,0.004935172386467457
21534,0.0011782341171056032
21535,0.018148966133594513
21536,0.004389469511806965
21537,0.0017644211184233427
21538,0.005570259410887957
21539,0.030602317303419113
21540,0.019910655915737152
21541,0.0016434822464361787
21542,0.001533519709482789
21543,0.006649540737271309
21544,0.027185529470443726
21545,0.02749522589147091
21546,0.004430730827152729
21547,0.0014099195832386613
21548,0.03932320699095726
21549,0.011166254989802837
21550,0.013725419528782368
21551,0.016309285536408424
21552,0.0022083264775574207
21553,0.009479993022978306
21554,0.012341827154159546
21555,0.003494265489280224
21556,0.005395649001002312
21557,0.0013865837827324867
21558,0.034888435155153275
21559,0.00392218166962266
21560,0.007881397381424904
21561,0.0058218929916620255
21562,0.004907550290226936
21563,0.008441884070634842
21564,0.001593895722180605
21565,0.005766678135842085
21566,0.013249113224446774
21567,0.0020698807202279568
21568,0.01978744938969612
21569,0.0019849941600114107
21570,0.0028826843481510878
21571,0.021064836531877518
21572,0.0010475498856976628
21573,0.010849838145077229
21574,0.0011670456733554602
21575,0.002013722201809287
21576,0.016069937497377396
21577,0.0032189334742724895
21578,0.026964467018842697
21579,0.02306523732841015
21580,0.039430972188711166
21581,0.025031713768839836
21582,0.00587665056809783
21583,0.026246264576911926
21584,0.02280491217970848
21585,0.0325988344848156
21586,0.0020937176886945963
21587,0.0075532980263233185
21588,0.013587464578449726
21589,0.002848121104761958
21590,0.0015724590048193932
21591,0.0018011268693953753
21592,0.0014583521988242865
21593,0.0014394358731806278
21594,0.014654751867055893
21595,0.011213094927370548
21596,0.0029739816673099995
21597,0.004504145123064518
21598,0.001553795882500708
21599,0.004982638638466597
21600,0.004213938023895025
21601,0.011359002441167831
21602,0.004201636649668217
21603,0.01589738205075264
21604,0.000940428813919425
21605,0.00102727091871202
21606,0.003944889642298222
21607,0.003091714810580015
21608,0.012682706117630005
21609,0.0019114302704110742
21610,0.0023661144077777863
21611,0.002153589390218258
21612,0.016260918229818344
21613,0.0018758515361696482
21614,0.027227552607655525
21615,0.03561485931277275
21616,0.01196569949388504
21617,0.02202943153679371
21618,0.009737878106534481
21619,0.001140509732067585
21620,0.010333667509257793
21621,0.0014580633724108338
21622,0.026516713201999664
21623,0.007042977027595043
21624,0.004605420399457216
21625,0.009465734474360943
21626,0.0046188184060156345
21627,0.007446482311934233
21628,0.0038942270912230015
21629,0.02171211689710617
21630,0.008317620493471622
21631,0.015557873994112015
21632,0.003642476163804531
21633,0.03561026602983475
21634,0.0044308933429419994
21635,0.055449292063713074
21636,0.012915817089378834
21637,0.009520298801362514
21638,0.012366360053420067
21639,0.0032710537780076265
21640,0.03729579970240593
21641,0.005897531285881996
21642,0.0020200838334858418
21643,0.00896359235048294
21644,0.015950173139572144
21645,0.003431736258789897
21646,0.016457227990031242
21647,0.007355126552283764
21648,0.020633984357118607
21649,0.003883905243128538
21650,0.003032072214409709
21651,0.0014305650256574154
21652,0.03955551236867905
21653,0.031069647520780563
21654,0.003792092204093933
21655,0.02608156017959118
21656,0.00392819894477725
21657,0.029478291049599648
21658,0.0010304914321750402
21659,0.004206468351185322
21660,0.008715605363249779
21661,0.013464363291859627
21662,0.034524958580732346
21663,0.0024503024760633707
21664,0.023722700774669647
21665,0.006099563091993332
21666,0.01637854427099228
21667,0.013289390131831169
21668,0.0017066086875274777
21669,0.053487326949834824
21670,0.003180603962391615
21671,0.02345854416489601
21672,0.027693454176187515
21673,0.005729373544454575
21674,0.0034456991124898195
21675,0.001627923222258687
21676,0.03279620409011841
21677,0.006640848238021135
21678,0.004348740912973881
21679,0.024644959717988968
21680,0.03330701217055321
21681,0.010745550505816936
21682,0.002885804744437337
21683,0.0015475747641175985
21684,0.0023869057185947895
21685,0.019443195313215256
21686,0.007266366854310036
21687,0.0020740635227411985
21688,0.0035739310551434755
21689,0.0018497544806450605
21690,0.010897478088736534
21691,0.0024149222299456596
21692,0.005649828817695379
21693,0.014131829142570496
21694,0.015576728619635105
21695,0.010521555319428444
21696,0.0028342173900455236
21697,0.0030619618482887745
21698,0.004754616413265467
21699,0.037439361214637756
21700,0.002477911999449134
21701,0.0033085066825151443
21702,0.014529448002576828
21703,0.002340383129194379
21704,0.03734539449214935
21705,0.006942033767700195
21706,0.0046768770553171635
21707,0.0016043863724917173
21708,0.008303746581077576
21709,0.008638088591396809
21710,0.020725298672914505
21711,0.00878684688359499
21712,0.024918127804994583
21713,0.001492534764111042
21714,0.02407214790582657
21715,0.025195028632879257
21716,0.0024015787057578564
21717,0.049352046102285385
21718,0.01982012949883938
21719,0.005397418979555368
21720,0.021236374974250793
21721,0.00354528590105474
21722,0.006181254051625729
21723,0.008850916288793087
21724,0.00277088675647974
21725,0.004987792111933231
21726,0.003429726231843233
21727,0.0012886831536889076
21728,0.005902271717786789
21729,0.023970365524291992
21730,0.014607376419007778
21731,0.004930571187287569
21732,0.022958524525165558
21733,0.0026671322993934155
21734,0.014732956886291504
21735,0.005450239405035973
21736,0.0035224766470491886
21737,0.012969025410711765
21738,0.010402755811810493
21739,0.0032951717730611563
21740,0.0012017996050417423
21741,0.035557717084884644
21742,0.0025744973681867123
21743,0.008113810792565346
21744,0.00685431994497776
21745,0.036956530064344406
21746,0.004145837388932705
21747,0.0016115631442517042
21748,0.011549029499292374
21749,0.004769718274474144
21750,0.011944834142923355
21751,0.027173887938261032
21752,0.02334940992295742
21753,0.0017188605852425098
21754,0.0024365796707570553
21755,0.0028090025298297405
21756,0.0011561326682567596
21757,0.0022339611314237118
21758,0.004082458559423685
21759,0.013555087149143219
21760,0.006944553926587105
21761,0.001928349956870079
21762,0.004163758829236031
21763,0.007797228638082743
21764,0.0030027516186237335
21765,0.005244322121143341
21766,0.022961998358368874
21767,0.011468377895653248
21768,0.002404221799224615
21769,0.0036192815750837326
21770,0.027688322588801384
21771,0.005370368715375662
21772,0.0014461989048868418
21773,0.010130072943866253
21774,0.013238231651484966
21775,0.003305006306618452
21776,0.00915447622537613
21777,0.002118391916155815
21778,0.00768438121303916
21779,0.005496613681316376
21780,0.0016898298636078835
21781,0.017188290134072304
21782,0.017754364758729935
21783,0.013322120532393456
21784,0.0012352452613413334
21785,0.0018012404907494783
21786,0.0006937317084521055
21787,0.002498591784387827
21788,0.01833307556807995
21789,0.004537002183496952
21790,0.030313801020383835
21791,0.0027477096300572157
21792,0.0012244915124028921
21793,0.011267848312854767
21794,0.0030287846457213163
21795,0.007670949678868055
21796,0.0013574878685176373
21797,0.0010760626755654812
21798,0.0033792988397181034
21799,0.022835038602352142
21800,0.013456523418426514
21801,0.0013832433614879847
21802,0.005282772239297628
21803,0.02325412444770336
21804,0.0010493122972548008
21805,0.002471010433509946
21806,0.002961203223094344
21807,0.019565369933843613
21808,0.0032668528147041798
21809,0.008509933948516846
21810,0.011787659488618374
21811,0.013834144920110703
21812,0.0021140864118933678
21813,0.0019795300904661417
21814,0.0066756596788764
21815,0.022521672770380974
21816,0.009760416112840176
21817,0.02246917597949505
21818,0.005280731245875359
21819,0.003604496130719781
21820,0.004855364561080933
21821,0.0027335290797054768
21822,0.0028844918124377728
21823,0.004937069024890661
21824,0.005801251623779535
21825,0.0027525355108082294
21826,0.0014904574491083622
21827,0.004219349939376116
21828,0.008219785057008266
21829,0.008512483909726143
21830,0.002337162382900715
21831,0.01685415953397751
21832,0.0032465883996337652
21833,0.026384109631180763
21834,0.0017962597776204348
21835,0.018644636496901512
21836,0.0030995109118521214
21837,0.02351737581193447
21838,0.002583616878837347
21839,0.0031843045726418495
21840,0.013373722322285175
21841,0.003698642598465085
21842,0.002949214307591319
21843,0.004673943854868412
21844,0.009563741274178028
21845,0.003008847124874592
21846,0.010494414716959
21847,0.003638526424765587
21848,0.0030822912231087685
21849,0.0029049739241600037
21850,0.012106730602681637
21851,0.005778436549007893
21852,0.00371372583322227
21853,0.003571737091988325
21854,0.0016988895367830992
21855,0.003082754323258996
21856,0.01727873831987381
21857,0.0039080660790205
21858,0.008865092881023884
21859,0.009417667984962463
21860,0.0019261323614045978
21861,0.002056148834526539
21862,0.0031387656927108765
21863,0.0068977707996964455
21864,0.0017656858544796705
21865,0.006372253410518169
21866,0.004385237116366625
21867,0.014786859042942524
21868,0.00272546149790287
21869,0.0033752955496311188
21870,0.0015976685099303722
21871,0.008039439097046852
21872,0.005235704593360424
21873,0.005450451746582985
21874,0.002150431275367737
21875,0.0030193249695003033
21876,0.0012198082404211164
21877,0.016851967200636864
21878,0.0028192736208438873
21879,0.006166443228721619
21880,0.00113485858310014
21881,0.004414807539433241
21882,0.00461527518928051
21883,0.0014011756284162402
21884,0.0074128685519099236
21885,0.020195776596665382
21886,0.001923991134390235
21887,0.002590593881905079
21888,0.007786265574395657
21889,0.003466652240604162
21890,0.000940296333283186
21891,0.006616468541324139
21892,0.001724983798339963
21893,0.0022132585290819407
21894,0.0033824678976088762
21895,0.0016570461448282003
21896,0.0160362645983696
21897,0.001480776583775878
21898,0.008725509978830814
21899,0.002606935566291213
21900,0.00839296542108059
21901,0.0014101878041401505
21902,0.013286975212395191
21903,0.02040114440023899
21904,0.009406962431967258
21905,0.041230130940675735
21906,0.0015825990121811628
21907,0.011506031267344952
21908,0.0013320345897227526
21909,0.01162230595946312
21910,0.0017437890637665987
21911,0.007158700842410326
21912,0.0040437402203679085
21913,0.004054293967783451
21914,0.0013661524280905724
21915,0.04250623285770416
21916,0.0012581548653542995
21917,0.0064793243072927
21918,0.005973768420517445
21919,0.0010332760866731405
21920,0.004593897145241499
21921,0.003606538288295269
21922,0.016915254294872284
21923,0.004629067145287991
21924,0.006137802265584469
21925,0.005474724806845188
21926,0.02692297101020813
21927,0.001669123419560492
21928,0.0016502676298841834
21929,0.0011924023274332285
21930,0.0021601191256195307
21931,0.011561187915503979
21932,0.001785636181011796
21933,0.01860593445599079
21934,0.006832297891378403
21935,0.0015725626144558191
21936,0.002767282072454691
21937,0.007102831732481718
21938,0.009124106727540493
21939,0.001461790525354445
21940,0.0031141540966928005
21941,0.0009731057798489928
21942,0.05157468467950821
21943,0.02008296735584736
21944,0.0011457647196948528
21945,0.0026031904853880405
21946,0.0010459006298333406
21947,0.0024202580098062754
21948,0.002151201479136944
21949,0.0029010886792093515
21950,0.005862458609044552
21951,0.0016232964117079973
21952,0.0024581896141171455
21953,0.0030791745521128178
21954,0.0015328407753258944
21955,0.024378702044487
21956,0.00944750290364027
21957,0.001600991003215313
21958,0.030529137700796127
21959,0.0064144921489059925
21960,0.004147256258875132
21961,0.002201302908360958
21962,0.016371287405490875
21963,0.003774236887693405
21964,0.016703248023986816
21965,0.005005912389606237
21966,0.0010049978736788034
21967,0.0013383860932663083
21968,0.0014626235933974385
21969,0.0013774267863482237
21970,0.0038824593648314476
21971,0.0020259348675608635
21972,0.005540815182030201
21973,0.007230253890156746
21974,0.006506476551294327
21975,0.03741248697042465
21976,0.0013641006080433726
21977,0.0016798534197732806
21978,0.0025193030014634132
21979,0.015577602200210094
21980,0.002163076074793935
21981,0.0013987321872264147
21982,0.01185701135545969
21983,0.0017314357683062553
21984,0.0017803190276026726
21985,0.004010175820440054
21986,0.001214873744174838
21987,0.0038524584379047155
21988,0.002037223894149065
21989,0.0013893160503357649
21990,0.0026956917718052864
21991,0.027748746797442436
21992,0.009046163409948349
21993,0.002060194732621312
21994,0.0017253843834623694
21995,0.0012762525584548712
21996,0.015337168239057064
21997,0.024555904790759087
21998,0.0025899626780301332
21999,0.0016389754600822926
22000,0.01648464798927307
22001,0.001790040172636509
22002,0.0011512970086187124
22003,0.0011718618916347623
22004,0.0015791390324011445
22005,0.001268313848413527
22006,0.001222171587869525
22007,0.0021973317489027977
22008,0.04131700471043587
22009,0.00890340842306614
22010,0.015371645800769329
22011,0.006044111680239439
22012,0.0009437277913093567
22013,0.023027891293168068
22014,0.001781151513569057
22015,0.007264786399900913
22016,0.0014034351333975792
22017,0.00704853143543005
22018,0.01271264161914587
22019,0.03035425767302513
22020,0.006955720018595457
22021,0.0017792327562347054
22022,0.00891136471182108
22023,0.002289092866703868
22024,0.008436836302280426
22025,0.04404082149267197
22026,0.03249191492795944
22027,0.0055510359816253185
22028,0.019007977098226547
22029,0.0019356673583388329
22030,0.005131941754370928
22031,0.013393199071288109
22032,0.0021961505990475416
22033,0.002286783419549465
22034,0.021596461534500122
22035,0.004189423751085997
22036,0.002653593197464943
22037,0.0029348754324018955
22038,0.0014217630960047245
22039,0.03254111856222153
22040,0.002046510111540556
22041,0.013994468376040459
22042,0.01632804237306118
22043,0.0085397157818079
22044,0.022198697552084923
22045,0.003059204900637269
22046,0.0028701869305223227
22047,0.00657033734023571
22048,0.0025430452078580856
22049,0.0032905754633247852
22050,0.010722742415964603
22051,0.003020274918526411
22052,0.0035051321610808372
22053,0.015307409688830376
22054,0.02570897340774536
22055,0.0018078531138598919
22056,0.0013483528746291995
22057,0.0031186332926154137
22058,0.0019636224023997784
22059,0.007768194191157818
22060,0.0010256331879645586
22061,0.0018117909785360098
22062,0.011089859530329704
22063,0.003787991590797901
22064,0.03402104601264
22065,0.0043281735852360725
22066,0.0069280522875487804
22067,0.020223455503582954
22068,0.009410539641976357
22069,0.023266833275556564
22070,0.011875880882143974
22071,0.0022820367012172937
22072,0.0027706867549568415
22073,0.022291120141744614
22074,0.0016474972944706678
22075,0.01357185747474432
22076,0.007359242998063564
22077,0.0020632348023355007
22078,0.021367335692048073
22079,0.0038155503571033478
22080,0.005624251440167427
22081,0.009760655462741852
22082,0.0036675126757472754
22083,0.0015738261863589287
22084,0.02037983387708664
22085,0.003931848332285881
22086,0.0020681042224168777
22087,0.011063260026276112
22088,0.003178718499839306
22089,0.020721379667520523
22090,0.01614242047071457
22091,0.0053699687123298645
22092,0.014835785143077374
22093,0.0020568626932799816
22094,0.006153997499495745
22095,0.001691346289590001
22096,0.012750715017318726
22097,0.0018614118453115225
22098,0.001456348691135645
22099,0.003863690420985222
22100,0.028474008664488792
22101,0.0021337857469916344
22102,0.006366012152284384
22103,0.019914058968424797
22104,0.005964252632111311
22105,0.010210045613348484
22106,0.01295001246035099
22107,0.0038350741378962994
22108,0.0015730425948277116
22109,0.01273457333445549
22110,0.001759357051923871
22111,0.001877479488030076
22112,0.007032295688986778
22113,0.00596301443874836
22114,0.011078467592597008
22115,0.004575030878186226
22116,0.0033752508461475372
22117,0.0220065675675869
22118,0.001845836522988975
22119,0.018713295459747314
22120,0.021196801215410233
22121,0.0068687619641423225
22122,0.0027830249164253473
22123,0.0051389471627771854
22124,0.005589187145233154
22125,0.010424886830151081
22126,0.01394512876868248
22127,0.0032487106509506702
22128,0.004208284895867109
22129,0.026627156883478165
22130,0.006955219432711601
22131,0.0013571041636168957
22132,0.0014238927979022264
22133,0.0040390100330114365
22134,0.0036167344078421593
22135,0.002082305494695902
22136,0.005692599341273308
22137,0.0048257592134177685
22138,0.0025145967956632376
22139,0.008914714679121971
22140,0.0011435025371611118
22141,0.021164480596780777
22142,0.004100213758647442
22143,0.016007963567972183
22144,0.006403073202818632
22145,0.003841537982225418
22146,0.000819312350358814
22147,0.01054752990603447
22148,0.005830338224768639
22149,0.03673863783478737
22150,0.0019723218865692616
22151,0.019246773794293404
22152,0.005680990405380726
22153,0.0013515360187739134
22154,0.0026966570876538754
22155,0.01221071369946003
22156,0.0012959018349647522
22157,0.006821844726800919
22158,0.031191878020763397
22159,0.023795416578650475
22160,0.006599037442356348
22161,0.03944792598485947
22162,0.005473219323903322
22163,0.011137840338051319
22164,0.008232362568378448
22165,0.002619613893330097
22166,0.03904493898153305
22167,0.025346141308546066
22168,0.002637996105477214
22169,0.022596200928092003
22170,0.010350550524890423
22171,0.0019290335476398468
22172,0.024625441059470177
22173,0.02734413743019104
22174,0.005682462826371193
22175,0.0050670490600168705
22176,0.0499696359038353
22177,0.01276331301778555
22178,0.007583942264318466
22179,0.0014706864021718502
22180,0.003582445438951254
22181,0.012812609784305096
22182,0.0012400479754433036
22183,0.009705347940325737
22184,0.0018411473138257861
22185,0.005465546622872353
22186,0.007781326770782471
22187,0.011807962320744991
22188,0.00521649606525898
22189,0.011697848327457905
22190,0.02139515057206154
22191,0.005678280256688595
22192,0.004372655879706144
22193,0.0018367574084550142
22194,0.006141714286059141
22195,0.0016487755347043276
22196,0.022114284336566925
22197,0.001129216281697154
22198,0.033271968364715576
22199,0.003036807756870985
22200,0.006609101314097643
22201,0.01432538591325283
22202,0.0191601924598217
22203,0.008079909719526768
22204,0.04018324986100197
22205,0.013144051656126976
22206,0.006789030972868204
22207,0.006156055256724358
22208,0.013687876984477043
22209,0.019137032330036163
22210,0.018816271796822548
22211,0.0033496450632810593
22212,0.011921487748622894
22213,0.022371206432580948
22214,0.001555280527099967
22215,0.016283195465803146
22216,0.035544347018003464
22217,0.005212247837334871
22218,0.0026352903805673122
22219,0.014635817147791386
22220,0.004132218658924103
22221,0.016192762181162834
22222,0.015792930498719215
22223,0.006863470654934645
22224,0.038916122168302536
22225,0.005369038321077824
22226,0.014260681346058846
22227,0.004151050001382828
22228,0.01849374920129776
22229,0.0012072070967406034
22230,0.003561129327863455
22231,0.005997363477945328
22232,0.029831675812602043
22233,0.001545128645375371
22234,0.013939476571977139
22235,0.0012210218701511621
22236,0.002462445991113782
22237,0.001533045549876988
22238,0.003961476031690836
22239,0.0030608479864895344
22240,0.012849763035774231
22241,0.022398946806788445
22242,0.0014845419209450483
22243,0.0012576521839946508
22244,0.009568107314407825
22245,0.004176538437604904
22246,0.0011922594858333468
22247,0.021212436258792877
22248,0.004576662089675665
22249,0.0038290568627417088
22250,0.0028313228394836187
22251,0.0021943976171314716
22252,0.02976219728589058
22253,0.016021931543946266
22254,0.011619949713349342
22255,0.006632707081735134
22256,0.00974974874407053
22257,0.012039415538311005
22258,0.01554117351770401
22259,0.006047891452908516
22260,0.004134496673941612
22261,0.005342849995940924
22262,0.01439126767218113
22263,0.015129756182432175
22264,0.0013289841590449214
22265,0.003086609300225973
22266,0.0025139935314655304
22267,0.04981416463851929
22268,0.0019787135533988476
22269,0.0066985455341637135
22270,0.0015257501509040594
22271,0.013497533276677132
22272,0.008702629245817661
22273,0.04372701048851013
22274,0.01193157210946083
22275,0.0021878338884562254
22276,0.04830508679151535
22277,0.014863066375255585
22278,0.04801043123006821
22279,0.008898521773517132
22280,0.015203570015728474
22281,0.016632836312055588
22282,0.002454938367009163
22283,0.0015687148552387953
22284,0.01675555296242237
22285,0.0015180764021351933
22286,0.0009390930063091218
22287,0.0010837623849511147
22288,0.0017459543887525797
22289,0.016953179612755775
22290,0.03220946341753006
22291,0.0014939641114324331
22292,0.0009824668522924185
22293,0.002157488139346242
22294,0.007867786101996899
22295,0.02991514466702938
22296,0.001927851466462016
22297,0.016697892919182777
22298,0.0021316921338438988
22299,0.008113713935017586
22300,0.004133047070354223
22301,0.016678832471370697
22302,0.0009038799325935543
22303,0.0015022670850157738
22304,0.010279759764671326
22305,0.021251536905765533
22306,0.015503384172916412
22307,0.017554014921188354
22308,0.00408931402489543
22309,0.0016543735982850194
22310,0.010900256223976612
22311,0.004524328745901585
22312,0.012735184282064438
22313,0.003336505498737097
22314,0.019721169024705887
22315,0.04069824516773224
22316,0.04517487809062004
22317,0.01099274680018425
22318,0.013448838144540787
22319,0.024942319840192795
22320,0.0013057150645181537
22321,0.006993659771978855
22322,0.036254625767469406
22323,0.0036440989933907986
22324,0.0025051841512322426
22325,0.0014345482923090458
22326,0.0009953888365998864
22327,0.0018004084704443812
22328,0.01329284068197012
22329,0.002029431750997901
22330,0.00763659505173564
22331,0.01478154119104147
22332,0.0014980221167206764
22333,0.0038101624231785536
22334,0.0016140524530783296
22335,0.001720336964353919
22336,0.0033913617953658104
22337,0.009708266705274582
22338,0.0026357234455645084
22339,0.0013404375640675426
22340,0.0024062045849859715
22341,0.0378929004073143
22342,0.016911469399929047
22343,0.007542895618826151
22344,0.001299979630857706
22345,0.026975983753800392
22346,0.006067406386137009
22347,0.04863237589597702
22348,0.010028094053268433
22349,0.0018987650983035564
22350,0.06187601760029793
22351,0.01492098718881607
22352,0.0032124824356287718
22353,0.0032902159728109837
22354,0.0011878705117851496
22355,0.01481236144900322
22356,0.001749516697600484
22357,0.005172187928110361
22358,0.0011282452614977956
22359,0.017097745090723038
22360,0.0020585409365594387
22361,0.006318310741335154
22362,0.004314573481678963
22363,0.01623488776385784
22364,0.0009248906280845404
22365,0.005523927975445986
22366,0.004436613526195288
22367,0.0009102153708226979
22368,0.0018506929045543075
22369,0.00153693079482764
22370,0.012808568775653839
22371,0.0008613877580501139
22372,0.008913978934288025
22373,0.0005899286479689181
22374,0.0012920103035867214
22375,0.02218497171998024
22376,0.0012209148844704032
22377,0.04154006764292717
22378,0.007389085832983255
22379,0.028029300272464752
22380,0.02169284038245678
22381,0.009224457666277885
22382,0.016480281949043274
22383,0.00340412394143641
22384,0.052769213914871216
22385,0.004976113326847553
22386,0.0036074193194508553
22387,0.0028679154347628355
22388,0.01737676002085209
22389,0.001870476407930255
22390,0.010611774399876595
22391,0.005739872809499502
22392,0.009045642800629139
22393,0.0015544890193268657
22394,0.0026748934760689735
22395,0.015594972297549248
22396,0.0053470563143491745
22397,0.004315899685025215
22398,0.0014842459931969643
22399,0.0009851081995293498
22400,0.003534625982865691
22401,0.0431099496781826
22402,0.015171660110354424
22403,0.03599729388952255
22404,0.02661917358636856
22405,0.022065959870815277
22406,0.013632137328386307
22407,0.023263541981577873
22408,0.02693331241607666
22409,0.007750415708869696
22410,0.019495602697134018
22411,0.005563242360949516
22412,0.005191692151129246
22413,0.026213381439447403
22414,0.038411036133766174
22415,0.022663617506623268
22416,0.006485210731625557
22417,0.005014379508793354
22418,0.0023300189059227705
22419,0.020146753638982773
22420,0.017980430275201797
22421,0.02633540704846382
22422,0.00436039175838232
22423,0.0031143929809331894
22424,0.01633959636092186
22425,0.009785398840904236
22426,0.004778769798576832
22427,0.016448045149445534
22428,0.0031264470890164375
22429,0.029504165053367615
22430,0.03583090752363205
22431,0.015464218333363533
22432,0.03252796828746796
22433,0.004758231341838837
22434,0.0031010154634714127
22435,0.07752281427383423
22436,0.018192987889051437
22437,0.05149156600236893
22438,0.01918332464993
22439,0.00647366838529706
22440,0.002690137829631567
22441,0.020721498876810074
22442,0.0043050507083535194
22443,0.006291369907557964
22444,0.0011679647723212838
22445,0.025056958198547363
22446,0.02230258658528328
22447,0.016970429569482803
22448,0.007531862240284681
22449,0.022345801815390587
22450,0.0054666646756231785
22451,0.003732171840965748
22452,0.006815931759774685
22453,0.004069768823683262
22454,0.013770094141364098
22455,0.013651710934937
22456,0.002981332130730152
22457,0.031793709844350815
22458,0.03176925331354141
22459,0.0026503480039536953
22460,0.005757209379225969
22461,0.006270582787692547
22462,0.00716521218419075
22463,0.011260366067290306
22464,0.03411969915032387
22465,0.006217801012098789
22466,0.004662415012717247
22467,0.005916880443692207
22468,0.005159459076821804
22469,0.006681093946099281
22470,0.03494526445865631
22471,0.0115218386054039
22472,0.01395283080637455
22473,0.005488159134984016
22474,0.0192289799451828
22475,0.005225087516009808
22476,0.012507532723248005
22477,0.015036566182971
22478,0.016199661418795586
22479,0.007618453353643417
22480,0.015284612774848938
22481,0.018645962700247765
22482,0.021726228296756744
22483,0.004529229365289211
22484,0.004737173207104206
22485,0.0322708822786808
22486,0.012276630848646164
22487,0.023836269974708557
22488,0.002971131354570389
22489,0.03009987063705921
22490,0.016713161021471024
22491,0.02515546791255474
22492,0.008030444383621216
22493,0.007913272827863693
22494,0.011349338106811047
22495,0.01612679287791252
22496,0.0234120711684227
22497,0.0028960127383470535
22498,0.008163722231984138
22499,0.0057154870592057705
22500,0.007933508604764938
22501,0.010627773590385914
22502,0.003418236505240202
22503,0.013665500096976757
22504,0.0109635591506958
22505,0.003131067380309105
22506,0.0058999937027692795
22507,0.005996117368340492
22508,0.041575249284505844
22509,0.012926842086017132
22510,0.013766959309577942
22511,0.014580870047211647
22512,0.007444202899932861
22513,0.022663723677396774
22514,0.004798472858965397
22515,0.04155559092760086
22516,0.003409868571907282
22517,0.03006667084991932
22518,0.02524421364068985
22519,0.008783744648098946
22520,0.006050014868378639
22521,0.020519504323601723
22522,0.02699221670627594
22523,0.003277822630479932
22524,0.01777448132634163
22525,0.013748968951404095
22526,0.010572296567261219
22527,0.004162066616117954
22528,0.003537484910339117
22529,0.0030479654669761658
22530,0.057197220623493195
22531,0.003550717607140541
22532,0.017662443220615387
22533,0.008755600079894066
22534,0.003617821494117379
22535,0.004205523058772087
22536,0.0020644287578761578
22537,0.0020411398727446795
22538,0.0028999510686844587
22539,0.004837556276470423
22540,0.0027035593520849943
22541,0.0014553150394931436
22542,0.037842776626348495
22543,0.0065360902808606625
22544,0.019419051706790924
22545,0.01026199571788311
22546,0.012507397681474686
22547,0.006527346558868885
22548,0.0024136395659297705
22549,0.0053453827276825905
22550,0.016719941049814224
22551,0.015923647210001945
22552,0.015317939221858978
22553,0.0013829367235302925
22554,0.0031776425894349813
22555,0.0035958709195256233
22556,0.008136969059705734
22557,0.003387543372809887
22558,0.001994920428842306
22559,0.002835069317370653
22560,0.003283523255959153
22561,0.026475833728909492
22562,0.002968286629766226
22563,0.012114124372601509
22564,0.007217660546302795
22565,0.0014271590625867248
22566,0.005584247410297394
22567,0.0016770809888839722
22568,0.0034208435099571943
22569,0.0034506218507885933
22570,0.004517258144915104
22571,0.004119295626878738
22572,0.002122837584465742
22573,0.001569483196362853
22574,0.0020490498282015324
22575,0.0029556520748883486
22576,0.04343344271183014
22577,0.0026813813019543886
22578,0.004914852790534496
22579,0.01402937714010477
22580,0.00660220580175519
22581,0.01395115815103054
22582,0.004997348878532648
22583,0.003516671247780323
22584,0.0028021412435919046
22585,0.00646473653614521
22586,0.009626032784581184
22587,0.011558778584003448
22588,0.0021477951668202877
22589,0.00225420156493783
22590,0.0017120327102020383
22591,0.01948687620460987
22592,0.003988651558756828
22593,0.016530850902199745
22594,0.0030052338261157274
22595,0.0019853184930980206
22596,0.008568021468818188
22597,0.0021969908848404884
22598,0.002891435520723462
22599,0.004084841813892126
22600,0.01428558025509119
22601,0.0039014415815472603
22602,0.00455367099493742
22603,0.0034497524611651897
22604,0.01902162656188011
22605,0.006398903671652079
22606,0.005248393397778273
22607,0.0022688773460686207
22608,0.006987316533923149
22609,0.02026526629924774
22610,0.002325821667909622
22611,0.013132870197296143
22612,0.0031004652846604586
22613,0.004931601695716381
22614,0.002574389800429344
22615,0.0027446947060525417
22616,0.01796666905283928
22617,0.047961678355932236
22618,0.004147425293922424
22619,0.0025215530768036842
22620,0.0033181356266140938
22621,0.001341377617791295
22622,0.0025024963542819023
22623,0.0012955600395798683
22624,0.007585511542856693
22625,0.0022566921543329954
22626,0.0030830614268779755
22627,0.0032987557351589203
22628,0.01929393783211708
22629,0.003379618050530553
22630,0.003420914988964796
22631,0.03340952470898628
22632,0.0013728399062529206
22633,0.0013421883340924978
22634,0.0014488187152892351
22635,0.01745785027742386
22636,0.002667608903720975
22637,0.0033241144847124815
22638,0.004356546327471733
22639,0.007749675307422876
22640,0.005175930913537741
22641,0.0036930234637111425
22642,0.002189554739743471
22643,0.0017825881950557232
22644,0.0014884306583553553
22645,0.004001494497060776
22646,0.0026284311898052692
22647,0.007117694243788719
22648,0.007873456925153732
22649,0.0017435733461752534
22650,0.001844125334173441
22651,0.0036274800077080727
22652,0.0018718191422522068
22653,0.047368958592414856
22654,0.005000120960175991
22655,0.008714377880096436
22656,0.020826902240514755
22657,0.0020264629274606705
22658,0.0021089583169668913
22659,0.015407204627990723
22660,0.002047947607934475
22661,0.007488063536584377
22662,0.02213875763118267
22663,0.0028874361887574196
22664,0.012141361832618713
22665,0.012322578579187393
22666,0.0024089934304356575
22667,0.04845047369599342
22668,0.017396001145243645
22669,0.0019180942326784134
22670,0.016003599390387535
22671,0.05496583506464958
22672,0.02926698885858059
22673,0.006029327865689993
22674,0.004199177026748657
22675,0.034202996641397476
22676,0.04890602454543114
22677,0.008738681674003601
22678,0.009853223338723183
22679,0.0038774325512349606
22680,0.01655343547463417
22681,0.009536446072161198
22682,0.04761932045221329
22683,0.013339066877961159
22684,0.004417859483510256
22685,0.006475897040218115
22686,0.001724438276141882
22687,0.002235563937574625
22688,0.008620835840702057
22689,0.0019612135365605354
22690,0.007194462697952986
22691,0.045425690710544586
22692,0.006183631718158722
22693,0.0015723155811429024
22694,0.020758599042892456
22695,0.022897692397236824
22696,0.03779975697398186
22697,0.0024601295590400696
22698,0.045582786202430725
22699,0.0026826253160834312
22700,0.007435129955410957
22701,0.0020846384577453136
22702,0.010174250230193138
22703,0.003389239776879549
22704,0.0025716060772538185
22705,0.02053905464708805
22706,0.007176819257438183
22707,0.029574524611234665
22708,0.021348711103200912
22709,0.008374378085136414
22710,0.019474878907203674
22711,0.002324904315173626
22712,0.01720241643488407
22713,0.005109208635985851
22714,0.00157806440256536
22715,0.007310779765248299
22716,0.05050242319703102
22717,0.0029243887402117252
22718,0.02241089567542076
22719,0.008717721328139305
22720,0.0025864115450531244
22721,0.02028694748878479
22722,0.010270116850733757
22723,0.0027794360648840666
22724,0.013285806402564049
22725,0.023675499483942986
22726,0.0033577349968254566
22727,0.008151710033416748
22728,0.006939117796719074
22729,0.003325114957988262
22730,0.014912564307451248
22731,0.029857225716114044
22732,0.021832162514328957
22733,0.0149426544085145
22734,0.02565622329711914
22735,0.0009579466423019767
22736,0.004057764541357756
22737,0.002291486132889986
22738,0.011264508590102196
22739,0.0035520801320672035
22740,0.0030484970193356276
22741,0.004118654876947403
22742,0.007702938746660948
22743,0.002659605350345373
22744,0.004188690334558487
22745,0.019317883998155594
22746,0.0200337003916502
22747,0.008805445395410061
22748,0.0024725464172661304
22749,0.029185369610786438
22750,0.0300467349588871
22751,0.0018573475535959005
22752,0.026575706899166107
22753,0.005179973319172859
22754,0.0054800971411168575
22755,0.010300622321665287
22756,0.0292569138109684
22757,0.005326674319803715
22758,0.004144024103879929
22759,0.004944103304296732
22760,0.0034868353977799416
22761,0.0148664191365242
22762,0.02833201177418232
22763,0.005375816021114588
22764,0.0144294248893857
22765,0.011228918097913265
22766,0.02440635673701763
22767,0.007216704078018665
22768,0.021145623177289963
22769,0.003105283249169588
22770,0.0020269141532480717
22771,0.0031040955800563097
22772,0.01936134696006775
22773,0.006288173142820597
22774,0.009032271802425385
22775,0.025358175858855247
22776,0.006243204697966576
22777,0.0029655015096068382
22778,0.002508698496967554
22779,0.0037171081639826298
22780,0.019642245024442673
22781,0.003832635236904025
22782,0.01513257622718811
22783,0.01024278998374939
22784,0.004675731994211674
22785,0.0026691516395658255
22786,0.0021800794638693333
22787,0.015676137059926987
22788,0.0016179585363715887
22789,0.0014818580821156502
22790,0.013862238265573978
22791,0.03210582956671715
22792,0.0015484356554225087
22793,0.0019186728168278933
22794,0.002659638412296772
22795,0.008236438035964966
22796,0.005025300197303295
22797,0.0035214461386203766
22798,0.0017109462060034275
22799,0.0014542269054800272
22800,0.0017788235563784838
22801,0.012996798381209373
22802,0.017463302239775658
22803,0.0036960220895707607
22804,0.001608090940862894
22805,0.0028837979771196842
22806,0.015520095825195312
22807,0.005709506571292877
22808,0.049341291189193726
22809,0.016169272363185883
22810,0.0018407304305583239
22811,0.007295682560652494
22812,0.0016327458433806896
22813,0.006668487563729286
22814,0.005092965438961983
22815,0.0030664631631225348
22816,0.028404410928487778
22817,0.0015975602436810732
22818,0.00135117769241333
22819,0.0034688697196543217
22820,0.0016814968548715115
22821,0.0013667921302840114
22822,0.0016954015009105206
22823,0.00732828676700592
22824,0.012774982489645481
22825,0.0028999869246035814
22826,0.0024861933197826147
22827,0.0022094701416790485
22828,0.002905662637203932
22829,0.007715293671935797
22830,0.0022677346132695675
22831,0.0017476363573223352
22832,0.0009516412974335253
22833,0.0017690552631393075
22834,0.036874715238809586
22835,0.0019237807719036937
22836,0.0023543850984424353
22837,0.0018078060820698738
22838,0.0035825353115797043
22839,0.00460145715624094
22840,0.0016253141220659018
22841,0.0016912439605221152
22842,0.0013389685191214085
22843,0.012710437178611755
22844,0.0013593011535704136
22845,0.0015050402143970132
22846,0.010769646614789963
22847,0.02402884140610695
22848,0.0010515737812966108
22849,0.0025087492540478706
22850,0.010600865818560123
22851,0.010883740149438381
22852,0.002361980965360999
22853,0.0015955656999722123
22854,0.0018487002234905958
22855,0.0015494608087465167
22856,0.010346347466111183
22857,0.0019235487561672926
22858,0.004590295720845461
22859,0.005900337360799313
22860,0.00722892303019762
22861,0.0022329515777528286
22862,0.002093016402795911
22863,0.002424838487058878
22864,0.0030212807469069958
22865,0.0015525751514360309
22866,0.003101876936852932
22867,0.0024143471382558346
22868,0.0010573208564892411
22869,0.004156162962317467
22870,0.0012124772183597088
22871,0.01000978983938694
22872,0.02797267958521843
22873,0.003150048665702343
22874,0.002224717289209366
22875,0.012860486283898354
22876,0.0024889828637242317
22877,0.0294501893222332
22878,0.0011164852185174823
22879,0.0016979989595711231
22880,0.0012175336014479399
22881,0.0015714721521362662
22882,0.004685278050601482
22883,0.002797253429889679
22884,0.0015683353412896395
22885,0.002105660969391465
22886,0.0015458762645721436
22887,0.0018350633326917887
22888,0.013478395529091358
22889,0.0017142598517239094
22890,0.00923759862780571
22891,0.0026051546446979046
22892,0.0013645722065120935
22893,0.003851640969514847
22894,0.0013165978016331792
22895,0.00790613703429699
22896,0.0016452199779450893
22897,0.0016889432445168495
22898,0.003856940660625696
22899,0.0039043196011334658
22900,0.00847214087843895
22901,0.0018588599050417542
22902,0.001999365631490946
22903,0.015057756565511227
22904,0.0013926960527896881
22905,0.0011481901165097952
22906,0.0012878599809482694
22907,0.027444953098893166
22908,0.0018226769752800465
22909,0.0019614719785749912
22910,0.00868356041610241
22911,0.002384273102506995
22912,0.005430698394775391
22913,0.002900297287851572
22914,0.005819624289870262
22915,0.002266590017825365
22916,0.007232360541820526
22917,0.0014742042403668165
22918,0.0008466319413855672
22919,0.01614641770720482
22920,0.018912451341748238
22921,0.001238583354279399
22922,0.0006844610907137394
22923,0.003029049374163151
22924,0.0018063655588775873
22925,0.0046826861798763275
22926,0.017526941373944283
22927,0.0059767598286271095
22928,0.0009844040032476187
22929,0.00913579948246479
22930,0.032320257276296616
22931,0.002215110929682851
22932,0.0034792376682162285
22933,0.0012394406367093325
22934,0.0040035853162407875
22935,0.008660515770316124
22936,0.003388378769159317
22937,0.0017443434335291386
22938,0.008713592775166035
22939,0.0011719104368239641
22940,0.03765419125556946
22941,0.0033244811929762363
22942,0.005225238390266895
22943,0.005942150484770536
22944,0.0042953030206263065
22945,0.004358496516942978
22946,0.014000303111970425
22947,0.0018367650918662548
22948,0.003595313522964716
22949,0.004498531110584736
22950,0.001535256626084447
22951,0.009412450715899467
22952,0.0027098592836409807
22953,0.001610092236660421
22954,0.0029522874392569065
22955,0.008857358247041702
22956,0.004490363877266645
22957,0.00566382659599185
22958,0.006675540003925562
22959,0.0008392526069656014
22960,0.0029568257741630077
22961,0.011396958492696285
22962,0.0011713210260495543
22963,0.0024756647180765867
22964,0.0017099760007113218
22965,0.01001099031418562
22966,0.00287524051964283
22967,0.0024144386406987906
22968,0.02399371936917305
22969,0.001362248556688428
22970,0.010649002157151699
22971,0.0019510721322149038
22972,0.0024443701840937138
22973,0.038561709225177765
22974,0.0014850185252726078
22975,0.008533094078302383
22976,0.0016180353704839945
22977,0.023543866351246834
22978,0.004417210351675749
22979,0.0029787577223032713
22980,0.00321978353895247
22981,0.0025916185695677996
22982,0.001931923208758235
22983,0.0032913698814809322
22984,0.0055042351596057415
22985,0.00315832975320518
22986,0.005420525558292866
22987,0.007516525220125914
22988,0.001381343579851091
22989,0.0019212329061701894
22990,0.0015518467407673597
22991,0.002327975118532777
22992,0.011522596701979637
22993,0.004809325560927391
22994,0.03416088595986366
22995,0.02444380708038807
22996,0.019587617367506027
22997,0.0019668343011289835
22998,0.0009667060221545398
22999,0.003944523632526398
23000,0.0016772564267739654
23001,0.0013456656597554684
23002,0.0058982763439416885
23003,0.000997663359157741
23004,0.012910427525639534
23005,0.0017673105467110872
23006,0.0027972860261797905
23007,0.0020876838825643063
23008,0.0012805764563381672
23009,0.009024578146636486
23010,0.0011771759018301964
23011,0.0014845819678157568
23012,0.0062824273481965065
23013,0.03743104636669159
23014,0.0011418453650549054
23015,0.0013062998186796904
23016,0.0018012942746281624
23017,0.014887286350131035
23018,0.004056704230606556
23019,0.0023173061199486256
23020,0.002538262866437435
23021,0.004546274431049824
23022,0.0038239778950810432
23023,0.01660148985683918
23024,0.0011167784687131643
23025,0.0016696490347385406
23026,0.008846865966916084
23027,0.01985327899456024
23028,0.0040267109870910645
23029,0.002256311709061265
23030,0.0014975278172641993
23031,0.010149400681257248
23032,0.005775472614914179
23033,0.005261649377644062
23034,0.0008751689456403255
23035,0.005212490446865559
23036,0.0031038857996463776
23037,0.0033941667061299086
23038,0.002326720394194126
23039,0.002091440139338374
23040,0.09084713459014893
23041,0.0006085272179916501
23042,0.0019115868490189314
23043,0.0017755662556737661
23044,0.00395826855674386
23045,0.0008250382961705327
23046,0.0008439620723947883
23047,0.0023404425010085106
23048,0.017180584371089935
23049,0.000698537565767765
23050,0.0038676802068948746
23051,0.0011480574030429125
23052,0.000947534223087132
23053,0.0016887474339455366
23054,0.0012081298045814037
23055,0.0027405344881117344
23056,0.014199310913681984
23057,0.0004228985926602036
23058,0.0020879036746919155
23059,0.002415081486105919
23060,0.002352835377678275
23061,0.009135180152952671
23062,0.0015639399643987417
23063,0.001030700746923685
23064,0.018966326490044594
23065,0.006419904995709658
23066,0.0008838273352012038
23067,0.0007259225239977241
23068,0.0026144729927182198
23069,0.003178768791258335
23070,0.0036815437488257885
23071,0.0021683652885258198
23072,0.0006997830350883305
23073,0.0013285736786201596
23074,0.0016804651822894812
23075,0.011850947514176369
23076,0.0023283271584659815
23077,0.0018396815285086632
23078,0.002038943348452449
23079,0.0011518573155626655
23080,0.0010830680839717388
23081,0.0009440026478841901
23082,0.0006512789987027645
23083,0.0004092987219337374
23084,0.0015546708600595593
23085,0.01219876017421484
23086,0.057821936905384064
23087,0.0007154608028940856
23088,0.005853393115103245
23089,0.0041181002743542194
23090,0.0008358297636732459
23091,0.0013275167439132929
23092,0.003943311516195536
23093,0.0008111217757686973
23094,0.000918048492167145
23095,0.0008774024317972362
23096,0.0006539130117744207
23097,0.000656498537864536
23098,0.0013637762749567628
23099,0.029116792604327202
23100,0.008732108399271965
23101,0.002555158454924822
23102,0.011481743305921555
23103,0.003643246367573738
23104,0.0016217560041695833
23105,0.0009077782742679119
23106,0.0034546726383268833
23107,0.0006645851535722613
23108,0.0015106452628970146
23109,0.0016873108688741922
23110,0.000989330350421369
23111,0.0008687882218509912
23112,0.001811219728551805
23113,0.0016367986099794507
23114,0.0009283681865781546
23115,0.012291344814002514
23116,0.0013103140518069267
23117,0.00087710190564394
23118,0.0007068571867421269
23119,0.0003793921205215156
23120,0.008828447200357914
23121,0.000504319672472775
23122,0.009254353120923042
23123,0.003874359652400017
23124,0.000820126268081367
23125,0.0009128858800977468
23126,0.005392949562519789
23127,0.03891749680042267
23128,0.03198438137769699
23129,0.0014024443225935102
23130,0.0005402758251875639
23131,0.0030121090821921825
23132,0.00405425950884819
23133,0.0006589561817236245
23134,0.019519733265042305
23135,0.007658909074962139
23136,0.001059860922396183
23137,0.0023399509955197573
23138,0.0014285244978964329
23139,0.0238705575466156
23140,0.0005729597760364413
23141,0.0017264967318624258
23142,0.0020710949320346117
23143,0.0006410384667105973
23144,0.008318467065691948
23145,0.00062658975366503
23146,0.0008787143742665648
23147,0.0006902931490913033
23148,0.0021381843835115433
23149,0.000690032378770411
23150,0.008905190043151379
23151,0.02065572515130043
23152,0.0016032173298299313
23153,0.0004435949958860874
23154,0.036174409091472626
23155,0.0009223555098287761
23156,0.0006457022973336279
23157,0.004755077883601189
23158,0.0006887820782139897
23159,0.001525625353679061
23160,0.0008608879870735109
23161,0.00738055445253849
23162,0.003938986454159021
23163,0.012091226875782013
23164,0.000695636379532516
23165,0.0011150083737447858
23166,0.0015222631627693772
23167,0.0019055638695135713
23168,0.00220145913772285
23169,0.0020696024876087904
23170,0.003477923572063446
23171,0.0008385524270124733
23172,0.022504501044750214
23173,0.0009152507409453392
23174,0.008412232622504234
23175,0.006769018713384867
23176,0.0010561272501945496
23177,0.0005221902974881232
23178,0.0012990362010896206
23179,0.0011921991826966405
23180,0.05043753236532211
23181,0.044145599007606506
23182,0.024464841932058334
23183,0.0016189333982765675
23184,0.036556486040353775
23185,0.006785681936889887
23186,0.0010390325915068388
23187,0.025081828236579895
23188,0.00907641276717186
23189,0.0024013440124690533
23190,0.0017513034399598837
23191,0.0012423234293237329
23192,0.0008794653695076704
23193,0.0006403067382052541
23194,0.008097909390926361
23195,0.0119399419054389
23196,0.0024401280097663403
23197,0.0013524532550945878
23198,0.009294610470533371
23199,0.00046257933718152344
23200,0.0023955353535711765
23201,0.0006057342980057001
23202,0.0008333882433362305
23203,0.04426997900009155
23204,0.004658715333789587
23205,0.0006418466800823808
23206,0.0014268599916249514
23207,0.006184259429574013
23208,0.0007543134270235896
23209,0.0004667244793381542
23210,0.0005112929502502084
23211,0.0006448113126680255
23212,0.010672692209482193
23213,0.000876909529324621
23214,0.043780725449323654
23215,0.018414577469229698
23216,0.0007801812607795
23217,0.002981433179229498
23218,0.003502268809825182
23219,0.0018586486112326384
23220,0.010481719858944416
23221,0.0031598624773323536
23222,0.000560908461920917
23223,0.0007694888045080006
23224,0.0046079461462795734
23225,0.018729589879512787
23226,0.0033781700767576694
23227,0.0013123154640197754
23228,0.0021865046583116055
23229,0.0005238591693341732
23230,0.05397215858101845
23231,0.002407231368124485
23232,0.005735284648835659
23233,0.001792105264030397
23234,0.002146762562915683
23235,0.0007402400951832533
23236,0.0005406764103099704
23237,0.001022059004753828
23238,0.0008340366184711456
23239,0.00823570042848587
23240,0.001252056797966361
23241,0.01665547676384449
23242,0.0018547081854194403
23243,0.001541455858387053
23244,0.0038896137848496437
23245,0.0365435928106308
23246,0.00289336871355772
23247,0.0007032285211607814
23248,0.0013634718488901854
23249,0.0012228835839778185
23250,0.0012352090561762452
23251,0.0013621505349874496
23252,0.005680563393980265
23253,0.0008684310596436262
23254,0.008313583210110664
23255,0.003859566990286112
23256,0.019207261502742767
23257,0.0011102525750175118
23258,0.043626248836517334
23259,0.009712893515825272
23260,0.0006292553152889013
23261,0.017450891435146332
23262,0.04004964604973793
23263,0.0008274290012195706
23264,0.0022720855195075274
23265,0.002235695021227002
23266,0.00044535117922350764
23267,0.001164074637927115
23268,0.015805600211024284
23269,0.0067518181167542934
23270,0.0020042038522660732
23271,0.0005953158834017813
23272,0.0010576345957815647
23273,0.01954292319715023
23274,0.0009249983122572303
23275,0.01275232806801796
23276,0.0010164856212213635
23277,0.0011887477012351155
23278,0.00220687547698617
23279,0.03018476814031601
23280,0.0007129070581868291
23281,0.002385726198554039
23282,0.0020139445550739765
23283,0.002144160680472851
23284,0.001072457991540432
23285,0.0028379724826663733
23286,0.018695680424571037
23287,0.0014244111953303218
23288,0.04096284508705139
23289,0.003320519346743822
23290,0.002718897070735693
23291,0.0009130166145041585
23292,0.001837881631217897
23293,0.04295635595917702
23294,0.0007833357085473835
23295,0.0012499105650931597
23296,0.0021276362240314484
23297,0.0010793203255161643
23298,0.0011600195430219173
23299,0.023592080920934677
23300,0.004809417761862278
23301,0.0026747798547148705
23302,0.008636802434921265
23303,0.025269972160458565
23304,0.0020087151788175106
23305,0.03657245635986328
23306,0.0015259705251082778
23307,0.0013940738281235099
23308,0.005727149546146393
23309,0.025547754019498825
23310,0.03860032558441162
23311,0.001015310175716877
23312,0.0028767483308911324
23313,0.001587677514180541
23314,0.008878876455128193
23315,0.007958615198731422
23316,0.0015501827001571655
23317,0.0031662574037909508
23318,0.014840863645076752
23319,0.003053023014217615
23320,0.004113305360078812
23321,0.02528471313416958
23322,0.0009437269764021039
23323,0.014294945634901524
23324,0.03476912900805473
23325,0.0010154752526432276
23326,0.0012724834959954023
23327,0.0027290829457342625
23328,0.0009603948565199971
23329,0.04410816729068756
23330,0.0006578043685294688
23331,0.0013211026089265943
23332,0.018296878784894943
23333,0.03267206251621246
23334,0.023996515199542046
23335,0.0011123077711090446
23336,0.002651212504133582
23337,0.006054480094462633
23338,0.002062613843008876
23339,0.007110964972525835
23340,0.013169960118830204
23341,0.004052582196891308
23342,0.0014194893883541226
23343,0.0016977477353066206
23344,0.0025564171373844147
23345,0.009712682105600834
23346,0.02928753010928631
23347,0.0012227966217324138
23348,0.007970734499394894
23349,0.003085752949118614
23350,0.0007544468389824033
23351,0.015261732041835785
23352,0.0010318574495613575
23353,0.028716467320919037
23354,0.007050278130918741
23355,0.0014482148690149188
23356,0.0021855831146240234
23357,0.029490629211068153
23358,0.0035856389440596104
23359,0.0011413409374654293
23360,0.0012561841867864132
23361,0.024310598149895668
23362,0.0017814827151596546
23363,0.0028026809450238943
23364,0.011071845889091492
23365,0.001634232234209776
23366,0.0027668680995702744
23367,0.03234347701072693
23368,0.0009155231527984142
23369,0.029901213943958282
23370,0.0024129911325871944
23371,0.0014673545956611633
23372,0.008864568546414375
23373,0.0032140046823769808
23374,0.0018604524666443467
23375,0.04020361602306366
23376,0.0009800978004932404
23377,0.0030350300949066877
23378,0.010544359683990479
23379,0.0006517042638733983
23380,0.0008616385166533291
23381,0.0012053749524056911
23382,0.0008363966480828822
23383,0.004842934664338827
23384,0.020365677773952484
23385,0.0015688533894717693
23386,0.0008455048082396388
23387,0.010978631675243378
23388,0.0007827273802831769
23389,0.0018382244743406773
23390,0.013632401823997498
23391,0.024619033560156822
23392,0.0020059095695614815
23393,0.002369050867855549
23394,0.011409461498260498
23395,0.0262738224118948
23396,0.001613733358681202
23397,0.00108308345079422
23398,0.0009770321194082499
23399,0.02066025510430336
23400,0.0036260189954191446
23401,0.0016296904068440199
23402,0.0012525260681286454
23403,0.030895715579390526
23404,0.022875681519508362
23405,0.016437435522675514
23406,0.004464532248675823
23407,0.002912630559876561
23408,0.01990245282649994
23409,0.007790067698806524
23410,0.0025126421824097633
23411,0.013421150855720043
23412,0.0047655729576945305
23413,0.0010653610806912184
23414,0.001831153640523553
23415,0.0016760409343987703
23416,0.0016562355449423194
23417,0.007431343663483858
23418,0.0034518251195549965
23419,0.0010491869179531932
23420,0.0018832022324204445
23421,0.015397711656987667
23422,0.0021511365193873644
23423,0.03942929208278656
23424,0.003499350743368268
23425,0.005990099161863327
23426,0.00963529571890831
23427,0.04428502917289734
23428,0.008055398240685463
23429,0.0008582368027418852
23430,0.001579234260134399
23431,0.003896588459610939
23432,0.0016965323593467474
23433,0.0006592963472940028
23434,0.00866987556219101
23435,0.0010849458631128073
23436,0.00199584336951375
23437,0.004874037578701973
23438,0.002555097918957472
23439,0.01873978227376938
23440,0.0005969103658571839
23441,0.024577956646680832
23442,0.0010297308908775449
23443,0.0009879643330350518
23444,0.015928063541650772
23445,0.0008700946345925331
23446,0.018080666661262512
23447,0.0015665257815271616
23448,0.001796708325855434
23449,0.0028546135872602463
23450,0.0017513191560283303
23451,0.0016789715737104416
23452,0.03826990723609924
23453,0.0010697513353079557
23454,0.00064936961280182
23455,0.018969692289829254
23456,0.0012443463783711195
23457,0.00313986511901021
23458,0.008392667397856712
23459,0.0006416080286726356
23460,0.0059957196936011314
23461,0.0034229946322739124
23462,0.0014934700448065996
23463,0.0017678323201835155
23464,0.015246467664837837
23465,0.004839426837861538
23466,0.0018567178631201386
23467,0.0036101832520216703
23468,0.04543744772672653
23469,0.0007125445990823209
23470,0.0030319555662572384
23471,0.0019435420399531722
23472,0.0046889809891581535
23473,0.0012029757490381598
23474,0.0010040635243058205
23475,0.013807988725602627
23476,0.01264752447605133
23477,0.0007898168405517936
23478,0.010065440088510513
23479,0.03653598204255104
23480,0.0008697849698364735
23481,0.02825533226132393
23482,0.0012291339226067066
23483,0.0024525094777345657
23484,0.015341831371188164
23485,0.0008604363538324833
23486,0.0008201044984161854
23487,0.0009414735250174999
23488,0.011479679495096207
23489,0.010385016910731792
23490,0.0010385254863649607
23491,0.00674729747697711
23492,0.035170093178749084
23493,0.019818389788269997
23494,0.007204436231404543
23495,0.0015251456061378121
23496,0.002039872109889984
23497,0.008389902301132679
23498,0.0025870339013636112
23499,0.002731379121541977
23500,0.07788655906915665
23501,0.001148608629591763
23502,0.0032319307792931795
23503,0.001191556453704834
23504,0.0016401046887040138
23505,0.0046209231950342655
23506,0.00437507638707757
23507,0.004213219042867422
23508,0.0011066716397181153
23509,0.0014324935618788004
23510,0.0023253215476870537
23511,0.0023471619933843613
23512,0.0005251932889223099
23513,0.008814597502350807
23514,0.002321925712749362
23515,0.004604140762239695
23516,0.000938376528210938
23517,0.00099772063549608
23518,0.0015337236691266298
23519,0.005359710659831762
23520,0.0007103796815499663
23521,0.01691727340221405
23522,0.02313205972313881
23523,0.00041475071338936687
23524,0.0006136908777989447
23525,0.01787952333688736
23526,0.008082414045929909
23527,0.009750472381711006
23528,0.0009659380302764475
23529,0.0013427035883069038
23530,0.0035539157688617706
23531,0.0028274627402424812
23532,0.0011603584280237556
23533,0.0010024658404290676
23534,0.008360257372260094
23535,0.0007734106038697064
23536,0.0008914372883737087
23537,0.01351002138108015
23538,0.0010247965110465884
23539,0.010496675036847591
23540,0.0009658025810495019
23541,0.0006000077119097114
23542,0.0010114596225321293
23543,0.0022927732206881046
23544,0.0102133983746171
23545,0.04312204197049141
23546,0.015493988059461117
23547,0.0012064329348504543
23548,0.00155129365157336
23549,0.010243592783808708
23550,0.002296249847859144
23551,0.0015481931623071432
23552,0.0033890344202518463
23553,0.0006636992329731584
23554,0.001876247231848538
23555,0.0029081327375024557
23556,0.001461466308683157
23557,0.0006136065348982811
23558,0.0005357925547286868
23559,0.00513041066005826
23560,0.0017770431004464626
23561,0.001860536285676062
23562,0.020316818729043007
23563,0.007768198847770691
23564,0.0009142163908109069
23565,0.0020867015700787306
23566,0.002485839184373617
23567,0.03586460277438164
23568,0.01915886066854
23569,0.0013009796384721994
23570,0.0016783011378720403
23571,0.00382486404851079
23572,0.0005350781721062958
23573,0.003003540448844433
23574,0.0026746923103928566
23575,0.0013840573374181986
23576,0.005522542633116245
23577,0.03721649572253227
23578,0.007322527002543211
23579,0.0011647124774754047
23580,0.0014677634462714195
23581,0.037482187151908875
23582,0.0032217567786574364
23583,0.000758070033043623
23584,0.0009845831664279103
23585,0.003402011003345251
23586,0.003385856281965971
23587,0.0016342323506250978
23588,0.0009630668209865689
23589,0.0008036137442104518
23590,0.03685609623789787
23591,0.0007817535661160946
23592,0.0008550452766939998
23593,0.0019798954017460346
23594,0.001130704302340746
23595,0.0005759532796218991
23596,0.0014887035358697176
23597,0.0022407504729926586
23598,0.015434077009558678
23599,0.0012689975555986166
23600,0.0008157050469890237
23601,0.0011676931753754616
23602,0.009347640909254551
23603,0.009200898930430412
23604,0.0031692013144493103
23605,0.000656937132589519
23606,0.0004821589100174606
23607,0.0016655308427289128
23608,0.00284156808629632
23609,0.024879327043890953
23610,0.016060464084148407
23611,0.027903283014893532
23612,0.001471942407079041
23613,0.0034018668811768293
23614,0.000782039831392467
23615,0.005028544459491968
23616,0.0010947177652269602
23617,0.002226994838565588
23618,0.007641137111932039
23619,0.0007288805209100246
23620,0.0010602702386677265
23621,0.0013614485505968332
23622,0.01149415597319603
23623,0.004245958290994167
23624,0.0013320627622306347
23625,0.016871122643351555
23626,0.0008857300272211432
23627,0.0009042401215992868
23628,0.0027362462133169174
23629,0.001969969132915139
23630,0.0009775120997801423
23631,0.0024402528069913387
23632,0.0011353150475770235
23633,0.001675727078691125
23634,0.0007245075539685786
23635,0.0005610149819403887
23636,0.0010461610509082675
23637,0.0019233727362006903
23638,0.052605610340833664
23639,0.0024301090743392706
23640,0.0017860813532024622
23641,0.003193918615579605
23642,0.0011172479717060924
23643,0.015522482804954052
23644,0.010293609462678432
23645,0.0008931132033467293
23646,0.0009501940803602338
23647,0.0015255975304171443
23648,0.000900965416803956
23649,0.00430946983397007
23650,0.0007171011529862881
23651,0.0017432743916288018
23652,0.0006760130054317415
23653,0.04094795882701874
23654,0.0006136465817689896
23655,0.0006781854899600148
23656,0.0028852540999650955
23657,0.0033044791780412197
23658,0.002585932845249772
23659,0.0007749933865852654
23660,0.008104255422949791
23661,0.002409094013273716
23662,0.017135433852672577
23663,0.0019065202213823795
23664,0.003797710407525301
23665,0.0075733959674835205
23666,0.0008306631352752447
23667,0.0005812543095089495
23668,0.004089470021426678
23669,0.0015622165519744158
23670,0.0015526427887380123
23671,0.0005615334957838058
23672,0.004493240732699633
23673,0.01598341017961502
23674,0.0012277666246518493
23675,0.0008868324803188443
23676,0.0017613533418625593
23677,0.0012786203296855092
23678,0.0020222377497702837
23679,0.006158442236483097
23680,0.001619232352823019
23681,0.0012234167661517859
23682,0.0013712742365896702
23683,0.0026939562521874905
23684,0.002590622752904892
23685,0.00122099369764328
23686,0.0020663803443312645
23687,0.014338111504912376
23688,0.001396572100929916
23689,0.0011379909701645374
23690,0.0012036386178806424
23691,0.0027859737165272236
23692,0.004969232715666294
23693,0.0007446291274391115
23694,0.03423911705613136
23695,0.0013552277814596891
23696,0.012021642178297043
23697,0.0024491483345627785
23698,0.001865245052613318
23699,0.004433619324117899
23700,0.003935870248824358
23701,0.0016669956967234612
23702,0.005871734116226435
23703,0.0015308198053389788
23704,0.0008119270205497742
23705,0.0008622871246188879
23706,0.0010515379253774881
23707,0.0021928343921899796
23708,0.0005252581322565675
23709,0.000785950745921582
23710,0.001130949705839157
23711,0.0033100107684731483
23712,0.002079745288938284
23713,0.03554852679371834
23714,0.003462244290858507
23715,0.0007414625724777579
23716,0.0009155215811915696
23717,0.0006478417781181633
23718,0.001199881313368678
23719,0.0023905946873128414
23720,0.008023680187761784
23721,0.001303068595007062
23722,0.003156280377879739
23723,0.0007358225993812084
23724,0.0017434271285310388
23725,0.0011113793589174747
23726,0.001063346746377647
23727,0.016013093292713165
23728,0.0011217589490115643
23729,0.00241069751791656
23730,0.0008027565199881792
23731,0.0008414804469794035
23732,0.0016611736500635743
23733,0.001108225667849183
23734,0.002613718155771494
23735,0.0018577916780486703
23736,0.000731843407265842
23737,0.0009443378075957298
23738,0.0006295377970673144
23739,0.0008678943268023431
23740,0.0010790444212034345
23741,0.004961162805557251
23742,0.0006193481967784464
23743,0.0011976882815361023
23744,0.0015283054672181606
23745,0.00109190889634192
23746,0.030027344822883606
23747,0.0014354991726577282
23748,0.001173253869637847
23749,0.008745245635509491
23750,0.0013587215216830373
23751,0.001004892634227872
23752,0.0010643595596775413
23753,0.0026035450864583254
23754,0.0014543577563017607
23755,0.012181260623037815
23756,0.002448729006573558
23757,0.0021014842204749584
23758,0.0011514780344441533
23759,0.002779680071398616
23760,0.0010279391426593065
23761,0.0008947705500759184
23762,0.00156723044347018
23763,0.0008566599572077394
23764,0.001208379864692688
23765,0.00129581184592098
23766,0.003988364711403847
23767,0.001363367890007794
23768,0.0007897893083281815
23769,0.0010699707781895995
23770,0.000785120646469295
23771,0.0009484994225203991
23772,0.0018964095506817102
23773,0.002118901815265417
23774,0.001082070404663682
23775,0.000961194047704339
23776,0.0007974044419825077
23777,0.0012630043784156442
23778,0.0007423614733852446
23779,0.0007200129330158234
23780,0.0011933078058063984
23781,0.004414532333612442
23782,0.0014045297866687179
23783,0.001128694275394082
23784,0.02912936918437481
23785,0.0014585210010409355
23786,0.0013832186814397573
23787,0.002179794479161501
23788,0.0011929613538086414
23789,0.001009275671094656
23790,0.013232043944299221
23791,0.0006349784089252353
23792,0.0012766943546012044
23793,0.0011212112149223685
23794,0.0010387939400970936
23795,0.004190601874142885
23796,0.0008159667486324906
23797,0.001986961578950286
23798,0.0043069482780992985
23799,0.0011859288206323981
23800,0.0009974765125662088
23801,0.0017236984567716718
23802,0.0014789348933845758
23803,0.00113364914432168
23804,0.006519119720906019
23805,0.0008477040100842714
23806,0.0027625695802271366
23807,0.0009230907307937741
23808,0.0010342865716665983
23809,0.001564185367897153
23810,0.04955453425645828
23811,0.022261327132582664
23812,0.016484519466757774
23813,0.01827123388648033
23814,0.0020725377835333347
23815,0.0021822815760970116
23816,0.06267968565225601
23817,0.009758476167917252
23818,0.0028001507744193077
23819,0.04203975200653076
23820,0.001773730618879199
23821,0.015491425059735775
23822,0.003338160226121545
23823,0.0283112283796072
23824,0.011648486368358135
23825,0.0006308892043307424
23826,0.001733042998239398
23827,0.08045876771211624
23828,0.01373393926769495
23829,0.0023939418606460094
23830,0.0381278358399868
23831,0.009074332192540169
23832,0.04197276756167412
23833,0.015357854776084423
23834,0.003474419005215168
23835,0.060365162789821625
23836,0.025098096579313278
23837,0.0014976144302636385
23838,0.0043487390503287315
23839,0.0022335913963615894
23840,0.0019589168950915337
23841,0.0014428946888074279
23842,0.00429872702807188
23843,0.04958812892436981
23844,0.03172345086932182
23845,0.01781574636697769
23846,0.01901082508265972
23847,0.08308576792478561
23848,0.020591525360941887
23849,0.037417080253362656
23850,0.0020970283076167107
23851,0.0020307288505136967
23852,0.0027571851387619972
23853,0.04255130887031555
23854,0.02406194806098938
23855,0.01504643727093935
23856,0.01593327894806862
23857,0.04665105417370796
23858,0.0017660344019532204
23859,0.0025223162956535816
23860,0.019210748374462128
23861,0.0071647148579359055
23862,0.020730026066303253
23863,0.0030760958325117826
23864,0.0024939868599176407
23865,0.004088195506483316
23866,0.013204126618802547
23867,0.001722719636745751
23868,0.002185611519962549
23869,0.044221118092536926
23870,0.0039027584716677666
23871,0.019751036539673805
23872,0.009968878701329231
23873,0.017818879336118698
23874,0.010312451049685478
23875,0.012104755267500877
23876,0.0014080709079280496
23877,0.00223273946903646
23878,0.0011604281608015299
23879,0.0016546486876904964
23880,0.002448481507599354
23881,0.0014325188240036368
23882,0.11583235114812851
23883,0.07090892642736435
23884,0.009036862291395664
23885,0.004669876769185066
23886,0.06638774275779724
23887,0.003949460573494434
23888,0.022121790796518326
23889,0.008692480623722076
23890,0.012118980288505554
23891,0.0059063327498734
23892,0.001434205798432231
23893,0.003729245625436306
23894,0.0019018857274204493
23895,0.026943713426589966
23896,0.002109042601659894
23897,0.01800721511244774
23898,0.039508406072854996
23899,0.0019967597909271717
23900,0.04203001782298088
23901,0.0027032019570469856
23902,0.0011952812783420086
23903,0.03915291279554367
23904,0.004657271783798933
23905,0.005958301946520805
23906,0.001666937954723835
23907,0.008390495553612709
23908,0.036233656108379364
23909,0.004900439642369747
23910,0.007882155478000641
23911,0.032059259712696075
23912,0.005416693165898323
23913,0.004306805320084095
23914,0.046020522713661194
23915,0.0015087625943124294
23916,0.0008685776265338063
23917,0.041305121034383774
23918,0.007260061800479889
23919,0.02024161070585251
23920,0.0044129155576229095
23921,0.030297325924038887
23922,0.00888915453106165
23923,0.0019619790837168694
23924,0.02090528793632984
23925,0.04947082698345184
23926,0.017879942432045937
23927,0.002360536018386483
23928,0.00385806686244905
23929,0.003525541163980961
23930,0.0663699135184288
23931,0.04332925006747246
23932,0.005536570213735104
23933,0.014481686055660248
23934,0.00241439463570714
23935,0.023268671706318855
23936,0.0019194629276171327
23937,0.0012189412955194712
23938,0.001360828522592783
23939,0.009144657291471958
23940,0.003383056493476033
23941,0.035409726202487946
23942,0.014812538400292397
23943,0.0008344354573637247
23944,0.013033309951424599
23945,0.004931802861392498
23946,0.010561399161815643
23947,0.004254430532455444
23948,0.004821052309125662
23949,0.02206072025001049
23950,0.04095227271318436
23951,0.042510341852903366
23952,0.0021490203216671944
23953,0.009494489058852196
23954,0.0022465111687779427
23955,0.03039827197790146
23956,0.001198595971800387
23957,0.01121524814516306
23958,0.053726669400930405
23959,0.0017958033131435513
23960,0.001949762343429029
23961,0.0028335892129689455
23962,0.0038878177292644978
23963,0.005587901920080185
23964,0.0051811388693749905
23965,0.0027605597861111164
23966,0.0022948228288441896
23967,0.0010622066911309958
23968,0.0057341568171978
23969,0.020807534456253052
23970,0.003955392632633448
23971,0.0020994634833186865
23972,0.0016793811228126287
23973,0.0025425187777727842
23974,0.030494246631860733
23975,0.002286259550601244
23976,0.042133890092372894
23977,0.005071444436907768
23978,0.039580393582582474
23979,0.0012208328116685152
23980,0.002456639427691698
23981,0.007662952411919832
23982,0.00341023039072752
23983,0.005261289421468973
23984,0.008954343385994434
23985,0.0014831635635346174
23986,0.042119015008211136
23987,0.0013220070395618677
23988,0.015429973602294922
23989,0.0018574799178168178
23990,0.0013327813940122724
23991,0.0019476715242490172
23992,0.0015234688762575388
23993,0.0013825661735609174
23994,0.03117804415524006
23995,0.0041547007858753204
23996,0.006348020862787962
23997,0.0013271754141896963
23998,0.0008908375748433173
23999,0.000823262962512672
24000,0.007621726952493191
24001,0.001623561605811119
24002,0.003221049439162016
24003,0.01089426875114441
24004,0.007151852827519178
24005,0.0015753285260871053
24006,0.018510043621063232
24007,0.06747925281524658
24008,0.0017268768278881907
24009,0.009835862554609776
24010,0.0024736891500651836
24011,0.0009779245592653751
24012,0.0029034074395895004
24013,0.0014807127881795168
24014,0.005154544487595558
24015,0.03281880542635918
24016,0.0016185936983674765
24017,0.0008570889476686716
24018,0.005745242349803448
24019,0.008949204348027706
24020,0.004801767412573099
24021,0.004426827188581228
24022,0.004624631255865097
24023,0.0008280356996692717
24024,0.033727072179317474
24025,0.002286889823153615
24026,0.005005499813705683
24027,0.0038712401874363422
24028,0.0034218814689666033
24029,0.023706767708063126
24030,0.0017569848569110036
24031,0.001246882020495832
24032,0.0025009228847920895
24033,0.05355709791183472
24034,0.013272707350552082
24035,0.0018910598009824753
24036,0.0025016753934323788
24037,0.05779699981212616
24038,0.0027209948748350143
24039,0.004900188185274601
24040,0.021258138120174408
24041,0.007052982691675425
24042,0.0035211346112191677
24043,0.0025376807898283005
24044,0.0013574714539572597
24045,0.0022247396409511566
24046,0.0016802187310531735
24047,0.002223168034106493
24048,0.0022829859517514706
24049,0.0030901627615094185
24050,0.009793417528271675
24051,0.005809492897242308
24052,0.0026795240119099617
24053,0.0034360201098024845
24054,0.008832642808556557
24055,0.00922672264277935
24056,0.004936442244797945
24057,0.002173811197280884
24058,0.006551227532327175
24059,0.013460817746818066
24060,0.0017321081832051277
24061,0.002406284213066101
24062,0.0013542225351557136
24063,0.03588556498289108
24064,0.0011889198794960976
24065,0.001071033300831914
24066,0.005330001935362816
24067,0.02251843363046646
24068,0.0012348557356745005
24069,0.0026404785457998514
24070,0.04413369670510292
24071,0.0007435734150931239
24072,0.0026167607866227627
24073,0.001453980803489685
24074,0.002850963268429041
24075,0.0190303735435009
24076,0.0010775300906971097
24077,0.003913588356226683
24078,0.005161474458873272
24079,0.0012318692170083523
24080,0.0007975500193424523
24081,0.037248674780130386
24082,0.0046318089589476585
24083,0.011439647525548935
24084,0.004837364424020052
24085,0.0009837477700784802
24086,0.0006750026368536055
24087,0.0018033336382359266
24088,0.00120819010771811
24089,0.0008710066904313862
24090,0.0008366575348190963
24091,0.008177077397704124
24092,0.0007809457601979375
24093,0.0012653351295739412
24094,0.0012790309265255928
24095,0.00096658751135692
24096,0.0010055066086351871
24097,0.0012530009262263775
24098,0.0007309019565582275
24099,0.004078821279108524
24100,0.04296645522117615
24101,0.009084180928766727
24102,0.0017911953618749976
24103,0.0007974221371114254
24104,0.0014913134509697556
24105,0.0010884532239288092
24106,0.0008360601495951414
24107,0.00481921061873436
24108,0.037431176751852036
24109,0.0016227951273322105
24110,0.0009903628379106522
24111,0.0009713160106912255
24112,0.0016398937441408634
24113,0.0014646044000983238
24114,0.0019569233991205692
24115,0.0008800057112239301
24116,0.019643118605017662
24117,0.0039902618154883385
24118,0.002307366346940398
24119,0.01803990639746189
24120,0.0006640070350840688
24121,0.008070692420005798
24122,0.000997607596218586
24123,0.0013040469493716955
24124,0.002061994979158044
24125,0.0012249290011823177
24126,0.0013179827947169542
24127,0.0017281649634242058
24128,0.0018151591066271067
24129,0.0009581941994838417
24130,0.0012227112893015146
24131,0.0020328829996287823
24132,0.0010443688370287418
24133,0.008012969978153706
24134,0.000993384514003992
24135,0.0011730678379535675
24136,0.0007987129501998425
24137,0.0021936260163784027
24138,0.0009259178768843412
24139,0.0010771348606795073
24140,0.000878108898177743
24141,0.003105257172137499
24142,0.001015332294628024
24143,0.0007788911461830139
24144,0.0010339210275560617
24145,0.0011828576680272818
24146,0.0011344056110829115
24147,0.00261927442625165
24148,0.03406476601958275
24149,0.0015021450817584991
24150,0.004497206769883633
24151,0.01866394653916359
24152,0.03251812607049942
24153,0.0006177223403938115
24154,0.019835200160741806
24155,0.007888715714216232
24156,0.0019329153001308441
24157,0.0008763684891164303
24158,0.003820774843916297
24159,0.0009936275891959667
24160,0.0015600990736857057
24161,0.0014028134755790234
24162,0.001016001682728529
24163,0.002255971310660243
24164,0.0008588895434513688
24165,0.0012287478893995285
24166,0.02117501012980938
24167,0.0009185764938592911
24168,0.0012110279640182853
24169,0.0014215330593287945
24170,0.0022088419646024704
24171,0.0012377991806715727
24172,0.027614831924438477
24173,0.000997440773062408
24174,0.0011214830446988344
24175,0.0008854309562593699
24176,0.0017070851754397154
24177,0.0028027682565152645
24178,0.0010536627378314734
24179,0.001827841391786933
24180,0.03089674934744835
24181,0.0010449481196701527
24182,0.009378384798765182
24183,0.00204002414830029
24184,0.008091258816421032
24185,0.000658850185573101
24186,0.0006220713839866221
24187,0.003110153367742896
24188,0.000709877407643944
24189,0.01636032573878765
24190,0.0012207506224513054
24191,0.004404707811772823
24192,0.011303217150270939
24193,0.0007011890411376953
24194,0.002295583486557007
24195,0.00875636376440525
24196,0.0010815014829859138
24197,0.0009637029143050313
24198,0.002041047904640436
24199,0.0031258906237781048
24200,0.00145335728302598
24201,0.000863574561662972
24202,0.0009882773738354445
24203,0.0009978970047086477
24204,0.025674588978290558
24205,0.016688909381628036
24206,0.001266802428290248
24207,0.010739298537373543
24208,0.0008527094614692032
24209,0.0011280339676886797
24210,0.0033180026803165674
24211,0.0009224857203662395
24212,0.0038019465282559395
24213,0.0010688041802495718
24214,0.000707313884049654
24215,0.0015301795210689306
24216,0.0016791513189673424
24217,0.0024164083879441023
24218,0.004645423032343388
24219,0.0011478427331894636
24220,0.0017484978307038546
24221,0.0006829278427176178
24222,0.001325511373579502
24223,0.0006832923972979188
24224,0.001005656667985022
24225,0.0005327982362359762
24226,0.0006409873021766543
24227,0.004372958093881607
24228,0.0010428084060549736
24229,0.0010922281071543694
24230,0.0019861364271491766
24231,0.012363285757601261
24232,0.001377001404762268
24233,0.0023275006096810102
24234,0.016928434371948242
24235,0.001141450833529234
24236,0.0011329676490277052
24237,0.011589041911065578
24238,0.0005578833515755832
24239,0.004242599941790104
24240,0.0009169718250632286
24241,0.00304942624643445
24242,0.0015509186778217554
24243,0.0010444859508424997
24244,0.002853278536349535
24245,0.0014804583042860031
24246,0.0009407525067217648
24247,0.0013407226651906967
24248,0.001011375687085092
24249,0.0015532705001533031
24250,0.001968448981642723
24251,0.0015144085045903921
24252,0.0012833529617637396
24253,0.0011547975009307265
24254,0.004955927841365337
24255,0.0017753549618646502
24256,0.0009029718348756433
24257,0.006421475205570459
24258,0.00138245546258986
24259,0.0009113065316341817
24260,0.0013025333173573017
24261,0.0011244791094213724
24262,0.0012169445399194956
24263,0.0013158340007066727
24264,0.004780880641192198
24265,0.003599807620048523
24266,0.0009674340835772455
24267,0.0007858434692025185
24268,0.002951984293758869
24269,0.002517036162316799
24270,0.000962670601438731
24271,0.002357260324060917
24272,0.0008820323273539543
24273,0.0070722815580666065
24274,0.0009431393118575215
24275,0.000754510925617069
24276,0.0025696191005408764
24277,0.001947955577634275
24278,0.0007198117673397064
24279,0.001273152302019298
24280,0.004275199491530657
24281,0.0012559760361909866
24282,0.001194938668049872
24283,0.001102661364711821
24284,0.0012566720834001899
24285,0.0008584656752645969
24286,0.0013625331921502948
24287,0.0019019130850210786
24288,0.0009411128121428192
24289,0.002069880487397313
24290,0.000499204732477665
24291,0.0010530909057706594
24292,0.0009171178680844605
24293,0.0007019892800599337
24294,0.0017544993897899985
24295,0.0016467925161123276
24296,0.0011732508428394794
24297,0.0013703355798497796
24298,0.0006272714235819876
24299,0.0015163655625656247
24300,0.0014168776106089354
24301,0.030208351090550423
24302,0.0018382283160462976
24303,0.0018892156658694148
24304,0.002346657682210207
24305,0.0008123590960167348
24306,0.01469497848302126
24307,0.002591374795883894
24308,0.0008186384220607579
24309,0.0006869948701933026
24310,0.001070372760295868
24311,0.0021432938519865274
24312,0.002005211776122451
24313,0.0010263186413794756
24314,0.0006756228394806385
24315,0.0006268859142437577
24316,0.000664642546325922
24317,0.0010826054494827986
24318,0.0014235095586627722
24319,0.0029606579337269068
24320,0.017776044085621834
24321,0.008800104260444641
24322,0.0091315358877182
24323,0.0022960929200053215
24324,0.0045394981279969215
24325,0.010456372983753681
24326,0.004508099518716335
24327,0.0024231895804405212
24328,0.006101549603044987
24329,0.028749650344252586
24330,0.041317783296108246
24331,0.025960849598050117
24332,0.0025910669937729836
24333,0.004006986506283283
24334,0.0019258181564509869
24335,0.00552547350525856
24336,0.007560176774859428
24337,0.002103766892105341
24338,0.0023822239600121975
24339,0.010652896016836166
24340,0.01789078116416931
24341,0.015875862911343575
24342,0.042727116495370865
24343,0.004237355664372444
24344,0.004215327091515064
24345,0.007107968907803297
24346,0.0028882210608571768
24347,0.04874098673462868
24348,0.008589648641645908
24349,0.00565672293305397
24350,0.006266687996685505
24351,0.0021628050599247217
24352,0.002705506980419159
24353,0.005983603652566671
24354,0.000982665573246777
24355,0.003941505216062069
24356,0.020778462290763855
24357,0.03777708113193512
24358,0.0035290620289742947
24359,0.0063092149794101715
24360,0.013186872936785221
24361,0.02037961035966873
24362,0.005208426620811224
24363,0.004105845931917429
24364,0.011811931617558002
24365,0.009436042979359627
24366,0.031769294291734695
24367,0.043196674436330795
24368,0.0019419781165197492
24369,0.0025161495432257652
24370,0.0057330382987856865
24371,0.0068829720839858055
24372,0.0041120052337646484
24373,0.003000780940055847
24374,0.04649434983730316
24375,0.0029105069115757942
24376,0.0014148375485092402
24377,0.0023803235962986946
24378,0.006282840855419636
24379,0.0027174795977771282
24380,0.0020586170721799135
24381,0.0018263400997966528
24382,0.02085033804178238
24383,0.0020625698380172253
24384,0.0040646325796842575
24385,0.000983435078524053
24386,0.004789866507053375
24387,0.006515784189105034
24388,0.0016330545768141747
24389,0.008052399381995201
24390,0.03329253941774368
24391,0.0082362936809659
24392,0.026962876319885254
24393,0.030790401622653008
24394,0.0034866442438215017
24395,0.006319431588053703
24396,0.0017232759855687618
24397,0.0014365476090461016
24398,0.00906851515173912
24399,0.004684004932641983
24400,0.00397631898522377
24401,0.001715516671538353
24402,0.0166768878698349
24403,0.0020732982084155083
24404,0.0037370440550148487
24405,0.0049337102100253105
24406,0.04262818023562431
24407,0.01073099859058857
24408,0.0018267073901370168
24409,0.004050006158649921
24410,0.0019848342053592205
24411,0.00504164258018136
24412,0.015055075287818909
24413,0.0026929685845971107
24414,0.010683311149477959
24415,0.008398648351430893
24416,0.0024642611388117075
24417,0.028919143602252007
24418,0.001479779602959752
24419,0.0009120007744058967
24420,0.004057381302118301
24421,0.009052758105099201
24422,0.002979806624352932
24423,0.03303656727075577
24424,0.004264394752681255
24425,0.042631082236766815
24426,0.002859443658962846
24427,0.0026248630601912737
24428,0.005516434088349342
24429,0.00702168233692646
24430,0.009426545351743698
24431,0.003526381216943264
24432,0.0068778605200350285
24433,0.008715690113604069
24434,0.0041937632486224174
24435,0.008500060066580772
24436,0.006632826291024685
24437,0.010787831619381905
24438,0.003100381465628743
24439,0.010800441727042198
24440,0.008282024413347244
24441,0.005853833630681038
24442,0.001336949411779642
24443,0.013004222884774208
24444,0.018594246357679367
24445,0.0035697645507752895
24446,0.002568121999502182
24447,0.002286235336214304
24448,0.02553802728652954
24449,0.0015164308715611696
24450,0.007270775269716978
24451,0.016178209334611893
24452,0.007061759941279888
24453,0.0033326344564557076
24454,0.0035161790437996387
24455,0.01222788356244564
24456,0.006815741769969463
24457,0.004800233989953995
24458,0.005481029860675335
24459,0.0037108142860233784
24460,0.01363320555537939
24461,0.004547262564301491
24462,0.02904442325234413
24463,0.007066812366247177
24464,0.007557593286037445
24465,0.004025672562420368
24466,0.052784428000450134
24467,0.004901981446892023
24468,0.002239021472632885
24469,0.011508523486554623
24470,0.00313853332772851
24471,0.007773371413350105
24472,0.0018218406476080418
24473,0.00944158062338829
24474,0.0031414125114679337
24475,0.008725331164896488
24476,0.02487587369978428
24477,0.009383144788444042
24478,0.026725642383098602
24479,0.002982137259095907
24480,0.03478039801120758
24481,0.0028039789758622646
24482,0.0037791370414197445
24483,0.006566313561052084
24484,0.008453285321593285
24485,0.021473495289683342
24486,0.03361712023615837
24487,0.00933833234012127
24488,0.0014907578006386757
24489,0.002708516316488385
24490,0.012333521619439125
24491,0.003263268154114485
24492,0.02764408104121685
24493,0.0055869524367153645
24494,0.005446319468319416
24495,0.014364245347678661
24496,0.003922673873603344
24497,0.011477804742753506
24498,0.008930504322052002
24499,0.01221507415175438
24500,0.006542854476720095
24501,0.0020526638254523277
24502,0.008126990869641304
24503,0.002892209915444255
24504,0.002338921185582876
24505,0.0027528763748705387
24506,0.008928002789616585
24507,0.0013677218230441213
24508,0.01134776696562767
24509,0.001226939493790269
24510,0.001874874229542911
24511,0.001807833556085825
24512,0.002165033482015133
24513,0.005699704866856337
24514,0.007433074060827494
24515,0.009044469334185123
24516,0.0028329244814813137
24517,0.0017745262011885643
24518,0.033214133232831955
24519,0.012956897728145123
24520,0.0022292728535830975
24521,0.002064931206405163
24522,0.01962328515946865
24523,0.003447098657488823
24524,0.005366855766624212
24525,0.0016544472891837358
24526,0.004266808740794659
24527,0.003805705113336444
24528,0.008958280086517334
24529,0.007210962474346161
24530,0.019743746146559715
24531,0.005019011441618204
24532,0.00879291445016861
24533,0.003636013250797987
24534,0.020485853776335716
24535,0.008695806376636028
24536,0.0031081545166671276
24537,0.009113919921219349
24538,0.002353974152356386
24539,0.00237485789693892
24540,0.041423358023166656
24541,0.0008163002203218639
24542,0.0023456383496522903
24543,0.0017052394105121493
24544,0.0024707119446247816
24545,0.010527776554226875
24546,0.006573222577571869
24547,0.0011213881662115455
24548,0.001112047815695405
24549,0.008170089684426785
24550,0.005979466252028942
24551,0.0013909181579947472
24552,0.010242493823170662
24553,0.017745954915881157
24554,0.001509042107500136
24555,0.009066927246749401
24556,0.005244219675660133
24557,0.008563851937651634
24558,0.0014903113478794694
24559,0.004725561011582613
24560,0.003559704637154937
24561,0.001983701717108488
24562,0.006330754607915878
24563,0.0026094429194927216
24564,0.024976642802357674
24565,0.0331452377140522
24566,0.005955914501100779
24567,0.0009033075766637921
24568,0.002217352855950594
24569,0.0010255842935293913
24570,0.006843887735158205
24571,0.0060736918821930885
24572,0.0037325371522456408
24573,0.030013784766197205
24574,0.0024739112704992294
24575,0.0025678295642137527
24576,0.05469200760126114
24577,0.041830629110336304
24578,0.0030677553731948137
24579,0.016886278986930847
24580,0.0038799375761300325
24581,0.001047763042151928
24582,0.007102832663804293
24583,0.010212218388915062
24584,0.016657020896673203
24585,0.0010421238839626312
24586,0.026836654171347618
24587,0.0025813723914325237
24588,0.0067334952764213085
24589,0.0023094904609024525
24590,0.0021633096039295197
24591,0.07372686266899109
24592,0.00764409638941288
24593,0.011961264535784721
24594,0.0031666946597397327
24595,0.009847904555499554
24596,0.009648581966757774
24597,0.0010434889700263739
24598,0.02585059590637684
24599,0.0016254106303676963
24600,0.005640882533043623
24601,0.002855731174349785
24602,0.01793893240392208
24603,0.0024185923393815756
24604,0.006492780987173319
24605,0.00519588915631175
24606,0.001850897097028792
24607,0.017370358109474182
24608,0.0018840668490156531
24609,0.002044438850134611
24610,0.0009336551302112639
24611,0.0027833115309476852
24612,0.07661425322294235
24613,0.0034178500063717365
24614,0.014974622055888176
24615,0.011634561233222485
24616,0.015897588804364204
24617,0.00211751158349216
24618,0.04068977013230324
24619,0.00219464348629117
24620,0.0021225460804998875
24621,0.00709668779745698
24622,0.003071775659918785
24623,0.0038604491855949163
24624,0.0021218713372945786
24625,0.00549741368740797
24626,0.007095462176948786
24627,0.010279523208737373
24628,0.025844240561127663
24629,0.005130250006914139
24630,0.0012931496603414416
24631,0.02218485064804554
24632,0.021841371431946754
24633,0.0018381165573373437
24634,0.019424980506300926
24635,0.011384261772036552
24636,0.001838047755882144
24637,0.0011510566109791398
24638,0.01130655501037836
24639,0.000885115354321897
24640,0.01840442419052124
24641,0.004913707729429007
24642,0.006028468254953623
24643,0.0020610399078577757
24644,0.010388028807938099
24645,0.002121587749570608
24646,0.009206688962876797
24647,0.008717016316950321
24648,0.0019059744663536549
24649,0.0016049016267061234
24650,0.014424148947000504
24651,0.0029541051480919123
24652,0.006485518533736467
24653,0.0424683541059494
24654,0.004078345373272896
24655,0.0023261960595846176
24656,0.0017702924087643623
24657,0.021171679720282555
24658,0.008346740156412125
24659,0.0023629083298146725
24660,0.0029445721302181482
24661,0.013560712337493896
24662,0.00181092438288033
24663,0.010087910108268261
24664,0.0038746483623981476
24665,0.032716501504182816
24666,0.004865411669015884
24667,0.010246633552014828
24668,0.024675820022821426
24669,0.0026989574544131756
24670,0.001236189273186028
24671,0.027721013873815536
24672,0.0013767003547400236
24673,0.0018913440871983767
24674,0.0028254883363842964
24675,0.022750189527869225
24676,0.0036326814442873
24677,0.01573270373046398
24678,0.013469614088535309
24679,0.0046005467884242535
24680,0.006011399440467358
24681,0.008084396831691265
24682,0.00573196355253458
24683,0.0018755451310425997
24684,0.0009317030198872089
24685,0.001839830307289958
24686,0.002676048781722784
24687,0.001987975090742111
24688,0.0020746260415762663
24689,0.010488327592611313
24690,0.001909382757730782
24691,0.00910002738237381
24692,0.0010415249271318316
24693,0.001992099452763796
24694,0.0018399301916360855
24695,0.013742444105446339
24696,0.0032037454657256603
24697,0.0008188459323719144
24698,0.025240013375878334
24699,0.01747526228427887
24700,0.03243427351117134
24701,0.013110220432281494
24702,0.002983573591336608
24703,0.04714028164744377
24704,0.0034743905998766422
24705,0.017540110275149345
24706,0.012578483670949936
24707,0.009872899390757084
24708,0.005646401084959507
24709,0.0026299688033759594
24710,0.0014556206297129393
24711,0.00166000344324857
24712,0.001361369388177991
24713,0.0014238739386200905
24714,0.0023413868620991707
24715,0.0010038878535851836
24716,0.026072226464748383
24717,0.0014670675154775381
24718,0.002630738541483879
24719,0.0037061451002955437
24720,0.0010294726816937327
24721,0.0004702108271885663
24722,0.00474756583571434
24723,0.0015484560281038284
24724,0.024512290954589844
24725,0.0008032101904973388
24726,0.0004715861869044602
24727,0.005719568580389023
24728,0.01316230557858944
24729,0.0010888646356761456
24730,0.019623741507530212
24731,0.001805331208743155
24732,0.003422993002459407
24733,0.02561863511800766
24734,0.0009116435539908707
24735,0.001028325641527772
24736,0.0011228031944483519
24737,0.0050816317088902
24738,0.0007803228218108416
24739,0.009383047930896282
24740,0.0014426636043936014
24741,0.0009859581477940083
24742,0.0035195399541407824
24743,0.0027669640257954597
24744,0.0008301724446937442
24745,0.0017412621527910233
24746,0.013191458769142628
24747,0.004575776867568493
24748,0.0033174906857311726
24749,0.0007388141239061952
24750,0.005905595142394304
24751,0.004096052143722773
24752,0.01893056184053421
24753,0.0006512223044410348
24754,0.0398283451795578
24755,0.0006731845205649734
24756,0.005528774578124285
24757,0.0019471555715426803
24758,0.012645100243389606
24759,0.0006209510029293597
24760,0.014254039153456688
24761,0.009731696918606758
24762,0.0025214978959411383
24763,0.005758712068200111
24764,0.0008300875779241323
24765,0.0009079943411052227
24766,0.0021620728075504303
24767,0.002782772993668914
24768,0.014422204345464706
24769,0.003867923282086849
24770,0.0009786111768335104
24771,0.023619716987013817
24772,0.0007795309065841138
24773,0.000680798664689064
24774,0.010429607704281807
24775,0.0038925097323954105
24776,0.0016391476383432746
24777,0.00790704507380724
24778,0.004388136323541403
24779,0.001527482527308166
24780,0.0006528171361424029
24781,0.004652908071875572
24782,0.00040772027568891644
24783,0.0009318712400272489
24784,0.0009864442981779575
24785,0.002205923665314913
24786,0.012998675927519798
24787,0.0015730996383354068
24788,0.0018987194634974003
24789,0.02598000317811966
24790,0.0006009632488712668
24791,0.0013134146574884653
24792,0.007891220040619373
24793,0.02084776945412159
24794,0.0015265257097780704
24795,0.0014570481143891811
24796,0.00678273057565093
24797,0.007602243218570948
24798,0.0010652251075953245
24799,0.0009475657716393471
24800,0.0007272724760696292
24801,0.005660051014274359
24802,0.018841568380594254
24803,0.002279736567288637
24804,0.003851641435176134
24805,0.0028573849704116583
24806,0.0017264194320887327
24807,0.0005927347810938954
24808,0.0070376708172261715
24809,0.0013298887060955167
24810,0.001215228927321732
24811,0.0008995175012387335
24812,0.015955515205860138
24813,0.010039371438324451
24814,0.007578053046017885
24815,0.0077465130016207695
24816,0.0009282476967200637
24817,0.0007056870963424444
24818,0.023625817149877548
24819,0.0007024015067145228
24820,0.0008617262355983257
24821,0.009096523746848106
24822,0.022501571103930473
24823,0.006586597766727209
24824,0.0013452739221975207
24825,0.0045477100647985935
24826,0.006095507647842169
24827,0.002003769390285015
24828,0.0007806784706190228
24829,0.0007745486218482256
24830,0.0018799217650666833
24831,0.0014347784454002976
24832,0.0008450061432085931
24833,0.0013768626376986504
24834,0.0011444913689047098
24835,0.03163517639040947
24836,0.0005649450467899442
24837,0.002996006514877081
24838,0.0024728879798203707
24839,0.0007006953819654882
24840,0.0009163781651295722
24841,0.009724974632263184
24842,0.032080285251140594
24843,0.0008179883589036763
24844,0.0019141982775181532
24845,0.001156883081421256
24846,0.0011922931298613548
24847,0.0015366761945188046
24848,0.0010119450744241476
24849,0.014070666395127773
24850,0.0011832888703793287
24851,0.02763846144080162
24852,0.002388473367318511
24853,0.0010010732803493738
24854,0.0015253684250637889
24855,0.0016283179866150022
24856,0.0015334496274590492
24857,0.002765293000265956
24858,0.026587553322315216
24859,0.004942433908581734
24860,0.0005684351781383157
24861,0.0017175565008074045
24862,0.0011576713295653462
24863,0.012581974267959595
24864,0.016630133613944054
24865,0.029300158843398094
24866,0.0005825924454256892
24867,0.0008558786357752979
24868,0.0031196600757539272
24869,0.0007879858603700995
24870,0.002194296568632126
24871,0.024561766535043716
24872,0.0006114111165516078
24873,0.03071632981300354
24874,0.0008633583784103394
24875,0.008463081903755665
24876,0.0008826748235151172
24877,0.0006990892579779029
24878,0.0006988523527979851
24879,0.0005089804762974381
24880,0.0005185730988159776
24881,0.0009487587958574295
24882,0.010366340167820454
24883,0.0050869593396782875
24884,0.0025878646411001682
24885,0.0005790127324871719
24886,0.0026739281602203846
24887,0.001042037969455123
24888,0.0015754757914692163
24889,0.01405319944024086
24890,0.0056541915982961655
24891,0.0009058232535608113
24892,0.002270638709887862
24893,0.0020904885604977608
24894,0.0005222407053224742
24895,0.000897446007002145
24896,0.0006710474845021963
24897,0.0007120503578335047
24898,0.000978929572738707
24899,0.0009628253756090999
24900,0.00046864175237715244
24901,0.00034295651130378246
24902,0.0010838961461558938
24903,0.011125941760838032
24904,0.0012144632637500763
24905,0.0007254878291860223
24906,0.04008540138602257
24907,0.0008732128189876676
24908,0.0014017492067068815
24909,0.0009899524739012122
24910,0.014845412224531174
24911,0.001954001374542713
24912,0.01823239028453827
24913,0.0013054029550403357
24914,0.003042648546397686
24915,0.0010437086457386613
24916,0.0014173483941704035
24917,0.001794296782463789
24918,0.012726917862892151
24919,0.0008907707524485886
24920,0.0011412643361836672
24921,0.0006958559388294816
24922,0.014801988378167152
24923,0.0004461492062546313
24924,0.0005363499512895942
24925,0.02762431651353836
24926,0.0013717145193368196
24927,0.0045058028772473335
24928,0.0008948079776018858
24929,0.0005698414170183241
24930,0.0008330520940944552
24931,0.0160844549536705
24932,0.009471461176872253
24933,0.0007819391321390867
24934,0.0041964175179600716
24935,0.015934256836771965
24936,0.0010520138312131166
24937,0.001528837252408266
24938,0.0006592597346752882
24939,0.000622245657723397
24940,0.001553041161969304
24941,0.01469725277274847
24942,0.003195255994796753
24943,0.005484075751155615
24944,0.0018402079585939646
24945,0.0007499663042835891
24946,0.01718679629266262
24947,0.0007734602550044656
24948,0.001101047033444047
24949,0.023260099813342094
24950,0.02339429222047329
24951,0.0005740005290135741
24952,0.005111493170261383
24953,0.0029419250786304474
24954,0.0005724040092900395
24955,0.0006125030340626836
24956,0.0004183606943115592
24957,0.0006013803067617118
24958,0.0023514635395258665
24959,0.0012255815090611577
24960,0.002781982533633709
24961,0.016669033095240593
24962,0.0014611317310482264
24963,0.0024950802326202393
24964,0.0017324769869446754
24965,0.009678618982434273
24966,0.025526102632284164
24967,0.0010758463758975267
24968,0.007024770136922598
24969,0.0013641519472002983
24970,0.013622227124869823
24971,0.00420317193493247
24972,0.0018206015229225159
24973,0.003955452237278223
24974,0.0029313797131180763
24975,0.023726925253868103
24976,0.004338503815233707
24977,0.02528272196650505
24978,0.013473987579345703
24979,0.001208723639138043
24980,0.0019230027683079243
24981,0.014514291658997536
24982,0.004440021701157093
24983,0.006274304818361998
24984,0.004617865197360516
24985,0.013299296610057354
24986,0.06034792959690094
24987,0.01565716229379177
24988,0.0363711342215538
24989,0.0012965482892468572
24990,0.0006541906041093171
24991,0.0017837004270404577
24992,0.0007361762691289186
24993,0.022131215780973434
24994,0.03382248058915138
24995,0.003929275553673506
24996,0.0011171972146257758
24997,0.021012384444475174
24998,0.002472936175763607
24999,0.007242572493851185
25000,0.005958855152130127
25001,0.02769155241549015
25002,0.0011674712877720594
25003,0.022759631276130676
25004,0.0017484661657363176
25005,0.007305365987122059
25006,0.004640012979507446
25007,0.002818051725625992
25008,0.009666046127676964
25009,0.00305169727653265
25010,0.007834488525986671
25011,0.003447460476309061
25012,0.006984167732298374
25013,0.003049990627914667
25014,0.0010865242220461369
25015,0.01880405843257904
25016,0.0006928415969014168
25017,0.024740096181631088
25018,0.0032594865188002586
25019,0.0008348867995664477
25020,0.043109823018312454
25021,0.013209115713834763
25022,0.010185983031988144
25023,0.001529868459329009
25024,0.003645898774266243
25025,0.0026623238809406757
25026,0.000977383111603558
25027,0.008210573345422745
25028,0.03147878497838974
25029,0.00469720596447587
25030,0.0022887340746819973
25031,0.0022558055352419615
25032,0.004555965773761272
25033,0.0008726415690034628
25034,0.0016751850489526987
25035,0.016404394060373306
25036,0.0018509880173951387
25037,0.0060538966208696365
25038,0.003728978568688035
25039,0.013759184628725052
25040,0.0038172670174390078
25041,0.0007232862990349531
25042,0.001733174896799028
25043,0.037538181990385056
25044,0.0037992659490555525
25045,0.005091136321425438
25046,0.02096560038626194
25047,0.0016668210737407207
25048,0.0016830995446071029
25049,0.0008823609678074718
25050,0.03129906952381134
25051,0.03863823413848877
25052,0.006720349192619324
25053,0.0167086124420166
25054,0.03211970254778862
25055,0.0015479755820706487
25056,0.0071893297135829926
25057,0.0024184423964470625
25058,0.007859716191887856
25059,0.002526917029172182
25060,0.0011539835250005126
25061,0.0007181011023931205
25062,0.03205356001853943
25063,0.0013287686742842197
25064,0.013660779222846031
25065,0.026150468736886978
25066,0.0008190539083443582
25067,0.0008785049431025982
25068,0.003994999453425407
25069,0.0020817203912883997
25070,0.0016565946862101555
25071,0.00306045007891953
25072,0.014002830721437931
25073,0.0029336786828935146
25074,0.0030206143856048584
25075,0.000872407981660217
25076,0.008686250075697899
25077,0.0260065495967865
25078,0.004979716148227453
25079,0.001245340914465487
25080,0.012705939821898937
25081,0.006364206783473492
25082,0.002028289483860135
25083,0.01999889314174652
25084,0.001290063839405775
25085,0.010625496506690979
25086,0.07159341126680374
25087,0.0012853022199124098
25088,0.007070543244481087
25089,0.0024505516048520803
25090,0.002431414555758238
25091,0.002255721716210246
25092,0.015148183330893517
25093,0.005602299235761166
25094,0.03859793394804001
25095,0.0034886635839939117
25096,0.004646806977689266
25097,0.014469010755419731
25098,0.002540499670431018
25099,0.005480262916535139
25100,0.004066023509949446
25101,0.0030331676825881004
25102,0.0017042914405465126
25103,0.0012079353909939528
25104,0.0013291452778503299
25105,0.009485447779297829
25106,0.006473202724009752
25107,0.0012275455519557
25108,0.012132449075579643
25109,0.003649572841823101
25110,0.0019654836505651474
25111,0.002684045350179076
25112,0.002212153049185872
25113,0.0027238521724939346
25114,0.0025288881734013557
25115,0.0025574376340955496
25116,0.0017788502154871821
25117,0.0010737213306128979
25118,0.0021929056383669376
25119,0.0018341680988669395
25120,0.0063283988274633884
25121,0.0027914969250559807
25122,0.0013808769872412086
25123,0.0014702650951221585
25124,0.0042275842279195786
25125,0.002446186961606145
25126,0.003282723482698202
25127,0.0022861366160213947
25128,0.0023048981092870235
25129,0.001113236416131258
25130,0.0009755686041899025
25131,0.009835708886384964
25132,0.0032107490114867687
25133,0.0013731555081903934
25134,0.0012165282387286425
25135,0.0152646005153656
25136,0.0009042638121172786
25137,0.0011284493375569582
25138,0.0028048979584127665
25139,0.0011606330517679453
25140,0.002772105857729912
25141,0.0010316678090021014
25142,0.0017376316245645285
25143,0.002535419072955847
25144,0.01131248939782381
25145,0.0019976082257926464
25146,0.005412804428488016
25147,0.002126718405634165
25148,0.000957799085881561
25149,0.0014174827374517918
25150,0.0017198234563693404
25151,0.03621422126889229
25152,0.0030377113725990057
25153,0.0016042503993958235
25154,0.0009649796993471682
25155,0.0021125776693224907
25156,0.0010887009557336569
25157,0.003118174383416772
25158,0.0014968863688409328
25159,0.0015608188696205616
25160,0.0012343092821538448
25161,0.0018649997655302286
25162,0.0016229900065809488
25163,0.0021481914445757866
25164,0.0035137685481458902
25165,0.009601607918739319
25166,0.0008911849581636488
25167,0.0016337365377694368
25168,0.0014196580741554499
25169,0.0010681157000362873
25170,0.017972256988286972
25171,0.0027216628659516573
25172,0.0037647304125130177
25173,0.0013619262026622891
25174,0.001542077399790287
25175,0.000847131188493222
25176,0.0010240782285109162
25177,0.0018362472765147686
25178,0.0023723056074231863
25179,0.032802656292915344
25180,0.006863240618258715
25181,0.005569897126406431
25182,0.001656350796110928
25183,0.0021479949355125427
25184,0.0010191509500145912
25185,0.002880457788705826
25186,0.0020495010539889336
25187,0.03847140446305275
25188,0.001875323592685163
25189,0.00136197276879102
25190,0.0016299218405038118
25191,0.014600698836147785
25192,0.0009796654339879751
25193,0.0037735241930931807
25194,0.0012279287911951542
25195,0.0017854697071015835
25196,0.0011254411656409502
25197,0.0025132610462605953
25198,0.0021880296990275383
25199,0.0014728361275047064
25200,0.000880864798091352
25201,0.008093459531664848
25202,0.001146908150985837
25203,0.0010614788625389338
25204,0.0016877129673957825
25205,0.005994914099574089
25206,0.004769427236169577
25207,0.0017451485618948936
25208,0.001643724855966866
25209,0.0012691805604845285
25210,0.0015986091457307339
25211,0.0029372519347816706
25212,0.0008610173827037215
25213,0.002710347529500723
25214,0.005608023144304752
25215,0.003466476686298847
25216,0.0020578664261847734
25217,0.0069524673745036125
25218,0.019595835357904434
25219,0.004047616384923458
25220,0.008719644509255886
25221,0.002182245487347245
25222,0.0018138352315872908
25223,0.024322915822267532
25224,0.0025021627079695463
25225,0.0014820706564933062
25226,0.00208492879755795
25227,0.0021033557131886482
25228,0.032705456018447876
25229,0.0015684368554502726
25230,0.03817371651530266
25231,0.004219038877636194
25232,0.0009764129063114524
25233,0.018623190000653267
25234,0.0010426102671772242
25235,0.002559577114880085
25236,0.0043554664589464664
25237,0.002918497659265995
25238,0.005447430536150932
25239,0.005797237157821655
25240,0.002428700914606452
25241,0.0015149926766753197
25242,0.020772404968738556
25243,0.017803603783249855
25244,0.04214904457330704
25245,0.005351743660867214
25246,0.005279263481497765
25247,0.010396961122751236
25248,0.0010998835787177086
25249,0.00118262879550457
25250,0.0021291994489729404
25251,0.007715677376836538
25252,0.003047394100576639
25253,0.0035288557410240173
25254,0.0022575845941901207
25255,0.0010722121223807335
25256,0.00337017304264009
25257,0.010451173409819603
25258,0.004485721234232187
25259,0.008262936025857925
25260,0.005292476154863834
25261,0.0008921216940507293
25262,0.002163659082725644
25263,0.003309208434075117
25264,0.016561375930905342
25265,0.0008240112802013755
25266,0.028468014672398567
25267,0.021610859781503677
25268,0.010494282469153404
25269,0.0013412428088486195
25270,0.017406504601240158
25271,0.0009849041234701872
25272,0.006130049005150795
25273,0.016989396885037422
25274,0.0023619409184902906
25275,0.04071127995848656
25276,0.0038273357786238194
25277,0.021916544064879417
25278,0.0018017399124801159
25279,0.035241350531578064
25280,0.0013955761678516865
25281,0.017064113169908524
25282,0.005300355143845081
25283,0.009312908165156841
25284,0.032551590353250504
25285,0.015264537185430527
25286,0.012721048668026924
25287,0.002510546240955591
25288,0.0026965378783643246
25289,0.009131199680268764
25290,0.010189499706029892
25291,0.0010641778353601694
25292,0.004676844924688339
25293,0.0014250250533223152
25294,0.003461445914581418
25295,0.01936361938714981
25296,0.0021305414848029613
25297,0.0020134486258029938
25298,0.05602355673909187
25299,0.0022008020896464586
25300,0.001677647465839982
25301,0.0017996341921389103
25302,0.0400581993162632
25303,0.0010370529489591718
25304,0.002783921780064702
25305,0.005772024393081665
25306,0.0018111646641045809
25307,0.0013356019044294953
25308,0.0052205524407327175
25309,0.006109022535383701
25310,0.0016705954913049936
25311,0.0015001494903117418
25312,0.0032772435806691647
25313,0.004362446255981922
25314,0.002236227970570326
25315,0.016184458509087563
25316,0.008174569346010685
25317,0.0016946219839155674
25318,0.007006950676441193
25319,0.0013945791870355606
25320,0.007239127531647682
25321,0.0014793064910918474
25322,0.013208558782935143
25323,0.014070353470742702
25324,0.004754777066409588
25325,0.002127943793311715
25326,0.005826970562338829
25327,0.0016423508059233427
25328,0.011348976753652096
25329,0.0014010616578161716
25330,0.018895920366048813
25331,0.03799833729863167
25332,0.00976104848086834
25333,0.0019257711246609688
25334,0.0012213968439027667
25335,0.002955256961286068
25336,0.005097275134176016
25337,0.0019366045016795397
25338,0.01724252849817276
25339,0.00236150692217052
25340,0.004534279927611351
25341,0.028243619948625565
25342,0.004992163740098476
25343,0.0022758592385798693
25344,0.0031591039150953293
25345,0.018399842083454132
25346,0.028933420777320862
25347,0.002678616438060999
25348,0.010387272574007511
25349,0.0022969208657741547
25350,0.012423135340213776
25351,0.03749877214431763
25352,0.003614469664171338
25353,0.0015875601675361395
25354,0.002287514042109251
25355,0.0012739727972075343
25356,0.002500312402844429
25357,0.006798933260142803
25358,0.004452707711607218
25359,0.0013788873329758644
25360,0.0017815364990383387
25361,0.00581527641043067
25362,0.008775776252150536
25363,0.007291499525308609
25364,0.0018774635391309857
25365,0.0009839842095971107
25366,0.019675549119710922
25367,0.0019281614804640412
25368,0.027370663359761238
25369,0.014884141273796558
25370,0.02858780510723591
25371,0.0015378540847450495
25372,0.002194989938288927
25373,0.001738661085255444
25374,0.07033327966928482
25375,0.05360286310315132
25376,0.004666122142225504
25377,0.0010854899883270264
25378,0.006229011807590723
25379,0.004436624702066183
25380,0.002519024536013603
25381,0.0021934276446700096
25382,0.053967464715242386
25383,0.00862654484808445
25384,0.0015344761777669191
25385,0.02478141523897648
25386,0.0019372869282960892
25387,0.0011492595076560974
25388,0.005534878466278315
25389,0.017187438905239105
25390,0.002060924656689167
25391,0.009119877591729164
25392,0.03871085122227669
25393,0.004828730598092079
25394,0.0017058765515685081
25395,0.00332068232819438
25396,0.005726095288991928
25397,0.023200079798698425
25398,0.03434140235185623
25399,0.02306373603641987
25400,0.002250563818961382
25401,0.029811978340148926
25402,0.006784494034945965
25403,0.017020314931869507
25404,0.011346068233251572
25405,0.0038298924919217825
25406,0.026771215721964836
25407,0.001359667512588203
25408,0.0014778741169720888
25409,0.004086541011929512
25410,0.02823769673705101
25411,0.0037409448996186256
25412,0.0012498584110289812
25413,0.028448469936847687
25414,0.004845774732530117
25415,0.012597637251019478
25416,0.026378046721220016
25417,0.0068792663514614105
25418,0.018452804535627365
25419,0.00261168135330081
25420,0.007383003830909729
25421,0.015330440364778042
25422,0.008906090632081032
25423,0.03436759114265442
25424,0.002202793722972274
25425,0.012034234590828419
25426,0.0014786666724830866
25427,0.027895508334040642
25428,0.004459385760128498
25429,0.002933724783360958
25430,0.00687820091843605
25431,0.0031892135739326477
25432,0.005261915735900402
25433,0.001750233001075685
25434,0.00471925176680088
25435,0.0012710547307506204
25436,0.036500878632068634
25437,0.0038630685303360224
25438,0.010491341352462769
25439,0.006163409445434809
25440,0.002472813706845045
25441,0.008461433462798595
25442,0.0017375752795487642
25443,0.02324334718286991
25444,0.012290425598621368
25445,0.0009368802420794964
25446,0.0013209630269557238
25447,0.009358882904052734
25448,0.00358484941534698
25449,0.0017142045544460416
25450,0.05594921112060547
25451,0.030413608998060226
25452,0.0073393844068050385
25453,0.002167599741369486
25454,0.03405510634183884
25455,0.010920017957687378
25456,0.003191647119820118
25457,0.005127579439431429
25458,0.0027053840458393097
25459,0.01796870306134224
25460,0.004782394971698523
25461,0.002262114081531763
25462,0.004362649749964476
25463,0.028691457584500313
25464,0.036240894347429276
25465,0.002008297713473439
25466,0.006231560371816158
25467,0.025810563936829567
25468,0.0023248475044965744
25469,0.003223688807338476
25470,0.0010362467728555202
25471,0.003486264031380415
25472,0.0010529574938118458
25473,0.02156963385641575
25474,0.030336376279592514
25475,0.037698764353990555
25476,0.001497110933996737
25477,0.025286121293902397
25478,0.03157329559326172
25479,0.005293249152600765
25480,0.01718994230031967
25481,0.00955710094422102
25482,0.004475630819797516
25483,0.03540420904755592
25484,0.028304889798164368
25485,0.00365571491420269
25486,0.009149936959147453
25487,0.0220026895403862
25488,0.0036728025879710913
25489,0.046391990035772324
25490,0.025104930624365807
25491,0.007676476612687111
25492,0.009656171314418316
25493,0.013101603835821152
25494,0.01832585781812668
25495,0.0011198653373867273
25496,0.016145164147019386
25497,0.001147048664279282
25498,0.03402495011687279
25499,0.0047706905752420425
25500,0.0018255857285112143
25501,0.005186291411519051
25502,0.003022417426109314
25503,0.0037726331502199173
25504,0.011203608475625515
25505,0.01816374808549881
25506,0.002812970895320177
25507,0.016862038522958755
25508,0.0017051772447302938
25509,0.018132714554667473
25510,0.0018909428035840392
25511,0.0009228078415617347
25512,0.00464071799069643
25513,0.0012142949271947145
25514,0.0022322628647089005
25515,0.04660479724407196
25516,0.00859842635691166
25517,0.0017609765054658055
25518,0.012876290827989578
25519,0.014099843800067902
25520,0.01838240772485733
25521,0.05797316133975983
25522,0.027340741828083992
25523,0.00247029191814363
25524,0.0063566481694579124
25525,0.004301730543375015
25526,0.029599551111459732
25527,0.006864643655717373
25528,0.01938050612807274
25529,0.003173841629177332
25530,0.009964803233742714
25531,0.029474850744009018
25532,0.015984753146767616
25533,0.002278770785778761
25534,0.01638411171734333
25535,0.015138894319534302
25536,0.029825609177350998
25537,0.011743958108127117
25538,0.01596006192266941
25539,0.0231810063123703
25540,0.0013948041014373302
25541,0.010117586702108383
25542,0.01648547314107418
25543,0.005763686262071133
25544,0.0023839063942432404
25545,0.0068875811994075775
25546,0.029772985726594925
25547,0.03636053204536438
25548,0.0016433238051831722
25549,0.025344260036945343
25550,0.0019131781300529838
25551,0.0013638463569805026
25552,0.0064666979014873505
25553,0.011505204252898693
25554,0.01937258243560791
25555,0.004078442230820656
25556,0.006074495613574982
25557,0.006460303906351328
25558,0.03917170688509941
25559,0.015111725777387619
25560,0.014426820911467075
25561,0.0029041562229394913
25562,0.004826338496059179
25563,0.0023738155141472816
25564,0.04081681743264198
25565,0.041165344417095184
25566,0.0013533990131691098
25567,0.010558128356933594
25568,0.031127464026212692
25569,0.0022027066443115473
25570,0.0047588832676410675
25571,0.027083614841103554
25572,0.00539001077413559
25573,0.005934256594628096
25574,0.013922424986958504
25575,0.010504339821636677
25576,0.011266255751252174
25577,0.0020509599708020687
25578,0.0024461522698402405
25579,0.007745074108242989
25580,0.02392822504043579
25581,0.0014783930964767933
25582,0.008992888033390045
25583,0.021964803338050842
25584,0.00853209663182497
25585,0.011477024294435978
25586,0.0010664244182407856
25587,0.019328515976667404
25588,0.002304471330717206
25589,0.004802660550922155
25590,0.02465672418475151
25591,0.011345913633704185
25592,0.02245011180639267
25593,0.0064218915067613125
25594,0.03545397147536278
25595,0.034197621047496796
25596,0.0014944716822355986
25597,0.01360967755317688
25598,0.01437588594853878
25599,0.02222401648759842
25600,0.0019565257243812084
25601,0.0014614933170378208
25602,0.0022164257243275642
25603,0.02210197038948536
25604,0.0018238022457808256
25605,0.0016516176983714104
25606,0.010291588492691517
25607,0.003008378203958273
25608,0.0011992218205705285
25609,0.001107644522562623
25610,0.002171989530324936
25611,0.0019897741731256247
25612,0.012841753661632538
25613,0.0026509107556194067
25614,0.015636879950761795
25615,0.0017956795636564493
25616,0.001487779663875699
25617,0.0038267376367002726
25618,0.013421369716525078
25619,0.01620960794389248
25620,0.0011611117515712976
25621,0.0037915827706456184
25622,0.017893649637699127
25623,0.005173021927475929
25624,0.0016146537382155657
25625,0.0009797359816730022
25626,0.0016318652778863907
25627,0.014719362370669842
25628,0.008263378404080868
25629,0.011654164642095566
25630,0.035386309027671814
25631,0.0029228203929960728
25632,0.0017562201246619225
25633,0.03053775057196617
25634,0.005865707993507385
25635,0.0026213887613266706
25636,0.0036341222003102303
25637,0.004943412728607655
25638,0.010207224637269974
25639,0.008590798825025558
25640,0.016110209748148918
25641,0.005263811908662319
25642,0.0022339781280606985
25643,0.006176064722239971
25644,0.0020497164223343134
25645,0.0018400740809738636
25646,0.0025786091573536396
25647,0.029923591762781143
25648,0.001312590902671218
25649,0.0011520402040332556
25650,0.002496012020856142
25651,0.001607879064977169
25652,0.004320543725043535
25653,0.0018145231297239661
25654,0.0013340413570404053
25655,0.0030875522643327713
25656,0.0014161961153149605
25657,0.00872071459889412
25658,0.018638987094163895
25659,0.0014906494179740548
25660,0.0032851414289325476
25661,0.01265583373606205
25662,0.0026975576765835285
25663,0.0008857941720634699
25664,0.0015694620087742805
25665,0.002385977189987898
25666,0.0028165047988295555
25667,0.005215191747993231
25668,0.0035308769438415766
25669,0.0025812943931668997
25670,0.016193710267543793
25671,0.0016087281983345747
25672,0.0016433275304734707
25673,0.0011408893624320626
25674,0.00549907423555851
25675,0.0009036806295625865
25676,0.00256930198520422
25677,0.006313103251159191
25678,0.004175705369561911
25679,0.0012837196700274944
25680,0.018114391714334488
25681,0.002846446819603443
25682,0.0014663483016192913
25683,0.0025829006917774677
25684,0.0009954958222806454
25685,0.01237297710031271
25686,0.0016987529816105962
25687,0.008004387840628624
25688,0.0008689090609550476
25689,0.016950640827417374
25690,0.0014425049303099513
25691,0.008617036044597626
25692,0.0009147099335677922
25693,0.021547432988882065
25694,0.0021469558123499155
25695,0.031875576823949814
25696,0.0013862333726137877
25697,0.0014609063509851694
25698,0.010127571411430836
25699,0.0015577340964227915
25700,0.006178677082061768
25701,0.0022876604925841093
25702,0.0032154391519725323
25703,0.009332173503935337
25704,0.0202974583953619
25705,0.013526352122426033
25706,0.02045069821178913
25707,0.0009617693140171468
25708,0.003925287164747715
25709,0.002609612885862589
25710,0.0037134652957320213
25711,0.00906963087618351
25712,0.0012786909937858582
25713,0.00104430946521461
25714,0.01893502287566662
25715,0.004838591441512108
25716,0.003752846969291568
25717,0.004369205795228481
25718,0.002198601607233286
25719,0.0042511108331382275
25720,0.0032804657239466906
25721,0.0009722235263325274
25722,0.00162508524954319
25723,0.006701618432998657
25724,0.016034942120313644
25725,0.0008093096548691392
25726,0.0008682084153406322
25727,0.0013753254897892475
25728,0.0013752114027738571
25729,0.002971068024635315
25730,0.0010613445192575455
25731,0.0039508165791630745
25732,0.0027335803024470806
25733,0.0009707737481221557
25734,0.003320026211440563
25735,0.0007582756807096303
25736,0.004900181666016579
25737,0.0018872525542974472
25738,0.008328071795403957
25739,0.0004313763929530978
25740,0.001031703082844615
25741,0.0008372217416763306
25742,0.001141152810305357
25743,0.0005246239597909153
25744,0.001401263289153576
25745,0.0014374656602740288
25746,0.0027223480865359306
25747,0.0030484155286103487
25748,0.0005858340882696211
25749,0.0005568437045440078
25750,0.000591431453358382
25751,0.0012301106471568346
25752,0.0007231724448502064
25753,0.0008447577711194754
25754,0.0007241119747050107
25755,0.0010753920068964362
25756,0.01607518084347248
25757,0.028630733489990234
25758,0.002197393449023366
25759,0.0012870307546108961
25760,0.0025655117351561785
25761,0.0010944074019789696
25762,0.0031769978813827038
25763,0.000866818125359714
25764,0.0008643760229460895
25765,0.015841268002986908
25766,0.0005830838344991207
25767,0.0013198776869103312
25768,0.0006492078537121415
25769,0.0058477288112044334
25770,0.01780877448618412
25771,0.0006663865642622113
25772,0.0008392924210056663
25773,0.0031360010616481304
25774,0.0006404579617083073
25775,0.0014836359769105911
25776,0.0006515779532492161
25777,0.0009268966387026012
25778,0.0006825736491009593
25779,0.0006687685381621122
25780,0.000961181940510869
25781,0.0025651883333921432
25782,0.0017706028884276748
25783,0.0007145021809265018
25784,0.0012187027605250478
25785,0.0012766479048877954
25786,0.0008465485880151391
25787,0.0011766711249947548
25788,0.0008372495649382472
25789,0.0005861435201950371
25790,0.002164853271096945
25791,0.007545460481196642
25792,0.002214232459664345
25793,0.007600702345371246
25794,0.00122287985868752
25795,0.0031292131170630455
25796,0.015813596546649933
25797,0.0006214171880856156
25798,0.0012139749014750123
25799,0.0008894891943782568
25800,0.008336844854056835
25801,0.0005284466897137463
25802,0.0009131325641646981
25803,0.0008800770156085491
25804,0.000812066369690001
25805,0.002109125256538391
25806,0.00045939942356199026
25807,0.0005575655377469957
25808,0.0005956775858066976
25809,0.002078228397294879
25810,0.001938013592734933
25811,0.0020393452141433954
25812,0.0024165527429431677
25813,0.0010000935290008783
25814,0.0007131576421670616
25815,0.0011629590298980474
25816,0.0023833587765693665
25817,0.006020009517669678
25818,0.00039692159043624997
25819,0.0006661972729489207
25820,0.0009039826691150665
25821,0.001305681886151433
25822,0.0014347872929647565
25823,0.0007949728169478476
25824,0.0020792102441191673
25825,0.0013687314931303263
25826,0.0008956263773143291
25827,0.007358319126069546
25828,0.003122341586276889
25829,0.0008850024314597249
25830,0.00070961780147627
25831,0.0008169771172106266
25832,0.0012049783254042268
25833,0.0006085754721425474
25834,0.0013919924385845661
25835,0.001162302796728909
25836,0.0010983467800542712
25837,0.001381001202389598
25838,0.00088132219389081
25839,0.0006101251346990466
25840,0.0005760615458711982
25841,0.015318834222853184
25842,0.0011196203995496035
25843,0.00044592388439923525
25844,0.0011541532585397363
25845,0.0006390779744833708
25846,0.0007063467055559158
25847,0.00347737199626863
25848,0.0007080771028995514
25849,0.0005456688813865185
25850,0.0007286368636414409
25851,0.0015330635942518711
25852,0.00079394067870453
25853,0.0012552361004054546
25854,0.000638641300611198
25855,0.010370001196861267
25856,0.0005623252363875508
25857,0.0005846377462148666
25858,0.0010094696190208197
25859,0.0006815373199060559
25860,0.0012596107553690672
25861,0.0008764591766521335
25862,0.0008236391004174948
25863,0.0004323011089581996
25864,0.00039208962698467076
25865,0.001383709954097867
25866,0.000772381667047739
25867,0.0004521532100625336
25868,0.0004474344023037702
25869,0.0009035690454766154
25870,0.0005795074976049364
25871,0.0005210331873968244
25872,0.00034054165007546544
25873,0.000508436351083219
25874,0.0003801474813371897
25875,0.0005345895187929273
25876,0.00036319292848929763
25877,0.0005070400075055659
25878,0.0004946133121848106
25879,0.001107036485336721
25880,0.0006857591215521097
25881,0.000529570272192359
25882,0.0005264616338536143
25883,0.00047458847984671593
25884,0.0004480803618207574
25885,0.0004870649427175522
25886,0.001114040962420404
25887,0.0003549117245711386
25888,0.0004492405569180846
25889,0.0012473554816097021
25890,0.0003938035515602678
25891,0.0005214891862124205
25892,0.0006493314867839217
25893,0.00045137896086089313
25894,0.00042510489583946764
25895,0.0005833646864630282
25896,0.00033740559592843056
25897,0.0004644694272428751
25898,0.0004970559966750443
25899,0.00045161572052165866
25900,0.00046829471830278635
25901,0.0006682966486550868
25902,0.000362037040758878
25903,0.0006768642924726009
25904,0.0003130808472633362
25905,0.0004987905849702656
25906,0.00048453680938109756
25907,0.0006222381489351392
25908,0.0005336593603715301
25909,0.0004755583358928561
25910,0.0004113083996344358
25911,0.0003819835255853832
25912,0.0007138457149267197
25913,0.00031470617977902293
25914,0.0004839374159928411
25915,0.0005218362784944475
25916,0.0005801861407235265
25917,0.000736517773475498
25918,0.0003015295951627195
25919,0.00037248263834044337
25920,0.00037446588976308703
25921,0.00033789820736274123
25922,0.000415798625908792
25923,0.0004971125163137913
25924,0.0006583056529052556
25925,0.0002616547862999141
25926,0.0003844324382953346
25927,0.0007246084278449416
25928,0.00038801354821771383
25929,0.0006131968693807721
25930,0.0002547249314375222
25931,0.0006021570297889411
25932,0.00043387102778069675
25933,0.0005496606463566422
25934,0.0003552969137672335
25935,0.0005205648485571146
25936,0.00023070673341862857
25937,0.000429547275416553
25938,0.0007665154407732189
25939,0.00038082944229245186
25940,0.0007801390020176768
25941,0.0006144094513729215
25942,0.0005980880232527852
25943,0.000432407483458519
25944,0.00034329626942053437
25945,0.0003005234175361693
25946,0.0003662208328023553
25947,0.0002947970060631633
25948,0.0006239415379241109
25949,0.0005577169940806925
25950,0.0005490842740982771
25951,0.00035231991205364466
25952,0.000335811753757298
25953,0.00030552822863683105
25954,0.0004916989710181952
25955,0.0006562729831784964
25956,0.0003314657078590244
25957,0.0003450887161307037
25958,0.00040894217090681195
25959,0.0019417108269408345
25960,0.00047277568955905735
25961,0.00040334498044103384
25962,0.00037014955887570977
25963,0.00042270924313925207
25964,0.00029536738293245435
25965,0.00028892018599435687
25966,0.0005618245340883732
25967,0.0002949563495349139
25968,0.0004244033189024776
25969,0.0003521231992635876
25970,0.0003368176694493741
25971,0.0005515333032235503
25972,0.0003710824530571699
25973,0.00041832707938738167
25974,0.00034515862353146076
25975,0.0006285065319389105
25976,0.0003754490753635764
25977,0.0004263345035724342
25978,0.0008612638339400291
25979,0.000568621326237917
25980,0.0003871451481245458
25981,0.0005142532754689455
25982,0.000642379280179739
25983,0.00032317632576450706
25984,0.027537252753973007
25985,0.008513110689818859
25986,0.00044255430111661553
25987,0.0008603001479059458
25988,0.0017813730519264936
25989,0.0005368569982238114
25990,0.0007378990994766355
25991,0.0021485351026058197
25992,0.03349781408905983
25993,0.002451701555401087
25994,0.03364378213882446
25995,0.0004827533266507089
25996,0.0009521284373477101
25997,0.0007429866818711162
25998,0.0007436138112097979
25999,0.0006669180002063513
26000,0.0005209140363149345
26001,0.001596594462171197
26002,0.0009941552998498082
26003,0.0003053815453313291
26004,0.007944061420857906
26005,0.0010892559075728059
26006,0.0004299562715459615
26007,0.0003583960933610797
26008,0.0038307809736579657
26009,0.0011374398600310087
26010,0.0003050743252970278
26011,0.004482930526137352
26012,0.0013715733075514436
26013,0.00037596910260617733
26014,0.0021897489205002785
26015,0.0007693058578297496
26016,0.0006317189545370638
26017,0.0003549219691194594
26018,0.0012055246625095606
26019,0.0008916024235077202
26020,0.0007615059148520231
26021,0.0006705166306346655
26022,0.0011898067314177752
26023,0.05043359100818634
26024,0.008321505039930344
26025,0.00823319423943758
26026,0.001228354056365788
26027,0.00046338545507751405
26028,0.0004760216979775578
26029,0.00024087300698738545
26030,0.0020608906634151936
26031,0.000684800383169204
26032,0.0006850509089417756
26033,0.00026267889188602567
26034,0.00031737767858430743
26035,0.024382077157497406
26036,0.0007796570425853133
26037,0.01649080216884613
26038,0.00791998766362667
26039,0.0003231829032301903
26040,0.00045389449223876
26041,0.0004313642275519669
26042,0.000512598198838532
26043,0.008153351955115795
26044,0.001954866573214531
26045,0.0003570076951291412
26046,0.0003903562028426677
26047,0.0014511917252093554
26048,0.000331223156535998
26049,0.008151108399033546
26050,0.00037134572630748153
26051,0.0003073753323405981
26052,0.005500308703631163
26053,0.0003576840099412948
26054,0.00040704148705117404
26055,0.017292838543653488
26056,0.0044942982494831085
26057,0.0002487122837919742
26058,0.016863394528627396
26059,0.0003732701006811112
26060,0.027179300785064697
26061,0.00037652708124369383
26062,0.0005154226673766971
26063,0.0022995094768702984
26064,0.0006269648438319564
26065,0.0005513193318620324
26066,0.0018314882181584835
26067,0.0009302241960540414
26068,0.0013319607824087143
26069,0.0006793522625230253
26070,0.000596639234572649
26071,0.001110502053052187
26072,0.03184257820248604
26073,0.0003363156574778259
26074,0.0011585443280637264
26075,0.00034471237449906766
26076,0.00036811165045946836
26077,0.0005493011558428407
26078,0.00033590098610147834
26079,0.00032234855461865664
26080,0.01690606214106083
26081,0.0005580189172178507
26082,0.000309724360704422
26083,0.00043040013406425714
26084,0.0005487854941748083
26085,0.003996745217591524
26086,0.0003408238117117435
26087,0.00023853474704083055
26088,0.0018697591731324792
26089,0.015801066532731056
26090,0.0006328221061266959
26091,0.022141151130199432
26092,0.0005525602027773857
26093,0.005246195010840893
26094,0.0008639409788884223
26095,0.000601426581852138
26096,0.0003778644895646721
26097,0.0004409151733852923
26098,0.00042143126484006643
26099,0.0023051276803016663
26100,0.0009920347947627306
26101,0.00827927328646183
26102,0.002129065338522196
26103,0.0005371943116188049
26104,0.03431311622262001
26105,0.000699568830896169
26106,0.0004824683128390461
26107,0.001160929910838604
26108,0.0006527055520564318
26109,0.00042287749238312244
26110,0.0011266948422417045
26111,0.0006037037819623947
26112,0.0009238097700290382
26113,0.0007713971426710486
26114,0.004341359715908766
26115,0.00026535982033237815
26116,0.002376028336584568
26117,0.0012259897775948048
26118,0.0003717764629982412
26119,0.000873830053023994
26120,0.000566288479603827
26121,0.021790578961372375
26122,0.019078245386481285
26123,0.0007409604149870574
26124,0.00814877264201641
26125,0.03507540747523308
26126,0.00045218970626592636
26127,0.0019088006811216474
26128,0.0007656436646357179
26129,0.000860944390296936
26130,0.009745101444423199
26131,0.00044924483518116176
26132,0.0023404157254844904
26133,0.00047690412611700594
26134,0.0003464334295131266
26135,0.015261671505868435
26136,0.011606101877987385
26137,0.03582218289375305
26138,0.00037757045356556773
26139,0.0016595893539488316
26140,0.016921047121286392
26141,0.006929127499461174
26142,0.0389278419315815
26143,0.001572005683556199
26144,0.0006403864827007055
26145,0.00041979452362284064
26146,0.010483008809387684
26147,0.002031679730862379
26148,0.0053666988387703896
26149,0.008037488907575607
26150,0.0016013069543987513
26151,0.029518356546759605
26152,0.001359779154881835
26153,0.002110162051394582
26154,0.0006169425323605537
26155,0.0018534277332946658
26156,0.00039391673635691404
26157,0.000788526376709342
26158,0.05659804865717888
26159,0.0008624481270089746
26160,0.006422323174774647
26161,0.02795473486185074
26162,0.018106169998645782
26163,0.001239814329892397
26164,0.0004892381257377565
26165,0.0006404485902749002
26166,0.0007751281373202801
26167,0.013513078913092613
26168,0.0005177785642445087
26169,0.007260036189109087
26170,0.0014210643712431192
26171,0.0011669422965496778
26172,0.0017939954996109009
26173,0.0019851773977279663
26174,0.0038041137158870697
26175,0.0015632447320967913
26176,0.004410506691783667
26177,0.0014921543188393116
26178,0.002711466746404767
26179,0.0045114001259207726
26180,0.002045129891484976
26181,0.0017430998850613832
26182,0.027061421424150467
26183,0.008884373120963573
26184,0.004302327521145344
26185,0.03561023995280266
26186,0.0024964886251837015
26187,0.0028516261372715235
26188,0.001283853081986308
26189,0.03236642852425575
26190,0.0008069996256381273
26191,0.013054831884801388
26192,0.016117006540298462
26193,0.0015880526043474674
26194,0.0005214730044826865
26195,0.0010135495103895664
26196,0.0015801179688423872
26197,0.012776734307408333
26198,0.002593396697193384
26199,0.0006370991468429565
26200,0.001164256944321096
26201,0.0011690127430483699
26202,0.003397176507860422
26203,0.000814948114566505
26204,0.00417484063655138
26205,0.007923033088445663
26206,0.0005783892702311277
26207,0.002238009124994278
26208,0.03320927172899246
26209,0.02090742252767086
26210,0.0033238925971090794
26211,0.002379465149715543
26212,0.0007844079518690705
26213,0.0008467421866953373
26214,0.0005322141223587096
26215,0.008611097000539303
26216,0.0008015986531972885
26217,0.00029403044027276337
26218,0.0014773085713386536
26219,0.014553532004356384
26220,0.0008307317038998008
26221,0.008467680774629116
26222,0.00047434019506908953
26223,0.005755219608545303
26224,0.020051710307598114
26225,0.001041073934175074
26226,0.0009863836457952857
26227,0.0014705610228702426
26228,0.0011098739923909307
26229,0.016320837661623955
26230,0.004131574183702469
26231,0.0009776022052392364
26232,0.01468731090426445
26233,0.03879141807556152
26234,0.00810205563902855
26235,0.0019912568386644125
26236,0.0023774979636073112
26237,0.000295585545245558
26238,0.0007572956965304911
26239,0.0016894279979169369
26240,0.0005561010912060738
26241,0.00035995253711007535
26242,0.0008497909875586629
26243,0.0009744872804731131
26244,0.00045197200961411
26245,0.0007558565703220665
26246,0.001513360533863306
26247,0.0009292121394537389
26248,0.0004581474931910634
26249,0.001742554479278624
26250,0.0008589783101342618
26251,0.01584336906671524
26252,0.002989857690408826
26253,0.004885032773017883
26254,0.00047793236444704235
26255,0.0005625614430755377
26256,0.010533979162573814
26257,0.0016698791878297925
26258,0.0003528023953549564
26259,0.0005391956656239927
26260,0.00884130597114563
26261,0.00034707572194747627
26262,0.0009570037946105003
26263,0.0010328767821192741
26264,0.0008916044607758522
26265,0.0058687468990683556
26266,0.002892746590077877
26267,0.0008383580716326833
26268,0.0003971704572904855
26269,0.0006340056424960494
26270,0.023218782618641853
26271,0.02013733796775341
26272,0.0012622351059690118
26273,0.004791370127350092
26274,0.0009589992696419358
26275,0.0016959932399913669
26276,0.00044613060890696943
26277,0.015341154299676418
26278,0.0003889831714332104
26279,0.0012125096982344985
26280,0.0007047489634715021
26281,0.004968652501702309
26282,0.0006194510497152805
26283,0.0010614895727485418
26284,0.000640976126305759
26285,0.009852200746536255
26286,0.004101634491235018
26287,0.0012829736806452274
26288,0.004545723088085651
26289,0.001169708906672895
26290,0.0011656919959932566
26291,0.01817380264401436
26292,0.004463615361601114
26293,0.00105665298178792
26294,0.0012246345868334174
26295,0.00030656217131763697
26296,0.0005342147778719664
26297,0.000497158442158252
26298,0.0008737657335586846
26299,0.0006341183325275779
26300,0.0018379618413746357
26301,0.0008565587340854108
26302,0.002564907306805253
26303,0.008624657988548279
26304,0.0014840555377304554
26305,0.003804287174716592
26306,0.0007222152780741453
26307,0.02129138633608818
26308,0.011048195883631706
26309,0.004556638188660145
26310,0.0005315796588547528
26311,0.0009231084841303527
26312,0.0007621018448844552
26313,0.01224545668810606
26314,0.0005486676818691194
26315,0.0006580164190381765
26316,0.008479642681777477
26317,0.0011575964745134115
26318,0.0012641417561098933
26319,0.0017330870032310486
26320,0.0006013458478264511
26321,0.008251066319644451
26322,0.0005691100959666073
26323,0.00503702973946929
26324,0.00044157670345157385
26325,0.0045643942430615425
26326,0.0018859452102333307
26327,0.0008790668798610568
26328,0.0014675525017082691
26329,0.0011340589262545109
26330,0.0016549380961805582
26331,0.001051481580361724
26332,0.00583923002704978
26333,0.0009927265346050262
26334,0.0008197088027372956
26335,0.0007654593791812658
26336,0.0005255338037386537
26337,0.0005078770918771625
26338,0.0005074371001683176
26339,0.0008508429164066911
26340,0.0003707254654727876
26341,0.000686782062985003
26342,0.0004712129011750221
26343,0.0012790003092959523
26344,0.01804455555975437
26345,0.00041254283860325813
26346,0.01369377039372921
26347,0.0005517496028915048
26348,0.0014392249286174774
26349,0.0017746688099578023
26350,0.00038025761023163795
26351,0.00035376669256947935
26352,0.0008613860700279474
26353,0.008525743149220943
26354,0.005065272096544504
26355,0.003428184660151601
26356,0.00091573316603899
26357,0.0018297055503353477
26358,0.0004582210967782885
26359,0.00021092750830575824
26360,0.0007918834453448653
26361,0.008438173681497574
26362,0.004241129383444786
26363,0.003866925835609436
26364,0.008138763718307018
26365,0.0005552601651288569
26366,0.0006545287324115634
26367,0.0007052570581436157
26368,0.01913461647927761
26369,0.0028847651556134224
26370,0.0023250344675034285
26371,0.0013832679251208901
26372,0.0019910538103431463
26373,0.0028051030822098255
26374,0.0007159604574553668
26375,0.013505371287465096
26376,0.0009119533933699131
26377,0.020010752603411674
26378,0.033742886036634445
26379,0.0007796963327564299
26380,0.01579858362674713
26381,0.0008349813870154321
26382,0.004312927834689617
26383,0.0018257665215060115
26384,0.016718348488211632
26385,0.0009546430082991719
26386,0.0016038966132327914
26387,0.0033867796882987022
26388,0.0007175661739893258
26389,0.004081880208104849
26390,0.01597723923623562
26391,0.00047546293353661895
26392,0.008031518198549747
26393,0.0003844766761176288
26394,0.00402971263974905
26395,0.022098559886217117
26396,0.03890221565961838
26397,0.02523808553814888
26398,0.004820914939045906
26399,0.0007973844185471535
26400,0.020815927535295486
26401,0.0015969669912010431
26402,0.01986689679324627
26403,0.003969594836235046
26404,0.009089839644730091
26405,0.0017218270804733038
26406,0.02108876034617424
26407,0.03743445500731468
26408,0.014217277057468891
26409,0.0019376663258299232
26410,0.01644621230661869
26411,0.003148603718727827
26412,0.0009558650199323893
26413,0.005003020167350769
26414,0.002536994172260165
26415,0.004705560393631458
26416,0.0013666765298694372
26417,0.007875557988882065
26418,0.004739648662507534
26419,0.002537158550694585
26420,0.002099389908835292
26421,0.003944046329706907
26422,0.0014889214653521776
26423,0.00156227161642164
26424,0.009759758599102497
26425,0.015256364829838276
26426,0.0015162015333771706
26427,0.0013195365900173783
26428,0.006000902969390154
26429,0.026054227724671364
26430,0.001198785612359643
26431,0.000650675967335701
26432,0.0011381281074136496
26433,0.00202045775949955
26434,0.004878704901784658
26435,0.018835345283150673
26436,0.009485569782555103
26437,0.0007354457629844546
26438,0.002516264095902443
26439,0.0009442197624593973
26440,0.001657554879784584
26441,0.017945606261491776
26442,0.0014580434653908014
26443,0.019683755934238434
26444,0.004391217604279518
26445,0.002431095577776432
26446,0.0015722888056188822
26447,0.0017417431809008121
26448,0.005420386791229248
26449,0.02675875648856163
26450,0.0309019573032856
26451,0.0055228108540177345
26452,0.006855421233922243
26453,0.0022934223525226116
26454,0.0047469125129282475
26455,0.01786619983613491
26456,0.0009149259421974421
26457,0.0006924321060068905
26458,0.0008923864807002246
26459,0.030214617028832436
26460,0.006706078536808491
26461,0.001155748264864087
26462,0.0017024734988808632
26463,0.002300899475812912
26464,0.012656137347221375
26465,0.014710180461406708
26466,0.002884768880903721
26467,0.003426541807129979
26468,0.00961618684232235
26469,0.0013654348440468311
26470,0.0008720417972654104
26471,0.010375872254371643
26472,0.012628676369786263
26473,0.0009044636972248554
26474,0.002732086693868041
26475,0.0037263142876327038
26476,0.006397631950676441
26477,0.00292336568236351
26478,0.0014045822899788618
26479,0.0022602705284953117
26480,0.002464740304276347
26481,0.0017115897499024868
26482,0.012264396995306015
26483,0.00166929024271667
26484,0.009515893645584583
26485,0.0015285934787243605
26486,0.01640051044523716
26487,0.0029158717952668667
26488,0.0009931273525580764
26489,0.01952512562274933
26490,0.04406397417187691
26491,0.002129167318344116
26492,0.0009478814899921417
26493,0.0016807252541184425
26494,0.006248524412512779
26495,0.0015046693151816726
26496,0.00077823520405218
26497,0.028707429766654968
26498,0.0016832365654408932
26499,0.00772665673866868
26500,0.0012366676237434149
26501,0.00211803475394845
26502,0.027697239071130753
26503,0.02208108827471733
26504,0.002541252877563238
26505,0.0026166075840592384
26506,0.03287288174033165
26507,0.0005893663037568331
26508,0.02251729741692543
26509,0.028007689863443375
26510,0.0014977871906012297
26511,0.018966451287269592
26512,0.005417392589151859
26513,0.0011684105265885592
26514,0.0024480733554810286
26515,0.030047670006752014
26516,0.013455390930175781
26517,0.004297023639082909
26518,0.0037165929097682238
26519,0.023764923214912415
26520,0.002137924777343869
26521,0.0033149796072393656
26522,0.007956517860293388
26523,0.0019350163638591766
26524,0.0049302345141768456
26525,0.0016380297020077705
26526,0.002947088098153472
26527,0.006765954662114382
26528,0.00444016931578517
26529,0.025067079812288284
26530,0.00417530769482255
26531,0.0017277966253459454
26532,0.001355478772893548
26533,0.0018174583092331886
26534,0.007066887803375721
26535,0.02746259979903698
26536,0.003267038846388459
26537,0.00991306733340025
26538,0.004179922863841057
26539,0.022289926186203957
26540,0.0010146084241569042
26541,0.0010335512924939394
26542,0.0018207731191068888
26543,0.0015346519649028778
26544,0.029744459316134453
26545,0.006858182605355978
26546,0.0011644730111584067
26547,0.0021220738999545574
26548,0.0009649887215346098
26549,0.03350416198372841
26550,0.007817711681127548
26551,0.01855643466114998
26552,0.026729872450232506
26553,0.002111812587827444
26554,0.005567571148276329
26555,0.004153271205723286
26556,0.003044562181457877
26557,0.011406401172280312
26558,0.01899067871272564
26559,0.0026199347339570522
26560,0.001752996351569891
26561,0.0034090352710336447
26562,0.00932183675467968
26563,0.0024550852831453085
26564,0.0040636081248521805
26565,0.0510588064789772
26566,0.002558761974796653
26567,0.0030303618405014277
26568,0.0035516158677637577
26569,0.020090006291866302
26570,0.02076203189790249
26571,0.0025599671062082052
26572,0.0032272604294121265
26573,0.005740208551287651
26574,0.008361690677702427
26575,0.007681891322135925
26576,0.02136586420238018
26577,0.0015536732971668243
26578,0.0014211926609277725
26579,0.002004628535360098
26580,0.022296009585261345
26581,0.011983778327703476
26582,0.003927811048924923
26583,0.004005390219390392
26584,0.0053970529697835445
26585,0.0012078887084499002
26586,0.0021357638761401176
26587,0.0012422550935298204
26588,0.011757872067391872
26589,0.0035549839958548546
26590,0.015252036042511463
26591,0.008124252781271935
26592,0.021268615499138832
26593,0.006748069543391466
26594,0.0015379777178168297
26595,0.004428858403116465
26596,0.001319000730291009
26597,0.0011803875677287579
26598,0.002153474371880293
26599,0.003603337798267603
26600,0.028206421062350273
26601,0.0019374241819605231
26602,0.013324734754860401
26603,0.0023298333398997784
26604,0.007359277456998825
26605,0.01179287675768137
26606,0.0045408401638269424
26607,0.002775052795186639
26608,0.001974925398826599
26609,0.013469028286635876
26610,0.002092229202389717
26611,0.001644284464418888
26612,0.0031358692795038223
26613,0.0028225372079759836
26614,0.01921016536653042
26615,0.0024159755557775497
26616,0.013818453997373581
26617,0.012163705192506313
26618,0.003510044887661934
26619,0.011631257832050323
26620,0.013005923479795456
26621,0.00641062343493104
26622,0.0037284770514816046
26623,0.0028503083158284426
26624,0.001477107172831893
26625,0.0073330579325556755
26626,0.014744780957698822
26627,0.0023760036565363407
26628,0.004952673334628344
26629,0.0028420703019946814
26630,0.0012312515173107386
26631,0.016812831163406372
26632,0.007478503510355949
26633,0.001478944905102253
26634,0.0038520395755767822
26635,0.009483281522989273
26636,0.024303533136844635
26637,0.0036999464500695467
26638,0.001732492703013122
26639,0.020252805203199387
26640,0.001969334203749895
26641,0.0027100350707769394
26642,0.0015138135058805346
26643,0.005523265805095434
26644,0.0358448252081871
26645,0.018278641626238823
26646,0.008208468556404114
26647,0.004905726760625839
26648,0.0014757482567802072
26649,0.004450641106814146
26650,0.00561849819496274
26651,0.03662174940109253
26652,0.0026714857667684555
26653,0.0013434684369713068
26654,0.003783081192523241
26655,0.0015306711429730058
26656,0.04447527602314949
26657,0.011451072990894318
26658,0.0011774548329412937
26659,0.0008971999632194638
26660,0.004491725936532021
26661,0.0020647328346967697
26662,0.00803526584059
26663,0.005052207037806511
26664,0.0034423894248902798
26665,0.0055310907773673534
26666,0.0035109026357531548
26667,0.004268938675522804
26668,0.0010215704096481204
26669,0.001708728028461337
26670,0.0020811837166547775
26671,0.0012042796006426215
26672,0.00451117567718029
26673,0.0008624232141301036
26674,0.006696756929159164
26675,0.04590291902422905
26676,0.021067896857857704
26677,0.003079724032431841
26678,0.0015509451040998101
26679,0.0016324534080922604
26680,0.0015890821814537048
26681,0.001234007766470313
26682,0.0014160419814288616
26683,0.01607362926006317
26684,0.0027604640927165747
26685,0.012246998958289623
26686,0.01906253956258297
26687,0.001771045383065939
26688,0.010830480605363846
26689,0.0012411787174642086
26690,0.015410988591611385
26691,0.013860313221812248
26692,0.013851454481482506
26693,0.003882169956341386
26694,0.00182024494279176
26695,0.002055288292467594
26696,0.002254486782476306
26697,0.0027401098050177097
26698,0.005582910962402821
26699,0.0016055791638791561
26700,0.001777838682755828
26701,0.0009747174335643649
26702,0.00140619114972651
26703,0.005071355029940605
26704,0.020928459241986275
26705,0.01799958199262619
26706,0.0016798004508018494
26707,0.033791542053222656
26708,0.0040940577164292336
26709,0.0024193592835217714
26710,0.015349467284977436
26711,0.005280474200844765
26712,0.0017115278169512749
26713,0.0023151948116719723
26714,0.0015658526681363583
26715,0.0046910778619349
26716,0.019732434302568436
26717,0.012673871591687202
26718,0.0011302933562546968
26719,0.0020659887231886387
26720,0.0044431667774915695
26721,0.02033332921564579
26722,0.0019633015617728233
26723,0.0032540536485612392
26724,0.002670393558219075
26725,0.013042486272752285
26726,0.0016984686953946948
26727,0.029880424961447716
26728,0.0013638236559927464
26729,0.007154323160648346
26730,0.006472747307270765
26731,0.014986813999712467
26732,0.004174612462520599
26733,0.004491379018872976
26734,0.003402013797312975
26735,0.0015523014590144157
26736,0.011385247111320496
26737,0.002361689228564501
26738,0.006517874076962471
26739,0.001050387741997838
26740,0.007569881621748209
26741,0.0019214589847251773
26742,0.0016243489226326346
26743,0.002287883311510086
26744,0.0022207265719771385
26745,0.0029165868181735277
26746,0.018024323508143425
26747,0.0022663003765046597
26748,0.005524192936718464
26749,0.005674644839018583
26750,0.0009382660500705242
26751,0.000770060287322849
26752,0.0019084233790636063
26753,0.00857657752931118
26754,0.005042589269578457
26755,0.020142599940299988
26756,0.002260711044073105
26757,0.024200495332479477
26758,0.0072852023877203465
26759,0.003744617337360978
26760,0.0023046534042805433
26761,0.0009242179221473634
26762,0.001057131914421916
26763,0.0020236261188983917
26764,0.0012473338283598423
26765,0.003108375705778599
26766,0.018005339428782463
26767,0.008602668531239033
26768,0.0016387475188821554
26769,0.0031689165625721216
26770,0.0016092648729681969
26771,0.006294621620327234
26772,0.016850294545292854
26773,0.0043550943955779076
26774,0.020700011402368546
26775,0.0024219921324402094
26776,0.0014892318286001682
26777,0.0013128765858709812
26778,0.0029100016690790653
26779,0.038890108466148376
26780,0.0010522338561713696
26781,0.0019914854783564806
26782,0.0014014743501320481
26783,0.003988558892160654
26784,0.007803681772202253
26785,0.0017604478634893894
26786,0.0013521115761250257
26787,0.0014473518822342157
26788,0.0009397256653755903
26789,0.001235839445143938
26790,0.000799939502030611
26791,0.0013521612854674459
26792,0.0074868411757051945
26793,0.001333083026111126
26794,0.00661329785361886
26795,0.0025757153052836657
26796,0.0012471567606553435
26797,0.0015647527761757374
26798,0.015231117606163025
26799,0.0020289886742830276
26800,0.021098561584949493
26801,0.002173727611079812
26802,0.020926743745803833
26803,0.0017865352565422654
26804,0.04870785400271416
26805,0.0012652658624574542
26806,0.005009508691728115
26807,0.0013900732155889273
26808,0.0009790597250685096
26809,0.0014673609985038638
26810,0.0014104219153523445
26811,0.011905698105692863
26812,0.004872802644968033
26813,0.0013568585272878408
26814,0.03433401882648468
26815,0.0013421722687780857
26816,0.0009640270145609975
26817,0.0024858785327523947
26818,0.010895686224102974
26819,0.0019078687764704227
26820,0.0013659446267411113
26821,0.001730074523948133
26822,0.001108590280637145
26823,0.0017250265227630734
26824,0.001491390634328127
26825,0.0008039599051699042
26826,0.0016943340888246894
26827,0.0015711518935859203
26828,0.001526905340142548
26829,0.003521190956234932
26830,0.013565448112785816
26831,0.01700936071574688
26832,0.003054768545553088
26833,0.0014866847777739167
26834,0.02369670756161213
26835,0.01349487155675888
26836,0.008255647495388985
26837,0.033884819597005844
26838,0.0017121632117778063
26839,0.022609949111938477
26840,0.0014416524209082127
26841,0.0030111665837466717
26842,0.0019579234067350626
26843,0.0018128440715372562
26844,0.005361461080610752
26845,0.0027357202488929033
26846,0.005009111016988754
26847,0.001330621656961739
26848,0.0021895780228078365
26849,0.011705350130796432
26850,0.0017142613651230931
26851,0.01526565570384264
26852,0.0040278006345033646
26853,0.0010750731453299522
26854,0.002041356638073921
26855,0.012651799246668816
26856,0.0037102887872606516
26857,0.0013386018108576536
26858,0.0022446252405643463
26859,0.0013328761560842395
26860,0.05330704525113106
26861,0.006404845509678125
26862,0.0024736300110816956
26863,0.00716822687536478
26864,0.019410138949751854
26865,0.0024666539393365383
26866,0.005829779431223869
26867,0.0023279604502022266
26868,0.0011535389348864555
26869,0.002458530478179455
26870,0.0007824227213859558
26871,0.0013098242925480008
26872,0.002066399436444044
26873,0.0015340396203100681
26874,0.02349700778722763
26875,0.0020213834941387177
26876,0.00146286201197654
26877,0.005263246595859528
26878,0.0010455449810251594
26879,0.0011149492347612977
26880,0.0009733914630487561
26881,0.0040040165185928345
26882,0.0014186878688633442
26883,0.0009758870583027601
26884,0.0018639529589563608
26885,0.0016320550348609686
26886,0.004165819846093655
26887,0.0006393931107595563
26888,0.0011556758545339108
26889,0.015318261459469795
26890,0.006181118078529835
26891,0.010724648833274841
26892,0.0013260133564472198
26893,0.004739011637866497
26894,0.0019998042844235897
26895,0.002024487592279911
26896,0.00046012201346457005
26897,0.002031008480116725
26898,0.0016539423959329724
26899,0.007234531920403242
26900,0.010011047124862671
26901,0.036839231848716736
26902,0.029257312417030334
26903,0.0009589609107933939
26904,0.0008940384723246098
26905,0.0018894602544605732
26906,0.0007118413923308253
26907,0.0012827221071347594
26908,0.001006747130304575
26909,0.0035206361208111048
26910,0.0073388079181313515
26911,0.011913771741092205
26912,0.00431207288056612
26913,0.004180064424872398
26914,0.0008497256203554571
26915,0.0006770386244170368
26916,0.006423234939575195
26917,0.0004966834094375372
26918,0.000705045007634908
26919,0.0006527263903990388
26920,0.012935403734445572
26921,0.0023002764210104942
26922,0.002473614877089858
26923,0.0016162096289917827
26924,0.0014991664793342352
26925,0.0018716298509389162
26926,0.0042249830439686775
26927,0.009244385175406933
26928,0.0018598084570840001
26929,0.0010542310774326324
26930,0.0011363718658685684
26931,0.005835709627717733
26932,0.0006746810977347195
26933,0.003738092491403222
26934,0.0006600870983675122
26935,0.0009453142993152142
26936,0.0010481977369636297
26937,0.0007565213600173593
26938,0.04767908528447151
26939,0.0008550624479539692
26940,0.001310200896114111
26941,0.008721355348825455
26942,0.0014435122720897198
26943,0.017164601013064384
26944,0.021419204771518707
26945,0.0021972001995891333
26946,0.007567085325717926
26947,0.009432130493223667
26948,0.0011808662675321102
26949,0.0009442628361284733
26950,0.0054789138957858086
26951,0.0009408901678398252
26952,0.0014913843479007483
26953,0.0029545738361775875
26954,0.009853823110461235
26955,0.001425874070264399
26956,0.002750952262431383
26957,0.0009411184582859278
26958,0.0007412726990878582
26959,0.0024891640059649944
26960,0.0026460005901753902
26961,0.0010934690944850445
26962,0.001142142922617495
26963,0.0007952232263050973
26964,0.0005104785086587071
26965,0.0013938704505562782
26966,0.001422185217961669
26967,0.00470127584412694
26968,0.0011561994906514883
26969,0.011135763488709927
26970,0.0025899289175868034
26971,0.04800615832209587
26972,0.0014094301732257009
26973,0.0008934080833569169
26974,0.001698860665783286
26975,0.0009914557449519634
26976,0.01835785247385502
26977,0.0036409017629921436
26978,0.026113063097000122
26979,0.0007662248099222779
26980,0.0017357037868350744
26981,0.00473910802975297
26982,0.007440425921231508
26983,0.008302992209792137
26984,0.0007717536645941436
26985,0.0006272013997659087
26986,0.0014296626904979348
26987,0.004560576751828194
26988,0.005084303207695484
26989,0.0005530078778974712
26990,0.00197426974773407
26991,0.0008766024257056415
26992,0.0012893478851765394
26993,0.001839516218751669
26994,0.000652655609883368
26995,0.001431262819096446
26996,0.0022512064315378666
26997,0.0014682174660265446
26998,0.0010364220943301916
26999,0.001153463963419199
27000,0.016559313982725143
27001,0.002166842110455036
27002,0.027407709509134293
27003,0.0007742353482171893
27004,0.001738964463584125
27005,0.00393272191286087
27006,0.0011150905629619956
27007,0.008575109764933586
27008,0.013894423842430115
27009,0.021425317972898483
27010,0.002279804088175297
27011,0.024723883718252182
27012,0.08362926542758942
27013,0.03213518112897873
27014,0.004728533327579498
27015,0.01046400424093008
27016,0.003662274917587638
27017,0.017239799723029137
27018,0.019344396889209747
27019,0.0011101264972239733
27020,0.0027414276264607906
27021,0.002163264434784651
27022,0.032922375947237015
27023,0.020037556067109108
27024,0.042198073118925095
27025,0.0020670604426413774
27026,0.0036024097353219986
27027,0.01641509309411049
27028,0.01659967750310898
27029,0.0098149124532938
27030,0.008876316249370575
27031,0.019848566502332687
27032,0.0030524837784469128
27033,0.015238415449857712
27034,0.0008000580128282309
27035,0.006648308597505093
27036,0.015997838228940964
27037,0.003032986307516694
27038,0.0006420296849682927
27039,0.027094701305031776
27040,0.0348498560488224
27041,0.03935055062174797
27042,0.020521489903330803
27043,0.02869453653693199
27044,0.011325299739837646
27045,0.016156168654561043
27046,0.02218031883239746
27047,0.003156681079417467
27048,0.0017850236035883427
27049,0.004532163497060537
27050,0.058158066123723984
27051,0.02154185250401497
27052,0.0068307057954370975
27053,0.00858180783689022
27054,0.004240999463945627
27055,0.0014226790517568588
27056,0.016846485435962677
27057,0.011245562694966793
27058,0.016169831156730652
27059,0.001251695677638054
27060,0.006021867040544748
27061,0.003825148567557335
27062,0.02060401253402233
27063,0.0038012173026800156
27064,0.0037138797342777252
27065,0.012462671846151352
27066,0.009123667143285275
27067,0.014515532180666924
27068,0.0024915672838687897
27069,0.004354045260697603
27070,0.023702001199126244
27071,0.009754622355103493
27072,0.02229163609445095
27073,0.0073977382853627205
27074,0.029219070449471474
27075,0.0014606349868699908
27076,0.009509045630693436
27077,0.002067296765744686
27078,0.0036635317374020815
27079,0.011837353929877281
27080,0.0306725911796093
27081,0.005789704155176878
27082,0.010062938556075096
27083,0.011047516018152237
27084,0.0025360863655805588
27085,0.045342039316892624
27086,0.004286119714379311
27087,0.059286437928676605
27088,0.017688672989606857
27089,0.028112255036830902
27090,0.0019268669420853257
27091,0.006438050884753466
27092,0.008553007617592812
27093,0.0034661872778087854
27094,0.001955570187419653
27095,0.001873968867585063
27096,0.01223049871623516
27097,0.004363071173429489
27098,0.004498450551182032
27099,0.02867710590362549
27100,0.004998795688152313
27101,0.00393405556678772
27102,0.0023838321212679148
27103,0.006101609673351049
27104,0.02161918208003044
27105,0.03610939905047417
27106,0.01445633452385664
27107,0.027698833495378494
27108,0.004153396002948284
27109,0.0055465237237513065
27110,0.006182840093970299
27111,0.01557331345975399
27112,0.003836139803752303
27113,0.0023270018864423037
27114,0.0025556122418493032
27115,0.005459857173264027
27116,0.027861105278134346
27117,0.005584597121924162
27118,0.023463675752282143
27119,0.0020617744885385036
27120,0.002488021505996585
27121,0.0047215307131409645
27122,0.010594148188829422
27123,0.0031808274798095226
27124,0.010730930604040623
27125,0.004087263718247414
27126,0.00454616267234087
27127,0.007970183156430721
27128,0.035057589411735535
27129,0.009877320379018784
27130,0.001625345554202795
27131,0.013856764882802963
27132,0.017109382897615433
27133,0.003952879458665848
27134,0.013350927270948887
27135,0.006196572910994291
27136,0.0023432886227965355
27137,0.00816420279443264
27138,0.011446287855505943
27139,0.0033699292689561844
27140,0.004251849837601185
27141,0.004035241901874542
27142,0.010169792920351028
27143,0.009911812841892242
27144,0.008835967630147934
27145,0.04584063962101936
27146,0.0009338341769762337
27147,0.016651861369609833
27148,0.014036918058991432
27149,0.005697519052773714
27150,0.04124930873513222
27151,0.0013403918128460646
27152,0.0019655958749353886
27153,0.002269377000629902
27154,0.017432713881134987
27155,0.0027587341610342264
27156,0.003647584468126297
27157,0.002493260195478797
27158,0.0038367207162082195
27159,0.0015807431191205978
27160,0.02845403365790844
27161,0.006708020344376564
27162,0.006747954525053501
27163,0.0029925797134637833
27164,0.03684062138199806
27165,0.004011173732578754
27166,0.00510729756206274
27167,0.004668668378144503
27168,0.003460064996033907
27169,0.02350805141031742
27170,0.001623447285965085
27171,0.03739780932664871
27172,0.0023926501162350178
27173,0.0065656085498631
27174,0.027690637856721878
27175,0.012609841302037239
27176,0.0015138902235776186
27177,0.006451581604778767
27178,0.012646188028156757
27179,0.0024567539803683758
27180,0.0015519887674599886
27181,0.00402499595656991
27182,0.01760251261293888
27183,0.004439976066350937
27184,0.0024441094137728214
27185,0.02992578223347664
27186,0.02202373556792736
27187,0.016537781804800034
27188,0.0021254289895296097
27189,0.0018147926311939955
27190,0.0031542396172881126
27191,0.004523453302681446
27192,0.012687845155596733
27193,0.0019822886679321527
27194,0.003979771863669157
27195,0.0036797872744500637
27196,0.001757370657287538
27197,0.00444578705355525
27198,0.01572890765964985
27199,0.029940064996480942
27200,0.0031586920376867056
27201,0.017404647544026375
27202,0.0015733321197330952
27203,0.005628239829093218
27204,0.004430824890732765
27205,0.009325046092271805
27206,0.005901331547647715
27207,0.043029893189668655
27208,0.002956217620521784
27209,0.0028320509009063244
27210,0.00537825794890523
27211,0.0023583488073199987
27212,0.0015755911590531468
27213,0.0061409566551446915
27214,0.002878214232623577
27215,0.007321842014789581
27216,0.00351574900560081
27217,0.0025363611057400703
27218,0.01895713061094284
27219,0.033867742866277695
27220,0.00654285354539752
27221,0.0026997921522706747
27222,0.0020119184628129005
27223,0.0019223913550376892
27224,0.0015486059710383415
27225,0.01909984089434147
27226,0.0031285895965993404
27227,0.0010780750308185816
27228,0.019050346687436104
27229,0.001551538472995162
27230,0.010151069611310959
27231,0.02173328958451748
27232,0.004801088944077492
27233,0.00829775258898735
27234,0.00071451481198892
27235,0.0012574559077620506
27236,0.0030179903842508793
27237,0.028032740578055382
27238,0.00581100070849061
27239,0.0022658025845885277
27240,0.016813337802886963
27241,0.0021508329082280397
27242,0.01609584502875805
27243,0.001003993209451437
27244,0.008838810957968235
27245,0.01261761225759983
27246,0.0025836750864982605
27247,0.01460138987749815
27248,0.03841138258576393
27249,0.003292548004537821
27250,0.018205806612968445
27251,0.009030316025018692
27252,0.0032288243528455496
27253,0.010477067902684212
27254,0.0009663916425779462
27255,0.0022152410820126534
27256,0.02536567859351635
27257,0.006965999025851488
27258,0.0019682394340634346
27259,0.00487910583615303
27260,0.001956076128408313
27261,0.02340482920408249
27262,0.0028745720628648996
27263,0.0016560290241613984
27264,0.017036737874150276
27265,0.0014385059475898743
27266,0.027889041230082512
27267,0.03373825550079346
27268,0.032399922609329224
27269,0.017586618661880493
27270,0.023573506623506546
27271,0.004151371773332357
27272,0.0026093083433806896
27273,0.0019673502538353205
27274,0.008792078122496605
27275,0.01471822988241911
27276,0.004083059728145599
27277,0.000671790970955044
27278,0.012164907529950142
27279,0.002713957102969289
27280,0.03575495630502701
27281,0.0022763959132134914
27282,0.010236992500722408
27283,0.001949554425664246
27284,0.05031837150454521
27285,0.010479561053216457
27286,0.002500593662261963
27287,0.021717771887779236
27288,0.0011602479498833418
27289,0.007350149564445019
27290,0.0034903588239103556
27291,0.004122257232666016
27292,0.001054859603755176
27293,0.026039261370897293
27294,0.002357741352170706
27295,0.004290168173611164
27296,0.0031065079383552074
27297,0.004922934342175722
27298,0.004406088497489691
27299,0.02013642154633999
27300,0.03177469223737717
27301,0.00456285011023283
27302,0.0035162954591214657
27303,0.0037735896185040474
27304,0.017515620216727257
27305,0.01991603709757328
27306,0.003022396471351385
27307,0.029121115803718567
27308,0.00856795720756054
27309,0.0014184493338689208
27310,0.009547900408506393
27311,0.0012034401297569275
27312,0.0021482212468981743
27313,0.0049596671015024185
27314,0.019322268664836884
27315,0.020215798169374466
27316,0.011075913906097412
27317,0.022758644074201584
27318,0.0011427022982388735
27319,0.024714576080441475
27320,0.011779023334383965
27321,0.000744706834666431
27322,0.009944110177457333
27323,0.0030732331797480583
27324,0.016761844977736473
27325,0.0015235801693052053
27326,0.011984001845121384
27327,0.013748230412602425
27328,0.019526606425642967
27329,0.021528268232941628
27330,0.02211765944957733
27331,0.006690294947475195
27332,0.0040486957877874374
27333,0.00984673947095871
27334,0.02545478567481041
27335,0.007250629831105471
27336,0.0037115029990673065
27337,0.006555071100592613
27338,0.004087984561920166
27339,0.008595249615609646
27340,0.006426428910344839
27341,0.011418617330491543
27342,0.0027101105079054832
27343,0.0010847299126908183
27344,0.01590738818049431
27345,0.007759690750390291
27346,0.0013577009085565805
27347,0.003110435325652361
27348,0.004374882206320763
27349,0.003742203814908862
27350,0.018631629645824432
27351,0.01201619952917099
27352,0.0182294100522995
27353,0.002587513066828251
27354,0.00201026420108974
27355,0.008958877064287663
27356,0.000914821051992476
27357,0.039268866181373596
27358,0.012338805943727493
27359,0.0006513824919238687
27360,0.019598009064793587
27361,0.0010724575258791447
27362,0.0019194360356777906
27363,0.0018435331294313073
27364,0.01843501254916191
27365,0.0014856115449219942
27366,0.006966389715671539
27367,0.008399919606745243
27368,0.005732538644224405
27369,0.008090168237686157
27370,0.001040254719555378
27371,0.0025445283390581608
27372,0.00559318857267499
27373,0.023348869755864143
27374,0.012783089652657509
27375,0.019954822957515717
27376,0.00777976680546999
27377,0.004925952292978764
27378,0.009118223562836647
27379,0.013514992780983448
27380,0.018806587904691696
27381,0.003127169795334339
27382,0.0205458365380764
27383,0.008559102192521095
27384,0.002575600054115057
27385,0.011933764442801476
27386,0.0012613465078175068
27387,0.002030544215813279
27388,0.0015004773158580065
27389,0.023699726909399033
27390,0.012255460023880005
27391,0.0008757818723097444
27392,0.019282514229416847
27393,0.01570490188896656
27394,0.008214469067752361
27395,0.013939358294010162
27396,0.012283003889024258
27397,0.004107112064957619
27398,0.011401581577956676
27399,0.0023701521568000317
27400,0.005751263350248337
27401,0.003395108273252845
27402,0.008978298865258694
27403,0.0006159882759675384
27404,0.005340748466551304
27405,0.009118741378188133
27406,0.0017151767387986183
27407,0.022818906232714653
27408,0.001644946401938796
27409,0.006507699377834797
27410,0.00607856921851635
27411,0.0016781911253929138
27412,0.0038290347438305616
27413,0.015901407226920128
27414,0.009733970277011395
27415,0.008864783681929111
27416,0.028290139511227608
27417,0.0037835994735360146
27418,0.001517038093879819
27419,0.004187191370874643
27420,0.0007917776820249856
27421,0.0010768785141408443
27422,0.0007863474893383682
27423,0.0014804478269070387
27424,0.005761591251939535
27425,0.0008485218859277666
27426,0.0018370909383520484
27427,0.002630468923598528
27428,0.03236735612154007
27429,0.021677765995264053
27430,0.0075850398279726505
27431,0.0008186299819499254
27432,0.0010082382941618562
27433,0.00999900046736002
27434,0.009992120787501335
27435,0.009042266756296158
27436,0.008862068876624107
27437,0.0013821021420881152
27438,0.004732641391456127
27439,0.0010600562673062086
27440,0.008010389283299446
27441,0.0021459334529936314
27442,0.00255519594065845
27443,0.0016642066184431314
27444,0.0008025990100577474
27445,0.007132669910788536
27446,0.006929441820830107
27447,0.001960739027708769
27448,0.002224019495770335
27449,0.02761703170835972
27450,0.01845310814678669
27451,0.0022475342266261578
27452,0.0019977549090981483
27453,0.004121934995055199
27454,0.010985614731907845
27455,0.0013541912194341421
27456,0.018532903864979744
27457,0.00110655277967453
27458,0.009745725430548191
27459,0.0030997158028185368
27460,0.0009498120052739978
27461,0.005583174992352724
27462,0.007515122182667255
27463,0.0010769338114187121
27464,0.00432935357093811
27465,0.002206535544246435
27466,0.0010724642779678106
27467,0.010027731768786907
27468,0.007395142689347267
27469,0.006225986406207085
27470,0.010603118687868118
27471,0.001189071568660438
27472,0.019317883998155594
27473,0.005056287162005901
27474,0.0037631732411682606
27475,0.0026081542018800974
27476,0.004054651595652103
27477,0.0021390996407717466
27478,0.004378194455057383
27479,0.0032544839195907116
27480,0.0013639394892379642
27481,0.0012942299945279956
27482,0.001133242854848504
27483,0.034533172845840454
27484,0.002114812610670924
27485,0.007856594398617744
27486,0.002520990092307329
27487,0.0012467283522710204
27488,0.0036269749980419874
27489,0.005287479143589735
27490,0.0013800874585285783
27491,0.0015322298277169466
27492,0.007717399392277002
27493,0.002444071229547262
27494,0.002060807542875409
27495,0.0018905890174210072
27496,0.00100373150780797
27497,0.03241172805428505
27498,0.012891702353954315
27499,0.0014515835791826248
27500,0.027296999469399452
27501,0.0017206649063155055
27502,0.003681980073451996
27503,0.0024844068102538586
27504,0.012726944871246815
27505,0.010719182901084423
27506,0.0035455930046737194
27507,0.003551959991455078
27508,0.015068494714796543
27509,0.00122817640658468
27510,0.002630585106089711
27511,0.005440368317067623
27512,0.0015757912769913673
27513,0.002848314819857478
27514,0.0024847565218806267
27515,0.009040731005370617
27516,0.0029422335792332888
27517,0.0009699479560367763
27518,0.0024168891832232475
27519,0.0023503953125327826
27520,0.0030556912533938885
27521,0.0007017690222710371
27522,0.006963879801332951
27523,0.0014077521627768874
27524,0.0034288601018488407
27525,0.0013514120364561677
27526,0.0006805557059124112
27527,0.021206742152571678
27528,0.000925837957765907
27529,0.0008307164534926414
27530,0.022312847897410393
27531,0.011439910158514977
27532,0.0026682757306843996
27533,0.001110379584133625
27534,0.0014505917206406593
27535,0.01902722381055355
27536,0.0014576506800949574
27537,0.003382392693310976
27538,0.001601328025572002
27539,0.000850097625516355
27540,0.0009300225065089762
27541,0.0033850716426968575
27542,0.0028214019257575274
27543,0.0017783613875508308
27544,0.01050997618585825
27545,0.003106116084381938
27546,0.018112752586603165
27547,0.004922320134937763
27548,0.0005108591285534203
27549,0.0007140269735828042
27550,0.0007939045899547637
27551,0.022593576461076736
27552,0.0009020285215228796
27553,0.0006150066037662327
27554,0.0014676358550786972
27555,0.001648696605116129
27556,0.011844082735478878
27557,0.012782756239175797
27558,0.0008717818418517709
27559,0.0012589320540428162
27560,0.000979544478468597
27561,0.0005503494758158922
27562,0.000778098707087338
27563,0.0012441002763807774
27564,0.014494655653834343
27565,0.001344782649539411
27566,0.0007117112400010228
27567,0.00209271302446723
27568,0.0006473882822319865
27569,0.006287174299359322
27570,0.03785957396030426
27571,0.001031425315886736
27572,0.003413858823478222
27573,0.015889329835772514
27574,0.0011351651046425104
27575,0.0011913058115169406
27576,0.0027535585686564445
27577,0.004035758785903454
27578,0.008237870410084724
27579,0.0007824605563655496
27580,0.0009720230591483414
27581,0.0021209092810750008
27582,0.001147530390881002
27583,0.0009601755300536752
27584,0.0012728944420814514
27585,0.0012718101497739553
27586,0.0008073594653978944
27587,0.0008000866509974003
27588,0.021663250401616096
27589,0.0005187951610423625
27590,0.0016869992250576615
27591,0.0041899411007761955
27592,0.0015946091152727604
27593,0.0020560575649142265
27594,0.0007555207121185958
27595,0.0023764288052916527
27596,0.0021202522329986095
27597,0.0007398682646453381
27598,0.002526958007365465
27599,0.00462008873000741
27600,0.0011219208827242255
27601,0.0007841475307941437
27602,0.0004612509219441563
27603,0.016403984278440475
27604,0.003326904959976673
27605,0.002399764722213149
27606,0.0015671635046601295
27607,0.0026539897080510855
27608,0.007864505983889103
27609,0.001957179047167301
27610,0.019969385117292404
27611,0.012006049044430256
27612,0.016078287735581398
27613,0.001032801577821374
27614,0.0017627949127927423
27615,0.0010739718563854694
27616,0.0007434198632836342
27617,0.0004707894695457071
27618,0.019757891073822975
27619,0.00038029527058824897
27620,0.0014492884511128068
27621,0.002733139321208
27622,0.0013095360482111573
27623,0.0012528448132798076
27624,0.016100604087114334
27625,0.0008498948882333934
27626,0.0014347892720252275
27627,0.0008567323675379157
27628,0.0008594959508627653
27629,0.0007829812821000814
27630,0.0025964495725929737
27631,0.0057966448366642
27632,0.0023942776024341583
27633,0.015295512974262238
27634,0.004309544339776039
27635,0.0034139296039938927
27636,0.001892678439617157
27637,0.0020101661793887615
27638,0.0008871614700183272
27639,0.0042088753543794155
27640,0.0031200111843645573
27641,0.0008998257690109313
27642,0.01985296793282032
27643,0.0038494064938277006
27644,0.001440943917259574
27645,0.0011721074115484953
27646,0.003749238792806864
27647,0.0014728786190971732
27648,0.0009589967085048556
27649,0.0006463933968916535
27650,0.0041565499268472195
27651,0.0007078717462718487
27652,0.0004957049386575818
27653,0.0017121556447818875
27654,0.024248715490102768
27655,0.02221614494919777
27656,0.025568634271621704
27657,0.032669275999069214
27658,0.00038218783447518945
27659,0.016712194308638573
27660,0.001841606106609106
27661,0.0009336822549812496
27662,0.0009072556858882308
27663,0.0007253762451000512
27664,0.0013089962303638458
27665,0.0014335664454847574
27666,0.007644630968570709
27667,0.007600531913340092
27668,0.05864176154136658
27669,0.025380736216902733
27670,0.0013430537655949593
27671,0.0010710121132433414
27672,0.0011765859089791775
27673,0.005837121978402138
27674,0.0006292747566476464
27675,0.002883792156353593
27676,0.0023721482139080763
27677,0.0010435472941026092
27678,0.01292937621474266
27679,0.02371560037136078
27680,0.01322762668132782
27681,0.015216019004583359
27682,0.014125887304544449
27683,0.022275006398558617
27684,0.0010349447838962078
27685,0.0006761187687516212
27686,0.016865098848938942
27687,0.000863314897287637
27688,0.04067721962928772
27689,0.0007422866765409708
27690,0.0021855931263417006
27691,0.002353305695578456
27692,0.0250727329403162
27693,0.0021784950513392687
27694,0.02130410075187683
27695,0.0007350779487751424
27696,0.008431741036474705
27697,0.006178929470479488
27698,0.00347064808011055
27699,0.002227378310635686
27700,0.0006503525655716658
27701,0.0007792831747792661
27702,0.003812125651165843
27703,0.0028892597183585167
27704,0.010166725143790245
27705,0.014173932373523712
27706,0.010117834433913231
27707,0.0035083680413663387
27708,0.0008448583539575338
27709,0.0008237583097070456
27710,0.01493842899799347
27711,0.0017871919553726912
27712,0.019794849678874016
27713,0.015147179365158081
27714,0.001601405325345695
27715,0.017049219459295273
27716,0.0007437875610776246
27717,0.0028725219890475273
27718,0.024375926703214645
27719,0.0009560965117998421
27720,0.0015055271796882153
27721,0.00288801034912467
27722,0.0010357904247939587
27723,0.006588046904653311
27724,0.023558855056762695
27725,0.04113835096359253
27726,0.0121845668181777
27727,0.03007124736905098
27728,0.0006185411475598812
27729,0.0017979939002543688
27730,0.0049657030031085014
27731,0.0037847061175853014
27732,0.0011762793874368072
27733,0.0033165665809065104
27734,0.003140293527394533
27735,0.0050847576931118965
27736,0.0052921827882528305
27737,0.0007928780396468937
27738,0.0006624251254834235
27739,0.013562752865254879
27740,0.001197725534439087
27741,0.005229499656707048
27742,0.00049695058260113
27743,0.000596010941080749
27744,0.01470400020480156
27745,0.028654295951128006
27746,0.0014000986702740192
27747,0.010691344738006592
27748,0.009875694289803505
27749,0.0009353086352348328
27750,0.0031981836073100567
27751,0.0008315946906805038
27752,0.001372988917864859
27753,0.008955548517405987
27754,0.006178238429129124
27755,0.010287245735526085
27756,0.002170397900044918
27757,0.0019774055108428
27758,0.0008997153490781784
27759,0.033787451684474945
27760,0.0006768670282326639
27761,0.0019216747023165226
27762,0.016171377152204514
27763,0.004985733889043331
27764,0.003518077079206705
27765,0.001973242498934269
27766,0.0013279065024107695
27767,0.006458562333136797
27768,0.0015824590809643269
27769,0.0009104234632104635
27770,0.016818320378661156
27771,0.006786442827433348
27772,0.005488399416208267
27773,0.009980253875255585
27774,0.019224371761083603
27775,0.0016148033319041133
27776,0.0009390304330736399
27777,0.008121827617287636
27778,0.0035101049579679966
27779,0.0020665605552494526
27780,0.0008787745609879494
27781,0.01715797558426857
27782,0.0011283396743237972
27783,0.004012205172330141
27784,0.0008031012257561088
27785,0.007455420680344105
27786,0.0020265928469598293
27787,0.0010091986041516066
27788,0.002223056508228183
27789,0.0025913564022630453
27790,0.009163479320704937
27791,0.023036185652017593
27792,0.007807138375937939
27793,0.0011401412775740027
27794,0.002314315875992179
27795,0.015184846706688404
27796,0.001542464829981327
27797,0.00105527404230088
27798,0.0035396607127040625
27799,0.001432337798178196
27800,0.007044502533972263
27801,0.0005703835631720722
27802,0.002232312224805355
27803,0.0014868656871840358
27804,0.027122419327497482
27805,0.002564519178122282
27806,0.001944521558471024
27807,0.0015060470905154943
27808,0.009666101075708866
27809,0.0006454296526499093
27810,0.00213281880132854
27811,0.0009976319270208478
27812,0.0011052810586988926
27813,0.0022324188612401485
27814,0.002979881130158901
27815,0.0013845229987055063
27816,0.0015091272071003914
27817,0.005599202588200569
27818,0.0010132882744073868
27819,0.00970977358520031
27820,0.01968025229871273
27821,0.003523743711411953
27822,0.02766813337802887
27823,0.0006775010260753334
27824,0.0049224612303078175
27825,0.0024344180710613728
27826,0.0023669081274420023
27827,0.0021260769572108984
27828,0.004976643715053797
27829,0.002628912450745702
27830,0.00524634774774313
27831,0.0027962506283074617
27832,0.0005573334055952728
27833,0.007260381244122982
27834,0.0007301667938008904
27835,0.0006853947415947914
27836,0.007809985429048538
27837,0.001242267433553934
27838,0.0006921533495187759
27839,0.001058649504557252
27840,0.0013090091524645686
27841,0.0013740438735112548
27842,0.0025568592827767134
27843,0.0014764219522476196
27844,0.0008753921138122678
27845,0.0007566121639683843
27846,0.008195927366614342
27847,0.004076770506799221
27848,0.030126357451081276
27849,0.0005057092639617622
27850,0.003586350241675973
27851,0.001287219114601612
27852,0.00290771946310997
27853,0.005696896463632584
27854,0.003526550019159913
27855,0.0009620347991585732
27856,0.008335953578352928
27857,0.005023878999054432
27858,0.0016729600029066205
27859,0.0026722298935055733
27860,0.00133036682382226
27861,0.0017065552528947592
27862,0.0024942485615611076
27863,0.0005525689921341836
27864,0.0007234984659589827
27865,0.02189936488866806
27866,0.0011178520508110523
27867,0.0025561463553458452
27868,0.0015857783146202564
27869,0.0006216957699507475
27870,0.0010878334287554026
27871,0.0055490885861217976
27872,0.007822267711162567
27873,0.004514265339821577
27874,0.0036749886348843575
27875,0.0007141921669244766
27876,0.0029337438754737377
27877,0.0005035186186432838
27878,0.002767423866316676
27879,0.001260861987248063
27880,0.004650719463825226
27881,0.004111678339540958
27882,0.0019113370217382908
27883,0.0012031771475449204
27884,0.0007692567305639386
27885,0.0010478056501597166
27886,0.0015673254383727908
27887,0.020027220249176025
27888,0.003337523667141795
27889,0.00238160602748394
27890,0.0004257697146385908
27891,0.0018477694829925895
27892,0.0013857453595846891
27893,0.0005571024958044291
27894,0.001038784976117313
27895,0.0010318856220692396
27896,0.029247643426060677
27897,0.007088998332619667
27898,0.001300913281738758
27899,0.0012336871586740017
27900,0.0008714728173799813
27901,0.0004910298157483339
27902,0.0068273115903139114
27903,0.0010769794462248683
27904,0.001277526724152267
27905,0.0004330114752519876
27906,0.0005213752738200128
27907,0.0006781684933230281
27908,0.0019799573346972466
27909,0.006910586263984442
27910,0.03629715368151665
27911,0.0017258204752579331
27912,0.04952800273895264
27913,0.0009237719932571054
27914,0.03362983092665672
27915,0.0009860838763415813
27916,0.0007644579163752496
27917,0.0006999998004175723
27918,0.030071204528212547
27919,0.000987817533314228
27920,0.008571410551667213
27921,0.0008182225283235312
27922,0.001824540551751852
27923,0.004592441953718662
27924,0.001552240806631744
27925,0.0006428086198866367
27926,0.0016028687823563814
27927,0.0013701001880690455
27928,0.006921087857335806
27929,0.013777309097349644
27930,0.000441290030721575
27931,0.0045453086495399475
27932,0.007045305334031582
27933,0.0006977800512686372
27934,0.002650358946993947
27935,0.0005350394640117884
27936,0.02279784344136715
27937,0.0013410889077931643
27938,0.0008992154034785926
27939,0.0006949929520487785
27940,0.0008326987153850496
27941,0.004653308540582657
27942,0.00637707207351923
27943,0.009185433387756348
27944,0.002918331418186426
27945,0.0005117368418723345
27946,0.004141921177506447
27947,0.00029391987482085824
27948,0.0005591388326138258
27949,0.0004981030942872167
27950,0.002059853170067072
27951,0.002936070552095771
27952,0.012705975212156773
27953,0.0004868099931627512
27954,0.013951153494417667
27955,0.0005861641839146614
27956,0.0172981396317482
27957,0.0007395179709419608
27958,0.015970906242728233
27959,0.0018715275218710303
27960,0.022188518196344376
27961,0.028993431478738785
27962,0.0009577051969245076
27963,0.00046473194379359484
27964,0.001346719334833324
27965,0.0007616824004799128
27966,0.026966838166117668
27967,0.001639651251025498
27968,0.005855678115040064
27969,0.0005659504095092416
27970,0.031704261898994446
27971,0.0005371978040784597
27972,0.0014288064558058977
27973,0.0010799887822940946
27974,0.003434024751186371
27975,0.010375804267823696
27976,0.0011665916536003351
27977,0.00946313887834549
27978,0.0027913448866456747
27979,0.001074105268344283
27980,0.0007060649804770947
27981,0.0010689027840271592
27982,0.0023829727433621883
27983,0.005792103707790375
27984,0.00839633122086525
27985,0.0010063822846859694
27986,0.00389325269497931
27987,0.001944256480783224
27988,0.0013837033184245229
27989,0.012916073203086853
27990,0.004043521825224161
27991,0.0022986559197306633
27992,0.0020799636840820312
27993,0.0006412992952391505
27994,0.0007608389132656157
27995,0.0009475926053710282
27996,0.015121864154934883
27997,0.019744019955396652
27998,0.000596323050558567
27999,0.021996140480041504
28000,0.01045474223792553
28001,0.0020239625591784716
28002,0.007740318775177002
28003,0.0010577052598819137
28004,0.019371045753359795
28005,0.0024065712932497263
28006,0.004681301303207874
28007,0.020961865782737732
28008,0.00037573400186374784
28009,0.0009340456454083323
28010,0.0004079175996594131
28011,0.002806006697937846
28012,0.014275580644607544
28013,0.0034500430338084698
28014,0.001286989077925682
28015,0.0014106582384556532
28016,0.004517459776252508
28017,0.006208162289112806
28018,0.0022720100823789835
28019,0.02282845787703991
28020,0.005369218066334724
28021,0.0015115359565243125
28022,0.0004578772059176117
28023,0.0009211408905684948
28024,0.0006654991884715855
28025,0.0018073269166052341
28026,0.001176603720523417
28027,0.0014973666984587908
28028,0.0016955642495304346
28029,0.0014316488523036242
28030,0.00116451655048877
28031,0.0019815685227513313
28032,0.009869705885648727
28033,0.013773161917924881
28034,0.00632368354126811
28035,0.0005755331367254257
28036,0.0021025026217103004
28037,0.003890520893037319
28038,0.005205280147492886
28039,0.005858352407813072
28040,0.02026081085205078
28041,0.023997999727725983
28042,0.0015651620924472809
28043,0.026857197284698486
28044,0.0012050038203597069
28045,0.02073207125067711
28046,0.018537722527980804
28047,0.005819349549710751
28048,0.0010111990850418806
28049,0.000850585987791419
28050,0.006402178667485714
28051,0.0006090900278650224
28052,0.007887099869549274
28053,0.0045436834916472435
28054,0.0034182306844741106
28055,0.0005195832927711308
28056,0.0008168808417394757
28057,0.013850188814103603
28058,0.003935141023248434
28059,0.012446846812963486
28060,0.0023053335025906563
28061,0.006888450589030981
28062,0.018266312777996063
28063,0.0007369882659986615
28064,0.005753680132329464
28065,0.0027011199854314327
28066,0.03767373040318489
28067,0.0038236710242927074
28068,0.0017893806798383594
28069,0.001641919370740652
28070,0.02949565090239048
28071,0.007601186633110046
28072,0.014440280385315418
28073,0.012323911301791668
28074,0.005576230585575104
28075,0.004618501290678978
28076,0.00039804878178983927
28077,0.01730155199766159
28078,0.0009954663692042232
28079,0.0006962668849155307
28080,0.009583046659827232
28081,0.009219621308147907
28082,0.013431240804493427
28083,0.0005902163684368134
28084,0.0010245824232697487
28085,0.007652187254279852
28086,0.0007770967786200345
28087,0.0007980653317645192
28088,0.0011903957929462194
28089,0.0012446183245629072
28090,0.0009826114401221275
28091,0.001131007680669427
28092,0.003289301646873355
28093,0.008582362905144691
28094,0.009425540454685688
28095,0.0007187348091974854
28096,0.0061214701272547245
28097,0.019424349069595337
28098,0.0012351020704954863
28099,0.0010757248383015394
28100,0.006189153529703617
28101,0.01717916689813137
28102,0.021440865471959114
28103,0.0026324514765292406
28104,0.0008572599617764354
28105,0.0008213105611503124
28106,0.005897635594010353
28107,0.002229002770036459
28108,0.03318754956126213
28109,0.01309964433312416
28110,0.0010203029960393906
28111,0.002603561384603381
28112,0.006026369985193014
28113,0.0017855498008430004
28114,0.00386574468575418
28115,0.012853337451815605
28116,0.0009170413250103593
28117,0.012783132493495941
28118,0.013978789560496807
28119,0.000530505902133882
28120,0.004562036599963903
28121,0.002863186178728938
28122,0.001022486831061542
28123,0.02201029658317566
28124,0.00488729914650321
28125,0.0006508997757919133
28126,0.001007635029964149
28127,0.0008886108407750726
28128,0.002853322308510542
28129,0.0010077697224915028
28130,0.005298752337694168
28131,0.0011222950415685773
28132,0.0048935869708657265
28133,0.0010955047328025103
28134,0.0053121536038815975
28135,0.023602603003382683
28136,0.002123413607478142
28137,0.005423246417194605
28138,0.0006996088195592165
28139,0.002552284859120846
28140,0.0017224416369572282
28141,0.0010928492993116379
28142,0.0004987349966540933
28143,0.010284624993801117
28144,0.005397789180278778
28145,0.004112456925213337
28146,0.00037291384069249034
28147,0.005351436324417591
28148,0.008455196395516396
28149,0.0016859873430803418
28150,0.0006238482892513275
28151,0.0007964076939970255
28152,0.034007344394922256
28153,0.014776153489947319
28154,0.0009461620356887579
28155,0.0023510621394962072
28156,0.0004560501256491989
28157,0.03578842058777809
28158,0.0024429713375866413
28159,0.008978800848126411
28160,0.003262484446167946
28161,0.002850012853741646
28162,0.005864541511982679
28163,0.0019896235316991806
28164,0.0051964023150503635
28165,0.006624036002904177
28166,0.0008488804451189935
28167,0.029184484854340553
28168,0.0037538032047450542
28169,0.029958821833133698
28170,0.001079903682693839
28171,0.03267132118344307
28172,0.004773976281285286
28173,0.03806992247700691
28174,0.004875363782048225
28175,0.014005578123033047
28176,0.009687146171927452
28177,0.0010303722228854895
28178,0.004775430075824261
28179,0.004794075153768063
28180,0.01520965714007616
28181,0.003660254180431366
28182,0.014468968845903873
28183,0.028820592910051346
28184,0.004084380809217691
28185,0.005084944888949394
28186,0.021699843928217888
28187,0.001906424411572516
28188,0.00283026322722435
28189,0.001263749087229371
28190,0.0043760426342487335
28191,0.0004938727943226695
28192,0.001543381018564105
28193,0.02867511473596096
28194,0.018987976014614105
28195,0.0010434850119054317
28196,0.0030785896815359592
28197,0.01143124233931303
28198,0.0019397668074816465
28199,0.0008904573041945696
28200,0.0011261377949267626
28201,0.0034990517888218164
28202,0.0038750336971133947
28203,0.003382065799087286
28204,0.011372285895049572
28205,0.014967869967222214
28206,0.001408979995176196
28207,0.0017396307084709406
28208,0.023530952632427216
28209,0.0035075852647423744
28210,0.002110715489834547
28211,0.023836638778448105
28212,0.004037029109895229
28213,0.0009413071093149483
28214,0.028928374871611595
28215,0.013697145506739616
28216,0.008271030150353909
28217,0.0037567326799035072
28218,0.008868475444614887
28219,0.03060033731162548
28220,0.001351116574369371
28221,0.022427387535572052
28222,0.0011299378238618374
28223,0.0010781206656247377
28224,0.0008334507001563907
28225,0.0021256976760923862
28226,0.0017289258539676666
28227,0.0036051373463124037
28228,0.01675385981798172
28229,0.005495284218341112
28230,0.0006795664085075259
28231,0.006568435113877058
28232,0.0013250759802758694
28233,0.02899223193526268
28234,0.003256692551076412
28235,0.016383744776248932
28236,0.0007485871901735663
28237,0.0015407626051455736
28238,0.0057750241830945015
28239,0.002068808302283287
28240,0.019114531576633453
28241,0.018432265147566795
28242,0.029823340475559235
28243,0.018182147294282913
28244,0.0012774771312251687
28245,0.002095900708809495
28246,0.005401182919740677
28247,0.003238596022129059
28248,0.0009152800193987787
28249,0.004875923506915569
28250,0.0011382142547518015
28251,0.0041001117788255215
28252,0.006781888194382191
28253,0.008237043395638466
28254,0.042748287320137024
28255,0.00281142839230597
28256,0.0019511511782184243
28257,0.00584956631064415
28258,0.0007372172549366951
28259,0.0013652453199028969
28260,0.060369111597537994
28261,0.0010492181172594428
28262,0.0037543531507253647
28263,0.003241688944399357
28264,0.013093597255647182
28265,0.001530954847112298
28266,0.015128832310438156
28267,0.000848097144626081
28268,0.015726279467344284
28269,0.005068414844572544
28270,0.004553614649921656
28271,0.01661626435816288
28272,0.0063796923495829105
28273,0.007305146660655737
28274,0.004966996610164642
28275,0.0018557797884568572
28276,0.0012849252671003342
28277,0.004365894943475723
28278,0.003720129607245326
28279,0.004316900856792927
28280,0.014042897149920464
28281,0.008693357929587364
28282,0.0028058767784386873
28283,0.008239257149398327
28284,0.0048521943390369415
28285,0.010805061087012291
28286,0.0009836606914177537
28287,0.01892879791557789
28288,0.012423853389918804
28289,0.0003849561617244035
28290,0.0015581445768475533
28291,0.0012803053250536323
28292,0.005378194618970156
28293,0.002511350903660059
28294,0.001875022193416953
28295,0.0007396293804049492
28296,0.005204535089433193
28297,0.0094258738681674
28298,0.0007922257645986974
28299,0.0013541665393859148
28300,0.004236224107444286
28301,0.0013165395939722657
28302,0.014707802794873714
28303,0.032368678599596024
28304,0.0010646292939782143
28305,0.0010598173830658197
28306,0.0009800075786188245
28307,0.0009588922839611769
28308,0.0004427710082381964
28309,0.0005255190772004426
28310,0.0004907051916234195
28311,0.0008610415970906615
28312,0.0014526466839015484
28313,0.0008360450156033039
28314,0.010204782709479332
28315,0.010898065753281116
28316,0.0009100602474063635
28317,0.0005362508818507195
28318,0.01682524010539055
28319,0.0018357094377279282
28320,0.0004237901885062456
28321,0.0020039197988808155
28322,0.00031314650550484657
28323,0.000778848072513938
28324,0.000630023016128689
28325,0.0012733638286590576
28326,0.002742814365774393
28327,0.0009470304939895868
28328,0.011687260121107101
28329,0.00762582803145051
28330,0.0003173184231854975
28331,0.007987149059772491
28332,0.0012180707417428493
28333,0.0049591525457799435
28334,0.00033165107015520334
28335,0.0037932046689093113
28336,0.0006875933613628149
28337,0.00033310928847640753
28338,0.0019429035019129515
28339,0.0017062296392396092
28340,0.0007339052390307188
28341,0.0005139028653502464
28342,0.0007501097861677408
28343,0.0017823033267632127
28344,0.04605577513575554
28345,0.013096111826598644
28346,0.011206230148673058
28347,0.0025021571200340986
28348,0.015387862920761108
28349,0.0008055414073169231
28350,0.0020315973088145256
28351,0.00034883234184235334
28352,0.0005557661061175168
28353,0.0009002731530927122
28354,0.001109027536585927
28355,0.012804058380424976
28356,0.0007926428224891424
28357,0.0027706047985702753
28358,0.000990955508314073
28359,0.0102310786023736
28360,0.0013107204576954246
28361,0.003918786998838186
28362,0.001079627312719822
28363,0.0014801041688770056
28364,0.0006286506541073322
28365,0.0019407810177654028
28366,0.00040512962732464075
28367,0.000809374381788075
28368,0.008578388951718807
28369,0.0005595438415184617
28370,0.013844895176589489
28371,0.0013464294606819749
28372,0.0014868337893858552
28373,0.016032898798584938
28374,0.0007328941719606519
28375,0.0005822228267788887
28376,0.0006027051713317633
28377,0.00028578261844813824
28378,0.0013432166306301951
28379,0.0066296872682869434
28380,0.0007792875403538346
28381,0.005276862997561693
28382,0.015947651118040085
28383,0.0007507180562242866
28384,0.0006749797612428665
28385,0.0011711586266756058
28386,0.010905113071203232
28387,0.007608863990753889
28388,0.0008213118417188525
28389,0.0007744009490124881
28390,0.000600673200096935
28391,0.013059793971478939
28392,0.00043317044037394226
28393,0.0010395136196166277
28394,0.0008450781460851431
28395,0.0004142883699387312
28396,0.001335542881861329
28397,0.0054192268289625645
28398,0.0017835143953561783
28399,0.001523128361441195
28400,0.0004952318267896771
28401,0.0009268147405236959
28402,0.0004740224394481629
28403,0.0011383150704205036
28404,0.0004653225187212229
28405,0.006918715313076973
28406,0.004760500974953175
28407,0.0006503770127892494
28408,0.0012852991931140423
28409,0.0005054826033301651
28410,0.013014838099479675
28411,0.006212812848389149
28412,0.011061410419642925
28413,0.0005301953060552478
28414,0.0008497945382259786
28415,0.004297173116356134
28416,0.024884480983018875
28417,0.0006035696715116501
28418,0.001330590806901455
28419,0.012573405168950558
28420,0.0006986096850596368
28421,0.0005123360897414386
28422,0.0015064096078276634
28423,0.006963061168789864
28424,0.007126764860004187
28425,0.01346142403781414
28426,0.002014066791161895
28427,0.008943386375904083
28428,0.0011454552877694368
28429,0.0015835338272154331
28430,0.000859120162203908
28431,0.011567952111363411
28432,0.013488220050930977
28433,0.005688054021447897
28434,0.006135102827101946
28435,0.028658851981163025
28436,0.001120193162932992
28437,0.000795497908256948
28438,0.0009084991179406643
28439,0.0006415164098143578
28440,0.018802370876073837
28441,0.042825330048799515
28442,0.01182973850518465
28443,0.0043996525928378105
28444,0.0018855081871151924
28445,0.013388646766543388
28446,0.0011017508804798126
28447,0.001402527093887329
28448,0.007856766693294048
28449,0.01163913868367672
28450,0.0011268609669059515
28451,0.004367126151919365
28452,0.0015806036535650492
28453,0.0011250197421759367
28454,0.009060481563210487
28455,0.011734943836927414
28456,0.004331835545599461
28457,0.008199489675462246
28458,0.0024773427285254
28459,0.005966811440885067
28460,0.00063002371462062
28461,0.010779772885143757
28462,0.00564790703356266
28463,0.026125745847821236
28464,0.0009079865412786603
28465,0.0011480432003736496
28466,0.0021838091779500246
28467,0.001549207023344934
28468,0.046042878180742264
28469,0.015909509733319283
28470,0.020335841923952103
28471,0.010763200931251049
28472,0.0030747479759156704
28473,0.0032987575978040695
28474,0.0008944491855800152
28475,0.0010864543728530407
28476,0.008697142824530602
28477,0.0014595757238566875
28478,0.003184091066941619
28479,0.0009495383128523827
28480,0.0008808996062725782
28481,0.011984975077211857
28482,0.0069219572469592094
28483,0.0023198523558676243
28484,0.0009124714997597039
28485,0.0006989313988015056
28486,0.0007507543778046966
28487,0.005527759902179241
28488,0.01927803084254265
28489,0.012750822119414806
28490,0.004887181334197521
28491,0.023232299834489822
28492,0.0010443978244438767
28493,0.007301559671759605
28494,0.002041623229160905
28495,0.001981286099180579
28496,0.0016130295116454363
28497,0.0008561041904613376
28498,0.0018279175274074078
28499,0.0053209299221634865
28500,0.0037796259857714176
28501,0.031444720923900604
28502,0.01147231925278902
28503,0.0008394189644604921
28504,0.000590032956097275
28505,0.020472940057516098
28506,0.004644663538783789
28507,0.007146808784455061
28508,0.010023835115134716
28509,0.006262956652790308
28510,0.0003691738238558173
28511,0.001161233289167285
28512,0.01163367461413145
28513,0.00471919123083353
28514,0.0006464780308306217
28515,0.0011646249331533909
28516,0.0007622769335284829
28517,0.0009762845584191382
28518,0.008159499615430832
28519,0.0013669694308191538
28520,0.010100563988089561
28521,0.005696665495634079
28522,0.004032750613987446
28523,0.023054642602801323
28524,0.009499924257397652
28525,0.011676499620079994
28526,0.027723323553800583
28527,0.003714452963322401
28528,0.0032968102023005486
28529,0.017739402130246162
28530,0.007098521571606398
28531,0.0029085990972816944
28532,0.001838330877944827
28533,0.0006155653391033411
28534,0.0029080230742692947
28535,0.008260134607553482
28536,0.0047568753361701965
28537,0.0022542672231793404
28538,0.0012375739170238376
28539,0.0021931000519543886
28540,0.022302458062767982
28541,0.009118136018514633
28542,0.0007616642978973687
28543,0.001236489275470376
28544,0.004834100604057312
28545,0.003280737902969122
28546,0.010980214923620224
28547,0.02481108531355858
28548,0.012280017137527466
28549,0.034820638597011566
28550,0.0007600625976920128
28551,0.0038027185946702957
28552,0.0071553802117705345
28553,0.017068760469555855
28554,0.0034048741217702627
28555,0.04767541214823723
28556,0.0025346188340336084
28557,0.0016008440870791674
28558,0.0063847387209534645
28559,0.032820701599121094
28560,0.0015997968148440123
28561,0.021927088499069214
28562,0.007963160052895546
28563,0.002350729424506426
28564,0.00377384340390563
28565,0.012762547470629215
28566,0.01659812033176422
28567,0.014746217057108879
28568,0.0025544792879372835
28569,0.0036383275873959064
28570,0.0015066053019836545
28571,0.003909386694431305
28572,0.024967920035123825
28573,0.02576266974210739
28574,0.001728760194964707
28575,0.023626305162906647
28576,0.002363775856792927
28577,0.04207136854529381
28578,0.003174133598804474
28579,0.009151637554168701
28580,0.011491600424051285
28581,0.004851348698139191
28582,0.0006413650116883218
28583,0.0020655407570302486
28584,0.024603694677352905
28585,0.0047502233646810055
28586,0.008683264255523682
28587,0.015672003850340843
28588,0.00970909371972084
28589,0.0033118287101387978
28590,0.007639201357960701
28591,0.0017736603040248156
28592,0.0036608977243304253
28593,0.01761525310575962
28594,0.0329420231282711
28595,0.005738113075494766
28596,0.009257453493773937
28597,0.007878442294895649
28598,0.007380389608442783
28599,0.018598755821585655
28600,0.018734516575932503
28601,0.006903890520334244
28602,0.0022518683690577745
28603,0.012988809496164322
28604,0.0015920274890959263
28605,0.009762432426214218
28606,0.010468053631484509
28607,0.009460355155169964
28608,0.01060442253947258
28609,0.025577368214726448
28610,0.010065040551126003
28611,0.005564174614846706
28612,0.0055616917088627815
28613,0.009270324371755123
28614,0.02601117081940174
28615,0.0018843980506062508
28616,0.009835848584771156
28617,0.009767566807568073
28618,0.021162357181310654
28619,0.013717297464609146
28620,0.011747743003070354
28621,0.004332070704549551
28622,0.02320322021842003
28623,0.0024282559752464294
28624,0.0008783690864220262
28625,0.017725825309753418
28626,0.020447418093681335
28627,0.013994586654007435
28628,0.002492130734026432
28629,0.012813610956072807
28630,0.01267481129616499
28631,0.004496626555919647
28632,0.01709047146141529
28633,0.012259921059012413
28634,0.036972709000110626
28635,0.006965460255742073
28636,0.005108728539198637
28637,0.00454036146402359
28638,0.0023417130578309298
28639,0.023722220212221146
28640,0.013487674295902252
28641,0.008123785257339478
28642,0.0027225229423493147
28643,0.018827566877007484
28644,0.006541634909808636
28645,0.0016181471291929483
28646,0.02604079246520996
28647,0.006718500517308712
28648,0.0027174048591405153
28649,0.0009244045941159129
28650,0.01860610768198967
28651,0.01026424765586853
28652,0.0027802514377981424
28653,0.0020057945512235165
28654,0.007552955765277147
28655,0.004994407761842012
28656,0.0065292781218886375
28657,0.0015533637488260865
28658,0.003963510971516371
28659,0.015173644758760929
28660,0.0019116849871352315
28661,0.011360780335962772
28662,0.003542509628459811
28663,0.043259792029857635
28664,0.006129433400928974
28665,0.02177395299077034
28666,0.005407425109297037
28667,0.042681287974119186
28668,0.02052081562578678
28669,0.006872266530990601
28670,0.012323623523116112
28671,0.003982829861342907
28672,0.016496727243065834
28673,0.0027042313013225794
28674,0.007686799392104149
28675,0.00908798910677433
28676,0.0020378120243549347
28677,0.0049323816783726215
28678,0.0068300748243927956
28679,0.004021698608994484
28680,0.0015616982709616423
28681,0.039743706583976746
28682,0.015466023236513138
28683,0.0018053246894851327
28684,0.0029065192211419344
28685,0.0016647533047944307
28686,0.009364480152726173
28687,0.004470163490623236
28688,0.0045890663750469685
28689,0.0014988749753683805
28690,0.002883481327444315
28691,0.00231975968927145
28692,0.02622450888156891
28693,0.002158883959054947
28694,0.002082119695842266
28695,0.015661532059311867
28696,0.0035071608144789934
28697,0.002155683469027281
28698,0.01813610829412937
28699,0.0027862912975251675
28700,0.001233654678799212
28701,0.0035481201484799385
28702,0.0027049498166888952
28703,0.008336757309734821
28704,0.0017717063892632723
28705,0.0013671449851244688
28706,0.0019692587666213512
28707,0.007361298426985741
28708,0.004702245816588402
28709,0.005823610350489616
28710,0.0026076040230691433
28711,0.002988941501826048
28712,0.004905228968709707
28713,0.0027017686516046524
28714,0.004846962168812752
28715,0.03211658075451851
28716,0.0029827174730598927
28717,0.0013014859287068248
28718,0.0023906610440462828
28719,0.0322982482612133
28720,0.004516133107244968
28721,0.021790020167827606
28722,0.010713922791182995
28723,0.005415243096649647
28724,0.012961886823177338
28725,0.0006167124956846237
28726,0.02020193450152874
28727,0.00280998507514596
28728,0.0021194873843342066
28729,0.00772519875317812
28730,0.0016111863078549504
28731,0.006831943057477474
28732,0.0018867357866838574
28733,0.0022696510422974825
28734,0.0009775750804692507
28735,0.003517481731250882
28736,0.025368887931108475
28737,0.0008445584680885077
28738,0.004636125173419714
28739,0.0019010537071153522
28740,0.001550875953398645
28741,0.0018797020893543959
28742,0.001969411736354232
28743,0.00105550535954535
28744,0.004830044228583574
28745,0.016192415729165077
28746,0.003127374919131398
28747,0.0021944036707282066
28748,0.003829068038612604
28749,0.016571806743741035
28750,0.001021186588332057
28751,0.0010342730674892664
28752,0.032779447734355927
28753,0.0018870537169277668
28754,0.004404506180435419
28755,0.017603933811187744
28756,0.0007843968342058361
28757,0.0022369895596057177
28758,0.001622518291696906
28759,0.02165762148797512
28760,0.006434957031160593
28761,0.020228508859872818
28762,0.0036119988653808832
28763,0.0033201517071574926
28764,0.0026817359030246735
28765,0.0037749980110675097
28766,0.0009324499987997115
28767,0.0018328651785850525
28768,0.01970861479640007
28769,0.0009938143193721771
28770,0.014497672207653522
28771,0.0016267809551209211
28772,0.0013338186545297503
28773,0.028158189728856087
28774,0.010299991816282272
28775,0.0019561341032385826
28776,0.007967209443449974
28777,0.004409196320921183
28778,0.0013475610176101327
28779,0.0007512923912145197
28780,0.003173382952809334
28781,0.00265292264521122
28782,0.0032516582868993282
28783,0.006409775465726852
28784,0.0010483663063496351
28785,0.0014274104032665491
28786,0.005197575315833092
28787,0.00314450659789145
28788,0.0034791347570717335
28789,0.0025483346544206142
28790,0.005335011053830385
28791,0.0033576786518096924
28792,0.01348195318132639
28793,0.01324298046529293
28794,0.0035177324898540974
28795,0.018965046852827072
28796,0.0029572215862572193
28797,0.0022133090533316135
28798,0.003461950458586216
28799,0.002999486168846488
28800,0.00067382853012532
28801,0.005197607912123203
28802,0.0010013883002102375
28803,0.007129950448870659
28804,0.010647662915289402
28805,0.007648203521966934
28806,0.002750716172158718
28807,0.011265108361840248
28808,0.033789198845624924
28809,0.0011161047732457519
28810,0.002958005992695689
28811,0.0017258678562939167
28812,0.013210817240178585
28813,0.03738575801253319
28814,0.016733422875404358
28815,0.005344891455024481
28816,0.002355447970330715
28817,0.011665348894894123
28818,0.005710248369723558
28819,0.023349516093730927
28820,0.006482244003564119
28821,0.00695544620975852
28822,0.013703643344342709
28823,0.0017697252333164215
28824,0.005885792896151543
28825,0.0029263661708682775
28826,0.0006884466274641454
28827,0.002776336157694459
28828,0.0010188276646658778
28829,0.007745837792754173
28830,0.036753442138433456
28831,0.007689069490879774
28832,0.014288405887782574
28833,0.0014817145420238376
28834,0.0032962444238364697
28835,0.006629112642258406
28836,0.010432102717459202
28837,0.003271708730608225
28838,0.017902888357639313
28839,0.009141557849943638
28840,0.02085576206445694
28841,0.0018778340891003609
28842,0.00231178174726665
28843,0.025942359119653702
28844,0.003997442312538624
28845,0.008705243468284607
28846,0.014353856444358826
28847,0.0017830117139965296
28848,0.006577152293175459
28849,0.0010561163071542978
28850,0.011246547102928162
28851,0.0019063623622059822
28852,0.0006363120628520846
28853,0.0018011258216574788
28854,0.02190914750099182
28855,0.003114015329629183
28856,0.018232615664601326
28857,0.02410120703279972
28858,0.0024236072786152363
28859,0.0013257963582873344
28860,0.004874453414231539
28861,0.008459103293716908
28862,0.0012427143519744277
28863,0.003387362929061055
28864,0.0012462784070521593
28865,0.01616167277097702
28866,0.0016983568202704191
28867,0.0010035454761236906
28868,0.0045937420800328255
28869,0.0012816597009077668
28870,0.010526910424232483
28871,0.017328061163425446
28872,0.0038496193010360003
28873,0.0015283299144357443
28874,0.013455819338560104
28875,0.013650581240653992
28876,0.004819183610379696
28877,0.014674318954348564
28878,0.0017306040972471237
28879,0.022844338789582253
28880,0.0030229927506297827
28881,0.009129035286605358
28882,0.019570674747228622
28883,0.0014986195601522923
28884,0.018201468512415886
28885,0.008823828771710396
28886,0.002074777614325285
28887,0.00605962285771966
28888,0.0013308660127222538
28889,0.014818470925092697
28890,0.0066855959594249725
28891,0.0016542770899832249
28892,0.0024468430783599615
28893,0.0012080194428563118
28894,0.012140830978751183
28895,0.009107871912419796
28896,0.0011891962494701147
28897,0.009408649057149887
28898,0.007887952029705048
28899,0.011211785487830639
28900,0.015876857563853264
28901,0.003105198498815298
28902,0.0015876629622653127
28903,0.004271790385246277
28904,0.015040957368910313
28905,0.007611298933625221
28906,0.00919969193637371
28907,0.0009315290371887386
28908,0.0017333247233182192
28909,0.0024277514312416315
28910,0.004038016311824322
28911,0.0015148490201681852
28912,0.0121692456305027
28913,0.026079248636960983
28914,0.0022331341169774532
28915,0.011623946949839592
28916,0.00852806307375431
28917,0.015434863045811653
28918,0.0016089952550828457
28919,0.0016807763604447246
28920,0.0014645986957475543
28921,0.010662752203643322
28922,0.0030675092712044716
28923,0.02132459357380867
28924,0.00855290424078703
28925,0.006487185601145029
28926,0.006047184579074383
28927,0.0012678412022069097
28928,0.0034528155811131
28929,0.004235082771629095
28930,0.0022204923443496227
28931,0.002277448307722807
28932,0.01236503105610609
28933,0.002349017420783639
28934,0.030133165419101715
28935,0.0029580993577837944
28936,0.0036784710828214884
28937,0.0026805088855326176
28938,0.0019525692332535982
28939,0.0033508678898215294
28940,0.02532251365482807
28941,0.00172161974478513
28942,0.0022217174991965294
28943,0.004676870070397854
28944,0.007999635301530361
28945,0.004104715771973133
28946,0.0028739911504089832
28947,0.006532147992402315
28948,0.0009739121305756271
28949,0.01899278163909912
28950,0.0025316651444882154
28951,0.004401279613375664
28952,0.0009794511133804917
28953,0.009883217513561249
28954,0.0033923378214240074
28955,0.0013184505514800549
28956,0.001558696385473013
28957,0.001471035648137331
28958,0.002444805344566703
28959,0.00102868617977947
28960,0.0017248440999537706
28961,0.0008537163957953453
28962,0.00047952093882486224
28963,0.00378242414444685
28964,0.0015315408818423748
28965,0.0016742136795073748
28966,0.0008547278703190386
28967,0.0025513460859656334
28968,0.001953170634806156
28969,0.03078864887356758
28970,0.008902616798877716
28971,0.017347829416394234
28972,0.0034689470194280148
28973,0.008704961277544498
28974,0.0054654311388731
28975,0.001421487657353282
28976,0.026600219309329987
28977,0.0024694791063666344
28978,0.0025472878478467464
28979,0.0019480586051940918
28980,0.0020068485755473375
28981,0.00245371600612998
28982,0.0011208110954612494
28983,0.0008658074075356126
28984,0.002506471239030361
28985,0.001423088600859046
28986,0.001194947981275618
28987,0.002830239711329341
28988,0.0019081532955169678
28989,0.0006490459199994802
28990,0.001609648228622973
28991,0.005937747657299042
28992,0.0011400467483326793
28993,0.000767344783525914
28994,0.0011681495234370232
28995,0.0032837893813848495
28996,0.0014570984058082104
28997,0.0013636676594614983
28998,0.0017515498911961913
28999,0.001152987708337605
29000,0.0006885818438604474
29001,0.0020727277733385563
29002,0.0027844966389238834
29003,0.0013658839743584394
29004,0.0015408091712743044
29005,0.01156079676002264
29006,0.0016308932099491358
29007,0.0022060174960643053
29008,0.001000876072794199
29009,0.006972840521484613
29010,0.03064509853720665
29011,0.0027393039781600237
29012,0.01830248162150383
29013,0.0016478043980896473
29014,0.004467797465622425
29015,0.009295893833041191
29016,0.001422172412276268
29017,0.0012727656867355108
29018,0.0055919731967151165
29019,0.0020861588418483734
29020,0.002082312945276499
29021,0.0008482178673148155
29022,0.0025378772988915443
29023,0.0009191912249661982
29024,0.0016089893179014325
29025,0.0021391217596828938
29026,0.03161972761154175
29027,0.005789279006421566
29028,0.0008809564751572907
29029,0.0015627248212695122
29030,0.0025908970274031162
29031,0.004294184036552906
29032,0.0008522070711478591
29033,0.0012808545725420117
29034,0.009428195655345917
29035,0.001057405024766922
29036,0.00117776938714087
29037,0.001915323780849576
29038,0.0020213285461068153
29039,0.0014635121915489435
29040,0.0011299120960757136
29041,0.0012126213405281305
29042,0.001486749853938818
29043,0.01739291101694107
29044,0.0010798913426697254
29045,0.0020947721786797047
29046,0.002120260614901781
29047,0.00918538961559534
29048,0.0031583590898662806
29049,0.0016887225210666656
29050,0.0018654575105756521
29051,0.0015620720805600286
29052,0.0012396061792969704
29053,0.0021035224199295044
29054,0.004265245981514454
29055,0.001781583414413035
29056,0.0003881629672832787
29057,0.0015759537927806377
29058,0.00046889609075151384
29059,0.0007368199294432998
29060,0.0006819264963269234
29061,0.0005819177604280412
29062,0.0006607953691855073
29063,0.0026866630651056767
29064,0.0007948557613417506
29065,0.000419043906731531
29066,0.0010096895275637507
29067,0.00035480601945891976
29068,0.0009576400043442845
29069,0.00070032081566751
29070,0.00045776512706652284
29071,0.0004162113764323294
29072,0.0005626796628348529
29073,0.0007277679396793246
29074,0.0005522967549040914
29075,0.0020565909799188375
29076,0.004828881472349167
29077,0.0005510036135092378
29078,0.00037756923120468855
29079,0.00025827132049016654
29080,0.0005251973634585738
29081,0.00039714027661830187
29082,0.0005036393995396793
29083,0.00078145123552531
29084,0.0013365903869271278
29085,0.00046466884668916464
29086,0.0004108272260054946
29087,0.0006322643021121621
29088,0.0005146160838194191
29089,0.00044979937956668437
29090,0.0002629045629873872
29091,0.002144774654880166
29092,0.000506726501043886
29093,0.0005235051503404975
29094,0.0005183584871701896
29095,0.00036587956128641963
29096,0.0005237325094640255
29097,0.0005136420368216932
29098,0.0004233407089486718
29099,0.00030458279070444405
29100,0.0003087583463639021
29101,0.0008959583356045187
29102,0.0012821045238524675
29103,0.0007954505272209644
29104,0.0003066242497880012
29105,0.00048229226376861334
29106,0.0014090633485466242
29107,0.0005116058164276183
29108,0.00027065823087468743
29109,0.000431373919127509
29110,0.0004811604449059814
29111,0.0007488140254281461
29112,0.0004996362840756774
29113,0.00034782179864123464
29114,0.0005320944474078715
29115,0.0034439428709447384
29116,0.0012122984044253826
29117,0.00047850306145846844
29118,0.000389953755075112
29119,0.0006895717233419418
29120,0.000380940327886492
29121,0.0003329599858261645
29122,0.000528650009073317
29123,0.0013626558938995004
29124,0.00021165252837818116
29125,0.002154759829863906
29126,0.0003600470663513988
29127,0.001415727660059929
29128,0.00032165314769372344
29129,0.0006826987955719233
29130,0.003228849032893777
29131,0.00046678102808073163
29132,0.0006739013479091227
29133,0.0009550204267725348
29134,0.0005347795085981488
29135,0.00038773950655013323
29136,0.0009868727065622807
29137,0.0007518524653278291
29138,0.0007756680133752525
29139,0.0004750886291731149
29140,0.00040563647053204477
29141,0.0004033620352856815
29142,0.0005280700279399753
29143,0.0006241364171728492
29144,0.00044846252421848476
29145,0.0009081852622330189
29146,0.0005731815472245216
29147,0.0007606770959682763
29148,0.0002913362695835531
29149,0.0004433600988704711
29150,0.000326520181261003
29151,0.000600968487560749
29152,0.0006801164709031582
29153,0.00045104982564225793
29154,0.00042027694871649146
29155,0.00023385474923998117
29156,0.00021204516815487295
29157,0.00035155046498402953
29158,0.0005900858086533844
29159,0.0007663192809559405
29160,0.00046773866051808
29161,0.0005463919369503856
29162,0.0011477830121293664
29163,0.0009837793186306953
29164,0.0003770446637645364
29165,0.00038604310248047113
29166,0.0008812593878246844
29167,0.0012770546600222588
29168,0.0002727987593971193
29169,0.0004466052632778883
29170,0.00037915637949481606
29171,0.0006603291840292513
29172,0.00046481203753501177
29173,0.0006773818167857826
29174,0.0002944202278740704
29175,0.0008212600951083004
29176,0.0011297797318547964
29177,0.0006616837927140296
29178,0.0003406161558814347
29179,0.000690602813847363
29180,0.00025807524798437953
29181,0.0020545641891658306
29182,0.00030026843887753785
29183,0.00040513486601412296
29184,0.008814734406769276
29185,0.0019156092312186956
29186,0.0012457615230232477
29187,0.00037409563083201647
29188,0.04291890189051628
29189,0.00046180191566236317
29190,0.00066040875390172
29191,0.0005235598073340952
29192,0.006587832234799862
29193,0.0008255098364315927
29194,0.00056727125775069
29195,0.0008312428835779428
29196,0.00050412054406479
29197,0.0004428763932082802
29198,0.0004705769242718816
29199,0.0006659977370873094
29200,0.001014801673591137
29201,0.00048408537986688316
29202,0.0010271810460835695
29203,0.011103471741080284
29204,0.0003615770838223398
29205,0.000797165441326797
29206,0.00033659522887319326
29207,0.00038250916986726224
29208,0.000767282210290432
29209,0.0028112882282584906
29210,0.00040207599522545934
29211,0.0004098140634596348
29212,0.003472048556432128
29213,0.029039107263088226
29214,0.0018493846291676164
29215,0.0010896222665905952
29216,0.0002237400913145393
29217,0.0006621764623560011
29218,0.00045861719991080463
29219,0.00027829338796436787
29220,0.0010021217167377472
29221,0.0010603365954011679
29222,0.0005632967804558575
29223,0.024358095601201057
29224,0.0007256799144670367
29225,0.0006509533268399537
29226,0.0030953020323067904
29227,0.000702334102243185
29228,0.038411661982536316
29229,0.0010369564406573772
29230,0.0011825774563476443
29231,0.0018401776906102896
29232,0.0009647666593082249
29233,0.0005234782001934946
29234,0.0006260896334424615
29235,0.0007032920839264989
29236,0.0006114214193075895
29237,0.0010167591972276568
29238,0.00043630923028104007
29239,0.0010690358467400074
29240,0.0022079250775277615
29241,0.030657999217510223
29242,0.006332067307084799
29243,0.00047200502012856305
29244,0.000945366860833019
29245,0.004234320484101772
29246,0.00045245414366945624
29247,0.0003964267671108246
29248,0.0004886974929831922
29249,0.0005335016176104546
29250,0.0005183647153899074
29251,0.001150030642747879
29252,0.00037961150519549847
29253,0.00027652207063511014
29254,0.00044119145604781806
29255,0.0004655281954910606
29256,0.004115568473935127
29257,0.0012116875732317567
29258,0.0006178035982884467
29259,0.000960506615228951
29260,0.021302245557308197
29261,0.0009354401845484972
29262,0.0003224708780180663
29263,0.0017258869484066963
29264,0.0004147097351960838
29265,0.005045379512012005
29266,0.0014819796197116375
29267,0.026481807231903076
29268,0.0011757019674405456
29269,0.00046854675747454166
29270,0.0011175315594300628
29271,0.0008129360503517091
29272,0.0007038206094875932
29273,0.0035411391872912645
29274,0.04630516469478607
29275,0.00047714594984427094
29276,0.0005198839353397489
29277,0.00041609705658629537
29278,0.0011180846486240625
29279,0.001181518891826272
29280,0.0003509082307573408
29281,0.0005890298634767532
29282,0.0017354167066514492
29283,0.0005451717297546566
29284,0.0007601972902193666
29285,0.0004992567701265216
29286,0.017142634838819504
29287,0.00040677443030290306
29288,0.0004960427177138627
29289,0.002426105085760355
29290,0.0004366824869066477
29291,0.013098889030516148
29292,0.0018606862286105752
29293,0.0004468638217076659
29294,0.0003154886653646827
29295,0.0009359987452626228
29296,0.0022889436222612858
29297,0.00042918912367895246
29298,0.0005451433244161308
29299,0.004395988769829273
29300,0.00041658489499241114
29301,0.0010181162506341934
29302,0.0007765560876578093
29303,0.008301952853798866
29304,0.0003346145967952907
29305,0.0004790063248947263
29306,0.025803813710808754
29307,0.008374708704650402
29308,0.0005830654408782721
29309,0.0004221152048557997
29310,0.0008226828649640083
29311,0.02834123745560646
29312,0.0004944300162605941
29313,0.0010784427868202329
29314,0.003983845468610525
29315,0.0003529541427269578
29316,0.00033607991645112634
29317,0.013336610049009323
29318,0.00047280036960728467
29319,0.0005564021412283182
29320,0.0005467248847708106
29321,0.0008018829394131899
29322,0.0015707412967458367
29323,0.0009868332417681813
29324,0.0006587263196706772
29325,0.017491791397333145
29326,0.005145477596670389
29327,0.0013219183310866356
29328,0.03632841259241104
29329,0.012415183708071709
29330,0.0006021818844601512
29331,0.0005193299730308354
29332,0.006441011093556881
29333,0.0018546778010204434
29334,0.03305596485733986
29335,0.0005363636882975698
29336,0.010068465024232864
29337,0.014547370374202728
29338,0.0010842196643352509
29339,0.00653677387163043
29340,0.0030161445029079914
29341,0.01508235838264227
29342,0.0031089389231055975
29343,0.0006263231043703854
29344,0.011119795963168144
29345,0.0017841949593275785
29346,0.0012679814826697111
29347,0.0009013343369588256
29348,0.0425158366560936
29349,0.0008079077815636992
29350,0.002621170599013567
29351,0.0008571373764425516
29352,0.0038343952037394047
29353,0.0012374510988593102
29354,0.0005907922750338912
29355,0.014980322681367397
29356,0.002897304482758045
29357,0.0005425229319371283
29358,0.0008935413789004087
29359,0.0009625550010241568
29360,0.006919927895069122
29361,0.0026034025941044092
29362,0.0007396924193017185
29363,0.0017165944445878267
29364,0.006021198816597462
29365,0.0005297244642861187
29366,0.0014100454282015562
29367,0.006037893705070019
29368,0.0010218728566542268
29369,0.02646075189113617
29370,0.000721060554496944
29371,0.0019390527158975601
29372,0.0124438451603055
29373,0.020000314339995384
29374,0.005595678463578224
29375,0.0050611295737326145
29376,0.0011478171218186617
29377,0.0013351055094972253
29378,0.0006963835912756622
29379,0.004523117560893297
29380,0.00044481776421889663
29381,0.006905948277562857
29382,0.0013312110677361488
29383,0.0034199312794953585
29384,0.0030550083611160517
29385,0.022073538973927498
29386,0.0016720585990697145
29387,0.032373711466789246
29388,0.0006667738198302686
29389,0.013746798038482666
29390,0.002795593347400427
29391,0.0006842153961770236
29392,0.0014004891272634268
29393,0.0011698724702000618
29394,0.001158825121819973
29395,0.003769302275031805
29396,0.0019463361240923405
29397,0.0004865881346631795
29398,0.004471090622246265
29399,0.0010883769718930125
29400,0.0016061101341620088
29401,0.0010045268572866917
29402,0.012363809160888195
29403,0.0027601849287748337
29404,0.0009448385098949075
29405,0.014048478566110134
29406,0.0016557807102799416
29407,0.03435346856713295
29408,0.009213561192154884
29409,0.011417245492339134
29410,0.000669970060698688
29411,0.0009409478516317904
29412,0.002215506276115775
29413,0.0023681786842644215
29414,0.0010870161931961775
29415,0.0016085741808637977
29416,0.0005248399684205651
29417,0.0007740116561762989
29418,0.016733352094888687
29419,0.0005844576517120004
29420,0.0011391103034839034
29421,0.001042663585394621
29422,0.0018833783688023686
29423,0.0007085714605636895
29424,0.003989562392234802
29425,0.0007011321140453219
29426,0.03865012899041176
29427,0.02472566068172455
29428,0.00589001877233386
29429,0.0008414947660639882
29430,0.003955888096243143
29431,0.0028072891291230917
29432,0.0008891233592294157
29433,0.0010126499691978097
29434,0.001108219614252448
29435,0.0005540215061046183
29436,0.016318246722221375
29437,0.0006038399296812713
29438,0.00403307331725955
29439,0.007490693125873804
29440,0.0009814015356823802
29441,0.0072381263598799706
29442,0.0016052840510383248
29443,0.0048880246467888355
29444,0.0006288982112891972
29445,0.02134762331843376
29446,0.004795869812369347
29447,0.002480397466570139
29448,0.0007558841607533395
29449,0.015157164074480534
29450,0.0029950246680527925
29451,0.001158095896244049
29452,0.001911083236336708
29453,0.02524694614112377
29454,0.0012747012078762054
29455,0.0012497203424572945
29456,0.0008275100844912231
29457,0.0017193782841786742
29458,0.0014696108410134912
29459,0.0038668038323521614
29460,0.004698128439486027
29461,0.0006868256023153663
29462,0.005331972613930702
29463,0.0009880287107080221
29464,0.0006812923820689321
29465,0.0009526147041469812
29466,0.0008699230966158211
29467,0.000606352521572262
29468,0.0012417752295732498
29469,0.0012808822793886065
29470,0.0011254128767177463
29471,0.0022166979033499956
29472,0.0012748569715768099
29473,0.00698818638920784
29474,0.0031521273776888847
29475,0.0021870562341064215
29476,0.0005995481042191386
29477,0.0016376423882320523
29478,0.004225577227771282
29479,0.00218254909850657
29480,0.0020142889115959406
29481,0.0010060938075184822
29482,0.008167763240635395
29483,0.01565789431333542
29484,0.002261075424030423
29485,0.0007841424085199833
29486,0.003666345262899995
29487,0.013580746948719025
29488,0.0008427941938862205
29489,0.0005628176149912179
29490,0.0014468332519754767
29491,0.0017293896526098251
29492,0.0007257871329784393
29493,0.0016421672189608216
29494,0.0006689591100439429
29495,0.0010678265243768692
29496,0.022515561431646347
29497,0.0028557791374623775
29498,0.0006421501748263836
29499,0.0005784177919849753
29500,0.0006775911315344274
29501,0.0003984607756137848
29502,0.0006529399543069303
29503,0.0014971994096413255
29504,0.003167706076055765
29505,0.0012186862295493484
29506,0.0034973942674696445
29507,0.005569863133132458
29508,0.0007329732179641724
29509,0.001458859071135521
29510,0.0004568184958770871
29511,0.00041647779289633036
29512,0.0007928234408609569
29513,0.0006491891690529883
29514,0.0008868717122823
29515,0.0012332426849752665
29516,0.0021557658910751343
29517,0.023407263681292534
29518,0.006219953764230013
29519,0.0010433925781399012
29520,0.001991440774872899
29521,0.0012337553780525923
29522,0.0008192829554900527
29523,0.0017750030383467674
29524,0.0015006866306066513
29525,0.0032032581511884928
29526,0.0005689015379175544
29527,0.0008505114237777889
29528,0.0005880558746866882
29529,0.008105284534394741
29530,0.0011828865390270948
29531,0.017712969332933426
29532,0.0003961172769777477
29533,0.010923572815954685
29534,0.0004505797114688903
29535,0.003766415175050497
29536,0.0019285812741145492
29537,0.0007925024256110191
29538,0.0006082846084609628
29539,0.0033704726956784725
29540,0.0008552266517654061
29541,0.02642367035150528
29542,0.00035019597271457314
29543,0.0030627967789769173
29544,0.0011549049522727728
29545,0.015463975258171558
29546,0.001385206705890596
29547,0.004280384164303541
29548,0.001130330958403647
29549,0.001093293889425695
29550,0.0010461322963237762
29551,0.0007197628729045391
29552,0.0004215733497403562
29553,0.0008150149951688945
29554,0.004739136900752783
29555,0.0008980266866274178
29556,0.0009728028089739382
29557,0.0006544493953697383
29558,0.0008899916429072618
29559,0.0005091780913062394
29560,0.002309936098754406
29561,0.0010048841359093785
29562,0.00215187668800354
29563,0.0013552471064031124
29564,0.0007530914153903723
29565,0.014026797376573086
29566,0.008669115602970123
29567,0.004991516936570406
29568,0.007872715592384338
29569,0.008374707773327827
29570,0.0006030292715877295
29571,0.0012364544672891498
29572,0.0006792939966544509
29573,0.002668928587809205
29574,0.002749705919995904
29575,0.0007635842775925994
29576,0.0025958563201129436
29577,0.010554901324212551
29578,0.01187092624604702
29579,0.0029797181487083435
29580,0.001478305784985423
29581,0.0010647322051227093
29582,0.0006899659056216478
29583,0.0013137091882526875
29584,0.000712813634891063
29585,0.0009361351258121431
29586,0.002360171638429165
29587,0.005303481128066778
29588,0.006453899201005697
29589,0.021551838144659996
29590,0.000784801784902811
29591,0.008660610765218735
29592,0.022890422493219376
29593,0.002000250853598118
29594,0.0027645297814160585
29595,0.012564550153911114
29596,0.0024619733449071646
29597,0.010183509439229965
29598,0.01381026953458786
29599,0.0032154538203030825
29600,0.007012774236500263
29601,0.0010525536490604281
29602,0.0017725550569593906
29603,0.001077478053048253
29604,0.0241926908493042
29605,0.010097329504787922
29606,0.001870240201242268
29607,0.009982445277273655
29608,0.015604658983647823
29609,0.011022442020475864
29610,0.0017430717125535011
29611,0.0013494042214006186
29612,0.020288029685616493
29613,0.0006475645350292325
29614,0.0026579913683235645
29615,0.0110568106174469
29616,0.006151313427835703
29617,0.0007054440793581307
29618,0.0020745047368109226
29619,0.0011235818965360522
29620,0.002531634643673897
29621,0.011626243591308594
29622,0.003687107004225254
29623,0.013316819444298744
29624,0.0027043884620070457
29625,0.0013637944357469678
29626,0.000807087286375463
29627,0.0009273218456655741
29628,0.0011771637946367264
29629,0.0008396233897656202
29630,0.0020072150509804487
29631,0.0008012238540686667
29632,0.0009082123870030046
29633,0.011480776593089104
29634,0.004880665801465511
29635,0.0015351506881415844
29636,0.0011441605165600777
29637,0.0008928228635340929
29638,0.00088046322343871
29639,0.0008631671662442386
29640,0.01641521044075489
29641,0.014256657101213932
29642,0.004365532658994198
29643,0.0007564721163362265
29644,0.010747501626610756
29645,0.005108651705086231
29646,0.0010774575639516115
29647,0.006397681310772896
29648,0.004951479844748974
29649,0.0028438162989914417
29650,0.0013058660551905632
29651,0.0007642261916771531
29652,0.003318201284855604
29653,0.019147852435708046
29654,0.000902702915482223
29655,0.00789005495607853
29656,0.000445118872448802
29657,0.006917178630828857
29658,0.012552481144666672
29659,0.0008991165086627007
29660,0.004422931466251612
29661,0.009402737952768803
29662,0.017392855137586594
29663,0.0007341937744058669
29664,0.01024636160582304
29665,0.001196773024275899
29666,0.0006364812143146992
29667,0.0014699860475957394
29668,0.001091998303309083
29669,0.010029846802353859
29670,0.002407210413366556
29671,0.007729899138212204
29672,0.00455035176128149
29673,0.0015504390466958284
29674,0.0082240030169487
29675,0.0023115533404052258
29676,0.00436786562204361
29677,0.001153189456090331
29678,0.0028555020689964294
29679,0.00113598071038723
29680,0.0010432095732539892
29681,0.003122191410511732
29682,0.020223017781972885
29683,0.0005213409895077348
29684,0.000822928617708385
29685,0.009803321212530136
29686,0.010150477290153503
29687,0.0074159554205834866
29688,0.0006720821838825941
29689,0.021849969401955605
29690,0.0008997516706585884
29691,0.000894472817890346
29692,0.012822240591049194
29693,0.0009440035792067647
29694,0.0031524854712188244
29695,0.0010737928096204996
29696,0.001592074055224657
29697,0.0005923383869230747
29698,0.00039312278386205435
29699,0.0006551372352987528
29700,0.000659244367852807
29701,0.0009322073310613632
29702,0.02286897413432598
29703,0.0019487697863951325
29704,0.004161281045526266
29705,0.003559671575203538
29706,0.005028382875025272
29707,0.001040494884364307
29708,0.0008050462347455323
29709,0.0005979299312457442
29710,0.00045128175406716764
29711,0.0005779503844678402
29712,0.0005284000653773546
29713,0.000983147183433175
29714,0.0005994594539515674
29715,0.0009529957314953208
29716,0.006943389307707548
29717,0.0004111772868782282
29718,0.004193715285509825
29719,0.0018390126060694456
29720,0.0003804356965702027
29721,0.0005688793025910854
29722,0.0011383539531379938
29723,0.021681981161236763
29724,0.0004302040906623006
29725,0.0010719544952735305
29726,0.00048111521755345166
29727,0.013425439596176147
29728,0.024004703387618065
29729,0.003999926149845123
29730,0.0007269340567290783
29731,0.013003669679164886
29732,0.0009243987733498216
29733,0.0006585119990631938
29734,0.0037632882595062256
29735,0.003954143263399601
29736,0.0010040482738986611
29737,0.0043787481263279915
29738,0.0007036825409159064
29739,0.000719733361620456
29740,0.000507426680997014
29741,0.0005940211704000831
29742,0.011353614740073681
29743,0.0004954086034558713
29744,0.003688101889565587
29745,0.0009058375144377351
29746,0.0005597159033641219
29747,0.0005688054370693862
29748,0.0006613811710849404
29749,0.002217750996351242
29750,0.0008615519036538899
29751,0.0009752749465405941
29752,0.0011999409180134535
29753,0.00042953406227752566
29754,0.007619046606123447
29755,0.0005865636048838496
29756,0.0011732898419722915
29757,0.007679182104766369
29758,0.0004398627788759768
29759,0.00042246381053701043
29760,0.0009111441904678941
29761,0.011106817051768303
29762,0.00033008362515829504
29763,0.0012549124658107758
29764,0.0007526574190706015
29765,0.000819297565612942
29766,0.0007316845585592091
29767,0.003418350825086236
29768,0.00046100799227133393
29769,0.0005879034288227558
29770,0.0016065232921391726
29771,0.009504284709692001
29772,0.003103841096162796
29773,0.0006981455953791738
29774,0.0020961954724043608
29775,0.00399980042129755
29776,0.0006154030561447144
29777,0.000654549163300544
29778,0.0005896183429285884
29779,0.0008995700045488775
29780,0.0008310477714985609
29781,0.023566465824842453
29782,0.000996697461232543
29783,0.0033329955767840147
29784,0.0014435140183195472
29785,0.0005657084984704852
29786,0.012883727438747883
29787,0.0015484342584386468
29788,0.0005639786832034588
29789,0.002694141585379839
29790,0.0003474205150268972
29791,0.0005800168728455901
29792,0.0009539872407913208
29793,0.00035885936813429
29794,0.0013698453549295664
29795,0.0007644892320968211
29796,0.000787700351793319
29797,0.0007235687808133662
29798,0.00501988735049963
29799,0.0009525336208753288
29800,0.023665498942136765
29801,0.0006380529375746846
29802,0.00048773252638056874
29803,0.013070037588477135
29804,0.0004261591238901019
29805,0.0010111297015100718
29806,0.012689494527876377
29807,0.001555211958475411
29808,0.0009498113649897277
29809,0.0006112989503890276
29810,0.001088403514586389
29811,0.0009633325971662998
29812,0.0004535560146905482
29813,0.0006290450692176819
29814,0.001199724618345499
29815,0.005227099172770977
29816,0.0007951027364470065
29817,0.0015165687073022127
29818,0.000573122117202729
29819,0.0003161937929689884
29820,0.0008779892232269049
29821,0.0006100006867200136
29822,0.007328893058001995
29823,0.003534530522301793
29824,0.0005940278060734272
29825,0.009646579623222351
29826,0.001149724586866796
29827,0.0015061150770634413
29828,0.0007330950465984643
29829,0.0008279385510832071
29830,0.0008351561846211553
29831,0.0005287677049636841
29832,0.0005063003627583385
29833,0.00234311749227345
29834,0.0026478590443730354
29835,0.0025890187826007605
29836,0.0005212229443714023
29837,0.0016213725320994854
29838,0.0011595720425248146
29839,0.0008854251354932785
29840,0.0006502583855763078
29841,0.001490267226472497
29842,0.0005989021738059819
29843,0.0007100844522938132
29844,0.0009670857107266784
29845,0.003141801105812192
29846,0.0005999576533213258
29847,0.0017760039772838354
29848,0.0049614617601037025
29849,0.005069911014288664
29850,0.0007118778303265572
29851,0.005262651015073061
29852,0.0009259021608158946
29853,0.0010544552933424711
29854,0.0005647884681820869
29855,0.01005847379565239
29856,0.0012510380474850535
29857,0.001394823077134788
29858,0.0012264951365068555
29859,0.0006268417928367853
29860,0.0014248874504119158
29861,0.0008732699789106846
29862,0.0006427844637073576
29863,0.0014633855316787958
29864,0.0008160033030435443
29865,0.009044958278536797
29866,0.005669517442584038
29867,0.006298231892287731
29868,0.0012260491494089365
29869,0.000962820602580905
29870,0.0005671189865097404
29871,0.0016744083259254694
29872,0.0014298923779278994
29873,0.0006459986325353384
29874,0.00039635435678064823
29875,0.001343563082627952
29876,0.0007450679549947381
29877,0.0004802835173904896
29878,0.0003435617545619607
29879,0.0006455803522840142
29880,0.009586297906935215
29881,0.0021230948623269796
29882,0.001507544075138867
29883,0.0016373745165765285
29884,0.0006055423873476684
29885,0.0005845460691489279
29886,0.002018190687522292
29887,0.0006455869879573584
29888,0.0011639823205769062
29889,0.0011374815367162228
29890,0.004271238576620817
29891,0.00035385729279369116
29892,0.0010883525246754289
29893,0.006625055335462093
29894,0.0007763133617118001
29895,0.0004140492819715291
29896,0.00042718733311630785
29897,0.0002796041953843087
29898,0.0007420358015224338
29899,0.0013682842254638672
29900,0.001195074524730444
29901,0.0021616402082145214
29902,0.0006597524043172598
29903,0.004275233950465918
29904,0.0015831291675567627
29905,0.0018144167261198163
29906,0.0009913857793435454
29907,0.0007057900074869394
29908,0.000694163260050118
29909,0.0005822924431413412
29910,0.004302733112126589
29911,0.00047927690320648253
29912,0.0006880913861095905
29913,0.0006769628962501884
29914,0.0004174477362539619
29915,0.001199407153762877
29916,0.00035239639692008495
29917,0.007945696823298931
29918,0.0005509885959327221
29919,0.008612504228949547
29920,0.0005190102965570986
29921,0.0021245290990918875
29922,0.00042544479947537184
29923,0.0007913009030744433
29924,0.0005523066502064466
29925,0.00042289309203624725
29926,0.0037012435495853424
29927,0.0010573038598522544
29928,0.0005816460470668972
29929,0.00031895842403173447
29930,0.0005239627789705992
29931,0.0032840175554156303
29932,0.0009387120371684432
29933,0.003748538438230753
29934,0.0007370031671598554
29935,0.0024088830687105656
29936,0.005927983671426773
29937,0.0004924482200294733
29938,0.0006923116743564606
29939,0.0004994218470528722
29940,0.001191976247355342
29941,0.0009834191296249628
29942,0.0016881866613402963
29943,0.0013593543553724885
29944,0.0007055297028273344
29945,0.0008734725415706635
29946,0.0007323452737182379
29947,0.0006412446382455528
29948,0.0007039652555249631
29949,0.0005928842583671212
29950,0.0033925154712051153
29951,0.005613749846816063
29952,0.0158524289727211
29953,0.0009398874826729298
29954,0.040831513702869415
29955,0.007059997878968716
29956,0.03417964279651642
29957,0.0003707965952344239
29958,0.003848606487736106
29959,0.0008953375509008765
29960,0.008350508287549019
29961,0.0004837707965634763
29962,0.0005037745577283204
29963,0.00044012474245391786
29964,0.0012952840188518167
29965,0.012572468258440495
29966,0.000998385832644999
29967,0.023341646417975426
29968,0.0009860278805717826
29969,0.0010029823752120137
29970,0.003063481068238616
29971,0.0007407785742543638
29972,0.0007682983996346593
29973,0.00181683711707592
29974,0.00037804857129231095
29975,0.002151437569409609
29976,0.019541483372449875
29977,0.011328653432428837
29978,0.045964837074279785
29979,0.0009549461537972093
29980,0.0038461866788566113
29981,0.0006194604211486876
29982,0.0011461472604423761
29983,0.007269181311130524
29984,0.0019751612562686205
29985,0.0008585532195866108
29986,0.0010416788281872869
29987,0.003962866961956024
29988,0.001434891251847148
29989,0.0005801451625302434
29990,0.0009584564249962568
29991,0.0007667380850762129
29992,0.026796597987413406
29993,0.007523260544985533
29994,0.02923274226486683
29995,0.04510808363556862
29996,0.0020364150404930115
29997,0.01075153611600399
29998,0.0006014072569087148
29999,0.0006254945765249431
30000,0.00047321917372755706
30001,0.006784385535866022
30002,0.00448415894061327
30003,0.0014919950626790524
30004,0.003545911516994238
30005,0.001780333579517901
30006,0.014406127855181694
30007,0.0020465278066694736
30008,0.0024559861049056053
30009,0.007123980205506086
30010,0.0004070599388796836
30011,0.00828359741717577
30012,0.024131368845701218
30013,0.021959904581308365
30014,0.010040772147476673
30015,0.017881475389003754
30016,0.0006314030615612864
30017,0.017899340018630028
30018,0.025031177327036858
30019,0.0006479001604020596
30020,0.022186141461133957
30021,0.00510079599916935
30022,0.0018428093753755093
30023,0.007511473260819912
30024,0.001983133377507329
30025,0.014652544632554054
30026,0.00484132207930088
30027,0.01677570305764675
30028,0.014988033100962639
30029,0.0006037932471372187
30030,0.0008031325414776802
30031,0.0004726655315607786
30032,0.0008960088016465306
30033,0.0006652798037976027
30034,0.010946284048259258
30035,0.0029335003346204758
30036,0.0009027525084093213
30037,0.025076789781451225
30038,0.01016476284712553
30039,0.003109556855633855
30040,0.005183541215956211
30041,0.0006714365445077419
30042,0.00904563907533884
30043,0.0354364812374115
30044,0.008996816352009773
30045,0.0023196274414658546
30046,0.004205888137221336
30047,0.0010436024749651551
30048,0.001147973001934588
30049,0.0010250277118757367
30050,0.0006675838958472013
30051,0.004053966607898474
30052,0.00824387650936842
30053,0.00046315035433508456
30054,0.02004585973918438
30055,0.004942070692777634
30056,0.000868406321387738
30057,0.0008009392768144608
30058,0.026910126209259033
30059,0.00040062254993245006
30060,0.004949893336743116
30061,0.02564149908721447
30062,0.0007637101225554943
30063,0.0036942975129932165
30064,0.0007609565509483218
30065,0.00033836750662885606
30066,0.009129303507506847
30067,0.0037533228751271963
30068,0.01407577097415924
30069,0.008325380273163319
30070,0.032386988401412964
30071,0.019411848857998848
30072,0.027842354029417038
30073,0.004685377702116966
30074,0.016854284331202507
30075,0.0004261882568243891
30076,0.0017909645102918148
30077,0.0009498321451246738
30078,0.00039892239146865904
30079,0.0008961046696640551
30080,0.0009966291254386306
30081,0.008265933021903038
30082,0.022892363369464874
30083,0.003194347955286503
30084,0.0008639086736366153
30085,0.0009936027927324176
30086,0.0009680923540145159
30087,0.00034539625630714
30088,0.02087564580142498
30089,0.006050127558410168
30090,0.017479892820119858
30091,0.0005645023775286973
30092,0.0034539378248155117
30093,0.0008856609929352999
30094,0.007430954370647669
30095,0.0020626885816454887
30096,0.0005846364656463265
30097,0.0009044387261383235
30098,0.01298899482935667
30099,0.00495260301977396
30100,0.0004129460430704057
30101,0.0024339871015399694
30102,0.006395860109478235
30103,0.0006189073901623487
30104,0.01842285320162773
30105,0.009817924350500107
30106,0.0034650713205337524
30107,0.0013085589744150639
30108,0.01865215227007866
30109,0.0009753361809998751
30110,0.002199862152338028
30111,0.0008415408083237708
30112,0.000675152288749814
30113,0.00039357724017463624
30114,0.004583341535180807
30115,0.0016277158865705132
30116,0.005334049463272095
30117,0.005519240163266659
30118,0.0007119113579392433
30119,0.01688956655561924
30120,0.009096608497202396
30121,0.0006179303163662553
30122,0.001820014207623899
30123,0.015296855010092258
30124,0.0003900924348272383
30125,0.0004143727128393948
30126,0.0013330657966434956
30127,0.01936997100710869
30128,0.013908520340919495
30129,0.009148026816546917
30130,0.0013920565834268928
30131,0.0025486263912171125
30132,0.0005250522517599165
30133,0.000504270545206964
30134,0.004143586847931147
30135,0.009497586637735367
30136,0.006135502364486456
30137,0.012454792857170105
30138,0.0018748724833130836
30139,0.0007438792381435633
30140,0.0025397115387022495
30141,0.0007575303316116333
30142,0.009156061336398125
30143,0.0036304835230112076
30144,0.0005227578803896904
30145,0.003079697024077177
30146,0.0011382460361346602
30147,0.021744627505540848
30148,0.0024285761173814535
30149,0.006409393157809973
30150,0.013895448297262192
30151,0.0005040940595790744
30152,0.0007360798772424459
30153,0.005381091497838497
30154,0.014128808863461018
30155,0.006831407081335783
30156,0.01954296976327896
30157,0.0045950571075081825
30158,0.0006385173765011132
30159,0.0005243699997663498
30160,0.004911099094897509
30161,0.016139080747961998
30162,0.001003523706458509
30163,0.0009186218376271427
30164,0.001924562850035727
30165,0.008282450959086418
30166,0.002982350764796138
30167,0.011656517162919044
30168,0.006642574444413185
30169,0.0005212952382862568
30170,0.0010192195186391473
30171,0.001858235104009509
30172,0.001277949195355177
30173,0.007869235239923
30174,0.0008850300800986588
30175,0.0013454536674544215
30176,0.001503333100117743
30177,0.001151003292761743
30178,0.007440813817083836
30179,0.003395440522581339
30180,0.0031044944189488888
30181,0.005144809372723103
30182,0.01478529442101717
30183,0.0015644712839275599
30184,0.0008690537652000785
30185,0.00048402484389953315
30186,0.0009053078829310834
30187,0.001847439561970532
30188,0.0004659181577153504
30189,0.0010135553311556578
30190,0.0003848473425023258
30191,0.012278730981051922
30192,0.0007907284307293594
30193,0.008117190562188625
30194,0.00572938472032547
30195,0.0040099965408444405
30196,0.012416070327162743
30197,0.0007569353329017758
30198,0.0044550178572535515
30199,0.010233849287033081
30200,0.0005197625723667443
30201,0.0016174667980521917
30202,0.0009944653138518333
30203,0.001479582511819899
30204,0.0012003349838778377
30205,0.027406280860304832
30206,0.0035418758634477854
30207,0.018701503053307533
30208,0.014758729375898838
30209,0.018920835107564926
30210,0.009742680937051773
30211,0.00878122542053461
30212,0.0021710158325731754
30213,0.0019004449713975191
30214,0.0007592726033180952
30215,0.005287181586027145
30216,0.0014554180670529604
30217,0.008415048941969872
30218,0.0006363046704791486
30219,0.007380518596619368
30220,0.000773088017012924
30221,0.02327975630760193
30222,0.052727703005075455
30223,0.0030770408920943737
30224,0.0010481489589437842
30225,0.0026534467469900846
30226,0.0030888060573488474
30227,0.034184347838163376
30228,0.003689807839691639
30229,0.004131186753511429
30230,0.012571439146995544
30231,0.0005676273722201586
30232,0.014510451816022396
30233,0.012295960448682308
30234,0.0014470706228166819
30235,0.002403450896963477
30236,0.027026021853089333
30237,0.003551705740392208
30238,0.006189389619976282
30239,0.01092247199267149
30240,0.006838842295110226
30241,0.015590022318065166
30242,0.01740829460322857
30243,0.004236685112118721
30244,0.006049983203411102
30245,0.0023645032197237015
30246,0.005458794068545103
30247,0.02483678050339222
30248,0.0008885098504833877
30249,0.0010154531337320805
30250,0.0008680068422108889
30251,0.0010768001666292548
30252,0.02072272263467312
30253,0.0007935186149552464
30254,0.0008698889869265258
30255,0.0033651564735919237
30256,0.0029115858487784863
30257,0.0015905163018032908
30258,0.0014351641293615103
30259,0.020320076495409012
30260,0.012928234413266182
30261,0.0026168590411543846
30262,0.0347139909863472
30263,0.0033073239028453827
30264,0.0026633760426193476
30265,0.0027921125292778015
30266,0.002457789611071348
30267,0.0331760048866272
30268,0.0018940881127491593
30269,0.034504443407058716
30270,0.013287397101521492
30271,0.0062532732263207436
30272,0.0024472137447446585
30273,0.01886662095785141
30274,0.0010740570724010468
30275,0.0029824422672390938
30276,0.03221803903579712
30277,0.008840817026793957
30278,0.04177102819085121
30279,0.00257567479275167
30280,0.014628373086452484
30281,0.0023094448260962963
30282,0.020100848749279976
30283,0.0008520224364474416
30284,0.005483238957822323
30285,0.007161729969084263
30286,0.012537654489278793
30287,0.0008104181615635753
30288,0.029537877067923546
30289,0.0030252791475504637
30290,0.013996977359056473
30291,0.0006777791422791779
30292,0.002579446416348219
30293,0.017230581492185593
30294,0.006498296745121479
30295,0.001205876236781478
30296,0.0017407648265361786
30297,0.001635979046113789
30298,0.011048778891563416
30299,0.001136076869443059
30300,0.0021750577725470066
30301,0.015949251130223274
30302,0.003193271579220891
30303,0.0015023273881524801
30304,0.00203927094116807
30305,0.0045377714559435844
30306,0.0031541804783046246
30307,0.007669040467590094
30308,0.0013063781661912799
30309,0.0030529259238392115
30310,0.007749549113214016
30311,0.007712155114859343
30312,0.0033300770446658134
30313,0.0034656801726669073
30314,0.03157564252614975
30315,0.004118120763450861
30316,0.00759834423661232
30317,0.0013768007047474384
30318,0.0038894005119800568
30319,0.0009142758790403605
30320,0.01550878956913948
30321,0.0005807700799778104
30322,0.02754272148013115
30323,0.014121605083346367
30324,0.02350950613617897
30325,0.01178240217268467
30326,0.03181338682770729
30327,0.003941240254789591
30328,0.011210302822291851
30329,0.0024549488443881273
30330,0.01509262528270483
30331,0.0014547872124239802
30332,0.004118330776691437
30333,0.0021434351801872253
30334,0.004660535138100386
30335,0.0007770793163217604
30336,0.006155835464596748
30337,0.004498249385505915
30338,0.0016714779194444418
30339,0.02290669083595276
30340,0.005114770960062742
30341,0.0036972425878047943
30342,0.0014617536216974258
30343,0.0022622873075306416
30344,0.03479611501097679
30345,0.002433371962979436
30346,0.0101320780813694
30347,0.004104140214622021
30348,0.0008981790160760283
30349,0.0006521501927636564
30350,0.017218466848134995
30351,0.004629533272236586
30352,0.005345906130969524
30353,0.016130952164530754
30354,0.0014954457292333245
30355,0.00068656139774248
30356,0.0023862826637923717
30357,0.003916981164366007
30358,0.001992279663681984
30359,0.0016160989180207253
30360,0.0009179875487461686
30361,0.002349541988223791
30362,0.0011084687430411577
30363,0.0007535755867138505
30364,0.0037667572032660246
30365,0.012096487917006016
30366,0.001055598957464099
30367,0.0044938488863408566
30368,0.01597696542739868
30369,0.0015170532278716564
30370,0.003302358789369464
30371,0.0007401962066069245
30372,0.0028426330536603928
30373,0.0010862030321732163
30374,0.001711058896034956
30375,0.001124681206420064
30376,0.016330158337950706
30377,0.0034910321701318026
30378,0.000798725348431617
30379,0.0007212625932879746
30380,0.001473001902922988
30381,0.016455041244626045
30382,0.006215706001967192
30383,0.006915463134646416
30384,0.0026514928322285414
30385,0.004208682104945183
30386,0.001707902061752975
30387,0.0015169053804129362
30388,0.002635936252772808
30389,0.003002937650308013
30390,0.017292074859142303
30391,0.0013006626395508647
30392,0.010335668921470642
30393,0.006637689657509327
30394,0.0056106881238520145
30395,0.001809887820854783
30396,0.0031737657263875008
30397,0.0008346899412572384
30398,0.010276468470692635
30399,0.03318426385521889
30400,0.03349777311086655
30401,0.0010405727662146091
30402,0.005966321565210819
30403,0.0027087938506156206
30404,0.0009032917441800237
30405,0.0009328675805591047
30406,0.0010209463071078062
30407,0.0049738106317818165
30408,0.001328155631199479
30409,0.0016721852589398623
30410,0.00586561718955636
30411,0.0011344023514539003
30412,0.0017441920936107635
30413,0.003745859023183584
30414,0.0009807816240936518
30415,0.0025650958996266127
30416,0.0014487635344266891
30417,0.002190615748986602
30418,0.0008946686866693199
30419,0.01579545997083187
30420,0.003898237831890583
30421,0.030394721776247025
30422,0.01750801131129265
30423,0.0034856258425861597
30424,0.00245644454844296
30425,0.0016363203758373857
30426,0.016113271936774254
30427,0.0008554747328162193
30428,0.004208145663142204
30429,0.01148177683353424
30430,0.005086648743599653
30431,0.0014422639505937696
30432,0.002616599667817354
30433,0.014643429778516293
30434,0.0012047941563650966
30435,0.0012425847817212343
30436,0.0012625041417777538
30437,0.0019955274183303118
30438,0.005156221799552441
30439,0.005614372435957193
30440,0.0013823481276631355
30441,0.0014149090275168419
30442,0.0027014482766389847
30443,0.0009102605399675667
30444,0.001635035965591669
30445,0.0013197013176977634
30446,0.04019678384065628
30447,0.004627527203410864
30448,0.0012450618669390678
30449,0.0007371439132839441
30450,0.0015968477819114923
30451,0.014309365302324295
30452,0.0035060152877122164
30453,0.010465008206665516
30454,0.001204102300107479
30455,0.0051400852389633656
30456,0.001623258227482438
30457,0.010245983488857746
30458,0.0010098489001393318
30459,0.0012337368680164218
30460,0.006304851733148098
30461,0.00350942718796432
30462,0.020833441987633705
30463,0.003298106137663126
30464,0.0018849880434572697
30465,0.002068024594336748
30466,0.014011419378221035
30467,0.0015904685715213418
30468,0.01978728361427784
30469,0.0009270862210541964
30470,0.0008600101573392749
30471,0.0007664415170438588
30472,0.0007509075803682208
30473,0.01808847300708294
30474,0.011633655987679958
30475,0.005084787495434284
30476,0.0027233322616666555
30477,0.001901912735775113
30478,0.001062834053300321
30479,0.0006488623912446201
30480,0.012596674263477325
30481,0.002401432953774929
30482,0.006212801672518253
30483,0.0014539852272719145
30484,0.0014404312241822481
30485,0.001367989694699645
30486,0.005607424303889275
30487,0.0009333369671367109
30488,0.0017124618170782924
30489,0.002832205267623067
30490,0.020360300317406654
30491,0.010570491664111614
30492,0.0023961695842444897
30493,0.0011040819808840752
30494,0.03379957377910614
30495,0.001544738421216607
30496,0.012960104271769524
30497,0.0005200255545787513
30498,0.0016375480918213725
30499,0.0027532712556421757
30500,0.00725111598148942
30501,0.020369764417409897
30502,0.0017404054524376988
30503,0.0006852059159427881
30504,0.0010676841484382749
30505,0.009363257326185703
30506,0.002712574787437916
30507,0.014344641007483006
30508,0.0015477173728868365
30509,0.0006809965125285089
30510,0.0005146509502083063
30511,0.0019843578338623047
30512,0.000579663785174489
30513,0.0024540498852729797
30514,0.0011322472710162401
30515,0.0013097173068672419
30516,0.033785462379455566
30517,0.024924589321017265
30518,0.006972240749746561
30519,0.0030508406925946474
30520,0.0018819724209606647
30521,0.002114501316100359
30522,0.0020450870506465435
30523,0.01322520337998867
30524,0.0005484104622155428
30525,0.0007705541793256998
30526,0.005109245423227549
30527,0.00185212935321033
30528,0.0014946029987186193
30529,0.0345931351184845
30530,0.000981713063083589
30531,0.0004208102764096111
30532,0.0023786139208823442
30533,0.0020895441994071007
30534,0.0018633516738191247
30535,0.001489588525146246
30536,0.0016159110236912966
30537,0.012805882841348648
30538,0.008871648460626602
30539,0.0012065323535352945
30540,0.0010319820139557123
30541,0.019000018015503883
30542,0.0009039785363711417
30543,0.010354766622185707
30544,0.001177410944364965
30545,0.0028174826875329018
30546,0.0006300682434812188
30547,0.002807160373777151
30548,0.013536190614104271
30549,0.0010423529893159866
30550,0.009129390120506287
30551,0.006628965027630329
30552,0.0013635102659463882
30553,0.01895683817565441
30554,0.0006471830420196056
30555,0.0019696038216352463
30556,0.0016316125402227044
30557,0.0011619250290095806
30558,0.0004901306820102036
30559,0.001006296486593783
30560,0.0015851670177653432
30561,0.0011310677509754896
30562,0.0022582593373954296
30563,0.002086300402879715
30564,0.0008278564782813191
30565,0.010573267936706543
30566,0.0030570714734494686
30567,0.0009556237491779029
30568,0.0006206453545019031
30569,0.01927933469414711
30570,0.0011630698572844267
30571,0.001320110633969307
30572,0.0008496405207552016
30573,0.0445866584777832
30574,0.018676672130823135
30575,0.0013600221136584878
30576,0.0009951379615813494
30577,0.020765097811818123
30578,0.0031689174938946962
30579,0.004656536038964987
30580,0.0008578006527386606
30581,0.002402565209195018
30582,0.008038265630602837
30583,0.000488109712023288
30584,0.0022334419190883636
30585,0.001538072363473475
30586,0.0009359823889099061
30587,0.000601705745793879
30588,0.0015017632395029068
30589,0.0014446120476350188
30590,0.006057148799300194
30591,0.0009007173357531428
30592,0.0009923824109137058
30593,0.0034405114129185677
30594,0.0010433513671159744
30595,0.0008204231853596866
30596,0.0008020131499506533
30597,0.0018459496786817908
30598,0.0016221750993281603
30599,0.001056720968335867
30600,0.00918386410921812
30601,0.013223564252257347
30602,0.0030586894135922194
30603,0.03389723598957062
30604,0.0023588226176798344
30605,0.0033330328296869993
30606,0.0008813940803520381
30607,0.0009515431011095643
30608,0.0004115738265682012
30609,0.03275574743747711
30610,0.0007661932613700628
30611,0.001943774987012148
30612,0.01202920451760292
30613,0.003437777515500784
30614,0.0010384444613009691
30615,0.011166992597281933
30616,0.0006876260740682483
30617,0.0007371020619757473
30618,0.002124512568116188
30619,0.002642935374751687
30620,0.0012583686038851738
30621,0.0006414467934519053
30622,0.006916611455380917
30623,0.0011636621784418821
30624,0.0026997376699000597
30625,0.0005812161834910512
30626,0.006781614851206541
30627,0.02510247938334942
30628,0.0006176350871101022
30629,0.0008709768299013376
30630,0.001133426558226347
30631,0.0030258046463131905
30632,0.013631748966872692
30633,0.0030638009775429964
30634,0.0025976807810366154
30635,0.0019349743379279971
30636,0.0015747873112559319
30637,0.01986069604754448
30638,0.0009421459399163723
30639,0.0025287508033216
30640,0.021204939112067223
30641,0.016529535874724388
30642,0.0006563502829521894
30643,0.0004306869814172387
30644,0.0005629610386677086
30645,0.0017124637961387634
30646,0.000764485273975879
30647,0.0006201670621521771
30648,0.0012138767633587122
30649,0.0010115597397089005
30650,0.0012191467685624957
30651,0.00043478800216689706
30652,0.0008267671219073236
30653,0.0016529338899999857
30654,0.0008074333891272545
30655,0.011610347777605057
30656,0.008071178570389748
30657,0.011107472702860832
30658,0.01407872885465622
30659,0.0010512140579521656
30660,0.0011957685928791761
30661,0.0015463595045730472
30662,0.00046611970174126327
30663,0.006615417078137398
30664,0.016551868990063667
30665,0.001004036981612444
30666,0.0046984232030808926
30667,0.0004594821948558092
30668,0.0006111109396442771
30669,0.007345889694988728
30670,0.0007351457024924457
30671,0.0013450842816382647
30672,0.0024839183315634727
30673,0.0008408053545281291
30674,0.011723537929356098
30675,0.014460436068475246
30676,0.0028927354142069817
30677,0.0004998712101951241
30678,0.02080259658396244
30679,0.0007897402392700315
30680,0.0010686602909117937
30681,0.0012187296524643898
30682,0.0006752387853339314
30683,0.000678258016705513
30684,0.0034730450715869665
30685,0.0009691048180684447
30686,0.0004908445989713073
30687,0.0031807066407054663
30688,0.0059115830808877945
30689,0.0009688176214694977
30690,0.0033659315668046474
30691,0.0006419616984203458
30692,0.01342418510466814
30693,0.010663805529475212
30694,0.023207122460007668
30695,0.0006489531369879842
30696,0.0010450665140524507
30697,0.026283953338861465
30698,0.0008972150972113013
30699,0.013787017203867435
30700,0.0008372769225388765
30701,0.007248890586197376
30702,0.0013612278271466494
30703,0.0006952086696401238
30704,0.0005559881683439016
30705,0.0010829948587343097
30706,0.0009907525964081287
30707,0.0012400188716128469
30708,0.0010591552127152681
30709,0.0007522798841819167
30710,0.0004332503885962069
30711,0.001039957394823432
30712,0.0008647767826914787
30713,0.003136218059808016
30714,0.014201078563928604
30715,0.0008041640976443887
30716,0.0010328630451112986
30717,0.004328328184783459
30718,0.0007484370144084096
30719,0.005096009932458401
30720,0.021990368142724037
30721,0.0008144802413880825
30722,0.004898448940366507
30723,0.0009457416599616408
30724,0.001967338379472494
30725,0.010886254720389843
30726,0.0012425940949469805
30727,0.005856455769389868
30728,0.0022953059524297714
30729,0.014271995052695274
30730,0.0008972927462309599
30731,0.00072582031134516
30732,0.009662993252277374
30733,0.009230371564626694
30734,0.0006144801736809313
30735,0.00656436150893569
30736,0.000665775965899229
30737,0.0062338379211723804
30738,0.015093606896698475
30739,0.014630014076828957
30740,0.011250241659581661
30741,0.0014599215937778354
30742,0.0006775155197829008
30743,0.0018239327473565936
30744,0.00580301508307457
30745,0.004592580255120993
30746,0.00625658081844449
30747,0.007932830601930618
30748,0.010748833417892456
30749,0.01222246140241623
30750,0.013099407777190208
30751,0.0009442252921871841
30752,0.0014536778908222914
30753,0.01112000085413456
30754,0.01450568251311779
30755,0.005205442663282156
30756,0.011819032952189445
30757,0.0016614795895293355
30758,0.002479356713593006
30759,0.006695122458040714
30760,0.0006691283779218793
30761,0.021369364112615585
30762,0.0015769917517900467
30763,0.005203218664973974
30764,0.011089923791587353
30765,0.001321024028584361
30766,0.01178462989628315
30767,0.030591100454330444
30768,0.005310646258294582
30769,0.002352735958993435
30770,0.007002691738307476
30771,0.0010922166984528303
30772,0.0007725661853328347
30773,0.0037681295070797205
30774,0.000831641023978591
30775,0.0011033493792638183
30776,0.012569505721330643
30777,0.004975439980626106
30778,0.011638373136520386
30779,0.01942700520157814
30780,0.0011545093730092049
30781,0.005934986285865307
30782,0.0023639488499611616
30783,0.0034666394349187613
30784,0.0012938114814460278
30785,0.008556702174246311
30786,0.0029296299908310175
30787,0.0008861126843839884
30788,0.008567065931856632
30789,0.001132744480855763
30790,0.002489392878487706
30791,0.004621480591595173
30792,0.010233956389129162
30793,0.0020753820426762104
30794,0.003944023512303829
30795,0.0094540324062109
30796,0.011531290598213673
30797,0.0005578555865213275
30798,0.006116639822721481
30799,0.0008020064560696483
30800,0.0016723034204915166
30801,0.0015718237264081836
30802,0.0009213249431923032
30803,0.0068126763217151165
30804,0.0173896923661232
30805,0.0013275251258164644
30806,0.016653863713145256
30807,0.008321244269609451
30808,0.005744223482906818
30809,0.00472234096378088
30810,0.019175998866558075
30811,0.014090929180383682
30812,0.0007868311367928982
30813,0.001435094978660345
30814,0.024672582745552063
30815,0.01532722357660532
30816,0.024119354784488678
30817,0.004240531474351883
30818,0.0081021124497056
30819,0.002263022353872657
30820,0.0017869111616164446
30821,0.0032157942187041044
30822,0.024038683623075485
30823,0.02039342373609543
30824,0.0015833638608455658
30825,0.005786299239844084
30826,0.0029547628946602345
30827,0.010471545159816742
30828,0.01836487278342247
30829,0.0010276676621288061
30830,0.006674693897366524
30831,0.001168201444670558
30832,0.0008960045524872839
30833,0.00998377799987793
30834,0.008802201598882675
30835,0.02979932725429535
30836,0.0028710924088954926
30837,0.004082749132066965
30838,0.0036816243082284927
30839,0.0020094832871109247
30840,0.0021330127492547035
30841,0.007046082057058811
30842,0.0011009951122105122
30843,0.004880227614194155
30844,0.0010545402765274048
30845,0.0007614927017129958
30846,0.0008882505353540182
30847,0.0024797054938971996
30848,0.0019193603657186031
30849,0.0018377078231424093
30850,0.004737912677228451
30851,0.0011784741654992104
30852,0.0034123605582863092
30853,0.0010626798029989004
30854,0.0017204321920871735
30855,0.010599480010569096
30856,0.002656689379364252
30857,0.0019403803162276745
30858,0.014596663415431976
30859,0.002686693100258708
30860,0.0017859790241345763
30861,0.01888471655547619
30862,0.0028073794674128294
30863,0.019805924966931343
30864,0.015964500606060028
30865,0.000710801687091589
30866,0.004085711669176817
30867,0.002726862207055092
30868,0.0014897873625159264
30869,0.003049691440537572
30870,0.007596405688673258
30871,0.001959120389074087
30872,0.0009026263724081218
30873,0.0006874857353977859
30874,0.0007419929606840014
30875,0.02649439498782158
30876,0.002831140998750925
30877,0.0007100116345100105
30878,0.012082720175385475
30879,0.004817703273147345
30880,0.0054657054133713245
30881,0.004118225537240505
30882,0.0007993965991772711
30883,0.0021464419551193714
30884,0.002448730869218707
30885,0.003946399781852961
30886,0.0014422310050576925
30887,0.0015281477244570851
30888,0.0013710771454498172
30889,0.001802388927899301
30890,0.000945986364968121
30891,0.006827394478023052
30892,0.01994415745139122
30893,0.001747179077938199
30894,0.001476317411288619
30895,0.002186315832659602
30896,0.009629011154174805
30897,0.005505585111677647
30898,0.0014795088209211826
30899,0.03888549283146858
30900,0.000780742266215384
30901,0.010690247640013695
30902,0.005651567596942186
30903,0.0011024760315194726
30904,0.0011059483513236046
30905,0.01595361717045307
30906,0.0012713380856439471
30907,0.002912054071202874
30908,0.0014695794088765979
30909,0.003711322322487831
30910,0.009507812559604645
30911,0.0009372717468068004
30912,0.008416913449764252
30913,0.0016285269521176815
30914,0.01027781143784523
30915,0.0010377936996519566
30916,0.0015677721239626408
30917,0.0019756201654672623
30918,0.028923610225319862
30919,0.001060108421370387
30920,0.0016302927397191525
30921,0.0020354909356683493
30922,0.0022319334093481302
30923,0.004150095395743847
30924,0.0021510699298232794
30925,0.0032669799402356148
30926,0.00471627339720726
30927,0.019905155524611473
30928,0.002983343554660678
30929,0.0024475092068314552
30930,0.0038041190709918737
30931,0.0009959430899471045
30932,0.015595907345414162
30933,0.0027280321810394526
30934,0.011049680411815643
30935,0.0016380329616367817
30936,0.0009153526625595987
30937,0.001602359116077423
30938,0.00881512463092804
30939,0.001046790974214673
30940,0.0008138421108014882
30941,0.0019141293596476316
30942,0.0012901518493890762
30943,0.001616734778508544
30944,0.012469780631363392
30945,0.003071663435548544
30946,0.005211424548178911
30947,0.0019068976398557425
30948,0.0011421514209359884
30949,0.0014943217393010855
30950,0.001478562830016017
30951,0.006514058914035559
30952,0.001085485564544797
30953,0.0017317460151389241
30954,0.0054649002850055695
30955,0.004475436173379421
30956,0.001852072193287313
30957,0.0020305125508457422
30958,0.0044175852090120316
30959,0.010411649942398071
30960,0.001781411818228662
30961,0.0016669367905706167
30962,0.001290012034587562
30963,0.002450297586619854
30964,0.0006462238961830735
30965,0.0016879542963579297
30966,0.0016535419272258878
30967,0.01089433766901493
30968,0.0011467654258012772
30969,0.0009775171056389809
30970,0.015121457166969776
30971,0.000792859005741775
30972,0.026415949687361717
30973,0.024236954748630524
30974,0.0010053749429062009
30975,0.001705691684037447
30976,0.035970352590084076
30977,0.0014427442802116275
30978,0.0017241616733372211
30979,0.0012650685384869576
30980,0.0015512198442593217
30981,0.002076933393254876
30982,0.0005984989693388343
30983,0.03343850001692772
30984,0.001241288729943335
30985,0.01329849660396576
30986,0.0009466567425988615
30987,0.014661097899079323
30988,0.0029335578437894583
30989,0.0014826831175014377
30990,0.014638167805969715
30991,0.0007917652255855501
30992,0.012258448638021946
30993,0.033486273139715195
30994,0.01109241135418415
30995,0.0024787266738712788
30996,0.0018727268325164914
30997,0.00800358597189188
30998,0.0037870658561587334
30999,0.011078793555498123
31000,0.019629109650850296
31001,0.013319958001375198
31002,0.009247247129678726
31003,0.02376524545252323
31004,0.0027873970102518797
31005,0.012904507108032703
31006,0.0009443362359888852
31007,0.023913051933050156
31008,0.004449639469385147
31009,0.013529694639146328
31010,0.016415482386946678
31011,0.034064505249261856
31012,0.02767094410955906
31013,0.0013664821162819862
31014,0.003996143117547035
31015,0.003219559323042631
31016,0.0016707312315702438
31017,0.0008505554869771004
31018,0.007600719574838877
31019,0.017366211861371994
31020,0.0008036605431698263
31021,0.0007436159648932517
31022,0.007308631204068661
31023,0.017579834908246994
31024,0.0058036139234900475
31025,0.006306645460426807
31026,0.028436969965696335
31027,0.003243683371692896
31028,0.0006313907797448337
31029,0.016700375825166702
31030,0.000765283708460629
31031,0.03357483819127083
31032,0.0008718135068193078
31033,0.0030845929868519306
31034,0.04308152198791504
31035,0.0021728151477873325
31036,0.0006979930913075805
31037,0.0013639433309435844
31038,0.006853387225419283
31039,0.0012492409441620111
31040,0.030409719794988632
31041,0.04036274552345276
31042,0.017018945887684822
31043,0.02853940986096859
31044,0.0009101321920752525
31045,0.029674818739295006
31046,0.003228316316381097
31047,0.0165401604026556
31048,0.0012604771181941032
31049,0.0009429857018403709
31050,0.00568979699164629
31051,0.0018314967164769769
31052,0.01189519464969635
31053,0.011786562390625477
31054,0.006577491760253906
31055,0.0022345574107021093
31056,0.0009828214533627033
31057,0.0015215217135846615
31058,0.014680967666208744
31059,0.001577255199663341
31060,0.0032967107836157084
31061,0.001033980748616159
31062,0.01277429610490799
31063,0.007409406825900078
31064,0.023042738437652588
31065,0.011687872000038624
31066,0.0013707957696169615
31067,0.00608527148142457
31068,0.017602354288101196
31069,0.0006529147503897548
31070,0.0013020525220781565
31071,0.005515239201486111
31072,0.031053094193339348
31073,0.0006916621932759881
31074,0.001797656761482358
31075,0.002534968312829733
31076,0.0043480247259140015
31077,0.01390857808291912
31078,0.016023989766836166
31079,0.0022327846381813288
31080,0.03290780261158943
31081,0.001107299467548728
31082,0.0015327287837862968
31083,0.006139469798654318
31084,0.002778958063572645
31085,0.010456381365656853
31086,0.003158902283757925
31087,0.0038596985395997763
31088,0.0066488077864050865
31089,0.014623437076807022
31090,0.0036761523224413395
31091,0.014935394749045372
31092,0.0006340803811326623
31093,0.0016161088133230805
31094,0.03637819364666939
31095,0.01046450063586235
31096,0.002827418502420187
31097,0.0044681113213300705
31098,0.0014631283702328801
31099,0.02601390704512596
31100,0.001955958316102624
31101,0.0020335575100034475
31102,0.03790279105305672
31103,0.0070356144569814205
31104,0.0009633191511966288
31105,0.0038837550673633814
31106,0.0011371017899364233
31107,0.00056869862601161
31108,0.013733702711760998
31109,0.0006268927245400846
31110,0.0010301386937499046
31111,0.0009568738169036806
31112,0.002206265926361084
31113,0.0009198786574415863
31114,0.007913517765700817
31115,0.00039215077413246036
31116,0.001007194397971034
31117,0.009084926918148994
31118,0.0009721302194520831
31119,0.007817969657480717
31120,0.03125375136733055
31121,0.0016464662039652467
31122,0.0018631010316312313
31123,0.001928191166371107
31124,0.008846069686114788
31125,0.0006665940163657069
31126,0.007323356345295906
31127,0.000476920569781214
31128,0.0006416913238354027
31129,0.013865873217582703
31130,0.00046048391959629953
31131,0.005112302489578724
31132,0.0006842394941486418
31133,0.0007222621934488416
31134,0.0004169990716036409
31135,0.0010003420757129788
31136,0.00046527080121450126
31137,0.0012348992750048637
31138,0.0007301461882889271
31139,0.0011396801564842463
31140,0.0022074582520872355
31141,0.005061580799520016
31142,0.0014344368828460574
31143,0.00040904394700191915
31144,0.00567577313631773
31145,0.000613557524047792
31146,0.0007634717039763927
31147,0.0009164284565486014
31148,0.0004288822237867862
31149,0.00895406398922205
31150,0.00066867854911834
31151,0.0004031905555166304
31152,0.0007575502386316657
31153,0.0009966031648218632
31154,0.0008583023445680737
31155,0.0068436237052083015
31156,0.0004836852313019335
31157,0.0020859595388174057
31158,0.0009398524998687208
31159,0.006606163922697306
31160,0.0017862003296613693
31161,0.029975827783346176
31162,0.04434976354241371
31163,0.00044521514791995287
31164,0.003211569506675005
31165,0.0030525755137205124
31166,0.0013188290176913142
31167,0.000982915866188705
31168,0.006611780263483524
31169,0.0009842123836278915
31170,0.0010731767397373915
31171,0.007403146475553513
31172,0.01666947267949581
31173,0.0006875323015265167
31174,0.0018399138934910297
31175,0.0005114439409226179
31176,0.0009202850051224232
31177,0.0024152197875082493
31178,0.003225052962079644
31179,0.0007835235446691513
31180,0.0015543492045253515
31181,0.0008734764996916056
31182,0.007836434990167618
31183,0.032477714121341705
31184,0.0009862972656264901
31185,0.004951417446136475
31186,0.002519736997783184
31187,0.0007764966576360166
31188,0.0026380661875009537
31189,0.012459260411560535
31190,0.0016970764845609665
31191,0.0007615581271238625
31192,0.01415246818214655
31193,0.0008175696711987257
31194,0.0007235959637910128
31195,0.0008915989310480654
31196,0.0009660974610596895
31197,0.0012077941792085767
31198,0.0011920733377337456
31199,0.00874031987041235
31200,0.0011245558271184564
31201,0.0008460398530587554
31202,0.0007916305912658572
31203,0.01493607647716999
31204,0.0034463738556951284
31205,0.0006751223700121045
31206,0.004802853800356388
31207,0.007043204270303249
31208,0.0019956883043050766
31209,0.0018495568074285984
31210,0.0006573802093043923
31211,0.03278052434325218
31212,0.0004109799047000706
31213,0.00073005142621696
31214,0.0006472909008152783
31215,0.0011609202483668923
31216,0.0008728192187845707
31217,0.0008710093097761273
31218,0.000634494936093688
31219,0.0017096188385039568
31220,0.0204356387257576
31221,0.0007561135571449995
31222,0.0006738067604601383
31223,0.0012093842960894108
31224,0.0015907883644104004
31225,0.0015664241509512067
31226,0.009596702642738819
31227,0.0007907917024567723
31228,0.01584186777472496
31229,0.0005903023993596435
31230,0.0012741045793518424
31231,0.001308624749071896
