gradient_step,loss
0,0.3836742639541626
3,0.2197018265724182
6,0.1118432953953743
9,0.04638611525297165
12,0.044557951390743256
15,0.04783252626657486
18,0.05273725092411041
21,0.042455703020095825
24,0.0376543365418911
27,0.04141838103532791
30,0.021463874727487564
33,0.02989239990711212
36,0.02651134878396988
39,0.02109558880329132
42,0.019840780645608902
45,0.02464457042515278
48,0.009321185760200024
51,0.02525823749601841
54,0.005783898290246725
57,0.01402771845459938
60,0.01473144069314003
63,0.03259763494133949
66,0.042133063077926636
69,0.03052626922726631
72,0.035713404417037964
75,0.033143945038318634
78,0.025982879102230072
81,0.023329203948378563
84,0.02446880377829075
87,0.018226632848381996
90,0.005525390151888132
93,0.00806268211454153
96,0.023074643686413765
99,0.02442258410155773
102,0.012334410101175308
105,0.006454457528889179
108,0.04801951348781586
111,0.040405698120594025
114,0.0321393683552742
117,0.029423534870147705
120,0.05256865918636322
123,0.026235777884721756
126,0.015574511140584946
129,0.009979791007936
132,0.0049539292231202126
135,0.022680267691612244
138,0.06623078882694244
141,0.02777709998190403
144,0.0508909747004509
147,0.006751601118594408
150,0.015052971430122852
153,0.027658378705382347
156,0.015060057863593102
159,0.0038871602155268192
162,0.014001819305121899
165,0.005345324520021677
168,0.01778293214738369
171,0.014753473922610283
174,0.014833362773060799
177,0.01898990385234356
180,0.0055347224697470665
183,0.07991606742143631
186,0.02977796085178852
189,0.012693773955106735
192,0.06856391578912735
195,0.054732389748096466
198,0.05777011066675186
201,0.00534542603418231
204,0.056777097284793854
207,0.03555041551589966
210,0.024612657725811005
213,0.0329776406288147
216,0.03181183710694313
219,0.013759165070950985
222,0.04061628878116608
225,0.03302935138344765
228,0.06270139664411545
231,0.030498523265123367
234,0.024523049592971802
237,0.0053070406429469585
240,0.00900961086153984
243,0.010426349006593227
246,0.10604352504014969
249,0.015779027715325356
252,0.029325924813747406
255,0.033280618488788605
258,0.042260296642780304
261,0.05046733468770981
264,0.01188802532851696
267,0.006425624247640371
270,0.025807294994592667
273,0.06196558102965355
276,0.033470798283815384
279,0.07936365902423859
282,0.0345652811229229
285,0.03451225161552429
288,0.042668137699365616
291,0.016201630234718323
294,0.05521605908870697
297,0.0030304715037345886
300,0.05341583117842674
303,0.029468964785337448
306,0.060597825795412064
309,0.025900712236762047
312,0.0438874289393425
315,0.029409023001790047
318,0.020139984786510468
321,0.03532129526138306
324,0.04080574959516525
327,0.032228074967861176
330,0.038720741868019104
333,0.02852870710194111
336,0.020308567211031914
339,0.034942515194416046
342,0.027665073052048683
345,0.04657827690243721
348,0.05822233855724335
351,0.06510334461927414
354,0.020827338099479675
357,0.06590788811445236
360,0.03459843248128891
363,0.05611513927578926
366,0.04808040335774422
369,0.06352539360523224
372,0.06911256164312363
375,0.03293107822537422
378,0.06643332540988922
381,0.014210894703865051
384,0.006921152584254742
387,0.012557202950119972
390,0.029358448460698128
393,0.08955313265323639
396,0.039902571588754654
399,0.015720507130026817
402,0.045073579996824265
405,0.014839377254247665
408,0.05833466351032257
411,0.05966080725193024
414,0.03919393569231033
417,0.09119295328855515
420,0.042907241731882095
423,0.07242202758789062
426,0.015575590543448925
429,0.026279371231794357
432,0.04666794091463089
435,0.024701736867427826
438,0.06410546600818634
441,0.007378184702247381
444,0.02847982943058014
447,0.07080213725566864
450,0.06233417987823486
453,0.0076853325590491295
456,0.060114786028862
459,0.006524858996272087
462,0.06544321030378342
465,0.011521585285663605
468,0.06363516300916672
471,0.02921328693628311
474,0.08157072961330414
477,0.04438634589314461
480,0.028688523918390274
483,0.03713279962539673
486,0.06336715072393417
489,0.07192783057689667
492,0.036876119673252106
495,0.02889568731188774
498,0.030665062367916107
501,0.03978509455919266
504,0.049996718764305115
507,0.035627659410238266
510,0.02502054162323475
513,0.02922758087515831
516,0.09037033468484879
519,0.03827224671840668
522,0.05907402187585831
525,0.013418104499578476
528,0.0482126921415329
531,0.03198685497045517
534,0.038908328860998154
537,0.0061063989996910095
540,0.03554495424032211
543,0.03783586993813515
546,0.036580685526132584
549,0.012888588011264801
552,0.07348001003265381
555,0.043669670820236206
558,0.038094036281108856
561,0.024346675723791122
564,0.037425681948661804
567,0.0081429248675704
570,0.03171328827738762
573,0.008934969082474709
576,0.06698058545589447
579,0.0675618052482605
582,0.030610978603363037
585,0.06519060581922531
588,0.07250070571899414
591,0.024977903813123703
594,0.07520809769630432
597,0.058693427592515945
600,0.10124410688877106
603,0.07954846322536469
606,0.03832726925611496
609,0.1099276915192604
612,0.025648942217230797
615,0.03747811168432236
618,0.08940409868955612
621,0.05036751925945282
624,0.024901967495679855
627,0.09048404544591904
630,0.07323215901851654
633,0.026835696771740913
636,0.03971172869205475
639,0.036228638142347336
642,0.029495391994714737
645,0.028726018965244293
648,0.04149267077445984
651,0.062356241047382355
654,0.04756762832403183
657,0.06949169188737869
660,0.029525745660066605
663,0.03540791943669319
666,0.024403201416134834
669,0.06421004980802536
672,0.020511500537395477
675,0.027781326323747635
678,0.007303342688828707
681,0.09091027081012726
684,0.00958096794784069
687,0.0440240278840065
690,0.05318451300263405
693,0.02235163375735283
696,0.03612366318702698
699,0.027888499200344086
702,0.02717583067715168
705,0.03516577184200287
708,0.05121910944581032
711,0.07426767796278
714,0.0884595513343811
717,0.03349560499191284
720,0.058150213211774826
723,0.08705299347639084
726,0.06111469492316246
729,0.032616790384054184
732,0.0270225889980793
735,0.03846683353185654
738,0.01064547523856163
741,0.02114846557378769
744,0.05272751674056053
747,0.03789879381656647
750,0.04362848773598671
753,0.015584511682391167
756,0.03733700513839722
759,0.027026314288377762
762,0.025877229869365692
765,0.029344916343688965
768,0.021956706419587135
771,0.10777360200881958
774,0.043031927198171616
777,0.02909042499959469
780,0.04357493668794632
783,0.04339609667658806
786,0.03680340200662613
789,0.013044221326708794
792,0.05319425091147423
795,0.026618322357535362
798,0.03916578367352486
801,0.014329313300549984
804,0.0324564166367054
807,0.024247046560049057
810,0.023073144257068634
813,0.02074456214904785
816,0.06238260120153427
819,0.05746331810951233
822,0.03016558289527893
825,0.013668840751051903
828,0.03253350406885147
831,0.0144033906981349
834,0.06118409335613251
837,0.03642746061086655
840,0.08674301207065582
843,0.06922305375337601
846,0.03265998512506485
849,0.023934490978717804
852,0.03239196538925171
855,0.06697513163089752
858,0.047124601900577545
861,0.04283837229013443
864,0.048351891338825226
867,0.045551180839538574
870,0.0338771790266037
873,0.03633904457092285
876,0.0692656934261322
879,0.0453539676964283
882,0.03171695023775101
885,0.03683466091752052
888,0.050896864384412766
891,0.020979251712560654
894,0.013085978105664253
897,0.08124935626983643
900,0.059871330857276917
903,0.028578970581293106
906,0.03287928178906441
909,0.04852578416466713
912,0.04068269580602646
915,0.02431308664381504
918,0.048402417451143265
921,0.01850258558988571
924,0.05372976139187813
927,0.07807649672031403
930,0.07551026344299316
933,0.04651722311973572
936,0.021610897034406662
939,0.06277069449424744
942,0.07874373346567154
945,0.09414442628622055
948,0.01410001516342163
951,0.02287827804684639
954,0.041021596640348434
957,0.025526132434606552
960,0.05192122608423233
963,0.056773677468299866
966,0.016492024064064026
969,0.0404026173055172
972,0.03180421143770218
975,0.07093706727027893
978,0.09667177498340607
981,0.0721929669380188
984,0.03789148107171059
987,0.053796038031578064
990,0.09446249157190323
993,0.09381984174251556
996,0.01800992526113987
999,0.042556993663311005
1002,0.03573138266801834
1005,0.02021494135260582
1008,0.012336259707808495
1011,0.033747293055057526
1014,0.07408411800861359
1017,0.03590591251850128
1020,0.03706062212586403
1023,0.019019851461052895
1026,0.06831596046686172
1029,0.0320662185549736
1032,0.06200756877660751
1035,0.09314427524805069
1038,0.11318542063236237
1041,0.04912726581096649
1044,0.054097384214401245
1047,0.09693625569343567
1050,0.06621652841567993
1053,0.062043048441410065
1056,0.06450214236974716
1059,0.014936924912035465
1062,0.025995653122663498
1065,0.045188479125499725
1068,0.028672106564044952
1071,0.07391037791967392
1074,0.07772102952003479
1077,0.05670759454369545
1080,0.08402661979198456
1083,0.04511365294456482
1086,0.05142005532979965
1089,0.01927710883319378
1092,0.08016034960746765
1095,0.03754761815071106
1098,0.06936579942703247
1101,0.035229459404945374
1104,0.03686024248600006
1107,0.07255063951015472
1110,0.050486985594034195
1113,0.01994910091161728
1116,0.05025757849216461
1119,0.060800712555646896
1122,0.017794936895370483
1125,0.04332241415977478
1128,0.03216410428285599
1131,0.023976298049092293
1134,0.023550109937787056
1137,0.05287320539355278
1140,0.020367790013551712
1143,0.023573873564600945
1146,0.03812715783715248
1149,0.02570270374417305
1152,0.0506661981344223
1155,0.04699225723743439
1158,0.05401463806629181
1161,0.09101060032844543
1164,0.026167839765548706
1167,0.019076036289334297
1170,0.07473018765449524
1173,0.012879809364676476
1176,0.05880093201994896
1179,0.046013787388801575
1182,0.014852013438940048
1185,0.027118632569909096
1188,0.021418115124106407
1191,0.022330906242132187
1194,0.06011119857430458
1197,0.02679203450679779
1200,0.10942725092172623
1203,0.07586114853620529
1206,0.04736551642417908
1209,0.03192969039082527
1212,0.04644516855478287
1215,0.010461121797561646
1218,0.09851086139678955
1221,0.030675314366817474
1224,0.017715562134981155
1227,0.09961767494678497
1230,0.06666006147861481
1233,0.052843671292066574
1236,0.015471074730157852
1239,0.03630557283759117
1242,0.04878240451216698
1245,0.030205901712179184
1248,0.03569541871547699
1251,0.037943802773952484
1254,0.016564900055527687
1257,0.016430310904979706
1260,0.017244914546608925
1263,0.0542580671608448
1266,0.09185202419757843
1269,0.025592686608433723
1272,0.043314315378665924
1275,0.019761212170124054
1278,0.04687323048710823
1281,0.03797966241836548
1284,0.1276610791683197
1287,0.033467281609773636
1290,0.025854185223579407
1293,0.04948467016220093
1296,0.06189504265785217
1299,0.027800122275948524
1302,0.05589287728071213
1305,0.0693090632557869
1308,0.05863456800580025
1311,0.020929792895913124
1314,0.04609755426645279
1317,0.019262496381998062
1320,0.04702603816986084
1323,0.043086834251880646
1326,0.07755772769451141
1329,0.03269374370574951
1332,0.05848313868045807
1335,0.052813269197940826
1338,0.07343568652868271
1341,0.018757086247205734
1344,0.09803969413042068
1347,0.025548769161105156
1350,0.04934406280517578
1353,0.0616794191300869
1356,0.09867558628320694
1359,0.020652413368225098
1362,0.037922538816928864
1365,0.023770228028297424
1368,0.10546531528234482
1371,0.11413507163524628
1374,0.08807951956987381
1377,0.026878420263528824
1380,0.04656023159623146
1383,0.05710430070757866
1386,0.02830198034644127
1389,0.10943254828453064
1392,0.040284231305122375
1395,0.0486333891749382
1398,0.057505663484334946
1401,0.04394656419754028
1404,0.06010832637548447
1407,0.040773771703243256
1410,0.02977108769118786
1413,0.0968010425567627
1416,0.04719171300530434
1419,0.07896585762500763
1422,0.04460093379020691
1425,0.07161741703748703
1428,0.033187054097652435
1431,0.03275445103645325
1434,0.05693355202674866
1437,0.06635298579931259
1440,0.036507368087768555
1443,0.019499950110912323
1446,0.035267602652311325
1449,0.048812780529260635
1452,0.06682771444320679
1455,0.06936639547348022
1458,0.04582967981696129
1461,0.038556888699531555
1464,0.05661541223526001
1467,0.05146358162164688
1470,0.04000626876950264
1473,0.061374932527542114
1476,0.05421752482652664
1479,0.10656420141458511
1482,0.01944759115576744
1485,0.13845199346542358
1488,0.015740780159831047
1491,0.03600984811782837
1494,0.06451325863599777
1497,0.043679654598236084
1500,0.046270616352558136
1503,0.026271231472492218
1506,0.03491330146789551
1509,0.009330421686172485
1512,0.015890464186668396
1515,0.03553540259599686
1518,0.015826594084501266
1521,0.009286275133490562
1524,0.06296318024396896
1527,0.07639603316783905
1530,0.06980303674936295
1533,0.024883801117539406
1536,0.08777926117181778
1539,0.05547432601451874
1542,0.033471427857875824
1545,0.07046528905630112
1548,0.047625359147787094
1551,0.044725872576236725
1554,0.0563577339053154
1557,0.029304930940270424
1560,0.036985546350479126
1563,0.03360540047287941
1566,0.03663569688796997
1569,0.08172187209129333
1572,0.05671416595578194
1575,0.020772632211446762
1578,0.03917563334107399
1581,0.01617603376507759
1584,0.045614976435899734
1587,0.03436410054564476
1590,0.05857424810528755
1593,0.027626007795333862
1596,0.08314204216003418
1599,0.0685291513800621
1602,0.11427541077136993
1605,0.04379209503531456
1608,0.08157122135162354
1611,0.07581549882888794
1614,0.10620024055242538
1617,0.1356048882007599
1620,0.0801948830485344
1623,0.038775939494371414
1626,0.05648475140333176
1629,0.08940673619508743
1632,0.020937738940119743
1635,0.04753671959042549
1638,0.04563632234930992
1641,0.014231138862669468
1644,0.03214891254901886
1647,0.04060583561658859
1650,0.057889461517333984
1653,0.08381309360265732
1656,0.026925424113869667
1659,0.08007170259952545
1662,0.07170746475458145
1665,0.11104865372180939
1668,0.09074431657791138
1671,0.03929053619503975
1674,0.03792846202850342
1677,0.12484477460384369
1680,0.06083810701966286
1683,0.05440067872405052
1686,0.09000040590763092
1689,0.05720807984471321
1692,0.07785683870315552
1695,0.048630937933921814
1698,0.02863648161292076
1701,0.02758016809821129
1704,0.01552237942814827
1707,0.046830493956804276
1710,0.06969369202852249
1713,0.08580979704856873
1716,0.0768992155790329
1719,0.02327863872051239
1722,0.04333002120256424
1725,0.07343032956123352
1728,0.06444082409143448
1731,0.05389948934316635
1734,0.06187596172094345
1737,0.025929557159543037
1740,0.01872405782341957
1743,0.062083594501018524
1746,0.049075935035943985
1749,0.041778385639190674
1752,0.02916084975004196
1755,0.07458546757698059
1758,0.06068887934088707
1761,0.02597435936331749
1764,0.03715520352125168
1767,0.041065700352191925
1770,0.028009019792079926
1773,0.11560092866420746
1776,0.06957760453224182
1779,0.07182785123586655
1782,0.04086582362651825
1785,0.06514962017536163
1788,0.023436296731233597
1791,0.0581880584359169
1794,0.06862062215805054
1797,0.07034044712781906
1800,0.028141019865870476
1803,0.04564419016242027
1806,0.06810900568962097
1809,0.023154016584157944
1812,0.05134287476539612
1815,0.03200129047036171
1818,0.0493454709649086
1821,0.015227226540446281
1824,0.024548500776290894
1827,0.0512237474322319
1830,0.06532326340675354
1833,0.032812222838401794
1836,0.03821806609630585
1839,0.048590272665023804
1842,0.07615579664707184
1845,0.032698359340429306
1848,0.03252808004617691
1851,0.11312738806009293
1854,0.024955198168754578
1857,0.06261543929576874
1860,0.08156991004943848
1863,0.06118250638246536
1866,0.033167388290166855
1869,0.03548640385270119
1872,0.06391433626413345
1875,0.028659984469413757
1878,0.03776184469461441
1881,0.04707333445549011
1884,0.08329939842224121
1887,0.10284441709518433
1890,0.09479711204767227
1893,0.02460499107837677
1896,0.053139712661504745
1899,0.04609161987900734
1902,0.032075025141239166
1905,0.02571055293083191
1908,0.034866999834775925
1911,0.0281998123973608
1914,0.06247460097074509
1917,0.035042352974414825
1920,0.045043591409921646
1923,0.05092792958021164
1926,0.041562240570783615
1929,0.04015439748764038
1932,0.03491871803998947
1935,0.015159785747528076
1938,0.022629540413618088
1941,0.0887007862329483
1944,0.018786700442433357
1947,0.026530198752880096
1950,0.021757107228040695
1953,0.018637634813785553
1956,0.06679758429527283
1959,0.06806555390357971
1962,0.13438117504119873
1965,0.05450451001524925
1968,0.03627607226371765
1971,0.020973769947886467
1974,0.04205697029829025
1977,0.024014610797166824
1980,0.0197919812053442
1983,0.05426252260804176
1986,0.09179604798555374
1989,0.0200186837464571
1992,0.09076449275016785
1995,0.013239890336990356
1998,0.09932294487953186
2001,0.07883083075284958
2004,0.060994263738393784
2007,0.04597450792789459
2010,0.03168085962533951
2013,0.1038849726319313
2016,0.07318027317523956
2019,0.06055333465337753
2022,0.019153498113155365
2025,0.013466944918036461
2028,0.08395279943943024
2031,0.02702929452061653
2034,0.03910372778773308
2037,0.020465699955821037
2040,0.08399157971143723
2043,0.02509043738245964
2046,0.08549340069293976
2049,0.02448439970612526
2052,0.10004691779613495
2055,0.06323021650314331
2058,0.0718701183795929
2061,0.10308659076690674
2064,0.0961204469203949
2067,0.06839395314455032
2070,0.061245229095220566
2073,0.05779799818992615
2076,0.031926266849040985
2079,0.05129770562052727
2082,0.06282991915941238
2085,0.0698237419128418
2088,0.11321291327476501
2091,0.06004741042852402
2094,0.053604044020175934
2097,0.11341395974159241
2100,0.03598255291581154
2103,0.05271204933524132
2106,0.03171650320291519
2109,0.1183243989944458
2112,0.01955116167664528
2115,0.074227474629879
2118,0.03773703798651695
2121,0.09381760656833649
2124,0.057602085173130035
2127,0.056186921894550323
2130,0.04848628491163254
2133,0.044176653027534485
2136,0.05829048156738281
2139,0.08218111097812653
2142,0.04129990562796593
2145,0.04080404341220856
2148,0.04040827974677086
2151,0.01499377004802227
2154,0.040678638964891434
2157,0.04842962324619293
2160,0.03374128416180611
2163,0.03345857560634613
2166,0.02761209011077881
2169,0.09463679045438766
2172,0.02108835056424141
2175,0.06811464577913284
2178,0.032162897288799286
2181,0.02424909919500351
2184,0.07483763247728348
2187,0.0648098811507225
2190,0.024631787091493607
2193,0.020581746473908424
2196,0.013015726581215858
2199,0.026883739978075027
2202,0.047736477106809616
2205,0.018603892996907234
2208,0.04191797599196434
2211,0.02993542142212391
2214,0.023242879658937454
2217,0.04945242404937744
2220,0.0427345335483551
2223,0.011757930740714073
2226,0.03160832077264786
2229,0.018649153411388397
2232,0.02311033010482788
2235,0.01930668205022812
2238,0.056752026081085205
2241,0.15637634694576263
2244,0.06796501576900482
2247,0.04670038819313049
2250,0.06660737842321396
2253,0.06404134631156921
2256,0.06295571476221085
2259,0.08138684183359146
2262,0.07636059820652008
2265,0.03575524315237999
2268,0.08918465673923492
2271,0.06683959066867828
2274,0.04797566682100296
2277,0.040897514671087265
2280,0.04121183231472969
2283,0.037039145827293396
2286,0.021817095577716827
2289,0.02968820184469223
2292,0.083140067756176
2295,0.0166747085750103
2298,0.03764210641384125
2301,0.05837295204401016
2304,0.08549926429986954
2307,0.04339150711894035
2310,0.06152748316526413
2313,0.09405282139778137
2316,0.06033634394407272
2319,0.08886227011680603
2322,0.051336031407117844
2325,0.04669884592294693
2328,0.08357612788677216
2331,0.09827467799186707
2334,0.08054868876934052
2337,0.0324569046497345
2340,0.1015188992023468
2343,0.03179723024368286
2346,0.0549001470208168
2349,0.02351035550236702
2352,0.05533730983734131
2355,0.050164662301540375
2358,0.09669363498687744
2361,0.036520082503557205
2364,0.12520717084407806
2367,0.025147201493382454
2370,0.052987053990364075
2373,0.02173551172018051
2376,0.12029065191745758
2379,0.048306986689567566
2382,0.10704681277275085
2385,0.055631838738918304
2388,0.050385721027851105
2391,0.02734355255961418
2394,0.020022228360176086
2397,0.05389678478240967
2400,0.060193296521902084
2403,0.06445740163326263
2406,0.021733451634645462
2409,0.05906219780445099
2412,0.014784751459956169
2415,0.0739966481924057
2418,0.0622413195669651
2421,0.026922645047307014
2424,0.037676602602005005
2427,0.037207309156656265
2430,0.03496049717068672
2433,0.030931293964385986
2436,0.0517047643661499
2439,0.145410418510437
2442,0.061031773686409
2445,0.0542004257440567
2448,0.060730691999197006
2451,0.03124498948454857
2454,0.05614994466304779
2457,0.026632826775312424
2460,0.0351078063249588
2463,0.02390814945101738
2466,0.06251227110624313
2469,0.026512322947382927
2472,0.01662130281329155
2475,0.01865488849580288
2478,0.041001103818416595
2481,0.019996579736471176
2484,0.10433831810951233
2487,0.030726954340934753
2490,0.012467596679925919
2493,0.06907070428133011
2496,0.040194205939769745
2499,0.02282101660966873
2502,0.06525047868490219
2505,0.06313559412956238
2508,0.038191162049770355
2511,0.07667979598045349
2514,0.058780502527952194
2517,0.03542274981737137
2520,0.01374693401157856
2523,0.0354439876973629
2526,0.03774453327059746
2529,0.027567606419324875
2532,0.06481298804283142
2535,0.03318855166435242
2538,0.02621368318796158
2541,0.016010669991374016
2544,0.04209937900304794
2547,0.01690700463950634
2550,0.012964818626642227
2553,0.020561637356877327
2556,0.05009827762842178
2559,0.05257052555680275
2562,0.10746067762374878
2565,0.019215881824493408
2568,0.07451414316892624
2571,0.030711352825164795
2574,0.054935529828071594
2577,0.03958790749311447
2580,0.026486534625291824
2583,0.09670761972665787
2586,0.015688035637140274
2589,0.02146546170115471
2592,0.03821893036365509
2595,0.05224469676613808
2598,0.03461930900812149
2601,0.11009488999843597
2604,0.06225626915693283
2607,0.03480616584420204
2610,0.02705993503332138
2613,0.04431624710559845
2616,0.04830090329051018
2619,0.026570461690425873
2622,0.059459321200847626
2625,0.06502033025026321
2628,0.04545450210571289
2631,0.06878475844860077
2634,0.08836644887924194
2637,0.07581135630607605
2640,0.08717986941337585
2643,0.07618029415607452
2646,0.0652451440691948
2649,0.09107735753059387
2652,0.09912068396806717
2655,0.12310732156038284
2658,0.06128309667110443
2661,0.05978834629058838
2664,0.04214746505022049
2667,0.11139088124036789
2670,0.05782964080572128
2673,0.07521434128284454
2676,0.1015787199139595
2679,0.05231967195868492
2682,0.07127806544303894
2685,0.08919922262430191
2688,0.04186476022005081
2691,0.02540316805243492
2694,0.022556373849511147
2697,0.032789070159196854
2700,0.03533320128917694
2703,0.021334221586585045
2706,0.01130235381424427
2709,0.08974229544401169
2712,0.06798701733350754
2715,0.032017290592193604
2718,0.03279487043619156
2721,0.03510041534900665
2724,0.018448250368237495
2727,0.05378680303692818
2730,0.057832665741443634
2733,0.010247927159070969
2736,0.022242149338126183
2739,0.021817507222294807
2742,0.0876917839050293
2745,0.11658385396003723
2748,0.027171559631824493
2751,0.03234916925430298
2754,0.03203706070780754
2757,0.03470167517662048
2760,0.12020508199930191
2763,0.08864984661340714
2766,0.10088600963354111
2769,0.06758932769298553
2772,0.04477039724588394
2775,0.016985423862934113
2778,0.0345764085650444
2781,0.023825736716389656
2784,0.045564811676740646
2787,0.03351825103163719
2790,0.06644624471664429
2793,0.04922573268413544
2796,0.03176046907901764
2799,0.07043945044279099
2802,0.016766827553510666
2805,0.05992066487669945
2808,0.08934003859758377
2811,0.03484904021024704
2814,0.02583984285593033
2817,0.06063992530107498
2820,0.013026230037212372
2823,0.0745038390159607
2826,0.07802519202232361
2829,0.07344061881303787
2832,0.05321326106786728
2835,0.05255835875868797
2838,0.05324161425232887
2841,0.04613792151212692
2844,0.045028530061244965
2847,0.07773084938526154
2850,0.08495420217514038
2853,0.08744734525680542
2856,0.049918193370103836
2859,0.07713322341442108
2862,0.022982442751526833
2865,0.0600394532084465
2868,0.06099385395646095
2871,0.07552357017993927
2874,0.03359968215227127
2877,0.018696025013923645
2880,0.039568934589624405
2883,0.045933157205581665
2886,0.02384350821375847
2889,0.02676641382277012
2892,0.03213793411850929
2895,0.023993361741304398
2898,0.06395167112350464
2901,0.012006839737296104
2904,0.027108928188681602
2907,0.01844528503715992
2910,0.13233698904514313
2913,0.008242332376539707
2916,0.031019791960716248
2919,0.010227026417851448
2922,0.04446759074926376
2925,0.022841311991214752
2928,0.03373350948095322
2931,0.04966433718800545
2934,0.009766281582415104
2937,0.1218690350651741
2940,0.008943051099777222
2943,0.062412720173597336
2946,0.03724081069231033
2949,0.013932546600699425
2952,0.06059260666370392
2955,0.02515009231865406
2958,0.03515365719795227
2961,0.06130661815404892
2964,0.01605316810309887
2967,0.0210086889564991
2970,0.03305894136428833
2973,0.020409516990184784
2976,0.0358499139547348
2979,0.048765286803245544
2982,0.03850045055150986
2985,0.010195796377956867
2988,0.022684680297970772
2991,0.018315646797418594
2994,0.047325845807790756
2997,0.04839390516281128
3000,0.004767666105180979
3003,0.03398922458291054
3006,0.015669185668230057
3009,0.13693629205226898
3012,0.021488262340426445
3015,0.06724917143583298
3018,0.04168295860290527
3021,0.07305963337421417
3024,0.04145972803235054
3027,0.03655511140823364
3030,0.07418808341026306
3033,0.038868919014930725
3036,0.06701447814702988
3039,0.03578556329011917
3042,0.024396736174821854
3045,0.02830134704709053
3048,0.06935951113700867
3051,0.07938570529222488
3054,0.04433644562959671
3057,0.050647422671318054
3060,0.07138123363256454
3063,0.07092109322547913
3066,0.05279600992798805
3069,0.022045986726880074
3072,0.013964132405817509
3075,0.03362288326025009
3078,0.02847573347389698
3081,0.054016195237636566
3084,0.03541634976863861
3087,0.06313511729240417
3090,0.04804811626672745
3093,0.022081639617681503
3096,0.08124757558107376
3099,0.011885175481438637
3102,0.011941775679588318
3105,0.006836973130702972
3108,0.05066918954253197
3111,0.013472780585289001
3114,0.06214466318488121
3117,0.0307316891849041
3120,0.012205148115754128
3123,0.014914733357727528
3126,0.0347650870680809
3129,0.0073104496113955975
3132,0.10773231834173203
3135,0.03987167775630951
3138,0.021802613511681557
3141,0.08793771266937256
3144,0.07693177461624146
3147,0.03922000527381897
3150,0.04011611267924309
3153,0.047314874827861786
3156,0.03290460258722305
3159,0.028716351836919785
3162,0.06655287742614746
3165,0.04330472648143768
3168,0.010852796956896782
3171,0.04187095910310745
3174,0.02610684186220169
3177,0.042247384786605835
3180,0.018761904910206795
3183,0.017438411712646484
3186,0.04755198210477829
3189,0.03892476111650467
3192,0.058056581765413284
3195,0.04105616360902786
3198,0.058655139058828354
3201,0.0779988095164299
3204,0.05475100874900818
3207,0.05868316814303398
3210,0.08935344219207764
3213,0.07352622598409653
3216,0.08510144054889679
3219,0.06395941227674484
3222,0.1171003133058548
3225,0.12081918120384216
3228,0.04379568248987198
3231,0.04603387415409088
3234,0.10897324979305267
3237,0.07012979686260223
3240,0.018606482073664665
3243,0.06187048554420471
3246,0.053132761269807816
3249,0.050653085112571716
3252,0.05406995490193367
3255,0.062349833548069
3258,0.05382050946354866
3261,0.07409664988517761
3264,0.027310168370604515
3267,0.03744335472583771
3270,0.04042293503880501
3273,0.10625337064266205
3276,0.0371878445148468
3279,0.06468886137008667
3282,0.022777903825044632
3285,0.0797850489616394
3288,0.05656623840332031
3291,0.09080130606889725
3294,0.03972780704498291
3297,0.03254897892475128
3300,0.02909250184893608
3303,0.04420507699251175
3306,0.03559146821498871
3309,0.0401822105050087
3312,0.01822425238788128
3315,0.0369112566113472
3318,0.06899039447307587
3321,0.019358783960342407
3324,0.057325057685375214
3327,0.016140546649694443
3330,0.12297067046165466
3333,0.0363384447991848
3336,0.07076619565486908
3339,0.0872083455324173
3342,0.03213481605052948
3345,0.08470374345779419
3348,0.055182501673698425
3351,0.047565966844558716
3354,0.1519123613834381
3357,0.016696935519576073
3360,0.05605757236480713
3363,0.043710000813007355
3366,0.012018364854156971
3369,0.014444500207901001
3372,0.033017031848430634
3375,0.08583714067935944
3378,0.020310798659920692
3381,0.017488349229097366
3384,0.09772353619337082
3387,0.01346972119063139
3390,0.03345038741827011
3393,0.08674374967813492
3396,0.03185335919260979
3399,0.057806264609098434
3402,0.06526942551136017
3405,0.16962049901485443
3408,0.09324364364147186
3411,0.043259717524051666
3414,0.010867688804864883
3417,0.09096728265285492
3420,0.07616271823644638
3423,0.051365479826927185
3426,0.059286557137966156
3429,0.022013550624251366
3432,0.08274146914482117
3435,0.05229329690337181
3438,0.0137258842587471
3441,0.0454702153801918
3444,0.048774443566799164
3447,0.060619503259658813
3450,0.039408981800079346
3453,0.05566168576478958
3456,0.03971187770366669
3459,0.04588797688484192
3462,0.028556233271956444
3465,0.02319345809519291
3468,0.09804920852184296
3471,0.06829126924276352
3474,0.04367166757583618
3477,0.08546578884124756
3480,0.02942432463169098
3483,0.04537057876586914
3486,0.05146178603172302
3489,0.049853477627038956
3492,0.07270082086324692
3495,0.023790113627910614
3498,0.014731956645846367
3501,0.028760850429534912
3504,0.04720137640833855
3507,0.009897498413920403
3510,0.010953014716506004
3513,0.07658303529024124
3516,0.015451204031705856
3519,0.022022675722837448
3522,0.06947354227304459
3525,0.0332452766597271
3528,0.10167296230792999
3531,0.05149568244814873
3534,0.0353572815656662
3537,0.05925557017326355
3540,0.015331555157899857
3543,0.04091547429561615
3546,0.04404232278466225
3549,0.03594447672367096
3552,0.08603814244270325
3555,0.010163640603423119
3558,0.0305451899766922
3561,0.07981249690055847
3564,0.020297279581427574
3567,0.029320407658815384
3570,0.013337896205484867
3573,0.017979005351662636
3576,0.03807622194290161
3579,0.014838505536317825
3582,0.023549912497401237
3585,0.018204770982265472
3588,0.0373770147562027
3591,0.037312012165784836
3594,0.05022382736206055
3597,0.03523411974310875
3600,0.019713331013917923
3603,0.054498374462127686
3606,0.06027581915259361
3609,0.022325865924358368
3612,0.025059977546334267
3615,0.01872461847960949
3618,0.09653297811746597
3621,0.014378678053617477
3624,0.05499326437711716
3627,0.011837240308523178
3630,0.030828896909952164
3633,0.01040381658822298
3636,0.023780930787324905
3639,0.02004745416343212
3642,0.057120181620121
3645,0.03250862658023834
3648,0.04777970910072327
3651,0.07249335199594498
3654,0.01883608102798462
3657,0.032360292971134186
3660,0.045574747025966644
3663,0.06032439321279526
3666,0.0547894611954689
3669,0.051243554800748825
3672,0.08541257679462433
3675,0.05909769982099533
3678,0.05733723193407059
3681,0.013553809374570847
3684,0.018848348408937454
3687,0.03744000196456909
3690,0.029204312711954117
3693,0.031934529542922974
3696,0.08742400258779526
3699,0.046625539660453796
3702,0.029244787991046906
3705,0.0771312564611435
3708,0.05448196828365326
3711,0.029970161616802216
3714,0.036166608333587646
3717,0.03623150661587715
3720,0.03990088403224945
3723,0.08583253622055054
3726,0.013789976015686989
3729,0.04093516990542412
3732,0.027759484946727753
3735,0.07327986508607864
3738,0.02901909127831459
3741,0.06194206699728966
3744,0.11734844744205475
3747,0.056040480732917786
3750,0.07209667563438416
3753,0.029219210147857666
3756,0.028259839862585068
3759,0.027223877608776093
3762,0.01732848584651947
3765,0.06302671879529953
3768,0.025688795372843742
3771,0.010572419501841068
3774,0.03385763615369797
3777,0.045788995921611786
3780,0.016716448590159416
3783,0.060905225574970245
3786,0.032506708055734634
3789,0.027961142361164093
3792,0.039777398109436035
3795,0.0360461100935936
3798,0.054452937096357346
3801,0.026040125638246536
3804,0.03914768248796463
3807,0.050930529832839966
3810,0.024869702756404877
3813,0.09148362278938293
3816,0.04086236655712128
3819,0.01878565549850464
3822,0.05788889527320862
3825,0.019936636090278625
3828,0.05435442551970482
3831,0.016502484679222107
3834,0.025945495814085007
3837,0.028808221220970154
3840,0.03896886110305786
3843,0.03941652178764343
3846,0.03812120854854584
3849,0.03190893679857254
3852,0.07922852784395218
3855,0.06027574837207794
3858,0.02874145656824112
3861,0.11065196990966797
3864,0.045459628105163574
3867,0.0887734591960907
3870,0.02889067679643631
3873,0.024486452341079712
3876,0.02180366963148117
3879,0.0219612754881382
3882,0.01201026700437069
3885,0.017648784443736076
3888,0.008451376110315323
3891,0.018031517043709755
3894,0.05508900433778763
3897,0.0334257110953331
3900,0.028366468846797943
3903,0.02461177110671997
3906,0.12445829808712006
3909,0.13397851586341858
3912,0.024464890360832214
3915,0.009776603430509567
3918,0.02645048126578331
3921,0.06006600707769394
3924,0.07131937146186829
3927,0.037100210785865784
3930,0.0911475419998169
3933,0.04369381070137024
3936,0.0663040354847908
3939,0.03852565586566925
3942,0.04046652838587761
3945,0.04909070208668709
3948,0.041655633598566055
3951,0.08952457457780838
3954,0.011388100683689117
3957,0.031207844614982605
3960,0.08144402503967285
3963,0.027830954641103745
3966,0.04108334332704544
3969,0.03224334865808487
3972,0.02470189519226551
3975,0.09056233614683151
3978,0.04115510359406471
3981,0.026487253606319427
3984,0.025147967040538788
3987,0.012730879709124565
3990,0.03852025792002678
3993,0.1305907666683197
3996,0.02377535030245781
3999,0.10529197752475739
4002,0.049788132309913635
4005,0.06693874299526215
4008,0.0398930124938488
4011,0.012623332440853119
4014,0.020886626094579697
4017,0.034920111298561096
4020,0.02925971895456314
4023,0.04911595955491066
4026,0.01472796592861414
4029,0.09461703896522522
4032,0.08876051008701324
4035,0.034961577504873276
4038,0.059930648654699326
4041,0.01716240681707859
4044,0.017851736396551132
4047,0.053195200860500336
4050,0.038052525371313095
4053,0.05749225988984108
4056,0.034062571823596954
4059,0.017952900379896164
4062,0.02610473893582821
4065,0.018861228600144386
4068,0.023997625336050987
4071,0.01795535907149315
4074,0.02351120114326477
4077,0.057239729911088943
4080,0.041009631007909775
4083,0.015127595514059067
4086,0.025909963995218277
4089,0.032185234129428864
4092,0.011229953728616238
4095,0.036597415804862976
4098,0.029588179662823677
4101,0.06814935058355331
4104,0.014240811578929424
4107,0.021109100431203842
4110,0.04254671186208725
4113,0.03514570742845535
4116,0.10841827094554901
4119,0.06447935849428177
4122,0.03219214454293251
4125,0.055961474776268005
4128,0.03251828998327255
4131,0.025913383811712265
4134,0.058229029178619385
4137,0.03667641431093216
4140,0.03546188399195671
4143,0.012447417713701725
4146,0.03804285451769829
4149,0.01720968633890152
4152,0.07010921835899353
4155,0.025875920429825783
4158,0.04278242215514183
4161,0.027861518785357475
4164,0.013105962425470352
4167,0.05029930919408798
4170,0.06288796663284302
4173,0.026533052325248718
4176,0.04425209015607834
4179,0.02046067640185356
4182,0.01254510972648859
4185,0.059747688472270966
4188,0.09851155430078506
4191,0.04488152265548706
4194,0.033315692096948624
4197,0.01707039587199688
4200,0.02899402193725109
4203,0.04185336455702782
4206,0.062068890780210495
4209,0.0237727127969265
4212,0.028680548071861267
4215,0.08095615357160568
4218,0.033901967108249664
4221,0.017964201048016548
4224,0.0460817888379097
4227,0.07544165849685669
4230,0.04377109557390213
4233,0.03964715823531151
4236,0.02469085156917572
4239,0.08961212635040283
4242,0.013648465275764465
4245,0.016427915543317795
4248,0.04351859539747238
4251,0.011973975226283073
4254,0.06595541536808014
4257,0.06996046006679535
4260,0.033467747271060944
4263,0.0258275605738163
4266,0.05281772464513779
4269,0.04063709080219269
4272,0.05072862654924393
4275,0.0891101136803627
4278,0.026443660259246826
4281,0.06031084805727005
4284,0.008259277790784836
4287,0.040175534784793854
4290,0.01659465953707695
4293,0.039161499589681625
4296,0.10340842604637146
4299,0.08494091033935547
4302,0.02028052508831024
4305,0.07280584424734116
4308,0.030245136469602585
4311,0.044712964445352554
4314,0.13999326527118683
4317,0.02310868911445141
4320,0.04929744452238083
4323,0.022768747061491013
4326,0.05645380914211273
4329,0.04028470814228058
4332,0.05299973860383034
4335,0.07106130570173264
4338,0.05746826156973839
4341,0.07223035395145416
4344,0.027966920286417007
4347,0.07200266420841217
4350,0.05444439873099327
4353,0.024799786508083344
4356,0.11679525673389435
4359,0.06855551153421402
4362,0.005586199462413788
4365,0.07386146485805511
4368,0.0901690125465393
4371,0.07532811164855957
4374,0.038963980972766876
4377,0.03056085854768753
4380,0.029271844774484634
4383,0.05438363552093506
4386,0.05215701088309288
4389,0.0372399277985096
4392,0.09273190051317215
4395,0.0242295004427433
4398,0.044811978936195374
4401,0.021918034180998802
4404,0.0839601531624794
4407,0.029531780630350113
4410,0.00804935209453106
4413,0.023896586149930954
4416,0.03634841367602348
4419,0.10256724059581757
4422,0.012884482741355896
4425,0.04821183532476425
4428,0.021822933107614517
4431,0.05480983853340149
4434,0.06214559078216553
4437,0.02016798034310341
4440,0.019185885787010193
4443,0.0545436292886734
4446,0.08649571985006332
4449,0.023930300027132034
4452,0.02124018408358097
4455,0.04675129055976868
4458,0.06524595618247986
4461,0.06508031487464905
4464,0.010750789195299149
4467,0.015096647664904594
4470,0.05587825924158096
4473,0.030283505097031593
4476,0.010030427947640419
4479,0.029236745089292526
4482,0.09515087306499481
4485,0.02728278562426567
4488,0.05252733826637268
4491,0.025826964527368546
4494,0.07870948314666748
4497,0.04989060014486313
4500,0.01822522282600403
4503,0.016970112919807434
4506,0.0964760109782219
4509,0.0595850832760334
4512,0.02397890016436577
4515,0.09963542968034744
4518,0.03206850588321686
4521,0.012812748551368713
4524,0.008889511227607727
4527,0.03776983544230461
4530,0.09367823600769043
4533,0.0454435721039772
4536,0.05758209526538849
4539,0.036644842475652695
4542,0.0735299289226532
4545,0.06639105826616287
4548,0.059307754039764404
4551,0.058771535754203796
4554,0.044449977576732635
4557,0.04333053529262543
4560,0.028956633061170578
4563,0.0496063306927681
4566,0.09168165922164917
4569,0.08250059187412262
4572,0.022693466395139694
4575,0.012223374098539352
4578,0.01779204234480858
4581,0.07208536565303802
4584,0.0346493162214756
4587,0.03260037675499916
4590,0.01206783764064312
4593,0.09035149216651917
4596,0.01999453268945217
4599,0.07425864785909653
4602,0.011728117242455482
4605,0.006628356873989105
4608,0.0037162103690207005
4611,0.013431362807750702
4614,0.03704967722296715
4617,0.022557063028216362
4620,0.08767034113407135
4623,0.04416555166244507
4626,0.018014540895819664
4629,0.08879316598176956
4632,0.019007215276360512
4635,0.05419137328863144
4638,0.015824098140001297
4641,0.051181815564632416
4644,0.01638638973236084
4647,0.024507611989974976
4650,0.04915934056043625
4653,0.022667430341243744
4656,0.0623151920735836
4659,0.07047015428543091
4662,0.07886556535959244
4665,0.022163687273859978
4668,0.053258687257766724
4671,0.01830802857875824
4674,0.009266059845685959
4677,0.02372073382139206
4680,0.07881388068199158
4683,0.016087640076875687
4686,0.07174313813447952
4689,0.030249956995248795
4692,0.02431490272283554
4695,0.1084539145231247
4698,0.060921743512153625
4701,0.08735118061304092
4704,0.004947338253259659
4707,0.06896346807479858
4710,0.03983471170067787
4713,0.029073551297187805
4716,0.038385048508644104
4719,0.03555087372660637
4722,0.003017101436853409
4725,0.05090242996811867
4728,0.05100841820240021
4731,0.04370877519249916
4734,0.016148481518030167
4737,0.05758814513683319
4740,0.024122213944792747
4743,0.028355097398161888
4746,0.023788321763277054
4749,0.06801790744066238
4752,0.05582024157047272
4755,0.022513054311275482
4758,0.03711002692580223
4761,0.009287815541028976
4764,0.014091568067669868
4767,0.041309285908937454
4770,0.04110126197338104
4773,0.07140354067087173
4776,0.019966647028923035
4779,0.015217076987028122
4782,0.00936034508049488
4785,0.02409273013472557
4788,0.02704579569399357
4791,0.009750683791935444
4794,0.012034112587571144
4797,0.024339748546481133
4800,0.03096528723835945
4803,0.018362723290920258
4806,0.008015196770429611
4809,0.014796692878007889
4812,0.1115814819931984
4815,0.038439806550741196
4818,0.01887700892984867
4821,0.010678835213184357
4824,0.039313022047281265
4827,0.062188033014535904
4830,0.06162529066205025
4833,0.030270783230662346
4836,0.014315708540380001
4839,0.023796753957867622
4842,0.02025352418422699
4845,0.01891886629164219
4848,0.08411256223917007
4851,0.06592879444360733
4854,0.028373677283525467
4857,0.021577447652816772
4860,0.06573846191167831
4863,0.01693011447787285
4866,0.11499287188053131
4869,0.03128143399953842
4872,0.13185784220695496
4875,0.042355094105005264
4878,0.016775352880358696
4881,0.04037446528673172
4884,0.040018606930971146
4887,0.04148842394351959
4890,0.04090467095375061
4893,0.021219974383711815
4896,0.02127639390528202
4899,0.11071215569972992
4902,0.033189110457897186
4905,0.08216027170419693
4908,0.03602860867977142
4911,0.009749269112944603
4914,0.005518665537238121
4917,0.0192905031144619
4920,0.06709221005439758
4923,0.06537557393312454
4926,0.04790491610765457
4929,0.011708300560712814
4932,0.026171449571847916
4935,0.038307324051856995
4938,0.008310460485517979
4941,0.013271772302687168
4944,0.007796900812536478
4947,0.05157255381345749
4950,0.041985198855400085
4953,0.016755014657974243
4956,0.03489045426249504
4959,0.0070759388618171215
4962,0.004109860863536596
4965,0.014418344013392925
4968,0.003597630187869072
4971,0.014164892956614494
4974,0.014133699238300323
4977,0.046106137335300446
4980,0.05859903246164322
4983,0.006404520478099585
4986,0.01950673945248127
4989,0.04784749448299408
4992,0.03610754385590553
4995,0.0903242900967598
4998,0.034955207258462906
5001,0.06380228698253632
5004,0.025740906596183777
5007,0.021500268951058388
5010,0.021354546770453453
5013,0.013824334368109703
5016,0.06465675681829453
5019,0.01392754353582859
5022,0.023196298629045486
5025,0.009933803230524063
5028,0.02061062678694725
5031,0.010148883797228336
5034,0.009092624299228191
5037,0.020586149767041206
5040,0.05923495441675186
5043,0.08050092309713364
5046,0.011064654216170311
5049,0.014015382155776024
5052,0.006850029341876507
5055,0.0626119077205658
5058,0.011579439043998718
5061,0.0167570561170578
5064,0.022860269993543625
5067,0.03835218772292137
5070,0.016075285151600838
5073,0.04637514054775238
5076,0.015489388257265091
5079,0.005038570147007704
5082,0.02315717190504074
5085,0.003209925489500165
5088,0.033092133700847626
5091,0.017438169568777084
5094,0.027371909469366074
5097,0.016425829380750656
5100,0.013818963430821896
5103,0.01968030445277691
5106,0.04339568316936493
5109,0.012134991586208344
5112,0.04015449807047844
5115,0.029040206223726273
5118,0.03858513757586479
5121,0.006315173115581274
5124,0.04349176958203316
5127,0.035630181431770325
5130,0.054310813546180725
5133,0.042996086180210114
5136,0.032891999930143356
5139,0.1367359161376953
5142,0.0845743864774704
5145,0.03289630264043808
5148,0.019360318779945374
5151,0.020615413784980774
5154,0.023079339414834976
5157,0.05564763396978378
5160,0.10930781066417694
5163,0.022074254229664803
5166,0.010598563589155674
5169,0.011333681643009186
5172,0.03339827060699463
5175,0.039725858718156815
5178,0.04673456400632858
5181,0.02558305114507675
5184,0.019128810614347458
5187,0.033914752304553986
5190,0.07064618915319443
5193,0.00562313012778759
5196,0.05012419819831848
5199,0.028205156326293945
5202,0.048004209995269775
5205,0.008947720751166344
5208,0.008655126206576824
5211,0.021028125658631325
5214,0.07932091504335403
5217,0.03116067871451378
5220,0.01773276925086975
5223,0.018860552459955215
5226,0.03572992980480194
5229,0.0361374095082283
5232,0.03690037876367569
5235,0.06393866240978241
5238,0.013613948598504066
5241,0.06471830606460571
5244,0.012724830769002438
5247,0.029656318947672844
5250,0.050172582268714905
5253,0.02731284126639366
5256,0.013157055713236332
5259,0.008785354904830456
5262,0.012964202091097832
5265,0.03601139038801193
5268,0.03272389620542526
5271,0.0662294402718544
5274,0.058489929884672165
5277,0.07164488732814789
5280,0.08374675363302231
5283,0.03229903057217598
5286,0.06162809580564499
5289,0.02127857878804207
5292,0.020801063627004623
5295,0.06022898480296135
5298,0.0050759082660079
5301,0.045679837465286255
5304,0.026862500235438347
5307,0.03147152066230774
5310,0.014506975188851357
5313,0.06469900906085968
5316,0.022995393723249435
5319,0.05273180454969406
5322,0.007984411902725697
5325,0.013932936824858189
5328,0.058275505900382996
5331,0.04632653295993805
5334,0.05998751521110535
5337,0.008166037499904633
5340,0.01525821816176176
5343,0.014229814521968365
5346,0.029570069164037704
5349,0.010910015553236008
5352,0.01386985182762146
5355,0.00862586498260498
5358,0.020341243594884872
5361,0.05092532932758331
5364,0.09140093624591827
5367,0.03243829682469368
5370,0.04017240181565285
5373,0.04239026829600334
5376,0.008545268326997757
5379,0.05676078423857689
5382,0.007357022725045681
5385,0.017872583121061325
5388,0.05925076827406883
5391,0.006689624395221472
5394,0.004035432357341051
5397,0.007179152220487595
5400,0.009680138900876045
5403,0.005521307699382305
5406,0.03671187534928322
5409,0.03315456211566925
5412,0.004128429107367992
5415,0.006776374764740467
5418,0.032487623393535614
5421,0.019894303753972054
5424,0.02064092457294464
5427,0.004151172935962677
5430,0.01062232069671154
5433,0.00803510844707489
5436,0.006495069712400436
5439,0.02043878845870495
5442,0.00556386262178421
5445,0.009704586118459702
5448,0.008229197934269905
5451,0.003839935641735792
5454,0.05036595091223717
5457,0.04986279085278511
5460,0.02834763564169407
5463,0.01476157084107399
5466,0.00943850353360176
5469,0.05513425171375275
5472,0.007135541178286076
5475,0.006056022364646196
5478,0.013926479034125805
5481,0.03655681759119034
5484,0.0652109831571579
5487,0.06321576982736588
5490,0.007938921451568604
5493,0.016583478078246117
5496,0.028794560581445694
5499,0.012968741357326508
5502,0.004897773265838623
5505,0.02003288082778454
5508,0.0036034800577908754
5511,0.05807739496231079
5514,0.02284196764230728
5517,0.06914172321557999
5520,0.018240559846162796
5523,0.024532901123166084
5526,0.07485903799533844
5529,0.011361800134181976
5532,0.03304097056388855
5535,0.015893099829554558
5538,0.022896783426404
5541,0.009734725579619408
5544,0.010890739038586617
5547,0.01633922941982746
5550,0.023802438750863075
5553,0.03981637954711914
5556,0.00816833134740591
5559,0.05561556667089462
5562,0.02334064058959484
5565,0.03120611421763897
5568,0.00836128182709217
5571,0.023826537653803825
5574,0.04951462149620056
5577,0.034318432211875916
5580,0.051328178495168686
5583,0.02567262575030327
5586,0.025671809911727905
5589,0.040950946509838104
5592,0.045319702476263046
5595,0.018553249537944794
5598,0.0456782728433609
5601,0.035095613449811935
5604,0.0019208925077691674
5607,0.12012679874897003
5610,0.03823491930961609
5613,0.032369039952754974
5616,0.011851577088236809
5619,0.008881010115146637
5622,0.02400098741054535
5625,0.0494997464120388
5628,0.02329239808022976
5631,0.022883664816617966
5634,0.07892508059740067
5637,0.04195684194564819
5640,0.04772227630019188
5643,0.032229792326688766
5646,0.021311789751052856
5649,0.03697894141077995
5652,0.006214630324393511
5655,0.05267007648944855
5658,0.012674706056714058
5661,0.012444207444787025
5664,0.019621506333351135
5667,0.02139623649418354
5670,0.030261166393756866
5673,0.06950770318508148
5676,0.04046683758497238
5679,0.005175517871975899
5682,0.02814953774213791
5685,0.02508476935327053
5688,0.06248975545167923
5691,0.02336389571428299
5694,0.023835444822907448
5697,0.01184860523790121
5700,0.014828965999186039
5703,0.027094364166259766
5706,0.009454319253563881
5709,0.015521860681474209
5712,0.017314914613962173
5715,0.011044545099139214
5718,0.017987143248319626
5721,0.05973952263593674
5724,0.0219108983874321
5727,0.030356552451848984
5730,0.0069189672358334064
5733,0.04404941946268082
5736,0.005079892463982105
5739,0.008212760090827942
5742,0.005151015240699053
5745,0.006337619852274656
5748,0.03922877088189125
5751,0.023397676646709442
5754,0.027978328987956047
5757,0.02192654460668564
5760,0.08976825326681137
5763,0.008012713864445686
5766,0.024453183636069298
5769,0.10602694749832153
5772,0.033304955810308456
5775,0.03169749304652214
5778,0.06675694137811661
5781,0.009113594889640808
5784,0.05452338233590126
5787,0.05434608459472656
5790,0.008913801982998848
5793,0.031610604375600815
5796,0.027188779786229134
5799,0.028731252998113632
5802,0.06914909183979034
5805,0.030010493472218513
5808,0.06509584188461304
5811,0.04098104313015938
5814,0.02073274925351143
5817,0.037102654576301575
5820,0.03598660230636597
5823,0.021651379764080048
5826,0.0627097636461258
5829,0.015797816216945648
5832,0.02827608957886696
5835,0.04580209404230118
5838,0.0473800003528595
5841,0.010790424421429634
5844,0.00713800173252821
5847,0.016170084476470947
5850,0.054347388446331024
5853,0.054783597588539124
5856,0.01608823984861374
5859,0.017158472910523415
5862,0.0239441879093647
5865,0.01997372694313526
5868,0.00742653664201498
5871,0.011724269948899746
5874,0.02108718454837799
5877,0.08517865836620331
5880,0.05260320007801056
5883,0.07232214510440826
5886,0.008726762607693672
5889,0.08918902277946472
5892,0.033213116228580475
5895,0.01659836620092392
5898,0.032681554555892944
5901,0.009187880903482437
5904,0.018131975084543228
5907,0.022942570969462395
5910,0.004110883921384811
5913,0.003403365146368742
5916,0.03526613488793373
5919,0.007899533957242966
5922,0.015840398147702217
5925,0.028909362852573395
5928,0.0664200559258461
5931,0.018369631841778755
5934,0.057901542633771896
5937,0.03591184690594673
5940,0.029667342081665993
5943,0.03862879052758217
5946,0.01454991102218628
5949,0.004759466741234064
5952,0.06984062492847443
5955,0.033343568444252014
5958,0.036275845021009445
5961,0.11948251724243164
5964,0.032538946717977524
5967,0.028243176639080048
5970,0.04420235753059387
5973,0.006006195209920406
5976,0.04343128204345703
5979,0.02058648131787777
5982,0.024835487827658653
5985,0.0648215264081955
5988,0.08752027899026871
5991,0.010412640869617462
5994,0.03883621096611023
5997,0.05321332812309265
6000,0.008512455970048904
6003,0.028157440945506096
6006,0.023361437022686005
6009,0.013713067397475243
6012,0.04426132142543793
6015,0.03501199930906296
6018,0.022146210074424744
6021,0.009118039160966873
6024,0.04534345492720604
6027,0.03255539759993553
6030,0.04091630131006241
6033,0.006779536604881287
6036,0.08463000506162643
6039,0.021363593637943268
6042,0.054091744124889374
6045,0.029648201540112495
6048,0.012209629639983177
6051,0.03208985924720764
6054,0.03796794265508652
6057,0.05311496928334236
6060,0.11068696528673172
6063,0.007333407178521156
6066,0.017032885923981667
6069,0.008184388279914856
6072,0.00743841752409935
6075,0.02807079628109932
6078,0.02716381661593914
6081,0.16299419105052948
6084,0.10388404130935669
6087,0.030825724825263023
6090,0.09878253936767578
6093,0.0468800850212574
6096,0.052513472735881805
6099,0.055335547775030136
6102,0.09257328510284424
6105,0.020012348890304565
6108,0.01295497827231884
6111,0.042585089802742004
6114,0.02600261941552162
6117,0.054691437631845474
6120,0.06671984493732452
6123,0.032173335552215576
6126,0.08762460947036743
6129,0.032068509608507156
6132,0.04813298210501671
6135,0.03069085255265236
6138,0.01531035266816616
6141,0.04627559334039688
6144,0.02679448015987873
6147,0.06429578363895416
6150,0.056101929396390915
6153,0.08108203858137131
6156,0.02229567989706993
6159,0.07527609169483185
6162,0.03504473343491554
6165,0.01410727296024561
6168,0.022150512784719467
6171,0.020864475518465042
6174,0.028011184185743332
6177,0.011510297656059265
6180,0.06483019888401031
6183,0.007092575542628765
6186,0.006805957295000553
6189,0.050152454525232315
6192,0.009477159008383751
6195,0.07560652494430542
6198,0.03159593045711517
6201,0.02128290943801403
6204,0.0072619193233549595
6207,0.027570610865950584
6210,0.05430092662572861
6213,0.016028553247451782
6216,0.10653375089168549
6219,0.06734441220760345
6222,0.04413307085633278
6225,0.023677146062254906
6228,0.04229426383972168
6231,0.00765299191698432
6234,0.018000390380620956
6237,0.06367965042591095
6240,0.019246581941843033
6243,0.034311726689338684
6246,0.02089802175760269
6249,0.02797268144786358
6252,0.03808789700269699
6255,0.053672000765800476
6258,0.009126640856266022
6261,0.004552895203232765
6264,0.003901346120983362
6267,0.012638733722269535
6270,0.11777099967002869
6273,0.07081529498100281
6276,0.008816726505756378
6279,0.06500788778066635
6282,0.031462617218494415
6285,0.018432876095175743
6288,0.016484377905726433
6291,0.058330290019512177
6294,0.03300253301858902
6297,0.028726259246468544
6300,0.027191203087568283
6303,0.02277105301618576
6306,0.06181052327156067
6309,0.06705471873283386
6312,0.019953781738877296
6315,0.020773870870471
6318,0.020435895770788193
6321,0.0032862455118447542
6324,0.0018919551512226462
6327,0.02163720317184925
6330,0.011641988530755043
6333,0.008446860127151012
6336,0.0052738734520971775
6339,0.006691711489111185
6342,0.011745469644665718
6345,0.05323405563831329
6348,0.029564211145043373
6351,0.013049731031060219
6354,0.009905662387609482
6357,0.0038269520737230778
6360,0.004360223188996315
6363,0.004488817881792784
6366,0.004512138664722443
6369,0.0031838230788707733
6372,0.0027077989652752876
6375,0.004216712899506092
6378,0.02011750265955925
6381,0.0023687463253736496
6384,0.009590936824679375
6387,0.03152545168995857
6390,0.008706104010343552
6393,0.0036970986984670162
6396,0.002285922411829233
6399,0.020451335236430168
6402,0.04219262674450874
6405,0.0520755797624588
6408,0.0038924950640648603
6411,0.0210096538066864
6414,0.01782391220331192
6417,0.002997735282406211
6420,0.01630103774368763
6423,0.004325311630964279
6426,0.03901901841163635
6429,0.006549526937305927
6432,0.005431464873254299
6435,0.005262014921754599
6438,0.01811792515218258
6441,0.012242046184837818
6444,0.0856742188334465
6447,0.039170149713754654
6450,0.03208775073289871
6453,0.029380736872553825
6456,0.009448012337088585
6459,0.008608706295490265
6462,0.036684051156044006
6465,0.03241557255387306
6468,0.007245039567351341
6471,0.02036220207810402
6474,0.06268705427646637
6477,0.01919809728860855
6480,0.003369212383404374
6483,0.013778774067759514
6486,0.04312177747488022
6489,0.008819922804832458
6492,0.039009399712085724
6495,0.07883088290691376
6498,0.06369443982839584
6501,0.02898351103067398
6504,0.056541696190834045
6507,0.026614520698785782
6510,0.0037491379771381617
6513,0.025097999721765518
6516,0.01308103371411562
6519,0.006611610762774944
6522,0.012961109168827534
6525,0.007108747493475676
6528,0.016551021486520767
6531,0.059177178889513016
6534,0.07495371997356415
6537,0.03566331788897514
6540,0.021388236433267593
6543,0.04394395649433136
6546,0.04940575733780861
6549,0.01504545845091343
6552,0.03814653679728508
6555,0.07225821167230606
6558,0.03397822380065918
6561,0.04907969385385513
6564,0.023236025124788284
6567,0.04481182247400284
6570,0.012707620859146118
6573,0.05787394940853119
6576,0.03936475142836571
6579,0.014853261411190033
6582,0.040065228939056396
6585,0.02015153132379055
6588,0.07387566566467285
6591,0.08172723650932312
6594,0.004143026191741228
6597,0.005867816042155027
6600,0.008269705809652805
6603,0.03683117404580116
6606,0.030875321477651596
6609,0.07402385026216507
6612,0.03660617023706436
6615,0.026478281244635582
6618,0.028742466121912003
6621,0.048086196184158325
6624,0.1629197746515274
6627,0.055758923292160034
6630,0.06371015310287476
6633,0.008740617893636227
6636,0.026075199246406555
6639,0.009790861047804356
6642,0.03920145332813263
6645,0.04390234127640724
6648,0.05612765625119209
6651,0.045083530247211456
6654,0.05847329646348953
6657,0.05716639757156372
6660,0.0052933599799871445
6663,0.03220248967409134
6666,0.013180970214307308
6669,0.022980716079473495
6672,0.010051834397017956
6675,0.04921060428023338
6678,0.0200789961963892
6681,0.02840515598654747
6684,0.041449226438999176
6687,0.019258026033639908
6690,0.03511530160903931
6693,0.01157437078654766
6696,0.0842706561088562
6699,0.016143357381224632
6702,0.04109257459640503
6705,0.04513967037200928
6708,0.003525868523865938
6711,0.017905304208397865
6714,0.007849784567952156
6717,0.008241881616413593
6720,0.08877773582935333
6723,0.03539441153407097
6726,0.013058661483228207
6729,0.03061264008283615
6732,0.020546874031424522
6735,0.021570390090346336
6738,0.054166536778211594
6741,0.044937681406736374
6744,0.014162378385663033
6747,0.005552717484533787
6750,0.013636915944516659
6753,0.0028932809364050627
6756,0.0017658134456723928
6759,0.008716415613889694
6762,0.03000713139772415
6765,0.01687668263912201
6768,0.011776937171816826
6771,0.07775258272886276
6774,0.04421959072351456
6777,0.009997794404625893
6780,0.022936426103115082
6783,0.02829706110060215
6786,0.02154286950826645
6789,0.024240905418992043
6792,0.21990008652210236
6795,0.028120484203100204
6798,0.10419201105833054
6801,0.026128139346837997
6804,0.07287061214447021
6807,0.09791819751262665
6810,0.021073224022984505
6813,0.030414242297410965
6816,0.033474721014499664
6819,0.07611244916915894
6822,0.059550072997808456
6825,0.03570170700550079
6828,0.08450919389724731
6831,0.015404535457491875
6834,0.029990116134285927
6837,0.037039920687675476
6840,0.0256182961165905
6843,0.009871689602732658
6846,0.030372364446520805
6849,0.018077010288834572
6852,0.005210171453654766
6855,0.009743619710206985
6858,0.07777335494756699
6861,0.06051928550004959
6864,0.029019039124250412
6867,0.025038285180926323
6870,0.06714846193790436
6873,0.0360126756131649
6876,0.06924140453338623
6879,0.08156552165746689
6882,0.014334168285131454
6885,0.0795193463563919
6888,0.02252485230565071
6891,0.004756213631480932
6894,0.01263263076543808
6897,0.004604727495461702
6900,0.03133874386548996
6903,0.06220288947224617
6906,0.006551364902406931
6909,0.0021583910565823317
6912,0.006131748203188181
6915,0.014612451195716858
6918,0.05013211444020271
6921,0.030851688235998154
6924,0.017191942781209946
6927,0.033960528671741486
6930,0.006266912445425987
6933,0.03762670233845711
6936,0.027752099558711052
6939,0.02767080068588257
6942,0.032591067254543304
6945,0.023192621767520905
6948,0.009782284498214722
6951,0.015812352299690247
6954,0.003121549729257822
6957,0.025898847728967667
6960,0.003060348564758897
6963,0.004590468481183052
6966,0.035304538905620575
6969,0.045463159680366516
6972,0.006149508990347385
6975,0.005643544252961874
6978,0.07098737359046936
6981,0.01803237944841385
6984,0.01901811547577381
6987,0.012528677470982075
6990,0.023650169372558594
6993,0.008225522935390472
6996,0.016539983451366425
6999,0.00669660372659564
7002,0.008272498846054077
7005,0.04532765597105026
7008,0.03981262817978859
7011,0.05554896593093872
7014,0.012797901406884193
7017,0.04847989231348038
7020,0.017483312636613846
7023,0.006789859849959612
7026,0.03969147428870201
7029,0.020840931683778763
7032,0.06187146529555321
7035,0.012323353439569473
7038,0.015892863273620605
7041,0.012714317999780178
7044,0.005546256434172392
7047,0.01373264193534851
7050,0.036295004189014435
7053,0.00932480301707983
7056,0.04805084317922592
7059,0.0015589171089231968
7062,0.0038073468022048473
7065,0.0046831946820020676
7068,0.008735002018511295
7071,0.0039145927876234055
7074,0.003848748980090022
7077,0.017633767798542976
7080,0.008784465491771698
7083,0.008050130680203438
7086,0.0023770486004650593
7089,0.053957268595695496
7092,0.004896639380604029
7095,0.01837793178856373
7098,0.0014452565228566527
7101,0.003651247126981616
7104,0.23772509396076202
7107,0.1296154260635376
7110,0.01237582415342331
7113,0.029955536127090454
7116,0.052047956734895706
7119,0.012670761905610561
7122,0.048179611563682556
7125,0.00841366034001112
7128,0.04436526075005531
7131,0.08555715531110764
7134,0.04721969738602638
7137,0.07570356130599976
7140,0.04585877060890198
7143,0.0978885069489479
7146,0.03946679085493088
7149,0.0589057132601738
7152,0.09618646651506424
7155,0.025067243725061417
7158,0.003043701406568289
7161,0.236702561378479
7164,0.004367670509964228
7167,0.03583812713623047
7170,0.03140246495604515
7173,0.009140750393271446
7176,0.07825572043657303
7179,0.01839161477982998
7182,0.047658100724220276
7185,0.03122861310839653
7188,0.06041945517063141
7191,0.004157162271440029
7194,0.03321269899606705
7197,0.10549981147050858
7200,0.038895558565855026
7203,0.0232040137052536
7206,0.0840797945857048
7209,0.022570788860321045
7212,0.006169762462377548
7215,0.02995971590280533
7218,0.01970834657549858
7221,0.02717221900820732
7224,0.01308759581297636
7227,0.04035960137844086
7230,0.016172252595424652
7233,0.008141113445162773
7236,0.012038840912282467
7239,0.00269806245341897
7242,0.05103406682610512
7245,0.010732105001807213
7248,0.00291435606777668
7251,0.014387957751750946
7254,0.06751132011413574
7257,0.01309221051633358
7260,0.002509158104658127
7263,0.004904801957309246
7266,0.030127426609396935
7269,0.013654978014528751
7272,0.019655467942357063
7275,0.005969077814370394
7278,0.033500563353300095
7281,0.04448137804865837
7284,0.04584590718150139
7287,0.006213129498064518
7290,0.009000679478049278
7293,0.004697090480476618
7296,0.034705277532339096
7299,0.05559254065155983
7302,0.07322221249341965
7305,0.032982416450977325
7308,0.02133096754550934
7311,0.021900299936532974
7314,0.028151806443929672
7317,0.06290284544229507
7320,0.013933507725596428
7323,0.011462686583399773
7326,0.07411210238933563
7329,0.035829365253448486
7332,0.023194413632154465
7335,0.021841906011104584
7338,0.03804793208837509
7341,0.04382696747779846
7344,0.06034242361783981
7347,0.044556230306625366
7350,0.03334501385688782
7353,0.04436718299984932
7356,0.10356023907661438
7359,0.06271162629127502
7362,0.036945123225450516
7365,0.0223702285438776
7368,0.025089599192142487
7371,0.047334760427474976
7374,0.05043885111808777
7377,0.06513866782188416
7380,0.06783238053321838
7383,0.07843709737062454
7386,0.028134610503911972
7389,0.029042178764939308
7392,0.03569157421588898
7395,0.008440942503511906
7398,0.024520978331565857
7401,0.07433797419071198
7404,0.012418719008564949
7407,0.035585373640060425
7410,0.030497979372739792
7413,0.03540491312742233
7416,0.09691508114337921
7419,0.014218168333172798
7422,0.02209925651550293
7425,0.029876776039600372
7428,0.06821617484092712
7431,0.005174634046852589
7434,0.03095226362347603
7437,0.015290753915905952
7440,0.06539022922515869
7443,0.039726853370666504
7446,0.05662938952445984
7449,0.006885061040520668
7452,0.06538569927215576
7455,0.002633200027048588
7458,0.05466814711689949
7461,0.007182520814239979
7464,0.003338078735396266
7467,0.00790282990783453
7470,0.02628101408481598
7473,0.0433700829744339
7476,0.030831247568130493
7479,0.004544626455754042
7482,0.021086659282445908
7485,0.0220901258289814
7488,0.008819522336125374
7491,0.00335191679187119
7494,0.007151238154619932
7497,0.025133194401860237
7500,0.00554298423230648
7503,0.025617390871047974
7506,0.017095567658543587
7509,0.08639702200889587
7512,0.0038903343956917524
7515,0.009640596807003021
7518,0.002261130604892969
7521,0.005063312128186226
7524,0.0028559411875903606
7527,0.034013137221336365
7530,0.003962823189795017
7533,0.0072528463788330555
7536,0.002801715862005949
7539,0.004788064397871494
7542,0.03939420357346535
7545,0.0016447034431621432
7548,0.028159650042653084
7551,0.0022122494410723448
7554,0.07655443996191025
7557,0.005971832200884819
7560,0.02769636921584606
7563,0.01497797854244709
7566,0.005096764303743839
7569,0.0041076564230024815
7572,0.04111548513174057
7575,0.020027728751301765
7578,0.02262812666594982
7581,0.012369763106107712
7584,0.00605012895539403
7587,0.0042136069387197495
7590,0.007633918430656195
7593,0.0036012933123856783
7596,0.003025498241186142
7599,0.022151093930006027
7602,0.01668695919215679
7605,0.02658557891845703
7608,0.006803346332162619
7611,0.04541308805346489
7614,0.007564562372863293
7617,0.016356851905584335
7620,0.004433799535036087
7623,0.050941646099090576
7626,0.03791346028447151
7629,0.03423747792840004
7632,0.04697764664888382
7635,0.04271546006202698
7638,0.01059816312044859
7641,0.009570695459842682
7644,0.01634940505027771
7647,0.026647157967090607
7650,0.012359526939690113
7653,0.02632889896631241
7656,0.01336849108338356
7659,0.02073623612523079
7662,0.03255688026547432
7665,0.02357463911175728
7668,0.02189972996711731
7671,0.011366583406925201
7674,0.04684806615114212
7677,0.024586539715528488
7680,0.011390438303351402
7683,0.009297569282352924
7686,0.05692268908023834
7689,0.014490305446088314
7692,0.007046183571219444
7695,0.04448499530553818
7698,0.0049512190744280815
7701,0.0071074869483709335
7704,0.03411685675382614
7707,0.017960701137781143
7710,0.005496898666024208
7713,0.0564727857708931
7716,0.008535672910511494
7719,0.04723552614450455
7722,0.014633838087320328
7725,0.03311007097363472
7728,0.0028316436801105738
7731,0.02664949558675289
7734,0.0024168798699975014
7737,0.03500162810087204
7740,0.006997459568083286
7743,0.007820116356015205
7746,0.007776885759085417
7749,0.03805958852171898
7752,0.0020852498710155487
7755,0.002397618256509304
7758,0.005129830911755562
7761,0.0041990880854427814
7764,0.004819056019186974
7767,0.004181487485766411
7770,0.004291578195989132
7773,0.078579843044281
7776,0.02291058748960495
7779,0.010459495708346367
7782,0.049866288900375366
7785,0.005785901099443436
7788,0.0256826039403677
7791,0.00872740801423788
7794,0.040274281054735184
7797,0.00585520314052701
7800,0.007354978937655687
7803,0.009394491091370583
7806,0.018972091376781464
7809,0.005906726699322462
7812,0.003329664468765259
7815,0.018341168761253357
7818,0.004988307133316994
7821,0.0031030336394906044
7824,0.007839912548661232
7827,0.002686359453946352
7830,0.026605017483234406
7833,0.004445970989763737
7836,0.01112366747111082
7839,0.01970858871936798
7842,0.0048293680883944035
7845,0.006192462518811226
7848,0.022234506905078888
7851,0.02854347787797451
7854,0.0029783169738948345
7857,0.036723170429468155
7860,0.013449583202600479
7863,0.012849202379584312
7866,0.03662331402301788
7869,0.007815789431333542
7872,0.013225472532212734
7875,0.06390425562858582
7878,0.024756435304880142
7881,0.004158858209848404
7884,0.002559185028076172
7887,0.005114865489304066
7890,0.003304373938590288
7893,0.0215540062636137
7896,0.01575048454105854
7899,0.031177671626210213
7902,0.0033423444256186485
7905,0.0119687020778656
7908,0.007704153656959534
7911,0.004536749795079231
7914,0.0030109165236353874
7917,0.0031827844213694334
7920,0.019801145419478416
7923,0.005110228434205055
7926,0.06034136563539505
7929,0.026545217260718346
7932,0.002973579801619053
7935,0.004315021447837353
7938,0.025372734293341637
7941,0.04507271200418472
7944,0.04615215212106705
7947,0.09826844930648804
7950,0.10105864703655243
7953,0.03209249675273895
7956,0.016492009162902832
7959,0.006657500751316547
7962,0.007451791316270828
7965,0.011221473105251789
7968,0.02465927228331566
7971,0.005095968022942543
7974,0.021439842879772186
7977,0.010818073526024818
7980,0.07400047779083252
7983,0.01762589067220688
7986,0.007599534932523966
7989,0.03605569899082184
7992,0.01737387850880623
7995,0.0305296890437603
7998,0.03324194997549057
8001,0.02709195762872696
8004,0.00270617613568902
8007,0.017934009432792664
8010,0.010943103581666946
8013,0.022430896759033203
8016,0.004509171470999718
8019,0.07031549513339996
8022,0.008796223439276218
8025,0.006657928228378296
8028,0.018549520522356033
8031,0.014378022402524948
8034,0.006517227739095688
8037,0.03147546201944351
8040,0.011877233162522316
8043,0.019220435991883278
8046,0.006496521644294262
8049,0.002356400713324547
8052,0.014862658455967903
8055,0.0036004565190523863
8058,0.0030443130526691675
8061,0.0022356894332915545
8064,0.008693400770425797
8067,0.0013120692456141114
8070,0.017140496522188187
8073,0.05903945118188858
8076,0.032690681517124176
8079,0.0017007780261337757
8082,0.001831553177908063
8085,0.003943108022212982
8088,0.016835318878293037
8091,0.0017792638391256332
8094,0.0028795022517442703
8097,0.0019491452258080244
8100,0.05010582506656647
8103,0.021871592849493027
8106,0.0018885999452322721
8109,0.019619978964328766
8112,0.010831253603100777
8115,0.0016444296343252063
8118,0.0015184851363301277
8121,0.02661968022584915
8124,0.0013102563098073006
8127,0.0027402702253311872
8130,0.0020185732282698154
8133,0.0031962168868631124
8136,0.0037847873754799366
8139,0.0016911204438656569
8142,0.016670677810907364
8145,0.061082933098077774
8148,0.03749750927090645
8151,0.01713612675666809
8154,0.02043856494128704
8157,0.033863652497529984
8160,0.0216025672852993
8163,0.002974102273583412
8166,0.01919502392411232
8169,0.020344650372862816
8172,0.0033751779701560736
8175,0.004736504517495632
8178,0.006194596644490957
8181,0.04722880199551582
8184,0.0020719983149319887
8187,0.01409440953284502
8190,0.007679136469960213
8193,0.02918434888124466
8196,0.004072080831974745
8199,0.010203179903328419
8202,0.0018686873372644186
8205,0.046771686524152756
8208,0.006043665576726198
8211,0.001543570775538683
8214,0.0538281686604023
8217,0.025983721017837524
8220,0.04458068311214447
8223,0.01077779196202755
8226,0.0015282741514965892
8229,0.007045355159789324
8232,0.0035762526094913483
8235,0.01561228558421135
8238,0.0017585516907274723
8241,0.037955284118652344
8244,0.0014839875511825085
8247,0.006771259009838104
8250,0.024224109947681427
8253,0.009031660854816437
8256,0.031291764229536057
8259,0.00682291341945529
8262,0.0034597660414874554
8265,0.007959757000207901
8268,0.07909861952066422
8271,0.02670063078403473
8274,0.014933052472770214
8277,0.017538368701934814
8280,0.04067471995949745
8283,0.0054929982870817184
8286,0.0020022315438836813
8289,0.00631164014339447
8292,0.01365545392036438
8295,0.0035803404171019793
8298,0.003151505021378398
8301,0.00840050633996725
8304,0.012447016313672066
8307,0.002171655185520649
8310,0.005775019992142916
8313,0.022473597899079323
8316,0.032872170209884644
8319,0.001811170019209385
8322,0.006264850497245789
8325,0.004115652292966843
8328,0.04705536365509033
8331,0.00738248648121953
8334,0.007288442458957434
8337,0.013615568168461323
8340,0.09428658336400986
8343,0.043236929923295975
8346,0.012838763184845448
8349,0.040309805423021317
8352,0.009422695264220238
8355,0.03899462893605232
8358,0.002378783654421568
8361,0.004795363172888756
8364,0.037116728723049164
8367,0.04549417644739151
8370,0.021419696509838104
8373,0.0008428390137851238
8376,0.0027896971441805363
8379,0.016933146864175797
8382,0.004727151710540056
8385,0.03626695275306702
8388,0.02375597134232521
8391,0.00675643514841795
8394,0.010113682597875595
8397,0.005864704493433237
8400,0.01083379052579403
8403,0.029568493366241455
8406,0.021112849935889244
8409,0.026698827743530273
8412,0.056039053946733475
8415,0.02735159918665886
8418,0.02144971676170826
8421,0.008139599114656448
8424,0.005066904239356518
8427,0.043353162705898285
8430,0.0036897652316838503
8433,0.0018936817068606615
8436,0.009949959814548492
8439,0.006590801291167736
8442,0.005306712351739407
8445,0.023411167785525322
8448,0.004776790272444487
8451,0.10604526847600937
8454,0.03829497471451759
8457,0.07621179521083832
8460,0.01656390354037285
8463,0.028835397213697433
8466,0.07598259299993515
8469,0.042607154697179794
8472,0.030599107965826988
8475,0.040756627917289734
8478,0.09121371805667877
8481,0.0282428115606308
8484,0.05499011278152466
8487,0.014997565187513828
8490,0.011803925968706608
8493,0.018104813992977142
8496,0.016895560547709465
8499,0.011994649656116962
8502,0.04322141036391258
8505,0.02525266259908676
8508,0.039927829056978226
8511,0.007637137547135353
8514,0.013090056367218494
8517,0.027364740148186684
8520,0.030157044529914856
8523,0.03725175932049751
8526,0.04002862796187401
8529,0.03927287459373474
8532,0.014099479652941227
8535,0.039700426161289215
8538,0.022064948454499245
8541,0.03299626708030701
8544,0.03882633149623871
8547,0.013440495356917381
8550,0.01848464459180832
8553,0.03305858001112938
8556,0.047895751893520355
8559,0.004426140338182449
8562,0.05379804968833923
8565,0.022311754524707794
8568,0.01770005002617836
8571,0.07169267535209656
8574,0.07540719211101532
8577,0.02239094115793705
8580,0.0256872046738863
8583,0.009320945478975773
8586,0.0484900027513504
8589,0.01310732588171959
8592,0.015471632592380047
8595,0.020795181393623352
8598,0.014966783113777637
8601,0.06105756759643555
8604,0.012698653154075146
8607,0.010755599476397038
8610,0.00536732655018568
8613,0.05391272157430649
8616,0.003549848683178425
8619,0.011550375260412693
8622,0.024380061775445938
8625,0.014148421585559845
8628,0.00749982800334692
8631,0.03398672491312027
8634,0.023312535136938095
8637,0.0063157351687550545
8640,0.02939930185675621
8643,0.018854746595025063
8646,0.007589653600007296
8649,0.026637205854058266
8652,0.014234300702810287
8655,0.003382197581231594
8658,0.03802785277366638
8661,0.028063878417015076
8664,0.05751698836684227
8667,0.00853673368692398
8670,0.0033737109042704105
8673,0.02164461463689804
8676,0.014460485428571701
8679,0.0033673131838440895
8682,0.025718016549944878
8685,0.026269258931279182
8688,0.030500752851366997
8691,0.03188544511795044
8694,0.005709639750421047
8697,0.019647112116217613
8700,0.026453251019120216
8703,0.011560747399926186
8706,0.07767431437969208
8709,0.009370619431138039
8712,0.0028567209374159575
8715,0.0030916044488549232
8718,0.006946164183318615
8721,0.0026638065464794636
8724,0.003364310134202242
8727,0.053645212203264236
8730,0.0236130990087986
8733,0.016425397247076035
8736,0.02555747702717781
8739,0.023622430860996246
8742,0.017638396471738815
8745,0.009762854315340519
8748,0.018421350046992302
8751,0.04077282175421715
8754,0.04795771837234497
8757,0.002637031953781843
8760,0.009239470586180687
8763,0.015678487718105316
8766,0.005875097122043371
8769,0.018979843705892563
8772,0.03058054856956005
8775,0.0031773580703884363
8778,0.029376626014709473
8781,0.010863514617085457
8784,0.03819829598069191
8787,0.05304178595542908
8790,0.018533973023295403
8793,0.007912094704806805
8796,0.03208302706480026
8799,0.006543871946632862
8802,0.04650920256972313
8805,0.010007616132497787
8808,0.030545944347977638
8811,0.02315468341112137
8814,0.0029799824114888906
8817,0.03541858494281769
8820,0.020087238401174545
8823,0.0060094199143350124
8826,0.021257180720567703
8829,0.017512094229459763
8832,0.024801407009363174
8835,0.09340005367994308
8838,0.013647375628352165
8841,0.0021124249324202538
8844,0.01940644346177578
8847,0.010729614645242691
8850,0.022863220423460007
8853,0.04768843948841095
8856,0.013018304482102394
8859,0.011580929160118103
8862,0.009031024761497974
8865,0.037057243287563324
8868,0.040205519646406174
8871,0.02597653493285179
8874,0.009747455827891827
8877,0.011040199548006058
8880,0.021133653819561005
8883,0.013590404763817787
8886,0.0045959362760186195
8889,0.01997634768486023
8892,0.002897959901019931
8895,0.004029476083815098
8898,0.024499695748090744
8901,0.0783732682466507
8904,0.007166186347603798
8907,0.0038896938785910606
8910,0.059924572706222534
8913,0.0027631595730781555
8916,0.015796083956956863
8919,0.027193017303943634
8922,0.009741777554154396
8925,0.006405750289559364
8928,0.0026779621839523315
8931,0.0027594503480941057
8934,0.0006819043774157763
8937,0.05526009202003479
8940,0.05984285846352577
8943,0.016898656263947487
8946,0.006389182526618242
8949,0.0075922333635389805
8952,0.013734203763306141
8955,0.02249518781900406
8958,0.02837667055428028
8961,0.0020416509360074997
8964,0.007641027681529522
8967,0.009972277097404003
8970,0.00314882630482316
8973,0.0005189211806282401
8976,0.015122170560061932
8979,0.018814709037542343
8982,0.004855068400502205
8985,0.0006071155657991767
8988,0.0022114471066743135
8991,0.018625808879733086
8994,0.001534815994091332
8997,0.0028621237725019455
9000,0.017793700098991394
9003,0.0006950278766453266
9006,0.009679601527750492
9009,0.009630020707845688
9012,0.004111494868993759
9015,0.012596799060702324
9018,0.00666849734261632
9021,0.0020404737442731857
9024,0.004053011536598206
9027,0.002406095154583454
9030,0.03734010457992554
9033,0.0321398600935936
9036,0.1065782681107521
9039,0.0203418992459774
9042,0.0899881049990654
9045,0.011020527221262455
9048,0.03719404339790344
9051,0.058964625000953674
9054,0.021155312657356262
9057,0.01642865315079689
9060,0.03835096210241318
9063,0.005084018688648939
9066,0.03166012838482857
9069,0.010751769877970219
9072,0.019944079220294952
9075,0.10200150310993195
9078,0.041910264641046524
9081,0.018836311995983124
9084,0.06796684861183167
9087,0.016158897429704666
9090,0.03405408561229706
9093,0.004300104454159737
9096,0.004060930106788874
9099,0.02201576717197895
9102,0.09644962847232819
9105,0.004887850489467382
9108,0.0062302155420184135
9111,0.018239688128232956
9114,0.016866732388734818
9117,0.045019134879112244
9120,0.021538417786359787
9123,0.08354327827692032
9126,0.007569088134914637
9129,0.0025788061320781708
9132,0.062304869294166565
9135,0.02687811851501465
9138,0.0027951758820563555
9141,0.020517677068710327
9144,0.013925467617809772
9147,0.013297471217811108
9150,0.005664241500198841
9153,0.007309056352823973
9156,0.03599149361252785
9159,0.029899626970291138
9162,0.051386721432209015
9165,0.04856333136558533
9168,0.02192477136850357
9171,0.015261280350387096
9174,0.010253715328872204
9177,0.01835722289979458
9180,0.0672709047794342
9183,0.00853098277002573
9186,0.04335495084524155
9189,0.026930473744869232
9192,0.0016539094503968954
9195,0.0440976582467556
9198,0.004084362648427486
9201,0.0059130555018782616
9204,0.030637336894869804
9207,0.0038021723739802837
9210,0.009954510256648064
9213,0.016411487013101578
9216,0.01806066557765007
9219,0.013022435829043388
9222,0.003863867837935686
9225,0.0027208791580051184
9228,0.027012763544917107
9231,0.048730988055467606
9234,0.01311939675360918
9237,0.044864803552627563
9240,0.02132825367152691
9243,0.026771103963255882
9246,0.0036338302306830883
9249,0.04075970873236656
9252,0.011237728409469128
9255,0.002047038869932294
9258,0.004133374895900488
9261,0.03796469047665596
9264,0.005271051544696093
9267,0.00515760388225317
9270,0.04294412583112717
9273,0.030245723202824593
9276,0.007991598919034004
9279,0.014083524234592915
9282,0.007332303561270237
9285,0.005961264483630657
9288,0.022931652143597603
9291,0.0030234975274652243
9294,0.00904015265405178
9297,0.008539166301488876
9300,0.03447164595127106
9303,0.006307045929133892
9306,0.002674656920135021
9309,0.020247668027877808
9312,0.03807096183300018
9315,0.00481045339256525
9318,0.01449573040008545
9321,0.06261324137449265
9324,0.012965399771928787
9327,0.007592331618070602
9330,0.0028830370865762234
9333,0.0032721846364438534
9336,0.004135187715291977
9339,0.02236408367753029
9342,0.020421147346496582
9345,0.021378125995397568
9348,0.001990724354982376
9351,0.06805870682001114
9354,0.015365679748356342
9357,0.002968776971101761
9360,0.0012545828940346837
9363,0.0012693399330601096
9366,0.0007208538590930402
9369,0.003541904501616955
9372,0.00650458037853241
9375,0.023820888251066208
9378,0.00204072380438447
9381,0.015057431533932686
9384,0.024195507168769836
9387,0.006495402194559574
9390,0.0024696195032447577
9393,0.023953331634402275
9396,0.022579899057745934
9399,0.010324140079319477
9402,0.0035907337442040443
9405,0.001524979481473565
9408,0.005244143772870302
9411,0.003111779224127531
9414,0.0009853176306933165
9417,0.005825613625347614
9420,0.0538264736533165
9423,0.003974557854235172
9426,0.006997961550951004
9429,0.02523733116686344
9432,0.024517323821783066
9435,0.003583519486710429
9438,0.0158177949488163
9441,0.0017295172438025475
9444,0.028080500662326813
9447,0.006288974545896053
9450,0.0336272306740284
9453,0.023443657904863358
9456,0.010299676097929478
9459,0.007565145380795002
9462,0.01024173479527235
9465,0.005437076091766357
9468,0.004648745991289616
9471,0.008526583202183247
9474,0.03902050480246544
9477,0.021388964727520943
9480,0.058741454035043716
9483,0.010836130008101463
9486,0.060979560017585754
9489,0.0050294119864702225
9492,0.014618264511227608
9495,0.03235602378845215
9498,0.00793189276009798
9501,0.014580920338630676
9504,0.02761073224246502
9507,0.05098681151866913
9510,0.013312885537743568
9513,0.02152465283870697
9516,0.013054783456027508
9519,0.05904919654130936
9522,0.028951874002814293
9525,0.014222773723304272
9528,0.030282367020845413
9531,0.023584971204400063
9534,0.02215905487537384
9537,0.048973198980093
9540,0.017884191125631332
9543,0.01238849014043808
9546,0.05135124921798706
9549,0.04778839275240898
9552,0.0301356203854084
9555,0.022748233750462532
9558,0.014070790261030197
9561,0.057393256574869156
9564,0.058297984302043915
9567,0.006157753057777882
9570,0.016496583819389343
9573,0.01129304338246584
9576,0.03488535434007645
9579,0.01377883367240429
9582,0.032893240451812744
9585,0.0069397916086018085
9588,0.018529441207647324
9591,0.01442315336316824
9594,0.03474408760666847
9597,0.050230562686920166
9600,0.05623263120651245
9603,0.01483867596834898
9606,0.010408574715256691
9609,0.007798108737915754
9612,0.02973639778792858
9615,0.007746822200715542
9618,0.00529847014695406
9621,0.04940763860940933
9624,0.004157824441790581
9627,0.018457632511854172
9630,0.033062610775232315
9633,0.024056270718574524
9636,0.014909169636666775
9639,0.014753597788512707
9642,0.011376097798347473
9645,0.01251506619155407
9648,0.018766600638628006
9651,0.026730746030807495
9654,0.010634072124958038
9657,0.020388659089803696
9660,0.03796897456049919
9663,0.04958469420671463
9666,0.002933162497356534
9669,0.0035999075043946505
9672,0.0018021278083324432
9675,0.004140499047935009
9678,0.0015028065536171198
9681,0.0016795855481177568
9684,0.00782066024839878
9687,0.02956610545516014
9690,0.003284571459516883
9693,0.004341414198279381
9696,0.00320851756259799
9699,0.00238453084602952
9702,0.025738190859556198
9705,0.00820187758654356
9708,0.002457899507135153
9711,0.003475920530036092
9714,0.005301636178046465
9717,0.002701998222619295
9720,0.0016082359943538904
9723,0.004916314035654068
9726,0.0010645831935107708
9729,0.03267732635140419
9732,0.0020257695578038692
9735,0.0021289174910634756
9738,0.002471466548740864
9741,0.024690357968211174
9744,0.0037664747796952724
9747,0.0245429165661335
9750,0.0009536200668662786
9753,0.053788937628269196
9756,0.01458717044442892
9759,0.026061926037073135
9762,0.012782643549144268
9765,0.017268525436520576
9768,0.006395698990672827
9771,0.03030201978981495
9774,0.0047593447379767895
9777,0.0038653796073049307
9780,0.025156883522868156
9783,0.011489132419228554
9786,0.0035541988909244537
9789,0.0013005486689507961
9792,0.0015349951572716236
9795,0.001598737551830709
9798,0.003229517489671707
9801,0.0017298146849498153
9804,0.004664380103349686
9807,0.0015670906286686659
9810,0.0017357878386974335
9813,0.006165390834212303
9816,0.011525767855346203
9819,0.003711092285811901
9822,0.0012704692780971527
9825,0.0018802204867824912
9828,0.0014930423349142075
9831,0.0016458804020658135
9834,0.0014025855343788862
9837,0.0012040641158819199
9840,0.002360093407332897
9843,0.0018685488030314445
9846,0.004463069140911102
9849,0.003254816634580493
9852,0.005673508159816265
9855,0.0037940775509923697
9858,0.00550332386046648
9861,0.03899157792329788
9864,0.0489351823925972
9867,0.0017471536993980408
9870,0.0020862065721303225
9873,0.0027901867870241404
9876,0.008912483230233192
9879,0.0027005362790077925
9882,0.004166933707892895
9885,0.08067149668931961
9888,0.0036211723927408457
9891,0.015353281982243061
9894,0.001968198223039508
9897,0.021243693307042122
9900,0.029112281277775764
9903,0.005291991867125034
9906,0.004357263445854187
9909,0.003158966079354286
9912,0.0022192904725670815
9915,0.0018405469600111246
9918,0.002062157727777958
9921,0.02989715337753296
9924,0.06366267800331116
9927,0.041257087141275406
9930,0.016899947077035904
9933,0.03538747876882553
9936,0.032367363572120667
9939,0.02178109623491764
9942,0.037507083266973495
9945,0.01643085479736328
9948,0.017822569236159325
9951,0.03585568815469742
9954,0.006950205657631159
9957,0.02045474946498871
9960,0.04263951629400253
9963,0.008662063628435135
9966,0.04194183647632599
9969,0.005190805532038212
9972,0.00738854194059968
9975,0.024435922503471375
9978,0.05495715141296387
9981,0.016612309962511063
9984,0.006149056367576122
9987,0.001335207954980433
9990,0.011142043396830559
9993,0.009201498702168465
9996,0.02561195008456707
9999,0.009197832085192204
10002,0.002564184833317995
10005,0.013699639588594437
10008,0.006435100920498371
10011,0.07459588348865509
10014,0.0026598835829645395
10017,0.02049984410405159
10020,0.011774256825447083
10023,0.026046350598335266
10026,0.018497487530112267
10029,0.0239899680018425
10032,0.0037386412732303143
10035,0.009072907269001007
10038,0.005799719598144293
10041,0.002205802593380213
10044,0.007465651724487543
10047,0.0017459581140428782
10050,0.10511422157287598
10053,0.08446003496646881
10056,0.019882284104824066
10059,0.017526710405945778
10062,0.03181777894496918
10065,0.07921937853097916
10068,0.0957343652844429
10071,0.07852808386087418
10074,0.1414743810892105
10077,0.024568703025579453
10080,0.0815144032239914
10083,0.08751609176397324
10086,0.017859134823083878
10089,0.10573558509349823
10092,0.13053271174430847
10095,0.013965596444904804
10098,0.05105967074632645
10101,0.11601682007312775
10104,0.020015154033899307
10107,0.008915573358535767
10110,0.036402627825737
10113,0.08827874809503555
10116,0.10467410087585449
10119,0.15705318748950958
10122,0.14123356342315674
10125,0.16508719325065613
10128,0.1115720346570015
10131,0.08546209335327148
10134,0.053631771355867386
10137,0.21156662702560425
10140,0.14406993985176086
10143,0.0981627106666565
10146,0.161156564950943
10149,0.14075589179992676
10152,0.14137500524520874
10155,0.026522425934672356
10158,0.0594119057059288
10161,0.08053267002105713
10164,0.10268442332744598
10167,0.06073101982474327
10170,0.027667876332998276
10173,0.06405840069055557
10176,0.0049574244767427444
10179,0.015637651085853577
10182,0.00811760500073433
10185,0.013706913217902184
10188,0.003439314430579543
10191,0.004411719739437103
10194,0.010302313603460789
10197,0.002212453866377473
10200,0.002929427195340395
10203,0.0015446969773620367
10206,0.002675427123904228
10209,0.003201427636668086
10212,0.006697090342640877
10215,0.003976578824222088
10218,0.0013579155784100294
10221,0.00327747012488544
10224,0.03055514022707939
10227,0.0020904960110783577
10230,0.027839696034789085
10233,0.028780102729797363
10236,0.004601582884788513
10239,0.007670256309211254
10242,0.002738056005910039
10245,0.0014451725874096155
10248,0.0026838104240596294
10251,0.0013544054236263037
10254,0.02770182676613331
10257,0.008001206442713737
10260,0.0007133691688068211
10263,0.0007065195823088288
10266,0.027078790590167046
10269,0.0403621569275856
10272,0.004896420054137707
10275,0.006748398300260305
10278,0.0170265082269907
10281,0.0010665804147720337
10284,0.004226012155413628
10287,0.007061615586280823
10290,0.001153683173470199
10293,0.016124941408634186
10296,0.01688537187874317
10299,0.0010571321472525597
10302,0.01967674121260643
10305,0.0022888979874551296
10308,0.0018148684175685048
10311,0.0016289949417114258
10314,0.003879662835970521
10317,0.0137938242405653
10320,0.0020277248695492744
10323,0.01371691469103098
10326,0.0035786470398306847
10329,0.0014037443324923515
10332,0.014937051571905613
10335,0.0031992020085453987
10338,0.0076325880363583565
10341,0.0021573288831859827
10344,0.0027386415749788284
10347,0.0018266483675688505
10350,0.001954032573848963
10353,0.0008730036206543446
10356,0.0013794881524518132
10359,0.0007626317092217505
10362,0.024793891236186028
10365,0.006686655804514885
10368,0.003376937471330166
10371,0.0077105360105633736
10374,0.013774503022432327
10377,0.016550231724977493
10380,0.04385627806186676
10383,0.007771898526698351
10386,0.005412407219409943
10389,0.0025222899857908487
10392,0.012427596375346184
10395,0.015829188749194145
10398,0.02284146659076214
10401,0.005562991835176945
10404,0.007825270295143127
10407,0.00126936798915267
10410,0.02121472731232643
10413,0.004480392672121525
10416,0.038019951432943344
10419,0.0023703239858150482
10422,0.0026024701073765755
10425,0.028825026005506516
10428,0.001823541009798646
10431,0.005562644451856613
10434,0.0012257916387170553
10437,0.03429245948791504
10440,0.002472878200933337
10443,0.04355314001441002
10446,0.0031193410977721214
10449,0.0028816168196499348
10452,0.004143787547945976
10455,0.05712615326046944
10458,0.0049425591714680195
10461,0.002472139894962311
10464,0.0037085479125380516
10467,0.003653636435046792
10470,0.007150727324187756
10473,0.005657956004142761
10476,0.0017878798535093665
10479,0.0023555620573461056
10482,0.0009921141900122166
10485,0.003611235413700342
10488,0.007160228677093983
10491,0.008502683602273464
10494,0.006312836892902851
10497,0.006715836934745312
10500,0.040402788668870926
10503,0.002332974225282669
10506,0.0052212802693247795
10509,0.02169876918196678
10512,0.007904073223471642
10515,0.004364306572824717
10518,0.004387757740914822
10521,0.00545791070908308
10524,0.0019460786134004593
10527,0.0017754767322912812
10530,0.0017016143538057804
10533,0.0013046922395005822
10536,0.0013432973064482212
10539,0.011196237057447433
10542,0.010671377182006836
10545,0.028297729790210724
10548,0.003264963859692216
10551,0.0025405138731002808
10554,0.0030056191608309746
10557,0.0050098407082259655
10560,0.001573372632265091
10563,0.001899459632113576
10566,0.002048013499006629
10569,0.003913449123501778
10572,0.0012585318181663752
10575,0.0451778918504715
10578,0.012296226806938648
10581,0.009064845740795135
10584,0.013028867542743683
10587,0.0043134987354278564
10590,0.0015631699934601784
10593,0.002047598594799638
10596,0.01912815496325493
10599,0.003179281484335661
10602,0.02933729626238346
10605,0.0013436076696962118
10608,0.0021602693013846874
10611,0.006404147483408451
10614,0.0017129381885752082
10617,0.005326494108885527
10620,0.03814246132969856
10623,0.001657009357586503
10626,0.01914377138018608
10629,0.0014831079170107841
10632,0.04087849706411362
10635,0.023736050352454185
10638,0.006240406073629856
10641,0.019291477277874947
10644,0.014997672289609909
10647,0.002722524804994464
10650,0.0022068265825510025
10653,0.0012257706839591265
10656,0.0019981712102890015
10659,0.010478144511580467
10662,0.0018539996817708015
10665,0.0009481845772825181
10668,0.001215270720422268
10671,0.04391724616289139
10674,0.02987055480480194
10677,0.005140907131135464
10680,0.006693609058856964
10683,0.0016286204336211085
10686,0.005377364344894886
10689,0.0026786751113831997
10692,0.00474592437967658
10695,0.0013535050675272942
10698,0.01388830691576004
10701,0.0047937557101249695
10704,0.017773155122995377
10707,0.001380446832627058
10710,0.008181615732610226
10713,0.0023888652212917805
10716,0.0013918133918195963
10719,0.001269600004889071
10722,0.0050734602846205235
10725,0.002721162512898445
10728,0.0050425962544977665
10731,0.005613003391772509
10734,0.0012625139206647873
10737,0.003823311999440193
10740,0.028623517602682114
10743,0.001821264741010964
10746,0.0034282286651432514
10749,0.01650761440396309
10752,0.002723155776038766
10755,0.006455015391111374
10758,0.03489180654287338
10761,0.0027280738577246666
10764,0.022699782624840736
10767,0.02601250447332859
10770,0.003958468325436115
10773,0.014707115478813648
10776,0.034968890249729156
10779,0.003502307925373316
10782,0.012261075899004936
10785,0.0222766175866127
10788,0.006810068618506193
10791,0.003159877145662904
10794,0.0011340741766616702
10797,0.010040751658380032
10800,0.0253231693059206
10803,0.00784088671207428
10806,0.041090354323387146
10809,0.012948952615261078
10812,0.01608218438923359
10815,0.014570332132279873
10818,0.0025790492072701454
10821,0.003377913497388363
10824,0.021342989057302475
10827,0.014117367565631866
10830,0.005378386005759239
10833,0.005287511274218559
10836,0.045879945158958435
10839,0.004743409343063831
10842,0.0035474267788231373
10845,0.0032141702249646187
10848,0.006849830970168114
10851,0.010815546847879887
10854,0.001732987817376852
10857,0.032997146248817444
10860,0.0031763215083628893
10863,0.003936189226806164
10866,0.003514910116791725
10869,0.005699723958969116
10872,0.007974248379468918
10875,0.003857709700241685
10878,0.004389382898807526
10881,0.002485353732481599
10884,0.003919897601008415
10887,0.013896492309868336
10890,0.041102442890405655
10893,0.006313476711511612
10896,0.007259226869791746
10899,0.002134714275598526
10902,0.032338641583919525
10905,0.022700723260641098
10908,0.009556759148836136
10911,0.04040541499853134
10914,0.042923763394355774
10917,0.0068506235256791115
10920,0.003945576958358288
10923,0.018687577918171883
10926,0.024427738040685654
10929,0.00768119003623724
10932,0.01349092461168766
10935,0.034456923604011536
10938,0.0016595660708844662
10941,0.037011660635471344
10944,0.010954429395496845
10947,0.013761438429355621
10950,0.008229982107877731
10953,0.02439652942121029
10956,0.037708453834056854
10959,0.043260298669338226
10962,0.02258281223475933
10965,0.0057084932923316956
10968,0.0225900337100029
10971,0.008252867497503757
10974,0.04434651881456375
10977,0.03181220218539238
10980,0.014182733371853828
10983,0.02054206281900406
10986,0.004440739285200834
10989,0.014508962631225586
10992,0.058837905526161194
10995,0.009617632254958153
10998,0.009449703618884087
11001,0.009784060530364513
11004,0.022951364517211914
11007,0.009499287232756615
11010,0.002966458210721612
11013,0.003682652022689581
11016,0.0041739968582987785
11019,0.015909595414996147
11022,0.006190103478729725
11025,0.008135641925036907
11028,0.01013360545039177
11031,0.01311621256172657
11034,0.009072869084775448
11037,0.037915512919425964
11040,0.01703578047454357
11043,0.0025967592373490334
11046,0.013323266059160233
11049,0.00433415686711669
11052,0.004237795248627663
11055,0.019233379513025284
11058,0.0029664826579391956
11061,0.016965273767709732
11064,0.003934713080525398
11067,0.01955290697515011
11070,0.009185182861983776
11073,0.041108883917331696
11076,0.008314243517816067
11079,0.003213522955775261
11082,0.01648503914475441
11085,0.0062783267349004745
11088,0.00753402803093195
11091,0.008566989563405514
11094,0.01872514747083187
11097,0.011906435713171959
11100,0.007145398296415806
11103,0.0023303814232349396
11106,0.015601244755089283
11109,0.001810502726584673
11112,0.024128610268235207
11115,0.016552168875932693
11118,0.009991806000471115
11121,0.0025988933630287647
11124,0.022875908762216568
11127,0.008310691453516483
11130,0.0018606153316795826
11133,0.005448867101222277
11136,0.00821178313344717
11139,0.054782211780548096
11142,0.11791104078292847
11145,0.016295237466692924
11148,0.023239336907863617
11151,0.011133648455142975
11154,0.09589828550815582
11157,0.03351820632815361
11160,0.017356272786855698
11163,0.005992008373141289
11166,0.03174109384417534
11169,0.036539845168590546
11172,0.07848487794399261
11175,0.02946697548031807
11178,0.030578292906284332
11181,0.007570429239422083
11184,0.013413993641734123
11187,0.006718838587403297
11190,0.028723008930683136
11193,0.01754818856716156
11196,0.03977302834391594
11199,0.015095436945557594
11202,0.008348481729626656
11205,0.0016277461545541883
11208,0.03377364203333855
11211,0.010682779364287853
11214,0.0384146086871624
11217,0.0028123673982918262
11220,0.004643284250050783
11223,0.004191245883703232
11226,0.005042942240834236
11229,0.005238652229309082
11232,0.0015658903867006302
11235,0.0010904577793553472
11238,0.0011755120940506458
11241,0.003722978523001075
11244,0.003291333094239235
11247,0.002854696474969387
11250,0.0015755249187350273
11253,0.0020362783689051867
11256,0.01476827822625637
11259,0.003497468074783683
11262,0.008118790574371815
11265,0.0012257350608706474
11268,0.015424114651978016
11271,0.002162148244678974
11274,0.003382749855518341
11277,0.005067332647740841
11280,0.022089120000600815
11283,0.002080014441162348
11286,0.0009291720343753695
11289,0.0016738343983888626
11292,0.03196801245212555
11295,0.0032633431255817413
11298,0.005412370432168245
11301,0.0012636054307222366
11304,0.0026504190173000097
11307,0.010497456416487694
11310,0.03148135170340538
11313,0.011005420237779617
11316,0.030330562964081764
11319,0.0013792184181511402
11322,0.02238680236041546
11325,0.001224934821948409
11328,0.0014998902333900332
11331,0.0018085417104884982
11334,0.0027158595621585846
11337,0.0010166129795834422
11340,0.0049063293263316154
11343,0.0019736886024475098
11346,0.000967087340541184
11349,0.0009082148317247629
11352,0.003968764562159777
11355,0.0010104428511112928
11358,0.0013791495002806187
11361,0.0018620507325977087
11364,0.0007515848847106099
11367,0.000980266835540533
11370,0.0014288751408457756
11373,0.0009945796336978674
11376,0.0012817478273063898
11379,0.0013154462212696671
11382,0.0010210212785750628
11385,0.0015145262004807591
11388,0.0213942714035511
11391,0.000687798485159874
11394,0.0009163720533251762
11397,0.004864181857556105
11400,0.003757007420063019
11403,0.0006742775440216064
11406,0.00842979270964861
11409,0.030214348807930946
11412,0.004251888487488031
11415,0.04086178541183472
11418,0.005007113330066204
11421,0.021381700411438942
11424,0.007834219373762608
11427,0.02179274894297123
11430,0.0021183365024626255
11433,0.01790853962302208
11436,0.06583889573812485
11439,0.012124916538596153
11442,0.004976228810846806
11445,0.007780181244015694
11448,0.007578317541629076
11451,0.010588325560092926
11454,0.008408776484429836
11457,0.0008271611877717078
11460,0.0009818056132644415
11463,0.041023969650268555
11466,0.039616625756025314
11469,0.0005048808525316417
11472,0.00040722585981711745
11475,0.0005561026628129184
11478,0.0007033709553070366
11481,0.0024546333588659763
11484,0.0003921704483218491
11487,0.01076691783964634
11490,0.0003980510518886149
11493,0.032621242105960846
11496,0.02451619692146778
11499,0.024809109047055244
11502,0.004972518887370825
11505,0.0003784261934924871
11508,0.0016139980871230364
11511,0.0004932606825605035
11514,0.0015361625701189041
11517,0.0015324823325499892
11520,0.004406827036291361
11523,0.001115292776376009
11526,0.0009931673994287848
11529,0.0015400772681459785
11532,0.00118050177115947
11535,0.001292326138354838
11538,0.0005806077970191836
11541,0.0004222000134177506
11544,0.002637507626786828
11547,0.0012370808981359005
11550,0.04093220457434654
11553,0.000969636079389602
11556,0.00456807017326355
11559,0.0005675855791196227
11562,0.0164637453854084
11565,0.0027472758665680885
11568,0.017820555716753006
11571,0.0008929515024647117
11574,0.006929763592779636
11577,0.001719603082165122
11580,0.001711999299004674
11583,0.0029032209422439337
11586,0.043641164898872375
11589,0.00879921205341816
11592,0.0024672283325344324
11595,0.00962899625301361
11598,0.011437232606112957
11601,0.011156272143125534
11604,0.002997174859046936
11607,0.0043969606049358845
11610,0.0019456507870927453
11613,0.006500639952719212
11616,0.04655216634273529
11619,0.008633692748844624
11622,0.028733991086483
11625,0.06393548846244812
11628,0.00422144029289484
11631,0.009030064567923546
11634,0.017191307619214058
11637,0.010048733092844486
11640,0.01372379157692194
11643,0.024515831843018532
11646,0.007905744947493076
11649,0.03769806772470474
11652,0.006185559555888176
11655,0.0010336121777072549
11658,0.0007084275712259114
11661,0.01254823338240385
11664,0.0014667415525764227
11667,0.0003218878118786961
11670,0.001745905145071447
11673,0.002219885354861617
11676,0.0005949642509222031
11679,0.0006567329401150346
11682,0.0007940463256090879
11685,0.002731168642640114
11688,0.0007371040992438793
11691,0.02685360796749592
11694,0.0021405164152383804
11697,0.010720932856202126
11700,0.0010678514372557402
11703,0.0007918989867903292
11706,0.0015598369063809514
11709,0.001235923613421619
11712,0.0003575844457373023
11715,0.002479101298376918
11718,0.0004805001663044095
11721,0.023368526250123978
11724,0.011729734018445015
11727,0.04280628263950348
11730,0.005343337543308735
11733,0.003053453052416444
11736,0.0321195088326931
11739,0.023089740425348282
11742,0.018210886046290398
11745,0.0031866845674812794
11748,0.0012750639580190182
11751,0.041055530309677124
11754,0.03900634124875069
11757,0.0067170970141887665
11760,0.0021364628337323666
11763,0.0014133655931800604
11766,0.010083171539008617
11769,0.008718392811715603
11772,0.0037418706342577934
11775,0.028824467211961746
11778,0.02263958379626274
11781,0.0018344419077038765
11784,0.04377023130655289
11787,0.023474816232919693
11790,0.012556564062833786
11793,0.0038688501808792353
11796,0.00729913916438818
11799,0.003374778665602207
11802,0.004822444170713425
11805,0.005529515910893679
11808,0.0031856675632297993
11811,0.004407977685332298
11814,0.021442776545882225
11817,0.0016187455039471388
11820,0.01747652143239975
11823,0.019765961915254593
11826,0.007152270060032606
11829,0.003392441663891077
11832,0.01222977600991726
11835,0.0021206859964877367
11838,0.0023321309126913548
11841,0.005373341962695122
11844,0.0018775376956909895
11847,0.003088665194809437
11850,0.010415643453598022
11853,0.001775464741513133
11856,0.013326619751751423
11859,0.08109262585639954
11862,0.0020366227254271507
11865,0.0048768832348287106
11868,0.003219789359718561
11871,0.006115122698247433
11874,0.0034516239538788795
11877,0.00398312509059906
11880,0.0069879330694675446
11883,0.010714035481214523
11886,0.007024608086794615
11889,0.01622406579554081
11892,0.009298093616962433
11895,0.02729588933289051
11898,0.0024962625466287136
11901,0.013850318267941475
11904,0.001314016291871667
11907,0.004700270481407642
11910,0.003279018448665738
11913,0.0645018145442009
11916,0.015231585130095482
11919,0.05050024762749672
11922,0.003760088700801134
11925,0.030136849731206894
11928,0.07311679422855377
11931,0.03777332603931427
11934,0.0030730492435395718
11937,0.009452044032514095
11940,0.04983606934547424
11943,0.006373780779540539
11946,0.03138938173651695
11949,0.0045723021030426025
11952,0.011003011837601662
11955,0.010926580987870693
11958,0.05054618790745735
11961,0.024843286722898483
11964,0.020260799676179886
11967,0.0010532165179029107
11970,0.0013823050539940596
11973,0.0011875710915774107
11976,0.02113134041428566
11979,0.00599353201687336
11982,0.04765776917338371
11985,0.012509480118751526
11988,0.039289504289627075
11991,0.019571010023355484
11994,0.005769561044871807
11997,0.0028467897791415453
12000,0.0063857464119791985
12003,0.009186173789203167
12006,0.008641382679343224
12009,0.020054355263710022
12012,0.008715296164155006
12015,0.002055868972092867
12018,0.006380083505064249
12021,0.019430944696068764
12024,0.0014216441195458174
12027,0.02171744778752327
12030,0.007511401083320379
12033,0.014945217408239841
12036,0.03570857644081116
12039,0.03276916220784187
12042,0.015404735691845417
12045,0.05280710384249687
12048,0.0305491890758276
12051,0.008122002705931664
12054,0.017978187650442123
12057,0.007008710876107216
12060,0.010846425779163837
12063,0.018114950507879257
12066,0.006844374816864729
12069,0.02237618714570999
12072,0.0072609977796673775
12075,0.032558344304561615
12078,0.0256247129291296
12081,0.004403138067573309
12084,0.044376615434885025
12087,0.029974639415740967
12090,0.00962234940379858
12093,0.00843209121376276
12096,0.01015667337924242
12099,0.02746647596359253
12102,0.006031550467014313
12105,0.00930047407746315
12108,0.0032326471991837025
12111,0.001976035302504897
12114,0.07078969478607178
12117,0.005685888230800629
12120,0.00216903118416667
12123,0.025187898427248
12126,0.003432065946981311
12129,0.04551634192466736
12132,0.0030560395680367947
12135,0.0377688892185688
12138,0.003929560072720051
12141,0.031194783747196198
12144,0.008645337074995041
12147,0.0017773234285414219
12150,0.02191472053527832
12153,0.0020366236567497253
12156,0.018309785053133965
12159,0.0063202595338225365
12162,0.04644539952278137
12165,0.041180726140737534
12168,0.004868966992944479
12171,0.020009981468319893
12174,0.024178437888622284
12177,0.0010725094471126795
12180,0.0014180364087224007
12183,0.005929136648774147
12186,0.009681854397058487
12189,0.003393349703401327
12192,0.023243946954607964
12195,0.0030978405848145485
12198,0.0028965994715690613
12201,0.005619318224489689
12204,0.0013561780797317624
12207,0.003035904373973608
12210,0.024060362949967384
12213,0.023913433775305748
12216,0.051244959235191345
12219,0.0019489021506160498
12222,0.002700498793274164
12225,0.010311578400433064
12228,0.0008476587245240808
12231,0.0018040949944406748
12234,0.001409041928127408
12237,0.0007724302122369409
12240,0.005092070437967777
12243,0.036212701350450516
12246,0.0016965244431048632
12249,0.002697697374969721
12252,0.008610844612121582
12255,0.01128501258790493
12258,0.001365048112347722
12261,0.0020646394696086645
12264,0.001276280963793397
12267,0.021665694192051888
12270,0.0022289305925369263
12273,0.007027050945907831
12276,0.0015313352923840284
12279,0.001351847080513835
12282,0.001421434571966529
12285,0.02799687348306179
12288,0.007361188530921936
12291,0.020119108259677887
12294,0.002234951127320528
12297,0.028924576938152313
12300,0.003013079985976219
12303,0.001937498920597136
12306,0.039971835911273956
12309,0.0512680858373642
12312,0.00935972947627306
12315,0.00830101314932108
12318,0.0009236417827196419
12321,0.001245599938556552
12324,0.0016637996304780245
12327,0.00139639584813267
12330,0.005003230646252632
12333,0.011250191368162632
12336,0.005390668287873268
12339,0.0015643654624000192
12342,0.022795122116804123
12345,0.02599398046731949
12348,0.022008657455444336
12351,0.02707129903137684
12354,0.0538187101483345
12357,0.020708555355668068
12360,0.029159847646951675
12363,0.035534221678972244
12366,0.036714378744363785
12369,0.05601634457707405
12372,0.05228967219591141
12375,0.009811061434447765
12378,0.01146730501204729
12381,0.01198726799339056
12384,0.023590240627527237
12387,0.019821923226118088
12390,0.013228763826191425
12393,0.003039840143173933
12396,0.0033944090828299522
12399,0.06493837386369705
12402,0.0040360125713050365
12405,0.009243911132216454
12408,0.007250273134559393
12411,0.04735955595970154
12414,0.020808041095733643
12417,0.02578813210129738
12420,0.06015246734023094
12423,0.019023697823286057
12426,0.01663598045706749
12429,0.007381574250757694
12432,0.013947123661637306
12435,0.004438823089003563
12438,0.020710377022624016
12441,0.022319450974464417
12444,0.03969995677471161
12447,0.00897972472012043
12450,0.024468068033456802
12453,0.010631064884364605
12456,0.021602701395750046
12459,0.00483627850189805
12462,0.04060419648885727
12465,0.003323292825371027
12468,0.011936641298234463
12471,0.04955996945500374
12474,0.007232191972434521
12477,0.00452563539147377
12480,0.0196077823638916
12483,0.00137412385083735
12486,0.0014554200461134315
12489,0.0022297496907413006
12492,0.0052359700202941895
12495,0.009236416779458523
12498,0.01202387548983097
12501,0.0052185398526489735
12504,0.017857467755675316
12507,0.00727995578199625
12510,0.022552020847797394
12513,0.005776848178356886
12516,0.0037082619965076447
12519,0.022228095680475235
12522,0.004666804801672697
12525,0.020913943648338318
12528,0.013486906886100769
12531,0.008225776255130768
12534,0.0088623883202672
12537,0.0015227425610646605
12540,0.0028635640628635883
12543,0.0029436317272484303
12546,0.004743175581097603
12549,0.004066490102559328
12552,0.05403687059879303
12555,0.011510281823575497
12558,0.010944455862045288
12561,0.03565741702914238
12564,0.011513153091073036
12567,0.003315250389277935
12570,0.0012653293088078499
12573,0.07022697478532791
12576,0.000889316201210022
12579,0.028287075459957123
12582,0.005232886876910925
12585,0.05546370893716812
12588,0.003686640877276659
12591,0.0060611916705966
12594,0.009838573634624481
12597,0.032542869448661804
12600,0.009600242599844933
12603,0.010420262813568115
12606,0.002857781248167157
12609,0.004028842784464359
12612,0.016444694250822067
12615,0.00483492249622941
12618,0.008790351450443268
12621,0.049487024545669556
12624,0.0612516812980175
12627,0.0027815490029752254
12630,0.011225974187254906
12633,0.0040905168280005455
12636,0.033123038709163666
12639,0.03493398800492287
12642,0.004852111451327801
12645,0.03175266459584236
12648,0.024656226858496666
12651,0.030772291123867035
12654,0.0019278025720268488
12657,0.024186966940760612
12660,0.03683459013700485
12663,0.018841460347175598
12666,0.004799391143023968
12669,0.023366354405879974
12672,0.053693417459726334
12675,0.007029495667666197
12678,0.00396623183041811
12681,0.049605198204517365
12684,0.009694215841591358
12687,0.0018396414816379547
12690,0.027025312185287476
12693,0.013067487627267838
12696,0.0014582283329218626
12699,0.010023997165262699
12702,0.02725387178361416
12705,0.04389875382184982
12708,0.006406986154615879
12711,0.01949608512222767
12714,0.009829617105424404
12717,0.004031316377222538
12720,0.012777039781212807
12723,0.007516036741435528
12726,0.03409866988658905
12729,0.004402605351060629
12732,0.0074135372415184975
12735,0.003369108773767948
12738,0.016837498173117638
12741,0.036068860441446304
12744,0.0057733324356377125
12747,0.04561522603034973
12750,0.015546105802059174
12753,0.04079943895339966
12756,0.0019493940053507686
12759,0.023944023996591568
12762,0.010832793079316616
12765,0.015299875289201736
12768,0.0031337235122919083
12771,0.018577663227915764
12774,0.002194578992202878
12777,0.009498145431280136
12780,0.007880043238401413
12783,0.005327225662767887
12786,0.02945851907134056
12789,0.014473428949713707
12792,0.007390022277832031
12795,0.0032758694142103195
12798,0.0017965309089049697
12801,0.005699506029486656
12804,0.0031171473674476147
12807,0.0014815839240327477
12810,0.0017878260696306825
12813,0.030560936778783798
12816,0.013608399778604507
12819,0.045170556753873825
12822,0.024252820760011673
12825,0.005752004217356443
12828,0.0009367313468828797
12831,0.0024506081826984882
12834,0.007513534277677536
12837,0.0027892007492482662
12840,0.0113761518150568
12843,0.0022973548620939255
12846,0.002159551717340946
12849,0.00336435716599226
12852,0.06792378425598145
12855,0.024914219975471497
12858,0.005127153359353542
12861,0.004598170518875122
12864,0.0016841805772855878
12867,0.0009626950486563146
12870,0.0036520808935165405
12873,0.003229694440960884
12876,0.0011665972415357828
12879,0.0008055309299379587
12882,0.0007756844279356301
12885,0.0011362461373209953
12888,0.0011976805981248617
12891,0.0010455053998157382
12894,0.0023056198842823505
12897,0.0005705351359210908
12900,0.0006639274070039392
12903,0.001977562438696623
12906,0.0004985168343409896
12909,0.0013139367802068591
12912,0.0020757156889885664
12915,0.0005094216903671622
12918,0.001024450408294797
12921,0.0010579378576949239
12924,0.0005044695571996272
12927,0.0007603690610267222
12930,0.0005124992458149791
12933,0.0003137883613817394
12936,0.0124913165345788
12939,0.00039517783443443477
12942,0.002430816413834691
12945,0.0015131414402276278
12948,0.01734938845038414
12951,0.0006658147322013974
12954,0.000880979176145047
12957,0.008066274225711823
12960,0.005986777134239674
12963,0.00046529227984137833
12966,0.0003733571502380073
12969,0.00047900754725560546
12972,0.0007599963573738933
12975,0.000532690726686269
12978,0.0007021579658612609
12981,0.001438949373550713
12984,0.0025612167082726955
12987,0.001150241238065064
12990,0.0013525381218641996
12993,0.005754625890403986
12996,0.027638474479317665
12999,0.03173156827688217
13002,0.02780810371041298
13005,0.004098675679415464
13008,0.01708204485476017
13011,0.037365708500146866
13014,0.0064790621399879456
13017,0.010266906581819057
13020,0.0012881853617727757
13023,0.021237008273601532
13026,0.0041764406487345695
13029,0.04643234983086586
13032,0.0034003034234046936
13035,0.0027008620090782642
13038,0.001566234277561307
13041,0.00946045108139515
13044,0.03621181100606918
13047,0.0025932660792022943
13050,0.007961134426295757
13053,0.02802005410194397
13056,0.0038736327551305294
13059,0.00338837131857872
13062,0.02306903898715973
13065,0.0028854897245764732
13068,0.03123796358704567
13071,0.032834243029356
13074,0.004863307345658541
13077,0.0530875101685524
13080,0.00597485713660717
13083,0.0026649495121091604
13086,0.022584060207009315
13089,0.10873301327228546
13092,0.011734003201127052
13095,0.0018767430447041988
13098,0.010319184511899948
13101,0.015420326963067055
13104,0.0053385221399366856
13107,0.004707910120487213
13110,0.0020129538606852293
13113,0.045586008578538895
13116,0.0019532563164830208
13119,0.008573026396334171
13122,0.013603316619992256
13125,0.004386957734823227
13128,0.0013673665234819055
13131,0.0022547300904989243
13134,0.025014128535985947
13137,0.0050788763910532
13140,0.014246306382119656
13143,0.038544267416000366
13146,0.003541146870702505
13149,0.0035857786424458027
13152,0.04397036135196686
13155,0.0035488491412252188
13158,0.011695620603859425
13161,0.013519557192921638
13164,0.00777018629014492
13167,0.011098675429821014
13170,0.0009029227076098323
13173,0.002396366558969021
13176,0.013411757536232471
13179,0.03954596817493439
13182,0.008553871884942055
13185,0.0037328810431063175
13188,0.009228536859154701
13191,0.006542841903865337
13194,0.01750696636736393
13197,0.0026838849298655987
13200,0.03619278594851494
13203,0.0061455294489860535
13206,0.004539706278592348
13209,0.006548114586621523
13212,0.0030595166608691216
13215,0.04502101615071297
13218,0.025168778374791145
13221,0.011583855375647545
13224,0.005300499964505434
13227,0.007859586738049984
13230,0.01765340380370617
13233,0.009689937345683575
13236,0.011812590062618256
13239,0.007581712212413549
13242,0.0035174249205738306
13245,0.0031036646105349064
13248,0.013128424063324928
13251,0.015371784567832947
13254,0.012132922187447548
13257,0.043125927448272705
13260,0.004886534996330738
13263,0.010741217993199825
13266,0.009236915037035942
13269,0.012497369199991226
13272,0.013531829230487347
13275,0.012412643060088158
13278,0.005479963030666113
13281,0.009304096922278404
13284,0.01676144450902939
13287,0.01275429967790842
13290,0.028541576117277145
13293,0.013925443403422832
13296,0.03979272395372391
13299,0.030576694756746292
13302,0.013671732507646084
13305,0.029888615012168884
13308,0.021856125444173813
13311,0.06768406927585602
13314,0.009782552719116211
13317,0.03662575036287308
13320,0.00460564810782671
13323,0.008647644892334938
13326,0.05211888998746872
13329,0.04868138208985329
13332,0.01065012812614441
13335,0.050752848386764526
13338,0.0235887560993433
13341,0.00565886776894331
13344,0.018373548984527588
13347,0.0095138568431139
13350,0.005432643461972475
13353,0.017541013658046722
13356,0.01053502969443798
13359,0.0030050280038267374
13362,0.004500283394008875
13365,0.04582759737968445
13368,0.005209246650338173
13371,0.009698173962533474
13374,0.005247905384749174
13377,0.02377272956073284
13380,0.018233269453048706
13383,0.015571650117635727
13386,0.00911371037364006
13389,0.07497750222682953
13392,0.005098272114992142
13395,0.009623604826629162
13398,0.014894189313054085
13401,0.005973790772259235
13404,0.0032991296611726284
13407,0.03297413885593414
13410,0.0023878002539277077
13413,0.004653288517147303
13416,0.010372455231845379
13419,0.031123116612434387
13422,0.004354881122708321
13425,0.005163852125406265
13428,0.006115755066275597
13431,0.010736406780779362
13434,0.002126169390976429
13437,0.0038674194365739822
13440,0.0013740751892328262
13443,0.05019542947411537
13446,0.008417351171374321
13449,0.025538943707942963
13452,0.04203301668167114
13455,0.01228947564959526
13458,0.025800278410315514
13461,0.0021047743503004313
13464,0.0024916846305131912
13467,0.008260047063231468
13470,0.003503870451822877
13473,0.012717882171273232
13476,0.014562197029590607
13479,0.004125463776290417
13482,0.001872554188594222
13485,0.0017711599357426167
13488,0.0017355496529489756
13491,0.007846998050808907
13494,0.0016011802945286036
13497,0.004131498280912638
13500,0.009385008364915848
13503,0.01715143956243992
13506,0.019057324156165123
13509,0.005462043918669224
13512,0.013036970049142838
13515,0.021887511014938354
13518,0.01693006046116352
13521,0.0031279604882001877
13524,0.008281447924673557
13527,0.008835283108055592
13530,0.0042835017666220665
13533,0.00340136606246233
13536,0.01943368837237358
13539,0.0102901142090559
13542,0.013567398302257061
13545,0.014741538092494011
13548,0.003961666952818632
13551,0.025911329314112663
13554,0.00476702768355608
13557,0.01821659691631794
13560,0.0024031251668930054
13563,0.002827476942911744
13566,0.00453115114942193
13569,0.01268821582198143
13572,0.0027008443139493465
13575,0.027720391750335693
13578,0.0016385563649237156
13581,0.005809613037854433
13584,0.007261137943714857
13587,0.06274204701185226
13590,0.02771574631333351
13593,0.0014995988458395004
13596,0.0019306321628391743
13599,0.0038492586463689804
13602,0.002336665987968445
13605,0.007558484096080065
13608,0.0039484696462750435
13611,0.004172906279563904
13614,0.005346278659999371
13617,0.008408811874687672
13620,0.003677475731819868
13623,0.02831440046429634
13626,0.0020018459763377905
13629,0.006593045312911272
13632,0.0038001700304448605
13635,0.01973174884915352
13638,0.025640413165092468
13641,0.009497396647930145
13644,0.013229908421635628
13647,0.013059216551482677
13650,0.03459164500236511
13653,0.025818638503551483
13656,0.03696323186159134
13659,0.022831663489341736
13662,0.011704359203577042
13665,0.02865550108253956
13668,0.012784185819327831
13671,0.025587251409888268
13674,0.013605648651719093
13677,0.016175836324691772
13680,0.006960554514080286
13683,0.006715418770909309
13686,0.01211139652878046
13689,0.012141085229814053
13692,0.004311508033424616
13695,0.0035150176845490932
13698,0.018540024757385254
13701,0.013262392953038216
13704,0.03898271173238754
13707,0.02348240092396736
13710,0.006741588935256004
13713,0.014296240173280239
13716,0.020711014047265053
13719,0.03384866937994957
13722,0.00646904157474637
13725,0.03685292601585388
13728,0.008044736459851265
13731,0.01144099235534668
13734,0.007982800714671612
13737,0.011021403595805168
13740,0.007496679667383432
13743,0.014879611320793629
13746,0.008150697685778141
13749,0.004817844368517399
13752,0.00864555686712265
13755,0.0077482955530285835
13758,0.019831206649541855
13761,0.03122740238904953
13764,0.005779190920293331
13767,0.003535281168296933
13770,0.034489959478378296
13773,0.008214212022721767
13776,0.0032418055925518274
13779,0.01167900487780571
13782,0.009939106181263924
13785,0.04429510608315468
13788,0.0048338682390749454
13791,0.0061745550483465195
13794,0.0028335447423160076
13797,0.004644508473575115
13800,0.027457866817712784
13803,0.0147903673350811
13806,0.007635186426341534
13809,0.0074671427719295025
13812,0.003030061721801758
13815,0.0028565325774252415
13818,0.00605137599632144
13821,0.012222322635352612
13824,0.007054407615214586
13827,0.0020177094265818596
13830,0.002707693725824356
13833,0.002934286603704095
13836,0.008426371961832047
13839,0.01535620354115963
13842,0.012144026346504688
13845,0.034970566630363464
13848,0.0018359831301495433
13851,0.05359711870551109
13854,0.05820884555578232
13857,0.0018743380205705762
13860,0.0018771130125969648
13863,0.0015553990378975868
13866,0.0061363657005131245
13869,0.005563552025705576
13872,0.009366936981678009
13875,0.004191750660538673
13878,0.00848377775400877
13881,0.008608605712652206
13884,0.03935898095369339
13887,0.002867824397981167
13890,0.0012439650017768145
13893,0.002145538106560707
13896,0.001167702255770564
13899,0.0025165718980133533
13902,0.0016899137990549207
13905,0.002212825696915388
13908,0.007754388265311718
13911,0.015878131613135338
13914,0.07247953116893768
13917,0.0017105147708207369
13920,0.0030370454769581556
13923,0.005231676157563925
13926,0.0016732064541429281
13929,0.0018876352114602923
13932,0.02244749665260315
13935,0.001163778710179031
13938,0.0014388380805030465
13941,0.0045312754809856415
13944,0.0047510056756436825
13947,0.015436442568898201
13950,0.013275091536343098
13953,0.0015362780541181564
13956,0.006473524961620569
13959,0.017982255667448044
13962,0.0013926883693784475
13965,0.01067006029188633
13968,0.004265336319804192
13971,0.0016422707121819258
13974,0.0008961567655205727
13977,0.0501391775906086
13980,0.03985161334276199
13983,0.012169121764600277
13986,0.004586182534694672
13989,0.0017013454344123602
13992,0.06712736189365387
13995,0.002222434850409627
13998,0.004201643168926239
14001,0.003762087319046259
14004,0.0018393337959423661
14007,0.03326678276062012
14010,0.0014308454701676965
14013,0.018363434821367264
14016,0.0017536922823637724
14019,0.0017347485991194844
14022,0.003226027125492692
14025,0.001699491636827588
14028,0.0024819262325763702
14031,0.0008776475442573428
14034,0.0019226768054068089
14037,0.0009143309434875846
14040,0.01935269683599472
14043,0.0010251092026010156
14046,0.0022132827434688807
14049,0.002410514047369361
14052,0.0012889225035905838
14055,0.01815899834036827
14058,0.0021318430081009865
14061,0.0011650386732071638
14064,0.0011749421246349812
14067,0.002403853228315711
14070,0.0011271238327026367
14073,0.0030017048120498657
14076,0.0013908359687775373
14079,0.0014762778300791979
14082,0.000669248984195292
14085,0.0019315986428409815
14088,0.0007742950692772865
14091,0.0006780148250982165
14094,0.0010908350814133883
14097,0.017283016815781593
14100,0.0006571689154952765
14103,0.0006101718172430992
14106,0.0008002864196896553
14109,0.02978396788239479
14112,0.0011673737317323685
14115,0.0011811928125098348
14118,0.0021524070762097836
14121,0.0023337872698903084
14124,0.0017467050347477198
14127,0.0011030815076082945
14130,0.001051536644808948
14133,0.009016835130751133
14136,0.006465332116931677
14139,0.0013133964966982603
14142,0.0018235215684399009
14145,0.001016533118672669
14148,0.001143585774116218
14151,0.0038942904211580753
14154,0.0027968892827630043
14157,0.003141057211905718
14160,0.0024050557985901833
14163,0.003957374487072229
14166,0.0016549446154385805
14169,0.0019026233348995447
14172,0.0016632460756227374
14175,0.0005467278533615172
14178,0.00364189432002604
14181,0.011629289016127586
14184,0.001106706215068698
14187,0.0021707522682845592
14190,0.018677711486816406
14193,0.02930644154548645
14196,0.0019581576343625784
14199,0.0023316405713558197
14202,0.0006938004516996443
14205,0.01835508458316326
14208,0.020873408764600754
14211,0.0024401159025728703
14214,0.010333290323615074
14217,0.0395142138004303
14220,0.003289060201495886
14223,0.0012777785304933786
14226,0.026689903810620308
14229,0.004345227964222431
14232,0.042571790516376495
14235,0.010003602132201195
14238,0.0006790617480874062
14241,0.0027501829899847507
14244,0.016450725495815277
14247,0.009165579453110695
14250,0.011789562180638313
14253,0.0018220575293526053
14256,0.001907581347040832
14259,0.009342487901449203
14262,0.00360956322401762
14265,0.0025951662100851536
14268,0.0032123764976859093
14271,0.0072707124054431915
14274,0.004243513569235802
14277,0.002337442245334387
14280,0.002297776285558939
14283,0.019360914826393127
14286,0.017631778493523598
14289,0.003772373776882887
14292,0.008138411678373814
14295,0.009941307827830315
14298,0.020366722717881203
14301,0.0016272773500531912
14304,0.017026610672473907
14307,0.002233631443232298
14310,0.02969088777899742
14313,0.004704575054347515
14316,0.002445406746119261
14319,0.0015843630535528064
14322,0.0026981583796441555
14325,0.002118902513757348
14328,0.007059388794004917
14331,0.004517323337495327
14334,0.002510781865566969
14337,0.013220338150858879
14340,0.00315478490665555
14343,0.02231438457965851
14346,0.08607128262519836
14349,0.019171196967363358
14352,0.03631041198968887
14355,0.044938914477825165
14358,0.06319034099578857
14361,0.03768037632107735
14364,0.05342034995555878
14367,0.01677113026380539
14370,0.02156905084848404
14373,0.012440430000424385
14376,0.01799904741346836
14379,0.015559145249426365
14382,0.03853156417608261
14385,0.022609606385231018
14388,0.03785637766122818
14391,0.014729008078575134
14394,0.03467140346765518
14397,0.007521236781030893
14400,0.0013324470492079854
14403,0.004574423190206289
14406,0.03820965811610222
14409,0.007608152460306883
14412,0.003979180008172989
14415,0.0018718572100624442
14418,0.022233301773667336
14421,0.021928910166025162
14424,0.012647691182792187
14427,0.002308562397956848
14430,0.026031531393527985
14433,0.001831919071264565
14436,0.006319975480437279
14439,0.01641477271914482
14442,0.001541241304948926
14445,0.0038850251585245132
14448,0.0019605502020567656
14451,0.0014027867000550032
14454,0.003886230755597353
14457,0.0014859690563753247
14460,0.03236934542655945
14463,0.0016041591297835112
14466,0.0032816040329635143
14469,0.003205574117600918
14472,0.0026010717265307903
14475,0.0013977553462609649
14478,0.001573180896230042
14481,0.0029146643355488777
14484,0.001930312137119472
14487,0.03787339851260185
14490,0.0009848556946963072
14493,0.00641946867108345
14496,0.002618117956444621
14499,0.0014653470134362578
14502,0.0029176080133765936
14505,0.004227183759212494
14508,0.0012220580829307437
14511,0.0019760453142225742
14514,0.0021369538735598326
14517,0.0028926366940140724
14520,0.03225294500589371
14523,0.0009740852983668447
14526,0.026627087965607643
14529,0.013780249282717705
14532,0.007546835578978062
14535,0.02391989156603813
14538,0.05080540478229523
14541,0.0021308246068656445
14544,0.012464233674108982
14547,0.013409914448857307
14550,0.007646440528333187
14553,0.01502153743058443
14556,0.03305118530988693
14559,0.0036226988304406404
14562,0.007897594012320042
14565,0.025089478120207787
14568,0.03237748146057129
14571,0.005191485397517681
14574,0.011245990172028542
14577,0.017248140648007393
14580,0.024643614888191223
14583,0.028040139004588127
14586,0.0033163647167384624
14589,0.002711355220526457
14592,0.0031031088437885046
14595,0.004502680152654648
14598,0.06844975054264069
14601,0.04102269932627678
14604,0.061094366014003754
14607,0.047365255653858185
14610,0.0082782544195652
14613,0.006529747974127531
14616,0.0406126007437706
14619,0.01540871150791645
14622,0.008229230530560017
14625,0.03752940148115158
14628,0.0021652868017554283
14631,0.006963802967220545
14634,0.010430940426886082
14637,0.0020049745216965675
14640,0.007735212333500385
14643,0.0023331306874752045
14646,0.003150335978716612
14649,0.0259866863489151
14652,0.003195039462298155
14655,0.0707806795835495
14658,0.03102046251296997
14661,0.011599691584706306
14664,0.012433890253305435
14667,0.020328763872385025
14670,0.06515733152627945
14673,0.05738239735364914
14676,0.015694625675678253
14679,0.006166073493659496
14682,0.01783091388642788
14685,0.04183276370167732
14688,0.007927289232611656
14691,0.00817481055855751
14694,0.02534853294491768
14697,0.024532616138458252
14700,0.010505786165595055
14703,0.05317104235291481
14706,0.05000608041882515
14709,0.061862438917160034
14712,0.0704863891005516
14715,0.03287404403090477
14718,0.010518897324800491
14721,0.013736716471612453
14724,0.025024212896823883
14727,0.05096420645713806
14730,0.005147825460880995
14733,0.0036457765381783247
14736,0.041114576160907745
14739,0.009780078195035458
14742,0.005279477685689926
14745,0.014493576250970364
14748,0.05228637158870697
14751,0.003699856111779809
14754,0.011808298528194427
14757,0.023459285497665405
14760,0.004581178072839975
14763,0.022942356765270233
14766,0.005992185324430466
14769,0.002255945233628154
14772,0.0046638185158371925
14775,0.02322646975517273
14778,0.008060721680521965
14781,0.020474735647439957
14784,0.053451988846063614
14787,0.0009613086585886776
14790,0.0262967050075531
14793,0.003787548281252384
14796,0.0030424620490521193
14799,0.0023619760759174824
14802,0.0019979875069111586
14805,0.005701083689928055
14808,0.006359191611409187
14811,0.08205108344554901
14814,0.012810765765607357
14817,0.0041198390536010265
14820,0.0026902412064373493
14823,0.003111555241048336
14826,0.023516880348324776
14829,0.003673214465379715
14832,0.0278464388102293
14835,0.016754066571593285
14838,0.004142678342759609
14841,0.010982188396155834
14844,0.03593539819121361
14847,0.0022105735260993242
14850,0.04364451766014099
14853,0.00583275593817234
14856,0.026227882131934166
14859,0.003281933721154928
14862,0.026656318455934525
14865,0.02464113011956215
14868,0.03557710722088814
14871,0.007846870459616184
14874,0.03819653019309044
14877,0.0021404530853033066
14880,0.014596350491046906
14883,0.00195893133059144
14886,0.03990292549133301
14889,0.006548235658556223
14892,0.0015691232401877642
14895,0.014006145298480988
14898,0.0029648838099092245
14901,0.007729948498308659
14904,0.0031455194111913443
14907,0.002190395724028349
14910,0.026297271251678467
14913,0.002506071701645851
14916,0.005633911583572626
14919,0.003040112555027008
14922,0.010042528621852398
14925,0.009445998817682266
14928,0.010037261061370373
14931,0.03658231720328331
14934,0.022589843720197678
14937,0.020956870168447495
14940,0.010912732221186161
14943,0.025904301553964615
14946,0.023875921964645386
14949,0.00771687738597393
14952,0.013547475449740887
14955,0.005254537798464298
14958,0.00257104285992682
14961,0.009099891409277916
14964,0.017214152961969376
14967,0.0037502762861549854
14970,0.008099802769720554
14973,0.004221754148602486
14976,0.01998087204992771
14979,0.0026776627637445927
14982,0.0017837511841207743
14985,0.001096595311537385
14988,0.009934128262102604
14991,0.0037521757185459137
14994,0.0032173204235732555
14997,0.03248830512166023
15000,0.0018774480558931828
15003,0.005752498749643564
15006,0.028690751641988754
15009,0.0022933438885957003
15012,0.005169569049030542
15015,0.023895569145679474
15018,0.0014780187048017979
15021,0.026800917461514473
15024,0.0018772732000797987
15027,0.040922410786151886
15030,0.0028940290212631226
15033,0.010760287754237652
15036,0.005510259419679642
15039,0.009290676563978195
15042,0.01256660744547844
15045,0.0107831209897995
15048,0.010842387564480305
15051,0.003829359542578459
15054,0.06994373351335526
15057,0.008329104632139206
15060,0.008953019976615906
15063,0.0025947880931198597
15066,0.017015475779771805
15069,0.018572473898530006
15072,0.016909098252654076
15075,0.0018966194475069642
15078,0.02031460776925087
15081,0.011278854683041573
15084,0.003208441659808159
15087,0.02670128084719181
15090,0.023616638034582138
15093,0.005318415816873312
15096,0.003912947606295347
15099,0.01988021843135357
15102,0.004473733715713024
15105,0.0016951420111581683
15108,0.05103544890880585
15111,0.004947435110807419
15114,0.0019514972809702158
15117,0.005090313032269478
15120,0.004229799844324589
15123,0.018147924914956093
15126,0.0021203646901994944
15129,0.06716137379407883
15132,0.002931227907538414
15135,0.0015645065577700734
15138,0.028311342000961304
15141,0.035455286502838135
15144,0.006026851944625378
15147,0.0026894209440797567
15150,0.0035401126369833946
15153,0.0067584700882434845
15156,0.0025672095362097025
15159,0.0032347901724278927
15162,0.002617888618260622
15165,0.0031745443120598793
15168,0.03384407237172127
15171,0.02661116234958172
15174,0.020736820995807648
15177,0.013641749508678913
15180,0.005442941561341286
15183,0.0031324068550020456
15186,0.003438059939071536
15189,0.0052893697284162045
15192,0.036137718707323074
15195,0.006004601716995239
15198,0.011582672595977783
15201,0.0063143204897642136
15204,0.004336787387728691
15207,0.01552688516676426
15210,0.0016199087258428335
15213,0.008705414831638336
15216,0.003459080122411251
15219,0.0009930116357281804
15222,0.0009574986761435866
15225,0.013899429701268673
15228,0.0037517400924116373
15231,0.037088196724653244
15234,0.005511132534593344
15237,0.0029731490649282932
15240,0.0076750703155994415
15243,0.002791025908663869
15246,0.002189488848671317
15249,0.002139250049367547
15252,0.020092997699975967
15255,0.008492089807987213
15258,0.002982483711093664
15261,0.03741462528705597
15264,0.006396382115781307
15267,0.003349608974531293
15270,0.006710827350616455
15273,0.012884003110229969
15276,0.009321048855781555
15279,0.005218349397182465
15282,0.009771172888576984
15285,0.0031485282815992832
15288,0.0022061397321522236
15291,0.015229882672429085
15294,0.0036888020113110542
15297,0.019493043422698975
15300,0.03331446647644043
15303,0.0018852921202778816
15306,0.002347721718251705
15309,0.000981595367193222
15312,0.003358710091561079
15315,0.006208543665707111
15318,0.02177722193300724
15321,0.010149728506803513
15324,0.0009337155497632921
15327,0.003961690701544285
15330,0.001000560587272048
15333,0.001016260008327663
15336,0.0011627778876572847
15339,0.005367674864828587
15342,0.002413876121863723
15345,0.011601049453020096
15348,0.023230792954564095
15351,0.004791800864040852
15354,0.0013888978864997625
15357,0.0024154838174581528
15360,0.0038851008284837008
15363,0.0009393929503858089
15366,0.000777181820012629
15369,0.0005392481107264757
15372,0.004060187377035618
15375,0.0009031608933582902
15378,0.0029747611843049526
15381,0.0007556031923741102
15384,0.001091808546334505
15387,0.0028664523269981146
15390,0.001810356741771102
15393,0.0009401110000908375
15396,0.0023814383894205093
15399,0.0005760419880971313
15402,0.0007027522078715265
15405,0.0006193036679178476
15408,0.004108314402401447
15411,0.00039374790503643453
15414,0.00044665945461019874
15417,0.0007510353461839259
15420,0.0004054467426612973
15423,0.0006165143568068743
15426,0.004267361015081406
15429,0.01834416761994362
15432,0.0005450198659673333
15435,0.0007144150440581143
15438,0.002175390487536788
15441,0.0005100764683447778
15444,0.000568989897146821
15447,0.0014567627804353833
15450,0.0044873543083667755
15453,0.04202549159526825
15456,0.0019194341730326414
15459,0.0023725556675344706
15462,0.0017638158751651645
15465,0.0006694716867059469
15468,0.019544299691915512
15471,0.0012962580658495426
15474,0.00041078717913478613
15477,0.0077185919508337975
15480,0.0021686265245079994
15483,0.02678936906158924
15486,0.011892360635101795
15489,0.002702038735151291
15492,0.001344879623502493
15495,0.03909372538328171
15498,0.03559669852256775
15501,0.0017320365877822042
15504,0.003836310002952814
15507,0.04821833223104477
15510,0.03641233593225479
15513,0.008179082535207272
15516,0.0064261797815561295
15519,0.044549643993377686
15522,0.0015695072943344712
15525,0.006365471985191107
15528,0.006962220184504986
15531,0.0009677553316578269
15534,0.006579754874110222
15537,0.0019331505754962564
15540,0.014183463528752327
15543,0.0385296605527401
15546,0.027645591646432877
15549,0.008027371019124985
15552,0.022904736921191216
15555,0.036541908979415894
15558,0.003948962315917015
15561,0.01893865317106247
15564,0.010091152042150497
15567,0.04357774183154106
15570,0.04181317612528801
15573,0.011869644746184349
15576,0.059492044150829315
15579,0.003670796286314726
15582,0.05389967933297157
15585,0.019268935546278954
15588,0.01441134512424469
15591,0.010991420596837997
15594,0.038164325058460236
15597,0.016858916729688644
15600,0.02395121194422245
15603,0.02136591635644436
15606,0.021783404052257538
15609,0.007340559735894203
15612,0.056920282542705536
15615,0.01013076864182949
15618,0.0011161896400153637
15621,0.0041907792910933495
15624,0.002625016961246729
15627,0.004106060601770878
15630,0.0041522616520524025
15633,0.01667339727282524
15636,0.004941882565617561
15639,0.01075595524162054
15642,0.005590516142547131
15645,0.007167736068367958
15648,0.007159549742937088
15651,0.03525238856673241
15654,0.016116853803396225
15657,0.006299146451056004
15660,0.0020080721005797386
15663,0.00517780426889658
15666,0.0029055888298898935
15669,0.0029764235951006413
15672,0.022993912920355797
15675,0.034389395266771317
15678,0.0035361710470169783
15681,0.0033773058094084263
15684,0.007089989259839058
15687,0.001422247150912881
15690,0.019975967705249786
15693,0.04967755451798439
15696,0.013930863700807095
15699,0.003863079473376274
15702,0.019121047109365463
15705,0.005904666148126125
15708,0.0019884672947227955
15711,0.00184355559758842
15714,0.014947221614420414
15717,0.00828802864998579
15720,0.0027637816965579987
15723,0.0012872838415205479
15726,0.0016276423120871186
15729,0.002888966351747513
15732,0.003119494067505002
15735,0.021619725972414017
15738,0.0013803996844217181
15741,0.014166898094117641
15744,0.02917119860649109
15747,0.005213238764554262
15750,0.03973031044006348
15753,0.0023040759842842817
15756,0.011266607791185379
15759,0.002697630086913705
15762,0.011588781140744686
15765,0.005789983086287975
15768,0.0008897545048967004
15771,0.016460176557302475
15774,0.0020669647492468357
15777,0.0008790275896899402
15780,0.012701019644737244
15783,0.002818930661305785
15786,0.005461507476866245
15789,0.023096343502402306
15792,0.0009222300723195076
15795,0.014627264812588692
15798,0.013307216577231884
15801,0.01560132298618555
15804,0.03915763646364212
15807,0.03566115349531174
15810,0.008822787553071976
15813,0.017019007354974747
15816,0.04891502112150192
15819,0.020003769546747208
15822,0.005165590904653072
15825,0.022166091948747635
15828,0.01581176370382309
15831,0.0056846411898732185
15834,0.010367629118263721
15837,0.019364021718502045
15840,0.0034288351889699697
15843,0.0023402487859129906
15846,0.0013658774551004171
15849,0.029780883342027664
15852,0.004341321066021919
15855,0.0029952898621559143
15858,0.008487818762660027
15861,0.0032734829001128674
15864,0.0035233511589467525
15867,0.039962008595466614
15870,0.0061507257632911205
15873,0.11999247223138809
15876,0.03802553936839104
15879,0.018865596503019333
15882,0.030772995203733444
15885,0.01710718870162964
15888,0.020623693242669106
15891,0.046058058738708496
15894,0.04859869182109833
15897,0.010218598879873753
15900,0.005398950073868036
15903,0.0072198123671114445
15906,0.0017159036360681057
15909,0.03499113768339157
15912,0.00326101528480649
15915,0.010006753727793694
15918,0.03240855038166046
15921,0.009820614010095596
15924,0.011398756876587868
15927,0.04717884957790375
15930,0.03899407386779785
15933,0.027284473180770874
15936,0.004085770342499018
15939,0.003127071540802717
15942,0.003986739553511143
15945,0.002638009609654546
15948,0.011616060510277748
15951,0.005939281079918146
15954,0.027837004512548447
15957,0.007194737438112497
15960,0.03591537848114967
15963,0.018815472722053528
15966,0.008568831719458103
15969,0.0103603545576334
15972,0.024858767166733742
15975,0.00594264455139637
15978,0.0048830630257725716
15981,0.0033720554783940315
15984,0.014232911169528961
15987,0.039078325033187866
15990,0.004171153996139765
15993,0.0067761982791125774
15996,0.003288674633949995
15999,0.02845994383096695
16002,0.003952390514314175
16005,0.03149159997701645
16008,0.023754378780722618
16011,0.0028035163413733244
16014,0.0732513889670372
16017,0.05326439067721367
16020,0.009060636162757874
16023,0.018375683575868607
16026,0.0027476223185658455
16029,0.04741675406694412
16032,0.004082882776856422
16035,0.0030154529958963394
16038,0.03262915834784508
16041,0.003307803999632597
16044,0.0037705267313867807
16047,0.054442357271909714
16050,0.014156896620988846
16053,0.0034308694303035736
16056,0.014248442836105824
16059,0.005917737260460854
16062,0.00976327434182167
16065,0.01479400135576725
16068,0.00477505661547184
16071,0.01746966503560543
16074,0.018917005509138107
16077,0.07207561284303665
16080,0.007805166766047478
16083,0.008989663794636726
16086,0.04222974181175232
16089,0.011620713397860527
16092,0.0066963061690330505
16095,0.013365252874791622
16098,0.10882522165775299
16101,0.022346224635839462
16104,0.016460701823234558
16107,0.02212231606245041
16110,0.0030776597559452057
16113,0.008641889318823814
16116,0.023511119186878204
16119,0.01446802169084549
16122,0.004608328454196453
16125,0.004168607294559479
16128,0.023321904242038727
16131,0.011280891485512257
16134,0.0546911396086216
16137,0.006836221553385258
16140,0.002617407590150833
16143,0.012717870995402336
16146,0.0025963331572711468
16149,0.00248565711081028
16152,0.0016647237353026867
16155,0.0016885848017409444
16158,0.016415994614362717
16161,0.0023234356194734573
16164,0.002709986176341772
16167,0.001990995602682233
16170,0.03959720581769943
16173,0.004760393872857094
16176,0.0018668650882318616
16179,0.00442118477076292
16182,0.0025856932625174522
16185,0.0361737385392189
16188,0.0025638556107878685
16191,0.001344008487649262
16194,0.03843512758612633
16197,0.014781750738620758
16200,0.02081882581114769
16203,0.002564456081017852
16206,0.0038784414064139128
16209,0.004373597912490368
16212,0.013609364628791809
16215,0.029822150245308876
16218,0.032226938754320145
16221,0.023952046409249306
16224,0.009610528126358986
16227,0.0015220459317788482
16230,0.013534924946725368
16233,0.004572051111608744
16236,0.002388067077845335
16239,0.016235949471592903
16242,0.01880505681037903
16245,0.026277728378772736
16248,0.007191072218120098
16251,0.006165041122585535
16254,0.010565778240561485
16257,0.0008936218800954521
16260,0.002868321491405368
16263,0.0017745046643540263
16266,0.005434030666947365
16269,0.007020876742899418
16272,0.006898805499076843
16275,0.0012239543721079826
16278,0.0022013946436345577
16281,0.01081300713121891
16284,0.005430514924228191
16287,0.02046569064259529
16290,0.003037228947505355
16293,0.002552560530602932
16296,0.020025718957185745
16299,0.030267318710684776
16302,0.00422682985663414
16305,0.027438033372163773
16308,0.015884850174188614
16311,0.0030131821986287832
16314,0.005256341770291328
16317,0.0424603670835495
16320,0.006944399327039719
16323,0.029062746092677116
16326,0.012554675340652466
16329,0.0189961064606905
16332,0.007717634551227093
16335,0.011932553723454475
16338,0.026941420510411263
16341,0.03816935047507286
16344,0.006785787642002106
16347,0.01003302913159132
16350,0.04946887865662575
16353,0.007346367463469505
16356,0.01597229763865471
16359,0.00799969770014286
16362,0.041818782687187195
16365,0.0027586573269218206
16368,0.008823005482554436
16371,0.005744664929807186
16374,0.03689377009868622
16377,0.025411060079932213
16380,0.012269326485693455
16383,0.020179085433483124
16386,0.0735771507024765
16389,0.05143029987812042
16392,0.01480775885283947
16395,0.02336764521896839
16398,0.004719837568700314
16401,0.04097745940089226
16404,0.009769459255039692
16407,0.020663637667894363
16410,0.06485597789287567
16413,0.0024657470639795065
16416,0.039222776889801025
16419,0.028315119445323944
16422,0.02313528209924698
16425,0.0119257103651762
16428,0.04897399991750717
16431,0.010246293619275093
16434,0.0038131314795464277
16437,0.01571870781481266
16440,0.031532566994428635
16443,0.030949583277106285
16446,0.03157622367143631
16449,0.006941906176507473
16452,0.008641090244054794
16455,0.0497298501431942
16458,0.011700734496116638
16461,0.035693079233169556
16464,0.010556550696492195
16467,0.03234047442674637
16470,0.04423012584447861
16473,0.023201970383524895
16476,0.008857352659106255
16479,0.007872503250837326
16482,0.009493758901953697
16485,0.0062615638598799706
16488,0.00651573808863759
16491,0.011272045783698559
16494,0.005182354245334864
16497,0.005900192074477673
16500,0.010033151134848595
16503,0.0035280873998999596
16506,0.008959248661994934
16509,0.003553475486114621
16512,0.0014127049362286925
16515,0.002425174228847027
16518,0.0010223833378404379
16521,0.0011061052791774273
16524,0.000990943401120603
16527,0.0010405746288597584
16530,0.0008535234956070781
16533,0.0008773481240496039
16536,0.0011532423086464405
16539,0.0019372942624613643
16542,0.0009211670258082449
16545,0.0005270441761240363
16548,0.0015935255214571953
16551,0.0004594735219143331
16554,0.0006837042164988816
16557,0.0009315770003013313
16560,0.0024947565980255604
16563,0.0008960497216321528
16566,0.0022340496070683002
16569,0.0018881808500736952
16572,0.0011152320075780153
16575,0.0013311681104823947
16578,0.0015500746667385101
16581,0.004333592485636473
16584,0.0009367532329633832
16587,0.0012034925166517496
16590,0.0011085873702540994
16593,0.008976311422884464
16596,0.0007261213613674045
16599,0.020274026319384575
16602,0.00022473817807622254
16605,0.001641406794078648
16608,0.0009299680823460221
16611,0.041483547538518906
16614,0.005573614500463009
16617,0.0091635063290596
16620,0.000791219063103199
16623,0.00319213280454278
16626,0.0006908794748596847
16629,0.0008707459783181548
16632,0.034719936549663544
16635,0.02120259590446949
16638,0.0022331909276545048
16641,0.0007169136661104858
16644,0.0030802020337432623
16647,0.04870714992284775
16650,0.00024963042233139277
16653,0.005664986092597246
16656,0.009832839481532574
16659,0.0009788160677999258
16662,0.0021485816687345505
16665,0.0356244333088398
16668,0.002182998461648822
16671,0.0021485527977347374
16674,0.000652108050417155
16677,0.009192153811454773
16680,0.004285430535674095
16683,0.005254702642560005
16686,0.004357386380434036
16689,0.017910130321979523
16692,0.021064821630716324
16695,0.006096609868109226
16698,0.0034403475001454353
16701,0.027441324666142464
16704,0.030313601717352867
16707,0.0005051771295256913
16710,0.050406329333782196
16713,0.001499644829891622
16716,0.001806202344596386
16719,0.002756466157734394
16722,0.0005360406939871609
16725,0.00046998815378174186
16728,0.034361813217401505
16731,0.017390456050634384
16734,0.0008094916702248156
16737,0.01350165344774723
16740,0.0005061490228399634
16743,0.0006969368550926447
16746,0.0022122315131127834
16749,0.0005255034193396568
16752,0.00939504150301218
16755,0.001087201526388526
16758,0.0287772286683321
16761,0.004086254630237818
16764,0.00923400092869997
16767,0.013014920987188816
16770,0.0007021771743893623
16773,0.0014244603225961328
16776,0.015052800066769123
16779,0.00783576536923647
16782,0.0023696916177868843
16785,0.018517788499593735
16788,0.0019958827178925276
16791,0.008536320179700851
16794,0.0020574163645505905
16797,0.013281485065817833
16800,0.0018207645043730736
16803,0.0005483863642439246
16806,0.0012248404091224074
16809,0.0008381222723983228
16812,0.012132090516388416
16815,0.018486492335796356
16818,0.00189883541315794
16821,0.001973554026335478
16824,0.0032535302452743053
16827,0.005846600979566574
16830,0.014087248593568802
16833,0.003935885615646839
16836,0.004358234815299511
16839,0.0020581961143761873
16842,0.002211953280493617
16845,0.016814982518553734
16848,0.0009024003520607948
16851,0.0070571452379226685
16854,0.002243290189653635
16857,0.0062057627364993095
16860,0.036885060369968414
16863,0.0009986708173528314
16866,0.00282498262822628
16869,0.0018219167832285166
16872,0.001458215992897749
16875,0.0066294800490140915
16878,0.003254496492445469
16881,0.005670368205755949
16884,0.0012296466156840324
16887,0.001004486228339374
16890,0.03910012170672417
16893,0.003174824872985482
16896,0.0007893870933912694
16899,0.0376991406083107
16902,0.011422315612435341
16905,0.002023952314630151
16908,0.0014105732552707195
16911,0.000653911498375237
16914,0.0019512074068188667
16917,0.001320628565736115
16920,0.0024650385603308678
16923,0.009340280666947365
16926,0.0008051866898313165
16929,0.003106877440586686
16932,0.0033881023991853
16935,0.0009325590217486024
16938,0.0007828647503629327
16941,0.0006338409730233252
16944,0.0006220043869689107
16947,0.0006985377985984087
16950,0.014557364396750927
16953,0.0007722531445324421
16956,0.0018925757613033056
16959,0.007645798847079277
16962,0.005061294883489609
16965,0.01610962115228176
16968,0.004275963641703129
16971,0.04071889445185661
16974,0.001659618690609932
16977,0.06793409585952759
16980,0.042975571006536484
16983,0.002404071856290102
16986,0.0327971912920475
16989,0.006288302130997181
16992,0.017756188288331032
16995,0.005824039224535227
16998,0.0018850183114409447
17001,0.0024949372746050358
17004,0.0010529696010053158
17007,0.005831208545714617
17010,0.003551536239683628
17013,0.008484991267323494
17016,0.004682689905166626
17019,0.016927216202020645
17022,0.001365934032946825
17025,0.0025088880211114883
17028,0.0005811284063383937
17031,0.0005726004019379616
17034,0.0008063463028520346
17037,0.001085340278223157
17040,0.0035403012298047543
17043,0.007709268480539322
17046,0.002085787942633033
17049,0.0012340664397925138
17052,0.0016041954513639212
17055,0.0013364845653995872
17058,0.004819212481379509
17061,0.0012050133664160967
17064,0.0005200770683586597
17067,0.000617374898865819
17070,0.0014752830611541867
17073,0.0029394449666142464
17076,0.0011395517503842711
17079,0.0006858833367004991
17082,0.0019285756861791015
17085,0.0009357587550766766
17088,0.008544620126485825
17091,0.03293215483427048
17094,0.03716433420777321
17097,0.001976607833057642
17100,0.0011087056482210755
17103,0.009687353856861591
17106,0.0021316674537956715
17109,0.04238402470946312
17112,0.001738931518048048
17115,0.08572555333375931
17118,0.020798319950699806
17121,0.005472715012729168
17124,0.0030599096789956093
17127,0.02289608307182789
17130,0.03522094711661339
17133,0.009917671792209148
17136,0.006751051172614098
17139,0.007653680630028248
17142,0.0016692235367372632
17145,0.002603062428534031
17148,0.002063194988295436
17151,0.026725035160779953
17154,0.001123683643527329
17157,0.0067637041211128235
17160,0.0018560645403340459
17163,0.04034438356757164
17166,0.0046837106347084045
17169,0.028981229290366173
17172,0.0016408893279731274
17175,0.043066300451755524
17178,0.00990347284823656
17181,0.03138158097863197
17184,0.016423674300312996
17187,0.011893490329384804
17190,0.003542613238096237
17193,0.005974863655865192
17196,0.002193717285990715
17199,0.006760675925761461
17202,0.01839601621031761
17205,0.01197989284992218
17208,0.031234264373779297
17211,0.004085191059857607
17214,0.020208336412906647
17217,0.008926335722208023
17220,0.03026493452489376
17223,0.0039415908977389336
17226,0.027171866968274117
17229,0.009369736537337303
17232,0.0027672434225678444
17235,0.010556003078818321
17238,0.007331893313676119
17241,0.00881959404796362
17244,0.03821510821580887
17247,0.02741990052163601
17250,0.004368969239294529
17253,0.0035192067734897137
17256,0.029948828741908073
17259,0.01502622663974762
17262,0.009362690150737762
17265,0.016620248556137085
17268,0.038528598845005035
17271,0.011070205830037594
17274,0.00322858733125031
17277,0.003483331762254238
17280,0.025110594928264618
17283,0.0036785497795790434
17286,0.002682196442037821
17289,0.021030202507972717
17292,0.02354908175766468
17295,0.009812797419726849
17298,0.022372523322701454
17301,0.02621438167989254
17304,0.006727593019604683
17307,0.02490188553929329
17310,0.004172758664935827
17313,0.006090694107115269
17316,0.003048151032999158
17319,0.0015968524385243654
17322,0.007682375144213438
17325,0.004947106819599867
17328,0.007768705021589994
17331,0.032866377383470535
17334,0.0041166311129927635
17337,0.0010577589273452759
17340,0.0025063450448215008
17343,0.008720828220248222
17346,0.0032160021364688873
17349,0.0034723314456641674
17352,0.004222375340759754
17355,0.00529592065140605
17358,0.0036862799897789955
17361,0.009459635242819786
17364,0.003895874135196209
17367,0.036703433841466904
17370,0.030626237392425537
17373,0.003772096475586295
17376,0.0015253161545842886
17379,0.0021691638976335526
17382,0.0012124922359362245
17385,0.032430343329906464
17388,0.008716297335922718
17391,0.006789247039705515
17394,0.006589751690626144
17397,0.01650289259850979
17400,0.0009705498232506216
17403,0.00339863495901227
17406,0.018303822726011276
17409,0.013390031643211842
17412,0.012812258675694466
17415,0.03973854333162308
17418,0.005122608505189419
17421,0.06944125890731812
17424,0.04694889485836029
17427,0.0026139821857213974
17430,0.006808131001889706
17433,0.005681161768734455
17436,0.05400487408041954
17439,0.01800200156867504
17442,0.037720248103141785
17445,0.006200853269547224
17448,0.005309826694428921
17451,0.03685189411044121
17454,0.033431705087423325
17457,0.013795323669910431
17460,0.004581984132528305
17463,0.013748930767178535
17466,0.006459210999310017
17469,0.014978211373090744
17472,0.019976112991571426
17475,0.002122606383636594
17478,0.01480446569621563
17481,0.0039947363547980785
17484,0.01633218303322792
17487,0.011395683512091637
17490,0.023234162479639053
17493,0.005313812289386988
17496,0.0034803557209670544
17499,0.00995185598731041
17502,0.014430681243538857
17505,0.00642364239320159
17508,0.0019016546430066228
17511,0.016366031020879745
17514,0.0041875168681144714
17517,0.00895215105265379
17520,0.0027624955400824547
17523,0.01137828454375267
17526,0.05747738853096962
17529,0.0027378592640161514
17532,0.005429844371974468
17535,0.024449219927191734
17538,0.03818119689822197
17541,0.024570226669311523
17544,0.022570215165615082
17547,0.008347596041858196
17550,0.0029739518649876118
17553,0.002973731141537428
17556,0.011364223435521126
17559,0.004219925031065941
17562,0.05492500215768814
17565,0.010597508400678635
17568,0.003811412490904331
17571,0.004760667681694031
17574,0.0016579730436205864
17577,0.007683028466999531
17580,0.002654483076184988
17583,0.014610177837312222
17586,0.03348635882139206
17589,0.01485295221209526
17592,0.015317486599087715
17595,0.0335511788725853
17598,0.012627187184989452
17601,0.00923166610300541
17604,0.008072351105511189
17607,0.017379513010382652
17610,0.002504193689674139
17613,0.005377339664846659
17616,0.0030471468344330788
17619,0.00672047957777977
17622,0.04004542529582977
17625,0.002892971970140934
17628,0.006793876178562641
17631,0.000796140288002789
17634,0.002249132376164198
17637,0.001563243567943573
17640,0.0022196832578629255
17643,0.03253864124417305
17646,0.0016049323603510857
17649,0.0014468930894508958
17652,0.007621609140187502
17655,0.0015504874754697084
17658,0.0337347686290741
17661,0.003233265597373247
17664,0.015900563448667526
17667,0.002490532584488392
17670,0.007635830901563168
17673,0.009149545803666115
17676,0.0008850867161527276
17679,0.004725165199488401
17682,0.018393300473690033
17685,0.012272866442799568
17688,0.0014179506106302142
17691,0.0028223334811627865
17694,0.036537230014801025
17697,0.019914964213967323
17700,0.011692742817103863
17703,0.0024999408051371574
17706,0.013556726276874542
17709,0.003376842476427555
17712,0.004801237490028143
17715,0.0298532173037529
17718,0.012559046037495136
17721,0.0013027139939367771
17724,0.002133699133992195
17727,0.0016992567107081413
17730,0.0011550126364454627
17733,0.0012121108593419194
17736,0.0015571825206279755
17739,0.00287441024556756
17742,0.0005008174339309335
17745,0.0008300701738335192
17748,0.0018227173713967204
17751,0.0017325999215245247
17754,0.007046718616038561
17757,0.0011136975372210145
17760,0.00043304188875481486
17763,0.001162348547950387
17766,0.002936407458037138
17769,0.0013918164186179638
17772,0.000681715493556112
17775,0.0007488118717446923
17778,0.0011312102433294058
17781,0.0007025877712294459
17784,0.000492557417601347
17787,0.0008305603405460715
17790,0.007537322584539652
17793,0.02529546245932579
17796,0.0017263935878872871
17799,0.01363180112093687
17802,0.010464226827025414
17805,0.0011764275841414928
17808,0.0015468375058844686
17811,0.004174242727458477
17814,0.04770607128739357
17817,0.0020078152883797884
17820,0.0026337322778999805
17823,0.033094752579927444
17826,0.03435259684920311
17829,0.029311584308743477
17832,0.01357265468686819
17835,0.0031497469171881676
17838,0.006852978374809027
17841,0.004425098188221455
17844,0.010291910730302334
17847,0.0052126129157841206
17850,0.00458943797275424
17853,0.02000666782259941
17856,0.032184574753046036
17859,0.010039343498647213
17862,0.02473866008222103
17865,0.007473954930901527
17868,0.002938695950433612
17871,0.0017088677268475294
17874,0.017788413912057877
17877,0.05650133639574051
17880,0.009747639298439026
17883,0.005078762769699097
17886,0.006634528748691082
17889,0.010471967048943043
17892,0.010013238526880741
17895,0.024361932650208473
17898,0.009794454090297222
17901,0.0029189148917794228
17904,0.009701492264866829
17907,0.010237284004688263
17910,0.01247655600309372
17913,0.018357297405600548
17916,0.011839617975056171
17919,0.002806320320814848
17922,0.0016628067241981626
17925,0.0023188251070678234
17928,0.019503220915794373
17931,0.0012229107087478042
17934,0.0016922667855396867
17937,0.005070785526186228
17940,0.001318317954428494
17943,0.004552112892270088
17946,0.0016081219073385
17949,0.041264984756708145
17952,0.001271772664040327
17955,0.0010511664440855384
17958,0.01672634482383728
17961,0.00261828675866127
17964,0.0010463912039995193
17967,0.0012390611227601767
17970,0.004715080372989178
17973,0.0013243334833532572
17976,0.0010733597446233034
17979,0.002021089196205139
17982,0.0012733874609693885
17985,0.0015244238311424851
17988,0.0026687837671488523
17991,0.023933816701173782
17994,0.013165905140340328
17997,0.0021452629007399082
18000,0.000872364966198802
18003,0.008730018511414528
18006,0.0016630537575110793
18009,0.03597509115934372
18012,0.0012443489395081997
18015,0.020311787724494934
18018,0.0078124706633389
18021,0.0019172241445630789
18024,0.003651572624221444
18027,0.005397235043346882
18030,0.024853602051734924
18033,0.014764231629669666
18036,0.006135952193289995
18039,0.0026964445132762194
18042,0.008639051578938961
18045,0.0023500975221395493
18048,0.02062126249074936
18051,0.0022157616913318634
18054,0.001947897020727396
18057,0.0034534838050603867
18060,0.0008878004155121744
18063,0.026118222624063492
18066,0.0018459487473592162
18069,0.0033944007009267807
18072,0.0031323819421231747
18075,0.006148455664515495
18078,0.009680550545454025
18081,0.0009274728363379836
18084,0.003077359404414892
18087,0.001021327916532755
18090,0.0013845638604834676
18093,0.02154029719531536
18096,0.0008008498116396368
18099,0.001980510773137212
18102,0.024895938113331795
18105,0.008694076910614967
18108,0.004658941179513931
18111,0.004197075963020325
18114,0.006305592600256205
18117,0.0007270390633493662
18120,0.004347420297563076
18123,0.022655896842479706
18126,0.004886262118816376
18129,0.01123339869081974
18132,0.0022631294559687376
18135,0.0009423441952094436
18138,0.009586331434547901
18141,0.027572251856327057
18144,0.0013205248396843672
18147,0.004386060871183872
18150,0.0015152207342907786
18153,0.004694041330367327
18156,0.009780464693903923
18159,0.0009507526410743594
18162,0.003104802453890443
18165,0.006764131598174572
18168,0.015257981605827808
18171,0.0010301950387656689
18174,0.0037688035517930984
18177,0.013955624774098396
18180,0.0068052541464567184
18183,0.019708622246980667
18186,0.004851534031331539
18189,0.03941243141889572
18192,0.039760373532772064
18195,0.013295279815793037
18198,0.02393634244799614
18201,0.006717856507748365
18204,0.010076072067022324
18207,0.015987051650881767
18210,0.0498761385679245
18213,0.020413504913449287
18216,0.06555891782045364
18219,0.007794712670147419
18222,0.028177477419376373
18225,0.021204659715294838
18228,0.01837186887860298
18231,0.013914627954363823
18234,0.012714947573840618
18237,0.04331871494650841
18240,0.05664428323507309
18243,0.031571872532367706
18246,0.04633870720863342
18249,0.049848899245262146
18252,0.017996393144130707
18255,0.009133996441960335
18258,0.009276987984776497
18261,0.0317707434296608
18264,0.008572321385145187
18267,0.03939046338200569
18270,0.05015133321285248
18273,0.018818523734807968
18276,0.00827200897037983
18279,0.03516821190714836
18282,0.044264744967222214
18285,0.010065705515444279
18288,0.008654569275677204
18291,0.023550894111394882
18294,0.016811570152640343
18297,0.0352061428129673
18300,0.008771490305662155
18303,0.023235931992530823
18306,0.002406255342066288
18309,0.007804344408214092
18312,0.006401748862117529
18315,0.0015501315938308835
18318,0.042989399284124374
18321,0.01767651177942753
18324,0.0015566782094538212
18327,0.0007553606992587447
18330,0.018643343821167946
18333,0.038866668939590454
18336,0.012410992756485939
18339,0.0025913401041179895
18342,0.005473446100950241
18345,0.0020273039117455482
18348,0.0014091399498283863
18351,0.0019446369260549545
18354,0.0007309308275580406
18357,0.0037077912129461765
18360,0.03765413165092468
18363,0.0009811888448894024
18366,0.0015223626978695393
18369,0.012869207188487053
18372,0.0012738786172121763
18375,0.04231838509440422
18378,0.08924996852874756
18381,0.00351859163492918
18384,0.018568243831396103
18387,0.0021466142497956753
18390,0.002034182660281658
18393,0.025108274072408676
18396,0.0012423073640093207
18399,0.00827303808182478
18402,0.0090488838031888
18405,0.0013041772181168199
18408,0.007726567797362804
18411,0.02985772117972374
18414,0.016724437475204468
18417,0.02225082367658615
18420,0.0019772618543356657
18423,0.0025463649071753025
18426,0.006268098019063473
18429,0.020771879702806473
18432,0.02150009199976921
18435,0.006009179167449474
18438,0.002674652496352792
18441,0.019258787855505943
18444,0.003950915299355984
18447,0.0022717935498803854
18450,0.026668742299079895
18453,0.001729627139866352
18456,0.0183417871594429
18459,0.003422366688027978
18462,0.001003667595796287
18465,0.004554676823318005
18468,0.0011218786239624023
18471,0.0023096490185707808
18474,0.015516102313995361
18477,0.002999519929289818
18480,0.005821616388857365
18483,0.0061331987380981445
18486,0.02533140406012535
18489,0.0039396751672029495
18492,0.002248273231089115
18495,0.0039838701486587524
18498,0.006104442290961742
18501,0.0026991846971213818
18504,0.0008031834731809795
18507,0.0026208737399429083
18510,0.00299771036952734
18513,0.020692162215709686
18516,0.052747227251529694
18519,0.019206326454877853
18522,0.03893062472343445
18525,0.0008552785729989409
18528,0.014975180849432945
18531,0.0025710081681609154
18534,0.0010219786781817675
18537,0.03606972470879555
18540,0.01678062416613102
18543,0.001214301330037415
18546,0.007603413891047239
18549,0.0025076433084905148
18552,0.008154354989528656
18555,0.013835640624165535
18558,0.0010307789780199528
18561,0.0010313449893146753
18564,0.0006001325091347098
18567,0.0032177246175706387
18570,0.0007346539059653878
18573,0.006217499263584614
18576,0.005054640583693981
18579,0.0052355374209582806
18582,0.0006331601180136204
18585,0.000854870886541903
18588,0.01867571659386158
18591,0.007801407482475042
18594,0.0036031347699463367
18597,0.0006568103563040495
18600,0.0007925342069938779
18603,0.0009301061509177089
18606,0.0027398760430514812
18609,0.001402926747687161
18612,0.007656941190361977
18615,0.001073489896953106
18618,0.0010897216852754354
18621,0.00046940887114033103
18624,0.0011438275687396526
18627,0.000667450251057744
18630,0.026404008269309998
18633,0.0009721172973513603
18636,0.05682453513145447
18639,0.051149845123291016
18642,0.003090626560151577
18645,0.0028288254979997873
18648,0.0015896880067884922
18651,0.009786923415958881
18654,0.009367622435092926
18657,0.0016345223411917686
18660,0.004718621261417866
18663,0.002256289590150118
18666,0.021450644358992577
18669,0.015027942135930061
18672,0.028232887387275696
18675,0.01697251945734024
18678,0.05624101310968399
18681,0.01890704594552517
18684,0.007335782982409
18687,0.0016025351360440254
18690,0.06709106266498566
18693,0.06287513673305511
18696,0.011492294259369373
18699,0.1177825927734375
18702,0.06449484825134277
18705,0.034095775336027145
18708,0.06506471335887909
18711,0.05000639706850052
18714,0.03954295814037323
18717,0.013114380650222301
18720,0.06448011100292206
18723,0.031721245497465134
18726,0.1039852648973465
18729,0.08032654970884323
18732,0.04464814066886902
18735,0.03423028811812401
18738,0.1021793931722641
18741,0.06325986236333847
18744,0.07533462345600128
18747,0.01747819036245346
18750,0.06530172377824783
18753,0.044503647834062576
18756,0.0013422032352536917
18759,0.04583597928285599
18762,0.03455335646867752
18765,0.00541557464748621
18768,0.018485577777028084
18771,0.017689522355794907
18774,0.0430830642580986
18777,0.009304942563176155
18780,0.005019482225179672
18783,0.028700299561023712
18786,0.0069122170098125935
18789,0.015074738301336765
18792,0.02042083628475666
18795,0.022880174219608307
18798,0.015078598633408546
18801,0.005102660972625017
18804,0.07399995625019073
18807,0.045977793633937836
18810,0.03956884890794754
18813,0.024567343294620514
18816,0.041576143354177475
18819,0.0031484165228903294
18822,0.08103843033313751
18825,0.021304793655872345
18828,0.047822095453739166
18831,0.02180105447769165
18834,0.011132311075925827
18837,0.01080496795475483
18840,0.04522458836436272
18843,0.010730351321399212
18846,0.04538200423121452
18849,0.003129919059574604
18852,0.00962010957300663
18855,0.02193131297826767
18858,0.02645132504403591
18861,0.003711970988661051
18864,0.04265642911195755
18867,0.036663446575403214
18870,0.013851674273610115
18873,0.022811373695731163
18876,0.04879200458526611
18879,0.03714742884039879
18882,0.029795018956065178
18885,0.010621496476233006
18888,0.019545983523130417
18891,0.04100827872753143
18894,0.02752472087740898
18897,0.022803444415330887
18900,0.0049034468829631805
18903,0.03928764536976814
18906,0.009630933403968811
18909,0.01003712322562933
18912,0.013357799500226974
18915,0.012545294128358364
18918,0.004593815188854933
18921,0.0038777331355959177
18924,0.013761485926806927
18927,0.028212932869791985
18930,0.02055823802947998
18933,0.010611705482006073
18936,0.009254444390535355
18939,0.02734919637441635
18942,0.005065497010946274
18945,0.1203693300485611
18948,0.0669795498251915
18951,0.13355746865272522
18954,0.1652383655309677
18957,0.10787035524845123
18960,0.061084870249032974
18963,0.134988933801651
18966,0.11213327944278717
18969,0.14548110961914062
18972,0.07561921328306198
18975,0.13582341372966766
18978,0.14556004106998444
18981,0.08628489077091217
18984,0.03455507382750511
18987,0.12372981756925583
18990,0.035923127084970474
18993,0.08537033200263977
18996,0.11402498185634613
18999,0.14124615490436554
19002,0.15825285017490387
19005,0.15672509372234344
19008,0.023780640214681625
19011,0.001462122774682939
19014,0.002137985546141863
19017,0.0007219695253297687
19020,0.012522244825959206
19023,0.001165386289358139
19026,0.006973159499466419
19029,0.06688127666711807
19032,0.005124789662659168
19035,0.04208826646208763
19038,0.0074076117016375065
19041,0.0013261474668979645
19044,0.002066556829959154
19047,0.019305279478430748
19050,0.006891215685755014
19053,0.0019234362989664078
19056,0.006681205704808235
19059,0.014314536936581135
19062,0.0015023599844425917
19065,0.027049336582422256
19068,0.0019314009696245193
19071,0.00279062706977129
19074,0.004921731539070606
19077,0.001771876821294427
19080,0.028550177812576294
19083,0.0029998766258358955
19086,0.009713386185467243
19089,0.044529758393764496
19092,0.010382435284554958
19095,0.022030211985111237
19098,0.030415832996368408
19101,0.03041328489780426
19104,0.01281153317540884
19107,0.011027210392057896
19110,0.017161158844828606
19113,0.05477689206600189
19116,0.0057592312805354595
19119,0.012440101243555546
19122,0.002332372823730111
19125,0.0033643431961536407
19128,0.0027104432228952646
19131,0.006165689788758755
19134,0.0014641551533713937
19137,0.0010151744354516268
19140,0.0013340988662093878
19143,0.006427196320146322
19146,0.022467538714408875
19149,0.01506670843809843
19152,0.002186826430261135
19155,0.0028842450119554996
19158,0.0048850346356630325
19161,0.0031677717342972755
19164,0.0051248157396912575
19167,0.001970037817955017
19170,0.03423069417476654
19173,0.00222682673484087
19176,0.0011678605806082487
19179,0.0027377107180655003
19182,0.001061383867636323
19185,0.0009573745192028582
19188,0.011985578574240208
19191,0.009357651695609093
19194,0.0011571950744837523
19197,0.004053548909723759
19200,0.012365194037556648
19203,0.02887195721268654
19206,0.003774545853957534
19209,0.003277948359027505
19212,0.001864682650193572
19215,0.08191222697496414
19218,0.001435345970094204
19221,0.016149625182151794
19224,0.006295930128544569
19227,0.020629988983273506
19230,0.0285151619464159
19233,0.003105427138507366
19236,0.0020257518626749516
19239,0.000635618984233588
19242,0.025856560096144676
19245,0.033836349844932556
19248,0.0014446935383602977
19251,0.002732605207711458
19254,0.006829657591879368
19257,0.023219743743538857
19260,0.03969569876790047
19263,0.00901740975677967
19266,0.025373246520757675
19269,0.0025904348585754633
19272,0.0019386500352993608
19275,0.0017774911830201745
19278,0.01085005421191454
19281,0.002014023484662175
19284,0.001005183206871152
19287,0.0010505745885893703
19290,0.001738815219141543
19293,0.0016330720391124487
19296,0.004360153339803219
19299,0.0029146485030651093
19302,0.008144916035234928
19305,0.0006715747877024114
19308,0.0010982145322486758
19311,0.0003031507949344814
19314,0.0024664357770234346
19317,0.0004913336597383022
19320,0.0031479450408369303
19323,0.0011843608226627111
19326,0.005512458272278309
19329,0.002743670018389821
19332,0.0005099233239889145
19335,0.0078011187724769115
19338,0.0017968283500522375
19341,0.001875025685876608
19344,0.0040117958560585976
19347,0.0014031827449798584
19350,0.0005164238973520696
19353,0.0018872562795877457
19356,0.00047889535198919475
19359,0.00031642444082535803
19362,0.0009745205752551556
19365,0.0008334050653502345
19368,0.0016007431549951434
19371,0.00043128791730850935
19374,0.000693541660439223
19377,0.0010688856709748507
19380,0.0004846935626119375
19383,0.0003377612156327814
19386,0.00035713723627850413
19389,0.0010481220670044422
19392,0.0027594571001827717
19395,0.020031439140439034
19398,0.010907873511314392
19401,0.0005959207192063332
19404,0.002107971115037799
19407,0.05020765960216522
19410,0.0006299681263044477
19413,0.026359517127275467
19416,0.0036998295690864325
19419,0.0007163690752349794
19422,0.0007199207902885973
19425,0.0007481388747692108
19428,0.0028611798770725727
19431,0.0008763076039031148
19434,0.0006566078518517315
19437,0.003915214911103249
19440,0.010297033935785294
19443,0.010862496681511402
19446,0.00350537383928895
19449,0.021107390522956848
19452,0.007416435517370701
19455,0.0011910791508853436
19458,0.008864330127835274
19461,0.002287140814587474
19464,0.000586462439969182
19467,0.0008008170407265425
19470,0.005816033575683832
19473,0.0016461230115965009
19476,0.0009745275601744652
19479,0.0020061787217855453
19482,0.0006209345301613212
19485,0.003272809088230133
19488,0.0019844912458211184
19491,0.004217909649014473
19494,0.0004240123671479523
19497,0.0009041253942996264
19500,0.0020175212994217873
19503,0.0005203802138566971
19506,0.0007892200956121087
19509,0.0004933185409754515
19512,0.0011202850146219134
19515,0.0003832589718513191
19518,0.0003614836314227432
19521,0.009957973845303059
19524,0.006134980823844671
19527,0.05995705723762512
19530,0.013374466449022293
19533,0.0005161681910976768
19536,0.006248317193239927
19539,0.0004888132098130882
19542,0.0011724852956831455
19545,0.0038562025874853134
19548,0.0014179975260049105
19551,0.002391430549323559
19554,0.011465744115412235
19557,0.000984163605608046
19560,0.010556790977716446
19563,0.002329264534637332
19566,0.008241930045187473
19569,0.0412275604903698
19572,0.005371883045881987
19575,0.022683948278427124
19578,0.0014837709022685885
19581,0.020776934921741486
19584,0.000827925221528858
19587,0.0027718055061995983
19590,0.006799113936722279
19593,0.023726632818579674
19596,0.004004328511655331
19599,0.0063497815281152725
19602,0.00900360755622387
19605,0.005060313269495964
19608,0.004676480777561665
19611,0.014486395753920078
19614,0.001477575395256281
19617,0.005619521252810955
19620,0.0014533039648085833
19623,0.008890458382666111
19626,0.0008234191918745637
19629,0.00036135921254754066
19632,0.03137682005763054
19635,0.0004397009324748069
19638,0.01829252764582634
19641,0.007307728752493858
19644,0.002716321963816881
19647,0.0013159452937543392
19650,0.00035466946428641677
19653,0.004243918228894472
19656,0.004129271022975445
19659,0.0020640618167817593
19662,0.0004743736353702843
19665,0.018789958208799362
19668,0.001010483712889254
19671,0.0005927685415372252
19674,0.04763602465391159
19677,0.0006705806590616703
19680,0.0005418715300038457
19683,0.0004314495308790356
19686,0.011416668072342873
19689,0.0012359287356957793
19692,0.0007513426244258881
19695,0.0083463154733181
19698,0.009509187191724777
19701,0.005870494060218334
19704,0.00028968052356503904
19707,0.018119201064109802
19710,0.0014882907271385193
19713,0.0007474796148017049
19716,0.013166364282369614
19719,0.004551513586193323
19722,0.0011066769948229194
19725,0.0003401027643121779
19728,0.0009422915754839778
19731,0.0004666548629757017
19734,0.01121568214148283
19737,0.0008731259731575847
19740,0.0007955332985147834
19743,0.002934115007519722
19746,0.002274626400321722
19749,0.0008975228411145508
19752,0.0115765780210495
19755,0.002407663967460394
19758,0.0019088481785729527
19761,0.0007978617213666439
19764,0.0007486258400604129
19767,0.0016268619801849127
19770,0.0007741415756754577
19773,0.009415002539753914
19776,0.01812315173447132
19779,0.0009530498646199703
19782,0.009368902072310448
19785,0.001025253557600081
19788,0.001639525406062603
19791,0.04057277366518974
19794,0.001700294902548194
19797,0.0007571307942271233
19800,0.000768084661103785
19803,0.010063841938972473
19806,0.00046440455480478704
19809,0.00109599600546062
19812,0.008335063233971596
19815,0.00036734092282131314
19818,0.0002817315689753741
19821,0.005365306045860052
19824,0.0012445277534425259
19827,0.009489954449236393
19830,0.06311529129743576
19833,0.0006595149170607328
19836,0.0007239681435748935
19839,0.0005207963404245675
19842,0.0009550948743708432
19845,0.0010867248056456447
19848,0.0006209035636857152
19851,0.0007363254553638399
19854,0.00045316165778785944
19857,0.0002846346178557724
19860,0.0005926427547819912
19863,0.0003161058120895177
19866,0.0007494547753594816
19869,0.0005158971180208027
19872,0.00032408739207312465
19875,0.000478847767226398
19878,0.0004268516495358199
19881,0.00020574001246131957
19884,0.0003237765049561858
19887,0.00023633838281966746
19890,0.0005264579085633159
19893,0.00017626862972974777
19896,0.0003755409852601588
19899,0.0006769224419258535
19902,0.00019389286171644926
19905,0.0017109443433582783
19908,0.03012547455728054
19911,0.0007932732114568353
19914,0.0037480564787983894
19917,0.0008810937870293856
19920,0.030031612142920494
19923,0.0007127123535610735
19926,0.004860865883529186
19929,0.004821121226996183
19932,0.01226348988711834
19935,0.004391898401081562
19938,0.0018979493761435151
19941,0.012331833131611347
19944,0.011318756267428398
19947,0.019401585683226585
19950,0.0010605757124722004
19953,0.007852488197386265
19956,0.043601132929325104
19959,0.015539580956101418
19962,0.009827770292758942
19965,0.0012526230420917273
19968,0.04418005049228668
19971,0.0006670458824373782
19974,0.06130100414156914
19977,0.005409426521509886
19980,0.009912753477692604
19983,0.000966012361459434
19986,0.08412129431962967
19989,0.003995951265096664
19992,0.0434904582798481
19995,0.004442960023880005
19998,0.005284193903207779
20001,0.01434442587196827
20004,0.005128985270857811
20007,0.01525791548192501
20010,0.04201667010784149
20013,0.0007758046849630773
20016,0.030951734632253647
20019,0.014692180790007114
20022,0.0019816006533801556
20025,0.004148970358073711
20028,0.0007955310866236687
20031,0.0015197228640317917
20034,0.029742112383246422
20037,0.011716950684785843
20040,0.0017543956637382507
20043,0.0023758774623274803
20046,0.011964613571763039
20049,0.0009780930122360587
20052,0.003397888271138072
20055,0.0008602792513556778
20058,0.00145239126868546
20061,0.0006149241235107183
20064,0.0013136448105797172
20067,0.0010753162205219269
20070,0.03222477436065674
20073,0.0015258484054356813
20076,0.002874470315873623
20079,0.005585020873695612
20082,0.0009226477704942226
20085,0.002440844429656863
20088,0.0039697447791695595
20091,0.001727088587358594
20094,0.0045075672678649426
20097,0.0016035225708037615
20100,0.0012841721763834357
20103,0.011386577039957047
20106,0.00240049185231328
20109,0.0030485920142382383
20112,0.0022050407715141773
20115,0.007282822858542204
20118,0.004766395315527916
20121,0.003789793699979782
20124,0.001153196208178997
20127,0.001564111327752471
20130,0.000614144722931087
20133,0.0018927318742498755
20136,0.009694150649011135
20139,0.005717316642403603
20142,0.0033339455258101225
20145,0.001151287811808288
20148,0.0022821666207164526
20151,0.000877875427249819
20154,0.0012702869717031717
20157,0.008534644730389118
20160,0.05264180153608322
20163,0.011030549183487892
20166,0.011101904325187206
20169,0.0015370625769719481
20172,0.0018500294536352158
20175,0.017172694206237793
20178,0.001099323621019721
20181,0.014681234024465084
20184,0.0020675072446465492
20187,0.048010848462581635
20190,0.005398541688919067
20193,0.033632129430770874
20196,0.010353431105613708
20199,0.011448231525719166
20202,0.0010280886199325323
20205,0.02053193375468254
20208,0.0536351203918457
20211,0.0032448614947497845
20214,0.036854904145002365
20217,0.00673746457323432
20220,0.003678667824715376
20223,0.011152025312185287
20226,0.039440590888261795
20229,0.0018539319280534983
20232,0.009281877428293228
20235,0.048817068338394165
20238,0.012730907648801804
20241,0.003293971996754408
20244,0.004298951011151075
20247,0.019161950796842575
20250,0.012213112786412239
20253,0.01304234191775322
20256,0.007812025956809521
20259,0.018115317448973656
20262,0.007107570767402649
20265,0.009561227634549141
20268,0.05207037925720215
20271,0.020330937579274178
20274,0.016940198838710785
20277,0.005286409519612789
20280,0.005001203157007694
20283,0.02216564491391182
20286,0.037592578679323196
20289,0.0028933545108884573
20292,0.003581469878554344
20295,0.00795280747115612
20298,0.002501716371625662
20301,0.001174712204374373
20304,0.0010118827922269702
20307,0.012346240691840649
20310,0.0018178352620452642
20313,0.017297135666012764
20316,0.027378486469388008
20319,0.007882632315158844
20322,0.0014986960450187325
20325,0.021336287260055542
20328,0.08766065537929535
20331,0.019895806908607483
20334,0.0018738312646746635
20337,0.001884507481008768
20340,0.019713714718818665
20343,0.02025267668068409
20346,0.01974118873476982
20349,0.0020811085123568773
20352,0.011474382132291794
20355,0.005197999533265829
20358,0.014056865125894547
20361,0.0015183419454842806
20364,0.006843475624918938
20367,0.010590934194624424
20370,0.050284020602703094
20373,0.0389205627143383
20376,0.0014390588039532304
20379,0.0011337135219946504
20382,0.00628319475799799
20385,0.0023605513852089643
20388,0.0014251696411520243
20391,0.001771685667335987
20394,0.00785684771835804
20397,0.003634085413068533
20400,0.0015030319336801767
20403,0.0005868356674909592
20406,0.047324467450380325
20409,0.0026867513079196215
20412,0.0007362562464550138
20415,0.03538573905825615
20418,0.03118998557329178
20421,0.009190781973302364
20424,0.0011525568552315235
20427,0.003502640873193741
20430,0.02973327785730362
20433,0.0024480666033923626
20436,0.006403268780559301
20439,0.002433427609503269
20442,0.0011449925368651748
20445,0.0009255922050215304
20448,0.009238479658961296
20451,0.002991538494825363
20454,0.010800044983625412
20457,0.0008257627487182617
20460,0.009126936085522175
20463,0.024844888597726822
20466,0.005185478832572699
20469,0.0012467843480408192
20472,0.0006471475353464484
20475,0.0004925737739540637
20478,0.0004380459140520543
20481,0.03239026665687561
20484,0.019672652706503868
20487,0.011043730191886425
20490,0.02237772010266781
20493,0.042808182537555695
20496,0.023356737568974495
20499,0.030962003394961357
20502,0.02450411021709442
20505,0.0052870819345116615
20508,0.024423915892839432
20511,0.06214979290962219
20514,0.01437254436314106
20517,0.011762631125748158
20520,0.003092560451477766
20523,0.021929580718278885
20526,0.026058631017804146
20529,0.05546700209379196
20532,0.02603057585656643
20535,0.0095605980604887
20538,0.03586656227707863
20541,0.0019483683863654733
20544,0.005156888160854578
20547,0.005537782330065966
20550,0.0016636101063340902
20553,0.002583276480436325
20556,0.006768745370209217
20559,0.00273033045232296
20562,0.0201016366481781
20565,0.006767059676349163
20568,0.00964335072785616
20571,0.03242144733667374
20574,0.004188671708106995
20577,0.009430567733943462
20580,0.017139604315161705
20583,0.010597746819257736
20586,0.0046493434347212315
20589,0.03385575860738754
20592,0.00869190413504839
20595,0.005071097984910011
20598,0.002381920116022229
20601,0.02658102847635746
20604,0.02595929056406021
20607,0.023582374677062035
20610,0.00918542593717575
20613,0.001374623505398631
20616,0.0030575268901884556
20619,0.005108939949423075
20622,0.003017437644302845
20625,0.011340050958096981
20628,0.0014271637191995978
20631,0.07172605395317078
20634,0.0020598836708813906
20637,0.0024595994036644697
20640,0.002565905451774597
20643,0.023279717192053795
20646,0.0025742831639945507
20649,0.007877448573708534
20652,0.009428251534700394
20655,0.015443406067788601
20658,0.002873789519071579
20661,0.0030503261368721724
20664,0.0433620810508728
20667,0.013112334534525871
20670,0.02226407267153263
20673,0.010517598129808903
20676,0.001401765737682581
20679,0.006210510618984699
20682,0.01844637840986252
20685,0.002911897376179695
20688,0.08649538457393646
20691,0.009463619440793991
20694,0.0029080589301884174
20697,0.029959164559841156
20700,0.03902957960963249
20703,0.009188043884932995
20706,0.014956656843423843
20709,0.03170790150761604
20712,0.029779881238937378
20715,0.0025503565557301044
20718,0.002576833590865135
20721,0.007881948724389076
20724,0.006196960806846619
20727,0.013768764212727547
20730,0.030830852687358856
20733,0.025944573804736137
20736,0.0018851468339562416
20739,0.001358565641567111
20742,0.009324880316853523
20745,0.011490100994706154
20748,0.0022934277076274157
20751,0.003026071470230818
20754,0.01485107745975256
20757,0.004607837181538343
20760,0.0022606239654123783
20763,0.0018948109354823828
20766,0.009284891188144684
20769,0.0037469929084181786
20772,0.0019975495524704456
20775,0.018832696601748466
20778,0.0008749970002099872
20781,0.0034581227228045464
20784,0.024241991341114044
20787,0.0013930866261944175
20790,0.010843745432794094
20793,0.0224109198898077
20796,0.003079450922086835
20799,0.0020785268861800432
20802,0.0006523598567582667
20805,0.002560404362156987
20808,0.036765292286872864
20811,0.0023502404801547527
20814,0.002009111922234297
20817,0.03008602187037468
20820,0.005328531842678785
20823,0.005571217741817236
20826,0.005978785455226898
20829,0.00983469933271408
20832,0.007224832195788622
20835,0.00902851577848196
20838,0.0014739468460902572
20841,0.0031636576168239117
20844,0.004354330711066723
20847,0.010100971907377243
20850,0.00341031770221889
20853,0.003097949782386422
20856,0.025200866162776947
20859,0.028063159435987473
20862,0.003939022310078144
20865,0.00022089516278356314
20868,0.0012618460459634662
20871,0.0011999832931905985
20874,0.0010378073202446103
20877,0.0008144703460857272
20880,0.0009834879310801625
20883,0.0018180178012698889
20886,0.035660721361637115
20889,0.0006291388999670744
20892,0.0005650350940413773
20895,0.000720879586879164
20898,0.02869364432990551
20901,0.0019826425705105066
20904,0.010366452857851982
20907,0.003258317708969116
20910,0.002872505923733115
20913,0.0007190840551629663
20916,0.0008819637587293983
20919,0.0009244665270671248
20922,0.002860556123778224
20925,0.00039931212086230516
20928,0.0007170841563493013
20931,0.024948997423052788
20934,0.0016690267948433757
20937,0.0012571956031024456
20940,0.00045763031812384725
20943,0.0016669540200382471
20946,0.0008409783476963639
20949,0.017765821889042854
20952,0.004111043643206358
20955,0.019988249987363815
20958,0.0031000622548162937
20961,0.0021223057992756367
20964,0.003713200567290187
20967,0.011059723794460297
20970,0.00219897017814219
20973,0.0029221412260085344
20976,0.0006582445930689573
20979,0.0004891309072263539
20982,0.0026323948986828327
20985,0.011625672690570354
20988,0.0028881290927529335
20991,0.0022472625132650137
20994,0.004445331636816263
20997,0.0024982087779790163
21000,0.0012761743273586035
21003,0.013927390798926353
21006,0.008280017413198948
21009,0.02910282276570797
21012,0.020291758701205254
21015,0.001963407266885042
21018,0.003755866549909115
21021,0.0028962655924260616
21024,0.016826942563056946
21027,0.006995295640081167
21030,0.004632412455976009
21033,0.002843336435034871
21036,0.0011975520756095648
21039,0.008758679032325745
21042,0.0028872371185570955
21045,0.043315742164850235
21048,0.010267565958201885
21051,0.004725560080260038
21054,0.0020111682824790478
21057,0.01637684926390648
21060,0.020918764173984528
21063,0.03302411362528801
21066,0.04060962051153183
21069,0.023502089083194733
21072,0.003832524176687002
21075,0.006559103261679411
21078,0.002745217178016901
21081,0.00357693899422884
21084,0.023443162441253662
21087,0.03813352435827255
21090,0.03980984538793564
21093,0.015356825664639473
21096,0.019166309386491776
21099,0.013881913386285305
21102,0.016790516674518585
21105,0.012960456311702728
21108,0.027488231658935547
21111,0.010038834996521473
21114,0.0017912461189553142
21117,0.020700493827462196
21120,0.001725789625197649
21123,0.0023893178440630436
21126,0.013322588987648487
21129,0.002150746062397957
21132,0.0013134664623066783
21135,0.00773446261882782
21138,0.0012239111820235848
21141,0.002581240376457572
21144,0.0015128242084756494
21147,0.001085157273337245
21150,0.0016902016941457987
21153,0.0016084776725620031
21156,0.012666524387896061
21159,0.02047358825802803
21162,0.0013755037216469646
21165,0.001720546162687242
21168,0.0018405920127406716
21171,0.0025960474740713835
21174,0.002094301860779524
21177,0.0009411881910637021
21180,0.0009478828287683427
21183,0.0007149175507947803
21186,0.007656616158783436
21189,0.002001879271119833
21192,0.0017968236934393644
21195,0.04412100091576576
21198,0.002070194575935602
21201,0.0027778015937656164
21204,0.001624726690351963
21207,0.023050520569086075
21210,0.011902588419616222
21213,0.0014744288055226207
21216,0.0016481522470712662
21219,0.0031691663898527622
21222,0.003122743684798479
21225,0.02568030171096325
21228,0.011038320139050484
21231,0.011545399203896523
21234,0.002216007560491562
21237,0.003347508143633604
21240,0.0030557054560631514
21243,0.002344018779695034
21246,0.006315041333436966
21249,0.019672557711601257
21252,0.00585020100697875
21255,0.0076775639317929745
21258,0.0022102973889559507
21261,0.0252379197627306
21264,0.0032024956308305264
21267,0.008096368983387947
21270,0.001800117432139814
21273,0.038276657462120056
21276,0.0011189193464815617
21279,0.03592313453555107
21282,0.004380729980766773
21285,0.0019647697918117046
21288,0.0019051760900765657
21291,0.0034198288340121508
21294,0.019712083041667938
21297,0.003644225187599659
21300,0.0025287391617894173
21303,0.010996389202773571
21306,0.008453130722045898
21309,0.0017201515147462487
21312,0.05610211193561554
21315,0.005132841411978006
21318,0.0075677079148590565
21321,0.0008216912974603474
21324,0.01283116452395916
21327,0.004678820259869099
21330,0.001788042252883315
21333,0.0007988672587089241
21336,0.004195008426904678
21339,0.029301773756742477
21342,0.041272085160017014
21345,0.010429870337247849
21348,0.014184609055519104
21351,0.016389476135373116
21354,0.0022659776732325554
21357,0.0028381221927702427
21360,0.0057472228072583675
21363,0.022819235920906067
21366,0.010064756497740746
21369,0.0012536115245893598
21372,0.02416747435927391
21375,0.032010406255722046
21378,0.007575678173452616
21381,0.022501803934574127
21384,0.07430770248174667
21387,0.01327868178486824
21390,0.00427307840436697
21393,0.007048714905977249
21396,0.0021345822606235743
21399,0.0015695728361606598
21402,0.014447253197431564
21405,0.0025241945404559374
21408,0.0012408250477164984
21411,0.007162218447774649
21414,0.01805429905653
21417,0.003068328369408846
21420,0.0010091401636600494
21423,0.009451723657548428
21426,0.0022890903055667877
21429,0.002242896007373929
21432,0.01402189489454031
21435,0.0016841839533299208
21438,0.003539960365742445
21441,0.03535991907119751
21444,0.015696313232183456
21447,0.012118746526539326
21450,0.0022726859897375107
21453,0.0016068152617663145
21456,0.02513814903795719
21459,0.038989461958408356
21462,0.004726890008896589
21465,0.008649570867419243
21468,0.03178844228386879
21471,0.0027969535440206528
21474,0.02057759463787079
21477,0.010804443620145321
21480,0.02373945526778698
21483,0.0017532535130158067
21486,0.03520052880048752
21489,0.02900959923863411
21492,0.0032001491636037827
21495,0.01131098996847868
21498,0.016680849716067314
21501,0.004382104147225618
21504,0.01405462995171547
21507,0.0008823845419101417
21510,0.01809176243841648
21513,0.005805774591863155
21516,0.0017121906857937574
21519,0.0033387462608516216
21522,0.012717792764306068
21525,0.042108334600925446
21528,0.006850542034953833
21531,0.0015898584388196468
21534,0.005965819116681814
21537,0.0744393914937973
21540,0.004983150400221348
21543,0.001999699044972658
21546,0.001993438694626093
21549,0.0023936298675835133
21552,0.0018751858733594418
21555,0.020560698583722115
21558,0.0268498957157135
21561,0.0019750988576561213
21564,0.004333182238042355
21567,0.001590436790138483
21570,0.00683899549767375
21573,0.03733018785715103
21576,0.032514333724975586
21579,0.027368225157260895
21582,0.008548788726329803
21585,0.011308744549751282
21588,0.0032157879322767258
21591,0.06721682846546173
21594,0.045490045100450516
21597,0.041417915374040604
21600,0.04495793581008911
21603,0.007077338173985481
21606,0.012393428012728691
21609,0.021869957447052002
21612,0.04798329249024391
21615,0.03726014494895935
21618,0.003544379025697708
21621,0.006302583962678909
21624,0.025470798835158348
21627,0.012230060994625092
21630,0.011651749722659588
21633,0.021458033472299576
21636,0.03714178502559662
21639,0.029352495446801186
21642,0.02417471446096897
21645,0.0049377381801605225
21648,0.030474329367280006
21651,0.0067141796462237835
21654,0.025220505893230438
21657,0.0037379921413958073
21660,0.003676838241517544
21663,0.001926851226016879
21666,0.00785868801176548
21669,0.02237956039607525
21672,0.006751597858965397
21675,0.0017295768484473228
21678,0.004575368482619524
21681,0.02779194712638855
21684,0.020191611722111702
21687,0.008548583835363388
21690,0.006623539142310619
21693,0.004079317208379507
21696,0.09966391324996948
21699,0.008659429848194122
21702,0.01447288878262043
21705,0.008564051240682602
21708,0.0020698681473731995
21711,0.03010019101202488
21714,0.012305534444749355
21717,0.0018560172757133842
21720,0.011161568574607372
21723,0.029760804027318954
21726,0.009519346058368683
21729,0.01412014290690422
21732,0.005249962210655212
21735,0.0063902451656758785
21738,0.009213314391672611
21741,0.014604935422539711
21744,0.007801990490406752
21747,0.007905893959105015
21750,0.0023888456635177135
21753,0.042993564158678055
21756,0.0025544320233166218
21759,0.002961863297969103
21762,0.06734878569841385
21765,0.031059350818395615
21768,0.020867696031928062
21771,0.0032729001250118017
21774,0.02743145450949669
21777,0.007150065619498491
21780,0.011771950870752335
21783,0.03611095994710922
21786,0.0028395121917128563
21789,0.002384148072451353
21792,0.0050039468333125114
21795,0.011758520267903805
21798,0.015371594578027725
21801,0.0010588355362415314
21804,0.011834234930574894
21807,0.030091237276792526
21810,0.005306784529238939
21813,0.013006296940147877
21816,0.011442155577242374
21819,0.0063038417138159275
21822,0.02663717418909073
21825,0.0016624339623376727
21828,0.002124832011759281
21831,0.07522451132535934
21834,0.011015202850103378
21837,0.05294644460082054
21840,0.010135720483958721
21843,0.013696369715034962
21846,0.017218373715877533
21849,0.021020077168941498
21852,0.012094557285308838
21855,0.005937672220170498
21858,0.023711586371064186
21861,0.02448226511478424
21864,0.006332174874842167
21867,0.003179296152666211
21870,0.008349666371941566
21873,0.015027294866740704
21876,0.005261590704321861
21879,0.021952921524643898
21882,0.0028003850020468235
21885,0.028053492307662964
21888,0.0011082832934334874
21891,0.009872162714600563
21894,0.0010232137283310294
21897,0.06590020656585693
21900,0.004202655050903559
21903,0.03033151663839817
21906,0.007617532275617123
21909,0.011082773096859455
21912,0.01601896807551384
21915,0.01933259703218937
21918,0.0025601820088922977
21921,0.03409642353653908
21924,0.0016613192856311798
21927,0.04148098826408386
21930,0.0029314300045371056
21933,0.003485715249553323
21936,0.023253390565514565
21939,0.004383803345263004
21942,0.03463216498494148
21945,0.08705142885446548
21948,0.018756793811917305
21951,0.0031356799881905317
21954,0.05577980354428291
21957,0.06679342687129974
21960,0.055128082633018494
21963,0.008530471473932266
21966,0.016549166291952133
21969,0.022323550656437874
21972,0.06519961357116699
21975,0.026340585201978683
21978,0.011279316619038582
21981,0.008786214515566826
21984,0.03384736180305481
21987,0.008382623083889484
21990,0.006355870980769396
21993,0.01338413916528225
21996,0.021645108237862587
21999,0.007832612842321396
22002,0.06316129863262177
22005,0.003972791135311127
22008,0.005882131867110729
22011,0.021312784403562546
22014,0.015585651621222496
22017,0.004071998875588179
22020,0.010060588829219341
22023,0.05164307355880737
22026,0.024092279374599457
22029,0.005636132322251797
22032,0.02935180440545082
22035,0.02948843501508236
22038,0.01688506454229355
22041,0.014180182479321957
22044,0.02590974047780037
22047,0.03806762024760246
22050,0.005235656630247831
22053,0.010400580242276192
22056,0.007093639578670263
22059,0.002140723168849945
22062,0.028669949620962143
22065,0.019630618393421173
22068,0.014800667762756348
22071,0.005247009918093681
22074,0.01830054447054863
22077,0.014868523925542831
22080,0.011558275669813156
22083,0.0015265564434230328
22086,0.012530267238616943
22089,0.00351647287607193
22092,0.0034259629901498556
22095,0.023470425978302956
22098,0.022045942023396492
22101,0.0019058971665799618
22104,0.0015299577498808503
22107,0.004051594529300928
22110,0.002410448621958494
22113,0.0013680364936590195
22116,0.0016557034105062485
22119,0.0017029140144586563
22122,0.0012300556991249323
22125,0.0008094542426988482
22128,0.0010472245048731565
22131,0.0024787387810647488
22134,0.0024716975167393684
22137,0.0010056400205940008
22140,0.0013195297215133905
22143,0.024282990023493767
22146,0.026060139760375023
22149,0.004349034279584885
22152,0.03280366212129593
22155,0.0021931477822363377
22158,0.006641702726483345
22161,0.012576162815093994
22164,0.004917514510452747
22167,0.005059019662439823
22170,0.00980929285287857
22173,0.007112571969628334
22176,0.0033749095164239407
22179,0.0028625575359910727
22182,0.004178250674158335
22185,0.009106457233428955
22188,0.052883490920066833
22191,0.018625883385539055
22194,0.002179223345592618
22197,0.02896125242114067
22200,0.009781097993254662
22203,0.0014553354121744633
22206,0.0026295995339751244
22209,0.024566659703850746
22212,0.0023337453603744507
22215,0.004879310727119446
22218,0.022402077913284302
22221,0.0035760800819844007
22224,0.038805700838565826
22227,0.005870741792023182
22230,0.046528298407793045
22233,0.0037569017149508
22236,0.015056840144097805
22239,0.025102153420448303
22242,0.013486610725522041
22245,0.009029394946992397
22248,0.004665734246373177
22251,0.0057105934247374535
22254,0.0028324145823717117
22257,0.00972912460565567
22260,0.010967101901769638
22263,0.009588612243533134
22266,0.003459908999502659
22269,0.006497001275420189
22272,0.0017849623691290617
22275,0.0006397382821887732
22278,0.005900403019040823
22281,0.000813026912510395
22284,0.04898517206311226
22287,0.001971584977582097
22290,0.0007704341551288962
22293,0.03298329561948776
22296,0.0006929215742275119
22299,0.0020240116864442825
22302,0.0004978686338290572
22305,0.018267547711730003
22308,0.003048764541745186
22311,0.0006482147146016359
22314,0.0005739564076066017
22317,0.0022542234510183334
22320,0.0026133444625884295
22323,0.0013805298367515206
22326,0.001462453743442893
22329,0.000633055460639298
22332,0.0007612750632688403
22335,0.001212925068102777
22338,0.0003611634601838887
22341,0.0007507329573854804
22344,0.001387114403769374
22347,0.0022374754771590233
22350,0.0005317613249644637
22353,0.009493530727922916
22356,0.0031221744138747454
22359,0.01842876337468624
22362,0.0005553343798965216
22365,0.021664705127477646
22368,0.0006197341717779636
22371,0.002652109367772937
22374,0.0029982461128383875
22377,0.0008611076045781374
22380,0.04136322811245918
22383,0.0016735467361286283
22386,0.0008579330751672387
22389,0.013606706634163857
22392,0.0012198170879855752
22395,0.0009376251837238669
22398,0.008854874409735203
22401,0.0011422747047618032
22404,0.0013103601522743702
22407,0.0005324583617039025
22410,0.0011316719464957714
22413,0.0002458157832734287
22416,0.0003231809241697192
22419,0.03988165408372879
22422,0.01908513531088829
22425,0.0006760948454029858
22428,0.0002987859188579023
22431,0.0004121874808333814
22434,0.0002738480980042368
22437,0.00047318387078121305
22440,0.00041341042378917336
22443,0.0003380430571269244
22446,0.00042083492735400796
22449,0.00022026599617674947
22452,0.00040568708209320903
22455,0.00023860757937654853
22458,0.00030266281100921333
22461,0.0028660795651376247
22464,0.005536324344575405
22467,0.0013031747657805681
22470,0.04865181818604469
22473,0.0008696740260347724
22476,0.002944496227428317
22479,0.0005743755027651787
22482,0.013195723295211792
22485,0.00033363394322805107
22488,0.0007786720525473356
22491,0.00029497587820515037
22494,0.00029354283469729125
22497,0.011279572732746601
22500,0.048354100435972214
22503,0.0006622645305469632
22506,0.020452620461583138
22509,0.0007491178694181144
22512,0.061460770666599274
22515,0.002950190333649516
22518,0.0005879726959392428
22521,0.00042501045390963554
22524,0.0005740594351664186
22527,0.0006685451953671873
22530,0.00041566573781892657
22533,0.0009005698375403881
22536,0.0002995522227138281
22539,0.0006939465529285371
22542,0.00020325636432971805
22545,0.0001974674523808062
22548,0.0008020449313335121
22551,0.00017137083341367543
22554,0.030487366020679474
22557,0.04457680135965347
22560,0.000916991091798991
22563,0.0003868288767989725
22566,0.001108525088056922
22569,0.00013190609752200544
22572,0.0002751140564214438
22575,0.0003258121432736516
22578,0.00020783592481166124
22581,0.0020671889651566744
22584,0.0003047610225621611
22587,0.0002872896729968488
22590,0.0005802134401164949
22593,0.0003694150364026427
22596,0.0005371664301492274
22599,0.02204263210296631
22602,0.01172261405736208
22605,0.0004093200550414622
22608,0.000377049611415714
22611,0.0004624835273716599
22614,0.0003043972246814519
22617,0.00039998971624299884
22620,0.0003185526584275067
22623,0.0003457675047684461
22626,0.005120298359543085
22629,0.0005693178973160684
22632,0.0008557827677577734
22635,0.000398035510443151
22638,0.00020206152112223208
22641,0.000504168274346739
22644,0.0009399661794304848
22647,0.00019901127961929888
22650,0.0006532043917104602
22653,0.0005444946000352502
22656,0.0007565009873360395
22659,0.0024379005189985037
22662,0.004734177142381668
22665,0.003294861875474453
22668,0.0015508837532252073
22671,0.00360844936221838
22674,0.0010212386259809136
22677,0.0006281982641667128
22680,0.00045308013795875013
22683,0.015462692826986313
22686,0.017642425373196602
22689,0.019696025177836418
22692,0.004151183180510998
22695,0.0017578579718247056
22698,0.0021301466040313244
22701,0.002626606496050954
22704,0.001998373307287693
22707,0.003742967965081334
22710,0.01436594594269991
22713,0.0048831915482878685
22716,0.03085867129266262
22719,0.0025696069933474064
22722,0.052093103528022766
22725,0.040123388171195984
22728,0.0016712291399016976
22731,0.040357355028390884
22734,0.014647076837718487
22737,0.0020306147634983063
22740,0.002659409772604704
22743,0.035474903881549835
22746,0.020442087203264236
22749,0.0019380287267267704
22752,0.0007194796344265342
22755,0.022323157638311386
22758,0.0016963621601462364
22761,0.0023845029063522816
22764,0.010910754092037678
22767,0.003231439273804426
22770,0.00907533522695303
22773,0.0212399959564209
22776,0.0023413407616317272
22779,0.0033858364913612604
22782,0.004972247406840324
22785,0.012364557012915611
22788,0.002134829293936491
22791,0.016052009537816048
22794,0.004687652923166752
22797,0.073529452085495
22800,0.03543628007173538
22803,0.03127962723374367
22806,0.06740651279687881
22809,0.008619544096291065
22812,0.007167703937739134
22815,0.021049678325653076
22818,0.011318770237267017
22821,0.026663057506084442
22824,0.020708100870251656
22827,0.013414566405117512
22830,0.011968385428190231
22833,0.01689252443611622
22836,0.04776603356003761
22839,0.001286944025196135
22842,0.02661893330514431
22845,0.004080187063664198
22848,0.01250812504440546
22851,0.031324826180934906
22854,0.0034556505270302296
22857,0.07056255638599396
22860,0.012174857780337334
22863,0.01605801098048687
22866,0.07988546788692474
22869,0.03119182027876377
22872,0.09697668254375458
22875,0.03538576513528824
22878,0.06590123474597931
22881,0.0022035499569028616
22884,0.05719040334224701
22887,0.014166402630507946
22890,0.012420829385519028
22893,0.005344774108380079
22896,0.011403834447264671
22899,0.1003773957490921
22902,0.03408295661211014
22905,0.037332285195589066
22908,0.04660871624946594
22911,0.011164288967847824
22914,0.0023670687805861235
22917,0.027226772159337997
22920,0.021785641089081764
22923,0.0017738128080964088
22926,0.004077425692230463
22929,0.001331165200099349
22932,0.004556924570351839
22935,0.026282386854290962
22938,0.039521899074316025
22941,0.007465857081115246
22944,0.0015838153194636106
22947,0.0017205497715622187
22950,0.002376845572143793
22953,0.0039367168210446835
22956,0.0023618051782250404
22959,0.02607947215437889
22962,0.024566231295466423
22965,0.0021111879032105207
22968,0.003008214756846428
22971,0.010881586000323296
22974,0.0032504324335604906
22977,0.002662206068634987
22980,0.002525679301470518
22983,0.025493277236819267
22986,0.00442547257989645
22989,0.005281652323901653
22992,0.014166715554893017
22995,0.006408344488590956
22998,0.0028567975386977196
23001,0.018190376460552216
23004,0.004477896261960268
23007,0.004730048589408398
23010,0.003086409065872431
23013,0.0028884196653962135
23016,0.0024832910858094692
23019,0.019060814753174782
23022,0.012887413613498211
23025,0.00397533131763339
23028,0.01112305372953415
23031,0.03328350558876991
23034,0.005018949508666992
23037,0.0052228448912501335
23040,0.002700828481465578
23043,0.009155008010566235
23046,0.002564680762588978
23049,0.0015344645362347364
23052,0.0030117484275251627
23055,0.003878897288814187
23058,0.0019235063809901476
23061,0.005446922034025192
23064,0.004519329871982336
23067,0.010084543377161026
23070,0.0032766838558018208
23073,0.006870108190923929
23076,0.0020125103183090687
23079,0.0010531789157539606
23082,0.008553054183721542
23085,0.005417477339506149
23088,0.0048225619830191135
23091,0.0031994262244552374
23094,0.002748052589595318
23097,0.005607513710856438
23100,0.017501937225461006
23103,0.0018084143521264195
23106,0.0030075754038989544
23109,0.009238784201443195
23112,0.004724590107798576
23115,0.0029545174911618233
23118,0.0011186341289430857
23121,0.014821433462202549
23124,0.0033738650381565094
23127,0.004959611687809229
23130,0.01411348395049572
23133,0.03643364831805229
23136,0.011460783891379833
23139,0.00993407890200615
23142,0.006906256079673767
23145,0.009675676003098488
23148,0.033608727157115936
23151,0.017733296379446983
23154,0.005538742523640394
23157,0.002195796463638544
23160,0.0029337953310459852
23163,0.0062976195476949215
23166,0.03841131925582886
23169,0.023729568347334862
23172,0.04913942143321037
23175,0.0038169724866747856
23178,0.01691623404622078
23181,0.00593589385971427
23184,0.04171735420823097
23187,0.043912045657634735
23190,0.0049161771312355995
23193,0.005842037498950958
23196,0.014341963455080986
23199,0.02324838377535343
23202,0.0026461193338036537
23205,0.00121353252325207
23208,0.0023272749967873096
23211,0.015647394582629204
23214,0.001972736092284322
23217,0.005608429200947285
23220,0.011031520552933216
23223,0.0016417630249634385
23226,0.012086877599358559
23229,0.01234729029238224
23232,0.017302902415394783
23235,0.017103595659136772
23238,0.0384318046271801
23241,0.005613143555819988
23244,0.010597709566354752
23247,0.07171203196048737
23250,0.03623406961560249
23253,0.005776800215244293
23256,0.007380203809589148
23259,0.035411786288022995
23262,0.06167806684970856
23265,0.004563122056424618
23268,0.024555500596761703
23271,0.025141622871160507
23274,0.007359841838479042
23277,0.010888473130762577
23280,0.01065756194293499
23283,0.08633433282375336
23286,0.017387719824910164
23289,0.018689632415771484
23292,0.027434423565864563
23295,0.011740079149603844
23298,0.02612876333296299
23301,0.09156973659992218
23304,0.008134238421916962
23307,0.0071019502356648445
23310,0.007213978096842766
23313,0.006530734710395336
23316,0.004374301992356777
23319,0.024165010079741478
23322,0.01569782756268978
23325,0.012127617374062538
23328,0.01590661332011223
23331,0.0028219111263751984
23334,0.005684597417712212
23337,0.013594115152955055
23340,0.026812080293893814
23343,0.010898471809923649
23346,0.004079650156199932
23349,0.0019912593998014927
23352,0.01167269516736269
23355,0.024212239310145378
23358,0.02016626112163067
23361,0.011390578001737595
23364,0.019999830052256584
23367,0.010102637112140656
23370,0.01580037921667099
23373,0.014884152449667454
23376,0.004128958564251661
23379,0.03551417216658592
23382,0.03339815512299538
23385,0.004322012886404991
23388,0.0021336711943149567
23391,0.06303251534700394
23394,0.0013438379392027855
23397,0.03132305666804314
23400,0.007078367285430431
23403,0.005214548669755459
23406,0.024552732706069946
23409,0.017854809761047363
23412,0.0026143149007111788
23415,0.00689616147428751
23418,0.040637485682964325
23421,0.008028616197407246
23424,0.0020312881097197533
23427,0.03171909227967262
23430,0.021793704479932785
23433,0.0017090033506974578
23436,0.011999709531664848
23439,0.001973891630768776
23442,0.049950335174798965
23445,0.0057814703322947025
23448,0.002357180928811431
23451,0.0030337932985275984
23454,0.06282021105289459
23457,0.0023318941239267588
23460,0.0021935184486210346
23463,0.006595763377845287
23466,0.020391305908560753
23469,0.010777021758258343
23472,0.03367513418197632
23475,0.0052910964004695415
23478,0.020761847496032715
23481,0.028614655137062073
23484,0.01855262741446495
23487,0.014417460188269615
23490,0.0013221327681094408
23493,0.0012162192724645138
23496,0.0012397824320942163
23499,0.0005990194622427225
23502,0.0012465566396713257
23505,0.002438208321109414
23508,0.08098704367876053
23511,0.0038576230872422457
23514,0.008401496335864067
23517,0.025516701862215996
23520,0.0012499024160206318
23523,0.009240221232175827
23526,0.005800568964332342
23529,0.038574740290641785
23532,0.003193506971001625
23535,0.002257381100207567
23538,0.009927927516400814
23541,0.017038926482200623
23544,0.006277179811149836
23547,0.005002258811146021
23550,0.009447588585317135
23553,0.01886953040957451
23556,0.010465309955179691
23559,0.04198290407657623
23562,0.00471150828525424
23565,0.002733984962105751
23568,0.056009430438280106
23571,0.022952193394303322
23574,0.004849649965763092
23577,0.018937019631266594
23580,0.0104023776948452
23583,0.02632218971848488
23586,0.04018215090036392
23589,0.005869987420737743
23592,0.012938067317008972
23595,0.018340183421969414
23598,0.012962632812559605
23601,0.0019595662597566843
23604,0.004882080014795065
23607,0.010506847873330116
23610,0.0178837813436985
23613,0.018244324252009392
23616,0.005794335622340441
23619,0.008684786036610603
23622,0.006163960322737694
23625,0.002883641282096505
23628,0.024570709094405174
23631,0.03354160487651825
23634,0.0019000063184648752
23637,0.006414749193936586
23640,0.020183183252811432
23643,0.012763427570462227
23646,0.019964173436164856
23649,0.006131242029368877
23652,0.004549981094896793
23655,0.033632781356573105
23658,0.012521231546998024
23661,0.0022548886481672525
23664,0.003175910795107484
23667,0.0029201314318925142
23670,0.023980524390935898
23673,0.0014041390968486667
23676,0.006532138213515282
23679,0.007443741429597139
23682,0.0025434696581214666
23685,0.028027763590216637
23688,0.0018219531048089266
23691,0.0022301198914647102
23694,0.00413889717310667
23697,0.00520617701113224
23700,0.003494658973067999
23703,0.004120341502130032
23706,0.002575016813352704
23709,0.013761457055807114
23712,0.04516590014100075
23715,0.011621462181210518
23718,0.003238870296627283
23721,0.0038427531253546476
23724,0.0076326350681483746
23727,0.006701412610709667
23730,0.001489684684202075
23733,0.005117512308061123
23736,0.017338819801807404
23739,0.00582500733435154
23742,0.0030066710896790028
23745,0.0075246412307024
23748,0.002044141059741378
23751,0.03501607105135918
23754,0.030179373919963837
23757,0.013938250951468945
23760,0.040467239916324615
23763,0.03143056109547615
23766,0.00920579582452774
23769,0.0038628182373940945
23772,0.019593629986047745
23775,0.018223512917757034
23778,0.02488589845597744
23781,0.0037188467103987932
23784,0.009503143839538097
23787,0.017385952174663544
23790,0.023435326293110847
23793,0.0029156538657844067
23796,0.02339487336575985
23799,0.00765567272901535
23802,0.0018630587728694081
23805,0.0077134654857218266
23808,0.004133304581046104
23811,0.002770044142380357
23814,0.001357011729851365
23817,0.0021522664465010166
23820,0.06774690002202988
23823,0.010586494579911232
23826,0.0017745739314705133
23829,0.0323585644364357
23832,0.014120493084192276
23835,0.0018536235438659787
23838,0.010423087514936924
23841,0.02279844507575035
23844,0.004327008500695229
23847,0.0024218065664172173
23850,0.005125168710947037
23853,0.04180652275681496
23856,0.0014160156715661287
23859,0.00413405429571867
23862,0.001751456642523408
23865,0.007752313278615475
23868,0.0583728589117527
23871,0.004760716576129198
23874,0.00344273098744452
23877,0.01842312514781952
23880,0.022001691162586212
23883,0.00392908463254571
23886,0.04940611869096756
23889,0.007579025812447071
23892,0.024114076048135757
23895,0.010865158401429653
23898,0.004212468862533569
23901,0.0023211147636175156
23904,0.039421889930963516
23907,0.0021497320849448442
23910,0.0120154470205307
23913,0.0030434972140938044
23916,0.0021403850987553596
23919,0.020921101793646812
23922,0.0009789683390408754
23925,0.0017490019090473652
23928,0.0014004866825416684
23931,0.003707057796418667
23934,0.0035377959720790386
23937,0.005101662129163742
23940,0.014732081443071365
23943,0.02861287072300911
23946,0.006645378191024065
23949,0.005324795842170715
23952,0.01767890714108944
23955,0.007570229470729828
23958,0.02562670037150383
23961,0.004935774020850658
23964,0.006645164918154478
23967,0.002672727219760418
23970,0.0018739975057542324
23973,0.017863748595118523
23976,0.006856754422187805
23979,0.0016728760674595833
23982,0.004469641018658876
23985,0.0032912453170865774
23988,0.03479379788041115
23991,0.003015467431396246
23994,0.004128553904592991
23997,0.01563512720167637
24000,0.0011316145537421107
24003,0.023561736568808556
24006,0.00996349472552538
24009,0.019146669656038284
24012,0.0019528247648850083
24015,0.011378675699234009
24018,0.003653382183983922
24021,0.0013144630938768387
24024,0.03325667604804039
24027,0.007847044616937637
24030,0.005173197947442532
24033,0.029116502031683922
24036,0.0031419016886502504
24039,0.0012303133262321353
24042,0.00203482573851943
24045,0.001911207102239132
24048,0.0018129479140043259
24051,0.0034478046000003815
24054,0.00423805508762598
24057,0.0031519485637545586
24060,0.0030431014019995928
24063,0.0030951208900660276
24066,0.0008367876289412379
24069,0.0004979431396350265
24072,0.0004126252024434507
24075,0.00044261885341256857
24078,0.00031196424970403314
24081,0.0024257616605609655
24084,0.0004282513400539756
24087,0.0007414534920826554
24090,0.0006903621833771467
24093,0.000503934221342206
24096,0.0007401038310490549
24099,0.0005638269940391183
24102,0.0004662209248635918
24105,0.0005876667564734817
24108,0.0005148635245859623
24111,0.0005286604864522815
24114,0.0010684869484975934
24117,0.00044910272117704153
24120,0.0010387928923591971
24123,0.00027921947184950113
24126,0.0004519093781709671
24129,0.009634440764784813
24132,0.004298541694879532
24135,0.00141518481541425
24138,0.021301042288541794
24141,0.009605158120393753
24144,0.0024589160457253456
24147,0.0010207319865003228
24150,0.005800954531878233
24153,0.01673497073352337
24156,0.023577772080898285
24159,0.016598975285887718
24162,0.012759849429130554
24165,0.0012636003084480762
24168,0.004722852259874344
24171,0.028156829997897148
24174,0.018913770094513893
24177,0.023833375424146652
24180,0.003959952387958765
24183,0.0011957030510529876
24186,0.006686327047646046
24189,0.001576423877850175
24192,0.0005068770842626691
24195,0.03367210552096367
24198,0.00040616485057398677
24201,0.000660981866531074
24204,0.0036172247491776943
24207,0.041324812918901443
24210,0.0018995453137904406
24213,0.0011878731893375516
24216,0.0007626783917658031
24219,0.01933838240802288
24222,0.0005730566917918622
24225,0.0005507373716682196
24228,0.0006258591311052442
24231,0.00041937176138162613
24234,0.00047359432210214436
24237,0.0004796750727109611
24240,0.04062773659825325
24243,0.001618004753254354
24246,0.0006393444491550326
24249,0.018308665603399277
24252,0.00029266468482092023
24255,0.002100094687193632
24258,0.037307076156139374
24261,0.003542341524735093
24264,0.011725123971700668
24267,0.0023005898110568523
24270,0.0007031378336250782
24273,0.002786826342344284
24276,0.002957138465717435
24279,0.011760212481021881
24282,0.03642520308494568
24285,0.0005573360249400139
24288,0.0020769478287547827
24291,0.0007730438373982906
24294,0.00967832375317812
24297,0.04822544381022453
24300,0.005493378732353449
24303,0.03941689804196358
24306,0.0014630990335717797
24309,0.002334645250812173
24312,0.02105378918349743
24315,0.02123209834098816
24318,0.004929870832711458
24321,0.030329324305057526
24324,0.011027644388377666
24327,0.02563248947262764
24330,0.001529669389128685
24333,0.007854688912630081
24336,0.03468452766537666
24339,0.0030299387872219086
24342,0.002110718283802271
24345,0.003955323249101639
24348,0.0024200095795094967
24351,0.003107953816652298
24354,0.003813602728769183
24357,0.0029769758693873882
24360,0.005912416148930788
24363,0.015416674315929413
24366,0.0019329164642840624
24369,0.00373133085668087
24372,0.0033268036786466837
24375,0.03734969720244408
24378,0.014149223454296589
24381,0.010744914412498474
24384,0.037172917276620865
24387,0.001354212872684002
24390,0.02052914723753929
24393,0.011049923487007618
24396,0.049362536519765854
24399,0.020561326295137405
24402,0.0009547018562443554
24405,0.011477318592369556
24408,0.0016374991973862052
24411,0.020295027643442154
24414,0.003784941043704748
24417,0.0011188117787241936
24420,0.009839237667620182
24423,0.005463381297886372
24426,0.009101836010813713
24429,0.004380634054541588
24432,0.0031318040564656258
24435,0.003783305175602436
24438,0.07355324923992157
24441,0.009025984443724155
24444,0.007556192111223936
24447,0.007323154713958502
24450,0.0037741526030004025
24453,0.051073960959911346
24456,0.008488831110298634
24459,0.040401630103588104
24462,0.01554841361939907
24465,0.004920959006994963
24468,0.02172636240720749
24471,0.02031586691737175
24474,0.0060237981379032135
24477,0.002560512162744999
24480,0.0024226189125329256
24483,0.0167008638381958
24486,0.003556571202352643
24489,0.008713066577911377
24492,0.002877115737646818
24495,0.04842473194003105
24498,0.0042272512800991535
24501,0.005874252878129482
24504,0.0401875376701355
24507,0.015189528465270996
24510,0.002046245615929365
24513,0.028400659561157227
24516,0.03605804592370987
24519,0.0033318090718239546
24522,0.0032679024152457714
24525,0.022837426513433456
24528,0.011607945896685123
24531,0.0028395820409059525
24534,0.025115787982940674
24537,0.01628616638481617
24540,0.015038504265248775
24543,0.010084075853228569
24546,0.003799655707553029
24549,0.002880675019696355
24552,0.04103423282504082
24555,0.014944409020245075
24558,0.015885883942246437
24561,0.06953835487365723
24564,0.020255399867892265
24567,0.024871792644262314
24570,0.022088436409831047
24573,0.006239824462682009
24576,0.0667366236448288
24579,0.005789965391159058
24582,0.02110319212079048
24585,0.021888766437768936
24588,0.00621256697922945
24591,0.004934951663017273
24594,0.020688578486442566
24597,0.018626810982823372
24600,0.02034459263086319
24603,0.01635727286338806
24606,0.0028622918762266636
24609,0.011113759130239487
24612,0.023621555417776108
24615,0.002381694968789816
24618,0.003996012732386589
24621,0.003167728427797556
24624,0.002256576670333743
24627,0.00712653947994113
24630,0.0008201992604881525
24633,0.005843026097863913
24636,0.004321306943893433
24639,0.0125865638256073
24642,0.03462577611207962
24645,0.007931429892778397
24648,0.02946627326309681
24651,0.011378275230526924
24654,0.005393152125179768
24657,0.023297512903809547
24660,0.006451718509197235
24663,0.029556291177868843
24666,0.0029934474732726812
24669,0.0025598229840397835
24672,0.017870672047138214
24675,0.08627919107675552
24678,0.008262835443019867
24681,0.013886983506381512
24684,0.030519217252731323
24687,0.0034793049562722445
24690,0.00839293748140335
24693,0.0031658317893743515
24696,0.015146926045417786
24699,0.03832254931330681
24702,0.04569889232516289
24705,0.04668822139501572
24708,0.006081284023821354
24711,0.047180503606796265
24714,0.044909749180078506
24717,0.02835553139448166
24720,0.008743141777813435
24723,0.024857863783836365
24726,0.048967618495225906
24729,0.005883881822228432
24732,0.009768878109753132
24735,0.044271957129240036
24738,0.02872723527252674
24741,0.0028577835764735937
24744,0.13208982348442078
24747,0.0057279933243989944
24750,0.03443696349859238
24753,0.02601669169962406
24756,0.02956785261631012
24759,0.003957204520702362
24762,0.010980658233165741
24765,0.004607939161360264
24768,0.0019742869772017
24771,0.021929152309894562
24774,0.02129322476685047
24777,0.011540601029992104
24780,0.044476985931396484
24783,0.04599318653345108
24786,0.0256455447524786
24789,0.036670003086328506
24792,0.036022886633872986
24795,0.01840789057314396
24798,0.006984970066696405
24801,0.04176906868815422
24804,0.049082569777965546
24807,0.017217271029949188
24810,0.0050773583352565765
24813,0.07627303898334503
24816,0.007455070503056049
24819,0.009862235747277737
24822,0.01099785789847374
24825,0.05323147028684616
24828,0.005247661843895912
24831,0.013438859954476357
24834,0.0008456116775050759
24837,0.006226764991879463
24840,0.006984457839280367
24843,0.013072253204882145
24846,0.02990165539085865
24849,0.001950970385223627
24852,0.019557306542992592
24855,0.0020489313174039125
24858,0.01907266303896904
24861,0.004024028778076172
24864,0.003765521105378866
24867,0.0045923939906060696
24870,0.0012341910041868687
24873,0.031691815704107285
24876,0.0014253363478928804
24879,0.0035364124923944473
24882,0.007202050182968378
24885,0.005226310342550278
24888,0.0043393392115831375
24891,0.002080394420772791
24894,0.004467136226594448
24897,0.0032457318156957626
24900,0.0006294809281826019
24903,0.0006771729094907641
24906,0.0023390091955661774
24909,0.0007961894152686
24912,0.007722912356257439
24915,0.003387297037988901
24918,0.0010700704297050834
24921,0.0055046104826033115
24924,0.051835305988788605
24927,0.002257874934002757
24930,0.005597136449068785
24933,0.0036797248758375645
24936,0.00420672120526433
24939,0.0009842374129220843
24942,0.015276791527867317
24945,0.0016375115374103189
24948,0.0017132395878434181
24951,0.0014432476600632071
24954,0.0020771841518580914
24957,0.002329132054001093
24960,0.002431367989629507
24963,0.0016078626504167914
24966,0.02842250093817711
24969,0.0009427224867977202
24972,0.0014234550762921572
24975,0.002514441031962633
24978,0.0015159203903749585
24981,0.0008954475051723421
24984,0.002046382986009121
24987,0.024231068789958954
24990,0.005794011987745762
24993,0.0006768335588276386
24996,0.0012960272142663598
24999,0.0013766384217888117
25002,0.001089487224817276
25005,0.0006747947772964835
25008,0.0005629571387544274
25011,0.001488969661295414
25014,0.0008643223554827273
25017,0.0010423808125779033
25020,0.027417482808232307
25023,0.0027981530874967575
25026,0.0011439579539000988
25029,0.0010510984575375915
25032,0.0006607486866414547
25035,0.027182433754205704
25038,0.000897099613212049
25041,0.0030635467264801264
25044,0.0007809413364157081
25047,0.002361450344324112
25050,0.0016487127868458629
25053,0.02564392052590847
25056,0.0008988369954749942
25059,0.001277335686609149
25062,0.0014446780551224947
25065,0.0017703627236187458
25068,0.0017651246162131429
25071,0.0064529492519795895
25074,0.0018108229851350188
25077,0.0017351980786770582
25080,0.0006140141631476581
25083,0.0005782097578048706
25086,0.001548046595416963
25089,0.0017622336745262146
25092,0.000721723132301122
25095,0.0007242272840812802
25098,0.0010514757595956326
25101,0.0006630535935983062
25104,0.0009474038379266858
25107,0.0022508299443870783
25110,0.0014081841800361872
25113,0.01577017828822136
25116,0.001626178389415145
25119,0.0005220110178925097
25122,0.0007190637988969684
25125,0.0013686679303646088
25128,0.0015748324804008007
25131,0.008318055421113968
25134,0.0035846643149852753
25137,0.0010722201550379395
25140,0.00046860985457897186
25143,0.0015751005848869681
25146,0.0006953453994356096
25149,0.0017671652603894472
25152,0.0011404650285840034
25155,0.021320130676031113
25158,0.0013661807170137763
25161,0.001953805796802044
25164,0.04227928817272186
25167,0.0016413781559094787
25170,0.0023354992736130953
25173,0.000856324564665556
25176,0.0026831880677491426
25179,0.0021200133487582207
25182,0.0058715008199214935
25185,0.0014780014753341675
25188,0.009751366451382637
25191,0.0018907985650002956
25194,0.014001457020640373
25197,0.02407108247280121
25200,0.0018757833167910576
25203,0.0013810577802360058
25206,0.0008111774222925305
25209,0.0026776420418173075
25212,0.0012173467548564076
25215,0.001085805706679821
25218,0.0008099310216493905
25221,0.0011159704299643636
25224,0.00121324323117733
25227,0.0008480132091790438
25230,0.01020573079586029
25233,0.002947272965684533
25236,0.0008566412725485861
25239,0.0011422253446653485
25242,0.0007690326892770827
25245,0.0007428694516420364
25248,0.0011069682659581304
25251,0.0016295933164656162
25254,0.0008958888938650489
25257,0.0002945836749859154
25260,0.001378417480736971
25263,0.0012913616374135017
25266,0.0019133206224069
25269,0.000625132757704705
25272,0.0006505460478365421
25275,0.0006527872756123543
25278,0.005060792900621891
25281,0.0003086711512878537
25284,0.0004769630322698504
25287,0.00031832410604692996
25290,0.0015682735247537494
25293,0.0003057879221159965
25296,0.02235565520823002
25299,0.00021950126392766833
25302,0.0008226661593653262
25305,0.0002621381136123091
25308,0.005692339967936277
25311,0.0006346638547256589
25314,0.00029803471988998353
25317,0.0007029045955277979
25320,0.0002567293995525688
25323,0.0006791319465264678
25326,0.0011499242391437292
25329,0.0022149377036839724
25332,0.00022250149049796164
25335,0.00023954169591888785
25338,0.0011777325998991728
25341,0.00040883675683289766
25344,0.04764546826481819
25347,0.004121743608266115
25350,0.044788047671318054
25353,0.024519821628928185
25356,0.0006172007415443659
25359,0.04341749846935272
25362,0.0009614581940695643
25365,0.0006489367224276066
25368,0.0008906638249754906
25371,0.0024834834039211273
25374,0.0012847224716097116
25377,0.0009643149096518755
25380,0.020455703139305115
25383,0.0010285808239132166
25386,0.01900084875524044
25389,0.0030339527875185013
25392,0.0007757924613542855
25395,0.00723571702837944
25398,0.00044427596731111407
25401,0.0008747063693590462
25404,0.008991112001240253
25407,0.0008495885413140059
25410,0.017753180116415024
25413,0.025425216183066368
25416,0.03971553593873978
25419,0.010120243765413761
25422,0.003773430595174432
25425,0.03094414621591568
25428,0.015486485324800014
25431,0.005440479144454002
25434,0.028266292065382004
25437,0.002177207265049219
25440,0.0034163978416472673
25443,0.015430232509970665
25446,0.004299098625779152
25449,0.016871990635991096
25452,0.002647810149937868
25455,0.010337472893297672
25458,0.004431324545294046
25461,0.04174487665295601
25464,0.004169659689068794
25467,0.052986446768045425
25470,0.00721098855137825
25473,0.030205950140953064
25476,0.04129113629460335
25479,0.023603074252605438
25482,0.05940317362546921
25485,0.02305801585316658
25488,0.016443878412246704
25491,0.024686690419912338
25494,0.011429408565163612
25497,0.005500124301761389
25500,0.006183534394949675
25503,0.015454379841685295
25506,0.007472192868590355
25509,0.0067564621567726135
25512,0.010526387952268124
25515,0.0017331072594970465
25518,0.03490909934043884
25521,0.03788464888930321
25524,0.03004375845193863
25527,0.002047835849225521
25530,0.022978831082582474
25533,0.011611283756792545
25536,0.10176179558038712
25539,0.03849273920059204
25542,0.007485784590244293
25545,0.07843196392059326
25548,0.14955970644950867
25551,0.017057690769433975
25554,0.013854197226464748
25557,0.04037468880414963
25560,0.019240237772464752
25563,0.02766554243862629
25566,0.10795000195503235
25569,0.06637556105852127
25572,0.017602823674678802
25575,0.0462266243994236
25578,0.032740652561187744
25581,0.02846982702612877
25584,0.041127871721982956
25587,0.05456826835870743
25590,0.05776555463671684
25593,0.023926714435219765
25596,0.012501288205385208
25599,0.04009079188108444
25602,0.011717644520103931
25605,0.0018303091637790203
25608,0.04346238449215889
25611,0.04836445301771164
25614,0.04527043551206589
25617,0.031898654997348785
25620,0.005664039868861437
25623,0.020071472972631454
25626,0.005734983831644058
25629,0.0010932193836197257
25632,0.002407223219051957
25635,0.0015281110536307096
25638,0.0020623221062123775
25641,0.0021153546404093504
25644,0.029132414609193802
25647,0.018600232899188995
25650,0.020757170394062996
25653,0.003942541778087616
25656,0.010885778814554214
25659,0.010224954225122929
25662,0.06542548537254333
25665,0.03855345770716667
25668,0.04446745663881302
25671,0.01935460790991783
25674,0.017662279307842255
25677,0.002607331844046712
25680,0.005489001981914043
25683,0.021252069622278214
25686,0.0035716849379241467
25689,0.04618500545620918
25692,0.034582898020744324
25695,0.028293456882238388
25698,0.006163484416902065
25701,0.05811188369989395
25704,0.027938013896346092
25707,0.00466533936560154
25710,0.0040649063885211945
25713,0.013394307345151901
25716,0.07500703632831573
25719,0.006799144670367241
25722,0.00485075730830431
25725,0.002895352663472295
25728,0.0020734197460114956
25731,0.027872540056705475
25734,0.011997900903224945
25737,0.013317709788680077
25740,0.01300596073269844
25743,0.016505083069205284
25746,0.0035716413985937834
25749,0.01291743479669094
25752,0.0015261468943208456
25755,0.021385787054896355
25758,0.006693504750728607
25761,0.03835358843207359
25764,0.028344666585326195
25767,0.00445684976875782
25770,0.014950248412787914
25773,0.012978816404938698
25776,0.045977380126714706
25779,0.012087684124708176
25782,0.002491079969331622
25785,0.0025845319032669067
25788,0.02352084219455719
25791,0.029364224523305893
25794,0.0008491912158206105
25797,0.0020146723836660385
25800,0.0014427214628085494
25803,0.0013388553634285927
25806,0.0014591881772503257
25809,0.007694396190345287
25812,0.0010710975620895624
25815,0.000893036718480289
25818,0.005479901563376188
25821,0.0007935048779472709
25824,0.0027788812294602394
25827,0.003395502921193838
25830,0.0005724196089431643
25833,0.0035259563010185957
25836,0.001810035202652216
25839,0.004978054203093052
25842,0.0008724702056497335
25845,0.0009886270854622126
25848,0.0020331547129899263
25851,0.0013437948655337095
25854,0.0012264238903298974
25857,0.019913380965590477
25860,0.010510495863854885
25863,0.0006152483401820064
25866,0.06611926108598709
25869,0.00033012533094733953
25872,0.04346431419253349
25875,0.003956701140850782
25878,0.01902802288532257
25881,0.001113753067329526
25884,0.029512595385313034
25887,0.0031837760470807552
25890,0.000432151515269652
25893,0.0004005978407803923
25896,0.0015960871241986752
25899,0.019063401967287064
25902,0.0005929903709329665
25905,0.0009404247393831611
25908,0.0003675027401186526
25911,0.00041373324347659945
25914,0.0013275486417114735
25917,0.0010732621885836124
25920,0.03996589407324791
25923,0.0015800476539880037
25926,0.03386181592941284
25929,0.0016155604971572757
25932,0.002633781172335148
25935,0.003924132790416479
25938,0.05809265002608299
25941,0.012863663025200367
25944,0.003808541689068079
25947,0.0023176553659141064
25950,0.01987449638545513
25953,0.02189919725060463
25956,0.0027705514803528786
25959,0.009264273568987846
25962,0.008117316290736198
25965,0.016803551465272903
25968,0.03841667249798775
25971,0.0006072237156331539
25974,0.016269514337182045
25977,0.023743726313114166
25980,0.07237134873867035
25983,0.03516574203968048
25986,0.0008689537062309682
25989,0.0010940302163362503
25992,0.0008967913454398513
25995,0.0012508340878412127
25998,0.00210266700014472
26001,0.00038788275560364127
26004,0.000833565485663712
26007,0.0015094529371708632
26010,0.001266377279534936
26013,0.0017607377376407385
26016,0.0004502346273511648
26019,0.0005538574769161642
26022,0.0005165981710888445
26025,0.0005528605543076992
26028,0.0007293384987860918
26031,0.0007807696820236742
26034,0.0006395820528268814
26037,0.0014264772180467844
26040,0.0010801925091072917
26043,0.0004677537945099175
26046,0.0008829183643683791
26049,0.00356694171205163
26052,0.0002918437239713967
26055,0.0033340645022690296
26058,0.023092661052942276
26061,0.00039222577470354736
26064,0.039652612060308456
26067,0.00044234999222680926
26070,0.00383467273786664
26073,0.0031399892177432775
26076,0.0008986595785245299
26079,0.0007911609136499465
26082,0.0008941463311202824
26085,0.0005410021403804421
26088,0.003178673330694437
26091,0.0007292138179764152
26094,0.0005974002415314317
26097,0.006191464606672525
26100,0.0005679779569618404
26103,0.002783803502097726
26106,0.0018890288192778826
26109,0.0361957773566246
26112,0.0824592188000679
26115,0.01450747437775135
26118,0.002265151124447584
26121,0.0009374117944389582
26124,0.0013693149667233229
26127,0.0232651736587286
26130,0.0025428899098187685
26133,0.0019356005359441042
26136,0.0035846589598804712
26139,0.009193234145641327
26142,0.013047883287072182
26145,0.025710061192512512
26148,0.008257312700152397
26151,0.0007301525911316276
26154,0.015629710629582405
26157,0.01907733827829361
26160,0.0010506967082619667
26163,0.004516759887337685
26166,0.010434906929731369
26169,0.0012249486753717065
26172,0.0033416221849620342
26175,0.004804771393537521
26178,0.0009396098321303725
26181,0.014720533974468708
26184,0.02649836800992489
26187,0.0043919943273067474
26190,0.0039056241512298584
26193,0.002220225054770708
26196,0.0019557722844183445
26199,0.0034327805042266846
26202,0.06014730781316757
26205,0.000569756084587425
26208,0.001918633934110403
26211,0.0009188138647004962
26214,0.001517817610874772
26217,0.00645828852429986
26220,0.0064440579153597355
26223,0.0009028858039528131
26226,0.008623586036264896
26229,0.0011016500648111105
26232,0.00208259210921824
26235,0.02210385911166668
26238,0.003420629072934389
26241,0.0030499494168907404
26244,0.019946468994021416
26247,0.019653253257274628
26250,0.005368988960981369
26253,0.0170108824968338
26256,0.005159459076821804
26259,0.00572371669113636
26262,0.0022210590541362762
26265,0.005670421756803989
26268,0.02368217706680298
26271,0.00860090833157301
26274,0.0023842535447329283
26277,0.0017757565947249532
26280,0.0018144549103453755
26283,0.0010253668297082186
26286,0.028656983748078346
26289,0.0015839663101360202
26292,0.01197931170463562
26295,0.019068269059062004
26298,0.0018367558950558305
26301,0.005442940164357424
26304,0.011754857376217842
26307,0.0014492017216980457
26310,0.0009983743075281382
26313,0.0028763865120708942
26316,0.007550437469035387
26319,0.004972914699465036
26322,0.0023103600833564997
26325,0.006518842652440071
26328,0.0014756307937204838
26331,0.007198725361377001
26334,0.01143034640699625
26337,0.005605345591902733
26340,0.0030883545987308025
26343,0.0013087731786072254
26346,0.0025866208598017693
26349,0.0007306105690076947
26352,0.004755404312163591
26355,0.003962579183280468
26358,0.0024360737297683954
26361,0.007258894853293896
26364,0.023480547592043877
26367,0.005109767895191908
26370,0.011188173666596413
26373,0.004908720031380653
26376,0.0068108090199530125
26379,0.0016978478524833918
26382,0.0013125602854415774
26385,0.028333012014627457
26388,0.001516480464488268
26391,0.0014828380662947893
26394,0.0016225128201767802
26397,0.0037414778489619493
26400,0.009767362847924232
26403,0.0027193590067327023
26406,0.0008980279671959579
26409,0.001309992978349328
26412,0.011454569175839424
26415,0.008420095779001713
26418,0.011397936381399632
26421,0.007745689712464809
26424,0.013699112460017204
26427,0.002328689908608794
26430,0.02680630050599575
26433,0.00869821384549141
26436,0.028004039078950882
26439,0.03068249300122261
26442,0.0149147417396307
26445,0.0066983080469071865
26448,0.031878747045993805
26451,0.028485041111707687
26454,0.009651629254221916
26457,0.0038248638156801462
26460,0.02406669594347477
26463,0.0015924242325127125
26466,0.006560600362718105
26469,0.0033614514395594597
26472,0.011836979538202286
26475,0.01322585716843605
26478,0.018112577497959137
26481,0.03565178066492081
26484,0.0027523499447852373
26487,0.013989431783556938
26490,0.003910612314939499
26493,0.016929075121879578
26496,0.003220090176910162
26499,0.0011545601300895214
26502,0.004218532703816891
26505,0.014872763305902481
26508,0.0015737448120489717
26511,0.03794722631573677
26514,0.005442088469862938
26517,0.0008256651926785707
26520,0.02779015339910984
26523,0.0032606611493974924
26526,0.01062498427927494
26529,0.0043157241307199
26532,0.011132778599858284
26535,0.02574782818555832
26538,0.007231093943119049
26541,0.005895400419831276
26544,0.011665793135762215
26547,0.01450815424323082
26550,0.005852642469108105
26553,0.0007893619476817548
26556,0.021487955003976822
26559,0.027132080867886543
26562,0.001456406433135271
26565,0.0009991476545110345
26568,0.0018617516616359353
26571,0.033047884702682495
26574,0.013560362160205841
26577,0.0012283154064789414
26580,0.027686644345521927
26583,0.001770511968061328
26586,0.003358446294441819
26589,0.0010752480011433363
26592,0.005605583544820547
26595,0.002687073778361082
26598,0.0008091602940112352
26601,0.00670457910746336
26604,0.006805488374084234
26607,0.0017838117200881243
26610,0.0021356791257858276
26613,0.024815471842885017
26616,0.0011555879609659314
26619,0.0009404197917319834
26622,0.0017198054119944572
26625,0.003549393732100725
26628,0.0009372745407745242
26631,0.028397221118211746
26634,0.0010293548693880439
26637,0.0006708769942633808
26640,0.0007949931896291673
26643,0.00039838143857195973
26646,0.03473804518580437
26649,0.029567919671535492
26652,0.007843422703444958
26655,0.0016033131396397948
26658,0.0010326369665563107
26661,0.0008436451316811144
26664,0.000639310572296381
26667,0.02140844613313675
26670,0.0026692135725170374
26673,0.0034830793738365173
26676,0.0005554559174925089
26679,0.008012617006897926
26682,0.01525458600372076
26685,0.0007258807308971882
26688,0.0010375711135566235
26691,0.0009644696838222444
26694,0.00046515013673342764
26697,0.0027139890007674694
26700,0.0004108332213945687
26703,0.0016909094993025064
26706,0.0007735756225883961
26709,0.0005656223511323333
26712,0.003088786266744137
26715,0.001341711962595582
26718,0.004824936389923096
26721,0.0018322127871215343
26724,0.0005261074402369559
26727,0.0014034999767318368
26730,0.0008011579047888517
26733,0.0012335603823885322
26736,0.020360078662633896
26739,0.0003808299661614001
26742,0.019331542775034904
26745,0.0006580137414857745
26748,0.0008018980151973665
26751,0.002749629784375429
26754,0.002547453623265028
26757,0.0009170158300548792
26760,0.00361544918268919
26763,0.0046687801368534565
26766,0.0010755343828350306
26769,0.013502281159162521
26772,0.0013055293820798397
26775,0.0069795092567801476
26778,0.002567226765677333
26781,0.012350396253168583
26784,0.009310126304626465
26787,0.02171902358531952
26790,0.0024029365740716457
26793,0.0009215305326506495
26796,0.003657587803900242
26799,0.014917584136128426
26802,0.0027305325493216515
26805,0.0054215332493186
26808,0.01118317898362875
26811,0.0008411688613705337
26814,0.04162616655230522
26817,0.008457613177597523
26820,0.004601633176207542
26823,0.05281982570886612
26826,0.019099317491054535
26829,0.00071236229268834
26832,0.07502521574497223
26835,0.01109570823609829
26838,0.040535856038331985
26841,0.005452753975987434
26844,0.006278773304075003
26847,0.0011316344607621431
26850,0.006619706749916077
26853,0.0020173261873424053
26856,0.005698966793715954
26859,0.004205075092613697
26862,0.0020922168623656034
26865,0.02564385160803795
26868,0.0036719010677188635
26871,0.019363628700375557
26874,0.013630766421556473
26877,0.0017475408967584372
26880,0.038960520178079605
26883,0.03525463119149208
26886,0.0010673574870452285
26889,0.07175839692354202
26892,0.007036815397441387
26895,0.012611585669219494
26898,0.02524108998477459
26901,0.011280905455350876
26904,0.0684015303850174
26907,0.05500050634145737
26910,0.03882591426372528
26913,0.05884460732340813
26916,0.028038064017891884
26919,0.013003132306039333
26922,0.04613996297121048
26925,0.03686528652906418
26928,0.003720418084412813
26931,0.0024666674435138702
26934,0.05467844009399414
26937,0.03009910136461258
26940,0.006784115452319384
26943,0.06872395426034927
26946,0.0033582544419914484
26949,0.0015149293467402458
26952,0.003906340338289738
26955,0.0017163318116217852
26958,0.011354428716003895
26961,0.0274013951420784
26964,0.002153191715478897
26967,0.006187905557453632
26970,0.0031255476642400026
26973,0.00208727247081697
26976,0.0024175611324608326
26979,0.008967897854745388
26982,0.0019588263239711523
26985,0.009421822614967823
26988,0.012318085879087448
26991,0.002402669982984662
26994,0.001177983358502388
26997,0.029876170679926872
27000,0.013333826325833797
27003,0.0017197735141962767
27006,0.01721758209168911
27009,0.0014063204871490598
27012,0.005272269248962402
27015,0.002041380386799574
27018,0.005755563732236624
27021,0.0017884887056425214
27024,0.023975444957613945
27027,0.010690002702176571
27030,0.0014255442656576633
27033,0.0010588107397779822
27036,0.003490771632641554
27039,0.023631952702999115
27042,0.0024563241750001907
27045,0.002933892421424389
27048,0.015638871118426323
27051,0.0008512965869158506
27054,0.005133462138473988
27057,0.00116185680963099
27060,0.002328717615455389
27063,0.020893780514597893
27066,0.01485930010676384
27069,0.0016984104877337813
27072,0.011676101945340633
27075,0.031069207936525345
27078,0.0012680634390562773
27081,0.03896872699260712
27084,0.01881393790245056
27087,0.02869085781276226
27090,0.07783979177474976
27093,0.04830354079604149
27096,0.01532247569411993
27099,0.002494527492672205
27102,0.01283945981413126
27105,0.017919480800628662
27108,0.0026464350521564484
27111,0.01067444495856762
27114,0.01376694068312645
27117,0.012166200205683708
27120,0.014123372733592987
27123,0.001258219825103879
27126,0.05448124557733536
27129,0.005046575330197811
27132,0.0018340754322707653
27135,0.006750346627086401
27138,0.0372919924557209
27141,0.009630672633647919
27144,0.011131294071674347
27147,0.02100951410830021
27150,0.012883755378425121
27153,0.002021358348429203
27156,0.0015299469232559204
27159,0.005899347364902496
27162,0.01034506969153881
27165,0.028352783992886543
27168,0.008629490621387959
27171,0.004600211977958679
27174,0.006015205290168524
27177,0.014087991788983345
27180,0.011356893926858902
27183,0.01418812945485115
27186,0.04012609273195267
27189,0.011959767900407314
27192,0.018564078956842422
27195,0.0038664150051772594
27198,0.021418044343590736
27201,0.015138508751988411
27204,0.0017803875962272286
27207,0.013089410960674286
27210,0.008823495358228683
27213,0.0023434474132955074
27216,0.0014857756905257702
27219,0.02242400497198105
27222,0.015806060284376144
27225,0.0010223407298326492
27228,0.0024618683382868767
27231,0.003014247864484787
27234,0.0397849977016449
27237,0.0019967665430158377
27240,0.002817781176418066
27243,0.0016632258193567395
27246,0.00180007831659168
27249,0.0008550131460651755
27252,0.0008549880585633218
27255,0.0017165446188300848
27258,0.0006119079771451652
27261,0.0021876865066587925
27264,0.008971250616014004
27267,0.0009915466653183103
27270,0.01209650095552206
27273,0.00262708542868495
27276,0.0005389981670305133
27279,0.004343894775956869
27282,0.0007777379360049963
27285,0.000493797764647752
27288,0.0013453300343826413
27291,0.0006007303600199521
27294,0.001389136421494186
27297,0.0018166092922911048
27300,0.0010376697173342109
27303,0.0009164748480543494
27306,0.0029203437734395266
27309,0.0025579091161489487
27312,0.0010638015810400248
27315,0.0007633512723259628
27318,0.0003505378554109484
27321,0.00779104046523571
27324,0.0009023904567584395
27327,0.0016081132926046848
27330,0.03103899583220482
27333,0.04967072606086731
27336,0.0019987730775028467
27339,0.007498323917388916
27342,0.017780907452106476
27345,0.019023766741156578
27348,0.0010748017812147737
27351,0.007298185024410486
27354,0.0017456818604841828
27357,0.036933787167072296
27360,0.0008660648018121719
27363,0.001405832008458674
27366,0.0006542912451550364
27369,0.000834487029351294
27372,0.0014373075682669878
27375,0.022054070606827736
27378,0.009493160992860794
27381,0.0029737926088273525
27384,0.0014266693033277988
27387,0.0011368473060429096
27390,0.0016275045927613974
27393,0.0007650708430446684
27396,0.0008593433303758502
27399,0.0014078535605221987
27402,0.00101035600528121
27405,0.0011725716758519411
27408,0.012623121030628681
27411,0.0005665215430781245
27414,0.0019495205488055944
27417,0.0004147580766584724
27420,0.01708761788904667
27423,0.0010414677672088146
27426,0.0005591819062829018
27429,0.012894261628389359
27432,0.0025261312257498503
27435,0.0005325580714270473
27438,0.0009358411771245301
27441,0.003215295961126685
27444,0.0006864149472676218
27447,0.0004822156042791903
27450,0.0003369627520442009
27453,0.03510478883981705
27456,0.0009469495853409171
27459,0.050585582852363586
27462,0.0020340404007583857
27465,0.03195837140083313
27468,0.0010773385874927044
27471,0.0008629272342659533
27474,0.0017320449696853757
27477,0.016028283163905144
27480,0.0043556722812354565
27483,0.0009983873460441828
27486,0.0008871339960023761
27489,0.014466848224401474
27492,0.0015330553287640214
27495,0.009135354310274124
27498,0.017431477084755898
27501,0.0016034699510782957
27504,0.0005868790904060006
27507,0.016005609184503555
27510,0.0005312402499839664
27513,0.0023739170283079147
27516,0.013566256500780582
27519,0.0009325065766461194
27522,0.019831974059343338
27525,0.005148832220584154
27528,0.004781562369316816
27531,0.0013231344055384398
27534,0.019082829356193542
27537,0.04406886547803879
27540,0.002579446416348219
27543,0.003188958391547203
27546,0.036731649190187454
27549,0.0013147977879270911
27552,0.001191201969049871
27555,0.0012868691701442003
27558,0.006306215189397335
27561,0.031860992312431335
27564,0.003694712184369564
27567,0.011848540045320988
27570,0.003039407078176737
27573,0.003800011705607176
27576,0.0007662092102691531
27579,0.0008630059892311692
27582,0.0013974371831864119
27585,0.0006935782148502767
27588,0.002369863446801901
27591,0.008728470653295517
27594,0.020518286153674126
27597,0.0037664221599698067
27600,0.03852924704551697
27603,0.0012894500978291035
27606,0.004505460150539875
27609,0.0009534251294098794
27612,0.0033986493945121765
27615,0.000823952432256192
27618,0.0010525137186050415
27621,0.0013237693347036839
27624,0.0019627874717116356
27627,0.0005761567153967917
27630,0.0213274285197258
27633,0.001711696619167924
27636,0.0014484375715255737
27639,0.0012210974236950278
27642,0.030524302273988724
27645,0.0009683998068794608
27648,0.02099686488509178
27651,0.0068048592656850815
27654,0.02783038653433323
27657,0.004842744208872318
27660,0.0012692597229033709
27663,0.0012582704657688737
27666,0.0015060282312333584
27669,0.0013843930792063475
27672,0.0028249891474843025
27675,0.010867059230804443
27678,0.0009464280446991324
27681,0.0008236156427301466
27684,0.0027599246241152287
27687,0.0009702899260446429
27690,0.0036853603087365627
27693,0.0004005564551334828
27696,0.000528971548192203
27699,0.0011207428760826588
27702,0.0006561785121448338
27705,0.0009412686340510845
27708,0.0005237514851614833
27711,0.0005955400411039591
27714,0.0038133510388433933
27717,0.001638347515836358
27720,0.03238677605986595
27723,0.003951906226575375
27726,0.016621140763163567
27729,0.002156467642635107
27732,0.04996046796441078
27735,0.010027852840721607
27738,0.03196766972541809
27741,0.006098663434386253
27744,0.0038147345185279846
27747,0.010201011784374714
27750,0.009091190062463284
27753,0.004171765875071287
27756,0.010954500176012516
27759,0.0009165187366306782
27762,0.010401353240013123
27765,0.001273340662010014
27768,0.007776932325214148
27771,0.0030699498020112514
27774,0.019449494779109955
27777,0.008125262334942818
27780,0.0009247585549019277
27783,0.001062316121533513
27786,0.015551487915217876
27789,0.029878931120038033
27792,0.028776878491044044
27795,0.004425195511430502
27798,0.003105172421783209
27801,0.001930329017341137
27804,0.010468661785125732
27807,0.012848463840782642
27810,0.002188802231103182
27813,0.042438991367816925
27816,0.013865863904356956
27819,0.002897566184401512
27822,0.0011032021138817072
27825,0.004382101818919182
27828,0.0010182000696659088
27831,0.002895656507462263
27834,0.0029981164261698723
27837,0.0017721259500831366
27840,0.0027298599015921354
27843,0.0017693128902465105
27846,0.009814608842134476
27849,0.0028921798802912235
27852,0.004019218031316996
27855,0.003181526903063059
27858,0.0016834624111652374
27861,0.055309366434812546
27864,0.0040214527398347855
27867,0.01888047531247139
27870,0.0019400506280362606
27873,0.005465767811983824
27876,0.0019480307819321752
27879,0.0023456565104424953
27882,0.031864508986473083
27885,0.003480444196611643
27888,0.0034325900487601757
27891,0.004067712463438511
27894,0.018288373947143555
27897,0.0025458617601543665
27900,0.040978509932756424
27903,0.02488948404788971
27906,0.02291797660291195
27909,0.012745450250804424
27912,0.010166600346565247
27915,0.011005358770489693
27918,0.0824292004108429
27921,0.03149731457233429
27924,0.01813630945980549
27927,0.003808211302384734
27930,0.01299780048429966
27933,0.007197595667093992
27936,0.025363333523273468
27939,0.0078782569617033
27942,0.05577385798096657
27945,0.02835078537464142
27948,0.01680111512541771
27951,0.016270186752080917
27954,0.02805842086672783
27957,0.00943342037498951
27960,0.029086565598845482
27963,0.046000197529792786
27966,0.009997077286243439
27969,0.003929728642106056
27972,0.007589633110910654
27975,0.007015617564320564
27978,0.004331100732088089
27981,0.008907930925488472
27984,0.00416951347142458
27987,0.04270260035991669
27990,0.0038652983494102955
27993,0.0034699290990829468
27996,0.009251933544874191
27999,0.006186448968946934
28002,0.0060537732206285
28005,0.003564929123967886
28008,0.014847613871097565
28011,0.0023603145964443684
28014,0.012251519598066807
28017,0.007592320907860994
28020,0.004607828333973885
28023,0.008542854338884354
28026,0.004706794396042824
28029,0.0028966909740120173
28032,0.0784260630607605
28035,0.04199807718396187
28038,0.02726900577545166
28041,0.00934589933604002
28044,0.018077149987220764
28047,0.021741610020399094
28050,0.022921765223145485
28053,0.06863891333341599
28056,0.0023039369843900204
28059,0.0052776094526052475
28062,0.0088387131690979
28065,0.0028098300099372864
28068,0.0058891852386295795
28071,0.01836816407740116
28074,0.00953083299100399
28077,0.006264766678214073
28080,0.0316869355738163
28083,0.061045289039611816
28086,0.028773745521903038
28089,0.004303249530494213
28092,0.04264742136001587
28095,0.00586374755948782
28098,0.0037106408271938562
28101,0.002494948683306575
28104,0.042854633182287216
28107,0.005444114096462727
28110,0.005417164880782366
28113,0.0022664074786007404
28116,0.05870433896780014
28119,0.016577893868088722
28122,0.014390191994607449
28125,0.003140839748084545
28128,0.011505775153636932
28131,0.011189395561814308
28134,0.0016272205393761396
28137,0.002941457089036703
28140,0.0015651718713343143
28143,0.020041573792696
28146,0.003030971856787801
28149,0.013839545659720898
28152,0.0035145864821970463
28155,0.010768885724246502
28158,0.030846871435642242
28161,0.0025739320553839207
28164,0.006739635020494461
28167,0.018956691026687622
28170,0.015019879676401615
28173,0.0029000062495470047
28176,0.0022495288867503405
28179,0.0024216731544584036
28182,0.019687768071889877
28185,0.020017189905047417
28188,0.003797459416091442
28191,0.008216707967221737
28194,0.004196427296847105
28197,0.0020994325168430805
28200,0.00215827370993793
28203,0.016624238342046738
28206,0.0023980489932000637
28209,0.012837410904467106
28212,0.003299472853541374
28215,0.006376214325428009
28218,0.006985558196902275
28221,0.0020561651326715946
28224,0.0007349629886448383
28227,0.0008807397680357099
28230,0.007536332588642836
28233,0.0008598983404226601
28236,0.0009676635963842273
28239,0.0016101510263979435
28242,0.0038999493699520826
28245,0.0007464778609573841
28248,0.0017518014647066593
28251,0.000878560880664736
28254,0.001018983661197126
28257,0.03130044788122177
28260,0.0005296834860928357
28263,0.0032745087519288063
28266,0.0008629468502476811
28269,0.001067714300006628
28272,0.001022163312882185
28275,0.0011907629668712616
28278,0.0005124424351379275
28281,0.001647632452659309
28284,0.0003945836506318301
28287,0.0007239747210405767
28290,0.0011717742308974266
28293,0.0012855492532253265
28296,0.001366213196888566
28299,0.02989165112376213
28302,0.0006790996994823217
28305,0.0029972053598612547
28308,0.0010316356783732772
28311,0.015251828357577324
28314,0.008212403394281864
28317,0.0014798102201893926
28320,0.0009665783145464957
28323,0.0007935775211080909
28326,0.016622530296444893
28329,0.001468309317715466
28332,0.0009875360410660505
28335,0.004346666391938925
28338,0.0011288576060906053
28341,0.0014726435765624046
28344,0.0013013615971431136
28347,0.003724574577063322
28350,0.00748832244426012
28353,0.018587421625852585
28356,0.013994710519909859
28359,0.0038375635631382465
28362,0.03678523004055023
28365,0.038743894547224045
28368,0.014522135257720947
28371,0.029691707342863083
28374,0.004731153603643179
28377,0.0030047588516026735
28380,0.0396106019616127
28383,0.016123052686452866
28386,0.011562859639525414
28389,0.029950540512800217
28392,0.005475195124745369
28395,0.016237596049904823
28398,0.00189714296720922
28401,0.016380952671170235
28404,0.001522782607935369
28407,0.0024958807043731213
28410,0.017008190974593163
28413,0.010078814812004566
28416,0.006703366991132498
28419,0.011452926322817802
28422,0.03078841045498848
28425,0.007130151614546776
28428,0.011555831879377365
28431,0.010210097767412663
28434,0.0029886767733842134
28437,0.004975271876901388
28440,0.03088514506816864
28443,0.007114201784133911
28446,0.014880796894431114
28449,0.04129090532660484
28452,0.0030625280924141407
28455,0.0038871699944138527
28458,0.001339457812719047
28461,0.014793540351092815
28464,0.015404554083943367
28467,0.017501050606369972
28470,0.003857922740280628
28473,0.03565128892660141
28476,0.02635149657726288
28479,0.01724974624812603
28482,0.004014348611235619
28485,0.00281501654535532
28488,0.023441174998879433
28491,0.05850798264145851
28494,0.004701521713286638
28497,0.014541685581207275
28500,0.017560001462697983
28503,0.022992022335529327
28506,0.03855528682470322
28509,0.03963080793619156
28512,0.007352938875555992
28515,0.05088362842798233
28518,0.007165147922933102
28521,0.020387660712003708
28524,0.012273137457668781
28527,0.0034534409642219543
28530,0.009150262922048569
28533,0.0229955967515707
28536,0.017121722921729088
28539,0.0030512907542288303
28542,0.0480303019285202
28545,0.003792733885347843
28548,0.005437877960503101
28551,0.01596377044916153
28554,0.03680925816297531
28557,0.006513793021440506
28560,0.009183834306895733
28563,0.016539908945560455
28566,0.011509090662002563
28569,0.006442878395318985
28572,0.008846696466207504
28575,0.058756086975336075
28578,0.008748906664550304
28581,0.0023354676086455584
28584,0.08445419371128082
28587,0.024246415123343468
28590,0.02636878937482834
28593,0.04689307138323784
28596,0.00920702051371336
28599,0.009526262059807777
28602,0.002555431332439184
28605,0.008591524325311184
28608,0.008337064646184444
28611,0.0032909244764596224
28614,0.01833660900592804
28617,0.01200911495834589
28620,0.003604079131036997
28623,0.061255112290382385
28626,0.011051232926547527
28629,0.030843917280435562
28632,0.012725715525448322
28635,0.001882070442661643
28638,0.023956336081027985
28641,0.017642460763454437
28644,0.028142806142568588
28647,0.03442119061946869
28650,0.016672933474183083
28653,0.007255729287862778
28656,0.007690771482884884
28659,0.011939264833927155
28662,0.00629183417186141
28665,0.013160149566829205
28668,0.0016298025147989392
28671,0.008281867951154709
28674,0.017212308943271637
28677,0.029977742582559586
28680,0.026244208216667175
28683,0.011831622570753098
28686,0.0011235744459554553
28689,0.02163432165980339
28692,0.0055415029637515545
28695,0.016746800392866135
28698,0.0017017063219100237
28701,0.013006797060370445
28704,0.000835705897770822
28707,0.04187219217419624
28710,0.002229624195024371
28713,0.015150684863328934
28716,0.0016308976337313652
28719,0.0011465558782219887
28722,0.007652587722986937
28725,0.0019277356332167983
28728,0.0014220483135432005
28731,0.021319089457392693
28734,0.004893777891993523
28737,0.001560959848575294
28740,0.014941374771296978
28743,0.0020066082943230867
28746,0.008729596622288227
28749,0.039779212325811386
28752,0.0008534983498975635
28755,0.0011330301640555263
28758,0.00031538313487544656
28761,0.005676791537553072
28764,0.014024418778717518
28767,0.0010993093019351363
28770,0.010907197371125221
28773,0.0018057317938655615
28776,0.0006398247787728906
28779,0.00032401239150203764
28782,0.0016265991143882275
28785,0.0011013110633939505
28788,0.00127270573284477
28791,0.0015260021900758147
28794,0.00047072628512978554
28797,0.002454625442624092
28800,0.0003234594769310206
28803,0.004253045655786991
28806,0.001315601635724306
28809,0.0005810193251818419
28812,0.0005963017465546727
28815,0.0033074072562158108
28818,0.0009307957370765507
28821,0.0004734545655082911
28824,0.007083577569574118
28827,0.020067336037755013
28830,0.00071186653804034
28833,0.006111188791692257
28836,0.0008377070771530271
28839,0.00028677756199613214
28842,0.0008158678538165987
28845,0.005366296507418156
28848,0.0006209680577740073
28851,0.0014077824307605624
28854,0.0022058221511542797
28857,0.0007196670630946755
28860,0.004428359214216471
28863,0.0006517769652418792
28866,0.02142103761434555
28869,0.0005942428833805025
28872,0.07955171912908554
28875,0.001276565482839942
28878,0.0015158392488956451
28881,0.00045469895121641457
28884,0.009753509424626827
28887,0.001249676221050322
28890,0.008384400978684425
28893,0.0017874438781291246
28896,0.004170576110482216
28899,0.001419090200215578
28902,0.0017181218136101961
28905,0.0039575472474098206
28908,0.000763655174523592
28911,0.0009797558886930346
28914,0.0009331145556643605
28917,0.0008507757447659969
28920,0.016772326081991196
28923,0.009512298740446568
28926,0.0009559888276271522
28929,0.00747285783290863
28932,0.02217196300625801
28935,0.042585588991642
28938,0.020356938242912292
28941,0.0022394582629203796
28944,0.001436558086425066
28947,0.009206622838973999
28950,0.0012191168498247862
28953,0.003482515923678875
28956,0.001416404964402318
28959,0.0018510259687900543
28962,0.014631431549787521
28965,0.0025990507565438747
28968,0.012917487882077694
28971,0.0066002230159938335
28974,0.0018099101725965738
28977,0.004234580788761377
28980,0.021656883880496025
28983,0.0013053265865892172
28986,0.059369854629039764
28989,0.0038643968291580677
28992,0.007899222895503044
28995,0.01970740221440792
28998,0.00861519854515791
29001,0.07070033252239227
29004,0.029096439480781555
29007,0.042484525591135025
29010,0.01255268044769764
29013,0.04825205355882645
29016,0.008703445084393024
29019,0.0032559772953391075
29022,0.012026759795844555
29025,0.0060609979555010796
29028,0.011775133199989796
29031,0.00553607614710927
29034,0.004317403305321932
29037,0.007049498148262501
29040,0.032144635915756226
29043,0.01636493392288685
29046,0.0027107861824333668
29049,0.0027342201210558414
29052,0.0015771201578900218
29055,0.003181351348757744
29058,0.013251001015305519
29061,0.005593277979642153
29064,0.004879984073340893
29067,0.020510181784629822
29070,0.03916444256901741
29073,0.005193816963583231
29076,0.0020913949701935053
29079,0.002099484670907259
29082,0.041041355580091476
29085,0.015548042953014374
29088,0.018815137445926666
29091,0.018156979233026505
29094,0.02241704985499382
29097,0.008942995220422745
29100,0.01420978270471096
29103,0.001967307645827532
29106,0.0036725513637065887
29109,0.01432859618216753
29112,0.0020944273564964533
29115,0.0266621895134449
29118,0.03957781195640564
29121,0.02766490913927555
29124,0.0013820622116327286
29127,0.0051329550333321095
29130,0.008512618951499462
29133,0.02710394188761711
29136,0.013304474763572216
29139,0.006593515630811453
29142,0.012245040386915207
29145,0.011244550347328186
29148,0.0049631851725280285
29151,0.0023460937663912773
29154,0.0049436213448643684
29157,0.0017595672979950905
29160,0.007212139666080475
29163,0.014742109924554825
29166,0.02196531556546688
29169,0.0019396143034100533
29172,0.02704518288373947
29175,0.0035290145315229893
29178,0.01859726570546627
29181,0.0013032297138124704
29184,0.023711906746029854
29187,0.0328722707927227
29190,0.007406073622405529
29193,0.021869994699954987
29196,0.01709602028131485
29199,0.0039033677894622087
29202,0.0051568783819675446
29205,0.014487825334072113
29208,0.0028077412862330675
29211,0.0013017423916608095
29214,0.00721392035484314
29217,0.014924812130630016
29220,0.006634896621108055
29223,0.004743244964629412
29226,0.0042460011318326
29229,0.0021219670306891203
29232,0.02538040466606617
29235,0.003080768510699272
29238,0.026084760203957558
29241,0.004335765261203051
29244,0.04829816147685051
29247,0.013483259826898575
29250,0.005277014337480068
29253,0.0023022994864732027
29256,0.0012476231204345822
29259,0.001053385902196169
29262,0.008756967261433601
29265,0.0029775183647871017
29268,0.001998669235035777
29271,0.0013035733718425035
29274,0.0017026066780090332
29277,0.001392432488501072
29280,0.029014119878411293
29283,0.001238076714798808
29286,0.008908719755709171
29289,0.0014134400989860296
29292,0.002802206203341484
29295,0.002818304579705
29298,0.0018026693724095821
29301,0.0015703992685303092
29304,0.004553099162876606
29307,0.003847935236990452
29310,0.001170783769339323
29313,0.00045352039160206914
29316,0.011597602628171444
29319,0.0002921629056800157
29322,0.0018635616870597005
29325,0.0075696432031691074
29328,0.0028184326365590096
29331,0.0013044222723692656
29334,0.001219141879118979
29337,0.0024392171762883663
29340,0.0201267059892416
29343,0.0002076220407616347
29346,0.00040376529796049
29349,0.00024226281675510108
29352,0.0002741892240010202
29355,0.000831795739941299
29358,0.0007655828958377242
29361,0.0010745235485956073
29364,0.004665031097829342
29367,0.0009333437774330378
29370,0.003096372354775667
29373,0.012385196052491665
29376,0.0042723845690488815
29379,0.016393760219216347
29382,0.00384147884324193
29385,0.010363670997321606
29388,0.00919333752244711
29391,0.003397771157324314
29394,0.0027843648567795753
29397,0.004947480279952288
29400,0.0014666779898107052
29403,0.012563672848045826
29406,0.045384690165519714
29409,0.025163233280181885
29412,0.008491799235343933
29415,0.0339212492108345
29418,0.0019862765911966562
29421,0.009919431060552597
29424,0.048995546996593475
29427,0.0030729661229997873
29430,0.0005017605144530535
29433,0.0011082596611231565
29436,0.0005037725204601884
29439,0.0006054905243217945
29442,0.017911920323967934
29445,0.005406372249126434
29448,0.002083307132124901
29451,0.019862961024045944
29454,0.001775233307853341
29457,0.02267604134976864
29460,0.00575379328802228
29463,0.013628397136926651
29466,0.004225119017064571
29469,0.02569577284157276
29472,0.0013363249599933624
29475,0.0014639073051512241
29478,0.019130690023303032
29481,0.0038314536213874817
29484,0.000448292528744787
29487,0.011506783775985241
29490,0.0005785577232018113
29493,0.02392459847033024
29496,0.006210090592503548
29499,0.0018317282665520906
29502,0.0031516840681433678
29505,0.0019367026397958398
29508,0.0031091899145394564
29511,0.02914559468626976
29514,0.04439159855246544
29517,0.007793712895363569
29520,0.004817037843167782
29523,0.00881415419280529
29526,0.0015167886158451438
29529,0.02393363043665886
29532,0.00794336386024952
29535,0.0015979204326868057
29538,0.0014422005042433739
29541,0.00380689837038517
29544,0.04252264276146889
29547,0.009576728567481041
29550,0.009908831678330898
29553,0.002248356118798256
29556,0.022833308205008507
29559,0.0027334834448993206
29562,0.0013356099370867014
29565,0.002011307282373309
29568,0.020655980333685875
29571,0.00040143338264897466
29574,0.0009331906912848353
29577,0.002419432159513235
29580,0.00139475311152637
29583,0.008084351196885109
29586,0.039253659546375275
29589,0.0047483984380960464
29592,0.010524960234761238
29595,0.0005120857385918498
29598,0.01223236508667469
29601,0.0016481821658089757
29604,0.0007294081151485443
29607,0.00033654423896223307
29610,0.0010067640105262399
29613,0.008611027151346207
29616,0.0033473633229732513
29619,0.004291695076972246
29622,0.003107530064880848
29625,0.003419022774323821
29628,0.0018930041696876287
29631,0.001113188685849309
29634,0.0008823657990433276
29637,0.0010583708062767982
29640,0.004659315571188927
29643,0.000801033980678767
29646,0.0018832881469279528
29649,0.00059622892877087
29652,0.0015707355923950672
29655,0.00044600843102671206
29658,0.000444758974481374
29661,0.007143200375139713
29664,0.0006489900406450033
29667,0.0004716644180007279
29670,0.00048277631867676973
29673,0.0005486411391757429
29676,0.0008376577170565724
29679,0.0028351196087896824
29682,0.0009373586508445442
29685,0.0006980321486480534
29688,0.00039361623930744827
29691,0.02966851182281971
29694,0.0017134069930762053
29697,0.004196096211671829
29700,0.002396091353148222
29703,0.0005841889069415629
29706,0.007571111433207989
29709,0.034046877175569534
29712,0.002143140649423003
29715,0.008228572085499763
29718,0.0007546576671302319
29721,0.0005546180764213204
29724,0.002855465514585376
29727,0.00039836287032812834
29730,0.0005555101088248193
29733,0.005214666482061148
29736,0.007516713812947273
29739,0.008449758403003216
29742,0.013019561767578125
29745,0.0023585036396980286
29748,0.027638813480734825
29751,0.0017557612154632807
29754,0.0035085477866232395
29757,0.007135676220059395
29760,0.02893427014350891
29763,0.02483084797859192
29766,0.0032928630243986845
29769,0.0012015269603580236
29772,0.008373148739337921
29775,0.020464543253183365
29778,0.0004207997117191553
29781,0.001707934308797121
29784,0.002254288410767913
29787,0.006848900578916073
29790,0.03550076112151146
29793,0.01749344728887081
29796,0.006002717651426792
29799,0.0005685967626050115
29802,0.0008009040029719472
29805,0.004507223144173622
29808,0.03547729179263115
29811,0.005496928934007883
29814,0.010826777666807175
29817,0.009622606448829174
29820,0.0010222196578979492
29823,0.021908171474933624
29826,0.020520741119980812
29829,0.001045520300976932
29832,0.0004606533329933882
29835,0.000523249851539731
29838,0.0005537834949791431
29841,0.00047462547081522644
29844,0.0009493747493252158
29847,0.004920105915516615
29850,0.0005437849904410541
29853,0.013311609625816345
29856,0.000834998267237097
29859,0.0004235115775372833
29862,0.0006739093223586679
29865,0.00021113941329531372
29868,0.0007544117979705334
29871,0.002460754942148924
29874,0.0006182945217005908
29877,0.0005602043238468468
29880,0.00043345606536604464
29883,0.00037090686964802444
29886,0.0005037342780269682
29889,0.027662619948387146
29892,0.008006829768419266
29895,0.0022078854963183403
29898,0.05574933439493179
29901,0.007246243301779032
29904,0.001947768498212099
29907,0.0034383765887469053
29910,0.004067466594278812
29913,0.028866123408079147
29916,0.013530196622014046
29919,0.009075655601918697
29922,0.004757203161716461
29925,0.0011882111430168152
29928,0.0038685444742441177
29931,0.03599542751908302
29934,0.0011447083670645952
29937,0.0017190318321809173
29940,0.001960723428055644
29943,0.0053193517960608006
29946,0.006483831442892551
29949,0.017685821279883385
29952,0.0009567429078742862
29955,0.0004088745918124914
29958,0.0005557349068112671
29961,0.0007401310140267015
29964,0.006820842623710632
29967,0.003102479036897421
29970,0.016514083370566368
29973,0.0014239796437323093
29976,0.020985545590519905
29979,0.0005382844246923923
29982,0.0009375822264701128
29985,0.0006161113269627094
29988,0.00048593184328638017
29991,0.003514817450195551
29994,0.008699889294803143
29997,0.006666491739451885
30000,0.00727636506780982
30003,0.004328599665313959
30006,0.0027093086391687393
30009,0.005533794406801462
30012,0.00853770598769188
30015,0.001765427179634571
30018,0.002979039680212736
30021,0.020388077944517136
30024,0.018945632502436638
30027,0.004991933237761259
30030,0.008353175595402718
30033,0.04689974710345268
30036,0.0033777039498090744
30039,0.021385977044701576
30042,0.0007397894514724612
30045,0.0036561754532158375
30048,0.003793794894590974
30051,0.0013937356416136026
30054,0.001709603937342763
30057,0.001966953044757247
30060,0.003489104099571705
30063,0.010937564074993134
30066,0.02004074677824974
30069,0.0014368745032697916
30072,0.005351651925593615
30075,0.014551831409335136
30078,0.012647157534956932
30081,0.0021383133716881275
30084,0.01023629680275917
30087,0.009106430225074291
30090,0.0007908029365353286
30093,0.0005467694718390703
30096,0.0008192698005586863
30099,0.011482500471174717
30102,0.0035312804393470287
30105,0.00044840521877631545
30108,0.0005907068261876702
30111,0.0044742245227098465
30114,0.00773837324231863
30117,0.0033427802845835686
30120,0.010479598306119442
30123,0.0004971850430592895
30126,0.0015752888284623623
30129,0.00149079121183604
30132,0.022269440814852715
30135,0.0004560250963550061
30138,0.000689307227730751
30141,0.0004969919100403786
30144,0.0033480909187346697
30147,0.009613031521439552
30150,0.0006472935201600194
30153,0.023366466164588928
30156,0.004789309576153755
30159,0.00034437188878655434
30162,0.027898084372282028
30165,0.0005956171080470085
30168,0.0008198863361030817
30171,0.0010586143471300602
30174,0.009603840298950672
30177,0.015155699104070663
30180,0.0007828102679923177
30183,0.009829988703131676
30186,0.007288805209100246
30189,0.0008624767069704831
30192,0.0006044894689694047
30195,0.001175026292912662
30198,0.025165190920233727
30201,0.012180677615106106
30204,0.008921809494495392
30207,0.014776061289012432
30210,0.0014861691743135452
30213,0.01621823199093342
30216,0.0016152460593730211
30219,0.005583802238106728
30222,0.0016506325919181108
30225,0.04661335051059723
30228,0.009536643512547016
30231,0.004997498355805874
30234,0.004772703163325787
30237,0.0036568157374858856
30240,0.0020550000481307507
30243,0.0020093824714422226
30246,0.007148852571845055
30249,0.002263192320242524
30252,0.0016888334648683667
30255,0.0027119102887809277
30258,0.014606793411076069
30261,0.001469210721552372
30264,0.01423382293432951
30267,0.005612439475953579
30270,0.04009651765227318
30273,0.0015589281683787704
30276,0.0012511517852544785
30279,0.0009259283542633057
30282,0.035588234663009644
30285,0.008865876123309135
30288,0.01647333987057209
30291,0.002548715565353632
30294,0.001103642163798213
30297,0.010449659079313278
30300,0.0052442168816924095
30303,0.0013451705453917384
30306,0.013989903964102268
30309,0.0005495253717526793
30312,0.0021549840457737446
30315,0.03397105634212494
30318,0.000793545797932893
30321,0.0007205059519037604
30324,0.0017460284288972616
30327,0.0008000838570296764
30330,0.0005913293571211398
30333,0.008059286512434483
30336,0.0035763962659984827
30339,0.0011484473943710327
30342,0.0008043199777603149
30345,0.008328408934175968
30348,0.000868665287271142
30351,0.0009730516467243433
30354,0.001812024274840951
30357,0.0013413589913398027
30360,0.024854939430952072
30363,0.0007310216315090656
30366,0.0008786901598796248
30369,0.001259094337001443
30372,0.006644647102802992
30375,0.00409698998555541
30378,0.012621380388736725
30381,0.0012458623386919498
30384,0.0018031538929790258
30387,0.0010810268577188253
30390,0.0010950127616524696
30393,0.0006719287484884262
30396,0.009853378869593143
30399,0.002324914326891303
30402,0.007794937118887901
30405,0.0034853604156523943
30408,0.0017719350289553404
30411,0.01649179682135582
30414,0.001025140518322587
30417,0.0011289899703115225
30420,0.0036383597180247307
30423,0.0009297847864218056
30426,0.0007842201157473028
30429,0.0009429542114958167
30432,0.0007517327321693301
30435,0.0037023734766989946
30438,0.0004391009279061109
30441,0.000404276855988428
30444,0.007316844072192907
30447,0.001069564139470458
30450,0.0014199315337464213
30453,0.0012528253719210625
30456,0.0005225073546171188
30459,0.010850469581782818
30462,0.0016904997173696756
30465,0.0030126990750432014
30468,0.014757195487618446
30471,0.0019252579659223557
30474,0.0056380522437393665
30477,0.001595749519765377
30480,0.016275936737656593
30483,0.004355632700026035
30486,0.0025067864917218685
30489,0.000574192963540554
30492,0.023302534595131874
30495,0.01431033480912447
30498,0.000620543141849339
30501,0.0047915782779455185
30504,0.0009670286672189832
30507,0.0025630779564380646
30510,0.004250865895301104
30513,0.002186794299632311
30516,0.009326955303549767
30519,0.0013532217126339674
30522,0.001676865853369236
30525,0.03866417706012726
30528,0.0004016935999970883
30531,0.00132641417440027
30534,0.00034260295797139406
30537,0.00106583081651479
30540,0.006825536023825407
30543,0.0032217937987297773
30546,0.001170534174889326
30549,0.00038488087011501193
30552,0.000765790231525898
30555,0.0010344276670366526
30558,0.0005492296768352389
30561,0.0022696834057569504
30564,0.000420643191318959
30567,0.0016584855038672686
30570,0.0029921438544988632
30573,0.0003437859704717994
30576,0.002375824609771371
30579,0.0016299530398100615
30582,0.0014322203351184726
30585,0.005669213365763426
30588,0.00043070726678706706
30591,0.0007180162938311696
30594,0.00026028649881482124
30597,0.0010687019675970078
30600,0.0004895932506769896
30603,0.004511767067015171
30606,0.010265412740409374
30609,0.0006661139777861536
30612,0.0007538492791354656
30615,0.01882137730717659
30618,0.0005765169626101851
30621,0.0005261778132990003
30624,0.0006089834496378899
30627,0.0013452651910483837
30630,0.0008763525984250009
30633,0.008540786802768707
30636,0.0010514003224670887
30639,0.00037755159428343177
30642,0.0005562063306570053
30645,0.002439035102725029
30648,0.0006761947297491133
30651,0.00401625782251358
30654,0.008370105177164078
30657,0.018504103645682335
30660,0.013921196572482586
30663,0.0024001547135412693
30666,0.0008616015547886491
30669,0.0013728761114180088
30672,0.017055558040738106
30675,0.00032589759211987257
30678,0.0012492755195125937
30681,0.056351933628320694
30684,0.018591582775115967
30687,0.001983069349080324
30690,0.015996212139725685
30693,0.00847936887294054
30696,0.006751306354999542
30699,0.007810997311025858
30702,0.011856731958687305
30705,0.006024431437253952
30708,0.0018199844053015113
30711,0.002342873252928257
30714,0.0039658937603235245
30717,0.00508506502956152
30720,0.0005749661359004676
30723,0.022893887013196945
30726,0.0016929564299061894
30729,0.004388625733554363
30732,0.0024289190769195557
30735,0.0008427357533946633
30738,0.006769973784685135
30741,0.0009971903637051582
30744,0.0005676615983247757
30747,0.012069224379956722
30750,0.0006497049471363425
30753,0.002230799524113536
30756,0.0004928088746964931
30759,0.0010542990639805794
30762,0.0003997709136456251
30765,0.0006389959598891437
30768,0.0008935122168622911
30771,0.0007685342570766807
30774,0.0033435015939176083
30777,0.00044683291343972087
30780,0.0018485712353140116
30783,0.009661213494837284
30786,0.015803497284650803
30789,0.0041707600466907024
30792,0.005543534643948078
30795,0.007231238763779402
30798,0.00190977833699435
30801,0.001286481972783804
30804,0.03051816299557686
30807,0.023632720112800598
30810,0.009584581479430199
30813,0.003339094575494528
30816,0.005287638865411282
30819,0.0031057754531502724
30822,0.001942991279065609
30825,0.0070740883238613605
30828,0.0009068340295925736
30831,0.0014494485221803188
30834,0.015496384352445602
30837,0.03932971507310867
30840,0.026364749297499657
30843,0.0018377890810370445
30846,0.0017689564265310764
30849,0.01202470250427723
30852,0.00245904503390193
30855,0.001828654669225216
30858,0.003897943766787648
30861,0.0025402673054486513
30864,0.04014291241765022
30867,0.013857238925993443
30870,0.003449642565101385
30873,0.009954988956451416
30876,0.007506826892495155
30879,0.007278186269104481
30882,0.00360487075522542
30885,0.0013171443715691566
30888,0.01443118043243885
30891,0.014441375620663166
30894,0.003610151819884777
30897,0.008085165172815323
30900,0.01170568261295557
30903,0.019450869411230087
30906,0.008349579758942127
30909,0.003348348196595907
30912,0.004320801235735416
30915,0.001978500746190548
30918,0.0006714874180033803
30921,0.0012714616023004055
30924,0.0068006739020347595
30927,0.001387725118547678
30930,0.016274241730570793
30933,0.0005940028349868953
30936,0.001193959265947342
30939,0.00708642927929759
30942,0.03633642569184303
30945,0.0010016171727329493
30948,0.007744763046503067
30951,0.003478751052170992
30954,0.011922619305551052
30957,0.008983842097222805
30960,0.005427652969956398
30963,0.0012379955733194947
30966,0.011932294815778732
30969,0.0024616275914013386
30972,0.0009425541502423584
30975,0.0007835779106244445
30978,0.017845243215560913
30981,0.0225619375705719
30984,0.0022746012546122074
30987,0.0021855104714632034
30990,0.003625893732532859
30993,0.0041883052326738834
30996,0.005048257298767567
30999,0.014997484162449837
31002,0.0035030038561671972
31005,0.018791593611240387
31008,0.00943436473608017
31011,0.015366632491350174
31014,0.0037636817432940006
31017,0.001609645551070571
31020,0.0033737558405846357
31023,0.027239596471190453
31026,0.004591678269207478
31029,0.02581564523279667
31032,0.019849007949233055
31035,0.01286900695413351
31038,0.014894221909344196
31041,0.010980699211359024
31044,0.003409807337448001
31047,0.02752133086323738
31050,0.016555530950427055
31053,0.009876100346446037
31056,0.030398530885577202
31059,0.00327869295142591
31062,0.004253051709383726
31065,0.006128733046352863
31068,0.001780363847501576
31071,0.04172539710998535
31074,0.004174152389168739
31077,0.011811110191047192
31080,0.008823227137327194
31083,0.0522632971405983
31086,0.004659441765397787
31089,0.002409637439996004
31092,0.0024008455220609903
31095,0.032902792096138
31098,0.03155325725674629
31101,0.014069825410842896
31104,0.012834712862968445
31107,0.014801906421780586
31110,0.00720627699047327
31113,0.01617925614118576
31116,0.005147697404026985
31119,0.0018833958311006427
31122,0.05942099168896675
31125,0.0019740296993404627
31128,0.02521703392267227
31131,0.007116277702152729
31134,0.0017483755946159363
31137,0.012496539391577244
31140,0.013301923871040344
31143,0.020066305994987488
31146,0.009480924345552921
31149,0.005442625377327204
31152,0.013191090896725655
31155,0.002735001500695944
31158,0.004472318571060896
31161,0.011171460151672363
31164,0.006352544762194157
31167,0.009594598785042763
31170,0.0011549745686352253
31173,0.017240606248378754
31176,0.006482836790382862
31179,0.0016162822721526027
31182,0.06492128223180771
31185,0.009112353436648846
31188,0.0021762941032648087
31191,0.010552970692515373
31194,0.0036529270000755787
31197,0.0014259517192840576
31200,0.006131492555141449
31203,0.002312375232577324
31206,0.011242610402405262
31209,0.024234609678387642
31212,0.0199674554169178
31215,0.03248690441250801
31218,0.02983853593468666
31221,0.026370640844106674
31224,0.013981298543512821
31227,0.0024290201254189014
31230,0.0015905855689197779
31233,0.001214194460771978
31236,0.0010744365863502026
31239,0.0005018215160816908
31242,0.005646262317895889
31245,0.0015357478987425566
31248,0.0027720113284885883
31251,0.0016770701622590423
31254,0.021639933809638023
31257,0.003420718479901552
31260,0.0013996909838169813
31263,0.0011723629431799054
31266,0.0079273646697402
31269,0.01815747655928135
31272,0.0008135518291965127
31275,0.0019598938524723053
31278,0.023845959454774857
31281,0.0014234387781471014
31284,0.007136933505535126
31287,0.003930174745619297
31290,0.004388576839119196
31293,0.0010118638165295124
31296,0.0025925403460860252
31299,0.031495142728090286
31302,0.0011404716642573476
31305,0.005487577058374882
31308,0.0037500897888094187
31311,0.04053729027509689
31314,0.021560553461313248
31317,0.0023064580745995045
31320,0.038101039826869965
31323,0.0022809961810708046
31326,0.002212876919656992
31329,0.0060433815233409405
31332,0.004022946581244469
31335,0.013190296478569508
31338,0.004490455612540245
31341,0.0017010064329952002
31344,0.0020358869805932045
31347,0.0025475381407886744
31350,0.0021567251533269882
31353,0.003170603886246681
31356,0.00678003765642643
31359,0.01300347875803709
31362,0.005572255235165358
31365,0.005059383809566498
31368,0.0011556704994291067
31371,0.0013375901617109776
31374,0.0003983447968494147
31377,0.0042495415546
31380,0.015375515446066856
31383,0.000982907833531499
31386,0.0018284589750692248
31389,0.0021384824067354202
31392,0.007615909446030855
31395,0.022071655839681625
31398,0.0027878168039023876
31401,0.0029469665605574846
31404,0.006858441978693008
31407,0.0011457821819931269
31410,0.0023055505007505417
31413,0.0010472097201272845
31416,0.0012710867449641228
31419,0.0013515058672055602
31422,0.0031788782216608524
31425,0.010347162373363972
31428,0.008931534364819527
31431,0.003666877280920744
31434,0.03022330440580845
31437,0.025764014571905136
31440,0.015616714023053646
31443,0.0018951364327222109
31446,0.011827073059976101
31449,0.009977685287594795
31452,0.01974211446940899
31455,0.019833266735076904
31458,0.004940765909850597
31461,0.0035724984481930733
31464,0.0034618836361914873
31467,0.01596115529537201
31470,0.020404113456606865
31473,0.007123129907995462
31476,0.013651988469064236
31479,0.012031550519168377
31482,0.004947156645357609
31485,0.009186468087136745
31488,0.0018551202956587076
31491,0.0031365444883704185
31494,0.0016163348918780684
31497,0.003712915815412998
31500,0.0012595001608133316
31503,0.0024839278776198626
31506,0.0036790654994547367
31509,0.0009019584977068007
31512,0.0012941759778186679
31515,0.0015583446947857738
31518,0.0013085571117699146
31521,0.0008821264491416514
31524,0.0008565405732952058
31527,0.0006527537479996681
31530,0.000815441133454442
31533,0.000670319888740778
31536,0.0016314131207764149
31539,0.0008159783319570124
31542,0.0003197902115061879
31545,0.0018500982550904155
31548,0.0006217737682163715
31551,0.0003513818373903632
31554,0.003945803735405207
31557,0.0031721924897283316
31560,0.0027945328038185835
31563,0.0006015694816596806
31566,0.02467847801744938
31569,0.0005267465021461248
31572,0.03145845979452133
31575,0.023479605093598366
31578,0.0013730439823120832
31581,0.0030189696699380875
31584,0.003434833139181137
31587,0.00142941833473742
31590,0.0010887394892051816
31593,0.00699841883033514
31596,0.0008677776204422116
31599,0.0009826311143115163
31602,0.01842849887907505
31605,0.015127953141927719
31608,0.010348547250032425
31611,0.0075467899441719055
31614,0.0031994993332773447
31617,0.00041099515510722995
31620,0.002948835026472807
31623,0.003728311974555254
31626,0.00874868594110012
31629,0.0013652248308062553
31632,0.03518790006637573
31635,0.01828134059906006
31638,0.01973736844956875
31641,0.015042781829833984
31644,0.0034668114967644215
31647,0.0011952363420277834
31650,0.002769074635580182
31653,0.000847984803840518
31656,0.003168633906170726
31659,0.003489262890070677
31662,0.004787541925907135
31665,0.004267965909093618
31668,0.020933711901307106
31671,0.0005628473591059446
31674,0.01146705262362957
31677,0.014129850082099438
31680,0.0011223094770684838
31683,0.0005683419294655323
31686,0.0011597147677093744
31689,0.002065446227788925
31692,0.01395068783313036
31695,0.0012292206520214677
31698,0.014059253968298435
31701,0.0014321079943329096
31704,0.0010899140033870935
31707,0.003069869242608547
31710,0.0007169918389990926
31713,0.010467013344168663
31716,0.0023142839781939983
31719,0.0005922153359279037
31722,0.0004490973660722375
31725,0.00110402621794492
31728,0.00069724943023175
31731,0.0013347199419513345
31734,0.002696243580430746
31737,0.014937094412744045
31740,0.0011374566238373518
31743,0.001247795415110886
31746,0.0006431000074371696
31749,0.016871413215994835
31752,0.0005575099494308233
31755,0.000627021596301347
31758,0.0007724442984908819
31761,0.0021531570237129927
31764,0.0020024434197694063
31767,0.0021765376441180706
31770,0.0013054984156042337
31773,0.00214514322578907
31776,0.0010025342926383018
31779,0.0011963011929765344
31782,0.0016824041958898306
31785,0.0006110718240961432
31788,0.0006248257122933865
31791,0.0032769758254289627
31794,0.021608687937259674
31797,0.0007943263044580817
31800,0.004109715111553669
31803,0.0003429385833442211
31806,0.0005151273217052221
31809,0.0004971825983375311
31812,0.0004228337202221155
31815,0.00038088386645540595
31818,0.0009123572381213307
31821,0.0012916000559926033
31824,0.0006662405212409794
31827,0.0005731933633796871
31830,0.0005796361365355551
31833,0.00030553090618923306
31836,0.000840833643451333
31839,0.0007867515087127686
31842,0.02181841991841793
31845,0.0005729309632442892
31848,0.0014032752951607108
31851,0.0004577296494971961
31854,0.0004851901321671903
31857,0.026554590091109276
31860,0.0011137918336316943
31863,0.00048065019655041397
31866,0.0007448004325851798
31869,0.0008494899375364184
31872,0.00038689820212312043
31875,0.0025234301574528217
31878,0.0006839182460680604
31881,0.02389676496386528
31884,0.0014894497580826283
31887,0.0009568153764121234
31890,0.0007371920510195196
31893,0.0014256431022658944
31896,0.0050581772811710835
31899,0.007257085293531418
31902,0.0009719847585074604
31905,0.004773840308189392
31908,0.015163135714828968
31911,0.0005267850356176496
31914,0.004838116001337767
31917,0.0016261114506050944
31920,0.0007662478601559997
31923,0.000709342653863132
31926,0.002934168791398406
31929,0.0008196575217880309
31932,0.0016403147019445896
31935,0.0008940504631027579
31938,0.0026198122650384903
31941,0.029665518552064896
31944,0.002764339093118906
31947,0.0017692036926746368
31950,0.002595343394204974
31953,0.014265753328800201
31956,0.001241491874679923
31959,0.0038449792191386223
31962,0.0014092166675254703
31965,0.003689961275085807
31968,0.0013695670058950782
31971,0.0013512702425941825
31974,0.0035618487745523453
31977,0.004271695390343666
31980,0.001871157088316977
31983,0.02112959511578083
31986,0.0016259235562756658
31989,0.00164705328643322
31992,0.0011773661244660616
31995,0.0043258266523480415
31998,0.0014647895004600286
32001,0.0014679296873509884
32004,0.01991739124059677
32007,0.0011632728856056929
32010,0.0010488478001207113
32013,0.0006045564077794552
32016,0.0009037046693265438
32019,0.001280797878280282
32022,0.0011178080458194017
32025,0.0030462732538580894
32028,0.0012319991365075111
32031,0.004317398648709059
32034,0.001751211122609675
32037,0.00047199250548146665
32040,0.0006670104921795428
32043,0.00042867904994636774
32046,0.0008070687763392925
32049,0.0015187832759693265
32052,0.0005203636828809977
32055,0.0006581750931218266
32058,0.0007147083524614573
32061,0.002602839842438698
32064,0.0008584385504946113
32067,0.006604094058275223
32070,0.027082880958914757
32073,0.026733530685305595
32076,0.003791737137362361
32079,0.003998288884758949
32082,0.004076555836945772
32085,0.0011340327328070998
32088,0.00042067220783792436
32091,0.0029603303410112858
32094,0.034475188702344894
32097,0.001071971608325839
32100,0.015789302065968513
32103,0.002558260690420866
32106,0.016336314380168915
32109,0.006536777131259441
32112,0.0006117705488577485
32115,0.0004965316038578749
32118,0.012739174999296665
32121,0.0017017294885590672
32124,0.0006034532561898232
32127,0.0005362153169699013
32130,0.01773231104016304
32133,0.03354869782924652
32136,0.014219582080841064
32139,0.007771617732942104
32142,0.020012913271784782
32145,0.05095396935939789
32148,0.001723702996969223
32151,0.06200287491083145
32154,0.03765183687210083
32157,0.0382172130048275
32160,0.009148189797997475
32163,0.0020635882392525673
32166,0.0315202996134758
32169,0.03677235543727875
32172,0.001970752142369747
32175,0.00819182675331831
32178,0.024268148466944695
32181,0.0009419446578249335
32184,0.03606046736240387
32187,0.027434544637799263
32190,0.032518256455659866
32193,0.011694701388478279
32196,0.008322162553668022
32199,0.043938785791397095
32202,0.033768244087696075
32205,0.021789686754345894
32208,0.05329439416527748
32211,0.027707356959581375
32214,0.03267106041312218
32217,0.004220061469823122
32220,0.031106892973184586
32223,0.032983001321554184
32226,0.01739562302827835
32229,0.016677942126989365
32232,0.008138689212501049
32235,0.006562575697898865
32238,0.02065759338438511
32241,0.028235439211130142
32244,0.008524144068360329
32247,0.022599706426262856
32250,0.027449216693639755
32253,0.03195543214678764
32256,0.004530799575150013
32259,0.04019152373075485
32262,0.006895702797919512
32265,0.01300846878439188
32268,0.005122005008161068
32271,0.06622713059186935
32274,0.0049021076411008835
32277,0.04052579030394554
32280,0.01315382868051529
32283,0.012424357235431671
32286,0.021428164094686508
32289,0.026638761162757874
32292,0.07054642587900162
32295,0.022283848375082016
32298,0.007694774307310581
32301,0.005624877288937569
32304,0.005893312394618988
32307,0.005519603379070759
32310,0.0025309768971055746
32313,0.05078395456075668
32316,0.003282102756202221
32319,0.05080873519182205
32322,0.009539548307657242
32325,0.04091832786798477
32328,0.015836060047149658
32331,0.03213000297546387
32334,0.0076174503192305565
32337,0.009229930117726326
32340,0.02307557500898838
32343,0.03847619518637657
32346,0.018225472420454025
32349,0.03659085929393768
32352,0.00806563999503851
32355,0.013861090876162052
32358,0.013210589066147804
32361,0.00789540447294712
32364,0.03042732924222946
32367,0.004387120716273785
32370,0.04762021452188492
32373,0.01821690797805786
32376,0.02336430549621582
32379,0.021320320665836334
32382,0.02040875144302845
32385,0.02637106366455555
32388,0.011945919133722782
32391,0.019413258880376816
32394,0.05549892783164978
32397,0.06520015746355057
32400,0.03811441734433174
32403,0.015739191323518753
32406,0.01502597238868475
32409,0.024933133274316788
32412,0.01058243028819561
32415,0.02391291968524456
32418,0.006087752524763346
32421,0.007181260734796524
32424,0.011880001053214073
32427,0.02406303584575653
32430,0.007820889353752136
32433,0.01635667122900486
32436,0.00611126096919179
32439,0.024458501487970352
32442,0.005481425207108259
32445,0.03264788165688515
32448,0.00405395682901144
32451,0.021099992096424103
32454,0.02319922298192978
32457,0.005427028052508831
32460,0.003907478414475918
32463,0.001793765346519649
32466,0.026150541380047798
32469,0.015583858825266361
32472,0.003212256357073784
32475,0.002724467311054468
32478,0.02775183878839016
32481,0.003457082901149988
32484,0.03564964607357979
32487,0.003098492743447423
32490,0.0022465959191322327
32493,0.0029341201297938824
32496,0.003948123659938574
32499,0.045593731105327606
32502,0.006422173231840134
32505,0.007722028531134129
32508,0.007114514242857695
32511,0.014394261874258518
32514,0.05497526004910469
32517,0.0063710822723805904
32520,0.01736799255013466
32523,0.025563115254044533
32526,0.013760341331362724
32529,0.017026644200086594
32532,0.011299867182970047
32535,0.011415827088057995
32538,0.014255235902965069
32541,0.006301597226411104
32544,0.003979536239057779
32547,0.0027502384036779404
32550,0.006519202142953873
32553,0.006004463881254196
32556,0.013776179403066635
32559,0.029040969908237457
32562,0.004208990838378668
32565,0.007327375002205372
32568,0.009160244837403297
32571,0.02637011744081974
32574,0.006610514596104622
32577,0.0025915042497217655
32580,0.01015577744692564
32583,0.0033493326045572758
32586,0.046775467693805695
32589,0.0028856401331722736
32592,0.009416889399290085
32595,0.005352805368602276
32598,0.03373214602470398
32601,0.007546604610979557
32604,0.019389944151043892
32607,0.00743495486676693
32610,0.003631826024502516
32613,0.0018829683540388942
32616,0.0024440509732812643
32619,0.0024496233090758324
32622,0.003854634240269661
32625,0.00324767897836864
32628,0.0025489225517958403
32631,0.011836135759949684
32634,0.01057417318224907
32637,0.007839793339371681
32640,0.0010994421318173409
32643,0.008233079686760902
32646,0.034163981676101685
32649,0.0008870857418514788
32652,0.003996304236352444
32655,0.002650140319019556
32658,0.0007432490237988532
32661,0.004067819565534592
32664,0.0005837578792124987
32667,0.014724768698215485
32670,0.026119975373148918
32673,0.006960522849112749
32676,0.02129392698407173
32679,0.0025246329605579376
32682,0.005526148714125156
32685,0.0023477189242839813
32688,0.007485098205506802
32691,0.006092581897974014
32694,0.011764665134251118
32697,0.0030342997051775455
32700,0.005507988855242729
32703,0.001604574266821146
32706,0.0010634029749780893
32709,0.0018615481676533818
32712,0.006398990750312805
32715,0.0021966220811009407
32718,0.0014077425003051758
32721,0.01763256825506687
32724,0.0036737951450049877
32727,0.023917200043797493
32730,0.012837523594498634
32733,0.0043380409479141235
32736,0.0008140973513945937
32739,0.017206266522407532
32742,0.014187019318342209
32745,0.0024704523384571075
32748,0.002051305491477251
32751,0.008182228542864323
32754,0.0025194967165589333
32757,0.001679197303019464
32760,0.0009977720910683274
32763,0.0008974893717095256
32766,0.0008494353387504816
32769,0.002286371774971485
32772,0.0016604926204308867
32775,0.031020978465676308
32778,0.020890729501843452
32781,0.0257868655025959
32784,0.004163711331784725
32787,0.0013922705547884107
32790,0.0022016491275280714
32793,0.01167895458638668
32796,0.008364477194845676
32799,0.0014793707523494959
32802,0.014850012958049774
32805,0.01016308180987835
32808,0.029214248061180115
32811,0.0015180653426796198
32814,0.0010715804528445005
32817,0.0008832010207697749
32820,0.001600795891135931
32823,0.001460196916013956
32826,0.006348027847707272
32829,0.014446943998336792
32832,0.0014130242634564638
32835,0.0010965247638523579
32838,0.00036958156852051616
32841,0.0006835352978669107
32844,0.0006405027816072106
32847,0.0004454673617146909
32850,0.0009634579764679074
32853,0.01083702128380537
32856,0.0007210751064121723
32859,0.0008166223997250199
32862,0.0007364816847257316
32865,0.0008039342937991023
32868,0.0004725012113340199
32871,0.00031303343712352216
32874,0.0010196592193096876
32877,0.0012434900272637606
32880,0.000584439083468169
32883,0.0006206613034009933
32886,0.0003255154297221452
32889,0.0005642558680847287
32892,0.0005048533203080297
32895,0.0017826668918132782
32898,0.0003823901352006942
32901,0.0003747021546587348
32904,0.0005939662223681808
32907,0.0008067410672083497
32910,0.00041531832539476454
32913,0.008200721815228462
32916,0.0006139647448435426
32919,0.0009145223302766681
32922,0.00037400127621367574
32925,0.0003096681321039796
32928,0.0010833858978003263
32931,0.002260081935673952
32934,0.015327597968280315
32937,0.03606667369604111
32940,0.0012474111281335354
32943,0.0007704724557697773
32946,0.007390577346086502
32949,0.001315651461482048
32952,0.0009486299240961671
32955,0.0008573363302275538
32958,0.00037333532236516476
32961,0.0011742794886231422
32964,0.0008170494111254811
32967,0.000720368348993361
32970,0.0015675673494115472
32973,0.0009902538731694221
32976,0.0041126674041152
32979,0.0219795610755682
32982,0.0010206671431660652
32985,0.011873539537191391
32988,0.0006943289772607386
32991,0.0017871081363409758
32994,0.0011618570424616337
32997,0.011855198070406914
33000,0.001399533124640584
33003,0.0007789348601363599
33006,0.001401279354467988
33009,0.0008873611222952604
33012,0.0012922192690894008
33015,0.0005859095836058259
33018,0.0016194572672247887
33021,0.001589965890161693
33024,0.0007245471933856606
33027,0.0006813309737481177
33030,0.013782711699604988
33033,0.022075992077589035
33036,0.004088887944817543
33039,0.004912175703793764
33042,0.00394548149779439
33045,0.048982854932546616
33048,0.0011898938100785017
33051,0.0009818561375141144
33054,0.002895873039960861
33057,0.002042292384430766
33060,0.0006079201702959836
33063,0.0016929326811805367
33066,0.0015736219938844442
33069,0.0010798962321132421
33072,0.012200595811009407
33075,0.0014424646506085992
33078,0.007152270060032606
33081,0.0011404927354305983
33084,0.009945197030901909
33087,0.0010372083634138107
33090,0.00139234634116292
33093,0.0018350377213209867
33096,0.0006807160098105669
33099,0.005188342649489641
33102,0.031056897714734077
33105,0.003400312503799796
33108,0.0018295595655217767
33111,0.007002387195825577
33114,0.04177073761820793
33117,0.002043304266408086
33120,0.000774796528276056
33123,0.0030031681526452303
33126,0.002263871254399419
33129,0.0012473303359001875
33132,0.038774486631155014
33135,0.0010572499595582485
33138,0.0012874366948381066
33141,0.020630210638046265
33144,0.001034084940329194
33147,0.002632593037560582
33150,0.06672030687332153
33153,0.0018118033185601234
33156,0.001680018613114953
33159,0.030429821461439133
33162,0.018701832741498947
33165,0.004618852864950895
33168,0.0013467504177242517
33171,0.00204791990108788
33174,0.0012887874618172646
33177,0.011655147187411785
33180,0.0015559986932203174
33183,0.013090751133859158
33186,0.015153363347053528
33189,0.0021149194799363613
33192,0.0037705390714108944
33195,0.0016051013953983784
33198,0.008771305903792381
33201,0.003620362840592861
33204,0.0010090549476444721
33207,0.006046171300113201
33210,0.006258048582822084
33213,0.005378496367484331
33216,0.000977315939962864
33219,0.007221587002277374
33222,0.0023878696374595165
33225,0.0016723156441003084
33228,0.010824903845787048
33231,0.001676005544140935
33234,0.02424575760960579
33237,0.0017676092684268951
33240,0.002557742176577449
33243,0.00043466128408908844
33246,0.002211201936006546
33249,0.0007599972886964679
33252,0.00032453148742206395
33255,0.0010846565710380673
33258,0.0030931972432881594
33261,0.001360325957648456
33264,0.0028521588537842035
33267,0.0011163949966430664
33270,0.012882512994110584
33273,0.0005486686713993549
33276,0.0021030681673437357
33279,0.0006785723380744457
33282,0.00023364953813143075
33285,0.0006451820954680443
33288,0.0002754683664534241
33291,0.0011063460260629654
33294,0.023170752450823784
33297,0.0004285385075490922
33300,0.0004632437485270202
33303,0.0007615854265168309
33306,0.0010388228110969067
33309,0.001045321929268539
33312,0.00032118274248205125
33315,0.004747504368424416
33318,0.0005317664472386241
33321,0.00045225571375340223
33324,0.002802822273224592
33327,0.00041579484241083264
33330,0.00041298725409433246
33333,0.000486190605442971
33336,0.0013257423415780067
33339,0.0004317671700846404
33342,0.011199028231203556
33345,0.019999369978904724
33348,0.0009222750086337328
33351,0.0013527509290724993
33354,0.0003376828972250223
33357,0.00033197965240105987
33360,0.0003727316507138312
33363,0.0010387466754764318
33366,0.0006841565482318401
33369,0.00024477028637193143
33372,0.008598125539720058
33375,0.000582554959692061
33378,0.0005655889981426299
33381,0.0007174762431532145
33384,0.0006506770150735974
33387,0.000534160528331995
33390,0.00047517934581264853
33393,0.00031230831518769264
33396,0.034447431564331055
33399,0.0028678076341748238
33402,0.00029439025092869997
33405,0.0008534553926438093
33408,0.0007521323277615011
33411,0.07403397560119629
33414,0.0006205891259014606
33417,0.0009748959564603865
33420,0.0005660381866618991
33423,0.0006567024393007159
33426,0.0005376872140914202
33429,0.006968285422772169
33432,0.019347703084349632
33435,0.0011892844922840595
33438,0.0005433798651210964
33441,0.0004808475205209106
33444,0.000601976877078414
33447,0.002521196845918894
33450,0.002058423589915037
33453,0.0009502981556579471
33456,0.0032479511573910713
33459,0.0007854793220758438
33462,0.000463528762338683
33465,0.014128640294075012
33468,0.036766041070222855
33471,0.0005651396932080388
33474,0.02610085904598236
33477,0.043369945138692856
33480,0.0013630361063405871
33483,0.010596267879009247
33486,0.017988840118050575
33489,0.00164888147264719
33492,0.0029111888725310564
33495,0.00719555513933301
33498,0.008732673712074757
33501,0.01242127362638712
33504,0.007522229105234146
33507,0.0022196441423147917
33510,0.01004855241626501
33513,0.002579712076112628
33516,0.002192872576415539
33519,0.0034173729363828897
33522,0.005606052465736866
33525,0.0018337154760956764
33528,0.029568802565336227
33531,0.0042405761778354645
33534,0.004916442558169365
33537,0.0147852823138237
33540,0.011845318600535393
33543,0.021343238651752472
33546,0.002730180975049734
33549,0.00899586733430624
33552,0.046687182039022446
33555,0.04649297147989273
33558,0.02614210546016693
33561,0.03689366579055786
33564,0.005549225024878979
33567,0.0017885579727590084
33570,0.023077668622136116
33573,0.006832065526396036
33576,0.027084004133939743
33579,0.003153888275846839
33582,0.014561070129275322
33585,0.04018517583608627
33588,0.017953863367438316
33591,0.003430970013141632
33594,0.012221637181937695
33597,0.0017631874652579427
33600,0.018953727558255196
33603,0.006712106056511402
33606,0.00661737285554409
33609,0.06113084405660629
33612,0.003418780630454421
33615,0.01005617156624794
33618,0.02423403039574623
33621,0.007935062050819397
33624,0.010558776557445526
33627,0.0054249875247478485
33630,0.001435301499441266
33633,0.004628580994904041
33636,0.008595926687121391
33639,0.0010292946826666594
33642,0.011128567159175873
33645,0.0340777263045311
33648,0.019438089802861214
33651,0.006532666273415089
33654,0.02022663503885269
33657,0.013963723555207253
33660,0.027715198695659637
33663,0.01828777976334095
33666,0.01197674311697483
33669,0.0011768932454288006
33672,0.012412486597895622
33675,0.0016581476666033268
33678,0.008017078973352909
33681,0.0025555852334946394
33684,0.0007148727891035378
33687,0.025981854647397995
33690,0.017486948519945145
33693,0.018170543015003204
33696,0.03777576982975006
33699,0.001711348188109696
33702,0.0036298588383942842
33705,0.011003265157341957
33708,0.0012672824086621404
33711,0.000609604874625802
33714,0.0033139395527541637
33717,0.0024551472160965204
33720,0.0018326673889532685
33723,0.001050580875016749
33726,0.002224692841991782
33729,0.003102868562564254
33732,0.0019654794596135616
33735,0.004267049953341484
33738,0.0048975758254528046
33741,0.0012634191662073135
33744,0.016719352453947067
33747,0.03062679059803486
33750,0.034657564014196396
33753,0.001974441111087799
33756,0.02964731678366661
33759,0.007931901142001152
33762,0.0007611261680722237
33765,0.00975187961012125
33768,0.002375146374106407
33771,0.02152964472770691
33774,0.0026255249977111816
33777,0.0016188049921765924
33780,0.017575349658727646
33783,0.026750069111585617
33786,0.01578846387565136
33789,0.0013421715702861547
33792,0.003492941614240408
33795,0.030047563835978508
33798,0.0009145026560872793
33801,0.01262835692614317
33804,0.007160548120737076
33807,0.0007611886831000447
33810,0.004102135077118874
33813,0.022883253172039986
33816,0.001453493139706552
33819,0.0012865220196545124
33822,0.0008866902207955718
33825,0.0013426060322672129
33828,0.001075005391612649
33831,0.001760217361152172
33834,0.010033993981778622
33837,0.018353834748268127
33840,0.0012995162978768349
33843,0.008961867541074753
33846,0.0031207180581986904
33849,0.05336505174636841
33852,0.016498511657118797
33855,0.005565972067415714
33858,0.0008329976117238402
33861,0.06078139692544937
33864,0.006454600021243095
33867,0.0011291051050648093
33870,0.001818159013055265
33873,0.05817113816738129
33876,0.03420385345816612
33879,0.029575880616903305
33882,0.0036408910527825356
33885,0.002702378900721669
33888,0.00722480146214366
33891,0.015585673041641712
33894,0.0038210172206163406
33897,0.0007707604672759771
33900,0.024858469143509865
33903,0.0025565612595528364
33906,0.007276360876858234
33909,0.001687232288531959
33912,0.010868438519537449
33915,0.0017321056220680475
33918,0.004831717349588871
33921,0.002392711117863655
33924,0.08288240432739258
33927,0.02587616629898548
33930,0.001650602906011045
33933,0.018702460452914238
33936,0.0065528275445103645
33939,0.009254517033696175
33942,0.00437641516327858
33945,0.009864960797131062
33948,0.015581504441797733
33951,0.014612981118261814
33954,0.049274057149887085
33957,0.0012221622746437788
33960,0.020579509437084198
33963,0.006429692730307579
33966,0.01981140300631523
33969,0.0036758235655725002
33972,0.002618305617943406
33975,0.0022864004131406546
33978,0.0015811928315088153
33981,0.0018865240272134542
33984,0.0007657691603526473
33987,0.0004733929526992142
33990,0.001849894761107862
33993,0.002280700486153364
33996,0.029580485075712204
33999,0.0034465931821614504
34002,0.002405463485047221
34005,0.005637627560645342
34008,0.0036191612016409636
34011,0.002335161902010441
34014,0.004080777056515217
34017,0.001684713177382946
34020,0.0017781995702534914
34023,0.02723000757396221
34026,0.039036769419908524
34029,0.0058554597198963165
34032,0.011955223977565765
34035,0.0029342444613575935
34038,0.014515118673443794
34041,0.002452879911288619
34044,0.004223474767059088
34047,0.0010585347190499306
34050,0.0011027540313079953
34053,0.002535634208470583
34056,0.02729249745607376
34059,0.010502650402486324
34062,0.0009094290435314178
34065,0.0005939765833318233
34068,0.0018395634833723307
34071,0.02374894544482231
34074,0.0006483240285888314
34077,0.0011764412047341466
34080,0.0016036041779443622
34083,0.04563967138528824
34086,0.004065187647938728
34089,0.0015654475428164005
34092,0.0009800756815820932
34095,0.0008361600921489298
34098,0.005074606277048588
34101,0.001872501103207469
34104,0.001957616303116083
34107,0.005468659568578005
34110,0.0014197384007275105
34113,0.005100487731397152
34116,0.02456752210855484
34119,0.006419893354177475
34122,0.02913120947778225
34125,0.019020527601242065
34128,0.021161269396543503
34131,0.028887541964650154
34134,0.012504499405622482
34137,0.008173562586307526
34140,0.028907347470521927
34143,0.012719925493001938
34146,0.012532191351056099
34149,0.016804412007331848
34152,0.0032285971101373434
34155,0.008370593190193176
34158,0.004711734596639872
34161,0.03542328253388405
34164,0.02770734578371048
34167,0.0024333707988262177
34170,0.009960428811609745
34173,0.013726165518164635
34176,0.07353975623846054
34179,0.02068801037967205
34182,0.006362791173160076
34185,0.005055050831288099
34188,0.051329877227544785
34191,0.011448404751718044
34194,0.0504937618970871
34197,0.011471476405858994
34200,0.03988274931907654
34203,0.04347042739391327
34206,0.03321978077292442
34209,0.010142436251044273
34212,0.005694112274795771
34215,0.05053839460015297
34218,0.03625786304473877
34221,0.028503064066171646
34224,0.05264783650636673
34227,0.02645900286734104
34230,0.008490742184221745
34233,0.009075170382857323
34236,0.016042212024331093
34239,0.006954011507332325
34242,0.0034589292481541634
34245,0.04487880319356918
34248,0.005131229758262634
34251,0.02999180369079113
34254,0.039782069623470306
34257,0.015890054404735565
34260,0.01112083438783884
34263,0.01351342536509037
34266,0.08701787143945694
34269,0.07547838240861893
34272,0.010242247954010963
34275,0.0060945842415094376
34278,0.02429058775305748
34281,0.006351937539875507
34284,0.01667390763759613
34287,0.0646754801273346
34290,0.04702451452612877
34293,0.007182443048804998
34296,0.012789539992809296
34299,0.037236180156469345
34302,0.02330239862203598
34305,0.04871107637882233
34308,0.04160120710730553
34311,0.022334031760692596
34314,0.025876540690660477
34317,0.015158622525632381
34320,0.010760892182588577
34323,0.044211313128471375
34326,0.011874543502926826
34329,0.025970792397856712
34332,0.04091676324605942
34335,0.014915321953594685
34338,0.01457297708839178
34341,0.03303515166044235
34344,0.014575257897377014
34347,0.00419936329126358
34350,0.03228766843676567
34353,0.003287233877927065
34356,0.034296125173568726
34359,0.013500060886144638
34362,0.021804220974445343
34365,0.023096226155757904
34368,0.019839417189359665
34371,0.007624730002135038
34374,0.004566949326545
34377,0.021083632484078407
34380,0.03851216658949852
34383,0.005984879098832607
34386,0.011548830196261406
34389,0.010789300315082073
34392,0.03670763969421387
34395,0.03150448575615883
34398,0.010122125037014484
34401,0.025039423257112503
34404,0.010014967061579227
34407,0.005915490910410881
34410,0.03875616192817688
34413,0.002690888475626707
34416,0.005821744911372662
34419,0.003121424000710249
34422,0.027220681309700012
34425,0.03447812795639038
34428,0.003027983009815216
34431,0.003174796234816313
34434,0.003305112710222602
34437,0.02752896025776863
34440,0.009821495972573757
34443,0.016544150188565254
34446,0.0242800023406744
34449,0.01660575531423092
34452,0.012252595275640488
34455,0.02307077869772911
34458,0.01342090591788292
34461,0.03688472881913185
34464,0.012009216472506523
34467,0.006020865403115749
34470,0.01039978303015232
34473,0.017593584954738617
34476,0.0021921140141785145
34479,0.010937302373349667
34482,0.022459212690591812
34485,0.00785436388105154
34488,0.03171698376536369
34491,0.024556735530495644
34494,0.0063808211125433445
34497,0.005637293215841055
34500,0.04651985317468643
34503,0.0034203501418232918
34506,0.0024457797408103943
34509,0.002671497408300638
34512,0.011571969836950302
34515,0.004925066139549017
34518,0.008734261617064476
34521,0.04494635760784149
34524,0.011820359155535698
34527,0.015848875045776367
34530,0.004157368093729019
34533,0.008130968548357487
34536,0.0057791052386164665
34539,0.0076513029634952545
34542,0.0050582983531057835
34545,0.010764820501208305
34548,0.027967892587184906
34551,0.008819030597805977
34554,0.005338661372661591
34557,0.02069847285747528
34560,0.059939876198768616
34563,0.0022494629956781864
34566,0.005773231387138367
34569,0.004109100438654423
34572,0.002311394549906254
34575,0.0017150765052065253
34578,0.002132722642272711
34581,0.003227188251912594
34584,0.02920488454401493
34587,0.019769353792071342
34590,0.0025049818214029074
34593,0.021876098588109016
34596,0.0075789145193994045
34599,0.0038443319499492645
34602,0.0014293290441855788
34605,0.00501761632040143
34608,0.0036053096409887075
34611,0.0023109314497560263
34614,0.008679714053869247
34617,0.05299771577119827
34620,0.002483089454472065
34623,0.006037071347236633
34626,0.029224269092082977
34629,0.034553661942481995
34632,0.003269597189500928
34635,0.027743153274059296
34638,0.020405763760209084
34641,0.00778595358133316
34644,0.0024459611158818007
34647,0.017616940662264824
34650,0.012312515638768673
34653,0.017239462584257126
34656,0.015628235414624214
34659,0.004532504826784134
34662,0.00974175427109003
34665,0.010696273297071457
34668,0.011467911303043365
34671,0.0041976431384682655
34674,0.003521856851875782
34677,0.004745045676827431
34680,0.00846528634428978
34683,0.014117835089564323
34686,0.019116785377264023
34689,0.0022196483332663774
34692,0.012559952214360237
34695,0.02348889410495758
34698,0.012135755270719528
34701,0.003631841391324997
34704,0.004431250970810652
34707,0.01627027988433838
34710,0.016498476266860962
34713,0.022288912907242775
34716,0.010038603097200394
34719,0.003117865649983287
34722,0.0029072402976453304
34725,0.03273981437087059
34728,0.015610700473189354
34731,0.007413421757519245
34734,0.004353415220975876
34737,0.004446746781468391
34740,0.002853360725566745
34743,0.01142547931522131
34746,0.002732587978243828
34749,0.02695789933204651
34752,0.003480122424662113
34755,0.02411460131406784
34758,0.007484838366508484
34761,0.003357561072334647
34764,0.005325598642230034
34767,0.0027462681755423546
34770,0.00453761825338006
34773,0.007031748071312904
34776,0.026479145511984825
34779,0.022640148177742958
34782,0.012883814051747322
34785,0.008785773999989033
34788,0.003944501746445894
34791,0.027696270495653152
34794,0.027382560074329376
34797,0.014929625205695629
34800,0.0019647569861263037
34803,0.0146548543125391
34806,0.019221723079681396
34809,0.0025114549789577723
34812,0.0046981992200016975
34815,0.002016544807702303
34818,0.002509006764739752
34821,0.05340787395834923
34824,0.04053463414311409
34827,0.016940981149673462
34830,0.011744782328605652
34833,0.0838712677359581
34836,0.05725116282701492
34839,0.003036325331777334
34842,0.003728628158569336
34845,0.048177361488342285
34848,0.003167817834764719
34851,0.005021126940846443
34854,0.042058948427438736
34857,0.05583762377500534
34860,0.051415178924798965
34863,0.006234405562281609
34866,0.004147800151258707
34869,0.0025255854707211256
34872,0.03259344771504402
34875,0.011186907067894936
34878,0.0025905296206474304
34881,0.035837896168231964
34884,0.0134890116751194
34887,0.00931808166205883
34890,0.0018902532756328583
34893,0.03048255480825901
34896,0.0015323616098612547
34899,0.006059681065380573
34902,0.0067670391872525215
34905,0.007691264618188143
34908,0.000981813296675682
34911,0.023255465552210808
34914,0.0008218954899348319
34917,0.027609823271632195
34920,0.02508680149912834
34923,0.006385964807122946
34926,0.00962129794061184
34929,0.01432163454592228
34932,0.0029425560496747494
34935,0.002591517986729741
34938,0.021850507706403732
34941,0.010016923770308495
34944,0.01117007713764906
34947,0.0007609347812831402
34950,0.016419801861047745
34953,0.0036567002534866333
34956,0.0013466568198055029
34959,0.0018616508459672332
34962,0.004793360363692045
34965,0.014004752971231937
34968,0.0012376821832731366
34971,0.00301557220518589
34974,0.0015568400267511606
34977,0.0024826638400554657
34980,0.0038061458617448807
34983,0.006738258060067892
34986,0.0013819707091897726
34989,0.0075057498179376125
34992,0.03839472681283951
34995,0.0007798537844792008
34998,0.0022953604348003864
35001,0.005977630149573088
35004,0.0018157244194298983
35007,0.021411461755633354
35010,0.0011845602421090007
35013,0.0008733955328352749
35016,0.0005904898862354457
35019,0.017522381618618965
35022,0.009024810045957565
35025,0.0006892721285112202
35028,0.004280970897525549
35031,0.004802859388291836
35034,0.001208368455991149
35037,0.0006107864319346845
35040,0.0005722244386561215
35043,0.000289195217192173
35046,0.000636905780993402
35049,0.0005290105473250151
35052,0.0025803339667618275
35055,0.000551536213606596
35058,0.0003800867998506874
35061,0.0004540766531135887
35064,0.0003136830637231469
35067,0.009400571696460247
35070,0.004676956683397293
35073,0.0008663599146530032
35076,0.02154267020523548
35079,0.038063470274209976
35082,0.004258511122316122
35085,0.0014693374978378415
35088,0.001056611887179315
35091,0.0067422883585095406
35094,0.0010774190304800868
35097,0.0027777254581451416
35100,0.0008352363365702331
35103,0.005250448361039162
35106,0.0006436583353206515
35109,0.0055669634602963924
35112,0.010335697792470455
35115,0.022298531606793404
35118,0.01925126276910305
35121,0.019385740160942078
35124,0.001099571236409247
35127,0.001222731894813478
35130,0.0012539518065750599
35133,0.0009456853731535375
35136,0.0023422909434884787
35139,0.0013217686209827662
35142,0.0007650806801393628
35145,0.002964048646390438
35148,0.00043972942512482405
35151,0.0004840696637984365
35154,0.0006763058481737971
35157,0.0005466197617352009
35160,0.0009582240600138903
35163,0.0014603404561057687
35166,0.0005439597880467772
35169,0.0002907885645981878
35172,0.0009290261659771204
35175,0.0004113714094273746
35178,0.0003459056606516242
35181,0.0004222234711050987
35184,0.0008798727649264038
35187,0.0008475995855405927
35190,0.0017287435475736856
35193,0.0004886418464593589
35196,0.0003759013779927045
35199,0.00025162287056446075
35202,0.002196176443248987
35205,0.0007990628946572542
35208,0.004387118853628635
35211,0.00025985451065935194
35214,0.0002817526983562857
35217,0.0002415366907371208
35220,0.00023480417439714074
35223,0.0019870440009981394
35226,0.0004545937408693135
35229,0.0003086347132921219
35232,0.0005688737728632987
35235,0.0011505914153531194
35238,0.019477631896734238
35241,0.0034768576733767986
35244,0.001601393916644156
35247,0.0003578724863473326
35250,0.00029473667382262647
35253,0.0007743389578536153
35256,0.0003515714197419584
35259,0.00022515980526804924
35262,0.0003420539142098278
35265,0.00038737274007871747
35268,0.00038931064773350954
35271,0.00040323511348105967
35274,0.00024246060638688505
35277,0.0003454348770901561
35280,0.0001190939947264269
35283,0.00025557767366990447
35286,0.0007011977722868323
35289,0.0005831229500472546
35292,0.0002510541817173362
35295,0.00019455952860880643
35298,0.00029835954774171114
35301,0.0003765836008824408
35304,0.0005076566012576222
35307,0.00013937176845502108
35310,0.00029557812376879156
35313,0.00026950519531965256
35316,0.0003525415377225727
35319,0.00020551322086248547
35322,0.000182241084985435
35325,0.00024567198124714196
35328,0.01613973267376423
35331,0.0005436872597783804
35334,0.0002757504116743803
35337,0.00044075577170588076
35340,0.04224182665348053
35343,0.00034808050259016454
35346,0.03896278142929077
35349,0.000925852102227509
35352,0.001115810009650886
35355,0.0005883778212592006
35358,0.009996427223086357
35361,0.0014088306343182921
35364,0.0013592483010143042
35367,0.0017441570525988936
35370,0.0003039033617824316
35373,0.00034139142371714115
35376,0.00033838063245639205
35379,0.00018250543507747352
35382,0.0003106679068878293
35385,0.00021384051069617271
35388,0.023261794820427895
35391,0.008384176529943943
35394,0.03229919448494911
35397,0.013403716497123241
35400,0.0004784024495165795
35403,0.00069352489663288
35406,0.0040631601586937904
35409,0.002188026439398527
35412,0.020697254687547684
35415,0.00021088359062559903
35418,0.0003425780450925231
35421,0.021408744156360626
35424,0.007049095816910267
35427,0.0014766876120120287
35430,0.01617579720914364
35433,0.001149960095062852
35436,0.010864303447306156
35439,0.014363803900778294
35442,0.004020002204924822
35445,0.0005211755633354187
35448,0.0005294773727655411
35451,0.0005159254651516676
35454,0.0017474014312028885
35457,0.0003609283594414592
35460,0.0003827483160421252
35463,0.0004686029860749841
35466,0.0006896808044984937
35469,0.014121610671281815
35472,0.0004081407969351858
35475,0.0003293879271950573
35478,0.013414755463600159
35481,0.0048627955839037895
35484,0.0022883317433297634
35487,0.011819219216704369
35490,0.0004832424165215343
35493,0.011172416619956493
35496,0.0024993205443024635
35499,0.005894480273127556
35502,0.0004671694478020072
35505,0.000520108500495553
35508,0.004909453447908163
35511,0.00047257181722670794
35514,0.00040787423495203257
35517,0.0006702094688080251
35520,0.04189709946513176
35523,0.002919423393905163
35526,0.01641462929546833
35529,0.02255340851843357
35532,0.0007023214711807668
35535,0.027273422107100487
35538,0.013593574054539204
35541,0.018964868038892746
35544,0.04358253628015518
35547,0.02085195481777191
35550,0.0028695513028651476
35553,0.0006550296093337238
35556,0.011852221563458443
35559,0.000672339228913188
35562,0.007507673464715481
35565,0.0009340122924186289
35568,0.014072708785533905
35571,0.003968433942645788
35574,0.0004429748805705458
35577,0.0024997228756546974
35580,0.027375347912311554
35583,0.0027278654742985964
35586,0.00308484910055995
35589,0.007340971380472183
35592,0.008935746736824512
35595,0.019868016242980957
35598,0.001336780027486384
35601,0.002443683799356222
35604,0.00428044656291604
35607,0.003807646222412586
35610,0.0009189957054331899
35613,0.004339640028774738
35616,0.024668699130415916
35619,0.017847836017608643
35622,0.0007790832896716893
35625,0.006859285291284323
35628,0.011480285786092281
35631,0.0009511875687167048
35634,0.0021744014229625463
35637,0.0011903743725270033
35640,0.0030192029662430286
35643,0.0007834952557459474
35646,0.0011869464069604874
35649,0.0025878814049065113
35652,0.0009666571277193725
35655,0.010652289725840092
35658,0.0008102718275040388
35661,0.0028639682568609715
35664,0.000877465819939971
35667,0.000657510943710804
35670,0.005426335614174604
35673,0.0005650584353134036
35676,0.0018955504056066275
35679,0.00037504633655771613
35682,0.0007702998700551689
35685,0.003642728552222252
35688,0.016198672354221344
35691,0.0016318459529429674
35694,0.0005876825889572501
35697,0.012806899845600128
35700,0.015383917838335037
35703,0.046337321400642395
35706,0.002028611721470952
35709,0.0010817459551617503
35712,0.0008727363310754299
35715,0.014366492629051208
35718,0.008983999490737915
35721,0.06632226705551147
35724,0.0007401701295748353
35727,0.049600567668676376
35730,0.0011813272722065449
35733,0.0034458478912711143
35736,0.0011739676119759679
35739,0.024247732013463974
35742,0.013407803140580654
35745,0.007864035665988922
35748,0.0049245343543589115
35751,0.027086986228823662
35754,0.01144868042320013
35757,0.013070842251181602
35760,0.001023986958898604
35763,0.005734326783567667
35766,0.015841009095311165
35769,0.0009734326740726829
35772,0.01779211312532425
35775,0.006553966552019119
35778,0.0011844680411741138
35781,0.0006749223684892058
35784,0.0012017441913485527
35787,0.0030882416758686304
35790,0.0006594036240130663
35793,0.002269094344228506
35796,0.025327708572149277
35799,0.001340601360425353
35802,0.009338329546153545
35805,0.0010107086272910237
35808,0.001555373426526785
35811,0.0011115303495898843
35814,0.0006951250252313912
35817,0.017994198948144913
35820,0.0012953182449564338
35823,0.0030375232454389334
35826,0.0018919343128800392
35829,0.0013817388098686934
35832,0.00164892862085253
35835,0.0009939944138750434
35838,0.0013653207570314407
35841,0.0005780572537332773
35844,0.0007051883148960769
35847,0.0029062593821436167
35850,0.0008214742410928011
35853,0.0013005550717934966
35856,0.0016660913825035095
35859,0.00347601855173707
35862,0.0020414276514202356
35865,0.0011517333332449198
35868,0.022565750405192375
35871,0.0015237279003486037
35874,0.0010285553289577365
35877,0.009728651493787766
35880,0.0010542933596298099
35883,0.0012943099718540907
35886,0.0009038528078235686
35889,0.0013474659062922
35892,0.0027432204224169254
35895,0.012357859872281551
35898,0.002886772621423006
35901,0.0017571394564583898
35904,0.0011104508303105831
35907,0.001378158456645906
35910,0.0004835570289287716
35913,0.0011680658208206296
35916,0.0016550903674215078
35919,0.0007542432867921889
35922,0.00428661098703742
35925,0.0007315842667594552
35928,0.00037448841612786055
35931,0.0007035458111204207
35934,0.0007949145510792732
35937,0.0004722779558505863
35940,0.00031122108339332044
35943,0.0007279576966539025
35946,0.0007751361117698252
35949,0.0006525703938677907
35952,0.0004062959342263639
35955,0.0012215460883453488
35958,0.0006563292117789388
35961,0.00031324877636507154
35964,0.0008786694379523396
35967,0.0011135446839034557
35970,0.006217855028808117
35973,0.0002244638162665069
35976,0.0005283603677526116
35979,0.0005261382320895791
35982,0.00029453658498823643
35985,0.0004881485365331173
35988,0.0003632165607996285
35991,0.003590136766433716
35994,0.0006097371806390584
35997,0.0003989182005170733
36000,0.001107456861063838
36003,0.0005174665711820126
36006,0.0003693981561809778
36009,0.0003070477396249771
36012,0.00029735430143773556
36015,0.0003590437991078943
36018,0.0002533241640776396
36021,0.0003696235944516957
36024,0.0005183942848816514
36027,0.01577109657227993
36030,0.02246255613863468
36033,0.008150303736329079
36036,0.0002574153186287731
36039,0.00048735563177615404
36042,0.00034189195139333606
36045,0.0008540812996216118
36048,0.0008799886563792825
36051,0.0029698780272156
36054,0.0007262535509653389
36057,0.0009801140986382961
36060,0.006808748934417963
36063,0.0006680875667370856
36066,0.00030679022893309593
36069,0.00016240307013504207
36072,0.00017215352272614837
36075,0.0007189575117081404
36078,0.0009534630225971341
36081,0.0003490733215585351
36084,0.000707201543264091
36087,0.0013012225972488523
36090,0.0012758249649778008
36093,0.00019507893011905253
36096,0.0003181002975907177
36099,0.0002310803538421169
36102,0.000325348402839154
36105,0.00020478024089243263
36108,0.0015248209238052368
36111,0.0003233161405660212
36114,0.000235375773627311
36117,0.00042007595766335726
36120,0.0003787378082051873
36123,0.008186738938093185
36126,0.0002810492878779769
36129,0.001558055286295712
36132,0.000653347815386951
36135,0.00032324291532859206
36138,0.0020363139919936657
36141,0.000444894190877676
36144,0.000993083813227713
36147,0.0004923988599330187
36150,0.016635576263070107
36153,0.0013211057521402836
36156,0.0003182672953698784
36159,0.0004898704355582595
36162,0.009991106577217579
36165,0.000474512082291767
36168,0.000617795274592936
36171,0.00036093592643737793
36174,0.00022692016500514
36177,0.0003924794145859778
36180,0.0013697571121156216
36183,0.006091495044529438
36186,0.002329619601368904
36189,0.00033915601670742035
36192,0.00042189692612737417
36195,0.00031403289176523685
36198,0.0001602994161657989
36201,0.004447051789611578
36204,0.00017172587104141712
36207,0.0008638778235763311
36210,0.00021831366757396609
36213,0.0004380449536256492
36216,0.022283311933279037
36219,0.000753890024498105
36222,0.0002387338608969003
36225,0.00030878453981131315
36228,0.000514686806127429
36231,0.00032447054400108755
36234,0.0009039032738655806
36237,0.00042328095878474414
36240,0.017487697303295135
36243,0.0013546443078666925
36246,0.0015972144901752472
36249,0.02377709001302719
36252,0.00041954347398132086
36255,0.00139417196623981
36258,0.00045353377936407924
36261,0.00026408821577206254
36264,0.00028206571005284786
36267,0.0006037667626515031
36270,0.002222083043307066
36273,0.0024755725171417
36276,0.0004662165301851928
36279,0.001429723808541894
36282,0.013679194264113903
36285,0.0003616746689658612
36288,0.011220662854611874
36291,0.0007787581998854876
36294,0.008522824384272099
36297,0.007385112810879946
36300,0.021468572318553925
36303,0.01327073946595192
36306,0.0013698773691430688
36309,0.004681126214563847
36312,0.00686667812988162
36315,0.00018448851187713444
36318,0.01273366343230009
36321,0.0010636813240125775
36324,0.0007878190372139215
36327,0.0021157958544790745
36330,0.01482231356203556
36333,0.0011662389151751995
36336,0.0008211416425183415
36339,0.0009098926093429327
36342,0.00243041361682117
36345,0.002972233109176159
36348,0.03204996883869171
36351,0.0012983980122953653
36354,0.0010348454816266894
36357,0.016668220981955528
36360,0.000623484025709331
36363,0.0009391945204697549
36366,0.000511827296577394
36369,0.0025367150083184242
36372,0.003418209496885538
36375,0.02503383159637451
36378,0.011070440523326397
36381,0.019148007035255432
36384,0.0011036093346774578
36387,0.0011926175793632865
36390,0.006065089721232653
36393,0.0018950849771499634
36396,0.0013440713519230485
36399,0.0009528488153591752
36402,0.003989320248365402
36405,0.012322247959673405
36408,0.0035089508164674044
36411,0.000569926283787936
36414,0.00157667207531631
36417,0.02614501863718033
36420,0.007402205839753151
36423,0.002309618052095175
36426,0.0020017477218061686
36429,0.013231135904788971
36432,0.0019580204971134663
36435,0.0023526374716311693
36438,0.02004735730588436
36441,0.001957421191036701
36444,0.008220726624131203
36447,0.004692245274782181
36450,0.002919698366895318
36453,0.0004054121091030538
36456,0.023313673213124275
36459,0.0023436788469552994
36462,0.022470643743872643
36465,0.0019737682305276394
36468,0.006246588658541441
36471,0.01237348560243845
36474,0.002576518338173628
36477,0.0017972338246181607
36480,0.030731191858649254
36483,0.01600795052945614
36486,0.0025822599418461323
36489,0.022429101169109344
36492,0.010841170325875282
36495,0.005195604637265205
36498,0.0453760102391243
36501,0.018598288297653198
36504,0.022627176716923714
36507,0.04163818806409836
36510,0.011898620054125786
36513,0.03576550632715225
36516,0.035305462777614594
36519,0.01885336823761463
36522,0.015156025066971779
36525,0.005334336776286364
36528,0.025100085884332657
36531,0.010081467218697071
36534,0.020082805305719376
36537,0.006556209642440081
36540,0.0038382040802389383
36543,0.034049153327941895
36546,0.008044812828302383
36549,0.0007943820673972368
36552,0.010454818606376648
36555,0.013402484357357025
36558,0.01595141366124153
36561,0.019141515716910362
36564,0.0017667957581579685
36567,0.001739292056299746
36570,0.020643051713705063
36573,0.0034853294491767883
36576,0.0019187596626579762
36579,0.0013797900173813105
36582,0.009394080378115177
36585,0.005647740326821804
36588,0.003198010381311178
36591,0.01704786717891693
36594,0.0028451168909668922
36597,0.011897222138941288
36600,0.026945821940898895
36603,0.023360054939985275
36606,0.01952606625854969
36609,0.013724704273045063
36612,0.03422768414020538
36615,0.021518021821975708
36618,0.011248847469687462
36621,0.004554562736302614
36624,0.04563508555293083
36627,0.03664802387356758
36630,0.00901473592966795
36633,0.01612306758761406
36636,0.005054890178143978
36639,0.007977696135640144
36642,0.004027028568089008
36645,0.016587024554610252
36648,0.016227982938289642
36651,0.02108404040336609
36654,0.01130437571555376
36657,0.007875815965235233
36660,0.007443559356033802
36663,0.009966605342924595
36666,0.0061275106854736805
36669,0.002200479619204998
36672,0.0029163172002881765
36675,0.000495959771797061
36678,0.0006965046050027013
36681,0.00427749939262867
36684,0.008670962415635586
36687,0.0013333021197468042
36690,0.0009659182978793979
36693,0.001290859654545784
36696,0.0032658176496624947
36699,0.0025414617266505957
36702,0.0006696906639263034
36705,0.00037454586708918214
36708,0.0017505178693681955
36711,0.015173080377280712
36714,0.0031096618622541428
36717,0.0011287691304460168
36720,0.0016656607622280717
36723,0.003004911821335554
36726,0.0013133626198396087
36729,0.022125771269202232
36732,0.0019393358379602432
36735,0.0023487182334065437
36738,0.0015152138657867908
36741,0.0007276034448295832
36744,0.0039023938588798046
36747,0.0009734543273225427
36750,0.006048108916729689
36753,0.003043093252927065
36756,0.000641926540993154
36759,0.0014952556230127811
36762,0.00042332045268267393
36765,0.00199722102843225
36768,0.0018541683675721288
36771,0.00044661041465587914
36774,0.006120473612099886
36777,0.0005590852815657854
36780,0.002881610533222556
36783,0.00042223918717354536
36786,0.0009809101466089487
36789,0.0006531595718115568
36792,0.0006441014120355248
36795,0.0010782559402287006
36798,0.0017274332931265235
36801,0.006968863308429718
36804,0.0006137784803286195
36807,0.0007693322259001434
36810,0.00040202561649493873
36813,0.0003737327642738819
36816,0.0026531938929110765
36819,0.003967519849538803
36822,0.0003352166968397796
36825,0.04824712499976158
36828,0.0004673457005992532
36831,0.000634967815130949
36834,0.028720062226057053
36837,0.0004993408801965415
36840,0.00046386278700083494
36843,0.0016082078218460083
36846,0.0004151433822698891
36849,0.00031363044399768114
36852,0.00030214234720915556
36855,0.000444607314420864
36858,0.0007594313938170671
36861,0.0004553679609671235
36864,0.00039849846507422626
36867,0.00022452621487900615
36870,0.0012265362311154604
36873,0.003300586948171258
36876,0.010051286779344082
36879,0.04007699713110924
36882,0.0008774055168032646
36885,0.04013386368751526
36888,0.0013527031987905502
36891,0.0009985091164708138
36894,0.018503766506910324
36897,0.0006486875936388969
36900,0.0005325454985722899
36903,0.0005433546612039208
36906,0.0008347277762368321
36909,0.021900450810790062
36912,0.003523350227624178
36915,0.004156902898102999
36918,0.0034893641714006662
36921,0.005486084148287773
36924,0.0012248200364410877
36927,0.020371215417981148
36930,0.0004235915548633784
36933,0.0005639073206111789
36936,0.0053357998840510845
36939,0.00726721715182066
36942,0.00031632621539756656
36945,0.0006160527700558305
36948,0.0002516389067750424
36951,0.00031674187630414963
36954,0.0012568924576044083
36957,0.00033818226074799895
36960,0.0003871840890496969
36963,0.0011067843297496438
36966,0.01025646086782217
36969,0.0002911448827944696
36972,0.0004240715061314404
36975,0.0006830323254689574
36978,0.00037857715506106615
36981,0.0002906740119215101
36984,0.0002830925805028528
36987,0.0008043964044190943
36990,0.00036991515662521124
36993,0.0011576717952266335
36996,0.03040940873324871
36999,0.003840056015178561
37002,0.0004297295236028731
37005,0.0007778421859256923
37008,0.0008237803122028708
37011,0.004700660239905119
37014,0.0008702678023837507
37017,0.00026528554735705256
37020,0.0006377670797519386
37023,0.00038923369720578194
37026,0.0007065008976496756
37029,0.00030210812110453844
37032,0.0004889537813141942
37035,0.0005401419475674629
37038,0.0006254124455153942
37041,0.003881779033690691
37044,0.006421003490686417
37047,0.010089026764035225
37050,0.000596818863414228
37053,0.0007783947512507439
37056,0.013435161672532558
37059,0.0023486949503421783
37062,0.01684250682592392
37065,0.0012872784864157438
37068,0.002042996697127819
37071,0.0027701875660568476
37074,0.0005319005576893687
37077,0.01132699754089117
37080,0.006413171999156475
37083,0.013239962048828602
37086,0.0004993839538656175
37089,0.0006831416394561529
37092,0.0025266141165047884
37095,0.007554283831268549
37098,0.034981869161129
37101,0.006599755957722664
37104,0.00818580947816372
37107,0.01555374450981617
37110,0.0013567792484536767
37113,0.0008464036509394646
37116,0.0021753846667706966
37119,0.004891018383204937
37122,0.0029113958589732647
37125,0.00753145944327116
37128,0.027962379157543182
37131,0.011831289157271385
37134,0.0026758559979498386
37137,0.011351477354764938
37140,0.0009023561724461615
37143,0.015132767148315907
37146,0.015152410604059696
37149,0.0006969323148950934
37152,0.005300186574459076
37155,0.004058122634887695
37158,0.0009832963114604354
37161,0.0015364449936896563
37164,0.0019739337731152773
37167,0.010336508974432945
37170,0.0019953905139118433
37173,0.006677340716123581
37176,0.006934380158782005
37179,0.005008688662201166
37182,0.012679350562393665
37185,0.009010382927954197
37188,0.0013080073986202478
37191,0.0024146074429154396
37194,0.0019262703135609627
37197,0.0038615912199020386
37200,0.000804561423137784
37203,0.0007448922842741013
37206,0.005852879956364632
37209,0.0004949267022311687
37212,0.007610922679305077
37215,0.047648511826992035
37218,0.0015264840330928564
37221,0.0011420766822993755
37224,0.0014495617942884564
37227,0.002381716389209032
37230,0.01994824782013893
37233,0.0011697339359670877
37236,0.028639493510127068
37239,0.017833860591053963
37242,0.0033460245467722416
37245,0.0009756565559655428
37248,0.0014127386966720223
37251,0.02957308664917946
37254,0.005079597234725952
37257,0.001584239536896348
37260,0.02344869077205658
37263,0.02828330732882023
37266,0.032226644456386566
37269,0.019315460696816444
37272,0.004672757349908352
37275,0.027260392904281616
37278,0.0038889891002327204
37281,0.002254731021821499
37284,0.011060087941586971
37287,0.00139547698199749
37290,0.003356790170073509
37293,0.007064339704811573
37296,0.008505214005708694
37299,0.002712614368647337
37302,0.0134060587733984
37305,0.0019027965608984232
37308,0.017778288573026657
37311,0.006937126629054546
37314,0.0033823589328676462
37317,0.02552494965493679
37320,0.0016454797005280852
37323,0.004599100444465876
37326,0.0028600648511201143
37329,0.0037205168046057224
37332,0.01904395781457424
37335,0.005943416617810726
37338,0.007446981035172939
37341,0.008929691277444363
37344,0.0007294369861483574
37347,0.005799329839646816
37350,0.00189486937597394
37353,0.02536754123866558
37356,0.0012548476224765182
37359,0.01544067170470953
37362,0.0020280503667891026
37365,0.00131595553830266
37368,0.001317336456850171
37371,0.004216668661683798
37374,0.010595779865980148
37377,0.023104170337319374
37380,0.03889860212802887
37383,0.002115378389135003
37386,0.006908112205564976
37389,0.00776172149926424
37392,0.0035515327472239733
37395,0.0009586726082488894
37398,0.01972963474690914
37401,0.0009264105465263128
37404,0.0022711199708282948
37407,0.005250262562185526
37410,0.0009744219132699072
37413,0.002818855457007885
37416,0.017293648794293404
37419,0.000654444913379848
37422,0.0020865730475634336
37425,0.0020851418375968933
37428,0.009366592392325401
37431,0.009516406804323196
37434,0.007727786432951689
37437,0.009880729019641876
37440,0.005018281284719706
37443,0.001769792172126472
37446,0.0004187197482679039
37449,0.004637056961655617
37452,0.03095608949661255
37455,0.012660112231969833
37458,0.004986662417650223
37461,0.01378458458930254
37464,0.040264420211315155
37467,0.022524945437908173
37470,0.005280014593154192
37473,0.008280010893940926
37476,0.017400478944182396
37479,0.00887196883559227
37482,0.0043081133626401424
37485,0.01142823789268732
37488,0.002937442623078823
37491,0.001182633452117443
37494,0.010473296046257019
37497,0.0025432060938328505
37500,0.017514042556285858
37503,0.004928241018205881
37506,0.0005101689021103084
37509,0.0015299589140340686
37512,0.00895568635314703
37515,0.009060412645339966
37518,0.009840593673288822
37521,0.003814957570284605
37524,0.0027545837219804525
37527,0.02037128061056137
37530,0.0019307362381368876
37533,0.00047046333202160895
37536,0.007594060152769089
37539,0.002698920201510191
37542,0.002884824061766267
37545,0.000755392131395638
37548,0.013867983594536781
37551,0.007011329755187035
37554,0.0012748886365443468
37557,0.001669616438448429
37560,0.008339310996234417
37563,0.0019521918147802353
37566,0.0013342456659302115
37569,0.0017010415904223919
37572,0.00430230051279068
37575,0.0013862354680895805
37578,0.003009872045367956
37581,0.0006446280749514699
37584,0.001540899509564042
37587,0.0011592921800911427
37590,0.0008504929137416184
37593,0.001203935593366623
37596,0.0012362729758024216
37599,0.0024998513981699944
37602,0.00033233282738365233
37605,0.0008197083952836692
37608,0.0011887867003679276
37611,0.0007518237107433379
37614,0.0005975412204861641
37617,0.0016826189821586013
37620,0.00042061798740178347
37623,0.0011537910904735327
37626,0.0012651494471356273
37629,0.0011331751011312008
37632,0.0005110307829454541
37635,0.0005662576295435429
37638,0.01774749346077442
37641,0.0004636539670173079
37644,0.0004385730135254562
37647,0.0008640052983537316
37650,0.00036573727265931666
37653,0.0005890062311664224
37656,0.0004924086388200521
37659,0.01852138713002205
37662,0.0004948737332597375
37665,0.0004815941792912781
37668,0.00092162104556337
37671,0.0003250656882300973
37674,0.0003698906220961362
37677,0.00094118487322703
37680,0.00015460271970368922
37683,0.000964839244261384
37686,0.010654544457793236
37689,0.0009566976223140955
37692,0.0012890479993075132
37695,0.001955953426659107
37698,0.000974931288510561
37701,0.0007427720120176673
37704,0.0007527809357270598
37707,0.0012458122801035643
37710,0.0008463397389277816
37713,0.0005357657792046666
37716,0.0005639304290525615
37719,0.0005130310310050845
37722,0.0005282190395519137
37725,0.0014743676874786615
37728,0.0005330824060365558
37731,0.001045744284056127
37734,0.013916509225964546
37737,0.012762264348566532
37740,0.001638815039768815
37743,0.005541736260056496
37746,0.002991664921864867
37749,0.0005942883435636759
37752,0.0022201023530215025
37755,0.0006768571911379695
37758,0.008303191512823105
37761,0.0005640251911245286
37764,0.0019858581945300102
37767,0.0014547106111422181
37770,0.0013240943662822247
37773,0.0007343525066971779
37776,0.0018540907185524702
37779,0.0009893940296024084
37782,0.003392857266589999
37785,0.000567738083191216
37788,0.0014497463125735521
37791,0.013206005096435547
37794,0.002285289578139782
37797,0.0014857755741104484
37800,0.0036942146252840757
37803,0.005702667403966188
37806,0.0068220943212509155
37809,0.002523460891097784
37812,0.00666713947430253
37815,0.00032670635846443474
37818,0.0007261168211698532
37821,0.0008224353659898043
37824,0.0029852071311324835
37827,0.01010771282017231
37830,0.0011887112632393837
37833,0.005150110926479101
37836,0.013240394182503223
37839,0.003079307032749057
37842,0.000614781747572124
37845,0.0026829643175005913
37848,0.0005060958210378885
37851,0.003763237502425909
37854,0.0016921970527619123
37857,0.0011629386572167277
37860,0.0030750702135264874
37863,0.0010808492079377174
37866,0.0005142728332430124
37869,0.00032103294506669044
37872,0.0019360703881829977
37875,0.001185375964269042
37878,0.0008558122208341956
37881,0.0021026127506047487
37884,0.001120869186706841
37887,0.0003632010193541646
37890,0.0007403233321383595
37893,0.02624257653951645
37896,0.03483147546648979
37899,0.034577105194330215
37902,0.004392040427774191
37905,0.0024739671498537064
37908,0.001375629915855825
37911,0.02187558263540268
37914,0.002464546589180827
37917,0.001130256219767034
37920,0.001241276040673256
37923,0.0011805790709331632
37926,0.0006499901646748185
37929,0.0006495016859844327
37932,0.009977496229112148
37935,0.0027403607964515686
37938,0.0009118341258727014
37941,0.04455363750457764
37944,0.00041098392102867365
37947,0.0008079318795353174
37950,0.004210625309497118
37953,0.02209438569843769
37956,0.003084817435592413
37959,0.01707935705780983
37962,0.00618769321590662
37965,0.004946599248796701
37968,0.0021936590783298016
37971,0.0016977658960968256
37974,0.0029761220794171095
37977,0.011384675279259682
37980,0.0018515640404075384
37983,0.002162134973332286
37986,0.04747551307082176
37989,0.010156780481338501
37992,0.0061216335743665695
37995,0.006235913373529911
37998,0.002157134935259819
38001,0.0021374630741775036
38004,0.024529987946152687
38007,0.010683495551347733
38010,0.012914530001580715
38013,0.0015874250093474984
38016,0.019424736499786377
38019,0.03264794126152992
38022,0.010798634961247444
38025,0.027057692408561707
38028,0.01973196305334568
38031,0.03127692639827728
38034,0.006131622940301895
38037,0.013180230744183064
38040,0.01633552648127079
38043,0.04070623964071274
38046,0.014720076695084572
38049,0.005938420537859201
38052,0.02211068570613861
38055,0.0028726772870868444
38058,0.0037151577416807413
38061,0.010719817131757736
38064,0.0356748141348362
38067,0.04266802966594696
38070,0.008474264293909073
38073,0.019136564806103706
38076,0.004529025871306658
38079,0.004919437691569328
38082,0.008515262976288795
38085,0.011986973695456982
38088,0.0551445409655571
38091,0.005800585728138685
38094,0.0014857720816507936
38097,0.0016007614322006702
38100,0.020600469782948494
38103,0.0023707752116024494
38106,0.007522085215896368
38109,0.004275004845112562
38112,0.0018595092697069049
38115,0.0008028454030863941
38118,0.004573222249746323
38121,0.0028648022562265396
38124,0.003235072363168001
38127,0.0005579681601375341
38130,0.007246228866279125
38133,0.0011850367300212383
38136,0.017196787521243095
38139,0.0015206964453682303
38142,0.01695225015282631
38145,0.025571061298251152
38148,0.002840114291757345
38151,0.0011394604807719588
38154,0.047302983701229095
38157,0.061724703758955
38160,0.0042938897386193275
38163,0.06826958060264587
38166,0.023447899147868156
38169,0.015553202480077744
38172,0.008551578037440777
38175,0.012569529935717583
38178,0.015556820668280125
38181,0.0015206829411908984
38184,0.025524897500872612
38187,0.008412621915340424
38190,0.05505974590778351
38193,0.0014145071618258953
38196,0.003089070552960038
38199,0.003506914945319295
38202,0.009087976068258286
38205,0.015013346448540688
38208,0.001421146560460329
38211,0.0017803333466872573
38214,0.0012197783216834068
38217,0.028718678280711174
38220,0.0011623831233009696
38223,0.013713249936699867
38226,0.0015437600668519735
38229,0.00044765498023480177
38232,0.021576929837465286
38235,0.001091602025553584
38238,0.02867015078663826
38241,0.012598467990756035
38244,0.0034080257173627615
38247,0.002254952909424901
38250,0.010218878276646137
38253,0.0026198169216513634
38256,0.0020599705167114735
38259,0.0014123524306342006
38262,0.014224821701645851
38265,0.0012698075734078884
38268,0.016378220170736313
38271,0.004059993661940098
38274,0.0009790424956008792
38277,0.030209260061383247
38280,0.003734318306669593
38283,0.0009991379920393229
38286,0.000727991689927876
38289,0.006743554957211018
38292,0.001600160845555365
38295,0.0007831142283976078
38298,0.01002222765237093
38301,0.02336166426539421
38304,0.000475612236186862
38307,0.00595948938280344
38310,0.0011391218286007643
38313,0.021490706130862236
38316,0.002405393635854125
38319,0.0009635421447455883
38322,0.0013550305739045143
38325,0.0018530655652284622
38328,0.0012317943619564176
38331,0.010081415995955467
38334,0.0025243021082133055
38337,0.03029094636440277
38340,0.04335964843630791
38343,0.00720971031114459
38346,0.002341892570257187
38349,0.0027373777702450752
38352,0.00048198195872828364
38355,0.00777587341144681
38358,0.0020896918140351772
38361,0.016542430967092514
38364,0.032828979194164276
38367,0.014423447661101818
38370,0.010565509088337421
38373,0.001210190705023706
38376,0.000896056997589767
38379,0.0029042260721325874
38382,0.0012257242342457175
38385,0.0035850577987730503
38388,0.000975416274741292
38391,0.0016646627336740494
38394,0.006761954165995121
38397,0.0018544989870861173
38400,0.002361974213272333
38403,0.002717567840591073
38406,0.003009896259754896
38409,0.0019488862017169595
38412,0.0034028147347271442
38415,0.003407393116503954
38418,0.0009492015233263373
38421,0.0015465228352695704
38424,0.0014942781999707222
38427,0.000768677273299545
38430,0.0006251013837754726
38433,0.0013107507256790996
38436,0.0004548776487354189
38439,0.001502291765064001
38442,0.0004997787182219326
38445,0.0009283404215238988
38448,0.0022198925726115704
38451,0.0011934377253055573
38454,0.0007883141515776515
38457,0.0007082315278239548
38460,0.0007119073416106403
38463,0.001228161039762199
38466,0.013611556962132454
38469,0.019174477085471153
38472,0.003285496262833476
38475,0.0017133888322860003
38478,0.0015237816842272878
38481,0.016582023352384567
38484,0.008415238000452518
38487,0.001531161367893219
38490,0.001846545608714223
38493,0.024719098582863808
38496,0.0016280850395560265
38499,0.0016469862312078476
38502,0.0008728931425139308
38505,0.014592201448976994
38508,0.00123621616512537
38511,0.003887913655489683
38514,0.0015895335236564279
38517,0.042864978313446045
38520,0.02529577910900116
38523,0.000940375670325011
38526,0.0006599824409931898
38529,0.000745263125281781
38532,0.029540181159973145
38535,0.0007408356759697199
38538,0.0016167579451575875
38541,0.00043175998143851757
38544,0.0009189582196995616
38547,0.0008094754302874207
38550,0.0025348667986691
38553,0.0007099051144905388
38556,0.0002719487529247999
38559,0.00160933006554842
38562,0.00028114812448620796
38565,0.0004120434750802815
38568,0.00033768240245990455
38571,0.0007933643064461648
38574,0.0006077309371903539
38577,0.0005090225604362786
38580,0.0010935193859040737
38583,0.0008741944329813123
38586,0.00033691246062517166
38589,0.0008304464863613248
38592,0.022968033328652382
38595,0.03220898658037186
38598,0.0010882248170673847
38601,0.00048612826503813267
38604,0.018638812005519867
38607,0.0013357902644202113
38610,0.033069051802158356
38613,0.0007882395293563604
38616,0.023080727085471153
38619,0.03276579827070236
38622,0.0064811320044100285
38625,0.018239939585328102
38628,0.008667306043207645
38631,0.01831486076116562
38634,0.007124972529709339
38637,0.010831649415194988
38640,0.0016450146213173866
38643,0.0014052123297005892
38646,0.0018803284037858248
38649,0.0017772875726222992
38652,0.0066287098452448845
38655,0.016932545229792595
38658,0.015685860067605972
38661,0.027648819610476494
38664,0.0017222777241840959
38667,0.020807931199669838
38670,0.007145672105252743
38673,0.0027317628264427185
38676,0.00839000754058361
38679,0.0009266723645851016
38682,0.019099025055766106
38685,0.04658154025673866
38688,0.02943582460284233
38691,0.02272908203303814
38694,0.008932249620556831
38697,0.00777082983404398
38700,0.004916952922940254
38703,0.0007202556589618325
38706,0.0027404590509831905
38709,0.001318494789302349
38712,0.003874979680404067
38715,0.0013782301684841514
38718,0.00696949940174818
38721,0.001603900920599699
38724,0.005964559502899647
38727,0.02316436730325222
38730,0.007086976896971464
38733,0.013940633274614811
38736,0.0053330352529883385
38739,0.0013271557400003076
38742,0.006940093357115984
38745,0.00992575753480196
38748,0.005950539838522673
38751,0.008236867375671864
38754,0.006167620420455933
38757,0.004832299426198006
38760,0.0022690058685839176
38763,0.00793480034917593
38766,0.001294685062021017
38769,0.0009317725198343396
38772,0.0021308669820427895
38775,0.004530861042439938
38778,0.009970230981707573
38781,0.001982978777959943
38784,0.027266429737210274
38787,0.005443108268082142
38790,0.002567180898040533
38793,0.005920748226344585
38796,0.017522159963846207
38799,0.0009634961024858057
38802,0.0017239232547581196
38805,0.01356467604637146
38808,0.00228302925825119
38811,0.0008043377893045545
38814,0.018103236332535744
38817,0.008289242163300514
38820,0.017158281058073044
38823,0.002422667108476162
38826,0.01563715562224388
38829,0.0051614753901958466
38832,0.00169553782325238
38835,0.011715945787727833
38838,0.00970836915075779
38841,0.003312514629215002
38844,0.017898954451084137
38847,0.013482306152582169
38850,0.013133789412677288
38853,0.009064844809472561
38856,0.0021888292394578457
38859,0.005600099917501211
38862,0.015341537073254585
38865,0.0014129229821264744
38868,0.001390010118484497
38871,0.0012547867372632027
38874,0.004538099281489849
38877,0.011634111404418945
38880,0.0007575073977932334
38883,0.0009508326184004545
38886,0.0034154332242906094
38889,0.0017474622000008821
38892,0.009415499866008759
38895,0.0016774762189015746
38898,0.002141036558896303
38901,0.0045953113585710526
38904,0.0019098513294011354
38907,0.0008992243092507124
38910,0.0012038995046168566
38913,0.001248274464160204
38916,0.002475750632584095
38919,0.0003949261736124754
38922,0.000553755322471261
38925,0.001171529176644981
38928,0.0006675784243270755
38931,0.0010456854943186045
38934,0.001171961659565568
38937,0.0014320046175271273
38940,0.002187298610806465
38943,0.0007847640081308782
38946,0.0006090293754823506
38949,0.0008325150702148676
38952,0.00046725093852728605
38955,0.010186873376369476
38958,0.003931109327822924
38961,0.0005048179882578552
38964,0.0008721933700144291
38967,0.0010244307341054082
38970,0.0010459751356393099
38973,0.0004549630102701485
38976,0.0003348496393300593
38979,0.00047872858704067767
38982,0.0268394835293293
38985,0.0004973358009010553
38988,0.0006112328264862299
38991,0.0005240384489297867
38994,0.00038813374703750014
38997,0.0003895679546985775
39000,0.0007888282416388392
39003,0.0005215143319219351
39006,0.0006497391732409596
39009,0.002210449194535613
39012,0.007828994654119015
39015,0.0010162630351260304
39018,0.00026889771106652915
39021,0.0004389054956845939
39024,0.0018342735711485147
39027,0.0004065724788233638
39030,0.00048736174358054996
39033,0.025175170972943306
39036,0.0023569888435304165
39039,0.0007798466249369085
39042,0.002655027201399207
39045,0.002118282252922654
39048,0.01733611896634102
39051,0.00041128104203380644
39054,0.00460529001429677
39057,0.0006772043416276574
39060,0.023819763213396072
39063,0.04329875856637955
39066,0.03892320394515991
39069,0.04719524085521698
39072,0.01091403141617775
39075,0.037942074239254
39078,0.0019612349569797516
39081,0.009628716856241226
39084,0.03863685205578804
39087,0.012797526083886623
39090,0.010277369059622288
39093,0.011200068518519402
39096,0.0017437555361539125
39099,0.0014477459480986
39102,0.003090388374403119
39105,0.016089895740151405
39108,0.0027974052354693413
39111,0.020657457411289215
39114,0.002537996042519808
39117,0.0013200088869780302
39120,0.009036248549818993
39123,0.0017815394094213843
39126,0.026027945801615715
39129,0.0024497914128005505
39132,0.0016624463023617864
39135,0.001846505794674158
39138,0.0012238248018547893
39141,0.010260997340083122
39144,0.004267471376806498
39147,0.0019163113320246339
39150,0.007865291088819504
39153,0.008642386645078659
39156,0.015069346874952316
39159,0.025564899668097496
39162,0.00219405977986753
39165,0.0014423232059925795
39168,0.018378473818302155
39171,0.010110744275152683
39174,0.00403490150347352
39177,0.006763921584933996
39180,0.0016188183799386024
39183,0.0006805105367675424
39186,0.0018328626174479723
39189,0.026870887726545334
39192,0.002043287269771099
39195,0.008475709706544876
39198,0.027077071368694305
39201,0.007453936152160168
39204,0.018280750140547752
39207,0.011501677334308624
39210,0.007588386535644531
39213,0.015144960954785347
39216,0.03313369303941727
39219,0.015329526737332344
39222,0.009850084781646729
39225,0.0018426616443321109
39228,0.005452008452266455
39231,0.0019475446315482259
39234,0.001133953221142292
39237,0.003553649177774787
39240,0.004552740138024092
39243,0.0036837845109403133
39246,0.048578329384326935
39249,0.03746461495757103
39252,0.017678864300251007
39255,0.002303097629919648
39258,0.010957851074635983
39261,0.00916583463549614
39264,0.0022489195689558983
39267,0.001951129175722599
39270,0.015805410221219063
39273,0.020794957876205444
39276,0.00794833805412054
39279,0.012688787654042244
39282,0.004323936998844147
39285,0.04185422137379646
39288,0.0113584715873003
39291,0.006276473868638277
39294,0.004382601007819176
39297,0.008771694265305996
39300,0.030378423631191254
39303,0.003304786514490843
39306,0.0016884584911167622
39309,0.008329491131007671
39312,0.013082193210721016
39315,0.005461596418172121
39318,0.044866472482681274
39321,0.011029766872525215
39324,0.008318194188177586
39327,0.01433504931628704
39330,0.0018603643402457237
39333,0.015023598447442055
39336,0.004004757851362228
39339,0.014282488264143467
39342,0.0029562285635620356
39345,0.001446153037250042
39348,0.002446433063596487
39351,0.001471984782256186
39354,0.008095981553196907
39357,0.004682566039264202
39360,0.005617181304842234
39363,0.01798100769519806
39366,0.011899886652827263
39369,0.00181856332346797
39372,0.007854930125176907
39375,0.001147755770944059
39378,0.03714268282055855
39381,0.002300133230164647
39384,0.007987041026353836
39387,0.023684518411755562
39390,0.0011241922620683908
39393,0.02776355668902397
39396,0.010953841730952263
39399,0.0037670480087399483
39402,0.017757857218384743
39405,0.017975851893424988
39408,0.02545434609055519
39411,0.045192550867795944
39414,0.0019612612668424845
39417,0.011507702060043812
39420,0.017867904156446457
39423,0.051959194242954254
39426,0.03833097591996193
39429,0.004530563950538635
39432,0.0009486478520557284
39435,0.0018612220883369446
39438,0.0018869396299123764
39441,0.005452238488942385
39444,0.0028640462551265955
39447,0.0010542315430939198
39450,0.02537171170115471
39453,0.0013261577114462852
39456,0.014852399006485939
39459,0.0008645746856927872
39462,0.009605108760297298
39465,0.029700230807065964
39468,0.04417501017451286
39471,0.007878007367253304
39474,0.0016444101929664612
39477,0.013257359154522419
39480,0.0041785212233662605
39483,0.002659269142895937
39486,0.0038948836736381054
39489,0.06424473226070404
39492,0.028741102665662766
39495,0.005427434109151363
39498,0.0018195339944213629
39501,0.003926869016140699
39504,0.021137386560440063
39507,0.017703576013445854
39510,0.03750667721033096
39513,0.00406141672283411
39516,0.015611134469509125
39519,0.0018071633530780673
39522,0.026986591517925262
39525,0.0016990702133625746
39528,0.0031841499730944633
39531,0.0010870310943573713
39534,0.003558590542525053
39537,0.01305381953716278
39540,0.007657576352357864
39543,0.02967122197151184
39546,0.0027567478828132153
39549,0.013515181839466095
39552,0.003522187005728483
39555,0.00720082875341177
39558,0.01815868355333805
39561,0.0027345847338438034
39564,0.002683087019249797
39567,0.000938685960136354
39570,0.0166158489882946
39573,0.0030967299826443195
39576,0.006004175636917353
39579,0.035029809921979904
39582,0.0067496406845748425
39585,0.016627097502350807
39588,0.007637722417712212
39591,0.03715551644563675
39594,0.002194863511249423
39597,0.0028701506089419127
39600,0.0035786658991128206
39603,0.001558627700433135
39606,0.010001142509281635
39609,0.0022022381890565157
39612,0.002797468798235059
39615,0.016468936577439308
39618,0.019248249009251595
39621,0.0022792471572756767
39624,0.015099367126822472
39627,0.0007264969754032791
39630,0.018175747245550156
39633,0.016982149332761765
39636,0.004115944728255272
39639,0.052976444363594055
39642,0.004627990536391735
39645,0.003458387916907668
39648,0.025268908590078354
39651,0.0049616252072155476
39654,0.008908912539482117
39657,0.02455499768257141
39660,0.0036223428323864937
39663,0.005991590674966574
39666,0.03241853415966034
39669,0.005874909460544586
39672,0.028281206265091896
39675,0.002156465081498027
39678,0.021558893844485283
39681,0.0013972222805023193
39684,0.0013263772707432508
39687,0.002757352776825428
39690,0.0011200737208127975
39693,0.001307095168158412
39696,0.0014312932034954429
39699,0.005706137046217918
39702,0.0012475104304030538
39705,0.004614816512912512
39708,0.0018240788485854864
39711,0.002034451812505722
39714,0.0007943775271996856
39717,0.00900489091873169
39720,0.0010678956750780344
39723,0.0023220092989504337
39726,0.0008511482737958431
39729,0.0013526539551094174
39732,0.0010544322431087494
39735,0.010603407397866249
39738,0.0026821945793926716
39741,0.0009757554507814348
39744,0.0010546136181801558
39747,0.026309100911021233
39750,0.0009265789994969964
39753,0.0011733518913388252
39756,0.020451007410883904
39759,0.006085492670536041
39762,0.02797205187380314
39765,0.003073721192777157
39768,0.002947861095890403
39771,0.01005606446415186
39774,0.0034275741782039404
39777,0.0005896060029044747
39780,0.0012391092022880912
39783,0.010689744725823402
39786,0.0011197596322745085
39789,0.0006349104223772883
39792,0.0005912024062126875
39795,0.0005853246548213065
39798,0.001466135960072279
39801,0.014763159677386284
39804,0.0009189957054331899
39807,0.0014563908334821463
39810,0.04868750646710396
39813,0.0016547273844480515
39816,0.01671108789741993
39819,0.040911875665187836
39822,0.011845560744404793
39825,0.01047162339091301
39828,0.005589853972196579
39831,0.04019925370812416
39834,0.013541756197810173
39837,0.0294733177870512
39840,0.003508221358060837
39843,0.0033002644777297974
39846,0.09574408084154129
39849,0.014825556427240372
39852,0.002507382771000266
39855,0.036112863570451736
39858,0.008160053752362728
39861,0.008722776547074318
39864,0.00409361207857728
39867,0.009633920155465603
39870,0.0017097925301641226
39873,0.00766696035861969
39876,0.0007229371694847941
39879,0.0012699790531769395
39882,0.014719264581799507
39885,0.0005287711974233389
39888,0.0006416787509806454
39891,0.0010512522421777248
39894,0.004351319745182991
39897,0.0014628514181822538
39900,0.0008744084625504911
39903,0.001213626004755497
39906,0.004327121190726757
39909,0.0007306881016120315
39912,0.0024395075161010027
39915,0.0015102907782420516
39918,0.0011912756599485874
39921,0.0007355271372944117
39924,0.007868906483054161
39927,0.018330981954932213
39930,0.004202432464808226
39933,0.0011413556057959795
39936,0.002925449050962925
39939,0.03035205975174904
39942,0.003913567867130041
39945,0.008908177725970745
39948,0.001858738949522376
39951,0.04293977841734886
39954,0.02717527374625206
39957,0.022817164659500122
39960,0.002064224798232317
39963,0.002140795812010765
39966,0.0012123549822717905
39969,0.030480563640594482
39972,0.047577016055583954
39975,0.0022866250947117805
39978,0.0039430344477295876
39981,0.017178021371364594
39984,0.003570150351151824
39987,0.0023840435314923525
39990,0.014789730310440063
39993,0.0052178543992340565
39996,0.01016087643802166
39999,0.025173550471663475
40002,0.001318322611041367
40005,0.004090209025889635
40008,0.006988060660660267
40011,0.009109381586313248
40014,0.007319444324821234
40017,0.0028482244815677404
40020,0.01150156557559967
40023,0.03166162222623825
40026,0.027330907061696053
40029,0.004237311892211437
40032,0.026705898344516754
40035,0.0023354378063231707
40038,0.009151015430688858
40041,0.006976481527090073
40044,0.0010412540286779404
40047,0.005934139713644981
40050,0.0090433768928051
40053,0.0445951372385025
40056,0.0024016168899834156
40059,0.001559247262775898
40062,0.0017679028678685427
40065,0.003034974681213498
40068,0.0013983228709548712
40071,0.017300954088568687
40074,0.031021635979413986
40077,0.0005203369073569775
40080,0.00037184206303209066
40083,0.000542868860065937
40086,0.001421140506863594
40089,0.01281312108039856
40092,0.001602665986865759
40095,0.007629499305039644
40098,0.007872837595641613
40101,0.0013464465737342834
40104,0.003281736047938466
40107,0.002149243839085102
40110,0.0032915680203586817
40113,0.04220467805862427
40116,0.0008767026592977345
40119,0.008766883984208107
40122,0.001034860615618527
40125,0.0016510765999555588
40128,0.017620103433728218
40131,0.0006677791243419051
40134,0.0002959000412374735
40137,0.0009614273440092802
40140,0.0007278863922692835
40143,0.0007147402502596378
40146,0.001006511738523841
40149,0.0005968151963315904
40152,0.00022362687741406262
40155,0.001128384843468666
40158,0.0060435873456299305
40161,0.0009511177777312696
40164,0.0003408282354939729
40167,0.0034785037860274315
40170,0.0010053652804344893
40173,0.0028442468028515577
40176,0.0003740287502296269
40179,0.00039240653859451413
40182,0.0005081837880425155
40185,0.0009342306293547153
40188,0.0008122826111502945
40191,0.01628081686794758
40194,0.0004964041872881353
40197,0.0014683865010738373
40200,0.0004694180970545858
40203,0.001557342940941453
40206,0.001625564880669117
40209,0.03317075967788696
40212,0.0012940923916175961
40215,0.00030541018350049853
40218,0.004975371062755585
40221,0.00035721773747354746
40224,0.0014037737855687737
40227,0.0004570406745187938
40230,0.0006627782713621855
40233,0.0002899952814914286
40236,0.011433089151978493
40239,0.0007307068444788456
40242,0.0010361748281866312
40245,0.000889859686139971
40248,0.0004195311339572072
40251,0.0014719015453010798
40254,0.00044460699427872896
40257,0.002063874388113618
40260,0.0005257209995761514
40263,0.02017734758555889
40266,0.00042944238521158695
40269,0.001144870650023222
40272,0.0004033221921417862
40275,0.00031771225621923804
40278,0.0012052449164912105
40281,0.0011548675829544663
40284,0.00029132066993042827
40287,0.006737103685736656
40290,0.011238494887948036
40293,0.025383111089468002
40296,0.016285188496112823
40299,0.0004553926410153508
40302,0.0007526245899498463
40305,0.001370136276818812
40308,0.0005804053507745266
40311,0.0006969049572944641
40314,0.002486978657543659
40317,0.00044728495413437486
40320,0.0008265813230536878
40323,0.0005693139391951263
40326,0.0006546584190800786
40329,0.0004526049888227135
40332,0.0010060911299660802
40335,0.0006845628377050161
40338,0.0005929840262979269
40341,0.001714320620521903
40344,0.0004581226094160229
40347,0.0007631446933373809
40350,0.0002124225429724902
40353,0.00046455507981590927
40356,0.00030465007876046
40359,0.0007679646951146424
40362,0.00047653960064053535
40365,0.00029436525073833764
40368,0.0005565223982557654
40371,0.0005494900979101658
40374,0.0011674754787236452
40377,0.0005431951722130179
40380,0.0007765823975205421
40383,0.0001867983373813331
40386,0.00026724074268713593
40389,0.0004699926357716322
40392,0.021329741925001144
40395,0.0002155922120437026
40398,0.0012332142796367407
40401,0.0020585209131240845
40404,0.0006438880227506161
40407,0.015608059242367744
40410,0.0012029120698571205
40413,0.00020884099649265409
40416,0.017361802980303764
40419,0.0008716516895219684
40422,0.0006626510294154286
40425,0.003475796664133668
40428,0.0002420704549876973
40431,0.0006660018698312342
40434,0.0069182999432086945
40437,0.0003970376856159419
40440,0.0017228454817086458
40443,0.0008556549437344074
40446,0.0004554491606540978
40449,0.0028566960245370865
40452,0.0006800577975809574
40455,0.01532447524368763
40458,0.001210919115692377
40461,0.006652621552348137
40464,0.009204424917697906
40467,0.0019429842941462994
40470,0.0043404619209468365
40473,0.0013779508881270885
40476,0.0013626196887344122
40479,0.0009647449478507042
40482,0.006027412600815296
40485,0.000714173773303628
40488,0.0022685276344418526
40491,0.0006015790277160704
40494,0.0021545966155827045
40497,0.008151212707161903
40500,0.012688865885138512
40503,0.0006091610994189978
40506,0.012152252718806267
40509,0.0007279800483956933
40512,0.00035747533547692
40515,0.0034989139530807734
40518,0.0005526794702745974
40521,0.0007694101659581065
40524,0.0002760491624940187
40527,0.006288126576691866
40530,0.004105613566935062
40533,0.0009986544027924538
40536,0.0011971844360232353
40539,0.0012858721893280745
40542,0.012926376424729824
40545,0.00979022029787302
40548,0.009562259539961815
40551,0.0014580021379515529
40554,0.012429403141140938
40557,0.00044502742821350694
40560,0.0005168511997908354
40563,0.0002760251227300614
40566,0.0006307793082669377
40569,0.0008192491950467229
40572,0.000561766151804477
40575,0.0014039508532732725
40578,0.0020858771167695522
40581,0.00040953539428301156
40584,0.042631227523088455
40587,0.0005924705183133483
40590,0.0005381831433624029
40593,0.0003530487883836031
40596,0.000542604539077729
40599,0.003535801311954856
40602,0.0008000731468200684
40605,0.000815509760286659
40608,0.0006986470543779433
40611,0.00015036962577141821
40614,0.006932403892278671
40617,0.018529528751969337
40620,0.001374486368149519
40623,0.00047576799988746643
40626,0.0014124816516414285
40629,0.0013636946678161621
40632,0.00041082146344706416
40635,0.00022477259335573763
40638,0.0005595068796537817
40641,0.007681597024202347
40644,0.05305977910757065
40647,0.0022671259939670563
40650,0.0008559463312849402
40653,0.0003736206272151321
40656,0.0055577391758561134
40659,0.002434604335576296
40662,0.001135343569330871
40665,0.0203354824334383
40668,0.005669544450938702
40671,0.03556253761053085
40674,0.020491844043135643
40677,0.00853322446346283
40680,0.012376775965094566
40683,0.008609870448708534
40686,0.016165070235729218
40689,0.00484007503837347
40692,0.0011375148314982653
40695,0.005328028462827206
40698,0.0015476727858185768
40701,0.00944112055003643
40704,0.013254362158477306
40707,0.0011472352780401707
40710,0.007645067293196917
40713,0.008418208919465542
40716,0.019181424751877785
40719,0.03215675801038742
40722,0.02284487709403038
40725,0.007860954850912094
40728,0.0008774660527706146
40731,0.0013222709530964494
40734,0.0006769511383026838
40737,0.001024280907586217
40740,0.006964346393942833
40743,0.0323387086391449
40746,0.009362212382256985
40749,0.0012097412254661322
40752,0.005150107201188803
40755,0.0014081536792218685
40758,0.0036019703838974237
40761,0.0014358125627040863
40764,0.022396769374608994
40767,0.0010801265016198158
40770,0.0023638224229216576
40773,0.0052870651707053185
40776,0.018375705927610397
40779,0.002090445486828685
40782,0.0034009297378361225
40785,0.011465056799352169
40788,0.042736999690532684
40791,0.005957396700978279
40794,0.016906706616282463
40797,0.0008018212392926216
40800,0.002031993120908737
40803,0.017264656722545624
40806,0.013635637238621712
40809,0.0021752272732555866
40812,0.005795297212898731
40815,0.011966095305979252
40818,0.0040776971727609634
40821,0.001980436500161886
40824,0.01045229658484459
40827,0.04006847366690636
40830,0.008534731343388557
40833,0.021227659657597542
40836,0.0009912080131471157
40839,0.02592097409069538
40842,0.02606068179011345
40845,0.0020136209204792976
40848,0.0017734103603288531
40851,0.021935701370239258
40854,0.04834356531500816
40857,0.0014770643319934607
40860,0.0014722798950970173
40863,0.005684854928404093
40866,0.019287332892417908
40869,0.004536233842372894
40872,0.005237039178609848
40875,0.0005221877945587039
40878,0.02780154161155224
40881,0.013101387768983841
40884,0.026486461982131004
40887,0.00844583846628666
40890,0.025266829878091812
40893,0.002321670763194561
40896,0.003239433979615569
40899,0.027907388284802437
40902,0.028532514348626137
40905,0.005414063110947609
40908,0.005578079726547003
40911,0.0104296850040555
40914,0.003081059316173196
40917,0.0011326612439006567
40920,0.004408759996294975
40923,0.0009857511613518
40926,0.00187267258297652
40929,0.03135786950588226
40932,0.0015994587447494268
40935,0.002783023053780198
40938,0.010923477821052074
40941,0.009805634617805481
40944,0.0013387679355219007
40947,0.0038881751243025064
40950,0.002229809993878007
40953,0.010596822015941143
40956,0.019729383289813995
40959,0.0016176010249182582
40962,0.0008853523759171367
40965,0.004313856363296509
40968,0.001018960028886795
40971,0.001716880826279521
40974,0.0012551702093333006
40977,0.010251765139400959
40980,0.002514560241252184
40983,0.001874117529951036
40986,0.003901537973433733
40989,0.0056955041363835335
40992,0.003893977729603648
40995,0.0010310641955584288
40998,0.0070283967070281506
41001,0.0036087343469262123
41004,0.0033887422177940607
41007,0.001821496058255434
41010,0.0003997975727543235
41013,0.000855789752677083
41016,0.0010832131374627352
41019,0.002396924654021859
41022,0.001556245144456625
41025,0.00036097585689276457
41028,0.03286226466298103
41031,0.044538456946611404
41034,0.008179067634046078
41037,0.015027961693704128
41040,0.010654802434146404
41043,0.0008131884387694299
41046,0.0007602935656905174
41049,0.036193303763866425
41052,0.0013806980568915606
41055,0.0009323038393631577
41058,0.0016242265701293945
41061,0.01296332385390997
41064,0.004208770580589771
41067,0.001164457993581891
41070,0.0011057218071073294
41073,0.001149366027675569
41076,0.00759213138371706
41079,0.0028751229401677847
41082,0.0008257221197709441
41085,0.030666859820485115
41088,0.0025731606874614954
41091,0.0007040984928607941
41094,0.007782953791320324
41097,0.007026598788797855
41100,0.0033613168634474277
41103,0.00048164621694013476
41106,0.0039696707390248775
41109,0.00114558101631701
41112,0.0009311506291851401
41115,0.007881869561970234
41118,0.03481579199433327
41121,0.0013663601130247116
41124,0.005590701941400766
41127,0.033348191529512405
41130,0.0013495755847543478
41133,0.0012860808055847883
41136,0.0012948992662131786
41139,0.0016631565522402525
41142,0.0006445789476856589
41145,0.01893100142478943
41148,0.001297899056226015
41151,0.0010890387929975986
41154,0.0010659083491191268
41157,0.001133071375079453
41160,0.0006771988701075315
41163,0.0004112896858714521
41166,0.001372290076687932
41169,0.0007349856896325946
41172,0.0005253832787275314
41175,0.00497520063072443
41178,0.0002975427487399429
41181,0.00032777409069240093
41184,0.000752289080992341
41187,0.0008860128582455218
41190,0.013672588393092155
41193,0.0007400688482448459
41196,0.0012904363684356213
41199,0.0007661173003725708
41202,0.0005409123841673136
41205,0.0011378470808267593
41208,0.011541829444468021
41211,0.0016051059355959296
41214,0.0007275566458702087
41217,0.0004274266539141536
41220,0.0004221632261760533
41223,0.0003408414195291698
41226,0.0016162635292857885
41229,0.001140353037044406
41232,0.00033585686469450593
41235,0.02013605833053589
41238,0.0002993637172039598
41241,0.0005567850894294679
41244,0.0007033286965452135
41247,0.001755253178998828
41250,0.00039104794268496335
41253,0.0008688186062499881
41256,0.004351685289293528
41259,0.000513783423230052
41262,0.00042181831668131053
41265,0.0007234874647110701
41268,0.00021837549866177142
41271,0.0003807554312516004
41274,0.00025962525978684425
41277,0.00046485516941174865
41280,0.001674607046879828
41283,0.0058694081380963326
41286,0.0006417887634597719
41289,0.0077650463208556175
41292,0.0006180481868796051
41295,0.008485822007060051
41298,0.0013611569302156568
41301,0.0028629566077142954
41304,0.029533028602600098
41307,0.0005741461645811796
41310,0.0039342548698186874
41313,0.000501791131682694
41316,0.000523181224707514
41319,0.0021738801151514053
41322,0.00036522941081784666
41325,0.0004134178743697703
41328,0.0003664366668090224
41331,0.001422839006409049
41334,0.00122115109115839
41337,0.0175361018627882
41340,0.019054576754570007
41343,0.0008326915558427572
41346,0.0007081135991029441
41349,0.0010661634150892496
41352,0.020433790981769562
41355,0.001541629433631897
41358,0.013728087767958641
41361,0.007019925396889448
41364,0.022200360894203186
41367,0.0010628873715177178
41370,0.001165473135188222
41373,0.0010182919213548303
41376,0.009686682373285294
41379,0.0006352172349579632
41382,0.0011893402552232146
41385,0.0008097554673440754
41388,0.000817388528957963
41391,0.008005933836102486
41394,0.006966818124055862
41397,0.012809688225388527
41400,0.0019970331341028214
41403,0.00486327800899744
41406,0.0012683721724897623
41409,0.0007241901475936174
41412,0.0005512482603080571
41415,0.0003837981494143605
41418,0.0018374595092609525
41421,0.000847727817017585
41424,0.00027898859116248786
41427,0.0026214933022856712
41430,0.0004868986434303224
41433,0.030300114303827286
41436,0.010985353030264378
41439,0.0011088643223047256
41442,0.0008018537191674113
41445,0.01053119171410799
41448,0.005996035411953926
41451,0.0010530157014727592
41454,0.00037231712485663593
41457,0.0003435575927142054
41460,0.0006001513102091849
41463,0.0011193102691322565
41466,0.01180984452366829
41469,0.0011960589326918125
41472,0.0013694879598915577
41475,0.0005475109210237861
41478,0.006658449769020081
41481,0.0009068034123629332
41484,0.008111456409096718
41487,0.03134896233677864
41490,0.0007642586715519428
41493,0.006210760213434696
41496,0.002920800354331732
41499,0.022495022043585777
41502,0.04044167324900627
41505,0.007340058218687773
41508,0.0015193179715424776
41511,0.002271986333653331
41514,0.0024435650557279587
41517,0.0009437164990231395
41520,0.014219596050679684
41523,0.002713751746341586
41526,0.020671870559453964
41529,0.004272631369531155
41532,0.012401227839291096
41535,0.002857812214642763
41538,0.0014065979048609734
41541,0.0024366462603211403
41544,0.0009406455792486668
41547,0.0021420479752123356
41550,0.0009649494895711541
41553,0.0010859083849936724
41556,0.002614022698253393
41559,0.001244584796950221
41562,0.0006465777987614274
41565,0.001563602825626731
41568,0.0006650013383477926
41571,0.0015490865334868431
41574,0.0007502404041588306
41577,0.0009431102080270648
41580,0.0010614171624183655
41583,0.0009241324150934815
41586,0.000836240709759295
41589,0.0007402963237836957
41592,0.0005950923077762127
41595,0.014109369367361069
41598,0.0006972522241994739
41601,0.0017992041539400816
41604,0.014725702814757824
41607,0.0008988475310616195
41610,0.009240017272531986
41613,0.0010698725236579776
41616,0.008867761120200157
41619,0.0025715159717947245
41622,0.007010745350271463
41625,0.015517905354499817
41628,0.011714043095707893
41631,0.005542352329939604
41634,0.003003265941515565
41637,0.0038354755379259586
41640,0.003696109401062131
41643,0.002712390385568142
41646,0.02462095580995083
41649,0.021572835743427277
41652,0.013273192569613457
41655,0.011237945407629013
41658,0.0075131976045668125
41661,0.0008826654520817101
41664,0.000642858911305666
41667,0.001234613242559135
41670,0.02290557511150837
41673,0.0018281517550349236
41676,0.008927390910685062
41679,0.0018172946292907
41682,0.00110079743899405
41685,0.0005825738189741969
41688,0.00788626354187727
41691,0.01718364655971527
41694,0.0005828928551636636
41697,0.0009195799939334393
41700,0.0009021552396006882
41703,0.0016468989197164774
41706,0.0009798103710636497
41709,0.001117162173613906
41712,0.0006647280533798039
41715,0.0010976837947964668
41718,0.017245005816221237
41721,0.0007450815755873919
41724,0.000760938914027065
41727,0.001265798113308847
41730,0.02433444932103157
41733,0.005270625930279493
41736,0.01500149816274643
41739,0.0011529052862897515
41742,0.0075126709416508675
41745,0.001714335405267775
41748,0.010674366727471352
41751,0.015134812332689762
41754,0.005543142091482878
41757,0.0020001218654215336
41760,0.0012029584031552076
41763,0.0029589813202619553
41766,0.002040860475972295
41769,0.015421880409121513
41772,0.01490769162774086
41775,0.0015520092565566301
41778,0.008182350546121597
41781,0.0023588098119944334
41784,0.0015926022315397859
41787,0.0008511553169228137
41790,0.004106477368623018
41793,0.007632255554199219
41796,0.004394193179905415
41799,0.0023237019777297974
41802,0.0031680981628596783
41805,0.026759976521134377
41808,0.0018394007347524166
41811,0.0036325459368526936
41814,0.014936898835003376
41817,0.0012548465747386217
41820,0.013626791536808014
41823,0.002059457590803504
41826,0.007241724990308285
41829,0.004760686308145523
41832,0.0021642684005200863
41835,0.002968814689666033
41838,0.002174183027818799
41841,0.002507599536329508
41844,0.0009094981360249221
41847,0.0008784554665908217
41850,0.0016608305741101503
41853,0.0019048580434173346
41856,0.0035949964076280594
41859,0.0012869908241555095
41862,0.002828720025718212
41865,0.01351886335760355
41868,0.0013276427052915096
41871,0.006764484103769064
41874,0.008437581360340118
41877,0.0016246642917394638
41880,0.020294032990932465
41883,0.023957939818501472
41886,0.020251013338565826
41889,0.003010293934494257
41892,0.0053370194509625435
41895,0.001490750932134688
41898,0.00170390703715384
41901,0.0016413689590990543
41904,0.009244391694664955
41907,0.0006698423530906439
41910,0.0023311551194638014
41913,0.01899278722703457
41916,0.0018256460316479206
41919,0.0032653585076332092
41922,0.0006909018266014755
41925,0.0005580737488344312
41928,0.0011288912501186132
41931,0.0071746534667909145
41934,0.0005547850742004812
41937,0.001856484217569232
41940,0.0008319824701175094
41943,0.004388492554426193
41946,0.001153542660176754
41949,0.0024210044648498297
41952,0.0007746482733637094
41955,0.008160395547747612
41958,0.027941983193159103
41961,0.0005868911975994706
41964,0.0033684829249978065
41967,0.0010986262932419777
41970,0.001194968819618225
41973,0.0010733777889981866
41976,0.0009825574234127998
41979,0.0011484272545203567
41982,0.0005522374995052814
41985,0.0002567405463196337
41988,0.0011167859192937613
41991,0.01852642558515072
41994,0.00020765890076290816
41997,0.004672693088650703
42000,0.00632539251819253
42003,0.005357441492378712
42006,0.0012366677401587367
42009,0.001154460245743394
42012,0.000502545153722167
42015,0.023924443870782852
42018,0.0005097193061374128
42021,0.003976695239543915
42024,0.0004202559357509017
42027,0.0011186087504029274
42030,0.00272255577147007
42033,0.000467100617242977
42036,0.009563351050019264
42039,0.0009770491160452366
42042,0.00046155849122442305
42045,0.0017567155882716179
42048,0.020729906857013702
42051,0.02483186684548855
42054,0.0007647706661373377
42057,0.006397819146513939
42060,0.0015538950683549047
42063,0.0034070920664817095
42066,0.010464460588991642
42069,0.008396858349442482
42072,0.001407109433785081
42075,0.016159504652023315
42078,0.0006434174720197916
42081,0.0007930689607746899
42084,0.006266217678785324
42087,0.0030046855099499226
42090,0.0029935974162071943
42093,0.000990915228612721
42096,0.0024325628764927387
42099,0.0006120122270658612
42102,0.01938016153872013
42105,0.0007301570731215179
42108,0.0009896045085042715
42111,0.0005295356968417764
42114,0.03245047479867935
42117,0.0019314747769385576
42120,0.047458380460739136
42123,0.0134765999391675
42126,0.02213861234486103
42129,0.0139568280428648
42132,0.016845934092998505
42135,0.03787737339735031
42138,0.01397821493446827
42141,0.02108541876077652
42144,0.009178361855447292
42147,0.008484902791678905
42150,0.01995096169412136
42153,0.027371831238269806
42156,0.01463689561933279
42159,0.018561236560344696
42162,0.036010220646858215
42165,0.015091345645487309
42168,0.040957797318696976
42171,0.03437814116477966
42174,0.03402078524231911
42177,0.01640986278653145
42180,0.019161175936460495
42183,0.05040522664785385
42186,0.0059747956693172455
42189,0.03008156456053257
42192,0.006327065639197826
42195,0.005119029898196459
42198,0.011840678751468658
42201,0.005881945602595806
42204,0.014025943353772163
42207,0.027616333216428757
42210,0.008409821428358555
42213,0.039821263402700424
42216,0.006293781101703644
42219,0.011746609583497047
42222,0.034101784229278564
42225,0.021094391122460365
42228,0.011826763860881329
42231,0.04644007235765457
42234,0.018144214525818825
42237,0.012247191742062569
42240,0.0018817962845787406
42243,0.008542884141206741
42246,0.010084218345582485
42249,0.012657666578888893
42252,0.002172986278310418
42255,0.024562329053878784
42258,0.005754165817052126
42261,0.016644593328237534
42264,0.006351505406200886
42267,0.02578148990869522
42270,0.002374580828472972
42273,0.01145584974437952
42276,0.014063514769077301
42279,0.0026633981615304947
42282,0.016111019998788834
42285,0.02490648441016674
42288,0.006699170917272568
42291,0.00637040426954627
42294,0.001703688409179449
42297,0.0057345288805663586
42300,0.0021427238825708628
42303,0.0037141002248972654
42306,0.03258167579770088
42309,0.0012492523528635502
42312,0.02092025987803936
42315,0.03975018486380577
42318,0.0076730139553546906
42321,0.019960900768637657
42324,0.0034872470423579216
42327,0.004692478105425835
42330,0.019834185019135475
42333,0.003014936577528715
42336,0.0015174727886915207
42339,0.013040724210441113
42342,0.005565342493355274
42345,0.004800335504114628
42348,0.0037023299373686314
42351,0.007708286866545677
42354,0.01574251428246498
42357,0.03321953862905502
42360,0.019147321581840515
42363,0.004835980013012886
42366,0.0014275467256084085
42369,0.017226755619049072
42372,0.0015769910532981157
42375,0.004495908971875906
42378,0.0008569083292968571
42381,0.0006159220356494188
42384,0.0007966644479893148
42387,0.018550843000411987
42390,0.0010018013417720795
42393,0.0010362735483795404
42396,0.00045558286365121603
42399,0.00023609137861058116
42402,0.0038733859546482563
42405,0.0004850416735280305
42408,0.00033661798806861043
42411,0.0013804652262479067
42414,0.013792814686894417
42417,0.0008161912555806339
42420,0.0003113785060122609
42423,0.0007171411416493356
42426,0.0026741980109363794
42429,0.0017134177032858133
42432,0.000690947228576988
42435,0.00045241715270094573
42438,0.002080477774143219
42441,0.001313394634053111
42444,0.0007057513576000929
42447,0.020480817183852196
42450,0.0024873302318155766
42453,0.01845467835664749
42456,0.0003426139592193067
42459,0.00037589410203509033
42462,0.001942307804711163
42465,0.011199088767170906
42468,0.0003888056962750852
42471,0.00045921996934339404
42474,0.002145399572327733
42477,0.00975741632282734
42480,0.00038430673885159194
42483,0.0008227906073443592
42486,0.0003628495614975691
42489,0.0004823064664378762
42492,0.0003291684843134135
42495,0.0015287147834897041
42498,0.00801352970302105
42501,0.0009025020990520716
42504,0.002335038036108017
42507,0.0005516235250979662
42510,0.00127627223264426
42513,0.0006477789138443768
42516,0.028668364509940147
42519,0.00047269053175114095
42522,0.0009513874538242817
42525,0.0017353171715512872
42528,0.002008331473916769
42531,0.003141833934932947
42534,0.02079033851623535
42537,0.0008178873686119914
42540,0.0022160536609590054
42543,0.000809060235042125
42546,0.0005500669358298182
42549,0.0035563642159104347
42552,0.003894336288794875
42555,0.00480849901214242
42558,0.0008705477230250835
42561,0.0030894754454493523
42564,0.002246743766590953
42567,0.0009760596440173686
42570,0.02491610497236252
42573,0.008564451709389687
42576,0.004743884317576885
42579,0.0016481047496199608
42582,0.00033054634695872664
42585,0.0011970880441367626
42588,0.01087922602891922
42591,0.002448132960125804
42594,0.0018683094531297684
42597,0.0075690411031246185
42600,0.0033704338129609823
42603,0.005831429734826088
42606,0.012638125568628311
42609,0.0026688154321163893
42612,0.0009123894851654768
42615,0.030215119943022728
42618,0.0023490870371460915
42621,0.01772618293762207
42624,0.0036121078301221132
42627,0.030470162630081177
42630,0.04883236438035965
42633,0.0017670009983703494
42636,0.007315181195735931
42639,0.0011578481644392014
42642,0.005692838691174984
42645,0.03751196712255478
42648,0.008464572951197624
42651,0.02051517553627491
42654,0.002461931435391307
42657,0.0018187954556196928
42660,0.00220887060277164
42663,0.007012594491243362
42666,0.006616314873099327
42669,0.0016387436771765351
42672,0.031674277037382126
42675,0.006411446258425713
42678,0.0012237087357789278
42681,0.0015275405021384358
42684,0.028328130021691322
42687,0.0011429016012698412
42690,0.0038530309684574604
42693,0.002914565149694681
42696,0.001139658153988421
42699,0.013759116642177105
42702,0.0011399216018617153
42705,0.0197712741792202
42708,0.001956488937139511
42711,0.013170554302632809
42714,0.0006371308700181544
42717,0.0004811453400179744
42720,0.0010397109435871243
42723,0.0006843971787020564
42726,0.001478893798775971
42729,0.0059392331168055534
42732,0.0014585311291739345
42735,0.0016722700092941523
42738,0.0003849962376989424
42741,0.0003978599270340055
42744,0.0005425873678177595
42747,0.0016379855806007981
42750,0.013000153936445713
42753,0.0003418935230001807
42756,0.0011494678910821676
42759,0.0009385913144797087
42762,0.0003804994630627334
42765,0.0028332334477454424
42768,0.0006097459699958563
42771,0.0005610015941783786
42774,0.00026785756926983595
42777,0.00031036726431921124
42780,0.0005739463958889246
42783,0.0004275310202501714
42786,0.021022077649831772
42789,0.000705431099049747
42792,0.00045588973443955183
42795,0.00028514963923953474
42798,0.006330869160592556
42801,0.016225581988692284
42804,0.00045175186824053526
42807,0.0003653345047496259
42810,0.015860410407185555
42813,0.0004678078694269061
42816,0.000548396201338619
42819,0.0004439584445208311
42822,0.0007070833817124367
42825,0.0005558953853324056
42828,0.000321071594953537
42831,0.0004913160810247064
42834,0.00024224212393164635
42837,0.00046480156015604734
42840,0.000584560155402869
42843,0.0003426731564104557
42846,0.0001858236500993371
42849,0.00031690229661762714
42852,0.0004002508649136871
42855,0.00031971908174455166
42858,0.00039573138928972185
42861,0.00028036502772010863
42864,0.0003734832280315459
42867,0.00036413653288036585
42870,0.0006127263186499476
42873,0.0004032402648590505
42876,0.0003364534059073776
42879,0.0004588342853821814
42882,0.0006005313480272889
42885,0.0027468253392726183
42888,0.000894406228326261
42891,0.01317533478140831
42894,0.01376416813582182
42897,0.00047431065468117595
42900,0.016082776710391045
42903,0.0006139414617791772
42906,0.01763051375746727
42909,0.0012566066579893231
42912,0.0005452164332382381
42915,0.0008379179635085166
42918,0.025728516280651093
42921,0.0010467186802998185
42924,0.01070033572614193
42927,0.001001171418465674
42930,0.00168012420181185
42933,0.00044455169700086117
42936,0.0006215597968548536
42939,0.010542904026806355
42942,0.01068954635411501
42945,0.009376819245517254
42948,0.002509926911443472
42951,0.0033855088986456394
42954,0.004522164352238178
42957,0.0010115799959748983
42960,0.0009706477867439389
42963,0.007488132454454899
42966,0.016307704150676727
42969,0.003131681587547064
42972,0.001374550978653133
42975,0.0006527707446366549
42978,0.000616260920651257
42981,0.004657170735299587
42984,0.0006135840667411685
42987,0.0008129900670610368
42990,0.0006646381225436926
42993,0.001097503351047635
42996,0.0008882758556865156
42999,0.0030967509374022484
43002,0.000806693802587688
43005,0.0014283803757280111
43008,0.0005643860204145312
43011,0.0012420800048857927
43014,0.0008456694195047021
43017,0.001123861875385046
43020,0.0005471836775541306
43023,0.033208463340997696
43026,0.0006836208631284535
43029,0.0021841467823833227
43032,0.000939783058129251
43035,0.00024212407879531384
43038,0.0005794630851596594
43041,0.0003690760349854827
43044,0.008031493052840233
43047,0.0007033919682726264
43050,0.00039222586201503873
43053,0.0004921055515296757
43056,0.0003805141313932836
43059,0.0005499313119798899
43062,0.00045339969801716506
43065,0.0004498956259340048
43068,0.0008149107452481985
43071,0.0005009002634324133
43074,0.0009543083142489195
43077,0.0008405066328123212
43080,0.0031955144368112087
43083,0.000923848245292902
43086,0.03182902932167053
43089,0.000786574964877218
43092,0.00039819098310545087
43095,0.0021445327438414097
43098,0.005522676277905703
43101,0.00389934447593987
43104,0.003182455664500594
43107,0.008867365308105946
43110,0.0005252966657280922
43113,0.003925429191440344
43116,0.004364327993243933
43119,0.008002763614058495
43122,0.00114982679951936
43125,0.000579404120799154
43128,0.017197327688336372
43131,0.0018328074365854263
43134,0.0023971821647137403
43137,0.0004638596437871456
43140,0.023616699501872063
43143,0.0011147477198392153
43146,0.0007440904155373573
43149,0.0009779746178537607
43152,0.0009080446907319129
43155,0.0008690378163009882
43158,0.006533559411764145
43161,0.0005851767491549253
43164,0.005069171078503132
43167,0.0013916721800342202
43170,0.00356122013181448
43173,0.005496930796653032
43176,0.0011927447048947215
43179,0.0021905717439949512
43182,0.0007444611983373761
43185,0.00102406763471663
43188,0.0004018960171379149
43191,0.001130516640841961
43194,0.011359615251421928
43197,0.01680118218064308
43200,0.002050501061603427
43203,0.036466795951128006
43206,0.00656181201338768
43209,0.006412993185222149
43212,0.003203380387276411
43215,0.004375191405415535
43218,0.00032599823316559196
43221,0.001756818383000791
43224,0.03796926513314247
43227,0.01506992056965828
43230,0.006909164600074291
43233,0.0006015921244397759
43236,0.0013954306486994028
43239,0.03459795191884041
43242,0.004812666215002537
43245,0.0020693172700703144
43248,0.0004981374368071556
43251,0.000499426038004458
43254,0.000948392553254962
43257,0.00038847385440021753
43260,0.0006414760136976838
43263,0.007339607924222946
43266,0.00047593668568879366
43269,0.030058108270168304
43272,0.0007868903339840472
43275,0.015786033123731613
43278,0.008993614464998245
43281,0.009205459617078304
43284,0.007147013209760189
43287,0.0015169031685218215
43290,0.0005813945317640901
43293,0.0009100151946768165
43296,0.0011335057206451893
43299,0.0008767725666984916
43302,0.0008768491679802537
43305,0.018880687654018402
43308,0.00045985565520823
43311,0.000814141589216888
43314,0.013564580120146275
43317,0.012185454368591309
43320,0.002877389546483755
43323,0.0027600424364209175
43326,0.0015524252085015178
43329,0.002237822860479355
43332,0.014016359113156796
43335,0.0020973708014935255
43338,0.005641743540763855
43341,0.002858959138393402
43344,0.004597875289618969
43347,0.0183669775724411
43350,0.00456578005105257
43353,0.010864794254302979
43356,0.0006248275749385357
43359,0.0030770297162234783
43362,0.0027262174990028143
43365,0.026775941252708435
43368,0.0012102173641324043
43371,0.004799588117748499
43374,0.004208721220493317
43377,0.003232537303119898
43380,0.0027087684720754623
43383,0.004497911781072617
43386,0.0015241664368659258
43389,0.0004765183257404715
43392,0.001102485228329897
43395,0.007537351921200752
43398,0.012976227328181267
43401,0.0005717087769880891
43404,0.003684542840346694
43407,0.007792254909873009
43410,0.004137168638408184
43413,0.004686732776463032
43416,0.008873526938259602
43419,0.006003233604133129
43422,0.02336304262280464
43425,0.0008379581267945468
43428,0.002841734793037176
43431,0.0013594180345535278
43434,0.0002022243570536375
43437,0.0005155297112651169
43440,0.000462259427877143
43443,0.003568739630281925
43446,0.013744363561272621
43449,0.002087403554469347
43452,0.0015422702999785542
43455,0.0004052409785799682
43458,0.002605552552267909
43461,0.0006604485679417849
43464,0.0011499816318973899
43467,0.0064927670173347
43470,0.0009480005246587098
43473,0.0006736604264006019
43476,0.0007265310850925744
43479,0.0004123956896364689
43482,0.0005478124367073178
43485,0.008825658820569515
43488,0.0021170887630432844
43491,0.0003806476597674191
43494,0.0003015854745171964
43497,0.0009727150318212807
43500,0.0006295522907748818
43503,0.000384529703296721
43506,0.02267085760831833
43509,0.0030627846717834473
43512,0.0041913967579603195
43515,0.0011143626179546118
43518,0.0007688580662943423
43521,0.00042746332474052906
43524,0.022064464166760445
43527,0.035231754183769226
43530,0.015345921739935875
43533,0.0014053890481591225
43536,0.007598278112709522
43539,0.0030371099710464478
43542,0.023354029282927513
43545,0.0017224164912477136
43548,0.011283176019787788
43551,0.0033622097689658403
43554,0.014988732524216175
43557,0.008523290976881981
43560,0.0011173206148669124
43563,0.0016872023697942495
43566,0.003810276510193944
43569,0.032730795443058014
43572,0.007333290763199329
43575,0.024216389283537865
43578,0.0019305190071463585
43581,0.0016017460729926825
43584,0.02724400907754898
43587,0.004652567207813263
43590,0.015225807204842567
43593,0.001246974803507328
43596,0.006080480292439461
43599,0.002004745416343212
43602,0.009482178837060928
43605,0.001756822457537055
43608,0.024008363485336304
43611,0.008184188045561314
43614,0.012896653264760971
43617,0.0038832412101328373
43620,0.007430785335600376
43623,0.0018933085957542062
43626,0.0021226759999990463
43629,0.0038803177885711193
43632,0.004288825206458569
43635,0.053948767483234406
43638,0.004758488852530718
43641,0.03118307888507843
43644,0.0036098258569836617
43647,0.0038224824238568544
43650,0.007362860720604658
43653,0.0013908050023019314
43656,0.003847272600978613
43659,0.007329629268497229
43662,0.003296175505965948
43665,0.006696850061416626
43668,0.002536899410188198
43671,0.018637603148818016
43674,0.002067187801003456
43677,0.020949896425008774
43680,0.005406363867223263
43683,0.003464667359367013
43686,0.0026004910469055176
43689,0.014334838837385178
43692,0.010945397429168224
43695,0.0026709679514169693
43698,0.001074099214747548
43701,0.0015151214320212603
43704,0.03330959007143974
43707,0.0020002510864287615
43710,0.007317045703530312
43713,0.002254066988825798
43716,0.020206505432724953
43719,0.00420406786724925
43722,0.0014758442994207144
43725,0.0010352586396038532
43728,0.023029405623674393
43731,0.0018894491950049996
43734,0.005213485565036535
43737,0.02436833456158638
43740,0.06973573565483093
43743,0.0015485006151720881
43746,0.03637275844812393
43749,0.002385276136919856
43752,0.005580456927418709
43755,0.002240180503576994
43758,0.02728460729122162
43761,0.0016847910592332482
43764,0.02805059216916561
43767,0.004490986466407776
43770,0.002995048649609089
43773,0.004492930136620998
43776,0.006449948530644178
43779,0.003106046002358198
43782,0.02481757663190365
43785,0.03290426731109619
43788,0.014903982169926167
43791,0.005746152251958847
43794,0.028469298034906387
43797,0.039421167224645615
43800,0.0026137963868677616
43803,0.011779396794736385
43806,0.0048931366764009
43809,0.013563515618443489
43812,0.016451960429549217
43815,0.004450380802154541
43818,0.025843333452939987
43821,0.008372248150408268
43824,0.006358698941767216
43827,0.010759790427982807
43830,0.010159005410969257
43833,0.00661628320813179
43836,0.0021703923121094704
43839,0.006088229827582836
43842,0.004679651465266943
43845,0.015346030704677105
43848,0.007653641514480114
43851,0.0015448974445462227
43854,0.01908138021826744
43857,0.02657555788755417
43860,0.038903579115867615
43863,0.01219594944268465
43866,0.008683355525135994
43869,0.012775255367159843
43872,0.00499960919842124
43875,0.029049623757600784
43878,0.01028574537485838
43881,0.00282907672226429
43884,0.014726873487234116
43887,0.008606969378888607
43890,0.025112830102443695
43893,0.0030857189558446407
43896,0.012346546165645123
43899,0.010964734479784966
43902,0.003383340546861291
43905,0.011223651468753815
43908,0.024063685908913612
43911,0.0018016956746578217
43914,0.015456992201507092
43917,0.00756364781409502
43920,0.009081069380044937
43923,0.013569118455052376
43926,0.008268586359918118
43929,0.0034422038588672876
43932,0.0171026773750782
43935,0.0009759246604517102
43938,0.01192847453057766
43941,0.003840772435069084
43944,0.0014858832582831383
43947,0.0027280680369585752
43950,0.00358212529681623
43953,0.0017125491285696626
43956,0.0032110167667269707
43959,0.0009742819238454103
43962,0.0023985328152775764
43965,0.001716692466288805
43968,0.003892806125804782
43971,0.0014613777166232467
43974,0.0011382768861949444
43977,0.0019790767692029476
43980,0.0015539394225925207
43983,0.008491483516991138
43986,0.0020734514109790325
43989,0.010536784306168556
43992,0.02361312508583069
43995,0.001845621969550848
43998,0.0007110079750418663
44001,0.007948135957121849
44004,0.003143876791000366
44007,0.000781254144385457
44010,0.004298442509025335
44013,0.0009844016749411821
44016,0.008484050631523132
44019,0.0021369042806327343
44022,0.0054626199416816235
44025,0.019937502220273018
44028,0.019034622237086296
44031,0.0006927815265953541
44034,0.012880010530352592
44037,0.016112975776195526
44040,0.008073894307017326
44043,0.01047242246568203
44046,0.00862657930701971
44049,0.024452684447169304
44052,0.0034737607929855585
44055,0.004347340203821659
44058,0.019974756985902786
44061,0.02242090366780758
44064,0.008771889843046665
44067,0.0201274361461401
44070,0.003154404927045107
44073,0.005058838985860348
44076,0.0013374870177358389
44079,0.010929198004305363
44082,0.004471790976822376
44085,0.0008675676654092968
44088,0.01265749242156744
44091,0.022465940564870834
44094,0.0034833247773349285
44097,0.0015439609996974468
44100,0.0017309394897893071
44103,0.011887995526194572
44106,0.0029719434678554535
44109,0.009752572514116764
44112,0.015023645013570786
44115,0.009930473752319813
44118,0.007308251690119505
44121,0.03826216980814934
44124,0.0059380135498940945
44127,0.001425212249159813
44130,0.0014261518372222781
44133,0.0015058020362630486
44136,0.002369111170992255
44139,0.0017288869712501764
44142,0.001577849849127233
44145,0.0070859226398169994
44148,0.0013064017985016108
44151,0.003586196107789874
44154,0.022886577993631363
44157,0.0013496052706614137
44160,0.0007470968994311988
44163,0.0015411856584250927
44166,0.018961424008011818
44169,0.0031660436652600765
44172,0.007033194415271282
44175,0.009597605094313622
44178,0.016909131780266762
44181,0.009938832372426987
44184,0.03853432834148407
44187,0.03331013396382332
44190,0.034442197531461716
44193,0.011432240717113018
44196,0.015699369832873344
44199,0.009630526416003704
44202,0.016093984246253967
44205,0.011915772221982479
44208,0.013534297235310078
44211,0.06673253327608109
44214,0.002917502075433731
44217,0.0027228249236941338
44220,0.012272996827960014
44223,0.005774250719696283
44226,0.04286246746778488
44229,0.005444444715976715
44232,0.0015059668803587556
44235,0.020988253876566887
44238,0.004932232201099396
44241,0.01077747717499733
44244,0.0018672025762498379
44247,0.003869757056236267
44250,0.009346326813101768
44253,0.008503226563334465
44256,0.0025956430472433567
44259,0.0014703308697789907
44262,0.01088797952979803
44265,0.00529515603557229
44268,0.00760939484462142
44271,0.009786560200154781
44274,0.0031486907973885536
44277,0.001727887662127614
44280,0.002657623030245304
44283,0.017518816515803337
44286,0.007061738986521959
44289,0.01345666404813528
44292,0.009256596677005291
44295,0.00868795532733202
44298,0.026228182017803192
44301,0.002124929567798972
44304,0.0027977293357253075
44307,0.006506236735731363
44310,0.00232433108612895
44313,0.04480240121483803
44316,0.02471100725233555
44319,0.0067467279732227325
44322,0.0027472469955682755
44325,0.0008539176196791232
44328,0.006926823407411575
44331,0.01371124479919672
44334,0.0026930877938866615
44337,0.03998307138681412
44340,0.004995383787900209
44343,0.0023380254860967398
44346,0.002081971149891615
44349,0.0017169128404930234
44352,0.0044855838641524315
44355,0.0009072007960639894
44358,0.010165674611926079
44361,0.0008243437623605132
44364,0.021229717880487442
44367,0.0004844111099373549
44370,0.0019173264736309648
44373,0.011518822982907295
44376,0.028368251398205757
44379,0.0007915309397503734
44382,0.003934847190976143
44385,0.0009988518431782722
44388,0.01593032479286194
44391,0.0008601059671491385
44394,0.0009532866533845663
44397,0.0026379479095339775
44400,0.02024916373193264
44403,0.0009273753967136145
44406,0.0005835021147504449
44409,0.0006687215645797551
44412,0.001573036890476942
44415,0.0011703560594469309
44418,0.0012019164860248566
44421,0.05086950212717056
44424,0.004857471212744713
44427,0.0007692346698604524
44430,0.0006887164199724793
44433,0.0010098537895828485
44436,0.0010693803196772933
44439,0.0017962108831852674
44442,0.0007086939876899123
44445,0.0004927798872813582
44448,0.00030766113195568323
44451,0.002019748091697693
44454,0.00021108501823619008
44457,0.0023411568254232407
44460,0.001407443662174046
44463,0.004241393879055977
44466,0.014175290241837502
44469,0.0008200100855901837
44472,0.0007943934760987759
44475,0.0005783486412838101
44478,0.004828482400625944
44481,0.000469858554424718
44484,0.014645295217633247
44487,0.0015950904926285148
44490,0.0019411796238273382
44493,0.0007657998939976096
44496,0.00042338110506534576
44499,0.043073542416095734
44502,0.0005615205154754221
44505,0.0006516613066196442
44508,0.0008660485618747771
44511,0.0017055170610547066
44514,0.004091097507625818
44517,0.01914873905479908
44520,0.0008012843900360167
44523,0.007866419851779938
44526,0.0003542826452758163
44529,0.0003903226461261511
44532,0.008337503299117088
44535,0.00801438931375742
44538,0.01879357546567917
44541,0.001019828487187624
44544,0.008011934347450733
44547,0.045993372797966
44550,0.01092617493122816
44553,0.01327479537576437
44556,0.004625254310667515
44559,0.01959986984729767
44562,0.025442996993660927
44565,0.006682435981929302
44568,0.0008759690681472421
44571,0.0009242454543709755
44574,0.0003202333173248917
44577,0.0070862602442502975
44580,0.004321135580539703
44583,0.0009845144813880324
44586,0.016803201287984848
44589,0.0008680218015797436
44592,0.011155370622873306
44595,0.0021725590340793133
44598,0.006388360634446144
44601,0.0007576290518045425
44604,0.0008874539635144174
44607,0.0005885913851670921
44610,0.005643204320222139
44613,0.0012065062765032053
44616,0.0004211628111079335
44619,0.002501130336895585
44622,0.0007524696411564946
44625,0.000802388065494597
44628,0.0006170370616018772
44631,0.00106255360879004
44634,0.0005819834186695516
44637,0.00040711683686822653
44640,0.014620494097471237
44643,0.014832235872745514
44646,0.0007324161124415696
44649,0.000303926644846797
44652,0.01664079912006855
44655,0.0015423541190102696
44658,0.00040594988968223333
44661,0.00026575149968266487
44664,0.021284397691488266
44667,0.0025092256255447865
44670,0.0008375868783332407
44673,0.0005180176813155413
44676,0.0006646253168582916
44679,0.0005373095045797527
44682,0.00044778792653232813
44685,0.0002616145648062229
44688,0.0006391548668034375
44691,0.0019756206311285496
44694,0.008910669013857841
44697,0.0002846732968464494
44700,0.00040728080784901977
44703,0.0003500901802908629
44706,0.0017656022682785988
44709,0.0008526775054633617
44712,0.00031902315095067024
44715,0.0014461843529716134
44718,0.00031736434902995825
44721,0.0002885935828089714
44724,0.016990507021546364
44727,0.0004686657921411097
44730,0.0006341914413496852
44733,0.00023775348381605
44736,0.0009507338399998844
44739,0.0006952533149160445
44742,0.0003118622989859432
44745,0.00043811535579152405
44748,0.0012156410375609994
44751,0.00031801339355297387
44754,0.003465385641902685
44757,0.00095848657656461
44760,0.00033146163332276046
44763,0.0005036549409851432
44766,0.001834076945669949
44769,0.00029002042720094323
44772,0.0006135516450740397
44775,0.00048624654300510883
44778,0.0002076631208183244
44781,0.0005990639911033213
44784,0.00046577415196225047
44787,0.0007647963939234614
44790,0.0001316755951847881
44793,0.000985558144748211
44796,0.0005044399295002222
44799,0.000303726177662611
44802,0.002064117696136236
44805,0.0004556492203846574
44808,0.0006042745080776513
44811,0.01171314250677824
44814,0.0001997479412239045
44817,0.0003903834440279752
44820,0.0007977321511134505
44823,0.00024812037008814514
44826,0.0002110350615112111
44829,0.0006842559669166803
44832,0.003978240303695202
44835,0.0006818525725975633
44838,0.0035318846348673105
44841,0.0019696317613124847
44844,0.00033699069172143936
44847,0.0003549674875102937
44850,0.013543713837862015
44853,0.00031123703229241073
44856,0.0005650314269587398
44859,0.0002792738960124552
44862,0.0011998866684734821
44865,0.0007519162609241903
44868,0.00034184157266281545
44871,0.016486432403326035
44874,0.00033804000122472644
44877,0.0002369625144638121
44880,0.00037638776120729744
44883,0.0010546394623816013
44886,0.0003389851190149784
44889,0.00048392577446065843
44892,0.000452700856840238
44895,0.03936395049095154
44898,0.0003526201762724668
44901,0.0004275411192793399
44904,0.00040567299583926797
44907,0.016512280330061913
44910,0.0002380602527409792
44913,0.00036609749076887965
44916,0.0003229075518902391
44919,0.00017646842752583325
44922,0.00029975612415000796
44925,0.006652406416833401
44928,0.0005155204562470317
44931,0.032973356544971466
44934,0.000237315907725133
44937,0.0003400178102310747
44940,0.000983030186034739
44943,0.0007259148987941444
44946,0.007148739881813526
44949,0.020002087578177452
44952,0.00025797454873099923
44955,0.0009092349791899323
44958,0.003223629668354988
44961,0.0005265514482744038
44964,0.003963588271290064
44967,0.00018564611673355103
44970,0.00693666934967041
44973,0.000358516292180866
44976,0.00048306569806300104
44979,0.001234611845575273
44982,0.00019728085317183286
44985,0.019638514146208763
44988,0.011614913120865822
44991,0.0005750254495069385
44994,0.00016543810488656163
44997,0.00027162107289768755
45000,0.0004496422770898789
45003,0.02869248576462269
45006,0.007613562047481537
45009,0.00022268836619332433
45012,0.00013475053128786385
45015,0.0002634761913213879
45018,0.0006393549265339971
45021,0.0003119719331152737
45024,0.0001409860560670495
45027,0.0005083551513962448
45030,0.014686733484268188
45033,0.00021461062715388834
45036,0.001204542932100594
45039,0.025307482108473778
45042,0.003322581760585308
45045,0.004247602075338364
45048,0.00022324398742057383
45051,0.005583126097917557
45054,0.0003787485184147954
45057,0.025627436116337776
45060,0.024112515151500702
45063,0.008666010573506355
45066,0.01925826445221901
45069,0.0019072908908128738
45072,0.02161412127315998
45075,0.000687664607539773
45078,0.0016040496993809938
45081,0.00043186754919588566
45084,0.00042063905857503414
45087,0.016473382711410522
45090,0.0005740070482715964
45093,0.0004383691120892763
45096,0.0006197183392941952
45099,0.04874381050467491
45102,0.0011212672106921673
45105,0.008494672365486622
45108,0.0017690937966108322
45111,0.001164597226306796
45114,0.0007700972491875291
45117,0.0013186554424464703
45120,0.0004182016709819436
45123,0.006015488877892494
45126,0.003570126835256815
45129,0.0006116655422374606
45132,0.02317183092236519
45135,0.0021791267208755016
45138,0.0032348341774195433
45141,0.03112659975886345
45144,0.0176538098603487
45147,0.015552608296275139
45150,0.0009020227007567883
45153,0.009550169110298157
45156,0.002428672509267926
45159,0.0056906649842858315
45162,0.0017911889590322971
45165,0.014715847559273243
45168,0.014962570741772652
45171,0.0010934136807918549
45174,0.0007921509677544236
45177,0.012427073903381824
45180,0.002749926643446088
45183,0.0016948487609624863
45186,0.0004168526502326131
45189,0.0005607447819784284
45192,0.0011459847446531057
45195,0.0018112807301804423
45198,0.0004213642969261855
45201,0.0012197246542200446
45204,0.0029707713983953
45207,0.0005864609847776592
45210,0.012675263918936253
45213,0.0005928397877141833
45216,0.0006177498726174235
45219,0.006117021664977074
45222,0.0004759386938530952
45225,0.001223299652338028
45228,0.0003296933718957007
45231,0.0028262604027986526
45234,0.0025234143249690533
45237,0.0004558166256174445
45240,0.0006718612858094275
45243,0.009326860308647156
45246,0.0011361287906765938
45249,0.0007129944278858602
45252,0.007124930154532194
45255,0.001710847718641162
45258,0.021054401993751526
45261,0.0004272603546269238
45264,0.0013810169184580445
45267,0.022795958444476128
45270,0.00037510727997869253
45273,0.00016585859702900052
45276,0.0005270764231681824
45279,0.0010886230738833547
45282,0.00027694154414348304
45285,0.0006597525207325816
45288,0.0010579574154689908
45291,0.0009235291508957744
45294,0.00046873168321326375
45297,0.0002758835908025503
45300,0.0004161409451626241
45303,0.00965710449963808
45306,0.00927178468555212
45309,0.0019939406774938107
45312,0.0002342062070965767
45315,0.00023972376948222518
45318,0.0004921336658298969
45321,0.0006073093973100185
45324,0.0003353702777530998
45327,0.00013675975787919015
45330,0.00026341219199821353
45333,0.00029013428138569
45336,0.00018580845789983869
45339,0.0003161560744047165
45342,0.00013500521890819073
45345,0.00018826306040864438
45348,0.00038663187297061086
45351,0.0003204401582479477
45354,0.00019981307559646666
45357,0.000167012243764475
45360,0.00023058970691636205
45363,0.0004530973674263805
45366,0.00015597525634802878
45369,0.00015502866881433874
45372,0.00014270812971517444
45375,0.00023125481675378978
45378,0.0006311647593975067
45381,0.00032405112870037556
45384,0.00042179343290627003
45387,0.002385153202340007
45390,0.002640766091644764
45393,0.00037507712841033936
45396,0.0005766086978837848
45399,0.0019288365729153156
45402,0.0011281885672360659
45405,0.0006634358433075249
45408,0.011159863322973251
45411,0.0010112283052876592
45414,0.0008536441018804908
45417,0.00538385845720768
45420,0.005390345584601164
45423,0.0035789525136351585
45426,0.0007761908927932382
45429,0.017995072528719902
45432,0.00032691459637135267
45435,0.002266624243929982
45438,0.0017897066427394748
45441,0.0014324417570605874
45444,0.0008021015673875809
45447,0.00023430533474311233
45450,0.0004302541201468557
45453,0.000547342118807137
45456,0.002624917309731245
45459,0.00044300040462985635
45462,0.004124835133552551
45465,0.0010220612166449428
45468,0.01919342763721943
45471,0.006060087122023106
45474,0.0005088360048830509
45477,0.0010862492490559816
45480,0.0003715869679581374
45483,0.004741992335766554
45486,0.00017589895287528634
45489,0.0003566229424905032
45492,0.00022504848311655223
45495,0.0007696945685893297
45498,0.00028438831213861704
45501,0.000375088129658252
45504,0.0003137252642773092
45507,0.0036529493518173695
45510,0.02918984740972519
45513,0.00032496469793841243
45516,0.011289983056485653
45519,0.009569430723786354
45522,0.02845476195216179
45525,0.04144160822033882
45528,0.02317989431321621
45531,0.013193062506616116
45534,0.004401235841214657
45537,0.008895020931959152
45540,0.002289361087605357
45543,0.023058995604515076
45546,0.04360465705394745
45549,0.0015484781470149755
45552,0.001960509456694126
45555,0.0010836431756615639
45558,0.0007559039513580501
45561,0.0006411529029719532
45564,0.013419931754469872
45567,0.0011087279999628663
45570,0.0007807889487594366
45573,0.017853545024991035
45576,0.01331198401749134
45579,0.003472050651907921
45582,0.002587603870779276
45585,0.030446073040366173
45588,0.0010471449932083488
45591,0.035165444016456604
45594,0.012136026285588741
45597,0.002287524286657572
45600,0.018222443759441376
45603,0.0011547825997695327
45606,0.0032905121333897114
45609,0.012433471158146858
45612,0.003157929517328739
45615,0.010694670490920544
45618,0.0017429750878363848
45621,0.005974173080176115
45624,0.005749810487031937
45627,0.007080179173499346
45630,0.017114182934165
45633,0.005355740897357464
45636,0.003499304875731468
45639,0.0020869888830929995
45642,0.016605548560619354
45645,0.0031477841548621655
45648,0.016298729926347733
45651,0.0044231112115085125
45654,0.0016171142924576998
45657,0.001567562809213996
45660,0.02123228833079338
45663,0.002705428283661604
45666,0.0007314581307582557
45669,0.017519380897283554
45672,0.013676735572516918
45675,0.007300104945898056
45678,0.006458984687924385
45681,0.002331383991986513
45684,0.015982501208782196
45687,0.013485478237271309
45690,0.005891761742532253
45693,0.002682260936126113
45696,0.001019565388560295
45699,0.0010828196536749601
45702,0.007278652396053076
45705,0.01939944550395012
45708,0.0010488985572010279
45711,0.014590209349989891
45714,0.0008981918217614293
45717,0.001410625409334898
45720,0.002617598045617342
45723,0.0007577663054689765
45726,0.0018998144660145044
45729,0.0023046336136758327
45732,0.001393668120726943
45735,0.0036165560595691204
45738,0.0009967890800908208
45741,0.001829884946346283
45744,0.00167436758056283
45747,0.000344021653290838
45750,0.006376873701810837
45753,0.0006213189335539937
45756,0.00045324370148591697
45759,0.0007498886552639306
45762,0.0019577217753976583
45765,0.011812369339168072
45768,0.0035713149700313807
45771,0.0015171198174357414
45774,0.003128624754026532
45777,0.0029422894585877657
45780,0.02680409885942936
45783,0.01507062092423439
45786,0.002053946489468217
45789,0.059260059148073196
45792,0.024127047508955002
45795,0.004232137463986874
45798,0.01609674096107483
45801,0.001883998280391097
45804,0.0012814009096473455
45807,0.0013227328890934587
45810,0.0045267129316926
45813,0.0039051624480634928
45816,0.003302000928670168
45819,0.006298374384641647
45822,0.02059837244451046
45825,0.003063587937504053
45828,0.007605317048728466
45831,0.011869764886796474
45834,0.03587857261300087
45837,0.00537340110167861
45840,0.04508741572499275
45843,0.007307845167815685
45846,0.031162787228822708
45849,0.007054486311972141
45852,0.008080941624939442
45855,0.009159105829894543
45858,0.004189956001937389
45861,0.0028577852062880993
45864,0.0036637349985539913
45867,0.020141229033470154
45870,0.02443159930408001
45873,0.007216718979179859
45876,0.01980161853134632
45879,0.008496220223605633
45882,0.009268693625926971
45885,0.001567363040521741
45888,0.0006109950481913984
45891,0.0034827690105885267
45894,0.00302339275367558
45897,0.0006778654642403126
45900,0.002010524272918701
45903,0.000823052367195487
45906,0.0004371786199044436
45909,0.016521694138646126
45912,0.025650301948189735
45915,0.0032914704643189907
45918,0.001199282007291913
45921,0.00186660117469728
45924,0.0008860738598741591
45927,0.0003096142318099737
45930,0.0006894225371070206
45933,0.000448741513537243
45936,0.017598863691091537
45939,0.0015272783348336816
45942,0.00516579020768404
45945,0.004040016792714596
45948,0.002466345438733697
45951,0.0007302307640202343
45954,0.0009758843807503581
45957,0.0011781742796301842
45960,0.0005095163942314684
45963,0.0005508572794497013
45966,0.0003955837164539844
45969,0.0011753871804103255
45972,0.0011438217479735613
45975,0.002000411506742239
45978,0.0019220368703827262
45981,0.0025102016516029835
45984,0.0021738989744335413
45987,0.0007123482064343989
45990,0.0009046138729900122
45993,0.0009525996865704656
45996,0.0006918205763213336
45999,0.000853648642078042
46002,0.002738436684012413
46005,0.0011103483848273754
46008,0.002404843457043171
46011,0.0009542865445837379
46014,0.0006250963197089732
46017,0.040517065674066544
46020,0.018051529303193092
46023,0.0010198504896834493
46026,0.0017307570669800043
46029,0.0157511867582798
46032,0.014071989804506302
46035,0.0031271898187696934
46038,0.04539108648896217
46041,0.02109719067811966
46044,0.004763131029903889
46047,0.0031512747518718243
46050,0.0023355421144515276
46053,0.021829992532730103
46056,0.0013645245926454663
46059,0.008408850058913231
46062,0.0157694760710001
46065,0.004929640796035528
46068,0.014367520809173584
46071,0.00094623863697052
46074,0.0005069163162261248
46077,0.014560509473085403
46080,0.0013154740445315838
46083,0.0010201884433627129
46086,0.02816965989768505
46089,0.014247488230466843
46092,0.04756642505526543
46095,0.02950992062687874
46098,0.020723365247249603
46101,0.002987720537930727
46104,0.021839363500475883
46107,0.012920412234961987
46110,0.0006013337406329811
46113,0.003048552665859461
46116,0.000593026983551681
46119,0.0037622922100126743
46122,0.0030613932758569717
46125,0.001807959983125329
46128,0.004294974263757467
46131,0.015734974294900894
46134,0.01611407659947872
46137,0.015554826706647873
46140,0.0018857369432225823
46143,0.015248148702085018
46146,0.022786542773246765
46149,0.0013356405543163419
46152,0.0047215563245117664
46155,0.0012319727102294564
46158,0.008100811392068863
46161,0.0010131837334483862
46164,0.0009134869906120002
46167,0.012433672323822975
46170,0.0029175253584980965
46173,0.0058410149067640305
46176,0.0007190437754616141
46179,0.0021548313088715076
46182,0.004088205751031637
46185,0.0012887513730674982
46188,0.004575645085424185
46191,0.0012107712682336569
46194,0.028547292575240135
46197,0.0020519548561424017
46200,0.041683129966259
46203,0.0045638130977749825
46206,0.0018479885766282678
46209,0.016243841499090195
46212,0.012180553749203682
46215,0.0010502078803256154
46218,0.01602851040661335
46221,0.06690536439418793
46224,0.009826800785958767
46227,0.010787245817482471
46230,0.008720138110220432
46233,0.005320342257618904
46236,0.0004880931228399277
46239,0.025620626285672188
46242,0.04281439259648323
46245,0.02984808012843132
46248,0.0011909534223377705
46251,0.0014575112145394087
46254,0.0018641585484147072
46257,0.0036569074727594852
46260,0.01687578111886978
46263,0.0033790215384215117
46266,0.007951912470161915
46269,0.0009337453520856798
46272,0.019739380106329918
46275,0.0005782695952802896
46278,0.06057709828019142
46281,0.004245120100677013
46284,0.012215349823236465
46287,0.020603755488991737
46290,0.02318478375673294
46293,0.0020450130105018616
46296,0.02315082587301731
46299,0.0023417652118951082
46302,0.03312649577856064
46305,0.002212061546742916
46308,0.046849481761455536
46311,0.03168018162250519
46314,0.04763337969779968
46317,0.002485010540112853
46320,0.0013523738598451018
46323,0.010981079190969467
46326,0.0016949943965300918
46329,0.008529075421392918
46332,0.034438781440258026
46335,0.004585583228617907
46338,0.002013630233705044
46341,0.007203815970569849
46344,0.018344931304454803
46347,0.011586885899305344
46350,0.005087756086140871
46353,0.055724989622831345
46356,0.05498049408197403
46359,0.001497201039455831
46362,0.014447800815105438
46365,0.0014734852593392134
46368,0.01208578236401081
46371,0.0024782572872936726
46374,0.0014473495539277792
46377,0.0046287765726447105
46380,0.00978912878781557
46383,0.009309411980211735
46386,0.02165808714926243
46389,0.011557496152818203
46392,0.0035965070128440857
46395,0.0067682466469705105
46398,0.0567161962389946
46401,0.0074767861515283585
46404,0.003333671484142542
46407,0.0038661351427435875
46410,0.004928928334265947
46413,0.009128536097705364
46416,0.005462109111249447
46419,0.008123289793729782
46422,0.0182177871465683
46425,0.05936145782470703
46428,0.00807997491210699
46431,0.0010540226940065622
46434,0.002497164998203516
46437,0.0038130581378936768
46440,0.05658894404768944
46443,0.005222397856414318
46446,0.021075917407870293
46449,0.03255195915699005
46452,0.010319672524929047
46455,0.0438092015683651
46458,0.018520537763834
46461,0.013061422854661942
46464,0.0013391806278377771
46467,0.03149566426873207
46470,0.00531268585473299
46473,0.01014979649335146
46476,0.032113175839185715
46479,0.008066053502261639
46482,0.011118166148662567
46485,0.0047713154926896095
46488,0.001668052515015006
46491,0.002282507251948118
46494,0.0020078555680811405
46497,0.0028027440421283245
46500,0.0012811324559152126
46503,0.0034165834076702595
46506,0.004580844193696976
46509,0.023511985316872597
46512,0.0010027297539636493
46515,0.0024074239190667868
46518,0.006511508021503687
46521,0.0033978743012994528
46524,0.015333837829530239
46527,0.004529433790594339
46530,0.004361283499747515
46533,0.0007059628842398524
46536,0.0017575458623468876
46539,0.0005747767281718552
46542,0.019741946831345558
46545,0.00041853031143546104
46548,0.016436217352747917
46551,0.02954763174057007
46554,0.0031821993179619312
46557,0.0008683670312166214
46560,0.015798915177583694
46563,0.014443428255617619
46566,0.0008337644976563752
46569,0.005284814164042473
46572,0.001998668536543846
46575,0.0005846113781444728
46578,0.019281238317489624
46581,0.0021198312751948833
46584,0.008142435923218727
46587,0.00041523861000314355
46590,0.00047119223745539784
46593,0.005900145508348942
46596,0.0008182591409422457
46599,0.0004074016760569066
46602,0.0005531823262572289
46605,0.011106900870800018
46608,0.0003711552999448031
46611,0.0012737065553665161
46614,0.006880246102809906
46617,0.001152656739577651
46620,0.0006823313888162374
46623,0.0014398680068552494
46626,0.0004039304330945015
46629,0.0006560346228070557
46632,0.0005218797596171498
46635,0.032922666519880295
46638,0.0006125924410298467
46641,0.001282835379242897
46644,0.0005958062829449773
46647,0.019477343186736107
46650,0.012474657967686653
46653,0.004091820679605007
46656,0.014079044573009014
46659,0.00958630908280611
46662,0.004890763200819492
46665,0.004960529040545225
46668,0.00368739222176373
46671,0.0017328509129583836
46674,0.021598584949970245
46677,0.0013899084879085422
46680,0.009940200485289097
46683,0.001369166187942028
46686,0.02085864543914795
46689,0.0013293668162077665
46692,0.005734137259423733
46695,0.004838850349187851
46698,0.0012650449061766267
46701,0.010733673349022865
46704,0.008346043527126312
46707,0.0015775985084474087
46710,0.0014448395231738687
46713,0.006652942858636379
46716,0.016683358699083328
46719,0.005051029846072197
46722,0.0023265727795660496
46725,0.0013902565697208047
46728,0.0012926412746310234
46731,0.002685360610485077
46734,0.001291082939133048
46737,0.0009190067648887634
46740,0.000792265753261745
46743,0.009012260474264622
46746,0.0008410861482843757
46749,0.0005167137132957578
46752,0.0017756161978468299
46755,0.001135927508585155
46758,0.0018250884022563696
46761,0.0007334862602874637
46764,0.0005065707955509424
46767,0.00031727575697004795
46770,0.0025833987165242434
46773,0.0016123797977343202
46776,0.0006145471706986427
46779,0.0004998520016670227
46782,0.0005378068308345973
46785,0.0007311636582016945
46788,0.000357575889211148
46791,0.02568870782852173
46794,0.012636477127671242
46797,0.0004194776411168277
46800,0.0007315868278965354
46803,0.025612909346818924
46806,0.0009096964495256543
46809,0.0011335596209391952
46812,0.006428862456232309
46815,0.001027100719511509
46818,0.019594354555010796
46821,0.00044478781637735665
46824,0.012181241996586323
46827,0.007494454272091389
46830,0.001832401379942894
46833,0.0006991055561229587
46836,0.0038298647850751877
46839,0.01779268868267536
46842,0.0013259348925203085
46845,0.005257823504507542
46848,0.0005845759296789765
46851,0.00039449636824429035
46854,0.0030892398208379745
46857,0.010556140914559364
46860,0.008400139398872852
46863,0.00040610431460663676
46866,0.00459469947963953
46869,0.000701592187397182
46872,0.0013934241142123938
46875,0.007176435086876154
46878,0.0005381179507821798
46881,0.005321336444467306
46884,0.026459798216819763
46887,0.0012949457159265876
46890,0.0017619793070480227
46893,0.0009761324618011713
46896,0.002428386127576232
46899,0.0006477850838564336
46902,0.0008018679800443351
46905,0.0008800615323707461
46908,0.00044927949784323573
46911,0.008175332099199295
46914,0.00020749104442074895
46917,0.0005795471370220184
46920,0.00246129441075027
46923,0.00044701292063109577
46926,0.00046359121915884316
46929,0.00019066384993493557
46932,0.0005532576469704509
46935,0.0004814513376913965
46938,0.0004262804286554456
46941,0.0005149379139766097
46944,0.00039458443643525243
46947,0.00021549928351305425
46950,0.00038104315171949565
46953,0.0001874040171969682
46956,0.0009148510289378464
46959,0.0006994970608502626
46962,0.0013953769812360406
46965,0.0006063425098545849
46968,0.00037490285467356443
46971,0.0002444852143526077
46974,0.00034822820452973247
46977,0.025669485330581665
46980,0.00013965953257866204
46983,0.00019572886230889708
46986,0.00017792476864997298
46989,0.00016306521138176322
46992,0.00018666411051526666
46995,0.035557378083467484
46998,0.00029525236459448934
47001,0.00033118887222371995
47004,0.0013031905982643366
47007,0.0002911477058660239
47010,0.0008131193462759256
47013,0.00015268543211277574
47016,0.0003922815667465329
47019,0.00674491748213768
47022,0.00046764116268604994
47025,0.00026961753610521555
47028,0.0006027885247021914
47031,0.00021655031014233828
47034,0.033357005566358566
47037,0.0001925298129208386
47040,0.0002920614497270435
47043,0.0003599306510295719
47046,0.000656873919069767
47049,0.003774018492549658
47052,0.0005621905438601971
47055,0.0019539070781320333
47058,0.0009100072202272713
47061,0.0005400455556809902
47064,0.017071207985281944
47067,0.0007595436763949692
47070,0.0012436718679964542
47073,0.011715196073055267
47076,0.006830811034888029
47079,0.010456160642206669
47082,0.0008110166527330875
47085,0.0004512895829975605
47088,0.0005371464067138731
47091,0.001236512791365385
47094,0.0003258956712670624
47097,0.0008215638808906078
47100,0.01128676999360323
47103,0.0006951907416805625
47106,0.0019812090322375298
47109,0.0026622989680618048
47112,0.006928726565092802
47115,0.0025976011529564857
47118,0.00025867100339382887
47121,0.01115004625171423
47124,0.0068558864295482635
47127,0.009629136882722378
47130,0.005918252747505903
47133,0.0024512975942343473
47136,0.0007091728039085865
47139,0.003976759966462851
47142,0.00986106414347887
47145,0.0025887349620461464
47148,0.014242182485759258
47151,0.0005602511810138822
47154,0.0010414980351924896
47157,0.000924518913961947
47160,0.0020260270684957504
47163,0.0009664391982369125
47166,0.020272856578230858
47169,0.007961438968777657
47172,0.0068010990507900715
47175,0.004466640762984753
47178,0.005612468346953392
47181,0.007585315033793449
47184,0.0011614287504926324
47187,0.015331190079450607
47190,0.0018118175212293863
47193,0.023711785674095154
47196,0.029769476503133774
47199,0.007946155034005642
47202,0.00371223920956254
47205,0.014093101024627686
47208,0.006403186358511448
47211,0.0034969474654644728
47214,0.016384785994887352
47217,0.002262590918689966
47220,0.004176135174930096
47223,0.011873768642544746
47226,0.0016396231949329376
47229,0.0054178982973098755
47232,0.0018320399103686213
47235,0.014386971481144428
47238,0.007267606910318136
47241,0.028436049818992615
47244,0.02373378723859787
47247,0.03948875144124031
47250,0.007400054484605789
47253,0.04535556584596634
47256,0.0032681666780263186
47259,0.011796795763075352
47262,0.00798971951007843
47265,0.006469824351370335
47268,0.006997915916144848
47271,0.03154867887496948
47274,0.004801846109330654
47277,0.00983635988086462
47280,0.008903317153453827
47283,0.005912757012993097
47286,0.0061124758794903755
47289,0.05573153495788574
47292,0.041403792798519135
47295,0.005904856137931347
47298,0.0015273506287485361
47301,0.009643125347793102
47304,0.005365617107599974
47307,0.03679484501481056
47310,0.031371116638183594
47313,0.016762277111411095
47316,0.012007600627839565
47319,0.004115045536309481
47322,0.0015414704103022814
47325,0.0018449428025633097
47328,0.001387929543852806
47331,0.001556419301778078
47334,0.0032382162753492594
47337,0.0010647482704371214
47340,0.004204246215522289
47343,0.01271812617778778
47346,0.0014634496765211225
47349,0.03331203758716583
47352,0.05203542113304138
47355,0.029084283858537674
47358,0.001638414105400443
47361,0.043415602296590805
47364,0.0021130857057869434
47367,0.0015999432653188705
47370,0.0012900547590106726
47373,0.0035686674527823925
47376,0.012892700731754303
47379,0.019806591793894768
47382,0.03948646038770676
47385,0.014416046440601349
47388,0.0014518252573907375
47391,0.0013940291246399283
47394,0.0016356565756723285
47397,0.0012366139562800527
47400,0.0009203003719449043
47403,0.008042911067605019
47406,0.023353055119514465
47409,0.0019287628820165992
47412,0.0027493913657963276
47415,0.00296500651165843
47418,0.0034251727629452944
47421,0.0022781044244766235
47424,0.04289223253726959
47427,0.0009216475300490856
47430,0.007966989651322365
47433,0.045589614659547806
47436,0.0010458864271640778
47439,0.007408000063151121
47442,0.020067740231752396
47445,0.022211389616131783
47448,0.015924878418445587
47451,0.00832460168749094
47454,0.008232476189732552
47457,0.022072436287999153
47460,0.010211454704403877
47463,0.01516348123550415
47466,0.006781444419175386
47469,0.0017242853064090014
47472,0.0065986402332782745
47475,0.003513597184792161
47478,0.002269189339131117
47481,0.04385820031166077
47484,0.021118732169270515
47487,0.01123085618019104
47490,0.004446639679372311
47493,0.0009746124851517379
47496,0.036608655005693436
47499,0.002739779418334365
47502,0.037832632660865784
47505,0.0014599462738260627
47508,0.044926613569259644
47511,0.001785794273018837
47514,0.0012737942161038518
47517,0.0011165216565132141
47520,0.00644913874566555
47523,0.015572486445307732
47526,0.0033922740258276463
47529,0.037763215601444244
47532,0.034666892141103745
47535,0.017745638266205788
47538,0.0020355358719825745
47541,0.0007371456595137715
47544,0.0042854659259319305
47547,0.040159884840250015
47550,0.0018775870557874441
47553,0.030387338250875473
47556,0.04637349396944046
47559,0.02721579559147358
47562,0.0033210236579179764
47565,0.0030913399532437325
47568,0.018138237297534943
47571,0.03607635200023651
47574,0.01945619285106659
47577,0.003076805267482996
47580,0.006574425846338272
47583,0.047879576683044434
47586,0.012832597829401493
47589,0.00257677910849452
47592,0.04468091204762459
47595,0.010196572169661522
47598,0.005659985821694136
47601,0.0034573327284306288
47604,0.0195351243019104
47607,0.008509652689099312
47610,0.005518455523997545
47613,0.03063730150461197
47616,0.0014533605426549911
47619,0.0008726546657271683
47622,0.001235401607118547
47625,0.02475515380501747
47628,0.0007381030009128153
47631,0.005577540956437588
47634,0.0021800645627081394
47637,0.001058574067428708
47640,0.005101153161376715
47643,0.0238813366740942
47646,0.0012618590844795108
47649,0.001744152745231986
47652,0.007866067811846733
47655,0.0006617809413000941
47658,0.009260069578886032
47661,0.002877680119127035
47664,0.003724591573700309
47667,0.005560875870287418
47670,0.0006732181063853204
47673,0.0024732330348342657
47676,0.0019684270955622196
47679,0.004059649538248777
47682,0.0016652665799483657
47685,0.0026992792263627052
47688,0.006029366981238127
47691,0.0005692968261428177
47694,0.00042882823618128896
47697,0.0004341710009612143
47700,0.0018122949404641986
47703,0.001607850892469287
47706,0.0012094145640730858
47709,0.0013594216434285045
47712,0.0016959216445684433
47715,0.0013178588123992085
47718,0.000810134457424283
47721,0.014212478883564472
47724,0.0013630506582558155
47727,0.0013640541583299637
47730,0.000842590699903667
47733,0.0005846705753356218
47736,0.0003922427713405341
47739,0.0008176566334441304
47742,0.004768327809870243
47745,0.014906244352459908
47748,0.01750367321074009
47751,0.001160909654572606
47754,0.0011042681289836764
47757,0.0010102972155436873
47760,0.005656667053699493
47763,0.004192259628325701
47766,0.0007569584995508194
47769,0.0017282457556575537
47772,0.0039924271404743195
47775,0.007111379411071539
47778,0.000819843087811023
47781,0.0006145294173620641
47784,0.0011534481309354305
47787,0.019761882722377777
47790,0.001692867954261601
47793,0.003971082158386707
47796,0.0014891787432134151
47799,0.007800284773111343
47802,0.005501090083271265
47805,0.0003244255785830319
47808,0.007793054450303316
47811,0.0005426093703135848
47814,0.0005938138347119093
47817,0.00048463110579177737
47820,0.002042630687355995
47823,0.0017485383432358503
47826,0.0003254586481489241
47829,0.0004755376430694014
47832,0.00034815602703019977
47835,0.001835439819842577
47838,0.02634454146027565
47841,0.0005864462582394481
47844,0.0037104259245097637
47847,0.0013667354360222816
47850,0.0033098808489739895
47853,0.009036715142428875
47856,0.00027678051264956594
47859,0.014718336053192616
47862,0.01435229741036892
47865,0.0010251404019072652
47868,0.0004856093437410891
47871,0.000462959345895797
47874,0.00032677617855370045
47877,0.001995648490265012
47880,0.0005739468615502119
47883,0.01978658139705658
47886,0.001010196516290307
47889,0.003917179070413113
47892,0.000348688947269693
47895,0.0019122109515592456
47898,0.0010992148891091347
47901,0.0013267501490190625
47904,0.018058190122246742
47907,0.0010017749154940248
47910,0.0010191075270995498
47913,0.02911558374762535
47916,0.005319515708833933
47919,0.0015607788227498531
47922,0.002148399129509926
47925,0.0014105247100815177
47928,0.013083308935165405
47931,0.004551220219582319
47934,0.0009951191022992134
47937,0.010971899144351482
47940,0.0005955842789262533
47943,0.008373926393687725
47946,0.008975282311439514
47949,0.000747120357118547
47952,0.0009808132890611887
47955,0.002172416541725397
47958,0.001609613886103034
47961,0.0024186396040022373
47964,0.004217962268739939
47967,0.019596897065639496
47970,0.0011154536623507738
47973,0.01224576961249113
47976,0.0038595802616328
47979,0.011193975806236267
47982,0.0077886758372187614
47985,0.0013400817988440394
47988,0.016506804153323174
47991,0.002179717179387808
47994,0.003438756335526705
47997,0.00828662421554327
48000,0.0018494043033570051
48003,0.005534479860216379
48006,0.032544106245040894
48009,0.020296303555369377
48012,0.003440339583903551
48015,0.00838374998420477
48018,0.007220982573926449
48021,0.003990899305790663
48024,0.0012227564584463835
48027,0.029440030455589294
48030,0.0038857879117131233
48033,0.0023238342255353928
48036,0.01393824815750122
48039,0.0034430422820150852
48042,0.007361213210970163
48045,0.001951989601366222
48048,0.004300381056964397
48051,0.0017385226674377918
48054,0.0016584239201620221
48057,0.001763865351676941
48060,0.0017138570547103882
48063,0.000745384197216481
48066,0.0014303717762231827
48069,0.0017680211458355188
48072,0.0006070626550354064
48075,0.0014052081387490034
48078,0.0023838139604777098
48081,0.018680434674024582
48084,0.052022479474544525
48087,0.025381548330187798
48090,0.04286666959524155
48093,0.006278265733271837
48096,0.004580996464937925
48099,0.032072585076093674
48102,0.005219990387558937
48105,0.006966179236769676
48108,0.007176258135586977
48111,0.00469125434756279
48114,0.0047661978751420975
48117,0.0013351480010896921
48120,0.002114580012857914
48123,0.023997947573661804
48126,0.0034612445160746574
48129,0.0038183226715773344
48132,0.0067370873875916
48135,0.0024793921038508415
48138,0.010837370529770851
48141,0.002767391735687852
48144,0.0010514457244426012
48147,0.003627877216786146
48150,0.014675529673695564
48153,0.0062494827434420586
48156,0.013457008637487888
48159,0.0026233885437250137
48162,0.0027393074706196785
48165,0.002470877952873707
48168,0.002298661507666111
48171,0.011883030645549297
48174,0.0038263406604528427
48177,0.001024804194457829
48180,0.0014995695091784
48183,0.0011179645080119371
48186,0.003563609439879656
48189,0.01100790686905384
48192,0.01592729054391384
48195,0.0004099693614989519
48198,0.03250263258814812
48201,0.0033705418463796377
48204,0.00470478180795908
48207,0.001763022388331592
48210,0.0008296020096167922
48213,0.0015316440258175135
48216,0.003728666575625539
48219,0.001104084774851799
48222,0.020449593663215637
48225,0.0022179442457854748
48228,0.005215325392782688
48231,0.000820866203866899
48234,0.0006972150295041502
48237,0.023741619661450386
48240,0.016137927770614624
48243,0.006444742437452078
48246,0.005518052726984024
48249,0.020108778029680252
48252,0.00701527064666152
48255,0.0006684779655188322
48258,0.0003134579164907336
48261,0.0004761978634633124
48264,0.03314989432692528
48267,0.00046532516716979444
48270,0.009946907870471478
48273,0.0028254734352231026
48276,0.0006051046657375991
48279,0.0003161156491842121
48282,0.0022927892860025167
48285,0.01441273745149374
48288,0.0003430914366617799
48291,0.000729537510778755
48294,0.00277208024635911
48297,0.001350164646282792
48300,0.013829851523041725
48303,0.005444382783025503
48306,0.0007589604938402772
48309,0.0004199554678052664
48312,0.0014960799599066377
48315,0.0009847348555922508
48318,0.0008845838019624352
48321,0.0012168021639809012
48324,0.0026460280641913414
48327,0.018256550654768944
48330,0.005169155541807413
48333,0.007225396111607552
48336,0.0006711387541145086
48339,0.026344873011112213
48342,0.001200150465592742
48345,0.01555329468101263
48348,0.001193707576021552
48351,0.027603842318058014
48354,0.0019113970920443535
48357,0.0017710475949570537
48360,0.0016952947480604053
48363,0.0155064407736063
48366,0.0014270368264988065
48369,0.004516282584518194
48372,0.0010709103662520647
48375,0.0076384879648685455
48378,0.018321113660931587
48381,0.0011008679866790771
48384,0.025720151141285896
48387,0.012867473997175694
48390,0.0022673122584819794
48393,0.0009304080158472061
48396,0.0016640443354845047
48399,0.0011769677512347698
48402,0.0018970966339111328
48405,0.0007772967219352722
48408,0.019466541707515717
48411,0.01857179030776024
48414,0.001875539543107152
48417,0.00593091594055295
48420,0.058257609605789185
48423,0.0020020005758851767
48426,0.0015903841704130173
48429,0.0036894669756293297
48432,0.005632729269564152
48435,0.000946858141105622
48438,0.0024865164887160063
48441,0.003130202414467931
48444,0.0009584682993590832
48447,0.0134678203612566
48450,0.002413771580904722
48453,0.00054423842811957
48456,0.0006486413185484707
48459,0.0031895434949547052
48462,0.0008348990813829005
48465,0.002789710182696581
48468,0.0005455730715766549
48471,0.0004557900538202375
48474,0.0008049941388890147
48477,0.0006521651521325111
48480,0.00043157098116353154
48483,0.0005595386028289795
48486,0.0008990449132397771
48489,0.0011343376245349646
48492,0.0007117341738194227
48495,0.0006229178397916257
48498,0.0012591469567269087
48501,0.0010051843710243702
48504,0.000518295681104064
48507,0.0005727644311264157
48510,0.0006534566055051982
48513,0.007357002701610327
48516,0.01663019508123398
48519,0.022873815149068832
48522,0.006942819803953171
48525,0.014708269387483597
48528,0.010463661514222622
48531,0.01677963137626648
48534,0.010275555774569511
48537,0.04149462655186653
48540,0.014066800475120544
48543,0.07441434264183044
48546,0.00782491359859705
48549,0.0032434146851301193
48552,0.008571709506213665
48555,0.043331872671842575
48558,0.04886515811085701
48561,0.01960771530866623
48564,0.020970096811652184
48567,0.002819289453327656
48570,0.0038931758608669043
48573,0.0011142315343022346
48576,0.00040368124609813094
48579,0.0006403129664249718
48582,0.00048795162001624703
48585,0.014083550311625004
48588,0.0004816676373593509
48591,0.0008180093136616051
48594,0.03613726794719696
48597,0.0009725824929773808
48600,0.005627471953630447
48603,0.0014532117638736963
48606,0.021366169676184654
48609,0.0010998694924637675
48612,0.0007412753766402602
48615,0.03868258371949196
48618,0.0006201405776664615
48621,0.009741736575961113
48624,0.007021829020231962
48627,0.0012239271309226751
48630,0.0027919381391257048
48633,0.0024527437053620815
48636,0.0041610440239310265
48639,0.0016795976553112268
48642,0.0071153100579977036
48645,0.001108364900574088
48648,0.0014360443456098437
48651,0.0006612579454667866
48654,0.0005460168467834592
48657,0.004203516524285078
48660,0.0004798024019692093
48663,0.021680312231183052
48666,0.007293351925909519
48669,0.013285372406244278
48672,0.00035091678728349507
48675,0.0012059230357408524
48678,0.0047155399806797504
48681,0.02163657918572426
48684,0.00512815173715353
48687,0.001667291042394936
48690,0.011304876767098904
48693,0.0006455116672441363
48696,0.0021831246558576822
48699,0.0007654727669432759
48702,0.001041732495650649
48705,0.002107800915837288
48708,0.0015808340394869447
48711,0.002693074755370617
48714,0.0004340388113632798
48717,0.022001702338457108
48720,0.0011096765520051122
48723,0.0008754941518418491
48726,0.0032476000487804413
48729,0.012843011878430843
48732,0.003727404633536935
48735,0.003291351953521371
48738,0.0017427494749426842
48741,0.0013114361790940166
48744,0.008567418903112411
48747,0.00960113201290369
48750,0.004083957523107529
48753,0.001225892803631723
48756,0.01723439246416092
48759,0.019296368584036827
48762,0.007018532603979111
48765,0.005010726861655712
48768,0.0021304066758602858
48771,0.0010886893142014742
48774,0.003650377970188856
48777,0.0005624463083222508
48780,0.016014689579606056
48783,0.0007030189735814929
48786,0.0007386737270280719
48789,0.00425964267924428
48792,0.0009275459451600909
48795,0.0008915250073187053
48798,0.00028793790261261165
48801,0.022349458187818527
48804,0.0011431144084781408
48807,0.000928232679143548
48810,0.0005911116022616625
48813,0.0012450956273823977
48816,0.0008019902743399143
48819,0.0004567936121020466
48822,0.001085377880372107
48825,0.0003680337977129966
48828,0.0016636273358017206
48831,0.0004889076808467507
48834,0.0022961264476180077
48837,0.02670537307858467
48840,0.0005995124229229987
48843,0.010496839880943298
48846,0.00770260114222765
48849,0.000810721074230969
48852,0.0008894028142094612
48855,0.0008275778964161873
48858,0.00695248506963253
48861,0.007779406383633614
48864,0.0015298988437280059
48867,0.0005687880329787731
48870,0.0008039019885472953
48873,0.002002258785068989
48876,0.011561362072825432
48879,0.0007678475230932236
48882,0.0015635351883247495
48885,0.006137808784842491
48888,0.0003705447306856513
48891,0.0019669325556606054
48894,0.002361094579100609
48897,0.003207538276910782
48900,0.009244673885405064
48903,0.023714350536465645
48906,0.0009514513076283038
48909,0.00045293127186596394
48912,0.0009044344769790769
48915,0.0031005230266600847
48918,0.00029588007600978017
48921,0.0008493079803884029
48924,0.00047315447591245174
48927,0.0005723780486732721
48930,0.0004944237880408764
48933,0.0008030229364521801
48936,0.0006702099926769733
48939,0.0147167406976223
48942,0.014810549095273018
48945,0.021585797891020775
48948,0.0003049127699341625
48951,0.003700994187965989
48954,0.008171409368515015
48957,0.007272472605109215
48960,0.00024287794076371938
48963,0.0003109366516582668
48966,0.0002105031453538686
48969,0.00261668604798615
48972,0.00035271362867206335
48975,0.002475020242854953
48978,0.012666777707636356
48981,0.0007491998840123415
48984,0.0016658591339364648
48987,0.020903950557112694
48990,0.017343822866678238
48993,0.0006205772515386343
48996,0.001253151218406856
48999,0.0006175593589432538
49002,0.00479765422642231
49005,0.0038472069427371025
49008,0.0008712686831131577
49011,0.0010564030380919576
49014,0.002800473477691412
49017,0.003627898870036006
49020,0.0005044431309215724
49023,0.012142808176577091
49026,0.006876622326672077
49029,0.0012860419228672981
49032,0.0014755863230675459
49035,0.022129831835627556
49038,0.003470441559329629
49041,0.0009988435776904225
49044,0.009345825761556625
49047,0.005646609701216221
49050,0.00035526914871297777
49053,0.0008334032027050853
49056,0.002236264292150736
49059,0.0008935200748965144
49062,0.005421606823801994
49065,0.0006785218720324337
49068,0.0005996764521114528
49071,0.009921255521476269
49074,0.0005984933814033866
49077,0.00044545321725308895
49080,0.0007713536033406854
49083,0.0003437107661738992
49086,0.004764538258314133
49089,0.003175513818860054
49092,0.00039831455796957016
49095,0.005535126198083162
49098,0.0002692339476197958
49101,0.0009232930606231093
49104,0.0003831845533568412
49107,0.0014450282324105501
49110,0.03219222277402878
49113,0.0014290777035057545
49116,0.019468089565634727
49119,0.0005345511017367244
49122,0.0009460350847803056
49125,0.0014219626318663359
49128,0.005909191444516182
49131,0.004723642021417618
49134,0.000814448285382241
49137,0.007806556299328804
49140,0.004346191417425871
49143,0.004129834473133087
49146,0.001037299633026123
49149,0.0006333939381875098
49152,0.008829873986542225
49155,0.004338128492236137
49158,0.009697129018604755
49161,0.004261637572199106
49164,0.004145282320678234
49167,0.0038331872783601284
49170,0.0015189028345048428
49173,0.0033591659739613533
49176,0.007429084740579128
49179,0.0010835323482751846
49182,0.0008765127277001739
49185,0.0015082135796546936
49188,0.0017466547433286905
49191,0.004544831346720457
49194,0.02594709023833275
49197,0.004109588451683521
49200,0.013472757302224636
49203,0.0017984387231990695
49206,0.0006838220288045704
49209,0.0029963101260364056
49212,0.004606862086802721
49215,0.0005883800331503153
49218,0.000781014678068459
49221,0.0009933027904480696
49224,0.0012077114079147577
49227,0.0019775889813899994
49230,0.001235029543749988
49233,0.0003241562226321548
49236,0.0008150838548317552
49239,0.00031113854493014514
49242,0.0008858551736921072
49245,0.0004842820926569402
49248,0.00043313787318766117
49251,0.00027900352142751217
49254,0.0002496270462870598
49257,0.0005125807365402579
49260,0.0002333547454327345
49263,0.00043884964543394744
49266,0.0011083120480179787
49269,0.0008747993852011859
49272,0.0002201782917836681
49275,0.00022945832461118698
49278,0.0007438922766596079
49281,0.0003288939187768847
49284,0.001015244284644723
49287,0.0010434447322040796
49290,0.0036548080388456583
49293,0.00031632190803065896
49296,0.0004834642168134451
49299,0.00037595833418890834
49302,0.0006828135810792446
49305,0.020603224635124207
49308,0.0016637351363897324
49311,0.0002475809887982905
49314,0.00025849189842119813
49317,0.00034295659861527383
49320,0.00039705008384771645
49323,0.0003171148709952831
49326,0.0003251133603043854
49329,0.00029369359253905714
49332,0.0006433933740481734
49335,0.0009953181724995375
49338,0.0001729809446260333
49341,0.0012193778529763222
49344,0.0071686869487166405
49347,0.012156551703810692
49350,0.023192645981907845
49353,0.0022607799619436264
49356,0.01379246637225151
49359,0.00028326717438176274
49362,0.002827575197443366
49365,0.0005187496426515281
49368,0.00029655202524736524
49371,0.0007413625135086477
49374,0.0009490493685007095
49377,0.0005731090204790235
49380,0.0004514590254984796
49383,0.001421209890395403
49386,0.00041733833495527506
49389,0.004280230030417442
49392,0.0009494321420788765
49395,0.0002684936625882983
49398,0.002295045182108879
49401,0.0017810091376304626
49404,0.012249781750142574
49407,0.0038601746782660484
49410,0.0006348956376314163
49413,0.000968622975051403
49416,0.0287496168166399
49419,0.03041103109717369
49422,0.04234578460454941
49425,0.0013867071829736233
49428,0.001029963605105877
49431,0.003751100040972233
49434,0.009559990838170052
49437,0.0005780094070360065
49440,0.001306226709857583
49443,0.0005852275062352419
49446,0.0012357044033706188
49449,0.0005551213398575783
49452,0.029414327815175056
49455,0.006883357185870409
49458,0.015616878867149353
49461,0.004751571454107761
49464,0.0014017224311828613
49467,0.008647160604596138
49470,0.0011312300339341164
49473,0.0076520321890711784
49476,0.02877744287252426
49479,0.0007420870242640376
49482,0.0010833371197804809
49485,0.0012595372973009944
49488,0.008367069065570831
49491,0.0004261412541382015
49494,0.0011231501121073961
49497,0.0008873921469785273
49500,0.01068144291639328
49503,0.0018997691804543138
49506,0.0008149528875946999
49509,0.0027805007994174957
49512,0.010063816793262959
49515,0.002323570428416133
49518,0.0019903837237507105
49521,0.0013517518527805805
49524,0.001321279676631093
49527,0.007950542494654655
49530,0.003127665724605322
49533,0.003041339572519064
49536,0.0017799800261855125
49539,0.0009916438721120358
49542,0.017229758203029633
49545,0.0007339506410062313
49548,0.03232930973172188
49551,0.012374057434499264
49554,0.0037741647101938725
49557,0.007714060600847006
49560,0.0012946384958922863
49563,0.029909150674939156
49566,0.002237624255940318
49569,0.04118648171424866
49572,0.0315832681953907
49575,0.004099949728697538
49578,0.0019653155468404293
49581,0.03393852710723877
49584,0.005809019319713116
49587,0.006289557553827763
49590,0.0035116346552968025
49593,0.008313710801303387
49596,0.015734292566776276
49599,0.018889736384153366
49602,0.0223249364644289
49605,0.01482357271015644
49608,0.01430465281009674
49611,0.024865219369530678
49614,0.052450500428676605
49617,0.03516802936792374
49620,0.043370120227336884
49623,0.007202864624559879
49626,0.009489884600043297
49629,0.010676821693778038
49632,0.06088010221719742
49635,0.006711853668093681
49638,0.047108426690101624
49641,0.005552184768021107
49644,0.06039268523454666
49647,0.004205930978059769
49650,0.016732437536120415
49653,0.013325100764632225
49656,0.028102925047278404
49659,0.022869130596518517
49662,0.012651690281927586
49665,0.0026257652789354324
49668,0.009213022887706757
49671,0.0015824963338673115
49674,0.0013041888596490026
49677,0.0013844665372744203
49680,0.016449639573693275
49683,0.0306171216070652
49686,0.0025561165530234575
49689,0.002027064561843872
49692,0.018482936546206474
49695,0.0015308354049921036
49698,0.007897420786321163
49701,0.004699927754700184
49704,0.0019794446416199207
49707,0.010730061680078506
49710,0.009755169041454792
49713,0.0018126547802239656
49716,0.017994871363043785
49719,0.0056514679454267025
49722,0.0020572482608258724
49725,0.0009520679013803601
49728,0.002259186701849103
49731,0.0022809673100709915
49734,0.0035747296642512083
49737,0.004408271051943302
49740,0.0012519336305558681
49743,0.0011299306061118841
49746,0.002297578612342477
49749,0.0008491884218528867
49752,0.0010141748934984207
49755,0.0017121225828304887
49758,0.0008977482793852687
49761,0.0008448464213870466
49764,0.002855053637176752
49767,0.0017834430327638984
49770,0.0010363536421209574
49773,0.00235217553563416
49776,0.0012221848592162132
49779,0.001290181651711464
49782,0.0011505467118695378
49785,0.0011476925574243069
49788,0.001544151222333312
49791,0.0012920182198286057
49794,0.0004829979734495282
49797,0.0044551934115588665
49800,0.021857477724552155
49803,0.04950672388076782
49806,0.0014470824971795082
49809,0.002846137387678027
49812,0.0007814992568455637
49815,0.0015982765471562743
49818,0.0013768834760412574
49821,0.00485358526930213
49824,0.0006887514609843493
49827,0.009421082213521004
49830,0.0009911605156958103
49833,0.003812358947470784
49836,0.003763847518712282
49839,0.02378089725971222
49842,0.0017399205826222897
49845,0.0023149182088673115
49848,0.012618495151400566
49851,0.002625447465106845
49854,0.0013305193278938532
49857,0.00108897197060287
49860,0.0010615988867357373
49863,0.001581419724971056
49866,0.021902134642004967
49869,0.0006950449896976352
49872,0.001624611672013998
49875,0.004234644118696451
49878,0.0015056824777275324
49881,0.0018722608219832182
49884,0.013191812671720982
49887,0.01328539289534092
49890,0.001254456932656467
49893,0.0024269893765449524
49896,0.002273412887006998
49899,0.006070999428629875
49902,0.010676277801394463
49905,0.031698137521743774
49908,0.002445264020934701
49911,0.0021146629005670547
49914,0.00423746183514595
49917,0.002533724531531334
49920,0.0012199782067909837
49923,0.0008810096187517047
49926,0.0013636895455420017
49929,0.0011128397891297936
49932,0.007220564875751734
49935,0.001465128967538476
49938,0.0005644639022648335
49941,0.00290877022780478
49944,0.006687160115689039
49947,0.0007031884742900729
49950,0.0005673936102539301
49953,0.016640735790133476
49956,0.002134480979293585
49959,0.02121587097644806
49962,0.0014822944067418575
49965,0.0012251246953383088
49968,0.0011329359840601683
49971,0.0014692050172016025
49974,0.0011655327398329973
49977,0.0004393126000650227
49980,0.006413767114281654
49983,0.0010985753033310175
49986,0.002326570451259613
49989,0.0017237478168681264
49992,0.0004718468990176916
49995,0.024390142410993576
49998,0.018887445330619812
50001,0.03327728062868118
50004,0.0014067762531340122
50007,0.0008833674364723265
50010,0.007016920484602451
50013,0.0007168167503550649
50016,0.0010414167772978544
50019,0.01537487842142582
50022,0.012195296585559845
50025,0.016328105702996254
50028,0.002353064250200987
50031,0.006698527839034796
50034,0.0018832096830010414
50037,0.0003929553204216063
50040,0.0007857655873522162
50043,0.0007976453052833676
50046,0.0003190903807990253
50049,0.00027313947794027627
50052,0.0014514187350869179
50055,0.0010221957927569747
50058,0.00033853171044029295
50061,0.002765340730547905
50064,0.0018860907293856144
50067,0.009967949241399765
50070,0.0006780958501622081
50073,0.0012294903863221407
50076,0.0009502063039690256
50079,0.00029984075808897614
50082,0.000537912710569799
50085,0.019264142960309982
50088,0.0030450918711721897
50091,0.0014590241480618715
50094,0.001188195077702403
50097,0.0002637065772432834
50100,0.0003462037711869925
50103,0.00070171058177948
50106,0.0009458598215132952
50109,0.0006116497097536922
50112,0.0005403088289313018
50115,0.000464361539343372
50118,0.00039370462764054537
50121,0.00042181878234259784
50124,0.0006465512560680509
50127,0.00040005086339078844
50130,0.0007361667230725288
50133,0.0005757443723268807
50136,0.00038644677260890603
50139,0.038032080978155136
50142,0.0006336297956295311
50145,0.037446945905685425
50148,0.008087899535894394
50151,0.0006520763854496181
50154,0.003126534866169095
50157,0.0008180728182196617
50160,0.0004639457620214671
50163,0.00029440902289934456
50166,0.0003647614794317633
50169,0.0007745096227154136
50172,0.0005905015277676284
50175,0.0005836440250277519
50178,0.00046473159454762936
50181,0.00040838943095877767
50184,0.0010959969367831945
50187,0.002038229489699006
50190,0.0005490853800438344
50193,0.0002905947621911764
50196,0.00042190944077447057
50199,0.005708108190447092
50202,0.0008428213186562061
50205,0.004276237450540066
50208,0.0008459528908133507
50211,0.0002805007097776979
50214,0.0009326165891252458
50217,0.0003723225090652704
50220,0.00209889211691916
50223,0.0003104645002167672
50226,0.0007882086792960763
50229,0.0003068886580877006
50232,0.00048038619570434093
50235,0.000319535203743726
50238,0.0004735346883535385
50241,0.0022216427605599165
50244,0.0015225735260173678
50247,0.021301882341504097
50250,0.00214774115011096
50253,0.0004443689831532538
50256,0.0004950393922626972
50259,0.0013743056915700436
50262,0.0019960622303187847
50265,0.002403487218543887
50268,0.0004397252050694078
50271,0.00176703417673707
50274,0.0017397408373653889
50277,0.00039461225969716907
50280,0.0006666230037808418
50283,0.0005735313752666116
50286,0.00037896266439929605
50289,0.0003787943278439343
50292,0.019905539229512215
50295,0.0002881046966649592
50298,0.007062423508614302
50301,0.001272149384021759
50304,0.004256449174135923
50307,0.0004550354788079858
50310,0.0006743721314705908
50313,0.0010319455759599805
50316,0.0015244920505210757
50319,0.0010978792561218143
50322,0.011356109753251076
50325,0.0005112923099659383
50328,0.0006515015265904367
50331,0.012650457210838795
50334,0.0007743403548374772
50337,0.0006500480812974274
50340,0.0008543237345293164
50343,0.0033865768928080797
50346,0.0004275357350707054
50349,0.0009765763534232974
50352,0.011310207657516003
50355,0.02492833510041237
50358,0.00046968256356194615
50361,0.0006008127238601446
50364,0.0007554009789600968
50367,0.014767160639166832
50370,0.0004310283693484962
50373,0.0009949071099981666
50376,0.01695186085999012
50379,0.00027700752252712846
50382,0.00018637841276358813
50385,0.00024978097644634545
50388,0.00026605004677549005
50391,0.00036797585198655725
50394,0.0025397855788469315
50397,0.0018230229616165161
50400,0.0004256401734892279
50403,0.0006774837384000421
50406,0.0004557027714326978
50409,0.00019730333588086069
50412,0.00022293823712971061
50415,0.0002861709799617529
50418,0.0002470197796355933
50421,0.0014972116332501173
50424,0.0011817339109256864
50427,0.0004054041055496782
50430,0.01475362665951252
50433,0.013091659173369408
50436,0.00044923380482941866
50439,0.003075134474784136
50442,0.0010079980129376054
50445,0.0004073557211086154
50448,0.000202147668460384
50451,0.0002866016875486821
50454,0.0003315082867629826
50457,0.00046355926315300167
50460,0.026563718914985657
50463,0.020325900986790657
50466,0.0010163031984120607
50469,0.001372733386233449
50472,0.02773887850344181
50475,0.0006007465999573469
50478,0.000720083829946816
50481,0.00040844985051080585
50484,0.0007415905129164457
50487,0.005056299734860659
50490,0.0038132404442876577
50493,0.001212461618706584
50496,0.0055061765015125275
50499,0.003305316437035799
50502,0.00907023437321186
50505,0.0015496928244829178
50508,0.0016707280883565545
50511,0.0048528690822422504
50514,0.0009204180678352714
50517,0.002282551024109125
50520,0.0034467463847249746
50523,0.0006176471360959113
50526,0.0008535530068911612
50529,0.0154624218121171
50532,0.0010477916803210974
50535,0.006011632736772299
50538,0.021349718794226646
50541,0.02389119192957878
50544,0.0007991524762474
50547,0.0016655949875712395
50550,0.0006625207024626434
50553,0.010102173313498497
50556,0.012155821546912193
50559,0.0003948899102397263
50562,0.0010190358152613044
50565,0.014071401208639145
50568,0.005411469843238592
50571,0.0007133323233574629
50574,0.0050907745026052
50577,0.0008891826728358865
50580,0.007623389828950167
50583,0.002498634858056903
50586,0.006257885601371527
50589,0.0029431721195578575
50592,0.004686970729380846
50595,0.002612801268696785
50598,0.005866977386176586
50601,0.008654152974486351
50604,0.0035079808440059423
50607,0.0008839633082970977
50610,0.014881081879138947
50613,0.004976906348019838
50616,0.0006651185103692114
50619,0.0008584304014220834
50622,0.0015498425345867872
50625,0.001122923451475799
50628,0.0012132404372096062
50631,0.0010439553298056126
50634,0.0037527719978243113
50637,0.0006322741974145174
50640,0.0015563142951577902
50643,0.02167372591793537
50646,0.003013446694239974
50649,0.023748960345983505
50652,0.005112838465720415
50655,0.006452174857258797
50658,0.001472428091801703
50661,0.0011730305850505829
50664,0.00098578748293221
50667,0.0006258345674723387
50670,0.0031454009003937244
50673,0.001100329332984984
50676,0.0013335125986486673
50679,0.007194028235971928
50682,0.01792006939649582
50685,0.0018271870212629437
50688,0.008417095057666302
50691,0.01042991504073143
50694,0.027087220922112465
50697,0.01314503327012062
50700,0.004573386628180742
50703,0.004978005774319172
50706,0.008939770981669426
50709,0.03535245358943939
50712,0.001046617398969829
50715,0.003953352104872465
50718,0.004028509370982647
50721,0.0059205880388617516
50724,0.0014864553231745958
50727,0.020393140614032745
50730,0.0021483898162841797
50733,0.018960949033498764
50736,0.002084665698930621
50739,0.002735068555921316
50742,0.007093604654073715
50745,0.0010663429275155067
50748,0.005799446254968643
50751,0.002869752235710621
50754,0.007828447967767715
50757,0.0019448392558842897
50760,0.0013024318031966686
50763,0.005493018310517073
50766,0.0017915497301146388
50769,0.0030938340350985527
50772,0.0020715314894914627
50775,0.004325205460190773
50778,0.0184940155595541
50781,0.02612384408712387
50784,0.004961497150361538
50787,0.0013121113879606128
50790,0.005085100885480642
50793,0.015660962089896202
50796,0.00380724691785872
50799,0.002164293546229601
50802,0.008267907425761223
50805,0.0012294953921809793
50808,0.0008564990130253136
50811,0.012255331501364708
50814,0.008223108015954494
50817,0.001968780532479286
50820,0.005086775869131088
50823,0.0024638778995722532
50826,0.0006034107645973563
50829,0.005822320003062487
50832,0.0012496259296312928
50835,0.010702548548579216
50838,0.0006320049869827926
50841,0.04431968182325363
50844,0.018619418144226074
50847,0.0033207403030246496
50850,0.006280284374952316
50853,0.006926514208316803
50856,0.003184366039931774
50859,0.008332070894539356
50862,0.0011521397391334176
50865,0.003695322433486581
50868,0.0019740071147680283
50871,0.00537211773917079
50874,0.010923147201538086
50877,0.0013053750153630972
50880,0.0028532310388982296
50883,0.011148206889629364
50886,0.001905403332784772
50889,0.0015747908037155867
50892,0.017236659303307533
50895,0.006838229484856129
50898,0.0019111927831545472
50901,0.027384085580706596
50904,0.002021265449002385
50907,0.0017488166922703385
50910,0.0017133034998551011
50913,0.0024696264881640673
50916,0.0015429065097123384
50919,0.01926262304186821
50922,0.0018902815645560622
50925,0.004990774672478437
50928,0.02050003409385681
50931,0.004265335388481617
50934,0.000697010662406683
50937,0.016781063750386238
50940,0.007204000372439623
50943,0.012706629000604153
50946,0.001696199644356966
50949,0.01566331274807453
50952,0.002400926547124982
50955,0.0010877056047320366
50958,0.01183629035949707
50961,0.008606386370956898
50964,0.006066129542887211
50967,0.000812002457678318
50970,0.0008358812774531543
50973,0.001891217427328229
50976,0.0009630087879486382
50979,0.002184065291658044
50982,0.0022544667590409517
50985,0.003927155863493681
50988,0.00138343614526093
50991,0.0320172980427742
50994,0.0017653563991189003
50997,0.0027177357114851475
51000,0.001018825569190085
51003,0.0009689056314527988
51006,0.009756776504218578
51009,0.0045170290395617485
51012,0.0007353592664003372
51015,0.010549255646765232
51018,0.0004232888750266284
51021,0.0005246619693934917
51024,0.0008480651886202395
51027,0.03435511142015457
51030,0.007336465176194906
51033,0.0007736604893580079
51036,0.0006937151192687452
51039,0.0012345211580395699
51042,0.0016859909519553185
51045,0.028336474671959877
51048,0.0010745343752205372
51051,0.0006428566412068903
51054,0.0014416917692869902
51057,0.001107741380110383
51060,0.0019083925290033221
51063,0.0005897757364436984
51066,0.0017796163447201252
51069,0.0007094545289874077
51072,0.020695989951491356
51075,0.0003784988366533071
51078,0.0010535032488405704
51081,0.018247216939926147
51084,0.0006247120909392834
51087,0.00038684543687850237
51090,0.00829405803233385
51093,0.00348177389241755
51096,0.004315028432756662
51099,0.0006781594129279256
51102,0.014148503541946411
51105,0.0002584978938102722
51108,0.0003307476290501654
51111,0.007859217934310436
51114,0.017317460849881172
51117,0.004970870912075043
51120,0.0005390504375100136
51123,0.008120851591229439
51126,0.0006103321793489158
51129,0.017744995653629303
51132,0.0007162227993831038
51135,0.0005761734209954739
51138,0.0009944969788193703
51141,0.0008665557252243161
51144,0.004218004643917084
51147,0.002031691838055849
51150,0.01088566705584526
51153,0.001253418973647058
51156,0.017750613391399384
51159,0.007520540151745081
51162,0.004999747034162283
51165,0.010700085200369358
51168,0.0019070538692176342
51171,0.001202901010401547
51174,0.002730421954765916
51177,0.0021341515239328146
51180,0.008520953357219696
51183,0.010078808292746544
51186,0.004449306521564722
51189,0.002965138526633382
51192,0.002210029400885105
51195,0.013270547613501549
51198,0.0017365985549986362
51201,0.0009190138662233949
51204,0.019488638266921043
51207,0.002943245694041252
51210,0.0015335386851802468
51213,0.0009623300284147263
51216,0.004030120559036732
51219,0.0021614190191030502
51222,0.014739036560058594
51225,0.0005839032819494605
51228,0.0006568926619365811
51231,0.0008492341730743647
51234,0.0015449238708242774
51237,0.015323316678404808
51240,0.0069829970598220825
51243,0.0011456860229372978
51246,0.00687731709331274
51249,0.03747155889868736
51252,0.0009408650221303105
51255,0.002565978327766061
51258,0.0007467035320587456
51261,0.0005197260179556906
51264,0.05106449872255325
51267,0.030229154974222183
51270,0.008089646697044373
51273,0.02098984643816948
51276,0.0035413759760558605
51279,0.004128159023821354
51282,0.014431506395339966
51285,0.0022164778783917427
51288,0.0018029583152383566
51291,0.001236406504176557
51294,0.010192920453846455
51297,0.0019730706699192524
51300,0.0026348677929490805
51303,0.010873462073504925
51306,0.002145376056432724
51309,0.0013020893093198538
51312,0.0017388765700161457
51315,0.006007030606269836
51318,0.0059264050796628
51321,0.00954046007245779
51324,0.027721799910068512
51327,0.002205892466008663
51330,0.0009673347813077271
51333,0.0041357846930623055
51336,0.04449690505862236
51339,0.003377252258360386
51342,0.021161990240216255
51345,0.024067368358373642
51348,0.0014570241328328848
51351,0.0006571367848664522
51354,0.0006783587159588933
51357,0.018150946125388145
51360,0.0007220380939543247
51363,0.0006859175045974553
51366,0.03982803598046303
51369,0.00720633752644062
51372,0.0021918020211160183
51375,0.038222670555114746
51378,0.003034033812582493
51381,0.0009440847206860781
51384,0.0009744670824147761
51387,0.0005260044708848
51390,0.0009817176032811403
51393,0.0005514012882485986
51396,0.004452652297914028
51399,0.0037859666626900434
51402,0.0004614202189259231
51405,0.0026900824159383774
51408,0.0006655834149569273
51411,0.000820821151137352
51414,0.0037333888467401266
51417,0.0011441269889473915
51420,0.0007948917336761951
51423,0.004705938044935465
51426,0.0027893853839486837
51429,0.004097346216440201
51432,0.0019284833688288927
51435,0.0033032922074198723
51438,0.0018626721575856209
51441,0.0020503883715718985
51444,0.003256537951529026
51447,0.0012000033166259527
51450,0.0004555564373731613
51453,0.009178629145026207
51456,0.0004316006670705974
51459,0.0010680851992219687
51462,0.00035203766310587525
51465,0.0004417445161379874
51468,0.0003561149351298809
51471,0.004957383964210749
51474,0.021034469828009605
51477,0.0005482676788233221
51480,0.005849855486303568
51483,0.014669226482510567
51486,0.001351082930341363
51489,0.0011387607082724571
51492,0.002046518959105015
51495,0.0004128102445974946
51498,0.008359174244105816
51501,0.0008520430419594049
51504,0.0006611977005377412
51507,0.0007844336796551943
51510,0.0008192394161596894
51513,0.0007449268596246839
51516,0.000752338208258152
51519,0.0003960876492783427
51522,0.000546082912478596
51525,0.0008393767639063299
51528,0.0004429805267136544
51531,0.00253288890235126
51534,0.00036546378396451473
51537,0.0025383797474205494
51540,0.0002790529397316277
51543,0.004089204128831625
51546,0.0002272317069582641
51549,0.000937828968744725
51552,0.0003769936738535762
51555,0.0007712296210229397
51558,0.0006420591380447149
51561,0.0013084390666335821
51564,0.0003032148233614862
51567,0.0008669179514981806
51570,0.0003658931527752429
51573,0.00037441792665049434
51576,0.0004111781599931419
51579,0.0006879715947434306
51582,0.0011169654317200184
51585,0.0002130797365680337
51588,0.009906454011797905
51591,0.04059156775474548
51594,0.0018408019095659256
51597,0.0005288122338242829
51600,0.00022600332158617675
51603,0.046374108642339706
51606,0.0006230049184523523
51609,0.002014885423704982
51612,0.000602648826315999
51615,0.0015705315163359046
51618,0.012221742421388626
51621,0.002435785485431552
51624,0.0007281723665073514
51627,0.00024260352074634284
51630,0.000533238286152482
51633,0.003670846112072468
51636,0.0003143356880173087
51639,0.0013481273781508207
51642,0.017636513337492943
51645,0.000424291065428406
51648,0.0007799500017426908
51651,0.018965737894177437
51654,0.010904138907790184
51657,0.00039845172432251275
51660,0.01853071339428425
51663,0.00032525055576115847
51666,0.0004712456138804555
51669,0.012177964672446251
51672,0.000667775864712894
51675,0.00043505430221557617
51678,0.0017714400310069323
51681,0.008757911622524261
51684,0.0022430941462516785
51687,0.013643555343151093
51690,0.000775941472966224
51693,0.0014739182079210877
51696,0.006329125724732876
51699,0.005298184230923653
51702,0.0009573164279572666
51705,0.004250544123351574
51708,0.004834991879761219
51711,0.0017119969706982374
51714,0.014188197441399097
51717,0.006068418733775616
51720,0.0032477732747793198
51723,0.0015092897228896618
51726,0.001329338294453919
51729,0.003342144191265106
51732,0.010572098195552826
51735,0.0010992427123710513
51738,0.0011860262602567673
51741,0.00045305979438126087
51744,0.0018861752469092607
51747,0.0006907497299835086
51750,0.012324553914368153
51753,0.0010606525465846062
51756,0.0010011401027441025
51759,0.0015067200874909759
51762,0.006327417213469744
51765,0.016816791146993637
51768,0.021689163520932198
51771,0.0019939769990742207
51774,0.0011925159487873316
51777,0.011775610037147999
51780,0.0006230197614058852
51783,0.0019102097721770406
51786,0.005377630237489939
51789,0.02390182949602604
51792,0.0010901638306677341
51795,0.0011512789642438293
51798,0.011824600398540497
51801,0.0009055720875039697
51804,0.0003657774650491774
51807,0.0011838534846901894
51810,0.0005194199620746076
51813,0.004486050922423601
51816,0.0006284269038587809
51819,0.0018491896335035563
51822,0.0008741701603867114
51825,0.0018956796266138554
51828,0.00028676172951236367
51831,0.0010591286700218916
51834,0.0016804034821689129
51837,0.0006760685355402529
51840,0.006349951960146427
51843,0.0027846775483340025
51846,0.0019430483225733042
51849,0.0015282677486538887
51852,0.0010883945506066084
51855,0.000672121241223067
51858,0.00122433144133538
51861,0.01377897709608078
51864,0.004919599741697311
51867,0.0005145893665030599
51870,0.030918659642338753
51873,0.008382856845855713
51876,0.0026042740792036057
51879,0.021838923916220665
51882,0.004822446499019861
51885,0.0022215056233108044
51888,0.007986159063875675
51891,0.002967500127851963
51894,0.0012320555979385972
51897,0.026075158268213272
51900,0.0005085434531792998
51903,0.0009374654036946595
51906,0.007650654762983322
51909,0.03187102824449539
51912,0.0034232144244015217
51915,0.008183768950402737
51918,0.0032037831842899323
51921,0.026119718328118324
51924,0.008145416155457497
51927,0.0012061870656907558
51930,0.01627015508711338
51933,0.005208810791373253
51936,0.0007736206753179431
51939,0.009403996169567108
51942,0.02686731331050396
51945,0.018011409789323807
51948,0.0026659569703042507
51951,0.00803759042173624
51954,0.006455684546381235
51957,0.025058604776859283
51960,0.0008871643804013729
51963,0.00511979591101408
51966,0.015925468876957893
51969,0.0055537899024784565
51972,0.00048189295921474695
51975,0.00054284738143906
51978,0.0013932911679148674
51981,0.00047032878501340747
51984,0.0005421855603344738
51987,0.00037743098801001906
51990,0.0006593568250536919
51993,0.02497078664600849
51996,0.010846792720258236
51999,0.0006262700189836323
52002,0.00047979637747630477
52005,0.0012067698407918215
52008,0.0004480344068724662
52011,0.00043041608296334743
52014,0.0008427945431321859
52017,0.0005688982782885432
52020,0.0003615338064264506
52023,0.0003555129515007138
52026,0.0004044452216476202
52029,0.0011918707750737667
52032,0.000699915923178196
52035,0.033909790217876434
52038,0.0036476582754403353
52041,0.03798697516322136
52044,0.005027475766837597
52047,0.007502089254558086
52050,0.0005053074564784765
52053,0.0031868373043835163
52056,0.003755145939067006
52059,0.010481579229235649
52062,0.023878678679466248
52065,0.012477761134505272
52068,0.022955697029829025
52071,0.0022604786790907383
52074,0.0030272856820374727
52077,0.024982940405607224
52080,0.0025237095542252064
52083,0.0011837458005174994
52086,0.0016951248981058598
52089,0.0014675029087811708
52092,0.012517872266471386
52095,0.027181124314665794
52098,0.0027590375393629074
52101,0.004041938576847315
52104,0.001251577283255756
52107,0.03340989723801613
52110,0.023041849955916405
52113,0.001092132763005793
52116,0.0011648701038211584
52119,0.0016127369599416852
52122,0.0013189398450776935
52125,0.005122497212141752
52128,0.008354151621460915
52131,0.0016553578898310661
52134,0.0020399135537445545
52137,0.0005062275449745357
52140,0.0008701622718945146
52143,0.0007370795938186347
52146,0.0025950679555535316
52149,0.0004166504950262606
52152,0.019998427480459213
52155,0.0012863092124462128
52158,0.002496524481102824
52161,0.0005842939135618508
52164,0.0007274944218806922
52167,0.005076853558421135
52170,0.0011387434788048267
52173,0.015603085048496723
52176,0.020898478105664253
52179,0.007769776042550802
52182,0.0026402929797768593
52185,0.027302654460072517
52188,0.002030851785093546
52191,0.0022111653815954924
52194,0.0020360625348985195
52197,0.009035171009600163
52200,0.022960558533668518
52203,0.0010880643967539072
52206,0.0017065668944269419
52209,0.049326252192258835
52212,0.0014079427346587181
52215,0.006237434223294258
52218,0.0019119803328067064
52221,0.0021344220731407404
52224,0.012085619382560253
52227,0.014824558049440384
52230,0.01786942593753338
52233,0.0006641200743615627
52236,0.03423595055937767
52239,0.0006339647225104272
52242,0.004874988924711943
52245,0.012045112438499928
52248,0.0022587236016988754
52251,0.0020945630967617035
52254,0.0024292003363370895
52257,0.0010996349155902863
52260,0.001266061095520854
52263,0.008170039393007755
52266,0.011478506959974766
52269,0.001835317350924015
52272,0.009822996333241463
52275,0.0008278827299363911
52278,0.0022887173108756542
52281,0.006962532643228769
52284,0.020668750628829002
52287,0.0012175068259239197
52290,0.0012104673078283668
52293,0.00035160849802196026
52296,0.0010049366392195225
52299,0.0003019628347828984
52302,0.000396611460018903
52305,0.0005176663398742676
52308,0.0006770713371224701
52311,0.0010946703841909766
52314,0.0013752580853179097
52317,0.0017943064449355006
52320,0.0010942085646092892
52323,0.0007676868699491024
52326,0.0004201754054520279
52329,0.0006301392568275332
52332,0.0006859676213935018
52335,0.0030602531041949987
52338,0.001786665990948677
52341,0.0004051588475704193
52344,0.0002579169231466949
52347,0.0003621334326453507
52350,0.00036116185947321355
52353,0.001391381025314331
52356,0.011005486361682415
52359,0.0003703436814248562
52362,0.0005845045088790357
52365,0.0002414557820884511
52368,0.0003843149752356112
52371,0.009163699112832546
52374,0.029519841074943542
52377,0.00046051645767875016
52380,0.0009960411116480827
52383,0.031721364706754684
52386,0.001973072299733758
52389,0.0003431463846936822
52392,0.0011176483239978552
52395,0.0003369460173416883
52398,0.0005506632733158767
52401,0.0011218942236155272
52404,0.004532378166913986
52407,0.0026875094044953585
52410,0.0003128721145913005
52413,0.00041319275624118745
52416,0.0046769375912845135
52419,0.026490727439522743
52422,0.004834435880184174
52425,0.0013151706662029028
52428,0.0003626862308010459
52431,0.00095540372421965
52434,0.000786138407420367
52437,0.009612957946956158
52440,0.0010894923470914364
52443,0.010120511054992676
52446,0.0009074491681531072
52449,0.0010182829573750496
52452,0.0003823456645477563
52455,0.0026460562366992235
52458,0.008575744926929474
52461,0.00923344399780035
52464,0.002142909448593855
52467,0.0020136735402047634
52470,0.009701979346573353
52473,0.0008860714733600616
52476,0.006645177491009235
52479,0.0014036429347470403
52482,0.00034002307802438736
52485,0.006343094166368246
52488,0.0021001524291932583
52491,0.001043372554704547
52494,0.0016536624170839787
52497,0.0006623200606554747
52500,0.000666830746922642
52503,0.002062141662463546
52506,0.04316610470414162
52509,0.00047144899144768715
52512,0.00031612187740392983
52515,0.00048450290341861546
52518,0.0018658664776012301
52521,0.0005496860831044614
52524,0.0003010653017554432
52527,0.00043254735646769404
52530,0.002456520451232791
52533,0.0007405606447719038
52536,0.0003253749164287001
52539,0.0036843058187514544
52542,0.0015978149604052305
52545,0.0007715517422184348
52548,0.0005409623845480382
52551,0.0006112401024438441
52554,0.0008642887114547193
52557,0.02303566411137581
52560,0.015106395818293095
52563,0.00026281989994458854
52566,0.003474743105471134
52569,0.0009461338631808758
52572,0.007960117422044277
52575,0.0010329359211027622
52578,0.0015869233757257462
52581,0.01595948450267315
52584,0.0010027914540842175
52587,0.0004022676730528474
52590,0.004350100643932819
52593,0.0002449169405736029
52596,0.0008760375203564763
52599,0.000652294373139739
52602,0.0038894086610525846
52605,0.00014023363473825157
52608,0.04545062035322189
52611,0.0028106195386499166
52614,0.008129672147333622
52617,0.02219458296895027
52620,0.0009453763486817479
52623,0.01236126571893692
52626,0.008649433963000774
52629,0.03808072954416275
52632,0.007099805399775505
52635,0.013816184364259243
52638,0.0010088690323755145
52641,0.001332756131887436
52644,0.01289346907287836
52647,0.004028244875371456
52650,0.000711811357177794
52653,0.020989783108234406
52656,0.011652134358882904
52659,0.0023163158912211657
52662,0.0023714944254606962
52665,0.012137509882450104
52668,0.006139424629509449
52671,0.02742782235145569
52674,0.017504630610346794
52677,0.03024969808757305
52680,0.002768083242699504
52683,0.036331385374069214
52686,0.00256328540854156
52689,0.004579974338412285
52692,0.02507263608276844
52695,0.0028481492772698402
52698,0.04554786533117294
52701,0.00918462686240673
52704,0.0015479030553251505
52707,0.005450889468193054
52710,0.04000385105609894
52713,0.0030643250793218613
52716,0.007897870615124702
52719,0.008908902294933796
52722,0.00292798550799489
52725,0.005698959343135357
52728,0.0012390746269375086
52731,0.00735239963978529
52734,0.03676449880003929
52737,0.0012697211932390928
52740,0.02155362442135811
52743,0.0011687162332236767
52746,0.002852864097803831
52749,0.003527563763782382
52752,0.001992144389078021
52755,0.002573098987340927
52758,0.005362457595765591
52761,0.006008337717503309
52764,0.0017865304835140705
52767,0.0006776772788725793
52770,0.0017225483898073435
52773,0.01911173202097416
52776,0.0011159395799040794
52779,0.001760078826919198
52782,0.0006351456977427006
52785,0.0014591842191293836
52788,0.002160446485504508
52791,0.0008405083208344877
52794,0.011382837779819965
52797,0.000936374650336802
52800,0.00036742727388627827
52803,0.00156320387031883
52806,0.0032322495244443417
52809,0.0008306984091177583
52812,0.011291381902992725
52815,0.001023071352392435
52818,0.0010054341983050108
52821,0.0003906672354787588
52824,0.00045711497659794986
52827,0.018374161794781685
52830,0.00916317105293274
52833,0.0011256393045186996
52836,0.0007656171219423413
52839,0.000682744022924453
52842,0.0006114959833212197
52845,0.0005378054920583963
52848,0.020096732303500175
52851,0.0009160729241557419
52854,0.024165378883481026
52857,0.005082821007817984
52860,0.015632808208465576
52863,0.0012141099432483315
52866,0.004063901491463184
52869,0.011289994232356548
52872,0.0025580734945833683
52875,0.011558860540390015
52878,0.009432130493223667
52881,0.003962137270718813
52884,0.005623046308755875
52887,0.034171298146247864
52890,0.0018595391884446144
52893,0.01108494307845831
52896,0.02160339429974556
52899,0.0007386463694274426
52902,0.011231846176087856
52905,0.005617192480713129
52908,0.0007252012146636844
52911,0.007070952095091343
52914,0.027732741087675095
52917,0.002972420770674944
52920,0.014729711227118969
52923,0.0024499730207026005
52926,0.00296596996486187
52929,0.0026268905494362116
52932,0.00777701660990715
52935,0.001802257145754993
52938,0.0015600037295371294
52941,0.02340960130095482
52944,0.0010135648772120476
52947,0.00148374296259135
52950,0.0010456538293510675
52953,0.0015315933851525187
52956,0.0007232991047203541
52959,0.002600507577881217
52962,0.0020942813716828823
52965,0.000938757264520973
52968,0.0007773198303766549
52971,0.001315401284955442
52974,0.0028525409288704395
52977,0.0006617659237235785
52980,0.0008222908363677561
52983,0.0010792217217385769
52986,0.0007916600443422794
52989,0.0007615076610818505
52992,0.0005278555327095091
52995,0.001414718572050333
52998,0.0010450357804074883
53001,0.010189993306994438
53004,0.000281364715192467
53007,0.0025709206238389015
53010,0.0009656205656938255
53013,0.004037712700664997
53016,0.0007934712339192629
53019,0.006567408796399832
53022,0.0022248162422329187
53025,0.0008860792149789631
53028,0.0005365629331208766
53031,0.0009004950989037752
53034,0.0013185081770643592
53037,0.0030537464190274477
53040,0.00043001899030059576
53043,0.0010278745321556926
53046,0.00731457257643342
53049,0.0011018093209713697
53052,0.0037765433080494404
53055,0.0022826404310762882
53058,0.00813694205135107
53061,0.001354207401163876
53064,0.0007441067136824131
53067,0.0014457119395956397
53070,0.0015409765765070915
53073,0.0017820085631683469
53076,0.0010645659640431404
53079,0.024723878130316734
53082,0.0010856310836970806
53085,0.006834972649812698
53088,0.0011592758819460869
53091,0.001855136826634407
53094,0.003356150584295392
53097,0.001759588485583663
53100,0.002666223095729947
53103,0.0008795867906883359
53106,0.0017359789926558733
53109,0.0011698268353939056
53112,0.026430703699588776
53115,0.0007574806222692132
53118,0.000889057235326618
53121,0.009288610890507698
53124,0.035504844039678574
53127,0.009214628487825394
53130,0.0005159383872523904
53133,0.0009371298365294933
53136,0.00433329027146101
53139,0.03291155397891998
53142,0.0012413065414875746
53145,0.015028165653347969
53148,0.006394474301487207
53151,0.005010242573916912
53154,0.012360523454844952
53157,0.0012353882193565369
53160,0.0007153844344429672
53163,0.01652071624994278
53166,0.0006095764110796154
53169,0.01605207473039627
53172,0.0015752025647088885
53175,0.0024872999638319016
53178,0.0016495452728122473
53181,0.003962155897170305
53184,0.00047059881035238504
53187,0.007256436627358198
53190,0.0004872410499956459
53193,0.0027419296093285084
53196,0.0014396312180906534
53199,0.00046003004536032677
53202,0.0003110862453468144
53205,0.0034190057776868343
53208,0.0005516465753316879
53211,0.0005329914856702089
53214,0.0005194781115278602
53217,0.0011851616436615586
53220,0.00034201049129478633
53223,0.0004897587350569665
53226,0.0022675166837871075
53229,0.0006705836276523769
53232,0.001373895676806569
53235,0.0005436880164779723
53238,0.0010056678438559175
53241,0.0006687467684969306
53244,0.0006331174517981708
53247,0.0005719979526475072
53250,0.0004927933332510293
53253,0.0021977676078677177
53256,0.0010778778232634068
53259,0.02683398127555847
53262,0.026455963030457497
53265,0.0017953073838725686
53268,0.005062861833721399
53271,0.0004281204310245812
53274,0.00039213240961544216
53277,0.0005228152149356902
53280,0.0005028621526435018
53283,0.0006537780864164233
53286,0.0006767428130842745
53289,0.0031506686937063932
53292,0.02040405571460724
53295,0.0008046977454796433
53298,0.0026584200095385313
53301,0.007773905526846647
53304,0.0004528439021669328
53307,0.0020163236185908318
53310,0.001383240451104939
53313,0.00024004976148717105
53316,0.0002967983891721815
53319,0.0007861958583816886
53322,0.007032320834696293
53325,0.009893056936562061
53328,0.0006784871802665293
53331,0.00016556947957724333
53334,0.00040005840128287673
53337,0.0003446407790761441
53340,0.0001503786479588598
53343,0.0008033071062527597
53346,0.018303820863366127
53349,0.0002471095067448914
53352,0.00022628402803093195
53355,0.00034589285496622324
53358,0.001192874857224524
53361,0.006083841901272535
53364,0.0001761306484695524
53367,0.00027489877538755536
53370,0.00022464440553449094
53373,0.0008048786548897624
53376,0.0002719335025176406
53379,0.0005006600404158235
53382,0.025877874344587326
53385,0.0007079220958985388
53388,0.025715386494994164
53391,0.000170418294146657
53394,0.0002784969983622432
53397,0.00023135288211051375
53400,0.00042499444680288434
53403,0.0004891022108495235
53406,0.004777383524924517
53409,0.00019563481328077614
53412,0.00033910293132066727
53415,0.0021668770350515842
53418,0.0002098833938362077
53421,0.01350597944110632
53424,0.0004393348644953221
53427,0.001438997103832662
53430,0.00040166324470192194
53433,0.0003052387328352779
53436,0.00036824579001404345
53439,0.0018652594881132245
53442,0.0003088197554461658
53445,0.015625284984707832
53448,0.0025277447421103716
53451,0.018152572214603424
53454,0.000897842226549983
53457,0.026091160252690315
53460,0.0032870438881218433
53463,0.0022896856535226107
53466,0.00299982912838459
53469,0.001956638414412737
53472,0.002032215241342783
53475,0.001080026151612401
53478,0.0007518335478380322
53481,0.00898403488099575
53484,0.0011773472651839256
53487,0.0020473103504627943
53490,0.006432294845581055
53493,0.003155216109007597
53496,0.001011556014418602
53499,0.016305534169077873
53502,0.0036549456417560577
53505,0.0015118857845664024
53508,0.0012712987372651696
53511,0.011052044108510017
53514,0.029784254729747772
53517,0.005734049249440432
53520,0.0038704993203282356
53523,0.0024950914084911346
53526,0.019482115283608437
53529,0.001413956517353654
53532,0.009879391640424728
53535,0.0022758992854505777
53538,0.006557153537869453
53541,0.0013688623439520597
53544,0.0019105207175016403
53547,0.002127808053046465
53550,0.005196765996515751
53553,0.0010604887502267957
53556,0.026150263845920563
53559,0.0009237182093784213
53562,0.007398625835776329
53565,0.0005160921136848629
53568,0.00825803354382515
53571,0.0007251482456922531
53574,0.0010264259763062
53577,0.0007700950372964144
53580,0.0007910511340014637
53583,0.0008360599167644978
53586,0.024030016735196114
53589,0.003949060570448637
53592,0.00047394132707268
53595,0.0009044083999469876
53598,0.0014535576337948442
53601,0.00030163905466906726
53604,0.0008521613199263811
53607,0.001130499062128365
53610,0.00036089352215640247
53613,0.0017960224067792296
53616,0.00039058297988958657
53619,0.001501044724136591
53622,0.00045038844109512866
53625,0.0025102642830461264
53628,0.013041219674050808
53631,0.0053072236478328705
53634,0.024562766775488853
53637,0.014018174260854721
53640,0.01855706050992012
53643,0.0023099612444639206
53646,0.0019483605865389109
53649,0.01402378361672163
53652,0.01772821880877018
53655,0.0007772499229758978
53658,0.001696571591310203
53661,0.0018245052779093385
53664,0.010864169336855412
53667,0.000561907421797514
53670,0.0018492522649466991
53673,0.0028721943963319063
53676,0.0007883207872509956
53679,0.006782259792089462
53682,0.008753322996199131
53685,0.0014607836492359638
53688,0.007579968310892582
53691,0.014412757009267807
53694,0.0006244340911507607
53697,0.0004646782181225717
53700,0.009458484128117561
53703,0.0015400529373437166
53706,0.013293116353452206
53709,0.0013594606425613165
53712,0.0008864082046784461
53715,0.021329887211322784
53718,0.006875414866954088
53721,0.004404416773468256
53724,0.0014162057777866721
53727,0.005738725420087576
53730,0.0003415969549678266
53733,0.02586795575916767
53736,0.014191001653671265
53739,0.0012888730270788074
53742,0.0004134515766054392
53745,0.003902645781636238
53748,0.00463122921064496
53751,0.0026264656335115433
53754,0.0023242307361215353
53757,0.0015576668083667755
53760,0.00033296027686446905
53763,0.012026294134557247
53766,0.0005690488615073264
53769,0.014682899229228497
53772,0.0006959608290344477
53775,0.0017768534598872066
53778,0.000664666062220931
53781,0.0015873054508119822
53784,0.0005645162891596556
53787,0.001849717809818685
53790,0.008115856908261776
53793,0.0012682420201599598
53796,0.0018660633359104395
53799,0.0003938144654966891
53802,0.0005378574714995921
53805,0.01099898386746645
53808,0.01258469931781292
53811,0.000722135417163372
53814,0.0008707934175617993
53817,0.01577620580792427
53820,0.0004267820913810283
53823,0.004741915035992861
53826,0.00026229332434013486
53829,0.003612510859966278
53832,0.0002799580688588321
53835,0.019725780934095383
53838,0.0005011933390051126
53841,0.0010327731724828482
53844,0.00040895288111642003
53847,0.00418808264657855
53850,0.0010847063967958093
53853,0.0023141982965171337
53856,0.0008193201501853764
53859,0.0012132099363952875
53862,0.00023128684551920742
53865,0.0012921688612550497
53868,0.0039628916420042515
53871,0.0009082587203010917
53874,0.0017569949850440025
53877,0.002098577795550227
53880,0.0005095719825476408
53883,0.00030792754841968417
53886,0.0006589964032173157
53889,0.0001809172536013648
53892,0.01438287366181612
53895,0.00027541950112208724
53898,0.001071967533789575
53901,0.00019139915821142495
53904,0.0004003650974482298
53907,0.008865799754858017
53910,0.0003603260556701571
53913,0.00032439600909128785
53916,0.0007857712917029858
53919,0.0009516221471130848
53922,0.0003697813372127712
53925,0.0004710429930128157
53928,0.00017480849055573344
53931,0.00021927652414888144
53934,0.0004797907895408571
53937,0.00030603428604081273
53940,0.0012097397120669484
53943,0.00022599115618504584
53946,0.00040162226650863886
53949,0.00019784168398473412
53952,0.003793935989961028
53955,0.0013087488478049636
53958,0.011781437322497368
53961,0.015052685514092445
53964,0.0003241423983126879
53967,0.0025871722027659416
53970,0.02636413648724556
53973,0.0016988615971058607
53976,0.0026297790464013815
53979,0.0008722362108528614
53982,0.018226085230708122
53985,0.0009231980075128376
53988,0.0021850639022886753
53991,0.015615083277225494
53994,0.00393339991569519
53997,0.017962750047445297
54000,0.011043313890695572
54003,0.0037966477684676647
54006,0.014341442845761776
54009,0.01880735158920288
54012,0.043685052543878555
54015,0.0007278500124812126
54018,0.0005985732423141599
54021,0.01205709483474493
54024,0.0011146629694849253
54027,0.010501901619136333
54030,0.00046634796308353543
54033,0.021547259762883186
54036,0.035159870982170105
54039,0.00926864705979824
54042,0.0005666280630975962
54045,0.026462217792868614
54048,0.0025172606110572815
54051,0.0007632308406755328
54054,0.0009073391556739807
54057,0.00494943605735898
54060,0.0003728587180376053
54063,0.01655864343047142
54066,0.001128816045820713
54069,0.003155253827571869
54072,0.001020918134599924
54075,0.0006397905526682734
54078,0.0004994255141355097
54081,0.0028624895494431257
54084,0.0008575281244702637
54087,0.0005065666628070176
54090,0.003127516247332096
54093,0.0023637914564460516
54096,0.0008127840119414032
54099,0.0005008512525819242
54102,0.0005546185420826077
54105,0.004133332520723343
54108,0.0014736116863787174
54111,0.002072623698040843
54114,0.0008929012692533433
54117,0.00035528771695680916
54120,0.001019274233840406
54123,0.0010648476891219616
54126,0.0029033594764769077
54129,0.011512287892401218
54132,0.0031429778318852186
54135,0.0011760658817365766
54138,0.00586684700101614
54141,0.0005310658598318696
54144,0.0008364681270904839
54147,0.0005034628557041287
54150,0.0032332749105989933
54153,0.0016066260868683457
54156,0.0016910567646846175
54159,0.0004203385906293988
54162,0.02202616073191166
54165,0.006860822439193726
54168,0.04491051658987999
54171,0.01576961949467659
54174,0.0011910899775102735
54177,0.0014340141788125038
54180,0.008553159423172474
54183,0.013947989791631699
54186,0.0013835207791998982
54189,0.003294525435194373
54192,0.006647737696766853
54195,0.013798177242279053
54198,0.002942630322650075
54201,0.004420146811753511
54204,0.0003313312481623143
54207,0.0010744150495156646
54210,0.00043114746222272515
54213,0.0002828019205480814
54216,0.0003272021422162652
54219,0.00033526832703500986
54222,0.00018218363402411342
54225,0.000822859350591898
54228,0.018088098615407944
54231,0.00019631035684142262
54234,0.0035367505624890327
54237,0.008474952541291714
54240,0.000519035616889596
54243,0.00044512617751024663
54246,0.0017214289400726557
54249,0.0006080057355575264
54252,0.0005262360791675746
54255,0.00042635458521544933
54258,0.0008259051246568561
54261,0.00765632838010788
54264,0.0004516951448749751
54267,0.0004891177522949874
54270,0.0002461578114889562
54273,0.0004751032101921737
54276,0.0001471800496801734
54279,0.014236273244023323
54282,0.00032426422694697976
54285,0.000241095622186549
54288,0.03322848305106163
54291,0.00025570293655619025
54294,0.0004729692591354251
54297,0.0003775086661335081
54300,0.006185381207615137
54303,0.001276040798984468
54306,0.000492353574372828
54309,0.0006774853682145476
54312,0.0003668825956992805
54315,0.003052827436476946
54318,0.00025652797194197774
54321,0.000181828741915524
54324,0.006031982600688934
54327,0.000475244945846498
54330,0.00036054919473826885
54333,0.00048077385872602463
54336,0.029394205659627914
54339,0.000584241992328316
54342,0.0001919597270898521
54345,0.0003007685882039368
54348,0.00018301080854143947
54351,0.0002664718485902995
54354,0.0002632603864185512
54357,0.0007881575729697943
54360,0.00046620171633549035
54363,0.007395744323730469
54366,0.0008297579479403794
54369,0.00036757695488631725
54372,0.0006029121577739716
54375,0.0002977307012770325
54378,0.0003473762481007725
54381,0.0001165830617537722
54384,0.001536663039587438
54387,0.0030318908393383026
54390,0.0006099942838773131
54393,0.00722649646922946
54396,0.00034706760197877884
54399,0.00039439823012799025
54402,0.0006289650336839259
54405,0.006275362800806761
54408,0.0016599672380834818
54411,0.00021406839368864894
54414,0.00126285117585212
54417,0.036561381071805954
54420,0.027767473831772804
54423,0.0005368615966290236
54426,0.0005461857654154301
54429,0.0032539418898522854
54432,0.002199206966906786
54435,0.0004407169471960515
54438,0.000308187329210341
54441,0.002811769489198923
54444,0.00028454282437451184
54447,0.0006720093078911304
54450,0.014347349293529987
54453,0.00037901816540397704
54456,0.00028104573721066117
54459,0.0031625526025891304
54462,0.00028218820807524025
54465,0.0006971944821998477
54468,0.0006958609446883202
54471,0.03335929289460182
54474,0.01341902744024992
54477,0.00023474328918382525
54480,0.0007088786223903298
54483,0.000469885126221925
54486,0.006748013664036989
54489,0.0006673916941508651
54492,0.0029664684552699327
54495,0.0002506210876163095
54498,0.0003383561852388084
54501,0.005882530473172665
54504,0.00046432606177404523
54507,0.0010746661573648453
54510,0.0002298354811500758
54513,0.003745177760720253
54516,0.0006263215909712017
54519,0.0010934248566627502
54522,0.0004331087111495435
54525,0.00034582678927108645
54528,0.017654117196798325
54531,0.0004633614153135568
54534,0.009930453263223171
54537,0.0006713090697303414
54540,0.02142854407429695
54543,0.002955554984509945
54546,0.0007706375326961279
54549,0.0006031350931152701
54552,0.030533086508512497
54555,0.008332167752087116
54558,0.004925733432173729
54561,0.000997771741822362
54564,0.012439525686204433
54567,0.0015348319429904222
54570,0.007201437838375568
54573,0.006708657369017601
54576,0.0008643349283374846
54579,0.0061573488637804985
54582,0.010908840224146843
54585,0.004687028471380472
54588,0.0019349234644323587
54591,0.000647252076305449
54594,0.008173005655407906
54597,0.0017721871845424175
54600,0.00706912437453866
54603,0.01779382862150669
54606,0.009214057587087154
54609,0.02728322520852089
54612,0.009118103422224522
54615,0.0006673397729173303
54618,0.01610651984810829
54621,0.0026193056255578995
54624,0.0005414013867266476
54627,0.0005983461742289364
54630,0.0007009647088125348
54633,0.013663302175700665
54636,0.004914288409054279
54639,0.008531413972377777
54642,0.0017984561854973435
54645,0.0039984057657420635
54648,0.004885626956820488
54651,0.003286922350525856
54654,0.0005676937289535999
54657,0.013693943619728088
54660,0.0009891013614833355
54663,0.016377059742808342
54666,0.00357535807415843
54669,0.0008455257629975677
54672,0.0014198478311300278
54675,0.0018988698720932007
54678,0.0001721782173262909
54681,0.0013526506954804063
54684,0.0010764850303530693
54687,0.0018852592911571264
54690,0.002772910986095667
54693,0.0008349147392436862
54696,0.0003900302108377218
54699,0.0002402801183052361
54702,0.0006674212054349482
54705,0.0007507894188165665
54708,0.003686429001390934
54711,0.005819834303110838
54714,0.011126511730253696
54717,0.01274242252111435
54720,0.002467295853421092
54723,0.00045964104356244206
54726,0.007603845093399286
54729,0.0004679998673964292
54732,0.0013463646173477173
54735,0.0004911685828119516
54738,0.0009021165897138417
54741,0.0007378777372650802
54744,0.006000548601150513
54747,0.00023090123431757092
54750,0.0002266815135953948
54753,0.0002152314700651914
54756,0.0008614493999630213
54759,0.0011664428748190403
54762,0.00121578318066895
54765,0.004792209714651108
54768,0.00023678669822402298
54771,0.00020880813826806843
54774,0.0003819840494543314
54777,0.00274577341042459
54780,0.000348248693626374
54783,0.0007035890594124794
54786,0.014069329015910625
54789,0.00029623921727761626
54792,0.0011385451070964336
54795,0.00024669119738973677
54798,0.00022804421314503998
54801,0.02157716453075409
54804,0.020784148946404457
54807,0.0012559203896671534
54810,0.0008428657311014831
54813,0.0010651636403054
54816,0.0010136750061064959
54819,0.00020958317327313125
54822,0.012593510560691357
54825,0.009553119540214539
54828,0.0024675335735082626
54831,0.0012786058941856027
54834,0.01973830722272396
54837,0.00035771389957517385
54840,0.012318999506533146
54843,0.0012628878466784954
54846,0.0006807077443227172
54849,0.0011448258301243186
54852,0.001234355615451932
54855,0.0010695724049583077
54858,0.018636416643857956
54861,0.0011666658101603389
54864,0.0025755008682608604
54867,0.0011583113810047507
54870,0.013142410665750504
54873,0.002372381277382374
54876,0.024429041892290115
54879,0.0006353526841849089
54882,0.0023942580446600914
54885,0.011162136681377888
54888,0.001030474086292088
54891,0.006617856211960316
54894,0.012492449022829533
54897,0.01750004105269909
54900,0.0010737960692495108
54903,0.0007408570381812751
54906,0.01126027200371027
54909,0.0015516106504946947
54912,0.008625504560768604
54915,0.0008712364360690117
54918,0.001322682946920395
54921,0.0008334474987350404
54924,0.005570906214416027
54927,0.003458550199866295
54930,0.0021588678937405348
54933,0.011289569549262524
54936,0.0008823988027870655
54939,0.003714242484420538
54942,0.009950769133865833
54945,0.0017311437986791134
54948,0.001807095017284155
54951,0.0008870145538821816
54954,0.007590742781758308
54957,0.0011920512188225985
54960,0.0009294021874666214
54963,0.0005859112134203315
54966,0.0006088684312999249
54969,0.01589987426996231
54972,0.01849389262497425
54975,0.019854428246617317
54978,0.0013359874719753861
54981,0.013526448048651218
54984,0.019627686589956284
54987,0.0013262280263006687
54990,0.0009383472497574985
54993,0.007478432729840279
54996,0.001759611419402063
54999,0.0007277674740180373
55002,0.011458956636488438
55005,0.0015380486147478223
55008,0.0006033536046743393
55011,0.0005616169655695558
55014,0.0013310471549630165
55017,0.013582554645836353
55020,0.001446823705919087
55023,0.0005432628095149994
55026,0.0007991857128217816
55029,0.0011821332154795527
55032,0.00100226909853518
55035,0.018485743552446365
55038,0.0006486283964477479
55041,0.0008964039152488112
55044,0.031004054471850395
55047,0.0008050670148804784
55050,0.009069502353668213
55053,0.0008808904094621539
55056,0.012699798680841923
55059,0.003194809192791581
55062,0.0007244731532409787
55065,0.015952739864587784
55068,0.000600554165430367
55071,0.04399212822318077
55074,0.007836504839360714
55077,0.009439540095627308
55080,0.0007713048835285008
55083,0.02012348547577858
55086,0.00130242551676929
55089,0.0013012854615226388
55092,0.002763196360319853
55095,0.0007014496368356049
55098,0.0037224791012704372
55101,0.012095620855689049
55104,0.027053598314523697
55107,0.019959518685936928
55110,0.0016514509916305542
55113,0.0018095350824296474
55116,0.006387537345290184
55119,0.0016048732213675976
55122,0.00761653296649456
55125,0.01304728165268898
55128,0.011103365570306778
55131,0.0013719864655286074
55134,0.0019715523812919855
55137,0.019262947142124176
55140,0.001249406486749649
55143,0.0174032524228096
55146,0.004241015296429396
55149,0.02243480272591114
55152,0.006903199478983879
55155,0.0014430312439799309
55158,0.005671019200235605
55161,0.0018291682936251163
55164,0.0022735162638127804
55167,0.0007366905338130891
55170,0.030715953558683395
55173,0.04050552472472191
55176,0.0006488612852990627
55179,0.022311028093099594
55182,0.0015464597381651402
55185,0.0209222212433815
55188,0.0011933373752981424
55191,0.005773954559117556
55194,0.004681266378611326
55197,0.013411078602075577
55200,0.004124737344682217
55203,0.00920079555362463
55206,0.028181901201605797
55209,0.0017600355204194784
55212,0.004323136992752552
55215,0.0022662526462227106
55218,0.0014044343261048198
55221,0.000891302595846355
55224,0.01833886094391346
55227,0.01000413578003645
55230,0.03420884907245636
55233,0.0008950920891948044
55236,0.0018779688980430365
55239,0.035585153847932816
55242,0.021949145942926407
55245,0.0007002550410106778
55248,0.00037649358273483813
55251,0.002014750614762306
55254,0.035587605088949203
55257,0.0008631844539195299
55260,0.0009611935820430517
55263,0.0005462220869958401
55266,0.0006600344786420465
55269,0.0005755438469350338
55272,0.0005787288537248969
55275,0.0018733448814600706
55278,0.00042151217348873615
55281,0.00092367606703192
55284,0.0017758191097527742
55287,0.0024873577058315277
55290,0.010086245834827423
55293,0.019778335466980934
55296,0.0011617018608376384
55299,0.0010837919544428587
55302,0.004849351476877928
55305,0.01696157082915306
55308,0.01493457518517971
55311,0.004481906536966562
55314,0.018077747896313667
55317,0.0008478761301375926
55320,0.0012738953810185194
55323,0.0032985203433781862
55326,0.00423977617174387
55329,0.003903397358953953
55332,0.001607744488865137
55335,0.0014870879240334034
55338,0.0005423343973234296
55341,0.02068672515451908
55344,0.0035921549424529076
55347,0.007654479704797268
55350,0.020932698622345924
55353,0.008785312995314598
55356,0.0013825774658471346
55359,0.000671554240398109
55362,0.0005923822754994035
55365,0.0012885740725323558
55368,0.0017593889497220516
55371,0.0010908738477155566
55374,0.001433808938600123
55377,0.0029712107498198748
55380,0.017043739557266235
55383,0.013266459107398987
55386,0.0006472174427472055
55389,0.0022287266328930855
55392,0.0009267006535083055
55395,0.0012755283387377858
55398,0.0009018727578222752
55401,0.000624078034888953
55404,0.0006621513166464865
55407,0.004288317635655403
55410,0.0011893886839970946
55413,0.00041718321153894067
55416,0.006554740481078625
55419,0.0018391546327620745
55422,0.04258003085851669
55425,0.008208991959691048
55428,0.03509711101651192
55431,0.015259815379977226
55434,0.0035220531281083822
55437,0.0006043303292244673
55440,0.0009813567157834768
55443,0.0015486085321754217
55446,0.0014886596472933888
55449,0.005992536433041096
55452,0.0007481066277250648
55455,0.0007744369213469326
55458,0.0008085492881946266
55461,0.002065023873001337
55464,0.011962990276515484
55467,0.002255879808217287
55470,0.017953669652342796
55473,0.0010256159584969282
55476,0.0010273701045662165
55479,0.000825635448563844
55482,0.002401146572083235
55485,0.0029023289680480957
55488,0.014290501363575459
55491,0.001118880114518106
55494,0.0010497686453163624
55497,0.0013879559701308608
55500,0.017560463398694992
55503,0.002825213363394141
55506,0.0005633003893308342
55509,0.0013178617227822542
55512,0.0008447973523288965
55515,0.011613596230745316
55518,0.0015734850894659758
55521,0.013821988366544247
55524,0.0005803461535833776
55527,0.001032038126140833
55530,0.0008004942210391164
55533,0.0018605156801640987
55536,0.004802816081792116
55539,0.004244109615683556
55542,0.0022658808156847954
55545,0.005017378367483616
55548,0.015455279499292374
55551,0.004200503695756197
55554,0.029526211321353912
55557,0.0011988518526777625
55560,0.0006421593716368079
55563,0.0005491162883117795
55566,0.0005146521725691855
55569,0.003178269136697054
55572,0.0006586592644453049
55575,0.003404049901291728
55578,0.0016065244562923908
55581,0.009804042987525463
55584,0.0014196921838447452
55587,0.0005294783040881157
55590,0.007735919207334518
55593,0.0007529336726292968
55596,0.016971442848443985
55599,0.0026996044907718897
55602,0.0011174303945153952
55605,0.008839338086545467
55608,0.0035207411274313927
55611,0.021267222240567207
55614,0.009493174962699413
55617,0.0019354597898200154
55620,0.020351048558950424
55623,0.018350033089518547
55626,0.002004522830247879
55629,0.00856726337224245
55632,0.01928580179810524
55635,0.0069814808666706085
55638,0.005455733742564917
55641,0.017375899478793144
55644,0.0012778211385011673
55647,0.010067371651530266
55650,0.002414502203464508
55653,0.002315421123057604
55656,0.0007705258904024959
55659,0.003543347818776965
55662,0.019463252276182175
55665,0.013446982018649578
55668,0.009282388724386692
55671,0.006165661849081516
55674,0.026167191565036774
55677,0.0007955150213092566
55680,0.001161434454843402
55683,0.010288817808032036
55686,0.0007270075147971511
55689,0.002315700054168701
55692,0.0014825144317001104
55695,0.0011124993907287717
55698,0.00145238870754838
55701,0.002172557171434164
55704,0.000797050422988832
55707,0.007214206270873547
55710,0.0015880299033597112
55713,0.0008986375178210437
55716,0.0007407983648590744
55719,0.0007892101421020925
55722,0.0026598197873681784
55725,0.0006211684085428715
55728,0.0012821571435779333
55731,0.0018575240392237902
55734,0.0004164166748523712
55737,0.0005580137949436903
55740,0.016778966411948204
55743,0.005054552108049393
55746,0.020132973790168762
55749,0.00034944864455610514
55752,0.019562579691410065
55755,0.0002473246422596276
55758,0.007674599066376686
55761,0.0027178912423551083
55764,0.011493911035358906
55767,0.0006018661661073565
55770,0.0472259446978569
55773,0.006486522499471903
55776,0.005335305351763964
55779,0.006666450761258602
55782,0.0008604711620137095
55785,0.013546685688197613
55788,0.0027922531589865685
55791,0.0005190426600165665
55794,0.0010421524057164788
55797,0.039767418056726456
55800,0.0014310970436781645
55803,0.004102032165974379
55806,0.013583355583250523
55809,0.006535596214234829
55812,0.0017766159726306796
55815,0.009463248774409294
55818,0.0006400085985660553
55821,0.0004611506301444024
55824,0.0059544905088841915
55827,0.000518288288731128
55830,0.0024465403985232115
55833,0.001783532090485096
55836,0.0032755800057202578
55839,0.026899304240942
55842,0.02162066288292408
55845,0.009713422507047653
55848,0.003857485018670559
55851,0.0013739857822656631
55854,0.0013290172209963202
55857,0.0057716649025678635
55860,0.005078520160168409
55863,0.00032888789428398013
55866,0.007326121442019939
55869,0.011019140481948853
55872,0.00021147285588085651
55875,0.0012951783137395978
55878,0.006357529200613499
55881,0.02416260540485382
55884,0.0024356849025934935
55887,0.01073203794658184
55890,0.00045108373160474
55893,0.0002285235677845776
55896,0.0008386372355744243
55899,0.0012691557640209794
55902,0.0031073098070919514
55905,0.001181551138870418
55908,0.014001229777932167
55911,0.00025053732679225504
55914,0.0161240566521883
55917,0.0011308963876217604
55920,0.0014320497866719961
55923,0.005216268822550774
55926,0.00334065780043602
55929,0.026861991733312607
55932,0.001409812131896615
55935,0.0013755300315096974
55938,0.0002792379236780107
55941,0.000283828005194664
55944,0.00119816605001688
55947,0.0007091737352311611
55950,0.0004948469577357173
55953,0.001299772528000176
55956,0.0014144850429147482
55959,0.0004090198199264705
55962,0.044889725744724274
55965,0.0007337520364671946
55968,0.0022331788204610348
55971,0.021846484392881393
55974,0.0003549021785147488
55977,0.0002941443817690015
55980,0.02485227957367897
55983,0.0006608495605178177
55986,0.0077399807050824165
55989,0.0009014843963086605
55992,0.0011543015716597438
55995,0.0010017839958891273
55998,0.004818245302885771
56001,0.001621422590687871
56004,0.0011191893136128783
56007,0.007206217851489782
56010,0.003283387515693903
56013,0.0016944481758400798
56016,0.0014404173707589507
56019,0.0002020501997321844
56022,0.001036674715578556
56025,0.0019221709808334708
56028,0.0005460947868414223
56031,0.0008891586330719292
56034,0.00655624782666564
56037,0.012256590649485588
56040,0.0004238923138473183
56043,0.0006566402735188603
56046,0.0005732119316235185
56049,0.0009785662405192852
56052,0.0008132770308293402
56055,0.004144028294831514
56058,0.0008048496092669666
56061,0.0028693275526165962
56064,0.0011770324781537056
56067,0.010518942959606647
56070,0.008580869063735008
56073,0.0019842800684273243
56076,0.0029006300028413534
56079,0.00028949708212167025
56082,0.001546331332065165
56085,0.00025956128956750035
56088,0.006222986150532961
56091,0.00258166017010808
56094,0.011369505897164345
56097,0.0008535490487702191
56100,0.0011405674740672112
56103,0.0003398484841454774
56106,0.002277660183608532
56109,0.003916108049452305
56112,0.001487812725827098
56115,0.035150133073329926
56118,0.0012458012206479907
56121,0.014307934790849686
56124,0.0017125484300777316
56127,0.017641039565205574
56130,0.026103854179382324
56133,0.004053103271871805
56136,0.0012359210522845387
56139,0.0003689052246045321
56142,0.001768625108525157
56145,0.0005586235783994198
56148,0.0033170273527503014
56151,0.0019461363554000854
56154,0.0006898880237713456
56157,0.005674820858985186
56160,0.001050516846589744
56163,0.004390765447169542
56166,0.0035985258873552084
56169,0.0008557479013688862
56172,0.0007184813730418682
56175,0.0008254096610471606
56178,0.0010038918117061257
56181,0.0025422913022339344
56184,0.0024286641273647547
56187,0.001797692384570837
56190,0.009857418946921825
56193,0.0022729879710823298
56196,0.0008109275950118899
56199,0.0007773647084832191
56202,0.015770956873893738
56205,0.003574494505301118
56208,0.001073880703188479
56211,0.0006754171336069703
56214,0.0008288448443636298
56217,0.0007070619030855596
56220,0.000937091070227325
56223,0.003252775873988867
56226,0.0006718458607792854
56229,0.001601920579560101
56232,0.012520520947873592
56235,0.001783164800144732
56238,0.000530100951436907
56241,0.0003838386619463563
56244,0.0077944849617779255
56247,0.0008071261690929532
56250,0.01069136243313551
56253,0.0007048724219202995
56256,0.001002057222649455
56259,0.0003975844010710716
56262,0.0032286676578223705
56265,0.002765553304925561
56268,0.0342397466301918
56271,0.0005950785125605762
56274,0.000940425437875092
56277,0.013397795148193836
56280,0.001860001590102911
56283,0.0005103187286294997
56286,0.002058632206171751
56289,0.0007195149082690477
56292,0.0009612487629055977
56295,0.0007026021485216916
56298,0.009667113423347473
56301,0.0011688126251101494
56304,0.01142397616058588
56307,0.0010703741572797298
56310,0.0008653576951473951
56313,0.0024209727998822927
56316,0.0010710458736866713
56319,0.00966971181333065
56322,0.02163374237716198
56325,0.013218474574387074
56328,0.001785110216587782
56331,0.0011908657616004348
56334,0.0006315846694633365
56337,0.0020127100870013237
56340,0.02654827944934368
56343,0.010143237188458443
56346,0.0013339957222342491
56349,0.001737331273034215
56352,0.0014587915502488613
56355,0.01296410895884037
56358,0.0022777793928980827
56361,0.009407669305801392
56364,0.003769430797547102
56367,0.0010984699474647641
56370,0.01768209971487522
56373,0.0025139194913208485
56376,0.007987678050994873
56379,0.0009150032419711351
56382,0.0018137129954993725
56385,0.0008686530054546893
56388,0.022179173305630684
56391,0.0007990981684997678
56394,0.004592927172780037
56397,0.0007164293783716857
56400,0.0015391019405797124
56403,0.00705155823379755
56406,0.014356651343405247
56409,0.0034215557388961315
56412,0.02537432126700878
56415,0.00213109003379941
56418,0.02541588619351387
56421,0.0019450930412858725
56424,0.004106929525732994
56427,0.0012868852354586124
56430,0.006742705591022968
56433,0.0014566981699317694
56436,0.01467902772128582
56439,0.017334027215838432
56442,0.0011513696517795324
56445,0.0007619504467584193
56448,0.00027827679878100753
56451,0.00016215081268455833
56454,0.005982317496091127
56457,0.0007292299997061491
56460,0.0004039985069539398
56463,0.0008117139805108309
56466,0.0023025167174637318
56469,0.0009755869396030903
56472,0.00020866892009507865
56475,0.0010928896954283118
56478,0.0009309406741522253
56481,0.0001533144386485219
56484,0.0017638009740039706
56487,0.00026095774956047535
56490,0.0002718173200264573
56493,0.00019507287652231753
56496,0.0004484858363866806
56499,0.000558150582946837
56502,0.0018214642768725753
56505,0.006022908259183168
56508,0.0004143499245401472
56511,0.0003413273661863059
56514,0.0040399981662631035
56517,0.0006262589013203979
56520,0.00029419540078379214
56523,0.020299645140767097
56526,0.00025920450570993125
56529,0.01334940642118454
56532,0.023768091574311256
56535,0.0006018186686560512
56538,0.0004952255403622985
56541,0.007844680920243263
56544,0.018954377621412277
56547,0.007948104292154312
56550,0.0012171933194622397
56553,0.0010512378066778183
56556,0.0015806383453309536
56559,0.03147081658244133
56562,0.000356614647898823
56565,0.0024548445362597704
56568,0.0006724225822836161
56571,0.011253823526203632
56574,0.004120106343179941
56577,0.0006514108972623944
56580,0.0013518682681024075
56583,0.012479392811655998
56586,0.0007249308982864022
56589,0.0030721393413841724
56592,0.00044124433770775795
56595,0.001839793287217617
56598,0.000503169372677803
56601,0.0008667642832733691
56604,0.0004982554237358272
56607,0.0006380971753969789
56610,0.0007668192265555263
56613,0.00032391143031418324
56616,0.0014795303577557206
56619,0.011320266872644424
56622,0.0006565760122612119
56625,0.00020302817574702203
56628,0.0010034901788458228
56631,0.005815593525767326
56634,0.0036247659008949995
56637,0.01200430653989315
56640,0.0004286683688405901
56643,0.0005841392558068037
56646,0.002529124030843377
56649,0.0003432853554841131
56652,0.0005654091364704072
56655,0.0003417582775000483
56658,0.0007842034683562815
56661,0.00026667374186217785
56664,0.0014268114464357495
56667,0.0006406520842574537
56670,0.0006868687923997641
56673,0.00021764043776784092
56676,0.00030224869260564446
56679,0.000887360714841634
56682,0.0005595197435468435
56685,0.00036599073791876435
56688,0.00111479707993567
56691,0.0014181782025843859
56694,0.0004909855779260397
56697,0.0014352090656757355
56700,0.0010736663825809956
56703,0.0009535597637295723
56706,0.0003698172513395548
56709,0.011060711927711964
56712,0.049141742289066315
56715,0.015504677779972553
56718,0.0009654155001044273
56721,0.003151744371280074
56724,0.0009239083738066256
56727,0.0005123537266626954
56730,0.0004878701292909682
56733,0.00037471126415766776
56736,0.0003584028163459152
56739,0.0005172000965103507
56742,0.0002724253572523594
56745,0.00534508191049099
56748,0.01600072905421257
56751,0.000584469991736114
56754,0.009416227228939533
56757,0.0034570321440696716
56760,0.011297385208308697
56763,0.0011249163653701544
56766,0.0009967368096113205
56769,0.0009059953736141324
56772,0.001239205477759242
56775,0.015352314338088036
56778,0.0024122376926243305
56781,0.0016084267990663648
56784,0.0007571422611363232
56787,0.0005445540300570428
56790,0.035700906068086624
56793,0.004883651155978441
56796,0.00040590393473394215
56799,0.000913812022190541
56802,0.000391808949643746
56805,0.0004599915992002934
56808,0.00041874119779095054
56811,0.0007374810520559549
56814,0.0004433641443029046
56817,0.004132259637117386
56820,0.0010326581541448832
56823,0.01174351666122675
56826,0.008958924561738968
56829,0.015023988671600819
56832,0.006245607975870371
56835,0.00022090901620686054
56838,0.00023388891713693738
56841,0.00017605454195290804
56844,0.023360267281532288
56847,0.0006521194009110332
56850,0.0009182529174722731
56853,0.0013498798944056034
56856,0.0010962929809466004
56859,0.0005801760125905275
56862,0.014539546333253384
56865,0.00025576027110219
56868,0.014512614347040653
56871,0.0009104798664338887
56874,0.0006673222524113953
56877,0.0020035579800605774
56880,0.0028352122753858566
56883,0.0007763657486066222
56886,0.02984648570418358
56889,0.010976205579936504
56892,0.018236521631479263
56895,0.0006192815490067005
56898,0.019137322902679443
56901,0.01696445792913437
56904,0.0008928915485739708
56907,0.0003396070096641779
56910,0.0011381349759176373
56913,0.0015206641983240843
56916,0.0008023614063858986
56919,0.0005015928763896227
56922,0.00413757748901844
56925,0.0004959215875715017
56928,0.0045433565974235535
56931,0.0010884543880820274
56934,0.012658847495913506
56937,0.0005528645706363022
56940,0.006348806899040937
56943,0.030676942318677902
56946,0.0010552413295954466
56949,0.0005736719467677176
56952,0.0015341350808739662
56955,0.00033205823274329305
56958,0.0019174274057149887
56961,0.0019078992772847414
56964,0.0005570935318246484
56967,0.000660044839605689
56970,0.00035354308784008026
56973,0.024693263694643974
56976,0.002151947235688567
56979,0.002343687927350402
56982,0.0009518865263089538
56985,0.0035386295057833195
56988,0.001300393370911479
56991,0.0005729921394959092
56994,0.0009185197995975614
56997,0.0007825776701793075
57000,0.0004506720579229295
57003,0.010383814573287964
57006,0.014740418642759323
57009,0.0027209455147385597
57012,0.00089497200679034
57015,0.0005906956503167748
57018,0.0031454158015549183
57021,0.020997188985347748
57024,0.017601817846298218
57027,0.00047976450878195465
57030,0.00475782435387373
57033,0.016349539160728455
57036,0.0010553710162639618
57039,0.0006513153784908354
57042,0.0013153370236977935
57045,0.0004207245074212551
57048,0.0007459926418960094
57051,0.0017776080640032887
57054,0.0012853075750172138
57057,0.0016987710259854794
57060,0.008472814224660397
57063,0.013460341840982437
57066,0.004346473142504692
57069,0.0009679828654043376
57072,0.0017396388575434685
57075,0.001140526495873928
57078,0.0016070132842287421
57081,0.007423767354339361
57084,0.011204482056200504
57087,0.0019478366011753678
57090,0.0014780613128095865
57093,0.001204185071401298
57096,0.023337235674262047
57099,0.004838737193495035
57102,0.0024453001096844673
57105,0.005951238330453634
57108,0.029552411288022995
57111,0.008175955154001713
57114,0.0023183494340628386
57117,0.011197561398148537
57120,0.000680175144225359
57123,0.0017089906614273787
57126,0.0020645144395530224
57129,0.00791139155626297
57132,0.0010399686871096492
57135,0.006897213868796825
57138,0.004780699033290148
57141,0.05308100953698158
57144,0.011278740130364895
57147,0.0023423638194799423
57150,0.010421382263302803
57153,0.015621842816472054
57156,0.014847596175968647
57159,0.0015019332058727741
57162,0.0015103468904271722
57165,0.002074092859402299
57168,0.0007539158686995506
57171,0.014353039674460888
57174,0.019873488694429398
57177,0.0012407320318743587
57180,0.004362857900559902
57183,0.0012306320713832974
57186,0.0005858351942151785
57189,0.020730942487716675
57192,0.008313256315886974
57195,0.0008854204788804054
57198,0.005267817992717028
57201,0.0060553159564733505
57204,0.025384945794939995
57207,0.0028182598762214184
57210,0.00419006310403347
57213,0.0007765110349282622
57216,0.0007522319792769849
57219,0.0005045508150942624
57222,0.011685804463922977
57225,0.0011816706974059343
57228,0.001069230493158102
57231,0.0030671432614326477
57234,0.0012962822802364826
57237,0.002049395814538002
57240,0.005079546943306923
57243,0.007596415933221579
57246,0.0005236067809164524
57249,0.0005909501342102885
57252,0.0006063049659132957
57255,0.0010228867176920176
57258,0.0010031138081103563
57261,0.0006453044479712844
57264,0.0013662077253684402
57267,0.0017409618012607098
57270,0.0010931154247373343
57273,0.0019947479013353586
57276,0.0005608958890661597
57279,0.0005777950282208622
57282,0.001076883403584361
57285,0.005539800971746445
57288,0.0007061031647026539
57291,0.008748536929488182
57294,0.0010801750468090177
57297,0.00024158332962542772
57300,0.0029023978859186172
57303,0.0008179328870028257
57306,0.0011095101945102215
57309,0.0003485001507215202
57312,0.024110598489642143
57315,0.0007948771235533059
57318,0.0015051543014124036
57321,0.0005530054913833737
57324,0.0005238784360699356
57327,0.0005634852568618953
57330,0.005755826830863953
57333,0.0002694539725780487
57336,0.0017455260967835784
57339,0.0040621766820549965
57342,0.0007523625972680748
57345,0.012290638871490955
57348,0.00040474662091583014
57351,0.0017277407459914684
57354,0.0004416076117195189
57357,0.007730185054242611
57360,0.020449228584766388
57363,0.010144052095711231
57366,0.003183487569913268
57369,0.0010043003130704165
57372,0.008138224482536316
57375,0.0010404996573925018
57378,0.00168540608137846
57381,0.0003355258086230606
57384,0.001254089642316103
57387,0.0005472777411341667
57390,0.0004388910601846874
57393,0.009801499545574188
57396,0.008318779990077019
57399,0.0031223027035593987
57402,0.0006134493742138147
57405,0.001960436115041375
57408,0.00393124483525753
57411,0.004971816670149565
57414,0.00048484012950211763
57417,0.0005542254075407982
57420,0.0006536553846672177
57423,0.0007994974148459733
57426,0.007299215532839298
57429,0.003933777566999197
57432,0.0009355080546811223
57435,0.0006252344464883208
57438,0.0015106718055903912
57441,0.0010310085490345955
57444,0.0005320264026522636
57447,0.0007318630814552307
57450,0.00023957712983246893
57453,0.000530637102201581
57456,0.0008088130271062255
57459,0.02373187057673931
57462,0.000573181314393878
57465,0.0005759172490797937
57468,0.0013320769648998976
57471,0.027716659009456635
57474,0.0003992890997324139
57477,0.00122443912550807
57480,0.0011904370039701462
57483,0.004755452740937471
57486,0.0021425490267574787
57489,0.0011010777670890093
57492,0.0006899889558553696
57495,0.0023967246524989605
57498,0.024047009646892548
57501,0.0004050813731737435
57504,0.014511381275951862
57507,0.006615955848246813
57510,0.0005346561665646732
57513,0.0009748404263518751
57516,0.0015518690925091505
57519,0.0006977313896641135
57522,0.000500270223710686
57525,0.0007849856629036367
57528,0.002806837437674403
57531,0.0006426256150007248
57534,0.00047264251043088734
57537,0.00034112768480554223
57540,0.0006640150677412748
57543,0.00023298998712562025
57546,0.00033158916630782187
57549,0.000337515608407557
57552,0.0003523878986015916
57555,0.0005167777417227626
57558,0.00031776633113622665
57561,0.00031305276206694543
57564,0.00028333195950835943
57567,0.0003253259928897023
57570,0.0003359372785780579
57573,0.0002446392900310457
57576,0.00039000663673505187
57579,0.0002141658478649333
57582,0.0003244528779760003
57585,0.00026339871692471206
57588,0.0002039566170424223
57591,0.0004078103811480105
57594,0.00038686292828060687
57597,0.00024138743174262345
57600,0.0013770810328423977
57603,0.008739185519516468
57606,0.0009249839349649847
57609,0.0005163847235962749
57612,0.00033924379386007786
57615,0.00030908454209566116
57618,0.006996420212090015
57621,0.0008870147867128253
57624,0.0016270470805466175
57627,0.0002754121960606426
57630,0.015381645411252975
57633,0.0002535082458052784
57636,0.001241508056409657
57639,0.001015997026115656
57642,0.0009465095936320722
57645,0.02066003903746605
57648,0.0004772718530148268
57651,0.0008325981325469911
57654,0.0010986968409270048
57657,0.0004815387655980885
57660,0.00031738990219309926
57663,0.0009496009442955256
57666,0.0008593630627728999
57669,0.008726600557565689
57672,0.0005874956259503961
57675,0.0006084613269194961
57678,0.0012219962663948536
57681,0.016251390799880028
57684,0.00674380362033844
57687,0.033587176352739334
57690,0.024345053359866142
57693,0.010283573530614376
57696,0.0007068042177706957
57699,0.0008310476550832391
57702,0.01376147847622633
57705,0.004969594534486532
57708,0.0018375463550910354
57711,0.0026537165977060795
57714,0.0022240097168833017
57717,0.003848311025649309
57720,0.0006432131049223244
57723,0.02855544351041317
57726,0.02235335111618042
57729,0.0006566497031599283
57732,0.0039015188813209534
57735,0.006817512214183807
57738,0.013725894503295422
57741,0.02373158372938633
57744,0.0029309482779353857
57747,0.016343429684638977
57750,0.017010940238833427
57753,0.007274913601577282
57756,0.004536018706858158
57759,0.0007020914927124977
57762,0.0012944383779540658
57765,0.017283136025071144
57768,0.00109668611548841
57771,0.012230737134814262
57774,0.004812746774405241
57777,0.005431572441011667
57780,0.0011638847645372152
57783,0.0016657613450661302
57786,0.0015158307505771518
57789,0.014689845964312553
57792,0.0002673257840797305
57795,0.0009687013807706535
57798,0.0035429326817393303
57801,0.0010708380723372102
57804,0.00026576293748803437
57807,0.007318843621760607
57810,0.0003407816693652421
57813,0.004656672943383455
57816,0.0015766252763569355
57819,0.006349314469844103
57822,0.0004970672307536006
57825,0.00031745192245580256
57828,0.0024202705826610327
57831,0.0007285922765731812
57834,0.007314261980354786
57837,0.012803555466234684
57840,0.00035502485116012394
57843,0.00154625135473907
57846,0.0006608517142012715
57849,0.016128020361065865
57852,0.002065796172246337
57855,0.0037964044604450464
57858,0.01056473609060049
57861,0.0002916661323979497
57864,0.0007974107284098864
57867,0.00041716842679306865
57870,0.0064112599939107895
57873,0.0005853396723978221
57876,0.000516648287884891
57879,0.0006776308873668313
57882,0.01709054969251156
57885,0.0005786906694993377
57888,0.006002210546284914
57891,0.00028089151601307094
57894,0.00019767553021665663
57897,0.01917688548564911
57900,0.0003494723350740969
57903,0.0006378176622092724
57906,0.0003551700501702726
57909,0.00030449521727859974
57912,0.0008626795024611056
57915,0.0008292836137115955
57918,0.009127725847065449
57921,0.0004536207707133144
57924,0.0004243207804393023
57927,0.0014580339193344116
57930,0.00014919237582944334
57933,0.009833448566496372
57936,0.019818533211946487
57939,0.000996610731817782
57942,0.0013020318001508713
57945,0.007036630064249039
57948,0.0003254610928706825
57951,0.0035780484322458506
57954,0.005355033557862043
57957,0.013139191083610058
57960,0.0006406549364328384
57963,0.0036747464910149574
57966,0.0008598726708441973
57969,0.006379708182066679
57972,0.0003695367486216128
57975,0.0002836259955074638
57978,0.012074360623955727
57981,0.0005571631481871009
57984,0.02186855673789978
57987,0.0011947962921112776
57990,0.02815541997551918
57993,0.0005672008846886456
57996,0.008915619924664497
57999,0.0009096009889617562
58002,0.0005199594306759536
58005,0.0003165763337165117
58008,0.0005797795602120459
58011,0.0016670020995661616
58014,0.004855338018387556
58017,0.0022316137328743935
58020,0.0008132723160088062
58023,0.0002642545441631228
58026,0.004003746435046196
58029,0.002034686738625169
58032,0.000256614584941417
58035,0.00032484924304299057
58038,0.0004945839173160493
58041,0.00183126050978899
58044,0.0012475709663704038
58047,0.01710735820233822
58050,0.014436949044466019
58053,0.0005963235162198544
58056,0.0028884157072752714
58059,0.0006208094418980181
58062,0.014103460125625134
58065,0.005015723407268524
58068,0.006545001175254583
58071,0.0024759862571954727
58074,0.02779998816549778
58077,0.0010905375238507986
58080,0.011323733255267143
58083,0.0013892198912799358
58086,0.004486990626901388
58089,0.0004763494071085006
58092,0.008617853745818138
58095,0.013364339247345924
58098,0.0006428698543459177
58101,0.012416408397257328
58104,0.0005034683272242546
58107,0.026230275630950928
58110,0.0013566690031439066
58113,0.0005679586320184171
58116,0.0008452779147773981
58119,0.03516773506999016
58122,0.015893686562776566
58125,0.001116567524150014
58128,0.003942537121474743
58131,0.000546271912753582
58134,0.0019862018525600433
58137,0.0007832067203707993
58140,0.02626192569732666
58143,0.0008789926068857312
58146,0.0006248306017369032
58149,0.0013565903063863516
58152,0.0006987078813835979
58155,0.023477019742131233
58158,0.0011385094840079546
58161,0.0005515058874152601
58164,0.006424793042242527
58167,0.01652505248785019
58170,0.0004664593725465238
58173,0.0028986623510718346
58176,0.001615793677046895
58179,0.0008180805598385632
58182,0.0006318367086350918
58185,0.015664642676711082
58188,0.01187862642109394
58191,0.025085439905524254
58194,0.0006376310484483838
58197,0.003561536781489849
58200,0.0012496279086917639
58203,0.0009536020806990564
58206,0.0017916824435815215
58209,0.001502505037933588
58212,0.0006114401039667428
58215,0.005635261535644531
58218,0.013650264590978622
58221,0.0019730068743228912
58224,0.02405344508588314
58227,0.0007244868902489543
58230,0.0009888324420899153
58233,0.0017165991012006998
58236,0.001899073482491076
58239,0.004389458801597357
58242,0.0004655957454815507
58245,0.026190320029854774
58248,0.001248593907803297
58251,0.013421847485005856
58254,0.014704781584441662
58257,0.010581247508525848
58260,0.008779956959187984
58263,0.008533199317753315
58266,0.0007115276530385017
58269,0.015817102044820786
58272,0.01109855342656374
58275,0.013580442406237125
58278,0.004562851507216692
58281,0.0011317514581605792
58284,0.002292617689818144
58287,0.010643567889928818
58290,0.0006181793287396431
58293,0.010099944658577442
58296,0.003139594104140997
58299,0.023133689537644386
58302,0.0008844684925861657
58305,0.0072488123551011086
58308,0.0007288489723578095
58311,0.0005547715118154883
58314,0.000276959384791553
58317,0.0009593655122444034
58320,0.0037313872016966343
58323,0.005182015709578991
58326,0.02523992955684662
58329,0.0010603395057842135
58332,0.0005665997741743922
58335,0.001885413657873869
58338,0.001387338968925178
58341,0.0005228181253187358
58344,0.0005629369406960905
58347,0.0008520314586348832
58350,0.0007272205548360944
58353,0.0017378194024786353
58356,0.0014116510283201933
58359,0.0006628228584304452
58362,0.008256252855062485
58365,0.0005588049534708261
58368,0.028426378965377808
58371,0.0013369536027312279
58374,0.0022142529487609863
58377,0.0014931411715224385
58380,0.002988095860928297
58383,0.0004886643728241324
58386,0.0002596082631498575
58389,0.003925998229533434
58392,0.0004197248490527272
58395,0.0010625212453305721
58398,0.0067358724772930145
58401,0.0006315303617157042
58404,0.0005246452055871487
58407,0.0006894696853123605
58410,0.0003223524836357683
58413,0.0008666462963446975
58416,0.0011658744188025594
58419,0.0003978682216256857
58422,0.00048538632108829916
58425,0.0002666353830136359
58428,0.0014845565892755985
58431,0.0005247455555945635
58434,0.012136263772845268
58437,0.01682310178875923
58440,0.0034068329259753227
58443,0.00889559369534254
58446,0.0008973987423814833
58449,0.0005365228280425072
58452,0.006314506754279137
58455,0.0016049500554800034
58458,0.004881866741925478
58461,0.011928094550967216
58464,0.0005314998561516404
58467,0.000748979568015784
58470,0.004367995075881481
58473,0.00042970781214535236
58476,0.00033098910353146493
58479,0.002837427193298936
58482,0.0013735494576394558
58485,0.0010643410496413708
58488,0.0003974890278186649
58491,0.018325593322515488
58494,0.0007970737060531974
58497,0.0011953265639021993
58500,0.007154769729822874
58503,0.002476808615028858
58506,0.019093424081802368
58509,0.005500572267919779
58512,0.007466543465852737
58515,0.0030357963405549526
58518,0.0015561699401587248
58521,0.009328288026154041
58524,0.0014150755014270544
58527,0.018847590312361717
58530,0.007079910021275282
58533,0.014899199828505516
58536,0.0019918098114430904
58539,0.00194070755969733
58542,0.002220076508820057
58545,0.0020759087055921555
58548,0.011527102440595627
58551,0.0024955777917057276
58554,0.009717821143567562
58557,0.0013649784959852695
58560,0.000687299994751811
58563,0.00047678413102403283
58566,0.006022076588124037
58569,0.002346339402720332
58572,0.0021733588073402643
58575,0.0011500156251713634
58578,0.002982826204970479
58581,0.003898391267284751
58584,0.0012973647098988295
58587,0.0020693307742476463
58590,0.0006557630840688944
58593,0.002134207636117935
58596,0.002094171941280365
58599,0.00042632868280634284
58602,0.0005178157007321715
58605,0.0009526327485218644
58608,0.0017369948327541351
58611,0.0027878242544829845
58614,0.0005953377112746239
58617,0.0004139253287576139
58620,0.00030533119570463896
58623,0.0007367582875303924
58626,0.0004269469063729048
58629,0.0006828532204963267
58632,0.00037403590977191925
58635,0.0002152356319129467
58638,0.0016911259153857827
58641,0.0005854680202901363
58644,0.005414493847638369
58647,0.030296575278043747
58650,0.003079002723097801
58653,0.0011354220332577825
58656,0.004385212901979685
58659,0.0026123158168047667
58662,0.00980108231306076
58665,0.0005340891657397151
58668,0.010147364810109138
58671,0.0024305882398039103
58674,0.0016336266417056322
58677,0.0008281825575977564
58680,0.0009451598743908107
58683,0.0009854779345914721
58686,0.002981730969622731
58689,0.014155112206935883
58692,0.000648374087177217
58695,0.011682344600558281
58698,0.015364986844360828
58701,0.00767438905313611
58704,0.0011719997273758054
58707,0.002268508542329073
58710,0.002570042386651039
58713,0.0005362157826311886
58716,0.012484586797654629
58719,0.0017962426645681262
58722,0.0031388788484036922
58725,0.002869026269763708
58728,0.0005424867267720401
58731,0.002397024305537343
58734,0.0013096147449687123
58737,0.015758825466036797
58740,0.0008598570711910725
58743,0.0009839136619120836
58746,0.0016234485665336251
58749,0.007921747863292694
58752,0.0006556290318258107
58755,0.0006708657019771636
58758,0.0009229094139300287
58761,0.0012913333484902978
58764,0.0001844321086537093
58767,0.0006320209358818829
58770,0.02928794175386429
58773,0.0005445878487080336
58776,0.0004906679969280958
58779,0.00044641655404120684
58782,0.0022305429447442293
58785,0.0005633815890178084
58788,0.00019427899678703398
58791,0.0006196643225848675
58794,0.000538380816578865
58797,0.0013845836510881782
58800,0.0002827127755153924
58803,0.0003257238713558763
58806,0.0007897811592556536
58809,0.0009503411129117012
58812,0.0004990277229808271
58815,0.000248586613452062
58818,0.00012020670692436397
58821,0.0006282141548581421
58824,0.00027674759621731937
58827,0.00023850072466302663
58830,0.0003682979731820524
58833,0.002111416310071945
58836,0.010729859583079815
58839,0.004759547300636768
58842,0.0003409378114156425
58845,0.0003416176768951118
58848,0.005492152646183968
58851,0.002943300874903798
58854,0.0002354707394260913
58857,0.0002131495566572994
58860,0.0009449711069464684
58863,0.0007495913887396455
58866,0.002249500947073102
58869,0.00015950881061144173
58872,0.0002834830083884299
58875,0.0003600933705456555
58878,0.0007222635322250426
58881,0.00821762252599001
58884,0.01734984666109085
58887,0.0002890769683290273
58890,0.000911758397705853
58893,0.005081493407487869
58896,0.0107467882335186
58899,0.0007720644352957606
58902,0.02872316539287567
58905,0.014356200583279133
58908,0.0013381278840824962
58911,0.007726919371634722
58914,0.0004945555701851845
58917,0.008971655741333961
58920,0.0005878093070350587
58923,0.002185135381296277
58926,0.0016057086177170277
58929,0.031048554927110672
58932,0.000662943406496197
58935,0.0010636313818395138
58938,0.01017029955983162
58941,0.0027039148844778538
58944,0.0003687057178467512
58947,0.0002784351527225226
58950,0.0005226146313361824
58953,0.0008202958852052689
58956,0.003583122743293643
58959,0.0005326693644747138
58962,0.0006622736109420657
58965,0.00038615026278421283
58968,0.0008939828258007765
58971,0.0006544172065332532
58974,0.0005337930633686483
58977,0.0005654696142300963
58980,0.0027004408184438944
58983,0.00037607696140185
58986,0.0006930835661478341
58989,0.00040251246537081897
58992,0.00033090519718825817
58995,0.000405222293920815
58998,0.00022576164337806404
59001,0.0006914251134730875
59004,0.00024259202473331243
59007,0.0002020719985011965
59010,0.002458386356011033
59013,0.00023484315897803754
59016,0.001009851461276412
59019,0.0001558190560899675
59022,0.0029823114164173603
59025,0.00023596947721671313
59028,0.000312854943331331
59031,0.00035837525501847267
59034,0.013620872981846333
59037,0.0005680358153767884
59040,0.0005307461833581328
59043,0.0006782962009310722
59046,0.00021654163720086217
59049,0.0005531716160476208
59052,0.00817861221730709
59055,0.018762975931167603
59058,0.0003761358675546944
59061,0.0021189411636441946
59064,0.0003104856295976788
59067,0.001051265629939735
59070,0.0002521711867302656
59073,0.0005730573320761323
59076,0.0019789913203567266
59079,0.0017425413243472576
59082,0.0017122714780271053
59085,0.000694187474437058
59088,0.0010409577516838908
59091,0.0007842752966098487
59094,0.0005769854178652167
59097,0.004393320064991713
59100,0.0002838809450622648
59103,0.00026415567845106125
59106,0.0018024640157818794
59109,0.0004021735512651503
59112,0.003453702200204134
59115,0.010068854317069054
59118,0.0004618006350938231
59121,0.023291882127523422
59124,0.025417672470211983
59127,0.004208586178719997
59130,0.0020119482651352882
59133,0.004484123550355434
59136,0.000281875254586339
59139,0.0003843558661174029
59142,0.0037775314413011074
59145,0.0006482911994680762
59148,0.0004695763345807791
59151,0.0011869457084685564
59154,0.001512625953182578
59157,0.0008427163120359182
59160,0.00023088217130862176
59163,0.0003579114854801446
59166,0.0003894179535564035
59169,0.00027173696435056627
59172,0.0031979838386178017
59175,0.0001810242683859542
59178,0.0014753134455531836
59181,0.0077471742406487465
59184,0.00029284163611009717
59187,0.0004687548498623073
59190,0.0017708897357806563
59193,0.0005639896844513714
59196,0.00040865829214453697
59199,0.0014546208549290895
59202,0.0002524370502214879
59205,0.00014857470523566008
59208,0.0001632658822927624
59211,0.00044102195533923805
59214,0.0007641933625563979
59217,0.0007843222701922059
59220,0.0014832173474133015
59223,0.00019291872740723193
59226,0.0003005860489793122
59229,0.0001408254320267588
59232,0.00012637971667572856
59235,0.0001953283353941515
59238,0.00016326681361533701
59241,0.00023972430790308863
59244,0.0002209834347013384
59247,0.0001463582448195666
59250,0.00017353161820210516
59253,0.0007328760111704469
59256,0.00022388783690985292
59259,0.00012701755622401834
59262,0.00030150837847031653
59265,0.0012839186238124967
59268,0.015713436529040337
59271,0.030564304441213608
59274,0.0003741870750673115
59277,0.019366763532161713
59280,0.0009963314514607191
59283,0.0049374159425497055
59286,0.0013321115402504802
59289,0.0028019133023917675
59292,0.014966843649744987
59295,0.014677825383841991
59298,0.008555134758353233
59301,0.0003488474467303604
59304,0.009852868504822254
59307,0.021944716572761536
59310,0.006168555002659559
59313,0.018020249903202057
59316,0.012725451029837132
59319,0.0034189578145742416
59322,0.0020315167494118214
59325,0.007994071580469608
59328,0.0006137370364740491
59331,0.0011210469529032707
59334,0.022933389991521835
59337,0.0004569182638078928
59340,0.0023548498284071684
59343,0.004958439618349075
59346,0.0022148536518216133
59349,0.0036565859336405993
59352,0.0030116583220660686
59355,0.05705209821462631
59358,0.007386862765997648
59361,0.0014342721551656723
59364,0.0006156535819172859
59367,0.01790076680481434
59370,0.016000250354409218
59373,0.0008496918017044663
59376,0.0020124742295593023
59379,0.002030977513641119
59382,0.0006877630949020386
59385,0.00108459428884089
59388,0.0060823471285402775
59391,0.015485734678804874
59394,0.009266704320907593
59397,0.014730163849890232
59400,0.0032119755633175373
59403,0.003469398245215416
59406,0.001159784384071827
59409,0.009915945120155811
59412,0.0007916066097095609
59415,0.0035504295956343412
59418,0.023625291883945465
59421,0.006191036198288202
59424,0.0007352641550824046
59427,0.012564697302877903
59430,0.001008015708066523
59433,0.026291579008102417
59436,0.005019924603402615
59439,0.0007146513089537621
59442,0.0027328042779117823
59445,0.0014056407380849123
59448,0.015326280146837234
59451,0.00037528786924667656
59454,0.011500712484121323
59457,0.05173046886920929
59460,0.0007888209074735641
59463,0.0006296056089922786
59466,0.00036670092958956957
59469,0.0073191397823393345
59472,0.0006561322370544076
59475,0.011831169947981834
59478,0.0003406694740988314
59481,0.011859920807182789
59484,0.0004029257979709655
59487,0.0033575394190847874
59490,0.018691647797822952
59493,0.00029914051992818713
59496,0.0009112192783504725
59499,0.0019107566913589835
59502,0.007943615317344666
59505,0.0007803156622685492
59508,0.0015574722783640027
59511,0.0004638955579139292
59514,0.020870313048362732
59517,0.00363678066059947
59520,0.0007415863801725209
59523,0.0006223666714504361
59526,0.005817789118736982
59529,0.0008487142622470856
59532,0.0007308120839297771
59535,0.0003391216741874814
59538,0.02832910791039467
59541,0.007818476296961308
59544,0.000619778293184936
59547,0.0066343042999506
59550,0.0003827221808023751
59553,0.0007136844797059894
59556,0.000618054298684001
59559,0.0011346631217747927
59562,0.0004424958606250584
59565,0.004277043044567108
59568,0.00048238999443128705
59571,0.007856514304876328
59574,0.0006118504097685218
59577,0.0017860387451946735
59580,0.0008442857069894671
59583,0.00037294893991202116
59586,0.0012515201233327389
59589,0.011170645244419575
59592,0.0004510664730332792
59595,0.010405642911791801
59598,0.0035220556892454624
59601,0.000729297986254096
59604,0.013222512789070606
59607,0.0031738830730319023
59610,0.0005636365385726094
59613,0.002934196498245001
59616,0.005595821887254715
59619,0.015349318273365498
59622,0.010832327418029308
59625,0.005540061742067337
59628,0.009967619553208351
59631,0.00234205205924809
59634,0.004093665163964033
59637,0.01859138533473015
59640,0.012785647064447403
59643,0.000903235049918294
59646,0.0018677138723433018
59649,0.001365465228445828
59652,0.00041236361721530557
59655,0.003924970515072346
59658,0.007505583111196756
59661,0.003063040552660823
59664,0.03283177316188812
59667,0.0029329732060432434
59670,0.001070349826477468
59673,0.0005674697458744049
59676,0.006877575069665909
59679,0.013247344642877579
59682,0.0024169946555048227
59685,0.0013238161336630583
59688,0.006625613197684288
59691,0.001963932067155838
59694,0.00542376097291708
59697,0.0009122363990172744
59700,0.002168344333767891
59703,0.009064518846571445
59706,0.001188232796266675
59709,0.001203706138767302
59712,0.02360101044178009
59715,0.030135847628116608
59718,0.002399882534518838
59721,0.02221151441335678
59724,0.004405501298606396
59727,0.01792256347835064
59730,0.004752007778733969
59733,0.01581161841750145
59736,0.0018975764978677034
59739,0.006033249199390411
59742,0.009077799506485462
59745,0.024945266544818878
59748,0.00546821067109704
59751,0.017880238592624664
59754,0.005810817703604698
59757,0.0030387905426323414
59760,0.002693424466997385
59763,0.009623401798307896
59766,0.0027393167838454247
59769,0.0020316485315561295
59772,0.010872884653508663
59775,0.022854221984744072
59778,0.0010412523988634348
59781,0.0004522037925198674
59784,0.009047715924680233
59787,0.0015117910224944353
59790,0.0013685424346476793
59793,0.002117549767717719
59796,0.0010166640859097242
59799,0.0008765658130869269
59802,0.0013239996042102575
59805,0.0007242555730044842
59808,0.0014048541197553277
59811,0.0008738705073483288
59814,0.0004799499292857945
59817,0.0007987425196915865
59820,0.00040738540701568127
59823,0.0008461078396067023
59826,0.018528485670685768
59829,0.0006222158554010093
59832,0.012180142104625702
59835,0.0007099083159118891
59838,0.0010486738756299019
59841,0.0013537497725337744
59844,0.0013355424162000418
59847,0.0012279385700821877
59850,0.0010158335790038109
59853,0.0006309306481853127
59856,0.0012143077328801155
59859,0.0003993472782894969
59862,0.0011838329955935478
59865,0.0007827055524103343
59868,0.0010488624684512615
59871,0.0010235095396637917
59874,0.0014357352629303932
59877,0.00034163895179517567
59880,0.0009592600981704891
59883,0.001771040027961135
59886,0.001726180431433022
59889,0.00047355357673950493
59892,0.0010854722931981087
59895,0.0027103284373879433
59898,0.014321478083729744
59901,0.0005091911880299449
59904,0.019793540239334106
59907,0.018748337402939796
59910,0.0004539166984613985
59913,0.001452811760827899
59916,0.0031273881904780865
59919,0.0006551746046170592
59922,0.022816959768533707
59925,0.00038093532202765346
59928,0.001317609683610499
59931,0.011604111641645432
59934,0.0004884914960712194
59937,0.00044709714711643755
59940,0.002252848818898201
59943,0.0005602923920378089
59946,0.0013430914841592312
59949,0.010460073128342628
59952,0.0005965842283330858
59955,0.005375306587666273
59958,0.0008124813321046531
59961,0.001385742099955678
59964,0.0034734131768345833
59967,0.0003756516380235553
59970,0.000372561247786507
59973,0.005885769613087177
59976,0.03319648653268814
59979,0.0010021493071690202
59982,0.0005966855678707361
59985,0.0118922870606184
59988,0.009884100407361984
59991,0.0007531301816925406
59994,0.003321367083117366
59997,0.008273500949144363
60000,0.003083023941144347
60003,0.0012293270556256175
60006,0.0009114115382544696
60009,0.004147786647081375
60012,0.0031072222627699375
60015,0.00034955263254232705
60018,0.010374709032475948
60021,0.011896738782525063
60024,0.0006292480975389481
60027,0.0014256677823141217
60030,0.012706740759313107
60033,0.0006159954355098307
60036,0.00041680055437609553
60039,0.0004924000822938979
60042,0.0017096638912335038
60045,0.0011772781144827604
60048,0.0010743166785687208
60051,0.0005200438899919391
60054,0.00032052447204478085
60057,0.00033994083059951663
60060,0.0003920397721230984
60063,0.0004388860834296793
60066,0.00029634597012773156
60069,0.00020817744371015579
60072,0.00030005216831341386
60075,0.0011495344806462526
60078,0.00028571183793246746
60081,0.0007767413044348359
60084,0.0005021507386118174
60087,0.00032592564821243286
60090,0.0004290759679861367
60093,0.0003298399387858808
60096,0.0013509998098015785
60099,0.0009741918183863163
60102,0.00042714131996035576
60105,0.0244032833725214
60108,0.0002771682047750801
60111,0.00035591417690739036
60114,0.0003094698768109083
60117,0.0002992082736454904
60120,0.007780436892062426
60123,0.00031086831586435437
60126,0.0003742087574210018
60129,0.00029380194609984756
60132,0.0031495445873588324
60135,0.000624959240667522
60138,0.010820991359651089
60141,0.002375188050791621
60144,0.0020317004527896643
60147,0.0006695473566651344
60150,0.00035084004048258066
60153,0.00823934655636549
60156,0.0011716131120920181
60159,0.0017552700592204928
60162,0.0018092745449393988
60165,0.0009240929502993822
60168,0.0006587418029084802
60171,0.004638960584998131
60174,0.0005766369285993278
60177,0.0009038781281560659
60180,0.0006420889403671026
60183,0.01374572329223156
60186,0.0005585061153396964
60189,0.0003157981554977596
60192,0.003234634641557932
60195,0.0009656746406108141
60198,0.00020937716180924326
60201,0.00045202113687992096
60204,0.002132166875526309
60207,0.0005626939819194376
60210,0.0006440269062295556
60213,0.004981802776455879
60216,0.004788057412952185
60219,0.0009434838430024683
60222,0.0012991457479074597
60225,0.0006784733850508928
60228,0.009508625604212284
60231,0.0010861876653507352
60234,0.0006588035030290484
60237,0.02254686877131462
60240,0.0010978523641824722
60243,0.024605486541986465
60246,0.00047990999883040786
60249,0.0008543507428839803
60252,0.0024226896930485964
60255,0.004937551915645599
60258,0.001464502071030438
60261,0.0015795982908457518
60264,0.0003787839086726308
60267,0.0091765271499753
60270,0.0048610917292535305
60273,0.009981446899473667
60276,0.01123901829123497
60279,0.012101498432457447
60282,0.0029464541003108025
60285,0.0010012355633080006
60288,0.0018553192494437099
60291,0.0032871670555323362
60294,0.007955866865813732
60297,0.0013548628194257617
60300,0.0013396398862823844
60303,0.0033421553671360016
60306,0.001003508921712637
60309,0.00953656155616045
60312,0.0009124620701186359
60315,0.012760072946548462
60318,0.0038017816841602325
60321,0.0030655176378786564
60324,0.0022261200938373804
60327,0.000947936438024044
60330,0.0010545366676524282
60333,0.0011243200860917568
60336,0.0012837001122534275
60339,0.002495347987860441
60342,0.013945220969617367
60345,0.002545331371948123
60348,0.0017654096009209752
60351,0.0019411504035815597
60354,0.0020086029544472694
60357,0.00258488766849041
60360,0.0005248727975413203
60363,0.0006975914584472775
60366,0.0028205448761582375
60369,0.0007947291014716029
60372,0.0005145356990396976
60375,0.0010474978480488062
60378,0.0008507154416292906
60381,0.0010741486912593246
60384,0.0008776199538260698
60387,0.000796428183093667
60390,0.0007442950736731291
60393,0.0007983336690813303
60396,0.00042920236592181027
60399,0.0004812648694496602
60402,0.0004355694691184908
60405,0.0008404271211475134
60408,0.00026548939058557153
60411,0.0010227151215076447
60414,0.0005563547019846737
60417,0.00078158441465348
60420,0.0010762012097984552
60423,0.0005696867010556161
60426,0.0007128475699573755
60429,0.014741156250238419
60432,0.0011967078316956758
60435,0.022498920559883118
60438,0.01819903962314129
60441,0.0007414150750264525
60444,0.0004789416561834514
60447,0.020022420212626457
60450,0.0006135867442935705
60453,0.002879407722502947
60456,0.000972180045209825
60459,0.000399213342461735
60462,0.0013068304397165775
60465,0.026518167927861214
60468,0.01443527452647686
60471,0.0018568967934697866
60474,0.002323237480595708
60477,0.005704335868358612
60480,0.002502563875168562
60483,0.0009931200183928013
60486,0.0014165122993290424
60489,0.01531205140054226
60492,0.0008398060454055667
60495,0.04173874109983444
60498,0.0003257927601225674
60501,0.007024869322776794
60504,0.0032932970207184553
60507,0.003146390663459897
60510,0.0007799902814440429
60513,0.0003757926169782877
60516,0.005373720079660416
60519,0.0014351378194987774
60522,0.0007195527432486415
60525,0.0011162797454744577
60528,0.006840689107775688
60531,0.0008826447301544249
60534,0.000783361669164151
60537,0.0015211894642561674
60540,0.00045165972551330924
60543,0.002496461383998394
60546,0.006171873304992914
60549,0.003561214776709676
60552,0.0011968871112912893
60555,0.002580961911007762
60558,0.0015282323583960533
60561,0.0007012702990323305
60564,0.003753038588911295
60567,0.013682680204510689
60570,0.0029632030054926872
60573,0.0004992957692593336
60576,0.0028826354537159204
60579,0.002753159496933222
60582,0.007176424842327833
60585,0.002494944492354989
60588,0.0016600840026512742
60591,0.0008355127065442502
60594,0.006139746867120266
60597,0.00964838732033968
60600,0.008519798517227173
60603,0.003855082206428051
60606,0.0028989743441343307
60609,0.016084687784314156
60612,0.00496747437864542
60615,0.0006877498817630112
60618,0.000385916733648628
60621,0.05233503133058548
60624,0.0032621240243315697
60627,0.014810880646109581
60630,0.0006275915075093508
60633,0.000731159932911396
60636,0.0009099900489673018
60639,0.0016100405482575297
60642,0.0007293372182175517
60645,0.002634783275425434
60648,0.000672603608109057
60651,0.011339031159877777
60654,0.017228778451681137
60657,0.005380900576710701
60660,0.007863743230700493
60663,0.0011858425568789244
60666,0.0037055988796055317
60669,0.0004622677806764841
60672,0.001755174482241273
60675,0.00025846835342235863
60678,0.0007256052922457457
60681,0.00021854319493286312
60684,0.014498041942715645
60687,0.001215507392771542
60690,0.0008087874157354236
60693,0.000535172875970602
60696,0.0004640409897547215
60699,0.0010975629556924105
60702,0.006172358989715576
60705,0.0006849669734947383
60708,0.006527272518724203
60711,0.0036930276546627283
60714,0.0027793021872639656
60717,0.0020484740380197763
60720,0.00055164925288409
60723,0.0005991271464154124
60726,0.00023316778242588043
60729,0.034003518521785736
60732,0.0005571782239712775
60735,0.0005144969327375293
60738,0.0013484260998666286
60741,0.00022485705267172307
60744,0.00038861180655658245
60747,0.0011349638225510716
60750,0.002568847266957164
60753,0.0006892533274367452
60756,0.00029611040372401476
60759,0.0014638100983574986
60762,0.0002729778934735805
60765,0.017930911853909492
60768,0.00048037077067419887
60771,0.0008714051218703389
60774,0.007919811643660069
60777,0.00030527415219694376
60780,0.00379485497251153
60783,0.000408301071729511
60786,0.00045664882054552436
60789,0.0010217917151749134
60792,0.0016312745865434408
60795,0.001022949698381126
60798,0.0008235161658376455
60801,0.0003745763679035008
60804,0.000524757953826338
60807,0.00036595313576981425
60810,0.0006874664104543626
60813,0.02185249701142311
60816,0.0038038042839616537
60819,0.0016647492302581668
60822,0.0029660554137080908
60825,0.0016886712983250618
60828,0.006213373504579067
60831,0.000805031624622643
60834,0.0005686141666956246
60837,0.004170105792582035
60840,0.0006507682264782488
60843,0.0007299333810806274
60846,0.015819652006030083
60849,0.0013926886022090912
60852,0.0018353896448388696
60855,0.01209897268563509
60858,0.0019411805551499128
60861,0.0013274113880470395
60864,0.00040959729813039303
60867,0.0007097459165379405
60870,0.0006691688904538751
60873,0.024191444739699364
60876,0.0029165532905608416
60879,0.0009860738646239042
60882,0.0008468587184324861
60885,0.010362936183810234
60888,0.0027496465481817722
60891,0.0015215342864394188
60894,0.0006224359385669231
60897,0.016149725764989853
60900,0.0011187937343493104
60903,0.0006111832335591316
60906,0.0024875912349671125
60909,0.0029604355804622173
60912,0.008487720042467117
60915,0.0007057687034830451
60918,0.0009905076585710049
60921,0.0002782345691230148
60924,0.0027161031030118465
60927,0.0006520323222503066
60930,0.0009658510098233819
60933,0.0005076726083643734
60936,0.006152688059955835
60939,0.00019060319755226374
60942,0.00026143313152715564
60945,0.00024132677935995162
60948,0.00036161617026664317
60951,0.0008321669884026051
60954,0.002764714416116476
60957,0.003706002375110984
60960,0.0013122893869876862
60963,0.0003002506564371288
60966,0.00046802923316136
60969,0.0014106918824836612
60972,0.0004917419282719493
60975,0.0005210032686591148
60978,0.00046635227045044303
60981,0.006595466285943985
60984,0.0008818079368211329
60987,0.0029615219682455063
60990,0.0005258193123154342
60993,0.008452539332211018
60996,0.001803759252652526
60999,0.0011214828118681908
61002,0.00069918402004987
61005,0.0019008228555321693
61008,0.0026400096248835325
61011,0.019594065845012665
61014,0.0037979930639266968
61017,0.0004406376101542264
61020,0.0004153577028773725
61023,0.01335172913968563
61026,0.0035034245811402798
61029,0.0006338839302770793
61032,0.0037394934333860874
61035,0.0012542629847303033
61038,0.0009301803074777126
61041,0.00031416158890351653
61044,0.0004949638387188315
61047,0.0021824573632329702
61050,0.00035810034023597836
61053,0.0006490446394309402
61056,0.0007226772140711546
61059,0.00034137911279685795
61062,0.0012578326277434826
61065,0.0008986361790448427
61068,0.00016916182357817888
61071,0.0012258511269465089
61074,0.025915639474987984
61077,0.009459836408495903
61080,0.0008900543907657266
61083,0.0011651787208393216
61086,0.00040671013994142413
61089,0.0015236262697726488
61092,0.001365350792184472
61095,0.0002577454724814743
61098,0.00048645809874869883
61101,0.00022974189778324217
61104,0.006175908260047436
61107,0.0008085030131042004
61110,0.0004993612528778613
61113,0.021191319450736046
61116,0.0034703626297414303
61119,0.0010432775598019361
61122,0.0006023370078764856
61125,0.00032023689709603786
61128,0.0013106541009619832
61131,0.019362211227416992
61134,0.0010254066437482834
61137,0.00046292433398775756
61140,0.0025066249072551727
61143,0.00044054584577679634
61146,0.012210432440042496
61149,0.0016483538784086704
61152,0.007289809174835682
61155,0.0006586681120097637
61158,0.0006236361805349588
61161,0.0004942119703628123
61164,0.0010332436067983508
61167,0.0007425934309139848
61170,0.000302651256788522
61173,0.00023627660993952304
61176,0.0072152139618992805
61179,0.0030665677040815353
61182,0.0005724788643419743
61185,0.0001611234765732661
61188,0.00014363984519150108
61191,0.00038240011781454086
61194,0.0003976752341259271
61197,0.000748071470297873
61200,0.004277587402611971
61203,0.0013822910841554403
61206,0.005483679473400116
61209,0.0019210400059819221
61212,0.0005780367646366358
61215,0.0025242522824555635
61218,0.0033741916995495558
61221,0.002877966035157442
61224,0.00046546064550057054
61227,0.002198871923610568
61230,0.0006640617502853274
61233,0.0029499169904738665
61236,0.0007328229257836938
61239,0.010204286314547062
61242,0.0006329499301500618
61245,0.0002619402075652033
61248,0.011034810915589333
61251,0.001089373603463173
61254,0.020941371098160744
61257,0.0017307240050286055
61260,0.0006487533682957292
61263,0.03096602112054825
61266,0.000482669856864959
61269,0.000944095547311008
61272,0.0018541605677455664
61275,0.04030811786651611
61278,0.0008829881553538144
61281,0.0003007416962645948
61284,0.002205896656960249
61287,0.0010575884953141212
61290,0.006537075154483318
61293,0.018148966133594513
61296,0.041558049619197845
61299,0.02370995283126831
61302,0.005720438435673714
61305,0.0014527031453326344
61308,0.0005207821959629655
61311,0.0004592911573126912
61314,0.000866526213940233
61317,0.001726413844153285
61320,0.00040700286626815796
61323,0.000788437551818788
61326,0.0028778966516256332
61329,0.001567015191540122
61332,0.013743330724537373
61335,0.005998606327921152
61338,0.0018548903753980994
61341,0.0003106420626863837
61344,0.017817838117480278
61347,0.0006176984752528369
61350,0.006147976964712143
61353,0.00046588288387283683
61356,0.00025773837114684284
61359,0.0014627684140577912
61362,0.0013606351567432284
61365,0.00029194861417636275
61368,0.003057308727875352
61371,0.0009236369514837861
61374,0.00029311017715372145
61377,0.0008256379514932632
61380,0.013189123943448067
61383,0.03957366943359375
61386,0.0012278552167117596
61389,0.006522600073367357
61392,0.003098419401794672
61395,0.0007507906993851066
61398,0.00052028673235327
61401,0.007302070967853069
61404,0.013538243249058723
61407,0.014038166962563992
61410,0.0003657242632471025
61413,0.00023668094945605844
61416,0.014459731988608837
61419,0.00043839929276145995
61422,0.00028558250050991774
61425,0.00041097658686339855
61428,0.027240337803959846
61431,0.0003609912237152457
61434,0.005842946004122496
61437,0.0004479881899897009
61440,0.000659645302221179
61443,0.0076319375075399876
61446,0.00044349211384542286
61449,0.0025593647733330727
61452,0.00032756821019575
61455,0.0003735559294000268
61458,0.0003820059646386653
61461,0.004256387706845999
61464,0.0016730357892811298
61467,0.001076777814887464
61470,0.0007761995657347143
61473,0.0004342523461673409
61476,0.0015544893685728312
61479,0.00638500414788723
61482,0.0009924075566232204
61485,0.007784848101437092
61488,0.00016691235941834748
61491,0.00022787475609220564
61494,0.000232744961977005
61497,0.00043472356628626585
61500,0.0003432001103647053
61503,0.0005768361734226346
61506,0.03493144363164902
61509,0.012154659256339073
61512,0.015466755256056786
61515,0.004771071951836348
61518,0.001255897805094719
61521,0.00046305684372782707
61524,0.001999294152483344
61527,0.006110453046858311
61530,0.0006199289346113801
61533,0.01162986271083355
61536,0.005723938345909119
61539,0.0015371646732091904
61542,0.02111028879880905
61545,0.0026940805837512016
61548,0.01669735088944435
61551,0.0013855373254045844
61554,0.005484334193170071
61557,0.0033332526218146086
61560,0.006227442994713783
61563,0.014459224417805672
61566,0.01188365463167429
61569,0.0053186677396297455
61572,0.035193849354982376
61575,0.00258705485612154
61578,0.00046991606359370053
61581,0.0047701033763587475
61584,0.011774555779993534
61587,0.008142230100929737
61590,0.011304370127618313
61593,0.003169207600876689
61596,0.000870324729476124
61599,0.0058160265907645226
61602,0.0008489037281833589
61605,0.0009822507854551077
61608,0.0017159315757453442
61611,0.0014917891239747405
61614,0.00957571156322956
61617,0.0052130576223134995
61620,0.0005147777264937758
61623,0.0003870899963658303
61626,0.0006048097857274115
61629,0.0034507913514971733
61632,0.0006342546548694372
61635,0.001383611117489636
61638,0.0005045681609772146
61641,0.01746891811490059
61644,0.0004804630880244076
61647,0.0029015413019806147
61650,0.004392100963741541
61653,0.0006037925486452878
61656,0.0005546556785702705
61659,0.00021474988898262382
61662,0.0006557288579642773
61665,0.0010435724398121238
61668,0.004182545468211174
61671,0.00030999831506051123
61674,0.0012625488452613354
61677,0.00905457604676485
61680,0.0005604074685834348
61683,0.0004315741825848818
61686,0.0008769577834755182
61689,0.008047549054026604
61692,0.0006866686744615436
61695,0.0008149079512804747
61698,0.0007831137627363205
61701,0.003707069205120206
61704,0.0014938474632799625
61707,0.016686936840415
61710,0.0006798895774409175
61713,0.0004921895451843739
61716,0.00759781152009964
61719,0.02047189511358738
61722,0.0018823060672730207
61725,0.014987507835030556
61728,0.0006722188554704189
61731,0.03138090670108795
61734,0.0023609502241015434
61737,0.005037523340433836
61740,0.0021189081016927958
61743,0.00120786321349442
61746,0.001312019070610404
61749,0.004935861565172672
61752,0.018679209053516388
61755,0.0012298664078116417
61758,0.0031311267521232367
61761,0.00017962689162231982
61764,0.0002058633544947952
61767,0.0007710043573752046
61770,0.00031406624475494027
61773,0.0003105089417658746
61776,0.0001229138288181275
61779,0.0008722082711756229
61782,0.00030939627322368324
61785,0.0007260607089847326
61788,0.0045657833106815815
61791,0.00039451580960303545
61794,0.00031056441366672516
61797,0.0007135882042348385
61800,0.00015659077325835824
61803,0.0010747872292995453
61806,0.0002566351613495499
61809,0.00034188682911917567
61812,0.00019306897593196481
61815,0.00026236570556648076
61818,0.0011955167865380645
61821,0.00036995872505940497
61824,0.016352616250514984
61827,0.002708207815885544
61830,0.00031407768256030977
61833,0.0002866809372790158
61836,0.015196852385997772
61839,0.013106550090014935
61842,0.00036143409670330584
61845,0.005927965044975281
61848,0.0037932563573122025
61851,0.003346516750752926
61854,0.001130197779275477
61857,0.0026485295966267586
61860,0.00035956583451479673
61863,0.0020155254751443863
61866,0.013545792549848557
61869,0.0005191041273064911
61872,0.0024947021156549454
61875,0.002634983044117689
61878,0.0015516412677243352
61881,0.0014142236905172467
61884,0.007180184591561556
61887,0.005732701625674963
61890,0.00035442772787064314
61893,0.00025583847309462726
61896,0.0008347701514139771
61899,0.0007599248201586306
61902,0.0037611278239637613
61905,0.01068570464849472
61908,0.0003700862289406359
61911,0.007708694785833359
61914,0.0014011217281222343
61917,0.0014497069641947746
61920,0.004474147222936153
61923,0.007568319793790579
61926,0.00133046368137002
61929,0.0020747110247612
61932,0.0027327861171215773
61935,0.007310269866138697
61938,0.0006236747140064836
61941,0.01919439248740673
61944,0.0025472361594438553
61947,0.003366210265085101
61950,0.0040937974117696285
61953,0.02007848396897316
61956,0.006313913501799107
61959,0.015148300677537918
61962,0.001207014312967658
61965,0.0015570702962577343
61968,0.012231037020683289
61971,0.008628648705780506
61974,0.007045119535177946
61977,0.0013045021332800388
61980,0.03586313873529434
61983,0.012275194749236107
61986,0.002810500096529722
61989,0.02015679143369198
61992,0.003974621649831533
61995,0.008543422445654869
61998,0.0005815054755657911
62001,0.0006486201891675591
62004,0.01075948029756546
62007,0.0009048094507306814
62010,0.006905469577759504
62013,0.004402490798383951
62016,0.00047094596084207296
62019,0.003049328224733472
62022,0.0015594047727063298
62025,0.0009109890088438988
62028,0.001048979931510985
62031,0.0023227601777762175
62034,0.01021893136203289
62037,0.0036574169062078
62040,0.003781781066209078
62043,0.003310111351311207
62046,0.0004609238530974835
62049,0.0006065033958293498
62052,0.0010448840912431479
62055,0.002426302060484886
62058,0.0009546363726258278
62061,0.0009984769858419895
62064,0.001763499341905117
62067,0.002642243169248104
62070,0.0014964709989726543
62073,0.0018305167322978377
62076,0.0010066236136481166
62079,0.0021754817571491003
62082,0.00018933930550701916
62085,0.0075671253725886345
62088,0.0006478670402429998
62091,0.0004638308600988239
62094,0.0008691732073202729
62097,0.0005550133064389229
62100,0.009837034158408642
62103,0.00026294763665646315
62106,0.00024029333144426346
62109,0.00027276569744572043
62112,0.003473163116723299
62115,0.0004337493155617267
62118,0.00045542209409177303
62121,0.0003142784698866308
62124,0.0003776072699110955
62127,0.0008359942003153265
62130,0.008317743428051472
62133,0.0002482761337887496
62136,0.0044273328967392445
62139,0.00017789198318496346
62142,0.00031176296761259437
62145,0.0021770119201391935
62148,0.0005893477937206626
62151,0.000362772261723876
62154,0.0024341056123375893
62157,0.0008877515210770071
62160,0.0007285355823114514
62163,0.00044378518941812217
62166,0.00015577259182464331
62169,0.0005033569177612662
62172,0.022312989458441734
62175,0.012487189844250679
62178,0.0075853243470191956
62181,0.0015675681643188
62184,0.0018506331834942102
62187,0.006691290996968746
62190,0.0006326999282464385
62193,0.0009261093218810856
62196,0.017626307904720306
62199,0.00887983851134777
62202,0.005201352294534445
62205,0.006351911928504705
62208,0.0004624889697879553
62211,0.0009077773429453373
62214,0.0006638247868977487
62217,0.0010038504842668772
62220,0.0016599034424871206
62223,0.001075628213584423
62226,0.015158839523792267
62229,0.016853945329785347
62232,0.0006078740116208792
62235,0.007754255086183548
62238,0.0009263171232305467
62241,0.0004225721349939704
62244,0.0015526919160038233
62247,0.0013498917687684298
62250,0.001000348711386323
62253,0.045037638396024704
62256,0.0019846197683364153
62259,0.00031703675631433725
62262,0.00351893063634634
62265,0.0013848881935700774
62268,0.0007409720565192401
62271,0.0003602959041018039
62274,0.0007171715842559934
62277,0.0006843192968517542
62280,0.00012727989815175533
62283,0.00047928138519637287
62286,0.00040708400774747133
62289,0.011677118949592113
62292,0.0003395437088329345
62295,0.0007033389410935342
62298,0.0058509111404418945
62301,0.0006121076294220984
62304,0.00037069356767460704
62307,0.010423959232866764
62310,0.0010018172906711698
62313,0.006356559693813324
62316,0.0007381011382676661
62319,0.021556051447987556
62322,0.0005634217523038387
62325,0.0002919654652941972
62328,0.02347486838698387
62331,0.012239443138241768
62334,0.0002645858912728727
62337,0.0014596685068681836
62340,0.0008987771579995751
62343,0.012302550487220287
62346,0.005650537088513374
62349,0.005569338798522949
62352,0.012739719823002815
62355,0.002876667305827141
62358,0.002978451084345579
62361,0.00028358501731418073
62364,0.0012763486010953784
62367,0.010879004374146461
62370,0.0005741143831983209
62373,0.005295104812830687
62376,0.0007596935029141605
62379,0.0007180848042480648
62382,0.0005766624817624688
62385,0.0008277847664430737
62388,0.0033733337186276913
62391,0.0003827198233921081
62394,0.0004525742551777512
62397,0.0004638679965864867
62400,0.0005322903161868453
62403,0.00022741325665265322
62406,0.001120833563618362
62409,0.002531783888116479
62412,0.002438588533550501
62415,0.0007050483836792409
62418,0.001132821198552847
62421,0.0006433549569919705
62424,0.003737880615517497
62427,0.015482715331017971
62430,0.0056555140763521194
62433,0.0018529737135395408
62436,0.00094909209292382
62439,0.0006705226260237396
62442,0.004935698118060827
62445,0.0007425232324749231
62448,0.004489060491323471
62451,0.013810289092361927
62454,0.002138342708349228
62457,0.0006336861988529563
62460,0.0013210506876930594
62463,0.0006194665329530835
62466,0.0058820187114179134
62469,0.0022043792996555567
62472,0.0003451017546467483
62475,0.003661592025309801
62478,0.0018115963321179152
62481,0.0008386794361285865
62484,0.0004977913340553641
62487,0.0008335878374055028
62490,0.03527771681547165
62493,0.006747389677911997
62496,0.001362045994028449
62499,0.009583807550370693
62502,0.014512807130813599
62505,0.005926267243921757
62508,0.0013799185398966074
62511,0.00047323282342404127
62514,0.004229613579809666
62517,0.00147468619979918
62520,0.0018168054521083832
62523,0.0020063810516148806
62526,0.002625372027978301
62529,0.019987385720014572
62532,0.0002603044849820435
62535,0.0005251718102954328
62538,0.0006059869192540646
62541,0.00040659616934135556
62544,0.00031737337121739984
62547,0.00044942027307115495
62550,0.0019516206812113523
62553,0.0009224248351529241
62556,0.0002855914062820375
62559,0.0003303398843854666
62562,0.0028160098008811474
62565,0.0006029401556588709
62568,0.00042195289279334247
62571,0.0008339888881891966
62574,0.0010576474014669657
62577,0.0007796614663675427
62580,0.010289398021996021
62583,0.0022114107850939035
62586,0.0002579594438429922
62589,0.0007532292511314154
62592,0.0019299028208479285
62595,0.00127280387096107
62598,0.007458887994289398
62601,0.0033586351200938225
62604,0.0005674583953805268
62607,0.009719854220747948
62610,0.0006509615923278034
62613,0.02226131409406662
62616,0.013712749816477299
62619,0.0012208276893943548
62622,0.00035845214733853936
62625,0.015088142827153206
62628,0.006526262499392033
62631,0.0010340835433453321
62634,0.0005340225761756301
62637,0.0004549362347461283
62640,0.006216202862560749
62643,0.0012670177966356277
62646,0.0008319108746945858
62649,0.014872618019580841
62652,0.0015525692142546177
62655,0.000661160855088383
62658,0.004791730549186468
62661,0.0018366891890764236
62664,0.0007227883324958384
62667,0.0004822933697141707
62670,0.0036066649481654167
62673,0.000693756272085011
62676,0.0008549101767130196
62679,0.0007540659862570465
62682,0.013834385201334953
62685,0.0009290336747653782
62688,0.0004073290328960866
62691,0.0027850845362991095
62694,0.0011913422495126724
62697,0.0003988545504398644
62700,0.0008975637028925121
62703,0.0022281198762357235
62706,0.002125285565853119
62709,0.0008430419256910682
62712,0.00038078526267781854
62715,0.0025676388759166002
62718,0.0005800595972687006
62721,0.007064674980938435
62724,0.0006374517106451094
62727,0.007434745319187641
62730,0.001169176772236824
62733,0.002918236656114459
62736,0.0004481228825170547
62739,0.0012871534563601017
62742,0.006438774522393942
62745,0.013662856072187424
62748,0.007571016903966665
62751,0.0006689014262519777
62754,0.0026236390694975853
62757,0.0003879767027683556
62760,0.0008753695292398334
62763,0.0006042905151844025
62766,0.0019521054346114397
62769,0.0012214810121804476
62772,0.008218148723244667
62775,0.0010142911924049258
62778,0.0003191197756677866
62781,0.000469219870865345
62784,0.0006742445402778685
62787,0.019760960713028908
62790,0.0006154651055112481
62793,0.0003839985583908856
62796,0.0003822066937573254
62799,0.0028342725709080696
62802,0.0003807409666478634
62805,0.0004670117050409317
62808,0.00045376867637969553
62811,0.0005399354267865419
62814,0.00026237411657348275
62817,0.00021224113879725337
62820,0.0012975307181477547
62823,0.00044300738954916596
62826,0.005445499438792467
62829,0.00019559025531634688
62832,0.0011756591266021132
62835,0.0009711856255307794
62838,0.0002335071039851755
62841,0.0007523890235461295
62844,0.0010035154409706593
62847,0.009943918325006962
62850,0.006323410198092461
62853,0.0004476939793676138
62856,0.0006379014812409878
62859,0.0005266121006570756
62862,0.0015977263683453202
62865,0.000766054552514106
62868,0.000451079715276137
62871,0.0029896744526922703
62874,0.00021442025899887085
62877,0.0003183689259458333
62880,0.00027372530894353986
62883,0.00046579595073126256
62886,0.00017355705494992435
62889,0.0004903317894786596
62892,0.0013838664162904024
62895,0.001375639927573502
62898,0.00024911484797485173
62901,0.0002299574698554352
62904,0.0010808393126353621
62907,0.00025896303122863173
62910,0.00042351987212896347
62913,0.002648355206474662
62916,0.00020180136198177934
62919,0.015489430166780949
62922,0.012368698604404926
62925,0.022184349596500397
62928,0.001795329968445003
62931,0.004876678343862295
62934,0.0007389718666672707
62937,0.0007486567483283579
62940,0.0009498012368567288
62943,0.00884096510708332
62946,0.0004833101120311767
62949,0.00037789734778925776
62952,0.002190317027270794
62955,0.011242296546697617
62958,0.012782824225723743
62961,0.004251135513186455
62964,0.011624930426478386
62967,0.0018173588905483484
62970,0.008229711093008518
62973,0.007255613803863525
62976,0.00082514772657305
62979,0.0004836778389289975
62982,0.0010285035241395235
62985,0.012882491573691368
62988,0.002503639319911599
62991,0.0016004771459847689
62994,0.0026711770333349705
62997,0.001600388321094215
63000,0.0024847458116710186
63003,0.009154688566923141
63006,0.0013925505336374044
63009,0.0019099162891507149
63012,0.006823321804404259
63015,0.0007667192257940769
63018,0.0015788034070283175
63021,0.0007175437058322132
63024,0.0028996753972023726
63027,0.03859050199389458
63030,0.013892702758312225
63033,0.009574435651302338
63036,0.0015761521644890308
63039,0.002193376887589693
63042,0.0020342289935797453
63045,0.01541975699365139
63048,0.006345188245177269
63051,0.0054411799646914005
63054,0.019575629383325577
63057,0.03187580779194832
63060,0.0024123135954141617
63063,0.004335170146077871
63066,0.003134631784632802
63069,0.007260715588927269
63072,0.004004549700766802
63075,0.011645544320344925
63078,0.0014896756038069725
63081,0.014013179577887058
63084,0.03378206863999367
63087,0.0017660511657595634
63090,0.00401195976883173
63093,0.012719552032649517
63096,0.0008604396716691554
63099,0.0011788900010287762
63102,0.0019274521619081497
63105,0.001302105374634266
63108,0.00409553200006485
63111,0.0036643685307353735
63114,0.0011114662047475576
63117,0.008233177475631237
63120,0.006431150250136852
63123,0.006534453947097063
63126,0.007295295130461454
63129,0.003310601459816098
63132,0.0014089257456362247
63135,0.0015320581151172519
63138,0.0053198919631540775
63141,0.001466100220568478
63144,0.003088239813223481
63147,0.002305195201188326
63150,0.005694339983165264
63153,0.004541480913758278
63156,0.0043910895474255085
63159,0.0012656631879508495
63162,0.0009658996714279056
63165,0.0010814410634338856
63168,0.0004937820485793054
63171,0.000807803648058325
63174,0.0008455892093479633
63177,0.0007166584255173802
63180,0.0011854334734380245
63183,0.001960970461368561
63186,0.00153867166955024
63189,0.005368361249566078
63192,0.0016507382970303297
63195,0.0006791262421756983
63198,0.0005172818200662732
63201,0.0032590595073997974
63204,0.0005063662538304925
63207,0.0016505273524671793
63210,0.0015553849516436458
63213,0.002268319483846426
63216,0.0007636570953764021
63219,0.0007096039480529726
63222,0.00196695770137012
63225,0.0030191000550985336
63228,0.0019904656801372766
63231,0.001291727996431291
63234,0.007126607466489077
63237,0.0012146527878940105
63240,0.001604660414159298
63243,0.008302723988890648
63246,0.020855505019426346
63249,0.0018591382540762424
63252,0.007416673935949802
63255,0.00029941508546471596
63258,0.00420394679531455
63261,0.0007429184624925256
63264,0.0007498541381210089
63267,0.0003983817878179252
63270,0.006164992693811655
63273,0.002191501669585705
63276,0.002449947176501155
63279,0.0014417411293834448
63282,0.0012397102545946836
63285,0.0020631761290133
63288,0.0025899510364979506
63291,0.0008174655959010124
63294,0.0037676256615668535
63297,0.0012834358494728804
63300,0.00791744515299797
63303,0.007808600552380085
63306,0.00043159534106962383
63309,0.0009042640449479222
63312,0.0005900730029679835
63315,0.00037176208570599556
63318,0.014749699272215366
63321,0.0018398211104795337
63324,0.0005736411549150944
63327,0.0029499265365302563
63330,0.004663932602852583
63333,0.0017560842679813504
63336,0.000421352859120816
63339,0.008461596444249153
63342,0.0046544745564460754
63345,0.002383302664384246
63348,0.000443485303549096
63351,0.0164482519030571
63354,0.009512173943221569
63357,0.002789713442325592
63360,0.0015739721711724997
63363,0.00569931510835886
63366,0.016297483816742897
63369,0.0009623944060876966
63372,0.0010441627819091082
63375,0.0004516543122008443
63378,0.0008690790273249149
63381,0.0029853947926312685
63384,0.0023620626889169216
63387,0.0005694265710189939
63390,0.0007324963808059692
63393,0.00047164777060970664
63396,0.0005635676207020879
63399,0.0015691304579377174
63402,0.0013382734032347798
63405,0.0005490012699738145
63408,0.016006404533982277
63411,0.0014506138395518064
63414,0.0009942009346559644
63417,0.0005912343040108681
63420,0.005855716299265623
63423,0.0005571140209212899
63426,0.0003109255922026932
63429,0.0009890416404232383
63432,0.0038137624505907297
63435,0.0005774979363195598
63438,0.000532774836756289
63441,0.014623355120420456
63444,0.0008869568118825555
63447,0.0006828889017924666
63450,0.0013742927694693208
63453,0.0033921808935701847
63456,0.0006162348436191678
63459,0.0008316063904203475
63462,0.002787303179502487
63465,0.0005418378859758377
63468,0.0013738577254116535
63471,0.0015114673878997564
63474,0.0007836021250113845
63477,0.0007534592295996845
63480,0.0004250037018209696
63483,0.0006303904810920358
63486,0.001295549445785582
63489,0.0006928195944055915
63492,0.00044829654507339
63495,0.0011210422962903976
63498,0.007369845174252987
63501,0.0035356213338673115
63504,0.01418168842792511
63507,0.006519422400742769
63510,0.010416395962238312
63513,0.007559102959930897
63516,0.010564407333731651
63519,0.000489267404191196
63522,0.002333058975636959
63525,0.00044818423339165747
63528,0.0005580718861892819
63531,0.001403503236360848
63534,0.0006200864445418119
63537,0.004120374098420143
63540,0.010530170984566212
63543,0.0018219182966277003
63546,0.029004588723182678
63549,0.0007976514170877635
63552,0.0003389652702026069
63555,0.0005151895456947386
63558,0.011224061250686646
63561,0.0003953388368245214
63564,0.000327997375279665
63567,0.0007834435673430562
63570,0.0005113387014716864
63573,0.0013966169208288193
63576,0.0002951619098894298
63579,0.0003008635248988867
63582,0.0007224518340080976
63585,0.00041412521386519074
63588,0.003452043514698744
63591,0.0006769287865608931
63594,0.000960563775151968
63597,0.00021846994059160352
63600,0.00037169811548665166
63603,0.0013000102480873466
63606,0.0017530005425214767
63609,0.0002695261500775814
63612,0.0005326517857611179
63615,0.0012756662908941507
63618,0.0005148570635356009
63621,0.0005328408442437649
63624,0.016733884811401367
63627,0.02219628170132637
63630,0.0004871558048762381
63633,0.0004420170735102147
63636,0.005983458366245031
63639,0.0004425997904036194
63642,0.0005463978741317987
63645,0.0005568871856667101
63648,0.003008941188454628
63651,0.012049946002662182
63654,0.0005421111127361655
63657,0.0003459868603385985
63660,0.007189365103840828
63663,0.0004281790170352906
63666,0.00021639958140440285
63669,0.013388613238930702
63672,0.0025783460587263107
63675,0.0005539646954275668
63678,0.0006978919263929129
63681,0.003882884979248047
63684,0.0005472163902595639
63687,0.0006038128631189466
63690,0.0011781377252191305
63693,0.00023103467538021505
63696,0.023998457938432693
63699,0.010639173910021782
63702,0.0019033970311284065
63705,0.004739704541862011
63708,0.020319240167737007
63711,0.0015550673706457019
63714,0.008568229153752327
63717,0.00047603578423149884
63720,0.006120149977505207
63723,0.0004097500059287995
63726,0.0009696802007965744
63729,0.003103679744526744
63732,0.0006449909415096045
63735,0.0007611679611727595
63738,0.0009644327219575644
63741,0.0007124623516574502
63744,0.0003211795992683619
63747,0.0005851966561749578
63750,0.0004473573644645512
63753,0.0004635268996935338
63756,0.0007663294672966003
63759,0.001369310775771737
63762,0.009547249414026737
63765,0.005681631155312061
63768,0.0005111784557811916
63771,0.0008620958542451262
63774,0.0011485802242532372
63777,0.00037970650009810925
63780,0.0008501714328303933
63783,0.0014259959571063519
63786,0.00041710681398399174
63789,0.0005508079193532467
63792,0.0008597440901212394
63795,0.000646014348603785
63798,0.003152564400807023
63801,0.01510283350944519
63804,0.0007734711980447173
63807,0.00029291625833138824
63810,0.00017134734662249684
63813,0.00024184182984754443
63816,0.0003442541928961873
63819,0.0003478144062682986
63822,0.00048084231093525887
63825,0.0006178476614877582
63828,0.02648370899260044
63831,0.0007642234559170902
63834,0.01569054089486599
63837,0.012685675173997879
63840,0.020403217524290085
63843,0.02502034790813923
63846,0.0009572553681209683
63849,0.010292104445397854
63852,0.005620429292321205
63855,0.001399628585204482
63858,0.008282092399895191
63861,0.0016899071633815765
63864,0.0014489289605990052
63867,0.00024127009965013713
63870,0.019996633753180504
63873,0.0169083159416914
63876,0.016961874440312386
63879,0.0044815135188400745
63882,0.0026044133119285107
63885,0.0007315291441045702
63888,0.010059580206871033
63891,0.0014573405496776104
63894,0.0012383644934743643
63897,0.0006047612987458706
63900,0.002165805781260133
63903,0.0047048586420714855
63906,0.0009963747579604387
63909,0.0005495726363733411
63912,0.0009217430488206446
63915,0.005319639109075069
63918,0.0010092365555465221
63921,0.0007842204067856073
63924,0.0019969898276031017
63927,0.0007166030700318515
63930,0.0144527368247509
63933,0.0005319208721630275
63936,0.0012489375658333302
63939,0.0018906323239207268
63942,0.0010428825626149774
63945,0.024599488824605942
63948,0.008273208513855934
63951,0.0006860075518488884
63954,0.0014841838274151087
63957,0.006078596692532301
63960,0.006398236844688654
63963,0.020536072552204132
63966,0.028017668053507805
63969,0.014810609631240368
63972,0.009221796877682209
63975,0.005762310698628426
63978,0.005065089091658592
63981,0.0006983501370996237
63984,0.010775185190141201
63987,0.03153413534164429
63990,0.0038221979048103094
63993,0.0021289107389748096
63996,0.0008674630662426353
63999,0.008777441456913948
64002,0.0007678254623897374
64005,0.0005386045086197555
64008,0.0009113597916439176
64011,0.005394822917878628
64014,0.0021639561746269464
64017,0.00053477130131796
64020,0.014671240001916885
64023,0.0013283928856253624
64026,0.0005586265469901264
64029,0.0006128212553448975
64032,0.0006248707068152726
64035,0.000222544971620664
64038,0.0070942724123597145
64041,0.001350306672975421
64044,0.0003314291825518012
64047,0.0006046238704584539
64050,0.0006448883796110749
64053,0.0003925359633285552
64056,0.0034814837854355574
64059,0.0004775040433742106
64062,0.0013974584871903062
64065,0.000270582502707839
64068,0.02040373906493187
64071,0.0008572109509259462
64074,0.00023221666924655437
64077,0.00021543072944041342
64080,0.0004963637329638004
64083,0.0004975792253389955
64086,0.00021425467275548726
64089,0.0006165455561131239
64092,0.0004891486605629325
64095,0.00017422778182663023
64098,0.003006650134921074
64101,0.006895596161484718
64104,0.0002631714742165059
64107,0.00337674911133945
64110,0.0002924710279330611
64113,0.00025930238189175725
64116,0.0002540162531659007
64119,0.0030411730986088514
64122,0.0003029478248208761
64125,0.0041700806468725204
64128,0.0007920266943983734
64131,0.006920620333403349
64134,0.05003936216235161
64137,0.0012014819076284766
64140,0.010758550837635994
64143,0.0007326112827286124
64146,0.002138955984264612
64149,0.002417861483991146
64152,0.01293199136853218
64155,0.005495087243616581
64158,0.0014598683919757605
64161,0.0055458033457398415
64164,0.0019237396772950888
64167,0.0025467383675277233
64170,0.008206582628190517
64173,0.006791254971176386
64176,0.0009704060503281653
64179,0.0076249269768595695
64182,0.001798256766051054
64185,0.012464881874620914
64188,0.005362373311072588
64191,0.0006548796663992107
64194,0.012396439909934998
64197,0.00045839673839509487
64200,0.0017754838336259127
64203,0.0018289171857759356
64206,0.0008793054148554802
64209,0.022146085277199745
64212,0.0008335974998772144
64215,0.0005229318630881608
64218,0.006760143209248781
64221,0.0008916342630982399
64224,0.00063105090521276
64227,0.001287534018047154
64230,0.00033496925607323647
64233,0.0013791709206998348
64236,0.0219270009547472
64239,0.0007726632175035775
64242,0.0007420821348205209
64245,0.0002615392440930009
64248,0.002216740045696497
64251,0.00019549837452359498
64254,0.0010236772941425443
64257,0.012925973162055016
64260,0.0002947902830783278
64263,0.0006411679787561297
64266,0.001069499528966844
64269,0.0004440380434971303
64272,0.00036119914148002863
64275,0.00037674966733902693
64278,0.0003480484592728317
64281,0.0005877047078683972
64284,0.00652226572856307
64287,0.0005007509025745094
64290,0.0003852987429127097
64293,0.003136493731290102
64296,0.0004910974530503154
64299,0.0005743795773014426
64302,0.0007291088695637882
64305,0.0010042337235063314
64308,0.0014124653534963727
64311,0.0009160393383353949
64314,0.0029396279715001583
64317,0.0003586467064451426
64320,0.0071885245852172375
64323,0.0002587503404356539
64326,0.0003848309279419482
64329,0.00027302978560328484
64332,0.0004001479537691921
64335,0.0005123324226588011
64338,0.001329462742432952
64341,0.0006726228748448193
64344,0.00025475845905020833
64347,0.0012795865768566728
64350,0.002205654513090849
64353,0.0013184526469558477
64356,0.00033737183548510075
64359,0.0006773883942514658
64362,0.00026393792359158397
64365,0.00040164857637137175
64368,0.00015222877846099436
64371,0.002529608318582177
64374,0.0005887673469260335
64377,0.00023266582866199315
64380,0.0005969404010102153
64383,0.0003163956862408668
64386,0.0036420696415007114
64389,0.019749553874135017
64392,0.000572257093153894
64395,0.0010094169992953539
64398,0.00288220914080739
64401,0.0006608987459912896
64404,0.0014435629127547145
64407,0.008594063110649586
64410,0.004458008334040642
64413,0.0007850200636312366
64416,0.004387706983834505
64419,0.006279058288782835
64422,0.007498402148485184
64425,0.009941023774445057
64428,0.0007196168880909681
64431,0.0005345086101442575
64434,0.0020187285263091326
64437,0.005205034278333187
64440,0.002972513437271118
64443,0.0050362106412649155
64446,0.010447581298649311
64449,0.0007867161184549332
64452,0.0025221984833478928
64455,0.0006521721370518208
64458,0.0004629394388757646
64461,0.009867217391729355
64464,0.010769523680210114
64467,0.007003040984272957
64470,0.0009962966432794929
64473,0.0008407224668189883
64476,0.00034917768789455295
64479,0.0012230864958837628
64482,0.0005186003400012851
64485,0.0008443634724244475
64488,0.0008916498627513647
64491,0.0027205580845475197
64494,0.0007058018236421049
64497,0.0019168556900694966
64500,0.0005699822213500738
64503,0.000397993455408141
64506,0.0010996575001627207
64509,0.00042292382568120956
64512,0.0014198977733030915
64515,0.0003952913102693856
64518,0.00026117393281310797
64521,0.0008718708995729685
64524,0.0016173184849321842
64527,0.0003232833696529269
64530,0.00038584659341722727
64533,0.0008191302767954767
64536,0.0004431018023751676
64539,0.0008541395072825253
64542,0.0007142175454646349
64545,0.0004280678986106068
64548,0.0006366598536260426
64551,0.002002595691010356
64554,0.0002938985708169639
64557,0.0009527418878860772
64560,0.0006690069567412138
64563,0.00217976002022624
64566,0.0005569486529566348
64569,0.000293299846816808
64572,0.0007854817085899413
64575,0.00044441447244025767
64578,0.0054454621858894825
64581,0.0009256706107407808
64584,0.0006138354074209929
64587,0.0024790677707642317
64590,0.004396062344312668
64593,0.000530306831933558
64596,0.0012246519327163696
64599,0.0012700689258053899
64602,0.002160759177058935
64605,0.00071746576577425
64608,0.0005831018788740039
64611,0.0025322448927909136
64614,0.002261853776872158
64617,0.0013039439218118787
64620,0.00034013891126960516
64623,0.0009560417383909225
64626,0.0007080252980813384
64629,0.00028687744634225965
64632,0.0006040935404598713
64635,0.000857375271152705
64638,0.007299716584384441
64641,0.0013977052876725793
64644,0.0002673506969586015
64647,0.0007318751886487007
64650,0.011539868079125881
64653,0.001287687337026
64656,0.00016038483590818942
64659,0.00863629300147295
64662,0.0008955218363553286
64665,0.0003252043097745627
64668,0.003582168137654662
64671,0.0002089909976348281
64674,0.0006817671237513423
64677,0.007081541232764721
64680,0.008476358838379383
64683,0.001967446180060506
64686,0.0006756186485290527
64689,0.0035240324214100838
64692,0.0002415975759504363
64695,0.0011148561025038362
64698,0.00031216011848300695
64701,0.015774551779031754
64704,0.00034736067755147815
64707,0.0007556328200735152
64710,0.0005876904469914734
64713,0.0006677574710920453
64716,0.0002169955987483263
64719,0.0006411905633285642
64722,0.0010469232220202684
64725,0.0003694898041430861
64728,0.0016261443961411715
64731,0.0008239931194111705
64734,0.012608474120497704
64737,0.0007589551387354732
64740,0.001789744128473103
64743,0.0009157275198958814
64746,0.0002107199397869408
64749,0.0005887117004022002
64752,0.0028497574385255575
64755,0.00015869953494984657
64758,0.00033083962625823915
64761,0.0003903118195012212
64764,0.0003518297744449228
64767,0.001290817279368639
64770,0.0007057233015075326
64773,0.00046664770343340933
64776,0.0003978937165811658
64779,0.0007535925833508372
64782,0.0004043643129989505
64785,0.0003119449829682708
64788,0.00045509100891649723
64791,0.0031118555925786495
64794,0.003181743435561657
64797,0.00045732807484455407
64800,0.0002771303988993168
64803,0.00035452991141937673
64806,0.0004023372894152999
64809,0.0006513638654723763
64812,0.0004256649117451161
64815,0.0003897539572790265
64818,0.0002936793025583029
64821,0.015478096902370453
64824,0.001729469746351242
64827,0.0002994186361320317
64830,0.0011924388818442822
64833,0.0005891765467822552
64836,0.00018374627688899636
64839,0.0004354080883786082
64842,0.00043433019891381264
64845,0.00030340353259816766
64848,0.0002429009327897802
64851,0.00023280238383449614
64854,0.00014726381050422788
64857,0.0005040730466134846
64860,0.00023994719958864152
64863,0.0004955081967636943
64866,0.00018101767636835575
64869,0.0004340867744758725
64872,0.0009271943708881736
64875,0.00016134866746142507
64878,0.00024305767146870494
64881,0.0005499606486409903
64884,0.00010099625797010958
64887,0.0010333550162613392
64890,0.000327674817526713
64893,0.00023188709747046232
64896,0.0010894122533500195
64899,0.0005912432679906487
64902,0.00013956021575722843
64905,0.000603208492975682
64908,0.0003154093574266881
64911,0.00024421056150458753
64914,0.0007861919002607465
64917,0.00013204585411585867
64920,9.559383033774793e-05
64923,0.0003157705650664866
64926,0.00023996346862986684
64929,0.00022244005231186748
64932,0.0003676087944768369
64935,7.85465890658088e-05
64938,0.00014634840772487223
64941,0.0005686331423930824
64944,0.00019053475989494473
64947,0.00019590251031331718
64950,0.00019071283168159425
64953,0.0003095670836046338
64956,0.00020674547704402357
64959,0.001003994490019977
64962,0.0016453774878755212
64965,0.004573247395455837
64968,0.0010980097576975822
64971,0.005934298038482666
64974,0.028195152059197426
64977,0.0015184516087174416
64980,0.014368549920618534
64983,0.0004954333417117596
64986,0.0003408000338822603
64989,0.0003281621902715415
64992,0.0007087294943630695
64995,0.0005941400304436684
64998,0.0002533587394282222
65001,0.0010757440468296409
65004,0.002692875452339649
65007,0.00030043761944398284
65010,0.00020258287258911878
65013,0.013315623626112938
65016,0.0004501200746744871
65019,0.006908962968736887
65022,0.004081320483237505
65025,0.012787614949047565
65028,0.004557567182928324
65031,0.0007143248803913593
65034,0.007419902365654707
65037,0.00046354165533557534
65040,0.02912026084959507
65043,0.0011349024716764688
65046,0.0025988875422626734
65049,0.026261871680617332
65052,0.0013217671075835824
65055,0.0006566150113940239
65058,0.0006054163677617908
65061,0.037688471376895905
65064,0.00020500068785622716
65067,0.0066169509664177895
65070,0.025314204394817352
65073,0.0006482566823251545
65076,0.00048315097228623927
65079,0.0004427693202160299
65082,0.00020151450007688254
65085,0.006804934237152338
65088,0.0004604893329087645
65091,0.0004729213542304933
65094,0.008671490475535393
65097,0.0009611205314286053
65100,0.0003758263192139566
65103,0.00021348368318285793
65106,0.0022843230981379747
65109,0.014244750142097473
65112,0.02696920745074749
65115,0.029979877173900604
65118,0.011232242919504642
65121,0.0005876227514818311
65124,0.0011949109612032771
65127,0.001913390471599996
65130,0.001291650696657598
65133,0.0012185645755380392
65136,0.006591068580746651
65139,0.018740996718406677
65142,0.0005205749766901135
65145,0.02318265475332737
65148,0.0011169298086315393
65151,0.00048672844422981143
65154,0.0005991129437461495
65157,0.005988143850117922
65160,0.0030830546747893095
65163,0.0002717284660320729
65166,0.0006933654076419771
65169,0.0004220211994834244
65172,0.008784979581832886
65175,0.0014291189145296812
65178,0.007262063678354025
65181,0.0006908494979143143
65184,0.000562980945687741
65187,0.003244786523282528
65190,0.009737242013216019
65193,0.002921092789620161
65196,0.00024591601686552167
65199,0.0007271582144312561
65202,0.00020184475579299033
65205,0.01339538674801588
65208,0.0005642041796818376
65211,0.008044162765145302
65214,0.0013103393139317632
65217,0.003838328178972006
65220,0.002763135824352503
65223,0.005671938881278038
65226,0.03641842305660248
65229,0.009038195013999939
65232,0.0010210643522441387
65235,0.005424470640718937
65238,0.008811648935079575
65241,0.0027413947973400354
65244,0.010941259562969208
65247,0.000667097803670913
65250,0.0005245928186923265
65253,0.0030903262086212635
65256,0.007239231839776039
65259,0.005534349475055933
65262,0.006312002893537283
65265,0.00988500565290451
65268,0.0045586153864860535
65271,0.0006927038775756955
65274,0.02483265846967697
65277,0.0029457653872668743
65280,0.0014383934903889894
65283,0.0004998133517801762
65286,0.0037568858824670315
65289,0.0010750580113381147
65292,0.0007146474090404809
65295,0.0015682957600802183
65298,0.0005016493378207088
65301,0.001871007843874395
65304,0.00101269013248384
65307,0.000822839851025492
65310,0.013791210949420929
65313,0.0013959211064502597
65316,0.005205665249377489
65319,0.004764704033732414
65322,0.004700846504420042
65325,0.006525251083076
65328,0.00047270761569961905
65331,0.0007353764958679676
65334,0.0006280734669417143
65337,0.0003782847197726369
65340,0.025453317910432816
65343,0.006889466196298599
65346,0.0006543847848661244
65349,0.0011108068283647299
65352,0.0038911199662834406
65355,0.0011298818280920386
65358,0.004909048322588205
65361,0.0007723596645519137
65364,0.00022156862542033195
65367,0.00035889894934371114
65370,0.0008376294281333685
65373,0.028327349573373795
65376,0.0025561735965311527
65379,0.0004259146808180958
65382,0.0046076225116848946
65385,0.00043949365499429405
65388,0.03730858117341995
65391,0.004449087660759687
65394,0.01869400404393673
65397,0.003711728611961007
65400,0.0010528105776757002
65403,0.001081742811948061
65406,0.003030704567208886
65409,0.00024029660562518984
65412,0.0005677211447618902
65415,0.0003049009828828275
65418,0.00048596292617730796
65421,0.0003343802527524531
65424,0.0003417340631131083
65427,0.0005437836516648531
65430,0.0006362614803947508
65433,0.00026551695191301405
65436,0.0013222782872617245
65439,0.00047306151827797294
65442,0.0006597517058253288
65445,0.0004281346045900136
65448,0.0013238603714853525
65451,0.0003755142097361386
65454,0.00041573646012693644
65457,0.00040059606544673443
65460,0.0003061220049858093
65463,0.0003386298776604235
65466,0.0007370364619418979
65469,0.00029315886786207557
65472,0.002376242307946086
65475,0.00047444351366721094
65478,0.00044465792598202825
65481,0.00033609839738346636
65484,0.0028580245561897755
65487,0.002530470257624984
65490,0.003201050218194723
65493,0.00020836564362980425
65496,0.025546535849571228
65499,0.004727971740067005
65502,0.0005335300811566412
65505,0.006729240994900465
65508,0.010096682235598564
65511,0.005504055414348841
65514,0.0024688648991286755
65517,0.02433340810239315
65520,0.00035322955227456987
65523,0.00037925958167761564
65526,0.000998924020677805
65529,0.013395006768405437
65532,0.0018803742714226246
65535,0.0002811634331010282
65538,0.00034279117244295776
65541,0.0003670757287181914
65544,0.0007708187331445515
65547,0.00043471090612001717
65550,0.0014734141295775771
65553,0.017972979694604874
65556,0.0036383592523634434
65559,0.0005235325079411268
65562,0.00016966924886219203
65565,0.0017905664863064885
65568,0.005752206780016422
65571,0.000355222902726382
65574,0.0023777338210493326
65577,0.008217358030378819
65580,0.00019565045658964664
65583,0.010441207326948643
65586,0.00017831564764492214
65589,0.005712884943932295
65592,0.0005374139291234314
65595,0.0005112419603392482
65598,0.0012687583221122622
65601,0.024973051622509956
65604,0.002892998978495598
65607,0.0004846643132623285
65610,0.00016785964544396847
65613,0.0002468731254339218
65616,0.002455199370160699
65619,0.0002153603418264538
65622,0.0002322864456800744
65625,0.0002608297800179571
65628,0.00847456231713295
65631,0.0003815185045823455
65634,0.0003961765905842185
65637,0.001416599377989769
65640,0.0002707013627514243
65643,0.00015511945821344852
65646,0.0008466200670227408
65649,0.00022221777180675417
65652,0.02095065824687481
65655,0.0005059543764218688
65658,0.0008622670429758728
65661,0.0002481895498931408
65664,0.0006912886165082455
65667,0.00027934141689911485
65670,0.007125913631170988
65673,0.0003193679731339216
65676,0.0007810640963725746
65679,0.0027987367939203978
65682,0.0207691453397274
65685,0.0017415283946320415
65688,0.0017906103748828173
65691,0.0011304017389193177
65694,0.000224134317249991
65697,0.0018554979469627142
65700,0.0014027233701199293
65703,0.0011401452356949449
65706,0.002520086709409952
65709,0.001321869669482112
65712,0.00924554094672203
65715,0.0022377334535121918
65718,0.0007961824303492904
65721,0.00022829833324067295
65724,0.01749778538942337
65727,0.0026438329368829727
65730,0.002314034616574645
65733,0.005686161108314991
65736,0.00619336124509573
65739,0.0035882957745343447
65742,0.005834847688674927
65745,0.0010378137230873108
65748,0.017781496047973633
65751,0.0011258311569690704
65754,0.0016304205637425184
65757,0.0009164311923086643
65760,0.0051177372224628925
65763,0.01606123149394989
65766,0.0013058546464890242
65769,0.0018967066425830126
65772,0.011407328769564629
65775,0.0008426666026934981
65778,0.004340302664786577
65781,0.004432251676917076
65784,0.0032343592029064894
65787,0.0010992331663146615
65790,0.003068942576646805
65793,0.0019301301799714565
65796,0.0007610890315845609
65799,0.0013795493869110942
65802,0.006335551850497723
65805,0.01161116361618042
65808,0.02199579030275345
65811,0.013045570813119411
65814,0.0014414640609174967
65817,0.0013681359123438597
65820,0.007299280725419521
65823,0.001644457341171801
65826,0.012114182114601135
65829,0.003366319229826331
65832,0.01351819559931755
65835,0.0090025020763278
65838,0.0005013495683670044
65841,0.006643251981586218
65844,0.0013375321868807077
65847,0.0011722971685230732
65850,0.000415610644267872
65853,0.0076728821732103825
65856,0.0017774875741451979
65859,0.000730159692466259
65862,0.014714229851961136
65865,0.0006285502458922565
65868,0.01218691747635603
65871,0.001228164997883141
65874,0.012374267913401127
65877,0.0298821572214365
65880,0.0032838040497153997
65883,0.0010187029838562012
65886,0.00401554349809885
65889,0.00041347515070810914
65892,0.014515679329633713
65895,0.0024307474959641695
65898,0.00361876399256289
65901,0.0004801020841114223
65904,0.000506996235344559
65907,0.0014544632285833359
65910,0.000515853869728744
65913,0.00040435107075609267
65916,0.001496005104854703
65919,0.0007417969754897058
65922,0.004096748307347298
65925,0.0016679714899510145
65928,0.011141815222799778
65931,0.0048700557090342045
65934,0.009499166160821915
65937,0.0006331868935376406
65940,0.026471566408872604
65943,0.011572908610105515
65946,0.0013763944152742624
65949,0.0014504374703392386
65952,0.0003970246179960668
65955,0.0006834547384642065
65958,0.0011513280915096402
65961,0.0007225766312330961
65964,0.004537086933851242
65967,0.000466691330075264
65970,0.01789180375635624
65973,0.00040839958819560707
65976,0.001179868821054697
65979,0.0009653979213908315
65982,0.0017609235364943743
65985,0.015709690749645233
65988,0.00032757414737716317
65991,0.0008038232335820794
65994,0.0004213092033751309
65997,0.0014635154511779547
66000,0.0025693129282444715
66003,0.01977699063718319
66006,0.0008792564040049911
66009,0.02297811396420002
66012,0.025033803656697273
66015,0.00273459916934371
66018,0.022343670949339867
66021,0.002915267599746585
66024,0.000469779857667163
66027,0.0005811201990582049
66030,0.021796468645334244
66033,0.00300983595661819
66036,0.004413997288793325
66039,0.000424306548666209
66042,0.006196826696395874
66045,0.0006617088802158833
66048,0.00041562356636859477
66051,0.014686397276818752
66054,0.00311660417355597
66057,0.009788569994270802
66060,0.0005640225135721266
66063,0.024110129103064537
66066,0.006863982416689396
66069,0.015321489423513412
66072,0.0008844237308949232
66075,0.0023255031555891037
66078,0.0015467886114493012
66081,0.00046879687579348683
66084,0.0003851463261526078
66087,0.00036263433867134154
66090,0.0006455066613852978
66093,0.001198320067487657
66096,0.00700578186661005
66099,0.0024151280522346497
66102,0.0018671194557100534
66105,0.0032503418624401093
66108,0.0003408118791412562
66111,0.005914517678320408
66114,0.0061911894008517265
66117,0.001475678407587111
66120,0.001454256009310484
66123,0.0012896336847916245
66126,0.0013167066499590874
66129,0.0004396940057631582
66132,0.0004399999452289194
66135,0.002404422964900732
66138,0.002264847047626972
66141,0.00040878771687857807
66144,0.00277365162037313
66147,0.0005374897737056017
66150,0.001204898813739419
66153,0.0005194860277697444
66156,0.0016548201674595475
66159,0.00044627056922763586
66162,0.0013444788055494428
66165,0.0007514337776228786
66168,0.008944659493863583
66171,0.0005897918017581105
66174,0.00035743307671509683
66177,0.00038454344030469656
66180,0.001088391407392919
66183,0.0003118686145171523
66186,0.0003617988550104201
66189,0.0031977843027561903
66192,0.000899153936188668
66195,0.0005795253091491759
66198,0.0006416921387426555
66201,0.0003782089042942971
66204,0.0002472062478773296
66207,0.004752594046294689
66210,0.0022811710368841887
66213,0.03302217647433281
66216,0.0056274766102433205
66219,0.0010470796842128038
66222,0.0015425534220412374
66225,0.0002654636336956173
66228,0.0027285346295684576
66231,0.0006764709251001477
66234,0.0018342632101848722
66237,0.00047328657819889486
66240,0.003559970995411277
66243,0.0003092813421972096
66246,0.000319347542244941
66249,0.000751602987293154
66252,0.0004633687494788319
66255,0.010561129078269005
66258,0.0036549014039337635
66261,0.002014574594795704
66264,0.0008605974726378918
66267,0.001610479550436139
66270,0.00035715335980057716
66273,0.00035391090204939246
66276,0.007822121493518353
66279,0.0012657399056479335
66282,0.000732292712200433
66285,0.012131788767874241
66288,0.0010083088418468833
66291,0.000872765900567174
66294,0.0027885506860911846
66297,0.001265407307073474
66300,0.00044361629988998175
66303,0.0009566716034896672
66306,0.000435182882938534
66309,0.047554537653923035
66312,0.0006020679138600826
66315,0.0003803560684900731
66318,0.000300390413030982
66321,0.002745851408690214
66324,0.0016537609044462442
66327,0.0016005595680326223
66330,0.006121473386883736
66333,0.0004156715585850179
66336,0.00023825885728001595
66339,0.0017798806075006723
66342,0.002358641242608428
66345,0.007839720696210861
66348,0.0008962161373347044
66351,0.0011093629291281104
66354,0.0013713932130485773
66357,0.000557732826564461
66360,0.016368696466088295
66363,0.0002587118069641292
66366,0.00039946514880284667
66369,0.0006138680037111044
66372,0.0006714961491525173
66375,0.00048448832239955664
66378,0.002945465035736561
66381,0.0003528944798745215
66384,0.0017250082455575466
66387,0.00104880565777421
66390,0.00022235179494600743
66393,0.00022719227126799524
66396,0.0003871654043905437
66399,0.0004123506660107523
66402,0.00034329574555158615
66405,0.000567506009247154
66408,0.0017932255286723375
66411,0.000873322831466794
66414,0.0005626330384984612
66417,0.0006174752488732338
66420,0.0007303339662030339
66423,0.002451344160363078
66426,0.001207193941809237
66429,0.001448586001060903
66432,0.014155138283967972
66435,0.0005275478470139205
66438,0.005098666995763779
66441,0.0007619586540386081
66444,0.00033507717307657003
66447,0.0003950827522203326
66450,0.0034001856110990047
66453,0.023623621091246605
66456,0.0014276914298534393
66459,0.0002922634594142437
66462,0.0003394554369151592
66465,0.025339724496006966
66468,0.0016410895623266697
66471,0.00042403454426676035
66474,0.008496236056089401
66477,0.00047314600669778883
66480,0.013039338402450085
66483,0.003222658298909664
66486,0.0008657247526571155
66489,0.0011231998214498162
66492,0.00921107828617096
66495,0.0002503472787793726
66498,0.00024734975886531174
66501,0.0020582308061420918
66504,0.0005151329096406698
66507,0.0007011934649199247
66510,0.0008462753030471504
66513,0.0009573869756422937
66516,0.00048300865455530584
66519,0.00033919111592695117
66522,0.00038270006189122796
66525,0.001742193242534995
66528,0.00016180233797058463
66531,0.0003870012587867677
66534,0.00022998714121058583
66537,0.0005897362716495991
66540,0.0010482947109267116
66543,0.0007996651693247259
66546,0.015315044671297073
66549,0.0002766429679468274
66552,0.00047663337318226695
66555,0.023729626089334488
66558,0.004472322296351194
66561,0.0006001060246489942
66564,0.00834412220865488
66567,0.013145866803824902
66570,0.015270443633198738
66573,0.03827425464987755
66576,0.0010160485981032252
66579,0.0008838718640618026
66582,0.025836432352662086
66585,0.016038766130805016
66588,0.0016923320945352316
66591,0.006586956791579723
66594,0.0005209484370425344
66597,0.0006435423856601119
66600,0.0006020818836987019
66603,0.00418141670525074
66606,0.0014996826648712158
66609,0.0007484505185857415
66612,0.0030000919941812754
66615,0.014887489378452301
66618,0.020055921748280525
66621,0.006429237313568592
66624,0.0009214577148668468
66627,0.0007883124053478241
66630,0.005807777866721153
66633,0.0019017276354134083
66636,0.006613533478230238
66639,0.0017516985535621643
66642,0.018572786822915077
66645,0.0004912731237709522
66648,0.002420396078377962
66651,0.01385549083352089
66654,0.0005527792382054031
66657,0.001488231122493744
66660,0.0007303988095372915
66663,0.00041352107655256987
66666,0.004621772561222315
66669,0.003764593740925193
66672,0.002882787026464939
66675,0.007677542511373758
66678,0.0007602924015372992
66681,0.007985874079167843
66684,0.0006564728100784123
66687,0.03503187745809555
66690,0.052850641310214996
66693,0.0008510246407240629
66696,0.0017846255796030164
66699,0.001455096760764718
66702,0.005676347762346268
66705,0.0031707945745438337
66708,0.008878505788743496
66711,0.0007707681506872177
66714,0.003106363583356142
66717,0.0027214542496949434
66720,0.03099203296005726
66723,0.0011227380018681288
66726,0.0020744665525853634
66729,0.003912386484444141
66732,0.0056786914356052876
66735,0.0002988477936014533
66738,0.003295143600553274
66741,0.00041706074262037873
66744,0.0009500343585386872
66747,0.0013386745704337955
66750,0.006427478976547718
66753,0.029647886753082275
66756,0.005919721908867359
66759,0.0005481319967657328
66762,0.01502081286162138
66765,0.003310800762847066
66768,0.00041925522964447737
66771,0.0010643170680850744
66774,0.002431021071970463
66777,0.0172688290476799
66780,0.041423406451940536
66783,0.001417345367372036
66786,0.002252126345410943
66789,0.008821710012853146
66792,0.017779553309082985
66795,0.0011712249834090471
66798,0.001163559383712709
66801,0.001503632520325482
66804,0.0006950867245905101
66807,0.0011254134587943554
66810,0.0025893556885421276
66813,0.002198441419750452
66816,0.0013156828936189413
66819,0.005458507686853409
66822,0.0031890913378447294
66825,0.013198046013712883
66828,0.030666880309581757
66831,0.00423206202685833
66834,0.014959249645471573
66837,0.002477859379723668
66840,0.015368438325822353
66843,0.0006022256566211581
66846,0.00044817186426371336
66849,0.013297317549586296
66852,0.002774953842163086
66855,0.0008820463554002345
66858,0.003487963695079088
66861,0.00033366933348588645
66864,0.05450687184929848
66867,0.0013673773501068354
66870,0.0008045528084039688
66873,0.012687844224274158
66876,0.0009816131787374616
66879,0.003604945493862033
66882,0.003908115439116955
66885,0.014449508860707283
66888,0.0003853978414554149
66891,0.0013342731399461627
66894,0.00032858512713573873
66897,0.0027095612604171038
66900,0.000641011050902307
66903,0.003798659425228834
66906,0.023258063942193985
66909,0.0010689031332731247
66912,0.001627576188184321
66915,0.0009819454280659556
66918,0.0031008939258754253
66921,0.001036394271068275
66924,0.0009237510967068374
66927,0.00449344702064991
66930,0.002660739701241255
66933,0.0005261655896902084
66936,0.0009074641857296228
66939,0.0003197279875166714
66942,0.001798212993890047
66945,0.0004054721794091165
66948,0.00021202377683948725
66951,0.013337157666683197
66954,0.005339279770851135
66957,0.03752206638455391
66960,0.013710464350879192
66963,0.008020766079425812
66966,0.00044869945850223303
66969,0.003052277024835348
66972,0.0077498420141637325
66975,0.0004884444060735404
66978,0.003955412190407515
66981,0.0015710853040218353
66984,0.004770312923938036
66987,0.017072327435016632
66990,0.002422960940748453
66993,0.018234921619296074
66996,0.0005473152850754559
66999,0.01984896883368492
67002,0.0021551805548369884
67005,0.002537609776481986
67008,0.0002997279807459563
67011,0.00044091156451031566
67014,0.0002262950292788446
67017,0.0005031605251133442
67020,0.0005492053460329771
67023,0.0004742931923829019
67026,0.0007570433663204312
67029,0.001605374040082097
67032,0.00047535524936392903
67035,0.009794220328330994
67038,0.012978225015103817
67041,0.0007075523608364165
67044,0.001483431551605463
67047,0.004418278578668833
67050,0.0005526538006961346
67053,0.0032172915525734425
67056,0.00950768031179905
67059,0.0004513753519859165
67062,0.0006171588320285082
67065,0.012654298916459084
67068,0.015062123537063599
67071,0.001946368720382452
67074,0.007771327160298824
67077,0.04049994423985481
67080,0.0009329034946858883
67083,0.0022050344850867987
67086,0.01378818228840828
67089,0.001132164616137743
67092,0.001259653945453465
67095,0.007252225186675787
67098,0.0008326558163389564
67101,0.00027409603353589773
67104,0.006460120901465416
67107,0.0019512333674356341
67110,0.0009068644139915705
67113,0.0015793931670486927
67116,0.013135463930666447
67119,0.020168952643871307
67122,0.001891309511847794
67125,0.008106863126158714
67128,0.0014137309044599533
67131,0.0006620444473810494
67134,0.016446882858872414
67137,0.0007786969654262066
67140,0.0010287263430655003
67143,0.0006189821870066226
67146,0.0005316355964168906
67149,0.0007663486758247018
67152,0.0003170667332597077
67155,0.00041334397974424064
67158,0.0004479166236706078
67161,0.0003632259904406965
67164,0.00043956414447166026
67167,0.0004012633871752769
67170,0.0004999565426260233
67173,0.0004550274461507797
67176,0.00021565708448179066
67179,0.0013571421150118113
67182,0.000601111096329987
67185,0.0007319598225876689
67188,0.0007536932826042175
67191,0.0003064495394937694
67194,0.0006049248040653765
67197,0.0016794592374935746
67200,0.000474681262858212
67203,0.00965881533920765
67206,0.00021737662609666586
67209,0.00011383997480152175
67212,0.0003720609820447862
67215,0.00034825829789042473
67218,0.0001966782583622262
67221,0.00015876840916462243
67224,0.0004497559857554734
67227,0.021565763279795647
67230,0.00042522908188402653
67233,0.00982479564845562
67236,0.00021451256179716438
67239,0.00047742569586262107
67242,0.0001503407838754356
67245,0.00021994923008605838
67248,0.00021078725694678724
67251,0.0025636968202888966
67254,0.004240819718688726
67257,0.00036975002149119973
67260,0.00031457291333936155
67263,0.0001892815052997321
67266,0.0013082183431833982
67269,0.0005602251621894538
67272,0.0002599051222205162
67275,0.0005300066550262272
67278,0.00166677450761199
67281,0.00013367952487897128
67284,0.006500221323221922
67287,0.01549615990370512
67290,0.00032012868905439973
67293,0.0006589191616512835
67296,0.0001642804709263146
67299,0.0003762150590773672
67302,0.01554708369076252
67305,0.00029072409961372614
67308,0.0004039208870381117
67311,0.0011266421061009169
67314,0.0011033937335014343
67317,0.00021339338854886591
67320,0.0006630211719311774
67323,0.0007384880445897579
67326,0.0008091774652712047
67329,0.0001895179448183626
67332,0.0006706974236294627
67335,0.0001750265946611762
67338,0.00012050587974954396
67341,0.0021738940849900246
67344,0.011576473712921143
67347,0.0027322755195200443
67350,0.023463968187570572
67353,0.0005715481238439679
67356,0.000133382054627873
67359,0.019952168688178062
67362,0.00037839781725779176
67365,0.016704251989722252
67368,0.0003027718630619347
67371,0.0008363110246136785
67374,0.0003182852524332702
67377,0.0010307719931006432
67380,0.0001748249342199415
67383,0.0060734315775334835
67386,0.01378607377409935
67389,0.001850870088674128
67392,0.00027108745416626334
67395,0.00030271385912783444
67398,0.00040288688614964485
67401,0.0026595857925713062
67404,0.004843513481318951
67407,0.0004340355808380991
67410,0.0004237270331941545
67413,0.0002446061698719859
67416,0.00028338871197775006
67419,0.010905568487942219
67422,0.0023018105421215296
67425,0.00034194104955531657
67428,0.0002720464253798127
67431,0.002503019757568836
67434,0.00034526409581303596
67437,0.007294671609997749
67440,0.0005905319121666253
67443,0.0001701737055554986
67446,0.000295238452963531
67449,0.0002804403193295002
67452,0.0004498097114264965
67455,0.001138473628088832
67458,0.002352521987631917
67461,0.008243697695434093
67464,0.0010379806626588106
67467,0.001570877037011087
67470,0.005964846350252628
67473,0.007766493130475283
67476,0.005810386501252651
67479,0.003596638794988394
67482,0.01484790537506342
67485,0.0007712739752605557
67488,0.002354184165596962
67491,0.000496142019983381
67494,0.0007866743835620582
67497,0.002812035847455263
67500,0.0010610675672069192
67503,0.0005726927192881703
67506,0.00037284745485521853
67509,0.018579671159386635
67512,0.04219534993171692
67515,0.0047618187963962555
67518,0.0007111149607226253
67521,0.009974842891097069
67524,0.00036276961327530444
67527,0.0004017956380266696
67530,0.0011181223671883345
67533,0.00227542407810688
67536,0.00022803920728620142
67539,0.0010007757227867842
67542,0.0005763550288975239
67545,0.0013128381688147783
67548,0.0028494889847934246
67551,0.0008410711889155209
67554,0.00023231618979480118
67557,0.002835268620401621
67560,0.0009000969002954662
67563,0.0010912951547652483
67566,0.0005488221650011837
67569,0.0003184824890922755
67572,0.00048769963905215263
67575,0.0037450860254466534
67578,0.0004960645455867052
67581,0.0003676859778352082
67584,0.00039501427090726793
67587,0.0004225483862683177
67590,0.00030515220714733005
67593,0.0005202356842346489
67596,0.00020814730669371784
67599,0.00012072375102434307
67602,0.00028345343889668584
67605,0.00022209284361451864
67608,0.0003308920713607222
67611,0.0010398724116384983
67614,0.0005512202042154968
67617,0.0005839717923663557
67620,0.00011884290142916143
67623,0.0004385869251564145
67626,0.0002318411279702559
67629,0.0001605809957254678
67632,0.00017817234038375318
67635,0.00022375538537744433
67638,0.00036055227974429727
67641,0.0002724780351854861
67644,0.00030218102619983256
67647,0.00018159585306420922
67650,0.00017778215988073498
67653,0.0013822776963934302
67656,0.00026269248337484896
67659,0.007364412769675255
67662,0.0018508222419768572
67665,0.00612206757068634
67668,0.00424341531470418
67671,0.00022246806474868208
67674,0.00026037590578198433
67677,0.02605859562754631
67680,0.001437387545593083
67683,0.0004218092071823776
67686,0.0004006182716693729
67689,0.0051389336585998535
67692,0.007077338639646769
67695,0.0027100914157927036
67698,0.0019036880694329739
67701,0.0039919111877679825
67704,0.0006438549607992172
67707,0.0007519263308495283
67710,0.003487286390736699
67713,0.0005221115425229073
67716,0.0040096137672662735
67719,0.000537256128154695
67722,0.0004128838190808892
67725,0.00024009925255086273
67728,0.00026078414521180093
67731,0.00022443552734330297
67734,0.010065782815217972
67737,0.0002711258130148053
67740,0.017383718863129616
67743,0.0005015037022531033
67746,0.0011749976547434926
67749,0.0006174686714075506
67752,0.0029548616148531437
67755,0.010093380697071552
67758,0.012978586368262768
67761,0.0016811417881399393
67764,0.005995710846036673
67767,0.000999555573798716
67770,0.0004456179158296436
67773,0.0009912691311910748
67776,0.0006287192809395492
67779,0.0044660912826657295
67782,0.0024214666336774826
67785,0.0007959412760101259
67788,0.00476298900321126
67791,0.0007521091611124575
67794,0.03291763737797737
67797,0.0007000673213042319
67800,0.0014422794338315725
67803,0.012362970970571041
67806,0.0005344679811969399
67809,0.004417211748659611
67812,0.002540210261940956
67815,0.0006892390665598214
67818,0.01060813944786787
67821,0.012918557971715927
67824,0.011590536683797836
67827,0.0005871340399608016
67830,0.005010697990655899
67833,0.0018709134310483932
67836,0.0024950297083705664
67839,0.006199114955961704
67842,0.0006242651725187898
67845,0.001466230722144246
67848,0.0013998732902109623
67851,0.0011675301939249039
67854,0.0006179132615216076
67857,0.0006451806402765214
67860,0.0015248245326802135
67863,0.0015505831688642502
67866,0.0012500054435804486
67869,0.0015400021802634
67872,0.0008694314165040851
67875,0.0005323264049366117
67878,0.0019742439035326242
67881,0.0006359940161928535
67884,0.0003448938368819654
67887,0.001512858085334301
67890,0.0006707857828587294
67893,0.00028149900026619434
67896,0.0013615459902212024
67899,0.0004822592018172145
67902,0.00116552016697824
67905,0.0006437372067011893
67908,0.013602085411548615
67911,0.0013629671884700656
67914,0.0005387606797739863
67917,0.0003943399351555854
67920,0.0008900246466509998
67923,0.000735414563678205
67926,0.02795262262225151
67929,0.012317894026637077
67932,0.013313074596226215
67935,0.0008446548599749804
67938,0.0004174318164587021
67941,0.02531643584370613
67944,0.0003827157197520137
67947,0.0012427225010469556
67950,0.007790853269398212
67953,0.00453395489603281
67956,0.0004358420555945486
67959,0.0004961947561241686
67962,0.0003206911205779761
67965,0.0006294224876910448
67968,0.0037847794592380524
67971,0.0009410695056430995
67974,0.00045635580318048596
67977,0.014168508350849152
67980,0.02038681134581566
67983,0.004230134654790163
67986,0.0008876532665453851
67989,0.0036848229356110096
67992,0.0006425039609894156
67995,0.002835592720657587
67998,0.002247689990326762
68001,0.022873446345329285
68004,0.001609941478818655
68007,0.0007091732113622129
68010,0.0005115359672345221
68013,0.0021888024639338255
68016,0.0026949436869472265
68019,0.008549900725483894
68022,0.005742883775383234
68025,0.0045523326843976974
68028,0.0006079855374991894
68031,0.0007495591416954994
68034,0.0007543851970694959
68037,0.005302652716636658
68040,0.025645550340414047
68043,0.006148986518383026
68046,0.017762694507837296
68049,0.022877415642142296
68052,0.028960658237338066
68055,0.0008337075123563409
68058,0.006592732388526201
68061,0.0004694328526966274
68064,0.0013920188648626208
68067,0.014879019930958748
68070,0.002402832265943289
68073,0.0007243554573506117
68076,0.0053876060992479324
68079,0.00037161741056479514
68082,0.00026269303634762764
68085,0.001813939306885004
68088,0.0004928605630993843
68091,0.015275581739842892
68094,0.020062820985913277
68097,0.00047132145846262574
68100,0.004960766062140465
68103,0.005083360709249973
68106,0.0009745691204443574
68109,0.002080773701891303
68112,0.00046100918552838266
68115,0.002057981211692095
68118,0.00605451874434948
68121,0.004415042698383331
68124,0.025086745619773865
68127,0.03034389577805996
68130,0.0027938252314925194
68133,0.0008778685587458313
68136,0.0033137451391667128
68139,0.0006333715282380581
68142,0.03223227337002754
68145,0.0005976644461043179
68148,0.001950040808878839
68151,0.0014138483675196767
68154,0.016063235700130463
68157,0.0008132018847391009
68160,0.00132464908529073
68163,0.0021466005127876997
68166,0.0020847516134381294
68169,0.0003917021385859698
68172,0.0005571298534050584
68175,0.0005648923106491566
68178,0.0008975609671324492
68181,0.0003614794695749879
68184,0.0008569935453124344
68187,0.0004708732885774225
68190,0.004948756657540798
68193,0.0008445375133305788
68196,0.0008214107947424054
68199,0.0003015887923538685
68202,0.002033269265666604
68205,0.0004255587700754404
68208,0.0005055504734627903
68211,0.0005276691517792642
68214,0.0008972518844529986
68217,0.0004930635914206505
68220,0.004363936372101307
68223,0.0004529827565420419
68226,0.011828040704131126
68229,0.0333472304046154
68232,0.008240324445068836
68235,0.001269079279154539
68238,0.016828732565045357
68241,0.002036483259871602
68244,0.007726309821009636
68247,0.0013936844188719988
68250,0.0008337167091667652
68253,0.007338042836636305
68256,0.013568485155701637
68259,0.004462395794689655
68262,0.004825092852115631
68265,0.00200072955340147
68268,0.003035423345863819
68271,0.002595186000689864
68274,0.01658281497657299
68277,0.0014661637833341956
68280,0.001144086243584752
68283,0.009104800410568714
68286,0.014077696949243546
68289,0.0009093640837818384
68292,0.016533078625798225
68295,0.015414319932460785
68298,0.007380712777376175
68301,0.0011160623980686069
68304,0.009963944554328918
68307,0.03046218492090702
68310,0.00453949673101306
68313,0.013945670798420906
68316,0.0010129627771675587
68319,0.03197842836380005
68322,0.0006402517901733518
68325,0.009403055533766747
68328,0.0008660028106532991
68331,0.00860332977026701
68334,0.012845396995544434
68337,0.02374257706105709
68340,0.00046026453492231667
68343,0.021715883165597916
68346,0.009731477126479149
68349,0.023412035778164864
68352,0.015359568409621716
68355,0.0009346650913357735
68358,0.005119853653013706
68361,0.0030684664379805326
68364,0.013066151179373264
68367,0.003562994534149766
68370,0.006006784271448851
68373,0.01034102588891983
68376,0.0031554645393043756
68379,0.002318898681551218
68382,0.022553620859980583
68385,0.009489862248301506
68388,0.002097904682159424
68391,0.014553511515259743
68394,0.024808181449770927
68397,0.0068511455319821835
68400,0.012685393914580345
68403,0.0018085446208715439
68406,0.023315278813242912
68409,0.0024475890677422285
68412,0.0029470250010490417
68415,0.001785857486538589
68418,0.03118198737502098
68421,0.037681352347135544
68424,0.024272575974464417
68427,0.03855700418353081
68430,0.0076493690721690655
68433,0.030280083417892456
68436,0.0032699385192245245
68439,0.011220778338611126
68442,0.0114621352404356
68445,0.010256179608404636
68448,0.011554645374417305
68451,0.01699180342257023
68454,0.0512673445045948
68457,0.004038243088871241
68460,0.005066559184342623
68463,0.024157896637916565
68466,0.020561140030622482
68469,0.0009090790990740061
68472,0.0008977632969617844
68475,0.0033898442052304745
68478,0.07286950945854187
68481,0.011880817823112011
68484,0.04898262396454811
68487,0.0035490579903125763
68490,0.030926764011383057
68493,0.017056314274668694
68496,0.04210907220840454
68499,0.008017669431865215
68502,0.016156667843461037
68505,0.00960574671626091
68508,0.002809870755299926
68511,0.018361512571573257
68514,0.03614446520805359
68517,0.0059013357385993
68520,0.038282088935375214
68523,0.007326657883822918
68526,0.01607201062142849
68529,0.00626839604228735
68532,0.035145338624715805
68535,0.016523899510502815
68538,0.03498060256242752
68541,0.0044654556550085545
68544,0.04696135222911835
68547,0.022564392536878586
68550,0.0061412896029651165
68553,0.059554897248744965
68556,0.006330533418804407
68559,0.002028025221079588
68562,0.004164333455264568
68565,0.02035023830831051
68568,0.011136082001030445
68571,0.011109108105301857
68574,0.007545599713921547
68577,0.021130777895450592
68580,0.003975106403231621
68583,0.006107699126005173
68586,0.012709381058812141
68589,0.00846936646848917
68592,0.014365984126925468
68595,0.007776231504976749
68598,0.029181795194745064
68601,0.01181467529386282
68604,0.03195931389927864
68607,0.008486954495310783
68610,0.0035806545056402683
68613,0.0012814558576792479
68616,0.01716267503798008
68619,0.022706827148795128
68622,0.008631614968180656
68625,0.017390266060829163
68628,0.03339909762144089
68631,0.010553290136158466
68634,0.0063545191660523415
68637,0.00743488222360611
68640,0.0069826217368245125
68643,0.01610812172293663
68646,0.006545733660459518
68649,0.01600576750934124
68652,0.0059499917551875114
68655,0.002533153397962451
68658,0.010607607662677765
68661,0.014610772021114826
68664,0.0035999389365315437
68667,0.005014435853809118
68670,0.021939285099506378
68673,0.015785062685608864
68676,0.06164783984422684
68679,0.016697313636541367
68682,0.007043126970529556
68685,0.008787436410784721
68688,0.0013227893505245447
68691,0.038583602756261826
68694,0.0020442099776118994
68697,0.02867274358868599
68700,0.01516903005540371
68703,0.003467943985015154
68706,0.0372176468372345
68709,0.01620396040380001
68712,0.012719564139842987
68715,0.011241847649216652
68718,0.007757390849292278
68721,0.005536526907235384
68724,0.008614633232355118
68727,0.0020905323326587677
68730,0.01641520857810974
68733,0.0013005509972572327
68736,0.008056385442614555
68739,0.001997801475226879
68742,0.004407716449350119
68745,0.0020718486048281193
68748,0.016650669276714325
68751,0.005990494973957539
68754,0.0008280549081973732
68757,0.011485296301543713
68760,0.001713625155389309
68763,0.0028648467268794775
68766,0.0011812105076387525
68769,0.003320310264825821
68772,0.001031103660352528
68775,0.024772319942712784
68778,0.0014457772485911846
68781,0.014143572188913822
68784,0.0008444744162261486
68787,0.00233749789185822
68790,0.004280311055481434
68793,0.025857549160718918
68796,0.003231632523238659
68799,0.002783249132335186
68802,0.006288793403655291
68805,0.017200373113155365
68808,0.006999680772423744
68811,0.001106942887417972
68814,0.0008622106397524476
68817,0.0037599746137857437
68820,0.0009257531492039561
68823,0.0010281202849000692
68826,0.0005799831124022603
68829,0.000881593266967684
68832,0.0007444830844178796
68835,0.006494023837149143
68838,0.0011178907006978989
68841,0.0006454688846133649
68844,0.0006684435065835714
68847,0.004164083395153284
68850,0.00038741761818528175
68853,0.02842310629785061
68856,0.0016440869076177478
68859,0.023954225704073906
68862,0.000432258821092546
68865,0.0024478421546518803
68868,0.0009566536173224449
68871,0.0005398791981860995
68874,0.019314587116241455
68877,0.00041762192267924547
68880,0.003419275162741542
68883,0.0005779805360361934
68886,0.009518466889858246
68889,0.018448587507009506
68892,0.0006753463530912995
68895,0.0019990848377346992
68898,0.0008167576161213219
68901,0.0012071633245795965
68904,0.0006099282763898373
68907,0.0022167982533574104
68910,0.000319900136673823
68913,0.0002056957018794492
68916,0.0032974036876112223
68919,0.0029753348790109158
68922,0.00619937339797616
68925,0.0003450161311775446
68928,0.0008563887677155435
68931,0.00023095599317457527
68934,0.005985167343169451
68937,0.00048644040361978114
68940,0.010302226059138775
68943,0.0006667198613286018
68946,0.0002545006573200226
68949,0.0004099764919374138
68952,0.0003419963759370148
68955,0.0007485166424885392
68958,0.00035246688639745116
68961,0.0007164622074924409
68964,0.0019054787699133158
68967,0.012182501144707203
68970,0.0032474221661686897
68973,0.0004094959585927427
68976,0.006044804118573666
68979,0.006310166325420141
68982,0.00034691838664002717
68985,0.0002021436666836962
68988,0.0003127590171061456
68991,0.0021269572898745537
68994,0.00028076127637177706
68997,0.0003651395963970572
69000,0.0005732287536375225
69003,0.0004192239139229059
69006,0.00024080710136331618
69009,0.011255858466029167
69012,0.0003525923239067197
69015,0.027142399922013283
69018,0.0005994820385240018
69021,0.0003271759778726846
69024,0.0006037704297341406
69027,0.0010892779100686312
69030,0.002403913764283061
69033,0.0007987683638930321
69036,0.026937339454889297
69039,0.0005384727846831083
69042,0.0005396124324761331
69045,0.00043272855691611767
69048,0.0005067736492492259
69051,0.0005251856637187302
69054,0.0003169494739267975
69057,0.0006441258010454476
69060,0.0005712192505598068
69063,0.007728150114417076
69066,0.0004732928646262735
69069,0.00022706275922246277
69072,0.0006072322139516473
69075,0.0003618999617174268
69078,0.0009083982440643013
69081,0.00026600417913869023
69084,0.00024045631289482117
69087,0.00033256717142648995
69090,0.0005197746213525534
69093,0.00037873786641284823
69096,0.033058054745197296
69099,0.0072185322642326355
69102,0.00023474934278056026
69105,0.000561090768314898
69108,0.0002910991897806525
69111,0.0006169825792312622
69114,0.0003710635064635426
69117,0.0007441963534802198
69120,0.00047620400437153876
69123,0.00010305771138519049
69126,0.0003716109786182642
69129,0.0009511880343779922
69132,0.00022769704810343683
69135,0.0003799563564825803
69138,0.0004461793869268149
69141,0.00019074314332101494
69144,0.00024137998116202652
69147,0.00033515720861032605
69150,0.00014422493404708803
69153,0.00041654330561868846
69156,0.000266238086624071
69159,0.00025145523250102997
69162,0.00015460843860637397
69165,0.00037382496520876884
69168,0.00012528302613645792
69171,0.00031394639518111944
69174,0.00032202358124777675
69177,0.0002279451728099957
69180,0.0008678226731717587
69183,0.0003538810124155134
69186,0.00015644934319425374
69189,0.00047297574928961694
69192,0.0001241604331880808
69195,0.0007214889046736062
69198,0.00021838766406290233
69201,0.0001309080544160679
69204,0.000462380878161639
69207,0.001021071569994092
69210,8.511909254593775e-05
69213,0.0032224918249994516
69216,0.000209624704439193
69219,0.0005321534117683768
69222,0.0009655091562308371
69225,0.0004922548541799188
69228,0.0003154980659019202
69231,0.00018538619042374194
69234,0.0003144544316455722
69237,0.00014088414900470525
69240,0.00023187315673567355
69243,0.00026234128745272756
69246,0.00015346733562182635
69249,0.00017813041631598026
69252,0.0002716419112402946
69255,0.00016985056572593749
69258,0.003741305321455002
69261,0.0060439701192080975
69264,0.00039644038770347834
69267,0.00020345396478660405
69270,0.011122157797217369
69273,0.015993386507034302
69276,0.00010604097042232752
69279,9.848037734627724e-05
69282,0.001011792803183198
69285,0.0017536712111905217
69288,8.887823787517846e-05
69291,0.0007752946112304926
69294,0.0052969432435929775
69297,0.001169497612863779
69300,0.0004106863052584231
69303,0.0002897891099564731
69306,0.00011111403728136793
69309,0.00034204282565042377
69312,0.00014282559277489781
69315,0.00020881611271761358
69318,0.00011886331049026921
69321,0.0001462248619645834
69324,0.0013204559218138456
69327,0.006246575620025396
69330,0.0008191349334083498
69333,0.0010863011702895164
69336,0.0001267838233616203
69339,0.00022190384333953261
69342,0.0007188587915152311
69345,0.0001275676622753963
69348,0.002877010265365243
69351,0.014088751748204231
69354,0.0001640496775507927
69357,0.00021799083333462477
69360,0.00043987162644043565
69363,0.00018603667558636516
69366,0.00011800437641795725
69369,0.00023256744316313416
69372,0.00013332106755115092
69375,0.0006806073361076415
69378,0.0010693426011130214
69381,0.027051154524087906
69384,0.004650375340133905
69387,0.0003928352671209723
69390,0.00014981401909608394
69393,0.0006418993580155075
69396,0.0008934206562116742
69399,8.769127452978864e-05
69402,0.003470544470474124
69405,0.00016229078755714
69408,0.0002300300111528486
69411,0.00019551441073417664
69414,0.00011994045053143054
69417,0.00033265817910432816
69420,0.00027122642495669425
69423,0.0002360634389333427
69426,0.0004008703981526196
69429,0.00012157874880358577
69432,0.0001680597779341042
69435,0.0004839509492740035
69438,9.939041046891361e-05
69441,0.0028093410655856133
69444,0.00016137724742293358
69447,0.00019133735622745007
69450,0.0005225728382356465
69453,0.0066907680593431
69456,0.004948550835251808
69459,0.00020995289378333837
69462,0.012920082546770573
69465,0.00013215189392212778
69468,0.0001379349996568635
69471,0.0001107914067688398
69474,0.00010626478615449741
69477,0.00018084242765326053
69480,0.001556905684992671
69483,0.0002673324488569051
69486,0.0002213300031144172
69489,0.0003343466087244451
69492,0.0006379630649462342
69495,0.0001420234184479341
69498,0.0001766377390595153
69501,0.013656225986778736
69504,0.00040818858542479575
69507,0.0002130047942046076
69510,0.00027447042521089315
69513,0.00019714310474228114
69516,0.00018604706565383822
69519,0.0002648297813721001
69522,0.0002202188188675791
69525,0.0005139815621078014
69528,0.0004624167922884226
69531,9.565457003191113e-05
69534,0.00023635051911696792
69537,0.0009619034244678915
69540,0.0017134317895397544
69543,0.00011341277422616258
69546,0.00017731936532072723
69549,0.0056559620425105095
69552,0.0002694923896342516
69555,0.0002731802233029157
69558,0.00034162605879828334
69561,0.00015616945165675133
69564,0.0001490449794800952
69567,0.00016000913456082344
69570,0.0004540139634627849
69573,0.0002642662147991359
69576,0.00038590363692492247
69579,0.00012956050341017544
69582,0.0007630609907209873
69585,9.48952729231678e-05
69588,0.00012140351464040577
69591,0.0002235904976259917
69594,0.00014098870451562107
69597,0.00020199883147142828
69600,0.007840157486498356
69603,0.0006890011136420071
69606,0.0004604586574714631
69609,0.00013028433022554964
69612,0.0001752474345266819
69615,0.0005244830972515047
69618,7.566191197838634e-05
69621,0.0005713198916055262
69624,0.0008875143830664456
69627,0.0001852848508860916
69630,0.00017034178017638624
69633,0.005942620802670717
69636,0.00438162125647068
69639,0.000587976654060185
69642,0.00020282177138142288
69645,0.0005574003444053233
69648,0.0008739702752791345
69651,0.002732947701588273
69654,0.00018627551617100835
69657,0.00011382410593796521
69660,0.00012630329001694918
69663,0.0038144271820783615
69666,0.0008691949769854546
69669,0.007952858693897724
69672,0.0001982739195227623
69675,0.00024634270812384784
69678,0.0009431400103494525
69681,0.00024452488287352026
69684,0.00047484078095294535
69687,9.797760867513716e-05
69690,0.0009679951472207904
69693,0.010966535657644272
69696,0.002434077439829707
69699,0.004924810957163572
69702,0.0027924925088882446
69705,0.00023781937488820404
69708,0.0003082963521592319
69711,0.00017149344785138965
69714,0.011428307741880417
69717,0.00031276821391656995
69720,0.0002867380389943719
69723,0.0007901886710897088
69726,0.0013678832910954952
69729,0.010069357231259346
69732,0.00031419561128132045
69735,0.001585326623171568
69738,0.0007364044431596994
69741,0.00043672588071785867
69744,0.013084685429930687
69747,0.000521266192663461
69750,9.603578655514866e-05
69753,0.0002754001470748335
69756,0.0006041862070560455
69759,0.00022953274310566485
69762,0.0002156687551178038
69765,0.03226349875330925
69768,0.0001829219690989703
69771,0.013345902785658836
69774,0.0017817758489400148
69777,0.0025915056467056274
69780,0.009791414253413677
69783,0.0004303480964154005
69786,0.0003595768939703703
69789,0.00015483677270822227
69792,0.000265001377556473
69795,0.00026941715623252094
69798,0.00033810571767389774
69801,0.00017701118486002088
69804,0.00024035043315961957
69807,0.0026060137897729874
69810,0.0019716271199285984
69813,0.00617181695997715
69816,0.00017393358575645834
69819,0.000353498850017786
69822,0.014214012771844864
69825,0.00033696647733449936
69828,0.01317544188350439
69831,0.00036008621100336313
69834,0.000274389487458393
69837,0.005831511691212654
69840,0.00022598865325562656
69843,0.014343805611133575
69846,0.022758815437555313
69849,0.003157805884256959
69852,0.0005102019640617073
69855,0.002360207261517644
69858,0.00021655687305610627
69861,0.00038803319330327213
69864,0.00026805861853063107
69867,0.005556845106184483
69870,0.01304139755666256
69873,0.0025641219690442085
69876,0.00030380242969840765
69879,0.00039472561911679804
69882,0.00044550513848662376
69885,0.004355798475444317
69888,0.00031874276464805007
69891,0.00029046880081295967
69894,0.0003247018903493881
69897,0.00025820243172347546
69900,0.00030414899811148643
69903,0.00024757321807555854
69906,0.0005160425789654255
69909,0.00019656078075058758
69912,0.001190986018627882
69915,0.0002962813596241176
69918,0.0005370797589421272
69921,0.0012978122103959322
69924,0.0008694833377376199
69927,0.0007068893173709512
69930,0.0004642322310246527
69933,0.0007479453342966735
69936,0.00025719471159391105
69939,0.002591797849163413
69942,0.00028307450702413917
69945,0.00020614537061192095
69948,0.00016918565961532295
69951,0.0003794561489485204
69954,0.0010449027176946402
69957,0.0003113162238150835
69960,0.0012469632783904672
69963,0.00023531613987870514
69966,0.0002345207758480683
69969,0.00044776301365345716
69972,0.0006836241227574646
69975,0.0020565269514918327
69978,0.00016937535838223994
69981,0.0003213569289073348
69984,0.0009747311705723405
69987,0.00021547122742049396
69990,0.0006545416545122862
69993,0.0006275454070419073
69996,0.01417447067797184
69999,0.0006176005699671805
70002,0.00024722007219679654
70005,0.00038243478047661483
70008,0.0009244992397725582
70011,0.0001457459293305874
70014,0.0004461820935830474
70017,0.00012485339539125562
70020,0.00014822199591435492
70023,0.00013227155432105064
70026,0.0015671714209020138
70029,0.00012215055176056921
70032,0.0002166401536669582
70035,0.0002610025694593787
70038,0.0004334244003985077
70041,0.00026492943288758397
70044,0.00026276192511431873
70047,0.0003167054965160787
70050,0.00019276935199741274
70053,0.00011402358359191567
70056,0.00020102316921111196
70059,0.00028056910377927125
70062,0.00024320234660990536
70065,0.004690558649599552
70068,0.00046175718307495117
70071,0.0002628130605444312
70074,0.00039024543366394937
70077,0.00016625109128654003
70080,0.0003560495679266751
70083,0.0003992482088506222
70086,0.00033248792169615626
70089,0.0005171723896637559
70092,0.011970771476626396
70095,0.0005251154070720077
70098,0.0005494494689628482
70101,0.01662595197558403
70104,0.0001217229146277532
70107,0.0004356487188488245
70110,0.0001015688176266849
70113,0.00015949949738569558
70116,0.0015781725523993373
70119,0.00011117126268800348
70122,0.00044565770076587796
70125,0.0005122994189150631
70128,0.001019450486637652
70131,0.0003843067679554224
70134,0.0002767978876363486
70137,0.00010177443618886173
70140,0.000375348434317857
70143,0.001112598110921681
70146,0.00018211874703411013
70149,0.00030024745501577854
70152,0.002185245743021369
70155,0.010009976103901863
70158,0.0008439432131126523
70161,0.00027415965450927615
70164,0.0003226678818464279
70167,0.0024590310640633106
70170,0.00030656246235594153
70173,0.0002984786406159401
70176,0.0004424455692060292
70179,0.002169535495340824
70182,0.0001427775714546442
70185,0.0001998499792534858
70188,0.00036193360574543476
70191,0.0011578008998185396
70194,0.0006492637912742794
70197,0.000167672464158386
70200,0.00036449573235586286
70203,0.00011923460988327861
70206,0.0002481869887560606
70209,0.012481430545449257
70212,0.00015964431804604828
70215,0.0001531012385385111
70218,0.00026580068515613675
70221,0.007296490017324686
70224,0.00844410341233015
70227,0.0001805722276913002
70230,0.0006642792723141611
70233,0.00019367955974303186
70236,0.00023276120191439986
70239,0.00017589150229468942
70242,0.0010874767322093248
70245,0.01430340576916933
70248,0.010068986564874649
70251,0.00028783868765458465
70254,0.0009449941571801901
70257,0.010098186321556568
70260,0.0008141794824041426
70263,0.0003155762969981879
70266,0.0004456989699974656
70269,0.000601755571551621
70272,0.00020125132868997753
70275,0.00012562077608890831
70278,0.00021782606199849397
70281,0.00048255667206831276
70284,0.0002450553874950856
70287,0.00020853296155110002
70290,0.0001512810995336622
70293,0.005543982144445181
70296,0.00012327652075327933
70299,0.0008383370004594326
70302,0.0011428485158830881
70305,0.001042317831888795
70308,0.0001240738929482177
70311,0.00013540827785618603
70314,0.00026816371246241033
70317,0.0015004458837211132
70320,0.0005185810150578618
70323,0.00018552708206698298
70326,0.00027984927874058485
70329,0.00030425118166022
70332,0.00012516991409938782
70335,0.000173046559211798
70338,0.00010386537906015292
70341,8.154421811923385e-05
70344,0.0007770595839247108
70347,0.0010708941845223308
70350,0.0002900778199546039
70353,0.0005390263395383954
70356,0.0004980078083463013
70359,0.00022461838671006262
70362,0.00038921486702747643
70365,0.0001306449994444847
70368,0.0002081706770695746
70371,0.00024116365239024162
70374,0.00019223958952352405
70377,0.0192337054759264
70380,0.0007028079708106816
70383,0.00016204913845285773
70386,0.0011247842339798808
70389,0.0001504460524301976
70392,0.00028686883160844445
70395,0.0001167143855127506
70398,0.00015361799160018563
70401,0.005359251983463764
70404,0.0004266561008989811
70407,0.00022298852854873985
70410,0.0009908050997182727
70413,0.0024738111533224583
70416,0.012173553928732872
70419,0.013162286020815372
70422,0.0007834429270587862
70425,0.0033677134197205305
70428,0.00044821438496001065
70431,0.0003558085882104933
70434,0.0003359293332323432
70437,0.006123868748545647
70440,0.0002601775049697608
70443,0.000682830810546875
70446,0.009782610461115837
70449,0.0005267507513053715
70452,0.011182783171534538
70455,0.010418098419904709
70458,0.0009156361920759082
70461,0.002613508841022849
70464,0.0013448921963572502
70467,0.00037486047949641943
70470,0.0005500901024788618
70473,0.022945435717701912
70476,0.00019630436145234853
70479,0.003023340366780758
70482,0.0002667462977115065
70485,0.0014415942132472992
70488,0.009245974943041801
70491,0.0005032730987295508
70494,0.004254384897649288
70497,0.0008465450373478234
70500,0.0014748172834515572
70503,0.0019849578384310007
70506,0.0002548769407439977
70509,0.0003880397416651249
70512,0.00014911784091964364
70515,0.006819660775363445
70518,0.007674136199057102
70521,0.0002637983998283744
70524,0.0002267667296109721
70527,0.00025699444813653827
70530,0.013219175860285759
70533,0.001227812608703971
70536,0.0003377194225322455
70539,0.0004411933186929673
70542,0.0004248101613484323
70545,0.001411875244230032
70548,0.0005608899518847466
70551,0.0005507384776137769
70554,0.0003295927890576422
70557,0.0005130813806317747
70560,0.0003102864429820329
70563,0.0002690396213438362
70566,0.0003626602119766176
70569,0.00023296868312172592
70572,0.0003303062403574586
70575,0.01268511638045311
70578,0.00012545971549116075
70581,0.0005700657493434846
70584,0.00017937175289262086
70587,0.00030135002452880144
70590,0.0009915945120155811
70593,0.0008561622234992683
70596,0.0007153566111810505
70599,0.002214691834524274
70602,0.0005551433423534036
70605,0.0010014006402343512
70608,0.00019699850236065686
70611,0.004755869973450899
70614,0.0003287780855316669
70617,0.00011693732813000679
70620,0.00030503858579322696
70623,0.024151312187314034
70626,0.0029275664128363132
70629,0.002741666976362467
70632,0.0004819282330572605
70635,0.00038924190448597074
70638,0.0003518753219395876
70641,0.02732531726360321
70644,0.00042463268619030714
70647,0.01312182005494833
70650,0.00017474984633736312
70653,0.0050280774012207985
70656,0.00035679375287145376
70659,0.012886091135442257
70662,0.0002542902366258204
70665,0.0002216364664491266
70668,0.025616278871893883
70671,0.0004782815813086927
70674,0.0010317935375496745
70677,0.00028154728352092206
70680,0.0004916830803267658
70683,0.012381344102323055
70686,0.000368956767488271
70689,0.00013649243919644505
70692,0.017717549577355385
70695,0.00018332249601371586
70698,0.007326883729547262
70701,0.0007919879863038659
70704,0.012009244412183762
70707,0.00017872857279144228
70710,0.0007685172604396939
70713,0.005331895779818296
70716,0.0013680554693564773
70719,0.001831242348998785
70722,0.0031350976787507534
70725,0.0004349758382886648
70728,0.0009667191188782454
70731,0.02082762122154236
70734,0.006173104979097843
70737,0.017094019800424576
70740,0.000369384593795985
70743,0.013193879276514053
70746,0.0012175331357866526
70749,0.0008197124116122723
70752,0.01969580166041851
70755,0.012207377701997757
70758,0.008810183964669704
70761,0.00241725891828537
70764,0.0005877329385839403
70767,0.0015839007683098316
70770,0.0002675591385923326
70773,0.002925609005615115
70776,0.0009795045480132103
70779,0.015591472387313843
70782,0.002992897527292371
70785,0.0002919498074334115
70788,0.0007741475710645318
70791,0.0004083734529558569
70794,0.0005368514684960246
70797,0.0006497791036963463
70800,0.000781593902502209
70803,0.00026191200595349073
70806,0.006311149802058935
70809,0.00041659356793388724
70812,0.0023117749951779842
70815,0.023639941588044167
70818,0.00296191917732358
70821,0.0002009528107009828
70824,0.0003999565960839391
70827,0.005223647691309452
70830,0.0009579428005963564
70833,0.0003225735854357481
70836,0.0003708318108692765
70839,0.000637330929748714
70842,0.0003201303188689053
70845,0.0007420295150950551
70848,0.0003860686847474426
70851,0.0022782995365560055
70854,0.0002817664062604308
70857,0.009973280131816864
70860,0.0005017051589675248
70863,0.005769255105406046
70866,0.0002643182233441621
70869,0.012531534768640995
70872,0.025675661861896515
70875,0.0070637590251863
70878,0.0003206049441359937
70881,0.014913603663444519
70884,0.001884565455839038
70887,0.00019195227650925517
70890,0.0005471649928949773
70893,0.0010065059177577496
70896,0.00017501317779533565
70899,0.00035735624260269105
70902,0.0011346385581418872
70905,0.0016870214603841305
70908,0.006938086822628975
70911,0.00892501138150692
70914,0.004632492549717426
70917,0.0006210959982126951
70920,0.0010432994458824396
70923,0.0002388278371654451
70926,0.00038296610000543296
70929,0.015041192062199116
70932,0.003145126858726144
70935,0.0009553926065564156
70938,0.0010902398498728871
70941,0.001931161037646234
70944,0.00047267790068872273
70947,0.007785848807543516
70950,0.0002842078101821244
70953,0.0004355852142907679
70956,0.0005412859027273953
70959,0.0028304969891905785
70962,0.002165501471608877
70965,0.0003169799456372857
70968,0.001292792847380042
70971,0.0074593685567379
70974,0.0010645287111401558
70977,0.000697379931807518
70980,0.019956130534410477
70983,0.0020139177795499563
70986,0.033273376524448395
70989,0.0007042348152026534
70992,0.0006313766352832317
70995,0.00030617963057011366
70998,0.010935703292489052
71001,0.011100806295871735
71004,0.004117551259696484
71007,0.004787206184118986
71010,0.0009801897685974836
71013,0.0107059171423316
71016,0.010679325088858604
71019,0.004796870984137058
71022,0.010240157134830952
71025,0.002120928606018424
71028,0.0009839350823312998
71031,0.0021355792414397
71034,0.0006278586224652827
71037,0.019782468676567078
71040,0.0006426733452826738
71043,0.022721614688634872
71046,0.0005148969357833266
71049,0.0006163459038361907
71052,0.0017537237145006657
71055,0.0015241408254951239
71058,0.01042988896369934
71061,0.0016555971233174205
71064,0.0005068080499768257
71067,0.0003394319792278111
71070,0.0008648759103380144
71073,0.0029908656142652035
71076,0.0003793516953010112
71079,0.0007359498413279653
71082,0.0009561801562085748
71085,0.00023513802443630993
71088,0.0021531437523663044
71091,0.0004002518253400922
71094,0.0034663649275898933
71097,0.0013200195971876383
71100,0.0006783162243664265
71103,0.016080744564533234
71106,0.0038202223367989063
71109,0.00584978936240077
71112,0.004356705117970705
71115,0.010734302923083305
71118,0.0019733847584575415
71121,0.0010050333803519607
71124,0.0005045986035838723
71127,0.009112617932260036
71130,0.0006557116284966469
71133,0.017603842541575432
71136,0.028047215193510056
71139,0.0005417700158432126
71142,0.0004186791484244168
71145,0.0004518084169831127
71148,0.0176427960395813
71151,0.001590499421581626
71154,0.0017497980734333396
71157,0.00038575479993596673
71160,0.004567633382976055
71163,0.0028133979067206383
71166,0.009967172518372536
71169,0.001070871134288609
71172,0.0004317239800002426
71175,0.0019569266587495804
71178,0.010080590844154358
71181,0.000621176790446043
71184,0.007066169288009405
71187,0.011683969758450985
71190,0.0010292822262272239
71193,0.0033161521423608065
71196,0.019503746181726456
71199,0.005922296550124884
71202,0.001098430366255343
71205,0.00034348556073382497
71208,0.002250649267807603
71211,0.003867820603772998
71214,0.0008871271274983883
71217,0.00023513298947364092
71220,0.0002411190653219819
71223,0.014293404296040535
71226,0.013322058133780956
71229,0.0006401872960850596
71232,0.0021199025213718414
71235,0.007398388348519802
71238,0.001751413568854332
71241,0.005736935883760452
71244,0.006643934175372124
71247,0.003482807194814086
71250,0.0025169155560433865
71253,0.002121021505445242
71256,0.001148404204286635
71259,0.002351730829104781
71262,0.0031587285920977592
71265,0.001846970641054213
71268,0.006666076369583607
71271,0.0010930420830845833
71274,0.0010693380609154701
71277,0.0005742565845139325
71280,0.0008896036888472736
71283,0.008121108636260033
71286,0.015330877155065536
71289,0.011854635551571846
71292,0.0011717629386112094
71295,0.004105228930711746
71298,0.00019688834436237812
71301,0.00030806963331997395
71304,0.0010488711996003985
71307,0.00023013202007859945
71310,0.0007936382899060845
71313,0.0030104874167591333
71316,0.0002387830609222874
71319,0.000530300778336823
71322,0.00025583652313798666
71325,0.00024276485783047974
71328,0.0006399148842319846
71331,0.00034967518877238035
71334,0.00042700584162957966
71337,0.0007799415034241974
71340,0.001613803906366229
71343,0.00023530962062068284
71346,0.0021831728518009186
71349,0.0004257745167706162
71352,0.00044656507088802755
71355,0.0005400227382779121
71358,0.0003681416274048388
71361,0.016652509570121765
71364,0.0008142833830788732
71367,0.0004904206725768745
71370,0.00032897506025619805
71373,0.0003569369437173009
71376,0.0017472971230745316
71379,0.0005287078092806041
71382,0.0004567553987726569
71385,0.00035471408045850694
71388,0.001084773219190538
71391,0.001649581827223301
71394,0.00032865587854757905
71397,0.0002843859256245196
71400,0.00021711387671530247
71403,0.00028317852411419153
71406,0.00022550673747900873
71409,0.00033861937117762864
71412,0.0006590273114852607
71415,0.000861995096784085
71418,0.0009708565194159746
71421,0.00022327035549096763
71424,0.02474680356681347
71427,0.0241473987698555
71430,0.0020117503590881824
71433,0.001999134896323085
71436,0.0007133557228371501
71439,0.020466899499297142
71442,0.0004490839783102274
71445,0.01637394167482853
71448,0.0006288013537414372
71451,0.0003726202994585037
71454,0.0035696574486792088
71457,0.042497895658016205
71460,0.0012370715849101543
71463,0.002156862523406744
71466,0.001968287630006671
71469,0.0027449247427284718
71472,0.009485308080911636
71475,0.0006313031772151589
71478,0.001994829624891281
71481,0.00026255083503201604
71484,0.02254890277981758
71487,0.00977081898599863
71490,0.001105437520891428
71493,0.0007157773361541331
71496,0.0011502164416015148
71499,0.00032845124951563776
71502,0.000337411358486861
71505,0.0004037703911308199
71508,0.0003201148647349328
71511,0.0003237890196032822
71514,0.00030296691693365574
71517,0.0008122010622173548
71520,0.0002991445071529597
71523,0.004164019133895636
71526,0.0003988110402133316
71529,0.00023033948673401028
71532,0.010689745657145977
71535,0.0002614350523799658
71538,0.0002526430180296302
71541,0.0004842868656851351
71544,0.0004030591226182878
71547,0.00044382933992892504
71550,0.0005215082783252001
71553,0.00018261157674714923
71556,0.001301292097195983
71559,0.00016705326561350375
71562,0.0016017695888876915
71565,0.0005160084110684693
71568,0.0002796757617034018
71571,0.0004202877462375909
71574,0.00026860632351599634
71577,0.0005181924207136035
71580,0.0015193287981674075
71583,0.0007891469867900014
71586,0.0006272272439673543
71589,0.0012947446666657925
71592,0.0003329903702251613
71595,0.00041681609582155943
71598,0.00017379771452397108
71601,0.0006978436722420156
71604,0.0004441911296453327
71607,0.003474506549537182
71610,0.000421056553022936
71613,0.00015606050146743655
71616,0.00017753415158949792
71619,0.0005060567054897547
71622,0.0003753650817088783
71625,0.0030452939681708813
71628,0.0010794815607368946
71631,0.0022018984891474247
71634,0.0005726970266550779
71637,0.0018275007605552673
71640,0.0022033159621059895
71643,0.003885628655552864
71646,0.00039951823418959975
71649,0.0004540234513115138
71652,0.00022361478477250785
71655,0.002512606792151928
71658,0.0015866911271587014
71661,0.00017416657647117972
71664,0.0005759061314165592
71667,0.00022947863908484578
71670,0.0005521320272237062
71673,0.00045137183042243123
71676,0.0003791000635828823
71679,0.004916517995297909
71682,0.012468633241951466
71685,0.0015173570718616247
71688,0.031227482482790947
71691,0.003391227452084422
71694,0.023113371804356575
71697,0.013927214778959751
71700,0.00630273949354887
71703,0.0003646473051048815
71706,0.010843283496797085
71709,0.0015248964773491025
71712,0.006160031072795391
71715,0.005195478443056345
71718,0.019848879426717758
71721,0.023822352290153503
71724,0.001463025575503707
71727,0.03433665260672569
71730,0.0011167485499754548
71733,0.0009623345686122775
71736,0.00510719558224082
71739,0.00037207588320598006
71742,0.001298030256293714
71745,0.00025706112501211464
71748,0.0014323013601824641
71751,0.0016172233736142516
71754,0.016136059537529945
71757,0.010260825045406818
71760,0.03331660479307175
71763,0.0010525507386773825
71766,0.007478855550289154
71769,0.01017213799059391
71772,0.014392046257853508
71775,0.0031053489074110985
71778,0.0007995107444003224
71781,0.0014474308118224144
71784,0.02603277564048767
71787,0.002168248174712062
71790,0.0016113321762531996
71793,0.019899945706129074
71796,0.01096940878778696
71799,0.0026955704670399427
71802,0.0058577582240104675
71805,0.002282313769683242
71808,0.0004460774071048945
71811,0.0006266327109187841
71814,0.007598580792546272
71817,0.010948080569505692
71820,0.01721346378326416
71823,0.0010201805271208286
71826,0.0017700707539916039
71829,0.002981525845825672
71832,0.0004461496137082577
71835,0.00026680514565669
71838,0.0006428620545193553
71841,0.0026754047721624374
71844,0.023414351046085358
71847,0.0129602812230587
71850,0.010849522426724434
71853,0.0017439847579225898
71856,0.000648819433990866
71859,0.006785476114600897
71862,0.011070303618907928
71865,0.0009106015786528587
71868,0.0019732883665710688
71871,0.0010085543617606163
71874,0.0006606204551644623
71877,0.0031697002705186605
71880,0.0011121723800897598
71883,0.0008114093216136098
71886,0.0003694201004691422
71889,0.0008660588646307588
71892,0.0006006202893331647
71895,0.002651794580742717
71898,0.008512875065207481
71901,0.0031086760573089123
71904,0.0011057499796152115
71907,0.001093587139621377
71910,0.00034406149643473327
71913,0.001012630993500352
71916,0.0004057067271787673
71919,0.0008281159680336714
71922,0.002509685466066003
71925,0.0016567332204431295
71928,0.0006440442521125078
71931,0.005014272406697273
71934,0.0008205919293686748
71937,0.0004016828606836498
71940,0.0055159153416752815
71943,0.00029154185904189944
71946,0.0004269542405381799
71949,0.0007393627893179655
71952,0.0005081999115645885
71955,0.01132751815021038
71958,0.000597087200731039
71961,0.0006028155912645161
71964,0.0002333840384380892
71967,0.00019690868793986738
71970,0.0024376953952014446
71973,0.0003579301410354674
71976,0.00044894946040585637
71979,0.0007178888190537691
71982,0.00025597031344659626
71985,0.000854708137921989
71988,0.0002502587449271232
71991,0.0002877750666812062
71994,0.016821352764964104
71997,0.0005010842578485608
72000,0.005537501536309719
72003,0.00014972050848882645
72006,0.0002148457570001483
72009,0.0007577139185741544
72012,0.0003167992108501494
72015,0.005457876715809107
72018,0.0021596637088805437
72021,0.00047192268539220095
72024,0.00029700950835831463
72027,0.008075626567006111
72030,0.0005725729279220104
72033,0.000838895735796541
72036,0.001347181387245655
72039,0.011079874821007252
72042,0.0005242318729870021
72045,0.0028885260690003633
72048,0.0035719808656722307
72051,0.00038669188506901264
72054,0.015148896723985672
72057,0.011166802607476711
72060,0.0004197757807560265
72063,0.0006275253253988922
72066,0.002068177331238985
72069,0.00026947708101943135
72072,0.0007375466520898044
72075,0.00026087608421221375
72078,0.00020220110309310257
72081,0.012786629609763622
72084,0.0016674776561558247
72087,0.00027359716477803886
72090,0.001840925426222384
72093,0.0003425311588216573
72096,0.00023752213746774942
72099,0.00047240249114111066
72102,0.00045431690523400903
72105,0.0007852059206925333
72108,0.00046869239304214716
72111,0.0003658909408841282
72114,0.00031293887877836823
72117,0.007074904162436724
72120,0.00144071108661592
72123,0.006759760435670614
72126,0.00147137267049402
72129,0.0006904323818162084
72132,0.00047721824375912547
72135,0.00024462054716423154
72138,0.011339707300066948
72141,0.00032240257132798433
72144,0.0001919914357131347
72147,0.00034137992770411074
72150,0.0014992575161159039
72153,0.011049270629882812
72156,0.001582116587087512
72159,0.010813907720148563
72162,0.00469725439324975
72165,0.0003152796416543424
72168,0.0004792308609467
72171,0.004739549942314625
72174,0.0006630198331549764
72177,0.0002462268457747996
72180,0.021446410566568375
72183,0.0004871138953603804
72186,0.0010266375029459596
72189,0.00030039329431019723
72192,0.03362471982836723
72195,0.01886717788875103
72198,0.0002577474224381149
72201,0.010516077280044556
72204,0.0011046631261706352
72207,0.01453452929854393
72210,0.003537335665896535
72213,0.0032164622098207474
72216,0.0005493981298059225
72219,0.0004704977909568697
72222,0.0002863511326722801
72225,0.011705874465405941
72228,0.006687535904347897
72231,0.0024168151430785656
72234,0.033778928220272064
72237,0.005389884579926729
72240,0.013557766564190388
72243,0.0011810242431238294
72246,0.0006366915185935795
72249,0.0002077887038467452
72252,0.005502094980329275
72255,0.007318674586713314
72258,0.0007888734107837081
72261,0.0006126828957349062
72264,0.0013463206123560667
72267,0.0022813768591731787
72270,0.02335364744067192
72273,0.00023883386165834963
72276,0.0003344746073707938
72279,0.0028405580669641495
72282,0.00042624922934919596
72285,0.00043389061465859413
72288,0.0010605122661218047
72291,0.017547957599163055
72294,0.012251214124262333
72297,0.0005093315849080682
72300,0.00031153822783380747
72303,0.0020468884613364935
72306,0.009648174978792667
72309,0.0028270718175917864
72312,0.0023567499592900276
72315,0.0010565243428573012
72318,0.000677394331432879
72321,0.01616094261407852
72324,0.0002807828423101455
72327,0.009468856267631054
72330,0.0002437795337755233
72333,0.00039548391941934824
72336,0.0002533805964048952
72339,0.0014612626982852817
72342,0.002291453070938587
72345,0.02448621205985546
72348,0.0003615467285271734
72351,0.0003350363695062697
72354,0.0005111121572554111
72357,0.008801157586276531
72360,0.0023475822526961565
72363,0.0018240216886624694
72366,0.004733568523079157
72369,0.011324257589876652
72372,0.0001699045387795195
72375,0.022654475644230843
72378,0.0003715159255079925
72381,0.004790265113115311
72384,0.00485368724912405
72387,0.0005223167245276272
72390,0.0004801324103027582
72393,0.0003749052411876619
72396,0.00030327338026836514
72399,0.0013159390073269606
72402,0.0004010350676253438
72405,0.00046199309872463346
72408,0.0009740067180246115
72411,0.00037707280716858804
72414,0.00033914725645445287
72417,0.0005314958980306983
72420,0.00041778324521146715
72423,0.002311190590262413
72426,0.0012996736913919449
72429,0.006661577615886927
72432,0.0002954796655103564
72435,0.0005805239197798073
72438,0.0005371331935748458
72441,0.0010413023410364985
72444,0.014442875981330872
72447,0.016635289415717125
72450,0.002678633201867342
72453,0.00022450368851423264
72456,0.005750443320721388
72459,0.0007936454494483769
72462,0.0013982969103381038
72465,0.007344742305576801
72468,0.004188394173979759
72471,0.0007017008028924465
72474,0.0007797072757966816
72477,0.00725014740601182
72480,0.002445336664095521
72483,0.011963904835283756
72486,0.006911479402333498
72489,0.0005480365362018347
72492,0.003417865838855505
72495,0.004279743880033493
72498,0.0003205369575880468
72501,0.001358548179268837
72504,0.0010838500456884503
72507,0.006436251103878021
72510,0.0015990214888006449
72513,0.0014176488621160388
72516,0.0005357058253139257
72519,0.003780765226110816
72522,0.0005216262652538717
72525,0.00015483651077374816
72528,0.0012155903968960047
72531,0.0005492770578712225
72534,0.002280122134834528
72537,0.004235513973981142
72540,0.0019552039448171854
72543,0.002772193169221282
72546,0.0006736996583640575
72549,0.0015340300742536783
72552,0.009791498072445393
72555,0.0005767125403508544
72558,0.0018077663844451308
72561,0.0030423924326896667
72564,0.00033617811277508736
72567,0.0016361480811610818
72570,0.0003035243134945631
72573,0.000383544247597456
72576,0.0023372559808194637
72579,0.004363201092928648
72582,0.0027933758683502674
72585,0.001190890441648662
72588,0.0005396213382482529
72591,0.0009882496669888496
72594,0.00017188434139825404
72597,0.0002645660424605012
72600,0.0006431486108340323
72603,0.00020899753144476563
72606,0.003619189839810133
72609,0.00024465180467814207
72612,0.0004163158591836691
72615,0.015720723196864128
72618,0.0011827890994027257
72621,0.009859110228717327
72624,0.009359948337078094
72627,0.0005345589015632868
72630,0.0011538746766746044
72633,0.016381319612264633
72636,0.05144118517637253
72639,0.0002059912367258221
72642,0.0006077641155570745
72645,0.00012794116628356278
72648,0.00026535699726082385
72651,0.0005717842723242939
72654,0.0013097379123792052
72657,0.00032321008620783687
72660,0.00013692016364075243
72663,0.0002216486755060032
72666,0.00027606479125097394
72669,0.0012629141565412283
72672,0.0001400329638272524
72675,0.0001500486396253109
72678,0.00015004155284259468
72681,0.00028263480635359883
72684,0.00017076401854865253
72687,0.00025008272496052086
72690,0.00027810793835669756
72693,0.00036094861570745707
72696,0.000977040035650134
72699,0.0002789430436678231
72702,0.0001259826822206378
72705,0.0013425449142232537
72708,0.012607038952410221
72711,0.02102416381239891
72714,0.0014510697219520807
72717,0.0071024238131940365
72720,0.0024851677007973194
72723,0.010662444867193699
72726,0.00025363615714013577
72729,0.005320370197296143
72732,0.00036560840089805424
72735,0.00415663281455636
72738,0.01075578574091196
72741,0.0005095482338219881
72744,0.018295584246516228
72747,0.0024505937471985817
72750,0.0012565301731228828
72753,0.0012615357991307974
72756,0.0032664048485457897
72759,0.01630607433617115
72762,0.001193346339277923
72765,0.035416051745414734
72768,0.00047775020357221365
72771,0.003998786211013794
72774,0.00023717967269476503
72777,0.003407824318856001
72780,0.002621275605633855
72783,0.005363479722291231
72786,0.0004417545278556645
72789,0.0021058707498013973
72792,0.00031994571327231824
72795,0.0011220971355214715
72798,0.01023494079709053
72801,0.00023198421695269644
72804,0.0053635030053555965
72807,0.0006777304224669933
72810,0.0001894831657409668
72813,0.0008906955481506884
72816,0.00047525553964078426
72819,0.01200762391090393
72822,0.015546411275863647
72825,0.0013811284443363547
72828,0.0007946710102260113
72831,0.013227495364844799
72834,0.00028569326968863606
72837,0.011503513902425766
72840,0.0004197909729555249
72843,0.00030151125974953175
72846,0.0025275491643697023
72849,0.0008276597363874316
72852,0.00024080084403976798
72855,0.0002081347774947062
72858,0.0003851023502647877
72861,0.0006256288033910096
72864,0.0002319728082511574
72867,0.0003980098117608577
72870,0.00048620160669088364
72873,0.0003202105581294745
72876,0.0002091016503982246
72879,0.00017141198622994125
72882,0.0002675789874047041
72885,0.0002827397547662258
72888,0.00037376853288151324
72891,0.000194351960089989
72894,0.017249025404453278
72897,0.0001818077580537647
72900,0.0001367499935440719
72903,0.016897771507501602
72906,0.007793828845024109
72909,0.010095527395606041
72912,0.0002004810667131096
72915,0.0030692871659994125
72918,0.0016088502015918493
72921,0.0004067632253281772
72924,0.001378002343699336
72927,0.00032572049531154335
72930,0.0012624373193830252
72933,0.0002527320757508278
72936,0.0002231356775155291
72939,0.00032157544046640396
72942,0.006889662239700556
72945,0.00031846167985349894
72948,0.01281664613634348
72951,0.006110946647822857
72954,0.00041603698628023267
72957,0.0002933345967903733
72960,0.0005989045603200793
72963,0.00014684032066725194
72966,0.015273294411599636
72969,8.05912131909281e-05
72972,0.00022655264183413237
72975,0.0003669210709631443
72978,0.0011233091354370117
72981,0.0002128418127540499
72984,0.00033026206074282527
72987,0.00041472812881693244
72990,0.0006855758256278932
72993,0.011020566336810589
72996,0.0002882932894863188
72999,0.00015042145969346166
73002,0.0020171559881418943
73005,0.00013291588402353227
73008,0.001376075902953744
73011,0.0025956272147595882
73014,0.0002472599735483527
73017,0.00042199797462671995
73020,0.0003619824710767716
73023,0.0013301452854648232
73026,0.0007448577671311796
73029,0.012487489730119705
73032,0.00021097982244100422
73035,0.00044666201574727893
73038,0.00048689896357245743
73041,0.0004954459145665169
73044,0.0007086360710673034
73047,0.003811964998021722
73050,0.0003810627094935626
73053,0.004533657804131508
73056,0.006016917061060667
73059,0.0050353254191577435
73062,0.0004044390516355634
73065,0.00016452495765406638
73068,0.0007145988056436181
73071,0.00039338826900348067
73074,0.0004434831498656422
73077,0.0038367733359336853
73080,0.00036192446714267135
73083,0.003292545909062028
73086,0.00230246945284307
73089,0.002118352334946394
73092,0.0022029585670679808
73095,0.0035041775554418564
73098,0.014788941480219364
73101,0.01389158796519041
73104,0.013213055208325386
73107,0.00036078522680327296
73110,0.0020426667761057615
73113,0.0007297429256141186
73116,0.009965998120605946
73119,0.0012203094083815813
73122,0.0003373048093635589
73125,0.0008153863018378615
73128,0.00039169442607089877
73131,0.007192542776465416
73134,0.007083567325025797
73137,0.0010656483937054873
73140,0.0004964086110703647
73143,0.00107336207292974
73146,0.00310181244276464
73149,0.010284939780831337
73152,0.028918566182255745
73155,0.0005660149618051946
73158,0.0009741666726768017
73161,0.00029127177549526095
73164,0.00023213049280457199
73167,0.001757248304784298
73170,0.00036500385613180697
73173,0.0006733679911121726
73176,0.00011357117909938097
73179,0.00029855172033421695
73182,0.00022094656014814973
73185,0.010873299092054367
73188,0.00019342193263582885
73191,0.00016446399968117476
73194,0.0002927370078396052
73197,0.0020435263868421316
73200,0.0003866056213155389
73203,0.00020045944256708026
73206,0.00024030442000366747
73209,0.0002239796449430287
73212,0.0003032243112102151
73215,0.000393308320781216
73218,0.007687334902584553
73221,6.850353383924812e-05
73224,0.00016632777987979352
73227,0.00044919378706254065
73230,0.01542126014828682
73233,0.00037140698987059295
73236,0.018845893442630768
73239,0.00033203899511136115
73242,0.0004473081498872489
73245,0.0013556401245296001
73248,0.001085088704712689
73251,0.01544230803847313
73254,0.0004675135714933276
73257,0.008255546912550926
73260,0.002077162265777588
73263,0.0006838437984697521
73266,0.00014871115854475647
73269,0.000217397726373747
73272,0.0013810410164296627
73275,0.0002459520474076271
73278,0.0005405421834439039
73281,0.0013626242289319634
73284,0.004768703132867813
73287,0.00015295541379600763
73290,0.004123095888644457
73293,0.002353588817641139
73296,0.0007227826863527298
73299,0.0003845736791845411
73302,0.00047495821490883827
73305,0.0005070791812613606
73308,0.0004317022394388914
73311,0.009426477365195751
73314,0.01625160686671734
73317,0.0008393445750698447
73320,0.0008439954835921526
73323,0.0003085894859395921
73326,0.00012981354666408151
73329,0.0022769542410969734
73332,0.0011267944937571883
73335,0.0005535989766940475
73338,0.0006317246006801724
73341,0.00037997582694515586
73344,0.005392291117459536
73347,0.0017664324259385467
73350,0.0006849876372143626
73353,0.00026524337590672076
73356,0.034861236810684204
73359,0.0005350224673748016
73362,0.007504453416913748
73365,0.0016801843885332346
73368,0.00048748558037914336
73371,0.00020285186474211514
73374,0.0006121792830526829
73377,0.0005624045734293759
73380,0.0002719562908168882
73383,0.0002490069600753486
73386,0.003909626044332981
73389,0.009019562043249607
73392,0.009349251165986061
73395,0.003854977898299694
73398,0.0002520606794860214
73401,0.0005778757040388882
73404,0.0004629186587408185
73407,0.0007752632955089211
73410,0.0001707381015876308
73413,0.00044272022205404937
73416,0.0003004467289429158
73419,0.0003217589983250946
73422,0.0016405866481363773
73425,0.00031243296689353883
73428,0.0008891826728358865
73431,0.0005353579763323069
73434,0.0015090758679434657
73437,0.00033629313111305237
73440,0.0003492786199785769
73443,0.00032404158264398575
73446,0.004951553884893656
73449,0.001896100933663547
73452,0.01381141971796751
73455,0.011045844294130802
73458,0.028160335496068
73461,0.00027932884404435754
73464,0.00020460839732550085
73467,0.00032227381598204374
73470,0.00017787884280551225
73473,0.018352443352341652
73476,0.0008310781558975577
73479,0.010462293401360512
73482,0.0001803360355552286
73485,0.00034988444531336427
73488,0.001171319978311658
73491,0.0049765328876674175
73494,0.00023960211547091603
73497,0.0006494742119684815
73500,0.010093032382428646
73503,0.0043220496736466885
73506,0.00030630268156528473
73509,0.00016297146794386208
73512,0.0006285157287493348
73515,0.004025040194392204
73518,0.012073185294866562
73521,0.0008640012238174677
73524,0.00159762566909194
73527,0.00536744249984622
73530,0.001541397301480174
73533,0.02619950845837593
73536,0.0065478007309138775
73539,0.0009627317194826901
73542,0.010864714160561562
73545,0.0031144062522798777
73548,0.0007670470513403416
73551,0.0005762267974205315
73554,0.0016572760650888085
73557,0.0008347395341843367
73560,0.01308745238929987
73563,0.004142732825130224
73566,0.01163540780544281
73569,0.0005389109719544649
73572,0.013660233467817307
73575,0.011695352382957935
73578,0.0006396648823283613
73581,0.00505853071808815
73584,0.0003674320178106427
73587,0.0015389274340122938
73590,0.00509678665548563
73593,0.0012662451481446624
73596,0.0010332290548831224
73599,0.00300200073979795
73602,0.0007788619259372354
73605,0.018343545496463776
73608,0.00038510182639583945
73611,0.0005317031173035502
73614,0.0004941804800182581
73617,0.00022570107830688357
73620,0.0010401041945442557
73623,0.014370023272931576
73626,0.0016173813492059708
73629,0.0005068471655249596
73632,0.0003121249028481543
73635,0.008451314643025398
73638,0.0005623575998470187
73641,0.005180776584893465
73644,0.003238281235098839
73647,0.00036275683669373393
73650,0.005189074203372002
73653,0.0009983538184314966
73656,0.0012622997164726257
73659,0.0005835610209032893
73662,0.00323605933226645
73665,0.0006703005637973547
73668,0.0016303345328196883
73671,0.0002696595620363951
73674,0.00028416153509169817
73677,0.0033847989980131388
73680,0.0003305877326056361
73683,0.0003329765168018639
73686,0.008630077354609966
73689,0.0009478427818976343
73692,0.0004356110002845526
73695,0.0031789944041520357
73698,0.0009574048453941941
73701,0.0025782061275094748
73704,0.00025575145264156163
73707,0.000691549910698086
73710,0.0061406600289046764
73713,0.0010604036506265402
73716,0.007005622144788504
73719,0.0016013983404263854
73722,0.0013796489220112562
73725,0.001850605825893581
73728,0.0008041049586609006
73731,0.0007262800354510546
73734,0.0003649636055342853
73737,0.0004964916734024882
73740,0.0015149866230785847
73743,0.00025769430794753134
73746,0.0005041935946792364
73749,0.0006926219211891294
73752,0.00045466498704627156
73755,0.0006885386537760496
73758,0.0005351826548576355
73761,0.0005764253437519073
73764,0.0007167533622123301
73767,0.0006928213406354189
73770,0.0004385164938867092
73773,0.000286816677544266
73776,0.00044538872316479683
73779,0.0002323902299394831
73782,0.00021398774697445333
73785,0.00053015211597085
73788,0.0005668953526765108
73791,0.00022338646522257477
73794,0.0009118941961787641
73797,0.002292598830536008
73800,0.008804740384221077
73803,0.001234542578458786
73806,0.0004875124432146549
73809,0.0009635695023462176
73812,0.000967219821177423
73815,0.0076148901134729385
73818,0.0046680402010679245
73821,0.00021897566330153495
73824,0.0003047862555831671
73827,0.006740097887814045
73830,0.008696484379470348
73833,0.010215586051344872
73836,0.002970350906252861
73839,0.019434496760368347
73842,0.008619239553809166
73845,0.0006339509855024517
73848,0.0004641962004825473
73851,0.0027188831008970737
73854,0.01594049297273159
73857,0.0018180916085839272
73860,0.00024603703059256077
73863,0.0008078168611973524
73866,0.000408438965678215
73869,0.001419042469933629
73872,0.018553972244262695
73875,0.001246380154043436
73878,0.0011060242541134357
73881,0.0018570534884929657
73884,0.00021731060405727476
73887,0.0005187204224057496
73890,0.005805636756122112
73893,0.0010651641059666872
73896,0.004858842585235834
73899,0.001996105071157217
73902,0.0002442561381030828
73905,0.00048281531780958176
73908,0.009340072050690651
73911,0.001465700683183968
73914,0.00030579057056456804
73917,0.00039235694566741586
73920,0.002708706073462963
73923,0.01046978309750557
73926,0.00032947061117738485
73929,0.00047061871737241745
73932,0.0009063899051398039
73935,0.00033522676676511765
73938,0.0006900449516251683
73941,0.002464595250785351
73944,0.0001398886670358479
73947,0.0002741687058005482
73950,0.02371445670723915
73953,0.011646244674921036
73956,0.0006899215513840318
73959,0.0012489949585869908
73962,0.00021192470740061253
73965,0.0006420206045731902
73968,0.0024170810356736183
73971,0.0015346577856689692
73974,0.00020572985522449017
73977,0.011062520556151867
73980,0.00020831075380556285
73983,0.011381447315216064
73986,0.000303356209769845
73989,0.002585003385320306
73992,0.0012058839201927185
73995,0.0018993966514244676
73998,0.0006658497732132673
74001,0.00038529059384018183
74004,0.0008702428895048797
74007,0.0004087660345248878
74010,0.001592914923094213
74013,0.0068145813420414925
74016,0.01055945735424757
74019,0.0007136769127100706
74022,0.0022335301619023085
74025,0.002883719513192773
74028,0.0009162538917735219
74031,0.00656705629080534
74034,0.0014073033817112446
74037,0.0032585738226771355
74040,0.0002495248045306653
74043,0.017243992537260056
74046,0.00032064015977084637
74049,0.0027042666915804148
74052,0.0017020009690895677
74055,0.0027683957014232874
74058,0.010542350821197033
74061,0.0002764580422081053
74064,0.0010756077244877815
74067,0.0002377660566708073
74070,0.0001718928397167474
74073,0.0006166023085825145
74076,0.0004170046013314277
74079,0.027886856347322464
74082,0.0004153662594035268
74085,0.002776904497295618
74088,0.003875620197504759
74091,0.0001561658427817747
74094,0.0004105375555809587
74097,0.0008217847789637744
74100,0.0003427623014431447
74103,0.0023276363499462605
74106,0.0024671736173331738
74109,0.0005227772053331137
74112,0.014976350590586662
74115,0.01796598546206951
74118,0.0007360854651778936
74121,0.00427108071744442
74124,0.0017201629234477878
74127,0.0034015774726867676
74130,0.0005429564043879509
74133,0.0006729566375724971
74136,0.0010079685598611832
74139,0.0003253332688473165
74142,0.00026510871248319745
74145,0.0011362119112163782
74148,0.00508677726611495
74151,0.0013197496300563216
74154,0.0016397025901824236
74157,0.0011645304039120674
74160,0.0006024900358170271
74163,0.004828545730561018
74166,0.00031216448405757546
74169,0.011170057579874992
74172,0.0003346499288454652
74175,0.0006632142467424273
74178,0.0003954298736061901
74181,0.0002054304350167513
74184,0.021504124626517296
74187,0.002788814017549157
74190,0.00026331981644034386
74193,0.009417477995157242
74196,0.00021796507644467056
74199,0.004716952797025442
74202,0.00027508282801136374
74205,0.00122961460147053
74208,0.000647272914648056
74211,0.013465902768075466
74214,0.0002804481191560626
74217,0.0004910766147077084
74220,0.0003548100357875228
74223,0.0003632847801782191
74226,0.00854333397001028
74229,0.0006851963116787374
74232,0.00028690212639048696
74235,0.0036190031096339226
74238,0.003131675999611616
74241,0.0003704073606058955
74244,0.0002544523449614644
74247,0.00025983861996792257
74250,0.00014463876141235232
74253,0.00024416434462182224
74256,0.0007497819606214762
74259,0.0006298401858657598
74262,0.00023420486832037568
74265,0.00028808656497858465
74268,0.0002421633544145152
74271,0.00031794270034879446
74274,0.00027713767485693097
74277,0.00022472033742815256
74280,0.0003206412657164037
74283,0.00030762673122808337
74286,0.00034122701617889106
74289,0.0003702618705574423
74292,0.0005812887684442103
74295,0.0002754544257186353
74298,0.00019762065494433045
74301,0.0004435210721567273
74304,0.000899934268090874
74307,0.00024399286485277116
74310,0.00024873315123841166
74313,0.027713164687156677
74316,0.00033894655643962324
74319,0.0003395361127331853
74322,0.011524164117872715
74325,0.0002360150101594627
74328,0.0003650760627351701
74331,0.0005543612060137093
74334,0.0007217528764158487
74337,0.00024146249052137136
74340,0.0020278464071452618
74343,0.0004000423359684646
74346,0.00819700863212347
74349,0.009739858098328114
74352,0.0003509017697069794
74355,0.000262587534962222
74358,0.0029863291420042515
74361,0.005739273969084024
74364,0.0003214912139810622
74367,0.0007136426866054535
74370,0.003003656165674329
74373,0.00026407476980239153
74376,0.00018465096945874393
74379,0.0004553773906081915
74382,0.0009576077573001385
74385,0.0003207856498192996
74388,0.00404405826702714
74391,0.0047114547342062
74394,0.0005427696742117405
74397,0.00023499224334955215
74400,0.00012983582564629614
74403,0.00031767692416906357
74406,0.0006091199466027319
74409,0.0021305035334080458
74412,0.0005043077399022877
74415,0.00024566889624111354
74418,0.01039191521704197
74421,0.00893377885222435
74424,0.007761729881167412
74427,0.004476136527955532
74430,0.005135458894073963
74433,0.00018008038750849664
74436,0.00023625537869520485
74439,0.00020813090668525547
74442,0.00016136557678692043
74445,0.00019123843230772763
74448,0.0004658845136873424
74451,0.00016046561358962208
74454,0.00014462773106060922
74457,0.0003397935361135751
74460,0.0002100741257891059
74463,0.00026873694150708616
74466,0.0001666156604187563
74469,0.000271622120635584
74472,0.0007504701497964561
74475,0.00025398246361874044
74478,0.0002434960479149595
74481,0.0002787648409139365
74484,0.00021478970302268863
74487,0.0001330511295236647
74490,0.00017355280579067767
74493,0.00015466348850168288
74496,0.0015832805074751377
74499,0.0005913154454901814
74502,0.002560046734288335
74505,0.00018496380653232336
74508,0.00015345503925345838
74511,0.0005662207258865237
74514,0.0001506616099504754
74517,0.0005088988691568375
74520,0.03200595825910568
74523,0.00012617514585144818
74526,0.0003386989701539278
74529,0.0008812607266008854
74532,0.0006418490083888173
74535,0.011075585149228573
74538,0.012665152549743652
74541,0.001603290089406073
74544,0.00043019477743655443
74547,0.009648161008954048
74550,0.00017136070528067648
74553,0.000247574265813455
74556,0.0001786955981515348
74559,0.0030922857113182545
74562,0.008061420172452927
74565,0.006501870229840279
74568,0.0006378218531608582
74571,0.003004170022904873
74574,0.0007632735650986433
74577,0.0012065658811479807
74580,0.00043597823241725564
74583,0.0012569851242005825
74586,0.0036301459185779095
74589,0.005551265086978674
74592,0.013509762473404408
74595,0.014934736303985119
74598,0.013672074303030968
74601,0.0019078212790191174
74604,0.006215106695890427
74607,0.003898326773196459
74610,0.006646411493420601
74613,0.0028709382750093937
74616,0.0015095466515049338
74619,0.0017178549896925688
74622,0.008960315026342869
74625,0.0009255600743927062
74628,0.02078794129192829
74631,0.0003004529280588031
74634,0.0008913340279832482
74637,0.0023143612779676914
74640,0.00038550898898392916
74643,0.001115922350436449
74646,0.0006678852369077504
74649,0.003827166510745883
74652,0.0007278447737917304
74655,0.0015070104273036122
74658,0.0034930582623928785
74661,0.00039006993756629527
74664,0.000520114554092288
74667,0.000218149769352749
74670,0.00039674516301602125
74673,0.00018302095122635365
74676,0.00035687105264514685
74679,0.00022820441517978907
74682,0.00042078530532307923
74685,0.000590053794439882
74688,0.00015628422261215746
74691,0.003352310974150896
74694,0.0018214148003607988
74697,0.0003320469695609063
74700,0.005497366189956665
74703,0.011742942966520786
74706,0.02386287972331047
74709,0.0003912725660484284
74712,0.00941355898976326
74715,0.02107544243335724
74718,0.00349309085868299
74721,0.0006232785526663065
74724,0.0015210725832730532
74727,0.014092925004661083
74730,0.002080934587866068
74733,0.0033887363970279694
74736,0.010244698263704777
74739,0.003271227702498436
74742,0.0058448961935937405
74745,0.0007906237151473761
74748,0.0012502714525908232
74751,0.02976175583899021
74754,0.00047150548198260367
74757,0.0003405798343010247
74760,0.0005263025523163378
74763,0.0009583292412571609
74766,0.00018342089606449008
74769,0.00025411671958863735
74772,0.0029861193615943193
74775,0.0005664558848366141
74778,0.0003584573860280216
74781,0.0005727519746869802
74784,0.0002925088629126549
74787,0.00040866350173018873
74790,0.0007167835137806833
74793,0.00043812565854750574
74796,0.00024078032583929598
74799,0.00019110184803139418
74802,0.0005321096396073699
74805,0.00023497258371207863
74808,0.000309762021061033
74811,0.0026908188592642546
74814,0.0001959426299436018
74817,0.004988647066056728
74820,0.0002329232229385525
74823,0.001542349113151431
74826,0.0007310087094083428
74829,0.0028550075367093086
74832,0.00029179072589613497
74835,0.0002556901890784502
74838,0.0007971239974722266
74841,0.001023949938826263
74844,0.0002491057966835797
74847,0.004520092159509659
74850,0.000976955983787775
74853,0.0013346615014597774
74856,0.00027049786876887083
74859,0.00021880021085962653
74862,0.0015088351210579276
74865,0.00043744457070715725
74868,0.00924739520996809
74871,0.00021787817240692675
74874,0.0004515961918514222
74877,0.0011763253714889288
74880,0.00017419566574972123
74883,0.0002679716853890568
74886,0.002163731027394533
74889,0.00015808049647603184
74892,0.00019622677064035088
74895,0.0002759378112386912
74898,0.0015055825933814049
74901,0.0008610773365944624
74904,0.010626517236232758
74907,0.0005551804788410664
74910,0.0011113311629742384
74913,0.00023007704294286668
74916,0.006105164997279644
74919,0.007366581354290247
74922,0.00048969587078318
74925,0.011861992068588734
74928,0.0002767948608379811
74931,0.014893684536218643
74934,0.0008799368515610695
74937,0.0005089834448881447
74940,0.0002767852565739304
74943,0.0015604819636791945
74946,0.00015082118625286967
74949,0.002539280569180846
74952,0.00022636303037870675
74955,0.00014601345174014568
74958,0.0002637370489537716
74961,0.00020100809342693537
74964,0.005007922649383545
74967,0.004251072648912668
74970,0.011619317345321178
74973,0.00023973171482793987
74976,0.010934595949947834
74979,0.0002322835789527744
74982,0.00568811921402812
74985,0.0001901113719213754
74988,0.0011840739753097296
74991,0.002500837203115225
74994,0.008850757032632828
74997,0.0024393564090132713
75000,0.0004795747809112072
75003,0.004296903498470783
75006,0.00019236098160035908
75009,0.005655090324580669
75012,0.0001306877820752561
75015,0.000312555959681049
75018,0.0003868461644742638
75021,0.00018402529531158507
75024,0.0019479840993881226
75027,0.0033048747573047876
75030,0.0009401142597198486
75033,0.004751789383590221
75036,0.0002975825045723468
75039,0.0006271625752560794
75042,0.0013712543295696378
75045,0.00013641532859764993
75048,0.00017545172886457294
75051,0.00034422724274918437
75054,0.00030509609496220946
75057,0.0007003013743087649
75060,0.004004872404038906
75063,0.0006993736024014652
75066,0.00043508317321538925
75069,0.002864646492525935
75072,0.00035276211565360427
75075,0.00040291185723617673
75078,0.0002974420494865626
75081,0.0011444741394370794
75084,0.0001466752728447318
75087,0.00025883890339173377
75090,0.001937848748639226
75093,0.00020353154104668647
75096,0.007179430685937405
75099,0.0003911779494956136
75102,0.0005063629942014813
75105,0.000994898728094995
75108,0.0003831647918559611
75111,0.0001957779168151319
75114,0.0003427000774536282
75117,0.00018765003187581897
75120,0.005221919622272253
75123,0.0001336602435912937
75126,0.0002696713781915605
75129,0.006271905731409788
75132,0.00046842743176966906
75135,0.012637348845601082
75138,0.0001436797610949725
75141,0.001076372223906219
75144,0.00027688153204508126
75147,0.0007475187885574996
75150,0.0003427444607950747
75153,0.00011118446855107322
75156,0.0007317536510527134
75159,0.0005254021962173283
75162,0.00027229200350120664
75165,0.0003415835089981556
75168,0.00034588424023240805
75171,0.0002984111779369414
75174,0.00017582566943019629
75177,0.0005709373508580029
75180,0.010963340289890766
75183,0.0005839989171363413
75186,0.00039942044531926513
75189,0.0007315883412957191
75192,0.00026741804322227836
75195,0.005168403498828411
75198,0.001278572715818882
75201,0.019851267337799072
75204,0.0008052982739172876
75207,0.00036401496618054807
75210,0.006703415419906378
75213,0.01110344473272562
75216,0.0008941725827753544
75219,0.0016626466531306505
75222,0.00056383793707937
75225,0.002154302317649126
75228,0.012769751250743866
75231,0.0002987680200021714
75234,0.0023695481941103935
75237,0.0007342471508309245
75240,0.002444772981107235
75243,0.01474504079669714
75246,0.013675069436430931
75249,0.0012432627845555544
75252,0.0003575320588424802
75255,0.00026036842609755695
75258,0.0003046593628823757
75261,0.005622651427984238
75264,0.0002276986779179424
75267,0.017198313027620316
75270,0.00037434781552292407
75273,0.008510907180607319
75276,0.0003292731416877359
75279,0.0004246276803314686
75282,0.00030636333394795656
75285,0.0028592818416655064
75288,0.006627583410590887
75291,0.0004504587850533426
75294,0.004248365759849548
75297,0.0003272651811130345
75300,0.0003742717963177711
75303,0.0028266769368201494
75306,0.016704995185136795
75309,0.0003425208851695061
75312,0.0004646891902666539
75315,0.0022994328755885363
75318,0.007905092090368271
75321,0.0007900018827058375
75324,0.0010707860346883535
75327,0.0002043405402218923
75330,0.0012755137868225574
75333,0.0005815458134748042
75336,0.019029615446925163
75339,0.01132279634475708
75342,0.0002502265851944685
75345,0.008290067315101624
75348,0.006391813047230244
75351,0.004958233796060085
75354,0.0003424898022785783
75357,0.009400739334523678
75360,0.000374043476767838
75363,0.003916795831173658
75366,0.0004625442379619926
75369,0.00046513567212969065
75372,0.0004346950154285878
75375,0.007069981191307306
75378,0.0003486264613457024
75381,0.012134476564824581
75384,0.005065354984253645
75387,0.018867773935198784
75390,0.00289711682125926
75393,0.005247859284281731
75396,0.0036496289540082216
75399,0.0012880422873422503
75402,0.001901005394756794
75405,0.0007789740338921547
75408,0.00026453426107764244
75411,0.0003163350047543645
75414,0.00026016763877123594
75417,0.0005144351162016392
75420,0.0003065287019126117
75423,0.011544931679964066
75426,0.0002817650092765689
75429,0.00032874764292500913
75432,0.0016164674889296293
75435,0.0011440827511250973
75438,0.0005845686537213624
75441,0.0010446424130350351
75444,0.0006928328657522798
75447,0.0006366336601786315
75450,0.00041006013634614646
75453,0.0015001767314970493
75456,0.0004888024413958192
75459,0.0006114903371781111
75462,0.0009806269081309438
75465,0.003238852135837078
75468,0.000541704474017024
75471,0.0007544455584138632
75474,0.016527045518159866
75477,0.0004293191886972636
75480,0.005673754960298538
75483,0.0006697035860270262
75486,0.009175125509500504
75489,0.0006300557288341224
75492,0.0002859556407202035
75495,0.0005480669788084924
75498,0.0010056281462311745
75501,0.0018447594484314322
75504,0.0005501036066561937
75507,0.00026135501684620976
75510,0.004750658757984638
75513,0.012231240049004555
75516,0.0006503312615677714
75519,0.022091016173362732
75522,0.0032440151553601027
75525,0.0028951747808605433
75528,0.0019739128183573484
75531,0.0002077610115520656
75534,0.011358938179910183
75537,0.005481643136590719
75540,0.0018049238715320826
75543,0.013622239232063293
75546,0.0003321656840853393
75549,0.002263106172904372
75552,0.009066636674106121
75555,0.011249188333749771
75558,0.006800264585763216
75561,0.0011023643892258406
75564,0.010240602307021618
75567,0.000242431036895141
75570,0.0003750443574972451
75573,0.002497830893844366
75576,0.007330789230763912
75579,0.0003711456374730915
75582,0.0008162640733644366
75585,0.00781835988163948
75588,0.00046216638293117285
75591,0.0003138788742944598
75594,0.0008162902668118477
75597,0.0008553212974220514
75600,0.0006905219634063542
75603,0.011886892840266228
75606,0.007947122678160667
75609,0.003965327516198158
75612,0.0015972355613484979
75615,0.0007989804726094007
75618,0.011810093186795712
75621,0.00020095575018785894
75624,0.0005759321502409875
75627,0.0018078015418723226
75630,0.00030838599195703864
75633,0.0017358276527374983
75636,0.010973958298563957
75639,0.006318117491900921
75642,0.0006086529465392232
75645,0.00032445049146190286
75648,0.00045056623639538884
75651,0.0021985843777656555
75654,0.0005067813326604664
75657,0.00034985929960384965
75660,0.00025891143013723195
75663,9.50718458625488e-05
75666,0.00033063735463656485
75669,0.00023614121892023832
75672,0.0006843378068879247
75675,0.000678704702295363
75678,0.005188012961298227
75681,0.0019229196477681398
75684,0.021651167422533035
75687,0.0005230226670391858
75690,0.0002944752050098032
75693,0.001130519201979041
75696,0.0009461035369895399
75699,0.001151720411144197
75702,0.002786083612591028
75705,0.0005593604873865843
75708,0.0050141168758273125
75711,0.0002529129560571164
75714,0.0007951767183840275
75717,0.0014292120467871428
75720,0.00027350729214958847
75723,0.015111299231648445
75726,0.00023321490152738988
75729,0.00021687513799406588
75732,0.0002922678831964731
75735,0.00033732299925759435
75738,0.0016995063051581383
75741,0.0001508174027549103
75744,0.00026164285372942686
75747,0.0015969239175319672
75750,0.000674485054332763
75753,0.0006514152628369629
75756,0.0001681590365478769
75759,0.020391667261719704
75762,0.000379693869035691
75765,0.00013773997488897294
75768,0.012721091508865356
75771,0.0036783209070563316
75774,0.0004928502603434026
75777,0.0004590537282638252
75780,0.0009993439307436347
75783,0.00019631748727988452
75786,0.0003035548725165427
75789,0.0002455531503073871
75792,0.0005445113056339324
75795,0.00019710393098648638
75798,0.00027233222499489784
75801,0.0006500746821984649
75804,0.00022627136786468327
75807,0.0003419292042963207
75810,0.00023188562772702426
75813,0.00037275414797477424
75816,0.002334333024919033
75819,0.001310495426878333
75822,0.00017253731493838131
75825,0.00037339594564400613
75828,0.00036123671452514827
75831,0.0002818205684889108
75834,0.0005419961526058614
75837,0.004952976480126381
75840,0.0054643177427351475
75843,0.015041514299809933
75846,0.008831910789012909
75849,0.0030763873364776373
75852,0.0025781188160181046
75855,0.00029776693554595113
75858,0.0001705564500298351
75861,0.002591404365375638
75864,0.0029527852311730385
75867,0.020668530836701393
75870,0.0003974681021645665
75873,0.00436011329293251
75876,0.01107044517993927
75879,0.020340338349342346
75882,0.001360453898087144
75885,0.0024970564991235733
75888,0.0002124979509972036
75891,0.00037811146466992795
75894,0.0022368808276951313
75897,0.0013997035566717386
75900,0.00022766509209759533
75903,0.0002855247585102916
75906,0.00011857537174364552
75909,0.004834352992475033
75912,0.00037050078390166163
75915,0.004154377616941929
75918,0.018381167203187943
75921,0.0016510945279151201
75924,0.0003413583617657423
75927,0.006239349953830242
75930,0.0006736747454851866
75933,0.012605205178260803
75936,0.00184485106728971
75939,0.004540204536169767
75942,0.012765191495418549
75945,0.0025767404586076736
75948,0.009150865487754345
75951,0.0017743055941537023
75954,0.006023745518177748
75957,0.00031408254289999604
75960,0.0145359355956316
75963,0.00789005495607853
75966,0.00023886172857601196
75969,0.0001457889302400872
75972,0.0004505051765590906
75975,0.00099417835008353
75978,0.00023973561474122107
75981,0.00011716519657056779
75984,0.004602950531989336
75987,0.0004988330765627325
75990,0.0001887965336209163
75993,0.00317206559702754
75996,0.00020831782603636384
75999,0.00033073939266614616
76002,0.00045244095963425934
76005,0.0006067374488338828
76008,0.0008600825094617903
76011,0.0001560630917083472
76014,0.00016612527542747557
76017,0.0005595166003331542
76020,0.00027589258388616145
76023,0.00048235146095976233
76026,0.00010320323053747416
76029,0.00023923430126160383
76032,0.0004057666810695082
76035,0.0001165838330052793
76038,0.0074592819437384605
76041,0.0005238704034127295
76044,0.0023455489426851273
76047,0.00019045329827349633
76050,0.001272723195143044
76053,0.01965104043483734
76056,0.0002839767257682979
76059,0.011016326025128365
76062,0.0009290625457651913
76065,0.0003586242673918605
76068,0.005962150637060404
76071,0.0003249788424000144
76074,0.009758365340530872
76077,0.0016764537431299686
76080,0.0026695248670876026
76083,0.0011618903372436762
76086,0.0023199282586574554
76089,0.0023319663014262915
76092,0.00034297211095690727
76095,0.012889834120869637
76098,0.0004019717744085938
76101,0.005639681592583656
76104,0.0013626707950606942
76107,0.0006517464062198997
76110,0.0005494572687894106
76113,0.00023385380336549133
76116,0.001144265872426331
76119,0.0002515215892344713
76122,0.0002630909439176321
76125,0.000441716518253088
76128,0.017002291977405548
76131,0.00046485080383718014
76134,0.004877499770373106
76137,0.000415083603002131
76140,0.0004295796388760209
76143,0.0015039434656500816
76146,0.0005719269393011928
76149,0.008277276530861855
76152,0.0002834767219610512
76155,0.008569453842937946
76158,0.00018755390192382038
76161,0.00022167444694787264
76164,0.005861575249582529
76167,0.011348891071975231
76170,0.0011374334571883082
76173,0.0030572228133678436
76176,0.011193960905075073
76179,0.0037565806414932013
76182,0.005078988149762154
76185,0.0006146079394966364
76188,0.020037954673171043
76191,0.023419292643666267
76194,0.0012114441487938166
76197,0.005846662446856499
76200,0.00016182113904505968
76203,0.002914493903517723
76206,0.01266532950103283
76209,0.00023312230769079179
76212,0.0006321246619336307
76215,0.0010696703102439642
76218,0.01655343733727932
76221,0.0007754045072942972
76224,0.0008435583440586925
76227,0.020984956994652748
76230,0.0033966624177992344
76233,0.0018016904359683394
76236,0.00034509063698351383
76239,0.010490961372852325
76242,0.000854594400152564
76245,0.0005353129236027598
76248,0.00029076836653985083
76251,0.0007016031886450946
76254,0.006323717068880796
76257,0.0003608610131777823
76260,0.00039028332685120404
76263,0.00022180419182404876
76266,0.0004045605019200593
76269,0.0012141253100708127
76272,0.007639053277671337
76275,0.0025845400523394346
76278,0.0009236845653504133
76281,0.025120165199041367
76284,0.00028638256480917335
76287,0.0001980049128178507
76290,0.0023718257434666157
76293,0.02587025985121727
76296,0.0011241196189075708
76299,0.0005184930050745606
76302,0.00035445537650957704
76305,0.0016828466905280948
76308,0.004635026678442955
76311,0.0007130263256840408
76314,0.00037478323793038726
76317,0.0006328746676445007
76320,0.0003757905215024948
76323,0.0006475908448919654
76326,0.0003121463523712009
76329,0.007858257740736008
76332,0.0005869203014299273
76335,0.001758428756147623
76338,0.0007217922247946262
76341,0.004662816412746906
76344,0.0004033712320961058
76347,0.00029765276121906936
76350,0.0007037642644718289
76353,0.0008983246516436338
76356,0.000991118955425918
76359,0.000534294405952096
76362,0.010595896281301975
76365,0.0014367122203111649
76368,0.008488086983561516
76371,0.0012297952780500054
76374,0.0007473597070202231
76377,0.00047457998152822256
76380,0.009526784531772137
76383,0.0008540998096577823
76386,0.0003259597870055586
76389,0.007720771245658398
76392,0.0016591466264799237
76395,0.01223205216228962
76398,0.017751017585396767
76401,0.0001659714907873422
76404,0.004975796677172184
76407,0.00020628896891139448
76410,0.004872607532888651
76413,0.001638598507270217
76416,0.00014407940034288913
76419,0.00027719291392713785
76422,0.00040818232810124755
76425,0.0004011253477074206
76428,0.0005036306683905423
76431,0.0002047804300673306
76434,0.00012016500841127709
76437,0.0010602710535749793
76440,0.002694551134482026
76443,0.00020712552941404283
76446,0.00034129637060686946
76449,0.00021330718300305307
76452,0.0015686876140534878
76455,0.00028325861785560846
76458,0.009524229913949966
76461,0.00015442189760506153
76464,0.0006472473032772541
76467,0.0002688321110326797
76470,0.0003385104355402291
76473,0.00033512257505208254
76476,0.0012091801036149263
76479,0.0005741072818636894
76482,0.000486859236843884
76485,0.013390842825174332
76488,0.0001368517114315182
76491,0.004769729450345039
76494,0.000983924837782979
76497,0.0002412507019471377
76500,0.0004457634058780968
76503,0.004640801344066858
76506,0.00013920159835834056
76509,0.0001988765288842842
76512,9.375056106364354e-05
76515,0.01956423558294773
76518,0.0001387320808134973
76521,0.00022453494602814317
76524,0.0017516477964818478
76527,0.00014852790627628565
76530,0.0004080210637766868
76533,0.0015220707282423973
76536,0.0010338264983147383
76539,0.0007134295301511884
76542,0.002881511813029647
76545,0.00025240486138500273
76548,0.00031480295001529157
76551,0.00022261994308792055
76554,0.00023641966981813312
76557,0.0011220363667234778
76560,0.0005874185007996857
76563,0.00627091946080327
76566,0.00032681916491128504
76569,0.007402103394269943
76572,0.017941879108548164
76575,0.0030051092617213726
76578,0.00012978051381651312
76581,0.00037749524926766753
76584,0.0001497456105425954
76587,0.0006646773545071483
76590,0.0002032507472904399
76593,0.00023810220591258258
76596,0.0008169196080416441
76599,0.0003175829187966883
76602,0.0010203392012044787
76605,0.00019583589164540172
76608,0.0012190353590995073
76611,0.00029255630215629935
76614,0.0002195032429881394
76617,0.0007063794764690101
76620,0.00040631426963955164
76623,0.00018247256230097264
76626,0.0004346981586422771
76629,0.0002747559337876737
76632,0.00040329399053007364
76635,0.0002898625680245459
76638,0.0003734347119461745
76641,0.00042739571654237807
76644,0.00036248090327717364
76647,0.00024253141600638628
76650,0.0004567778669297695
76653,0.00041003822116181254
76656,0.00028190205921418965
76659,0.00021120953897479922
76662,0.007019378710538149
76665,0.0007365664350800216
76668,0.001921783434227109
76671,0.0005093342624604702
76674,0.00033879856346175075
76677,0.0001662145514274016
76680,0.007970924489200115
76683,0.0073233856819570065
76686,0.0025539249181747437
76689,0.00022394899860955775
76692,0.008814629167318344
76695,0.0008647914510220289
76698,0.0007330215885303915
76701,0.00030746549600735307
76704,0.0004401332698762417
76707,0.0014514217618852854
76710,0.0008980040438473225
76713,0.00033098983112722635
76716,0.0021539865992963314
76719,0.017990730702877045
76722,0.0004807955410797149
76725,0.0004878653562627733
76728,0.0004727411433123052
76731,0.00026369511033408344
76734,0.0026864560786634684
76737,0.0011068254243582487
76740,0.005067617166787386
76743,0.003789767622947693
76746,0.0253153033554554
76749,0.0008149179047904909
76752,0.0006929842056706548
76755,0.0022538278717547655
76758,0.0022102156654000282
76761,0.00130552111659199
76764,0.000338610727339983
76767,0.0007863692007958889
76770,0.0012283474206924438
76773,0.0016327908961102366
76776,0.006333866156637669
76779,0.010526465252041817
76782,0.0013645736034959555
76785,0.00045758302439935505
76788,0.020097320899367332
76791,0.0007281230064108968
76794,0.0002014049532590434
76797,0.0002791243023239076
76800,0.00014554947847500443
76803,0.00038754241541028023
76806,0.0007005271036177874
76809,0.00021835704683326185
76812,0.00034270103788003325
76815,0.00047930702567100525
76818,0.003982513211667538
76821,0.0014895490603521466
76824,0.00018382346024736762
76827,0.0001920729991979897
76830,0.0007290709763765335
76833,0.0001856343587860465
76836,0.0004700564022641629
76839,0.010127047076821327
76842,0.0006925862981006503
76845,0.00022668486053589731
76848,0.0005764029920101166
76851,0.0008423534454777837
76854,0.0001535620540380478
76857,0.0007405964424833655
76860,0.0002388536959188059
76863,0.0022038398310542107
76866,0.0005549234338104725
76869,0.03388439491391182
76872,0.003634039778262377
76875,0.011687681078910828
76878,0.01869514212012291
76881,0.004992367699742317
76884,0.016711357980966568
76887,0.0005659991293214262
76890,0.0003522658662404865
76893,0.0004090488073416054
76896,0.0014411455485969782
76899,0.008186420425772667
76902,0.0005653116386383772
76905,0.00415038550272584
76908,0.003709722775965929
76911,0.0005748479743488133
76914,0.0007319662254303694
76917,0.0013112601591274142
76920,0.0056756786070764065
76923,0.0009152217535302043
76926,0.0011284764623269439
76929,0.014541550539433956
76932,0.0014014627085998654
76935,0.00033930252538993955
76938,0.0007964082178659737
76941,0.00020475997007451952
76944,0.005673347041010857
76947,0.00020131786004640162
76950,0.015060522593557835
76953,0.00033501454163342714
76956,0.0003551678964868188
76959,0.00016697673709131777
76962,0.01502374280244112
76965,0.0011868776055052876
76968,0.0022987346164882183
76971,0.0003631473518908024
76974,0.0002469652099534869
76977,0.002006297931075096
76980,0.0003769966133404523
76983,0.00014946149894967675
76986,0.0010776747949421406
76989,0.0016394666163250804
76992,0.0003522440674714744
76995,0.00032122054835781455
76998,0.0014116400852799416
77001,0.012224512174725533
77004,0.00035222532460466027
77007,0.0032740579918026924
77010,0.0004768315702676773
77013,0.00020562668214552104
77016,0.00048613286344334483
77019,0.0006490242085419595
77022,0.0028506696689873934
77025,0.00022415147395804524
77028,0.00028201102395541966
77031,0.00023453854373656213
77034,0.00045062642311677337
77037,0.0031129522249102592
77040,0.00040343962609767914
77043,0.00036959091085009277
77046,0.0005213083350099623
77049,0.009527123533189297
77052,0.02045082300901413
77055,0.0032296974677592516
77058,0.0003839900600723922
77061,0.00334487808868289
77064,0.00980917364358902
77067,0.0005195876001380384
77070,0.0003834590897895396
77073,0.0005376065382733941
77076,0.0004507514531724155
77079,0.0009057499701157212
77082,0.0005614563124254346
77085,0.004942409228533506
77088,0.00026262091705575585
77091,0.0005678847664967179
77094,0.0027664729859679937
77097,0.0013653506757691503
77100,0.008090417832136154
77103,0.0022838942240923643
77106,0.0004075848264619708
77109,0.00023093438358046114
77112,0.00031686952570453286
77115,0.0005755696911364794
77118,0.0005424561677500606
77121,0.012449182569980621
77124,0.004556240979582071
77127,0.0009688733844086528
77130,0.0002892971388064325
77133,0.00023778111790306866
77136,0.000764022464863956
77139,0.00036509105120785534
77142,0.0035941838286817074
77145,0.008151311427354813
77148,0.011754730716347694
77151,0.000514641753397882
77154,0.0007536670309491456
77157,0.0009414311498403549
77160,0.011826969683170319
77163,0.0003186405810993165
77166,0.006961106322705746
77169,0.016621002927422523
77172,0.0011569892521947622
77175,0.0003730278112925589
77178,0.0023971833288669586
77181,0.013016579672694206
77184,0.0037420212756842375
77187,0.0019409521482884884
77190,0.0003409841738175601
77193,0.0058701238594949245
77196,0.00025835068663582206
77199,0.001416506594978273
77202,0.00025384710170328617
77205,0.0016427155351266265
77208,0.00067147082882002
77211,0.0043762377463281155
77214,0.01605289615690708
77217,0.00023328249517362565
77220,0.012138674035668373
77223,0.0002552822697907686
77226,0.0007213313365355134
77229,0.0007749180076643825
77232,0.002818660344928503
77235,0.012492837384343147
77238,0.0012636067112907767
77241,0.00018925743643194437
77244,0.00036877579987049103
77247,0.00034498938475735486
77250,0.00950885284692049
77253,0.002150817308574915
77256,0.002867343369871378
77259,0.02689298614859581
77262,0.0004552521277219057
77265,0.0003314262139610946
77268,0.00040117677417583764
77271,0.01195664145052433
77274,0.0006979680038057268
77277,0.0011605025501921773
77280,0.0003824135637842119
77283,0.00028205825947225094
77286,0.019301751628518105
77289,0.00022282441204879433
77292,0.0064969188533723354
77295,0.0009652621811255813
77298,0.0006598433246836066
77301,0.002937756245955825
77304,0.0008357519982382655
77307,0.0024717869237065315
77310,0.007724067661911249
77313,0.014966093935072422
77316,0.012174384668469429
77319,0.005777101498097181
77322,0.0006579278269782662
77325,0.01271745003759861
77328,0.01364836748689413
77331,0.000497764500323683
77334,0.0036483786534518003
77337,0.000633579446002841
77340,0.00276787462644279
77343,0.0010292582446709275
77346,0.00028493546415120363
77349,0.0005808515124954283
77352,0.012705238536000252
77355,0.025885295122861862
77358,0.00044007092947140336
77361,0.011080258525907993
77364,0.002402431098744273
77367,0.0028315000236034393
77370,0.001044673379510641
77373,0.0016725965542718768
77376,0.0008494080975651741
77379,0.00023546414740849286
77382,0.0005407031858339906
77385,0.007241191808134317
77388,0.0012817777460440993
77391,0.0026610728818923235
77394,0.00025847635697573423
77397,0.02358965389430523
77400,0.001786082866601646
77403,0.005948403850197792
77406,0.002123417565599084
77409,0.001532596885226667
77412,0.00021481992735061795
77415,0.011351410299539566
77418,0.0007517533376812935
77421,0.002915363758802414
77424,0.00037225792766548693
77427,0.0020257493015378714
77430,0.00048267628881148994
77433,0.013700354844331741
77436,0.0006156798917800188
77439,0.0012288755970075727
77442,0.0005449953605420887
77445,0.003289345186203718
77448,0.0018536252900958061
77451,0.004735186696052551
77454,0.00021797632507514209
77457,0.00028292054776102304
77460,0.0002793745952658355
77463,0.0029061930254101753
77466,0.0002243110357085243
77469,0.0004442061763256788
77472,0.006674420088529587
77475,0.004247233737260103
77478,0.00031117978505790234
77481,0.0031676609069108963
77484,0.00016575159679632634
77487,0.004924815148115158
77490,0.0013311563525348902
77493,0.009326674975454807
77496,0.004174461122602224
77499,0.0002467423037160188
77502,0.00041381886694580317
77505,0.021767038851976395
77508,0.006560574751347303
77511,0.0011984772281721234
77514,0.0002970422792714089
77517,0.0004950176808051765
77520,0.005420294590294361
77523,0.00030642710044048727
77526,0.007591006346046925
77529,0.00016918119217734784
77532,0.0005685071228072047
77535,0.009690727107226849
77538,0.00011949682084377855
77541,0.016440220177173615
77544,0.02323180064558983
77547,0.0004966307897120714
77550,0.00035325210774317384
77553,0.00814419612288475
77556,0.006136296782642603
77559,0.011735457926988602
77562,0.0004839894827455282
77565,0.00029465899569913745
77568,0.0038047765847295523
77571,0.00033055830863304436
77574,0.0005365368560887873
77577,0.0004272946098353714
77580,0.01605011150240898
77583,0.008914842270314693
77586,0.0021017882972955704
77589,0.0002214288542745635
77592,0.0016956871841102839
77595,0.009135421365499496
77598,0.00020622980082407594
77601,0.0015295849880203605
77604,0.0005614860565401614
77607,0.000805826741270721
77610,0.0002770991704892367
77613,0.015990156680345535
77616,0.00036141497548669577
77619,0.0001754851546138525
77622,0.0006572686834260821
77625,0.0002895304642152041
77628,0.001004935591481626
77631,0.0008126035681925714
77634,0.0003096531145274639
77637,0.00026092075859196484
77640,0.00018403358990326524
77643,0.0006579332402907312
77646,0.00011234146950300783
77649,0.00018963735783472657
77652,0.00013238948304206133
77655,0.0002679270983207971
77658,0.000214613217394799
77661,0.00019747685291804373
77664,0.00035563373239710927
77667,0.00018810229084920138
77670,0.0002022165572270751
77673,0.00011401312076486647
77676,0.0001536973286420107
77679,0.00010655687947291881
77682,0.0003760467516258359
77685,0.000392583868233487
77688,0.00013970585132483393
77691,0.00011014670599251986
77694,0.00014918454689905047
77697,0.02249615639448166
77700,0.0013803463662043214
77703,0.00015885752509348094
77706,0.00012630116543732584
77709,0.0011455933563411236
77712,0.004846370778977871
77715,0.0004577887011691928
77718,0.0011348159750923514
77721,0.0001787680375855416
77724,0.0008101526764221489
77727,0.0022039744071662426
77730,0.0003293537884019315
77733,0.0003812543291132897
77736,0.00044846534729003906
77739,0.021415259689092636
77742,0.00019548686395864934
77745,0.00040691596223041415
77748,0.0013403687626123428
77751,0.0010307000484317541
77754,0.0001304519100813195
77757,0.00015633017756044865
77760,0.004471330437809229
77763,0.0010702210711315274
77766,0.00023037823848426342
77769,0.0190130565315485
77772,0.02076360210776329
77775,0.012378569692373276
77778,0.00025997008197009563
77781,0.0026161852292716503
77784,0.0037951492704451084
77787,0.026175228878855705
77790,0.000344486819813028
77793,0.0012245380785316229
77796,0.0013128456193953753
77799,0.0011434463085606694
77802,0.0007749376818537712
77805,0.009359673596918583
77808,0.004122649319469929
77811,0.01578529365360737
77814,0.003992624115198851
77817,0.0007175743812695146
77820,0.00018096319399774075
77823,0.0027610131073743105
77826,0.0002768153208307922
77829,0.008226735517382622
77832,0.0052035837434232235
77835,0.01148905884474516
77838,0.00014711389667354524
77841,0.0012280938681215048
77844,0.00023978417448233813
77847,0.001071182545274496
77850,0.005381181836128235
77853,0.015280526131391525
77856,0.0022161980159580708
77859,0.0002751594875007868
77862,0.01758100651204586
77865,0.0005746470997110009
77868,0.0007533237803727388
77871,0.00020574612426571548
77874,0.019527291879057884
77877,0.00368065875954926
77880,0.0003527940425556153
77883,0.014590195380151272
77886,0.0008119628764688969
77889,0.00037748063914477825
77892,0.0003233439929317683
77895,0.0006765120779164135
77898,0.00021542844478972256
77901,0.02539285644888878
77904,0.00016985838010441512
77907,0.005513524170964956
77910,0.000302742759231478
77913,0.0010363731998950243
77916,0.00017127711907960474
77919,8.268850797321647e-05
77922,0.00038056622724980116
77925,0.00025017018197104335
77928,0.0002416230709059164
77931,0.0011849612928926945
77934,0.00029175126110203564
77937,0.025780022144317627
77940,0.0003571674460545182
77943,0.0009540386963635683
77946,0.005665475968271494
77949,0.00011867704597534612
77952,0.00034036958822980523
77955,0.00016762936138547957
77958,0.000349953246768564
77961,0.000727248378098011
77964,0.0011248833034187555
77967,0.0008451190078631043
77970,0.0001517248310847208
77973,0.00042238025343976915
77976,0.0006635896861553192
77979,0.00023852448794059455
77982,0.0003602698561735451
77985,0.00270645460113883
77988,0.0006934896809980273
77991,0.00030258670449256897
77994,0.0005069287726655602
77997,0.0005591100780293345
78000,0.00015438272384926677
78003,0.00020328120444901288
78006,0.0004093789611943066
78009,0.0011537763057276607
78012,0.00038583166315220296
78015,0.0006113462150096893
78018,0.0002429691085126251
78021,0.0004581776447594166
78024,0.0008815263281576335
78027,0.00030065682949498296
78030,0.00039039849070832133
78033,0.00025983230443671346
78036,0.0002564970054663718
78039,0.00012676208280026913
78042,0.0004796339198946953
78045,0.004248637240380049
78048,0.00025243195705115795
78051,0.006062764674425125
78054,0.000398471049265936
78057,0.00022711764904670417
78060,0.0017395196482539177
78063,0.0006170832202769816
78066,0.0039667109958827496
78069,0.0018896894762292504
78072,0.00012153352872701362
78075,0.0001645476440899074
78078,0.00028444628696888685
