gradient_step,loss
0,0.6747606992721558
156,0.01446729525923729
312,0.02683744952082634
468,0.05806674808263779
624,0.04523554816842079
780,0.023577682673931122
936,0.03831126540899277
1092,0.03534676879644394
1248,0.028047725558280945
1404,0.013301358558237553
1560,0.023791423067450523
1716,0.02720702439546585
1872,0.0746869444847107
2028,0.02856536954641342
2184,0.034456655383110046
2340,0.07171650975942612
2496,0.026575051248073578
2652,0.03427404537796974
2808,0.034151993691921234
2964,0.039909590035676956
3120,0.024709202349185944
3276,0.030275113880634308
3432,0.03643915057182312
3588,0.012221550568938255
3744,0.0576971098780632
3900,0.057828933000564575
4056,0.02435344085097313
4212,0.05017269402742386
4368,0.06759412586688995
4524,0.028806686401367188
4680,0.10689811408519745
4836,0.02162560448050499
4992,0.07279877364635468
5148,0.038153212517499924
5304,0.028369739651679993
5460,0.04912586137652397
5616,0.023991983383893967
5772,0.03519323468208313
5928,0.04189024493098259
6084,0.02053738199174404
6240,0.04124677553772926
6396,0.043731316924095154
6552,0.06327290832996368
6708,0.026626957580447197
6864,0.05597519129514694
7020,0.03610211983323097
7176,0.037771835923194885
7332,0.030170941725373268
7488,0.02505642920732498
7644,0.09291892498731613
7800,0.07338730990886688
7956,0.060742832720279694
8112,0.0461743138730526
8268,0.05015795677900314
8424,0.07994292676448822
8580,0.06490025669336319
8736,0.010804397985339165
8892,0.06669077277183533
9048,0.03043978661298752
9204,0.012940344400703907
9360,0.05129864439368248
9516,0.02152840793132782
9672,0.04487012326717377
9828,0.00993202906101942
9984,0.13228541612625122
10140,0.04206402227282524
10296,0.02796243131160736
10452,0.033034548163414
10608,0.035167090594768524
10764,0.038596656173467636
10920,0.032827138900756836
11076,0.04127302020788193
11232,0.030226897448301315
11388,0.028753861784934998
11544,0.02504190057516098
11700,0.0776338130235672
11856,0.04120412468910217
12012,0.023222580552101135
12168,0.051954612135887146
12324,0.051917046308517456
12480,0.0425577275454998
12636,0.03287418931722641
12792,0.07227537035942078
12948,0.05193287506699562
13104,0.05312712490558624
13260,0.025708001106977463
13416,0.03054242581129074
13572,0.03436644375324249
13728,0.028495294973254204
13884,0.026416558772325516
14040,0.059633027762174606
14196,0.014190052635967731
14352,0.025380747392773628
14508,0.03689337894320488
14664,0.11679717898368835
14820,0.07906688004732132
14976,0.043124742805957794
15132,0.07649005949497223
15288,0.011580046266317368
15444,0.01854081265628338
15600,0.016736729070544243
15756,0.05090273171663284
15912,0.04559553787112236
16068,0.019702747464179993
16224,0.03305039927363396
16380,0.03288010507822037
16536,0.013874764554202557
16692,0.07945378124713898
16848,0.05122771114110947
17004,0.06575198471546173
17160,0.061390671879053116
17316,0.021779285743832588
17472,0.027657102793455124
17628,0.0249777939170599
17784,0.049087345600128174
17940,0.06839790940284729
18096,0.03248712792992592
18252,0.022923290729522705
18408,0.03526178002357483
18564,0.03420732170343399
18720,0.03552205488085747
18876,0.15814454853534698
19032,0.059657737612724304
19188,0.025335609912872314
19344,0.06348756700754166
19500,0.043789103627204895
19656,0.11173266172409058
19812,0.019230671226978302
19968,0.02295229583978653
20124,0.02072867564857006
20280,0.010521167889237404
20436,0.026088127866387367
20592,0.03855530172586441
20748,0.03453955799341202
20904,0.06621727347373962
21060,0.03910252824425697
21216,0.02335956320166588
21372,0.010737298056483269
21528,0.1514710783958435
21684,0.037597354501485825
21840,0.013650289736688137
21996,0.049618981778621674
22152,0.03648095950484276
22308,0.0233134962618351
22464,0.017075087875127792
22620,0.016446929425001144
22776,0.03397762030363083
22932,0.03207949176430702
23088,0.030219802632927895
23244,0.02482999488711357
23400,0.04308028519153595
23556,0.020750634372234344
23712,0.03652928024530411
23868,0.03439894691109657
24024,0.06090487539768219
24180,0.021631622686982155
24336,0.023127669468522072
24492,0.025273397564888
24648,0.055626094341278076
24804,0.03552025929093361
24960,0.03716101497411728
25116,0.04620462656021118
25272,0.03215860575437546
25428,0.026503700762987137
25584,0.012124108150601387
25740,0.06921334564685822
25896,0.055467959493398666
26052,0.020988967269659042
26208,0.02304704859852791
26364,0.03351644054055214
26520,0.023994088172912598
26676,0.034896574914455414
26832,0.019913600757718086
26988,0.017054278403520584
27144,0.017989590764045715
27300,0.04877970367670059
27456,0.03564000874757767
27612,0.008632328361272812
27768,0.0389208048582077
27924,0.03138313442468643
28080,0.026941262185573578
28236,0.012952093034982681
28392,0.04918383061885834
28548,0.038122519850730896
28704,0.047699954360723495
28860,0.0389905646443367
29016,0.03133982792496681
29172,0.01028499472886324
29328,0.049907997250556946
29484,0.06918350607156754
29640,0.025083128362894058
29796,0.06351344287395477
29952,0.022609803825616837
30108,0.17042481899261475
30264,0.01990319788455963
30420,0.014502959325909615
30576,0.08064703643321991
30732,0.07660417258739471
30888,0.033412013202905655
31044,0.01429608091711998
31200,0.012716829776763916
31356,0.0060766953974962234
31512,0.040567006915807724
31668,0.009954660199582577
31824,0.008687294088304043
31980,0.010855654254555702
32136,0.032251350581645966
32292,0.04349434748291969
32448,0.037810806185007095
32604,0.02772407978773117
32760,0.03621271252632141
32916,0.04784471169114113
33072,0.019832726567983627
33228,0.010085680522024632
33384,0.03900318220257759
33540,0.03665231913328171
33696,0.013630317524075508
33852,0.059383004903793335
34008,0.01223994791507721
34164,0.02781953662633896
34320,0.01982368901371956
34476,0.03388155624270439
34632,0.006804603151977062
34788,0.01720113679766655
34944,0.08786288648843765
35100,0.024286964908242226
35256,0.02561071515083313
35412,0.013163919560611248
35568,0.026450011879205704
35724,0.021541155874729156
35880,0.04336489364504814
36036,0.010580524802207947
36192,0.02131466567516327
36348,0.020440340042114258
36504,0.0242990180850029
36660,0.0367945060133934
36816,0.017868325114250183
36972,0.016765497624874115
37128,0.05719591677188873
37284,0.06348173320293427
37440,0.014584604650735855
37596,0.08033262938261032
37752,0.0266166590154171
37908,0.03476995602250099
38064,0.014297173358500004
38220,0.014383930712938309
38376,0.05763860046863556
38532,0.0222269706428051
38688,0.009491818957030773
38844,0.051320966333150864
39000,0.016276990994811058
39156,0.02472575567662716
39312,0.02486240491271019
39468,0.02108418568968773
39624,0.059608325362205505
39780,0.006092398893088102
39936,0.06430507451295853
40092,0.062019143253564835
40248,0.01273113489151001
40404,0.055815983563661575
40560,0.007896970957517624
40716,0.05073998123407364
40872,0.028462354093790054
41028,0.03578835725784302
41184,0.008599753491580486
41340,0.02416067384183407
41496,0.07050219178199768
41652,0.02357304096221924
41808,0.029604658484458923
41964,0.03658905252814293
42120,0.03675820305943489
42276,0.03538348525762558
42432,0.004748940002173185
42588,0.013017015531659126
42744,0.010602554306387901
42900,0.034916043281555176
43056,0.012083007022738457
43212,0.008192472159862518
43368,0.017317049205303192
43524,0.014395968988537788
43680,0.008352221921086311
43836,0.01520623080432415
43992,0.015555081889033318
44148,0.038113005459308624
44304,0.05765008181333542
44460,0.03770412132143974
44616,0.020524166524410248
44772,0.024999529123306274
44928,0.015176864340901375
45084,0.032793156802654266
45240,0.051729075610637665
45396,0.010588021948933601
45552,0.014603616669774055
45708,0.032389070838689804
45864,0.03755354881286621
46020,0.01744675077497959
46176,0.009873075410723686
46332,0.011494995094835758
46488,0.01595260389149189
46644,0.04077351093292236
46800,0.03479544818401337
46956,0.005302677396684885
47112,0.03602936863899231
47268,0.04988420009613037
47424,0.007827196270227432
47580,0.01794346608221531
47736,0.023456357419490814
47892,0.009214974008500576
48048,0.019989710301160812
48204,0.01645183190703392
48360,0.02851211279630661
48516,0.0064354948699474335
48672,0.028355056419968605
48828,0.018000325188040733
48984,0.0237746499478817
49140,0.03048344887793064
49296,0.04179026931524277
49452,0.022450003772974014
49608,0.009812646545469761
49764,0.031878091394901276
49920,0.0018070385558530688
50076,0.04551289975643158
50232,0.01702827773988247
50388,0.013284070417284966
50544,0.04321745038032532
50700,0.036995623260736465
50856,0.01092487946152687
51012,0.0036914453376084566
51168,0.008813871070742607
51324,0.08775594830513
51480,0.034688789397478104
51636,0.006382576189935207
51792,0.029314905405044556
51948,0.026544028893113136
52104,0.013747924007475376
52260,0.022573184221982956
52416,0.040028221905231476
52572,0.03384995833039284
52728,0.03339458256959915
52884,0.01674913614988327
53040,0.04768551513552666
53196,0.024524863809347153
53352,0.015888147056102753
53508,0.03276006504893303
53664,0.031239815056324005
53820,0.008485278114676476
53976,0.019309669733047485
54132,0.05424248427152634
54288,0.03326813876628876
54444,0.02754353918135166
54600,0.03410559147596359
54756,0.028477562591433525
54912,0.00964819174259901
55068,0.012509668245911598
55224,0.033066123723983765
55380,0.021148238331079483
55536,0.0145677849650383
55692,0.03089688904583454
55848,0.02023506909608841
56004,0.015260313637554646
56160,0.015995705500245094
56316,0.010535859502851963
56472,0.04319760575890541
56628,0.007783518638461828
56784,0.033137246966362
56940,0.013013857416808605
57096,0.006288536824285984
57252,0.034581080079078674
57408,0.01992250233888626
57564,0.011522002518177032
57720,0.04225660860538483
57876,0.005719671957194805
58032,0.019077710807323456
58188,0.024569373577833176
58344,0.0026069653686136007
58500,0.017520833760499954
58656,0.027945727109909058
58812,0.015251457691192627
58968,0.041031524538993835
59124,0.01012291107326746
59280,0.03776531666517258
59436,0.021988950669765472
59592,0.015519686043262482
59748,0.005102505907416344
59904,0.010585002601146698
60060,0.06847105175256729
60216,0.004178219940513372
60372,0.006900812964886427
60528,0.02208414301276207
60684,0.0393245667219162
60840,0.021154075860977173
60996,0.013757502660155296
61152,0.005167798604816198
61308,0.014245607890188694
61464,0.002713169902563095
61620,0.013782836496829987
61776,0.00845782458782196
61932,0.014204619452357292
62088,0.020400552079081535
62244,0.029379025101661682
62400,0.04144415631890297
62556,0.02181083895266056
62712,0.015578825026750565
62868,0.023054473102092743
63024,0.006614197976887226
63180,0.0324261337518692
63336,0.037689823657274246
63492,0.03569256141781807
63648,0.022616302594542503
63804,0.021834980696439743
63960,0.01444921176880598
64116,0.010455331765115261
64272,0.022828644141554832
64428,0.022495843470096588
64584,0.06084930896759033
64740,0.0040515149012207985
64896,0.03438723459839821
65052,0.06781148165464401
65208,0.013878954574465752
65364,0.01609806902706623
65520,0.016894923523068428
65676,0.014150052331387997
65832,0.013117305934429169
65988,0.007762748282402754
66144,0.004045049659907818
66300,0.010943122208118439
66456,0.019032802432775497
66612,0.00598324416205287
66768,0.01759236305952072
66924,0.015491195023059845
67080,0.012983332388103008
67236,0.009384142234921455
67392,0.022894160822033882
67548,0.012834031134843826
67704,0.01635432429611683
67860,0.021977586671710014
68016,0.007754631340503693
68172,0.021651390939950943
68328,0.013709314167499542
68484,0.01304025948047638
68640,0.022178905084729195
68796,0.015275271609425545
68952,0.014362437650561333
69108,0.014080854132771492
69264,0.00844450481235981
69420,0.013883020728826523
69576,0.02531604841351509
69732,0.006728919222950935
69888,0.038187190890312195
70044,0.016336003318428993
70200,0.02521330490708351
70356,0.0202336385846138
70512,0.030744705349206924
70668,0.09607767313718796
70824,0.043488189578056335
70980,0.005517884157598019
71136,0.007580331526696682
71292,0.009480089880526066
71448,0.006119109224528074
71604,0.009701811708509922
71760,0.021752849221229553
71916,0.027223661541938782
72072,0.03218238055706024
72228,0.005304145626723766
72384,0.01829168200492859
72540,0.01123126782476902
72696,0.021313071250915527
72852,0.014661382883787155
73008,0.030707884579896927
73164,0.006968874484300613
73320,0.0065369876101613045
73476,0.014929220080375671
73632,0.019623495638370514
73788,0.016946403309702873
73944,0.009197856299579144
74100,0.004887129180133343
74256,0.01925315149128437
74412,0.0017622816376388073
74568,0.030110979452729225
74724,0.02982654981315136
74880,0.027639150619506836
75036,0.017654534429311752
75192,0.018754974007606506
75348,0.022995032370090485
75504,0.00394029263406992
75660,0.017624281346797943
75816,0.031243762001395226
75972,0.025138765573501587
76128,0.04156309738755226
76284,0.0178911741822958
76440,0.003038460621610284
76596,0.038705043494701385
76752,0.010220538824796677
76908,0.0065345074981451035
77064,0.01704222336411476
77220,0.03782515972852707
77376,0.03949810191988945
77532,0.011405691504478455
77688,0.028834136202931404
77844,0.021311314776539803
78000,0.021337170153856277
78156,0.03320203721523285
78312,0.018695319071412086
78468,0.01978592947125435
78624,0.018559372052550316
78780,0.004404447972774506
78936,0.03248724713921547
79092,0.022045684978365898
79248,0.0560331791639328
79404,0.06232128292322159
79560,0.021644776687026024
79716,0.009678718633949757
79872,0.0050745513290166855
80028,0.030449718236923218
80184,0.022390082478523254
80340,0.0102203618735075
80496,0.019869113340973854
80652,0.017955917865037918
80808,0.022671706974506378
80964,0.03188943862915039
81120,0.0075001465156674385
81276,0.005124588496983051
81432,0.010772754438221455
81588,0.058879390358924866
81744,0.018479786813259125
81900,0.015854913741350174
82056,0.0028039421886205673
82212,0.027233747765421867
82368,0.03265839070081711
82524,0.013017183169722557
82680,0.012531520798802376
82836,0.061676688492298126
82992,0.023484012112021446
83148,0.016518577933311462
83304,0.0174722783267498
83460,0.003241654485464096
83616,0.0062673212960362434
83772,0.03438273072242737
83928,0.030033264309167862
84084,0.03490550071001053
84240,0.029015541076660156
84396,0.014031453058123589
84552,0.010656897909939289
84708,0.006566911470144987
84864,0.05968590825796127
85020,0.0066719260066747665
85176,0.0053112078458070755
85332,0.010845091193914413
85488,0.021266894415020943
85644,0.014773547649383545
85800,0.017762508243322372
85956,0.017659641802310944
86112,0.018200622871518135
86268,0.028119785711169243
86424,0.0213316660374403
86580,0.001965645235031843
86736,0.020964674651622772
86892,0.022201474756002426
87048,0.01135370135307312
87204,0.003520167199894786
87360,0.005052901338785887
87516,0.010495852679014206
87672,0.009918397292494774
87828,0.026682650670409203
87984,0.018435733392834663
88140,0.0024838922545313835
88296,0.006515292916446924
88452,0.020538225769996643
88608,0.019493509083986282
88764,0.009857422672212124
88920,0.012981834821403027
89076,0.006887881550937891
89232,0.06304174661636353
89388,0.012056334875524044
89544,0.04864908382296562
89700,0.006219817325472832
89856,0.021405335515737534
90012,0.03134404867887497
90168,0.011264250613749027
90324,0.012107878923416138
90480,0.028872113674879074
90636,0.023702528327703476
90792,0.015026949346065521
90948,0.010348610579967499
91104,0.00237658666446805
91260,0.03294577822089195
91416,0.01961577497422695
91572,0.00996625516563654
91728,0.009360907599329948
91884,0.016485290601849556
92040,0.010813385248184204
92196,0.01940639689564705
92352,0.024572426453232765
92508,0.04359809681773186
92664,0.015442298725247383
92820,0.02263617143034935
92976,0.010156981647014618
93132,0.023076560348272324
93288,0.008629254065454006
93444,0.018706101924180984
93600,0.014520939439535141
93756,0.04686654731631279
93912,0.03745892643928528
94068,0.027918929234147072
94224,0.009471390396356583
94380,0.012863731011748314
94536,0.007878239266574383
94692,0.015490583144128323
94848,0.026400014758110046
95004,0.05712740495800972
95160,0.0032681399025022984
95316,0.00994105078279972
95472,0.005584849044680595
95628,0.012103354558348656
95784,0.025443358346819878
95940,0.022739719599485397
96096,0.023076148703694344
96252,0.014460069127380848
96408,0.027188118547201157
96564,0.028064126148819923
96720,0.01263853907585144
96876,0.0194377563893795
97032,0.019297320395708084
97188,0.02600686252117157
97344,0.005185564048588276
97500,0.01987616717815399
97656,0.01425398699939251
97812,0.04879877343773842
97968,0.004246721975505352
98124,0.011880390346050262
98280,0.01758451759815216
98436,0.07230260968208313
98592,0.018513575196266174
98748,0.02184896357357502
98904,0.02077673375606537
99060,0.011782009154558182
99216,0.04167933762073517
99372,0.017712527886033058
99528,0.047162964940071106
99684,0.04009755328297615
99840,0.016801776364445686
99996,0.015683986246585846
100152,0.012701967731118202
100308,0.0042701722122728825
100464,0.00812196359038353
100620,0.041253283619880676
100776,0.03332982212305069
100932,0.014505146071314812
101088,0.024996818974614143
101244,0.0079090790823102
101400,0.008511983789503574
101556,0.022756651043891907
101712,0.019080841913819313
101868,0.0301513634622097
102024,0.029727596789598465
102180,0.03449622541666031
102336,0.006922776345163584
102492,0.002554090693593025
102648,0.005279652774333954
102804,0.01700226217508316
102960,0.035872384905815125
103116,0.020104046911001205
103272,0.007213170640170574
103428,0.021424278616905212
103584,0.012889385223388672
103740,0.006723055616021156
103896,0.018998639658093452
104052,0.014763212762773037
104208,0.013518242165446281
104364,0.012073531746864319
104520,0.023015160113573074
104676,0.010781249031424522
104832,0.023281611502170563
104988,0.006472980137914419
105144,0.03341377153992653
105300,0.00628498662263155
105456,0.0023992841597646475
105612,0.007915496826171875
105768,0.018172718584537506
105924,0.005587856285274029
106080,0.006849256344139576
106236,0.012626550160348415
106392,0.06416307389736176
106548,0.03796027973294258
106704,0.028991766273975372
106860,0.014216393232345581
107016,0.0023466036655008793
107172,0.022165101021528244
107328,0.008040196262300014
107484,0.07025879621505737
107640,0.0279360581189394
107796,0.03194458782672882
107952,0.02146301232278347
108108,0.06839753687381744
108264,0.023941487073898315
108420,0.04499771445989609
108576,0.015782523900270462
108732,0.004272108897566795
108888,0.00816617626696825
109044,0.011308765038847923
109200,0.00510721979662776
109356,0.012972328811883926
109512,0.03147393837571144
109668,0.0016865029465407133
109824,0.05512404814362526
109980,0.010302959010004997
110136,0.03153741732239723
110292,0.01589887961745262
110448,0.0028063077479600906
110604,0.007243407890200615
110760,0.0323309563100338
110916,0.0013327737106010318
111072,0.0050261784344911575
111228,0.0016934077721089125
111384,0.050214048475027084
111540,0.007060300558805466
111696,0.004352291114628315
111852,0.031699202954769135
112008,0.008786635473370552
112164,0.019951943308115005
112320,0.004024092573672533
112476,0.0023531774058938026
112632,0.013328093104064465
112788,0.02289804443717003
112944,0.023318186402320862
113100,0.00894384365528822
113256,0.013781150802969933
113412,0.02889520674943924
113568,0.013110981322824955
113724,0.013472696766257286
113880,0.01132142823189497
114036,0.024883661419153214
114192,0.04203987121582031
114348,0.012996630743145943
114504,0.01209512073546648
114660,0.0061248294077813625
114816,0.005382607690989971
114972,0.016599120572209358
115128,0.0034142027143388987
115284,0.01445311214774847
115440,0.005926927085965872
115596,0.0085850078612566
115752,0.004215029533952475
115908,0.011004503816366196
116064,0.02535123936831951
116220,0.020595792680978775
116376,0.007569731213152409
116532,0.02886117808520794
116688,0.008055601269006729
116844,0.0029724715277552605
117000,0.00837496854364872
117156,0.021719831973314285
117312,0.013508209958672523
117468,0.0010104291141033173
117624,0.008685656823217869
117780,0.026738550513982773
117936,0.013660562224686146
118092,0.01608298532664776
118248,0.009159883484244347
118404,0.025829603895545006
118560,0.004397123586386442
118716,0.002955517265945673
118872,0.0035699172876775265
119028,0.005477443803101778
119184,0.058541394770145416
119340,0.01575859822332859
119496,0.013820730149745941
119652,0.0064131151884794235
119808,0.007788944989442825
119964,0.058505453169345856
120120,0.0608833022415638
120276,0.010376406833529472
120432,0.017384333536028862
120588,0.026753351092338562
120744,0.050342340022325516
120900,0.0070475246757268906
121056,0.016711845993995667
121212,0.016682058572769165
121368,0.012702910229563713
121524,0.006599297747015953
121680,0.006233756430447102
121836,0.01369054801762104
121992,0.01817968115210533
122148,0.021782932803034782
122304,0.028859548270702362
122460,0.01881975121796131
122616,0.0018313126638531685
122772,0.01330513134598732
122928,0.010122934356331825
123084,0.0081275450065732
123240,0.0026083679404109716
123396,0.05912771821022034
123552,0.018936213105916977
123708,0.008807536214590073
123864,0.010817731730639935
124020,0.008455296978354454
124176,0.027245141565799713
124332,0.016409531235694885
124488,0.009680861607193947
124644,0.008815059438347816
124800,0.029488233849406242
124956,0.003843043465167284
125112,0.008298858068883419
125268,0.012654630467295647
125424,0.004550066776573658
125580,0.023501258343458176
125736,0.01191703137010336
125892,0.029334791004657745
126048,0.010187631472945213
126204,0.015157187357544899
126360,0.01671150140464306
126516,0.001949387602508068
126672,0.008635860867798328
126828,0.00226916978135705
126984,0.03466320410370827
127140,0.013338656164705753
127296,0.006831275299191475
127452,0.017077231779694557
127608,0.015134849585592747
127764,0.026214972138404846
127920,0.026146795600652695
128076,0.02043377235531807
128232,0.0037411986850202084
128388,0.02229863591492176
128544,0.003913682885468006
128700,0.002772194566205144
128856,0.007676767650991678
129012,0.021484386175870895
129168,0.05462370812892914
129324,0.02584320306777954
129480,0.008332815021276474
129636,0.02323404885828495
129792,0.00936654768884182
129948,0.06069806590676308
130104,0.021698568016290665
130260,0.004580907057970762
130416,0.009321466088294983
130572,0.020714284852147102
130728,0.047339413315057755
130884,0.0030803908593952656
131040,0.03526673838496208
131196,0.004405495710670948
131352,0.027000177651643753
131508,0.0010783275356516242
131664,0.015947487205266953
131820,0.014425263740122318
131976,0.03442371264100075
132132,0.004349252674728632
132288,0.006027682218700647
132444,0.0040973033756017685
132600,0.005431837402284145
132756,0.01314370147883892
132912,0.006281128153204918
133068,0.028745822608470917
133224,0.0043068574741482735
133380,0.013311716727912426
133536,0.0012484884355217218
133692,0.004526178818196058
133848,0.01785065419971943
134004,0.014740832149982452
134160,0.013884435407817364
134316,0.006834774278104305
134472,0.01918325014412403
134628,0.005699066445231438
134784,0.003998063039034605
134940,0.02398480661213398
135096,0.004518660716712475
135252,0.025501126423478127
135408,0.010206356644630432
135564,0.02049056999385357
135720,0.014027339406311512
135876,0.0036647787783294916
136032,0.011970902793109417
136188,0.013727011159062386
136344,0.014964483678340912
136500,0.007035061251372099
136656,0.015375884249806404
136812,0.007697620894759893
136968,0.0013066998217254877
137124,0.004911661148071289
137280,0.0009498212020844221
137436,0.0019736336544156075
137592,0.004764806479215622
137748,0.032255738973617554
137904,0.001859872485511005
138060,0.009363336488604546
138216,0.0013164302799850702
138372,0.011597409844398499
138528,0.020315853878855705
138684,0.02561347559094429
138840,0.025920052081346512
138996,0.013150009326636791
139152,0.0026629013009369373
139308,0.006637711077928543
139464,0.0043059708550572395
139620,0.006317141931504011
139776,0.005243923515081406
139932,0.009564830921590328
140088,0.0018345771823078394
140244,0.031041232869029045
140400,0.006509375758469105
140556,0.011696476489305496
140712,0.016447758302092552
140868,0.004130002111196518
141024,0.019428201019763947
141180,0.009018683806061745
141336,0.04043086618185043
141492,0.03805885836482048
141648,0.025203222408890724
141804,0.00998686719685793
141960,0.012038784101605415
142116,0.018504908308386803
142272,0.01808095909655094
142428,0.01450493186712265
142584,0.011430966667830944
142740,0.03165757283568382
142896,0.013139326125383377
143052,0.0033005522564053535
143208,0.011098161339759827
143364,0.010906621813774109
143520,0.004199710208922625
143676,0.02163100428879261
143832,0.0055344258435070515
143988,0.014245201833546162
144144,0.03986046835780144
144300,0.01217325683683157
144456,0.012339409440755844
144612,0.01108425110578537
144768,0.017965378239750862
144924,0.007131841965019703
145080,0.006583589129149914
145236,0.005512398201972246
145392,0.008531203493475914
145548,0.013510135002434254
145704,0.01173159945756197
145860,0.008027196861803532
146016,0.016300726681947708
146172,0.020657509565353394
146328,0.04317326098680496
146484,0.020806409418582916
146640,0.0011944149155169725
146796,0.015158948488533497
146952,0.004635396413505077
147108,0.008820517919957638
147264,0.008772616274654865
147420,0.022841136902570724
147576,0.0042064073495566845
147732,0.009797163307666779
147888,0.002242614049464464
148044,0.013769473880529404
148200,0.02021261863410473
148356,0.04263263940811157
148512,0.011243980377912521
148668,0.0028746859170496464
148824,0.017967766150832176
148980,0.02064529061317444
149136,0.02863474376499653
149292,0.0277094766497612
149448,0.005478722974658012
149604,0.016065625473856926
149760,0.016517912968993187
149916,0.01726653426885605
150072,0.032309770584106445
150228,0.014562725089490414
150384,0.022303365170955658
150540,0.008319293148815632
150696,0.008557992987334728
150852,0.020171474665403366
151008,0.0021994903218001127
151164,0.020726917311549187
151320,0.005083649884909391
151476,0.0003994354046881199
151632,0.04383450001478195
151788,0.01460225973278284
151944,0.0022004880011081696
152100,0.01905040815472603
152256,0.014532062225043774
152412,0.017788821831345558
152568,0.029397910460829735
152724,0.003146741073578596
152880,0.014494597911834717
153036,0.01016931887716055
153192,0.006410742644220591
153348,0.0026428198907524347
153504,0.012833352200686932
153660,0.008290857076644897
153816,0.01743687503039837
153972,0.0027600727044045925
154128,0.004215407185256481
154284,0.003222548170015216
154440,0.013161920011043549
154596,0.013230201788246632
154752,0.023231426253914833
154908,0.02193811722099781
155064,0.005880542099475861
155220,0.003727477276697755
155376,0.0008432100294157863
155532,0.0040719471871852875
155688,0.046636905521154404
155844,0.0034964601509273052
156000,0.019771752879023552
156156,0.006400613114237785
156312,0.0016109875869005919
156468,0.00516497902572155
156624,0.011049928143620491
156780,0.00781110767275095
156936,0.014415066689252853
157092,0.01336241140961647
157248,0.030272873118519783
157404,0.002991530578583479
157560,0.010330132208764553
157716,0.006228157319128513
157872,0.014884214848279953
158028,0.02988382801413536
158184,0.020591557025909424
158340,0.029068445786833763
158496,0.01896885596215725
158652,0.011757828295230865
158808,0.04414699599146843
158964,0.008768634870648384
159120,0.01911430060863495
159276,0.0008089066832326353
159432,0.02021697349846363
159588,0.006427357904613018
159744,0.014136669225990772
159900,0.05999593064188957
160056,0.01604476384818554
160212,0.016895130276679993
160368,0.0038947926368564367
160524,0.057182323187589645
160680,0.017080824822187424
160836,0.0322791263461113
160992,0.004967613145709038
161148,0.004710470326244831
161304,0.03412332013249397
161460,0.010757186450064182
161616,0.04193181172013283
161772,0.008438131771981716
161928,0.030935296788811684
162084,0.0234996248036623
162240,0.006008312106132507
162396,0.012582747265696526
162552,0.012666400521993637
162708,0.014764975756406784
162864,0.001909560291096568
163020,0.0012868787162005901
163176,0.012571419589221478
163332,0.01782803051173687
163488,0.017475193366408348
163644,0.007573543582111597
163800,0.021830668672919273
163956,0.024936016649007797
164112,0.021528711542487144
164268,0.018427733331918716
164424,0.0008182994206435978
164580,0.004365633707493544
164736,0.007971318438649178
164892,0.012600034475326538
165048,0.0032782163470983505
165204,0.0045372070744633675
165360,0.002576208207756281
165516,0.030026402324438095
165672,0.020001797005534172
165828,0.011468742974102497
165984,0.0013701318530365825
166140,0.006995996925979853
166296,0.0031334105879068375
166452,0.007689399644732475
166608,0.009810000658035278
166764,0.005036446265876293
166920,0.0027848142199218273
167076,0.006615763064473867
167232,0.016925087198615074
167388,0.0010194594506174326
167544,0.0017812087899073958
167700,0.012075639329850674
167856,0.0029915226623415947
168012,0.007690980564802885
168168,0.002888399874791503
168324,0.0016995641635730863
168480,0.022844042629003525
168636,0.014333032071590424
168792,0.015508188866078854
168948,0.00274502276442945
169104,0.0012262441450729966
169260,0.0035972478799521923
169416,0.0016014500288292766
169572,0.022505763918161392
169728,0.0032557882368564606
169884,0.006736605893820524
170040,0.010829264298081398
170196,0.004389364272356033
170352,0.014533108100295067
170508,0.01278080977499485
170664,0.011978071182966232
170820,0.003494054079055786
170976,0.00021091359667479992
171132,0.004978666082024574
171288,0.01202806830406189
171444,0.027755632996559143
171600,0.03757665306329727
171756,0.001167544862255454
171912,0.008021937683224678
172068,0.032461196184158325
172224,0.008772723376750946
172380,0.001350127044133842
172536,0.006913421675562859
172692,0.010685048997402191
172848,0.006942844018340111
173004,0.016878413036465645
173160,0.005940588656812906
173316,0.007511021103709936
173472,0.008078754879534245
173628,0.0006805813172832131
173784,0.002473591361194849
173940,0.0077859461307525635
174096,0.0031485415529459715
174252,0.003858506679534912
174408,0.01103487703949213
174564,0.01743193529546261
174720,0.0036312020383775234
174876,0.042025864124298096
175032,0.007045384030789137
175188,0.02559112384915352
175344,0.012561625801026821
175500,0.017690928652882576
175656,0.007269628811627626
175812,0.015273569151759148
175968,0.0011049503227695823
176124,0.026664020493626595
176280,0.006985071115195751
176436,0.015975043177604675
176592,0.000806315045338124
176748,0.0039310394786298275
176904,0.014243224635720253
177060,0.0198292825371027
177216,0.010854377411305904
177372,0.003373876214027405
177528,0.04437509551644325
177684,0.0009465598268434405
177840,0.0025245496071875095
177996,0.022129260003566742
178152,0.020504409447312355
178308,0.01599203422665596
178464,0.008252041414380074
178620,0.0006109707755967975
178776,0.00751415453851223
178932,0.013565383851528168
179088,0.050785742700099945
179244,0.011785462498664856
179400,0.002522117691114545
179556,0.011055801063776016
179712,0.00615882221609354
179868,0.0016499054618179798
180024,0.0194392129778862
180180,0.02026040479540825
180336,0.0015687147388234735
180492,0.017504017800092697
180648,0.000610601098742336
180804,0.0008549186168238521
180960,0.0240507572889328
181116,0.005028381012380123
181272,0.00201105116866529
181428,0.016834938898682594
181584,0.019644640386104584
181740,0.0003739502280950546
181896,0.010086731985211372
182052,0.01085637416690588
182208,0.0030599660240113735
182364,0.011215058155357838
182520,0.00958234816789627
182676,0.008759299293160439
182832,0.003520890139043331
182988,0.0010714179370552301
183144,0.006561967544257641
183300,0.004031494725495577
183456,0.023954860866069794
183612,0.0199239794164896
183768,0.003876128699630499
183924,0.014288675040006638
184080,0.013510947115719318
184236,0.0066268229857087135
184392,0.008281045593321323
184548,0.0018143686465919018
184704,0.018718216568231583
184860,0.011427035555243492
185016,0.002806910080835223
185172,0.003619126509875059
185328,0.002730391453951597
185484,0.0012293204199522734
185640,0.013338102027773857
185796,0.0070627969689667225
185952,0.005471646320074797
186108,0.020922230556607246
186264,0.0027261488139629364
186420,0.012012703344225883
186576,0.0016174358315765858
186732,0.025566203519701958
186888,0.025857720524072647
187044,0.0057821571826934814
187200,0.0014402142260223627
187356,0.0007191766635514796
187512,0.023249685764312744
187668,0.006192680448293686
187824,0.003761828411370516
187980,0.003781722392886877
188136,0.010769130662083626
188292,0.0007976975757628679
188448,0.02146962843835354
188604,0.054206136614084244
188760,0.010612303391098976
188916,0.0042124055325984955
189072,0.010251594707369804
189228,0.010688358917832375
189384,0.0010243654251098633
189540,0.018907682970166206
189696,0.00829305686056614
189852,0.007528640795499086
190008,0.002009417163208127
190164,0.00042612195829860866
190320,0.00048048619646579027
190476,0.0038648454938083887
190632,0.002880907617509365
190788,0.00996626727283001
190944,0.021355044096708298
191100,0.0013311101356521249
191256,0.01461620070040226
191412,0.006575342267751694
191568,0.020854728296399117
191724,0.010973215103149414
191880,0.013180108740925789
192036,0.045663632452487946
192192,0.005079553462564945
192348,0.0011141165159642696
192504,0.008405373431742191
192660,0.012505295686423779
192816,0.0007047763210721314
192972,0.016512470319867134
193128,0.016923410817980766
193284,0.0025412540417164564
193440,0.024851996451616287
193596,0.035066522657871246
193752,0.02225654199719429
193908,0.0019419440068304539
194064,0.01202137116342783
194220,0.0012179327895864844
194376,0.003368014469742775
194532,0.020681027323007584
194688,0.003428629832342267
194844,0.011249510571360588
195000,0.0018101738533005118
195156,0.0007694131345488131
195312,0.005550076253712177
195468,0.0028864415362477303
195624,0.02813855931162834
195780,0.0007863958599045873
195936,0.0029254318214952946
196092,0.00894789956510067
196248,0.0027767701540142298
196404,0.004842889495193958
196560,0.0024748891592025757
196716,0.0010642199777066708
196872,0.007981522008776665
197028,0.004950478672981262
197184,0.0022777714766561985
197340,0.01617714762687683
197496,0.01453610323369503
197652,0.0018866355530917645
197808,0.007960695773363113
197964,0.00466673681512475
198120,0.013985454104840755
198276,0.001806162646971643
198432,0.0006877469131723046
198588,0.010961267165839672
198744,0.009070836007595062
198900,0.0035942052491009235
199056,0.00433161249384284
199212,0.002648246008902788
199368,0.007194434758275747
199524,0.0122065469622612
199680,0.006633288227021694
199836,0.00829723384231329
199992,0.006250739097595215
200148,0.0012150887632742524
200304,0.010135350748896599
200460,0.019710596650838852
200616,0.01847754791378975
200772,0.0005286609521135688
200928,0.003107868367806077
201084,0.0062159220688045025
201240,0.018601663410663605
201396,0.020569710060954094
201552,0.0016783606261014938
201708,0.01617896370589733
201864,0.011294761672616005
202020,0.01235202793031931
202176,0.024290721863508224
202332,0.00278302701190114
202488,0.0012959693558514118
202644,0.008417335338890553
202800,0.008112406358122826
202956,0.008428945206105709
203112,0.0012085034977644682
203268,0.0038602345157414675
203424,0.018707947805523872
203580,0.01073998399078846
203736,0.002041933126747608
203892,0.036193665117025375
204048,0.01720103994011879
204204,0.016459869220852852
204360,0.0011084794532507658
204516,0.019940566271543503
204672,0.0028817648999392986
204828,0.007152964361011982
204984,0.0033342838287353516
205140,0.016747551038861275
205296,0.0033354724291712046
205452,0.010965229943394661
205608,0.03412877768278122
205764,0.0017714558634907007
205920,0.006590268574655056
206076,0.012100622057914734
206232,0.023870833218097687
206388,0.011385517194867134
206544,0.002038382226601243
206700,0.0009681868832558393
206856,0.013125616125762463
207012,0.013180440291762352
207168,0.0016336416592821479
207324,0.013805144466459751
207480,0.0016191562172025442
207636,0.03680318221449852
207792,0.015821684151887894
207948,0.008191017434000969
208104,0.0003388345649000257
208260,0.000982136931270361
208416,0.006195353344082832
208572,0.006150725297629833
208728,0.03102841041982174
208884,0.011189720593392849
209040,0.029104100540280342
209196,0.01237285416573286
209352,0.0022713933140039444
209508,0.0036284523084759712
209664,0.05403529480099678
209820,0.0016791137168183923
209976,0.017652079463005066
210132,0.0026281080208718777
210288,0.011455546133220196
210444,0.001704170135781169
210600,0.00191158102825284
210756,0.009755386039614677
210912,0.019196320325136185
211068,0.02115844376385212
211224,0.018000751733779907
211380,0.008623182773590088
211536,0.0005899550160393119
211692,0.01828056573867798
211848,0.028627116233110428
212004,0.0015613832511007786
212160,0.001144163659773767
212316,0.00488434499129653
212472,0.0037761919666081667
212628,0.02939794771373272
212784,0.003512903116643429
212940,0.0013646874576807022
213096,0.0016824816120788455
213252,0.0009669740684330463
213408,0.006670425646007061
213564,0.016611557453870773
213720,0.0012472514063119888
213876,0.0024920296855270863
214032,0.0034805862233042717
214188,0.007447852287441492
214344,0.0013861614279448986
214500,0.02013106271624565
214656,0.0070919254794716835
214812,0.000978135853074491
214968,0.00853441096842289
215124,0.0008003106922842562
215280,0.00016939715715125203
215436,0.02821340784430504
215592,0.01771024987101555
215748,0.009754830971360207
215904,0.006657724268734455
216060,0.002701268531382084
216216,0.00016592089377809316
216372,0.0016182378167286515
216528,0.0011085657170042396
216684,0.021950289607048035
216840,0.008124885149300098
216996,0.0017588457558304071
217152,0.000596164318267256
217308,0.01885983720421791
217464,0.02235003374516964
217620,0.08189388364553452
217776,0.004014893900603056
217932,0.0005584245081990957
218088,0.0008553641964681447
218244,0.016570597887039185
218400,0.0004283896996639669
218556,0.0037516001611948013
218712,0.00950936134904623
218868,0.007169061340391636
219024,0.014986598864197731
219180,0.0013957364717498422
219336,0.00220319302752614
219492,0.011585108004510403
219648,0.0022340137511491776
219804,0.019642580300569534
219960,0.00710053788498044
220116,0.02914850041270256
220272,0.002551096025854349
220428,0.001388473086990416
220584,0.020560849457979202
220740,0.011987394653260708
220896,0.020077863708138466
221052,0.0015145677607506514
221208,0.023694701492786407
221364,0.0017139369156211615
221520,0.003828574437648058
221676,0.003996271174401045
221832,0.0004510115541052073
221988,0.015749167650938034
222144,0.016381291672587395
222300,0.010866179130971432
222456,0.008289307355880737
222612,0.001060197246260941
222768,0.02524685114622116
222924,0.014492022804915905
223080,0.0097031956538558
223236,0.0018732615280896425
223392,0.011417399160563946
223548,0.0030866304878145456
223704,0.008904712274670601
223860,0.0010310390498489141
224016,0.0008876218344084918
224172,0.0020295539870858192
224328,0.012360794469714165
224484,0.00490753585472703
224640,0.008338206447660923
224796,0.0029692435637116432
224952,0.000309900613501668
225108,0.0005307275569066405
225264,0.0073186978697776794
225420,0.0009673497406765819
225576,0.007285931147634983
225732,0.01831754855811596
225888,0.008272863924503326
226044,0.009720798581838608
226200,0.0022694356739521027
226356,0.009027557447552681
226512,0.00042598595609888434
226668,0.018091648817062378
226824,0.0017024923581629992
226980,0.0008023785194382071
227136,0.0006628049304708838
227292,0.003562141675502062
227448,0.0008411643793806434
227604,0.023827018216252327
227760,0.0071617355570197105
227916,0.02066781371831894
228072,0.017822900786995888
228228,0.0053766025230288506
228384,0.01119225099682808
228540,0.0023404397070407867
228696,0.032944969832897186
228852,0.007952290587127209
229008,0.006515713408589363
229164,0.025993645191192627
229320,0.0007083865348249674
229476,0.00204490777105093
229632,0.02548382803797722
229788,0.0008600828005000949
229944,0.002933477284386754
230100,0.002664383267983794
230256,0.004555038176476955
230412,0.01295914500951767
230568,0.007260459009557962
230724,0.001334796892479062
230880,0.0004344081971794367
231036,0.0005183056346140802
231192,0.011188927106559277
231348,0.003817769233137369
231504,0.002015410689637065
231660,0.02331853285431862
231816,0.007218446582555771
231972,0.0037571671418845654
232128,0.00030697963666170835
232284,0.012674405239522457
232440,0.001045946846716106
232596,0.0014560041017830372
232752,0.001571965403854847
232908,0.0032078460790216923
233064,0.004797974601387978
233220,0.0006350411567837
233376,0.009711503982543945
233532,0.004189664497971535
233688,0.00214054761454463
233844,0.0032198065891861916
234000,0.002273990772664547
234156,0.007634840905666351
234312,0.00473075732588768
234468,0.0018223496153950691
234624,0.024243377149105072
234780,0.007714980747550726
234936,0.00872525479644537
235092,0.005790474824607372
235248,0.0006726132705807686
235404,0.014208538457751274
235560,0.008668401278555393
235716,0.007301791105419397
235872,0.003682467620819807
236028,0.0011726792436093092
236184,0.0051821209490299225
236340,0.0008615658152848482
236496,0.0009526052745059133
236652,0.0020395966712385416
236808,0.005424408707767725
236964,0.01500662975013256
237120,0.0029026761185377836
237276,0.012107834219932556
237432,0.029991693794727325
237588,0.010494311340153217
237744,0.002660107798874378
237900,0.0004653462383430451
238056,0.019795075058937073
238212,0.004038333427160978
238368,0.0014100006083026528
238524,0.0009263623505830765
238680,0.009169580414891243
238836,0.0005320425261743367
238992,0.010517102666199207
239148,0.0009775764774531126
239304,0.0026544302236288786
239460,0.0019063442014157772
239616,0.006575770676136017
239772,0.005320180673152208
239928,0.0053341868333518505
240084,0.05683160573244095
240240,0.01519044954329729
240396,0.00763066578656435
240552,0.010194510221481323
240708,0.0019630249589681625
240864,0.019586391746997833
241020,0.0022147558629512787
241176,0.00237639038823545
241332,0.007822582498192787
241488,0.00046853223466314375
241644,0.017538882791996002
241800,0.0011049474123865366
241956,0.002242451533675194
242112,0.004133566748350859
242268,0.00032336937147192657
242424,0.0017275039572268724
242580,0.0023277485743165016
242736,0.001773701049387455
242892,0.0019768248312175274
243048,0.0008632848039269447
243204,0.0122339753434062
243360,0.002088756300508976
243516,0.016491901129484177
243672,0.007202351465821266
243828,0.000648027693387121
243984,0.0008165672770701349
244140,0.01483263447880745
244296,0.01665010116994381
244452,0.006345545873045921
244608,0.05555514246225357
244764,0.0008852024911902845
244920,0.0003716674982570112
245076,0.013856367208063602
245232,0.0005715746083296835
245388,0.004303203895688057
245544,0.0005854791961610317
245700,0.0002973733935505152
245856,0.0038312955293804407
246012,0.001757929683662951
246168,0.025535888969898224
246324,0.004163787234574556
246480,0.009851794689893723
246636,0.0008319039479829371
246792,0.022721530869603157
246948,0.03708088770508766
247104,0.008307309821248055
247260,0.006897729355841875
247416,0.002515592612326145
247572,0.0010511614382266998
247728,0.001211537979543209
247884,0.0004568294098135084
248040,0.00118873396422714
248196,0.0008368231356143951
248352,0.013686777092516422
248508,0.0136021813377738
248664,0.017637252807617188
248820,0.014575282111763954
248976,0.0007103263633325696
249132,0.00042785139521583915
249288,0.01700758747756481
249444,0.003148578107357025
249600,0.0050406381487846375
249756,0.0719047486782074
249912,0.0046403612941503525
250068,0.010922755114734173
250224,0.016673710197210312
250380,0.0007692542276345193
250536,0.000839345040731132
250692,0.009638712741434574
250848,0.0081012062728405
251004,0.01022040843963623
251160,0.004929405637085438
251316,0.020941633731126785
251472,0.0006491490639746189
251628,0.0006841507856734097
251784,0.0020304922945797443
251940,0.0013191893231123686
252096,0.024526603519916534
252252,0.00046814995585009456
252408,0.0006361341802403331
252564,0.02765067294239998
252720,0.019476713612675667
252876,0.0026001373771578074
253032,0.01319713145494461
253188,0.007082898635417223
253344,0.007263058330863714
253500,0.0005018618539907038
253656,0.020182091742753983
253812,0.014194033108651638
253968,0.0010667545720934868
254124,0.0003343468706589192
254280,0.00020077299268450588
254436,0.0016997578786686063
254592,0.0021267307456582785
254748,0.0007074188906699419
254904,0.000752820516936481
255060,0.002596802543848753
255216,0.0017904487904161215
255372,0.012395723722875118
255528,0.0005783859523944557
255684,0.007007086183875799
255840,0.005251218099147081
255996,0.0020799122285097837
256152,0.0016850326210260391
256308,0.00036608672235161066
256464,0.003907224629074335
256620,0.002615798730403185
256776,0.0012102876789867878
256932,0.0022770389914512634
257088,0.014159159734845161
257244,0.0008275412837974727
257400,0.001367597607895732
257556,0.0062481132335960865
257712,0.029093822464346886
257868,0.0034470323007553816
258024,0.014729536138474941
258180,0.00041667564073577523
258336,0.00020284901256673038
258492,0.00037267833249643445
258648,0.013062738813459873
258804,0.007260425481945276
258960,0.012964460067451
259116,0.0005167677300050855
259272,0.0022667692974209785
259428,0.0015299967490136623
259584,0.015214541926980019
259740,0.015729887410998344
259896,0.024576054885983467
260052,0.025497037917375565
260208,0.008425760082900524
260364,0.0005827211425639689
260520,0.007740624248981476
260676,0.0014359334018081427
260832,0.0009560619946569204
260988,0.003970891237258911
261144,0.0572173185646534
261300,0.0010291216894984245
261456,0.05444244667887688
261612,0.04119295999407768
261768,0.0012560634640976787
261924,0.03359902277588844
262080,0.026916826143860817
262236,0.009722583927214146
262392,0.0005580351571552455
262548,0.014874801971018314
262704,0.0018533315742388368
262860,0.001299288123846054
263016,0.0005648658261634409
263172,0.008708312176167965
263328,0.0023283991031348705
263484,0.0026017355266958475
263640,0.004898567218333483
263796,0.0011897756485268474
263952,0.010009956546127796
264108,0.02184400148689747
264264,0.003972687758505344
264420,0.004202918149530888
264576,0.0010708232875913382
264732,0.027236036956310272
264888,0.004800660535693169
265044,0.018846943974494934
265200,0.003881244221702218
265356,0.0024798382073640823
265512,0.007069856859743595
265668,0.01989372819662094
265824,0.0040144301019608974
265980,0.017994316294789314
266136,0.0002732248976826668
266292,0.0004835878498852253
266448,0.001835871604271233
266604,0.0002585058391559869
266760,0.0007646310841664672
266916,0.014706673100590706
267072,0.004701126366853714
267228,0.00025506160454824567
267384,0.004283924121409655
267540,0.0053035542368888855
267696,0.001905533135868609
267852,0.0005152138764970005
268008,0.005766214337199926
268164,0.004135522525757551
268320,0.02072782814502716
268476,0.00833925697952509
268632,0.02085030823945999
268788,0.015576696023344994
268944,0.00019710515334736556
269100,0.0005173638928681612
269256,0.011655908077955246
269412,0.016397885978221893
269568,0.00598679156973958
269724,0.002884538844227791
269880,0.0010376907885074615
270036,0.0009768996387720108
270192,0.0024992693215608597
270348,0.015716686844825745
270504,0.00042514275992289186
270660,0.002840859815478325
270816,0.009479247964918613
270972,0.0026325383223593235
271128,0.004186428617686033
271284,0.001409410499036312
271440,0.0003790900227613747
271596,0.0005936393863521516
271752,0.0049440073780715466
271908,0.07077709585428238
272064,0.0031400180887430906
272220,0.030031869187951088
272376,0.005275989882647991
272532,0.0030212874989956617
272688,0.0135688167065382
272844,0.0005550457863137126
273000,0.0002835869090631604
273156,0.017889687791466713
273312,0.000581636093556881
273468,0.00017824671522248536
273624,0.0003845395694952458
273780,0.006493482273072004
273936,0.008411828428506851
274092,0.026362834498286247
274248,0.029559116810560226
274404,0.011882487684488297
274560,0.0009923926554620266
274716,0.016838431358337402
274872,0.0005192221142351627
275028,0.0018984093330800533
275184,0.0017734620487317443
275340,0.014650668948888779
275496,0.015135575085878372
275652,0.00658780662342906
275808,0.013017292134463787
275964,0.0006951254326850176
276120,0.0022410047240555286
276276,0.000334757671225816
276432,0.002329230075702071
276588,0.0004257307155057788
276744,0.007583233993500471
276900,0.0007515106699429452
277056,0.007179673295468092
277212,0.0014660120941698551
277368,0.006196008995175362
277524,0.0016615578206256032
277680,0.0011311291018500924
277836,0.0040433998219668865
277992,0.031635433435440063
278148,0.0007542212842963636
278304,0.007744135335087776
278460,0.006981689017266035
278616,0.0011979369446635246
278772,0.02498939260840416
278928,0.012815454974770546
279084,0.00901179201900959
279240,0.008923782967031002
279396,0.0003940344031434506
279552,0.019704828038811684
279708,0.000268847041297704
279864,0.0087455864995718
280020,0.012829277664422989
280176,0.014521673321723938
280332,0.008176356554031372
280488,0.001481763320043683
280644,0.0007781837484799325
280800,0.01920125260949135
280956,0.000329528353177011
281112,0.012644809670746326
281268,0.01873713918030262
281424,0.005102222319692373
281580,0.002355660544708371
281736,0.000915947777684778
281892,0.001457363716326654
282048,0.0004851585254073143
282204,0.0022570600267499685
282360,0.00025948684196919203
282516,0.001148406881839037
282672,0.02085418812930584
282828,0.000588282709941268
282984,0.0069162193685770035
283140,0.012519187293946743
283296,0.005060864612460136
283452,0.0015848297625780106
283608,0.0002575556864030659
283764,0.0034694806672632694
283920,0.0029258516151458025
284076,0.004648949950933456
284232,0.008459907956421375
284388,0.0036542173475027084
284544,0.011102394200861454
284700,0.004493525717407465
284856,0.005002160556614399
285012,0.015312954783439636
285168,0.0010356178972870111
285324,0.0002432995825074613
285480,0.001182472798973322
285636,0.0004960957448929548
285792,0.00390832731500268
285948,0.0226266048848629
286104,0.0004751779488287866
286260,0.0005121489521116018
286416,0.0012411673087626696
286572,0.0008362719672732055
286728,0.002024485031142831
286884,0.000854134967084974
287040,0.00033923875889740884
287196,0.0031077915336936712
287352,0.006478580646216869
287508,0.00917994324117899
287664,0.00636817142367363
287820,0.0013803327456116676
287976,0.00042933045187965035
288132,0.0001788446243153885
288288,0.0005072634667158127
288444,0.0012442728038877249
288600,0.005836166441440582
288756,0.007143262308090925
288912,0.02462025173008442
289068,0.013271263800561428
289224,0.013222268782556057
289380,0.0011227859649807215
289536,0.008669952861964703
289692,0.042542312294244766
289848,0.04688895493745804
290004,0.004826914053410292
290160,0.009834177792072296
290316,0.0005852422909811139
290472,0.0010970104485750198
290628,0.01992875151336193
290784,0.0002726227685343474
290940,0.003882430959492922
291096,0.00037945262738503516
291252,0.02228243090212345
291408,0.007707368116825819
291564,0.0015864332672208548
291720,0.0002365947002544999
291876,0.016938403248786926
292032,0.00034961861092597246
292188,0.00035016919719055295
292344,0.0011542241554707289
292500,0.017165828496217728
292656,0.017661646008491516
292812,0.015806088224053383
292968,0.003961602691560984
293124,0.0016501529607921839
293280,0.005018867552280426
293436,0.003201856277883053
293592,0.0010714952368289232
293748,0.0069616930559277534
293904,0.0004478519258555025
294060,0.0024545970372855663
294216,0.02565424144268036
294372,0.0009555726428516209
294528,0.0013177712680771947
294684,0.0014997259713709354
294840,0.0006548051023855805
294996,0.004288742318749428
295152,0.001626157434657216
295308,0.000924594874959439
295464,0.00026143129798583686
295620,0.0005353401647880673
295776,0.002555921208113432
295932,0.0006305722636170685
296088,0.00041593622881919146
296244,0.052191197872161865
296400,0.0012063165195286274
296556,0.0027763766702264547
296712,0.0023545429576188326
296868,0.014724785462021828
297024,0.0008456118521280587
297180,0.009049084968864918
297336,0.006801788229495287
297492,0.006864951457828283
297648,0.02870444394648075
297804,0.0002963303995784372
297960,0.0016034080181270838
298116,0.004033071920275688
298272,0.0005488992319442332
298428,0.016824597492814064
298584,0.0030525061301887035
298740,0.00101045286282897
298896,0.0005040166433900595
299052,0.006527506280690432
299208,0.004438497591763735
299364,0.001597136608324945
299520,0.0013319093268364668
299676,0.00031105027301236987
299832,0.00035466154804453254
299988,0.0003966240328736603
300144,0.0006680759834125638
300300,0.0021098714787513018
300456,0.0004606136935763061
300612,0.022859618067741394
300768,0.004688051994889975
300924,0.0006273926119320095
301080,0.02987237647175789
301236,0.03238658234477043
301392,0.0008909825701266527
301548,0.0019312999211251736
301704,0.004190944135189056
301860,0.005431334488093853
302016,0.001440152176655829
302172,0.006640604697167873
302328,0.0026160848792642355
302484,0.005826737731695175
302640,0.0005088563775643706
302796,0.005014925729483366
302952,0.00024574820417910814
303108,0.00030453409999608994
303264,0.0002142765442840755
303420,0.0003953384584747255
303576,0.00048381160013377666
303732,0.0007254275842569768
303888,0.00907470379024744
304044,0.010808499529957771
304200,0.0018080681329593062
304356,0.014104954898357391
304512,0.004459511488676071
304668,0.030280204489827156
304824,0.047450996935367584
304980,0.0014646262861788273
305136,0.00038389040855690837
305292,0.0008649367373436689
305448,0.0048776306211948395
305604,0.0007376853027381003
305760,0.02737748622894287
305916,0.0005007212748751044
306072,0.010883878916501999
306228,0.0011062177363783121
306384,0.004916206933557987
306540,0.020349789410829544
306696,0.002377202268689871
306852,0.006517211906611919
307008,0.0016397213330492377
307164,0.00046807550825178623
307320,0.0005788441048935056
307476,0.0016354424878954887
307632,0.0008832848980091512
307788,0.008944378234446049
307944,0.0022759498097002506
308100,0.0006315903156064451
308256,0.002223110757768154
308412,0.0003121368063148111
308568,0.0009037685813382268
308724,0.004933804273605347
308880,0.0018772194162011147
309036,0.0009830292547121644
309192,0.00017899653175845742
309348,0.01685674674808979
309504,0.000228288714424707
309660,0.0009836694225668907
309816,0.011847110465168953
309972,0.0011185624171048403
310128,0.004410238936543465
310284,0.0005426144925877452
310440,0.005279337987303734
310596,0.000309398106765002
310752,0.002417227253317833
310908,0.031476061791181564
311064,0.0028224161360412836
311220,0.03882672265172005
311376,0.00011617180280154571
311532,0.0001698819687590003
311688,0.03921819478273392
311844,0.019354799762368202
312000,0.0015744506381452084
312156,0.0017504189163446426
312312,0.001508127199485898
312468,0.004088982008397579
312624,0.016844483092427254
312780,0.0012483575846999884
312936,0.001988890115171671
313092,0.005751200020313263
313248,0.03118900954723358
313404,0.002092957030981779
313560,0.0018752410542219877
313716,0.008784867823123932
313872,0.00044894678285345435
314028,0.0009304941049776971
314184,0.00035324605414643884
314340,0.00015098297444637865
314496,0.034642431885004044
314652,0.0006043539615347981
314808,0.02423107624053955
314964,0.002171196974813938
315120,0.011367841623723507
315276,0.009797118604183197
315432,0.025062112137675285
315588,0.002869519405066967
315744,0.006526692770421505
315900,0.00017581949941813946
316056,0.016158290207386017
316212,0.013737192377448082
316368,0.001274102134630084
316524,0.0009046860504895449
316680,0.000641890917904675
316836,0.0002660909667611122
316992,0.0003650850267149508
317148,0.0013765317853540182
317304,0.0053596883080899715
317460,0.0009671230218373239
317616,0.0030509529169648886
317772,0.009347887709736824
317928,0.001010791165754199
318084,0.00019244365103077143
318240,0.0005372670711949468
318396,0.00014991937496233732
318552,0.018409254029393196
318708,0.044661201536655426
318864,0.00033414954668842256
319020,0.0022353087551891804
319176,0.00018043517775367945
319332,0.00033638282911852
319488,0.01310182735323906
319644,0.012370782904326916
319800,0.05545216426253319
319956,0.004739802796393633
320112,0.0013924998929724097
320268,0.034587204456329346
320424,0.0016816658899188042
320580,0.001054678694345057
320736,0.0003495429118629545
320892,0.0016445947112515569
321048,0.0008659230079501867
321204,0.00023102732666302472
321360,0.000662773905787617
321516,0.00014184106839820743
321672,0.0003342682321090251
321828,0.0002981742436531931
321984,0.00014215405099093914
322140,0.00017134257359430194
322296,0.0001458877231925726
322452,9.906663035508245e-05
322608,0.007751117926090956
322764,0.007904443889856339
322920,0.029200254008173943
323076,0.00041804707143455744
323232,0.00034676893847063184
323388,0.0013554783072322607
323544,0.023599818348884583
323700,0.002273804508149624
323856,0.00014424370601773262
324012,0.009648769162595272
324168,0.0028805749025195837
324324,0.009087401442229748
324480,0.0036859966348856688
324636,0.02802465483546257
324792,0.0178851168602705
324948,0.0018113109981641173
325104,0.010314923711121082
325260,0.002170303137972951
325416,0.0005097262910567224
325572,0.0005399152869358659
325728,0.0004723720485344529
325884,0.0005651695537380874
326040,0.00015218400221783668
326196,0.018602579832077026
326352,0.000442289630882442
326508,0.006415482610464096
326664,0.0004934913595207036
326820,0.0018875799141824245
326976,0.0450635701417923
327132,0.00626252219080925
327288,0.0019914505537599325
327444,0.09387397021055222
327600,0.01662062481045723
327756,0.01611499674618244
327912,0.023050514981150627
328068,0.00027725312975235283
328224,0.0034071304835379124
328380,0.0028826771304011345
328536,0.0019363516476005316
328692,0.0019162541721016169
328848,0.00447093416005373
329004,0.0006039932486601174
329160,0.002177022397518158
329316,0.0002071675844490528
329472,0.00013238389510661364
329628,0.00021920353174209595
329784,0.00024681471404619515
329940,0.006666184868663549
330096,0.018209125846624374
330252,0.004160257056355476
330408,0.011936423368752003
330564,0.005003121681511402
330720,0.010826312005519867
330876,0.0011369341518729925
331032,0.0004910655552521348
331188,0.003794766264036298
331344,0.0015251187141984701
331500,0.00048151816008612514
331656,0.0016547392588108778
331812,0.00023563034483231604
331968,0.0004966179840266705
332124,0.00033820857061073184
332280,0.02613185904920101
332436,0.000364470761269331
332592,0.03629845753312111
332748,0.0053696660324931145
332904,0.002791993785649538
333060,0.007583601400256157
333216,0.004227890633046627
333372,0.0016281462740153074
333528,0.013820571824908257
333684,0.0038920952938497066
333840,0.0008305158116854727
333996,0.0010738836135715246
334152,0.0012244874378666282
334308,0.0009531673858873546
334464,0.007999567314982414
334620,0.02106218785047531
334776,0.006788280792534351
334932,0.0008398995851166546
335088,0.0010730624198913574
335244,0.00149469543248415
335400,6.0275517171248794e-05
335556,8.009542943909764e-05
335712,0.00038156640948727727
335868,7.764996553305537e-05
336024,0.0005173048702999949
336180,0.0004368067893665284
336336,0.0055595883168280125
336492,0.0014348546974360943
336648,0.0008715599542483687
336804,0.0006180970231071115
336960,0.0019403828773647547
337116,0.01398424617946148
337272,0.020564613863825798
337428,0.000736147805582732
337584,0.00277116009965539
337740,0.0056722452864050865
337896,0.006365544628351927
338052,0.0005550594069063663
338208,0.0013272329233586788
338364,0.0011458464432507753
338520,0.004395085386931896
338676,0.012168718501925468
338832,0.004279031418263912
338988,0.017676742747426033
339144,0.0036953117232769728
339300,0.012045180425047874
339456,0.019068613648414612
339612,0.011928539723157883
339768,0.0008958245161920786
339924,0.00176460319198668
340080,0.0031928829848766327
340236,0.001910931197926402
340392,0.00020012487948406488
340548,0.0006680075312033296
340704,0.023660864681005478
340860,9.003032027976587e-05
341016,0.002699008909985423
341172,0.0072609600611031055
341328,0.00020149428746663034
341484,0.015367226675152779
341640,0.01697991043329239
341796,0.0006241853116080165
341952,0.031313661485910416
342108,0.0007463776273652911
342264,0.021152913570404053
342420,0.0027235576417297125
342576,0.0011875710915774107
342732,0.0061264801770448685
342888,0.0026209193747490644
343044,0.0001701180008240044
343200,0.0008621824090369046
343356,0.00017414047033526003
343512,0.0181350689381361
343668,0.00011611764784902334
343824,0.02204906940460205
343980,0.00023119174875319004
344136,0.00037932366831228137
344292,0.00021100950834807009
344448,0.0014776719035580754
344604,0.03253227099776268
344760,0.041893370449543
344916,0.0017297868616878986
345072,0.05282493308186531
345228,0.00017048932204488665
345384,0.00023241841699928045
345540,0.0063485135324299335
345696,0.001650441437959671
345852,0.0004224879667162895
346008,0.0022785146720707417
346164,0.00012436724500730634
346320,0.000178434798726812
346476,0.00014292134437710047
346632,0.0019945758394896984
346788,0.00016053735453169793
346944,0.00016013780259527266
347100,0.0007931176805868745
347256,0.002421561162918806
347412,0.0006194120505824685
347568,0.003707471303641796
347724,0.0005986755131743848
347880,0.006634201388806105
348036,0.03264939412474632
348192,0.003972611855715513
348348,0.0164958368986845
348504,0.0032704216428101063
348660,0.0007212588097900152
348816,0.0002642216859385371
348972,0.020131386816501617
349128,0.001339917303994298
349284,0.0017823362722992897
349440,0.0003245202242396772
349596,0.0005325910169631243
349752,0.004492945037782192
349908,0.001222953200340271
350064,0.0018682207446545362
350220,0.00016314983076881617
350376,0.00476969825103879
350532,0.007048458326607943
350688,0.0023186099715530872
350844,0.0005866977153345942
351000,0.0025058952160179615
351156,0.005768750794231892
351312,0.00037314853398129344
351468,0.00048684125067666173
351624,0.0008867473807185888
351780,0.0007958753267303109
351936,0.00043077580630779266
352092,0.011594926938414574
352248,0.0014710640534758568
352404,0.02068496122956276
352560,0.00047568383160978556
352716,0.0008481901604682207
352872,0.0004726359620690346
353028,0.0008462885161861777
353184,0.0004310655640438199
353340,0.0005701436894014478
353496,0.006324170157313347
353652,0.0005631569074466825
353808,0.008410822600126266
353964,0.0007490874268114567
354120,0.006751302629709244
354276,0.0003053735999856144
354432,0.05833850055932999
354588,0.04025225713849068
354744,0.0665522962808609
354900,0.001607595826499164
355056,0.0015576730947941542
355212,0.0008520002593286335
355368,0.0007691089413128793
355524,0.0010626238072291017
355680,0.00024280117941088974
355836,0.012396475300192833
355992,0.0009068066719919443
356148,0.020305896177887917
356304,0.00026589009212329984
356460,0.0005629661027342081
356616,0.00043414562242105603
356772,0.01549599040299654
356928,0.00032561260741204023
357084,0.016386481001973152
357240,0.00046542735071852803
357396,0.008157491683959961
357552,0.00038190989289432764
357708,0.0008071934571489692
357864,0.0001068412748281844
358020,0.007150759920477867
358176,0.00017046650464180857
358332,0.0019045950612053275
358488,0.00020283724006731063
358644,0.00012285438424441963
358800,0.00030697681359015405
358956,0.0035262121818959713
359112,0.004029647912830114
359268,0.00458177737891674
359424,0.009458065032958984
359580,0.022360216826200485
359736,0.000495091371703893
359892,0.0004010846605524421
360048,0.0006877068080939353
360204,0.004547572694718838
360360,0.0005467915907502174
360516,0.0008581619476899505
360672,0.00037948181852698326
360828,0.002425132319331169
360984,0.001461241627112031
361140,0.0006692612660117447
361296,0.0030165156349539757
361452,0.004097882192581892
361608,0.013475196436047554
361764,0.005359402392059565
361920,0.00014613728853873909
362076,9.126594522967935e-05
362232,6.578997272299603e-05
362388,0.002445673104375601
362544,0.0005345732788555324
362700,0.05854957923293114
362856,0.03192267566919327
363012,0.00038798528839834034
363168,0.0013230729382485151
363324,0.0005951197235845029
363480,0.00018821051344275475
363636,0.00015957624418660998
363792,9.989146201405674e-05
363948,6.59401121083647e-05
364104,0.0006361736450344324
364260,0.00021611487318295985
364416,0.00013677362585440278
364572,0.0006904816837050021
364728,0.0005720926565118134
364884,0.0008975060773082078
365040,0.0008953638607636094
365196,0.0014062742702662945
365352,0.0007542724488303065
365508,0.0004279484273865819
365664,0.0005749297561123967
365820,0.0007979483925737441
365976,0.00112369644921273
366132,0.0007082067895680666
366288,0.0005654573906213045
366444,0.015078986063599586
366600,0.02320409193634987
366756,0.0010463299695402384
366912,0.002543891780078411
367068,0.014247894287109375
367224,0.0019908968824893236
367380,0.0006321810651570559
367536,0.01026424951851368
367692,0.001402672496624291
367848,0.003477824851870537
368004,0.0004364075721241534
368160,0.001769342110492289
368316,0.00011136327520944178
368472,0.0005742657813243568
368628,0.00027462042635306716
368784,0.001571264467202127
368940,0.0004852832935284823
369096,0.0014097434468567371
369252,0.0005268274107947946
369408,0.03311171382665634
369564,0.001401490531861782
369720,0.0016112243756651878
369876,0.0012306254357099533
370032,0.002059860620647669
370188,0.0002890849718824029
370344,0.0014922366244718432
370500,0.004101536702364683
370656,0.0003419722488615662
370812,0.0005527794128283858
370968,0.0014232438988983631
371124,0.00337371532805264
371280,0.0011459209490567446
371436,0.00201409962028265
371592,0.00027076469268649817
371748,0.00032800648477859795
371904,0.0004331173258833587
372060,0.0010454952716827393
372216,0.0037828702479600906
372372,0.0009706435957923532
372528,0.0005307649844326079
372684,0.00030424812575802207
372840,0.008922726847231388
372996,0.00033877434907481074
373152,0.0012495903065428138
373308,0.0023020498920232058
373464,0.008153026923537254
373620,0.0009806364541873336
373776,0.00021791341714560986
373932,0.00017174732056446373
374088,0.0018876336980611086
374244,0.00015283806715160608
374400,0.0002823255490511656
374556,0.0022925171069800854
374712,0.0001144770867540501
374868,0.00016071434947662055
375024,0.0013230174081400037
375180,0.0009321180987171829
375336,0.00013925365055911243
375492,0.00013348438369575888
375648,0.0005626694182865322
375804,0.00248144892975688
375960,0.03425367921590805
376116,0.0006911473465152085
376272,0.000643636507447809
376428,0.0004999054945074022
376584,0.020688211545348167
376740,0.0007134766783565283
376896,0.001969849457964301
377052,0.0022495377343147993
377208,0.0008706219960004091
377364,0.0014188808854669333
377520,0.0004711210494861007
377676,0.024867411702871323
377832,0.0006236451445147395
377988,0.0006223202799446881
378144,0.02993588335812092
378300,0.0015433075604960322
378456,0.000555395963601768
378612,0.0008370738360099494
378768,5.7883305998984724e-05
378924,0.0003570636617951095
379080,8.333213190780953e-05
379236,7.471453864127398e-05
379392,0.000647829263471067
379548,0.00040288735181093216
379704,0.00013537536142393947
379860,0.00022880284814164042
380016,0.0022393057588487864
380172,0.00031917227897793055
380328,0.0018220334313809872
380484,0.00035510858288034797
380640,0.001144076930359006
380796,0.0010539751965552568
380952,0.0025078391190618277
381108,0.001734709250740707
381264,0.0008949813200160861
381420,0.0005836558993905783
381576,0.00036122597521170974
381732,0.001190912094898522
381888,0.0019368674838915467
382044,0.0012443681480363011
382200,0.0002734948066063225
382356,0.010895186103880405
382512,0.0003561693010851741
382668,0.0011469473829492927
382824,0.012439239770174026
382980,0.0008791110012680292
383136,0.0730157196521759
383292,0.0014819102361798286
383448,0.029301149770617485
383604,0.0015781219117343426
383760,0.00017589691560715437
383916,0.027577979490160942
384072,0.0006179166957736015
384228,0.0007923044613562524
384384,0.00021957026910968125
384540,0.00029544223798438907
384696,0.0035619153641164303
384852,0.0007057065377011895
385008,0.00010717650002334267
385164,6.837953696958721e-05
385320,0.000269462529104203
385476,0.001390881952829659
385632,9.78068565018475e-05
385788,0.0002748308179434389
385944,0.0007375107379630208
386100,0.0032240694854408503
386256,0.0013514795573428273
386412,0.0025364994071424007
386568,0.0001856826856965199
386724,0.0010893861763179302
386880,0.032021746039390564
387036,0.0014906596625223756
387192,0.011809686198830605
387348,0.0015268728602677584
387504,0.00035539164673537016
387660,0.0007535815238952637
387816,0.0010520857758820057
387972,0.00064016820397228
388128,0.00017428258433938026
388284,0.00021334836492314935
388440,0.00031003967160359025
388596,0.0022909033577889204
388752,0.008684051223099232
388908,0.0075553590431809425
389064,0.002392740920186043
389220,0.0009666300029493868
389376,0.00032311107497662306
389532,0.0002604012843221426
389688,0.0011256624711677432
389844,0.0012352432822808623
390000,0.000163780408911407
390156,0.007635953836143017
390312,0.0034384112805128098
390468,0.008413923904299736
390624,0.0013183554401621222
390780,0.00022718586842529476
390936,0.00010583776020212099
391092,0.00012847439211327583
391248,0.0001563853002153337
391404,0.00012715579941868782
391560,0.009433926083147526
391716,0.003256108146160841
391872,0.0008139165583997965
392028,0.006079268176108599
392184,0.0010965882102027535
392340,0.03511010482907295
392496,0.0008670059032738209
392652,0.0009324344573542476
392808,0.011301985941827297
392964,0.0007636695518158376
393120,0.0119545953348279
393276,0.0009330490720458329
393432,0.0008119350532069802
393588,0.0019442024640738964
393744,0.00363501301035285
393900,0.0005138989072293043
394056,0.03043675422668457
394212,0.0013041291385889053
394368,0.00021482218289747834
394524,0.00035522616235539317
394680,0.0003237691707909107
394836,0.0006803884170949459
394992,0.0002765913668554276
395148,0.032840386033058167
395304,0.0002629211521707475
395460,0.03562870994210243
395616,0.0005173595855012536
395772,0.009571686387062073
395928,0.07157766819000244
396084,0.0008319145417772233
396240,0.0009197780163958669
396396,0.013916140422224998
396552,0.001160065527074039
396708,0.00046004500472918153
396864,0.0017098000971600413
397020,0.011044520884752274
397176,0.010708384215831757
397332,0.0004077506600879133
397488,0.0011247885413467884
397644,0.0001780435850378126
397800,8.82835010997951e-05
397956,0.0005247171502560377
398112,9.94733563857153e-05
398268,0.0074440850876271725
398424,0.0007564914412796497
398580,0.0008177829440683126
398736,0.0004681822028942406
398892,0.007841188460588455
399048,0.0016432574484497309
399204,0.009756351821124554
399360,0.0011430871672928333
399516,0.0006239840295165777
399672,0.007074733730405569
399828,0.0003709238371811807
399984,0.008497410453855991
400140,0.001520740333944559
400296,0.00037757633253932
400452,0.0013940749922767282
400608,0.0031330594792962074
400764,0.011963173747062683
400920,0.003861797507852316
401076,0.0004057773621752858
401232,0.0001840390614233911
401388,0.0001052672159858048
401544,0.0030582891777157784
401700,0.00011832658492494375
401856,0.00011994711530860513
402012,7.26640791981481e-05
402168,0.00028953098808415234
402324,0.00015952489047776908
402480,0.009575899690389633
402636,0.006936045363545418
402792,0.0006363411084748805
402948,0.001696683932095766
403104,0.0004752993118017912
403260,0.00024926336482167244
403416,0.001039402442984283
403572,0.0005311248824000359
403728,0.0011890106834471226
403884,0.002964751562103629
404040,0.00026690587401390076
404196,0.00010955332982121035
404352,0.0005688987439498305
404508,0.0015782928094267845
404664,0.008488839492201805
404820,0.006122702732682228
404976,0.0011052880436182022
405132,0.0009072010288946331
405288,0.0004957529017701745
405444,0.0005599452997557819
405600,0.007256688084453344
405756,0.017129715532064438
405912,0.0001331744424533099
406068,0.00011268979142187163
406224,0.014510618522763252
406380,0.02180650644004345
406536,0.00035262032179161906
406692,0.003212462645024061
406848,0.006857763975858688
407004,0.0020678583532571793
407160,8.773674926487729e-05
407316,0.009230634197592735
407472,0.0064744907431304455
407628,0.0001082115777535364
407784,0.00021379929967224598
407940,0.007478476967662573
408096,9.013614180730656e-05
408252,0.00018443737644702196
408408,0.00023369010887108743
408564,0.000459672708529979
408720,0.0024414993822574615
408876,0.0008971444331109524
409032,0.006279725581407547
409188,0.028395086526870728
409344,0.039183925837278366
409500,0.004594305530190468
409656,0.01149007398635149
409812,0.000541598245035857
409968,0.0002701205376069993
410124,0.02887778915464878
410280,0.0004951996961608529
410436,0.0003775401273742318
410592,0.0001598037633812055
410748,0.006619729567319155
410904,0.00015045783948153257
411060,0.000699188036378473
411216,0.00011591571819735691
411372,0.0006275050691328943
411528,0.0004619017126969993
411684,0.001771697774529457
411840,0.02107345126569271
411996,0.00903355609625578
412152,0.001660235458984971
412308,0.007956273853778839
412464,0.000729370687622577
412620,0.00046262185787782073
412776,0.0024012436624616385
412932,0.0001355872373096645
413088,0.0010469644330441952
413244,0.006038198247551918
413400,0.0004389993555378169
413556,0.008946630172431469
413712,0.003593659494072199
413868,0.00034171732841059566
414024,0.0005203265463933349
414180,0.0015062321908771992
414336,0.006388132926076651
414492,0.002377390395849943
414648,0.01722441427409649
414804,0.01871996559202671
414960,0.0015625751111656427
415116,0.0005657988367602229
415272,0.004096546210348606
415428,0.0002292086574016139
415584,0.00019332414376549423
415740,0.007204198278486729
415896,0.0010634802747517824
416052,0.0037857848219573498
416208,0.002734672510996461
416364,0.0007811766117811203
416520,0.0003265209379605949
416676,0.00026185804745182395
416832,6.557308370247483e-05
416988,0.00011044389975722879
417144,0.00018591669504530728
417300,0.00014924471906851977
417456,0.0013619898818433285
417612,0.00011001151870004833
417768,0.0032324271742254496
417924,0.0002775551110971719
418080,0.023055944591760635
418236,0.0005019600503146648
418392,0.0050274976529181
418548,0.000501058588270098
418704,0.005431083962321281
418860,0.031112948432564735
419016,0.03250228986144066
419172,0.012051022611558437
419328,0.01907973922789097
419484,0.010642885230481625
419640,0.002396487398073077
419796,0.0007248977199196815
419952,0.009269283153116703
420108,0.014253180474042892
420264,0.014065373688936234
420420,0.0028451140969991684
420576,0.0010454697767272592
420732,0.0008013868355192244
420888,0.009313462302088737
421044,0.00026191797223873436
421200,0.0001946612901519984
421356,0.03445318713784218
421512,0.0006243726820684969
421668,0.0019406706560403109
421824,0.0004149458836764097
421980,0.015203879214823246
422136,0.000347760011209175
422292,0.002455722540616989
422448,0.0017306082881987095
422604,0.0006146713858470321
422760,0.005563130136579275
422916,0.0002611904055811465
423072,0.0008422425016760826
423228,0.0072932615876197815
423384,0.0005021648830734193
423540,0.03225060924887657
423696,0.000254444865277037
423852,0.00031061525805853307
424008,0.003014501417055726
424164,0.005138234235346317
424320,0.02009592577815056
424476,0.027921561151742935
424632,0.08242998272180557
424788,0.000563532579690218
424944,0.001804216532036662
425100,0.00011159248242620379
425256,0.0001432985591236502
425412,0.0002318489132449031
425568,0.0007695923559367657
425724,0.00026929902378469706
425880,0.0028715888038277626
426036,0.0011753059225156903
426192,0.0005964853335171938
426348,0.004859225824475288
426504,0.006083754822611809
426660,0.03397563472390175
426816,0.0019215056672692299
426972,0.0004953407915309072
427128,0.001099743414670229
427284,0.001325627090409398
427440,0.000283858273178339
427596,0.0005325711681507528
427752,0.00010230828047497198
427908,0.0007475823513232172
428064,0.0007425604853779078
428220,0.0014438286889344454
428376,0.019424790516495705
428532,0.018134113401174545
428688,0.00014126807218417525
428844,0.0007740233559161425
429000,0.00023144246370065957
429156,0.0013224398717284203
429312,0.000496709137223661
429468,0.00929434597492218
429624,0.0046585602685809135
429780,0.0001004709120024927
429936,0.00029132619965821505
430092,0.0016998091014102101
430248,0.000670549925416708
430404,0.009420366957783699
430560,0.0008426506537944078
430716,0.010116633959114552
430872,0.010833562351763248
431028,0.00047789333621039987
431184,0.0011813975870609283
431340,0.0001645662123337388
431496,0.0002156120608560741
431652,0.0005324045778252184
431808,0.03191955387592316
431964,0.00032631540670990944
432120,0.000132226588902995
432276,0.0001271475339308381
432432,0.00020345485245343298
432588,0.0005056854570284486
432744,0.0044305953197181225
432900,0.0020452309399843216
433056,0.0002712838468141854
433212,0.00022011081455275416
433368,0.007652172353118658
433524,0.00024000067787710577
433680,0.02243710681796074
433836,0.00020257101277820766
433992,0.004242188297212124
434148,0.00024899293202906847
434304,0.021458305418491364
434460,0.0016881850315257907
434616,0.020198730751872063
434772,0.029931023716926575
434928,0.003002343000844121
435084,0.020545238628983498
435240,0.007460020482540131
435396,0.002351469825953245
435552,0.0015336457872763276
435708,0.018765296787023544
435864,0.0009391263592988253
436020,0.0009930747328326106
436176,0.01227649673819542
436332,0.006894824095070362
436488,0.00040704163257032633
436644,0.0002803675306495279
436800,0.00017823080997914076
436956,0.00014344365627039224
437112,0.00011409536091377959
437268,0.00010676572856027633
437424,0.0006336436490528286
437580,0.00031260211835615337
437736,0.000904630112927407
437892,0.0041318791918456554
438048,0.06043846905231476
438204,0.006086082197725773
438360,0.006121110636740923
438516,0.0004138216027058661
438672,0.00021830422338098288
438828,0.0003125866933260113
438984,0.0031885243952274323
439140,0.03460061922669411
439296,0.0015528099611401558
439452,0.0004106230626348406
439608,0.010821538977324963
439764,0.00560446921736002
439920,0.05153777450323105
440076,0.014621904119849205
440232,0.004416001960635185
440388,0.01639433391392231
440544,0.0003919581649824977
440700,0.0005221375031396747
440856,0.002436606213450432
441012,0.0005417257780209184
441168,0.00032622565049678087
441324,0.0004375786520540714
441480,0.0025316583923995495
441636,0.0045854998752474785
441792,0.008863487280905247
441948,0.0007764049805700779
442104,0.0066757807508111
442260,0.008690993301570415
442416,0.0008076353697106242
442572,0.0007268721237778664
442728,0.0035571944899857044
442884,0.024062642827630043
443040,0.0005101988208480179
443196,0.00018569992971606553
443352,0.00028845027554780245
443508,0.008968663401901722
443664,0.009185765869915485
443820,0.006434503942728043
443976,0.001159001374617219
444132,0.0004426878585945815
444288,0.0023295613937079906
444444,0.009765136986970901
444600,0.003318024566397071
444756,0.0004190417821519077
444912,0.0003189950657542795
445068,0.000290802214294672
445224,0.0006695757620036602
445380,0.0014226241037249565
445536,0.0015197608154267073
445692,0.002721549477428198
445848,0.041531022638082504
446004,0.006370203569531441
446160,0.0006734481430612504
446316,0.005098332185298204
446472,0.0003405972965992987
446628,0.024160608649253845
446784,0.0019588740542531013
446940,0.0006910865777172148
447096,0.007733650505542755
447252,0.0003253613831475377
447408,0.0027201687917113304
447564,0.00787602923810482
447720,0.00011250028910581023
447876,9.532175317872316e-05
448032,0.00011828220158349723
448188,0.00011487629672046751
448344,0.00021562466281466186
448500,0.00023528875317424536
448656,0.0009161828784272075
448812,0.0003442814340814948
448968,0.004504918120801449
449124,0.00018717269995249808
449280,0.00025883191847242415
449436,0.0011347297113388777
449592,0.003030927386134863
449748,0.00012302737741265446
449904,0.00040189892752096057
450060,0.0020345179364085197
450216,0.0010327678173780441
450372,0.00986471027135849
450528,0.020730845630168915
450684,0.003117775311693549
450840,0.004082586616277695
450996,0.004289594944566488
451152,0.0028253449127078056
451308,0.0010849004611372948
451464,0.00012762536061927676
451620,0.0001649264886509627
451776,0.00018680724315345287
451932,0.00032289783121086657
452088,0.0020951200276613235
452244,0.0004468878323677927
452400,0.02689146250486374
452556,0.00017689057858660817
452712,0.000302247004583478
452868,0.0002292927383678034
453024,0.0001618414098629728
453180,0.0004389499663375318
453336,0.0022133004385977983
453492,0.0032315882854163647
453648,0.007043746300041676
453804,0.027003571391105652
453960,0.012082896195352077
454116,0.0007549397414550185
454272,0.00019818775763269514
454428,0.0006005365867167711
454584,0.002240499947220087
454740,0.0007595701026730239
454896,0.0216546468436718
455052,0.0035319682210683823
455208,0.0010813388507813215
455364,0.01752777211368084
455520,0.00018932836246676743
455676,0.00021063470921944827
455832,0.031050290912389755
455988,0.0171058289706707
456144,0.0027861199341714382
456300,0.004515930078923702
456456,0.00547097809612751
456612,0.004284473601728678
456768,0.00034230409073643386
456924,0.0002788351266644895
457080,0.00023147687898017466
457236,0.0016033075517043471
457392,0.005928855389356613
457548,0.003461495041847229
457704,0.021646568551659584
457860,0.006301420275121927
458016,0.0009424561867490411
458172,0.0026130815967917442
458328,0.00016800631419755518
458484,0.0002291312557645142
458640,0.0003350701299495995
458796,0.009970041923224926
458952,0.0015390438493341208
459108,0.0005662093171849847
459264,0.012879288755357265
459420,0.00015976716531440616
459576,0.0005980984424240887
459732,0.00021437490067910403
459888,0.007643998134881258
460044,0.0003963872732128948
460200,0.027475746348500252
460356,0.02573026716709137
460512,0.00036624251515604556
460668,0.00041513735777698457
460824,0.0002153248351532966
460980,0.0030852833297103643
461136,0.000653065915685147
461292,0.011171992868185043
461448,0.0002668744418770075
461604,0.0025574301835149527
461760,0.0002720507327467203
461916,8.157444972312078e-05
462072,5.414397674030624e-05
462228,7.460021879523993e-05
462384,0.0014420675579458475
462540,0.0014809860149398446
462696,0.0004356858553364873
462852,0.00011462694237707183
463008,0.00019620489911176264
463164,0.0005413066828623414
463320,0.0004145689308643341
463476,0.030123542994260788
463632,0.020184949040412903
463788,0.0003110150573775172
463944,0.0006648593698628247
464100,0.0011690976098179817
464256,0.026284128427505493
464412,0.01010262779891491
464568,0.0034071842674165964
464724,0.006937990430742502
464880,0.00011144184099975973
465036,0.00043398572597652674
465192,0.00024137829313986003
465348,0.0057843332178890705
465504,0.016024308279156685
465660,0.0037792816292494535
465816,0.00466801505535841
465972,0.007259951904416084
466128,0.0012160362675786018
466284,0.010476430878043175
466440,0.001101605361327529
466596,0.0002363355306442827
466752,0.00013331521768122911
466908,0.00018558758893050253
467064,0.00024065318575594574
467220,0.002346110064536333
467376,9.759000386111438e-05
467532,0.014621740207076073
467688,0.0001647982862778008
467844,0.0006977618904784322
468000,0.00040975521551445127
468156,0.0001957141503226012
468312,0.00038312148535624146
468468,0.00010441587801324204
468624,0.035017531365156174
468780,0.0008063908899202943
468936,0.00383196072652936
469092,0.002219246933236718
469248,0.006754867732524872
469404,0.0008618534775450826
469560,0.0009104342898353934
469716,0.0007814693381078541
469872,0.0365731343626976
470028,0.021673575043678284
470184,0.00014630588702857494
470340,0.0006675077602267265
470496,0.007218704093247652
470652,6.957714504096657e-05
470808,0.0011033646296709776
470964,0.0011928398162126541
471120,0.16080036759376526
471276,0.09127193689346313
471432,0.03968135640025139
471588,0.0010288299527019262
471744,0.016894347965717316
471900,0.0003526104846969247
472056,0.0002923610445577651
472212,0.01596512459218502
472368,0.020897438749670982
472524,0.00017345765081699938
472680,0.00013911070709582418
472836,0.0005744239315390587
472992,0.00013222101551946253
473148,0.0003734188212547451
473304,0.0002571701188571751
473460,0.000113397189124953
473616,0.025102756917476654
473772,0.004542275331914425
473928,0.0008924567955546081
474084,0.005103999748826027
474240,0.011897094547748566
474396,0.001822726335376501
474552,0.011021518148481846
474708,0.013215623795986176
474864,0.001513846218585968
475020,0.0006805651355534792
475176,0.0002242777991341427
475332,7.985187403392047e-05
475488,0.00011717073357431218
475644,0.00016371432866435498
475800,0.02078954130411148
475956,0.00025275314692407846
476112,0.00021980638848617673
476268,0.0008923588320612907
476424,0.003187362337484956
476580,0.0023167720064520836
476736,0.012806160375475883
476892,0.0007419759058393538
477048,0.00032646648469381034
477204,0.0005496309604495764
477360,0.018265051767230034
477516,0.00038659575511701405
477672,0.0003641796065494418
477828,0.00022012910631019622
477984,0.0035051463637501
478140,0.0004122987447772175
478296,0.03150587156414986
478452,0.00020628402126021683
478608,0.0002721671189647168
478764,0.001548492698930204
478920,0.0012927947100251913
479076,0.0046744332648813725
479232,0.0016962084919214249
479388,0.02888002060353756
479544,0.0023682343307882547
479700,0.0009721025126054883
479856,0.0007476439932361245
480012,0.008033551275730133
480168,0.0016603602562099695
480324,0.0013343959581106901
480480,0.00031706388108432293
480636,0.000524355738889426
480792,0.002174008870497346
480948,0.0005263476050458848
481104,0.0003827863256447017
481260,0.0007349360967054963
481416,0.0013818386942148209
481572,0.00021777562506031245
481728,0.0068827420473098755
481884,0.0005551386857405305
482040,0.00020092143677175045
482196,0.00010764181206468493
482352,0.0013010698603466153
482508,0.0002967182081192732
482664,0.00035975410719402134
482820,0.01953265257179737
482976,0.0007365383789874613
483132,0.0005219199229031801
483288,0.00018264216487295926
483444,9.22980543691665e-05
483600,0.00024639879120513797
483756,0.00466109486296773
483912,0.000279540428891778
484068,0.00155739882029593
484224,0.0002130781940650195
484380,7.144815754145384e-05
484536,0.00011017266660928726
484692,0.00022196987993083894
484848,0.014421757310628891
485004,0.0027798761148005724
485160,0.053447362035512924
485316,0.00809711404144764
485472,0.002831688616424799
485628,0.00022163789253681898
485784,0.014699037186801434
485940,0.007331348489969969
486096,0.08301544189453125
486252,0.0119838397949934
486408,0.0001403969945386052
486564,0.02232966013252735
486720,0.00017740200564730912
486876,0.0001689248310867697
487032,0.00464683398604393
487188,6.653956370428205e-05
487344,5.394425170379691e-05
487500,8.707604138180614e-05
487656,6.081843457650393e-05
487812,0.0003189140697941184
487968,0.013335969299077988
488124,0.002750067738816142
488280,0.00013911258429288864
488436,0.030467329546809196
488592,1.8464605091139674e-05
488748,6.495744310086593e-05
488904,0.0009764651767909527
489060,0.00011251091927988455
489216,0.0035538712982088327
489372,0.0003172821016050875
489528,0.019127894192934036
489684,0.006089182570576668
489840,0.001059298636391759
489996,0.0014123392757028341
490152,0.002209726721048355
490308,0.004753010347485542
490464,0.0030163598712533712
490620,0.0003103241033386439
490776,0.020369339734315872
490932,0.00041674007661640644
491088,0.000725419376976788
491244,0.0004910712596029043
491400,0.00010845044016605243
491556,0.00019839455490000546
491712,0.0003353114298079163
491868,0.00034838757710531354
492024,0.00019496932509355247
492180,0.004059485625475645
492336,0.0014258881565183401
492492,0.013930273242294788
492648,0.0003464092151261866
492804,0.006350417621433735
492960,0.000681262114085257
493116,0.0001032911313814111
493272,0.00046301144175231457
493428,0.000721088086720556
493584,0.023065727204084396
493740,0.0002943528816103935
493896,0.0002819387009367347
494052,0.0005835983902215958
494208,0.02361873909831047
494364,0.016926022246479988
494520,0.002768928650766611
494676,0.0005777326878160238
494832,0.0008352803415618837
494988,6.92260218784213e-05
495144,0.00030596242868341506
495300,6.044422116247006e-05
495456,0.00010724617459345609
495612,0.00021423639554996043
495768,0.015576471574604511
495924,0.0009244248503819108
496080,0.000736790185328573
496236,0.00023129502369556576
496392,0.0003124817449133843
496548,0.0005593803361989558
496704,0.001485647982917726
496860,0.0007162841502577066
497016,0.00046317154192365706
497172,0.029476771131157875
497328,0.0036504967138171196
497484,0.005418982356786728
497640,0.0012778921518474817
497796,0.00022762903245165944
497952,5.483087807078846e-05
498108,0.000229711236897856
498264,0.00031987970578484237
498420,0.0002182861207984388
498576,0.0048400345258414745
498732,0.004336033947765827
498888,0.0006927817012183368
499044,0.01567571982741356
499200,0.0011958439135923982
499356,0.001138021587394178
499512,0.0010822025360539556
499668,0.013566463254392147
499824,0.0005472308257594705
499980,0.0012678923085331917
500136,0.00017675303388386965
500292,0.0002629152440931648
500448,0.000828274292871356
500604,0.00023494890774600208
500760,0.00012265103578101844
500916,6.735487841069698e-05
501072,0.003033105283975601
501228,0.0005251534166745842
501384,0.00017232858226634562
501540,0.00014797176118008792
501696,0.0005048801540397108
501852,8.843261457514018e-05
502008,0.0001115452905651182
502164,0.0007737433188594878
502320,0.0017457427456974983
502476,0.00016488783876411617
502632,0.00025108351837843657
502788,0.0005468259914778173
502944,0.0002026135625783354
503100,0.00025386761990375817
503256,0.00029430774156935513
503412,0.009600462391972542
503568,0.00042620545718818903
503724,0.0004215473309159279
503880,0.004375167191028595
504036,0.0017168654594570398
504192,0.030424730852246284
504348,0.009978251531720161
504504,0.0005996214458718896
504660,0.0001853565772762522
504816,0.014097142033278942
504972,0.00015291447925847024
505128,0.0007181043038144708
505284,0.0027260580100119114
505440,0.00031581943039782345
505596,0.0007453507278114557
505752,0.005462937522679567
505908,0.00044611794874072075
506064,0.00012658347259275615
506220,0.0005617784918285906
506376,0.0011888928711414337
506532,0.009227356873452663
506688,0.0004209948529023677
506844,0.0012501530582085252
507000,9.731564205139875e-05
507156,0.0004530747246462852
507312,0.000135879497975111
507468,0.02288905717432499
507624,0.0006590325501747429
507780,0.000253836449701339
507936,0.0039269099943339825
508092,0.01328721921890974
508248,0.002692636102437973
508404,0.00041056075133383274
508560,0.0007774012628942728
508716,0.00042033317731693387
508872,0.00029288706718944013
509028,0.0008624571491964161
509184,0.0007303027086891234
509340,0.004140571691095829
509496,0.019442712888121605
509652,0.005922023672610521
509808,0.0011758320033550262
509964,0.0011580034624785185
510120,0.00015098246512934566
510276,0.00022430623357649893
510432,0.0012876394903287292
510588,0.02711634151637554
510744,0.0009085717028938234
510900,0.008923061192035675
511056,0.003114253282546997
511212,0.0009995687287300825
511368,0.0008420810336247087
511524,0.041161589324474335
511680,0.000782549032010138
511836,0.0029257815331220627
511992,0.0022929722908884287
512148,0.005204834975302219
512304,0.000584750494454056
512460,0.0016269513871520758
512616,0.000466441415483132
512772,0.00028730594203807414
512928,0.004965675994753838
513084,0.01122565008699894
513240,0.00479674618691206
513396,0.0033998857252299786
513552,0.0024591204710304737
513708,0.0008735411684028804
513864,0.00032935835770331323
514020,0.0002779274946078658
514176,0.0003451937809586525
514332,0.028397807851433754
514488,0.0002150633663404733
514644,0.00032493489561602473
514800,0.00013923158985562623
514956,0.00029167981119826436
515112,0.0002578137500677258
515268,0.000790645950473845
515424,0.00844222865998745
515580,0.00010374357225373387
515736,0.0007901830249466002
515892,0.0008235244313254952
516048,0.0002489969483576715
516204,0.00040596339385956526
516360,0.004107625689357519
516516,0.006404147483408451
516672,0.004175160080194473
516828,0.015318682417273521
516984,0.0012886171462014318
517140,0.000345209933584556
517296,0.0001739411527523771
517452,0.014267570339143276
517608,0.0003159523766953498
517764,0.00032939930679276586
517920,0.00116337847430259
518076,0.0003583550569601357
518232,0.000575742800720036
518388,0.0015803745482116938
518544,0.0031915183644741774
518700,0.00017188017955049872
518856,0.0006021125009283423
519012,0.0015105328056961298
519168,0.0018943415489047766
519324,0.005705706309527159
519480,0.002374537056311965
519636,0.0001850512926466763
519792,0.00023663128376938403
519948,0.0029626786708831787
520104,0.0005039222305640578
520260,0.00030131294624879956
520416,0.0008352973964065313
520572,7.82673159847036e-05
520728,0.00021175621077418327
520884,0.0006256109336391091
521040,0.027346253395080566
521196,0.000666288542561233
521352,0.0007824690546840429
521508,0.0002338751219213009
521664,0.00016251149645540863
521820,0.00013865402434021235
521976,7.777180871926248e-05
522132,0.00031734659569337964
522288,0.0002422360412310809
522444,0.0014260527677834034
522600,0.0006088541122153401
522756,0.00010501076758373529
522912,0.0001458715123590082
523068,0.00043252058094367385
523224,0.0011913188500329852
523380,0.0005984237650409341
523536,0.0025381080340594053
523692,0.0004759537987411022
523848,0.002780374838039279
524004,0.0044599431566894054
524160,0.006758140865713358
524316,0.00585207249969244
524472,0.0009168662363663316
524628,0.012867048382759094
524784,0.013047514483332634
524940,0.0010477022733539343
525096,0.0013650457840412855
525252,0.0007804862107150257
525408,0.0013923370279371738
525564,0.0014205928891897202
525720,0.0015530016971752048
525876,0.0014180020662024617
526032,0.00022577925119549036
526188,0.0001799647434381768
526344,0.00015073303075041622
526500,0.0004385591601021588
526656,0.0017611992079764605
526812,0.002615494653582573
526968,0.004496649838984013
527124,0.0007300517754629254
527280,0.0012153612915426493
527436,0.0006389523623511195
527592,0.0004020307387690991
527748,0.0459432527422905
527904,0.006621388252824545
528060,0.005362606607377529
528216,0.002422876190394163
528372,0.013371752575039864
528528,0.0012773808557540178
528684,0.010207082144916058
528840,0.014445803128182888
528996,0.00408581830561161
529152,0.00020164715533610433
529308,0.0003511245595291257
529464,0.0025963601656258106
529620,0.0004345595953054726
529776,0.000979805481620133
529932,0.000909469265025109
530088,0.006541361566632986
530244,0.0004965576808899641
530400,0.0007293387316167355
530556,0.0007394065614789724
530712,0.00040680036181584
530868,0.00010440674668643624
531024,0.0001437764149159193
531180,0.0012197521282359958
531336,0.0006972741684876382
531492,0.007598110940307379
531648,0.005906316917389631
531804,0.00014455959899351
531960,0.0013497181935235858
532116,0.00016963564848992974
532272,0.00016795222472865134
532428,0.0002905463916249573
532584,0.00035007315455004573
532740,0.02663254551589489
532896,0.0036633347626775503
533052,0.0008186428458429873
533208,0.0024868391919881105
533364,0.0010641264962032437
533520,0.039038825780153275
533676,0.01540412288159132
533832,0.00042814042535610497
533988,0.0013996943598613143
534144,0.0005102971335873008
534300,0.02175392396748066
534456,0.0003306953003630042
534612,0.007133240811526775
534768,0.00010877349268412217
534924,0.001658301567658782
535080,0.00022286867897491902
535236,0.0002693865681067109
535392,0.006168401800096035
535548,0.0008382785599678755
535704,0.00022951648861635476
535860,0.0013875564327463508
536016,0.000389813503716141
536172,8.68792412802577e-05
536328,0.0001625456934561953
536484,0.005994355771690607
536640,0.001056945649906993
536796,0.000659164332319051
536952,0.0010659731924533844
537108,0.0010303816525265574
537264,8.919944957597181e-05
537420,0.0023444609250873327
537576,5.5310938478214666e-05
537732,0.00012776808580383658
537888,0.003407005686312914
538044,0.00017188744095619768
538200,0.0013908345717936754
538356,0.0005321173230186105
538512,0.00026301678735762835
538668,0.005439227446913719
538824,0.0008302401984110475
538980,0.01977040246129036
539136,0.00088742864318192
539292,0.008718132972717285
539448,0.014046667143702507
539604,0.0008485602447763085
539760,0.0016259533585980535
539916,0.0008023743284866214
540072,0.00017493488849140704
540228,0.0007874275324866176
540384,0.0011858121724799275
540540,9.965764911612496e-05
540696,0.000146261794725433
540852,0.00035311421379446983
541008,0.00017621138249523938
541164,0.002110372995957732
541320,0.00030706735560670495
541476,0.022616637870669365
541632,0.007590034045279026
541788,0.005610543768852949
541944,0.07367134094238281
542100,0.000903405889403075
542256,0.0003783842839766294
542412,0.0007488157134503126
542568,0.005591713357716799
542724,0.00945961195975542
542880,4.83514231746085e-05
543036,0.00016881301417015493
543192,0.00011749137047445402
543348,0.00016503731603734195
543504,0.00011720012844307348
543660,0.00035583286080509424
543816,0.0007884920341894031
543972,0.0006307740113697946
544128,0.0002067914028884843
544284,0.0001873644214356318
544440,0.00019096345931757241
544596,0.00014812286826781929
544752,0.00751487398520112
544908,0.005349005572497845
545064,0.01413287129253149
545220,0.0003334494831506163
545376,0.00011830895527964458
545532,0.00011255278513999656
545688,6.666063563898206e-05
545844,0.01417507603764534
546000,0.0002511334023438394
546156,0.0011441896203905344
546312,0.0005761934444308281
546468,0.0065503655932843685
546624,0.04859107732772827
546780,0.0002650115638971329
546936,0.015901848673820496
547092,0.009702133014798164
547248,0.00514844199642539
547404,0.0013818262377753854
547560,0.0007097469642758369
547716,0.00013007663073949516
547872,0.004278164356946945
548028,0.00020952618797309697
548184,0.003632266540080309
548340,0.0009601879282854497
548496,0.002648675348609686
548652,0.00467608543112874
548808,0.0055512599647045135
548964,0.00024055094399955124
549120,0.0823654979467392
549276,0.01720353774726391
549432,0.0004545679548755288
549588,0.008100488223135471
549744,0.00017870610463432968
549900,0.00010622118134051561
550056,0.029225032776594162
550212,0.0140923410654068
550368,0.0030906980391591787
550524,0.005460488144308329
550680,0.0004634414508473128
550836,0.001191230141557753
550992,0.0010852193227037787
551148,0.0059377942234277725
551304,8.421602251473814e-05
551460,0.00019667705055326223
551616,0.00010650328476913273
551772,0.0001609301834832877
551928,0.00012394573423080146
552084,0.00010742150334408507
552240,0.0001299870782531798
552396,0.0003057852736674249
552552,0.00015981690376065671
552708,0.0007937185000628233
552864,0.0062685622833669186
553020,0.006015383172780275
553176,0.013320587575435638
553332,0.00020375062013044953
553488,0.008212878368794918
553644,0.036344148218631744
553800,0.0010503960074856877
553956,0.0029702873434871435
554112,0.0024695880711078644
554268,0.0013719128910452127
554424,0.0041629234328866005
554580,0.0017279735766351223
554736,0.002462645061314106
554892,0.0013988129794597626
555048,0.007424693554639816
555204,0.0036899095866829157
555360,0.0022755765821784735
555516,0.00017612718511372805
555672,6.58824501442723e-05
555828,0.0036548201460391283
555984,0.0003724273410625756
556140,0.00035099004162475467
556296,0.0005408794386312366
556452,0.00012989294191356748
556608,0.0007759206928312778
556764,0.012163008563220501
556920,0.001706138951703906
557076,0.00028958014445379376
557232,0.045186422765254974
557388,0.0001744154724292457
557544,0.00027217110618948936
557700,0.0015012311050668359
557856,0.0007921514334157109
558012,0.0001386871444992721
558168,0.0002537753898650408
558324,9.980518370866776e-05
558480,0.0054515665397048
558636,0.0007994250627234578
558792,0.018160665407776833
558948,0.0003402801521588117
559104,0.028076574206352234
559260,0.0008483506389893591
559416,0.0014798198826611042
559572,0.00047746492782607675
559728,0.001401319052092731
559884,0.000939208606723696
560040,0.0012705615954473615
560196,0.0014631886733695865
560352,0.000236452033277601
560508,0.0003256960480939597
560664,0.0006748061859980226
560820,0.00043609473505057395
560976,0.0003074157575611025
561132,0.000379060220438987
561288,0.00016025203512981534
561444,0.0004388864035718143
561600,0.00021734685287810862
561756,0.00010958100756397471
561912,0.00015869023627601564
562068,0.00035007402766495943
562224,0.00019636514480225742
562380,0.00047772692050784826
562536,0.0004972695605829358
562692,0.00027798712835647166
562848,0.001532752881757915
563004,8.170398359652609e-05
563160,0.0003363342257216573
563316,0.0001770865055732429
563472,0.00010172770998906344
563628,0.00014419171202462167
563784,0.0002078480611089617
563940,0.00017579144332557917
564096,0.0016012585256248713
564252,0.014347581192851067
564408,0.0001234930969076231
564564,0.011956879869103432
564720,0.015000117011368275
564876,0.00313438824377954
565032,0.00012655965110752732
565188,0.005313410889357328
565344,0.00461843004450202
565500,0.05969472974538803
565656,0.0010046805255115032
565812,0.0004634796059690416
565968,0.005890758242458105
566124,0.0006821430288255215
566280,0.010008544661104679
566436,0.00016423282795585692
566592,0.0001238011464010924
566748,0.00023381956270895898
566904,0.00011502826237119734
567060,0.040667299181222916
567216,0.0014318269677460194
567372,0.000519157387316227
567528,0.0058157858438789845
567684,0.0022532003931701183
567840,0.00012127077934565023
567996,0.00015060888836160302
568152,0.0003338647948112339
568308,9.297567885369062e-05
568464,0.006105334032326937
568620,6.0327402024995536e-05
568776,0.01840387098491192
568932,0.00022316101239994168
569088,0.05506167188286781
569244,0.011350445449352264
569400,0.0009934199042618275
569556,0.0005446852883324027
569712,0.0015898816054686904
569868,0.0024589248932898045
570024,0.0028051272965967655
570180,0.0008934052893891931
570336,0.000707959639839828
570492,0.0005886968574486673
570648,0.0003116733569186181
570804,0.0005182555178180337
570960,0.003625002223998308
571116,0.0005793380551040173
571272,0.00042172454413957894
571428,0.007281350437551737
571584,0.0002833027974702418
571740,0.00023589603370055556
571896,0.0003000637807417661
572052,0.007440411485731602
572208,0.0002620651794131845
572364,0.030606182292103767
572520,0.0010100555373355746
572676,0.00730101577937603
572832,0.020294271409511566
572988,0.006109212059527636
573144,0.00017847877461463213
573300,0.015460183843970299
573456,0.0003147718671243638
573612,0.00042848719749599695
573768,8.757415344007313e-05
573924,0.0002999445714522153
574080,0.00019364786567166448
574236,0.00021300431399140507
574392,7.963075768202543e-05
574548,8.449745655525476e-05
574704,0.003486491274088621
574860,0.00022626382997259498
575016,0.013800017535686493
575172,0.00019110378343611956
575328,0.0016693974612280726
575484,0.007273256778717041
575640,0.00015514013648498803
575796,0.0010118152713403106
575952,0.0139772342517972
576108,0.00019227484881412238
576264,0.0004305741749703884
576420,0.001446171198040247
576576,0.03935199975967407
576732,0.00015168936806730926
576888,0.00043744861613959074
577044,0.00023166020400822163
577200,0.00018388082389719784
577356,0.0021605617366731167
577512,0.013704277575016022
577668,0.0004667564935516566
577824,0.00033199379686266184
577980,0.0005827125860378146
578136,0.009872861206531525
578292,0.0009761701803654432
578448,0.00017486140131950378
578604,0.005649367813020945
578760,0.008956851437687874
578916,0.0014945885632187128
579072,0.008730283007025719
579228,0.004490817431360483
579384,0.0011490394826978445
579540,0.0003152269928250462
579696,0.00012273239553906024
579852,0.000323969783494249
580008,0.006043108645826578
580164,0.014782125130295753
580320,0.0007827018853276968
580476,0.00011450304737081751
580632,0.00013096630573272705
580788,0.00019178612274117768
580944,0.00036728286067955196
581100,0.0003692246973514557
581256,0.00014637853018939495
581412,0.0001158056256826967
581568,0.0009246214176528156
581724,0.0002631429524626583
581880,6.507014040835202e-05
582036,0.00032286561327055097
582192,0.002813369734212756
582348,0.00148474529851228
582504,0.0023878735955804586
582660,0.005606535822153091
582816,0.00026923452969640493
582972,0.0016190205933526158
583128,0.020337261259555817
583284,0.003517580684274435
583440,0.0003484886547084898
583596,0.01067281048744917
583752,0.008469782769680023
583908,0.003698116634041071
584064,0.003884713165462017
584220,0.007315792143344879
584376,0.003798806108534336
584532,0.0024493574164807796
584688,0.0019257820677012205
584844,0.0007259887643158436
585000,0.0003860063152387738
585156,0.00027494243113324046
585312,0.00011401003575883806
585468,0.00037744303699582815
585624,0.00022984881070442498
585780,0.0005389609141275287
585936,0.00043644342804327607
586092,0.000613293843343854
586248,0.0016999533399939537
586404,0.00026871339650824666
586560,0.00012044116738252342
586716,0.008122825995087624
586872,0.022864826023578644
587028,0.00591159425675869
587184,0.007801170460879803
587340,0.011519486084580421
587496,0.00025112373987212777
587652,0.0010251079220324755
587808,0.010249538347125053
587964,0.00865192525088787
588120,0.0006155046285130084
588276,0.00801741611212492
588432,0.011431129649281502
588588,0.0007851620903238654
588744,0.0010366156930103898
588900,0.0006028783391229808
589056,0.006468011066317558
589212,0.0005705570802092552
589368,0.0007513974560424685
589524,0.005609015468508005
589680,0.0006142367492429912
589836,0.00021079802536405623
589992,0.00038366421358659863
590148,4.301826993469149e-05
590304,0.0008153968956321478
590460,0.0036996507551521063
590616,0.0002043305430561304
590772,0.0011301335180178285
590928,9.290345769841224e-05
591084,0.008936768397688866
591240,0.0014573512598872185
591396,0.015779148787260056
591552,0.0006843392038717866
591708,0.00013037837925367057
591864,0.00028062413912266493
592020,0.0006649036076851189
592176,0.0008469852618873119
592332,0.0001326099445577711
592488,0.0002711089327931404
592644,0.003573306370526552
592800,0.0005225674831308424
592956,0.0012634233571588993
593112,0.0007761688902974129
593268,0.0013234538491815329
593424,0.00029183586593717337
593580,0.0003728066512849182
593736,0.0006687276181764901
593892,0.002199657494202256
594048,0.0040498836897313595
594204,0.00042820675298571587
594360,0.0239831805229187
594516,0.005847585387527943
594672,0.008511279709637165
594828,0.0003804839216172695
594984,0.00020955121726728976
595140,0.00020360664348118007
595296,0.00038359558675438166
595452,0.0006092695984989405
595608,0.006413675379008055
595764,0.0016402594046667218
595920,0.0010580983944237232
596076,0.00016203145787585527
596232,0.0003648892161436379
596388,0.000700172153301537
596544,0.00017441697127651423
596700,0.0020664306357502937
596856,0.013345502316951752
597012,0.002415739232674241
597168,0.0003160708583891392
597324,8.298714237753302e-05
597480,5.769741255789995e-05
597636,0.013688947074115276
597792,0.00016966628027148545
597948,0.003804344916716218
598104,0.00013283778389450163
598260,0.0001118423679145053
598416,0.0030703055672347546
598572,0.0013131801970303059
598728,0.0026290593668818474
598884,0.000678209587931633
599040,0.0001316727139055729
599196,0.0014712201664224267
599352,0.009161580353975296
599508,0.0011221247259527445
599664,0.0008171646622940898
599820,0.00013782171299681067
599976,0.0008095407392829657
600132,0.0021620667539536953
600288,0.0006999475881457329
600444,0.005503822583705187
600600,0.0001619958784431219
600756,0.024371745064854622
600912,8.609463111497462e-05
601068,0.001337801688350737
601224,0.001090864185243845
601380,0.00029637134866788983
601536,0.00010316971747670323
601692,0.00030918262200430036
601848,0.00080180010991171
602004,0.0028062998317182064
602160,0.0012396052479743958
602316,0.0010102533269673586
602472,0.0013355117989704013
602628,0.00016323714226018637
602784,4.9315058276988566e-05
602940,0.002601811196655035
603096,0.0005953231011517346
603252,0.018074311316013336
603408,0.0002998855197802186
603564,0.0031702253036201
603720,0.008012663573026657
603876,0.0006456468254327774
604032,0.00011623308819252998
604188,0.031770773231983185
604344,0.00123932387214154
604500,0.006399377714842558
604656,0.0014951659832149744
604812,0.0034255259670317173
604968,0.002165872370824218
605124,0.0007986077689565718
605280,9.046604100149125e-05
605436,0.00015567704394925386
605592,0.0021157809533178806
605748,0.00011212757817702368
605904,0.00014708521484863013
606060,0.00781954824924469
606216,0.007577804382890463
606372,0.0024689084384590387
606528,0.0035819022450596094
606684,0.0010576273780316114
606840,0.014110737480223179
606996,0.0017678451258689165
607152,0.0002494193322490901
607308,0.011449750512838364
607464,0.0070276157930493355
607620,0.012153521180152893
607776,0.0003244363470003009
607932,0.019873738288879395
608088,0.0004313145764172077
608244,0.0003047806676477194
608400,0.0003730765311047435
608556,0.00033157854340970516
608712,0.0001073592429747805
608868,0.0004908990813419223
609024,0.00031738384859636426
609180,0.0009819952538236976
609336,0.0014470666646957397
609492,0.00026157815591432154
609648,0.0003536518488544971
609804,0.002397318370640278
609960,0.00037658115616068244
610116,0.013594205491244793
610272,0.0037992862053215504
610428,0.0004079653590451926
610584,0.0037493091076612473
610740,0.005879818461835384
610896,0.0011875575874000788
611052,0.000720944139175117
611208,0.00012558676826301962
611364,0.00010524858225835487
611520,0.00011365603131707758
611676,0.0010696122189983726
611832,0.005749437026679516
611988,0.003163950750604272
612144,0.030289802700281143
612300,0.0009109823731705546
612456,0.0021022590808570385
612612,0.00013624891289509833
612768,0.01464136503636837
612924,0.00010557787027209997
613080,0.0014545046724379063
613236,7.604987331433222e-05
613392,0.0002924308064393699
613548,4.5957927795825526e-05
613704,2.035547367995605e-05
613860,7.204973371699452e-05
614016,4.7992030886234716e-05
614172,0.010458850301802158
614328,6.245846452657133e-05
614484,7.328152423724532e-05
614640,0.011920350603759289
614796,0.000203150964807719
614952,3.8268051866907626e-05
615108,0.013377657160162926
615264,0.00028863109764643013
615420,0.0006363471038639545
615576,0.00025245622964575887
615732,0.0015732164029031992
615888,0.0004413240822032094
616044,0.0004432170535437763
616200,0.004300404340028763
616356,0.00019016773148905486
616512,0.014079646207392216
616668,0.017250623553991318
616824,0.0011206301860511303
616980,0.002058682031929493
617136,0.00046098174061626196
617292,0.0003931390820071101
617448,0.000966347346547991
617604,0.01132911816239357
617760,0.0033576113637536764
617916,0.0010556348133832216
618072,0.0004171531181782484
618228,0.0033916509710252285
618384,0.0002884974528569728
618540,0.0003715827187988907
618696,0.0003738251980394125
618852,0.0003010889049619436
619008,0.008118083700537682
619164,0.00018638724577613175
619320,0.00023169684573076665
619476,0.0006516462308354676
619632,0.002335082506760955
619788,0.000275467406027019
619944,0.013226178474724293
620100,0.030453229323029518
620256,0.006671135313808918
620412,0.0021491372026503086
620568,5.6244385632453486e-05
620724,0.00011028037988580763
620880,0.00010047473188024014
621036,0.0033490771893411875
621192,8.817845082376152e-05
621348,0.00011871541209984571
621504,5.7342840591445565e-05
621660,0.00043006203486584127
621816,0.0015338085358962417
621972,0.00013904395746067166
622128,0.000425068661570549
622284,0.0012977814767509699
622440,0.0001632658822927624
622596,0.03726578876376152
622752,0.0037823496386408806
622908,0.0045481594279408455
623064,0.0006890714284963906
623220,0.0008119510603137314
623376,0.0002681032638065517
623532,0.0034153442829847336
623688,0.0008664368651807308
623844,0.0005492878262884915
624000,0.00022867441293783486
624156,0.002883069682866335
624312,0.0002717491006478667
624468,0.005886506289243698
624624,0.0032109979074448347
624780,0.0007886362727731466
624936,0.00055443134624511
625092,0.01779293641448021
625248,0.0028330758213996887
625404,0.01600952260196209
625560,0.00020052694890182465
625716,0.00045317388139665127
625872,0.0008628864889033139
626028,0.000864025903865695
626184,0.023660775274038315
626340,0.0005798056954517961
626496,0.00026828169939108193
626652,0.0002459348179399967
626808,0.0005653504049405456
626964,0.008563419803977013
627120,9.242758096661419e-05
627276,0.0023616075050085783
627432,0.01535044889897108
627588,0.03857758641242981
627744,0.0009598481701686978
627900,0.026500679552555084
628056,0.0035755601711571217
628212,0.0036471912171691656
628368,0.0005056989612057805
628524,0.00021313467004802078
628680,0.000498555542435497
628836,6.085272616473958e-05
628992,5.0428447138983756e-05
629148,0.00020564506121445447
629304,6.059138831915334e-05
629460,9.17709112400189e-05
629616,0.0001146926952060312
629772,0.0020585539750754833
629928,0.0008319901535287499
630084,0.0004658692632801831
630240,0.0004161761316936463
630396,7.027621904853731e-05
630552,5.8628978877095506e-05
630708,0.0002815198677126318
630864,0.015610476024448872
631020,0.00024317321367561817
631176,0.006093944422900677
631332,0.0002541083376854658
631488,0.0004902437794953585
631644,0.0006560990586876869
631800,0.0031799841672182083
631956,0.0017473908374086022
632112,0.001113377744331956
632268,0.013200316578149796
632424,0.0005021158140152693
632580,0.0004401078913360834
632736,0.0005548545741476119
632892,0.0003963264462072402
633048,0.012317418120801449
633204,0.00014279194874688983
633360,0.0003426974581088871
633516,0.00022404520132113248
633672,0.0001254012604476884
633828,0.0037412652745842934
633984,0.0002794042229652405
634140,0.010114562697708607
634296,0.00018546837964095175
634452,0.030076967552304268
634608,0.006140229292213917
634764,0.0064244079403579235
634920,0.0018759090453386307
635076,0.01067357324063778
635232,0.0031429044902324677
635388,0.005804270040243864
635544,0.01297854259610176
635700,0.00039393233601003885
635856,0.0059063369408249855
636012,0.00031642336398363113
636168,0.00019559187057893723
636324,0.0005169106880202889
636480,0.00028795257094316185
636636,0.0024645747616887093
636792,0.00020535476505756378
636948,0.0001594896602910012
637104,9.250159928342327e-05
637260,0.002486415673047304
637416,0.0006069806404411793
637572,0.006200489588081837
637728,0.00045237294398248196
637884,0.0001551520253997296
638040,0.00037327344762161374
638196,0.00012807179882656783
638352,5.8088640798814595e-05
638508,0.0006364464061334729
638664,0.00010496083996258676
638820,0.0004385113134048879
638976,0.007302665617316961
639132,0.0009120158501900733
639288,0.007488091941922903
639444,0.0002470012695994228
639600,0.00033548157080076635
639756,0.0006342370179481804
639912,8.407299173995852e-05
640068,0.00012470725050661713
640224,0.0001390477264067158
640380,0.002033345401287079
640536,0.002668976318091154
640692,0.0025728081818670034
640848,0.0011799705680459738
641004,0.0002766620018519461
641160,0.0004486466059461236
641316,0.008052715100347996
641472,0.0003970845718868077
641628,0.0008029943564906716
641784,0.0012460931902751327
641940,0.00032068113796412945
642096,0.0002776668407022953
642252,0.000142468445119448
642408,0.00102801073808223
642564,0.00037580542266368866
642720,0.0006589539116248488
642876,0.005288116633892059
643032,0.00037677332875318825
643188,0.011659582145512104
643344,0.00036084215389564633
643500,0.00042438681703060865
643656,0.0003102642949670553
643812,0.00021999719319865108
643968,0.005620986223220825
644124,0.021202821284532547
644280,0.00024433009093627334
644436,0.00016634675557725132
644592,0.0007051379070617259
644748,0.015590106137096882
644904,0.0006039129802957177
645060,0.01584267057478428
645216,0.002545656869187951
645372,0.00352352112531662
645528,0.0264187753200531
645684,0.015177289955317974
645840,0.00013452675193548203
645996,0.0001583390694577247
646152,0.000902126485016197
646308,0.0003482391475699842
646464,0.004259802401065826
646620,0.0001321927411481738
646776,7.183384150266647e-05
646932,0.0001865209051175043
647088,0.00030412874184548855
647244,0.0005483145941980183
647400,6.703431427013129e-05
647556,0.0001357456494588405
647712,0.0006341359694488347
647868,0.001230910886079073
648024,0.00023513070482295007
648180,0.00046318944077938795
648336,0.001782340812496841
648492,0.029445361346006393
648648,0.000994669971987605
648804,0.008431467227637768
648960,0.029681669548153877
649116,0.0002274389553349465
649272,0.00016106276598293334
649428,0.00019399366283323616
649584,0.00020931041217409074
649740,0.00010316909902030602
649896,0.00012359846732579172
650052,3.0786490242462605e-05
650208,0.0010459277546033263
650364,0.000599540420807898
650520,0.00017437331553082913
650676,0.00028442719485610723
650832,3.0192248232197016e-05
650988,0.0003629278508014977
651144,0.010583261027932167
651300,0.010490275919437408
651456,0.00016983553359750658
651612,0.004876463208347559
651768,0.00023639979190193117
651924,0.0005032701883465052
652080,0.030177433043718338
652236,0.011372803710401058
652392,0.0006051233503967524
652548,0.0013356159906834364
652704,0.001349136233329773
652860,0.00048625373165123165
653016,0.0006782106356695294
653172,4.796427674591541e-05
653328,5.3360672609414905e-05
653484,3.4394564863760024e-05
653640,0.00010729483619797975
653796,0.0010838099988177419
653952,6.967995432205498e-05
654108,0.0001260748686036095
654264,0.0005768574774265289
654420,0.00021207609097473323
654576,0.013679882511496544
654732,0.0005134028615429997
654888,0.00022777722915634513
655044,0.00047049482236616313
655200,0.0060725463554263115
655356,0.0002780924260150641
655512,0.0009162593632936478
655668,0.012553201988339424
655824,0.0007004912476986647
655980,0.02114088647067547
656136,0.0004996176576241851
656292,0.00043763022404164076
656448,0.0032546359580010176
656604,0.001200781436637044
656760,0.00018271931912750006
656916,0.0017338450998067856
657072,0.0019661742262542248
657228,0.0005616916459985077
657384,0.027508314698934555
657540,0.0004612260090652853
657696,0.00016905154916457832
657852,0.00040243874536827207
658008,0.00013045828382018954
658164,0.007373212371021509
658320,0.005730335600674152
658476,0.005885093938559294
658632,0.0004161986871622503
658788,0.0006420738063752651
658944,0.004291726741939783
659100,0.03278467804193497
659256,0.017335599288344383
659412,0.0019573804456740618
659568,0.0015380787663161755
659724,0.0027124255429953337
659880,0.004269498400390148
660036,0.00039536794065497816
660192,0.0012134594144299626
660348,0.0001949842117028311
660504,6.483843026217073e-05
660660,0.0003569019609130919
660816,0.0004282927548047155
660972,0.0008446894935332239
661128,0.0016053568106144667
661284,0.0039283460937440395
661440,0.0010894684819504619
661596,0.00010625232243910432
661752,3.756060323212296e-05
661908,5.625210178550333e-05
662064,0.012529564090073109
662220,0.00012185334344394505
662376,7.596631621709093e-05
662532,0.00023167135077528656
662688,0.0012253132881596684
662844,0.00034396207774989307
663000,0.02659786492586136
663156,0.02584371343255043
663312,0.00021442894649226218
663468,0.00033393187914043665
663624,0.00017008349823299795
663780,9.736028732731938e-05
663936,0.00011355151946190745
664092,0.000415841001085937
664248,0.020400280132889748
664404,0.0001605694997124374
664560,0.0002396884374320507
664716,0.0012670648284256458
664872,0.003227128880098462
665028,0.018737206235527992
665184,0.0015532809775322676
665340,0.0021847691386938095
665496,0.004132520407438278
665652,0.0002701210032682866
665808,0.0010849044192582369
665964,0.0004963383544236422
666120,0.0003616062458604574
666276,0.00869971327483654
666432,0.0012354556238278747
666588,0.0004711334768217057
666744,0.0038065395783632994
666900,0.000520015717484057
667056,0.0004626357986126095
667212,0.0005369737627916038
667368,0.0007565213600173593
667524,0.0026113041676580906
667680,0.0004939460777677596
667836,0.0003032516106031835
667992,0.00017780002963263541
668148,0.0003030722145922482
668304,0.0012644187081605196
668460,0.0019913443829864264
668616,0.00015451178478542715
668772,0.0007398694870062172
668928,0.0002738305483944714
669084,9.825332381296903e-05
669240,0.00041859757038764656
669396,0.0009491357486695051
669552,0.000742676667869091
669708,0.001011992571875453
669864,0.0016090419376268983
670020,0.01501042302697897
670176,0.0011165955802425742
670332,0.00038896899786777794
670488,0.0005748198018409312
670644,0.0001496112090535462
670800,0.01392427273094654
670956,0.0005451825563795865
671112,0.0001740104053169489
671268,0.0015499964356422424
671424,0.0023754213470965624
671580,0.0004624356224667281
671736,0.00010237022070214152
671892,0.0008412230527028441
672048,0.0018833143403753638
672204,0.004442339763045311
672360,0.00027147046057507396
672516,0.0006462108576670289
672672,0.00034306797897443175
672828,0.0017663813196122646
672984,0.00015571675612591207
673140,8.062351844273508e-05
673296,7.154772902140394e-05
673452,0.0003596252645365894
673608,0.0001389323442708701
673764,0.00018154944700654596
673920,0.00016427776427008212
674076,0.0033132147509604692
674232,0.0002090536872856319
674388,0.0008960571722127497
674544,0.0012499531731009483
674700,0.0001466985559090972
674856,0.010002905502915382
675012,0.010294152423739433
675168,0.0002226097567472607
675324,0.003580879420042038
675480,0.0008835023618303239
675636,0.0004599961102940142
675792,0.0001868112594820559
675948,0.002861432731151581
676104,0.03799835219979286
676260,0.010901270434260368
676416,0.018606409430503845
676572,0.0008350299904122949
676728,0.0003278545627836138
676884,0.007959545589983463
677040,0.00034608005080372095
677196,0.0010779360309243202
677352,0.0208892822265625
677508,0.00486452691257
677664,0.0002473015047144145
677820,0.0001656885287957266
677976,0.0011594942770898342
678132,0.0007989152800291777
678288,9.219644562108442e-05
678444,0.0005645625060424209
678600,0.0012911317171528935
678756,0.0009436130640096962
678912,0.00020973436767235398
679068,0.00032734143314883113
679224,0.000414521258790046
679380,0.005556010641157627
679536,0.007308564148843288
679692,0.012616902589797974
679848,0.004713950678706169
680004,0.01787509210407734
680160,0.0006891560042276978
680316,0.011816584505140781
680472,0.0061607579700648785
680628,0.026003997772932053
680784,0.0003731565666384995
680940,0.0016551641747355461
681096,0.011594058945775032
681252,0.00018891709623858333
681408,0.012374963611364365
681564,8.385780529351905e-05
681720,0.0001841553603298962
681876,0.00015446983161382377
682032,0.00234646606259048
682188,0.00017727274098433554
682344,0.00022688909666612744
682500,0.0035133289638906717
682656,0.0009940809104591608
682812,0.0023638037964701653
682968,0.014362973161041737
683124,0.003705448703840375
683280,0.004814123269170523
683436,0.0004538683278951794
683592,0.0011072212364524603
683748,0.0019585471600294113
683904,0.0078093502670526505
684060,0.0001589423045516014
684216,0.00018824057769961655
684372,0.00017030609888024628
684528,0.00019707510364241898
684684,0.0005244914209470153
684840,0.015606267377734184
684996,0.010106757283210754
685152,0.0060087768360972404
685308,0.0006145437946543097
685464,0.0003407769836485386
685620,0.00045128888450562954
685776,0.012472561560571194
685932,0.0011077909730374813
686088,0.0005689456593245268
686244,0.00452064722776413
686400,0.0024176400620490313
686556,0.00014994616503827274
686712,0.0004614564240910113
686868,0.007144937291741371
687024,0.0001937983906827867
687180,0.00015653835725970566
687336,0.0047523342072963715
687492,0.023900188505649567
687648,0.0337904654443264
687804,0.00010503751400392503
687960,0.0002520376583561301
688116,0.0017271159449592233
688272,0.0001729540090309456
688428,0.0008526784367859364
688584,0.0018721171654760838
688740,0.033524040132761
688896,0.0002446453436277807
689052,0.0004247215110808611
689208,0.00024075733381323516
689364,0.009075118228793144
689520,7.009908586042002e-05
689676,0.0002462247502990067
689832,6.223145464900881e-05
689988,0.0001707247574813664
690144,0.00016567512648180127
690300,0.0012182502541691065
690456,0.0008179371361620724
690612,0.0004596317885443568
690768,3.0328114007716067e-05
690924,1.7870968804345466e-05
691080,0.0014058160595595837
691236,0.0003097152221016586
691392,0.005657255183905363
691548,0.0004015602171421051
691704,0.00025278498651459813
691860,0.012109835632145405
692016,0.012787474319338799
692172,0.01587488502264023
692328,0.0361638218164444
692484,0.011064639315009117
692640,0.0005177779239602387
692796,0.0003531718975864351
692952,0.0022497782483696938
693108,0.021224617958068848
693264,0.01299900934100151
693420,0.0006313214544206858
693576,0.00034828612115234137
693732,0.0009248125134035945
693888,0.004798461217433214
694044,0.01531638577580452
694200,0.0024375233333557844
694356,0.0008267731755040586
694512,0.0026191642973572016
694668,0.007922560907900333
694824,0.00019162427634000778
694980,0.00213254033587873
695136,0.0012003072770312428
695292,0.016768068075180054
695448,0.0001790765963960439
695604,5.183260509511456e-05
695760,6.369974289555103e-05
695916,3.777765959966928e-05
696072,0.00014006187848281115
696228,8.66525006131269e-05
696384,0.00013253296492621303
696540,0.00019344929023645818
696696,0.01397454459220171
696852,0.025171475484967232
697008,0.015153145417571068
697164,0.0019363899482414126
697320,0.04546147584915161
697476,0.02363261952996254
697632,0.020124003291130066
697788,0.0004824640927836299
697944,0.009675470180809498
698100,9.307382424594834e-05
698256,0.000685802660882473
698412,0.0005109520861878991
698568,0.0001491182338213548
698724,0.013456757180392742
698880,0.00041374523425474763
699036,0.0005329944542609155
699192,0.007097373716533184
699348,0.00025640346575528383
699504,8.409212023252621e-05
699660,0.0034973276779055595
699816,0.00021136453142389655
699972,0.00019300244457554072
700128,0.010004965588450432
700284,0.0022878439631313086
700440,0.00011179057764820755
700596,0.01292933989316225
700752,0.0001021005300572142
700908,0.00013475028390530497
701064,0.0008331977296620607
701220,0.0072413841262459755
701376,0.014317602850496769
701532,0.0006404315354302526
701688,0.000207240940653719
701844,0.00047365762293338776
702000,0.009920273907482624
702156,0.0010478368494659662
702312,0.026291077956557274
702468,0.030897345393896103
702624,0.0005520764971151948
702780,0.002767843659967184
702936,0.002475162735208869
703092,0.0006037810235284269
703248,0.0009689264697954059
703404,0.01787087507545948
703560,0.00020660500740632415
703716,0.0002591643715277314
703872,0.0003469233924988657
704028,0.0002840164816007018
704184,0.00034232891630381346
704340,0.00251598353497684
704496,0.0002593675162643194
704652,0.004662065766751766
704808,0.0024747992865741253
704964,0.0001759086735546589
705120,0.00015502584574278444
705276,0.0002574659010861069
705432,0.00013060604396741837
705588,0.0020825848914682865
705744,0.00025034346617758274
705900,0.013577673584222794
706056,0.0001672081125434488
706212,0.00018771101895254105
706368,0.0070898509584367275
706524,0.0006714719347655773
706680,0.00021863498841412365
706836,0.011091471649706364
706992,7.925563841126859e-05
707148,0.012931467033922672
707304,0.0008430099114775658
707460,0.004268320742994547
707616,0.028981227427721024
707772,0.012380710802972317
707928,0.011259905993938446
708084,0.0007090947474353015
708240,5.2058559958823025e-05
708396,0.002402953803539276
708552,0.0016860527684912086
708708,0.00027353354380466044
708864,0.0006656254990957677
709020,0.0011971152853220701
709176,0.0006779745453968644
709332,0.00020734062127303332
709488,0.00011876410280819982
709644,5.869523374713026e-05
709800,0.013803466223180294
709956,0.0011502817505970597
710112,0.0064444774761796
710268,6.278292130446061e-05
710424,0.0003463367174845189
710580,0.003932563588023186
710736,0.00018515530973672867
710892,0.0005498543614521623
711048,6.014898099238053e-05
711204,8.580569556215778e-05
711360,0.0001753278193064034
711516,0.00030118622817099094
711672,0.01548565924167633
711828,0.026375900954008102
711984,0.002118408679962158
712140,0.0009249973227269948
712296,0.0007582063553854823
712452,0.014410535804927349
712608,0.0004584206035360694
712764,0.0005326839163899422
712920,0.0074306088499724865
713076,0.0006239950889721513
713232,0.00024814967764541507
713388,0.00025193908368237317
713544,0.01700076088309288
713700,0.00014082546113058925
713856,0.0019836414139717817
714012,0.0002397890348220244
714168,0.018859967589378357
714324,0.012462858110666275
714480,0.009203006513416767
714636,0.00021308090072125196
714792,0.0002705944061744958
714948,0.0002623671025503427
715104,0.00016729494382161647
715260,6.797102105338126e-05
715416,0.00012496400449890643
715572,6.012939411448315e-05
715728,7.452101272065192e-05
715884,0.00224624527618289
716040,0.0038298836443573236
716196,0.00031608386780135334
716352,0.0029799016192555428
716508,0.005654085427522659
716664,0.01612635888159275
716820,0.009471635334193707
716976,0.0016087531112134457
717132,0.00018617763998918235
717288,0.01072907168418169
717444,0.0025108028203248978
717600,0.03151552006602287
717756,0.0032561346888542175
717912,0.0020472421310842037
718068,0.0004591053584590554
718224,0.0022907089442014694
718380,0.0009810938499867916
718536,0.00025905465008690953
718692,0.00019752568914555013
718848,0.00026027587591670454
719004,0.00017149656196124852
719160,0.00017328766989521682
719316,0.0001640877453610301
719472,0.0003270823508501053
719628,0.0003322166739962995
719784,0.0013873038114979863
719940,0.0006349128088913858
720096,0.0002570737269707024
720252,0.0007672749925404787
720408,0.0004020710475742817
720564,0.00014922197442501783
720720,0.0003320261894259602
720876,0.00037898760638199747
721032,0.026958150789141655
721188,0.00030133157270029187
721344,0.0012650522403419018
721500,0.00032670825021341443
721656,0.0006111377151682973
721812,0.0003320554969832301
721968,0.00010951851436402649
722124,0.0003996250743512064
722280,0.00021886501053813845
722436,0.00023419084027409554
722592,8.273706771433353e-05
722748,8.261809853138402e-05
722904,9.253433381672949e-05
723060,0.000803125265520066
723216,0.007113288156688213
723372,0.0002753450535237789
723528,0.00035094161285087466
723684,0.0002903337590396404
723840,0.0015827278839424253
723996,0.00020146710448898375
724152,8.930462354328483e-05
724308,7.35897192498669e-05
724464,0.007715409155935049
724620,0.031473640352487564
724776,0.00013298164412844926
724932,0.0005792618030682206
725088,0.0005342759541235864
725244,0.0003972065751440823
725400,0.0013589285081252456
725556,0.01339372992515564
725712,0.011292998678982258
725868,0.0009000000427477062
726024,0.002869883319362998
726180,0.00023466284619644284
726336,0.00029775709845125675
726492,0.0017087089363485575
726648,0.00019946858810726553
726804,0.0005604717880487442
726960,0.0004989737644791603
727116,0.002152166562154889
727272,0.00032218830892816186
727428,0.00015878293197602034
727584,0.00028037038282491267
727740,0.00033655669540166855
727896,0.001260292367078364
728052,0.00031319831032305956
728208,0.00033611987601034343
728364,0.03175252303481102
728520,0.0017082835547626019
728676,0.0006452701636590064
728832,0.0001380591420456767
728988,8.2555809058249e-05
729144,0.00020719628082588315
729300,4.06367689720355e-05
729456,6.267399294301867e-05
729612,3.9994720282265916e-05
729768,0.03371437266469002
729924,0.005694159306585789
730080,0.0018629033584147692
730236,0.00551855843514204
730392,0.00014604206080548465
730548,0.0003103474446106702
730704,0.00013357505667954683
730860,0.00047288331552408636
731016,0.020952779799699783
731172,0.0002838635991793126
731328,0.0005702690104953945
731484,0.0011724710930138826
731640,0.00037427115603350103
731796,0.006113601848483086
731952,0.0010609921300783753
732108,0.004411789122968912
732264,0.0038745112251490355
732420,0.0005971352220512927
732576,0.00019584251276683062
732732,0.01211509108543396
732888,0.0005502937128767371
733044,9.465336916036904e-05
733200,0.0006834168452769518
733356,0.0009046816849149764
733512,0.000730900268536061
733668,0.014553082175552845
733824,0.030939588323235512
733980,0.02278727851808071
734136,0.0009996951557695866
734292,0.00037058009183965623
734448,0.00018179972539655864
734604,0.0007933085435070097
734760,0.008600163273513317
734916,0.003240881022065878
735072,0.027276014909148216
735228,0.00040294669452123344
735384,0.001628402853384614
735540,0.0005731084966100752
735696,0.00016781370504759252
735852,0.0012277978239580989
736008,0.004142560996115208
736164,0.0021529917139559984
736320,0.0007560031954199076
736476,0.005739117041230202
736632,0.000783907831646502
736788,0.0001034258384606801
736944,0.00016714463708922267
737100,0.0002442970289848745
737256,0.000409546191804111
737412,7.800484308972955e-05
737568,0.005093337502330542
737724,0.0006431731162592769
737880,0.0002591664670035243
738036,0.00120945752132684
738192,0.0014744007494300604
738348,0.00030637698364444077
738504,0.0025096735917031765
738660,0.001246520085260272
738816,0.0004969792207702994
738972,0.0003495776327326894
739128,0.01174117997288704
739284,0.003743912559002638
739440,0.00018375247600488365
739596,0.0004265240568201989
739752,0.00017806864343583584
739908,0.014310909435153008
740064,0.011073948815464973
740220,0.0005871655885130167
740376,0.0027724518440663815
740532,0.007506133522838354
740688,0.00965917482972145
740844,5.7097990065813065e-05
741000,0.000330437149386853
741156,5.3851577831665054e-05
741312,0.0005611359956674278
741468,0.00042900460539385676
741624,0.0004112323804292828
741780,0.006694273091852665
741936,0.00016567923012189567
742092,0.0005742485518567264
742248,0.0028444777708500624
742404,0.012217743322253227
742560,0.005263135302811861
742716,0.010017892345786095
742872,0.009149310179054737
743028,0.00024609980755485594
743184,0.00798255018889904
743340,0.00012946197239216417
743496,0.0026744897477328777
743652,9.174644947052002e-05
743808,0.0005189059302210808
743964,0.003949873149394989
744120,0.0029196967370808125
744276,0.00038637849502265453
744432,0.000515011721290648
744588,0.00010167282744077966
744744,0.00018782186089083552
744900,0.000524491595569998
745056,0.0004195159417577088
745212,0.0006580272456631064
745368,0.0003878603456541896
745524,0.00014877761714160442
745680,0.0003091034013777971
745836,0.0006863222806714475
745992,0.00046518753515556455
746148,0.015553354285657406
746304,0.00241363188251853
746460,0.001458355225622654
746616,0.03275696933269501
746772,0.0004113943432457745
746928,0.0009077016729861498
747084,0.00048655184218659997
747240,0.00043002230813726783
747396,0.0003175799211021513
747552,0.00011243271001148969
747708,8.644377521704882e-05
747864,5.210288873058744e-05
748020,5.943254291196354e-05
748176,0.000342991465004161
748332,0.0004282312875147909
748488,0.00020268766093067825
748644,0.000162225027452223
748800,0.00016442281776107848
748956,0.01370207779109478
749112,0.00018355184874963015
749268,0.007876340299844742
749424,0.0018148609669879079
749580,0.013089981861412525
749736,0.00026676960987970233
749892,0.0001253283116966486
750048,0.004696172662079334
750204,0.0005728377145715058
750360,0.00013924494851380587
750516,0.00011804147652583197
750672,0.008663423359394073
750828,0.0009612065041437745
750984,0.0002319438790436834
751140,0.00021490002109203488
751296,9.838362893788144e-05
751452,0.0008307740790769458
751608,0.00010741763981059194
751764,0.0002956698299385607
751920,0.004874422214925289
752076,9.594541188562289e-05
752232,9.801634587347507e-05
752388,0.002622894709929824
752544,0.0023136306554079056
752700,0.010793188586831093
752856,0.006815596949309111
753012,0.00044397430610843003
753168,0.0008507946040481329
753324,0.0009234307799488306
753480,0.000365951273124665
753636,0.00018476742843631655
753792,4.0730476030148566e-05
753948,0.00013851645053364336
754104,0.0006922980537638068
754260,0.0006969945970922709
754416,0.0027389759197831154
754572,0.00020690829842351377
754728,0.013360443525016308
754884,0.00036983058089390397
755040,0.00016548772691749036
755196,0.00018488260684534907
755352,0.008991941809654236
755508,0.0020508398301899433
755664,0.00018257618648931384
755820,0.00011873416951857507
755976,0.00012886473268736154
756132,0.003955035470426083
756288,0.00015353311027865857
756444,0.0005352081498131156
756600,8.047930168686435e-05
756756,0.011053944937884808
756912,0.0066900793462991714
757068,0.0030149391386657953
757224,0.009473457001149654
757380,0.00029193589580245316
757536,0.00015738351794425398
757692,0.00010525247489567846
757848,0.00012216744653414935
758004,0.0006509941886179149
758160,0.0001231277419719845
758316,0.00032412304426543415
758472,0.008463486097753048
758628,0.023957306519150734
758784,0.0011295536532998085
758940,0.0013539354549720883
759096,0.00878544244915247
759252,0.03498516604304314
759408,0.0005962710711173713
759564,0.03567061200737953
759720,0.00040579214692115784
759876,0.0008007181459106505
760032,0.0012995294528082013
760188,6.354207289405167e-05
760344,0.023255767300724983
760500,4.437870666151866e-05
760656,0.0005484237335622311
760812,0.000689260836225003
760968,0.00011586219625314698
761124,6.905703048687428e-05
761280,0.003434000536799431
761436,0.0018518464639782906
761592,0.00012274764594621956
761748,0.03169739246368408
761904,0.0004352520336396992
762060,0.00014742263010703027
762216,0.00041565578430891037
762372,0.02008415199816227
762528,0.034661632031202316
762684,8.532772335456684e-05
762840,0.0014395816251635551
762996,0.00010527925041969866
763152,0.0013220447581261396
763308,0.0023427794221788645
763464,0.0005147389601916075
763620,0.013743540272116661
763776,0.0003304106357973069
763932,0.00016028793470468372
764088,0.003988714423030615
764244,0.033315666019916534
764400,0.023697486147284508
764556,0.0015184625517576933
764712,0.0011848809663206339
764868,0.0014580318238586187
765024,0.0003091855614911765
765180,0.0035296063870191574
765336,0.00033338461071252823
765492,0.002751521300524473
765648,0.014512285590171814
765804,0.006669881287962198
765960,0.000550301163457334
766116,0.0017534929793328047
766272,0.0019485967932268977
766428,0.002822082256898284
766584,0.011113951914012432
766740,0.007726181298494339
766896,0.0023379113990813494
767052,0.0010695563396438956
767208,0.0001336427085334435
767364,0.002349106129258871
767520,0.00014550391642842442
767676,0.0002279096224810928
767832,0.004891272634267807
767988,0.014072702266275883
768144,0.0021715033799409866
768300,0.00010677425598260015
768456,0.00011164020543219522
768612,0.00031966183451004326
768768,0.00012986091314814985
768924,8.818370406515896e-05
769080,0.00020016878261230886
769236,0.0530746765434742
769392,0.0005366092082113028
769548,0.0005171779775992036
769704,0.00011424320109654218
769860,0.007643437013030052
770016,0.007171959616243839
770172,0.0001824806968215853
770328,0.0004393164999783039
770484,0.0004883111105300486
770640,0.00047724973410367966
770796,0.01660289242863655
770952,0.04104973003268242
771108,0.00215555215254426
771264,0.014967191964387894
771420,0.0008684571366757154
771576,0.001126379705965519
771732,0.0019249378237873316
771888,0.00031760314595885575
772044,0.0012278531212359667
772200,0.001562352990731597
772356,0.00018206838285550475
772512,0.00011292676208540797
772668,0.000310204311972484
772824,0.00029422208899632096
772980,0.017311880365014076
773136,0.000559166306629777
773292,0.00039110635407269
773448,0.002481707138940692
773604,0.0004077446064911783
773760,0.00034213613253086805
773916,0.00014985428424552083
774072,0.0002323360095033422
774228,6.323457637336105e-05
774384,0.0008431134046986699
774540,0.00019978370983153582
774696,0.0002676918520592153
774852,0.00012716930359601974
775008,7.070663559716195e-05
775164,6.82611862430349e-05
775320,9.853148367255926e-05
775476,4.8384976253146306e-05
775632,7.14731213520281e-05
775788,0.0002385904808761552
775944,0.00032688805367797613
776100,0.0002494376967661083
776256,0.0027290552388876677
776412,9.23305778997019e-05
776568,0.0010628355666995049
776724,0.0018398490501567721
776880,0.00672246515750885
777036,0.002339988946914673
777192,0.0010016284650191665
777348,0.0006093892734497786
777504,0.0004475303867366165
777660,0.0008002700051292777
777816,0.003993718884885311
777972,0.0007570125162601471
778128,0.004786388948559761
778284,0.0011662847828119993
778440,0.011116145178675652
778596,0.003672325285151601
778752,0.000247903517447412
778908,0.0007439858163706958
779064,0.00019617655198089778
779220,0.00013656954979524016
779376,0.0002795344335027039
779532,0.0010306269396096468
779688,0.001149187795817852
779844,0.007481878623366356
780000,0.0009490083320997655
780156,0.005429225508123636
780312,0.013726155273616314
780468,0.0006083323969505727
780624,0.000421557342633605
780780,0.00013389340892899781
780936,0.00016255126683972776
781092,9.557072189636528e-05
781248,6.3913335907273e-05
781404,0.00019975662871729583
781560,0.015730462968349457
781716,0.000792202481534332
781872,0.0006383907748386264
782028,6.179531919769943e-05
782184,4.149784581386484e-05
782340,5.29187818756327e-05
782496,0.0030366983264684677
782652,0.001555476221255958
782808,0.000501554342918098
782964,0.00016993103781715035
783120,0.00011353458830853924
783276,0.002469973172992468
783432,0.002856760285794735
783588,6.632499571423978e-05
783744,8.475572394672781e-05
783900,0.0001637374225538224
784056,0.0011192229576408863
784212,0.00020242623577360064
784368,0.026176564395427704
784524,0.008349696174263954
784680,0.006404816638678312
784836,0.024313658475875854
784992,0.00977314356714487
785148,0.010251234285533428
785304,0.04652655869722366
785460,0.0005739930784329772
785616,0.00017753681458998471
785772,0.00014188660134095699
785928,0.00019289454212412238
786084,0.0007605032878927886
786240,0.006733136251568794
786396,0.002598215825855732
786552,0.010419376194477081
786708,0.0018216301687061787
786864,0.0006521270261146128
787020,0.000439269031630829
787176,0.00037002930184826255
787332,0.00021716844639740884
787488,0.00023148112813942134
787644,0.013110289350152016
787800,0.00016419461462646723
787956,0.0016028761165216565
788112,0.00021924564498476684
788268,0.006653683725744486
788424,0.00037144951056689024
788580,0.0012321542017161846
788736,0.0005117070977576077
788892,0.011195986531674862
789048,0.00011666367936413735
789204,9.246676927432418e-05
789360,4.520906804827973e-05
789516,0.012910624966025352
789672,0.019668295979499817
789828,0.0008885292918421328
789984,0.0006071480456739664
790140,0.00023150694323703647
790296,0.006181137636303902
790452,0.0007507720729336143
790608,0.000176283618202433
790764,0.0007020565099082887
790920,0.0008617151179350913
791076,0.00011176691623404622
791232,0.0002052849595202133
791388,0.00011308633838780224
791544,0.00042598904110491276
791700,0.0018760765669867396
791856,0.004802937153726816
792012,0.003356822533532977
792168,0.008090470917522907
792324,0.00017375464085489511
792480,0.0004975326592102647
792636,0.0003016886184923351
792792,0.00012468575732782483
792948,0.00011126029858132824
793104,6.157471216283739e-05
793260,0.007994088344275951
793416,0.006334853358566761
793572,0.007448782213032246
793728,0.0017541054403409362
793884,0.0017980961129069328
794040,0.00022871006513014436
794196,0.007790891919285059
794352,0.014591572806239128
794508,0.0013358632568269968
794664,0.001889245817437768
794820,0.011674915440380573
794976,0.02347283437848091
795132,0.0006287795258685946
795288,0.00040988490218296647
795444,0.0005995600949972868
795600,0.0020337174646556377
795756,0.0058128684759140015
795912,0.000589465256780386
796068,0.00019619992235675454
796224,8.696051372680813e-05
796380,0.00016168566071428359
796536,0.00019077978504355997
796692,0.005979611538350582
796848,0.0006812236388213933
797004,0.0015666133258491755
797160,0.009822837077081203
797316,0.000301402440527454
797472,0.0002815329935401678
797628,0.00020151102216914296
797784,0.00010436387674417347
797940,0.005892313085496426
798096,0.00025246074073947966
798252,0.00013567873975262046
798408,0.00012154337309766561
798564,0.0005667767254635692
798720,0.0022921692579984665
798876,0.000876198522746563
799032,0.007854411378502846
799188,0.0003954374697059393
799344,0.007385924458503723
799500,0.009493151679635048
799656,0.004214957356452942
799812,0.0018752767937257886
799968,0.0031236272770911455
800124,0.0006675816839560866
800280,0.00011023970728274435
800436,0.0015917560085654259
800592,0.00033900976995937526
800748,0.00034938304452225566
800904,0.0002066544402623549
801060,0.0003316267975606024
801216,0.0003258360375184566
801372,0.0015381097327917814
801528,0.003220342332497239
801684,0.003235171316191554
801840,0.002209130674600601
801996,0.00025341782020404935
802152,0.004895756021142006
802308,0.0023830682039260864
802464,0.00040403835009783506
802620,0.00021023873705416918
802776,0.0005698909517377615
802932,0.0002058105601463467
803088,0.00451676594093442
803244,0.000665104016661644
803400,0.0002577192790340632
803556,0.0002452631888445467
803712,0.00015691976295784116
803868,0.00021084278705529869
804024,0.0017706177895888686
804180,0.0004247712786309421
804336,5.022141704102978e-05
804492,0.00015927429194562137
804648,0.002751757623627782
804804,0.020559074357151985
804960,0.0007690539350733161
805116,0.0013773099053651094
805272,0.020858433097600937
805428,0.0029519381932914257
805584,0.010385669767856598
805740,0.001567919971421361
805896,0.0022528001572936773
806052,0.020293397828936577
806208,0.0001485810207668692
806364,0.002551012672483921
806520,9.486760245636106e-05
806676,0.0002619914594106376
806832,0.005799436010420322
806988,0.0013134812470525503
807144,0.0026010205037891865
807300,0.005060384515672922
807456,0.008230206556618214
807612,0.0002609148505143821
807768,0.00032099508098326623
807924,9.060362208401784e-05
808080,0.0003191698924638331
808236,0.011694060638546944
808392,0.005795609671622515
808548,0.0017294172430410981
808704,0.00037541426718235016
808860,0.0003004857280757278
809016,0.00025164359249174595
809172,0.00015478506975341588
809328,0.00010914168524323031
809484,0.00041512103052809834
809640,0.01060811709612608
809796,0.016306651756167412
809952,0.000607868074439466
810108,0.000285400019492954
810264,0.0004001218476332724
810420,0.00031776103423908353
810576,0.0001400671899318695
810732,0.0005644303164444864
810888,0.006140786688774824
811044,0.001113710692152381
811200,0.0012519381707534194
811356,0.003262888640165329
811512,0.001147906994447112
811668,0.0014070053584873676
811824,0.00018738157814368606
811980,0.00028192216996103525
812136,0.0002019943349296227
812292,0.0005994013627059758
812448,0.02021397463977337
812604,0.007304822094738483
812760,0.000476520654046908
812916,0.001598505536094308
813072,0.002957406686618924
813228,0.005720984190702438
813384,0.015179529786109924
813540,0.012651830911636353
813696,0.04517129808664322
813852,0.0002628448710311204
814008,0.0002756858884822577
814164,5.5805296142352745e-05
814320,4.501648436416872e-05
814476,0.0010422351770102978
814632,0.0006481404416263103
814788,0.0001368720841128379
814944,5.892663466511294e-05
815100,6.953020783839747e-05
815256,3.709985321620479e-05
815412,5.262049307930283e-05
815568,8.395704935537651e-05
815724,9.60329343797639e-05
815880,0.0034766450989991426
816036,0.0001410796248819679
816192,0.00012167409295216203
816348,0.002497730776667595
816504,0.0003535657888278365
816660,0.0007997344364412129
816816,0.024827124550938606
816972,0.006169571541249752
817128,0.0007290439680218697
817284,0.00013170989404898137
817440,0.0003430585202295333
817596,0.0013991048326715827
817752,0.0022618058137595654
817908,0.00034743818105198443
818064,0.002159447642043233
818220,0.0007086811237968504
818376,9.091914398595691e-05
818532,0.00043800455750897527
818688,0.006853919476270676
818844,0.0009091298561543226
819000,0.0007583875558339059
819156,0.01070336438715458
819312,0.00016982175293378532
819468,0.0009751473553478718
819624,0.013027067296206951
819780,0.0007184300338849425
819936,0.0007464425871148705
820092,0.011509694159030914
820248,0.01433782372623682
820404,0.0003528365050442517
820560,0.0003161147760692984
820716,0.0015826314920559525
820872,0.015293638221919537
821028,0.0008896093931980431
821184,0.0006095612188801169
821340,0.0009105703793466091
821496,0.001824493519961834
821652,6.275296618696302e-05
821808,0.0001748280192259699
821964,0.00017253203259315342
822120,0.0001296107075177133
822276,5.908685488975607e-05
822432,5.911314656259492e-05
822588,6.772968481527641e-05
822744,8.464368875138462e-05
822900,8.499065006617457e-05
823056,7.434727740474045e-05
823212,0.0002983215672429651
823368,7.574023766210303e-05
823524,0.0001644458097871393
823680,0.00015348935266956687
823836,0.0006025910843163729
823992,0.0005699762841686606
824148,0.0003708949370775372
824304,0.0001466466928832233
824460,0.006029353477060795
824616,0.00041821342892944813
824772,0.0010642014676705003
824928,0.0003157887840643525
825084,0.000543321599252522
825240,0.00032195792300626636
825396,0.0015863628359511495
825552,0.014711777679622173
825708,0.0002353331947233528
825864,0.008690845221281052
826020,5.41996669198852e-05
826176,0.013033043593168259
826332,0.0001257036637980491
826488,0.00020741527259815484
826644,0.0001710782671580091
826800,0.01385655626654625
826956,0.008589506149291992
827112,0.001335415174253285
827268,0.0012024177704006433
827424,0.008291327394545078
827580,0.0025293459184467793
827736,0.0005299684125930071
827892,0.02932252176105976
828048,0.00064490782096982
828204,0.00020991178462281823
828360,0.013832969591021538
828516,0.0008790264837443829
828672,0.017938267439603806
828828,0.00010502359509700909
828984,0.00010343135363655165
829140,9.268205030821264e-05
829296,0.00035441029467619956
829452,0.00028036884032189846
829608,0.0004455281887203455
829764,0.014401168562471867
829920,0.0011838795617222786
830076,0.0002900920808315277
830232,0.00011322703358018771
830388,0.005751633085310459
830544,0.014559210278093815
830700,0.0005185645422898233
830856,0.00597908953204751
831012,0.0007479487685486674
831168,0.000916249118745327
831324,0.0012714689364656806
831480,0.00031104066874831915
831636,0.0005417062784545124
831792,0.005747309885919094
831948,0.0003958543238695711
832104,0.0001157471415353939
832260,0.00011987918696831912
832416,0.011648828163743019
832572,0.000878920080140233
832728,0.00020639706053771079
832884,0.00011168098717462271
833040,0.0001788006629794836
833196,0.00019091299327556044
833352,0.0008984592277556658
833508,0.000861526292283088
833664,0.0004353387048467994
833820,0.0029151667840778828
833976,0.0005916322115808725
834132,0.0013343290193006396
834288,0.0001411245611961931
834444,0.00030219487962312996
834600,7.94481165939942e-05
834756,0.0014027426950633526
834912,0.00017624837346374989
835068,0.00011504394933581352
835224,0.009747380390763283
835380,0.00012036778934998438
835536,0.0001477413170505315
835692,0.000639065052382648
835848,0.02195706032216549
836004,0.0417783297598362
836160,0.04143599793314934
836316,0.0013718018308281898
836472,0.0003700710367411375
836628,7.446227391483262e-05
836784,2.7301983209326863e-05
836940,0.0005575699033215642
837096,0.009044398553669453
837252,0.0008360612555406988
837408,0.00015148447710089386
837564,0.0008034571656025946
837720,8.086214074864984e-05
837876,0.0007108174031600356
838032,0.00946040265262127
838188,0.0001526061532786116
838344,0.0047282506711781025
838500,0.00019308793707750738
838656,0.0012322046095505357
838812,0.01864379271864891
838968,0.0003981321642640978
839124,0.00044031429570168257
839280,0.0003933486877940595
839436,0.000548031646758318
839592,0.0011278357123956084
839748,0.0012975084828212857
839904,0.004288874566555023
840060,0.0005567980697378516
840216,0.00017847647541202605
840372,0.00011547540634637699
840528,0.0030012200586497784
840684,0.00046858860878273845
840840,0.000809359597042203
840996,0.0035696548875421286
841152,0.0012773742200806737
841308,0.004391550086438656
841464,0.00022608852304983884
841620,0.00017143067088909447
841776,0.009692338295280933
841932,0.0004512587911449373
842088,0.00047027081018313766
842244,0.0006976212025620043
842400,0.0011832751333713531
842556,0.01022141333669424
842712,0.0008027975563891232
842868,0.00014542305143550038
843024,0.00042962576844729483
843180,0.0020687321666628122
843336,0.0004314382094889879
843492,0.00014751838170923293
843648,5.003998739994131e-05
843804,0.0002822756941895932
843960,0.00750839663669467
844116,0.0001419196923961863
844272,5.624504046863876e-05
844428,0.001252710702829063
844584,0.00011787703260779381
844740,0.0008503114804625511
844896,0.008608024567365646
845052,0.00397108169272542
845208,0.001118943328037858
845364,0.0002214995474787429
845520,0.00014262339391279966
845676,0.00012301758397370577
845832,7.30180909158662e-05
845988,6.191782449604943e-05
846144,9.089171362575144e-05
846300,0.0001728795177768916
846456,9.16798016987741e-05
846612,0.00018247263506054878
846768,0.002952394774183631
846924,0.0038686408661305904
847080,0.01673501916229725
847236,0.0011528487084433436
847392,0.003084168303757906
847548,0.00018438126426190138
847704,0.0009090923704206944
847860,0.0004210753832012415
848016,0.0001823703496484086
848172,0.005962166003882885
848328,0.01978192664682865
848484,0.00027392932679504156
848640,0.00015449553029611707
848796,0.00018120204913429916
848952,0.0001861818163888529
849108,0.00014671264216303825
849264,0.003266256069764495
849420,0.00018290639854967594
849576,0.002928184811025858
849732,0.0001449255069019273
849888,0.0003205613174941391
850044,0.003779663471505046
850200,0.034623730927705765
850356,0.0005128541379235685
850512,0.0004647437308449298
850668,0.006840311922132969
850824,0.00016702103312127292
850980,0.0002274062717333436
851136,0.0027503722812980413
851292,0.000920457299798727
851448,0.002716964343562722
851604,0.0040458934381604195
851760,0.00040650321170687675
851916,0.0008795920293778181
852072,0.0002952487557195127
852228,0.00014332227874547243
852384,0.0001353769184788689
852540,0.0005812462186440825
852696,9.147038508672267e-05
852852,0.0001303051394643262
853008,0.0002826403360813856
853164,0.0009276382625102997
853320,0.00022565934341400862
853476,0.0007840477046556771
853632,0.0024413627106696367
853788,0.002285749651491642
853944,0.002011803211644292
854100,0.00026187009643763304
854256,0.000625473097898066
854412,0.003225863678380847
854568,0.0026269396767020226
854724,0.03167043626308441
854880,0.00013090560969430953
855036,0.0009587019449099898
855192,0.0002879786188714206
855348,0.0049823918379843235
855504,0.000980840646661818
855660,0.000350741931470111
855816,0.0001002616627374664
855972,0.0019477345049381256
856128,0.0002476195804774761
856284,0.0029200497083365917
856440,0.00016924881492741406
856596,0.0005774846067652106
856752,0.0010857710149139166
856908,0.0009120635222643614
857064,0.0022190683521330357
857220,0.0003071787941735238
857376,0.0002446599246468395
857532,0.0026741446927189827
857688,0.00033489562338218093
857844,0.00014742171333637089
858000,0.0008143022423610091
858156,0.0007938366034068167
858312,0.00019616875215433538
858468,0.00012928438081871718
858624,0.00015245916438288987
858780,0.00029614847153425217
858936,0.0007477118051610887
859092,0.0056364708580076694
859248,0.0028389915823936462
859404,0.0005206044297665358
859560,0.00020746754307765514
859716,0.0007881672354415059
859872,0.0006654080934822559
860028,0.0006037934217602015
860184,0.00016905753000173718
860340,0.002838888904079795
860496,0.00023594779486302286
860652,0.0005362422671169043
860808,0.0020648303907364607
860964,0.00019138387870043516
861120,0.02462645433843136
861276,0.0018063855823129416
861432,0.0006536430446431041
861588,0.011266659945249557
861744,0.0004477024485822767
861900,0.00024354203196708113
862056,0.031830597668886185
862212,0.0018904191674664617
862368,0.00029146805172786117
862524,0.00574618112295866
862680,0.0001752810931066051
862836,0.006819629576057196
862992,0.00011446688586147502
863148,0.007132397964596748
863304,9.211142605636269e-05
863460,0.0006237144116312265
863616,0.00018616097804624587
863772,0.006373328622430563
863928,0.0006247545243240893
864084,0.020319819450378418
864240,0.003079385729506612
864396,0.015115069225430489
864552,0.001690155011601746
864708,0.00033652863930910826
864864,0.0011507474118843675
865020,0.0031270598992705345
865176,0.0034105682279914618
865332,0.0004860222979914397
865488,0.0003180345520377159
865644,0.00018900605209637433
865800,0.000251726305577904
865956,0.0006540532922372222
866112,0.0004653606447391212
866268,0.002800282556563616
866424,0.0003823820152319968
866580,0.023632051423192024
866736,0.0007834984571672976
866892,8.068876923061907e-05
867048,0.00019700008851941675
867204,9.308173321187496e-05
867360,0.004209254868328571
867516,0.0008288872777484357
867672,0.0019802949391305447
867828,0.002776476787403226
867984,0.0003733073244802654
868140,0.00024028436746448278
868296,0.011138396337628365
868452,0.004129699431359768
868608,0.009499575011432171
868764,0.004111367277801037
868920,0.00015285368135664612
869076,0.00027340237284079194
869232,0.000322847772622481
869388,0.00012830700143240392
869544,0.0004578649823088199
869700,0.00018081851885654032
869856,0.00014423506218008697
870012,0.01668103225529194
870168,0.000232611782848835
870324,0.0014759685145691037
870480,0.002672213362529874
870636,0.0010722614824771881
870792,0.002079831203445792
870948,0.001029911101795733
871104,0.012981160543859005
871260,0.018005892634391785
871416,0.003093625418841839
871572,0.0002362893137615174
871728,0.0022166012786328793
871884,0.007159037981182337
872040,0.000500137684866786
872196,0.0028706167358905077
872352,0.000145219819387421
872508,9.500446321908385e-05
872664,0.00018478806305211037
872820,0.002213410334661603
872976,9.925331687554717e-05
873132,0.000518799526616931
873288,0.0019947956316173077
873444,0.0009124490898102522
873600,0.001173709286376834
873756,0.012402578257024288
873912,0.0018796117510646582
874068,0.0004837724263779819
874224,0.0001460043276892975
874380,0.0001670053752604872
874536,0.0001632120693102479
874692,0.00012230416177771986
874848,0.00017883750842884183
875004,0.007745848502963781
875160,0.006095892284065485
875316,0.008202034048736095
875472,0.00013567515998147428
875628,0.024843961000442505
875784,0.0006048829527571797
875940,0.0015987022779881954
876096,0.00012344407150521874
876252,0.00014519071555696428
876408,0.0009451643563807011
876564,0.00029698366415686905
876720,0.00010136881610378623
876876,0.00014864758122712374
877032,0.0001185203727800399
877188,0.0002604957844596356
877344,0.00017718641902320087
877500,0.00015966338105499744
877656,0.0008145178435370326
877812,0.0016753911040723324
877968,0.0002106217434629798
878124,0.00012849681661464274
878280,0.00019451152184046805
878436,0.00014742468192707747
878592,0.00046141492202878
878748,0.001707317540422082
878904,0.013165503740310669
879060,0.0012979628518223763
879216,0.014546466991305351
879372,9.685368422651663e-05
879528,0.006491467356681824
879684,0.00024184721405617893
879840,0.0004533088649623096
879996,0.0001606674341019243
880152,0.0005370980361476541
880308,0.00026210537180304527
880464,0.00031299737747758627
880620,0.00010109851427841932
880776,0.02302592620253563
880932,0.005762249231338501
881088,0.0038784004282206297
881244,0.001009133062325418
881400,0.0024686395190656185
881556,0.00016546226106584072
881712,0.0003270985616836697
881868,0.0001680942950770259
882024,0.0003582396893762052
882180,0.0019284875597804785
882336,0.00025814969558268785
882492,0.0005047519225627184
882648,0.010705387219786644
882804,0.0004886771785095334
882960,0.0018877621041610837
883116,7.249317422974855e-05
883272,0.01384893711656332
883428,0.00036889954935759306
883584,0.016285622492432594
883740,0.00014126108726486564
883896,0.0013291750801727176
884052,0.0002804590330924839
884208,9.461154695600271e-05
884364,0.014824120327830315
884520,0.009315399453043938
884676,0.005615995265543461
884832,0.03203284367918968
884988,0.0004240106209181249
885144,0.00015798481763340533
885300,0.0002957140386570245
885456,0.00014610619109589607
885612,0.0002621137537062168
885768,9.263895481126383e-05
885924,0.00010013282008003443
886080,0.0009289447334595025
886236,0.0024153064005076885
886392,0.00024284704704768956
886548,0.00019609274750109762
886704,0.0003038432914763689
886860,0.00021452023065648973
887016,0.000539786065928638
887172,0.020519688725471497
887328,0.0267848651856184
887484,0.01294623501598835
887640,0.00028267584275454283
887796,0.03333880752325058
887952,0.0005274955765344203
888108,0.00016585139383096248
888264,0.00011984847515122965
888420,9.236384357791394e-05
888576,0.001266972511075437
888732,0.0032238776329904795
888888,0.0002618481812532991
889044,9.535283606965095e-05
889200,0.013828557915985584
889356,4.583871123031713e-05
889512,0.000197806948563084
889668,0.0028018171433359385
889824,0.00018576206639409065
889980,9.545213833916932e-05
890136,0.0005006531719118357
890292,0.019794005900621414
890448,0.01329834945499897
890604,0.001204620348289609
890760,0.002192415064200759
890916,0.0002137386181857437
891072,0.0013946467079222202
891228,0.0008254782296717167
891384,0.0002026854344876483
891540,0.006029048934578896
891696,0.00044169172178953886
891852,0.0009965170174837112
892008,0.00034426641650497913
892164,0.00022363629250321537
892320,0.004401867743581533
892476,0.0005182761233299971
892632,0.00019587224232964218
892788,0.00018659101624507457
892944,0.00010838119487743825
893100,9.058709838427603e-05
893256,0.0001557982322992757
893412,0.00011650424858089536
893568,7.649771578144282e-05
893724,4.893685400020331e-05
893880,0.0015969658270478249
894036,0.00016770795627962798
894192,6.341195694403723e-05
894348,9.13478434085846e-05
894504,0.00018817660748027265
894660,0.008084488101303577
894816,0.031538330018520355
894972,0.00021697362535633147
895128,0.022275801748037338
895284,0.0022956421598792076
895440,0.0028841537423431873
895596,0.00015171214181464165
895752,0.0010852915002033114
895908,0.00024766192655079067
896064,0.0010365627240389585
896220,0.00021672403090633452
896376,0.000413132191170007
896532,0.006677787750959396
896688,0.003317064605653286
896844,0.00031568072154186666
897000,0.00036355742486193776
897156,0.0001273590896744281
897312,0.00023824902018532157
897468,0.00026602737489156425
897624,0.019565744325518608
897780,0.0019155716290697455
897936,0.00017578239203430712
898092,0.0027785373385995626
898248,0.00029542786069214344
898404,0.017790235579013824
898560,0.035525426268577576
898716,0.010528101585805416
898872,0.00895465724170208
899028,0.0003086537471972406
899184,0.00012011537910439074
899340,0.00045891059562563896
899496,0.000592827214859426
899652,0.00025781153817661107
899808,0.009279430843889713
899964,0.000277969753369689
900120,0.006541333626955748
900276,0.0005080231931060553
900432,0.0004021103959530592
900588,0.002274768427014351
900744,0.006127140950411558
900900,0.027314653620123863
901056,0.0011439886875450611
901212,0.00036263567744754255
901368,0.00016536694602109492
901524,0.0027346897404640913
901680,0.00011311516573186964
901836,0.00015133025590330362
901992,0.0001660957932472229
902148,0.0003120409674011171
902304,0.014956877566874027
902460,0.00039487762842327356
902616,0.00015202979557216167
902772,0.001640931237488985
902928,0.00029682315653190017
903084,0.0040784976445138454
903240,0.00024533289251849055
903396,0.0012590403202921152
903552,0.007074691820889711
903708,0.00221177632920444
903864,0.008352246135473251
904020,0.0015324861742556095
904176,0.0008720601908862591
904332,0.0004840243491344154
904488,0.013995574787259102
904644,0.014012083411216736
904800,0.01681600511074066
904956,0.00017809116980060935
905112,0.002044241176918149
905268,5.337935726856813e-05
905424,0.0001107183561543934
905580,5.412182508734986e-05
905736,0.01316407136619091
905892,0.0001099527653423138
906048,0.0059185940772295
906204,5.1306706154718995e-05
906360,8.661970787215978e-05
906516,0.00019650196190923452
906672,0.00031374162063002586
906828,0.00033647968666628003
906984,6.791278428863734e-05
907140,0.018427804112434387
907296,0.013664803467690945
907452,0.003469284391030669
907608,0.0009013745002448559
907764,0.00018983603513333946
907920,0.0002441504620946944
908076,0.00011481990804895759
908232,0.00013797677820548415
908388,8.063986751949415e-05
908544,0.0030585925560444593
908700,0.007137584965676069
908856,0.0002223714254796505
909012,0.00010003610805142671
909168,9.921472519636154e-05
909324,0.0001909312850330025
909480,0.0002411458845017478
909636,0.0085753183811903
909792,0.01857389509677887
909948,0.0004488931444939226
910104,0.0003781607956625521
910260,0.00246275938116014
910416,0.0019699158146977425
910572,0.0008747329120524228
910728,0.006182282231748104
910884,0.010903075337409973
911040,0.00697943614795804
911196,0.0002770855207927525
911352,0.00016927020624279976
911508,0.00021693648886866868
911664,6.864634633529931e-05
911820,2.8685297365882434e-05
911976,0.00011820370855275542
912132,0.0005138876149430871
912288,0.00018658161570783705
912444,6.770102481823415e-05
912600,7.361047755694017e-05
912756,2.3024496840662323e-05
912912,0.00029384338995441794
913068,0.00022388645447790623
913224,0.00030839446117170155
913380,0.0033322807867079973
913536,0.024040479212999344
913692,7.981083763297647e-05
913848,0.025417517870664597
914004,0.008269023150205612
914160,0.009380944073200226
914316,0.00020571544882841408
914472,0.00017364209634251893
914628,0.0001813575509004295
914784,0.0072255521081388
914940,0.0018083455506712198
915096,0.0008054887293837965
915252,0.0004640223633032292
915408,0.00030541254091076553
915564,0.000761052593588829
915720,0.00015188221004791558
915876,0.00011353843729011714
916032,0.0069589680060744286
916188,0.001268224441446364
916344,0.00020104926079511642
916500,0.0007575983763672411
916656,0.013466174714267254
916812,0.00014307658420875669
916968,0.00015305331908166409
917124,0.0004502920201048255
917280,0.0014640470035374165
917436,0.00031120498897507787
917592,0.00016231050540227443
917748,0.0004333457036409527
917904,0.039226233959198
918060,0.0002329247654415667
918216,0.0006241087103262544
918372,7.71057020756416e-05
918528,0.0008292737766169012
918684,0.00944436714053154
918840,0.0031337039545178413
918996,0.0012474358081817627
919152,0.0004304884932935238
919308,0.004684980493038893
919464,0.00011484368587844074
919620,0.0003112297272309661
919776,0.012865839526057243
919932,0.0002912899071816355
920088,0.01142553985118866
920244,0.0004068525740876794
920400,0.030744072049856186
920556,0.007536717690527439
920712,0.0006437241681851447
920868,0.00028281600680202246
921024,0.005679912865161896
921180,0.0001968909054994583
921336,5.859712837263942e-05
921492,5.368401616578922e-05
921648,0.0004366428474895656
921804,0.00021756000933237374
921960,0.00028168089920654893
922116,0.00042187556391581893
922272,0.00020148510520812124
922428,0.0002478912938386202
922584,0.000287181930616498
922740,0.0002027668379014358
922896,0.0003048425423912704
923052,0.0017907829023897648
923208,0.0007716591935604811
923364,0.006971797905862331
923520,0.0015036684926599264
923676,0.02013028971850872
923832,0.00032731908140704036
923988,0.0019458596361801028
924144,0.00016415595018770546
924300,0.0001323720207437873
924456,7.183632988017052e-05
924612,0.000509772333316505
924768,0.0006088195368647575
924924,0.001029484672471881
925080,0.00016236607916653156
925236,0.0005228542722761631
925392,0.00040855162660591304
925548,0.0001326487399637699
925704,8.475425420328975e-05
925860,6.795805529691279e-05
926016,5.689467070624232e-05
926172,4.2711217247415334e-05
926328,0.0001052668085321784
926484,0.0006684773834422231
926640,0.00010986014240188524
926796,0.006294723134487867
926952,0.00023760645126458257
927108,0.01152824703603983
927264,0.00011114848894067109
927420,0.00047791117685846984
927576,0.000402175763156265
927732,0.0005584251484833658
927888,0.00023651961237192154
928044,0.00037479616003111005
928200,0.0003506994398776442
928356,0.0004016915336251259
928512,0.0002832297468557954
928668,0.002433285117149353
928824,0.020928604528307915
928980,0.006372352596372366
929136,0.01142848189920187
929292,0.0007527722627855837
929448,0.0002784708049148321
929604,0.00016676077211741358
929760,0.0003794580406975001
929916,0.009710127487778664
930072,0.0004516896151471883
930228,0.0014429772272706032
930384,0.0039029002655297518
930540,0.0004317332641221583
930696,0.0002795088803395629
930852,0.0004489741113502532
931008,0.012824295088648796
931164,0.00437577860429883
931320,0.0005942619172856212
931476,0.0007619665702804923
931632,0.011369013227522373
931788,0.00024592006229795516
931944,0.0034517385065555573
932100,8.398209320148453e-05
932256,0.007482594344764948
932412,0.001245443127118051
932568,0.0001185066212201491
932724,0.0005475974758155644
932880,0.00012385447917040437
933036,0.00026416510809212923
933192,0.0012262511299923062
933348,0.0001816809526644647
933504,0.0006582761416211724
933660,0.00012099134619347751
933816,0.00018550219829194248
933972,0.00018922497110906988
934128,0.0025178659707307816
934284,0.0006751613691449165
934440,0.0001314117107540369
934596,0.0004768734215758741
934752,0.00047810847172513604
934908,0.00014487921725958586
935064,8.541781426174566e-05
935220,0.0035705838818103075
935376,0.0001010524938465096
935532,0.0005374248139560223
935688,0.000635589356534183
935844,0.0001617924717720598
936000,0.00023117147793527693
936156,9.912064706441015e-05
936312,0.00013328244676813483
936468,0.00043256048229523003
936624,0.0003234772593714297
936780,0.00018013070803135633
936936,0.00012709645670838654
937092,0.0003491775714792311
937248,0.004296279512345791
937404,0.010721279308199883
937560,0.0033298986963927746
937716,9.962225158233196e-05
937872,0.00010291436774423346
938028,0.015477048233151436
938184,0.00015629771223757416
938340,0.00012218627671245486
938496,0.018222114071249962
938652,0.0032525979913771152
938808,0.0001616694062249735
938964,0.00022327924671117216
939120,0.0001373881532344967
939276,0.004660927224904299
939432,0.004309807904064655
939588,0.004144756589084864
939744,0.0009021267760545015
939900,0.00036094256211072206
940056,0.0010723558953031898
940212,0.00041102489922195673
940368,0.00016904337098821998
940524,0.0014494641218334436
940680,0.004736544098705053
940836,0.007005543448030949
940992,0.007368194404989481
941148,0.0015386836603283882
941304,0.008093668147921562
941460,0.00029230816289782524
941616,0.002027276437729597
941772,0.00039925199234858155
941928,0.016069626435637474
942084,0.0003610655548982322
942240,0.00035354442661628127
942396,0.0013306651962921023
942552,0.001692844438366592
942708,0.0006782455602660775
942864,0.00012932289973832667
943020,0.00040535529842600226
943176,0.0007762737805023789
943332,0.00021928027854301035
943488,0.014267120510339737
943644,0.00021366681903600693
943800,0.00018104676564689726
943956,0.00022088080004323274
944112,0.00046227494021877646
944268,0.0001835771690821275
944424,0.0004625205765478313
944580,0.0007190729374997318
944736,0.0027744811959564686
944892,0.0002661026665009558
945048,0.0023497131187468767
945204,0.013560903258621693
945360,0.001769287046045065
945516,0.0021240191999822855
945672,0.002103476319462061
945828,0.012577351182699203
945984,0.010478664189577103
946140,0.0018684323877096176
946296,0.002320587867870927
946452,0.002905706875026226
946608,0.010704610496759415
946764,0.0003124141367152333
946920,0.00028523156652227044
947076,0.0010757343843579292
947232,0.0004443593497853726
947388,0.0005326895043253899
947544,0.00020719390886370093
947700,0.0001972945756278932
947856,0.0003115300496574491
948012,0.007643870543688536
948168,0.0009094139095395803
948324,0.00036093094968236983
948480,0.027752147987484932
948636,0.006788845174014568
948792,0.001312724663875997
948948,0.00023005974071566015
949104,0.01102086715400219
949260,0.008390164002776146
949416,0.001925160177052021
949572,0.0025631501339375973
949728,0.002435089088976383
949884,0.000815784907899797
950040,0.00035794207360595465
950196,0.002145477570593357
950352,0.0007201217813417315
950508,0.009939225390553474
950664,0.0001102555834222585
950820,0.00932195596396923
950976,0.006583206821233034
951132,0.0010786388302221894
951288,0.00017716357251629233
951444,0.00013480552297551185
951600,0.00029540303512476385
951756,0.0025683853309601545
951912,0.004026899579912424
952068,0.000800386886112392
952224,0.0004721531004179269
952380,0.00012342151603661478
952536,0.00018575292779132724
952692,9.187149407807738e-05
952848,0.0001852619752753526
953004,0.009287499822676182
953160,0.02518066018819809
953316,0.0012039743596687913
953472,0.00039656012086197734
953628,0.00019290499039925635
953784,0.0015217001782730222
953940,0.00013050035340711474
954096,0.0007824187632650137
954252,0.0001521897065686062
954408,6.367843161569908e-05
954564,8.569202327635139e-05
954720,9.29261659621261e-05
954876,4.3357169488444924e-05
955032,0.00018297864880878478
955188,2.926644083345309e-05
955344,0.0027389961760491133
955500,0.0005283282371237874
955656,0.00015245356189552695
955812,0.000373144808690995
955968,0.006487409118562937
956124,0.0003724138077814132
956280,0.009026939049363136
956436,0.05143969506025314
956592,0.0019076609751209617
956748,0.0010811854153871536
956904,0.0002200732269557193
957060,0.00022622592223342508
957216,0.0002592038072180003
957372,0.0001618180685909465
957528,0.003490633796900511
957684,0.02532527595758438
957840,0.0001344371703453362
957996,0.014674978330731392
958152,0.0006999493343755603
958308,0.0006323312409222126
958464,0.00024446030147373676
958620,0.003098473185673356
958776,0.00022343518503475934
958932,0.0016983193345367908
959088,0.007264616433531046
959244,0.0006857025437057018
959400,0.0010177285876125097
959556,0.00567818246781826
959712,0.0007854665745981038
959868,0.0005746410461142659
960024,0.0022431693505495787
960180,0.0005682088085450232
960336,0.00020410191791597754
960492,9.327766019850969e-05
960648,6.733676127623767e-05
960804,0.00011034365161322057
960960,6.90963352099061e-05
961116,4.9980815674643964e-05
961272,4.256345346220769e-05
961428,0.0055517773143947124
961584,0.0008754903683438897
961740,0.0008132690563797951
961896,0.00037084153154864907
962052,0.013432434760034084
962208,9.714099724078551e-05
962364,0.0012993101263418794
962520,0.0005179137224331498
962676,0.0038727284409105778
962832,0.00028921396005898714
962988,0.00872920174151659
963144,0.001195069053210318
963300,0.0003505052882246673
963456,0.0002681399055290967
963612,8.368272392544895e-05
963768,9.685588884167373e-05
963924,0.0012173200957477093
964080,0.0002671174006536603
964236,0.0001510898000560701
964392,8.413686009589583e-05
964548,7.777436985634267e-05
964704,0.0010320917936041951
964860,0.0004600210813805461
965016,0.014357381500303745
965172,0.01441111695021391
965328,0.00039491092320531607
965484,0.01219386700540781
965640,0.0002551014185883105
965796,9.211810538545251e-05
965952,0.0033815435599535704
966108,0.020222656428813934
966264,0.0004165428108535707
966420,0.002365083433687687
966576,0.008813642896711826
966732,0.008574437350034714
966888,0.01569455862045288
967044,0.0004643887223210186
967200,0.00037467514630407095
967356,0.0008429379668086767
967512,7.165197894209996e-05
967668,7.458971231244504e-05
967824,0.013987267389893532
967980,0.0001233371876878664
968136,0.013810873962938786
968292,0.00036180991446599364
968448,0.006833079271018505
968604,0.0021165411453694105
968760,0.00031724682776257396
968916,0.00048632678226567805
969072,0.00020161026623100042
969228,0.001449626637622714
969384,0.015189887955784798
969540,0.0007416259031742811
969696,0.00985783338546753
969852,0.00855980347841978
970008,0.0011417903006076813
970164,0.0001831448607845232
970320,0.003866240382194519
970476,0.0036030584014952183
970632,0.0005720473709516227
970788,0.00013573393516708165
970944,0.006213460583239794
971100,0.003738903673365712
971256,0.010594607330858707
971412,0.0073647936806082726
971568,9.136911830864847e-05
971724,0.00021141240722499788
971880,0.0001349863305222243
972036,8.395932673010975e-05
972192,0.00010422684135846794
972348,0.00011772019206546247
972504,0.008339755237102509
972660,0.0003986852534580976
972816,0.0018465809989720583
972972,0.017531191930174828
973128,0.00019997279741801322
973284,0.011129317805171013
973440,0.00023751666594762355
973596,0.00010226466838503256
973752,0.0003641321090981364
973908,0.0002714001457206905
974064,0.002798618283122778
974220,0.0031024625059217215
974376,0.0002096513780998066
974532,0.00035357626620680094
974688,0.00020118201791774482
974844,0.0006886442424729466
975000,0.00015396816888824105
975156,0.005528110545128584
975312,0.0004708947381004691
975468,0.00018457055557519197
975624,0.00019263596914242953
975780,0.0004301325825508684
975936,0.0018777982331812382
976092,0.00017556098464410752
976248,0.0007302052108570933
976404,0.037154022604227066
976560,0.0017466895515099168
976716,0.012147512286901474
976872,0.00043149650446139276
977028,0.0007229170296341181
977184,0.02571912482380867
977340,0.006526962388306856
977496,0.0003045643970835954
977652,0.00018319071386940777
977808,0.0026662652380764484
977964,0.0001545436680316925
978120,0.00018381030531600118
978276,0.0018505443586036563
978432,0.00015700289804954082
978588,0.00018600368639454246
978744,0.0011211844393983483
978900,0.0005471670883707702
979056,0.0012597604654729366
979212,0.0005310788401402533
979368,0.019123541191220284
979524,0.0004289077769499272
979680,8.936363883549348e-05
979836,0.00014184006431605667
979992,0.0013664376456290483
980148,0.00012438469275366515
980304,0.00017196196131408215
980460,0.0012809208128601313
980616,0.0030188437085598707
980772,0.0004396548611111939
980928,0.0024972124956548214
981084,0.00015504175098612905
981240,0.0031692045740783215
981396,0.00012156211596447974
981552,6.867613410577178e-05
981708,0.0002071819908451289
981864,0.00015306808927562088
982020,0.0008436513599008322
982176,0.0001848956453613937
982332,9.605556260794401e-05
982488,0.005923578981310129
982644,0.00039941651630215347
982800,0.0032576443627476692
982956,0.0002850225428119302
983112,0.0005895625217817724
983268,0.002319181803613901
983424,0.0003772751078940928
983580,0.0001357301662210375
983736,0.0001406115770805627
983892,0.0005468617891892791
984048,0.002925720065832138
984204,0.0008024239214137197
984360,0.0006738548981957138
984516,0.014118727296590805
984672,0.0011704318458214402
984828,0.0013886515516787767
984984,0.0013069948181509972
985140,0.012629437260329723
985296,0.0003747921728063375
985452,0.001383632537908852
985608,0.0005516447126865387
985764,0.000364726351108402
985920,0.0006963896448723972
986076,0.00029777520103380084
986232,0.01231076754629612
986388,0.006449392065405846
986544,0.001087842625565827
986700,0.0017915142234414816
986856,0.022563129663467407
987012,0.00030227680690586567
987168,0.00012311278260312974
987324,0.0016241970006376505
987480,0.00031552990549243987
987636,0.00014727456436958164
987792,0.00011356904724380001
987948,6.983638741075993e-05
988104,0.002701142570003867
988260,0.002091137459501624
988416,0.0006405449821613729
988572,0.00022184143017511815
988728,0.00028548913542181253
988884,0.0005409635487012565
989040,0.009721754118800163
989196,0.0043465313501656055
989352,0.008486967533826828
989508,0.0006326070288196206
989664,0.0001536187482997775
989820,0.0002533010847400874
989976,0.00022587881539948285
990132,0.0003256614727433771
990288,0.00012380311090964824
990444,0.00021031724463682622
990600,0.007088673301041126
990756,0.0032653321977704763
990912,0.002249749843031168
991068,0.0002858158841263503
991224,0.0004103293176740408
991380,0.0023034324403852224
991536,0.0010792086832225323
991692,0.00024712845333851874
991848,0.0002080736157950014
992004,0.0002506804303266108
992160,0.001304110512137413
992316,0.0012987710069864988
992472,0.00022265811276156455
992628,0.00027207378298044205
992784,0.0014107490424066782
992940,0.030479874461889267
993096,0.014944708906114101
993252,0.0012440235586836934
993408,0.00201880163513124
993564,0.0001220061894855462
993720,5.564753882936202e-05
993876,0.000960193166974932
994032,0.00015870234346948564
994188,0.0004556288768071681
994344,0.004054677207022905
994500,0.0016515704337507486
994656,0.0006691142916679382
994812,0.0010440753540024161
994968,0.0017170753562822938
995124,0.007865946739912033
995280,0.00021262530935928226
995436,0.0030156210996210575
995592,0.00017238575674127787
995748,0.0012307912111282349
995904,0.002822705777361989
996060,0.0015073874965310097
996216,0.0007282784208655357
996372,0.06306573748588562
996528,0.0048475200310349464
996684,0.03574070706963539
996840,0.002364561427384615
996996,0.009432167746126652
997152,0.0005321994540281594
997308,0.0006882340530864894
997464,0.01609869860112667
997620,0.0004650893388316035
997776,0.00010163824481423944
997932,6.162970385048538e-05
998088,0.0001176377190859057
998244,0.0007873663562349975
998400,0.00140193582046777
998556,0.00013312317605596036
998712,0.0008200228330679238
998868,0.00016055743617471308
999024,0.0007169698947109282
999180,0.008274782449007034
999336,0.00022209509916137904
999492,0.0003594207810238004
999648,5.3915558964945376e-05
999804,9.33006449486129e-05
999960,0.009342944249510765
1000116,0.0002469535975251347
1000272,0.00012676297046709806
1000428,0.00012973014963790774
1000584,0.00043625402031466365
1000740,0.000604074215516448
1000896,0.039897553622722626
1001052,0.0007642691489309072
1001208,0.012947320006787777
1001364,0.0004525554832071066
1001520,0.0018769035814329982
1001676,0.03636709600687027
1001832,0.0011256224242970347
1001988,0.010396928526461124
1002144,0.004873288329690695
1002300,0.002402283949777484
1002456,0.008703051134943962
1002612,0.00612863153219223
1002768,0.00040872686076909304
1002924,0.004415758885443211
1003080,0.01712082326412201
1003236,0.0015078186988830566
1003392,0.00013699050759896636
1003548,9.557936573401093e-05
1003704,7.769136573188007e-05
1003860,0.0010542897507548332
1004016,0.006246973294764757
1004172,0.0026237801648676395
1004328,0.00015522222383879125
1004484,0.0002993680536746979
1004640,0.001368699362501502
1004796,0.0020394125021994114
1004952,0.015073679387569427
1005108,0.00039861450204625726
1005264,0.0004185003926977515
1005420,0.00878626387566328
1005576,0.004940222483128309
1005732,0.000751909043174237
1005888,0.00019128542044200003
1006044,0.0006000339053571224
1006200,0.003650633618235588
1006356,0.0003510667884256691
1006512,0.0007516725454479456
1006668,0.00038681275327689946
1006824,0.00015625730156898499
1006980,0.0013368703657761216
1007136,0.0007003867067396641
1007292,0.0005842589889653027
1007448,0.0003857950505334884
1007604,0.00013512824079953134
1007760,0.0013761291047558188
1007916,0.00025102097424678504
1008072,0.00024841498816385865
1008228,0.00021186763478908688
1008384,0.0005419983062893152
1008540,0.00023345110821537673
1008696,0.03894511237740517
1008852,0.0026143717113882303
1009008,0.004956732504069805
1009164,0.0004997667274437845
1009320,0.005149247124791145
1009476,0.00011741904745576903
1009632,0.0007477414910681546
1009788,0.0001929811405716464
1009944,0.000771635037381202
1010100,0.006984504871070385
1010256,0.0007761711021885276
1010412,0.0002793126041069627
1010568,0.00018996621656697243
1010724,0.00010541275696596131
1010880,0.00010384328197687864
1011036,0.00023901187523733824
1011192,0.0027349265292286873
1011348,0.0005061338888481259
1011504,0.0004514214233495295
1011660,0.0004953091265633702
1011816,0.00017607865447644144
1011972,7.159180677263066e-05
1012128,0.00016554020112380385
1012284,0.000109670108940918
1012440,0.00016193963529076427
1012596,0.010195203125476837
1012752,0.00013951168511994183
1012908,0.00039851514156907797
1013064,0.0007873523281887174
1013220,0.0012143165804445744
1013376,0.00017536571249365807
1013532,0.0002007850562222302
1013688,0.006494808942079544
1013844,0.00017595550161786377
1014000,4.913328302791342e-05
1014156,0.00035469274735078216
1014312,0.0006572264828719199
1014468,0.0001134012418333441
1014624,9.335165668744594e-05
1014780,0.00010915360326180235
1014936,0.00034248988959006965
1015092,0.00018165051005780697
1015248,0.00023813729058019817
1015404,7.656876550754532e-05
1015560,9.913240501191467e-05
1015716,0.02075284533202648
1015872,6.56919801258482e-05
1016028,0.00028354866662994027
1016184,0.0014168976340442896
1016340,0.00023807620164006948
1016496,0.0013745308388024569
1016652,0.013209798373281956
1016808,0.01998041570186615
1016964,0.001998022897168994
1017120,0.004049769137054682
1017276,0.000922462553717196
1017432,0.0003091446415055543
1017588,0.0006258818320930004
1017744,0.0007922549266368151
1017900,0.0007107993005774915
1018056,0.0023316030856221914
1018212,0.020391862839460373
1018368,0.0001957305648829788
1018524,0.0003339255345053971
1018680,0.003357321722432971
1018836,0.00013283126463647932
1018992,0.00011814635945484042
1019148,3.879935320583172e-05
1019304,6.19754137005657e-05
1019460,0.006070246919989586
1019616,0.0012943650363013148
1019772,0.002998694311827421
1019928,0.03249109536409378
1020084,0.00020082175615243614
1020240,0.0012663010274991393
1020396,0.005091416649520397
1020552,0.01626167818903923
1020708,0.02429625578224659
1020864,0.0002448343439027667
1021020,0.0004478775954339653
1021176,0.00012366106966510415
1021332,0.0006611255230382085
1021488,0.0004332057433202863
1021644,0.00014160515274852514
1021800,6.892469536978751e-05
1021956,0.002505711279809475
1022112,0.0024848252069205046
1022268,9.182335634250194e-05
1022424,0.00015991927648428828
1022580,0.00012626101670321077
1022736,0.00028060009935870767
1022892,0.0006220450159162283
1023048,0.013820955529808998
1023204,0.0057642580941319466
1023360,8.218396396841854e-05
1023516,0.03379732742905617
1023672,0.0008522667922079563
1023828,0.003949690144509077
1023984,0.00015806773444637656
1024140,0.007729123812168837
1024296,0.0008696928853169084
1024452,0.00021999658201821148
1024608,0.0003370776248630136
1024764,0.00037754993536509573
1024920,0.0011452010367065668
1025076,0.007181017659604549
1025232,0.00023788146791048348
1025388,0.0035943156108260155
1025544,0.007182398345321417
1025700,0.00014369928976520896
1025856,0.0010920263594016433
1026012,0.00010987404675688595
1026168,0.00015119041199795902
1026324,0.001156277721747756
1026480,0.0005715405568480492
1026636,0.0012067523784935474
1026792,0.033339973539114
1026948,0.0014400106156244874
1027104,0.0012278460199013352
1027260,0.0001551473542349413
1027416,0.00017314442084170878
1027572,0.00022904924117028713
1027728,0.00018411147175356746
1027884,0.0011044855928048491
1028040,5.473718192661181e-05
1028196,0.00030563719337806106
1028352,5.9547328419284895e-05
1028508,0.00017959385877475142
1028664,0.00015195544983725995
1028820,0.0004846203373745084
1028976,0.0011977236717939377
1029132,0.0005847375723533332
1029288,0.00019175188208464533
1029444,0.0005439055967144668
1029600,0.031669098883867264
1029756,0.005992192775011063
1029912,0.00020665302872657776
1030068,0.019399063661694527
1030224,6.262235547183082e-05
1030380,0.0001822757621994242
1030536,0.00011547773465281352
1030692,0.04165945574641228
1030848,0.0001445570233045146
1031004,0.0007466052193194628
1031160,0.007497517392039299
1031316,0.0006958584999665618
1031472,0.0012683605309575796
1031628,0.0005530299386009574
1031784,0.0024427170865237713
1031940,0.032063618302345276
1032096,0.000154718742123805
1032252,7.809439557604492e-05
1032408,9.300174860982224e-05
1032564,0.0002548166667111218
1032720,0.00012460921425372362
1032876,0.0007242393330670893
1033032,0.0003680598456412554
1033188,0.00011459120287327096
1033344,8.316859748447314e-05
1033500,0.004409776069223881
1033656,0.0008455599308945239
1033812,0.003183597233146429
1033968,0.031900253146886826
1034124,0.0005303361685946584
1034280,0.01875428669154644
1034436,0.009825533255934715
1034592,0.00024942454183474183
1034748,0.0002312574943061918
1034904,0.00010604717681417242
1035060,0.00028991635190322995
1035216,0.0011553284712135792
1035372,0.0006721402169205248
1035528,0.0016248662723228335
1035684,0.0012261878000572324
1035840,0.00014114998339209706
1035996,0.0029668130446225405
1036152,0.0002379322104388848
1036308,0.0003279666416347027
1036464,0.0010222196578979492
1036620,0.00019960568170063198
1036776,0.0005991784855723381
1036932,0.0001961353700608015
1037088,5.287412932375446e-05
1037244,0.0007672871579416096
1037400,0.004244980867952108
1037556,0.03581813722848892
1037712,0.017403122037649155
1037868,0.0015763089759275317
1038024,0.004776460118591785
1038180,0.0006202517542988062
1038336,0.0005203555338084698
1038492,0.0037500406615436077
1038648,0.002466650912538171
1038804,0.004321855027228594
1038960,0.0001645832962822169
1039116,0.00012078593135811388
1039272,0.006695613730698824
1039428,0.0027442004065960646
1039584,0.0005978454719297588
1039740,7.687199104111642e-05
1039896,0.0002187192440032959
1040052,0.02309737168252468
1040208,0.003924848046153784
1040364,0.0003757662489078939
1040520,0.014398853294551373
1040676,0.001673328224569559
1040832,0.00021096617274452
1040988,0.00026847983826883137
1041144,0.00038447807310149074
1041300,0.0001279818534385413
1041456,0.0001542006357340142
1041612,0.00026023812824860215
1041768,0.0001017487229546532
1041924,0.0001366149226669222
1042080,0.014711901545524597
1042236,0.000802097434643656
1042392,0.00012193091970402747
1042548,0.000788066303357482
1042704,0.0004298610147088766
1042860,0.0003453275130596012
1043016,0.000458743394119665
1043172,0.0003733199555426836
1043328,0.0002934242656920105
1043484,0.0006901653250679374
1043640,0.0018833926878869534
1043796,0.00040678391815163195
1043952,0.0016993065364658833
1044108,0.0002832271275110543
1044264,0.027880577370524406
1044420,0.0003640341747086495
1044576,0.0006320580723695457
1044732,6.796990055590868e-05
1044888,5.600953591056168e-05
1045044,0.00010683700384106487
1045200,0.00017145584570243955
1045356,0.002569613978266716
1045512,0.0066230082884430885
1045668,0.0171038880944252
1045824,0.004009169060736895
1045980,0.019538741558790207
1046136,0.0007837231969460845
1046292,9.480015432927758e-05
1046448,0.0004258088883943856
1046604,0.015550335869193077
1046760,0.0003026852791663259
1046916,0.0001353529078187421
1047072,0.0004051602154504508
1047228,0.00016074511222541332
1047384,0.0001645232696318999
1047540,0.0003997519670519978
1047696,0.024733174592256546
1047852,0.0006216359906829894
1048008,0.0020261898171156645
1048164,0.0007270060596056283
1048320,0.0001396206353092566
1048476,9.62066333158873e-05
1048632,0.0001917732588481158
1048788,0.023338301107287407
1048944,0.0006828733021393418
1049100,0.0012145928340032697
1049256,0.003606668906286359
1049412,0.0036246911622583866
1049568,0.00028094410663470626
1049724,0.0003079002781305462
1049880,0.005116966087371111
1050036,0.018691563978791237
1050192,0.00029451854061335325
1050348,0.00011827561684185639
1050504,0.0007973817409947515
1050660,0.0005749069387093186
1050816,0.0004933126037940383
1050972,0.0006435241084545851
1051128,0.0003435224061831832
1051284,0.001117519335821271
1051440,0.0004887430113740265
1051596,0.0016405502101406455
1051752,5.871349640074186e-05
1051908,0.00569512415677309
1052064,0.0002977521508000791
1052220,0.00016305127064697444
1052376,0.001113575417548418
1052532,0.0001237268152181059
1052688,0.0006213142187334597
1052844,0.00013669734471477568
1053000,3.2603536965325475e-05
1053156,0.0001326236961176619
1053312,4.677411925513297e-05
1053468,4.43413809989579e-05
1053624,0.0001040737988660112
1053780,0.00027392589254304767
1053936,0.011272258125245571
1054092,0.00010708430636441335
1054248,0.033676981925964355
1054404,0.0010085233952850103
1054560,0.0008445874555036426
1054716,0.0007086715777404606
1054872,0.051518768072128296
1055028,0.001793861505575478
1055184,0.00042535923421382904
1055340,0.0003687916323542595
1055496,0.014023732393980026
1055652,0.0010716369142755866
1055808,0.004812221042811871
1055964,0.011844473890960217
1056120,0.0005762298824265599
1056276,0.02857186645269394
1056432,0.0049721901305019855
1056588,0.0009106003562919796
1056744,0.000748897495213896
1056900,0.03076377511024475
1057056,0.0011448062723502517
1057212,0.008067474700510502
1057368,0.005994816310703754
1057524,0.00041959708323702216
1057680,0.00020650328951887786
1057836,6.111832044553012e-05
1057992,5.613422399619594e-05
1058148,4.657982208300382e-05
1058304,9.890474029816687e-05
1058460,0.0037984240334481
1058616,6.369905167957768e-05
1058772,6.003900489304215e-05
1058928,0.00032361646299250424
1059084,7.131630991352722e-05
1059240,5.014045746065676e-05
1059396,0.0025881596375256777
1059552,0.0001952534803422168
1059708,8.820823859423399e-05
1059864,0.00338410004042089
1060020,0.00047684507444500923
1060176,0.00033509719651192427
1060332,0.003240973688662052
1060488,0.015675894916057587
1060644,0.00965066347271204
1060800,0.036780036985874176
1060956,0.0011776522733271122
1061112,0.0005513560608960688
1061268,0.002456956310197711
1061424,0.00017750196275301278
1061580,0.0006927016656845808
1061736,0.0011341535719111562
1061892,0.028260741382837296
1062048,0.0005420049419626594
1062204,0.0026293587870895863
1062360,0.0002657551667653024
1062516,0.00018031077343039215
1062672,0.0014802897348999977
1062828,7.651216583326459e-05
1062984,0.0006836572429165244
1063140,0.00010068638221127912
1063296,0.018581287935376167
1063452,0.018186746165156364
1063608,0.0013677222887054086
1063764,0.00792046170681715
1063920,0.010355180129408836
1064076,0.00026338640600442886
1064232,0.008342104032635689
1064388,0.0007742701563984156
1064544,0.0003152808058075607
1064700,0.00017065108113456517
1064856,0.005686008837074041
1065012,0.0008506914600729942
1065168,9.505770867690444e-05
1065324,8.179174619726837e-05
1065480,0.008449562825262547
1065636,0.02013901062309742
1065792,0.018433459103107452
1065948,0.0034580163192003965
1066104,8.556801185477525e-05
1066260,0.01304627861827612
1066416,0.0009808747563511133
1066572,0.016614530235528946
1066728,0.0034630789887160063
1066884,8.028850425034761e-05
1067040,0.0005258320597931743
1067196,0.00020684979972429574
1067352,0.0002283029316458851
1067508,0.00010219531395705417
1067664,4.0988314140122384e-05
1067820,0.014166095294058323
1067976,8.192809764295816e-05
1068132,0.0005750037380494177
1068288,0.000118618605483789
1068444,8.649374649394304e-05
1068600,0.000149272644193843
1068756,0.0001880482886917889
1068912,7.079939678078517e-05
1069068,0.0075452751480042934
1069224,0.0003483963664621115
1069380,0.0003602384531404823
1069536,0.0001221831771545112
1069692,9.203010995406657e-05
1069848,0.0001449812261853367
1070004,0.0002915672375820577
1070160,0.00018800783436745405
1070316,0.0002410147135378793
1070472,0.0063804518431425095
1070628,0.0040527572855353355
1070784,0.0003766396548599005
1070940,0.00896372552961111
1071096,0.027376167476177216
1071252,0.00017090067558456212
1071408,0.00022897429880686104
1071564,4.364089545561001e-05
1071720,6.209989078342915e-05
1071876,0.00036431741318665445
1072032,9.478988067712635e-05
1072188,0.00012477478594519198
1072344,0.0011524634901434183
1072500,0.003325783647596836
1072656,0.001965409144759178
1072812,0.008733569644391537
1072968,0.013350863941013813
1073124,0.003985518589615822
1073280,0.001028474885970354
1073436,0.0002287386596435681
1073592,0.00025323950103484094
1073748,0.00020624315948225558
1073904,0.0031441091559827328
1074060,0.00013900639896746725
1074216,8.744437946006656e-05
1074372,0.0005770244752056897
1074528,8.450936729786918e-05
1074684,0.0005136464023962617
1074840,0.002973534632474184
1074996,0.0006669259164482355
1075152,0.00024745429982431233
1075308,0.0002628410584293306
1075464,0.0002059598919004202
1075620,0.0005297650350257754
1075776,0.005929117556661367
1075932,0.000290389871224761
1076088,0.0011639747535809875
1076244,0.0011768362019211054
1076400,9.299955854658037e-05
1076556,0.00017236251733265817
1076712,0.0002658095327205956
1076868,5.937154492130503e-05
1077024,0.00021161141921766102
1077180,0.0046273753978312016
1077336,0.0001873767760116607
1077492,0.002916233381256461
1077648,0.0006649547722190619
1077804,0.0005963055300526321
1077960,0.012722272425889969
1078116,0.03545650094747543
1078272,0.0020634348038583994
1078428,0.0001365724892821163
1078584,0.005278196185827255
1078740,0.0034693009220063686
1078896,0.014820372685790062
1079052,0.0015685504768043756
1079208,0.0003391825594007969
1079364,0.03663254156708717
1079520,0.009210556745529175
1079676,0.00020268821390345693
1079832,0.00511082261800766
1079988,0.0002626161149237305
1080144,0.00022360513685271144
1080300,0.00034597248304635286
1080456,0.00021905306493863463
1080612,0.00014458234363701195
1080768,0.0009148043463937938
1080924,0.006398971192538738
1081080,0.0002757058828137815
1081236,0.0004638077807612717
1081392,0.0011596508556976914
1081548,0.00011233671102672815
1081704,0.00022584758698940277
1081860,0.00034580344799906015
1082016,8.070833428064361e-05
1082172,9.177182073472068e-05
1082328,0.001193358562886715
1082484,0.0001978089421754703
1082640,0.001615361776202917
1082796,0.0004394294519443065
1082952,0.00017739385657478124
1083108,0.00015439704293385148
1083264,0.00046382209984585643
1083420,0.0001477073528803885
1083576,0.0003080049355048686
1083732,0.0005237130681052804
1083888,0.0002251146943308413
1084044,0.011317120864987373
1084200,0.0013095190515741706
1084356,0.0016004274366423488
1084512,0.00017618648416828364
1084668,0.0003349087492097169
1084824,0.0002460530959069729
1084980,0.00012823454744648188
1085136,0.0004274072125554085
1085292,0.000531727506313473
1085448,0.0003708356525748968
1085604,0.00029045253177173436
1085760,0.005567588843405247
1085916,0.011010352522134781
1086072,0.001181328552775085
1086228,0.012194156646728516
1086384,0.0005633828695863485
1086540,0.0002033705823123455
1086696,0.008884074166417122
1086852,0.0001663921430008486
1087008,0.003324513789266348
1087164,0.002466116799041629
1087320,6.100120663177222e-05
1087476,6.060857413103804e-05
1087632,6.751919136149809e-05
1087788,0.00010299414861947298
1087944,0.0002258125605294481
1088100,0.003703637281432748
1088256,0.0015704863471910357
1088412,0.00024669247795827687
1088568,0.00020177027909085155
1088724,0.00037316858652047813
1088880,0.0004815563152078539
1089036,0.004169178195297718
1089192,0.0016344604082405567
1089348,0.0007016671588644385
1089504,0.0029017399065196514
1089660,7.623799319844693e-05
1089816,0.0012882783776149154
1089972,0.0005635254201479256
1090128,0.00244524865411222
1090284,0.005865183193236589
1090440,0.000473703199531883
1090596,0.0027025199960917234
1090752,0.00020867030252702534
1090908,0.00026987845194526017
1091064,0.0012685986002907157
1091220,0.0002577509148977697
1091376,0.015044835396111012
1091532,0.0028973484877496958
1091688,0.00017681019380688667
1091844,0.004390604794025421
1092000,0.005897782742977142
1092156,0.0005367741687223315
1092312,0.022419443354010582
1092468,0.0019068308174610138
1092624,0.003545525250956416
1092780,0.0007890296401455998
1092936,5.498257087310776e-05
1093092,6.000883877277374e-05
1093248,2.918024802056607e-05
1093404,4.329834700911306e-05
1093560,0.00031885079806670547
1093716,5.7870482123689726e-05
1093872,0.0009974638232961297
1094028,0.00012443754530977458
1094184,0.00010907239629887044
1094340,9.442025475436822e-05
1094496,9.464949835091829e-05
1094652,0.0007303287857212126
1094808,0.0002811734448187053
1094964,8.580070425523445e-05
1095120,0.0004725199250970036
1095276,0.00022812395764049143
1095432,6.028935604263097e-05
1095588,9.10100934561342e-05
1095744,4.1253864765167236e-05
1095900,0.00014201806334313005
1096056,0.00020330469124019146
1096212,0.0006269217701628804
1096368,0.00040328066097572446
1096524,0.00021141429897397757
1096680,0.0006058160215616226
1096836,0.00010980413935612887
1096992,0.001162635046057403
1097148,0.00023753619461786002
1097304,0.0016137752681970596
1097460,8.538310066796839e-05
1097616,0.0005514337681233883
1097772,0.015027356334030628
1097928,0.004473906476050615
1098084,0.002136514289304614
1098240,0.001514446921646595
1098396,0.0037285194266587496
1098552,0.00015061840531416237
1098708,0.0001376579748466611
1098864,0.00018675187311600894
1099020,9.047245112014934e-05
1099176,0.00022852697293274105
1099332,5.936878005741164e-05
1099488,0.0005280171171762049
1099644,0.0036951983347535133
1099800,0.00028263789135962725
1099956,0.011745144613087177
1100112,0.0010869689285755157
1100268,0.00018623945652507246
1100424,0.00014000918599776924
1100580,0.00010864329669857398
1100736,0.00030853954376652837
1100892,0.00017627552733756602
1101048,0.00025477976305410266
1101204,0.020871050655841827
1101360,0.00021190158440731466
1101516,0.002548894612118602
1101672,0.00033870586776174605
1101828,0.00010111444134963676
1101984,0.007170337252318859
1102140,0.0003914520493708551
1102296,0.0013204761780798435
1102452,0.001047940575517714
1102608,0.00011900808021891862
1102764,0.00011169040953973308
1102920,0.000204709533136338
1103076,0.0005247612716630101
1103232,6.521015893667936e-05
1103388,7.028570689726621e-05
1103544,0.00016516062896698713
1103700,0.00026205676840618253
1103856,0.001538234413601458
1104012,0.0002473726053722203
1104168,0.000578961509745568
1104324,0.00016553301247768104
1104480,0.00023859168868511915
1104636,0.0004544123657979071
1104792,0.00013253328506834805
1104948,5.8613179135136306e-05
1105104,0.00027482135919854045
1105260,0.003943878225982189
1105416,0.0007670040358789265
1105572,0.00048077577957883477
1105728,0.0019241494592279196
1105884,0.001088097458705306
1106040,0.0035529527813196182
1106196,0.0172528475522995
1106352,0.0045913588255643845
1106508,0.007381127215921879
1106664,0.00020083170966245234
1106820,3.873375680996105e-05
1106976,4.4476299080997705e-05
1107132,0.006294631864875555
1107288,0.00672111613675952
1107444,0.0006118518067523837
1107600,0.004982574377208948
1107756,0.00010461581405252218
1107912,0.0001084319083020091
1108068,3.873066452797502e-05
1108224,0.00036261044442653656
1108380,0.00017850100994110107
1108536,0.025194311514496803
1108692,0.004699226934462786
1108848,0.0007543368847109377
1109004,0.014760563150048256
1109160,0.00047486211406067014
1109316,0.0002370799775235355
1109472,0.00011512752098497003
1109628,0.0001066067925421521
1109784,0.008068108931183815
1109940,4.5198983571026474e-05
1110096,8.828188583720475e-05
1110252,0.0004894073354080319
1110408,0.007919407449662685
1110564,0.0002306978713022545
1110720,0.00013053364818915725
1110876,0.00025759765412658453
1111032,0.002877720631659031
1111188,0.006918933242559433
1111344,0.0005888279993087053
1111500,0.0005064491997472942
1111656,0.0014356659958139062
1111812,0.0013492221478372812
1111968,0.0014638820430263877
1112124,0.0013263458386063576
1112280,0.00017333780124317855
1112436,0.00039672222919762135
1112592,0.02338344231247902
1112748,0.00029131254996173084
1112904,0.00018505191837903112
1113060,0.0006082589388824999
1113216,0.016321156173944473
1113372,0.007675147149711847
1113528,0.0013633349444717169
1113684,0.0005706530064344406
1113840,0.0039087701588869095
1113996,0.0016620219685137272
1114152,0.00033771744347177446
1114308,0.0004063703818246722
1114464,0.001472086412832141
1114620,0.003014630638062954
1114776,0.000132814486278221
1114932,0.00011119061673525721
1115088,0.003105262527242303
1115244,0.00015471727238036692
1115400,0.005718270782381296
1115556,0.0005869682063348591
1115712,0.001382498536258936
1115868,0.002457501832395792
1116024,0.007615982089191675
1116180,0.017819032073020935
1116336,0.00044726900523528457
1116492,0.00010458200995344669
1116648,0.0004580178647302091
1116804,7.109424768714234e-05
1116960,6.378695979947224e-05
1117116,0.0002547303738538176
1117272,9.166603558696806e-05
1117428,5.326326208887622e-05
1117584,0.001285906182602048
1117740,8.784668170846999e-05
1117896,3.898020804626867e-05
1118052,7.96736276242882e-05
1118208,0.002104222308844328
1118364,0.005845711100846529
1118520,0.002685711020603776
1118676,0.022734958678483963
1118832,0.00031993139418773353
1118988,0.006994160823523998
1119144,0.00010093403398059309
1119300,0.0003960955946240574
1119456,0.000829713826533407
1119612,0.0006054724799469113
1119768,0.002496557543054223
1119924,0.00021509226644411683
1120080,0.00011929415632039309
1120236,0.0006247158744372427
1120392,3.7061196053400636e-05
1120548,5.8269444707548246e-05
1120704,7.995159830898046e-05
1120860,0.0009228292619809508
1121016,0.0005140647408552468
1121172,7.38839153200388e-05
1121328,3.271611058153212e-05
1121484,2.529469747969415e-05
1121640,4.667280882131308e-05
1121796,0.00047018902841955423
1121952,4.062065272592008e-05
1122108,0.0006104092462919652
1122264,0.00023872754536569118
1122420,0.0005690186517313123
1122576,0.001430387026630342
1122732,0.000718677241820842
1122888,0.001326042111031711
1123044,0.004092613700777292
1123200,0.0006769438041374087
1123356,0.00041143212001770735
1123512,0.00032096169888973236
1123668,0.005758404731750488
1123824,0.0034200053196400404
1123980,0.00841978657990694
1124136,0.0017366152023896575
1124292,0.011381004005670547
1124448,0.00014322841889224946
1124604,0.013955540023744106
1124760,0.0012069942895323038
1124916,0.004085628315806389
1125072,0.0013043500948697329
1125228,0.00015863605949562043
1125384,0.000433772976975888
1125540,0.0009043299942277372
1125696,0.0005583352758549154
1125852,0.002265594433993101
1126008,0.00019517439068295062
1126164,0.011552436277270317
1126320,0.00109767634421587
1126476,0.00039881118573248386
1126632,0.000620063510723412
1126788,7.306464249268174e-05
1126944,0.00028994190506637096
1127100,0.00010328242933610454
1127256,0.00022829925001133233
1127412,0.00018271556473337114
1127568,0.0001148805531556718
1127724,7.87226454121992e-05
1127880,7.851602276787162e-05
1128036,0.00010301009751856327
1128192,0.01330004446208477
1128348,0.0002516017702873796
1128504,0.009769571013748646
1128660,0.013241851702332497
1128816,0.0008368374546989799
1128972,0.0008100370177999139
1129128,0.0013991512823849916
1129284,0.0005157461855560541
1129440,0.0027119263540953398
1129596,0.0049072131514549255
1129752,0.040859341621398926
1129908,0.028542453423142433
1130064,0.000627705012448132
1130220,0.00019198315567336977
1130376,0.00026125996373593807
1130532,0.00047903432277962565
1130688,8.481171971652657e-05
1130844,0.0001322415773756802
1131000,0.00022537304903380573
1131156,0.0037473668344318867
1131312,0.00031245005084201694
1131468,0.0006124429637566209
1131624,0.006675251293927431
1131780,0.00047192437341436744
1131936,0.0001790533133316785
1132092,9.591919661033899e-05
1132248,0.0002473308122716844
1132404,0.00017542527348268777
1132560,0.00010833310807356611
1132716,6.596624734811485e-05
1132872,0.006418562959879637
1133028,0.0016317609697580338
1133184,0.0035821422934532166
1133340,7.067651313263923e-05
1133496,8.018997323233634e-05
1133652,0.0014225258491933346
1133808,0.0014614127576351166
1133964,0.00015338746015913785
1134120,9.076891728909686e-05
1134276,0.00023217994021251798
1134432,0.001974645769223571
1134588,0.004082097206264734
1134744,0.00015701758093200624
1134900,0.010016052052378654
1135056,0.00021683794329874218
1135212,0.00012235376925673336
1135368,0.0008660377934575081
1135524,0.00018267595442011952
1135680,0.0003407594922464341
1135836,0.001782526378519833
1135992,0.00010932667646557093
1136148,0.003590100910514593
1136304,0.00014642284077126533
1136460,0.00027488236082717776
1136616,0.00013324643077794462
1136772,0.00011487412120914087
1136928,8.134673407766968e-05
1137084,0.0030127393547445536
1137240,0.0046776714734733105
1137396,0.0046475958079099655
1137552,0.008625002577900887
1137708,0.023253465071320534
1137864,0.0003803060099016875
1138020,0.0005756558966822922
1138176,0.0001429949188604951
1138332,0.02430809661746025
1138488,0.0010476564057171345
1138644,0.0012370171025395393
1138800,8.719158358871937e-05
1138956,0.00011831700976472348
1139112,5.6885422964114696e-05
1139268,8.467900624964386e-05
1139424,7.28398299543187e-05
1139580,5.018217780161649e-05
1139736,0.0002634420234244317
1139892,0.0161098912358284
1140048,0.0026443630922585726
1140204,0.02112295851111412
1140360,0.000265292648691684
1140516,0.0006973373820073903
1140672,0.010409384965896606
1140828,0.0007425463991239667
1140984,0.0020554838702082634
1141140,0.0010457533644512296
1141296,0.0006915437406860292
1141452,0.0001439379993826151
1141608,6.167823448777199e-05
1141764,0.00010721517901401967
1141920,0.00014995198580436409
1142076,0.00014749493857380003
1142232,0.0002060679398709908
1142388,5.007622530683875e-05
1142544,0.02120853401720524
1142700,0.00011980024282820523
1142856,0.00014060689136385918
1143012,0.0001710195210762322
1143168,0.009028680622577667
1143324,0.0014049754245206714
1143480,0.00034661858808249235
1143636,0.007227992173284292
1143792,0.0013757211854681373
1143948,0.0028495164588093758
1144104,0.0017151724314317107
1144260,0.0005520934355445206
1144416,0.000538170337677002
1144572,8.699606405571103e-05
1144728,0.0015679756179451942
1144884,0.00011995467502856627
1145040,0.00010357348219258711
1145196,6.813780055381358e-05
1145352,8.256573346443474e-05
1145508,0.001998849678784609
1145664,0.00022006823564879596
1145820,0.006384096574038267
1145976,0.00011958411050727591
1146132,0.00010794386616908014
1146288,0.001094452221877873
1146444,0.002375917974859476
1146600,0.000712971726898104
1146756,0.00039567757630720735
1146912,0.00012466184853110462
1147068,0.00014076055958867073
1147224,6.952522380743176e-05
1147380,6.305916758719832e-05
1147536,0.0014676221180707216
1147692,0.011315802112221718
1147848,0.00019721710123121738
1148004,0.0001989739976124838
1148160,0.0001797412260202691
1148316,0.000541514134965837
1148472,0.00020321007468737662
1148628,0.006979555822908878
1148784,0.0003086526121478528
1148940,0.005611025728285313
1149096,5.384253745432943e-05
1149252,0.0005055991350673139
1149408,0.011299163103103638
1149564,0.0005277636228129268
1149720,5.500072438735515e-05
1149876,0.0005183296743780375
1150032,0.0043048798106610775
1150188,0.00012291708844713867
1150344,0.0001372634869767353
1150500,0.0005006093415431678
1150656,0.009962713345885277
1150812,0.0008859895169734955
1150968,0.0059777614660561085
1151124,0.00020531882182694972
1151280,0.0003892742097377777
1151436,0.00011083661229349673
1151592,0.00015945761697366834
1151748,7.65406439313665e-05
1151904,0.00016744130698498338
1152060,0.0012884762836620212
1152216,0.00037882133619859815
1152372,0.00016718334518373013
1152528,0.000893354881554842
1152684,0.00014658839791081846
1152840,0.0003135391743853688
1152996,0.00012176586460554972
1153152,0.0023398769553750753
1153308,0.023374713957309723
1153464,0.0007289566565304995
1153620,0.0011908625019714236
1153776,0.0013580083614215255
1153932,0.0001007120736176148
1154088,0.00026180213899351656
1154244,0.006073888391256332
1154400,0.0002070391783490777
1154556,0.00019586467533372343
1154712,0.00043903052574023604
1154868,0.036770813167095184
1155024,0.0017280529718846083
1155180,0.0005867505096830428
1155336,0.00706223351880908
1155492,0.00013849457900505513
1155648,0.0025516494642943144
1155804,0.00016934120503719896
1155960,0.00017359333287458867
1156116,0.02141759544610977
1156272,0.00011994682427030057
1156428,0.00013477705942932516
1156584,0.0006243473035283387
1156740,4.3214778997935355e-05
1156896,4.5295066229300573e-05
1157052,0.021002812311053276
1157208,0.02679203636944294
1157364,0.00020720556494779885
1157520,0.0005332576110959053
1157676,0.006987525150179863
1157832,0.000836893217638135
1157988,0.0077461013570427895
1158144,0.0017290806863456964
1158300,0.000247337477048859
1158456,0.02302771434187889
1158612,0.0004477457550819963
1158768,0.0020637724082916975
1158924,0.0004825452924706042
1159080,8.110736962407827e-05
1159236,8.794550376478583e-05
1159392,0.00012843572767451406
1159548,0.0008663722546771169
1159704,9.074767149286345e-05
1159860,6.982593913562596e-05
1160016,0.0003739497624337673
1160172,0.00023255906125996262
1160328,6.383651634678245e-05
1160484,0.00021224553347565234
1160640,9.087797661777586e-05
1160796,6.202723307069391e-05
1160952,9.838787082117051e-05
1161108,0.02469722367823124
1161264,0.0002975940005853772
1161420,9.483216854277998e-05
1161576,8.601712761446834e-05
1161732,0.00017182207375299186
1161888,0.000935963005758822
1162044,8.33074445836246e-05
1162200,0.00023659237194806337
1162356,0.00026870478177443147
1162512,0.0014523261925205588
1162668,0.04399680346250534
1162824,0.0009952092077583075
1162980,0.00013362699246499687
1163136,0.001052550389431417
1163292,0.005395655985921621
1163448,0.00033057184191420674
1163604,0.0008340793428942561
1163760,9.328172018285841e-05
1163916,0.00015410594642162323
1164072,7.499631465179846e-05
1164228,0.0008112306240946054
1164384,0.00011147936311317608
1164540,0.00410745432600379
1164696,0.00016150691953953356
1164852,0.0029712743125855923
1165008,0.0002893695200327784
1165164,0.003369500394910574
1165320,0.001452157273888588
1165476,0.00599622679874301
1165632,0.00011736645683413371
1165788,0.001871887012384832
1165944,0.0001352852414129302
1166100,0.00030101047013886273
1166256,0.00026976846856996417
1166412,0.00020637118723243475
1166568,0.000115596893010661
1166724,0.025905292481184006
1166880,0.00026681891176849604
1167036,0.00015911924128886312
1167192,8.706991502549499e-05
1167348,0.00015112844994291663
1167504,0.0004111903253942728
1167660,0.0063946181908249855
1167816,0.00016973952006082982
1167972,0.00010302368900738657
1168128,0.00011737058230210096
1168284,9.64883656706661e-05
1168440,0.000184264819836244
1168596,0.001041049137711525
1168752,0.0015205887611955404
1168908,0.01050088182091713
1169064,0.013793899677693844
1169220,0.0011676903814077377
1169376,0.007768863812088966
1169532,0.0032283226028084755
1169688,0.00014109730545897037
1169844,0.00017375362222082913
1170000,0.001683396752923727
1170156,0.012809868901968002
1170312,0.0002807934070006013
1170468,7.640529656782746e-05
1170624,0.00020564088481478393
1170780,0.0018788807792589068
1170936,0.0002501489652786404
1171092,0.00010661902342690155
1171248,0.002920896513387561
1171404,0.0006613009609282017
1171560,0.0003895610570907593
1171716,0.008157774806022644
1171872,0.0002653865667525679
1172028,4.302124580135569e-05
1172184,6.827897595940158e-05
1172340,0.0009600118501111865
1172496,0.023470770567655563
1172652,0.013446226716041565
1172808,0.00039393079350702465
1172964,0.0002933572686742991
1173120,0.00016342243179678917
1173276,0.00033944068127311766
1173432,7.281690341187641e-05
1173588,0.006986519321799278
1173744,0.00022306872415356338
1173900,0.0003053006948903203
1174056,0.001013008295558393
1174212,9.239092469215393e-05
1174368,0.004576696548610926
1174524,0.00037683657137677073
1174680,0.0001622238487470895
1174836,0.00023587507894262671
1174992,0.00022969070414546877
1175148,0.005019186995923519
1175304,0.0003047240315936506
1175460,0.0009430305217392743
1175616,6.986130028963089e-05
1175772,0.00014418564387597144
1175928,0.012962010689079762
1176084,0.0009108304511755705
1176240,0.00014879988157190382
1176396,0.0012987916124984622
1176552,0.0006984423380345106
1176708,8.961149433162063e-05
1176864,0.00011127035395475104
1177020,0.002985533094033599
1177176,0.01824747584760189
1177332,0.0002042761043412611
1177488,0.03716566413640976
1177644,0.0065392134711146355
1177800,0.0017004242399707437
1177956,0.0006855092942714691
1178112,0.019586164504289627
1178268,0.007504764012992382
1178424,0.0002541263238526881
1178580,0.0005446755676530302
1178736,0.000173304695636034
1178892,6.454084359575063e-05
1179048,0.011123527772724628
1179204,0.00017196677799802274
1179360,0.007824704051017761
1179516,0.0001425374357495457
1179672,0.005787981674075127
1179828,0.007383957039564848
1179984,0.00032386602833867073
1180140,0.0006970569374971092
1180296,0.0014147257898002863
1180452,7.838698365958408e-05
1180608,0.00042320473585277796
1180764,0.0012079041916877031
1180920,0.000427634542575106
1181076,0.0035300971940159798
1181232,0.017877550795674324
1181388,0.02195391058921814
1181544,0.020623140037059784
1181700,0.00048027021693997085
1181856,0.008156398311257362
1182012,0.0004316238919273019
1182168,0.0008958407561294734
1182324,0.00031935956212691963
1182480,0.0001896619505714625
1182636,0.0001112909521907568
1182792,0.00034652973408810794
1182948,0.0004527985001914203
1183104,0.00017423911776859313
1183260,7.443924550898373e-05
1183416,0.0002557448751758784
1183572,5.924162542214617e-05
1183728,0.0024636012967675924
1183884,0.004110958892852068
1184040,0.009565673768520355
1184196,0.0032248676288872957
1184352,0.00026496569626033306
1184508,0.003097670851275325
1184664,0.0014700114261358976
1184820,0.002616245299577713
1184976,0.0009172382415272295
1185132,0.0005283094360493124
1185288,0.0001325676857959479
1185444,7.811615796526894e-05
1185600,0.00021383826970122755
1185756,0.00023271430109161884
1185912,0.0008579377899877727
1186068,0.007946050725877285
1186224,0.01101563312113285
1186380,0.03240059316158295
1186536,0.0032970900647342205
1186692,0.00026626719045452774
1186848,0.0018818972166627645
1187004,0.00021471999934874475
1187160,0.0007799151353538036
1187316,0.0007933082524687052
1187472,0.004753351677209139
1187628,0.0005158298881724477
1187784,0.0022234409116208553
1187940,0.0014161169528961182
1188096,0.0016375193372368813
1188252,0.004176607821136713
1188408,0.0003660658549051732
1188564,6.186544487718493e-05
1188720,0.00011249956878600642
1188876,0.00023437035270035267
1189032,0.00023582292487844825
1189188,0.03312068060040474
1189344,0.00035115511855110526
1189500,0.0026140513364225626
1189656,0.0005389074794948101
1189812,0.001961679430678487
1189968,0.0002502673305571079
1190124,0.0001949352736119181
1190280,0.000552408630028367
1190436,0.0002680760226212442
1190592,0.00033205997897312045
1190748,0.018876848742365837
1190904,0.001625237986445427
1191060,0.01172066293656826
1191216,0.01477266475558281
1191372,0.031151678413152695
1191528,8.96630299394019e-05
1191684,0.00021673364972230047
1191840,5.116160536999814e-05
1191996,4.5215583668323234e-05
1192152,2.497161585779395e-05
1192308,5.7415294577367604e-05
1192464,9.411138307768852e-05
1192620,0.00013781560119241476
1192776,0.00028778892010450363
1192932,0.014798606745898724
1193088,0.0007403474301099777
1193244,0.0004349826485849917
1193400,0.001019479357637465
1193556,0.0008121142745949328
1193712,0.0003847886109724641
1193868,0.006240333896130323
1194024,0.00654398649930954
1194180,0.0009070229716598988
1194336,0.00027565384516492486
1194492,0.0001303082681261003
1194648,0.002033113269135356
1194804,0.0004345682100392878
1194960,0.0010736428666859865
1195116,0.0007044121157377958
1195272,0.00012771724141202867
1195428,9.009014320326969e-05
1195584,0.00019328568305354565
1195740,0.00012770069588441402
1195896,0.00021895428653806448
1196052,0.008371753618121147
1196208,0.00016345159383490682
1196364,0.01275508850812912
1196520,0.006179806776344776
1196676,0.0014071859186515212
1196832,0.0005258272285573184
1196988,0.00036633361014537513
1197144,0.01657596044242382
1197300,0.000308383401716128
1197456,0.00018723864923231304
1197612,0.006602754816412926
1197768,0.00021558732260018587
1197924,0.00022712245117872953
1198080,0.016523608937859535
1198236,0.00047508665011264384
1198392,0.01914026215672493
1198548,0.0006986336666159332
1198704,0.006547372322529554
1198860,0.0003945959033444524
1199016,0.0006904785986989737
1199172,0.00023511151084676385
1199328,0.0009360442636534572
1199484,6.799501716159284e-05
1199640,0.00010643259156495333
1199796,0.0001636034867260605
1199952,0.0004273212398402393
1200108,0.00015315419295802712
1200264,0.0014108779141679406
1200420,0.00029883853858336806
1200576,0.00018360652029514313
1200732,0.02508511394262314
1200888,0.009210365824401379
1201044,0.0005379374488256872
1201200,0.00044261786388233304
1201356,0.0013265982270240784
1201512,0.0006093544652685523
1201668,0.007961985655128956
1201824,0.00017689054948277771
1201980,0.0005061801057308912
1202136,0.0026182502042502165
1202292,0.0004804173076990992
1202448,0.0001444480149075389
1202604,0.00020869792206212878
1202760,0.00012465371401049197
1202916,0.00030312302988022566
1203072,0.034870244562625885
1203228,0.04052620008587837
1203384,0.0014996754471212626
1203540,0.00013363317702896893
1203696,0.005591754801571369
1203852,0.00014476595970336348
1204008,0.003966336138546467
1204164,0.011877961456775665
1204320,0.00023184852034319192
1204476,0.0002997156698256731
1204632,6.992935959715396e-05
1204788,0.00011620820441748947
1204944,0.00011782308865804225
1205100,8.226530917454511e-05
1205256,0.000565487309359014
1205412,0.0010898960754275322
1205568,0.00028864911291748285
1205724,0.0001398345484631136
1205880,8.897023508325219e-05
1206036,0.0007928037666715682
1206192,0.00046332491911016405
1206348,0.0002799387148115784
1206504,0.0007780688465572894
1206660,0.00019379355944693089
1206816,0.0029225528705865145
1206972,0.0002646307402756065
1207128,0.0002127408515661955
1207284,0.0005483014392666519
1207440,0.006061156280338764
1207596,0.00014648154319729656
1207752,0.0014247626531869173
1207908,0.0017163610318675637
1208064,0.0005959691479802132
1208220,0.0029024016112089157
1208376,0.006452617235481739
1208532,0.0006082478212192655
1208688,0.005156650673598051
1208844,0.00028932979330420494
1209000,0.00040739058749750257
1209156,0.010950975120067596
1209312,0.005117667373269796
1209468,0.0013623619452118874
1209624,0.00015339598758146167
1209780,0.021993258967995644
1209936,0.012847166508436203
1210092,0.0014201182639226317
1210248,0.0017608633497729897
1210404,0.00020483088155742735
1210560,0.00045563274761661887
1210716,0.00033904239535331726
1210872,0.00033193774288520217
1211028,7.752633246127516e-05
1211184,0.003195402678102255
1211340,0.000321738189086318
1211496,4.104488471057266e-05
1211652,5.6290409702342004e-05
1211808,5.141678047948517e-05
1211964,0.012384364381432533
1212120,0.00031171587761491537
1212276,0.00023284436610992998
1212432,0.00823488924652338
1212588,0.00020871539891231805
1212744,0.00010605125862639397
1212900,0.00016869630781002343
1213056,0.00012982652697246522
1213212,0.0003670274163596332
1213368,0.0005257227458059788
1213524,0.0003799492842517793
1213680,0.009479369036853313
1213836,0.00010605499119265005
1213992,0.002163977362215519
1214148,0.0007273580995388329
1214304,0.00012146921653766185
1214460,0.0010723238810896873
1214616,0.004366971552371979
1214772,0.00014946679584681988
1214928,0.00010536007903283462
1215084,8.770687418291345e-05
1215240,7.017452298896387e-05
1215396,0.00012467468332033604
1215552,0.0009449401404708624
1215708,0.005915522575378418
1215864,0.0003039763541892171
1216020,0.0005692390841431916
1216176,0.0003508285153657198
1216332,0.00027167165535502136
1216488,0.0007701966678723693
1216644,0.00014406366972252727
1216800,0.00011777859617723152
1216956,0.0001528059656266123
1217112,7.118042412912473e-05
1217268,5.6921275245258585e-05
1217424,9.406390017829835e-05
1217580,0.00542921619489789
1217736,0.00010481618664925918
1217892,0.00028930173721164465
1218048,0.00022025669750291854
1218204,6.8064866354689e-05
1218360,0.0010682244319468737
1218516,0.00607178034260869
1218672,9.863064042292535e-05
1218828,0.00014422884851228446
1218984,6.789182225475088e-05
1219140,0.00011200267181266099
1219296,0.002233967650681734
1219452,0.00979754701256752
1219608,0.0007619670359417796
1219764,0.0059340717270970345
1219920,0.0007704623276367784
1220076,0.003311890410259366
1220232,0.001690234406851232
1220388,0.017728351056575775
1220544,0.002695584436878562
1220700,0.0003551964764483273
1220856,0.0006551620317623019
1221012,0.013264467939734459
1221168,7.630236359545961e-05
1221324,0.000420126598328352
1221480,0.003070496954023838
1221636,0.007384386844933033
1221792,8.363479719264433e-05
1221948,0.0012606161180883646
1222104,0.01724196970462799
1222260,7.495455793105066e-05
1222416,0.015106690116226673
1222572,0.0031859492883086205
1222728,0.001849531545303762
1222884,0.00017725654470268637
1223040,0.0002324875385966152
1223196,9.434983803657815e-05
1223352,8.004796109162271e-05
1223508,0.00012191414134576917
1223664,0.00023714135750196874
1223820,0.016861509531736374
1223976,0.00012932831305079162
1224132,0.006343103479593992
1224288,0.005012073088437319
1224444,0.03652545064687729
1224600,0.009520038031041622
1224756,0.0008128653862513602
1224912,0.00014773881412111223
1225068,0.004213002510368824
1225224,0.00014041368558537215
1225380,0.00010753784590633586
1225536,0.0018420282285660505
1225692,0.000947564491070807
1225848,0.025804594159126282
1226004,0.00015899527352303267
1226160,0.0001720101136015728
1226316,0.00019051635172218084
1226472,0.00045348258572630584
1226628,0.010112403891980648
1226784,5.521171624423005e-05
1226940,0.0017188511556014419
1227096,0.00011625257320702076
1227252,0.00016240699915215373
1227408,0.0004083329695276916
1227564,0.0005096651730127633
1227720,0.0008580298162996769
1227876,0.02819228544831276
1228032,0.0004951425944454968
1228188,0.0001579250383656472
1228344,0.00030539638828486204
1228500,0.008038097992539406
1228656,0.002385410713031888
1228812,0.0002503104624338448
1228968,0.0013530696742236614
1229124,0.0010146907297894359
1229280,0.0007605685968883336
1229436,0.0019290880300104618
1229592,0.0008431090973317623
1229748,0.00020452328317333013
1229904,0.030609527602791786
1230060,0.0003737025544978678
1230216,0.0002904091670643538
1230372,0.00021115865092724562
1230528,0.01139968354254961
1230684,0.011246511712670326
1230840,0.0018885093741118908
1230996,0.0015576775185763836
1231152,0.0002063115534838289
1231308,0.00018446719332132488
1231464,0.0023578580003231764
1231620,0.00016697072715032846
1231776,0.0037872656248509884
1231932,0.00238933227956295
1232088,0.0003178758197464049
1232244,0.00016900169430300593
1232400,0.00011291139526292682
1232556,0.00019447453087195754
1232712,0.00027064181631430984
1232868,0.00023707734362687916
1233024,0.005922558717429638
1233180,0.0002798915666062385
1233336,0.0003490820527076721
1233492,0.009022831916809082
1233648,0.019073789939284325
1233804,0.00933509599417448
1233960,0.011952466331422329
1234116,0.0010318114655092359
1234272,0.000714308931492269
1234428,0.00025705661391839385
1234584,0.004234678111970425
1234740,0.03534947335720062
1234896,0.0007394887506961823
1235052,0.000656651915051043
1235208,0.00029971543699502945
1235364,9.751283505465835e-05
1235520,5.8512181567493826e-05
1235676,3.4849828807637095e-05
1235832,6.58654680592008e-05
1235988,7.892128633102402e-05
1236144,6.166771345306188e-05
1236300,9.3345734057948e-05
1236456,0.00024856632808223367
1236612,0.00010331100929761305
1236768,0.0010374326957389712
1236924,0.007376949768513441
1237080,0.0015314877964556217
1237236,0.006140468642115593
1237392,0.0017760400660336018
1237548,0.022471100091934204
1237704,0.006188953295350075
1237860,0.005685977637767792
1238016,0.0016960948705673218
1238172,0.014190064743161201
1238328,0.0003213882737327367
1238484,0.0012894883984699845
1238640,0.0006219004280865192
1238796,0.0002058953687082976
1238952,0.00015024715685285628
1239108,4.7655063099227846e-05
1239264,0.0001279449206776917
1239420,7.22251133993268e-05
1239576,5.762097134720534e-05
1239732,0.00012019502173643559
1239888,0.002274935133755207
1240044,0.001137342769652605
1240200,0.0004390351241454482
1240356,0.02460123412311077
1240512,0.00045786035479977727
1240668,0.00022325529425870627
1240824,5.444544513011351e-05
1240980,4.5538265112554654e-05
1241136,0.014081330969929695
1241292,0.0001896361936815083
1241448,0.0001428994000889361
1241604,0.005749789532274008
1241760,0.004989206790924072
1241916,0.000815178791526705
1242072,0.0006968118832446635
1242228,0.001075063250027597
1242384,0.000197832690901123
1242540,0.00023863004753366113
1242696,0.02221142314374447
1242852,0.0014746349770575762
1243008,0.001139459665864706
1243164,0.00020359719928819686
1243320,0.018735261633992195
1243476,0.0012472704984247684
1243632,0.03073912300169468
1243788,0.0002909637987613678
1243944,0.0010708479676395655
1244100,0.00046836939873173833
1244256,0.0003614435554482043
1244412,0.0010515291942283511
1244568,9.461396984988824e-05
1244724,5.45748152944725e-05
1244880,0.002364923246204853
1245036,0.00025147447013296187
1245192,0.0054858289659023285
1245348,0.00042464392026886344
1245504,0.0005307791871018708
1245660,0.0037830828223377466
1245816,9.73157148109749e-05
1245972,4.608716335496865e-05
1246128,6.072219548514113e-05
1246284,8.837755740387365e-05
1246440,4.169813109911047e-05
1246596,0.0001283570600207895
1246752,0.0001563646219437942
1246908,0.0004549170262180269
1247064,0.0001117844512918964
1247220,0.00014783699589315802
1247376,0.00035855904570780694
1247532,0.0053380695171654224
1247688,0.0020179045386612415
1247844,0.0009728617151267827
1248000,0.0024227392859756947
1248156,0.00042515574023127556
1248312,0.00331583758816123
1248468,0.004611361306160688
1248624,0.003536146366968751
1248780,0.04576781764626503
1248936,0.0032289365772157907
1249092,0.004135685041546822
1249248,0.0007195179350674152
1249404,0.00020267254149075598
1249560,0.00015422841534018517
1249716,0.0004202748241368681
1249872,0.0004757075512316078
1250028,9.913383109960705e-05
1250184,0.028369326144456863
1250340,8.752179564908147e-05
1250496,0.0001178847742266953
1250652,0.0004441050405148417
1250808,0.00010402260522823781
1250964,0.0005397723871283233
1251120,8.801809599390253e-05
1251276,0.0025330190546810627
1251432,0.00847669318318367
1251588,0.0010774146066978574
1251744,0.0008735888986848295
1251900,0.00026347560924477875
1252056,0.0009506334317848086
1252212,0.012941000051796436
1252368,0.00018841962446458638
1252524,0.0026412734296172857
1252680,0.00041775734280236065
1252836,0.0014211639063432813
1252992,0.00018190371338278055
1253148,0.008893763646483421
1253304,0.00024281727382913232
1253460,0.00017897729412652552
1253616,0.00016740275896154344
1253772,0.00012044113827869296
1253928,0.00023930793395265937
1254084,0.00020410874276421964
1254240,0.025091873481869698
1254396,0.0002168065111618489
1254552,0.00014289552927948534
1254708,0.00021862052381038666
1254864,0.00017380966164637357
1255020,0.012744937092065811
1255176,0.00011451560567365959
1255332,0.00019779297872446477
1255488,0.0003017928684130311
1255644,0.003316445741802454
1255800,0.0004856447339989245
1255956,9.262591629521921e-05
1256112,0.002353017684072256
1256268,0.0010634225327521563
1256424,0.00026654329849407077
1256580,0.00031246626167558134
1256736,8.667124347994104e-05
1256892,0.0005308100953698158
1257048,0.0004559698572847992
1257204,0.0003583342186175287
1257360,0.0028621458914130926
1257516,0.00036050722701475024
1257672,0.0005042694392614067
1257828,0.007026876322925091
1257984,0.0007833665004000068
1258140,0.0010146175045520067
1258296,0.00032067345455288887
1258452,0.0006230189464986324
1258608,7.787655340507627e-05
1258764,0.00017504996503703296
1258920,0.000593737349845469
1259076,3.574670336092822e-05
1259232,0.0003091040998697281
1259388,0.0025922784116119146
1259544,0.00027334163314662874
1259700,0.0020715058781206608
1259856,0.004963578190654516
1260012,0.0009635359747335315
1260168,0.018169904127717018
1260324,0.012470896355807781
1260480,0.00020754926663357764
1260636,0.0002179735602112487
1260792,0.00012497662100940943
1260948,0.00014969328185543418
1261104,0.0002862770634237677
1261260,0.00029861574876122177
1261416,0.00012195030285511166
1261572,5.1557450206018984e-05
1261728,0.0001994124031625688
1261884,9.272893657907844e-05
1262040,0.00016690182383172214
1262196,0.0003415984392631799
1262352,0.0003298988158348948
1262508,0.0002334068703930825
1262664,0.0010739120189100504
1262820,5.389867874328047e-05
1262976,0.0002126513863913715
1263132,0.01935645565390587
1263288,0.00032718569855205715
1263444,0.00015453866217285395
1263600,0.0003178725019097328
1263756,7.076107431203127e-05
1263912,0.005492487456649542
1264068,8.384350803680718e-05
1264224,0.005929913837462664
1264380,0.00027433206560090184
1264536,0.00022250405163504183
1264692,0.0006093968404456973
1264848,0.02394682541489601
1265004,0.00020130067423451692
1265160,0.003166467882692814
1265316,0.000960499863140285
1265472,0.02104933001101017
1265628,0.00016025107470341027
1265784,0.005669262260198593
1265940,0.0026258518919348717
1266096,0.0001986079732887447
1266252,0.0008952344069257379
1266408,0.0037557105533778667
1266564,0.00017929419118445367
1266720,0.00015529630763921887
1266876,0.0006694564945064485
1267032,0.0001176432560896501
1267188,0.00011830257426481694
1267344,0.00010143406689167023
1267500,7.503257802454755e-05
1267656,7.846707012504339e-05
1267812,0.0006217904738150537
1267968,0.00583395641297102
1268124,0.005450972821563482
1268280,0.0002257761370856315
1268436,0.0013010799884796143
1268592,0.0002119460259564221
1268748,0.0001265385653823614
1268904,0.01347108744084835
1269060,0.00023138447431847453
1269216,0.0004722398880403489
1269372,8.355257887160406e-05
1269528,0.0027627162635326385
1269684,0.0001958453212864697
1269840,0.013927276246249676
1269996,8.563706069253385e-05
1270152,0.02204328402876854
1270308,0.002929450711235404
1270464,0.0025484145153313875
1270620,0.0006395828677341342
1270776,0.03024597093462944
1270932,0.00017134874360635877
1271088,0.0006432579830288887
1271244,0.00022771235671825707
1271400,0.001920411130413413
1271556,0.0003287700819782913
1271712,0.0001972306054085493
1271868,0.0023779100738465786
1272024,0.009950621984899044
1272180,0.003282069694250822
1272336,0.00019233841157983989
1272492,0.0003174279991071671
1272648,0.0005818173522129655
1272804,0.0018256190232932568
1272960,0.000753146770875901
1273116,0.00013017389574088156
1273272,0.00015363888815045357
1273428,0.00043722259579226375
1273584,0.000494722742587328
1273740,0.00036116945557296276
1273896,0.0005090429913252592
1274052,0.0005968884215690196
1274208,0.015782270580530167
1274364,0.0021469644270837307
1274520,0.00029575705411843956
1274676,0.000475905166240409
1274832,0.018703438341617584
1274988,0.00025410152738913894
1275144,6.837023829575628e-05
1275300,0.003018211806192994
1275456,0.00011233222903683782
1275612,0.00675928546115756
1275768,0.0025554473977535963
1275924,0.000857642968185246
1276080,0.0002736245223786682
1276236,0.00022406985226552933
1276392,8.611771045252681e-05
1276548,0.022560464218258858
1276704,0.02657785452902317
1276860,0.004886801354587078
1277016,0.0010613391641527414
1277172,0.00014953245408833027
1277328,5.313147266861051e-05
1277484,0.00012866040924564004
1277640,0.0002475663204677403
1277796,0.00029741047183051705
1277952,0.00011179764260305092
1278108,4.1142924601444975e-05
1278264,9.151507401838899e-05
1278420,2.985416358569637e-05
1278576,0.0006457300623878837
1278732,0.023947499692440033
1278888,0.002191446255892515
1279044,0.015504462644457817
1279200,0.0027886186726391315
1279356,0.0001181194165837951
1279512,0.016017787158489227
1279668,0.00023403053637593985
1279824,0.00010971288429573178
1279980,0.001430810196325183
1280136,0.010885557159781456
1280292,0.00031685191788710654
1280448,0.0001837454183259979
1280604,0.0012864746386185288
1280760,0.006141764111816883
1280916,0.0001075895270332694
1281072,0.013502349145710468
1281228,0.001725447946228087
1281384,0.0003924342745449394
1281540,0.017959127202630043
1281696,0.0002299008920090273
1281852,0.00012787758896593004
1282008,0.00040327387978322804
1282164,0.00017411279259249568
1282320,0.0004137132200412452
1282476,0.0004996355855837464
1282632,0.00040137203177437186
1282788,0.003918350674211979
1282944,0.026785574853420258
1283100,0.0001980030065169558
1283256,0.00038593498175032437
1283412,6.906099588377401e-05
1283568,9.845277236308903e-05
1283724,0.0113974092528224
1283880,0.00020696173305623233
1284036,0.0012285785051062703
1284192,0.009238773956894875
1284348,0.004564131144434214
1284504,9.239956125384197e-05
1284660,0.00023393280571326613
1284816,8.79292274476029e-05
1284972,0.011763442307710648
1285128,0.015734370797872543
1285284,0.00028356973780319095
1285440,0.00044759377487935126
1285596,0.0008428779547102749
1285752,0.0003666850971058011
1285908,0.0031965100206434727
1286064,0.014154402539134026
1286220,0.036296550184488297
1286376,0.001954288687556982
1286532,0.0004650226328521967
1286688,0.005881594493985176
1286844,0.0007217183010652661
1287000,0.0005507442983798683
1287156,0.00042223394848406315
1287312,0.00026617172989062965
1287468,0.00011749959958251566
1287624,0.0013219803804531693
1287780,0.0005189403891563416
1287936,7.640256080776453e-05
1288092,0.00018052640371024609
1288248,0.0001466140238335356
1288404,0.002936842618510127
1288560,0.001967277843505144
1288716,0.000370289315469563
1288872,0.0036696563474833965
1289028,0.0016108357813209295
1289184,0.013033311814069748
1289340,0.008825470693409443
1289496,0.0006245248368941247
1289652,0.011538504622876644
1289808,0.00014282560732681304
1289964,0.00018569958047010005
1290120,0.0010910126147791743
1290276,0.00030295600299723446
1290432,0.0003980678739026189
1290588,0.00037812491063959897
1290744,5.854541450389661e-05
1290900,5.254163625068031e-05
1291056,0.013945008628070354
1291212,0.0005434069316834211
1291368,0.0003440977307036519
1291524,0.020954644307494164
1291680,0.0015352999325841665
1291836,0.010952292010188103
1291992,0.0012504601618275046
1292148,0.00028396674315445125
1292304,0.002328725066035986
1292460,0.001601237221620977
1292616,0.0035089594312012196
1292772,0.00017111137276515365
1292928,0.0005886690341867507
1293084,0.000557632592972368
1293240,0.00010437933087814599
1293396,0.0007116094348020852
1293552,6.221056537469849e-05
1293708,0.00040717620868235826
1293864,0.00022154062753543258
1294020,0.008718892000615597
1294176,0.0004574449558276683
1294332,0.00014604450552724302
1294488,0.00035211764043197036
1294644,0.00370579375885427
1294800,0.0006977258599363267
1294956,0.000272636505542323
1295112,0.008183435536921024
1295268,0.00031194346956908703
1295424,0.0009571050759404898
1295580,0.023821158334612846
1295736,0.0004953698953613639
1295892,0.0041828458197414875
1296048,0.0007354390108957887
1296204,0.0007735532708466053
1296360,0.00013536735787056386
1296516,0.00014607713092118502
1296672,0.0001408742245985195
1296828,0.00012864639575127512
1296984,0.00022052897838875651
1297140,0.0003205115208402276
1297296,0.0009275497286580503
1297452,0.010094108060002327
1297608,0.006613960023969412
1297764,0.0005354200839065015
1297920,0.0002945715677924454
1298076,0.0002544440794736147
1298232,0.00027522016898728907
1298388,0.001015158137306571
1298544,0.0013446996454149485
1298700,0.001152401207946241
1298856,0.0033223724458366632
1299012,0.0014500770485028625
1299168,6.486035272246227e-05
1299324,0.00216702651232481
1299480,0.00012448753113858402
1299636,0.00064662512158975
1299792,0.0033540690783411264
1299948,0.023722853511571884
1300104,0.0025700454134494066
1300260,0.00023788775433786213
1300416,0.006383553612977266
1300572,5.1720093324547634e-05
1300728,0.0001586241996847093
1300884,0.00010032326099462807
1301040,0.00011038692900910974
1301196,5.330433486960828e-05
1301352,5.0123166147386655e-05
1301508,4.839884059038013e-05
1301664,0.00019667542073875666
1301820,0.0005708414246328175
1301976,6.648292765021324e-05
1302132,0.0023300726898014545
1302288,0.0013769184006378055
1302444,0.0002037094091065228
1302600,0.019428767263889313
1302756,0.0001817941083572805
1302912,0.007409068755805492
1303068,0.028756000101566315
1303224,9.317406511399895e-05
1303380,0.00027649232652038336
1303536,0.001907571218907833
1303692,0.05939159542322159
1303848,0.0008697592420503497
1304004,0.00716704037040472
1304160,0.0002212731633335352
1304316,0.00017510099860373884
1304472,0.00010295821994077414
1304628,0.00023710816458333284
1304784,0.0002895192592404783
1304940,0.004756389185786247
1305096,0.0006892427336424589
1305252,0.00023076971410773695
1305408,0.0006167920073494315
1305564,5.328703628038056e-05
1305720,0.00010196249058935791
1305876,0.0007221684791147709
1306032,0.0002395712217548862
1306188,6.057896825950593e-05
1306344,5.929139661020599e-05
1306500,0.0002103940350934863
1306656,0.000704251229763031
1306812,0.014397947117686272
1306968,0.00010268176993122324
1307124,0.0004263607843313366
1307280,0.00018111348617821932
1307436,0.00019338971469551325
1307592,4.3961292249150574e-05
1307748,4.6121011109789833e-05
1307904,0.011470329016447067
1308060,0.003989462275058031
1308216,0.0017732253763824701
1308372,0.0006115503492765129
1308528,0.00014040361566003412
1308684,0.0008802810334600508
1308840,0.00047985740820877254
1308996,7.011037087067962e-05
1309152,8.402897219639271e-05
1309308,0.006867311429232359
1309464,0.0070600188337266445
1309620,0.0025236234068870544
1309776,0.00036323710810393095
1309932,0.000649061577860266
1310088,9.514739213045686e-05
1310244,0.003085523610934615
1310400,0.0005903764977119863
1310556,0.0005253844428807497
1310712,0.0003451385418884456
1310868,0.000333241478074342
1311024,0.03011147677898407
1311180,0.00021752348402515054
1311336,0.0017188690835610032
1311492,0.0020058522932231426
1311648,0.0038795419968664646
1311804,0.00761912576854229
1311960,0.00013309720088727772
1312116,6.711165769957006e-05
1312272,0.0004499984788708389
1312428,0.00014478026423603296
1312584,0.003564559854567051
1312740,0.013375303708016872
1312896,0.0003446392365731299
1313052,0.0003561248304322362
1313208,0.005121709778904915
1313364,0.0003446441551204771
1313520,0.00023046787828207016
1313676,0.0002603357133921236
1313832,0.0004398286109790206
1313988,9.585545194568112e-05
1314144,0.00018844699661713094
1314300,0.0026580998674035072
1314456,0.00014111431664787233
1314612,0.0001328356738667935
1314768,8.43075176817365e-05
1314924,0.0030522351153194904
1315080,0.0010752537054941058
1315236,0.00023845107352826744
1315392,0.000964909850154072
1315548,7.678153633605689e-05
1315704,0.00042034831130877137
1315860,0.00044621172128245234
1316016,0.00010615045175654814
1316172,0.001051581697538495
1316328,4.0811486542224884e-05
1316484,0.0007980288937687874
1316640,0.01255799736827612
1316796,0.0005966127500869334
1316952,0.00010566320997895673
1317108,6.469947402365506e-05
1317264,0.00010880939225899056
1317420,0.000316192745231092
1317576,0.00018817713134922087
1317732,9.097637666855007e-05
1317888,8.656553109176457e-05
1318044,0.0002554655075073242
1318200,0.006112201139330864
1318356,0.0012138672173023224
1318512,0.00017149675113614649
1318668,0.003089670557528734
1318824,0.0001149738600361161
1318980,0.00017481044051237404
1319136,0.0001710880605969578
1319292,0.00400053383782506
1319448,0.00037679614615626633
1319604,0.00015594891738146544
1319760,0.00016618528752587736
1319916,0.00018168502720072865
1320072,0.00013566974666900933
1320228,0.010950742289423943
1320384,0.0005016403738409281
1320540,0.0006041332380846143
1320696,0.0004499354981817305
1320852,0.00392841175198555
1321008,0.0027490551583468914
1321164,0.00017925133579410613
1321320,0.00020586929167620838
1321476,0.001231468515470624
1321632,0.0061174798756837845
1321788,0.00048795808106660843
1321944,0.00018558457668405026
1322100,0.005420275963842869
1322256,0.000798337918240577
1322412,0.0012075667036697268
1322568,0.005255807191133499
1322724,0.00492605846375227
1322880,0.023318666964769363
1323036,0.0014185374602675438
1323192,0.00021879126143176109
1323348,0.0002447028527967632
1323504,0.004016065038740635
1323660,0.0002312939177500084
1323816,0.0012739755911752582
1323972,0.0001341148599749431
1324128,0.00033855796209536493
1324284,0.006765835452824831
1324440,0.002985643921419978
1324596,0.001097178552299738
1324752,0.00033137676655314863
1324908,9.467251948080957e-05
1325064,0.0008691630209796131
1325220,0.0001403691858286038
1325376,0.001875982852652669
1325532,0.00020513960043899715
1325688,9.840010898187757e-05
1325844,0.00024811309413053095
1326000,0.00010498781193746254
1326156,2.0402836526045576e-05
1326312,0.0010201535187661648
1326468,0.013829589821398258
1326624,0.0008169591892510653
1326780,0.0006325988215394318
1326936,0.00013347322237677872
1327092,0.003564306767657399
1327248,0.002591358032077551
1327404,0.00015642060316167772
1327560,0.00031814834801480174
1327716,0.00013361200399231166
1327872,8.661189349368215e-05
1328028,0.007244443986564875
1328184,0.0016189158195629716
1328340,0.002121232682839036
1328496,0.0021107690408825874
1328652,0.0009454329265281558
1328808,0.0002956920943688601
1328964,0.0008702164050191641
1329120,0.000300563289783895
1329276,0.0010642723646014929
1329432,0.0030653488356620073
1329588,0.0004955304902978241
1329744,0.012853173539042473
1329900,0.001601558644324541
1330056,0.0003319467359688133
1330212,0.0015125436475500464
1330368,0.00017125492740888149
1330524,0.00014646405179519206
1330680,0.00012402430002111942
1330836,0.013864451088011265
1330992,0.0002812356688082218
1331148,8.696604345459491e-05
1331304,8.730401168577373e-05
1331460,0.01906847395002842
1331616,0.006233728490769863
1331772,0.000482664123410359
1331928,0.0006073312251828611
1332084,9.866537584457546e-05
1332240,0.00016359126311726868
1332396,0.0001438009785488248
1332552,0.0006863962626084685
1332708,0.005634614732116461
1332864,7.2818947955966e-05
1333020,0.00014164097956381738
1333176,0.00012734475603792816
1333332,0.00040804134914651513
1333488,0.005761079490184784
1333644,0.0023311427794396877
1333800,0.012560201808810234
1333956,0.0004986044950783253
1334112,0.00027571857208386064
1334268,0.0011667084181681275
1334424,0.00516769103705883
1334580,0.012297723442316055
1334736,0.0005091484053991735
1334892,0.0002265366056235507
1335048,0.00023259477165993303
1335204,0.0005086323362775147
1335360,0.0024666974786669016
1335516,0.0007644385332241654
1335672,0.001194111187942326
1335828,0.0002129336353391409
1335984,0.006670594215393066
1336140,0.0029891091398894787
1336296,0.000133690467919223
1336452,0.000511867692694068
1336608,0.00012294965563341975
1336764,0.0019164369441568851
1336920,0.005806003697216511
1337076,0.000656346557661891
1337232,0.0002113191585522145
1337388,5.5518801673315465e-05
1337544,0.0003537305165082216
1337700,0.0010536464396864176
1337856,0.0007373690605163574
1338012,0.00031129043782129884
1338168,0.00028554824530147016
1338324,0.0006570871919393539
1338480,0.00010930407734122127
1338636,0.0001830452965805307
1338792,0.0026858255732804537
1338948,0.00011319763143546879
1339104,8.282651106128469e-05
1339260,0.00021747456048615277
1339416,4.794700362253934e-05
1339572,0.011401255615055561
1339728,0.005722050089389086
1339884,0.0005813585594296455
1340040,0.00021290415315888822
1340196,0.030469337478280067
1340352,0.00013924960512667894
1340508,0.02880171872675419
1340664,0.00023703498300164938
1340820,0.012063837610185146
1340976,4.9713984481059015e-05
1341132,0.005247251130640507
1341288,0.0009605006198398769
1341444,0.0057618580758571625
1341600,8.710395195521414e-05
1341756,0.0006435191608034074
1341912,0.00797338131815195
1342068,0.00024012141511775553
1342224,0.010254183784127235
1342380,0.004375666845589876
1342536,0.0005399928195402026
1342692,0.000843200774397701
1342848,0.0002729814441408962
1343004,0.006646984722465277
1343160,0.0012329769087955356
1343316,0.0009781981352716684
1343472,0.00034882163163274527
1343628,0.0002747793332673609
1343784,7.434077269863337e-05
1343940,4.4413827708922327e-05
1344096,4.6407352783717215e-05
1344252,5.649509694194421e-05
1344408,0.0006414559902623296
1344564,0.0001302021846640855
1344720,8.20993009256199e-05
1344876,0.0008827252895571291
1345032,0.0001531030284240842
1345188,0.023241829127073288
1345344,0.00027175992727279663
1345500,7.645614095963538e-05
1345656,0.0002372827148064971
1345812,0.0009499153820797801
1345968,0.007018019445240498
1346124,0.00011123259173473343
1346280,0.00036168284714221954
1346436,0.0001465855457354337
1346592,0.0001356720895273611
1346748,0.008588680997490883
1346904,7.523081148974597e-05
1347060,0.000179785187356174
1347216,0.000159631556016393
1347372,0.00785911176353693
1347528,0.00014033248589839786
1347684,0.00025487333186902106
1347840,0.0006207707920111716
1347996,0.0007702246657572687
1348152,0.00014183517487253994
1348308,0.014404899440705776
1348464,0.0023527287412434816
1348620,0.000156329944729805
1348776,0.00019460385374259204
1348932,4.927399641019292e-05
1349088,6.058836879674345e-05
1349244,0.00014738118625245988
1349400,0.00016152577882166952
1349556,0.002236374421045184
1349712,0.021223751828074455
1349868,0.0004923323867842555
1350024,0.0029664679896086454
1350180,0.0007240065606310964
1350336,0.0005335687892511487
1350492,0.00043294785427860916
1350648,0.0004389209789223969
1350804,0.0012181903002783656
1350960,0.001451397780328989
1351116,0.00027090287767350674
1351272,0.014581219293177128
1351428,0.00011488884047139436
1351584,7.234400254674256e-05
1351740,0.0010878111934289336
1351896,0.001948965829797089
1352052,0.016023071482777596
1352208,0.001105108647607267
1352364,0.00017737536109052598
1352520,6.349344766931608e-05
1352676,7.271803042385727e-05
1352832,8.7419779447373e-05
1352988,0.012358059175312519
1353144,6.632424629060552e-05
1353300,0.0010192436166107655
1353456,0.0008091621566563845
1353612,0.000307544571114704
1353768,0.001917700981721282
1353924,0.00031453155679628253
1354080,0.00035801102058030665
1354236,0.00014641806774307042
1354392,0.00032959127565845847
1354548,0.00030426873126998544
1354704,6.667946581728756e-05
1354860,0.006491862703114748
1355016,0.0008501012925989926
1355172,0.00015294624608941376
1355328,0.0023715230636298656
1355484,0.010901393368840218
1355640,0.0006527283694595098
1355796,8.660450839670375e-05
1355952,0.0027098732534796
1356108,3.746303991647437e-05
1356264,8.255978173110634e-05
1356420,0.013336405158042908
1356576,0.0046407305635511875
1356732,0.00038119714008644223
1356888,0.0014633513055741787
1357044,0.000325071276165545
1357200,0.03134679049253464
1357356,0.0002167855855077505
1357512,0.0003159576444886625
1357668,0.0002708449319470674
1357824,0.0002080596168525517
1357980,0.004156341776251793
1358136,8.143021841533482e-05
1358292,8.126888860715553e-05
1358448,0.005476293154060841
1358604,0.00011151891521876678
1358760,0.0002731360145844519
1358916,0.0005383076495490968
1359072,0.00023131031775847077
1359228,0.028068771585822105
1359384,0.030577242374420166
1359540,0.00016633360064588487
1359696,0.0001781373139237985
1359852,0.012107972986996174
1360008,0.00505398865789175
1360164,0.0033879035618156195
1360320,0.031190603971481323
1360476,0.00012235190661158413
1360632,0.0058460235595703125
1360788,0.0012748271692544222
1360944,0.018008219078183174
1361100,0.011842885985970497
1361256,0.015258473344147205
1361412,0.001354964915663004
1361568,0.00035966827999800444
1361724,0.0018930165097117424
1361880,0.00015138086746446788
1362036,0.00010266120807500556
1362192,0.00011801991058746353
1362348,0.005779664032161236
1362504,0.03736146166920662
1362660,0.0007905641105026007
1362816,0.012186408042907715
1362972,0.001246497966349125
1363128,0.0005553967785090208
1363284,0.011977513320744038
1363440,0.009189758449792862
1363596,0.0006393103394657373
1363752,0.00011937353701796383
1363908,0.00012532863183878362
1364064,0.009455746971070766
1364220,0.00015402596909552813
1364376,0.00016238428361248225
1364532,9.583451901562512e-05
1364688,0.00024133105762302876
1364844,0.0006093013216741383
1365000,0.001220904989168048
1365156,0.0005915866931900382
1365312,0.0001665634918026626
1365468,0.0003452962846495211
1365624,0.0007014184957370162
1365780,8.662506297696382e-05
1365936,9.326988947577775e-05
1366092,0.002278114901855588
1366248,0.00231192191131413
1366404,0.000158966300659813
1366560,4.548807191895321e-05
1366716,0.00324835954234004
1366872,0.0002825377741828561
1367028,4.400259058456868e-05
1367184,0.0027142881881445646
1367340,0.0110405832529068
1367496,0.0005586677580140531
1367652,0.000862379907630384
1367808,0.0004635288496501744
1367964,0.001948786899447441
1368120,0.001302537159062922
1368276,0.0006509433733299375
1368432,0.001790127600543201
1368588,6.572404527105391e-05
1368744,9.425301686860621e-05
1368900,0.00010103033855557442
1369056,5.0927883421536535e-05
1369212,6.714499613735825e-05
1369368,0.0001131125318352133
1369524,0.00012965236965101212
1369680,0.0002406010462436825
1369836,0.00048311689170077443
1369992,0.00011430648737587035
1370148,0.00020745533402077854
1370304,0.0009737099171616137
1370460,0.007566136308014393
1370616,0.00019472170970402658
1370772,0.00014119138359092176
1370928,0.010250383988022804
1371084,0.00016901217168197036
1371240,0.0001189151662401855
1371396,0.0002438710944261402
1371552,0.0011909592431038618
1371708,0.00015662176883779466
1371864,0.0010750623187050223
1372020,0.0009870283538475633
1372176,0.011672069318592548
1372332,0.0009027232881635427
1372488,0.00010973877215292305
1372644,0.0001641190319787711
1372800,0.0003079224843531847
1372956,7.288432971108705e-05
1373112,8.427041757386178e-05
1373268,0.0006230079452507198
1373424,0.00019782004528678954
1373580,7.27574952179566e-05
1373736,7.770278170937672e-05
1373892,0.0023813974112272263
1374048,0.0019128822023048997
1374204,0.00015956172137521207
1374360,0.005936467554420233
1374516,0.0011334959417581558
1374672,0.000341462146025151
1374828,0.0001795048447092995
1374984,5.940312257735059e-05
1375140,0.0008226722711697221
1375296,0.00526470597833395
1375452,5.044506906415336e-05
1375608,0.002415836788713932
1375764,0.00940677896142006
1375920,0.014844744466245174
1376076,0.0033187158405780792
1376232,0.00018933851970359683
1376388,8.128157060127705e-05
1376544,0.00020833192684222013
1376700,0.00020830496214330196
1376856,0.00016003867494873703
1377012,0.0005789478891529143
1377168,0.00011719531175913289
1377324,0.00038991961628198624
1377480,0.00012563365453388542
1377636,0.0027503136079758406
1377792,0.004001001827418804
1377948,0.0015232590958476067
1378104,0.009307216852903366
1378260,0.0011589252389967442
1378416,0.03293488919734955
1378572,0.0013986143749207258
1378728,0.019897161051630974
1378884,0.01160971075296402
1379040,0.004397829528898001
1379196,0.0020349021069705486
1379352,0.0001694401871645823
1379508,0.00016260065604001284
1379664,0.00019736240210477263
1379820,9.177321044262499e-05
1379976,0.015033061616122723
1380132,3.300981916254386e-05
1380288,7.580087549285963e-05
1380444,0.0008492011693306267
1380600,5.5122378398664296e-05
1380756,0.0003006218757946044
1380912,0.013168832287192345
1381068,8.047706796787679e-05
1381224,0.03042123280465603
1381380,0.006876124069094658
1381536,9.44540515774861e-05
1381692,0.0001600334362592548
1381848,0.00010798481525853276
1382004,0.00022637148504145443
1382160,0.0005152879166416824
1382316,0.001027389313094318
1382472,0.02300282008945942
1382628,0.002766953781247139
1382784,0.000521067064255476
1382940,5.025545760872774e-05
1383096,0.00010119432408828288
1383252,6.902558379806578e-05
1383408,0.0018847191240638494
1383564,6.185634265420958e-05
1383720,9.780426626093686e-05
1383876,0.00019298429833725095
1384032,0.0018572867847979069
1384188,0.0002274167927680537
1384344,7.109827129170299e-05
1384500,0.00012222398072481155
1384656,4.778298534802161e-05
1384812,0.00010842099436558783
1384968,0.0001449947594664991
1385124,9.422779839951545e-05
1385280,0.00022345325851347297
1385436,0.00017932243645191193
1385592,0.00017421634402126074
1385748,0.00015792029444128275
1385904,0.0002076083910651505
1386060,0.0004825118521694094
1386216,0.00014400776126421988
1386372,0.0006931094685569406
1386528,0.001469167647883296
1386684,0.001548140193335712
1386840,0.0014822663506492972
1386996,0.019430290907621384
1387152,0.0013155462220311165
1387308,0.0005804396350868046
1387464,0.0009541147737763822
1387620,0.00018093243124894798
1387776,0.0004279742715880275
1387932,0.0011392205487936735
1388088,0.00015437733964063227
1388244,0.00040557992178946733
1388400,0.00022184013505466282
1388556,0.005050383508205414
1388712,0.00012286286801099777
1388868,0.010990123264491558
1389024,0.00023241718008648604
1389180,0.00235388963483274
1389336,0.00795141514390707
1389492,0.0008448475273326039
1389648,6.800508708693087e-05
1389804,0.0033007031306624413
1389960,0.0009861576836556196
1390116,4.1745421185623854e-05
1390272,5.588318163063377e-05
1390428,4.5370143197942525e-05
1390584,2.556095387262758e-05
1390740,2.5633569748606533e-05
1390896,0.02074124477803707
1391052,0.00010444271174492314
1391208,6.394426600309089e-05
1391364,0.010604296810925007
1391520,0.0010140666272491217
1391676,0.00028358655981719494
1391832,0.0037407749332487583
1391988,0.00026591451023705304
1392144,0.006184911821037531
1392300,0.0034096569288522005
1392456,0.0008757822215557098
1392612,0.0005505490698851645
1392768,0.012263464741408825
1392924,0.00042277463944628835
1393080,0.00014402068336494267
1393236,0.0006970196263864636
1393392,0.0005912688793614507
1393548,0.000163244127179496
1393704,0.008480027318000793
1393860,9.178215259453282e-05
1394016,6.098981975810602e-05
1394172,0.00011194437684025615
1394328,0.00048104309826157987
1394484,9.015666728373617e-05
1394640,0.0006232563173398376
1394796,0.010679288767278194
1394952,0.00011055344657506794
1395108,0.0002634220873005688
1395264,0.0036065552849322557
1395420,0.00020971748745068908
1395576,0.00042509351624175906
1395732,0.011522836983203888
1395888,0.0005191591917537153
1396044,0.0011616201372817159
1396200,0.002801367547363043
1396356,0.00024958321591839194
1396512,0.006503975950181484
1396668,8.32842561067082e-05
1396824,5.266084190225229e-05
1396980,0.00010500127973500639
1397136,0.00038760562893003225
1397292,0.00014641095185652375
1397448,0.006773189175873995
1397604,0.01240768376737833
1397760,6.544994539581239e-05
1397916,0.00020595813111867756
1398072,0.0008446202846243978
1398228,0.00034320185659453273
1398384,0.00015933724353089929
1398540,0.0003462006279733032
1398696,0.00544058158993721
1398852,0.000553274410776794
1399008,0.0001283782912651077
1399164,0.0001339772279607132
1399320,7.58733949624002e-05
1399476,0.00023179769050329924
1399632,0.006062569096684456
1399788,8.465837163385004e-05
1399944,4.9747621233109385e-05
1400100,6.23332234681584e-05
1400256,0.0001061876755557023
1400412,0.008602402172982693
1400568,0.0005292863352224231
1400724,0.0011803610250353813
1400880,0.003090631915256381
1401036,0.0003315956564620137
1401192,0.015401547774672508
1401348,0.00045196019345894456
1401504,0.00011927120795007795
1401660,0.0037276402581483126
1401816,0.006470894441008568
1401972,0.00034645129926502705
1402128,0.00010991829913109541
1402284,0.00852430984377861
1402440,0.0001409623073413968
1402596,7.718795677646995e-05
1402752,0.005475146230310202
1402908,0.02405344694852829
1403064,0.00514117581769824
1403220,0.00010493080480955541
1403376,0.00018151229596696794
1403532,6.126266089268029e-05
1403688,0.0001676174288149923
1403844,0.00016681780107319355
1404000,7.282405567821115e-05
1404156,7.17629081918858e-05
1404312,0.0002500647970009595
1404468,9.569399117026478e-05
1404624,0.003909013699740171
1404780,0.00018232662114314735
1404936,0.00016096551553346217
1405092,0.000936261611059308
1405248,4.243463627062738e-05
1405404,0.00011123009608127177
1405560,0.0003211917355656624
1405716,0.005936711095273495
1405872,0.00030496399267576635
1406028,0.00047446315875276923
1406184,0.007121021393686533
1406340,0.0003011743538081646
1406496,0.00013420605682767928
1406652,0.0002163831959478557
1406808,0.00020472821779549122
1406964,0.00021999358432367444
1407120,0.00032875878969207406
1407276,0.0001871102285804227
1407432,9.253641474060714e-05
1407588,0.0006771159823983908
1407744,0.00021804611606057733
1407900,0.0018805497093126178
1408056,0.0002450248575769365
1408212,0.00044049660209566355
1408368,0.00010205850412603468
1408524,0.006898240186274052
1408680,0.00018186104716733098
1408836,0.00023603456793352962
1408992,0.005148417316377163
1409148,0.001440995023585856
1409304,0.005486740730702877
1409460,0.015047535300254822
1409616,0.006264569703489542
1409772,0.0012555393623188138
1409928,0.00011887565051438287
1410084,7.564846600871533e-05
1410240,0.0006894280086271465
1410396,0.0007977285422384739
1410552,0.0014523793943226337
1410708,0.006874780170619488
1410864,0.002486524870619178
1411020,0.001374669373035431
1411176,0.0012404434382915497
1411332,0.03789655864238739
1411488,0.04458355903625488
1411644,0.009975478984415531
1411800,8.483370038447902e-05
1411956,0.018105575814843178
1412112,0.0011530246119946241
1412268,0.003548250999301672
1412424,0.014122765511274338
1412580,0.00018401973647996783
1412736,0.0001353206898784265
1412892,0.0001268635387532413
1413048,0.00010554990876698866
1413204,0.00029771210392937064
1413360,8.711098053026944e-05
1413516,0.000470793223939836
1413672,0.006861046887934208
1413828,0.0001861380587797612
1413984,0.0002754456945694983
1414140,9.164965013042092e-05
1414296,6.466354534495622e-05
1414452,5.602416058536619e-05
1414608,0.010172449983656406
1414764,0.0004160819516982883
1414920,0.00023657579731661826
1415076,0.0010493280133232474
1415232,8.522358257323503e-05
1415388,0.00011339319462422282
1415544,4.452028952073306e-05
1415700,0.00037301628617569804
1415856,0.012619138695299625
1416012,0.00012341074761934578
1416168,5.42155175935477e-05
1416324,5.438202424556948e-05
1416480,0.009626878425478935
1416636,0.00019433751003816724
1416792,0.00011792835721280426
1416948,0.00029639320564456284
1417104,0.017523974180221558
1417260,0.009087763726711273
1417416,0.004404919221997261
1417572,0.008668746799230576
1417728,0.04195809364318848
1417884,0.003492429619655013
1418040,0.0003760176186915487
1418196,0.010935984551906586
1418352,0.0006463410099968314
1418508,0.009934349916875362
1418664,0.012812742032110691
1418820,0.00016821635654196143
1418976,0.0003178522747475654
1419132,9.407745528733358e-05
1419288,0.00045762164518237114
1419444,0.0003994502767454833
1419600,5.218983278609812e-05
1419756,2.2218395315576345e-05
1419912,0.0003082812763750553
1420068,0.01878468506038189
1420224,0.00015051764785312116
1420380,0.002426629886031151
1420536,0.00010831185500137508
1420692,0.00044616631930693984
1420848,0.00014905356511007994
1421004,0.00013052087160758674
1421160,0.010089723393321037
1421316,0.00012031516234856099
1421472,4.006150993518531e-05
1421628,7.439245382556692e-05
1421784,0.0019361163722351193
1421940,0.00010920556087512523
1422096,0.00015287754649762064
1422252,0.00013564873370341957
1422408,0.0007657029782421887
1422564,0.01274306420236826
1422720,0.00014694276615045965
1422876,0.01272227056324482
1423032,0.0004940255894325674
1423188,0.00029687208007089794
1423344,0.01675218716263771
1423500,0.0009124427451752126
1423656,0.016894541680812836
1423812,0.009839257225394249
1423968,0.0004429729888215661
1424124,0.0006445797625929117
1424280,7.028521213214844e-05
1424436,5.444418638944626e-05
1424592,5.8666257245931774e-05
1424748,0.0011816240148618817
1424904,0.015609060414135456
1425060,0.004194715525954962
1425216,0.00024408005992881954
1425372,0.000544712005648762
1425528,0.00020605222380254418
1425684,0.007525361143052578
1425840,0.00029588222969323397
1425996,0.0005439999513328075
1426152,0.0008187872008420527
1426308,0.0001962625829037279
1426464,0.00013790809316560626
1426620,0.0004101428494323045
1426776,0.0002466550504323095
1426932,0.0021588762756437063
1427088,3.7444584449985996e-05
1427244,0.013018770143389702
1427400,0.00023371013230644166
1427556,0.0008815181208774447
1427712,0.030025510117411613
1427868,0.0006094129057601094
1428024,0.00033381511457264423
1428180,0.0007094870088621974
1428336,0.00017925200518220663
1428492,9.830118506215513e-05
1428648,0.00010219799150945619
1428804,0.0006595283630304039
1428960,8.10334095149301e-05
1429116,0.00040411241934634745
1429272,0.00012011727085337043
1429428,6.366539309965447e-05
1429584,5.8600096963346004e-05
1429740,0.0003749143797904253
1429896,0.015513450838625431
1430052,0.0001358776935376227
1430208,7.480359636247158e-05
1430364,0.0007472928264178336
1430520,0.0005714980652555823
1430676,0.007402863819152117
1430832,0.002308261813595891
1430988,0.004084561951458454
1431144,0.00036767678102478385
1431300,0.01342767383903265
1431456,0.027861349284648895
1431612,0.00022386288037523627
1431768,0.00015571468975394964
1431924,0.00560455908998847
1432080,3.623634620453231e-05
1432236,7.285393076017499e-05
1432392,0.000197683009901084
1432548,0.00038977290387265384
1432704,0.00025807993370108306
1432860,0.00011251588148297742
1433016,0.0012686646077781916
1433172,0.0006702137179672718
1433328,0.0003397935361135751
1433484,0.0019178867805749178
1433640,0.0009076650603674352
1433796,0.018017999827861786
1433952,0.0005014082998968661
1434108,0.00013309766654856503
1434264,0.00845072977244854
1434420,0.01831497997045517
1434576,0.0004608006274793297
1434732,5.941611743764952e-05
1434888,0.0003504015621729195
1435044,0.001710903481580317
1435200,0.007180808577686548
1435356,0.0007115488988347352
1435512,0.004989275708794594
1435668,0.00047159622772596776
1435824,0.00010268024925608188
1435980,4.401516343932599e-05
1436136,0.00014509835455100983
1436292,0.00037310857442207634
1436448,8.755362796364352e-05
1436604,0.0004548794240690768
1436760,6.384550943039358e-05
1436916,0.00015226700634229928
1437072,0.0005360693903639913
1437228,0.00044615502702072263
1437384,0.0011422554962337017
1437540,0.002531040459871292
1437696,0.0007186228176578879
1437852,0.028341293334960938
1438008,0.0012442528968676925
1438164,0.006082162726670504
1438320,0.0002609728544484824
1438476,5.4105596063891426e-05
1438632,0.0007520562503486872
1438788,0.0001008558610919863
1438944,0.0004976567579433322
1439100,0.0009284997940994799
1439256,0.00138246756978333
1439412,0.0005263329367153347
1439568,0.00010920708882622421
1439724,0.008814739994704723
1439880,0.04748574271798134
1440036,0.00017084984574466944
1440192,8.153717499226332e-05
1440348,0.0015670859720557928
1440504,0.000324153428664431
1440660,0.0002942104183603078
1440816,7.501389336539432e-05
1440972,0.00010201714030699804
1441128,0.00011956461821682751
1441284,4.841191912419163e-05
1441440,0.00044699845602735877
1441596,6.266311538638547e-05
1441752,0.0007066986872814596
1441908,0.0014717488083988428
1442064,0.009707430377602577
1442220,0.00016503146616742015
1442376,0.00041993241757154465
1442532,7.051820284686983e-05
1442688,7.30070605641231e-05
1442844,6.634015880990773e-05
1443000,0.00038198177935555577
1443156,6.857737025711685e-05
1443312,0.0003527796361595392
1443468,0.00029640045249834657
1443624,0.0012328902957960963
1443780,0.0009286915301345289
1443936,0.0008546463213860989
1444092,0.000286180671537295
1444248,0.012288489378988743
1444404,0.007603892590850592
1444560,0.0002522406866773963
1444716,0.00010736782860476524
1444872,7.162829570006579e-05
1445028,0.0005354304448701441
1445184,6.349693285301328e-05
1445340,0.0013473568251356483
1445496,0.00020343041978776455
1445652,0.0005364539101719856
1445808,0.0038354997523128986
1445964,0.0013381867902353406
1446120,0.00041463703382760286
1446276,0.0002486996818333864
1446432,0.005326668731868267
1446588,0.004396331496536732
1446744,0.0002052554045803845
1446900,7.488130358979106e-05
1447056,8.993528899736702e-05
1447212,0.00013703617150895298
1447368,0.0011693360283970833
1447524,5.7842426031129435e-05
1447680,0.027655577287077904
1447836,0.009320791810750961
1447992,0.0054959929548203945
1448148,0.0009653089800849557
1448304,0.0028122514486312866
1448460,0.013008104637265205
1448616,0.00013842704356648028
1448772,0.004161317832767963
1448928,0.00017047414439730346
1449084,3.835523602901958e-05
1449240,0.00011491803161334246
1449396,5.47402014490217e-05
1449552,2.6100704417331144e-05
1449708,2.8643906262004748e-05
1449864,9.60262113949284e-05
1450020,8.904995047487319e-05
1450176,5.492783384397626e-05
1450332,0.00020144492737017572
1450488,0.0001401029876433313
1450644,0.0003433136153034866
1450800,0.00040214048931375146
1450956,0.0053409007377922535
1451112,0.009217465296387672
1451268,0.003824494080618024
1451424,0.0012424723245203495
1451580,0.014464951120316982
1451736,9.320637036580592e-05
1451892,4.722076846519485e-05
1452048,0.0003789305337704718
1452204,0.001498193945735693
1452360,0.00022313806402962655
1452516,6.278706132434309e-05
1452672,0.04385501891374588
1452828,8.526479359716177e-05
1452984,0.0006290721357800066
1453140,0.00013834347191732377
1453296,0.00013321140431798995
1453452,0.0007862712955102324
1453608,0.00045225294888950884
1453764,0.0002622639003675431
1453920,0.00095864397007972
1454076,0.0004206212470307946
1454232,0.018891867250204086
1454388,6.343519635265693e-05
1454544,0.0001916584005812183
1454700,0.000133144436404109
1454856,0.04287993162870407
1455012,0.006609599106013775
1455168,0.00033669546246528625
1455324,0.0006823177682235837
1455480,0.0005733360885642469
1455636,0.00034996913745999336
1455792,0.0011448761215433478
1455948,0.00014362155343405902
1456104,0.002097485587000847
1456260,0.0009610062115825713
1456416,0.021820180118083954
1456572,7.791112147970125e-05
1456728,8.280003385152668e-05
1456884,0.006047870498150587
1457040,0.0024204214569181204
1457196,3.631421714089811e-05
1457352,0.005645789206027985
1457508,0.00034612746094353497
1457664,0.00010449688124936074
1457820,0.0026563950814306736
1457976,0.014860352501273155
1458132,0.007125126663595438
1458288,0.00014316568558569998
1458444,0.00010224684956483543
1458600,6.579071487067267e-05
1458756,0.00907369889318943
1458912,0.00023022759705781937
1459068,4.650180198950693e-05
1459224,3.555508374120109e-05
1459380,0.00018639318295754492
1459536,0.00024826067965477705
1459692,0.00033540261210873723
1459848,0.008227255195379257
1460004,0.00011546773021109402
1460160,2.7525729819899425e-05
1460316,2.8423422918422148e-05
1460472,8.118629921227694e-05
1460628,7.293892849702388e-05
1460784,4.062186781084165e-05
1460940,0.0009124870412051678
1461096,0.00010876345913857222
1461252,0.0001529878645669669
1461408,0.0007705198368057609
1461564,4.413865099195391e-05
1461720,5.544983287109062e-05
1461876,0.00042419854435138404
1462032,0.02635776810348034
1462188,0.00021597994782496244
1462344,0.00041367264930158854
1462500,0.0001785227796062827
1462656,8.280159090645611e-05
1462812,0.006152246613055468
1462968,0.0002303369255969301
1463124,0.00021744193509221077
1463280,0.0001815278665162623
1463436,0.000936292577534914
1463592,3.944779746234417e-05
1463748,0.0011181927984580398
1463904,0.013236761093139648
1464060,0.001198256853967905
1464216,0.00013342137390282005
1464372,0.0001252757792826742
1464528,6.772713095415384e-05
1464684,0.0005741765489801764
1464840,0.0004449797561392188
1464996,0.0019074464216828346
1465152,0.0016562157543376088
1465308,0.031093763187527657
1465464,0.03010246530175209
1465620,0.023513173684477806
1465776,0.0017637157579883933
1465932,0.007075997535139322
1466088,0.000694866175763309
1466244,8.739342592889443e-05
1466400,0.0291631817817688
1466556,0.000958274002186954
1466712,0.00011035898933187127
1466868,0.00012471136869862676
1467024,0.00010374492558185011
1467180,0.00014712339907418936
1467336,5.4542913858313113e-05
1467492,0.00326932524330914
1467648,0.01023926679044962
1467804,0.00012822012649849057
1467960,5.756540485890582e-05
1468116,0.00014001074305269867
1468272,0.0006200202042236924
1468428,0.000951617956161499
1468584,0.0002650809474289417
1468740,0.00021791983454022557
1468896,0.00043666124111041427
1469052,0.00021019537234678864
1469208,0.0024740155786275864
1469364,7.398040179396048e-05
1469520,7.117346103768796e-05
1469676,0.00015717829228378832
1469832,0.0001167085429187864
1469988,8.661506581120193e-05
1470144,0.0001285647740587592
1470300,0.00019244555733166635
1470456,0.0023950845934450626
1470612,0.00018846613238565624
1470768,0.0008792423759587109
1470924,0.001166768604889512
1471080,0.0001798651646822691
1471236,0.00027305621188133955
1471392,0.0010436542797833681
1471548,0.00026197516126558185
1471704,0.0001942822418641299
1471860,0.0001843060745159164
1472016,0.0022919606417417526
1472172,0.005756608676165342
1472328,0.011965962126851082
1472484,0.03222251683473587
1472640,0.006008001044392586
1472796,0.03446825221180916
1472952,0.0006441356963478029
1473108,0.0006614890298806131
1473264,0.0001607733720447868
1473420,8.338259067386389e-05
1473576,0.00011259185703238472
1473732,0.0002371456939727068
1473888,0.0003099106252193451
1474044,0.0001743277389323339
1474200,0.0012620911002159119
1474356,0.0014689924428239465
1474512,9.100799798034132e-05
1474668,0.0037575364112854004
1474824,0.008844133466482162
1474980,0.004496932961046696
1475136,0.0007339277071878314
1475292,0.004091702867299318
1475448,0.0010080336360260844
1475604,0.00016784705803729594
1475760,0.0003620056086219847
1475916,0.0001775541459210217
1476072,0.00017869353177957237
1476228,0.0010075143072754145
1476384,8.91081290319562e-05
1476540,0.003332077991217375
1476696,0.00013661268167197704
1476852,8.232500113081187e-05
1477008,0.00010367562936153263
1477164,4.32203414675314e-05
1477320,2.9734248528257012e-05
1477476,0.025508197024464607
1477632,8.580376743339002e-05
1477788,3.325654688524082e-05
1477944,5.41296431038063e-05
1478100,0.01088266633450985
1478256,0.0002469079045113176
1478412,0.00028802710585296154
1478568,0.0008473705383948982
1478724,0.003940803464502096
1478880,0.00019791224622167647
1479036,0.00018677092157304287
1479192,0.00010304992611054331
1479348,4.120960511500016e-05
1479504,0.0096504595130682
1479660,0.00016981827502604574
1479816,0.0010303371818736196
1479972,0.003165982896462083
1480128,0.00029241619631648064
1480284,0.00014592675142921507
1480440,9.238263737643138e-05
1480596,5.42912348464597e-05
1480752,9.587981185177341e-05
1480908,9.333633352071047e-05
1481064,0.0029557496309280396
1481220,0.018900375813245773
1481376,0.0002245546638732776
1481532,0.0002004318084800616
1481688,0.0006025719339959323
1481844,0.009071866981685162
1482000,0.00010985956760123372
1482156,0.018265938386321068
1482312,0.0006638097111135721
1482468,0.005550389643758535
1482624,0.00011441467358963564
1482780,5.5151485867099836e-05
1482936,0.00010372759425081313
1483092,0.00015581712068524212
1483248,5.3691197535954416e-05
1483404,0.03209225833415985
1483560,0.00015737430658191442
1483716,0.0002972589572891593
1483872,0.0017417978961020708
1484028,0.0004902369109913707
1484184,0.0003617293550632894
1484340,0.0006723529077135026
1484496,0.0013578289654105902
1484652,0.005154882557690144
1484808,0.00015608614194206893
1484964,0.005681239999830723
1485120,0.00012976792640984058
1485276,8.522894495399669e-05
1485432,0.0019021164625883102
1485588,0.000152003180119209
1485744,0.0003008853236678988
1485900,0.0007069745333865285
1486056,0.00010099743667524308
1486212,5.884331767447293e-05
1486368,0.012108026072382927
1486524,0.0003699621302075684
1486680,0.006739152129739523
1486836,9.48482338571921e-05
1486992,0.0001376311993226409
1487148,0.0009914214024320245
1487304,0.005711599253118038
1487460,0.005179313942790031
1487616,6.937836587894708e-05
1487772,0.00015757523942738771
1487928,0.00036254830774851143
1488084,0.00025672029005363584
1488240,9.655301983002573e-05
1488396,4.092894960194826e-05
1488552,0.00016123297973535955
1488708,6.597988976864144e-05
1488864,0.0002637022116687149
1489020,0.0021187865640968084
1489176,0.00033687305403873324
1489332,0.0021752077154815197
1489488,0.010439916513860226
1489644,0.00023577835236210376
1489800,0.001955933403223753
1489956,0.0002924412547145039
1490112,0.00011167758202645928
1490268,0.0002551624202169478
1490424,0.00012508906365837902
1490580,0.00022928732505533844
1490736,0.00032369347172789276
1490892,0.016782771795988083
1491048,0.0018832641653716564
1491204,0.00021439632109832019
1491360,0.00031436444260179996
1491516,0.00012397275713738054
1491672,0.005822224076837301
1491828,9.072847024071962e-05
1491984,0.01878969930112362
1492140,0.0002507602621335536
1492296,0.000657226366456598
1492452,0.0013318628771230578
1492608,0.000347120629157871
1492764,0.00021657178876921535
1492920,0.00028645084239542484
1493076,0.0008718816679902375
1493232,0.0007183448178693652
1493388,0.0002613140968605876
1493544,0.00017932105401996523
1493700,0.00011215647828066722
1493856,0.0015239112544804811
1494012,0.012440080754458904
1494168,0.005972098093479872
1494324,0.0001886089303297922
1494480,0.0010024479124695063
1494636,0.017621763050556183
1494792,0.00723656453192234
1494948,0.006811558268964291
1495104,0.00014442000247072428
1495260,0.00026620697462931275
1495416,0.0002388628345215693
1495572,0.0029941133689135313
1495728,6.126501830294728e-05
1495884,0.00010393341653980315
1496040,0.003072286956012249
1496196,8.971769420895725e-05
1496352,0.018528848886489868
1496508,0.0004015411250293255
1496664,8.740829798625782e-05
1496820,6.681046943413094e-05
1496976,0.00010693434160202742
1497132,0.00021251305588521063
1497288,0.0048483312129974365
1497444,0.0003659360227175057
1497600,7.735402323305607e-05
1497756,0.0011769537813961506
1497912,0.00013935629976913333
1498068,0.00023400824284181
1498224,0.0001598050439497456
1498380,0.00019682932179421186
1498536,9.760476677911356e-05
1498692,0.0001675907988101244
1498848,9.793313802219927e-05
1499004,0.0015571126714348793
1499160,0.00048357504419982433
1499316,0.00011337851174175739
1499472,0.0022565845865756273
1499628,9.373611828777939e-05
1499784,0.01127017755061388
1499940,0.00015243547386489809
1500096,0.00011082779383286834
1500252,9.881220466922969e-05
1500408,8.834386244416237e-05
1500564,8.737758616916835e-05
1500720,0.00010205386206507683
1500876,0.0013158252695575356
1501032,0.0002682615886442363
1501188,9.35432908590883e-05
1501344,7.239375554490834e-05
1501500,7.586269202874973e-05
1501656,6.264018156798556e-05
1501812,7.410605030599982e-05
1501968,0.00018443394219502807
1502124,0.0027896352112293243
1502280,0.0005470359465107322
1502436,0.0005381577066145837
1502592,0.0002567887422628701
1502748,0.002412917325273156
1502904,0.0008248892263509333
1503060,0.0001722648594295606
1503216,0.00014097060193307698
1503372,0.00015234861348289996
1503528,0.014573927037417889
1503684,0.0001831999106798321
1503840,0.0002841697132680565
1503996,0.00128080602735281
1504152,0.0003072369145229459
1504308,0.012850853614509106
1504464,6.867166666779667e-05
1504620,0.00015877879923209548
1504776,0.0023781652562320232
1504932,8.237266592914239e-05
1505088,5.457441875478253e-05
1505244,2.0863157260464504e-05
1505400,0.00015994595014490187
1505556,0.0001292153465328738
1505712,0.0002488639729563147
1505868,3.876328264595941e-05
1506024,0.0034054513089358807
1506180,0.00026005369727499783
1506336,0.0014073748607188463
1506492,0.00036177205038256943
1506648,0.01287187822163105
1506804,0.0027844153810292482
1506960,0.003268988337367773
1507116,0.00014479529636446387
1507272,0.00023698552104178816
1507428,0.00012048092321492732
1507584,5.205785419093445e-05
1507740,5.8860408898908645e-05
1507896,0.00015876088582444936
1508052,9.200791828334332e-05
1508208,0.026499366387724876
1508364,0.0009018026757985353
1508520,0.00018575863214209676
1508676,0.00023397484619636089
1508832,0.0017663604812696576
1508988,0.0008134450181387365
1509144,0.0015964640770107508
1509300,0.0037777693942189217
1509456,0.0005189782823435962
1509612,0.00038795583532191813
1509768,0.00019799878646153957
1509924,5.4552794608753175e-05
1510080,5.604413308901712e-05
1510236,3.749796815100126e-05
1510392,0.0018087110947817564
1510548,0.0011719954200088978
1510704,8.878303924575448e-05
1510860,0.0020054320339113474
1511016,0.0007358180009759963
1511172,0.00027196056907996535
1511328,4.889582487521693e-05
1511484,0.00041245875763706863
1511640,0.001438497332856059
1511796,0.0005589878419414163
1511952,0.00012302547111175954
1512108,0.00022363981406670064
1512264,0.0017577522667124867
1512420,0.010730238631367683
1512576,0.00018693086167331785
1512732,0.0005347276455722749
1512888,7.765396730974317e-05
1513044,0.005716034211218357
1513200,0.0006516280118376017
1513356,0.013318222016096115
1513512,0.00016479134501423687
1513668,0.003277457319200039
1513824,7.060491770971566e-05
1513980,0.0056234258227050304
1514136,0.0004730210639536381
1514292,0.0011311231646686792
1514448,0.00046531876432709396
1514604,0.0002287807292304933
1514760,0.0035025915130972862
1514916,0.00024120957823470235
1515072,0.00024182208289857954
1515228,0.0007007307722233236
1515384,0.00042135920375585556
1515540,0.019135471433401108
1515696,0.0001483385858591646
1515852,0.001158689265139401
1516008,0.012396739795804024
1516164,0.0002601529995445162
1516320,0.00022616918431594968
1516476,7.249803456943482e-05
1516632,0.002720943884924054
1516788,0.0003643954696599394
1516944,0.0004149353480897844
1517100,0.0012006459292024374
1517256,7.456241291947663e-05
1517412,5.69019430258777e-05
1517568,0.0007565929554402828
1517724,0.004293559584766626
1517880,0.00010474052396602929
1518036,0.0004524931719060987
1518192,0.019659671932458878
1518348,0.000916312332265079
1518504,0.00016252673231065273
1518660,0.00017241462774109095
1518816,0.00017871262389235198
1518972,7.735153485555202e-05
1519128,0.00043847537017427385
1519284,0.013743964023888111
1519440,0.0037549366243183613
1519596,0.00018460361752659082
1519752,0.0007710409117862582
1519908,0.0011544545413926244
1520064,0.025165187194943428
1520220,0.0011060787364840508
1520376,0.0003194775781594217
1520532,0.000454750785138458
1520688,0.0026177940890192986
1520844,0.00014701939653605223
1521000,8.65743713802658e-05
1521156,0.0024052902590483427
1521312,0.0012284484691917896
1521468,0.00020820109057240188
1521624,0.00011203203757759184
1521780,0.00013990345178171992
1521936,0.0007974337786436081
1522092,0.0002060316182905808
1522248,0.00034205318661406636
1522404,0.00029999326216056943
1522560,0.02433387190103531
1522716,0.00027529391809366643
1522872,0.009796690195798874
1523028,0.0004043480730615556
1523184,0.0001405836082994938
1523340,0.00034686579601839185
1523496,0.00034067127853631973
1523652,0.0012568550882861018
1523808,0.00029650807846337557
1523964,0.00029559197719208896
1524120,0.00039032672066241503
1524276,0.00030856329249218106
1524432,0.009622437879443169
1524588,8.348845585715026e-05
1524744,0.005658539477735758
1524900,0.0001445708330720663
1525056,0.0001442529319319874
1525212,8.749969128984958e-05
1525368,9.575009607942775e-05
1525524,0.0013150229351595044
1525680,7.652927888557315e-05
1525836,0.00020095636136829853
1525992,0.00020757250604219735
1526148,0.022842083126306534
1526304,0.003842525649815798
1526460,0.00033681816421449184
1526616,0.00013619972742162645
1526772,0.0001265843748115003
1526928,0.0001515170733910054
1527084,0.00010089089482789859
1527240,0.026392050087451935
1527396,0.0003517736913636327
1527552,5.45216171303764e-05
1527708,0.00012634124141186476
1527864,7.774097321089357e-05
1528020,0.00013926849351264536
1528176,0.0001327483041677624
1528332,0.00034394749673083425
1528488,0.0003900068695656955
1528644,0.00011492395424284041
1528800,0.011370581574738026
1528956,0.0019649567548185587
1529112,0.0028662928380072117
1529268,0.007407072465866804
1529424,0.00018094902043230832
1529580,7.492088479921222e-05
1529736,0.021016430109739304
1529892,0.0011295101139694452
1530048,0.0003550291294232011
1530204,0.009449707344174385
1530360,0.00011703354539349675
1530516,0.00019836577121168375
1530672,0.0011060236720368266
1530828,0.0018588256789371371
1530984,0.010746804997324944
1531140,0.0021403853315860033
1531296,0.0015809002798050642
1531452,0.00018747805734165013
1531608,0.00034754135413095355
1531764,0.00013707642210647464
1531920,0.00037475634599104524
1532076,0.010296398773789406
1532232,0.00823862012475729
1532388,9.87019157037139e-05
1532544,0.0027380362153053284
1532700,0.005404320079833269
1532856,0.0001020697527565062
1533012,0.006553227081894875
1533168,0.00016870621766429394
1533324,0.0001580753014422953
1533480,0.0002973414957523346
1533636,0.00028102006763219833
1533792,0.0004471317515708506
1533948,8.437706856057048e-05
1534104,0.00016705533198546618
1534260,0.00035524333361536264
1534416,8.842661918606609e-05
1534572,0.02285524643957615
1534728,0.00010165674757445231
1534884,0.0002683580678422004
1535040,3.8768124795751646e-05
1535196,0.03294325992465019
1535352,0.0032515153288841248
1535508,0.0004389083187561482
1535664,0.02167617715895176
1535820,0.0014928835444152355
1535976,0.002899541985243559
1536132,0.0005989449564367533
1536288,0.00029461391386575997
1536444,0.00016023500938899815
1536600,6.132866110419855e-05
1536756,0.002756810514256358
1536912,0.013528387993574142
1537068,0.0003027836501132697
1537224,0.0004589260497596115
1537380,0.00010628641757648438
1537536,5.664692434947938e-05
1537692,3.6946115869795904e-05
1537848,0.0003374583611730486
1538004,0.006622398272156715
1538160,8.484646969009191e-05
1538316,0.00021212143474258482
1538472,6.651408330071718e-05
1538628,0.0011017434298992157
1538784,0.00017731962725520134
1538940,0.0002602636523079127
1539096,0.005866957362741232
1539252,0.0002809456782415509
1539408,0.0003396719694137573
1539564,0.0006153300637379289
1539720,0.00048034198698587716
1539876,0.008999249897897243
1540032,0.00014775113959331065
1540188,0.0005270675756037235
1540344,0.0005202449974603951
1540500,0.0001025646342895925
1540656,0.024837961420416832
1540812,0.0001940447837114334
1540968,0.01328596193343401
1541124,0.0001462126092519611
1541280,0.00011171594815095887
1541436,0.00011139363050460815
1541592,3.461036249063909e-05
1541748,5.632541433442384e-05
1541904,2.7136509743286297e-05
1542060,0.0010548521531745791
1542216,0.00011313761933706701
1542372,0.0001222718128701672
1542528,0.00028930194093845785
1542684,7.698326953686774e-05
1542840,0.017193840816617012
1542996,0.0005095457308925688
1543152,0.00034174867323599756
1543308,0.0008767179679125547
1543464,0.0002716094604693353
1543620,0.0003487650537863374
1543776,0.0006930532981641591
1543932,0.0006987290689721704
1544088,0.0005699608009308577
1544244,0.006425980944186449
1544400,8.780589269008487e-05
1544556,0.00013140279043000191
1544712,9.828259499045089e-05
1544868,0.00016484697698615491
1545024,0.000167192512890324
1545180,0.0015193185536190867
1545336,0.00033823878038674593
1545492,0.001369855017401278
1545648,0.00038836378371343017
1545804,9.069571387954056e-05
1545960,7.19636445865035e-05
1546116,0.005675014574080706
1546272,0.005107445176690817
1546428,0.004805710632354021
1546584,0.004361334256827831
1546740,0.0008709391113370657
1546896,0.00700770178809762
1547052,0.005708243232220411
1547208,3.143905632896349e-05
1547364,3.7472716940101236e-05
1547520,0.00020447038696147501
1547676,0.00025156376068480313
1547832,8.127395994961262e-05
1547988,5.730910925194621e-05
1548144,0.012001585215330124
1548300,0.020690999925136566
1548456,0.0012511846143752337
1548612,0.0005837312201038003
1548768,0.00015846136375330389
1548924,8.572879596613348e-05
1549080,0.0001876374299172312
1549236,0.001304978970438242
1549392,0.00021102309983689338
1549548,0.0005753086879849434
1549704,0.00013712639338336885
1549860,0.0021343049593269825
1550016,0.00022313215595204383
1550172,0.00021047178597655147
1550328,0.00013339576253201813
1550484,5.1719929615501314e-05
1550640,0.025564642623066902
1550796,0.00010709703929023817
1550952,8.449205779470503e-05
1551108,0.0008461583638563752
1551264,0.00015474369865842164
1551420,0.019605347886681557
1551576,0.009344244375824928
1551732,0.008565232157707214
1551888,0.00021729135187342763
1552044,0.0004361494502518326
1552200,0.00013661356933880597
1552356,0.0004178245144430548
1552512,0.0027312343008816242
1552668,0.00985572300851345
1552824,6.457892595790327e-05
1552980,0.0001572866749484092
1553136,8.456237992504612e-05
1553292,4.520189031609334e-05
1553448,0.005639807321131229
1553604,0.00015445018652826548
1553760,0.00011840260413009673
1553916,0.0001230931666214019
1554072,0.000134225410874933
1554228,0.00035799609031528234
1554384,0.00013487134128808975
1554540,0.009906113147735596
1554696,0.0011839455692097545
1554852,0.0001345406926702708
1555008,0.00013113846944179386
1555164,0.00015519041335210204
1555320,9.527809743303806e-05
1555476,0.00013824285997543484
1555632,0.0006887072813697159
1555788,6.991250847931951e-05
1555944,5.0605838623596355e-05
1556100,0.000373473041690886
1556256,0.00025195980560965836
1556412,0.0006687702843919396
1556568,0.002529865363612771
1556724,0.0033022232819348574
1556880,0.0017081417609006166
1557036,0.0052488865330815315
1557192,0.0001180696563096717
1557348,0.00037764961598441005
1557504,0.00026901267119683325
1557660,0.00010670926712919027
1557816,0.002418993040919304
1557972,0.0007459906628355384
1558128,0.0002490770712029189
1558284,0.0008729839464649558
1558440,0.008168302476406097
1558596,0.0201324000954628
1558752,0.0002962216967716813
1558908,4.9012105591828004e-05
1559064,0.0001375236752210185
1559220,0.001458839513361454
1559376,0.023082539439201355
1559532,0.00015458339476026595
1559688,0.00045223411871120334
1559844,0.0004002696950919926
1560000,0.004132186993956566
1560156,0.0006247692508623004
1560312,0.0006473847897723317
1560468,0.00014387854025699198
1560624,0.012346362695097923
1560780,0.00013205251889303327
1560936,0.003848595777526498
1561092,0.005427658557891846
1561248,0.001291898195631802
1561404,0.001245630905032158
1561560,0.0005741064087487757
1561716,0.0008294792496599257
1561872,0.00014769905828870833
1562028,0.00014197081327438354
1562184,0.007116435561329126
1562340,0.000258712942013517
1562496,0.00020926808065269142
1562652,6.205994577612728e-05
1562808,5.105439413455315e-05
1562964,2.0409725038916804e-05
1563120,3.024893521796912e-05
1563276,0.005086592864245176
1563432,0.0011973271612077951
1563588,0.0004741887387353927
1563744,0.00014701037434861064
1563900,0.0002488308819010854
1564056,0.00042403468978591263
1564212,8.82703170645982e-05
1564368,0.00017995291273109615
1564524,5.676921864505857e-05
1564680,0.0005558669799938798
1564836,0.02210063301026821
1564992,0.0008585603791289032
1565148,0.0016584063414484262
1565304,0.0019454265711829066
1565460,0.0001951937738340348
1565616,0.00019512695143930614
1565772,0.00036075827665627003
1565928,0.00023491107276640832
1566084,0.00011613622336881235
1566240,0.00032073218608275056
1566396,0.0211222805082798
1566552,0.00021743417892139405
1566708,0.0006513125263154507
1566864,0.0014098593965172768
1567020,0.020815759897232056
1567176,0.0005231881514191628
1567332,0.0014283410273492336
1567488,0.00012923798931296915
1567644,0.000172908665263094
1567800,0.00028092993306927383
1567956,0.0001232963113579899
1568112,0.004135883878916502
1568268,0.00018742401152849197
1568424,0.0002084267180180177
1568580,0.0004307044146116823
1568736,0.004535207990556955
1568892,0.00021148996893316507
1569048,0.00010207876039203256
1569204,0.00014587886107619852
1569360,0.0032565558794885874
1569516,0.0019465195946395397
1569672,0.0007752897217869759
1569828,9.042452438734472e-05
1569984,0.000580800580792129
1570140,9.175053128274158e-05
1570296,0.0004149220185354352
1570452,0.00018301585805602372
1570608,0.00017289805691689253
1570764,0.00012986049114260823
1570920,0.00015960849123075604
1571076,0.00011431237362558022
1571232,0.0004177834198344499
1571388,0.013121155090630054
1571544,0.00011168578203069046
1571700,6.523837510030717e-05
1571856,7.426022057188675e-05
1572012,7.020111661404371e-05
1572168,0.0002120258577633649
1572324,0.0019550276920199394
1572480,0.00021370023023337126
1572636,0.002364965621381998
1572792,0.0004217706446070224
1572948,0.027551360428333282
1573104,0.00012261410302016884
1573260,0.0002266053925268352
1573416,0.0049734702333807945
1573572,0.01510689128190279
1573728,0.0002381154044996947
1573884,0.0004880643973592669
1574040,0.0017280414467677474
1574196,0.0002497092937119305
1574352,0.0001517605851404369
1574508,0.00022778965649195015
1574664,9.795527148526162e-05
1574820,0.0004616022342815995
1574976,0.0007723323651589453
1575132,0.0002340245118830353
1575288,0.000172640269738622
1575444,4.188843013253063e-05
1575600,0.00012640298518817872
1575756,9.088879596674815e-05
1575912,0.00028334089438430965
1576068,0.010693109594285488
1576224,0.0023311004042625427
1576380,0.0018201415659859776
1576536,0.001051317318342626
1576692,0.0020195869728922844
1576848,0.00025376773555763066
1577004,0.0003473176038824022
1577160,0.00014171519433148205
1577316,0.00017497918452136219
1577472,0.00038382518687285483
1577628,0.00021146242215763777
1577784,0.0001637065870454535
1577940,8.343382796738297e-05
1578096,0.00010662680142559111
1578252,0.000116408642497845
1578408,0.0024780556559562683
1578564,0.00022232615447137505
1578720,0.00023240780865307897
1578876,0.00018859976262319833
1579032,0.009806754998862743
1579188,0.0002249932149425149
1579344,0.0002679732860997319
1579500,0.009139159694314003
1579656,0.005921187344938517
1579812,6.108201341703534e-05
1579968,0.00043567316606640816
1580124,0.0007299415883608162
1580280,0.010477554984390736
1580436,0.0008895490318536758
1580592,0.022668398916721344
1580748,0.003246219828724861
1580904,0.013921255245804787
1581060,0.00023465366393793374
1581216,0.0003852417867165059
1581372,0.00012666138354688883
1581528,0.000635257107205689
1581684,0.0018533900147303939
1581840,0.0001447722315788269
1581996,0.004996443632990122
1582152,0.0010995266493409872
1582308,0.0001379140157951042
1582464,8.577201515436172e-05
1582620,0.00254241656512022
1582776,0.0009662096854299307
1582932,0.02215409092605114
1583088,9.048773790709674e-05
1583244,0.00023470903397537768
1583400,4.676396929426119e-05
1583556,0.010292498394846916
1583712,0.00015444346354342997
1583868,0.001908488105982542
1584024,0.00010456587915541604
1584180,0.0003543272032402456
1584336,0.0006937719881534576
1584492,0.00034482518094591796
1584648,0.0008814100874587893
1584804,0.00016704585868865252
1584960,0.0024779196828603745
1585116,0.00022042833734303713
1585272,0.00010333957470720634
1585428,6.140403274912387e-05
1585584,0.00011312937567709014
1585740,0.0022033413406461477
1585896,0.0014852732419967651
1586052,0.0013559702783823013
1586208,0.0002367770648561418
1586364,0.003766454989090562
1586520,0.00017907712026499212
1586676,0.0027183149941265583
1586832,0.003249641042202711
1586988,0.0019217845983803272
1587144,0.00011250792886130512
1587300,0.013908636756241322
1587456,0.00021793173800688237
1587612,0.00016066756506916136
1587768,9.211894939653575e-05
1587924,0.013331028632819653
1588080,0.0002862272667698562
1588236,8.814406464807689e-05
1588392,0.0004981669480912387
1588548,0.0012260806979611516
1588704,0.0009285006672143936
1588860,0.00011425785487517715
1589016,0.0065227532759308815
1589172,0.00018623427604325116
1589328,0.03125041723251343
1589484,0.00032869382994249463
1589640,0.000213782797800377
1589796,0.0001377344597131014
1589952,0.0002760543138720095
1590108,5.5027110647642985e-05
1590264,0.00013055512681603432
1590420,0.0035541080869734287
1590576,0.00262596202082932
1590732,0.0005195294506847858
1590888,0.0006196259055286646
1591044,0.0002063500724034384
1591200,4.9765134463086724e-05
1591356,0.00010585019481368363
1591512,0.00012129324022680521
1591668,5.127755139255896e-05
1591824,7.310236105695367e-05
1591980,0.00015532919496763498
1592136,5.621073069050908e-05
1592292,0.000159796531079337
1592448,6.03704247623682e-05
1592604,6.316379585769027e-05
1592760,0.0001817828306229785
1592916,3.3531090593896806e-05
1593072,0.014129756018519402
1593228,3.998899046564475e-05
1593384,5.00032510899473e-05
1593540,8.179593714885414e-05
1593696,0.012970086187124252
1593852,0.0001481209765188396
1594008,0.001042019110172987
1594164,0.00017751759150996804
1594320,0.005780565086752176
1594476,0.00020577105169650167
1594632,0.00018560982425697148
1594788,0.0014004320837557316
1594944,0.00011239682498853654
1595100,0.008449300192296505
1595256,0.0007569612935185432
1595412,0.0001650829508434981
1595568,0.00013512291479855776
1595724,0.00013346181367523968
1595880,0.0002657638397067785
1596036,0.0015018836129456758
1596192,0.00024674521409906447
1596348,0.012159544974565506
1596504,0.0002046589506790042
1596660,0.00010981044033542275
1596816,0.0023078392259776592
1596972,0.00019311471260152757
1597128,0.0002084327716147527
1597284,0.00018301070667803288
1597440,0.0003243023529648781
1597596,0.00010863487841561437
1597752,0.0002332245057914406
1597908,0.0002956310927402228
1598064,0.012860697694122791
1598220,5.0595604989212006e-05
1598376,4.350544259068556e-05
1598532,0.0004927145200781524
1598688,8.487533341394737e-05
1598844,0.000289894116576761
1599000,0.0013260385021567345
1599156,0.0005659353919327259
1599312,0.015060854144394398
1599468,0.0005418061628006399
1599624,0.0009866849286481738
1599780,0.00019336379773449153
1599936,0.00027140791644342244
1600092,0.0057443976402282715
1600248,0.0006782885175198317
1600404,0.0004888875992037356
1600560,0.017750274389982224
1600716,0.0006230897270143032
1600872,0.0007304401369765401
1601028,0.00040896766586229205
1601184,0.00010190393368247896
1601340,0.00039872704655863345
1601496,0.00022276439995039254
1601652,0.0002736732130870223
1601808,0.0005871073808521032
1601964,0.000448186561698094
1602120,0.0011226049391552806
1602276,0.001424454036168754
1602432,0.006475263275206089
1602588,0.005116122309118509
1602744,0.0011402103118598461
1602900,0.0019349814392626286
1603056,0.0005918819806538522
1603212,0.0001839860633481294
1603368,0.0003761708503589034
1603524,0.00023949556634761393
1603680,0.00022433430422097445
1603836,0.00042185845086351037
1603992,0.0058869970962405205
1604148,0.00024303517420776188
1604304,3.7739737308584154e-05
1604460,7.215437653940171e-05
1604616,0.00036165068740956485
1604772,3.2265117624774575e-05
1604928,2.770564242382534e-05
1605084,0.00010990132432198152
1605240,5.883220728719607e-05
1605396,4.9009213398676366e-05
1605552,2.885033973143436e-05
1605708,6.275073974393308e-05
1605864,4.866104791290127e-05
1606020,0.0001469453563913703
1606176,0.0002134378592018038
1606332,7.633840141352266e-05
1606488,6.058583676349372e-05
1606644,1.7600987121113576e-05
1606800,7.753776299068704e-05
1606956,0.002640489488840103
1607112,0.00019036598678212613
1607268,0.0009894410613924265
1607424,0.00014199511497281492
1607580,0.00015724233526270837
1607736,0.0017619860591366887
1607892,0.00039588805520907044
1608048,0.003001247299835086
1608204,0.025371622294187546
1608360,0.01593630015850067
1608516,0.0006806019810028374
1608672,0.0002307181421201676
1608828,0.012802479788661003
1608984,0.00036536689731292427
1609140,9.015576506499201e-05
1609296,0.0003698911750689149
1609452,0.0006674722535535693
1609608,0.00011011115566361696
1609764,0.0004869040858466178
1609920,0.00943527277559042
1610076,0.0010971907759085298
1610232,0.0016822144389152527
1610388,0.013530968688428402
1610544,0.0006241967785172164
1610700,0.00011978544353041798
1610856,0.00033748068381100893
1611012,0.02816765382885933
1611168,6.642949301749468e-05
1611324,0.00031312162172980607
1611480,0.0015693625900894403
1611636,0.0005781810032203794
1611792,0.0003647758858278394
1611948,0.00010497318726265803
1612104,2.1779485905426554e-05
1612260,0.00024816798395477235
1612416,6.856332765892148e-05
1612572,9.526397479930893e-05
1612728,0.0002562740119174123
1612884,0.0008784150704741478
1613040,0.0007567950524389744
1613196,0.00032388148247264326
1613352,0.00015124618948902935
1613508,0.0010800170712172985
1613664,0.00028512621065601707
1613820,0.00021550850942730904
1613976,0.0005700308829545975
1614132,0.01490536704659462
1614288,0.0017766546225175261
1614444,0.00010646783630363643
1614600,0.00011604253813857213
1614756,0.0018535250565037131
1614912,3.5541928809834644e-05
1615068,0.0025477914605289698
1615224,0.0005973080405965447
1615380,0.00021217414177954197
1615536,0.0004475556197576225
1615692,6.92069879733026e-05
1615848,0.00045357560156844556
1616004,3.9606478821951896e-05
1616160,8.111632632790133e-05
1616316,5.537077959161252e-05
1616472,0.0029529209714382887
1616628,0.013376325368881226
1616784,0.0011935343500226736
1616940,0.006349076982587576
1617096,0.003667558077722788
1617252,0.00021306992857716978
1617408,0.00038564662099815905
1617564,0.0001683349983068183
1617720,0.0001101077941711992
1617876,0.00013707936159335077
1618032,0.00019589408475439996
1618188,0.00015396445814985782
1618344,0.002346727764233947
1618500,0.008823211304843426
1618656,0.00029439915670081973
1618812,0.0005391881568357348
1618968,0.0003537334850989282
1619124,0.0002811246959026903
1619280,5.271687405183911e-05
1619436,0.00021933649259153754
1619592,6.160269549582154e-05
1619748,0.00024896394461393356
1619904,5.4036947403801605e-05
1620060,2.523941293475218e-05
1620216,5.926085214014165e-05
1620372,0.0005411866586655378
1620528,0.0013246533926576376
1620684,0.0038707414641976357
1620840,0.00026088557206094265
1620996,0.00032711419044062495
1621152,0.04771716892719269
1621308,0.02152746543288231
1621464,0.0006109387031756341
1621620,0.0035342834889888763
1621776,0.001213071751408279
1621932,0.00015739718219265342
1622088,1.8848146282834932e-05
1622244,0.0001828493841458112
1622400,0.0023836782202124596
1622556,0.00018726059352047741
1622712,0.00018955516861751676
1622868,3.826625470537692e-05
1623024,0.00010454170114826411
1623180,0.009012565948069096
1623336,9.383267752127722e-05
1623492,9.058055729838088e-05
1623648,0.0002456403453834355
1623804,0.00011088562314398587
1623960,0.00014245031343307346
1624116,0.004500294104218483
1624272,0.005915634334087372
1624428,0.02094334177672863
1624584,0.00010651339835021645
1624740,0.0005780491628684103
1624896,0.0002115525712724775
1625052,3.244279287173413e-05
1625208,4.5251894334796816e-05
1625364,7.753596582915634e-05
1625520,2.6138250177609734e-05
1625676,4.13042725995183e-05
1625832,7.090594590408728e-05
1625988,2.343640153412707e-05
1626144,0.00046076567377895117
1626300,0.0003523339983075857
1626456,4.763668403029442e-05
1626612,0.012906964868307114
1626768,0.0013662417186424136
1626924,0.00012367306044325233
1627080,5.9937097830697894e-05
1627236,9.956888970918953e-05
1627392,5.156168117537163e-05
1627548,4.0747690945863724e-05
1627704,3.255121555412188e-05
1627860,3.052094689337537e-05
1628016,0.012311539612710476
1628172,0.0002660478057805449
1628328,0.00024420765112154186
1628484,0.000142875243909657
1628640,6.17778132436797e-05
1628796,8.647281356388703e-05
1628952,0.008056547492742538
1629108,0.007407133933156729
1629264,0.0011505659203976393
1629420,0.00039058184484019876
1629576,0.00015872673247940838
1629732,0.0005008525913581252
1629888,0.00011411982995923609
1630044,5.981710273772478e-05
1630200,0.00011139048729091883
1630356,0.00015174548025242984
1630512,0.00010497343464521691
1630668,0.00014588990597985685
1630824,0.0007545847329311073
1630980,8.484475256409496e-05
1631136,0.0002509212645236403
1631292,0.0006369774346239865
1631448,0.0001809902605600655
1631604,0.00016943422087933868
1631760,0.001733820652589202
1631916,0.00020950674661435187
1632072,0.00012361643894109875
1632228,0.00010059460328193381
1632384,0.00016456234152428806
1632540,3.9339713111985475e-05
1632696,0.00019049510592594743
1632852,0.00021775397181045264
1633008,0.012460840865969658
1633164,0.022696448490023613
1633320,0.00038363385829143226
1633476,0.006198404356837273
1633632,0.0007935460307635367
1633788,0.00035463791573420167
1633944,0.0007921636570245028
1634100,0.0005007271538488567
1634256,0.00016198081721086055
1634412,0.01645056903362274
1634568,0.00015049224020913243
1634724,0.00011970991909038275
1634880,0.00022561139485333115
1635036,7.810279203113168e-05
1635192,0.00019968347623944283
1635348,0.00010416066652396694
1635504,0.000170474115293473
1635660,8.088600588962436e-05
1635816,3.229628055123612e-05
1635972,0.00021379589452408254
1636128,0.00045531278010457754
1636284,0.00033714185701683164
1636440,0.001137623330578208
1636596,5.6990873417817056e-05
1636752,0.0002613721590023488
1636908,0.00021541386377066374
1637064,4.4650751078734174e-05
1637220,0.00010720013233367354
1637376,0.008623627945780754
1637532,0.00019289233023300767
1637688,0.00020339681941550225
1637844,0.0002786496770568192
1638000,0.0002301860076840967
1638156,0.01954854466021061
1638312,0.0021170401014387608
1638468,0.00010617056250339374
1638624,3.265021223342046e-05
1638780,0.0008963951840996742
1638936,0.03117116168141365
1639092,0.010243723168969154
1639248,0.000657400640193373
1639404,0.00038275602855719626
1639560,0.00010887633834499866
1639716,4.633997014025226e-05
1639872,0.0005435280036181211
1640028,0.002250001998618245
1640184,6.714757182635367e-05
1640340,0.0011425948468968272
1640496,0.001281351433135569
1640652,0.00010763627506094053
1640808,0.00013293680967763066
1640964,0.00011488069139886647
1641120,0.0001592483458807692
1641276,0.00010420146281830966
1641432,0.0001797940640244633
1641588,5.027170846005902e-05
1641744,9.96555681922473e-05
1641900,0.00016294559463858604
1642056,0.0003196259494870901
1642212,0.03313729912042618
1642368,0.01877475343644619
1642524,0.002697981894016266
1642680,0.001433975761756301
1642836,0.005023243371397257
1642992,0.00018054906104225665
1643148,0.012807087041437626
1643304,0.00038781724288128316
1643460,0.005165094509720802
1643616,0.002974283415824175
1643772,5.1072289352305233e-05
1643928,0.0001273095258511603
1644084,0.012321697548031807
1644240,3.87365507776849e-05
1644396,0.00018229156557936221
1644552,2.918584505096078e-05
1644708,8.293277642223984e-05
1644864,0.001137559418566525
1645020,0.0002383666578680277
1645176,0.0002044310822384432
1645332,0.00016468836111016572
1645488,0.011575568467378616
1645644,5.171324301045388e-05
1645800,0.00020130688790231943
1645956,0.00010660966654540971
1646112,0.0006873400416225195
1646268,0.008420578204095364
1646424,0.004728960804641247
1646580,0.0008607605705037713
1646736,0.0033900735434144735
1646892,0.0005675374995917082
1647048,0.0012699468061327934
1647204,8.720808546058834e-05
1647360,7.276645919773728e-05
1647516,8.327359682880342e-05
1647672,0.0009249105351045728
1647828,0.00015731547318864614
1647984,0.000703942496329546
1648140,0.00015585262735839933
1648296,0.0003034865949302912
1648452,4.7094348701648414e-05
1648608,8.560488640796393e-05
1648764,0.0001104060938814655
1648920,0.017947396263480186
1649076,0.00010582147660898045
1649232,0.00024085788754746318
1649388,0.0011964996811002493
1649544,0.0001247341715497896
1649700,0.00012069875083398074
1649856,0.0010347346542403102
1650012,0.00021466120961122215
1650168,0.0023736078292131424
1650324,0.0012213342124596238
1650480,0.00026697147404775023
1650636,0.019737472757697105
1650792,0.00010080285574076697
1650948,0.0006073984550312161
1651104,0.00010363679757574573
1651260,9.065244375960901e-05
1651416,0.00699586421251297
1651572,0.0038339942693710327
1651728,0.003914003726094961
1651884,0.019244462251663208
1652040,0.0006228976999409497
1652196,0.00011938837269553915
1652352,0.0002732176799327135
1652508,0.0006329757743515074
1652664,0.00010509717685636133
1652820,0.01814538985490799
1652976,0.00013310351641848683
1653132,0.0003229283611290157
1653288,0.0011328256223350763
1653444,0.00022878094750922173
1653600,0.00014122939319349825
1653756,0.00016603645053692162
1653912,6.98554576956667e-05
1654068,6.763219425920397e-05
1654224,5.1309121772646904e-05
1654380,0.0012435561511665583
1654536,0.0019508469849824905
1654692,0.025586172938346863
1654848,0.0004189842438790947
1655004,0.002893645316362381
1655160,0.004355414770543575
1655316,0.0010698548285290599
1655472,0.00027349573792889714
1655628,0.0002685965155251324
1655784,0.006011495366692543
1655940,6.195974128786474e-05
1656096,5.388192948885262e-05
1656252,0.0001549026055727154
1656408,2.511775164748542e-05
1656564,2.8207015930092894e-05
1656720,2.137790943379514e-05
1656876,4.648092362913303e-05
1657032,7.873355934862047e-05
1657188,0.0030750406440347433
1657344,0.013056439347565174
1657500,0.0003915064735338092
1657656,0.0005452085169963539
1657812,0.005171093624085188
1657968,6.27126864856109e-05
1658124,0.0006504910415969789
1658280,0.00016462375060655177
1658436,4.775797060574405e-05
1658592,0.0006569530814886093
1658748,0.0005608812207356095
1658904,0.017874598503112793
1659060,0.0025967322289943695
1659216,0.0006340036052279174
1659372,0.013455525040626526
1659528,0.013709278777241707
1659684,0.00016104291717056185
1659840,2.2439724489231594e-05
1659996,0.00041944393888115883
1660152,0.010589076206088066
1660308,0.0070451959036290646
1660464,0.000843232381157577
1660620,0.0012670820578932762
1660776,0.0053203776478767395
1660932,0.00116267881821841
1661088,0.0001208575558848679
1661244,0.0001158703162218444
1661400,9.328845044365153e-05
1661556,4.864400398219004e-05
1661712,0.026806600391864777
1661868,0.0002519259578548372
1662024,2.1388757886597887e-05
1662180,4.124161205254495e-05
1662336,3.571193519746885e-05
1662492,0.00020521666738204658
1662648,0.00019667881133500487
1662804,0.008243825286626816
1662960,9.165547089651227e-05
1663116,0.00025979752535931766
1663272,9.828124893829226e-05
1663428,0.00012071635865140706
1663584,0.00042007712181657553
1663740,0.0009604073711670935
1663896,0.010880380868911743
1664052,0.0003270460874773562
1664208,8.564915333408862e-05
1664364,0.00015769180026836693
1664520,7.571718015242368e-05
1664676,0.006889125797897577
1664832,0.00020029369625262916
1664988,0.0001822924823500216
1665144,9.791179036255926e-05
1665300,0.004129380919039249
1665456,0.0005706317606382072
1665612,0.054516494274139404
1665768,0.0030369972810149193
1665924,0.0001487399567849934
1666080,6.330054020509124e-05
1666236,0.03032018430531025
1666392,0.002896993886679411
1666548,7.759207801427692e-05
1666704,3.303772973595187e-05
1666860,8.036284270929173e-05
1667016,7.758192805340514e-05
1667172,0.00013987885904498398
1667328,9.821496496442705e-05
1667484,0.00010025656956713647
1667640,0.008679741062223911
1667796,0.009126277640461922
1667952,0.00037522500497289
1668108,7.346137863351032e-05
1668264,5.2253737521823496e-05
1668420,4.0378170524491e-05
1668576,0.000625228276476264
1668732,0.00014207555796019733
1668888,0.0138240372762084
1669044,0.0027044559828937054
1669200,0.00025626810383982956
1669356,0.000488008139654994
1669512,0.029760459437966347
1669668,0.0006061331951059401
1669824,0.0001976935163838789
1669980,9.442366717848927e-05
1670136,0.0001243330625584349
1670292,0.00019444628560449928
1670448,0.00013627932639792562
1670604,5.058006354374811e-05
1670760,0.0001998808147618547
1670916,9.414718806510791e-05
1671072,2.956384196295403e-05
1671228,0.00024466231116093695
1671384,0.00011353510490152985
1671540,0.00010247751197312027
1671696,0.000940153724513948
1671852,7.004169310675934e-05
1672008,0.0001627550518605858
1672164,5.9331207012292e-05
1672320,0.00020415645849425346
1672476,0.00010208290768787265
1672632,5.578330092248507e-05
1672788,0.0004104942490812391
1672944,0.0005046542501077056
1673100,0.00016782834427431226
1673256,0.000100141936854925
1673412,0.00013195259089116007
1673568,8.059410174610093e-05
1673724,0.0012563357595354319
1673880,0.0023709265515208244
1674036,0.002349939662963152
1674192,0.007004605606198311
1674348,0.00037357539986260235
1674504,0.014927898533642292
1674660,0.0004115373594686389
1674816,0.008249102160334587
1674972,0.00026050861924886703
1675128,0.0012697133934125304
1675284,0.021636251360177994
1675440,0.0020136758685112
1675596,0.00020036028581671417
1675752,0.00019163919205311686
1675908,0.003296922892332077
1676064,0.013515893369913101
1676220,0.000569160096347332
1676376,0.00013904983643442392
1676532,2.174312248826027e-05
1676688,0.0006660795188508928
1676844,0.0004446177335921675
1677000,4.531062950263731e-05
1677156,4.463376535568386e-05
1677312,5.534924639505334e-05
1677468,0.014618572778999805
1677624,4.106667620362714e-05
1677780,4.4884829549118876e-05
1677936,0.0054061380214989185
1678092,0.00016732265066821128
1678248,0.001644636271521449
1678404,0.0001096203486667946
1678560,0.01226035039871931
1678716,0.00011485872528282925
1678872,0.0004058352787978947
1679028,8.937163511291146e-05
1679184,0.00023550231708213687
1679340,0.00041583814891055226
1679496,0.00011060832184739411
1679652,5.076661182101816e-05
1679808,4.086696935701184e-05
1679964,4.439866461325437e-05
1680120,0.00018950247613247484
1680276,0.00320086139254272
1680432,0.005639664363116026
1680588,0.0002436465583741665
1680744,0.002225428819656372
1680900,0.00258549558930099
1681056,0.00017734586435835809
1681212,0.0013213739730417728
1681368,0.00018404170987196267
1681524,0.00048522063298150897
1681680,0.0008534165099263191
1681836,0.0002035049838013947
1681992,0.0001296882110182196
1682148,0.00017908761219587177
1682304,0.00024053655215539038
1682460,4.726168845081702e-05
1682616,0.00014158472185954452
1682772,6.857590051367879e-05
1682928,6.585088704014197e-05
1683084,0.00030185419018380344
1683240,4.5743974624201655e-05
1683396,0.00010842645133379847
1683552,0.0004513210151344538
1683708,5.447304283734411e-05
1683864,1.009429161058506e-05
1684020,1.4553676919604186e-05
1684176,7.835788710508496e-05
1684332,2.171632513636723e-05
1684488,0.013232599943876266
1684644,0.018458779901266098
1684800,0.0010549958096817136
1684956,0.00018531916430220008
1685112,0.00021091407688800246
1685268,0.00022764827008359134
1685424,7.35693029128015e-05
1685580,4.546219133771956e-05
1685736,5.7644232583697885e-05
1685892,0.00021248747361823916
1686048,0.0021198815666139126
1686204,0.0012621431378647685
1686360,0.0037463726475834846
1686516,0.0001437337778043002
1686672,0.008415885269641876
1686828,0.00033628748496994376
1686984,0.0007059405324980617
1687140,0.0025034286081790924
1687296,0.0004929575952701271
1687452,0.004214719869196415
1687608,8.907167648430914e-05
1687764,7.918702613096684e-05
1687920,2.6492387405596673e-05
1688076,9.106115612667054e-05
1688232,0.00023229427461046726
1688388,0.0004919579369015992
1688544,0.0018862505676224828
1688700,0.00028064081561751664
1688856,5.070692714070901e-05
1689012,2.9215812901384197e-05
1689168,0.00024302510428242385
1689324,0.0003184714005328715
1689480,0.0024283258244395256
1689636,0.00025462626945227385
1689792,0.00012957301805727184
1689948,0.007471274118870497
1690104,0.00012710326700471342
1690260,0.00018858365365304053
1690416,0.0012037634151056409
1690572,0.00038022201624698937
1690728,0.00015770482423249632
1690884,0.0026394780725240707
1691040,9.17448996915482e-05
1691196,0.00010158796067116782
1691352,0.0001293325622100383
1691508,0.00016108856652863324
1691664,7.654815271962434e-05
1691820,0.0011797979241237044
1691976,0.0002097701362799853
1692132,0.009619024582207203
1692288,0.0009910984663292766
1692444,0.00038735056295990944
1692600,0.0003267730353400111
1692756,0.00013862420746590942
1692912,5.044153658673167e-05
1693068,4.9722002586349845e-05
1693224,0.0014041450340300798
1693380,0.00041632080683484674
1693536,0.0010566010605543852
1693692,0.000663799000903964
1693848,0.0009169644908979535
1694004,0.0003293705522082746
1694160,0.0015793506754562259
1694316,0.005273199640214443
1694472,0.02093716338276863
1694628,0.00029297417495399714
1694784,0.01784013770520687
1694940,0.0005066648009233177
1695096,0.00014919458772055805
1695252,0.00016903472715057433
1695408,0.00012351143232081085
1695564,0.00011539206025190651
1695720,0.0027860975824296474
1695876,0.00015207784599624574
1696032,0.0002540338318794966
1696188,0.0008183236932381988
1696344,0.0003383247531019151
1696500,0.0005118183325976133
1696656,0.00022732740035280585
1696812,0.00016616471111774445
1696968,0.000368181528756395
1697124,5.603834870271385e-05
1697280,5.633234468405135e-05
1697436,0.01183555368334055
1697592,0.00562484934926033
1697748,8.255287684733048e-05
1697904,0.00010078019113279879
1698060,0.000218606335693039
1698216,0.0054952590726315975
1698372,0.003939479123800993
1698528,0.0002439869858790189
1698684,0.0031701887492090464
1698840,0.00036284560337662697
1698996,0.003091154620051384
1699152,0.0016214122297242284
1699308,0.014603333547711372
1699464,0.00015149982937145978
1699620,0.0007085848483256996
1699776,0.0001274392125196755
1699932,0.00022913396242074668
1700088,0.0018603885546326637
1700244,0.00018908589845523238
1700400,0.006736901588737965
1700556,0.02345607616007328
1700712,0.00039992030360735953
1700868,0.0008596897823736072
1701024,0.0001491927105234936
1701180,0.0002287911338498816
1701336,0.0017585124587640166
1701492,0.006158492062240839
1701648,0.019158057868480682
1701804,0.0002792235463857651
1701960,0.0002216467255493626
1702116,0.00010193097841693088
1702272,0.0001241879363078624
1702428,0.00019820561283268034
1702584,0.00012202804646221921
1702740,0.0072384546510875225
1702896,0.0001925021642819047
1703052,2.6400834030937403e-05
1703208,0.00010409942478872836
1703364,5.888898886041716e-05
1703520,2.616532401589211e-05
1703676,4.162509139860049e-05
1703832,0.002671234542503953
1703988,9.866162145044655e-05
1704144,0.0008515231311321259
1704300,0.00010798215225804597
1704456,6.0968839534325525e-05
1704612,0.00011133278167108074
1704768,3.1295981898438185e-05
1704924,6.853450031485409e-05
1705080,0.003169580362737179
1705236,0.00026276998687535524
1705392,8.668411464896053e-05
1705548,5.6234006478916854e-05
1705704,0.00098600413184613
1705860,7.194284989964217e-05
1706016,0.0004504977259784937
1706172,0.0001148999945144169
1706328,0.011976314708590508
1706484,3.9486418245360255e-05
1706640,0.00015657974290661514
1706796,0.00015583222557324916
1706952,0.009030320681631565
1707108,0.0011639000149443746
1707264,0.0005761448992416263
1707420,0.0023470367304980755
1707576,0.0040436177514493465
1707732,0.00030239031184464693
1707888,0.0021734624169766903
1708044,8.11008649179712e-05
1708200,4.819832611246966e-05
1708356,0.00033321871887892485
1708512,4.779751179739833e-05
1708668,0.00011224047921132296
1708824,5.310466076480225e-05
1708980,0.0005249090027064085
1709136,0.00016223748389165848
1709292,0.0053253574296832085
1709448,0.007019184064120054
1709604,0.006435547489672899
1709760,0.029683947563171387
1709916,0.00041471669101156294
1710072,0.005697983782738447
1710228,0.00046900639426894486
1710384,0.0022143940441310406
1710540,0.004620061721652746
1710696,0.0005926393205299973
1710852,6.846062024123967e-05
1711008,0.00012894379324279726
1711164,0.00011951272608712316
1711320,0.00010051717981696129
1711476,0.00047313323011621833
1711632,0.0011266639921814203
1711788,0.0001216799282701686
1711944,0.015831289812922478
1712100,0.002908234251663089
1712256,0.00014442362589761615
1712412,0.0010229820618405938
1712568,0.016230449080467224
1712724,0.001011331332847476
1712880,7.49500104575418e-05
1713036,5.617839633487165e-05
1713192,0.0001912267180159688
1713348,0.002683373400941491
1713504,0.00015605177031829953
1713660,0.0001884791417978704
1713816,6.0824910178780556e-05
1713972,0.013764134608209133
1714128,8.575509127695113e-05
1714284,0.0002871187462005764
1714440,0.00013360092998482287
1714596,0.0006841318681836128
1714752,0.0008619176805950701
1714908,9.177172614727169e-05
1715064,0.00020244230108801275
1715220,0.00011215914855711162
1715376,0.00012875269749201834
1715532,5.596534538199194e-05
1715688,0.012972505763173103
1715844,0.00013541037333197892
1716000,0.0006571978447027504
1716156,0.0007812087424099445
1716312,0.0002015723439399153
1716468,0.00012244615936651826
1716624,0.0011111974017694592
1716780,0.0002798173518385738
1716936,0.0011201332090422511
1717092,0.00023589951160829514
1717248,0.0016494372393935919
1717404,0.003157850354909897
1717560,0.005999136250466108
1717716,0.0038210160564631224
1717872,0.009065324440598488
1718028,0.000574480218347162
1718184,0.006415176670998335
1718340,0.00017364966333843768
1718496,0.0001287957129534334
1718652,0.00017796261818148196
1718808,0.00016492205031681806
1718964,6.614622543565929e-05
1719120,0.0003104068455286324
1719276,0.00021399611432570964
1719432,0.0012543987249955535
1719588,9.190076525555924e-05
1719744,0.00826163962483406
1719900,0.006442672573029995
1720056,0.0007804231718182564
1720212,0.00016316368419211358
1720368,0.0001173593191197142
1720524,0.00015159840404521674
1720680,0.0006769601022824645
1720836,0.00012824346777051687
1720992,0.0005518337711691856
1721148,0.00010729444329626858
1721304,0.003773464821279049
1721460,0.0003067240468226373
1721616,0.00014953022764530033
1721772,3.230834408896044e-05
1721928,0.0019923695363104343
1722084,0.00012040189176332206
1722240,4.203310527373105e-05
1722396,0.00022648900630883873
1722552,0.0003537714947015047
1722708,9.8136042652186e-05
1722864,0.0001324785698670894
1723020,0.0005667682271450758
1723176,0.00045030779438093305
1723332,0.0001376574218738824
1723488,5.272343696560711e-05
1723644,0.00011516986705828458
1723800,0.0005973162478767335
1723956,0.0004083266539964825
1724112,0.00224384106695652
1724268,0.019925694912672043
1724424,0.0003587303217500448
1724580,0.00013267985195852816
1724736,0.005999051500111818
1724892,0.00010873285646084696
1725048,0.0005909190513193607
1725204,0.0005706024821847677
1725360,0.0007982196984812617
1725516,0.000437322974903509
1725672,6.130260589998215e-05
1725828,0.005721511319279671
1725984,0.0001521673402749002
1726140,0.013281977735459805
1726296,0.001019357005134225
1726452,0.00014529403415508568
1726608,3.198320700903423e-05
1726764,0.00012388991308398545
1726920,0.00037002592580392957
1727076,0.00015177635941654444
1727232,0.0068097407929599285
1727388,0.00011927688319701701
1727544,0.017053797841072083
1727700,0.0001578098745085299
1727856,0.0004941255319863558
1728012,0.004626654088497162
1728168,0.0001287774502998218
1728324,8.402149251196533e-05
1728480,0.00040114420698955655
1728636,0.00010593378829071298
1728792,0.0001321650925092399
1728948,0.00011112751963082701
1729104,0.002555246464908123
1729260,0.005903588142246008
1729416,0.0002383414830546826
1729572,0.00022983360395301133
1729728,0.0003375546366441995
1729884,0.01198311522603035
1730040,0.0009357568342238665
1730196,9.221451909979805e-05
1730352,4.435567097971216e-05
1730508,4.388301749713719e-05
1730664,3.385135278222151e-05
1730820,7.194745558081195e-05
1730976,0.00010069864219985902
1731132,0.01472325250506401
1731288,0.010237256065011024
1731444,0.0003055553534068167
1731600,0.0015183279756456614
1731756,0.00025071005802601576
1731912,7.904699305072427e-05
1732068,0.024811385199427605
1732224,0.0005603810423053801
1732380,0.0002223926712758839
1732536,3.706262941705063e-05
1732692,9.191490971716121e-05
1732848,5.287252497510053e-05
1733004,0.002974673407152295
1733160,0.00037520326441153884
1733316,0.00041872134897857904
1733472,0.007795888930559158
1733628,0.014758888632059097
1733784,0.00017410068539902568
1733940,0.0008407791028730571
1734096,0.007282502483576536
1734252,0.0013574729673564434
1734408,0.01605808362364769
1734564,0.0002097330434480682
1734720,0.015258715488016605
1734876,0.00018185467342846096
1735032,0.0021625657100230455
1735188,0.0006467651692219079
1735344,6.7233617301099e-05
1735500,7.151244790293276e-05
1735656,2.9165308660594746e-05
1735812,0.002492767758667469
1735968,4.314973921282217e-05
1736124,5.5130436521722004e-05
1736280,0.0008184710750356317
1736436,4.844950308324769e-05
1736592,0.021212581545114517
1736748,0.000553088029846549
1736904,7.704459130764008e-05
1737060,0.00011724496289389208
1737216,0.00036101415753364563
1737372,0.00037740147672593594
1737528,0.0009093912085518241
1737684,0.00020535121439024806
1737840,0.0008738975739106536
1737996,0.016026129946112633
1738152,0.0015703117242082953
1738308,0.013235683552920818
1738464,0.0037874793633818626
1738620,0.02334274724125862
1738776,0.01318804919719696
1738932,0.012709063477814198
1739088,0.00023166043683886528
1739244,0.002144383965060115
1739400,0.00020495732314884663
1739556,0.00016150118608493358
1739712,0.00019855696882586926
1739868,2.2766573238186538e-05
1740024,0.001115446793846786
1740180,0.00042920830310322344
1740336,0.005823255516588688
1740492,0.04503504931926727
1740648,0.0019162427634000778
1740804,4.696158430306241e-05
1740960,0.00017588544869795442
1741116,0.0026145433075726032
1741272,0.00038827970274724066
1741428,0.0007682793075218797
1741584,0.0035110171884298325
1741740,4.0826358599588275e-05
1741896,3.45516818924807e-05
1742052,0.0002558700798545033
1742208,0.00017651043890509754
1742364,0.00041196649544872344
1742520,3.714545528055169e-05
1742676,0.012098520062863827
1742832,0.005756534170359373
1742988,0.005307752639055252
1743144,0.00022825514315627515
1743300,0.00017340274644084275
1743456,9.458048589294776e-05
1743612,0.00045614823466166854
1743768,5.843360850121826e-05
1743924,0.0002221508912043646
1744080,0.012106354348361492
1744236,0.00010152740287594497
1744392,0.0067875925451517105
1744548,0.0005368745187297463
1744704,0.003291803179308772
1744860,0.00025217822985723615
1745016,0.00011749102850444615
1745172,0.0008877539075911045
1745328,0.0035004757810384035
1745484,0.014316205866634846
1745640,0.0026185931637883186
1745796,0.0005346469697542489
1745952,0.006520878057926893
1746108,0.018579354509711266
1746264,0.0015983605990186334
1746420,0.0002736636088229716
1746576,0.0004364775668364018
1746732,0.0001036292887874879
1746888,0.00033906527096405625
1747044,9.968174708774313e-05
1747200,0.0001703758171061054
1747356,2.8102880605729297e-05
1747512,3.8132169720483944e-05
1747668,1.2296262866584584e-05
1747824,0.010715445503592491
1747980,1.2836791938752867e-05
1748136,0.0001972053141798824
1748292,9.775202488526702e-05
1748448,0.0003418693377170712
1748604,0.015001952648162842
1748760,0.005934703163802624
1748916,0.000257789040915668
1749072,0.0019253311911597848
1749228,0.012075837701559067
1749384,0.005502133630216122
1749540,7.35581197659485e-05
1749696,0.0022467002272605896
1749852,0.0001760764280334115
1750008,0.006973050069063902
1750164,5.8540605095913634e-05
1750320,0.00027893262449651957
1750476,7.461269706254825e-05
1750632,0.00010503485100343823
1750788,0.005059577524662018
1750944,0.0013475067680701613
1751100,0.0012640260392799973
1751256,0.00017662438040133566
1751412,9.104458877118304e-05
1751568,0.00046823470620438457
1751724,0.001884029246866703
1751880,0.012288765050470829
1752036,0.00029290205566212535
1752192,0.0007705899770371616
1752348,0.00017818996275309473
1752504,0.00010617163206916302
1752660,0.0015634826850146055
1752816,0.004236299078911543
1752972,0.0008756595198065042
1753128,0.0010763590689748526
1753284,0.03413020819425583
1753440,0.001455969177186489
1753596,0.0003047049976885319
1753752,8.340347994817421e-05
1753908,0.00140632432885468
1754064,0.00061536964494735
1754220,0.000582981389015913
1754376,0.00054799864301458
1754532,0.0010440954938530922
1754688,0.00045265076914802194
1754844,0.00012226763647049665
1755000,0.00014651683159172535
1755156,0.00011108983744634315
1755312,6.0868729633511975e-05
1755468,0.00021771664614789188
1755624,0.0005954882362857461
1755780,0.00011297821038169786
1755936,0.0001010950145428069
1756092,7.911832653917372e-05
1756248,0.006233531050384045
1756404,0.0002259940083604306
1756560,0.00042512232903391123
1756716,0.0014297375455498695
1756872,0.00045137907727621496
1757028,5.071134728495963e-05
1757184,5.567953485297039e-05
1757340,0.0001809996465453878
1757496,0.00023530478938482702
1757652,0.000277512997854501
1757808,0.00011641314631560817
1757964,9.220739593729377e-05
1758120,0.00477605639025569
1758276,0.0002489015751052648
1758432,0.0013124782126396894
1758588,0.0009768554009497166
1758744,0.00016749807400628924
1758900,0.00015907315537333488
1759056,0.0014711110852658749
1759212,0.040676049888134
1759368,0.0024390374310314655
1759524,7.30529282009229e-05
1759680,0.0028270967304706573
1759836,0.01974327489733696
1759992,0.00031837317510508
1760148,0.00012629204138647765
1760304,0.00019455922301858664
1760460,0.00016806939675007015
1760616,6.347388989524916e-05
1760772,7.236099190777168e-05
1760928,0.008940838277339935
1761084,0.0005558659322559834
1761240,0.00023623122251592577
1761396,0.005806068889796734
1761552,5.751708522439003e-05
1761708,0.0011290775146335363
1761864,0.0003763706481549889
1762020,0.002767031081020832
1762176,0.00072181859286502
1762332,0.0002447000297252089
1762488,0.00013771589146927
1762644,0.006802231073379517
1762800,0.0006334175122901797
1762956,0.00022313170484267175
1763112,0.0004997687065042555
1763268,0.004826313816010952
1763424,0.01979474350810051
1763580,0.00015194164006970823
1763736,3.9303711673710495e-05
1763892,3.7195044569671154e-05
1764048,8.34963284432888e-05
1764204,0.0007175466744229198
1764360,0.00013938163465354592
1764516,0.00032622605795040727
1764672,7.573016046080738e-05
1764828,0.0002060030965367332
1764984,0.00010464266961207613
1765140,0.003552947426214814
1765296,0.0004944977117702365
1765452,0.0001994322519749403
1765608,0.00011151783110108227
1765764,0.0007257866091094911
1765920,0.0003030422958545387
1766076,0.0005663935444317758
1766232,6.10469578532502e-05
1766388,7.90408521424979e-05
1766544,0.016606388613581657
1766700,0.00012647558469325304
1766856,0.00016606730059720576
1767012,9.583606151863933e-05
1767168,5.202153624850325e-05
1767324,0.01811947114765644
1767480,0.000761812087148428
1767636,0.00020285203936509788
1767792,0.00043959624599665403
1767948,0.00027076186961494386
1768104,9.239549399353564e-05
1768260,0.00037323994911275804
1768416,0.0004155200149398297
1768572,0.0004895296297036111
1768728,0.030437618494033813
1768884,0.0010635690996423364
1769040,0.016101140528917313
1769196,0.0006558860186487436
1769352,0.00016138594946824014
1769508,9.526954090688378e-05
1769664,0.01274587120860815
1769820,0.005216753110289574
1769976,9.646165563026443e-05
1770132,3.6800622183363885e-05
1770288,2.2989579520071857e-05
1770444,8.895677456166595e-05
1770600,0.006058713886886835
1770756,0.00019306203466840088
1770912,0.0003522845800034702
1771068,0.00015662219084333628
1771224,2.610086085041985e-05
1771380,0.00014706503134220839
1771536,0.000716731883585453
1771692,0.0004940804792568088
1771848,8.827564306557178e-05
1772004,0.002579519059509039
1772160,0.00042556211701594293
1772316,0.0001252749061677605
1772472,0.00020544843573588878
1772628,0.00012022875307593495
1772784,0.00017366226529702544
1772940,0.0004909027484245598
1773096,0.00016259512631222606
1773252,0.00010991365707013756
1773408,0.00025227630976587534
1773564,7.856822048779577e-05
1773720,9.722723189042881e-05
1773876,5.957886969554238e-05
1774032,2.9854249078198336e-05
1774188,0.0040033552795648575
1774344,6.551379192387685e-05
1774500,0.00015194545267149806
1774656,0.000128987681819126
1774812,0.00013725247117690742
1774968,0.0002511302591301501
1775124,0.0002838087675627321
1775280,0.0009017479605972767
1775436,0.0066147129982709885
1775592,0.0002870752359740436
1775748,8.542076830053702e-05
1775904,0.00011898516095243394
1776060,0.00011987469042651355
1776216,0.00021212488354649395
1776372,0.0007342332391999662
1776528,0.0004520567017607391
1776684,4.134878690820187e-05
1776840,0.010122117586433887
1776996,0.000992469722405076
1777152,0.013791872188448906
1777308,0.00021283476962707937
1777464,0.0010602765250951052
1777620,0.0007080216892063618
1777776,0.010339019820094109
1777932,0.0009753648191690445
1778088,0.015559036284685135
1778244,0.0059940810315310955
1778400,0.011522479355335236
1778556,8.760197670198977e-05
1778712,0.003115210449323058
1778868,0.004437100607901812
1779024,0.0002210341626778245
1779180,0.00010919860505964607
1779336,0.00046593009028583765
1779492,0.008109748363494873
1779648,9.742529800860211e-05
1779804,9.793855133466423e-05
1779960,0.0011399914510548115
1780116,0.00658754725009203
1780272,9.877466800389811e-05
1780428,0.015360051766037941
1780584,0.0029953615739941597
1780740,0.0010714245727285743
1780896,0.016136450693011284
1781052,0.01619930937886238
1781208,0.010986884124577045
1781364,0.00020269796368665993
1781520,0.0015653021400794387
1781676,6.37868361081928e-05
1781832,6.784435390727594e-05
1781988,0.00014133795048110187
1782144,0.00031617353670299053
1782300,0.013071334920823574
1782456,7.220133556984365e-05
1782612,0.01565057784318924
1782768,0.001699548214673996
1782924,0.013817339204251766
1783080,0.0002123443118762225
1783236,0.0007005897350609303
1783392,0.006935202516615391
1783548,0.0025967888068407774
1783704,0.0072557805106043816
1783860,0.0007245518499985337
1784016,0.0001696823601378128
1784172,7.771950913593173e-05
1784328,0.00044910976430401206
1784484,4.391765469335951e-05
1784640,0.00045969142229296267
1784796,0.00010541206574998796
1784952,0.00017537243547849357
1785108,0.0006900769076310098
1785264,0.0005273828282952309
1785420,0.0008178200223483145
1785576,5.011406756239012e-05
1785732,0.00021935813128948212
1785888,0.00021549440862145275
1786044,6.025898619554937e-05
1786200,6.717105861753225e-05
1786356,0.00013113408931531012
1786512,0.003509177127853036
1786668,0.0005152706289663911
1786824,7.953151362016797e-05
1786980,6.839293928351253e-05
1787136,8.321252244058996e-05
1787292,0.00012166588567197323
1787448,4.5638385927304626e-05
1787604,1.5779824025230482e-05
1787760,0.0012788891326636076
1787916,0.0136202871799469
1788072,0.0001262592850252986
1788228,0.00013942376244813204
1788384,0.0001747113128658384
1788540,0.0009506517089903355
1788696,0.0025058938190340996
1788852,0.0002653214614838362
1789008,0.013539072126150131
1789164,0.0006950644892640412
1789320,0.0002815114567056298
1789476,0.0032741010654717684
1789632,0.0010519269853830338
1789788,0.00021789934544358402
1789944,4.1727958887349814e-05
1790100,0.00029847517726011574
1790256,0.00011622250895015895
1790412,0.00017569508054293692
1790568,0.00013147508434485644
1790724,0.005469920579344034
1790880,6.0642469179583713e-05
1791036,5.824394975206815e-05
1791192,3.882381861330941e-05
1791348,5.8526082284515724e-05
1791504,5.447458170237951e-05
1791660,0.00024489942006766796
1791816,0.002580699510872364
1791972,0.00022859535238239914
1792128,0.0003484133048914373
1792284,0.00045287198736332357
1792440,0.002982768230140209
1792596,0.00030625530052930117
1792752,0.011734767816960812
1792908,0.005520866252481937
1793064,0.0003621737123467028
1793220,0.02862921729683876
1793376,0.00011646013444988057
1793532,0.00047258546692319214
1793688,0.0024981547612696886
1793844,0.00022196317149791867
1794000,0.0002728351391851902
1794156,0.00011604049359448254
1794312,0.00011501651897560805
1794468,0.00028843519976362586
1794624,0.0001368171360809356
1794780,0.0001379778841510415
1794936,0.004423922393471003
1795092,0.00015846770838834345
1795248,0.0005361634539440274
1795404,0.00029194739181548357
1795560,8.208867802750319e-05
1795716,0.0014622606104239821
1795872,0.00027118719299323857
1796028,0.012472562491893768
1796184,7.686410390306264e-05
1796340,0.00013142061652615666
1796496,9.574252180755138e-05
1796652,5.490319017553702e-05
1796808,3.12900374410674e-05
1796964,7.989810546860099e-05
1797120,0.00017211883096024394
1797276,3.037559326912742e-05
1797432,8.640529267722741e-05
1797588,0.0008997377590276301
1797744,0.00010664614092092961
1797900,0.010736607946455479
1798056,0.02073677070438862
1798212,0.010731971822679043
1798368,0.008629766292870045
1798524,0.011773535050451756
1798680,0.0006639977218583226
1798836,0.0008603621390648186
1798992,0.008373708464205265
1799148,0.0003590552369132638
1799304,0.0004229160549584776
1799460,0.008930839598178864
1799616,0.0002990176435559988
1799772,0.0005162400775589049
1799928,0.00027396291261538863
1800084,7.054632442304865e-05
1800240,4.950730362907052e-05
1800396,3.344242577441037e-05
1800552,0.002529878169298172
1800708,9.463309834245592e-05
1800864,6.129836401669309e-05
1801020,0.006842238362878561
1801176,0.000596303550992161
1801332,9.094199776882306e-05
1801488,0.000242582056671381
1801644,0.00024025824677664787
1801800,0.0023873960599303246
1801956,0.00010383799963165075
1802112,0.0005994206294417381
1802268,0.00012886001786682755
1802424,0.00023488487931899726
1802580,3.936133725801483e-05
1802736,5.184255132917315e-05
1802892,4.331903255661018e-05
1803048,3.275502604083158e-05
1803204,3.2109630410559475e-05
1803360,2.3362028514384292e-05
1803516,0.00222191889770329
1803672,0.00048565410543233156
1803828,3.3274496672675014e-05
1803984,0.006187887862324715
1804140,0.0008180190925486386
1804296,0.004934439901262522
1804452,7.87628669058904e-05
1804608,0.00020495385979302227
1804764,0.00020590003987308592
1804920,0.0005131163634359837
1805076,0.00015196774620562792
1805232,0.00012106569192837924
1805388,4.5880486140958965e-05
1805544,0.0004264425951987505
1805700,0.000192673149285838
1805856,0.017871346324682236
1806012,6.824376760050654e-05
1806168,0.000514606770593673
1806324,0.0024808375164866447
1806480,0.0007553537143394351
1806636,0.00016107052215375006
1806792,0.00026826647808775306
1806948,0.00013866049994248897
1807104,4.2124829633394256e-05
1807260,7.616048969794065e-05
1807416,0.006967712193727493
1807572,0.0006403190200217068
1807728,0.00021451397333294153
1807884,0.00013049534754827619
1808040,0.0001366308133583516
1808196,3.596194801502861e-05
1808352,0.00014136184472590685
1808508,0.0007431451231241226
1808664,0.00026949209859594703
1808820,0.00021252993610687554
1808976,0.01159366313368082
1809132,0.00017606516485102475
1809288,0.00021825147268828005
1809444,0.00503171281889081
1809600,0.00021255365572869778
1809756,0.0001737229758873582
1809912,0.00020393422164488584
1810068,0.00026026039267890155
1810224,0.0015997836599126458
1810380,0.002727182349190116
1810536,4.7553767217323184e-05
1810692,5.399408473749645e-05
1810848,2.1230114725767635e-05
1811004,0.0010658398969098926
1811160,0.00011047872249037027
1811316,6.41547012492083e-05
1811472,0.0015251105651259422
1811628,0.00012993195559829473
1811784,0.004231266211718321
1811940,0.00034693186171352863
1812096,0.00013829191448166966
1812252,0.0011769066331908107
1812408,0.0008735752198845148
1812564,0.007788124494254589
1812720,0.00016340019647032022
1812876,0.000398850766941905
1813032,0.00484963646158576
1813188,7.84712319727987e-05
1813344,4.926429392071441e-05
1813500,7.801711035426706e-05
1813656,0.0002174380060750991
1813812,0.00011981908755842596
1813968,5.337953916750848e-05
1814124,8.150486974045634e-05
1814280,0.005756227299571037
1814436,0.0003177648177370429
1814592,0.006675898563116789
1814748,0.0001328492653556168
1814904,6.199748895596713e-05
1815060,0.0001264868478756398
1815216,6.087676592869684e-05
1815372,5.2543633501045406e-05
1815528,5.769480412709527e-05
1815684,0.0002091372589347884
1815840,0.0012371684424579144
1815996,0.001368256052955985
1816152,0.041087646037340164
1816308,0.005858051124960184
1816464,0.01382605079561472
1816620,0.00036570668453350663
1816776,0.0016768260393291712
1816932,0.00359541573561728
1817088,0.0015679607167840004
1817244,0.0011294850846752524
1817400,0.00010075086902361363
1817556,0.005588528700172901
1817712,0.0006037638522684574
1817868,0.00017259623564314097
1818024,0.0001716673723421991
1818180,0.002309754490852356
1818336,9.395445522386581e-05
1818492,4.125834675505757e-05
1818648,0.017328187823295593
1818804,0.0015143546042963862
1818960,0.0003992499259766191
1819116,0.002538203028962016
1819272,0.00035485310945659876
1819428,0.0001725640322547406
1819584,8.938404789660126e-05
1819740,7.45239231036976e-05
1819896,0.00012312454055063426
1820052,0.002318557584658265
1820208,0.00011554272350622341
1820364,0.0007349153165705502
1820520,4.077654375578277e-05
1820676,6.29782589385286e-05
1820832,7.441869820468128e-05
1820988,8.1840087659657e-05
1821144,0.0058572483249008656
1821300,0.0001561380340717733
1821456,3.632967855082825e-05
1821612,8.174077811418101e-05
1821768,0.0004327945352997631
1821924,0.00011491520854178816
1822080,0.005501415114849806
1822236,0.000760073191486299
1822392,9.954771667253226e-05
1822548,7.898167677922174e-05
1822704,3.325401485199109e-05
1822860,0.0008652146207168698
1823016,4.250479832990095e-05
1823172,0.00010140194353880361
1823328,0.00018475450633559376
1823484,0.0013515938771888614
1823640,0.0002000498934648931
1823796,0.0003502794716041535
1823952,0.008995909243822098
1824108,0.00021751625172328204
1824264,0.011186543852090836
1824420,0.0008978141122497618
1824576,0.00020214365213178098
1824732,0.00010237984679406509
1824888,6.3019193476066e-05
1825044,0.0006158800097182393
1825200,7.803771586623043e-05
1825356,0.0056804753839969635
1825512,6.069404844311066e-05
1825668,0.0013292424846440554
1825824,0.006296821869909763
1825980,0.0007363729528151453
1826136,0.013903450220823288
1826292,0.027889598160982132
1826448,0.017385711893439293
1826604,0.001857122639194131
1826760,0.00014738677418790758
1826916,0.026246316730976105
1827072,7.21776596037671e-05
1827228,8.762568177189678e-05
1827384,0.0022533885203301907
1827540,0.0005109749617986381
1827696,7.479649502784014e-05
1827852,5.496137237059884e-05
1828008,7.967391866259277e-05
1828164,5.380126094678417e-05
1828320,0.002270608441904187
1828476,4.818783781956881e-05
1828632,0.0006933720433153212
1828788,6.200328061822802e-05
1828944,0.0003050797968171537
1829100,0.008755997754633427
1829256,0.0006500946474261582
1829412,0.0002544525486882776
1829568,5.7080687838606536e-05
1829724,6.721671525156125e-05
1829880,3.131413541268557e-05
1830036,2.395765477558598e-05
1830192,0.0001142710680142045
1830348,0.0006530983955599368
1830504,0.00020441268861759454
1830660,0.00018036965047940612
1830816,0.0008263216586783528
1830972,0.031987860798835754
1831128,0.003680391702800989
1831284,0.0003874761750921607
1831440,0.0005761723732575774
1831596,0.00030828273156657815
1831752,0.00037584008532576263
1831908,0.005709386430680752
1832064,0.02604125812649727
1832220,0.0015652154106646776
1832376,0.0026976694352924824
1832532,7.062949589453638e-05
1832688,0.005666728597134352
1832844,0.0001648549223318696
1833000,0.003910894505679607
1833156,0.0026483002584427595
1833312,0.00042204526835121214
1833468,5.008419248042628e-05
1833624,0.00021560033201240003
1833780,0.006563136354088783
1833936,0.012537088245153427
1834092,0.00017034554912243038
1834248,0.004080316051840782
1834404,9.155053703580052e-05
1834560,0.00021537065913435072
1834716,0.00010683984874049202
1834872,4.1991348552983254e-05
1835028,0.0011083560530096292
1835184,0.00016115322068799287
1835340,9.097675501834601e-05
1835496,5.614717520074919e-05
1835652,0.005654408596456051
1835808,9.081627649720758e-05
1835964,0.004445846192538738
1836120,0.0008319176849909127
1836276,0.00013561572995968163
1836432,5.3457541071111336e-05
1836588,0.00016653654165565968
1836744,0.0020809180568903685
1836900,2.2573200112674385e-05
1837056,0.0003218910424038768
1837212,6.522965850308537e-05
1837368,0.00028604824910871685
1837524,0.00012337687076069415
1837680,8.780989446677268e-05
1837836,0.0012983253691345453
1837992,0.002173772780224681
1838148,0.00011242172331549227
1838304,0.0003292841138318181
1838460,0.0008082329295575619
1838616,0.012287938967347145
1838772,0.00044312290265224874
1838928,0.007464330643415451
1839084,0.00035027647390961647
1839240,0.00029278724105097353
1839396,0.00028441211907193065
1839552,0.015614324249327183
1839708,0.0024691764265298843
1839864,0.02890770509839058
1840020,0.00035936542553827167
1840176,4.6302713599288836e-05
1840332,0.00012550840619951487
1840488,7.560322410427034e-05
1840644,0.002840964589267969
1840800,0.00027112048701383173
1840956,0.00010172913607675582
1841112,0.0002677047159522772
1841268,0.0058599510230124
1841424,8.195661939680576e-05
1841580,0.0010846754303202033
1841736,0.00011012824688805267
1841892,0.00023021394736133516
1842048,0.00010519146599108353
1842204,6.420518911909312e-05
1842360,7.8087869042065e-05
1842516,9.693834726931527e-05
1842672,7.800533785484731e-05
1842828,0.00019343772146385163
1842984,0.0028769143391400576
1843140,0.0005598438438028097
1843296,0.00017484626732766628
1843452,0.00014279087190516293
1843608,0.01881660334765911
1843764,0.0002944079169537872
1843920,8.612445526523516e-05
1844076,0.00042853644117712975
1844232,0.009693221189081669
1844388,0.0028148626442998648
1844544,0.0002074841904686764
1844700,0.0002581714652478695
1844856,7.632793858647346e-05
1845012,0.0003198484773747623
1845168,0.03078567609190941
1845324,0.0005261547048576176
1845480,0.00045135943219065666
1845636,0.00023675277770962566
1845792,0.00011172929953318089
1845948,0.0006130950059741735
1846104,0.0005673606065101922
1846260,0.00020038115326315165
1846416,0.0005277973832562566
1846572,0.0002438669471303001
1846728,0.00022136099869385362
1846884,0.000171910272911191
1847040,0.0006238577771000564
1847196,0.00015810440527275205
1847352,0.00014785677194595337
1847508,0.012561047449707985
1847664,0.0024759715888649225
1847820,0.00013250108167994767
1847976,0.0005030868924222887
1848132,0.01389466691762209
1848288,0.00011859135702252388
1848444,5.5286123824771494e-05
1848600,0.000255345570622012
1848756,0.00017384628881700337
1848912,0.0001683052396401763
1849068,0.0020244347397238016
1849224,0.0003476084384601563
1849380,0.014165764674544334
1849536,0.00015904929023236036
1849692,0.0004699754645116627
1849848,0.00014952555648051202
1850004,6.470000516856089e-05
1850160,8.41302826302126e-05
1850316,4.798673035111278e-05
1850472,7.098744390532374e-05
1850628,0.0010132852476090193
1850784,0.00019513798179104924
1850940,0.00014275569992605597
1851096,0.006299914326518774
1851252,0.0005632411339320242
1851408,0.00014496876974590123
1851564,0.005068953149020672
1851720,0.0005962011637166142
1851876,6.327065784716979e-05
1852032,4.714531314675696e-05
1852188,2.0348332327557728e-05
1852344,0.005221441853791475
1852500,0.00015683250967413187
1852656,3.764658686122857e-05
1852812,6.722112448187545e-05
1852968,4.6581742935813963e-05
1853124,0.00012765770952682942
1853280,0.00014336680760607123
1853436,0.0001204529035021551
1853592,0.00014638427819591016
1853748,0.0001375325082335621
1853904,0.006373241543769836
1854060,0.004283524118363857
1854216,0.00446942588314414
1854372,0.0013138556387275457
1854528,0.001723162829875946
1854684,0.0003882797318510711
1854840,5.874728230992332e-05
1854996,0.00113217206671834
1855152,0.0003935056447517127
1855308,9.25675849430263e-05
1855464,0.0002659457386471331
1855620,0.03115529753267765
1855776,0.000530300778336823
1855932,0.0005604879697784781
1856088,0.0009822880383580923
1856244,7.632910273969173e-05
1856400,9.150111873168498e-05
1856556,0.001229054294526577
1856712,7.547074346803129e-05
1856868,5.4210046073421836e-05
1857024,0.000400821038056165
1857180,0.00011039363744203001
1857336,0.03395141288638115
1857492,0.00163784041069448
1857648,0.00020441663218662143
1857804,5.1521546993171796e-05
1857960,0.0003699032822623849
1858116,9.372310887556523e-05
1858272,0.0001989329612115398
1858428,0.0005758879706263542
1858584,8.776190952630714e-05
1858740,0.00026936474023386836
1858896,5.6042968935798854e-05
1859052,0.0007109614089131355
1859208,0.00015714805340394378
1859364,0.00020750821568071842
1859520,8.25907482067123e-05
1859676,0.00017667943029664457
1859832,5.779713683295995e-05
1859988,0.0025154745671898127
1860144,0.005846550688147545
1860300,0.00017692582332529128
1860456,7.354457920882851e-05
1860612,8.217806316679344e-05
1860768,6.942499749129638e-05
1860924,3.0403747587115504e-05
1861080,0.0008648480288684368
1861236,0.003101756563410163
1861392,0.0001900948118418455
1861548,6.901232700329274e-05
1861704,0.00010918267071247101
1861860,0.0002701430057641119
1862016,8.714765863260254e-05
1862172,0.002431180328130722
1862328,0.003338462905958295
1862484,0.0007079924107529223
1862640,0.000304182933177799
1862796,5.4216150601860136e-05
1862952,7.29901366867125e-05
1863108,8.04142327979207e-05
1863264,0.0066243065521121025
1863420,0.0011825083056464791
1863576,0.00222953618504107
1863732,0.00019067266839556396
1863888,0.00014005856064613909
1864044,0.0029072079341858625
1864200,0.0014741899212822318
1864356,0.00022106649703346193
1864512,0.00016696072998456657
1864668,0.0001699014683254063
1864824,0.00030989141669124365
1864980,0.00027074580430053174
1865136,0.00010035368904937059
1865292,0.00011875970085384324
1865448,0.00013271687203086913
1865604,0.003873668145388365
1865760,6.900988228153437e-05
1865916,0.00016624083218630403
1866072,6.185817619552836e-05
1866228,6.314928032224998e-05
1866384,2.7785088605014607e-05
1866540,3.807478424278088e-05
1866696,4.176059883320704e-05
1866852,8.16836763988249e-05
1867008,0.00012430379865691066
1867164,0.003189495764672756
1867320,0.00017650824156589806
1867476,0.0010380991734564304
1867632,0.0058327349834144115
1867788,0.0003682140668388456
1867944,0.0003041996096726507
1868100,8.310774137498811e-05
1868256,0.000636706012301147
1868412,0.000453732383903116
1868568,0.00015310785965994
1868724,0.00011109151819255203
1868880,0.00024351596948690712
1869036,0.0004934525350108743
1869192,0.009725757874548435
1869348,0.0011456510983407497
1869504,8.957079262472689e-05
1869660,0.008638611994683743
1869816,8.191158121917397e-05
1869972,0.0005870419554412365
1870128,0.0037964764051139355
1870284,0.0014775737654417753
1870440,0.00013696865062229335
1870596,0.022302402183413506
1870752,0.012086665257811546
1870908,0.0004987709107808769
1871064,9.294813935412094e-05
1871220,0.00015456529217772186
1871376,0.0037603494711220264
1871532,0.026513008400797844
1871688,0.0007306351326406002
1871844,0.0001936997432494536
1872000,0.0003212887386325747
1872156,0.00027369646704755723
1872312,0.0031840752344578505
1872468,0.0001786528737284243
1872624,0.001840778742916882
1872780,0.0002223574265372008
1872936,0.0031234496273100376
1873092,8.910280303098261e-05
1873248,3.4602726373123005e-05
1873404,0.0004512594314292073
1873560,0.00011780894419644028
1873716,0.00048104452434927225
1873872,0.0008337638573721051
1874028,0.00037581491051241755
1874184,0.0005397320492193103
1874340,0.0005867838626727462
1874496,0.00017776881577447057
1874652,0.001368002500385046
1874808,0.00034179241629317403
1874964,4.4807537051383406e-05
1875120,4.7609406465198845e-05
1875276,5.781154686701484e-05
1875432,3.964210191043094e-05
1875588,0.00036765975528396666
1875744,8.59245119499974e-05
1875900,4.5743974624201655e-05
1876056,0.008319448679685593
1876212,0.0007686427561566234
1876368,0.00024220472550950944
1876524,0.000516376574523747
1876680,0.0009702966781333089
1876836,0.002660786733031273
1876992,3.3036609238479286e-05
1877148,0.0008453733171336353
1877304,0.0002607085625641048
1877460,0.00014529176405631006
1877616,0.0011272135889157653
1877772,3.82515208912082e-05
1877928,2.0727162336697802e-05
1878084,0.0001163663764600642
1878240,0.0022300698328763247
1878396,0.0017749960534274578
1878552,0.00016694096848368645
1878708,7.327208004426211e-05
1878864,0.0003379198315087706
1879020,8.143445302266628e-05
1879176,4.331044328864664e-05
1879332,6.739465607097372e-05
1879488,0.03645399212837219
1879644,0.0005777275655418634
1879800,0.0008508616592735052
1879956,0.0021611456759274006
1880112,0.008640549145638943
1880268,0.0001344674383290112
1880424,0.0006550900870934129
1880580,9.24240448512137e-05
1880736,0.0003132076235488057
1880892,4.76390341646038e-05
1881048,3.644971002358943e-05
1881204,6.090069655328989e-05
1881360,0.0023188209161162376
1881516,0.0002648339723236859
1881672,8.41975852381438e-05
1881828,0.004804976284503937
1881984,0.00011160207213833928
1882140,4.4809938117396086e-05
1882296,9.89657492027618e-05
1882452,5.734241130994633e-05
1882608,5.47526688023936e-05
1882764,3.140105400234461e-05
1882920,0.0005027923034504056
1883076,0.00010389198723714799
1883232,0.0001541030069347471
1883388,6.667793786618859e-05
1883544,0.00018605920195113868
1883700,1.7675181879894808e-05
1883856,2.3692893591942266e-05
1884012,6.030005170032382e-05
1884168,6.379574188031256e-05
1884324,0.003631992731243372
1884480,0.005472686141729355
1884636,0.0003465775807853788
1884792,0.0023854258470237255
1884948,3.3311182050965726e-05
1885104,1.7014637705869973e-05
1885260,9.730875171953812e-05
1885416,7.666132296435535e-05
1885572,3.230407673981972e-05
1885728,9.132236300501972e-05
1885884,8.107106987154111e-05
1886040,0.00017489782476332039
1886196,1.9853738194797188e-05
1886352,1.1726327102223877e-05
1886508,2.807203054544516e-05
1886664,4.7675464884378016e-05
1886820,0.00012995823635719717
1886976,0.000117203060653992
1887132,0.005378311034291983
1887288,0.012159174308180809
1887444,7.914959860499948e-05
1887600,0.0017290737014263868
1887756,0.03750941529870033
1887912,0.061425626277923584
1888068,0.00013735584798268974
1888224,8.845318370731547e-05
1888380,9.29461675696075e-05
1888536,0.0003305163700133562
1888692,0.00014093522622715682
1888848,0.0016784152248874307
1889004,0.03297768905758858
1889160,0.00010706937609938905
1889316,0.00018197835015598685
1889472,0.0003569893888197839
1889628,0.006026863120496273
1889784,0.0001488573761889711
1889940,0.00013857957674190402
1890096,0.00010956708865705878
1890252,0.000458793540019542
1890408,0.00015809395699761808
1890564,8.833729953039438e-05
1890720,2.749085979303345e-05
1890876,7.017255120445043e-05
1891032,4.185173020232469e-05
1891188,4.877650644630194e-05
1891344,0.00016475167649332434
1891500,0.0007536576013080776
1891656,0.00011361390352249146
1891812,0.00017401648801751435
1891968,0.0001224854786414653
1892124,0.0029148408211767673
1892280,0.000666402222122997
1892436,0.00025422516046091914
1892592,0.00038485732511617243
1892748,0.00046482140896841884
1892904,0.0006119902245700359
1893060,0.00011689354141708463
1893216,0.00018673230079002678
1893372,8.515457739122212e-05
1893528,8.945481386035681e-05
1893684,9.686540579423308e-05
1893840,0.0008053002529777586
1893996,6.072482938179746e-05
1894152,0.006937722209841013
1894308,0.00010944158566417173
1894464,0.0002675332361832261
1894620,0.001013935194350779
1894776,0.00016806635539978743
1894932,0.00020575200323946774
1895088,0.0006923013716004789
1895244,0.00019302414148114622
1895400,0.0009943204931914806
1895556,0.0001275395043194294
1895712,6.087127621867694e-05
1895868,0.006596083287149668
1896024,5.447387957246974e-05
1896180,0.000408357591368258
1896336,0.00014360663772094995
1896492,0.00043610320426523685
1896648,0.00032459382782690227
1896804,0.00025478791212663054
1896960,0.0008236087742261589
1897116,0.00014451064635068178
1897272,4.756383350468241e-05
1897428,3.28497844748199e-05
1897584,9.746559953782707e-05
1897740,0.00010633806959958747
1897896,0.0009608999826014042
1898052,0.006337959785014391
1898208,0.00011781486682593822
1898364,0.002504909411072731
1898520,0.0005205695633776486
1898676,0.0007310281507670879
1898832,0.01474255882203579
1898988,0.0028100204654037952
1899144,0.0001295390829909593
1899300,4.744583566207439e-05
1899456,0.00013837942969985306
1899612,0.0009730386082082987
1899768,8.646918286103755e-05
1899924,0.0017457081703469157
1900080,7.2847367846407e-05
1900236,0.0001474223827244714
1900392,0.0006286315037868917
1900548,0.00025754410307854414
1900704,0.012654067017138004
1900860,0.013725441880524158
1901016,0.00010119070066139102
1901172,0.014326859265565872
1901328,0.000206706507015042
1901484,0.007369409315288067
1901640,0.00027167191728949547
1901796,9.345708531327546e-05
1901952,0.011168126948177814
1902108,6.053764445823617e-05
1902264,0.0011159891728311777
1902420,0.003384119365364313
1902576,0.00015150185208767653
1902732,0.00012517055438365787
1902888,0.012088618241250515
1903044,0.00016470003174617887
1903200,8.31343641038984e-05
1903356,0.005081865470856428
1903512,0.0019243250135332346
1903668,0.017870139330625534
1903824,0.0001170975883724168
1903980,0.00012568056990858167
1904136,0.00015525570779573172
1904292,0.00012374462676234543
1904448,0.00011327980610076338
1904604,5.089801561553031e-05
1904760,0.005326271057128906
1904916,0.00029942693072371185
1905072,0.00011397848720662296
1905228,0.02900390699505806
1905384,0.01345718652009964
1905540,0.0017159732524305582
1905696,0.005310044623911381
1905852,0.000631748465821147
1906008,0.00017011797172017395
1906164,5.713014252251014e-05
1906320,0.0004648638714570552
1906476,0.0003071643877774477
1906632,0.0006369043840095401
1906788,0.011046512052416801
1906944,0.0034787175245583057
1907100,0.007589514367282391
1907256,9.821005369303748e-05
1907412,0.00020797099568881094
1907568,0.0009479870204813778
1907724,0.00014488314627669752
1907880,8.132946095429361e-05
1908036,8.662907930556685e-05
1908192,3.374140214873478e-05
1908348,0.001947527751326561
1908504,0.0003478029975667596
1908660,0.0056046172976493835
1908816,0.0021705827675759792
1908972,0.0006354082142934203
1909128,0.01797390915453434
1909284,0.006039827596396208
1909440,0.005672123748809099
1909596,0.000331739749526605
1909752,0.00022380601149052382
1909908,0.0021735848858952522
1910064,0.00015039533900562674
1910220,0.00027808299637399614
1910376,3.124231079709716e-05
1910532,3.2046824344433844e-05
1910688,0.00015208523836918175
1910844,0.0003452446253504604
1911000,0.0001126905408455059
1911156,0.00016876799054443836
1911312,0.0006818299298174679
1911468,0.010045194998383522
1911624,0.0010924021480605006
1911780,0.01395670510828495
1911936,0.0363309308886528
1912092,0.00020777581084985286
1912248,0.013498327694833279
1912404,0.033810846507549286
1912560,0.0002653512347023934
1912716,0.0003247215645387769
1912872,0.0024779511149972677
1913028,0.00010927334369625896
1913184,7.129232835723087e-05
1913340,0.00017142860451713204
1913496,0.00039580155862495303
1913652,0.00012967854854650795
1913808,0.0002636557910591364
1913964,0.002765001030638814
1914120,0.00022571245790459216
1914276,0.00286669610068202
1914432,5.559305282076821e-05
1914588,0.00013645374565385282
1914744,9.555797441862524e-05
1914900,4.116639684070833e-05
1915056,0.003598803887143731
1915212,0.0006794216460548341
1915368,0.0023198260460048914
1915524,5.233286719885655e-05
1915680,0.00029044985421933234
1915836,0.0003386375610716641
1915992,0.00044210811029188335
1916148,0.0017022014362737536
1916304,4.4709930079989135e-05
1916460,0.000609588751103729
1916616,5.470970427268185e-05
1916772,6.721254612784833e-05
1916928,1.8808181266649626e-05
1917084,0.00016590258746873587
1917240,0.00021559522429015487
1917396,6.159805343486369e-05
1917552,0.00034038600279018283
1917708,0.00033393953344784677
1917864,0.0046195038594305515
1918020,0.001825883868150413
1918176,0.00014543926226906478
1918332,0.00011724995420081541
1918488,0.0005408191354945302
1918644,0.009636444970965385
1918800,0.00024818244855850935
1918956,9.864613821264356e-05
1919112,0.0002907904563471675
1919268,0.00016839025192894042
1919424,0.0008897511288523674
1919580,0.0001080342335626483
1919736,0.0001484554522903636
1919892,0.00016047028475441039
1920048,0.00012370986223686486
1920204,0.00039361746166832745
1920360,0.002111702226102352
1920516,0.00011967231694143265
1920672,0.00020608774502761662
1920828,0.0010650771437212825
1920984,0.000188259276910685
1921140,6.973353447392583e-05
1921296,4.3558637116802856e-05
1921452,4.35285473940894e-05
1921608,0.0001197575475089252
1921764,0.00017494286294095218
1921920,0.0012489876244217157
1922076,8.115577657008544e-05
1922232,9.204725211020559e-05
1922388,0.00043212182936258614
1922544,6.946265057194978e-05
1922700,2.6141493435716256e-05
1922856,3.49187248502858e-05
1923012,0.0008427549619227648
1923168,0.00582699803635478
1923324,4.6149565605446696e-05
1923480,2.2973887098487467e-05
1923636,0.0053767310455441475
1923792,0.0006411002832464874
1923948,0.00013904483057558537
1924104,9.656674228608608e-05
1924260,8.34808888612315e-05
1924416,8.420937228947878e-05
1924572,0.00032621558057144284
1924728,4.56920824944973e-05
1924884,0.0015392345376312733
1925040,6.913507240824401e-05
1925196,0.00018910270591732115
1925352,0.0004101335653103888
1925508,0.0008008542936295271
1925664,0.0006656234618276358
1925820,0.00032022513914853334
1925976,0.00012457932461984456
1926132,0.0003544986539054662
1926288,0.005375336389988661
1926444,0.0002660006284713745
1926600,9.92315835901536e-05
1926756,0.002689230954274535
1926912,0.001393309561535716
1927068,0.015141607262194157
1927224,0.0005709930555894971
1927380,0.00010036054300144315
1927536,0.00016221639816649258
1927692,0.002208478283137083
1927848,0.00010171259054914117
1928004,0.004801259841769934
1928160,0.00015672878362238407
1928316,0.00014322958304546773
1928472,7.316026312764734e-05
1928628,0.0001700055436231196
1928784,0.00017159021808765829
1928940,0.0001295262190978974
1929096,1.8518347133067437e-05
1929252,0.002300113905221224
1929408,0.0017528454773128033
1929564,0.000414508453104645
1929720,4.17616538470611e-05
1929876,0.00014697149163112044
1930032,9.770647739060223e-05
1930188,0.00016758448327891529
1930344,9.920508455252275e-05
1930500,0.006420641206204891
1930656,0.00020925624994561076
1930812,0.0008143970626406372
1930968,9.648372360970825e-05
1931124,6.880332512082532e-05
1931280,0.00010958251368720084
1931436,0.00044267604243941605
1931592,0.0005902837147004902
1931748,0.00024017473333515227
1931904,9.629072155803442e-05
1932060,6.188565021147951e-05
1932216,0.00017933687195181847
1932372,0.00018787686713039875
1932528,0.0012220513308420777
1932684,4.167754013906233e-05
1932840,0.00016307501937262714
1932996,0.0001807790104066953
1933152,8.840359805617481e-05
1933308,4.336964775575325e-05
1933464,0.024750038981437683
1933620,0.0003539296449162066
1933776,0.0001085993426386267
1933932,0.00013123043754603714
1934088,3.22477390000131e-05
1934244,0.0012094293488189578
1934400,0.0005245155771262944
1934556,7.043812365736812e-05
1934712,6.678684439975768e-05
1934868,0.00027854868676513433
1935024,0.0004143964033573866
1935180,0.0006136159645393491
1935336,0.0007573821349069476
1935492,9.171824058284983e-05
1935648,0.0032359506003558636
1935804,0.00019161528325639665
1935960,0.0015966930659487844
1936116,0.00015759863890707493
1936272,0.001071777194738388
1936428,0.0002050181501545012
1936584,0.009963787160813808
1936740,0.0005645836936309934
1936896,0.0002657518198247999
1937052,0.023286093026399612
1937208,0.0001071119841071777
1937364,0.0002083688450511545
1937520,0.00011520658154040575
1937676,0.01904980279505253
1937832,0.0007177700754255056
1937988,0.003294473048299551
1938144,0.018851205706596375
1938300,0.0004266578471288085
1938456,0.00021639931946992874
1938612,0.0036344719119369984
1938768,0.0009335453505627811
1938924,0.0026861398946493864
1939080,0.00013204821152612567
1939236,0.007641667500138283
1939392,0.00035204197047278285
1939548,0.000770675833337009
1939704,0.014104606583714485
1939860,0.0002599091094452888
1940016,0.00013541789667215198
1940172,5.339938070392236e-05
1940328,5.844667612109333e-05
1940484,0.0006124742794781923
1940640,0.0004095493641216308
1940796,0.0002316180762136355
1940952,4.2163108446402475e-05
1941108,0.005525380838662386
1941264,0.00589717086404562
1941420,3.962199843954295e-05
1941576,6.671495793852955e-05
1941732,7.110647129593417e-05
1941888,0.000349445705069229
1942044,0.00012955460988450795
1942200,0.000259314983850345
1942356,2.2793426978751086e-05
1942512,0.00022830531815998256
1942668,0.0009596517775207758
1942824,0.00024761055829003453
1942980,0.0002890194009523839
1943136,7.577626092825085e-05
1943292,0.000907806446775794
1943448,0.00025280233239755034
1943604,3.026383274118416e-05
1943760,0.00299170077778399
1943916,0.01359456405043602
1944072,0.00027974354452453554
1944228,0.0011821526568382978
1944384,0.0004504037497099489
1944540,0.0002685480285435915
1944696,0.00015426575555466115
1944852,7.311991066671908e-05
1945008,9.973497071769089e-05
1945164,5.4629686928819865e-05
1945320,0.00010552677122177556
1945476,0.00010636811930453405
1945632,5.626906204270199e-05
1945788,0.001786006847396493
1945944,0.00015931963571347296
1946100,3.75487761630211e-05
1946256,0.005322593729943037
1946412,6.947461952222511e-05
1946568,0.002728133462369442
1946724,0.0001654821098782122
1946880,0.0022561748046427965
1947036,0.0003451072843745351
1947192,0.0023970254696905613
1947348,9.47375301620923e-05
1947504,0.00036539690336212516
1947660,0.00012832620996050537
1947816,0.00016552835586480796
1947972,8.101105049718171e-05
1948128,2.7961734303971753e-05
1948284,0.00010502116492716596
1948440,0.013115069828927517
1948596,0.0001181474290206097
1948752,0.00012880528811365366
1948908,0.00010031608690042049
1949064,5.810637230752036e-05
1949220,0.00018371750775258988
1949376,0.00010633549391059205
1949532,0.0022316910326480865
1949688,0.005665281321853399
1949844,0.0004160397802479565
1950000,0.0003021602751687169
1950156,6.686398410238326e-05
1950312,0.0011943578720092773
1950468,6.199187919264659e-05
1950624,6.659358768956736e-05
1950780,7.536665361840278e-05
1950936,4.699712008005008e-05
1951092,3.85236598958727e-05
1951248,0.00021323186228983104
1951404,0.00031178700737655163
1951560,0.00010797205322887748
1951716,0.0021675080060958862
1951872,0.00019287943723611534
1952028,0.00010379486775491387
1952184,0.008583069778978825
1952340,0.008116624318063259
1952496,0.00920065212994814
1952652,0.003482832806184888
1952808,0.0006301258108578622
1952964,0.00027107223286293447
1953120,0.0002462614211253822
1953276,4.4279018766246736e-05
1953432,0.0006325545255094767
1953588,2.9195696697570384e-05
1953744,0.00011562145664356649
1953900,9.692103776615113e-05
1954056,0.00014470252790488303
1954212,5.4475345677929e-05
1954368,0.00032615172676742077
1954524,4.803788760909811e-05
1954680,0.0004306454793550074
1954836,9.84623547992669e-05
1954992,0.00012805779988411814
1955148,0.000342514191288501
1955304,9.617730393074453e-05
1955460,6.510703678941354e-05
1955616,4.278766209608875e-05
1955772,6.83415710227564e-05
1955928,0.01590539701282978
1956084,6.436955300159752e-05
1956240,4.336869460530579e-05
1956396,0.0024079608265310526
1956552,0.010052508674561977
1956708,0.003622995689511299
1956864,0.00013572807074524462
1957020,0.00013236985250841826
1957176,0.00013611472968477756
1957332,6.297655636444688e-05
1957488,0.00014689352246932685
1957644,3.956592263421044e-05
1957800,9.37172444537282e-05
1957956,0.00025160974473692477
1958112,0.00016564973338972777
1958268,4.8592090024612844e-05
1958424,5.2893548854626715e-05
1958580,0.006378487218171358
1958736,0.005982771050184965
1958892,0.00016545303515158594
1959048,0.0037983295042067766
1959204,0.00011534192162798718
1959360,0.019743135198950768
1959516,0.0009014689130708575
1959672,0.001483375788666308
1959828,0.01873611845076084
1959984,0.0015496484702453017
1960140,0.0021095718257129192
1960296,0.0001833807327784598
1960452,9.046354534802958e-05
1960608,0.000168464524904266
1960764,7.358953007496893e-05
1960920,4.685030580731109e-05
1961076,0.005671195685863495
1961232,0.00011550149065442383
1961388,0.011750061064958572
1961544,0.00029320933390408754
1961700,0.002141205593943596
1961856,0.00010722464503487572
1962012,0.0004253109509591013
1962168,0.0005829665460623801
1962324,0.00938974879682064
1962480,0.0007744266767986119
1962636,5.751866410719231e-05
1962792,0.01450333371758461
1962948,9.503186447545886e-05
1963104,0.000640669371932745
1963260,0.00010141466918867081
1963416,0.00010673351789591834
1963572,9.171030251309276e-05
1963728,4.9442052841186523e-05
1963884,6.335985381156206e-05
1964040,0.00045509234769269824
1964196,0.00017454189946874976
1964352,6.723093974869698e-05
1964508,0.0005031611653976142
1964664,4.849471588386223e-05
1964820,0.0003832720685750246
1964976,0.00026291399262845516
1965132,0.018768789246678352
1965288,3.951314283767715e-05
1965444,0.004835661966353655
1965600,5.870383029105142e-05
1965756,0.0004697474942076951
1965912,0.0044391946867108345
1966068,0.0028657352086156607
1966224,0.00015925659681670368
1966380,0.0265284962952137
1966536,0.000430079031502828
1966692,0.0006436516996473074
1966848,0.005704369395971298
1967004,0.0003384253359399736
1967160,8.09773919172585e-05
1967316,0.00017066957661882043
1967472,0.005657206755131483
1967628,0.0013990110019221902
1967784,0.00019374926341697574
1967940,6.883669993840158e-05
1968096,0.0003682630485855043
1968252,0.002544138114899397
1968408,0.00017759788897819817
1968564,0.00011803602683357894
1968720,0.00010764106264105067
1968876,2.8462352929636836e-05
1969032,4.258120316080749e-05
1969188,0.0013212135527282953
1969344,0.0004375028656795621
1969500,0.00026597268879413605
1969656,0.00018051720689982176
1969812,0.00011603978782659397
1969968,8.567672921344638e-05
1970124,5.184157635085285e-05
1970280,7.814745913492516e-05
1970436,0.0007765288464725018
1970592,0.004899480380117893
1970748,7.673795334994793e-05
1970904,0.0001394973514834419
1971060,0.00024699291680008173
1971216,0.0006957559962756932
1971372,0.0001328462385572493
1971528,0.019369013607501984
1971684,0.00047519433428533375
1971840,8.480090764351189e-05
1971996,0.0001288814819417894
1972152,0.017214806750416756
1972308,0.00012278763460926712
1972464,0.003631827887147665
1972620,0.00014880851085763425
1972776,0.004707107320427895
1972932,0.00014924487913958728
1973088,7.754466059850529e-05
1973244,5.814218820887618e-05
1973400,0.0028690763283520937
1973556,0.0054960488341748714
1973712,0.005909476894885302
1973868,0.006205317564308643
1974024,0.0002549412311054766
1974180,0.00013074593152850866
1974336,0.0001371100079268217
1974492,0.00011495084618218243
1974648,7.747329073026776e-05
1974804,0.014187420718371868
1974960,0.017927270382642746
1975116,0.00010573763574939221
1975272,0.0001099895453080535
1975428,0.02008671872317791
1975584,0.0004391044785734266
1975740,0.00015049995272420347
1975896,4.5078020775690675e-05
1976052,0.00012692980817519128
1976208,0.00036821526009589434
1976364,0.00015113296103663743
1976520,0.002666241955012083
1976676,0.0002493311185389757
1976832,7.456765160895884e-05
1976988,5.474915451486595e-05
1977144,0.011119794100522995
1977300,9.315741044702008e-05
1977456,0.0004959419020451605
1977612,0.00017864556866697967
1977768,0.011535086669027805
1977924,0.00020907714497298002
1978080,0.00039932309300638735
1978236,0.00027940943255089223
1978392,0.006306487135589123
1978548,0.0005673802806995809
1978704,7.286724576260895e-05
1978860,0.00020723461057059467
1979016,0.009332802146673203
1979172,0.00022333054221235216
1979328,0.00010431658301968127
1979484,0.00020176939142402261
1979640,0.00021237321197986603
1979796,0.00025979956262744963
1979952,3.6594574339687824e-05
1980108,6.750310421921313e-05
1980264,6.628721894230694e-05
1980420,3.495598502922803e-05
1980576,7.117106724763289e-05
1980732,6.152942660264671e-05
1980888,0.006864622235298157
1981044,0.0016065906966105103
1981200,7.64024443924427e-05
1981356,2.4686873075552285e-05
1981512,7.471713615814224e-05
1981668,6.533451232826337e-05
1981824,5.541953578358516e-05
1981980,6.300327368080616e-05
1982136,0.00013452264829538763
1982292,4.429144610185176e-05
1982448,0.0001623125426704064
1982604,0.0006543403142131865
1982760,0.01334319356828928
1982916,0.002138040494173765
1983072,0.0031303323339670897
1983228,0.00016759923892095685
1983384,8.168853673851117e-05
1983540,4.00054341298528e-05
1983696,9.537665755487978e-05
1983852,0.007687082514166832
1984008,5.364387470763177e-05
1984164,0.00027243088698014617
1984320,0.00015089346561580896
1984476,0.00040831638034433126
1984632,0.006240860093384981
1984788,0.0001303517638007179
1984944,0.0003238587232772261
1985100,5.669973688782193e-05
1985256,9.749140008352697e-05
1985412,0.0007501969812437892
1985568,0.000156382069690153
1985724,0.005403453018516302
1985880,8.596357656642795e-05
1986036,0.00043087455560453236
1986192,0.00920739397406578
1986348,5.2313756896182895e-05
1986504,0.00010650320473359898
1986660,3.604166704462841e-05
1986816,0.00032889883732423186
1986972,0.0004979576915502548
1987128,3.1631047022528946e-05
1987284,8.237345173256472e-05
1987440,0.00012083306501153857
1987596,0.0005415736814029515
1987752,0.024959994480013847
1987908,0.00029037526110187173
1988064,0.0003023831231985241
1988220,5.026648432249203e-05
1988376,0.01380019262433052
1988532,0.0015601902268826962
1988688,0.000716984795872122
1988844,0.00027639587642624974
1989000,0.00020898456568829715
1989156,0.00030380309908650815
1989312,6.801667041145265e-05
1989468,3.3339903893647715e-05
1989624,0.0010926887625828385
1989780,0.00034027121728286147
1989936,0.00023510854225605726
1990092,0.00031050998950377107
1990248,0.0020785622764378786
1990404,0.0003672177845146507
1990560,0.011710445396602154
1990716,0.001274389447644353
1990872,0.007508271373808384
1991028,0.00020230741938576102
1991184,4.906254616798833e-05
1991340,0.00370309897698462
1991496,5.6549746659584343e-05
1991652,4.698934935731813e-05
1991808,3.104835195699707e-05
1991964,0.00014399108476936817
1992120,0.03256044536828995
1992276,9.62681369856e-05
1992432,4.4387397792888805e-05
1992588,0.011588245630264282
1992744,0.014708139933645725
1992900,0.0005478911916725338
1993056,7.979321526363492e-05
1993212,0.012521861121058464
1993368,3.248875873396173e-05
1993524,0.004110672511160374
1993680,2.754426168394275e-05
1993836,0.0001081736627384089
1993992,0.0017953532515093684
1994148,1.8332955733058043e-05
1994304,2.395519732090179e-05
1994460,6.311960169114172e-05
1994616,4.6578163164667785e-05
1994772,7.650238694623113e-05
1994928,7.20562384231016e-05
1995084,0.004412945359945297
1995240,0.00917766708880663
1995396,0.0018644982483237982
1995552,0.003565866267308593
1995708,0.016319332644343376
1995864,0.0002665968786459416
1996020,0.0001131188400904648
1996176,0.00017318877507932484
1996332,5.6489938287995756e-05
1996488,0.006308942101895809
1996644,0.009872252121567726
1996800,0.0003324113495182246
1996956,0.0004008286923635751
1997112,0.000660163233987987
1997268,0.00033625229843892157
1997424,0.00019209817401133478
1997580,0.0017064942512661219
1997736,9.505384514341131e-05
1997892,0.0026485095731914043
1998048,0.0004499250208027661
1998204,0.0001888199767563492
1998360,0.013825091533362865
1998516,9.265785047318786e-05
1998672,0.005567970685660839
1998828,0.0019165751291438937
1998984,0.0001429949188604951
1999140,0.00024462962755933404
1999296,0.00017296300211455673
1999452,0.0003601731441449374
1999608,8.101558341877535e-05
1999764,4.2961270082741976e-05
1999920,5.155036706128158e-05
2000076,0.00017597143596503884
2000232,0.00033654121216386557
2000388,0.00050190812908113
2000544,4.713817543233745e-05
2000700,0.0022339397110044956
2000856,5.5355434597004205e-05
2001012,0.0003755982033908367
2001168,0.00010593511251499876
2001324,5.5621327192056924e-05
2001480,0.0034884477499872446
2001636,0.00014540532720275223
2001792,0.013816645368933678
2001948,0.024857617914676666
2002104,0.0005359315546229482
2002260,0.00024032451619859785
2002416,0.00024166982620954514
2002572,0.016329266130924225
2002728,0.000479279609862715
2002884,9.168653923552483e-05
2003040,7.7589247666765e-05
2003196,6.772497727070004e-05
2003352,4.025810630992055e-05
2003508,0.01809835061430931
2003664,4.6160901547409594e-05
2003820,7.32910048100166e-05
2003976,0.0001589239400345832
2004132,0.017476269975304604
2004288,0.00010940205538645387
2004444,0.0010411498369649053
2004600,0.0003990779514424503
2004756,0.00015018522390164435
2004912,0.00045868390589021146
2005068,9.877866978058591e-05
2005224,0.00016484344087075442
2005380,0.00028433813713490963
2005536,8.408678695559502e-05
2005692,9.03182226466015e-05
2005848,0.00016718785627745092
2006004,0.0007178614614531398
2006160,2.4127299184328876e-05
2006316,4.884025838691741e-05
2006472,8.50918804644607e-05
2006628,0.00012927196803502738
2006784,0.0005414728657342494
2006940,0.00016279994451906532
2007096,4.8046069423435256e-05
2007252,0.0009386554593220353
2007408,0.0013461660128086805
2007564,0.0023765084333717823
2007720,0.0009884553728625178
2007876,0.01982668600976467
2008032,0.00033737035118974745
2008188,0.00010606487194309011
2008344,0.003920199349522591
2008500,0.01712566241621971
2008656,0.003197617596015334
2008812,0.00029423419618979096
2008968,0.00012057742424076423
2009124,8.412619354203343e-05
2009280,0.0029919107910245657
2009436,0.0002616567653603852
2009592,0.0001434149598935619
2009748,9.391003550263122e-05
2009904,0.00010399630991742015
2010060,0.01173466444015503
2010216,0.00010287109762430191
2010372,0.002266901545226574
2010528,0.00025293006910942495
2010684,0.000214338768273592
2010840,0.0028352609369903803
2010996,0.00014653831021860242
2011152,4.78929650853388e-05
2011308,0.00012878442066721618
2011464,0.0022423549089580774
2011620,0.02170622907578945
2011776,0.0016883419593796134
2011932,0.0057378713972866535
2012088,9.255269833374768e-05
2012244,4.622519190888852e-05
2012400,0.00020352333376649767
2012556,0.00014108564937487245
2012712,0.003070531412959099
2012868,0.0011294949799776077
2013024,0.0005273105343803763
2013180,0.04381831735372543
2013336,0.013889958150684834
2013492,0.008236869238317013
2013648,6.817448593210429e-05
2013804,4.529495708993636e-05
2013960,0.0001586574362590909
2014116,0.0005040707183070481
2014272,0.005292401649057865
2014428,2.7455522285890765e-05
2014584,3.82284852094017e-05
2014740,4.063426240463741e-05
2014896,0.00023313018027693033
2015052,0.0004154237103648484
2015208,0.012620817869901657
2015364,0.00010380925959907472
2015520,0.00011213803372811526
2015676,4.229387195664458e-05
2015832,0.0009793759090825915
2015988,0.00010630969336489215
2016144,0.00024754562764428556
2016300,0.00016576683265157044
2016456,7.87916942499578e-05
2016612,0.000380458019208163
2016768,0.00017646339256316423
2016924,6.610707350773737e-05
2017080,0.0013304318999871612
2017236,5.5505268392153084e-05
2017392,0.00023757549934089184
2017548,0.001062304712831974
2017704,5.982434959150851e-05
2017860,7.732956146355718e-05
2018016,0.0034278440289199352
2018172,5.630471423501149e-05
2018328,4.0156486647902057e-05
2018484,4.263638038537465e-05
2018640,9.10498492885381e-05
2018796,0.00016768192290328443
2018952,0.0008467465522699058
2019108,9.720548405312002e-05
2019264,0.004750465042889118
2019420,0.00020341869094409049
2019576,0.00014074936916586012
2019732,0.0001943386741913855
2019888,7.21692485967651e-05
2020044,0.00015328251174651086
2020200,0.0002267339004902169
2020356,0.001007376704365015
2020512,0.005984689574688673
2020668,9.157239401247352e-05
2020824,0.0005467901937663555
2020980,0.00018788038869388402
2021136,0.00023327578674070537
2021292,0.0002572791127022356
2021448,0.0017019137740135193
2021604,0.004983799997717142
2021760,0.0014355828752741218
2021916,0.001417572028003633
2022072,0.0003138792817480862
2022228,0.007748184725642204
2022384,0.00011758157052099705
2022540,0.00010790077794808894
2022696,0.0002484574797563255
2022852,0.0001285279868170619
2023008,0.00018202423234470189
2023164,0.003933738451451063
2023320,0.00028483261121436954
2023476,0.00034136921749450266
2023632,0.0003932102699764073
2023788,3.9481739804614335e-05
2023944,6.288978329394013e-05
2024100,6.80699449731037e-05
2024256,0.00010730308713391423
2024412,7.797950820531696e-05
2024568,5.5428135965485126e-05
2024724,0.00603713421151042
2024880,8.670453098602593e-05
2025036,9.196272003464401e-05
2025192,6.47736742394045e-05
2025348,6.43843668513e-05
2025504,8.12076759757474e-05
2025660,0.00010973203461617231
2025816,0.00013972865417599678
2025972,0.0064338622614741325
2026128,0.00010667107562767342
2026284,0.0012105666100978851
2026440,3.765464498428628e-05
2026596,0.000177451700437814
2026752,0.0014274496352300048
2026908,0.0006126247462816536
2027064,0.00021243449009489268
2027220,8.549707854399458e-05
2027376,0.0009176137973554432
2027532,0.00013067745021544397
2027688,0.00014103762805461884
2027844,0.019472967833280563
2028000,0.007281208410859108
2028156,0.0001453686272725463
2028312,0.0007977924542501569
2028468,0.006952359806746244
2028624,0.002889335388317704
2028780,0.06269662827253342
2028936,0.003249743953347206
2029092,0.006674574688076973
2029248,0.0035105268470942974
2029404,0.004290506709367037
2029560,0.00012895785039290786
2029716,0.00014352088328450918
2029872,9.834166849032044e-05
2030028,0.000548551615793258
2030184,0.000477857916848734
2030340,0.00034297548700124025
2030496,0.00010430916154291481
2030652,0.00787624903023243
2030808,0.0004884979571215808
2030964,0.0003720905224326998
2031120,0.0007757773855701089
2031276,0.0002997274277731776
2031432,0.0029807984828948975
2031588,8.819851791486144e-05
2031744,0.0006469535292126238
2031900,0.0017884601838886738
2032056,0.0008449995657429099
2032212,0.004432886838912964
2032368,0.0030757058411836624
2032524,0.030393045395612717
2032680,0.003360308241099119
2032836,0.0013744712341576815
2032992,6.225085235200822e-05
2033148,8.251641702372581e-05
2033304,0.0030105102341622114
2033460,0.02603166364133358
2033616,0.00012208869156893343
2033772,0.010495655238628387
2033928,0.014663828536868095
2034084,6.150543049443513e-05
2034240,0.0001446451060473919
2034396,3.9233687857631594e-05
2034552,5.614341716864146e-05
2034708,4.13952257076744e-05
2034864,3.620872303145006e-05
2035020,4.8442292609252036e-05
2035176,8.299101318698376e-05
2035332,0.020968273282051086
2035488,0.0002570313517935574
2035644,0.0006559089524671435
2035800,0.00029504747362807393
2035956,0.0002716661256272346
2036112,0.0036485914606601
2036268,0.00921777542680502
2036424,0.013192344456911087
2036580,0.0006629740237258375
2036736,0.0229484923183918
2036892,0.0007784658810123801
2037048,0.012293496169149876
2037204,0.013431037776172161
2037360,0.0002290900010848418
2037516,0.0005284050130285323
2037672,0.000146880469401367
2037828,0.00014728364476468414
2037984,5.972681537969038e-05
2038140,9.725119161885232e-05
2038296,0.00028679423849098384
2038452,0.002324914326891303
2038608,0.0004247887118253857
2038764,3.1509247492067516e-05
2038920,0.026035495102405548
2039076,0.00028353440575301647
2039232,0.0008302214555442333
2039388,0.0016835532151162624
2039544,0.00023455076734535396
2039700,0.0004085473483428359
2039856,0.0003361548588145524
2040012,9.343544661533087e-05
2040168,7.614268542965874e-05
2040324,5.187965871300548e-05
2040480,0.012994246557354927
2040636,0.013044021092355251
2040792,0.0028754458762705326
2040948,0.00021214323351159692
2041104,0.00023134397633839399
2041260,4.322310269344598e-05
2041416,3.253523027524352e-05
2041572,2.9966773581691086e-05
2041728,0.005785655230283737
2041884,0.0003740193787962198
2042040,0.00028078275499865413
2042196,0.00048047074233181775
2042352,4.710538632934913e-05
2042508,0.00011685675417538732
2042664,0.0025603107642382383
2042820,0.00010823657066794112
2042976,0.0009882634039968252
2043132,0.011871766299009323
2043288,4.610176256392151e-05
2043444,0.00017076308722607791
2043600,5.317197064869106e-05
2043756,4.0908555092755705e-05
2043912,0.0024603549391031265
2044068,0.010119184851646423
2044224,0.0012294992338865995
2044380,5.7269186072517186e-05
2044536,4.936846380587667e-05
2044692,0.00022947820252738893
2044848,0.009409972466528416
2045004,0.00011506683949846774
2045160,0.00010534111061133444
2045316,3.724578346009366e-05
2045472,3.836011455859989e-05
2045628,0.0007152159232646227
2045784,0.0003184323140885681
2045940,5.4797932534711435e-05
2046096,9.755417704582214e-05
2046252,0.0013742067385464907
2046408,0.003718230640515685
2046564,0.0007237839163281024
2046720,0.00011215249833185226
2046876,0.015428464859724045
2047032,0.0011361901415511966
2047188,0.0009259259095415473
2047344,2.9867416742490605e-05
2047500,0.005536612123250961
2047656,6.018162821419537e-05
2047812,0.00016199368110392243
2047968,0.0001626951852813363
2048124,5.606534978142008e-05
2048280,0.0003326799487695098
2048436,0.00011497057130327448
2048592,8.763352525420487e-05
2048748,0.00040701989200897515
2048904,0.0015857534017413855
2049060,8.809450810076669e-05
2049216,7.479415216948837e-05
2049372,6.159258191473782e-05
2049528,0.0018380609108135104
2049684,0.0020767031237483025
2049840,0.009776421822607517
2049996,0.0005230300012044609
2050152,0.0003312212065793574
2050308,0.00037238915683701634
2050464,0.0002984211896546185
2050620,0.005509383976459503
2050776,0.0003050434170290828
2050932,9.83719655778259e-05
2051088,0.0001754235418047756
2051244,4.9483693146612495e-05
2051400,0.0009866295149549842
2051556,0.0002420638920739293
2051712,0.000131787674035877
2051868,2.6936313588521443e-05
2052024,0.0006910505471751094
2052180,0.00013969815336167812
2052336,5.295802839100361e-05
2052492,8.915380749385804e-05
2052648,5.589763168245554e-05
2052804,6.903486791998148e-05
2052960,0.013234751299023628
2053116,6.773776840418577e-05
2053272,0.00012006631004624069
2053428,0.0001046683537424542
2053584,0.016564279794692993
2053740,0.00011666036152746528
2053896,0.006211964879184961
2054052,0.004052380565553904
2054208,0.0009155435836873949
2054364,0.0005059003597125411
2054520,0.0027367600705474615
2054676,0.0002926089509855956
2054832,0.0003375125234015286
2054988,0.00305188843049109
2055144,7.02475372236222e-05
2055300,0.00010139556979993358
2055456,0.001098525826819241
2055612,0.0006451411754824221
2055768,0.00011703247582772747
2055924,0.0027272221632301807
2056080,0.002250950550660491
2056236,0.09303819388151169
2056392,0.010937339626252651
2056548,0.028979552909731865
2056704,9.512588439974934e-05
2056860,4.9042224418371916e-05
2057016,0.00010807900980580598
2057172,0.002445524325594306
2057328,0.001533165923319757
2057484,0.0002881759137380868
2057640,0.0001498513447586447
2057796,0.00019128200074192137
2057952,3.127191303065047e-05
2058108,0.0023252421524375677
2058264,4.204727156320587e-05
2058420,3.731460674316622e-05
2058576,0.00014868650760035962
2058732,0.0003978476452175528
2058888,0.0005043438286520541
2059044,4.6875778934918344e-05
2059200,9.549478272674605e-05
2059356,0.00014821965305600315
2059512,0.00015530953533016145
2059668,0.024935973808169365
2059824,0.001335561159066856
2059980,0.00010044661758001894
2060136,9.956066787708551e-05
2060292,0.0006915021222084761
2060448,0.00010106611443916336
2060604,6.833960651420057e-05
2060760,0.0002886936708819121
2060916,4.47631609858945e-05
2061072,0.014050749130547047
2061228,0.013244710862636566
2061384,0.00026803670334629714
2061540,0.00018341460963711143
2061696,0.004598102532327175
2061852,0.00019589645671658218
2062008,0.0029338153544813395
2062164,0.00047351577086374164
2062320,0.012470170855522156
2062476,8.514542423654348e-05
2062632,0.00015402238932438195
2062788,9.26883949432522e-05
2062944,6.597502215299755e-05
2063100,0.00012307892029639333
2063256,0.010256526060402393
2063412,0.00024151419347617775
2063568,0.00010402158659417182
2063724,0.00024179418687708676
2063880,0.005584134720265865
2064036,0.005776437930762768
2064192,0.00014952373749110848
2064348,6.25678148935549e-05
2064504,0.021314062178134918
2064660,0.003091454738751054
2064816,0.00037656089989468455
2064972,0.0005438040825538337
2065128,0.0003720087406691164
2065284,0.00013030633272137493
2065440,0.0002462476841174066
2065596,0.00023258512374013662
2065752,4.525754775386304e-05
2065908,0.00016008269449230283
2066064,9.534804848954082e-05
2066220,0.00011292750423308462
2066376,4.8280766350217164e-05
2066532,9.121243783738464e-05
2066688,0.02072589099407196
2066844,0.007067589554935694
2067000,0.01592240482568741
2067156,0.00406233873218298
2067312,0.00029754964634776115
2067468,0.004065577406436205
2067624,7.63006682973355e-05
2067780,6.796901288907975e-05
2067936,0.00046751712216064334
2068092,5.820543447043747e-05
2068248,6.372098869178444e-05
2068404,0.00011604622704908252
2068560,0.010585358366370201
2068716,7.866624218877405e-05
2068872,3.0220229746191762e-05
2069028,0.002279378706589341
2069184,3.7938705645501614e-05
2069340,0.0006840601563453674
2069496,0.002127389656379819
2069652,0.0003429502248764038
2069808,0.00022244820138439536
2069964,6.572117854375392e-05
2070120,0.005272949580103159
2070276,0.0001545639242976904
2070432,0.00011309082037769258
2070588,4.3132080463692546e-05
2070744,0.0010391812538728118
2070900,7.815646677045152e-05
2071056,0.00017896966892294586
2071212,0.00020622016745619476
2071368,0.0001395486615365371
2071524,0.0006866412586532533
2071680,6.920279702171683e-05
2071836,0.012051810510456562
2071992,0.004163376521319151
2072148,0.013085349462926388
2072304,0.0007015458540990949
2072460,0.00014907891454640776
2072616,0.00018355294014327228
2072772,0.007869681343436241
2072928,0.002520970767363906
2073084,9.145610965788364e-05
2073240,3.922863834304735e-05
2073396,0.0022883249912410975
2073552,0.0020211446098983288
2073708,0.002599145518615842
2073864,0.0009333048947155476
2074020,0.00017564902373123914
2074176,0.00013915213639847934
2074332,0.007586972322314978
2074488,7.531991286668926e-05
2074644,0.008296024054288864
2074800,0.012685905210673809
2074956,0.000496017572004348
2075112,0.00018334051128476858
2075268,0.00014425603148993105
2075424,0.00010663761349860579
2075580,0.0060009402222931385
2075736,0.0011973156360909343
2075892,0.0007715779356658459
2076048,0.028980446979403496
2076204,0.0029095381032675505
2076360,0.0020740842446684837
2076516,7.480902422685176e-05
2076672,0.0002223116171080619
2076828,0.0007278581033460796
2076984,0.0003253495378885418
2077140,0.000118560332339257
2077296,0.00010505129466764629
2077452,4.3324696889612824e-05
2077608,2.594958641566336e-05
2077764,0.00018408679170534015
2077920,1.958795837708749e-05
2078076,7.832029950805008e-05
2078232,0.0024065026082098484
2078388,0.0002200532762799412
2078544,5.045215948484838e-05
2078700,0.00011199296568520367
2078856,9.31133035919629e-05
2079012,0.0007481664652004838
2079168,0.00011792246368713677
2079324,0.0003029314102604985
2079480,0.00011599552817642689
2079636,0.0022788462229073048
2079792,0.0002186948840972036
2079948,0.001985846785828471
2080104,0.0003874023968819529
2080260,0.0004500012146309018
2080416,0.004017877392470837
2080572,0.00020064139971509576
2080728,0.00018326877034269273
2080884,3.26606968883425e-05
2081040,8.154784882208332e-05
2081196,0.00016074183804448694
2081352,0.0001738085993565619
2081508,0.0014839951181784272
2081664,3.167588874930516e-05
2081820,4.132592584937811e-05
2081976,0.020689520984888077
2082132,9.510674135526642e-05
2082288,0.012800497002899647
2082444,7.114122854545712e-05
2082600,3.9461887354264036e-05
2082756,0.0014519960386678576
2082912,0.0001478840276831761
2083068,0.00033836066722869873
2083224,0.0032166074961423874
2083380,0.00019808587967418134
2083536,0.000519551511388272
2083692,0.013119658455252647
2083848,0.0012674303725361824
2084004,0.00015740346862003207
2084160,0.00010697878315113485
2084316,0.00030250311829149723
2084472,0.0008729388937354088
2084628,0.0017100621480494738
2084784,0.00016227213200181723
2084940,0.000750027596950531
2085096,0.005680641625076532
2085252,0.00047568505397066474
2085408,0.000741902447771281
2085564,0.002855195663869381
2085720,0.0001952142920345068
2085876,9.816684905672446e-05
2086032,0.00029246832127682865
2086188,0.00013402910553850234
2086344,0.00014400845975615084
2086500,0.006824210751801729
2086656,0.00030933512607589364
2086812,9.212785516865551e-05
2086968,6.529576057801023e-05
2087124,5.877257717656903e-05
2087280,6.482961180154234e-05
2087436,0.0008266880176961422
2087592,6.486801430583e-05
2087748,0.0002193802793044597
2087904,8.937966049415991e-05
2088060,2.6355108275311068e-05
2088216,0.0002622511819936335
2088372,0.00012006502947770059
2088528,9.183540532831103e-05
2088684,0.004765737801790237
2088840,0.003056537825614214
2088996,0.002072087023407221
2089152,8.594685641583055e-05
2089308,0.00017838168423622847
2089464,0.0008364507229998708
2089620,0.00021444258163683116
2089776,0.019075633957982063
2089932,0.004280143417418003
2090088,0.00011906867439392954
2090244,0.0001244890154339373
2090400,0.0002503271971363574
2090556,0.03127259016036987
2090712,0.0005285130464471877
2090868,0.00024102264433167875
2091024,0.00010846930672414601
2091180,0.00022747571347281337
2091336,0.00013502268120646477
2091492,0.0008046224247664213
2091648,0.0005746370879933238
2091804,0.00017275290156248957
2091960,9.030004730448127e-05
2092116,0.00027596711879596114
2092272,0.01223695557564497
2092428,0.031312886625528336
2092584,0.00019775942200794816
2092740,0.00022529630223289132
2092896,0.00034373614471405745
2093052,0.00023360794875770807
2093208,0.00013451553240884095
2093364,7.835906581021845e-05
2093520,0.00019399417215026915
2093676,0.0003012673114426434
2093832,0.033309608697891235
2093988,0.0007125826668925583
2094144,0.0010448186658322811
2094300,0.00012437766417860985
2094456,7.53059794078581e-05
2094612,0.00013388783554546535
2094768,3.686621494125575e-05
2094924,2.9078846637276e-05
2095080,0.0004981821402907372
2095236,5.727798998123035e-05
2095392,0.00012664837413467467
2095548,0.0004185428551863879
2095704,3.8848396798130125e-05
2095860,8.154721581377089e-05
2096016,9.342897101305425e-05
2096172,0.0001033699227264151
2096328,9.798294922802597e-05
2096484,0.00022314186207950115
2096640,0.00011240199091844261
2096796,6.660854705842212e-05
2096952,0.0001323775213677436
2097108,0.000392658548662439
2097264,0.0001721718581393361
2097420,4.1631024942034855e-05
2097576,4.39525319961831e-05
2097732,8.234810957219452e-05
2097888,8.067142334766686e-05
2098044,0.00044789808453060687
2098200,5.752519427915104e-05
2098356,0.0006926095229573548
2098512,0.0001256378018297255
2098668,0.001223806757479906
2098824,0.00019003532361239195
2098980,0.0025653180200606585
2099136,0.028982212767004967
2099292,0.0007909564301371574
2099448,0.00022025273938197643
2099604,0.0005130392964929342
2099760,0.013432235457003117
2099916,0.00022916456509847194
2100072,0.00018380742403678596
2100228,9.086786303669214e-05
2100384,0.005161168519407511
2100540,0.0002657252480275929
2100696,0.0071732099168002605
2100852,0.014675315469503403
2101008,7.092999294400215e-05
2101164,0.0002235810097772628
2101320,0.0003888848004862666
2101476,7.291137444553897e-05
2101632,3.833640948869288e-05
2101788,0.013304583728313446
2101944,0.0007171292090788484
2102100,0.0008249321253970265
2102256,0.0014532884815707803
2102412,6.51124501018785e-05
2102568,0.0004045585810672492
2102724,4.445520244189538e-05
2102880,4.2979121644748375e-05
2103036,0.0011283692438155413
2103192,0.0013435647124424577
2103348,0.00031865935306996107
2103504,0.009960590861737728
2103660,0.000780218280851841
2103816,0.001005335827358067
2103972,4.8356756451539695e-05
2104128,2.0585301172104664e-05
2104284,0.00023034488549456
2104440,0.0084206722676754
2104596,0.00016044070071075112
2104752,0.01641368865966797
2104908,0.00100779440253973
2105064,7.981783710420132e-05
2105220,0.01107561681419611
2105376,0.0004419515316840261
2105532,0.0004803125630132854
2105688,0.00014919144450686872
2105844,0.0001268159394385293
2106000,0.00027614901773631573
2106156,7.402412302326411e-05
2106312,0.01269329059869051
2106468,0.005415213294327259
2106624,4.535590414889157e-05
2106780,0.0014550986234098673
2106936,6.06946850894019e-05
2107092,7.436401210725307e-05
2107248,0.0001910370192490518
2107404,0.00017507305892650038
2107560,0.00013884194777347147
2107716,0.012112084776163101
2107872,0.010323145426809788
2108028,0.014419124461710453
2108184,0.0007546921260654926
2108340,0.0012922672322019935
2108496,0.014096852391958237
2108652,0.0002930750197265297
2108808,0.00019116184557788074
2108964,0.00017577492690179497
2109120,4.521400114754215e-05
2109276,6.654643220826983e-05
2109432,0.00043337789247743785
2109588,0.0012271769810467958
2109744,0.00012097376747988164
2109900,4.476246249396354e-05
2110056,3.46604865626432e-05
2110212,0.0004960878868587315
2110368,8.751305722398683e-05
2110524,0.0001127445648307912
2110680,0.00018988148076459765
2110836,0.0008863534312695265
2110992,0.003903085831552744
2111148,0.00015327834989875555
2111304,9.423211304238066e-05
2111460,2.252105696243234e-05
2111616,0.00017604661115910858
2111772,0.0002396928466623649
2111928,0.002294711535796523
2112084,0.0001197888414026238
2112240,0.015991758555173874
2112396,0.0003639939532149583
2112552,5.025278005632572e-05
2112708,0.00029890736914239824
2112864,0.00025754666421562433
2113020,0.00016856325964909047
2113176,0.0019434642745181918
2113332,0.0004491294967010617
2113488,0.00013990027946420014
2113644,0.00045270391274243593
2113800,6.0832579038105905e-05
2113956,0.00029852590523660183
2114112,5.2123818022664636e-05
2114268,4.484991222852841e-05
2114424,9.462991147302091e-05
2114580,0.0009492718963883817
2114736,0.00010477755859028548
2114892,0.00012284085096325725
2115048,0.00015374209033325315
2115204,0.00010030234989244491
2115360,0.004778498318046331
2115516,6.408296758309007e-05
2115672,4.807036748388782e-05
2115828,8.913693454815075e-05
2115984,0.023604586720466614
2116140,0.0012196736643090844
2116296,0.0005054197390563786
2116452,0.0009236856712959707
2116608,0.0005232816911302507
2116764,0.0002382469829171896
2116920,6.973016570555046e-05
2117076,0.00010271882638335228
2117232,0.0004291881632525474
2117388,0.00011865230044350028
2117544,0.0005311837885528803
2117700,0.0005084079457446933
2117856,0.0003698041255120188
2118012,0.00012591533595696092
2118168,0.00010532839223742485
2118324,8.037289808271453e-05
2118480,7.66398516134359e-05
2118636,0.00019871105905622244
2118792,6.911648961249739e-05
2118948,0.007549709174782038
2119104,3.598793409764767e-05
2119260,0.0001797030563466251
2119416,0.00013725455210078508
2119572,8.601751324022189e-05
2119728,7.597341755172238e-05
2119884,7.937832560855895e-05
2120040,0.00010851453407667577
2120196,0.00018834287766367197
2120352,0.00040674666524864733
2120508,0.00010967811977025121
2120664,0.00021270907018333673
2120820,6.353396747726947e-05
2120976,3.521997859934345e-05
2121132,0.004875454120337963
2121288,8.763825462665409e-05
2121444,0.0002953151997644454
2121600,0.0012480186996981502
2121756,0.0006111448165029287
2121912,0.00021636522433254868
2122068,0.0011775362072512507
2122224,0.004320202860981226
2122380,0.0008821334922686219
2122536,3.3068223274312913e-05
2122692,0.0001709027128526941
2122848,0.00016157006029970944
2123004,9.983089694287628e-05
2123160,5.673901250702329e-05
2123316,8.435258496319875e-05
2123472,5.419539229478687e-05
2123628,0.0002987033221870661
2123784,0.00010336631385143846
2123940,0.0004651888448279351
2124096,0.00027438660617917776
2124252,4.096479824511334e-05
2124408,0.00034784674062393606
2124564,6.369892071234062e-05
2124720,7.442504283972085e-05
2124876,0.00019199277448933572
2125032,0.0034674329217523336
2125188,0.00020470842719078064
2125344,0.007789204828441143
2125500,0.0002846752176992595
2125656,0.00017136213136836886
2125812,0.0001302027958445251
2125968,5.613028770312667e-05
2126124,5.77439641347155e-05
2126280,7.080980867613107e-05
2126436,0.0017946904990822077
2126592,4.492759035201743e-05
2126748,4.520047514233738e-05
2126904,5.3462834330275655e-05
2127060,6.334670615615323e-05
2127216,0.00021587387891486287
2127372,0.00011446791177149862
2127528,6.470338121289387e-05
2127684,7.093932072166353e-05
2127840,4.73035397590138e-05
2127996,8.31432334962301e-05
2128152,0.00020547001622617245
2128308,0.00037679742672480643
2128464,0.0006893087993375957
2128620,0.0005776280304417014
2128776,0.000657750410027802
2128932,0.00015288140275515616
2129088,0.00012112837430322543
2129244,7.709709461778402e-05
2129400,0.0008283786009997129
2129556,0.00015929517394397408
2129712,0.001910191960632801
2129868,0.00017045903950929642
2130024,8.483458077535033e-05
2130180,5.360264185583219e-05
2130336,0.008364073932170868
2130492,0.0012745448620989919
2130648,7.161815301515162e-05
2130804,0.0001366338401567191
2130960,0.0028399769216775894
2131116,0.004021642729640007
2131272,6.0572117945412174e-05
2131428,4.6922548790462315e-05
2131584,0.00023795815650373697
2131740,6.795637455070391e-05
2131896,0.0003088054363615811
2132052,0.0013081129873171449
2132208,0.0028936914168298244
2132364,0.03201470524072647
2132520,0.00048639249871484935
2132676,0.00018109427765011787
2132832,0.00014156330144032836
2132988,0.0001844804355641827
2133144,4.322284075897187e-05
2133300,0.014852054417133331
2133456,0.00014457115321420133
2133612,0.0001646103337407112
2133768,8.466900908388197e-05
2133924,0.00014176449622027576
2134080,6.654836761299521e-05
2134236,4.278849883121438e-05
2134392,5.363534000935033e-05
2134548,0.00025428703520447016
2134704,0.004030648618936539
2134860,0.0012423874577507377
2135016,0.00022613871260546148
2135172,8.123881707433611e-05
2135328,0.00028511270647868514
2135484,0.0023772078566253185
2135640,0.003104807808995247
2135796,0.00019089714623987675
2135952,0.0002453230554237962
2136108,0.0005353139713406563
2136264,0.0001334373082499951
2136420,6.791501073166728e-05
2136576,0.0002542254514992237
2136732,0.00034943711943924427
2136888,0.0008302761125378311
2137044,0.00012092317774659023
2137200,0.00026553095085546374
2137356,0.00011917593656107783
2137512,0.0006650213617831469
2137668,0.011498157866299152
2137824,6.145206862129271e-05
2137980,0.002635728335008025
2138136,0.0012820230331271887
2138292,7.607450970681384e-05
2138448,0.00010902234498644248
2138604,7.844093488529325e-05
2138760,0.0009520471794530749
2138916,0.0008336310274899006
2139072,0.0006296923966147006
2139228,0.0037835801485925913
2139384,0.00010190551984123886
2139540,0.00013195125211495906
2139696,0.00030206560040824115
2139852,8.180254371836782e-05
2140008,0.00019207911100238562
2140164,0.00012910115765407681
2140320,0.0001806007931008935
2140476,0.00015026266919448972
2140632,0.0011204590555280447
2140788,0.0012834668159484863
2140944,6.868258060421795e-05
2141100,0.0016438588500022888
2141256,3.104661300312728e-05
2141412,3.1449166272068396e-05
2141568,3.2807132811285555e-05
2141724,0.00011175873805768788
2141880,5.1127477490808815e-05
2142036,6.844703602837399e-05
2142192,5.3284129535313696e-05
2142348,0.008138183504343033
2142504,3.287276194896549e-05
2142660,5.18950073455926e-05
2142816,2.7668917027767748e-05
2142972,7.593597547383979e-05
2143128,0.0005377485067583621
2143284,4.495327084441669e-05
2143440,2.932202914962545e-05
2143596,0.0027433864306658506
2143752,5.5825912568252534e-05
2143908,9.242727537639439e-05
2144064,0.008577833883464336
2144220,0.0002541092108003795
2144376,4.9440350267104805e-05
2144532,0.00012573700223583728
2144688,0.00034897259320132434
2144844,0.0018839100375771523
2145000,0.0043282173573970795
2145156,0.00039012625347822905
2145312,0.0008775315945968032
2145468,0.006702548824250698
2145624,0.0021195020526647568
2145780,0.00028367788763716817
2145936,0.012880593538284302
2146092,0.0015289457514882088
2146248,0.00013490051787812263
2146404,2.9799439289490692e-05
2146560,0.00014847681450191885
2146716,0.00023328833049163222
2146872,0.006236511282622814
2147028,0.00015232140140142292
2147184,0.0001879523479146883
2147340,0.001505330321379006
2147496,0.0003714332706294954
2147652,0.00011096967500634491
2147808,0.000127706429339014
2147964,2.634890188346617e-05
2148120,0.01899215206503868
2148276,0.01160785835236311
2148432,0.00016172361210919917
2148588,0.00016052107093855739
2148744,2.5073513825191185e-05
2148900,3.600556738092564e-05
2149056,0.014111588709056377
2149212,6.519780436065048e-05
2149368,0.00017661396123003215
2149524,0.0026083984412252903
2149680,0.0002179988077841699
2149836,0.00013129202125128359
2149992,0.0009095955174416304
2150148,0.001007262384518981
2150304,7.94235966168344e-05
2150460,5.448812589747831e-05
2150616,0.022637611255049706
2150772,0.0024011703208088875
2150928,0.01621452160179615
2151084,0.00046246309648267925
2151240,0.0001536469644634053
2151396,0.005872826091945171
2151552,0.00017755043518263847
2151708,0.03635714575648308
2151864,0.00012708440772257745
2152020,0.0002461140393279493
2152176,0.00014452853065449744
2152332,0.002728591673076153
2152488,0.0001711310032987967
2152644,0.00022542942315340042
2152800,0.000197291694348678
2152956,4.2592029785737395e-05
2153112,8.974836964625865e-05
2153268,0.00028729296172969043
2153424,8.926494047045708e-05
2153580,4.485146200750023e-05
2153736,5.8651232393458486e-05
2153892,0.00012342662375885993
2154048,2.8147098419140093e-05
2154204,0.008843891322612762
2154360,0.00013876507000532
2154516,6.562340422533453e-05
2154672,3.3649150282144547e-05
2154828,7.722974987700582e-05
2154984,5.024319398216903e-05
2155140,1.7510295947431587e-05
2155296,6.389663030859083e-05
2155452,0.000623771920800209
2155608,0.000610978459008038
2155764,0.00015202787471935153
2155920,0.00015342311235144734
2156076,0.0002444940328132361
2156232,8.300259651150554e-05
2156388,0.0009550583199597895
2156544,0.0015329322777688503
2156700,0.0002840994857251644
2156856,0.00022629772138316184
2157012,0.00036124244797974825
2157168,0.00023141127894632518
2157324,0.00010335064143873751
2157480,0.0048682801425457
2157636,0.0004601473337970674
2157792,0.002073785522952676
2157948,0.001121252542361617
2158104,0.0005529376794584095
2158260,0.0015857195248827338
2158416,0.006311796605587006
2158572,0.00010347459465265274
2158728,8.772713772486895e-05
2158884,8.440474630333483e-05
2159040,0.00015461062139365822
2159196,0.001237564836628735
2159352,0.013900814577937126
2159508,0.00015531270764768124
2159664,0.043960291892290115
2159820,0.00029153464129194617
2159976,0.00017109449254348874
2160132,0.0004203770949970931
2160288,9.365593723487109e-05
2160444,3.57558237737976e-05
2160600,4.558724322123453e-05
2160756,0.006411249749362469
2160912,0.00012595792941283435
2161068,0.0009289322188124061
2161224,0.0012297476641833782
2161380,0.0017766180681064725
2161536,0.0008493720088154078
2161692,0.00015796959633007646
2161848,0.00013821737957186997
2162004,8.954502845881507e-05
2162160,0.00038514944026246667
2162316,6.330760515993461e-05
2162472,5.874115595361218e-05
2162628,4.9787788157118484e-05
2162784,0.00017054109775926918
2162940,4.2230818507960066e-05
2163096,8.159120625350624e-05
2163252,8.987914770841599e-05
2163408,7.734192331554368e-05
2163564,6.14580130786635e-05
2163720,0.0006422059959731996
2163876,0.02136646956205368
2164032,0.00012715191405732185
2164188,0.0002662867191247642
2164344,3.8024641980882734e-05
2164500,5.829142173752189e-05
2164656,5.3997042414266616e-05
2164812,0.00021131261019036174
2164968,0.00013783283066004515
2165124,0.0015264302492141724
2165280,0.0003796640085056424
2165436,8.398299542022869e-05
2165592,0.013053773902356625
2165748,0.0006707278080284595
2165904,0.005684599280357361
2166060,0.0004365404602140188
2166216,0.00010088476119562984
2166372,0.00033724168315529823
2166528,0.003179526189342141
2166684,0.0010123378597199917
2166840,0.0007991557358764112
2166996,0.011229178868234158
2167152,0.0003594968584366143
2167308,0.0003766320296563208
2167464,9.592282003723085e-05
2167620,0.00014975311933085322
2167776,0.00018953619292005897
2167932,4.8041867557913065e-05
2168088,7.250082853715867e-05
2168244,0.00010021864727605134
2168400,3.4954606235260144e-05
2168556,0.00836643110960722
2168712,5.4114541853778064e-05
2168868,0.0001153327539213933
2169024,0.0002039173268713057
2169180,0.00022073197760619223
2169336,0.0022255212534219027
2169492,9.345904254587367e-05
2169648,3.84092127205804e-05
2169804,0.006055905483663082
2169960,0.002233213046565652
2170116,8.406915731029585e-05
2170272,0.0007773700635880232
2170428,0.00011540341802174225
2170584,4.30704967584461e-05
2170740,0.00022537563927471638
2170896,0.0015333344927057624
2171052,0.0002592488890513778
2171208,7.996140629984438e-05
2171364,4.8886002332437783e-05
2171520,0.0002402580139460042
2171676,7.645822188351303e-05
2171832,0.00014383185771293938
2171988,5.923987191636115e-05
2172144,0.0003119964385405183
2172300,0.0023572349455207586
2172456,0.0005999834393151104
2172612,0.00015858703409321606
2172768,0.004165587015450001
2172924,6.674826727248728e-05
2173080,9.147598029812798e-05
2173236,0.00030922042788006365
2173392,0.0017908028094097972
2173548,6.881068111397326e-05
2173704,2.8471957193687558e-05
2173860,9.830956696532667e-05
2174016,0.00014777164324186742
2174172,0.0003163132059853524
2174328,0.0007368319202214479
2174484,0.0006111209513619542
2174640,8.359925413969904e-05
2174796,6.246921111596748e-05
2174952,0.00015465269098058343
2175108,0.003281159559264779
2175264,2.61708592006471e-05
2175420,3.250371082685888e-05
2175576,0.0002529147604946047
2175732,0.00019819913723040372
2175888,6.608267722185701e-05
2176044,0.0004402108024805784
2176200,0.0015861352439969778
2176356,0.00016135975602082908
2176512,0.00021363528503570706
2176668,0.0002554462989792228
2176824,8.797554619377479e-05
2176980,0.0005406371783465147
2177136,0.0003068428486585617
2177292,4.2502364522079006e-05
2177448,0.0012989346869289875
2177604,0.0009499831357970834
2177760,4.314523175708018e-05
2177916,0.00014128629118204117
2178072,0.0003158280160278082
2178228,0.0003000595897901803
2178384,0.00017426590784452856
2178540,0.00044887932017445564
2178696,0.013429520651698112
2178852,0.00011981778516201302
2179008,0.00010239038238069043
2179164,9.105088247451931e-05
2179320,0.013873866759240627
2179476,0.01396910846233368
2179632,0.00012425536988303065
2179788,7.20914758858271e-05
2179944,0.001136737409979105
2180100,0.00035520331584848464
2180256,0.0003021767479367554
2180412,0.0004787757061421871
2180568,0.0001698700652923435
2180724,0.0004356395802460611
2180880,0.0009533993434160948
2181036,0.00015256102778948843
2181192,0.014983201399445534
2181348,5.255087307887152e-05
2181504,0.0012825317680835724
2181660,8.983106818050146e-05
2181816,6.623941590078175e-05
2181972,0.00018478218407835811
2182128,8.714795694686472e-05
2182284,0.00023558744578622282
2182440,0.00010945363464998081
2182596,0.0008453488699160516
2182752,5.1266128139104694e-05
2182908,0.00019659932877402753
2183064,5.7572418882045895e-05
2183220,0.000687742664013058
2183376,0.0003376658714842051
2183532,7.313326932489872e-05
2183688,0.00015139362949412316
2183844,6.371530616888776e-05
2184000,0.0004278218257240951
2184156,0.00013192257029004395
2184312,0.0014943964779376984
2184468,6.688883149763569e-05
2184624,9.234338358510286e-05
2184780,7.384545460809022e-05
2184936,0.0006264885887503624
2185092,0.021096473559737206
2185248,0.00021306678536348045
2185404,8.340169733855873e-05
2185560,4.65880730189383e-05
2185716,0.00015237375919241458
2185872,3.430296783335507e-05
2186028,8.403684478253126e-05
2186184,0.0002703581703826785
2186340,0.00013931677676737309
2186496,3.426171315368265e-05
2186652,6.236729677766562e-05
2186808,0.012027580291032791
2186964,0.00017769965052139014
2187120,0.00020386770484037697
2187276,8.274646825157106e-05
2187432,0.00012036049884045497
2187588,9.587610838934779e-05
2187744,0.0008031406905502081
2187900,8.64101602928713e-05
2188056,0.00018502181046642363
2188212,5.1325718231964856e-05
2188368,3.2438918424304575e-05
2188524,0.00230765831656754
2188680,0.00012452075316105038
2188836,0.00010666897287592292
2188992,0.0001270033826585859
2189148,0.0008676415309309959
2189304,0.00020519419922493398
2189460,0.0001318848953815177
2189616,8.88602007762529e-05
2189772,0.00011307018576189876
2189928,8.349714335054159e-05
2190084,0.0002590364601928741
2190240,0.005088972393423319
2190396,0.00020335774752311409
2190552,0.0011571156792342663
2190708,0.00012248230632394552
2190864,3.05990906781517e-05
2191020,7.40442264941521e-05
2191176,0.0017980088014155626
2191332,6.598577601835132e-05
2191488,1.2181936654087622e-05
2191644,0.00043243521940894425
2191800,2.6555251679383218e-05
2191956,3.9161983295343816e-05
2192112,6.220025534275919e-05
2192268,0.005086581688374281
2192424,9.0746209025383e-05
2192580,0.000234745821217075
2192736,4.889754200121388e-05
2192892,0.00011248912778683007
2193048,0.000161499046953395
2193204,7.831015682313591e-05
2193360,0.0004511033766902983
2193516,3.942001785617322e-05
2193672,0.0002905532019212842
2193828,0.006187839899212122
2193984,0.026453984901309013
2194140,9.8832169896923e-05
2194296,0.0004112396854907274
2194452,0.00022411183454096317
2194608,0.00035158966784365475
2194764,0.0011588465422391891
2194920,0.00026952853659167886
2195076,0.00014679398736916482
2195232,0.0006061095627956092
2195388,8.457454532617703e-05
2195544,0.00024338054936379194
2195700,0.0002017458900809288
2195856,0.00019316302496008575
2196012,0.001068112556822598
2196168,0.018948672339320183
2196324,0.002647342160344124
2196480,0.000170446204720065
2196636,0.0034239371307194233
2196792,0.018439004197716713
2196948,0.004678215831518173
2197104,0.0013908647233620286
2197260,0.0010605455609038472
2197416,0.0005498751997947693
2197572,0.0003566103405319154
2197728,0.0002684861538000405
2197884,8.111077477224171e-05
2198040,5.4263837228063494e-05
2198196,7.821433246135712e-05
2198352,0.0004280849825590849
2198508,0.001668783137574792
2198664,0.00019854986749123782
2198820,4.1736788261914626e-05
2198976,2.5948060283553787e-05
2199132,4.0661139792064205e-05
2199288,0.002575865015387535
2199444,0.009340021759271622
2199600,0.0001965950068552047
2199756,6.65157858747989e-05
2199912,0.002983798272907734
2200068,0.00015051534865051508
2200224,8.74729739734903e-05
2200380,0.00544888898730278
2200536,0.0002589438809081912
2200692,0.00019042188068851829
2200848,0.0008214206318370998
2201004,0.00027419085381552577
2201160,0.00015323009574785829
2201316,0.0003491917159408331
2201472,0.000267720635747537
2201628,9.904208855004981e-05
2201784,0.007255840115249157
2201940,0.000153981993207708
2202096,0.0002662872429937124
2202252,0.0001397377927787602
2202408,7.633685163455084e-05
2202564,0.0003463962348178029
2202720,7.634394569322467e-05
2202876,4.682434882852249e-05
2203032,0.00017159004346467555
2203188,0.00030704238452017307
2203344,0.0003577317693270743
2203500,0.00025283382274210453
2203656,0.0007324761245399714
2203812,0.0004713724192697555
2203968,9.80041004368104e-05
2204124,0.000566019443795085
2204280,0.0004753404064103961
2204436,0.0009370134212076664
2204592,0.0058942208997905254
2204748,0.0006634135497733951
2204904,0.0015415584202855825
2205060,3.59254700015299e-05
2205216,5.8863086451310664e-05
2205372,0.003921981435269117
2205528,0.00024678875342942774
2205684,0.0001991668832488358
2205840,0.00045744815724901855
2205996,0.003162194276228547
2206152,0.00042971610673703253
2206308,0.00022927706595510244
2206464,8.988349873106927e-05
2206620,0.00048115840763784945
2206776,0.0005208380171097815
2206932,0.003142100991681218
2207088,0.0005628321086987853
2207244,4.796597204403952e-05
2207400,4.5496697566704825e-05
2207556,0.002852412173524499
2207712,0.001066285651177168
2207868,0.0026277718134224415
2208024,3.3476964745204896e-05
2208180,0.014026316814124584
2208336,0.00010351352102588862
2208492,0.03290804103016853
2208648,8.822484232950956e-05
2208804,5.271325062494725e-05
2208960,0.0007048694533295929
2209116,0.0016575307818129659
2209272,0.00011128086771350354
2209428,8.668180089443922e-05
2209584,0.00587241118773818
2209740,3.3769851143006235e-05
2209896,4.582384281093255e-05
2210052,5.9328660427127033e-05
2210208,0.00018984428606927395
2210364,3.931654282496311e-05
2210520,9.51814727159217e-05
2210676,0.00023218146816361696
2210832,0.002549735363572836
2210988,0.00019743555458262563
2211144,0.0013057021424174309
2211300,0.00020818636403419077
2211456,0.0002762681688182056
2211612,1.8463635569787584e-05
2211768,0.001821983023546636
2211924,0.0002985438914038241
2212080,0.00010863842908293009
2212236,6.560396286658943e-05
2212392,6.863672751933336e-05
2212548,0.00038715224945917726
2212704,0.0003149199765175581
2212860,0.0003430522046983242
2213016,0.00119821319822222
2213172,0.0004080961807630956
2213328,0.00019467018137220293
2213484,5.453611083794385e-05
2213640,0.00010365305934101343
2213796,2.1952968381810933e-05
2213952,0.016605142503976822
2214108,7.260628626681864e-05
2214264,0.0011067393934354186
2214420,0.0010402986081317067
2214576,0.0004302907909732312
2214732,0.0002197886205976829
2214888,0.00015986216021701694
2215044,0.0003850927751045674
2215200,0.002896229736506939
2215356,0.0005419545923359692
2215512,0.002152656903490424
2215668,0.0004437762254383415
2215824,0.00026290840469300747
2215980,0.002058219164609909
2216136,0.00021134718554094434
2216292,9.680805669631809e-05
2216448,0.00015631405403837562
2216604,8.888382581062615e-05
2216760,0.0007669720216654241
2216916,0.0010399727616459131
2217072,0.00014669964730273932
2217228,6.375210068654269e-05
2217384,5.1660223107319325e-05
2217540,5.115627573104575e-05
2217696,0.000974475231487304
2217852,8.885258284863085e-05
2218008,0.00028133270097896457
2218164,0.007397836074233055
2218320,0.00015629842528142035
2218476,5.571087240241468e-05
2218632,0.00013408907398115844
2218788,0.00019986486586276442
2218944,0.0016996001359075308
2219100,0.0007057278417050838
2219256,0.00016808338114060462
2219412,0.00032208627089858055
2219568,0.0021815523505210876
2219724,0.0003764767898246646
2219880,0.0001243370061274618
2220036,0.0004648639296647161
2220192,0.007140809204429388
2220348,0.0035289914812892675
2220504,0.00024526307242922485
2220660,0.000682257057633251
2220816,0.0012810294283553958
2220972,0.0004518557107076049
2221128,0.0021964984480291605
2221284,0.0004599282401613891
2221440,0.003233530791476369
2221596,0.008073972538113594
2221752,0.0033155796118080616
2221908,0.0004803030751645565
2222064,0.00016703960136510432
2222220,6.0211732488824055e-05
2222376,0.00042517451220192015
2222532,0.015350213274359703
2222688,0.000318913342198357
2222844,0.00019030101248063147
2223000,0.01335452776402235
2223156,0.0017627328634262085
2223312,9.316688374383375e-05
2223468,7.408720557577908e-05
2223624,0.006611153949052095
2223780,0.0005177998682484031
2223936,0.00010350163938710466
2224092,0.0002701622433960438
2224248,4.4259617425268516e-05
2224404,0.0006593112484551966
2224560,0.0008973503136076033
2224716,0.0002754746819846332
2224872,0.0006130211986601353
2225028,0.0008864990086294711
2225184,0.030969824641942978
2225340,3.730162279680371e-05
2225496,3.5167297028237954e-05
2225652,0.0011533463839441538
2225808,3.344658398418687e-05
2225964,9.949129889719188e-05
2226120,0.016946496441960335
2226276,0.00013605639105662704
2226432,0.00012576949666254222
2226588,5.619922012556344e-05
2226744,1.954944855242502e-05
2226900,3.590670530684292e-05
2227056,3.802070568781346e-05
2227212,0.002344613429158926
2227368,0.000264074100414291
2227524,0.0005151179502718151
2227680,0.00015222540241666138
2227836,0.00011926211300306022
2227992,0.00017735775327309966
2228148,0.00018139215535484254
2228304,0.0006142592174001038
2228460,0.00013199931709095836
2228616,5.939939001109451e-05
2228772,0.008177434094250202
2228928,4.190586696495302e-05
2229084,0.00039357010973617435
2229240,0.0002600603038445115
2229396,0.03993498906493187
2229552,0.0013361325254663825
2229708,0.0029228180646896362
2229864,0.0006865117466077209
2230020,0.001822710852138698
2230176,0.00033691019052639604
2230332,0.00018078724679071456
2230488,0.0004833909624721855
2230644,2.9487282517948188e-05
2230800,0.00018854820518754423
2230956,0.00013292784569785
2231112,8.059245010372251e-05
2231268,0.0006437329575419426
2231424,3.7848574720555916e-05
2231580,0.0021988842636346817
2231736,0.004297948908060789
2231892,0.00029276820714585483
2232048,0.00012719191727228463
2232204,6.859938730485737e-05
2232360,4.4171843910589814e-05
2232516,0.002284176414832473
2232672,0.00015814148355275393
2232828,4.865925438934937e-05
2232984,2.8735474188579246e-05
2233140,2.3549839170300402e-05
2233296,5.160837099538185e-05
2233452,1.8628719772095792e-05
2233608,0.03122582845389843
2233764,0.00031120021594688296
2233920,0.0002537386608310044
2234076,6.991467671468854e-05
2234232,0.0012488935608416796
2234388,9.861463331617415e-05
2234544,4.578593507176265e-05
2234700,0.00020270566164981574
2234856,0.00019414933922234923
2235012,0.0001558148069307208
2235168,0.0001220644116983749
2235324,0.00041803615749813616
2235480,0.001788076595403254
2235636,0.00018001176067627966
2235792,0.0053418842144310474
2235948,9.491606033407152e-05
2236104,0.005688215605914593
2236260,4.060961146024056e-05
2236416,0.0003433107922319323
2236572,0.00016992437303997576
2236728,0.0002864577400032431
2236884,0.0008523109718225896
2237040,0.0001142360270023346
2237196,0.0002061475533992052
2237352,0.0002139973803423345
2237508,0.0009179571643471718
2237664,0.0017714182613417506
2237820,0.002323651686310768
2237976,0.0023157550022006035
2238132,0.0004952811868861318
2238288,0.007749954238533974
2238444,0.0026711062528192997
2238600,0.029901372268795967
2238756,0.002090093679726124
2238912,0.00032663665479049087
2239068,0.001984404167160392
2239224,0.013561228290200233
2239380,6.143531936686486e-05
2239536,0.00018889806233346462
2239692,0.0020009938161820173
2239848,0.0006785155273973942
2240004,6.910183583386242e-05
2240160,0.00013935452443547547
2240316,0.00012948986841365695
2240472,4.689690831582993e-05
2240628,0.00012168820830993354
2240784,5.974999658064917e-05
2240940,2.685964500415139e-05
2241096,5.3988289437256753e-05
2241252,0.0002666252839844674
2241408,0.00017378047050442547
2241564,0.00039034878136590123
2241720,0.00011611406807787716
2241876,0.0001252407964784652
2242032,9.491739911027253e-05
2242188,0.0005147738265804946
2242344,0.00024367352307308465
2242500,0.0007687840261496603
2242656,0.0004112335154786706
2242812,0.00031305255834013224
2242968,0.00013128688442520797
2243124,6.020834916853346e-05
2243280,0.00123215327039361
2243436,0.0005550738424062729
2243592,0.013720453716814518
2243748,0.0008948966860771179
2243904,0.02547428570687771
2244060,0.00048074391088448465
2244216,0.0007087636622600257
2244372,0.00042448914609849453
2244528,0.0007623074343428016
2244684,0.038622017949819565
2244840,0.00010346032649977133
2244996,0.00015845874440856278
2245152,0.00022755839745514095
2245308,0.011536023579537868
2245464,0.00013463301002047956
2245620,0.0001477384357713163
2245776,0.00023908026923891157
2245932,0.0002114943490596488
2246088,0.0012698281789198518
2246244,0.00014309737889561802
2246400,0.0001398847671225667
2246556,4.2391184251755476e-05
2246712,0.005549037829041481
2246868,0.00010637432569637895
2247024,0.0002398927026661113
2247180,0.003454610938206315
2247336,0.003899180795997381
2247492,0.00012698170030489564
2247648,0.002471267944201827
2247804,0.0006772015476599336
2247960,0.00015538452134933323
2248116,0.00012960891763214022
2248272,0.0004989798762835562
2248428,0.00014383360394276679
2248584,5.959927511867136e-05
2248740,8.875951607478783e-05
2248896,0.0010554541368037462
2249052,0.0001774390257196501
2249208,0.0001960917143151164
2249364,6.94110567565076e-05
2249520,0.012155121192336082
2249676,0.0066416277550160885
2249832,0.000200508045963943
2249988,0.00011227065260754898
2250144,0.00044669557246379554
2250300,0.0010858584428206086
2250456,0.0008558245608583093
2250612,0.00045141566079109907
2250768,6.494807894341648e-05
2250924,0.00100526784081012
2251080,0.0026862560771405697
2251236,0.0007272535585798323
2251392,0.006428644526749849
2251548,0.0004368204390630126
2251704,0.0010837113950401545
2251860,0.0001076262560673058
2252016,0.00019532674923539162
2252172,0.0007433305727317929
2252328,0.003923608921468258
2252484,0.0005819085636176169
2252640,0.0004750535008497536
2252796,0.00241825170814991
2252952,6.429503264371306e-05
2253108,4.937075573252514e-05
2253264,4.3315401853760704e-05
2253420,2.6482506655156612e-05
2253576,0.00019255162624176592
2253732,5.2550916734617203e-05
2253888,7.433307473547757e-05
2254044,0.0023789091501384974
2254200,0.0003137383610010147
2254356,0.005674625746905804
2254512,0.0016911239363253117
2254668,8.983667066786438e-05
2254824,0.0007618914823979139
2254980,3.731822289410047e-05
2255136,0.00011761284986278042
2255292,2.5987774279201403e-05
2255448,0.0001181784100481309
2255604,0.0005352571024559438
2255760,0.00012144421634729952
2255916,0.0003081208560615778
2256072,0.00011820747749879956
2256228,0.013450956903398037
2256384,0.0003259516379330307
2256540,0.00016039017646107823
2256696,0.0010894362349063158
2256852,0.00014427691348828375
2257008,5.001465979148634e-05
2257164,0.000285030750092119
2257320,3.8454851164715365e-05
2257476,3.5466575354803354e-05
2257632,0.00115010270383209
2257788,0.00038650838541798294
2257944,0.006800943985581398
2258100,0.013170887716114521
2258256,0.0012716128258034587
2258412,0.00021909082715865225
2258568,0.00014886329881846905
2258724,2.24458326556487e-05
2258880,2.0292398403398693e-05
2259036,0.004933174699544907
2259192,6.678220961475745e-05
2259348,2.8974251108593307e-05
2259504,0.0001221572165377438
2259660,5.536084063351154e-05
2259816,4.584885755321011e-05
2259972,0.00021460560674313456
2260128,6.888963980600238e-05
2260284,5.3167234000284225e-05
2260440,4.7706787881907076e-05
2260596,6.628081609960645e-05
2260752,0.0002175104309571907
2260908,2.4995822968776338e-05
2261064,2.7602764021139592e-05
2261220,2.0704068447230384e-05
2261376,2.835369923559483e-05
2261532,0.0017271487740799785
2261688,0.0002744018565863371
2261844,0.008552533574402332
2262000,0.005863041616976261
2262156,0.024748384952545166
2262312,0.00014841443044133484
2262468,0.0004342583706602454
2262624,0.00012887397315353155
2262780,0.0005187947535887361
2262936,4.343777254689485e-05
2263092,0.00019607173453550786
2263248,3.2520991226192564e-05
2263404,6.404747546184808e-05
2263560,0.0006430046050809324
2263716,0.0029769078828394413
2263872,0.002810464706271887
2264028,7.858258322812617e-05
2264184,4.6801447751931846e-05
2264340,0.0009867481421679258
2264496,4.449763218872249e-05
2264652,7.79875845182687e-05
2264808,4.270244244253263e-05
2264964,0.002266437979415059
2265120,0.00024006648163776845
2265276,9.322504047304392e-05
2265432,0.014527902938425541
2265588,0.0001638087269384414
2265744,4.0611652366351336e-05
2265900,0.00012764270650222898
2266056,0.00022595505288336426
2266212,0.00022169707517605275
2266368,0.00012328621232882142
2266524,0.00015256620827130973
2266680,0.003183429129421711
2266836,0.038887206465005875
2266992,0.0011617462150752544
2267148,0.00022047673701308668
2267304,0.0005363469244912267
2267460,0.030987093225121498
2267616,0.0018000081181526184
2267772,0.0008637562277726829
2267928,0.001022807089611888
2268084,0.0002620242303237319
2268240,7.381451723631471e-05
2268396,9.112978295888752e-05
2268552,0.0005801505176350474
2268708,0.015381808392703533
2268864,0.00015273259487003088
2269020,0.00028145231772214174
2269176,0.00012726563727483153
2269332,4.108116991119459e-05
2269488,4.85268137708772e-05
2269644,9.700391092337668e-05
2269800,0.0002353381714783609
2269956,0.0002318277838639915
2270112,0.0014335087034851313
2270268,0.000196443623281084
2270424,5.014610360376537e-05
2270580,2.494042200851254e-05
2270736,0.00020341420895420015
2270892,0.0015720461960881948
2271048,4.686514876084402e-05
2271204,3.9084705349523574e-05
2271360,5.6507527915528044e-05
2271516,0.0007116926717571914
2271672,0.0006305555580183864
2271828,0.0021672463044524193
2271984,0.0021750652231276035
2272140,0.0005177928833290935
2272296,0.007681118790060282
2272452,0.0005301759811118245
2272608,0.00016830417735036463
2272764,0.00015281392552424222
2272920,0.00014437844220083207
2273076,0.0003924634656868875
2273232,0.00022642550175078213
2273388,0.00027006014715880156
2273544,0.00105450046248734
2273700,0.00013946941180620342
2273856,4.0623526729177684e-05
2274012,8.485453872708604e-05
2274168,0.011265167966485023
2274324,0.008662763983011246
2274480,0.0004571710014715791
2274636,0.005628928076475859
2274792,0.00011639950389508158
2274948,0.00017738770111463964
2275104,8.132880611810833e-05
2275260,6.190130079630762e-05
2275416,0.006314682308584452
2275572,0.00011690474639181048
2275728,2.9218459530966356e-05
2275884,2.017639963014517e-05
2276040,2.4952776584541425e-05
2276196,0.00033697555772960186
2276352,8.665696805110201e-05
2276508,0.0002307351678609848
2276664,0.016269514337182045
2276820,0.00023959949612617493
2276976,0.00044216105015948415
2277132,0.0002458771341480315
2277288,0.00010103786189574748
2277444,0.005655072629451752
2277600,6.095678327255882e-05
2277756,0.00015933708345983177
2277912,0.017614759504795074
2278068,0.0001234802621183917
2278224,0.0011107227765023708
2278380,8.628788054920733e-05
2278536,0.00011164638272020966
2278692,4.4911186705576256e-05
2278848,0.00027801020769402385
2279004,0.00011304658255539834
2279160,8.765804523136467e-05
2279316,0.0003522266342770308
2279472,0.0001952352176886052
2279628,0.003058647969737649
2279784,0.00018319636001251638
2279940,0.005012120585888624
2280096,0.00020147240138612688
2280252,0.00046640849905088544
2280408,0.0011344728991389275
2280564,0.00010421121987747028
2280720,0.00013283206499181688
2280876,3.839268902083859e-05
2281032,5.020854587201029e-05
2281188,0.0011670563835650682
2281344,0.0007855813601054251
2281500,0.00016985577531158924
2281656,9.17695724638179e-05
2281812,0.001120424480177462
2281968,0.0004320008447393775
2282124,0.00032571254996582866
2282280,0.0001887683611130342
2282436,0.00013550462608691305
2282592,0.007987875491380692
2282748,6.117749580880627e-05
2282904,0.00018555473070591688
2283060,0.00011415479821152985
2283216,7.836926670279354e-05
2283372,0.0002606828056741506
2283528,0.0006771161570213735
2283684,5.4483607527799904e-05
2283840,9.822660649660975e-05
2283996,8.207470818888396e-05
2284152,0.00036132492823526263
2284308,0.00010086897236760706
2284464,3.2085852581076324e-05
2284620,4.8726473323768005e-05
2284776,2.0423285604920238e-05
2284932,0.0001725247857393697
2285088,0.00043552578426897526
2285244,0.005846106447279453
2285400,0.00013761891750618815
2285556,0.012652400881052017
2285712,8.753195288591087e-05
2285868,0.0012172565329819918
2286024,0.0009803930297493935
2286180,0.0004154002235736698
2286336,0.00013062983634881675
2286492,0.00021056507830508053
2286648,0.00012823579891119152
2286804,8.110831549856812e-05
2286960,0.00042220702744089067
2287116,0.004761671647429466
2287272,0.00020355512970127165
2287428,0.00014465258573181927
2287584,0.00025709267356432974
2287740,0.00029469968285411596
2287896,0.011018943972885609
2288052,0.00010600274981698021
2288208,0.0007527787238359451
2288364,0.00011817911581601948
2288520,0.005608001723885536
2288676,3.2487627322552726e-05
2288832,0.0014451212482526898
2288988,0.00024402799317613244
2289144,6.795982335461304e-05
2289300,9.585936641087756e-05
2289456,0.004900997970253229
2289612,0.00025061817723326385
2289768,0.001615689368918538
2289924,0.008592497557401657
2290080,8.584967872593552e-05
2290236,7.664059376111254e-05
2290392,2.9729741072515026e-05
2290548,0.000342672283295542
2290704,1.907951445900835e-05
2290860,2.1538940927712247e-05
2291016,1.8807917513186112e-05
2291172,0.0011934653157368302
2291328,0.005018865689635277
2291484,9.640134521760046e-05
2291640,3.719656524481252e-05
2291796,0.005740697495639324
2291952,3.447207927820273e-05
2292108,0.00011716225708369166
2292264,0.0007760830339975655
2292420,0.0003536395961418748
2292576,0.0012592988787218928
2292732,0.0012059175642207265
2292888,7.018585165496916e-05
2293044,0.0004096074844710529
2293200,0.001187918707728386
2293356,0.00015526880451943725
2293512,3.6664187064161524e-05
2293668,0.00023212269297800958
2293824,0.007174051832407713
2293980,0.00021685101091861725
2294136,0.00012156871525803581
2294292,9.807552851270884e-05
2294448,0.0011674711713567376
2294604,0.00025743714650161564
2294760,0.0005056533263996243
2294916,0.00010085520625580102
2295072,0.0001868388062575832
2295228,0.00010943075903924182
2295384,0.0004845408257097006
2295540,8.083408465608954e-05
2295696,0.01416692603379488
2295852,0.0006859160494059324
2296008,7.097098568920046e-05
2296164,0.017996307462453842
2296320,0.00011253776028752327
2296476,0.000329399888869375
2296632,6.119230965850875e-05
2296788,0.003130190772935748
2296944,7.439582259394228e-05
2297100,0.03413696214556694
2297256,0.00030101873562671244
2297412,0.00014684458437841386
2297568,7.724302122369409e-05
2297724,0.00032480398658663034
2297880,0.00048547916230745614
2298036,2.5532790459692478e-05
2298192,3.276849020039663e-05
2298348,0.0001280903088627383
2298504,8.535601227777079e-05
2298660,0.01479838602244854
2298816,8.798520866548643e-05
2298972,0.00011753514991141856
2299128,0.011747119016945362
2299284,9.443098679184914e-05
2299440,0.00014991614443715662
2299596,0.014618300832808018
2299752,0.00010620662942528725
2299908,0.0018112617544829845
2300064,0.0005141285946592689
2300220,6.814337393734604e-05
2300376,0.0022739842534065247
2300532,2.2156420527608134e-05
2300688,0.00017299348837696016
2300844,0.0004790433740708977
2301000,7.142836693674326e-05
2301156,0.0002937930403277278
2301312,6.534843851113692e-05
2301468,5.5871405493235216e-05
2301624,0.0004211962514091283
2301780,0.00018551500397734344
2301936,0.0007813203847035766
2302092,4.7278779675252736e-05
2302248,0.0002513964136596769
2302404,5.061834599473514e-05
2302560,0.00015676938346587121
2302716,0.005740581080317497
2302872,0.004376694094389677
2303028,0.0025853600818663836
2303184,0.010820657946169376
2303340,0.00031196733471006155
2303496,6.836256943643093e-05
2303652,0.0001709858770482242
2303808,6.53439637972042e-05
2303964,8.610225631855428e-05
2304120,0.012564299628138542
2304276,0.00025004969211295247
2304432,0.0004485808312892914
2304588,0.00014899196685291827
2304744,0.00010238634422421455
2304900,0.00014674387057311833
2305056,0.0008146914187818766
2305212,0.004053258337080479
2305368,0.00022658606758341193
2305524,0.0003840489371214062
2305680,0.015489703975617886
2305836,0.0007259538397192955
2305992,0.0001063607560354285
2306148,0.0007409057579934597
2306304,0.004780599847435951
2306460,0.00016383040929213166
2306616,0.0005322808865457773
2306772,0.002309775212779641
2306928,9.861519356491044e-05
2307084,0.005760363768786192
2307240,0.00015034654643386602
2307396,0.0357087105512619
2307552,0.0011024207342416048
2307708,0.000458401016658172
2307864,0.021933510899543762
2308020,0.001148739829659462
2308176,6.507390207843855e-05
2308332,0.00011029942106688395
2308488,0.0006929091759957373
2308644,0.005604085512459278
2308800,4.796899884240702e-05
2308956,0.011794145219027996
2309112,5.848864748259075e-05
2309268,0.001236070180311799
2309424,0.00018995875143446028
2309580,8.490968320984393e-05
2309736,0.00010879451292566955
2309892,0.00010884641233133152
2310048,5.535651507670991e-05
2310204,5.342615258996375e-05
2310360,7.440688204951584e-05
2310516,0.00046785001177340746
2310672,9.622726793168113e-05
2310828,4.4011525460518897e-05
2310984,0.00022431951947510242
2311140,0.0023799347691237926
2311296,0.0006532149855047464
2311452,0.0006323758279904723
2311608,0.000254792656050995
2311764,0.00012699422950390726
2311920,0.0009305528947152197
2312076,0.0006160099292173982
2312232,0.017837412655353546
2312388,0.0008196480921469629
2312544,0.0003707932773977518
2312700,0.00041307631181553006
2312856,6.78129872540012e-05
2313012,0.00011840090883197263
2313168,0.0006617270410060883
2313324,0.0010938141494989395
2313480,0.015875719487667084
2313636,0.00516083836555481
2313792,0.001163921202532947
2313948,0.0009359506657347083
2314104,0.0005093051586300135
2314260,0.0005431032623164356
2314416,4.285636532586068e-05
2314572,0.006837353575974703
2314728,0.00012075948325218633
2314884,8.499824616592377e-05
2315040,4.2104617023142055e-05
2315196,0.00011569914204301313
2315352,0.00021766257123090327
2315508,0.00016512229922227561
2315664,0.004206396173685789
2315820,5.049302853876725e-05
2315976,8.377328049391508e-05
2316132,6.571053381776437e-05
2316288,0.00021493673557415605
2316444,0.00028553916490636766
2316600,0.01700528897345066
2316756,0.000331115530570969
2316912,0.012393337674438953
2317068,0.02390900067985058
2317224,6.996134470682591e-05
2317380,0.00011420647206250578
2317536,0.0011465809075161815
2317692,0.005233130417764187
2317848,9.522114123683423e-05
2318004,5.87863105465658e-05
2318160,4.129451190237887e-05
2318316,5.704326758859679e-05
2318472,0.00013335987750906497
2318628,8.696472650626674e-05
2318784,0.029452022165060043
2318940,8.456774958176538e-05
2319096,0.00014529452892020345
2319252,9.248729475075379e-05
2319408,0.0001235941017512232
2319564,0.00013113455497659743
2319720,5.6432472774758935e-05
2319876,8.182817691704258e-05
2320032,0.00014395712059922516
2320188,3.101637776126154e-05
2320344,0.00030737719498574734
2320500,0.00039597280556336045
2320656,3.889604704454541e-05
2320812,8.783789235167205e-05
2320968,8.170897490344942e-05
2321124,0.0002972710644826293
2321280,0.023066433146595955
2321436,0.014676551334559917
2321592,0.0009436556720174849
2321748,7.882844511186704e-05
2321904,4.627803718904033e-05
2322060,3.242756793042645e-05
2322216,4.879729385720566e-05
2322372,3.805121377808973e-05
2322528,0.00020894137560389936
2322684,0.00012189379776827991
2322840,0.004607570357620716
2322996,0.00023026886628940701
2323152,0.0007007599924691021
2323308,0.00016599272203166038
2323464,0.011059834621846676
2323620,0.013781852088868618
2323776,0.00047360965982079506
2323932,0.00029721722239628434
2324088,0.0017120848642662168
2324244,5.857430005562492e-05
2324400,0.01487557590007782
2324556,0.004141462501138449
2324712,0.00019298441475257277
2324868,0.00110732764005661
2325024,0.00038556335493922234
2325180,0.00014418360660783947
2325336,0.0004282609443180263
2325492,0.0001170039686257951
2325648,7.765019836369902e-05
2325804,0.0017023913096636534
2325960,6.875760300317779e-05
2326116,0.016334787011146545
2326272,0.005815561860799789
2326428,0.00014312892744783312
2326584,5.284025246510282e-05
2326740,3.069869853788987e-05
2326896,0.005665306001901627
2327052,0.0004922418156638741
2327208,7.034420559648424e-05
2327364,7.447583629982546e-05
2327520,9.896883420879021e-05
2327676,2.1112260583322495e-05
2327832,9.643680095905438e-05
2327988,0.0004785210476256907
2328144,0.00018576318689156324
2328300,0.00010426886728964746
2328456,7.828380330465734e-05
2328612,0.00030784818227402866
2328768,0.00011734166037058458
2328924,0.0005090869381092489
2329080,0.0006892123492434621
2329236,0.00010426226072013378
2329392,0.0002509811019990593
2329548,5.8552399423206225e-05
2329704,6.545317592099309e-05
2329860,0.0004608242597896606
2330016,0.00010108520655194297
2330172,0.0002733477740548551
2330328,5.7359313359484076e-05
2330484,0.0001089236029656604
2330640,0.00014555364032275975
2330796,0.001012934371829033
2330952,7.187276059994474e-05
2331108,6.240993388928473e-05
2331264,0.00037092610727995634
2331420,0.00010902039502980188
2331576,0.001279757241718471
2331732,0.0001199976250063628
2331888,0.00024898990523070097
2332044,0.00013017578748986125
2332200,5.294928268995136e-05
2332356,3.310684041935019e-05
2332512,5.31221812707372e-05
2332668,0.004891227465122938
2332824,0.0011461046524345875
2332980,0.0003974653664045036
2333136,0.00011717360757756978
2333292,0.00015919511497486383
2333448,0.00014192183152772486
2333604,0.00032290915260091424
2333760,0.00029848923441022635
2333916,0.004156601149588823
2334072,0.00041504710679873824
2334228,3.761804327950813e-05
2334384,0.005841648206114769
2334540,4.031140633742325e-05
2334696,4.783123586094007e-05
2334852,6.595229933736846e-05
2335008,0.00012337049702182412
2335164,4.6966506488388404e-05
2335320,0.00010138825746253133
2335476,0.017608286812901497
2335632,0.00017128852778114378
2335788,7.750263466732576e-05
2335944,4.552143218461424e-05
2336100,4.875883678323589e-05
2336256,0.011027400381863117
2336412,0.0006129407556727529
2336568,0.00012526006321422756
2336724,8.138801786117256e-05
2336880,4.969057772541419e-05
2337036,0.00010635179205564782
2337192,0.00014278822345659137
2337348,0.0009248331189155579
2337504,0.004546493757516146
2337660,7.580577948829159e-05
2337816,0.01071455329656601
2337972,0.001842136145569384
2338128,0.001625648234039545
2338284,0.0005050083855167031
2338440,0.00011991649080300704
2338596,7.518572238041088e-05
2338752,6.884174945298582e-05
2338908,0.00990986730903387
2339064,0.0004840993497055024
2339220,0.00011856676428578794
2339376,0.006698637269437313
2339532,9.687857527751476e-05
2339688,0.0001226112071890384
2339844,4.7721187002025545e-05
2340000,0.00012728868750855327
2340156,5.730957491323352e-05
2340312,3.672761158668436e-05
2340468,0.010834098793566227
2340624,0.00010036646563094109
2340780,0.00012476934352889657
2340936,0.00015926634659990668
2341092,3.0272185540525243e-05
2341248,3.793933865381405e-05
2341404,0.0015176814049482346
2341560,0.0005909650353714824
2341716,0.00015350370085798204
2341872,9.3837697932031e-05
2342028,4.0437240386381745e-05
2342184,0.00022862527112010866
2342340,0.011615555733442307
2342496,0.0001012672801152803
2342652,7.41805270081386e-05
2342808,4.045459354529157e-05
2342964,0.000339493592036888
2343120,0.0003207883855793625
2343276,0.0008837495697662234
2343432,0.0013190561439841986
2343588,0.0001423126959707588
2343744,0.006302358582615852
2343900,0.0020483830012381077
2344056,0.00020673530525527894
2344212,6.100493556004949e-05
2344368,2.4300572476931848e-05
2344524,3.060505332541652e-05
2344680,0.008318348787724972
2344836,2.0185780158499256e-05
2344992,0.011882995255291462
2345148,0.0003504689084365964
2345304,0.0022134389728307724
2345460,0.0012170446570962667
2345616,8.288327080663294e-05
2345772,7.816842116881162e-05
2345928,0.000571868906263262
2346084,0.0001124884292948991
2346240,9.2933296400588e-05
2346396,0.00028428135556168854
2346552,0.00038444719393737614
2346708,0.004516042303293943
2346864,0.00020189381029922515
2347020,0.0002353831077925861
2347176,0.0001740024599712342
2347332,0.0011097763199359179
2347488,0.0002358888159506023
2347644,0.0009533109841868281
2347800,0.011412734165787697
2347956,0.0005398388020694256
2348112,0.005034764297306538
2348268,0.000771363906096667
2348424,0.00345170171931386
2348580,0.004247876815497875
2348736,0.0030860838014632463
2348892,0.000256877247011289
2349048,0.0023638010025024414
2349204,0.001962965354323387
2349360,0.002547232899814844
2349516,0.00016869866522029042
2349672,0.00012017238623229787
2349828,8.109012560453266e-05
2349984,0.00013910289271734655
2350140,2.465167926857248e-05
2350296,7.326187915168703e-05
2350452,5.07393924635835e-05
2350608,6.137411401141435e-05
2350764,0.0001097034546546638
2350920,0.00015744491247460246
2351076,0.00030383310513570905
2351232,0.005644411314278841
2351388,0.0011559993727132678
2351544,0.011867042630910873
2351700,0.00042448396561667323
2351856,0.019776586443185806
2352012,5.620655429083854e-05
2352168,5.110009806230664e-05
2352324,0.0003092580009251833
2352480,0.003266246523708105
2352636,0.00011863536929013208
2352792,2.6548776077106595e-05
2352948,8.474558853777125e-05
2353104,0.00016507462714798748
2353260,0.0005620283191092312
2353416,0.006898209452629089
2353572,0.0006429965142160654
2353728,0.02971254661679268
2353884,0.00017311178089585155
2354040,5.2914765547029674e-05
2354196,4.140082455705851e-05
2354352,2.1755171474069357e-05
2354508,5.5035940022207797e-05
2354664,3.9530925278086215e-05
2354820,0.0010011369595304132
2354976,0.00011779076157836244
2355132,0.00012174605944892392
2355288,0.00011536138481460512
2355444,0.0008095264784060419
2355600,0.0023957982193678617
2355756,9.97440074570477e-05
2355912,0.00032437837217003107
2356068,0.000316352816298604
2356224,0.0006113304989412427
2356380,0.0019037158926948905
2356536,0.00012919421715196222
2356692,5.9655707445926964e-05
2356848,0.00040900972089730203
2357004,0.021907618269324303
2357160,0.0050307284109294415
2357316,0.0001582583354320377
2357472,0.00024836056400090456
2357628,0.0004202106792945415
2357784,0.0062425872310996056
2357940,0.00019802867609541863
2358096,0.0001569908345118165
2358252,0.0004752736713271588
2358408,0.002248261356726289
2358564,8.120230631902814e-05
2358720,0.0002540144487284124
2358876,5.996815889375284e-05
2359032,0.00029360491316765547
2359188,8.091414929367602e-05
2359344,0.0004274918755982071
2359500,0.001448211376555264
2359656,0.013554338365793228
2359812,0.0005737778265029192
2359968,0.0004951225710101426
2360124,9.529211092740297e-05
2360280,0.00015222985530272126
2360436,0.00022794201504439116
2360592,5.308497202349827e-05
2360748,4.176063521299511e-05
2360904,5.791040530311875e-05
2361060,2.2600172087550163e-05
2361216,0.0004422916972544044
2361372,5.003443220630288e-05
2361528,4.5900589611846954e-05
2361684,0.002235733438283205
2361840,0.00012923528265673667
2361996,0.0022740098647773266
2362152,0.00032416562316939235
2362308,0.0033617685548961163
2362464,0.00012557327863760293
2362620,0.0007685218588449061
2362776,8.227834769058973e-05
2362932,9.184872033074498e-05
2363088,0.00017479440430179238
2363244,0.017637526616454124
2363400,0.00037084578070789576
2363556,0.015463665127754211
2363712,0.00015081450692377985
2363868,0.010242363438010216
2364024,0.0005803019739687443
2364180,0.004660626873373985
2364336,0.03025854378938675
2364492,0.00862245261669159
2364648,0.00014208459469955415
2364804,7.983604882610962e-05
2364960,9.938169387169182e-05
2365116,3.0433195206569508e-05
2365272,7.41926851333119e-05
2365428,0.0013223540736362338
2365584,0.0014781178906559944
2365740,0.010809953324496746
2365896,0.00010325845505576581
2366052,0.00011756557796616107
2366208,0.0001035589593811892
2366364,0.0012365963775664568
2366520,7.154174090828747e-05
2366676,0.00022222177358344197
2366832,0.00012012157094432041
2366988,0.000217158580198884
2367144,7.336115231737494e-05
2367300,0.0007734551327303052
2367456,0.01339781191200018
2367612,0.003571190871298313
2367768,7.798612932674587e-05
2367924,6.40180878690444e-05
2368080,0.00014616693079005927
2368236,0.00017646841297391802
2368392,0.0011515280930325389
2368548,9.070475789485499e-05
2368704,7.86367745604366e-05
2368860,0.00030152976978570223
2369016,0.00031454552663490176
2369172,0.01177326962351799
2369328,5.24119459441863e-05
2369484,0.00021449859195854515
2369640,0.00013497259351424873
2369796,5.1408718718448654e-05
2369952,8.152435475494713e-05
2370108,0.00017934698553290218
2370264,0.0004055845784023404
2370420,0.00010456740710651502
2370576,0.004074978642165661
2370732,0.00010674798249965534
2370888,0.00043495112913660705
2371044,0.00045701104681938887
2371200,0.00020215148106217384
2371356,0.00019472181156743318
2371512,8.0613222962711e-05
2371668,6.779456452932209e-05
2371824,0.005636848043650389
2371980,0.00012452514783944935
2372136,0.003651553299278021
2372292,0.0002745139063335955
2372448,9.108384256251156e-05
2372604,0.000659662764519453
2372760,4.252731741871685e-05
2372916,0.009240827523171902
2373072,2.987761763506569e-05
2373228,0.00034976640017703176
2373384,0.0001452014548704028
2373540,0.0002222847833763808
2373696,2.566211696830578e-05
2373852,0.0006483268225565553
2374008,0.0006976021104492247
2374164,0.021278180181980133
2374320,0.00022860598983243108
2374476,0.00028327543986961246
2374632,0.01101064495742321
2374788,0.04548779875040054
2374944,0.0038591951597481966
2375100,0.0001433772558812052
2375256,0.005837725941091776
2375412,0.0002269530377816409
2375568,7.648920291103423e-05
2375724,0.013115985319018364
2375880,7.838449528208002e-05
2376036,3.1324903829954565e-05
2376192,8.618181891506538e-05
2376348,8.129776688292623e-05
2376504,0.00019784811593126506
2376660,0.0001413556165061891
2376816,6.601202767342329e-05
2376972,4.469975101528689e-05
2377128,4.418972093844786e-05
2377284,6.46983171463944e-05
2377440,0.0002838467189576477
2377596,0.0006556353182531893
2377752,5.2968054660595953e-05
2377908,0.00015396185335703194
2378064,0.0010249074548482895
2378220,0.01068504061549902
2378376,0.0017904050182551146
2378532,0.0008127650944516063
2378688,5.897961091250181e-05
2378844,0.0023583765141665936
2379000,0.00013323366874828935
2379156,0.00011418737994972616
2379312,9.135455184150487e-05
2379468,0.00026559625985100865
2379624,0.00021910032955929637
2379780,0.0005849291337653995
2379936,0.0040112752467393875
2380092,0.00010139854566659778
2380248,0.0003155015001539141
2380404,9.577631135471165e-05
2380560,0.018762195482850075
2380716,0.004986009560525417
2380872,0.0005194724071770906
2381028,0.007019266951829195
2381184,0.00021342214313335717
2381340,0.00033977409475483
2381496,0.0004460667259991169
2381652,0.007057942915707827
2381808,0.0003962171031162143
2381964,0.0024804137647151947
2382120,0.0006417806725949049
2382276,0.005764063447713852
2382432,0.0010149439331144094
2382588,0.00035990000469610095
2382744,0.004227910190820694
2382900,0.002712937304750085
2383056,0.0007539920043200254
2383212,0.0015309115406125784
2383368,9.160813351627439e-05
2383524,0.004089279565960169
2383680,0.00016618071822449565
2383836,9.18341102078557e-05
2383992,9.452400990994647e-05
2384148,0.03076712228357792
2384304,0.00034039048478007317
2384460,0.00028693547938019037
2384616,0.00010946177644655108
2384772,0.0011589834466576576
2384928,5.779898492619395e-05
2385084,4.0209051803685725e-05
2385240,4.905091191176325e-05
2385396,3.7267920561134815e-05
2385552,1.749291732267011e-05
2385708,2.643537663971074e-05
2385864,1.597466143721249e-05
2386020,2.265057628392242e-05
2386176,6.254826439544559e-05
2386332,0.02927260659635067
2386488,0.0035543593112379313
2386644,0.00010571449820417911
2386800,8.71743613970466e-05
2386956,0.00010804191697388887
2387112,0.00028454791754484177
2387268,0.00010137626668438315
2387424,8.08878248790279e-05
2387580,5.579745629802346e-05
2387736,0.014021307229995728
2387892,0.0004923744709230959
2388048,0.011337465606629848
2388204,6.243835377972573e-05
2388360,0.0007978218491189182
2388516,0.00012720936501864344
2388672,0.002477706875652075
2388828,0.0010853840503841639
2388984,7.676777022425085e-05
2389140,0.0005092244828119874
2389296,0.00021361726976465434
2389452,0.00020426658738870174
2389608,0.0003058236907236278
2389764,0.0001139613741543144
2389920,4.439126132638194e-05
2390076,6.289719749474898e-05
2390232,1.8093709513777867e-05
2390388,0.012617670930922031
2390544,0.0016124255489557981
2390700,0.013696054928004742
2390856,8.313025318784639e-05
2391012,0.010984094813466072
2391168,3.327358717797324e-05
2391324,2.2387799617717974e-05
2391480,0.00010174555791309103
2391636,1.5193299987004139e-05
2391792,3.07297523249872e-05
2391948,3.900706360582262e-05
2392104,0.029114583507180214
2392260,4.7201585402945057e-05
2392416,0.00034541962668299675
2392572,0.00023902952671051025
2392728,0.0005724416696466506
2392884,7.412780541926622e-05
2393040,0.0004907870898023248
2393196,0.013221675530076027
2393352,0.00010827459482243285
2393508,0.010615123435854912
2393664,0.00023553078062832355
2393820,0.00010063539230031893
2393976,0.0024666355457156897
2394132,0.00029055989580228925
2394288,6.551262777065858e-05
2394444,0.0017157361144199967
2394600,8.514450746588409e-05
2394756,0.00010270305210724473
2394912,0.00014447455760091543
2395068,0.00020462721295189112
2395224,0.007434293627738953
2395380,7.473515870515257e-05
2395536,5.165193579159677e-05
2395692,3.928012301912531e-05
2395848,4.503905802266672e-05
2396004,4.571681347442791e-05
2396160,0.0054246713407337666
2396316,5.927766324020922e-05
2396472,3.656981061794795e-05
2396628,3.675814514281228e-05
2396784,2.204283737228252e-05
2396940,0.000730146246496588
2397096,0.00023671879898756742
2397252,0.0281700249761343
2397408,0.0007665721350349486
2397564,0.000774470972828567
2397720,0.001101215253584087
2397876,0.0001384919014526531
2398032,0.006197139620780945
2398188,0.0002828929282259196
2398344,0.0011006180429831147
2398500,0.01817212626338005
2398656,0.015988092869520187
2398812,0.003448856994509697
2398968,0.0003750155447050929
2399124,0.00016391384997405112
2399280,0.00013102279626764357
2399436,0.00036443505086936057
2399592,0.003114392515271902
2399748,0.010922128334641457
2399904,0.00010700483107939363
2400060,5.067294114269316e-05
2400216,8.217798313125968e-05
2400372,0.024020731449127197
2400528,7.786454807501286e-05
2400684,0.0015945975901558995
2400840,4.021942731924355e-05
2400996,0.0011934397043660283
2401152,0.0002747153048403561
2401308,0.00013405672507360578
2401464,6.950279930606484e-05
2401620,6.231015868252143e-05
2401776,0.00025033106794580817
2401932,5.405126648838632e-05
2402088,7.891800487414002e-05
2402244,2.770779792626854e-05
2402400,0.0001252009824384004
2402556,4.67706959170755e-05
2402712,0.0005737842293456197
2402868,6.0834616306237876e-05
2403024,9.267168206861243e-05
2403180,0.00020345317898318172
2403336,0.00010712218499975279
2403492,4.607827577274293e-05
2403648,0.0002307102840859443
2403804,3.7823570892214775e-05
2403960,5.3417050366988406e-05
2404116,0.00013852110714651644
2404272,0.0007716006366536021
2404428,0.0001903712545754388
2404584,0.00042791679152287543
2404740,0.009830481372773647
2404896,0.0004543150425888598
2405052,0.00020132192003075033
2405208,0.00015152305422816426
2405364,0.0008215865818783641
2405520,6.546389340655878e-05
2405676,0.0001139627565862611
2405832,7.84398362156935e-05
2405988,0.0003912554820999503
2406144,0.000151401647599414
2406300,0.002707814332097769
2406456,3.765235305763781e-05
2406612,2.741045318543911e-05
2406768,0.0002099011035170406
2406924,0.00012531245010904968
2407080,0.0002843228285200894
2407236,0.00020175996178295463
2407392,0.00012509658699855208
2407548,0.0002446981961838901
2407704,8.202295430237427e-05
2407860,0.009641154669225216
2408016,0.0009136967710219324
2408172,4.728667045128532e-05
2408328,0.0001556664938107133
2408484,0.0020592522341758013
2408640,0.0030287231784313917
2408796,0.0008291047415696084
2408952,0.0004310488875489682
2409108,0.0007236428209580481
2409264,0.001427092356607318
2409420,0.0003473919932730496
2409576,0.00019012586562894285
2409732,0.00042706026579253376
2409888,0.00015673234884161502
2410044,0.0001417072198819369
2410200,5.9147190768271685e-05
2410356,0.0006000795401632786
2410512,0.0001703788002487272
2410668,9.576324373483658e-05
2410824,3.489951268420555e-05
2410980,0.004496417008340359
2411136,0.00021041918080300093
2411292,3.060910239582881e-05
2411448,5.853737820871174e-05
2411604,0.0029196555260568857
2411760,0.0001087937198462896
2411916,0.0013870240654796362
2412072,0.000277006154647097
2412228,0.0005687763332389295
2412384,6.436191324610263e-05
2412540,6.299099914031103e-05
2412696,4.160615208093077e-05
2412852,0.0020065847784280777
2413008,0.00010705864406190813
2413164,0.00016898027388378978
2413320,0.011369721964001656
2413476,0.010701226070523262
2413632,0.0003576390154194087
2413788,0.000318180478643626
2413944,0.00016956738545559347
2414100,4.454370719031431e-05
2414256,0.006692978553473949
2414412,0.00036876235390082
2414568,0.00111301033757627
2414724,8.31800716696307e-05
2414880,0.00018755850032903254
2415036,0.00022424914641305804
2415192,0.016418438404798508
2415348,0.0006167046958580613
2415504,0.0021706405095756054
2415660,0.01295908261090517
2415816,0.0001431863784091547
2415972,0.00011135062959510833
2416128,8.973784133559093e-05
2416284,0.03463411331176758
2416440,0.0022752839140594006
2416596,0.00015294598415493965
2416752,0.0002851690223906189
2416908,9.800187399378046e-05
2417064,8.435679774265736e-05
2417220,5.175697151571512e-05
2417376,0.00018605573859531432
2417532,0.006831412669271231
2417688,0.0020125359296798706
2417844,0.0152933020144701
2418000,5.269431130727753e-05
2418156,6.890954682603478e-05
2418312,0.0005386641132645309
2418468,0.00022531015565618873
2418624,0.012632383964955807
2418780,0.0001345284254057333
2418936,3.959687091992237e-05
2419092,0.03842735290527344
2419248,0.0013416096335276961
2419404,0.00010204131831414998
2419560,4.057339901919477e-05
2419716,6.210641004145145e-05
2419872,0.00013606784341391176
2420028,3.5923763789469376e-05
2420184,3.5830475098919123e-05
2420340,0.00010743477469077334
2420496,5.8301557146478444e-05
2420652,7.531718438258395e-05
2420808,0.00101488979998976
2420964,6.270372978178784e-05
2421120,2.6815770979737863e-05
2421276,0.0001734709949232638
2421432,9.733946353662759e-05
2421588,5.531720307772048e-05
2421744,5.17208463861607e-05
2421900,2.8267641027923673e-05
2422056,0.00011210430966457352
2422212,5.780831997981295e-05
2422368,0.0001006378442980349
2422524,0.00011597298725973815
2422680,0.00029242056189104915
2422836,6.618232146138325e-05
2422992,0.0001718966814223677
2423148,0.0007298942655324936
2423304,0.008588160388171673
2423460,0.00012925000919494778
2423616,0.01686786115169525
2423772,0.0004901975626125932
2423928,9.100612078327686e-05
2424084,0.000247055955696851
2424240,5.409934965427965e-05
2424396,0.0001428803225280717
2424552,0.0025900243781507015
2424708,0.00017153121007140726
2424864,0.0002213957195635885
2425020,0.0010838336311280727
2425176,0.00020182615844532847
2425332,0.00012922455789521337
2425488,9.929357474902645e-05
2425644,0.000180726739927195
2425800,0.00010869133984670043
2425956,0.0003699837252497673
2426112,0.0003049357037525624
2426268,0.0010490290587767959
2426424,0.0003400987188797444
2426580,0.008319678716361523
2426736,0.0001361719478154555
2426892,0.00020617626432795078
2427048,0.00032841096981428564
2427204,9.812013013288379e-05
2427360,0.018437493592500687
2427516,6.546959048137069e-05
2427672,0.00011005533451680094
2427828,0.0014389274874702096
2427984,3.3709169656503946e-05
2428140,2.4793842385406606e-05
2428296,2.167910133721307e-05
2428452,2.1544699848163873e-05
2428608,0.00030154906562529504
2428764,7.225711306091398e-05
2428920,7.358100265264511e-05
2429076,0.0008103366708382964
2429232,0.01112403441220522
2429388,3.4842174500226974e-05
2429544,0.0004432029090821743
2429700,0.0001567859435454011
2429856,0.00013880530605092645
2430012,0.00012188698747195303
2430168,0.006086826790124178
2430324,0.0001120146771427244
2430480,8.287294622277841e-05
2430636,7.896735769463703e-05
2430792,4.4595984945772216e-05
2430948,0.00012230506399646401
2431104,0.00044099826482124627
2431260,0.00010477873729541898
2431416,0.00013116441550664604
2431572,0.019309865310788155
2431728,0.001304621808230877
2431884,0.00012905680341646075
2432040,0.00017226320051122457
2432196,9.271088492823765e-05
2432352,0.00017778824258130044
2432508,6.782465789001435e-05
2432664,4.7830813855398446e-05
2432820,0.000133453359012492
2432976,5.311164568411186e-05
2433132,2.7240614144830033e-05
2433288,6.511984975077212e-05
2433444,5.8656973124016076e-05
2433600,0.00013206381117925048
2433756,0.0003562999772839248
2433912,7.027012907201424e-05
2434068,4.282544614397921e-05
2434224,0.0001184027933049947
2434380,0.00025070534320548177
2434536,0.0002971079957205802
2434692,5.9186404541833326e-05
2434848,0.00010726819164119661
2435004,0.00026675837580114603
2435160,0.0003454183752182871
2435316,0.0005906453588977456
2435472,8.515479566995054e-05
2435628,0.0015046073822304606
2435784,0.00017884382396005094
2435940,0.00032852948061190546
2436096,0.0018142093904316425
2436252,0.005534428637474775
2436408,8.774019806878641e-05
2436564,7.565491978311911e-05
2436720,0.02694089338183403
2436876,0.0005592790548689663
2437032,8.629966760054231e-05
2437188,0.015087395906448364
2437344,0.0014340595807880163
2437500,7.108236604835838e-05
2437656,8.80522929946892e-05
2437812,7.369541708612815e-05
2437968,0.00018396938685327768
2438124,0.0008960223058238626
2438280,0.0006120879552327096
2438436,0.0010524904355406761
2438592,4.185879515716806e-05
2438748,3.777383244596422e-05
2438904,0.012757167220115662
2439060,9.023564052768052e-05
2439216,2.3173444787971675e-05
2439372,3.8268255593720824e-05
2439528,3.5772442060988396e-05
2439684,0.00015301074017770588
2439840,7.329283835133538e-05
2439996,6.521880277432501e-05
2440152,0.0003948330704588443
2440308,2.3915967176435515e-05
2440464,2.9067668947391212e-05
2440620,3.5313827538629994e-05
2440776,3.504422420519404e-05
2440932,5.023246558266692e-05
2441088,0.0008673574193380773
2441244,0.00017000525258481503
2441400,0.0001478720223531127
2441556,0.00012259562208782881
2441712,0.007820839062333107
2441868,0.0003934377455152571
2442024,0.007717528846114874
2442180,6.903793837409467e-05
2442336,0.0005885597784072161
2442492,0.00016304198652505875
2442648,0.013384989462792873
2442804,0.0042100935243070126
2442960,6.945279892534018e-05
2443116,2.7308868084219284e-05
2443272,0.00013354007387533784
2443428,8.080083352979273e-05
2443584,0.0005244706408120692
2443740,2.2742722649127245e-05
2443896,4.6122160711092874e-05
2444052,0.00015095698472578079
2444208,0.00013973793829791248
2444364,0.00035962148103863
2444520,9.620477067073807e-05
2444676,5.660720489686355e-05
2444832,6.304687121883035e-05
2444988,9.953889093594626e-05
2445144,9.790372132556513e-05
2445300,0.0001106959389289841
2445456,5.4905121942283586e-05
2445612,0.0001302186428802088
2445768,4.319386061979458e-05
2445924,7.353966066148132e-05
2446080,0.005314089357852936
2446236,0.009912442415952682
2446392,0.00022579211508855224
2446548,9.755614883033559e-05
2446704,0.004185181111097336
2446860,0.0001033110311254859
2447016,0.0022834253031760454
2447172,0.0003005596809089184
2447328,0.0002838301006704569
2447484,0.0006311493925750256
2447640,4.1887309635058045e-05
2447796,0.00010690768249332905
2447952,8.087395690381527e-05
2448108,5.319865158526227e-05
2448264,3.881828160956502e-05
2448420,9.877077536657453e-05
2448576,7.444576476700604e-05
2448732,9.078641596715897e-05
2448888,0.00015784725837875158
2449044,6.535127613460645e-05
2449200,2.5180317607009783e-05
2449356,0.000324337714118883
2449512,0.0007778960280120373
2449668,0.0002588396309874952
2449824,9.358266834169626e-05
2449980,0.00024199318431783468
2450136,0.00028068083338439465
2450292,3.1660933018429205e-05
2450448,2.43402027990669e-05
2450604,0.0008586236508563161
2450760,0.000101399578852579
2450916,0.000138992938445881
2451072,0.004261753521859646
2451228,0.003601615782827139
2451384,0.00010710091737564653
2451540,0.00017519974790047854
2451696,0.00011825047840829939
2451852,3.920719609595835e-05
2452008,0.00046270707389339805
2452164,7.701647700741887e-05
2452320,0.0001612831256352365
2452476,6.814365042373538e-05
2452632,7.278782140929252e-05
2452788,0.0004977654898539186
2452944,0.0001612477353774011
2453100,9.335122012998909e-05
2453256,0.00010339420987293124
2453412,0.0022180478554219007
2453568,0.0001560536038596183
2453724,5.2475923439487815e-05
2453880,5.309725383995101e-05
2454036,0.00010904393275268376
2454192,0.00015737544163130224
2454348,0.00021311079035513103
2454504,7.963021926116198e-05
2454660,0.000284189562080428
2454816,7.381439354503527e-05
2454972,0.00016379402950406075
2455128,0.00035646898322738707
2455284,0.0032761108595877886
2455440,9.67892847256735e-05
2455596,0.004686033818870783
2455752,0.004514564294368029
2455908,0.025284701958298683
2456064,0.0035840265918523073
2456220,0.0004342409665696323
2456376,0.0002455493086017668
2456532,0.0002033304190263152
2456688,0.0023668664507567883
2456844,0.0002371889422647655
2457000,0.00019171368330717087
2457156,0.0002965326712001115
2457312,0.000606368004810065
2457468,8.506265294272453e-05
2457624,5.9433070418890566e-05
2457780,0.0002251486002933234
2457936,0.00016968228737823665
2458092,6.375007069436833e-05
2458248,0.00014409321011044085
2458404,5.1897543016821146e-05
2458560,0.004399966914206743
2458716,0.0010410731192678213
2458872,0.01149033010005951
2459028,6.0852704336866736e-05
2459184,0.0025119364727288485
2459340,0.006801304407417774
2459496,0.00034416024573147297
2459652,2.653136834851466e-05
2459808,0.0005977205000817776
2459964,6.494425178971142e-05
2460120,4.14371897932142e-05
2460276,2.8649574232986197e-05
2460432,0.00012518740550149232
2460588,0.0002243907656520605
2460744,0.0002173669054172933
2460900,0.01258772797882557
2461056,0.0003397279360797256
2461212,2.8687976737273857e-05
2461368,0.005736820865422487
2461524,9.391419007442892e-05
2461680,0.00014490136527456343
2461836,2.4158794985851273e-05
2461992,5.626538040814921e-05
2462148,0.033109068870544434
2462304,0.00020407541887834668
2462460,0.0001181884144898504
2462616,0.0003179177292622626
2462772,8.538759720977396e-05
2462928,5.110152778797783e-05
2463084,7.15910573489964e-05
2463240,0.00012565564247779548
2463396,5.539285484701395e-05
2463552,0.00022279549739323556
2463708,0.0008639658335596323
2463864,7.433297287207097e-05
2464020,0.00028431290411390364
2464176,0.016164559870958328
2464332,0.004503746051341295
2464488,0.00017896323697641492
2464644,0.0010664878645911813
2464800,0.031751956790685654
2464956,4.643219290301204e-05
2465112,2.3002732632448897e-05
2465268,0.005253206938505173
2465424,5.74451478314586e-05
2465580,0.00043950864346697927
2465736,0.00020700512686744332
2465892,0.0006319795502349734
2466048,7.447148527717218e-05
2466204,2.5124172680079937e-05
2466360,0.005257200915366411
2466516,9.949725063052028e-05
2466672,3.781314080697484e-05
2466828,0.008636086247861385
2466984,0.0002611824602354318
2467140,5.509164839168079e-05
2467296,0.0004066885157953948
2467452,8.234319102484733e-05
2467608,5.6895154557423666e-05
2467764,2.7424917789176106e-05
2467920,0.00018900530994869769
2468076,2.916870107583236e-05
2468232,6.568025855813175e-05
2468388,4.5057793613523245e-05
2468544,2.7736557967728004e-05
2468700,0.0001541318924864754
2468856,3.358945104992017e-05
2469012,0.0014430093578994274
2469168,0.005047204904258251
2469324,4.995355993742123e-05
2469480,0.0007737589185126126
2469636,0.007193189114332199
2469792,0.00014910634490661323
2469948,0.0007026032544672489
2470104,0.0002794713363982737
2470260,0.00032297076540999115
2470416,0.0026999746914952993
2470572,0.013512380421161652
2470728,0.0001198490135720931
2470884,0.0001110317389247939
2471040,8.477104711346328e-05
2471196,0.001668500597588718
2471352,0.0006948879454284906
2471508,0.00015742509276606143
2471664,0.00010613061022013426
2471820,0.0001992685574805364
2471976,0.01175831351429224
2472132,0.0004251252976246178
2472288,0.0004454884910956025
2472444,0.0001482440420659259
2472600,0.003301894525066018
2472756,0.00043906105565838516
2472912,0.0001566888822708279
2473068,0.0002111665380652994
2473224,6.360501720337197e-05
2473380,7.230746996356174e-05
2473536,0.0005567373591475189
2473692,0.00024030852364376187
2473848,0.00027905305614694953
2474004,0.0012939984444528818
2474160,0.002818695968016982
2474316,0.029822424054145813
2474472,0.00011936660303035751
2474628,0.00017520636902190745
2474784,0.005790501832962036
2474940,0.012791164219379425
2475096,0.004831972531974316
2475252,0.007576342206448317
2475408,0.0001189924223581329
2475564,8.855375926941633e-05
2475720,6.191182183101773e-05
2475876,0.00073982187313959
2476032,0.001280259690247476
2476188,4.658284524339251e-05
2476344,6.408616900444031e-05
2476500,5.846552812727168e-05
2476656,6.467515777330846e-05
2476812,0.032901253551244736
2476968,0.004581063520163298
2477124,0.00010337569256080315
2477280,2.933206269517541e-05
2477436,0.02094808593392372
2477592,3.303383709862828e-05
2477748,7.491778524126858e-05
2477904,0.0002390695590293035
2478060,0.019000975415110588
2478216,0.00021659024059772491
2478372,0.00013117043999955058
2478528,0.0012727074790745974
2478684,0.008832363411784172
2478840,6.305273564066738e-05
2478996,0.0008588420460000634
2479152,0.0006549710524268448
2479308,0.0001317832648055628
2479464,0.00013995420886203647
2479620,0.012074420228600502
2479776,5.839571531396359e-05
2479932,0.00705290399491787
2480088,7.651816122233868e-05
2480244,6.24533204245381e-05
2480400,6.670268339803442e-05
2480556,0.0001814869901863858
2480712,4.852969868807122e-05
2480868,4.285224713385105e-05
2481024,8.706557127879933e-05
2481180,5.062872151029296e-05
2481336,0.00491774408146739
2481492,2.4438482796540484e-05
2481648,5.542381768464111e-05
2481804,7.33813430997543e-05
2481960,0.00020541768753901124
2482116,0.00027442886494100094
2482272,5.247700755717233e-05
2482428,0.0003759949468076229
2482584,0.0005943095311522484
2482740,0.020309997722506523
2482896,0.00023303621856030077
2483052,0.024707777425646782
2483208,0.030613699927926064
2483364,0.03042691759765148
2483520,9.64313730946742e-05
2483676,6.585863593500108e-05
2483832,0.0001049706552294083
2483988,3.2496271160198376e-05
2484144,5.499411781784147e-05
2484300,3.6685487430077046e-05
2484456,4.010902193840593e-05
2484612,0.001303010736592114
2484768,0.00011807661212515086
2484924,3.175355232087895e-05
2485080,0.00011036766227334738
2485236,8.705101936357096e-05
2485392,4.0782328142086044e-05
2485548,3.456635749898851e-05
2485704,0.0001954020408447832
2485860,5.464752757688984e-05
2486016,9.84017169685103e-05
2486172,0.00035530191962607205
2486328,6.538898742292076e-05
2486484,0.000259672844549641
2486640,0.00011518623068695888
2486796,8.274175343103707e-05
2486952,0.00014547674800269306
2487108,0.0001691722427494824
2487264,0.0001420922199031338
2487420,5.41857116331812e-05
2487576,0.0011418894864618778
2487732,0.0002570697106420994
2487888,0.00047999684466049075
2488044,0.0021939300931990147
2488200,0.00015005971363279969
2488356,0.00012543145567178726
2488512,0.0004563184338621795
2488668,3.781703344429843e-05
2488824,0.00010676309466362
2488980,2.8468986783991568e-05
2489136,0.00012593645078595728
2489292,2.0501855033216998e-05
2489448,0.0018435955280438066
2489604,0.00011606131738517433
2489760,3.679466317407787e-05
2489916,7.919876952655613e-05
2490072,0.000178703703568317
2490228,0.0003420620923861861
2490384,0.0002721024793572724
2490540,0.0003986856318078935
2490696,5.8825607993640006e-05
2490852,7.195284706540406e-05
2491008,0.0007676983950659633
2491164,8.71888332767412e-05
2491320,0.00023660555598326027
2491476,0.00011535598605405539
2491632,0.0013531135627999902
2491788,0.0009488599607720971
2491944,0.0001175831348518841
2492100,0.00014584659948013723
2492256,0.01262448076158762
2492412,3.245443440391682e-05
2492568,0.011790681630373001
2492724,0.0001236471434822306
2492880,7.747317431494594e-05
2493036,3.3144639019155875e-05
2493192,0.012255800887942314
2493348,5.460633838083595e-05
2493504,2.925617081928067e-05
2493660,0.00011588537017814815
2493816,0.00013186280557420105
2493972,0.0001964869152288884
2494128,0.0004562646499834955
2494284,0.00010695552919059992
2494440,0.020654210820794106
2494596,0.0021183027420192957
2494752,0.008778076618909836
2494908,0.0005440600798465312
2495064,0.0002329668786842376
2495220,0.00011127392644993961
2495376,0.0012474689865484834
2495532,0.00013453603605739772
2495688,0.00034196829074062407
2495844,0.008223908953368664
2496000,0.00035187313915230334
2496156,0.00019663038256112486
2496312,2.265644616272766e-05
2496468,0.004601393826305866
2496624,0.00592844421043992
2496780,0.0006854900857433677
2496936,0.00018671280122362077
2497092,0.00010654095967765898
2497248,9.912030509440228e-05
2497404,7.024161459412426e-05
2497560,5.955211236141622e-05
2497716,0.00012524044723249972
2497872,0.00013015927106607705
2498028,0.0013142749667167664
2498184,6.389588088495657e-05
2498340,8.11781210359186e-05
2498496,0.00032087654108181596
2498652,2.7306072297506034e-05
2498808,2.4725624825805426e-05
2498964,0.00011835097393486649
2499120,0.00012679139035753906
2499276,0.0004039991181343794
2499432,7.234977965708822e-05
2499588,0.02017231658101082
2499744,0.00010516855400055647
2499900,7.830085087334737e-05
2500056,0.0007664103759452701
2500212,0.00010733704402809963
2500368,0.0004955623880960047
2500524,0.0004605591529980302
2500680,0.00021820479014422745
2500836,0.00011645693302853033
2500992,0.0003092139377258718
2501148,5.292681817081757e-05
2501304,0.001856732415035367
2501460,0.0001780338934622705
2501616,0.0004305279871914536
2501772,0.00014639459550380707
2501928,0.0004984549013897777
2502084,0.01233076211065054
2502240,0.00036817826912738383
2502396,0.0003226504195481539
2502552,0.0011100850533694029
2502708,0.00013080584176350385
2502864,0.0003528490196913481
2503020,3.998072861577384e-05
2503176,0.00041472798329778016
2503332,0.004803025629371405
2503488,0.0001344661577604711
2503644,8.653865370433778e-05
2503800,0.005126473493874073
2503956,0.0001023146032821387
2504112,0.0005658360314555466
2504268,0.00032163586001843214
2504424,6.16356119280681e-05
2504580,0.012195450253784657
2504736,9.733210026752204e-05
2504892,0.00020007976854685694
2505048,8.29943674034439e-05
2505204,3.288791413069703e-05
2505360,0.0007421583868563175
2505516,0.012713339179754257
2505672,6.937147554708645e-05
2505828,3.919101436622441e-05
2505984,5.816942939418368e-05
2506140,0.002357572317123413
2506296,0.0007848814711906016
2506452,0.004770220257341862
2506608,0.00024460896383970976
2506764,6.573097925866023e-05
2506920,0.00012649502605199814
2507076,0.00018732335593085736
2507232,0.0028646797873079777
2507388,7.53603017074056e-05
2507544,0.0005076442612335086
2507700,0.00019209293532185256
2507856,0.00011596923286560923
2508012,2.3550266632810235e-05
2508168,6.813289655838162e-05
2508324,0.01700306311249733
2508480,0.023547403514385223
2508636,0.014853724278509617
2508792,0.0037792499642819166
2508948,8.747399260755628e-05
2509104,0.00010868169920286164
2509260,0.00048055805382318795
2509416,0.0012535921996459365
2509572,0.00013795416452921927
2509728,2.9093542252667248e-05
2509884,0.005728693678975105
2510040,2.824412331392523e-05
2510196,0.00012697020429186523
2510352,0.00040824589086696506
2510508,7.056245522107929e-05
2510664,2.290778502356261e-05
2510820,8.648366201668978e-05
2510976,3.117843152722344e-05
2511132,0.00023172020155470818
2511288,0.0005155800608918071
2511444,0.0007238201214931905
2511600,0.009621210396289825
2511756,0.00024782016407698393
2511912,0.000398748874431476
2512068,7.077433838276193e-05
2512224,5.493607750395313e-05
2512380,5.662986222887412e-05
2512536,2.4784449124126695e-05
2512692,4.206295125186443e-05
2512848,7.584908598801121e-05
2513004,2.2830316083854996e-05
2513160,0.005755564197897911
2513316,7.035974704194814e-05
2513472,7.944462413433939e-05
2513628,6.583535287063569e-05
2513784,3.022147029696498e-05
2513940,0.0011574509553611279
2514096,0.00015595159493386745
2514252,0.00032105366699397564
2514408,4.501614603213966e-05
2514564,0.00013114328612573445
2514720,0.00019474323198664933
2514876,4.79022492072545e-05
2515032,9.772392513696104e-05
2515188,0.012948380783200264
2515344,8.952787902671844e-05
2515500,0.0002072215429507196
2515656,0.000829310214612633
2515812,8.07414689916186e-05
2515968,4.299487773096189e-05
2516124,6.53922907076776e-05
2516280,0.02869865857064724
2516436,0.010090303607285023
2516592,0.013118785806000233
2516748,0.014679910615086555
2516904,5.6655921071069315e-05
2517060,2.5778192139114253e-05
2517216,4.793117113877088e-05
2517372,5.440210225060582e-05
2517528,0.0005669159581884742
2517684,0.0001296330156037584
2517840,4.6736291551496834e-05
2517996,2.3226704797707498e-05
2518152,0.0011178344720974565
2518308,4.172827902948484e-05
2518464,0.02406926453113556
2518620,0.0023416345939040184
2518776,0.0024142195470631123
2518932,0.00012179622717667371
2519088,0.00020393224258441478
2519244,0.011448435485363007
2519400,0.015917541459202766
2519556,0.014510717242956161
2519712,0.0024528466165065765
2519868,0.000121564298751764
2520024,0.0022230397444218397
2520180,0.012032406404614449
2520336,0.0001254240924026817
2520492,0.0010406228248029947
2520648,0.0005692614358849823
2520804,0.00011866602289956063
2520960,0.00013030707486905158
2521116,7.324215403059497e-05
2521272,5.7152330555254593e-05
2521428,0.0004863060312345624
2521584,9.702325041871518e-05
2521740,2.940272679552436e-05
2521896,5.066122321295552e-05
2522052,0.0001332117390120402
2522208,8.560651622246951e-05
2522364,0.0009285796550102532
2522520,0.013997628353536129
2522676,0.000299340405035764
2522832,0.00024198094615712762
2522988,0.0025384509935975075
2523144,8.1988240708597e-05
2523300,0.00012019967107335106
2523456,0.00016692679491825402
2523612,0.00019680624245665967
2523768,0.0003310074098408222
2523924,0.00017429792205803096
2524080,0.00653839111328125
2524236,0.002871717792004347
2524392,0.0006498298025690019
2524548,0.0005261048208922148
2524704,0.005648668855428696
2524860,0.0005861053941771388
2525016,5.9697023971239105e-05
2525172,2.5201316020684317e-05
2525328,3.828877379419282e-05
2525484,0.00019960536155849695
2525640,4.646713932743296e-05
2525796,0.0001356180291622877
2525952,0.00011105421435786411
2526108,5.915206202189438e-05
2526264,0.00020868882711511105
2526420,0.01286719273775816
2526576,0.0010470465058460832
2526732,0.013293292373418808
2526888,0.00022813216492068022
2527044,0.000622861844021827
2527200,0.0007286206819117069
2527356,0.00016196112846955657
2527512,0.026782585307955742
2527668,0.020061323419213295
2527824,0.00020319125906098634
2527980,0.0006787923630326986
2528136,0.012750571593642235
2528292,0.005568361841142178
2528448,0.00022988952696323395
2528604,4.9786198360379785e-05
2528760,0.0006157071329653263
2528916,0.03283160552382469
2529072,6.425486935768276e-05
2529228,0.005854971706867218
2529384,0.00018698499479796737
2529540,0.01842808909714222
2529696,2.8479031243477948e-05
2529852,0.00523799192160368
2530008,4.022311986773275e-05
2530164,6.114822463132441e-05
2530320,3.659560752566904e-05
2530476,9.652573498897254e-05
2530632,0.000666850246489048
2530788,0.00025311094941571355
2530944,5.969361882307567e-05
2531100,0.00018299778457731009
2531256,8.346581307705492e-05
2531412,0.0003790799237322062
2531568,0.005231435410678387
2531724,0.00019443873316049576
2531880,0.0025769397616386414
2532036,4.4174008507980034e-05
2532192,0.0001079044523066841
2532348,0.00010266707977280021
2532504,0.00015704533143434674
2532660,8.001913374755532e-05
2532816,9.280357335228473e-05
2532972,0.00045503684668801725
2533128,0.012245910242199898
2533284,0.0001121025561587885
2533440,7.449163240380585e-05
2533596,3.3430482289986685e-05
2533752,0.00011535013618413359
2533908,6.599436164833605e-05
2534064,0.000239677305216901
2534220,3.94762828364037e-05
2534376,5.6342847528867424e-05
2534532,7.688936602789909e-05
2534688,0.00018113674013875425
2534844,0.0011347988620400429
2535000,0.0006255119806155562
2535156,0.00016466474335175008
2535312,0.006811121478676796
2535468,0.018976397812366486
2535624,4.1756240534596145e-05
2535780,0.00013752334052696824
2535936,3.6427452869247645e-05
2536092,3.833178925560787e-05
2536248,0.00292058102786541
2536404,0.0003019958967342973
2536560,0.001106365118175745
2536716,0.00020610398496501148
2536872,0.013736710883677006
2537028,0.00018771464237943292
2537184,0.0003616723115555942
2537340,0.00048258842434734106
2537496,0.0001069855279638432
2537652,0.0009528688970021904
2537808,0.0003023526514880359
2537964,0.00015184312360361218
2538120,0.00013198044325690717
2538276,0.002541380003094673
2538432,0.02835109829902649
2538588,0.0004145657585468143
2538744,0.003695411840453744
2538900,9.366316953673959e-05
2539056,0.00019469937251415104
2539212,0.0021498913411051035
2539368,3.379816189408302e-05
2539524,0.005008635576814413
2539680,3.2936539355432615e-05
2539836,3.9706050301901996e-05
2539992,1.86411889444571e-05
2540148,5.898463859921321e-05
2540304,3.2623051083646715e-05
2540460,2.9916252969997004e-05
2540616,9.733405022416264e-05
2540772,0.002970566973090172
2540928,7.609740714542568e-05
2541084,9.688263526186347e-05
2541240,0.00031845661578699946
2541396,0.000371939706383273
2541552,0.00015184926451183856
2541708,0.000288773444481194
2541864,0.007627908140420914
2542020,0.0004489005950745195
2542176,4.1927338315872476e-05
2542332,2.6562242055661045e-05
2542488,3.905517587554641e-05
2542644,2.182389289373532e-05
2542800,2.564879832789302e-05
2542956,4.528123827185482e-05
2543112,4.9587080866331235e-05
2543268,0.0005879271775484085
2543424,3.593089786591008e-05
2543580,4.503081436268985e-05
2543736,0.011742102913558483
2543892,0.005198804195970297
2544048,0.00013752785162068903
2544204,0.00010057738109026104
2544360,0.0004190443432889879
2544516,0.0001453281583962962
2544672,0.0014534516958519816
2544828,0.00011756757157854736
2544984,0.011137742549180984
2545140,0.00046441121958196163
2545296,0.0002786089025903493
2545452,0.00018307189748156816
2545608,0.0017959466204047203
2545764,0.0005628149956464767
2545920,0.0001102662572520785
2546076,3.9025086152832955e-05
2546232,5.740047345170751e-05
2546388,9.708767174743116e-05
2546544,0.00024266735999844968
2546700,0.00029154139338061213
2546856,0.0001811907859519124
2547012,0.00017478407244198024
2547168,4.2756211769301444e-05
2547324,5.454791244119406e-05
2547480,9.338778909295797e-05
2547636,4.671737406169996e-05
2547792,3.2361698686145246e-05
2547948,0.0002862749679479748
2548104,4.9389062041882426e-05
2548260,0.0008224567864090204
2548416,0.00022834513220004737
2548572,8.194615656975657e-05
2548728,8.413322211708874e-05
2548884,0.0002818916691467166
2549040,5.3862335334997624e-05
2549196,0.005030749831348658
2549352,0.005497164558619261
2549508,9.615939052309841e-05
2549664,0.0002808735880535096
2549820,0.00011167290358571336
2549976,0.00035408209078013897
2550132,0.00021104325423948467
2550288,7.747134077362716e-05
2550444,0.02316085435450077
2550600,0.003318643197417259
2550756,0.003999996930360794
2550912,0.00029966194415465
2551068,0.00016995448095258325
2551224,0.00014364147500600666
2551380,0.0001943867828231305
2551536,0.00018373831699136645
2551692,5.7687753724167123e-05
2551848,0.002570953220129013
2552004,0.00016305330791510642
2552160,0.0014635950792580843
2552316,0.006817521993070841
2552472,0.03127622976899147
2552628,4.5220436732051894e-05
2552784,0.00035347696393728256
2552940,0.00022643915144726634
2553096,5.4555472161155194e-05
2553252,5.935871013207361e-05
2553408,0.0009464604663662612
2553564,4.357514262665063e-05
2553720,4.4436957978177816e-05
2553876,0.012659849599003792
2554032,0.0001574160560267046
2554188,4.948064452037215e-05
2554344,5.6010831031017005e-05
2554500,4.165552672930062e-05
2554656,2.7808997401734814e-05
2554812,3.44013751600869e-05
2554968,0.0008671425748616457
2555124,0.00017550220945850015
2555280,0.0031269851606339216
2555436,0.00016337471606675535
2555592,0.00011563830776140094
2555748,0.0007058784831315279
2555904,0.00022409000666812062
2556060,0.0011521128471940756
2556216,0.00015674969472456723
2556372,0.0001299814466619864
2556528,9.667554695624858e-05
2556684,0.02454177848994732
2556840,0.00011653776164166629
2556996,9.25157219171524e-05
2557152,0.00014595818356610835
2557308,9.033834066940472e-05
2557464,9.29278030525893e-05
2557620,0.0014667329378426075
2557776,7.24998171790503e-05
2557932,0.00023522118863184005
2558088,9.355816291645169e-05
2558244,0.0008185097831301391
2558400,0.00019141097436659038
2558556,9.248319111065939e-05
2558712,0.0002506623277440667
2558868,0.014764043502509594
2559024,0.00014872166502755135
2559180,0.003667261451482773
2559336,7.846296648494899e-05
2559492,0.011339528486132622
2559648,0.0003203365486115217
2559804,8.77758429851383e-05
2559960,0.00021356683282647282
2560116,0.00011926767911063507
2560272,0.00032789623946882784
2560428,0.0007822566549293697
2560584,0.0006129115936346352
2560740,8.539514965377748e-05
2560896,6.12183430348523e-05
2561052,0.0006580476765520871
2561208,7.909137639217079e-05
2561364,0.002124782418832183
2561520,0.00669133011251688
2561676,5.3516909247264266e-05
2561832,3.915537308785133e-05
2561988,5.875290298718028e-05
2562144,0.00012574811989907175
2562300,0.0006735878414474428
2562456,5.7074870710494e-05
2562612,0.00018718586943577975
2562768,2.9239972718642093e-05
2562924,2.3712773327133618e-05
2563080,0.00032804044894874096
2563236,0.00016317069821525365
2563392,0.0009034880204126239
2563548,0.0020545129664242268
2563704,0.0005801779916509986
2563860,0.0012118179583922029
2564016,8.42943845782429e-05
2564172,0.00015724977129139006
2564328,0.0002627400972414762
2564484,0.00011907119187526405
2564640,0.00020303204655647278
2564796,0.004080907441675663
2564952,0.00013377962750382721
2565108,0.00010010527330450714
2565264,0.001831562491133809
2565420,0.00011393755994504318
2565576,0.0007098030182532966
2565732,9.336155198980123e-05
2565888,0.00034911849070340395
2566044,8.36180115584284e-05
2566200,0.00019202730618417263
2566356,0.0005793930031359196
2566512,5.816871271235868e-05
2566668,6.769771425751969e-05
2566824,4.337770224083215e-05
2566980,3.524907515384257e-05
2567136,1.883455661300104e-05
2567292,3.821613427135162e-05
2567448,4.7896948672132567e-05
2567604,5.7265609939349815e-05
2567760,0.002135924529284239
2567916,0.00025095115415751934
2568072,0.000452194653917104
2568228,0.0029289820231497288
2568384,4.918244667351246e-05
2568540,0.007205500267446041
2568696,4.3477542931213975e-05
2568852,5.193427932681516e-05
2569008,7.713223021710292e-05
2569164,7.963388634379953e-05
2569320,0.0002631820971146226
2569476,0.0005596459959633648
2569632,0.003568254876881838
2569788,0.00010653334902599454
2569944,0.00033150363015010953
2570100,0.003082399722188711
2570256,9.771360782906413e-05
2570412,0.0001415281294612214
2570568,0.0005711278645321727
2570724,6.745130667695776e-05
2570880,0.00010144374391529709
2571036,0.001291297492571175
2571192,9.285972191719338e-05
2571348,0.00012895470717921853
2571504,9.469446376897395e-05
2571660,4.882597568212077e-05
2571816,3.804086009040475e-05
2571972,5.360464274417609e-05
2572128,7.881227793404832e-05
2572284,8.275778964161873e-05
2572440,5.599438736680895e-05
2572596,0.0001199776743305847
2572752,0.0005294752772897482
2572908,8.659625746076927e-05
2573064,0.0010985684348270297
2573220,5.309002517606132e-05
2573376,0.017306793481111526
2573532,7.80611953814514e-05
2573688,0.0005905887810513377
2573844,0.00430723512545228
2574000,0.000631289032753557
2574156,7.949014252517372e-05
2574312,0.00015575021097902209
2574468,0.0001057619447237812
2574624,3.9458034734707326e-05
2574780,3.634645327110775e-05
2574936,1.980491288122721e-05
2575092,3.2733856642153114e-05
2575248,1.999010783038102e-05
2575404,2.4552304239477962e-05
2575560,0.00012939685257151723
2575716,0.00027349675656296313
2575872,2.3660852093598805e-05
2576028,0.00010148128785658628
2576184,9.569752728566527e-05
2576340,0.00043623935198411345
2576496,0.00302418926730752
2576652,0.00010973309690598398
2576808,9.762575064087287e-05
2576964,0.0008694514399394393
2577120,8.503259596182033e-05
2577276,0.00032132084015756845
2577432,0.00016195455100387335
2577588,0.005336353089660406
2577744,0.0013108574785292149
2577900,0.004016959574073553
2578056,0.00011171036749146879
2578212,4.1420535126235336e-05
2578368,0.0001029054619721137
2578524,7.682444993406534e-05
2578680,0.0002603923203423619
2578836,0.00019187296857126057
2578992,0.00020233550458215177
2579148,7.32508342480287e-05
2579304,4.8024543502833694e-05
2579460,0.0001603438431629911
2579616,0.0028077869210392237
2579772,0.00031384057365357876
2579928,0.0016310056671500206
2580084,8.822692325338721e-05
2580240,5.241650796961039e-05
2580396,0.0013575225602835417
2580552,0.000131883512949571
2580708,0.00014322318020276725
2580864,0.00014899554662406445
2581020,5.379928188631311e-05
2581176,0.0006580270128324628
2581332,9.315373608842492e-05
2581488,0.00019173305190633982
2581644,0.013025561347603798
2581800,0.0002766869147308171
2581956,0.008597793988883495
2582112,0.0004666152235586196
2582268,0.0006046071066521108
2582424,0.000364205043297261
2582580,9.897315612761304e-05
2582736,0.0009662953088991344
2582892,6.331596523523331e-05
2583048,6.823694275226444e-05
2583204,0.0006029807846061885
2583360,0.00011750432895496488
2583516,9.370373300043866e-05
2583672,0.0005291121196933091
2583828,0.0002633221447467804
2583984,0.00013375713024288416
2584140,0.0006855010287836194
2584296,0.0019267231691628695
2584452,0.0008982436265796423
2584608,0.0001743592438288033
2584764,3.355950320838019e-05
2584920,9.762704576132819e-05
2585076,0.0001020497438730672
2585232,8.158946002367884e-05
2585388,0.00058817642275244
2585544,0.005964911542832851
2585700,3.090593236265704e-05
2585856,0.0005096918903291225
2586012,6.864330498501658e-05
2586168,5.8987923694076017e-05
2586324,2.7710802896763198e-05
2586480,0.00011305200314382091
2586636,9.088196384254843e-05
2586792,0.00026054910267703235
2586948,0.00017382652731612325
2587104,0.0001376981963403523
2587260,0.00484150554984808
2587416,0.0004753988469019532
2587572,0.003064522985368967
2587728,0.005477406550198793
2587884,0.0002101835561916232
2588040,0.004130485467612743
2588196,8.021790563361719e-05
2588352,0.00038866844261065125
2588508,5.9476500609889627e-05
2588664,0.0001317347341682762
2588820,0.00027128084911964834
2588976,0.0036751460283994675
2589132,4.104925028514117e-05
2589288,0.00013435448636300862
2589444,0.00021111663954798132
2589600,7.331274537136778e-05
2589756,2.3999056793400086e-05
2589912,7.374021515715867e-05
2590068,5.894235800951719e-05
2590224,0.00010209779429715127
2590380,6.0790011048084125e-05
2590536,2.845067501766607e-05
2590692,3.314456989755854e-05
2590848,3.14113603963051e-05
2591004,8.047879236983135e-05
2591160,0.0009551355033181608
2591316,0.0024606899823993444
2591472,8.024754060897976e-05
2591628,3.183506487403065e-05
2591784,3.133689097012393e-05
2591940,4.612117845681496e-05
2592096,6.264937110245228e-05
2592252,7.034778536763042e-05
2592408,0.02444259449839592
2592564,1.7785841919248924e-05
2592720,4.0574454033048823e-05
2592876,3.632931111496873e-05
2593032,0.006837374530732632
2593188,0.00031405931804329157
2593344,0.00017084385035559535
2593500,6.528905214508995e-05
2593656,4.95046260766685e-05
2593812,3.714449849212542e-05
2593968,0.0001573599874973297
2594124,7.160696986829862e-05
2594280,2.7495683752931654e-05
2594436,2.883880188164767e-05
2594592,0.001869862200692296
2594748,0.00011342715879436582
2594904,5.262042031972669e-05
2595060,3.1297935493057594e-05
2595216,2.8193720936542377e-05
2595372,7.190903124865144e-05
2595528,0.00020252571266610175
2595684,0.007966067641973495
2595840,0.0001432201825082302
2595996,0.014007238671183586
2596152,0.00021160143660381436
2596308,4.508154597715475e-05
2596464,0.003737970255315304
2596620,3.769580143853091e-05
2596776,5.678568413713947e-05
2596932,0.0004198054375592619
2597088,8.973255899036303e-05
2597244,5.4760981583967805e-05
2597400,6.022680827300064e-05
2597556,2.6429879653733224e-05
2597712,2.8467973606893793e-05
2597868,5.976659303996712e-05
2598024,7.701406138949096e-05
2598180,0.001066970406100154
2598336,0.00021984297200106084
2598492,9.613796282792464e-05
2598648,0.0008074721554294229
2598804,6.986359949223697e-05
2598960,0.0005097137182019651
2599116,0.0001298977149417624
2599272,3.115329673164524e-05
2599428,0.0005459535168483853
2599584,0.00010475324233993888
2599740,0.005885682534426451
2599896,0.00034023355692625046
2600052,0.0001340200105914846
2600208,8.3897277363576e-05
2600364,6.547552766278386e-05
2600520,0.0011155621614307165
2600676,0.0005821147351525724
2600832,0.01771198771893978
2600988,0.00012346945004537702
2601144,8.036319923121482e-05
2601300,0.00016863728524185717
2601456,9.516168938716874e-05
2601612,0.00023055261408444494
2601768,4.593729681801051e-05
2601924,0.0010329328943043947
2602080,3.484493572614156e-05
2602236,3.398500120965764e-05
2602392,4.9617603508522734e-05
2602548,0.0010702868457883596
2602704,0.00020599424897227436
2602860,0.00013634416973218322
2603016,0.00696124043315649
2603172,0.0001204666041303426
2603328,0.00025146943517029285
2603484,0.00021044150344096124
2603640,6.859015411464497e-05
2603796,7.776664278935641e-05
2603952,6.311304605333135e-05
2604108,5.0563885451992974e-05
2604264,0.00586665328592062
2604420,4.9427504563936964e-05
2604576,0.00022969006386119872
2604732,6.792183557990938e-05
2604888,4.439234544406645e-05
2605044,4.751703090732917e-05
2605200,0.01066783256828785
2605356,0.00011264055501669645
2605512,0.00014975530211813748
2605668,0.00013836304424330592
2605824,7.752122473903e-05
2605980,0.00843861885368824
2606136,0.0028796661645174026
2606292,0.012820028699934483
2606448,0.00047949267900548875
2606604,0.000163767792400904
2606760,3.56018754246179e-05
2606916,5.3154712077230215e-05
2607072,0.004931408446282148
2607228,0.0084127401933074
2607384,0.0006050050142221153
2607540,0.001771400449797511
2607696,0.0003982346970587969
2607852,0.001108870841562748
2608008,0.00023761953343637288
2608164,0.0002453142951708287
2608320,0.00013111623411532491
2608476,0.0011965970043092966
2608632,8.089667244348675e-05
2608788,0.0001902808144222945
2608944,0.019169319421052933
2609100,0.0005593932000920177
2609256,0.00023892882745712996
2609412,5.455772770801559e-05
2609568,4.3896292481804267e-05
2609724,0.0004312525561545044
2609880,0.00015499399160034955
2610036,2.2084383090259507e-05
2610192,2.190070881624706e-05
2610348,0.00014614425890613347
2610504,3.533966082613915e-05
2610660,2.22968083107844e-05
2610816,1.9077997421845794e-05
2610972,1.6384174159611575e-05
2611128,0.005970814730972052
2611284,0.00561047438532114
2611440,0.0040932949632406235
2611596,0.00014840664516668767
2611752,0.00020456055062822998
2611908,0.004862433765083551
2612064,0.00042874348582699895
2612220,9.740138193592429e-05
2612376,4.2911909986287355e-05
2612532,1.9232360500609502e-05
2612688,0.01169991958886385
2612844,0.0004971876624040306
2613000,5.533693911274895e-05
2613156,0.002325830515474081
2613312,0.00018654533778317273
2613468,8.910817268770188e-05
2613624,0.005136978812515736
2613780,0.013072757981717587
2613936,0.0007403444615192711
2614092,9.563563799019903e-05
2614248,3.10560644720681e-05
2614404,2.5399538571946323e-05
2614560,0.005927663296461105
2614716,0.00010773881513159722
2614872,0.0007999810040928423
2615028,0.00042607536306604743
2615184,6.518342706840485e-05
2615340,4.068465932505205e-05
2615496,4.9274854973191395e-05
2615652,4.381598046165891e-05
2615808,9.673785825725645e-05
2615964,2.6359184630564414e-05
2616120,0.002644804771989584
2616276,8.056245860643685e-05
2616432,0.0014248588122427464
2616588,0.00021089398069307208
2616744,0.0009670436847954988
2616900,0.00021396981901489198
2617056,9.67710220720619e-05
2617212,8.412319584749639e-05
2617368,9.016403055284172e-05
2617524,3.861860022880137e-05
2617680,7.275392999872565e-05
2617836,0.0005407938733696938
2617992,0.0003310962929390371
2618148,5.9386911743786186e-05
2618304,0.011969261802732944
2618460,0.00024251191643998027
2618616,0.00025156885385513306
2618772,0.00039840920362621546
2618928,0.00032790302066132426
2619084,0.0011646654456853867
2619240,0.000503207091242075
2619396,0.00022072807769291103
2619552,7.325805199798197e-05
2619708,7.191652548499405e-05
2619864,0.00013195205247029662
2620020,0.004730356391519308
2620176,5.909842366236262e-05
2620332,0.0002749652194324881
2620488,0.00010453521099407226
2620644,2.5056711820070632e-05
2620800,0.013165894895792007
2620956,0.00258139637298882
2621112,0.00015260424697771668
2621268,0.03134043142199516
2621424,0.005272997543215752
2621580,7.71986524341628e-05
2621736,0.0007262829458341002
2621892,9.43655104492791e-05
2622048,9.611438144929707e-05
2622204,5.200566374696791e-05
2622360,3.267941065132618e-05
2622516,0.0002680073957890272
2622672,0.0026702729519456625
2622828,0.0004193677450530231
2622984,0.0004953438765369356
2623140,0.004414490424096584
2623296,0.000544506125152111
2623452,0.0007185823051258922
2623608,0.000147902755998075
2623764,8.8299966591876e-05
2623920,0.00010669056791812181
2624076,0.0002884253626689315
2624232,0.00035528693115338683
2624388,0.016334902495145798
2624544,0.00014325030497275293
2624700,0.00014653206744696945
2624856,0.00025588797871023417
2625012,0.00016465273802168667
2625168,0.00019656214863061905
2625324,0.0018971164245158434
2625480,0.0004279013373889029
2625636,5.2226281695766374e-05
2625792,0.00010997766366926953
2625948,0.00014978447870817035
2626104,3.906133497366682e-05
2626260,0.002461936790496111
2626416,8.885659917723387e-05
2626572,8.118690311675891e-05
2626728,8.71664087753743e-05
2626884,0.00026326984516344965
2627040,0.00026615470414981246
2627196,0.0002041659172391519
2627352,5.739093467127532e-05
2627508,8.412572788074613e-05
2627664,0.00018336164066568017
2627820,0.016583500429987907
2627976,7.292709778994322e-05
2628132,0.0006288007716648281
2628288,0.0020829096902161837
2628444,0.0002900466206483543
2628600,5.404321927926503e-05
2628756,9.960297029465437e-05
2628912,9.276834316551685e-05
2629068,0.014410468749701977
2629224,0.00013459179899655282
2629380,5.274349678074941e-05
2629536,0.004497079644352198
2629692,0.014669821597635746
2629848,0.03205174207687378
2630004,0.00020817297627218068
2630160,8.207220525946468e-05
2630316,4.844789145863615e-05
2630472,7.816973084118217e-05
2630628,0.00012704881373792887
2630784,0.00022638117661699653
2630940,0.002794412197545171
2631096,0.0003773190837819129
2631252,0.020367935299873352
2631408,0.00015610837726853788
2631564,0.00013398540613707155
2631720,6.669033609796315e-05
2631876,7.350323721766472e-05
2632032,0.002330552088096738
2632188,0.00013910839334130287
2632344,0.022063862532377243
2632500,0.0007558093639090657
2632656,0.00029554544016718864
2632812,8.035212522372603e-05
2632968,0.00015562241605948657
2633124,0.00011078287207055837
2633280,0.0009862134465947747
2633436,5.502588101080619e-05
2633592,6.160732300486416e-05
2633748,0.00014300878683570772
2633904,0.001978660700842738
2634060,2.4700671929167584e-05
2634216,2.0531233531073667e-05
2634372,3.729315722011961e-05
2634528,9.289992158301175e-05
2634684,0.0008760691271163523
2634840,3.288785956101492e-05
2634996,4.64766490040347e-05
2635152,0.00018258721684105694
2635308,0.0001400433829985559
2635464,8.464892016490921e-05
2635620,0.0054267100058496
2635776,5.162948582437821e-05
2635932,3.951045437133871e-05
2636088,7.707845361437649e-05
2636244,0.00011430209269747138
2636400,2.6477435312699527e-05
2636556,0.005293125286698341
2636712,0.00023844036331865937
2636868,0.00021049749921076
2637024,9.04715561773628e-05
2637180,0.006638902239501476
2637336,3.7079935282235965e-05
2637492,2.2351574443746358e-05
2637648,0.005039575509727001
2637804,0.00040746264858171344
2637960,0.00012461024743970484
2638116,7.897487375885248e-05
2638272,0.00020095981017220765
2638428,7.860047480789945e-05
2638584,4.8594851250527427e-05
2638740,8.416394848609343e-05
2638896,3.3972384699154645e-05
2639052,0.00029821129282936454
2639208,4.807728691957891e-05
2639364,9.134837455349043e-05
2639520,5.0687121984083205e-05
2639676,6.960031896596774e-05
2639832,3.813285366049968e-05
2639988,0.0005874913767911494
2640144,4.031712160212919e-05
2640300,8.572296792408451e-05
2640456,0.0002830304147209972
2640612,0.005382205825299025
2640768,0.00021401380945462734
2640924,0.0012370244367048144
2641080,0.00010077407205244526
2641236,0.00835043378174305
2641392,0.009433770552277565
2641548,0.0003559940087143332
2641704,0.0002875763166230172
2641860,0.00020326653611846268
2642016,0.00014270184328779578
2642172,0.0004872434074059129
2642328,0.001069012563675642
2642484,0.000323772692354396
2642640,0.009772835299372673
2642796,6.483950710389763e-05
2642952,6.760613905498758e-05
2643108,3.1823423341847956e-05
2643264,0.0010947957634925842
2643420,1.6924768715398386e-05
2643576,9.222597873304039e-05
2643732,0.002035010140389204
2643888,0.00012782799603883177
2644044,0.00015438057016581297
2644200,0.012504967860877514
2644356,0.007074526511132717
2644512,0.0001163426204584539
2644668,1.4632451893703546e-05
2644824,0.012797546572983265
2644980,2.8888436645502225e-05
2645136,0.00022464460926130414
2645292,5.1583767344709486e-05
2645448,1.8423739675199613e-05
2645604,8.825007535051554e-05
2645760,0.00016183029219973832
2645916,0.00011509188334457576
2646072,0.0004026563838124275
2646228,3.185942841810174e-05
2646384,5.5653625167906284e-05
2646540,0.0009800816187635064
2646696,0.00010128210124094039
2646852,4.875199374509975e-05
2647008,4.274910315871239e-05
2647164,0.008873801678419113
2647320,0.0013840417377650738
2647476,0.00030063645681366324
2647632,8.004531264305115e-05
2647788,7.547298446297646e-05
2647944,0.00025504492805339396
2648100,0.00030125147895887494
2648256,9.212405711878091e-05
2648412,7.253985677380115e-05
2648568,9.73745554802008e-05
2648724,0.0013408120721578598
2648880,4.045999958179891e-05
2649036,0.00017963972641155124
2649192,0.00018710939912125468
2649348,0.00039717371691949666
2649504,7.48107850085944e-05
2649660,3.700522938743234e-05
2649816,5.451676042866893e-05
2649972,0.0016758919227868319
2650128,0.00010904535884037614
2650284,0.000115127710159868
2650440,0.00033020172850228846
2650596,0.00011070688924519345
2650752,6.235612090677023e-05
2650908,5.5708514992147684e-05
2651064,0.00019385438645258546
2651220,0.0001223019789904356
2651376,0.00012197416799608618
2651532,0.00027107421192340553
2651688,0.0001993491023313254
2651844,9.514976409263909e-05
2652000,6.575899897143245e-05
2652156,6.609543197555467e-05
2652312,7.930638093966991e-05
2652468,6.164245860418305e-05
2652624,0.00020338519243523479
2652780,0.00011196080595254898
2652936,0.0009841062128543854
2653092,5.4371175792766735e-05
2653248,7.404459756799042e-05
2653404,6.737964577041566e-05
2653560,0.00030259048799052835
2653716,0.00017292768461629748
2653872,0.00431134644895792
2654028,0.012906797230243683
2654184,0.000388614455005154
2654340,5.529329791897908e-05
2654496,0.0001389615936204791
2654652,0.00021658465266227722
2654808,0.00017722291522659361
2654964,0.0001923221570905298
2655120,5.96828103880398e-05
2655276,0.00013562948151957244
2655432,0.006250349804759026
2655588,0.0032179905101656914
2655744,0.0007824630592949688
2655900,8.67705384735018e-05
2656056,3.7645942938979715e-05
2656212,0.00013734503590967506
2656368,6.247452984098345e-05
2656524,0.0004922569496557117
2656680,9.411547216586769e-05
2656836,1.6991933080134913e-05
2656992,0.0001107002462958917
2657148,3.149568146909587e-05
2657304,0.00011484435526654124
2657460,0.024295929819345474
2657616,0.00027358438819646835
2657772,0.00011317215830786154
2657928,0.028620999306440353
2658084,0.00043469236698001623
2658240,0.005978037603199482
2658396,0.0001406104420311749
2658552,9.759134263731539e-05
2658708,9.336258517578244e-05
2658864,0.00013725314056500793
2659020,0.0001297096605412662
2659176,0.00013989802391733974
2659332,0.00793434213846922
2659488,0.00040966327651403844
2659644,0.0002972563379444182
2659800,3.256721902289428e-05
2659956,0.0011818832717835903
2660112,3.6330144212115556e-05
2660268,4.856586747337133e-05
2660424,7.66869998187758e-05
2660580,9.763885464053601e-05
2660736,4.754570545628667e-05
2660892,3.892170207109302e-05
2661048,3.860180004267022e-05
2661204,5.470933683682233e-05
2661360,0.00021949886286165565
2661516,0.0002884054556488991
2661672,0.005595874506980181
2661828,0.00018416394595988095
2661984,8.182760211639106e-05
2662140,8.812652959022671e-05
2662296,3.605785605031997e-05
2662452,0.0001700329448794946
2662608,0.00026250252267345786
2662764,0.0008869054727256298
2662920,0.000277398299658671
2663076,0.00017137966642621905
2663232,0.006639475002884865
2663388,0.014124102890491486
2663544,0.002499419031664729
2663700,0.0006318461382761598
2663856,0.0013715606182813644
2664012,0.012633752077817917
2664168,0.00025379768339917064
2664324,0.0026625096797943115
2664480,6.989210669416934e-05
2664636,0.00018359218665864319
2664792,8.825396071188152e-05
2664948,0.00013203997514210641
2665104,0.0006140876794233918
2665260,0.00011623988393694162
2665416,7.400407048407942e-05
2665572,0.00010086854308610782
2665728,5.3998493967810646e-05
2665884,0.0005942009156569839
2666040,0.00024487546761520207
2666196,6.13821393926628e-05
2666352,0.00038343085907399654
2666508,0.0005565054016187787
2666664,0.0010422954801470041
2666820,0.006287815049290657
2666976,9.235444304067641e-05
2667132,0.00029105765861459076
2667288,5.70159281778615e-05
2667444,0.00016002489428501576
2667600,0.0001636523229535669
2667756,5.467762821353972e-05
2667912,9.533892443869263e-05
2668068,2.9779112082906067e-05
2668224,0.0002914720680564642
2668380,0.00021337141515687108
2668536,9.983652853406966e-05
2668692,3.541640398907475e-05
2668848,0.007268011104315519
2669004,5.227445581112988e-05
2669160,4.546586569631472e-05
2669316,9.991359547711909e-05
2669472,6.73055910738185e-05
2669628,8.915744547266513e-05
2669784,5.169346695765853e-05
2669940,5.397977292886935e-05
2670096,3.642199590103701e-05
2670252,2.94737965305103e-05
2670408,5.7638215366750956e-05
2670564,0.00013560891966335475
2670720,9.145514195552096e-05
2670876,0.0052055474370718
2671032,0.01505469810217619
2671188,5.151442746864632e-05
2671344,8.817014168016613e-05
2671500,5.389219950302504e-05
2671656,0.0001284691970795393
2671812,0.002733079018071294
2671968,0.000851907767355442
2672124,3.686284981085919e-05
2672280,3.5654866223922e-05
2672436,9.997506276704371e-05
2672592,8.434521441813558e-05
2672748,0.0003920412273146212
2672904,3.120723704341799e-05
2673060,0.00020706222858279943
2673216,0.001126025803387165
2673372,0.0001439983316231519
2673528,0.008121070452034473
2673684,0.0010661556152626872
2673840,7.851353439036757e-05
2673996,2.6073050321429037e-05
2674152,5.781464642495848e-05
2674308,5.434872946352698e-05
2674464,4.746964987134561e-05
2674620,5.065497680334374e-05
2674776,0.003981883637607098
2674932,0.000191051178262569
2675088,2.7271544240647927e-05
2675244,6.897300772834569e-05
2675400,0.00537877855822444
2675556,0.00013438558380585164
2675712,0.0001735397963784635
2675868,0.0005374302272684872
2676024,0.005733962636440992
2676180,0.001914696884341538
2676336,4.562300819088705e-05
2676492,2.0407966076163575e-05
2676648,0.00040653126779943705
2676804,0.0006352944183163345
2676960,0.00015473247913178056
2677116,3.309051680844277e-05
2677272,5.264234641799703e-05
2677428,0.00011364984675310552
2677584,0.006044411100447178
2677740,0.011233948171138763
2677896,0.003812037641182542
2678052,5.884237543796189e-05
2678208,5.801848601549864e-05
2678364,0.00020598320406861603
2678520,9.113347914535552e-05
2678676,0.0005785914836451411
2678832,0.00020057891379110515
2678988,8.330912532983348e-05
2679144,4.1437848267378286e-05
2679300,7.031243876554072e-05
2679456,2.6279591111233458e-05
2679612,0.01185692846775055
2679768,0.0004496912006288767
2679924,8.483546844217926e-05
2680080,0.0008677676669321954
2680236,4.782030009664595e-05
2680392,0.0007745765615254641
2680548,3.0067694751778618e-05
2680704,5.8200021157972515e-05
2680860,6.258004577830434e-05
2681016,0.00018554589769337326
2681172,6.658782513113692e-05
2681328,0.00015227192488964647
2681484,5.884709025849588e-05
2681640,6.368111644405872e-05
2681796,0.0001238487457158044
2681952,0.00021844370348844677
2682108,9.696483903098851e-05
2682264,0.002568599535152316
2682420,3.6060824641026556e-05
2682576,5.358714406611398e-05
2682732,4.089508001925424e-05
2682888,0.004566779360175133
2683044,8.389580762013793e-05
2683200,0.00012761325342580676
2683356,0.0003113342681899667
2683512,0.00011972690845141187
2683668,7.875156006775796e-05
2683824,0.00012874661479145288
2683980,5.329279520083219e-05
2684136,1.7875881894724444e-05
2684292,0.0008254536660388112
2684448,6.9104389694985e-05
2684604,0.0019356630509719253
2684760,0.0023155349772423506
2684916,0.00023912869801279157
2685072,5.636689820676111e-05
2685228,4.2025523725897074e-05
2685384,0.0004500055802054703
2685540,0.0007135456544347107
2685696,0.0001484238455304876
2685852,0.001095626037567854
2686008,0.0001312093809247017
2686164,0.0002243708004243672
2686320,8.247084042523056e-05
2686476,0.0010001658229157329
2686632,2.1405068764579482e-05
2686788,3.386064781807363e-05
2686944,5.964146112091839e-05
2687100,4.635845107259229e-05
2687256,3.4273638448212296e-05
2687412,0.004895559046417475
2687568,5.146640614839271e-05
2687724,0.0019027761882171035
2687880,0.0011874312767758965
2688036,0.0004987530992366374
2688192,6.614391168113798e-05
2688348,3.624570672400296e-05
2688504,2.2056414309190586e-05
2688660,0.0009692664607428014
2688816,0.00023373946896754205
2688972,0.00018527491192799062
2689128,1.2468248314689845e-05
2689284,2.5698540412122384e-05
2689440,3.626996112870984e-05
2689596,5.460795000544749e-05
2689752,0.00032226237817667425
2689908,0.00755290687084198
2690064,0.0013822022592648864
2690220,0.004961101338267326
2690376,0.0022354330867528915
2690532,0.010997024364769459
2690688,0.003275749273598194
2690844,9.044946637004614e-05
2691000,0.00011166122567374259
2691156,2.612500247778371e-05
2691312,0.005079937633126974
2691468,0.002670751651749015
2691624,4.152458859607577e-05
2691780,0.0012773489579558372
2691936,5.7880839449353516e-05
2692092,3.517739969538525e-05
2692248,3.878756251651794e-05
2692404,8.191213419195265e-05
2692560,0.0005136628169566393
2692716,0.00011193256068509072
2692872,0.0005428200820460916
2693028,0.00017524613940622658
2693184,8.128410263452679e-05
2693340,0.00027970969676971436
2693496,0.00018538307631388307
2693652,3.4771033824654296e-05
2693808,0.00042915597441606224
2693964,0.00011084068682976067
2694120,0.00019441630865912884
2694276,0.008456525392830372
2694432,0.0006271232850849628
2694588,0.00010174857743550092
2694744,6.436670082621276e-05
2694900,0.00023782975040376186
2695056,0.013419229537248611
2695212,4.038272891193628e-05
2695368,5.913572385907173e-05
2695524,1.9743059965549037e-05
2695680,0.01296191569417715
2695836,3.0746698030270636e-05
2695992,0.004178042057901621
2696148,0.0035601851996034384
2696304,3.213280433556065e-05
2696460,0.0004823399940505624
2696616,0.00015060081204865128
2696772,0.00012304681877139956
2696928,0.00010657250822987407
2697084,0.0005883333506062627
2697240,0.0028032762929797173
2697396,0.00023919515660963953
2697552,5.858222357346676e-05
2697708,5.642204996547662e-05
2697864,4.3512405682122335e-05
2698020,2.7441157726570964e-05
2698176,0.0020640206057578325
2698332,0.00017474984633736312
2698488,0.0002109839697368443
2698644,0.0001683181180851534
2698800,2.8383234166540205e-05
2698956,0.0001988927397178486
2699112,0.0001391633995808661
2699268,0.0050338623113930225
2699424,0.00014100212138146162
2699580,4.843912029173225e-05
2699736,8.501754200551659e-05
2699892,0.0023993877694010735
2700048,9.005996253108606e-05
2700204,0.00018703634850680828
2700360,0.007298050913959742
2700516,0.00020651114755310118
2700672,0.0027348995208740234
2700828,0.01985703594982624
2700984,3.558211028575897e-05
2701140,0.03484058007597923
2701296,0.0004770913510583341
2701452,0.01828600838780403
2701608,0.0002777701593004167
2701764,8.072258060565218e-05
2701920,0.0009881104342639446
2702076,0.004989292472600937
2702232,0.00043052370892837644
2702388,0.001952632563188672
2702544,0.0004196464433334768
2702700,9.725568088470027e-05
2702856,7.524732063757256e-05
2703012,0.002470713807269931
2703168,0.0011801739456132054
2703324,0.0029125534929335117
2703480,0.00010304124589310959
2703636,0.00044418376637622714
2703792,0.0019244593568146229
2703948,7.795039709890261e-05
2704104,0.0003696685307659209
2704260,9.27781147765927e-05
2704416,0.00022645221906714141
2704572,4.4869182602269575e-05
2704728,0.0003118573222309351
2704884,0.00016323215095326304
2705040,2.203299300163053e-05
2705196,2.358472738706041e-05
2705352,1.7064936400856823e-05
2705508,2.4794941055006348e-05
2705664,4.5334956666920334e-05
2705820,1.9896766389138065e-05
2705976,0.011229443363845348
2706132,0.0009061722084879875
2706288,0.01613565906882286
2706444,5.792641968582757e-05
2706600,0.0007657689857296646
2706756,6.900790322106332e-05
2706912,0.00014397484483197331
2707068,0.0011836367193609476
2707224,0.00037705598515458405
2707380,0.00010713723895605654
2707536,5.2517389121931046e-05
2707692,0.002183920703828335
2707848,8.104340668069199e-05
2708004,0.0009160431800410151
2708160,0.00012335393694229424
2708316,0.002623326610773802
2708472,0.0005121996509842575
2708628,0.00028384808683767915
2708784,0.00022836588323116302
2708940,7.195094076450914e-05
2709096,8.839844667818397e-05
2709252,0.0006540311151184142
2709408,0.00022061419440433383
2709564,0.00021806059521622956
2709720,0.0012417195830494165
2709876,0.0003240825026296079
2710032,0.004112802911549807
2710188,9.268351277569309e-05
2710344,4.369411908555776e-05
2710500,0.00011769376578740776
2710656,1.9529335986590013e-05
2710812,8.62221495481208e-05
2710968,3.217445919290185e-05
2711124,9.377312380820513e-05
2711280,0.002934386022388935
2711436,7.718385313637555e-05
2711592,0.00010264053707942367
2711748,7.365386409219354e-05
2711904,0.0045980243012309074
2712060,0.014501060359179974
2712216,0.00014314288273453712
2712372,0.0015020896680653095
2712528,0.0004625847504939884
2712684,0.003614864544942975
2712840,0.018645577132701874
2712996,9.371485793963075e-05
2713152,0.00010559559450484812
2713308,0.00258828978985548
2713464,0.00038708175998181105
2713620,8.256096771219745e-05
2713776,0.00010552795720286667
2713932,5.7637538702692837e-05
2714088,0.003369334852322936
2714244,0.009792866185307503
2714400,0.000142135308124125
2714556,0.00011373656889190897
2714712,9.598755423212424e-05
2714868,0.004466095939278603
2715024,8.948971662903205e-05
2715180,5.7305038353661075e-05
2715336,0.00013416096044238657
2715492,3.8023550587240607e-05
2715648,0.00012080073065590113
2715804,6.0139165725558996e-05
2715960,0.0019587459973990917
2716116,0.0036534653045237064
2716272,6.618813495151699e-05
2716428,0.00010529642167966813
2716584,8.810073632048443e-05
2716740,6.746494909748435e-05
2716896,0.00015690071450080723
2717052,0.00013856269652023911
2717208,4.622168489731848e-05
2717364,0.006326652597635984
2717520,9.542073530610651e-05
2717676,8.233620610553771e-05
2717832,0.00033028150210157037
2717988,0.0009502374450676143
2718144,0.0003876372647937387
2718300,0.00047637693933211267
2718456,0.0030438851099461317
2718612,0.0002765872050076723
2718768,0.0003313063643872738
2718924,0.0023106615990400314
2719080,0.0011621892917901278
2719236,0.0045116557739675045
2719392,7.680973794776946e-05
2719548,0.001074117375537753
2719704,0.00039045928861014545
2719860,0.00015428043843712658
2720016,0.00010832279804162681
2720172,0.00034813268575817347
2720328,0.00012087225331924856
2720484,7.059938070597127e-05
2720640,0.00015769820311106741
2720796,0.0014162275474518538
2720952,0.0001416755112586543
2721108,0.0006716948701068759
2721264,0.00019445284851826727
2721420,4.5151762606110424e-05
2721576,6.955636490602046e-05
2721732,0.00044433120638132095
2721888,0.0010323412716388702
2722044,6.699525692965835e-05
2722200,7.260376150952652e-05
2722356,5.5020795116433874e-05
2722512,0.0018799746176227927
2722668,0.001435989746823907
2722824,0.0014948375755921006
2722980,0.005240994971245527
2723136,0.00018734819605015218
2723292,0.00011306328815408051
2723448,0.00012369694013614208
2723604,0.0001268064370378852
2723760,0.0003468531067483127
2723916,5.822784441988915e-05
2724072,5.862075340701267e-05
2724228,2.1153244233573787e-05
2724384,1.810970024962444e-05
2724540,5.1117971452185884e-05
2724696,4.6615379687864333e-05
2724852,6.53225724818185e-05
2725008,0.012490199878811836
2725164,0.002195700304582715
2725320,0.00011169823847012594
2725476,0.040924541652202606
2725632,1.713927304081153e-05
2725788,0.000919042737223208
2725944,0.0001146032300312072
2726100,5.269861503620632e-05
2726256,0.0001158662635134533
2726412,5.210596282267943e-05
2726568,7.293321687029675e-05
2726724,0.0006474125548265874
2726880,7.267942419275641e-05
2727036,3.368583566043526e-05
2727192,0.000173436215845868
2727348,2.775646498776041e-05
2727504,0.00026082154363393784
2727660,0.0004140719538554549
2727816,0.00012153471470810473
2727972,4.0507380617782474e-05
2728128,4.274458115105517e-05
2728284,0.00013779287110082805
2728440,0.00016095832688733935
2728596,5.4024902055971324e-05
2728752,0.022945493459701538
2728908,0.0004646604065783322
2729064,0.00046233099419623613
2729220,0.00011971853382419795
2729376,5.365268589230254e-05
2729532,0.00010761133307823911
2729688,0.00012669406714849174
2729844,3.366312012076378e-05
2730000,3.6741479561896995e-05
2730156,4.2176179704256356e-05
2730312,7.629180618096143e-05
2730468,0.012647577561438084
2730624,0.00019756026449613273
2730780,3.1131188734434545e-05
2730936,3.07931550196372e-05
2731092,0.0002127430634573102
2731248,0.029787341132760048
2731404,0.0002407259598840028
2731560,0.0003482465981505811
2731716,0.00010115200711879879
2731872,6.782743730582297e-05
2732028,0.00011614773393375799
2732184,0.012676962651312351
2732340,0.012768704444169998
2732496,0.0002861061366274953
2732652,0.0001893614826258272
2732808,0.000155789457494393
2732964,6.996786396484822e-05
2733120,4.003875801572576e-05
2733276,0.00016312955995090306
2733432,0.001918251859024167
2733588,0.0006801121635362506
2733744,0.001002108445391059
2733900,0.0008058504899963737
2734056,6.242601375561208e-05
2734212,0.00022788485512137413
2734368,7.311291119549423e-05
2734524,3.237332930439152e-05
2734680,0.0004839008906856179
2734836,0.0015998317394405603
2734992,0.00021375264623202384
2735148,0.00012373377103358507
2735304,0.00016309325292240828
2735460,0.00011852198804263026
2735616,0.00010066617687698454
2735772,0.00014758287579752505
2735928,0.0004197845992166549
2736084,0.00023236194101627916
2736240,5.4129101044964045e-05
2736396,1.5907096894807182e-05
2736552,2.3283308109967038e-05
2736708,0.00010305539763066918
2736864,4.04472702939529e-05
2737020,0.0005656258435919881
2737176,8.594710379838943e-05
2737332,4.763130709761754e-05
2737488,3.475001722108573e-05
2737644,2.437900911900215e-05
2737800,0.0003131214762106538
2737956,0.0034302156418561935
2738112,1.3846670299244579e-05
2738268,0.00016304577002301812
2738424,0.00012945006892550737
2738580,0.00024096370907500386
2738736,3.376857057446614e-05
2738892,3.69965928257443e-05
2739048,0.000135408467031084
2739204,0.0009625819511711597
2739360,8.412746683461592e-05
2739516,0.00013914110604673624
2739672,4.195036308374256e-05
2739828,0.0010333455866202712
2739984,6.380406557582319e-05
2740140,2.6645171601558104e-05
2740296,0.00020200549624860287
2740452,0.0004901803331449628
2740608,0.00018058005662169307
2740764,7.30746251065284e-05
2740920,2.4026485334616154e-05
2741076,0.0002874592028092593
2741232,0.0020579183474183083
2741388,6.843663868494332e-05
2741544,0.00013419035531114787
2741700,3.530359026626684e-05
2741856,0.022057076916098595
2742012,0.0012099100276827812
2742168,0.0022295869421213865
2742324,0.00014138800906948745
2742480,0.009029071778059006
2742636,0.0005801452789455652
2742792,9.60055913310498e-05
2742948,5.4709955293219537e-05
2743104,0.0005672373226843774
2743260,3.744798232219182e-05
2743416,0.0002697171876206994
2743572,7.154226477723569e-05
2743728,0.013834809884428978
2743884,4.298439307603985e-05
2744040,0.00014122853463049978
2744196,9.85242222668603e-05
2744352,7.512091542594135e-05
2744508,5.088534817332402e-05
2744664,5.934548607910983e-05
2744820,1.1304167855996639e-05
2744976,0.00026442407397553325
2745132,0.00011340063065290451
2745288,0.000143490731716156
2745444,0.00011934775830013677
2745600,6.337960076052696e-05
2745756,0.00010243574070045725
2745912,0.0003685231495182961
2746068,0.00016144983237609267
2746224,0.012798303738236427
2746380,3.426003604545258e-05
2746536,0.005366810131818056
2746692,3.267548163421452e-05
2746848,0.005627270322293043
2747004,0.00023428682470694184
2747160,5.722925197915174e-05
2747316,0.00014190054207574576
2747472,0.002690373919904232
2747628,0.0011720629408955574
2747784,0.00015850935596972704
2747940,0.00013901240890845656
2748096,0.002492446219548583
2748252,3.185615059919655e-05
2748408,7.47715967008844e-05
2748564,0.0007619563257321715
2748720,8.095036173472181e-05
2748876,0.0004082120431121439
2749032,0.0004196373629383743
2749188,0.00011050497414544225
2749344,0.00021884843590669334
2749500,6.712093454552814e-05
2749656,0.012002714909613132
2749812,4.7467918193433434e-05
2749968,0.0007235916564241052
2750124,4.2035942897200584e-05
2750280,0.00011678291048156098
2750436,0.00020678127475548536
2750592,5.572141526499763e-05
2750748,0.000908268615603447
2750904,6.783424760214984e-05
2751060,0.00013077937182970345
2751216,5.75881203985773e-05
2751372,5.6900185882113874e-05
2751528,7.672036008443683e-05
2751684,8.779064228292555e-05
2751840,0.0002406168932793662
2751996,0.012770654633641243
2752152,0.0005618025315925479
2752308,0.0005384598625823855
2752464,9.493428660789505e-05
2752620,0.0024885484017431736
2752776,8.401062223128974e-05
2752932,0.00810365378856659
2753088,0.011060177348554134
2753244,0.02078068256378174
2753400,0.0001386591320624575
2753556,0.00636042607948184
2753712,0.02294381894171238
2753868,0.0025808613281697035
2754024,0.00012321965186856687
2754180,0.00543889869004488
2754336,0.0007731188088655472
2754492,0.00016924097144510597
2754648,0.00011677567090373486
2754804,0.0009780882392078638
2754960,0.0007036385359242558
2755116,0.0003553325077518821
2755272,0.0002286305680172518
2755428,0.00027982520987279713
2755584,0.000998591654933989
2755740,0.00015626991807948798
2755896,0.0012524309568107128
2756052,0.012442867271602154
2756208,0.0003690725425258279
2756364,4.7065288526937366e-05
2756520,0.00032196956453844905
2756676,0.000334069540258497
2756832,0.0005295055452734232
2756988,0.00030389620224013925
2757144,7.400522736134008e-05
2757300,0.0022422880865633488
2757456,0.00012020952271996066
2757612,7.236360397655517e-05
2757768,5.17711705469992e-05
2757924,7.303337042685598e-05
2758080,0.00014863102114759386
2758236,0.00027212899294681847
2758392,0.00017317302990704775
2758548,0.005518192891031504
2758704,0.00011605520558077842
2758860,8.5454921645578e-05
2759016,5.376273475121707e-05
2759172,4.150261520408094e-05
2759328,0.002679568249732256
2759484,0.0002032493648584932
2759640,0.00027612189296633005
2759796,0.009232577867805958
2759952,3.986638330388814e-05
2760108,7.486784306820482e-05
2760264,0.02884679101407528
2760420,0.012871365994215012
2760576,0.00027672245050780475
2760732,0.00017071502225007862
2760888,0.006589969154447317
2761044,0.0002067441528197378
2761200,3.9323302189586684e-05
2761356,4.082389932591468e-05
2761512,5.536124808713794e-05
2761668,0.00012421836436260492
2761824,4.2613082769094035e-05
2761980,2.6174615413765423e-05
2762136,0.000829076103400439
2762292,0.00015567505033686757
2762448,0.012735811062157154
2762604,8.555620297556743e-05
2762760,3.44428262906149e-05
2762916,0.0017971014603972435
2763072,5.907011654926464e-05
2763228,7.212725176941603e-05
2763384,7.69406178733334e-05
2763540,0.000187678262591362
2763696,4.2048064642585814e-05
2763852,5.9256217355141416e-05
2764008,1.3971433872939087e-05
2764164,0.00013698507973458618
2764320,0.028651980683207512
2764476,0.00276769045740366
2764632,0.0001760001468937844
2764788,6.63579412503168e-05
2764944,9.733790648169816e-05
2765100,0.01297876238822937
2765256,0.00045656226575374603
2765412,0.0002983033482450992
2765568,0.0005369249847717583
2765724,5.986920223222114e-05
2765880,4.3478292354848236e-05
2766036,0.00011448615259723738
2766192,0.0011284307111054659
2766348,0.0012165375519543886
2766504,0.006034754682332277
2766660,7.007132808212191e-05
2766816,9.286879503633827e-05
2766972,0.0004956573247909546
2767128,0.00014471178292296827
2767284,0.00021807807206641883
2767440,5.936031084274873e-05
2767596,3.925427154172212e-05
2767752,0.00016744836466386914
2767908,0.0002047172310994938
2768064,0.0048041814006865025
2768220,0.0012121156323701143
2768376,0.00010593788465484977
2768532,0.002098613418638706
2768688,0.0003367902827449143
2768844,0.0003908062062691897
2769000,7.417351298499852e-05
2769156,5.091619095765054e-05
2769312,0.0006413680384866893
2769468,3.196052784915082e-05
2769624,5.4318526963470504e-05
2769780,0.01258874125778675
2769936,3.485122215352021e-05
2770092,0.00013621516700368375
2770248,0.002473367378115654
2770404,0.0027623549103736877
2770560,5.9142425016034395e-05
2770716,0.015555688180029392
2770872,0.0023164325393736362
2771028,0.00011166135664097965
2771184,0.0004550713929347694
2771340,0.000928438501432538
2771496,7.479223131667823e-05
2771652,0.0013717608526349068
2771808,0.007480561267584562
2771964,7.812387048033997e-05
2772120,4.130014349357225e-05
2772276,8.406393317272887e-05
2772432,2.230952486570459e-05
2772588,0.0003931360843125731
2772744,0.00019122444791719317
2772900,2.068606590910349e-05
2773056,0.002639803569763899
2773212,0.00012418169353622943
2773368,3.958761953981593e-05
2773524,4.8457168304594234e-05
2773680,0.000297910301014781
2773836,2.8958220354979858e-05
2773992,3.367733734194189e-05
2774148,7.97898173914291e-05
2774304,3.217694393242709e-05
2774460,0.001031567808240652
2774616,0.0006360943662002683
2774772,0.0005725515075027943
2774928,0.0001406378869432956
2775084,4.2418367229402065e-05
2775240,0.0005260481266304851
2775396,3.8546430005226284e-05
2775552,2.745545862126164e-05
2775708,0.0007275606039911509
2775864,0.018061349168419838
2776020,0.009687775745987892
2776176,0.0001704794995021075
2776332,4.892959987046197e-05
2776488,5.510841583600268e-05
2776644,0.00028241454856470227
2776800,9.07530848053284e-05
2776956,8.446641732007265e-05
2777112,0.0024950355291366577
2777268,0.0004424260987434536
2777424,0.00024172836856450886
2777580,0.001278937910683453
2777736,0.0001187446978292428
2777892,0.00031257106456905603
2778048,3.9047215977916494e-05
2778204,9.059217700269073e-05
2778360,3.9306687540374696e-05
2778516,0.0005512528587132692
2778672,5.9860980400117114e-05
2778828,0.0009381746640428901
2778984,0.0003710291057359427
2779140,4.760108276968822e-05
2779296,2.2092051949584857e-05
2779452,4.7248933697119355e-05
2779608,0.0017880211817100644
2779764,3.349981125211343e-05
2779920,0.00019251929188612849
2780076,3.856310650007799e-05
2780232,0.0073015945963561535
2780388,5.533055809792131e-05
2780544,0.00017721057520247996
2780700,0.0002442766563035548
2780856,0.00016995929763652384
2781012,7.498518971260637e-05
2781168,0.000869290845002979
2781324,6.129553366918117e-05
2781480,4.720427023130469e-05
2781636,4.144314516452141e-05
2781792,4.782712130690925e-05
2781948,3.109360841335729e-05
2782104,2.739762931014411e-05
2782260,7.057518814690411e-05
2782416,0.00019393544062040746
2782572,0.0005873129121027887
2782728,0.00023389639682136476
2782884,7.864704821258783e-05
2783040,6.573939754161984e-05
2783196,7.463159272447228e-05
2783352,9.337934898212552e-05
2783508,0.03905745595693588
2783664,4.699624332715757e-05
2783820,4.971240196027793e-05
2783976,0.00013455460430122912
2784132,0.00019014855206478387
2784288,0.0021177376620471478
2784444,0.019473550841212273
2784600,0.0010377784492447972
2784756,0.00011302292114123702
2784912,5.5676438933005556e-05
2785068,4.005494702141732e-05
2785224,2.5426588763366453e-05
2785380,0.011061999015510082
2785536,0.0011275189463049173
2785692,0.004409374203532934
2785848,0.00015268698916770518
2786004,0.00017919772653840482
2786160,0.0006562433554790914
2786316,9.782743290998042e-05
2786472,4.4628348405240104e-05
2786628,4.790451203007251e-05
2786784,4.8212466936092824e-05
2786940,8.709025860298425e-05
2787096,3.229263529647142e-05
2787252,0.0004727230407297611
2787408,0.0006573618738912046
2787564,3.663836105260998e-05
2787720,8.151313522830606e-05
2787876,3.717891377164051e-05
2788032,0.00010104124521603808
2788188,0.00024109699006658047
2788344,0.00011089194595115259
2788500,6.461592420237139e-05
2788656,0.0019643185660243034
2788812,0.00483216717839241
2788968,0.00023665992193855345
2789124,0.00037789548514410853
2789280,9.410160419065505e-05
2789436,3.749617826542817e-05
2789592,6.295080675045028e-05
2789748,0.00026447250274941325
2789904,0.0002615298144519329
2790060,6.636595935560763e-05
2790216,0.00016298580158036202
2790372,6.377428508130834e-05
2790528,4.9827554903458804e-05
2790684,9.259438957087696e-05
2790840,0.0005032520275563002
2790996,0.00749417208135128
2791152,8.49511125124991e-05
2791308,0.00016436772421002388
2791464,0.0006623832159675658
2791620,0.00018531561363488436
2791776,0.005430344957858324
2791932,6.846257019788027e-05
2792088,5.335231981007382e-05
2792244,0.00013578461948782206
2792400,3.8801961636636406e-05
2792556,0.010232729837298393
2792712,0.00015276536578312516
2792868,4.6986846427898854e-05
2793024,0.0001959533547051251
2793180,3.110113175353035e-05
2793336,3.028209539479576e-05
2793492,2.8085181838832796e-05
2793648,8.331313438247889e-05
2793804,3.423776070121676e-05
2793960,9.816326200962067e-05
2794116,6.138965545687824e-05
2794272,5.267904998618178e-05
2794428,0.000981622957624495
2794584,2.029454117291607e-05
2794740,0.0004979596706107259
2794896,0.003991228062659502
2795052,0.0002502489078324288
2795208,2.9666694899788126e-05
2795364,0.00024219458282459527
2795520,8.908980817068368e-05
2795676,5.0658552936511114e-05
2795832,2.1742043827543966e-05
2795988,0.002192920306697488
2796144,3.588968684198335e-05
2796300,0.0004723103775177151
2796456,7.670026388950646e-05
2796612,0.0001930603029904887
2796768,4.59594011772424e-05
2796924,0.00015970836102496833
2797080,5.148283526068553e-05
2797236,0.00013005467189941555
2797392,0.00011208179057575762
2797548,0.00968798529356718
2797704,0.00010849682439584285
2797860,7.306312909349799e-05
2798016,0.0004456128808669746
2798172,0.008698543533682823
2798328,0.0003816442331299186
2798484,0.0052996473386883736
2798640,4.375597563921474e-05
2798796,8.38398264022544e-05
2798952,0.000938116863835603
2799108,3.457212005741894e-05
2799264,2.0483288608375005e-05
2799420,9.720594243844971e-05
2799576,0.0009400215349160135
2799732,2.0631805455195718e-05
2799888,0.0005279788747429848
2800044,7.617677329108119e-05
2800200,5.23540293215774e-05
2800356,7.608525629620999e-05
2800512,0.003919965587556362
2800668,7.593453483423218e-05
2800824,0.0032460959628224373
2800980,8.661534957354888e-05
2801136,4.6133129217196256e-05
2801292,2.3820741262170486e-05
2801448,3.25655892083887e-05
2801604,2.0065504941157997e-05
2801760,9.304253035224974e-05
2801916,4.928297130391002e-05
2802072,0.014864236116409302
2802228,6.819358532084152e-05
2802384,5.694706123904325e-05
2802540,3.201156505383551e-05
2802696,0.016046084463596344
2802852,4.8047448217403144e-05
2803008,7.699373963987455e-05
2803164,6.925195339135826e-05
2803320,0.0012890612706542015
2803476,0.006670214235782623
2803632,0.00021088238281663507
2803788,0.00012788575259037316
2803944,0.005283189471811056
2804100,0.00011973346408922225
2804256,0.00010363123146817088
2804412,4.0830025682225823e-05
2804568,0.00010272428335156292
2804724,0.0006018800777383149
2804880,4.528578938334249e-05
2805036,4.269901546649635e-05
2805192,4.635923687601462e-05
2805348,5.0650447519728914e-05
2805504,0.00022484755027107894
2805660,0.0032906457781791687
2805816,6.502441829070449e-05
2805972,6.695474439766258e-05
2806128,8.170525688910857e-05
2806284,0.00022684258874505758
2806440,0.00037744748988188803
2806596,0.012158277444541454
2806752,0.0003297223011031747
2806908,0.00011509932664921507
2807064,0.00014570163330063224
2807220,0.013244199566543102
2807376,0.0001502657396486029
2807532,6.724651029799134e-05
2807688,0.00017734849825501442
2807844,4.313848330639303e-05
2808000,0.011350548826158047
2808156,9.387626778334379e-05
2808312,0.0002514332300052047
2808468,0.0003631718282122165
2808624,0.00013653414498548955
2808780,0.00021719625510741025
2808936,0.0026255869306623936
2809092,0.00011053850903408602
2809248,8.654264092911035e-05
2809404,0.004441354423761368
2809560,4.3873453250853345e-05
2809716,3.529378227540292e-05
2809872,0.00025321129942312837
2810028,0.00012384203728288412
2810184,5.74715159018524e-05
2810340,0.00020959717221558094
2810496,0.0005791825242340565
2810652,7.217982783913612e-05
2810808,0.002135543618351221
2810964,4.271179932402447e-05
2811120,3.045056655537337e-05
2811276,2.9602353606605902e-05
2811432,5.905904981773347e-05
2811588,0.00031249428866431117
2811744,0.0010311007499694824
2811900,4.9623755330685526e-05
2812056,5.89250739722047e-05
2812212,0.0002270603145007044
2812368,7.359313894994557e-05
2812524,0.0038426690734922886
2812680,0.0003404244198463857
2812836,8.474114292766899e-05
2812992,9.694408799987286e-05
2813148,0.00016431516269221902
2813304,0.002459745854139328
2813460,0.013612763956189156
2813616,6.67564308969304e-05
2813772,4.481385258259252e-05
2813928,6.27213012194261e-05
2814084,7.290001667570323e-05
2814240,4.096287375432439e-05
2814396,2.0970306650269777e-05
2814552,2.324261367903091e-05
2814708,3.196803663740866e-05
2814864,5.1930568588431925e-05
2815020,6.106046203058213e-05
2815176,4.7927398554747924e-05
2815332,3.5932986065745354e-05
2815488,0.00014523795107379556
2815644,8.298648754134774e-05
2815800,0.00014340493362396955
2815956,0.00013068335829302669
2816112,0.010187099687755108
2816268,0.01153583638370037
2816424,0.0005978727131150663
2816580,0.00013239169493317604
2816736,4.376210199552588e-05
2816892,8.068617898970842e-05
2817048,0.00018369907047599554
2817204,0.0017607624176889658
2817360,5.33539496245794e-05
2817516,0.0017900130478665233
2817672,0.008205422200262547
2817828,0.0002718483447097242
2817984,9.494276309851557e-05
2818140,8.424249972449616e-05
2818296,0.00025494079454801977
2818452,0.0037553219590336084
2818608,9.61104960879311e-05
2818764,0.00029024394461885095
2818920,0.00014225354243535548
2819076,0.00016017272719182074
2819232,0.00016902494826354086
2819388,3.727069997694343e-05
2819544,0.02810141071677208
2819700,4.2666797526180744e-05
2819856,0.0008247189107351005
2820012,5.0974478654097766e-05
2820168,3.5553122870624065e-05
2820324,2.4799515813356265e-05
2820480,0.006784509867429733
2820636,6.574511644430459e-05
2820792,6.082614345359616e-05
2820948,4.7191231715260074e-05
2821104,0.025110874325037003
2821260,0.0001348623918602243
2821416,0.0038865942042320967
2821572,0.0005957452231086791
2821728,0.0005024496931582689
2821884,0.0030678613111376762
2822040,0.00017523315909784287
2822196,6.075505370972678e-05
2822352,0.00019041061750613153
2822508,0.002118726260960102
2822664,0.0011980675626546144
2822820,0.007179240230470896
2822976,0.00025646842550486326
2823132,0.00013121218944434077
2823288,0.0013187275035306811
2823444,6.18443446001038e-05
2823600,9.529107046546414e-05
2823756,0.004297138657420874
2823912,0.000210608821362257
2824068,8.157328556990251e-05
2824224,6.189531995914876e-05
2824380,6.00868443143554e-05
2824536,0.0008466753643006086
2824692,0.00017084003775380552
2824848,8.556199463782832e-05
2825004,9.154313011094928e-05
2825160,5.0287184421904385e-05
2825316,3.6721954529639333e-05
2825472,2.3517364752478898e-05
2825628,0.0001335531414952129
2825784,0.005026820581406355
2825940,0.0001824809005483985
2826096,9.072342072613537e-05
2826252,8.634063124191016e-05
2826408,7.134503539418802e-05
2826564,5.4887146688997746e-05
2826720,5.346303078113124e-05
2826876,0.00012903691094834358
2827032,0.0002519377740100026
2827188,0.005548600107431412
2827344,0.0001720801810733974
2827500,6.76122508593835e-05
2827656,3.455822297837585e-05
2827812,0.010577094741165638
2827968,8.471361070405692e-05
2828124,9.61643090704456e-05
2828280,0.0009149563848040998
2828436,4.436377275851555e-05
2828592,4.280910798115656e-05
2828748,0.0002393522154306993
2828904,0.0024636632297188044
2829060,0.00020373296865727752
2829216,0.00015140764298848808
2829372,0.00023130163026507944
2829528,0.012513894587755203
2829684,0.00015891194925643504
2829840,0.0001377234439132735
2829996,0.00010017510794568807
2830152,0.0005860686651431024
2830308,0.0002713529975153506
2830464,0.0006941229803487659
2830620,0.00030115232220850885
2830776,0.00946928933262825
2830932,0.00039524209569208324
2831088,4.0554863517172635e-05
2831244,4.292186349630356e-05
2831400,0.00021502343588508666
2831556,0.0008683537598699331
2831712,9.640365897212178e-05
2831868,0.012285793200135231
2832024,7.696813554503024e-05
2832180,5.822268212796189e-05
2832336,4.125392297282815e-05
2832492,0.00023173006775323302
2832648,3.1585026590619236e-05
2832804,2.302513166796416e-05
2832960,5.163907917449251e-05
2833116,4.095791155123152e-05
2833272,5.3342599130701274e-05
2833428,3.5797987948171794e-05
2833584,0.013929974287748337
2833740,7.905317761469632e-05
2833896,6.758005474694073e-05
2834052,3.7998848711140454e-05
2834208,0.00356500712223351
2834364,4.855962106375955e-05
2834520,2.73713067144854e-05
2834676,3.7419653381220996e-05
2834832,2.0932631741743535e-05
2834988,4.759831790579483e-05
2835144,0.00021876506798435003
2835300,0.012810180895030499
2835456,0.0013591361930593848
2835612,7.827750232536346e-05
2835768,0.0003239210636820644
2835924,9.622712968848646e-05
2836080,0.00025827332865446806
2836236,0.000508652999997139
2836392,0.0020521117839962244
2836548,0.00010287086479365826
2836704,0.00010015674342866987
2836860,3.9793452742742375e-05
2837016,0.0010760093573480844
2837172,0.00014667370123788714
2837328,0.00012800810509361327
2837484,5.7433455367572606e-05
2837640,5.790585055365227e-05
2837796,0.003040997078642249
2837952,0.0019678818061947823
2838108,0.00019317046098876745
2838264,0.011402136646211147
2838420,0.003921805880963802
2838576,0.00016603882249910384
2838732,0.00015149415412452072
2838888,0.00014334087609313428
2839044,0.00014452924369834363
2839200,0.00045117278932593763
2839356,2.8270382244954817e-05
2839512,6.141436460893601e-05
2839668,0.0001439283660147339
2839824,0.00016867555677890778
2839980,4.371863542473875e-05
2840136,0.005958499386906624
2840292,0.0001123678230214864
2840448,0.012768269516527653
2840604,6.261283124331385e-05
2840760,0.0008583045564591885
2840916,0.001373518374748528
2841072,6.706127169309184e-05
2841228,4.798136433237232e-05
2841384,0.000576793507207185
2841540,3.262824611738324e-05
2841696,5.6453074648743495e-05
2841852,7.423076021950692e-05
2842008,0.0003016393748112023
2842164,4.8110166972037405e-05
2842320,2.8266686058486812e-05
2842476,0.00023476361820939928
2842632,0.01516675017774105
2842788,0.000884004810359329
2842944,0.002122837118804455
2843100,3.554658906068653e-05
2843256,6.161151395644993e-05
2843412,4.084462489117868e-05
2843568,7.827884837752208e-05
2843724,0.00031017849687486887
2843880,7.369239756371826e-05
2844036,2.6968518795911223e-05
2844192,0.02027580328285694
2844348,0.0002561375731602311
2844504,6.713331822538748e-05
2844660,0.00020567383035086095
2844816,0.00011065319995395839
2844972,0.01156858541071415
2845128,0.00019904770306311548
2845284,0.002263364614918828
2845440,9.738812514115125e-05
2845596,0.01060571987181902
2845752,0.00019342331506777555
2845908,4.0260812966153026e-05
2846064,0.00019403397163841873
2846220,0.00034264562418684363
2846376,0.029017113149166107
2846532,4.421166522661224e-05
2846688,0.0001615927612874657
2846844,5.091306957183406e-05
2847000,5.504283763002604e-05
2847156,7.3262483056169e-05
2847312,0.00035412717261351645
2847468,0.0001607302256161347
2847624,6.393979128915817e-05
2847780,2.1653362637152895e-05
2847936,2.8973372536711395e-05
2848092,0.00010730575013440102
2848248,0.00019495756714604795
2848404,0.000665952917188406
2848560,0.00013712650979869068
2848716,3.929117519874126e-05
2848872,4.8800327931530774e-05
2849028,2.575329017417971e-05
2849184,5.07260047015734e-05
2849340,2.211587161582429e-05
2849496,3.4342250728514045e-05
2849652,1.3620017853099853e-05
2849808,8.153724775183946e-05
2849964,2.3789860279066488e-05
2850120,8.226122008636594e-05
2850276,0.00023549342586193234
2850432,0.0005750562995672226
2850588,0.0009469656506553292
2850744,4.564168193610385e-05
2850900,9.676923946244642e-05
2851056,0.001895503606647253
2851212,4.3951582483714446e-05
2851368,5.254294228507206e-05
2851524,7.976219785632566e-05
2851680,4.5570726797450334e-05
2851836,0.0001064062089426443
2851992,0.001836816081777215
2852148,0.0013951215660199523
2852304,0.0016653940547257662
2852460,0.00010749585635494441
2852616,0.0029332779813557863
2852772,3.95533861592412e-05
2852928,6.260984082473442e-05
2853084,0.0030078920535743237
2853240,0.00015307217836380005
2853396,6.812971696490422e-05
2853552,0.0010460165794938803
2853708,4.8290134145645425e-05
2853864,0.00013260316336527467
2854020,8.548814366804436e-05
2854176,0.00014940937398932874
2854332,0.00020014906476717442
2854488,0.003345214296132326
2854644,0.0016304877353832126
2854800,0.0006550495745614171
2854956,0.005939678754657507
2855112,0.004198946990072727
2855268,5.934426735620946e-05
2855424,0.0024108521174639463
2855580,8.071688353084028e-05
2855736,0.0005577224073931575
2855892,0.00017862326058093458
2856048,0.0001154295532614924
2856204,4.779406663146801e-05
2856360,3.205384928151034e-05
2856516,0.0019205211428925395
2856672,3.1500865588895977e-05
2856828,0.0051151602528989315
2856984,0.026600345969200134
2857140,6.648963608313352e-05
2857296,8.534458902431652e-05
2857452,0.0020843525417149067
2857608,0.00011014136543963104
2857764,8.929276373237371e-05
2857920,7.469241973012686e-05
2858076,8.958673424785957e-05
2858232,7.703281153226271e-05
2858388,0.0007896069437265396
2858544,0.004888607654720545
2858700,7.968199497554451e-05
2858856,0.005216402467340231
2859012,0.00012055539264110848
2859168,0.00013566220877692103
2859324,7.243208528961986e-05
2859480,4.7924182581482455e-05
2859636,8.315363083966076e-05
2859792,0.005265715066343546
2859948,0.0009960419265553355
2860104,3.535114956321195e-05
2860260,5.770120333181694e-05
2860416,3.370645936229266e-05
2860572,4.3661311792675406e-05
2860728,0.00028771409415639937
2860884,4.6218916395446286e-05
2861040,0.00014180995640344918
2861196,8.729504043003544e-05
2861352,0.0010501508368179202
2861508,0.0004202325944788754
2861664,7.836728764232248e-05
2861820,0.00033086701296269894
2861976,3.872701927321032e-05
2862132,0.002233136910945177
2862288,9.821986895985901e-05
2862444,0.00944378413259983
2862600,0.0008818017086014152
2862756,4.336608981247991e-05
2862912,0.008547821082174778
2863068,0.0022005506325513124
2863224,0.00013018687604926527
2863380,0.033166300505399704
2863536,2.3710073946858756e-05
2863692,2.201323331973981e-05
2863848,3.595479211071506e-05
2864004,0.00522293895483017
2864160,3.654645843198523e-05
2864316,4.2852494516409934e-05
2864472,5.828613939229399e-05
2864628,0.008444505743682384
2864784,0.002009456744417548
2864940,0.0004389932146295905
2865096,0.00010605979332467541
2865252,6.153712456580251e-05
2865408,3.126127558061853e-05
2865564,5.0595532229635864e-05
2865720,4.887900286121294e-05
2865876,6.294473132584244e-05
2866032,8.431161404587328e-05
2866188,3.014779940713197e-05
2866344,0.002470039762556553
2866500,4.041949432576075e-05
2866656,4.8195717681664973e-05
2866812,3.6904795706504956e-05
2866968,0.00010901397035922855
2867124,6.309535820037127e-05
2867280,4.781803363584913e-05
2867436,3.07233895000536e-05
2867592,0.005749897100031376
2867748,5.262991908239201e-05
2867904,0.0009622257202863693
2868060,0.00011567524779820815
2868216,6.526189099531621e-05
2868372,2.4384731659665704e-05
2868528,0.000365486484952271
2868684,7.01168755767867e-05
2868840,6.646438123425469e-05
2868996,0.019025040790438652
2869152,2.8334683520370163e-05
2869308,0.012106302194297314
2869464,0.00010803932673297822
2869620,4.7081004595384e-05
2869776,0.00048779655480757356
2869932,4.987134161638096e-05
2870088,0.00010952527372865006
2870244,0.00047980877570807934
2870400,9.167777898255736e-05
2870556,3.175671736244112e-05
2870712,0.0007278655539266765
2870868,0.0017440973315387964
2871024,0.005577426869422197
2871180,8.213709224946797e-05
2871336,0.00011467570584500208
2871492,0.0010485280072316527
2871648,0.001273146364837885
2871804,0.00027760633383877575
2871960,0.00027630908880382776
2872116,0.005458384286612272
2872272,0.00010926202230621129
2872428,0.0001471721043344587
2872584,3.421461588004604e-05
2872740,0.00041428382974117994
2872896,0.001002565142698586
2873052,0.0011487682349979877
2873208,7.572962931590155e-05
2873364,0.00010662174463504925
2873520,8.804791286820546e-05
2873676,2.638389378262218e-05
2873832,5.077360401628539e-05
2873988,0.00021769999875687063
2874144,0.0009923720499500632
2874300,0.00019260475528426468
2874456,2.1553974875132553e-05
2874612,7.239636033773422e-05
2874768,5.4206007916945964e-05
2874924,2.6877998607233167e-05
2875080,5.1554383389884606e-05
2875236,0.0005698205204680562
2875392,3.720740642165765e-05
2875548,6.992067210376263e-05
2875704,0.00038762783515267074
2875860,4.2910320189548656e-05
2876016,0.0002822715323418379
2876172,0.002592586912214756
2876328,6.15563549217768e-05
2876484,0.00011522911518113688
2876640,2.8817346901632845e-05
2876796,0.0001618264359422028
2876952,0.0003205370740033686
2877108,7.248980546137318e-05
2877264,0.011890101246535778
2877420,0.00014951077173464
2877576,0.0002661250764504075
2877732,8.807667472865433e-05
2877888,0.001995381433516741
2878044,0.000587781541980803
2878200,4.4465705286711454e-05
2878356,0.00014547855244018137
2878512,4.933713353239e-05
2878668,0.0019477361347526312
2878824,0.0003371797502040863
2878980,3.8295984268188477e-05
2879136,6.494136323453858e-05
2879292,7.304645259864628e-05
2879448,0.00018500017176847905
2879604,0.00011021945101674646
2879760,0.0001762599276844412
2879916,0.0007853452698327601
2880072,0.000295553938485682
2880228,6.521848263218999e-05
2880384,9.509444498689845e-05
2880540,2.0735649741254747e-05
2880696,2.3568529286421835e-05
2880852,0.011887406930327415
2881008,4.79374903079588e-05
2881164,6.188566476339474e-05
2881320,0.00017866818234324455
2881476,3.0235338272177614e-05
2881632,0.00011076405644416809
2881788,4.1795930883381516e-05
2881944,6.33142699371092e-05
2882100,2.896576188504696e-05
2882256,0.00022613460896536708
2882412,0.00014730423572473228
2882568,7.040931086521596e-05
2882724,3.209361602785066e-05
2882880,0.0020907605066895485
2883036,0.0001076905318768695
2883192,4.7855672164587304e-05
2883348,0.00026830140268430114
2883504,2.414759546809364e-05
2883660,1.6610541933914647e-05
2883816,2.5230703613488004e-05
2883972,0.0004952778108417988
2884128,2.807429336826317e-05
2884284,4.7040222852956504e-05
2884440,0.00019459112081676722
2884596,0.0004555401101242751
2884752,4.454460213310085e-05
2884908,0.00088565016631037
2885064,0.002211933955550194
2885220,0.0005866267601959407
2885376,5.6421115004923195e-05
2885532,0.00014261218893807381
2885688,0.0001845298829721287
2885844,6.169658445287496e-05
2886000,5.781153231509961e-05
2886156,0.00011097842070739716
2886312,4.0365437598666176e-05
2886468,2.4787208531051874e-05
2886624,8.915149373933673e-05
2886780,6.696621130686253e-05
2886936,2.8966689569642767e-05
2887092,4.7875812015263364e-05
2887248,5.670994141837582e-05
2887404,0.01270128320902586
2887560,0.04714328050613403
2887716,3.399468550924212e-05
2887872,0.00022021497716195881
2888028,6.556396692758426e-05
2888184,0.00011227843060623854
2888340,0.00011288817768217996
2888496,4.701878788182512e-05
2888652,0.00011126108438475057
2888808,0.0004301499866414815
2888964,8.501591946696863e-05
2889120,2.477015914337244e-05
2889276,2.7320009394316003e-05
2889432,4.5096508983988315e-05
2889588,0.005473845172673464
2889744,0.00014031669707037508
2889900,0.0008753231959417462
2890056,0.00031582932570017874
2890212,9.918746945913881e-05
2890368,0.0003283290134277195
2890524,7.847766391932964e-05
2890680,0.006521974224597216
2890836,0.00011755905870813876
2890992,8.134047675412148e-05
2891148,3.834340168396011e-05
2891304,5.935298395343125e-05
2891460,3.603811273933388e-05
2891616,4.080463259015232e-05
2891772,7.412647391902283e-05
2891928,6.676559132756665e-05
2892084,0.007754023652523756
2892240,0.00013079470954835415
2892396,0.000469680642709136
2892552,4.794790220330469e-05
2892708,3.8720780139556155e-05
2892864,0.0006653587333858013
2893020,0.0021579142194241285
2893176,0.00011697348963934928
2893332,3.1835432309890166e-05
2893488,0.0003943936026189476
2893644,0.0003988026874139905
2893800,0.00032802182249724865
2893956,5.3399824537336826e-05
2894112,3.084941999986768e-05
2894268,0.0001795488060452044
2894424,5.5952863476704806e-05
2894580,0.0001977017818717286
2894736,4.64001641375944e-05
2894892,0.0057405452243983746
2895048,2.4295699404319748e-05
2895204,3.168731927871704e-05
2895360,0.002099984558299184
2895516,3.484894841676578e-05
2895672,0.0002402238897047937
2895828,0.005461257416754961
2895984,5.100283306092024e-05
2896140,4.8415535275125876e-05
2896296,2.941612183349207e-05
2896452,3.420837310841307e-05
2896608,0.00041133674676530063
2896764,6.165476224850863e-05
2896920,0.00021226142416708171
2897076,4.931985677103512e-05
2897232,0.00016424116620328277
2897388,5.68685973121319e-05
2897544,0.0002069159090751782
2897700,0.0013521395158022642
2897856,0.0005700427573174238
2898012,5.74285804759711e-05
2898168,1.4745724911335856e-05
2898324,0.0022436147555708885
2898480,0.013274645432829857
2898636,0.0010087128030136228
2898792,0.00013703478907700628
2898948,0.00012170185800641775
2899104,3.853798261843622e-05
2899260,0.006007175426930189
2899416,6.827275501564145e-05
2899572,0.009244873188436031
2899728,5.8086839999305084e-05
2899884,3.738988743862137e-05
2900040,3.822637881967239e-05
2900196,0.00022812224051449448
2900352,0.002258653985336423
2900508,7.919478230178356e-05
2900664,2.893960481742397e-05
2900820,0.0004507609992288053
2900976,8.051953045651317e-05
2901132,0.0002693472197279334
2901288,0.00029729941161349416
2901444,4.420349796419032e-05
2901600,0.0009541870094835758
2901756,6.646657129749656e-05
2901912,2.78417192021152e-05
2902068,6.81047240504995e-05
2902224,0.015166488476097584
2902380,0.0001510953443357721
2902536,0.012089443393051624
2902692,0.00041007078834809363
2902848,0.000603485619649291
2903004,0.0002878020459320396
2903160,0.00015900094876997173
2903316,0.0001880526979221031
2903472,2.315376877959352e-05
2903628,5.233211413724348e-05
2903784,2.0475819837884046e-05
2903940,2.834297265508212e-05
2904096,4.204659126116894e-05
2904252,0.004665051121264696
2904408,0.0027908189222216606
2904564,0.0001903440715977922
2904720,0.0004845297080464661
2904876,8.738054748391733e-05
2905032,0.0003785139706451446
2905188,3.0367729777935892e-05
2905344,0.0001651854981901124
2905500,9.476809646002948e-05
2905656,0.00011009741865564138
2905812,0.00014629511861130595
2905968,0.00012386791058816016
2906124,0.00013165551354177296
2906280,7.733462553005666e-05
2906436,0.009438264183700085
2906592,3.337953967275098e-05
2906748,3.9759375795256346e-05
2906904,3.1743009458296e-05
2907060,6.305116403382272e-05
2907216,0.005121428053826094
2907372,3.330671461299062e-05
2907528,0.012924395501613617
2907684,8.872237958712503e-05
2907840,0.0009122698102146387
2907996,0.00020903529366478324
2908152,0.01092382799834013
2908308,0.00012610110570676625
2908464,0.00025589813594706357
2908620,5.951640923740342e-05
2908776,0.0032582925632596016
2908932,2.9612472644657828e-05
2909088,0.00017446072888560593
2909244,0.00011932574852835387
2909400,5.876259092474356e-05
2909556,0.0001529526198282838
2909712,0.0009140338515862823
2909868,6.140036566648632e-05
2910024,0.0001634699438000098
2910180,9.366465383209288e-05
2910336,0.012081476859748363
2910492,0.002859035274013877
2910648,0.005866409279406071
2910804,0.008460071869194508
2910960,0.0019864195492118597
2911116,0.026590125635266304
2911272,0.0013391260290518403
2911428,0.02862851321697235
2911584,0.00017229662626050413
2911740,6.157228199299425e-05
2911896,6.715260678902268e-05
2912052,7.111077866284177e-05
2912208,5.751179560320452e-05
2912364,0.0008454000344499946
2912520,5.2349481848068535e-05
2912676,2.5285808078479022e-05
2912832,4.8141188017325476e-05
2912988,2.263342685182579e-05
2913144,0.0005477878148667514
2913300,2.3093838535714895e-05
2913456,0.0006158816395327449
2913612,1.1363255907781422e-05
2913768,4.694806193583645e-05
2913924,2.918879545177333e-05
2914080,0.00020834384486079216
2914236,2.7683679945766926e-05
2914392,3.3329895813949406e-05
2914548,2.7230016712564975e-05
2914704,6.418544217012823e-05
2914860,0.00020615968969650567
2915016,4.693603841587901e-05
2915172,0.003272084752097726
2915328,0.00012148469977546483
2915484,4.369471935206093e-05
2915640,0.0002028432791121304
2915796,4.1712948586791754e-05
2915952,0.00011840900697279721
2916108,2.4649580154800788e-05
2916264,8.332595461979508e-05
2916420,2.9443532184814103e-05
2916576,9.699391375761479e-05
2916732,2.4766924980212934e-05
2916888,0.00011020842794096097
2917044,5.728422911488451e-05
2917200,0.0038801769260317087
2917356,0.00015803416317794472
2917512,5.7621666201157495e-05
2917668,2.6112353225471452e-05
2917824,0.0019585422705858946
2917980,0.0005213512922637165
2918136,0.019839420914649963
2918292,0.00023666478227823973
2918448,0.00010566902346909046
2918604,5.34599348611664e-05
2918760,0.0007142794784158468
2918916,3.733392441063188e-05
2919072,6.650329305557534e-05
2919228,2.8192745958222076e-05
2919384,5.696167136193253e-05
2919540,5.950401828158647e-05
2919696,0.0007471126154996455
2919852,0.0001384856441291049
2920008,9.527403744868934e-05
2920164,0.00010324831237085164
2920320,6.0552829381776974e-05
2920476,0.0021203949581831694
2920632,3.477285281405784e-05
2920788,4.394801362650469e-05
2920944,8.797753980616108e-05
2921100,0.00015737058129161596
2921256,7.531925803050399e-05
2921412,2.9866749173379503e-05
2921568,2.6454945327714086e-05
2921724,1.5923436876619235e-05
2921880,1.962918213394005e-05
2922036,0.0005133171798661351
2922192,3.3431620977353305e-05
2922348,3.8928177673369646e-05
2922504,0.00020165830210316926
2922660,3.498336809570901e-05
2922816,0.012891768477857113
2922972,5.0932951126014814e-05
2923128,6.164229853311554e-05
2923284,0.00015520337910857052
2923440,0.0005613865796476603
2923596,5.1742394134635106e-05
2923752,4.13655252486933e-05
2923908,2.0582976503646933e-05
2924064,4.0589089621789753e-05
2924220,6.086705616326071e-05
2924376,3.468637805781327e-05
2924532,2.8463189664762467e-05
2924688,3.6313220334704965e-05
2924844,0.021298784762620926
2925000,0.012803304940462112
2925156,0.00016985880210995674
2925312,0.00013990201114211231
2925468,4.952066228725016e-05
2925624,9.349912579637021e-05
2925780,0.0005899788229726255
2925936,0.0003269504231866449
2926092,3.790051778196357e-05
2926248,0.010139585472643375
2926404,0.000214936095289886
2926560,6.910915544722229e-05
2926716,0.0001300952717429027
2926872,0.00010076772014144808
2927028,0.002293097320944071
2927184,0.00021452608052641153
2927340,0.00013379786105360836
2927496,5.5925193009898067e-05
2927652,0.0009239194332621992
2927808,8.218262519221753e-05
2927964,9.139030589722097e-05
2928120,0.002938859397545457
2928276,6.34308744338341e-05
2928432,4.128530417801812e-05
2928588,0.00272295530885458
2928744,0.00044202464050613344
2928900,0.002265022601932287
2929056,0.00020974564540665597
2929212,0.00024356051289942116
2929368,0.0001755217817844823
2929524,0.035786859691143036
2929680,2.2270734916673973e-05
2929836,0.006438467185944319
2929992,0.00027011000202037394
2930148,0.008693908341228962
2930304,6.519352609757334e-05
2930460,9.315093484474346e-05
2930616,3.991684934590012e-05
2930772,6.771137122996151e-05
2930928,3.6807177821174264e-05
2931084,0.0024905321188271046
2931240,3.595762245822698e-05
2931396,4.763481774716638e-05
2931552,7.576224743388593e-05
2931708,0.00016654853243380785
2931864,0.00012072065146639943
2932020,0.00017595849931240082
2932176,4.596872167894617e-05
2932332,0.00028402949101291597
2932488,0.0001869370462372899
2932644,8.277189772343263e-05
2932800,0.00013138714712113142
2932956,0.0007727056508883834
2933112,7.21518081263639e-05
2933268,6.569812831003219e-05
2933424,5.845790292369202e-05
2933580,0.0010548734571784735
2933736,0.00017691697576083243
2933892,0.00016086260438896716
2934048,9.405449964106083e-05
2934204,0.00016606939607299864
2934360,6.10516726737842e-05
2934516,7.45282304706052e-05
2934672,7.743061723886058e-05
2934828,6.296078208833933e-05
2934984,0.0002764888049568981
2935140,0.00011581165745155886
2935296,6.153738650027663e-05
2935452,0.00012150639668107033
2935608,4.3875992560060695e-05
2935764,0.00011166263720951974
2935920,7.005520456004888e-05
2936076,0.0004298007406760007
2936232,0.0003473494725767523
2936388,0.00015786662697792053
2936544,6.2571358284913e-05
2936700,0.0001435589510947466
2936856,9.879686695057899e-05
2937012,0.005323426332324743
2937168,1.975231134565547e-05
2937324,8.936318045016378e-05
2937480,4.2629319068510085e-05
2937636,1.3403853699855972e-05
2937792,5.909994069952518e-05
2937948,5.9680874983314425e-05
2938104,0.0001701841683825478
2938260,3.827494947472587e-05
2938416,3.0449244150076993e-05
2938572,2.346968904021196e-05
2938728,4.902823275187984e-05
2938884,7.208329043351114e-05
2939040,0.00032372382702305913
2939196,0.0002549411146901548
2939352,0.00015160712064243853
2939508,2.109688284690492e-05
2939664,7.068215927574784e-05
2939820,6.549875251948833e-05
2939976,0.0001043841039063409
2940132,0.0028714698273688555
2940288,6.486516940640286e-05
2940444,5.3765288612339646e-05
2940600,3.943212504964322e-05
2940756,8.260049798991531e-05
2940912,1.6343970855814405e-05
2941068,2.6926994905807078e-05
2941224,7.777978316880763e-05
2941380,0.00023452263849321753
2941536,4.764126424561255e-05
2941692,2.2437674488173798e-05
2941848,0.004984703380614519
2942004,7.393202395178378e-05
2942160,0.000488387537188828
2942316,3.682873648358509e-05
2942472,0.0001956600754056126
2942628,0.00020162093278486282
2942784,8.927095041144639e-05
2942940,0.0004533073224592954
2943096,0.0001599316019564867
2943252,0.00012787980085704476
2943408,6.315361679298803e-05
2943564,2.8758302505593747e-05
2943720,8.866158168530092e-05
2943876,3.212189767509699e-05
2944032,0.00025347122573293746
2944188,6.137529271654785e-05
2944344,4.2686035158112645e-05
2944500,0.0072655756957829
2944656,0.0009309317101724446
2944812,2.9032267775619403e-05
2944968,0.004678256344050169
2945124,5.024182974011637e-05
2945280,0.005345101468265057
2945436,0.0005976241664029658
2945592,0.001695434097200632
2945748,4.456523311091587e-05
2945904,7.383943011518568e-05
2946060,2.094428418786265e-05
2946216,0.005357108544558287
2946372,5.7120454584946856e-05
2946528,0.0002482199342921376
2946684,3.242462844355032e-05
2946840,9.852446964941919e-05
2946996,0.0011518641840666533
2947152,0.00748079176992178
2947308,0.0004877796454820782
2947464,3.322171323816292e-05
2947620,0.004243569914251566
2947776,2.401461824774742e-05
2947932,6.895164551679045e-05
2948088,2.384816252742894e-05
2948244,0.0006123606581240892
2948400,4.5545206376118585e-05
2948556,5.1194925617892295e-05
2948712,4.720479410025291e-05
2948868,4.476595495361835e-05
2949024,0.00039164655026979744
2949180,2.6132258426514454e-05
2949336,0.0013286333996802568
2949492,3.3718763006618246e-05
2949648,5.397537461249158e-05
2949804,0.0003867336781695485
2949960,0.00012927150237374008
2950116,2.759436029009521e-05
2950272,0.0022544099483639
2950428,0.00010062376532005146
2950584,2.3573385988129303e-05
2950740,4.3872263631783426e-05
2950896,0.00011923699639737606
2951052,0.0038655244279652834
2951208,9.006920299725607e-05
2951364,3.0321483791340142e-05
2951520,7.666434976272285e-05
2951676,0.0010236494708806276
2951832,8.7317792349495e-05
2951988,0.00015437199908774346
2952144,0.002725024241954088
2952300,0.00010490574641153216
2952456,0.0005252710543572903
2952612,0.0032156871166080236
2952768,8.914191130315885e-05
2952924,0.0026660882867872715
2953080,4.47720849479083e-05
2953236,5.18246233696118e-05
2953392,0.0209928248077631
2953548,4.270735735190101e-05
2953704,0.002959128003567457
2953860,0.01206020638346672
2954016,0.0002665458305273205
2954172,0.0067345998249948025
2954328,0.00011258867743890733
2954484,6.241916707949713e-05
2954640,6.845836469437927e-05
2954796,0.00015951901150401682
2954952,0.0010712286457419395
2955108,0.011877543292939663
2955264,4.755257032229565e-05
2955420,0.001425679656676948
2955576,7.244283187901601e-05
2955732,3.0767900170758367e-05
2955888,4.577057552523911e-05
2956044,0.0003539204190019518
2956200,0.00018304494733456522
2956356,0.003480650717392564
2956512,8.271083061117679e-05
2956668,0.00015289841394405812
2956824,0.0003901724121533334
2956980,2.9610762794618495e-05
2957136,6.785965524613857e-05
2957292,3.9877850213088095e-05
2957448,0.00014337871107272804
2957604,0.0001828506647143513
2957760,9.813651558943093e-05
2957916,4.80321905342862e-05
2958072,8.791498112259433e-05
2958228,5.462814442580566e-05
2958384,0.000726356403902173
2958540,0.0028931840788573027
2958696,0.0008154951501637697
2958852,8.89710572664626e-05
2959008,6.17194309597835e-05
2959164,0.00018655185704119503
2959320,4.4676304241875187e-05
2959476,8.36369872558862e-05
2959632,2.833300459315069e-05
2959788,0.00022011938563082367
2959944,8.164101745933294e-05
2960100,6.193347508087754e-05
2960256,4.702394289779477e-05
2960412,6.78912183502689e-05
2960568,2.244925417471677e-05
2960724,0.009710310027003288
2960880,7.999663648661226e-05
2961036,0.0001343262556474656
2961192,0.0065947300754487514
2961348,4.770730811287649e-05
2961504,0.00011330263077979907
2961660,9.684044925961643e-05
2961816,0.0002368063578614965
2961972,9.816991223488003e-05
2962128,0.0034377987030893564
2962284,0.0009427401819266379
2962440,0.0015132412081584334
2962596,0.00025315157836303115
2962752,0.0002516676322557032
2962908,0.0019512544386088848
2963064,9.167502139462158e-05
2963220,2.4905439204303548e-05
2963376,0.00015084056940395385
2963532,0.017307117581367493
2963688,6.5040891058743e-05
2963844,9.245348337572068e-05
2964000,0.0011550852796062827
2964156,6.865066825412214e-05
2964312,3.593668225221336e-05
2964468,8.950023766374215e-05
2964624,0.002272262703627348
2964780,3.674352774396539e-05
2964936,0.0022479123435914516
2965092,5.160228465683758e-05
2965248,3.1856212444836274e-05
2965404,3.0437748137046583e-05
2965560,2.3343858629232273e-05
2965716,6.803551514167339e-05
2965872,2.619510269141756e-05
2966028,0.0009235774050466716
2966184,0.002273219171911478
2966340,0.00010463378566782922
2966496,3.2154799555428326e-05
2966652,0.0025225025601685047
2966808,0.00012659312051255256
2966964,4.366277062217705e-05
2967120,3.765252040466294e-05
2967276,3.8554586353711784e-05
2967432,2.824063631123863e-05
2967588,5.2335097279865295e-05
2967744,2.6980422262568027e-05
2967900,0.00017515834770165384
2968056,0.0025264639407396317
2968212,0.00034830099320970476
2968368,4.971507951267995e-05
2968524,0.0012191419955343008
2968680,1.7905271306517534e-05
2968836,0.030148223042488098
2968992,0.0008182014571502805
2969148,5.472914926940575e-05
2969304,8.785234240349382e-05
2969460,3.383871080586687e-05
2969616,2.3531894839834422e-05
2969772,0.02249951660633087
2969928,7.549288420705125e-05
2970084,4.291161894798279e-05
2970240,2.6294446797692217e-05
2970396,7.606351573485881e-05
2970552,0.02083272859454155
2970708,0.00013712092186324298
2970864,9.618586773285642e-05
2971020,9.88927495200187e-05
2971176,6.730899622198194e-05
2971332,0.0025094887241721153
2971488,9.023956954479218e-05
2971644,0.00015315509517677128
2971800,0.0002062209096038714
2971956,3.312768239993602e-05
2972112,0.001012796419672668
2972268,0.00017953933274839073
2972424,9.143533679889515e-05
2972580,5.253042763797566e-05
2972736,9.311433677794412e-05
2972892,0.00013809675874654204
2973048,3.3137795981019735e-05
2973204,6.572807615157217e-05
2973360,6.339838000712916e-05
2973516,0.0012786230072379112
2973672,0.00011134537635371089
2973828,0.0008624829933978617
2973984,0.006336037535220385
2974140,3.3009928301908076e-05
2974296,0.0052102431654930115
2974452,6.820673297625035e-05
2974608,0.005481507629156113
2974764,2.51283090619836e-05
2974920,3.8124213460832834e-05
2975076,0.00010269594349665567
2975232,0.0008479994139634073
2975388,8.996175165520981e-05
2975544,1.9585620975703932e-05
2975700,3.189603012287989e-05
2975856,7.490022107958794e-05
2976012,2.6106106815859675e-05
2976168,1.2288067409826908e-05
2976324,0.002515549538657069
2976480,2.575318649178371e-05
2976636,1.7243339243577793e-05
2976792,2.990954635606613e-05
2976948,2.7140540623804554e-05
2977104,0.0023432171437889338
2977260,5.1497358072083443e-05
2977416,4.4905234972247854e-05
2977572,6.774747453164309e-05
2977728,6.205684621818364e-05
2977884,2.7190044420422055e-05
2978040,1.6784097169875167e-05
2978196,0.0048860423266887665
2978352,0.008529087528586388
2978508,0.021723486483097076
2978664,0.00035031934385187924
2978820,3.1768871849635616e-05
2978976,6.779396790079772e-05
2979132,4.270307545084506e-05
2979288,5.946036253590137e-05
2979444,4.550977610051632e-05
2979600,7.158612424973398e-05
2979756,3.704100163304247e-05
2979912,7.102084055077285e-05
2980068,1.1687760888889898e-05
2980224,2.7114067052025348e-05
2980380,0.00021632439165841788
2980536,7.999671652214602e-05
2980692,0.014714314602315426
2980848,0.00046956836013123393
2981004,0.0005567584885284305
2981160,6.40633879811503e-05
2981316,4.8137160774786025e-05
2981472,2.2697398890159093e-05
2981628,0.015281939879059792
2981784,8.248354424722493e-05
2981940,9.953182598110288e-06
2982096,3.135375663987361e-05
2982252,0.0001094441395252943
2982408,0.013739921152591705
2982564,6.619682244490832e-05
2982720,7.11969260009937e-05
2982876,5.316867463989183e-05
2983032,5.06316646351479e-05
2983188,7.71903432905674e-05
2983344,0.0001489856804255396
2983500,0.0001199982943944633
2983656,0.003721907502040267
2983812,6.833621591795236e-05
2983968,0.00013626948930323124
2984124,4.065660323249176e-05
2984280,9.732120088301599e-05
2984436,0.010812257416546345
2984592,1.4375134924193844e-05
2984748,8.39701242512092e-05
2984904,8.836918277665973e-05
2985060,3.98763149860315e-05
2985216,3.533007111400366e-05
2985372,2.3362521460512653e-05
2985528,1.9331353541929275e-05
2985684,0.0038473964668810368
2985840,0.01203204970806837
2985996,0.0011569710914045572
2986152,0.0001399811008013785
2986308,5.526848690351471e-05
2986464,0.012153672985732555
2986620,7.498558261431754e-05
2986776,0.014972084201872349
2986932,6.778264651075006e-05
2987088,0.00012795023212675005
2987244,0.000471429229946807
2987400,0.0006254746695049107
2987556,5.479867468238808e-05
2987712,6.0396203480195254e-05
2987868,3.1539497285848483e-05
2988024,6.662635132670403e-05
2988180,5.473634519148618e-05
2988336,4.76095374324359e-05
2988492,5.8642937801778316e-05
2988648,1.0716097676777281e-05
2988804,2.1009129341109656e-05
2988960,2.483866410329938e-05
2989116,3.497851503198035e-05
2989272,0.0030727232806384563
2989428,0.00012263299140613526
2989584,3.350394035805948e-05
2989740,5.3063758969074115e-05
2989896,3.0103165045147762e-05
2990052,2.4871011191862635e-05
2990208,3.737939550774172e-05
2990364,0.0002176714624511078
2990520,2.4062406737357378e-05
2990676,9.431357466382906e-05
2990832,0.006198474671691656
2990988,0.005755777005106211
2991144,1.2868623343820218e-05
2991300,4.950672519044019e-05
2991456,3.288942389190197e-05
2991612,0.002185388933867216
2991768,0.0033503687009215355
2991924,0.0015110927633941174
2992080,7.439323962898925e-05
2992236,0.0004502306110225618
2992392,0.00012178297765785828
2992548,0.00011113757500424981
2992704,0.00010056873725261539
2992860,5.827387940371409e-05
2993016,0.0006721099489368498
2993172,0.0035703671164810658
2993328,8.653125405544415e-05
2993484,3.0793209589319304e-05
2993640,0.0005914688808843493
2993796,0.0001183248677989468
2993952,8.299098408315331e-05
2994108,0.001707175630144775
2994264,0.00011315605661366135
2994420,5.274985596770421e-05
2994576,0.002602607710286975
2994732,0.0001419094915036112
2994888,0.00021462436416186392
2995044,0.0001944569667102769
2995200,9.876484546111897e-05
2995356,3.193513839505613e-05
2995512,0.00026718017761595547
2995668,3.6448691389523447e-05
2995824,0.00010177178774029016
2995980,0.0006843979936093092
2996136,0.003090287558734417
2996292,6.528959784191102e-05
2996448,6.218865019036457e-05
2996604,2.41775851463899e-05
2996760,8.830996375763789e-05
2996916,3.790644041146152e-05
2997072,2.4565331841586158e-05
2997228,0.0007518291822634637
2997384,7.041313801892102e-05
2997540,6.79888398735784e-05
2997696,5.041645636083558e-05
2997852,4.8591675295028836e-05
2998008,0.00017781573114916682
2998164,0.013856571167707443
2998320,7.177759107435122e-05
2998476,3.808346082223579e-05
2998632,4.258694752934389e-05
2998788,9.358680108562112e-05
2998944,0.012545259669423103
2999100,0.00012936725397594273
2999256,0.00019027353846468031
2999412,0.0013235541991889477
2999568,0.00014613644452765584
2999724,6.389771442627534e-05
2999880,0.0046337079256772995
3000036,0.0011417638743296266
3000192,0.0005564876482822001
3000348,2.5890671167871915e-05
3000504,0.0006126927910372615
3000660,7.265283056767657e-05
3000816,6.384061998687685e-05
3000972,4.370089664007537e-05
3001128,0.00019876245642080903
3001284,4.4238855480216444e-05
3001440,5.978125045658089e-05
3001596,7.327828643610701e-05
3001752,0.024851888418197632
3001908,4.356239878688939e-05
3002064,0.00015403243014588952
3002220,3.873045716318302e-05
3002376,2.6372686988906935e-05
3002532,4.698596239904873e-05
3002688,5.431823228718713e-05
3002844,0.00015730525774415582
3003000,0.0004470336134545505
3003156,2.4214958102675155e-05
3003312,0.007733508013188839
3003468,4.2422507249284536e-05
3003624,0.00013353987014852464
3003780,0.006813988089561462
3003936,0.0012106471695005894
3004092,7.563219696749002e-05
3004248,2.353855779801961e-05
3004404,2.8377036869642325e-05
3004560,9.111818508245051e-05
3004716,5.596944174612872e-05
3004872,4.50747502327431e-05
3005028,0.0001379673194605857
3005184,0.0019316172692924738
3005340,0.002015332691371441
3005496,0.000940559315495193
3005652,0.00013208840391598642
3005808,8.669159433338791e-05
3005964,5.8527330111246556e-05
3006120,0.0002147636841982603
3006276,6.965063221286982e-05
3006432,3.8410093111451715e-05
3006588,2.225656498922035e-05
3006744,3.5599507100414485e-05
3006900,0.0004327596689108759
3007056,0.00014396484766621143
3007212,0.0001321632444160059
3007368,4.614025601767935e-05
3007524,6.0274494899204e-05
3007680,3.801207640208304e-05
3007836,0.005586179904639721
3007992,5.520383274415508e-05
3008148,0.0001241618738276884
3008304,0.00011017917131539434
3008460,3.897523129126057e-05
3008616,0.000646644679363817
3008772,2.3828257326385938e-05
3008928,6.582900823559612e-05
3009084,0.012962416745722294
3009240,3.1281873816624284e-05
3009396,2.135335307684727e-05
3009552,1.3927216059528291e-05
3009708,0.004769723396748304
3009864,2.3877186322351918e-05
3010020,1.3552100426750258e-05
3010176,0.005373137071728706
3010332,0.00048772175796329975
3010488,0.00021787699370179325
3010644,9.469193901168182e-05
3010800,1.9608687580330297e-05
3010956,0.0003869798965752125
3011112,0.0005889978492632508
3011268,0.000683409976772964
3011424,0.016565654426813126
3011580,5.0186412408947945e-05
3011736,4.58202266599983e-05
3011892,0.0014051005709916353
3012048,0.0048940470442175865
3012204,9.131820843322203e-05
3012360,6.906723137944937e-05
3012516,5.010481254430488e-05
3012672,5.834530747961253e-05
3012828,4.777101275976747e-05
3012984,8.848647848935798e-05
3013140,4.550203084363602e-05
3013296,7.196216029115021e-05
3013452,0.004120179917663336
3013608,0.00021454491070471704
3013764,0.0003076934954151511
3013920,0.0003081436443608254
3014076,4.168569284956902e-05
3014232,4.1156072256853804e-05
3014388,0.0001932438462972641
3014544,0.013550864532589912
3014700,0.0010213428176939487
3014856,6.27755798632279e-05
3015012,3.876710616168566e-05
3015168,7.295428804354742e-05
3015324,0.0004649788315873593
3015480,5.137087282491848e-05
3015636,6.41822480247356e-05
3015792,7.003107748460025e-05
3015948,4.897199687547982e-05
3016104,6.38585479464382e-05
3016260,5.2953117119614035e-05
3016416,6.294874765444547e-05
3016572,4.708403503173031e-05
3016728,0.00017726798250805587
3016884,0.003383513307198882
3017040,0.00018893927335739136
3017196,1.9507870092638768e-05
3017352,3.876133632729761e-05
3017508,6.37108605587855e-05
3017664,0.008790659718215466
3017820,0.0001996378123294562
3017976,0.0033703469671308994
3018132,0.00010085536632686853
3018288,0.012563648633658886
3018444,6.917925202287734e-05
3018600,9.240605868399143e-05
3018756,8.608775533502921e-05
3018912,2.869343188649509e-05
3019068,4.241760689183138e-05
3019224,6.177536852192134e-05
3019380,6.060200394131243e-05
3019536,2.5672448828117922e-05
3019692,2.2927553800400347e-05
3019848,0.00046500121243298054
3020004,8.81981395650655e-05
3020160,1.861519558588043e-05
3020316,0.0008790611173026264
3020472,2.5837334760581143e-05
3020628,3.069799277000129e-05
3020784,0.0015512416139245033
3020940,2.369317735428922e-05
3021096,2.4118424335028976e-05
3021252,2.1115749404998496e-05
3021408,6.53289316687733e-05
3021564,4.635840014088899e-05
3021720,4.853690188610926e-05
3021876,6.885995389893651e-05
3022032,3.8788741221651435e-05
3022188,0.00012916534615214914
3022344,5.695876097888686e-05
3022500,0.00011194764374522492
3022656,9.083159966394305e-05
3022812,0.01424160785973072
3022968,0.006004554685205221
3023124,4.148775769863278e-05
3023280,4.698775228462182e-05
3023436,0.0009012400405481458
3023592,8.357840124517679e-05
3023748,6.693224713671952e-05
3023904,6.072290489100851e-05
3024060,0.00021281330555211753
3024216,0.00022780679864808917
3024372,0.00018827617168426514
3024528,9.59497265284881e-05
3024684,0.028710775077342987
3024840,0.00026462500682100654
3024996,8.649130177218467e-05
3025152,0.00011205840564798564
3025308,3.462458698777482e-05
3025464,9.347675950266421e-05
3025620,0.0025425248313695192
3025776,0.008628644980490208
3025932,0.002027412410825491
3026088,0.0021836990490555763
3026244,0.002160170814022422
3026400,0.0002394495822954923
3026556,0.005074136424809694
3026712,0.00012990858522243798
3026868,0.0001080153087968938
3027024,0.0011979672126471996
3027180,0.004989911802113056
3027336,8.634405094198883e-05
3027492,8.89494622242637e-05
3027648,0.00027983536710962653
3027804,3.140338230878115e-05
3027960,4.552326936391182e-05
3028116,3.7814988900208846e-05
3028272,2.364147439948283e-05
3028428,2.8987453333684243e-05
3028584,0.00020175274403300136
3028740,4.568668009596877e-05
3028896,0.00013591416063718498
3029052,4.414160503074527e-05
3029208,0.00257664592936635
3029364,0.0016808093059808016
3029520,7.543614628957585e-05
3029676,4.569200609694235e-05
3029832,0.003635871224105358
3029988,0.0001878477487480268
3030144,8.017100481083617e-05
3030300,7.136945350794122e-05
3030456,8.177438576240093e-05
3030612,9.051448432728648e-05
3030768,0.0008302796632051468
3030924,0.00012368735042400658
3031080,0.0015631815185770392
3031236,0.0015865527093410492
3031392,3.4660981327760965e-05
3031548,0.0003850911743938923
3031704,5.0122514949180186e-05
3031860,0.007762986235320568
3032016,0.000239136817981489
3032172,4.299412830732763e-05
3032328,3.323825148981996e-05
3032484,4.8450659960508347e-05
3032640,4.0776583773549646e-05
3032796,3.8822290662210435e-05
3032952,4.523062671069056e-05
3033108,0.01719190925359726
3033264,0.0009081874741241336
3033420,2.7690537535818294e-05
3033576,2.6566111046122387e-05
3033732,5.128686461830512e-05
3033888,3.5318666050443426e-05
3034044,0.019358638674020767
3034200,0.000633584801107645
3034356,8.404298569075763e-05
3034512,0.009956667199730873
3034668,2.6631381842889823e-05
3034824,4.724482278106734e-05
3034980,5.6867822422645986e-05
3035136,0.00011649649241007864
3035292,3.919656955986284e-05
3035448,0.00015758645895402879
3035604,0.0004454848822206259
3035760,0.000421467557316646
3035916,0.00010428113455418497
3036072,5.239580059424043e-05
3036228,3.9509497582912445e-05
3036384,2.8688185921055265e-05
3036540,0.0056049032136797905
3036696,5.103981675347313e-05
3036852,0.010130161419510841
3037008,7.460315100615844e-05
3037164,4.410415931488387e-05
3037320,5.6525801483076066e-05
3037476,3.9545535400975496e-05
3037632,0.00010593462502583861
3037788,3.767557063838467e-05
3037944,3.811263741226867e-05
3038100,3.448050847509876e-05
3038256,0.00010914304584730417
3038412,0.00025419218582101166
3038568,6.0282844060566276e-05
3038724,2.544264316384215e-05
3038880,8.099050319287926e-05
3039036,0.0006468204082921147
3039192,5.690074249287136e-05
3039348,0.0015671014552935958
3039504,0.043673962354660034
3039660,0.0003309727762825787
3039816,0.0003860057913698256
3039972,9.481515735387802e-05
3040128,6.088345980970189e-05
3040284,3.919090158888139e-05
3040440,0.00023730724933557212
3040596,5.535723175853491e-05
3040752,0.0001153361372416839
3040908,0.00017442846728954464
3041064,6.666038098046556e-05
3041220,0.0002898027596529573
3041376,0.00013914894952904433
3041532,4.2619885789463297e-05
3041688,0.0013380938908085227
3041844,0.00019458569295238703
3042000,8.683941268827766e-05
3042156,0.00013187236618250608
3042312,8.568847260903567e-05
3042468,0.00018834773800335824
3042624,2.390008739894256e-05
3042780,2.6993020583176985e-05
3042936,0.005568834487348795
3043092,1.7781851056497544e-05
3043248,0.00016341856098733842
3043404,0.0006452936795540154
3043560,4.527345663518645e-05
3043716,3.77463802578859e-05
3043872,2.5056451704585925e-05
3044028,0.00010879639739869162
3044184,3.576194285415113e-05
3044340,4.377535151434131e-05
3044496,3.6433506465982646e-05
3044652,5.275466537568718e-05
3044808,6.982217018958181e-05
3044964,0.00016490547568537295
3045120,9.816385863814503e-05
3045276,7.523255771957338e-05
3045432,0.0007945034885779023
3045588,0.009801076725125313
3045744,0.00198910990729928
3045900,0.0048933508805930614
3046056,2.0677751308539882e-05
3046212,0.003407163079828024
3046368,0.008948491886258125
3046524,0.0009105216013267636
3046680,2.9045939299976453e-05
3046836,0.021788008511066437
3046992,4.298271960578859e-05
3047148,8.713565330253914e-05
3047304,5.360168870538473e-05
3047460,7.773244578856975e-05
3047616,0.0054711089469492435
3047772,4.3786654714494944e-05
3047928,2.6648720449884422e-05
3048084,2.2522992367157713e-05
3048240,3.692607060656883e-05
3048396,5.035055801272392e-05
3048552,2.0599054550984874e-05
3048708,4.104620165890083e-05
3048864,0.012695380486547947
3049020,4.146298306295648e-05
3049176,5.5635598982917145e-05
3049332,2.4776389182079583e-05
3049488,1.86330325959716e-05
3049644,0.0021493008825927973
3049800,7.086624100338668e-05
3049956,0.0004348688235040754
3050112,5.2828952902927995e-05
3050268,2.547451003920287e-05
3050424,2.852653051377274e-05
3050580,3.838572956738062e-05
3050736,0.00019355237600393593
3050892,4.0706836443860084e-05
3051048,0.0004960195510648191
3051204,0.012443813495337963
3051360,3.1018895242596045e-05
3051516,0.00013295645476318896
3051672,0.005751237738877535
3051828,1.7269112504436634e-05
3051984,0.002591850468888879
3052140,1.7565507732797414e-05
3052296,2.9220283977338113e-05
3052452,7.906212704256177e-05
3052608,3.3481392165413126e-05
3052764,0.0002261019981233403
3052920,2.5191717213601805e-05
3053076,3.544578066794202e-05
3053232,2.0208080968586728e-05
3053388,0.004478201270103455
3053544,0.0008819337817840278
3053700,1.9291608623461798e-05
3053856,4.783026815857738e-05
3054012,3.840309727820568e-05
3054168,0.013208440504968166
3054324,0.00019287047325633466
3054480,6.539021705975756e-05
3054636,0.0038197601679712534
3054792,6.966982618905604e-05
3054948,4.67438658233732e-05
3055104,7.724895840510726e-05
3055260,0.03382477909326553
3055416,0.0044520553201437
3055572,3.42406565323472e-05
3055728,1.1457685104687698e-05
3055884,0.00026834639720618725
3056040,0.0007552215829491615
3056196,0.0146857388317585
3056352,3.901928721461445e-05
3056508,1.7112732166424394e-05
3056664,7.826296496205032e-05
3056820,4.5684981159865856e-05
3056976,0.02816067263484001
3057132,0.007246696390211582
3057288,6.669049616903067e-05
3057444,0.0003403267764952034
3057600,0.0001402342168148607
3057756,0.0026862502563744783
3057912,0.0001775546552380547
3058068,0.0019522369839251041
3058224,0.00013901408237870783
3058380,0.0002958669210784137
3058536,0.0005047477316111326
3058692,0.01700018346309662
3058848,0.007638969458639622
3059004,0.023350726813077927
3059160,7.275842654053122e-05
3059316,0.00040500107570551336
3059472,0.00015549446106888354
3059628,0.022061213850975037
3059784,0.0006251042359508574
3059940,0.008428993634879589
3060096,0.008342946879565716
3060252,0.01339934766292572
3060408,5.388069985201582e-05
3060564,1.8152382835978642e-05
3060720,0.012822848744690418
3060876,2.7597016014624387e-05
3061032,4.223401265335269e-05
3061188,2.035517172771506e-05
3061344,1.8935559637611732e-05
3061500,1.870328196673654e-05
3061656,5.201941530685872e-05
3061812,0.01227621641010046
3061968,4.391541369841434e-05
3062124,6.224375101737678e-05
3062280,4.5210941607365385e-05
3062436,0.0018401510315015912
3062592,0.0014908117009326816
3062748,4.086937042302452e-05
3062904,2.0553523427224718e-05
3063060,0.0014156601391732693
3063216,2.3202843294711784e-05
3063372,1.4786138308409136e-05
3063528,1.787976907507982e-05
3063684,4.151002212893218e-05
3063840,3.09819370158948e-05
3063996,0.00019596393394749612
3064152,4.0370730857830495e-05
3064308,7.654995715711266e-05
3064464,0.001037579495459795
3064620,3.7808185879839584e-05
3064776,0.005133413709700108
3064932,8.228861406678334e-05
3065088,4.901813736069016e-05
3065244,3.920634480891749e-05
3065400,0.00027179147582501173
3065556,0.0026643360033631325
3065712,4.219163747620769e-05
3065868,9.628675616113469e-05
3066024,5.1135371904820204e-05
3066180,7.099666981957853e-05
3066336,2.7341331588104367e-05
3066492,0.0007130349986255169
3066648,0.0007858698954805732
3066804,0.00010103286331286654
3066960,2.3358777980320156e-05
3067116,0.00014833132445346564
3067272,2.0745796064147726e-05
3067428,4.0394108509644866e-05
3067584,0.0002337481128051877
3067740,5.3798612498212606e-05
3067896,5.573391172219999e-05
3068052,3.553853457560763e-05
3068208,4.432521382113919e-05
3068364,0.012246518395841122
3068520,2.3121176127460785e-05
3068676,0.00011500163236632943
3068832,0.000427382648922503
3068988,0.00019840289314743131
3069144,0.00025325367460027337
3069300,4.666078166337684e-05
3069456,6.380002741934732e-05
3069612,1.4723615095135756e-05
3069768,3.4960157790919766e-05
3069924,4.399917452246882e-05
3070080,3.008867133758031e-05
3070236,5.6092150771291927e-05
3070392,4.490165883908048e-05
3070548,0.001807230175472796
3070704,0.0003357984824106097
3070860,1.7830410797614604e-05
3071016,0.003821444232016802
3071172,2.1373201889218763e-05
3071328,1.5794019418535754e-05
3071484,1.2992984011361841e-05
3071640,1.4302291674539447e-05
3071796,6.937728176126257e-05
3071952,5.316078386385925e-05
3072108,0.005632786545902491
3072264,3.3702104701660573e-05
3072420,3.4887030778918415e-05
3072576,1.74232482095249e-05
3072732,4.862563218921423e-05
3072888,4.473932131077163e-05
3073044,4.5617060095537454e-05
3073200,0.019518092274665833
3073356,0.000168806072906591
3073512,7.043546065688133e-05
3073668,4.6881945308996364e-05
3073824,0.0008533099899068475
3073980,0.00010613357153488323
3074136,0.006569392047822475
3074292,9.65140134212561e-05
3074448,0.00036313501186668873
3074604,9.822892025113106e-05
3074760,0.0008163797319866717
3074916,5.9405287174740806e-05
3075072,0.0009866573382169008
3075228,0.004470000509172678
3075384,0.0011600415455177426
3075540,3.1614548788638785e-05
3075696,3.469250077614561e-05
3075852,6.151660636533052e-05
3076008,0.0002359606442041695
3076164,0.00019679205433931202
3076320,3.651684892247431e-05
3076476,2.7124622647534125e-05
3076632,0.0012099799932911992
3076788,7.347645441768691e-05
3076944,4.5063548895996064e-05
3077100,2.1592917619273067e-05
3077256,0.00011197612184332684
3077412,0.0001019583796733059
3077568,0.0005619641742669046
3077724,3.509044472593814e-05
3077880,3.075229687965475e-05
3078036,2.2918109607417136e-05
3078192,8.589928620494902e-05
3078348,0.0010750573128461838
3078504,5.908441380597651e-05
3078660,5.171811790205538e-05
3078816,5.3777737775817513e-05
3078972,8.57135237311013e-05
3079128,5.6890890846261755e-05
3079284,2.5618515792302787e-05
3079440,4.70119048259221e-05
3079596,7.398689194815233e-05
3079752,2.7409685571910813e-05
3079908,0.000615504221059382
3080064,1.2690341463894583e-05
3080220,0.007101538125425577
3080376,0.0005437246290966868
3080532,6.92464382154867e-05
3080688,0.004220843780785799
3080844,4.910645657218993e-05
3081000,0.00014051556354388595
3081156,9.131120896199718e-05
3081312,0.0001350235688732937
3081468,5.231276008998975e-05
3081624,2.0961251721018925e-05
3081780,0.0012442916631698608
3081936,0.00018375631771050394
3082092,0.00011286720109637827
3082248,3.079573070863262e-05
3082404,2.2639213057118468e-05
3082560,8.458700904157013e-05
3082716,3.175529127474874e-05
3082872,2.0375955500639975e-05
3083028,0.0003942649927921593
3083184,4.7608478780603036e-05
3083340,2.5240497052436695e-05
3083496,2.0792827854165807e-05
3083652,6.504204066004604e-05
3083808,4.345222987467423e-05
3083964,3.0976640118751675e-05
3084120,2.5330209609819576e-05
3084276,4.9861726438393816e-05
3084432,0.00012324893032200634
3084588,2.8170030418550596e-05
3084744,6.831849168520421e-05
3084900,7.029496191535145e-05
3085056,0.00014539323456119746
3085212,1.6295016393996775e-05
3085368,0.003197218058630824
3085524,0.0021415636874735355
3085680,5.854598930454813e-05
3085836,5.6503900850657374e-05
3085992,0.011949555017054081
3086148,3.067060970352031e-05
3086304,8.77595302881673e-05
3086460,4.0671133319847286e-05
3086616,2.9451555747073144e-05
3086772,5.7916440709959716e-05
3086928,7.107482088031247e-05
3087084,0.00032723008189350367
3087240,3.603073855629191e-05
3087396,0.0006166534149087965
3087552,0.00018388457829132676
3087708,0.00019849036470986903
3087864,3.9406473661074415e-05
3088020,5.2184590458637103e-05
3088176,2.946983659057878e-05
3088332,3.872013257932849e-05
3088488,0.00015061750309541821
3088644,4.50906518381089e-05
3088800,7.089909922797233e-05
3088956,7.256412209244445e-05
3089112,3.306294820504263e-05
3089268,6.573114660568535e-05
3089424,0.0028439927846193314
3089580,3.903248580172658e-05
3089736,0.0003924141637980938
3089892,1.4766550521017052e-05
3090048,0.00015485414769500494
3090204,0.00010431329428683966
3090360,4.2519088310655206e-05
3090516,2.183638935093768e-05
3090672,5.041750773671083e-05
3090828,4.751995948026888e-05
3090984,0.0006646914407610893
3091140,5.752016295446083e-05
3091296,0.000849472708068788
3091452,0.012199074029922485
3091608,0.0003450235235504806
3091764,0.01065603643655777
3091920,5.347390106180683e-05
3092076,3.733646735781804e-05
3092232,0.00023827323457226157
3092388,0.0053550428710877895
3092544,3.5459568607620895e-05
3092700,3.0327297281473875e-05
3092856,1.4534705769619904e-05
3093012,0.00015089991211425513
3093168,6.640377978328615e-05
3093324,4.140774763072841e-05
3093480,9.502052125753835e-05
3093636,2.392990791122429e-05
3093792,3.511407703626901e-05
3093948,3.211591683793813e-05
3094104,9.551418042974547e-05
3094260,8.900249667931348e-05
3094416,0.013240072876214981
3094572,1.53143464558525e-05
3094728,2.713768662943039e-05
3094884,5.368993879528716e-05
3095040,7.31973341316916e-05
3095196,3.294831913080998e-05
3095352,0.008710629306733608
3095508,2.6147672542720102e-05
3095664,1.581795368110761e-05
3095820,6.714837218169123e-05
3095976,4.000202170573175e-05
3096132,0.0003142905479762703
3096288,4.4364882342051715e-05
3096444,5.10968966409564e-05
3096600,9.913196845445782e-05
3096756,6.113234849181026e-05
3096912,0.0006032254314050078
3097068,8.156646799761802e-05
3097224,0.007729942444711924
3097380,0.00011710376566043124
3097536,0.002220236463472247
3097692,5.5455155234085396e-05
3097848,4.268740667612292e-05
3098004,2.749631312326528e-05
3098160,3.6047465982846916e-05
3098316,0.012123209424316883
3098472,0.0017688783118501306
3098628,0.0020862696692347527
3098784,4.716240437119268e-05
3098940,4.9619604396866634e-05
3099096,0.0001387785596307367
3099252,0.00037346663884818554
3099408,0.00013837861479260027
3099564,3.2315430871676654e-05
3099720,2.5452402041992173e-05
3099876,0.0021648549009114504
3100032,0.009410654194653034
3100188,3.283121986896731e-05
3100344,8.49076677695848e-05
3100500,0.00017787016986403614
3100656,4.132949106860906e-05
3100812,8.85084446053952e-05
3100968,6.479139847215265e-05
3101124,2.1792106053908356e-05
3101280,2.1352720068534836e-05
3101436,0.00017132553330156952
3101592,5.7469194871373475e-05
3101748,0.00019440580217633396
3101904,1.4621340596931987e-05
3102060,3.6191970139043406e-05
3102216,3.069062950089574e-05
3102372,5.042005068389699e-05
3102528,5.094304651720449e-05
3102684,2.1763034965260886e-05
3102840,0.00011565631575649604
3102996,4.756802081828937e-05
3103152,3.305805512354709e-05
3103308,1.4894860214553773e-05
3103464,3.720853055710904e-05
3103620,3.606390964705497e-05
3103776,0.0005808408022858202
3103932,9.235184552380815e-05
3104088,7.704228482907638e-05
3104244,0.0007076032925397158
3104400,2.601613596198149e-05
3104556,3.232596645830199e-05
3104712,7.639668183401227e-05
3104868,2.9528673621825874e-05
3105024,2.5861259928205982e-05
3105180,8.378725760849193e-05
3105336,2.6487585273571312e-05
3105492,1.9058685211348347e-05
3105648,3.957982698921114e-05
3105804,3.1412815587827936e-05
3105960,4.339644146966748e-05
3106116,2.0836554540437646e-05
3106272,0.00020570881315506995
3106428,0.003807102097198367
3106584,2.5634344638092443e-05
3106740,0.0005294798174872994
3106896,9.459060674998909e-05
3107052,2.0757346646860242e-05
3107208,0.0022539040073752403
3107364,3.021253905899357e-05
3107520,3.540018224157393e-05
3107676,5.6186596339102834e-05
3107832,2.861854954971932e-05
3107988,3.160960113746114e-05
3108144,5.488756869453937e-05
3108300,0.015071726404130459
3108456,0.003041289746761322
3108612,4.4933727622264996e-05
3108768,0.03481084853410721
3108924,2.222987313871272e-05
3109080,3.144322181469761e-05
3109236,0.00028226932045072317
3109392,0.0001741497835610062
3109548,8.280801557702944e-05
3109704,0.0030028766486793756
3109860,0.00023214754764921963
3110016,0.012525347992777824
3110172,2.4027289327932522e-05
3110328,1.925494689203333e-05
3110484,2.7861784474225715e-05
3110640,6.643759843427688e-05
3110796,6.646312976954505e-05
3110952,6.115255382610485e-05
3111108,8.439478551736102e-05
3111264,2.034535282291472e-05
3111420,2.351836155867204e-05
3111576,4.6989407564979047e-05
3111732,4.045479727210477e-05
3111888,0.004924700129777193
3112044,0.0007268307381309569
3112200,2.2096097382018343e-05
3112356,0.007488849572837353
3112512,6.226569530554116e-05
3112668,0.00180116668343544
3112824,2.8377713533700444e-05
3112980,0.0006410469650290906
3113136,7.374046981567517e-05
3113292,0.00017973428475670516
3113448,0.00016069623234216124
3113604,1.8127597286365926e-05
3113760,1.94023650692543e-05
3113916,0.01541618537157774
3114072,5.1247501687612385e-05
3114228,2.166713966289535e-05
3114384,0.00012680006329901516
3114540,7.397653098450974e-05
3114696,4.3191561417188495e-05
3114852,0.00010497041512280703
3115008,2.1572119294432923e-05
3115164,4.0916398575063795e-05
3115320,2.145891630789265e-05
3115476,0.004212700761854649
3115632,3.4598771890159696e-05
3115788,9.536246943753213e-05
3115944,3.1756462703924626e-05
3116100,5.915845758863725e-05
3116256,4.3073090637335554e-05
3116412,0.0003021559678018093
3116568,1.9205548596801236e-05
3116724,0.012854719534516335
3116880,7.24697092664428e-05
3117036,0.003136026207357645
3117192,4.8638110456522554e-05
3117348,0.0007838249439373612
3117504,5.2488743676804006e-05
3117660,3.5837914765579626e-05
3117816,6.515345739899203e-05
3117972,0.00037573635927401483
3118128,0.00010392593685537577
3118284,0.00033956312108784914
3118440,1.45101821544813e-05
3118596,2.758519258350134e-05
3118752,3.211985676898621e-05
3118908,5.434139529825188e-05
3119064,2.6308502128813416e-05
3119220,2.74888843705412e-05
3119376,6.960187602089718e-05
3119532,4.07421393902041e-05
3119688,3.0942803277866915e-05
3119844,0.0020389507990330458
3120000,2.3576823878102005e-05
3120156,0.0048255473375320435
3120312,6.219963688636199e-05
3120468,3.669895886559971e-05
3120624,1.6318172129103914e-05
3120780,0.00011813141463790089
3120936,2.3608979972777888e-05
3121092,4.61195049865637e-05
3121248,1.9934481315431185e-05
3121404,0.0022015932481735945
3121560,2.4444219889119267e-05
3121716,1.648702527745627e-05
3121872,0.0001083036040654406
3122028,0.00016647379379719496
3122184,1.4854842447675765e-05
3122340,5.918351234868169e-05
3122496,2.3010390577837825e-05
3122652,1.7544736692798324e-05
3122808,4.375247590360232e-05
3122964,0.00047256407560780644
3123120,2.15403524634894e-05
3123276,6.284233677433804e-05
3123432,0.00019661734404508024
3123588,9.370038242195733e-06
3123744,0.00019537756452336907
3123900,7.863737846491858e-05
3124056,2.6368910766905174e-05
3124212,2.141582990589086e-05
3124368,2.7713391318684444e-05
3124524,3.976073276135139e-05
3124680,5.225415588938631e-05
3124836,3.230209040339105e-05
