episode,decision_steps,physics_steps,score,ep_return,epsilon,mean_loss,mean_q
0,103,411,6,0.020000000000000684,0.99802,,
1,138,552,9,0.370000000000001,0.99604,,
2,80,319,5,-0.20999999999999952,0.99406,,
3,22,85,1,-0.7899999999999999,0.9920800000000001,,
4,148,592,9,0.4700000000000011,0.9901000000000001,,
5,283,1131,18,1.8199999999999839,0.9881200000000001,,
6,280,1117,18,1.7899999999999845,0.9861400000000001,,
7,220,877,14,1.1899999999999973,0.9841600000000001,,
8,144,576,9,0.43000000000000105,0.9821800000000002,,
9,183,729,12,0.8200000000000014,0.9802000000000002,,
10,141,563,9,0.400000000000001,0.9782200000000002,,
11,64,254,4,-0.36999999999999966,0.9762400000000002,,
12,257,1028,17,1.5599999999999894,0.9742600000000002,,
13,284,1136,18,1.8299999999999836,0.9722800000000003,,
14,175,699,11,0.7400000000000013,0.9703000000000003,,
15,164,655,10,0.6300000000000012,0.9683200000000003,,
16,191,762,12,0.9000000000000015,0.9663400000000003,,
17,135,537,8,0.34000000000000097,0.9643600000000003,,
18,149,595,9,0.4800000000000011,0.9623800000000003,,
19,149,596,9,0.4800000000000011,0.9604000000000004,,
20,39,155,2,-0.6199999999999999,0.9584200000000004,,
21,126,503,8,0.2500000000000009,0.9564400000000004,,
22,45,180,3,-0.5599999999999998,0.9544600000000004,,
23,293,1171,19,1.9199999999999817,0.9524800000000004,,
24,202,806,13,1.0100000000000011,0.9505000000000005,,
25,12,47,0,-0.89,0.9485200000000005,,
26,59,233,3,-0.4199999999999997,0.9465400000000005,,
27,66,261,4,-0.34999999999999964,0.9445600000000005,,
28,164,653,10,0.6300000000000012,0.9425800000000005,,
29,174,693,11,0.7300000000000013,0.9406000000000005,,
30,276,1103,18,1.7499999999999853,0.9386200000000006,,
31,66,261,4,-0.34999999999999964,0.9366400000000006,,
32,359,1436,23,2.5799999999999677,0.9346600000000006,,
33,176,701,11,0.7500000000000013,0.9326800000000006,,
34,23,92,1,-0.7799999999999999,0.9307000000000006,,
35,95,378,6,-0.05999999999999939,0.9287200000000007,,
36,171,683,11,0.7000000000000013,0.9267400000000007,,
37,83,331,5,-0.1799999999999995,0.9247600000000007,,
38,263,1052,17,1.6199999999999881,0.9227800000000007,,
39,158,630,10,0.5700000000000012,0.9208000000000007,,
40,193,771,12,0.9200000000000015,0.9188200000000007,,
41,90,358,5,-0.10999999999999943,0.9168400000000008,,
42,88,352,5,-0.12999999999999945,0.9148600000000008,,
43,32,126,2,-0.69,0.9128800000000008,,
44,64,255,4,-0.36999999999999966,0.9109000000000008,,
45,295,1178,19,1.9399999999999813,0.9089200000000008,,
46,190,759,12,0.8900000000000015,0.9069400000000009,,
47,209,834,13,1.0799999999999996,0.9049600000000009,,
48,117,467,7,0.1600000000000008,0.9029800000000009,,
49,72,286,4,-0.2899999999999996,0.9010000000000009,,
50,170,678,11,0.6900000000000013,0.8990200000000009,,
51,140,559,9,0.390000000000001,0.897040000000001,,
52,9,33,0,-0.92,0.895060000000001,,
53,268,1069,17,1.669999999999987,0.893080000000001,0.006070439518225612,0.00876061074086465
54,203,811,13,1.020000000000001,0.891100000000001,0.004740045622740724,0.011505175664947898
55,26,102,1,-0.75,0.889120000000001,0.005883457919480861,-0.005542408442124724
56,204,816,13,1.0300000000000007,0.887140000000001,0.005854216296118502,0.00834577047213565
57,118,469,7,0.17000000000000082,0.8851600000000011,0.008591382515745257,0.009149859364454945
58,273,1089,18,1.719999999999986,0.8831800000000011,0.007303089479993265,-0.006639368941250723
59,68,272,4,-0.3299999999999996,0.8812000000000011,0.01005548341816072,-0.0018854305723353343
60,64,254,4,-0.36999999999999966,0.8792200000000011,0.008317028899000434,0.00924304335785564
61,108,429,7,0.07000000000000073,0.8772400000000011,0.008445980894504357,0.015073677593911136
62,361,1441,24,2.5999999999999672,0.8752600000000011,0.005820045021856559,0.0156494135554466
63,70,277,4,-0.3099999999999996,0.8732800000000012,0.0036149357992043304,0.016159321129735973
64,102,407,6,0.010000000000000675,0.8713000000000012,0.00776004255603766,0.013800362385809421
65,207,825,13,1.06,0.8693200000000012,0.005051203989401424,0.016307148634671018
66,83,332,5,-0.1799999999999995,0.8673400000000012,0.012195288711241335,0.013112182329807962
67,257,1026,17,1.5599999999999894,0.8653600000000012,0.006301692947602078,0.016414577228715643
68,54,213,3,-0.46999999999999975,0.8633800000000013,9.998230066580269e-05,0.019940895386613332
69,129,514,8,0.2800000000000009,0.8614000000000013,0.005013013967196788,0.023750046493880676
70,176,702,11,0.7500000000000013,0.8594200000000013,0.0046081398560008065,0.024296096991747618
71,278,1110,18,1.769999999999985,0.8574400000000013,0.011032137455438951,0.013335465338415183
72,68,269,4,-0.3299999999999996,0.8554600000000013,0.008057124411125723,0.019072813748875084
73,272,1086,18,1.7099999999999862,0.8534800000000013,0.00710993049078217,0.02922844860757537
74,9,34,0,-0.92,0.8515000000000014,0.00022718033869750798,0.030063402839004993
75,159,636,10,0.5800000000000012,0.8495200000000014,0.011804437185492133,0.03374024527147412
76,55,219,3,-0.45999999999999974,0.8475400000000014,0.005000322066085313,0.034135619178414345
77,117,467,7,0.1600000000000008,0.8455600000000014,0.00718653344615475,0.03735285310138916
78,121,484,8,0.20000000000000084,0.8435800000000014,0.011387076739144202,0.03421592892458041
79,212,848,14,1.109999999999999,0.8416000000000015,0.006454583824000471,0.03420802181200037
80,36,143,2,-0.6499999999999999,0.8396200000000015,0.018881636828559242,0.044672771046559014
81,139,556,9,0.380000000000001,0.8376400000000015,0.006868562506445284,0.03493766694196633
82,16,61,1,-0.85,0.8356600000000015,0.00020079770547454245,0.0473073348402977
83,136,542,9,0.350000000000001,0.8336800000000015,0.010983033005098097,0.04038652054527227
84,176,701,11,0.7500000000000013,0.8317000000000015,0.010106693814122991,0.03715001681650227
85,76,301,5,-0.24999999999999956,0.8297200000000016,0.005507128905982857,0.0352455446202504
86,193,770,12,0.9200000000000015,0.8277400000000016,0.010695849268055705,0.03821343920814494
87,188,750,12,0.8700000000000014,0.8257600000000016,0.007371777989627593,0.03495800419849284
88,158,629,10,0.5700000000000012,0.8237800000000016,0.003503191195795807,0.044446990545839074
89,274,1095,18,1.7299999999999858,0.8218000000000016,0.008752605253662563,0.05331619341364678
90,161,644,10,0.6000000000000012,0.8198200000000017,0.008652522180743357,0.050970533453836675
91,139,556,9,0.380000000000001,0.8178400000000017,0.0052027157946534265,0.054688607068622816
92,390,1558,25,2.889999999999961,0.8158600000000017,0.010385824637505349,0.05286748540036532
93,55,220,3,-0.45999999999999974,0.8138800000000017,0.010101045113905067,0.049421699185456545
94,86,344,5,-0.14999999999999947,0.8119000000000017,0.0035285602390060723,0.06270440792044003
95,91,364,6,-0.09999999999999942,0.8099200000000017,0.006161767120078287,0.05532487757180048
96,86,343,5,-0.14999999999999947,0.8079400000000018,0.0033812263595575046,0.06075617174307505
97,221,882,14,1.199999999999997,0.8059600000000018,0.0030596923953355925,0.049305873324296305
98,322,1285,21,2.2099999999999755,0.8039800000000018,0.009887066914598109,0.0413192140404135
99,246,983,16,1.4499999999999917,0.8020000000000018,0.004659960448113834,0.061712159264472224
100,78,309,5,-0.22999999999999954,0.8000200000000018,0.005771826281584493,0.06660306728199909
101,20,79,1,-0.8099999999999999,0.7980400000000019,0.014373102867830312,0.06937826275825501
102,163,650,10,0.6200000000000012,0.7960600000000019,0.004386499810585164,0.0641777965172035
103,125,499,8,0.24000000000000088,0.7940800000000019,0.0035185404297906997,0.06793343840587523
104,174,696,11,0.7300000000000013,0.7921000000000019,0.004141488746819794,0.07004800828343088
105,156,622,10,0.5500000000000012,0.7901200000000019,0.010045783261095774,0.060048252917253055
106,119,473,7,0.18000000000000083,0.788140000000002,0.012082774258331107,0.055959955371659376
107,124,496,8,0.23000000000000087,0.786160000000002,0.005997479412584535,0.06224723292454597
108,186,742,12,0.8500000000000014,0.784180000000002,0.010115793870856114,0.07333213114675055
109,248,991,16,1.4699999999999913,0.782200000000002,0.007054019796053199,0.07109558329947534
110,36,144,2,-0.6499999999999999,0.780220000000002,0.004094546395612674,0.07513752828041713
111,315,1259,20,2.139999999999977,0.778240000000002,0.008311120235921869,0.07310713780454442
112,153,612,10,0.5200000000000011,0.7762600000000021,0.008665658508203035,0.06982571112090036
113,48,190,3,-0.5299999999999998,0.7742800000000021,0.009273429993603107,0.0769432932138443
114,279,1115,18,1.7799999999999847,0.7723000000000021,0.005369240658365015,0.08124261455876487
115,35,137,2,-0.6599999999999999,0.7703200000000021,0.004670722502851277,0.08202450908720493
116,146,581,9,0.45000000000000107,0.7683400000000021,0.00707467617649928,0.07924535226177525
117,195,778,12,0.9400000000000015,0.7663600000000022,0.007523325179284498,0.07501268113146023
118,297,1186,19,1.9599999999999809,0.7643800000000022,0.008367121622614906,0.07271523290389292
119,288,1149,19,1.8699999999999828,0.7624000000000022,0.006043452583450441,0.06837368756532669
120,36,143,2,-0.6499999999999999,0.7604200000000022,2.5020324048657334e-05,0.06976242446237141
121,412,1648,27,3.109999999999957,0.7584400000000022,0.009485605330888417,0.06842285665927582
122,202,805,13,1.0100000000000011,0.7564600000000022,0.007850064716294583,0.06265747532248497
123,63,249,4,-0.37999999999999967,0.7544800000000023,0.0022804118902968185,0.0602473218459636
124,97,385,6,-0.03999999999999937,0.7525000000000023,0.006119597808113515,0.06996966898441315
125,61,243,4,-0.3999999999999997,0.7505200000000023,0.0045826046241472795,0.07870993949472904
126,101,401,6,6.661338147750939e-16,0.7485400000000023,0.005870345225994242,0.07108995288610459
127,102,407,6,0.010000000000000675,0.7465600000000023,0.008761940376498387,0.07674415171146393
128,155,617,10,0.5400000000000011,0.7445800000000024,0.00932287740299496,0.07020054432826164
129,147,588,9,0.4600000000000011,0.7426000000000024,0.003942112265527563,0.07297145394054619
130,315,1258,20,2.139999999999977,0.7406200000000024,0.007351088244463368,0.07228670156077494
131,106,421,7,0.05000000000000071,0.7386400000000024,0.012600153329773232,0.0701068639755249
132,169,675,11,0.6800000000000013,0.7366600000000024,0.0026523728165340713,0.08088857574122292
133,53,212,3,-0.47999999999999976,0.7346800000000024,0.018133812368562627,0.07666241005063057
134,154,615,10,0.5300000000000011,0.7327000000000025,0.009676781935635708,0.07157964004497779
135,119,474,7,0.18000000000000083,0.7307200000000025,0.008450447180196836,0.06675463393330575
136,234,934,15,1.3299999999999943,0.7287400000000025,0.008195947690966994,0.06859614166977077
137,16,61,1,-0.85,0.7267600000000025,0.0001469630078645423,0.07652298733592033
138,102,408,6,0.010000000000000675,0.7247800000000025,0.011252822949945066,0.07194313263663879
139,204,814,13,1.0300000000000007,0.7228000000000026,0.00776506407697418,0.06355854890802327
140,39,153,2,-0.6199999999999999,0.7208200000000026,0.007250967187428614,0.067951238155365
141,92,367,6,-0.08999999999999941,0.7188400000000026,0.004681968366798094,0.06689467443072278
142,97,388,6,-0.03999999999999937,0.7168600000000026,0.002995524130483318,0.06353481921056907
143,111,442,7,0.10000000000000075,0.7148800000000026,0.012703924076634263,0.061572067705648284
144,100,398,6,-0.009999999999999343,0.7129000000000026,0.007454340894764755,0.06400449439883232
145,194,774,12,0.9300000000000015,0.7109200000000027,0.007417370488193835,0.06336902632998924
146,320,1279,21,2.189999999999976,0.7089400000000027,0.008111538130287954,0.06563481939956546
147,138,551,9,0.370000000000001,0.7069600000000027,0.007232700867254087,0.07252140854086195
148,124,494,8,0.23000000000000087,0.7049800000000027,0.009354283091529542,0.07105042713303719
149,29,114,1,-0.72,0.7030000000000027,0.010498813173658814,0.0716516524553299
150,154,615,10,0.5300000000000011,0.7010200000000028,0.006665493988580956,0.07183680467699703
151,68,271,4,-0.3299999999999996,0.6990400000000028,0.010715150196440792,0.07034936021356021
152,253,1009,16,1.5199999999999902,0.6970600000000028,0.009483425625319342,0.07019326929003
153,298,1190,19,1.9699999999999807,0.6950800000000028,0.006885540520522989,0.07419041987206484
154,97,386,6,-0.03999999999999937,0.6931000000000028,0.0045785003126184165,0.08172847299526136
155,180,720,12,0.7900000000000014,0.6911200000000028,0.008057532003214065,0.0740245136949751
156,154,614,10,0.5300000000000011,0.6891400000000029,0.01206835490749934,0.0701069623613969
157,82,328,5,-0.1899999999999995,0.6871600000000029,0.005602262813044945,0.07994194850325584
158,235,938,15,1.339999999999994,0.6851800000000029,0.005635219794215627,0.07687069538791301
159,242,965,16,1.4099999999999926,0.6832000000000029,0.00843677418409049,0.07949726808755124
160,345,1378,22,2.4399999999999706,0.6812200000000029,0.008931218802392196,0.07848419439654018
161,43,169,2,-0.5799999999999998,0.679240000000003,0.013317528275365476,0.07211726700717752
162,52,207,3,-0.48999999999999977,0.677260000000003,0.0031270098462790395,0.07305000206598869
163,253,1009,16,1.5199999999999902,0.675280000000003,0.007541813084008893,0.08189022316346092
164,206,824,13,1.0500000000000003,0.673300000000003,0.0065556280469001435,0.07815457018567067
165,214,853,14,1.1299999999999986,0.671320000000003,0.009014507803065633,0.08995530492177715
166,302,1205,20,2.00999999999998,0.669340000000003,0.007963874458315938,0.07963788295785586
167,104,414,6,0.030000000000000693,0.6673600000000031,0.005815359088256418,0.09117740220748462
168,109,433,7,0.08000000000000074,0.6653800000000031,0.011979971037882413,0.0843754413404635
169,23,90,1,-0.7799999999999999,0.6634000000000031,0.014578318217536435,0.08442694544792176
170,226,904,15,1.249999999999996,0.6614200000000031,0.0072892713710883215,0.0862780929657451
171,170,678,11,0.6900000000000013,0.6594400000000031,0.009926101954122368,0.09306179927218527
172,213,851,14,1.1199999999999988,0.6574600000000032,0.008380105762087085,0.09604431840556639
173,50,199,3,-0.5099999999999998,0.6554800000000032,0.00954054040266783,0.09083655166129272
174,195,779,12,0.9400000000000015,0.6535000000000032,0.007777511459218138,0.09541004029463748
175,122,485,8,0.21000000000000085,0.6515200000000032,0.0076042137342786495,0.09732154433925946
176,55,218,3,-0.45999999999999974,0.6495400000000032,0.00011204459432130014,0.09122841645564352
177,95,377,6,-0.05999999999999939,0.6475600000000032,0.00775124635811153,0.09773223878194888
178,301,1203,20,1.99999999999998,0.6455800000000033,0.006093413610991168,0.0994699768225352
179,229,915,15,1.2799999999999954,0.6436000000000033,0.006056974708802667,0.10137335838455903
180,127,505,8,0.2600000000000009,0.6416200000000033,0.009456281924258292,0.09916940564289689
181,97,385,6,-0.03999999999999937,0.6396400000000033,0.0032513427856126023,0.10016298666596413
182,10,40,0,-0.91,0.6376600000000033,0.012248726954567246,0.10057493299245834
183,330,1317,21,2.289999999999974,0.6356800000000034,0.00732051764032626,0.09632530808448792
184,222,886,14,1.2099999999999969,0.6337000000000034,0.009464151002378327,0.09962649084627628
185,216,864,14,1.1499999999999981,0.6317200000000034,0.009111625256116019,0.09704710515560927
186,109,436,7,0.08000000000000074,0.6297400000000034,0.008364991004647757,0.09449268877506256
187,251,1004,16,1.4999999999999907,0.6277600000000034,0.009505248347797158,0.1003759413484543
188,25,99,1,-0.7599999999999999,0.6257800000000034,0.03027550166977259,0.09080522134900093
189,81,321,5,-0.1999999999999995,0.6238000000000035,0.005793246633402305,0.09443114548921586
190,173,691,11,0.7200000000000013,0.6218200000000035,0.011198561332011277,0.09858369387008926
191,27,107,1,-0.74,0.6198400000000035,0.025431573536479846,0.10463823129733403
192,19,73,1,-0.82,0.6178600000000035,0.00036577816936187444,0.09734934121370316
193,344,1375,22,2.429999999999971,0.6158800000000035,0.00585297442811743,0.10631924954264663
194,12,45,0,-0.89,0.6139000000000036,0.0001558318423728148,0.11044121036926906
195,69,275,4,-0.3199999999999996,0.6119200000000036,0.008976034374962397,0.10265078746220645
196,240,959,15,1.389999999999993,0.6099400000000036,0.00827177125053519,0.10426973948876063
197,91,362,6,-0.09999999999999942,0.6079600000000036,0.008373492756104299,0.10252894299185794
198,108,432,7,0.07000000000000073,0.6059800000000036,0.005743838829436788,0.10441895933062942
199,91,362,6,-0.09999999999999942,0.6040000000000036,0.001860203378031577,0.11541596573332082
200,85,337,5,-0.15999999999999948,0.6020200000000037,0.007313602706874788,0.1138579487091019
201,389,1556,25,2.8799999999999613,0.6000400000000037,0.006819920302395704,0.11430915245383057
202,191,762,12,0.9000000000000015,0.5980600000000037,0.012883096917903458,0.10923717465872566
203,133,532,8,0.32000000000000095,0.5960800000000037,0.011675492164971674,0.10720624007058865
204,60,240,4,-0.4099999999999997,0.5941000000000037,0.008145346670547345,0.10976024468739827
205,129,516,8,0.2800000000000009,0.5921200000000038,0.011677182325167285,0.10777726746869809
206,90,358,5,-0.10999999999999943,0.5901400000000038,0.005511176069293552,0.1202377277341756
207,101,403,6,6.661338147750939e-16,0.5881600000000038,0.004738975669606588,0.10978967785835266
208,57,226,3,-0.4399999999999997,0.5861800000000038,0.005156864806000764,0.11521620800097783
209,15,58,0,-0.86,0.5842000000000038,0.01295808790503846,0.11046113322178523
210,184,733,12,0.8300000000000014,0.5822200000000038,0.007467325569608795,0.11309526326215785
211,79,315,5,-0.21999999999999953,0.5802400000000039,0.0057392276343307454,0.11395214684307575
212,63,252,4,-0.37999999999999967,0.5782600000000039,0.009658010164457664,0.1115857339464128
213,224,893,14,1.2299999999999964,0.5762800000000039,0.011809342253270318,0.10794203475649868
214,174,694,11,0.7300000000000013,0.5743000000000039,0.008077562357695654,0.10784661180751268
215,243,972,16,1.4199999999999924,0.5723200000000039,0.00958337258277022,0.11737327363158835
216,43,172,2,-0.5799999999999998,0.570340000000004,0.0003406708843117072,0.11726277795704929
217,68,272,4,-0.3299999999999996,0.568360000000004,0.006795857027207282,0.12048161073642619
218,64,255,4,-0.36999999999999966,0.566380000000004,0.016951531577433343,0.1065202010795474
219,244,975,16,1.4299999999999922,0.564400000000004,0.007526865442041079,0.0942823018451206
220,33,129,2,-0.6799999999999999,0.562420000000004,0.015203810316961608,0.12758749444037676
221,201,801,13,1.0000000000000013,0.560440000000004,0.008632944788841997,0.11414826273918152
222,204,814,13,1.0300000000000007,0.5584600000000041,0.00460374466281649,0.12188625598655027
223,8,29,0,-0.9299999999999999,0.5564800000000041,0.00011171635560458526,0.12320646643638611
224,209,836,13,1.0799999999999996,0.5545000000000041,0.008168270989768163,0.11833566764615616
225,138,552,9,0.370000000000001,0.5525200000000041,0.00478801536048516,0.1206900076392819
226,312,1248,20,2.1099999999999777,0.5505400000000041,0.008571459602442188,0.12084468549642807
227,311,1241,20,2.099999999999978,0.5485600000000042,0.010475644474261058,0.11973341850516124
228,143,572,9,0.42000000000000104,0.5465800000000042,0.012102754260720557,0.11486158809728092
229,236,944,15,1.3499999999999939,0.5446000000000042,0.006656948724720662,0.12556910262269488
230,161,642,10,0.6000000000000012,0.5426200000000042,0.015620456277247285,0.1159711005166173
231,415,1658,27,3.139999999999956,0.5406400000000042,0.011694202228437253,0.11846452700690581
232,160,639,10,0.5900000000000012,0.5386600000000042,0.01187922331810114,0.11842926871031523
233,56,221,3,-0.44999999999999973,0.5366800000000043,0.0028574854357949725,0.12208650686911174
234,144,573,9,0.43000000000000105,0.5347000000000043,0.014141323993802265,0.12529058195650578
235,202,805,13,1.0100000000000011,0.5327200000000043,0.008748787488293601,0.11793180003762245
236,47,185,3,-0.5399999999999998,0.5307400000000043,0.006820279095942776,0.11836586457987626
237,82,325,5,-0.1899999999999995,0.5287600000000043,0.004029040982459264,0.12776914238929749
238,115,458,7,0.1400000000000008,0.5267800000000044,0.0053823883494699435,0.11572419980476642
239,83,332,5,-0.1799999999999995,0.5248000000000044,0.009392828101270078,0.11208128609827586
240,153,612,10,0.5200000000000011,0.5228200000000044,0.005322354697119935,0.1354150142716734
241,297,1187,19,1.9599999999999809,0.5208400000000044,0.009101264409125448,0.13428917265421636
242,427,1706,28,3.2599999999999536,0.5188600000000044,0.0075331892117544595,0.13438215475773144
243,151,602,10,0.5000000000000011,0.5168800000000044,0.0022280548688094746,0.1379947615297217
244,246,983,16,1.4499999999999917,0.5149000000000045,0.0066566625344004005,0.14396289455108954
245,250,1000,16,1.4899999999999909,0.5129200000000045,0.012074558807528644,0.13795512086815304
246,41,161,2,-0.5999999999999999,0.5109400000000045,0.008133820741204546,0.13584162741899491
247,156,622,10,0.5500000000000012,0.5089600000000045,0.006223903604759238,0.1425875173165248
248,116,464,7,0.1500000000000008,0.5069800000000045,0.008533661621562527,0.141732689635507
249,222,888,14,1.2099999999999969,0.5050000000000046,0.0108633386431133,0.13739467332405703
250,143,569,9,0.42000000000000104,0.5030200000000046,0.015062384764314629,0.1348271959594318
251,115,460,7,0.1400000000000008,0.5010400000000046,0.006846139501029593,0.13679651684802155
252,236,941,15,1.3499999999999939,0.4990600000000046,0.013428894668014451,0.1337784306477692
253,170,677,11,0.6900000000000013,0.49708000000000463,0.007540937926319731,0.13586511774811633
254,123,489,8,0.22000000000000086,0.49510000000000465,0.011971479096003653,0.13842587023973466
255,35,138,2,-0.6599999999999999,0.49312000000000467,0.018111582302177947,0.12001598212454054
256,298,1192,19,1.9699999999999807,0.4911400000000047,0.00863601088145515,0.1418786217768987
257,16,63,1,-0.85,0.4891600000000047,0.009799228606425459,0.1464587040245533
258,92,368,6,-0.08999999999999941,0.4871800000000047,0.010289739913550084,0.1390735027582749
259,117,468,7,0.1600000000000008,0.48520000000000474,0.007005114773948725,0.14256606019776444
260,105,419,6,0.0400000000000007,0.48322000000000476,0.006431262672077327,0.14461566851689264
261,85,340,5,-0.15999999999999948,0.4812400000000048,0.013132840874494008,0.14139466555345626
262,66,261,4,-0.34999999999999964,0.4792600000000048,0.007395292035653256,0.14297563889447382
263,28,111,1,-0.73,0.4772800000000048,0.010567607899637161,0.14686550625732966
264,112,445,7,0.11000000000000076,0.47530000000000483,0.01008936441680167,0.1358042215662343
265,81,322,5,-0.1999999999999995,0.47332000000000485,0.008351488598418656,0.1417750261723995
266,9,36,0,-0.92,0.47134000000000487,0.00033214686845894903,0.13441815972328186
267,110,440,7,0.09000000000000075,0.4693600000000049,0.005931709415433163,0.13817694038152695
268,104,415,6,0.030000000000000693,0.4673800000000049,0.006540087498601329,0.14572850958659098
269,129,513,8,0.2800000000000009,0.4654000000000049,0.009190503667014127,0.15392868733033538
270,17,65,1,-0.84,0.46342000000000494,0.00018266112601850182,0.1488058678805828
271,216,861,14,1.1499999999999981,0.46144000000000496,0.009237823401269486,0.14949792623519897
272,83,331,5,-0.1799999999999995,0.459460000000005,0.004045525063009423,0.15388547025975727
273,198,792,13,0.9700000000000015,0.457480000000005,0.009205868369317614,0.15182879358530044
274,25,98,1,-0.7599999999999999,0.455500000000005,0.006952885150288542,0.14957385510206223
275,17,68,1,-0.84,0.45352000000000503,0.011184242906892905,0.15313750877976418
276,53,211,3,-0.47999999999999976,0.45154000000000505,0.006456469177814702,0.15028701607997602
277,144,576,9,0.43000000000000105,0.44956000000000507,0.005730837275324221,0.15435460209846497
278,154,613,10,0.5300000000000011,0.4475800000000051,0.008810288165337764,0.1594915080528993
279,164,654,10,0.6300000000000012,0.4456000000000051,0.009204830350915095,0.16183451908390697
280,50,199,3,-0.5099999999999998,0.4436200000000051,0.010549743372394005,0.16173187519113222
281,244,973,16,1.4299999999999922,0.44164000000000514,0.007076844250254684,0.161396398407514
282,25,97,1,-0.7599999999999999,0.43966000000000516,0.006284440401941538,0.16677983105182648
283,346,1381,23,2.4499999999999704,0.4376800000000052,0.009286627693908549,0.16370625984530116
284,98,391,6,-0.02999999999999936,0.4357000000000052,0.008651533978409134,0.16332054853439332
285,141,563,9,0.400000000000001,0.4337200000000052,0.009818117448178652,0.16496211460658483
286,205,819,13,1.0400000000000005,0.43174000000000523,0.008566036720688263,0.16453353359418757
287,57,225,3,-0.4399999999999997,0.42976000000000525,0.017129880744115717,0.16667210310697556
288,30,120,2,-0.71,0.42778000000000527,0.011041531335649779,0.1632721796631813
289,144,575,9,0.43000000000000105,0.4258000000000053,0.0061855694067263454,0.16845722703470123
290,177,706,11,0.7600000000000013,0.4238200000000053,0.011639318335338348,0.16413891112262552
291,17,66,1,-0.84,0.4218400000000053,0.00031004535776446573,0.17049561813473701
292,17,67,1,-0.84,0.41986000000000534,0.000237648788606748,0.16820342242717742
293,104,415,6,0.030000000000000693,0.41788000000000536,0.011285562095089028,0.16589744331745002
294,221,883,14,1.199999999999997,0.4159000000000054,0.008549640627990646,0.17183327214284377
295,46,184,3,-0.5499999999999998,0.4139200000000054,0.012208444190698421,0.17837428911165756
296,11,43,0,-0.9,0.4119400000000054,0.027362946576128405,0.15558520952860513
297,114,455,7,0.13000000000000078,0.40996000000000543,0.010053858374233423,0.16667714098404193
298,111,442,7,0.10000000000000075,0.40798000000000545,0.00947411986298566,0.16929540976330085
299,265,1057,17,1.6399999999999877,0.40600000000000547,0.011657696149534364,0.16937589044891185
300,86,343,5,-0.14999999999999947,0.4040200000000055,0.008112856360163451,0.1708495006674812
301,152,605,10,0.5100000000000011,0.4020400000000055,0.007869984508847426,0.16808432026913292
302,65,257,4,-0.35999999999999965,0.4000600000000055,0.0002898010052376776,0.17800378892570734
303,159,634,10,0.5800000000000012,0.39808000000000554,0.008445010758077843,0.1852054014801979
304,22,85,1,-0.7899999999999999,0.39610000000000556,0.00034254734540202964,0.1861037164926529
305,175,700,11,0.7400000000000013,0.3941200000000056,0.016436035198303004,0.17261057156463003
306,98,391,6,-0.02999999999999936,0.3921400000000056,0.007092056061374023,0.17793814241886138
307,143,572,9,0.42000000000000104,0.3901600000000056,0.004963515953729964,0.1873607010477119
308,162,648,10,0.6100000000000012,0.38818000000000563,0.007608056129538454,0.1839063111692667
309,83,331,5,-0.1799999999999995,0.38620000000000565,0.0023441704716311677,0.1865420000893729
310,208,831,13,1.0699999999999998,0.38422000000000567,0.008399723750979039,0.1884446800328218
311,61,244,4,-0.3999999999999997,0.3822400000000057,0.011776020194520242,0.1934718171755473
312,33,130,2,-0.6799999999999999,0.3802600000000057,0.00029497017021640204,0.19249005243182182
313,220,878,14,1.1899999999999973,0.3782800000000057,0.005605361699285409,0.19221449142152613
314,109,436,7,0.08000000000000074,0.37630000000000574,0.0033709275428139207,0.19221023310508048
315,115,460,7,0.1400000000000008,0.37432000000000576,0.012313604981630175,0.19202530863029615
316,165,660,11,0.6400000000000012,0.3723400000000058,0.01260783324375682,0.18511071446396055
317,36,144,2,-0.6499999999999999,0.3703600000000058,0.010313592990213592,0.1853973021109899
318,213,851,14,1.1199999999999988,0.3683800000000058,0.010845483268637492,0.18778290304372897
319,96,384,6,-0.04999999999999938,0.36640000000000583,0.007462358236807631,0.20155075254539648
320,13,51,0,-0.88,0.36442000000000585,0.013958728775226822,0.20400623480478922
321,172,685,11,0.7100000000000013,0.36244000000000587,0.007303293905055778,0.1988334634969401
322,21,84,1,-0.7999999999999999,0.3604600000000059,0.01675243740901351,0.18625642061233522
323,112,448,7,0.11000000000000076,0.3584800000000059,0.011115416939511695,0.19454685598611832
324,139,554,9,0.380000000000001,0.3565000000000059,0.01254566926010219,0.19802451389176504
325,92,368,6,-0.08999999999999941,0.35452000000000594,0.01564428299088436,0.18568868028080981
326,226,902,15,1.249999999999996,0.35254000000000596,0.00863943456186047,0.19748916646890474
327,22,88,1,-0.7899999999999999,0.350560000000006,0.017994511098368093,0.20749308466911315
328,70,279,4,-0.3099999999999996,0.348580000000006,0.014582273460594783,0.19286628233061898
329,106,421,7,0.05000000000000071,0.346600000000006,0.01870591749320738,0.19642949218933398
330,56,222,3,-0.44999999999999973,0.34462000000000603,0.006419545297311353,0.19862010223524912
331,76,301,5,-0.24999999999999956,0.34264000000000605,0.006898331101279166,0.19932979502175985
332,24,93,1,-0.7699999999999999,0.34066000000000607,0.00725238577191097,0.20409031212329865
333,76,301,5,-0.24999999999999956,0.3386800000000061,0.011793288573052882,0.20700393146590182
334,200,797,13,0.9900000000000015,0.3367000000000061,0.007368178671458736,0.20457690268754958
335,73,291,4,-0.2799999999999996,0.3347200000000061,0.014644863937670985,0.19795721024274826
336,190,757,12,0.8900000000000015,0.33274000000000614,0.004974470767289556,0.20270611252635717
337,40,158,2,-0.6099999999999999,0.33076000000000616,0.02770616883644834,0.19673677980899812
338,119,476,7,0.18000000000000083,0.3287800000000062,0.01233816533058416,0.19321340769529344
339,158,631,10,0.5700000000000012,0.3268000000000062,0.015334675084793558,0.20262274528161073
340,96,384,6,-0.04999999999999938,0.3248200000000062,0.009909871645504609,0.21046925957004228
341,30,120,2,-0.71,0.32284000000000623,0.017181970200908836,0.20607082918286324
342,47,187,3,-0.5399999999999998,0.32086000000000625,0.008739777782466263,0.20330604098059915
343,23,92,1,-0.7799999999999999,0.31888000000000627,0.007445321151559862,0.20968121538559595
344,64,256,4,-0.36999999999999966,0.3169000000000063,0.014434041768254247,0.20548279024660587
345,24,93,1,-0.7699999999999999,0.3149200000000063,0.0005824881761024395,0.20611033588647842
346,151,602,10,0.5000000000000011,0.3129400000000063,0.00731358365584655,0.21750897678889727
347,245,978,16,1.439999999999992,0.31096000000000634,0.00826045152608145,0.20600610702741343
348,73,291,4,-0.2799999999999996,0.30898000000000636,0.002986387495992757,0.21353874935044181
349,54,216,3,-0.46999999999999975,0.3070000000000064,0.003354147140011524,0.20940852803843363
350,82,326,5,-0.1899999999999995,0.3050200000000064,0.01740483515750384,0.20412472039461135
351,38,151,2,-0.6299999999999999,0.3030400000000064,0.0052261818636907265,0.2055376276373863
352,26,103,1,-0.75,0.30106000000000643,0.016105427852987002,0.23429584999879202
353,18,71,1,-0.83,0.29908000000000645,0.010688371758442372,0.223086941242218
354,89,354,5,-0.11999999999999944,0.29710000000000647,0.01070852664733221,0.23163173550909216
355,76,304,5,-0.24999999999999956,0.2951200000000065,0.0053151358933016465,0.23185411174046366
356,134,535,8,0.33000000000000096,0.2931400000000065,0.014892260028693058,0.21602285741006627
357,304,1216,20,2.0299999999999794,0.2911600000000065,0.0053671205211063165,0.2255283937250313
358,210,840,14,1.0899999999999994,0.28918000000000654,0.007533438910636155,0.23209598975685927
359,181,722,12,0.8000000000000014,0.28720000000000656,0.016662290499597374,0.21862400074799856
360,51,202,3,-0.4999999999999998,0.2852200000000066,0.017728565513747387,0.2194415984245447
361,91,363,6,-0.09999999999999942,0.2832400000000066,0.010169535255282308,0.21931050005166428
362,38,151,2,-0.6299999999999999,0.2812600000000066,0.005403138826497727,0.2286902500523461
363,61,241,4,-0.3999999999999997,0.27928000000000663,0.00881933256823686,0.22646344732493162
364,63,251,4,-0.37999999999999967,0.27730000000000665,0.012309006500678758,0.20823413332303364
365,39,155,2,-0.6199999999999999,0.27532000000000667,0.01399027520965319,0.20493755042552947
366,268,1069,17,1.669999999999987,0.2733400000000067,0.01228999702256423,0.21731935196848057
367,113,452,7,0.12000000000000077,0.2713600000000067,0.013003538200531952,0.21202459452407701
368,104,414,6,0.030000000000000693,0.2693800000000067,0.014045007606350387,0.21278173877642706
369,141,562,9,0.400000000000001,0.26740000000000674,0.006523536945880753,0.22172257055838904
370,286,1141,19,1.8499999999999832,0.26542000000000676,0.00992278212355122,0.22252971584528264
371,43,172,2,-0.5799999999999998,0.2634400000000068,0.004397762650941414,0.22640291940082202
372,165,660,11,0.6400000000000012,0.2614600000000068,0.0132162040262767,0.21659914167915903
373,63,252,4,-0.37999999999999967,0.2594800000000068,0.008500267424096819,0.2145452918484807
374,198,790,13,0.9700000000000015,0.25750000000000683,0.008496782386661222,0.2193474927727057
375,117,468,7,0.1600000000000008,0.25552000000000685,0.0034544293041108174,0.22202018747727076
376,263,1050,17,1.6199999999999881,0.25354000000000687,0.009411613660407825,0.23377423859559573
377,211,844,14,1.0999999999999992,0.2515600000000069,0.003919604474915859,0.24531428122295523
378,104,416,6,0.030000000000000693,0.24958000000000688,0.012652878538154675,0.23855223392064756
379,148,589,9,0.4700000000000011,0.24760000000000687,0.007025408030745598,0.24799216518530975
380,21,84,1,-0.7999999999999999,0.24562000000000686,0.01947049980517477,0.23087418377399443
381,205,820,13,1.0400000000000005,0.24364000000000685,0.006001857797505531,0.24531408657248205
382,74,296,4,-0.2699999999999996,0.24166000000000684,0.005547784980283015,0.24891055044200686
383,292,1166,19,1.909999999999982,0.23968000000000683,0.01639805229345643,0.2375305076576259
384,25,99,1,-0.7599999999999999,0.23770000000000682,0.01577160681093422,0.2237157771984736
385,309,1233,20,2.0799999999999783,0.2357200000000068,0.015300399532395367,0.23305543664938363
386,141,564,9,0.400000000000001,0.2337400000000068,0.013733597630302288,0.235932343346732
387,181,723,12,0.8000000000000014,0.2317600000000068,0.010778622483162002,0.23699875010384452
388,226,903,15,1.249999999999996,0.22978000000000678,0.006945377137877554,0.24439321353770138
389,134,533,8,0.33000000000000096,0.22780000000000677,0.0031813294825207613,0.2516955254655896
390,110,437,7,0.09000000000000075,0.22582000000000677,0.016815999236964023,0.23920475372246333
391,155,619,10,0.5400000000000011,0.22384000000000676,0.019062192632669683,0.23757056186073705
392,70,277,4,-0.3099999999999996,0.22186000000000675,0.01077700621357912,0.24922320991754532
393,119,475,7,0.18000000000000083,0.21988000000000674,0.010032837211232012,0.24217024048169453
394,91,362,6,-0.09999999999999942,0.21790000000000673,0.006946369233694647,0.24470408870415253
395,89,353,5,-0.11999999999999944,0.21592000000000672,0.008971736920774792,0.2463793774013934
396,361,1442,24,2.5999999999999672,0.2139400000000067,0.0087912355234342,0.2474497627880838
397,57,227,3,-0.4399999999999997,0.2119600000000067,0.010143543520825915,0.24929660026516234
398,137,548,9,0.360000000000001,0.2099800000000067,0.01145350236851407,0.24635591094984727
399,266,1061,17,1.6499999999999875,0.20800000000000668,0.007378409480903673,0.2512694079039702
400,181,722,12,0.8000000000000014,0.20602000000000667,0.010661805627104412,0.2474208739068773
401,43,172,2,-0.5799999999999998,0.20404000000000666,0.009096682841614396,0.2535269273953004
402,91,362,6,-0.09999999999999942,0.20206000000000665,0.012599655127142678,0.2460759515347688
403,46,182,3,-0.5499999999999998,0.20008000000000664,0.026073686439882626,0.23986813019622455
404,147,588,9,0.4600000000000011,0.19810000000000663,0.011602012477138685,0.2512669861316681
405,12,45,0,-0.89,0.19612000000000662,0.0005831329035572708,0.24268298347791037
406,309,1236,20,2.0799999999999783,0.1941400000000066,0.014207096421537776,0.24038452432527171
407,156,622,10,0.5500000000000012,0.1921600000000066,0.0077164912389633125,0.24475905719475868
408,196,784,13,0.9500000000000015,0.1901800000000066,0.017131558182882145,0.24136829315399638
409,310,1237,20,2.089999999999978,0.18820000000000658,0.011805922120775228,0.24869194206519005
410,213,850,14,1.1199999999999988,0.18622000000000657,0.010503217752557248,0.25205843094384894
411,93,369,6,-0.0799999999999994,0.18424000000000657,0.009149269863922635,0.25555657498214557
412,180,717,11,0.7900000000000014,0.18226000000000656,0.011936025075717933,0.25483311116695406
413,177,705,11,0.7600000000000013,0.18028000000000655,0.009872814920857887,0.25566655871543015
414,163,651,10,0.6200000000000012,0.17830000000000654,0.006162924168165773,0.25450653746360685
415,254,1015,16,1.52999999999999,0.17632000000000653,0.008641277289143545,0.2742163655348122
416,123,490,8,0.22000000000000086,0.17434000000000652,0.007392955706260788,0.2748034109671911
417,100,397,6,-0.009999999999999343,0.1723600000000065,0.0037289692775812,0.2828603506088257
418,105,418,6,0.0400000000000007,0.1703800000000065,0.011020310715711848,0.2748703857262929
419,384,1533,25,2.8299999999999623,0.1684000000000065,0.011530177327585989,0.2715867191242675
420,230,917,15,1.2899999999999952,0.16642000000000648,0.00910660530963357,0.28065660491324307
421,118,472,7,0.17000000000000082,0.16444000000000647,0.01818599401546332,0.27187886933485667
422,270,1080,18,1.6899999999999866,0.16246000000000646,0.015477067889096632,0.27885455560328354
423,162,647,10,0.6100000000000012,0.16048000000000645,0.012511949335287393,0.27622430789761426
424,212,847,14,1.109999999999999,0.15850000000000644,0.00967584580829903,0.28078695232013484
425,95,380,6,-0.05999999999999939,0.15652000000000643,0.013123365003949679,0.2754846111587856
426,143,570,9,0.42000000000000104,0.15454000000000642,0.014312298685076207,0.28144119100438225
427,10,37,0,-0.91,0.1525600000000064,0.0004725808394141495,0.28962936997413635
428,255,1017,16,1.5399999999999898,0.1505800000000064,0.010768022653388066,0.284223031193491
429,117,465,7,0.1600000000000008,0.1486000000000064,0.010559381962715027,0.2855856716632843
430,20,80,1,-0.8099999999999999,0.14662000000000638,0.010423761425772681,0.29135350584983827
431,75,298,4,-0.25999999999999956,0.14464000000000637,0.010878017147964178,0.2779338045252694
432,79,314,5,-0.21999999999999953,0.14266000000000637,0.008600706423749216,0.27903454303741454
433,126,501,8,0.2500000000000009,0.14068000000000636,0.00959634623995953,0.2826293185353279
434,181,722,12,0.8000000000000014,0.13870000000000635,0.004000047078200926,0.29399267302619086
435,9,35,0,-0.92,0.13672000000000634,0.0005263190541882068,0.30885350704193115
436,120,478,7,0.19000000000000083,0.13474000000000633,0.012129933503456414,0.3016788413127263
437,68,271,4,-0.3299999999999996,0.13276000000000632,0.01589980029144927,0.2962351336198695
438,143,571,9,0.42000000000000104,0.1307800000000063,0.01855854633969203,0.29138220598300296
439,98,392,6,-0.02999999999999936,0.1288000000000063,0.009548963417425208,0.29312678302327794
440,55,219,3,-0.45999999999999974,0.1268200000000063,0.02246344974472387,0.29445662668773104
441,264,1053,17,1.629999999999988,0.1248400000000063,0.014155992389670715,0.2949782226121787
442,107,425,7,0.06000000000000072,0.1228600000000063,0.018500117630335607,0.2999710937341054
443,224,894,14,1.2299999999999964,0.1208800000000063,0.010847618574189255,0.30985540470906664
444,193,770,12,0.9200000000000015,0.1189000000000063,0.011072024656338423,0.32054195925593376
445,58,230,3,-0.4299999999999997,0.11692000000000631,0.014072694369436553,0.32121086517969766
446,59,235,3,-0.4199999999999997,0.11494000000000631,0.019070468319114298,0.3151715802294867
447,235,939,15,1.339999999999994,0.11296000000000632,0.0189319190695503,0.3137602371684575
448,200,797,13,0.9900000000000015,0.11098000000000632,0.014104598000994884,0.31576703131198885
449,195,778,12,0.9400000000000015,0.10900000000000633,0.008317585711424448,0.31767649674902154
450,129,514,8,0.2800000000000009,0.10702000000000633,0.018498209143217537,0.30724666081368923
451,40,158,2,-0.6099999999999999,0.10504000000000634,0.005931955727282912,0.29456953704357147
452,106,424,7,0.05000000000000071,0.10306000000000634,0.01209699192420683,0.3138690579820562
453,19,75,1,-0.82,0.10108000000000635,0.011989735663519241,0.2912827953696251
454,254,1016,16,1.52999999999999,0.09910000000000635,0.015265668278971134,0.3055321341380477
455,7,28,0,-0.94,0.09712000000000635,0.0008971976058091968,0.34148108959198
456,154,613,10,0.5300000000000011,0.09514000000000636,0.004679916038998942,0.3136014993253507
457,104,413,6,0.030000000000000693,0.09316000000000636,0.008515022077167837,0.3142757782569298
458,189,753,12,0.8800000000000014,0.09118000000000637,0.011604248646998461,0.31267272728554746
459,181,722,12,0.8000000000000014,0.08920000000000637,0.014132318797435248,0.31601179682690167
460,219,876,14,1.1799999999999975,0.08722000000000638,0.013126644767234448,0.31851659935933574
461,146,582,9,0.45000000000000107,0.08524000000000638,0.013291849337071431,0.3163450481118383
462,48,190,3,-0.5299999999999998,0.08326000000000638,0.01296449812798528,0.3091019888718923
463,201,801,13,1.0000000000000013,0.08128000000000639,0.017008675442193633,0.3141443228721619
464,218,872,14,1.1699999999999977,0.0793000000000064,0.01443654263804836,0.31581855687228116
465,19,74,1,-0.82,0.0773200000000064,0.000620082464592997,0.30877896398305893
466,148,589,9,0.4700000000000011,0.0753400000000064,0.01605479829280788,0.30438621221361933
467,310,1238,20,2.089999999999978,0.0733600000000064,0.015165465058182748,0.30117966196475887
468,28,111,1,-0.73,0.07138000000000641,0.0009007156227848359,0.31165250284331186
469,116,463,7,0.1500000000000008,0.06940000000000641,0.008877564564845043,0.3147593181708763
470,29,114,1,-0.72,0.06742000000000642,0.014515172041553472,0.3046508346285139
471,67,265,4,-0.33999999999999964,0.06544000000000642,0.01715915388194844,0.2982327359564164
472,342,1365,22,2.4099999999999713,0.06346000000000643,0.015982349684311295,0.3090965803931741
473,189,754,12,0.8800000000000014,0.061480000000006425,0.015166441347294798,0.3137085090080897
474,288,1149,19,1.8699999999999828,0.05950000000000642,0.01386433808268824,0.3137507049573792
475,65,260,4,-0.35999999999999965,0.05752000000000642,0.010994735812346335,0.32242779433727264
476,99,394,6,-0.01999999999999935,0.05554000000000642,0.007174966007005424,0.3155623114109039
477,232,928,15,1.3099999999999947,0.053560000000006415,0.009726105839443586,0.31544079400342084
478,18,71,1,-0.83,0.05158000000000641,0.014819883683230728,0.3410962298512459
479,128,512,8,0.2700000000000009,0.04960000000000641,0.01564418896123243,0.3254753090441227
480,147,585,9,0.4600000000000011,0.04762000000000641,0.012309149319834605,0.32138708797661036
481,116,464,7,0.1500000000000008,0.045640000000006405,0.009700662858888572,0.3320236175224699
482,123,491,8,0.22000000000000086,0.0436600000000064,0.015911628854566165,0.32891997887242225
483,107,427,7,0.06000000000000072,0.0416800000000064,0.006708550138193039,0.3226241228672174
484,240,957,15,1.389999999999993,0.0397000000000064,0.010231076296865165,0.3240322217345238
485,21,82,1,-0.7999999999999999,0.037720000000006394,0.017280908044388827,0.32040204107761383
486,8,32,0,-0.9299999999999999,0.03574000000000639,0.0008614984399173409,0.3257068246603012
487,135,540,9,0.34000000000000097,0.03376000000000639,0.004034208147927668,0.337736321218086
488,233,931,15,1.3199999999999945,0.031780000000006386,0.009568365372646347,0.34045849664736605
489,176,703,11,0.7500000000000013,0.029800000000006387,0.012677577760769054,0.33838660337708215
490,9,34,0,-0.92,0.027820000000006388,0.0005075231601949781,0.3376908302307129
491,39,153,2,-0.6199999999999999,0.02584000000000639,0.01084392454358749,0.3366726487874985
492,169,676,11,0.6800000000000013,0.02386000000000639,0.010256622683040664,0.3372894901604879
493,331,1321,22,2.2999999999999736,0.02188000000000639,0.014022547853002549,0.3348230288689395
494,192,767,12,0.9100000000000015,0.019900000000006392,0.015510215654406542,0.3573290190349023
495,66,261,4,-0.34999999999999964,0.017920000000006393,0.0077190938718558755,0.3508691042661667
496,340,1358,22,2.3899999999999717,0.015940000000006393,0.013786189022186377,0.3470021286431481
497,169,676,11,0.6800000000000013,0.013960000000006394,0.013545805302176936,0.34769460062185925
498,82,327,5,-0.1899999999999995,0.011980000000006395,0.005646502973312246,0.35543498396873474
499,13,51,0,-0.88,0.010000000000006396,0.020875091897323728,0.3544667760531108
500,133,532,8,0.32000000000000095,0.01,0.009176591091972747,0.3506610357400143
501,16,63,1,-0.85,0.01,0.01551649792236276,0.3274214491248131
502,63,251,4,-0.37999999999999967,0.01,0.024405897253018338,0.3358043022453785
503,259,1033,17,1.579999999999989,0.01,0.012491880870836141,0.3388727110165816
504,188,751,12,0.8700000000000014,0.01,0.013102857041806776,0.3413239406778457
505,93,371,6,-0.0799999999999994,0.01,0.014453273937207363,0.3325274327526922
506,102,405,6,0.010000000000000675,0.01,0.022214635595446452,0.33756957604334903
507,152,605,10,0.5100000000000011,0.01,0.01191763280841865,0.3353582479451832
508,123,492,8,0.22000000000000086,0.01,0.010906346112218064,0.34196525514125825
509,263,1050,17,1.6199999999999881,0.01,0.013984966170744772,0.34888984037168097
510,414,1655,27,3.1299999999999564,0.01,0.01621996623278112,0.34716374942889583
511,206,822,13,1.0500000000000003,0.01,0.014902166992553747,0.3436962190796347
512,99,394,6,-0.01999999999999935,0.01,0.02138299564830959,0.3385573995113373
513,106,422,7,0.05000000000000071,0.01,0.013301045618181188,0.3464668450447229
514,44,173,2,-0.5699999999999998,0.01,0.012275614029600878,0.3429292088205164
515,188,751,12,0.8700000000000014,0.01,0.013619292807329366,0.341638168755998
516,90,360,6,-0.10999999999999943,0.01,0.006121291396835738,0.35395874536555744
517,79,316,5,-0.21999999999999953,0.01,0.019014706199232023,0.3429723456501961
518,53,212,3,-0.47999999999999976,0.01,0.014325763372023804,0.33558396651194644
519,151,603,10,0.5000000000000011,0.01,0.014702856817932212,0.3408634246964204
520,168,669,11,0.6700000000000013,0.01,0.008613044059269928,0.34349230996200014
521,143,572,9,0.42000000000000104,0.01,0.010124434630519577,0.3418230090822492
522,31,123,2,-0.7,0.01,0.014839016388577875,0.38245731592178345
523,293,1170,19,1.9199999999999817,0.01,0.014708039078507444,0.36208264550117597
524,174,693,11,0.7300000000000013,0.01,0.014919458244218153,0.35666920041496103
525,29,115,1,-0.72,0.01,0.000692761702729123,0.3752760887145996
526,231,924,15,1.299999999999995,0.01,0.013170905508590734,0.3668320029973984
527,59,233,3,-0.4199999999999997,0.01,0.01157079052645713,0.36499909361203514
528,177,705,11,0.7600000000000013,0.01,0.016844018032398624,0.36056857488372107
529,144,576,9,0.43000000000000105,0.01,0.0201011880999431,0.35814285029967624
530,89,355,5,-0.11999999999999944,0.01,0.01770195284255103,0.3565548455173319
531,113,452,7,0.12000000000000077,0.01,0.016319440010452775,0.36228216120174955
532,199,795,13,0.9800000000000015,0.01,0.013094979709130712,0.3607716244459152
533,282,1128,18,1.809999999999984,0.01,0.009663260051600215,0.3607606363128608
534,151,603,10,0.5000000000000011,0.01,0.012184227012865548,0.3589333956306045
535,204,816,13,1.0300000000000007,0.01,0.013235465645694229,0.38259152220744713
536,174,693,11,0.7300000000000013,0.01,0.01779873792111175,0.3817504508928819
537,156,621,10,0.5500000000000012,0.01,0.008178948921014149,0.38868135672349197
538,132,526,8,0.31000000000000094,0.01,0.010544103309229919,0.3870366233767885
539,24,95,1,-0.7699999999999999,0.01,0.0007140333764255047,0.3993430932362874
540,29,116,1,-0.72,0.01,0.008095750826344426,0.3823075805391584
541,86,341,5,-0.14999999999999947,0.01,0.013539634394956838,0.3858690763061697
542,58,229,3,-0.4299999999999997,0.01,0.019396372684111287,0.3817453959158489
543,51,203,3,-0.4999999999999998,0.01,0.013543842333512237,0.3636278739342323
544,39,156,2,-0.6199999999999999,0.01,0.012587771698599681,0.38600136935710905
545,139,554,9,0.380000000000001,0.01,0.012699117134188247,0.38796836225425496
546,137,547,9,0.360000000000001,0.01,0.01791130418589871,0.3785754876477378
547,42,167,2,-0.5899999999999999,0.01,0.011646113556344062,0.3788623124361038
548,182,726,12,0.8100000000000014,0.01,0.00704484887967777,0.385722785540249
549,160,637,10,0.5900000000000012,0.01,0.016393951597274282,0.3873054474592209
550,45,179,2,-0.5599999999999998,0.01,0.030448731458322567,0.37298197096044367
551,30,119,1,-0.71,0.01,0.009053859244366842,0.3760588254247393
552,156,621,10,0.5500000000000012,0.01,0.0177443048868997,0.3816767006348341
553,80,319,5,-0.20999999999999952,0.01,0.022568483254872262,0.3835367366671562
554,87,346,5,-0.13999999999999946,0.01,0.016373241727706045,0.3765786059878089
555,192,766,12,0.9100000000000015,0.01,0.008457797013761592,0.38260710301498574
556,84,333,5,-0.16999999999999948,0.01,0.0058578640649405616,0.3803436926433018
557,181,724,12,0.8000000000000014,0.01,0.011023892308326646,0.3793442209561666
558,18,69,1,-0.83,0.01,0.02349113879026845,0.39524766206741335
559,120,479,7,0.19000000000000083,0.01,0.015457311344410604,0.3695864319801331
560,98,391,6,-0.02999999999999936,0.01,0.01002179319281519,0.3750180738667647
561,22,85,1,-0.7899999999999999,0.01,0.001036817004205659,0.38703890641530353
562,134,533,8,0.33000000000000096,0.01,0.012551364146709217,0.3792233114892786
563,177,707,11,0.7600000000000013,0.01,0.012564473936799913,0.3763213747077518
564,7,28,0,-0.94,0.01,0.0006832612561993301,0.3883139491081238
565,132,527,8,0.31000000000000094,0.01,0.010680445854439202,0.3829281221736561
566,143,570,9,0.42000000000000104,0.01,0.01911102324892353,0.37630094836155575
567,160,640,10,0.5900000000000012,0.01,0.020322891214163974,0.3679706506431103
568,149,594,9,0.4800000000000011,0.01,0.016375684929772507,0.38019369019044413
569,181,723,12,0.8000000000000014,0.01,0.009628464843009842,0.3855467969956605
570,256,1023,17,1.5499999999999896,0.01,0.00867160452889948,0.3794591114856303
571,182,727,12,0.8100000000000014,0.01,0.011384002442678644,0.3821345269680023
572,70,277,4,-0.3099999999999996,0.01,0.016976299284983218,0.3803262859582901
573,181,724,12,0.8000000000000014,0.01,0.015355876291222457,0.3754710899458991
574,60,238,3,-0.4099999999999997,0.01,0.0009089644610260924,0.3816882272561391
575,181,723,12,0.8000000000000014,0.01,0.01640756078284337,0.3808175848590003
576,175,697,11,0.7400000000000013,0.01,0.00948786275958727,0.3767950358715924
577,44,175,2,-0.5699999999999998,0.01,0.005618697389515794,0.3835048133676702
578,145,578,9,0.44000000000000106,0.01,0.00844084667187417,0.39564766817622715
579,129,515,8,0.2800000000000009,0.01,0.00972749335323897,0.39813751447945833
580,194,773,12,0.9300000000000015,0.01,0.018131203067427198,0.3876527359290999
581,295,1178,19,1.9399999999999813,0.01,0.015527120659228516,0.3845790890423027
582,118,469,7,0.17000000000000082,0.01,0.012405305879054078,0.39932075964993446
583,248,989,16,1.4699999999999913,0.01,0.01625015040589196,0.39271662744783586
584,132,526,8,0.31000000000000094,0.01,0.018875321745519723,0.37820159124605585
585,111,442,7,0.10000000000000075,0.01,0.01115064812516461,0.38452510642153875
586,206,821,13,1.0500000000000003,0.01,0.013400443236106167,0.3857593688310361
587,77,307,5,-0.23999999999999955,0.01,0.005856180073169526,0.3846266731619835
588,224,894,14,1.2299999999999964,0.01,0.019795694419631867,0.3804693546678339
589,69,274,4,-0.3199999999999996,0.01,0.013806928390883566,0.3744337663931005
590,33,132,2,-0.6799999999999999,0.01,0.021432919238577597,0.3892229050397873
591,182,725,12,0.8100000000000014,0.01,0.011843199266561145,0.39650415855905286
592,165,657,10,0.6400000000000012,0.01,0.019975288436043917,0.4018158701861777
593,142,565,9,0.41000000000000103,0.01,0.029435513660843883,0.39306646755763464
594,145,579,9,0.44000000000000106,0.01,0.019930321664228482,0.39753520810926285
595,326,1304,21,2.2499999999999747,0.01,0.007727232857975235,0.409676996646104
596,48,191,3,-0.5299999999999998,0.01,0.019674900885244522,0.40745194256305695
597,344,1374,22,2.429999999999971,0.01,0.015272124373992947,0.40540972144104714
598,107,427,7,0.06000000000000072,0.01,0.021345643943210167,0.4016657096368295
599,47,187,3,-0.5399999999999998,0.01,0.010396501747891307,0.4072069004178047
600,286,1141,19,1.8499999999999832,0.01,0.012602530528863393,0.4053147124572539
601,40,159,2,-0.6099999999999999,0.01,0.006486214097822085,0.4244276612997055
602,9,35,0,-0.92,0.01,0.0008056321821641177,0.40667666494846344
603,152,608,10,0.5100000000000011,0.01,0.016055833194466112,0.40702373730508906
604,14,55,0,-0.87,0.01,0.0012123537890147418,0.4071865454316139
605,81,321,5,-0.1999999999999995,0.01,0.015938561916118487,0.4042132794857025
606,129,515,8,0.2800000000000009,0.01,0.004747945983581303,0.41264463495463133
607,257,1027,17,1.5599999999999894,0.01,0.011613969329314737,0.3981267938247094
608,142,567,9,0.41000000000000103,0.01,0.018310614673620357,0.40144892505237034
609,94,374,6,-0.0699999999999994,0.01,0.017174052889458835,0.4001237365106742
610,24,96,1,-0.7699999999999999,0.01,0.00916863420085671,0.40863079329331714
611,154,613,10,0.5300000000000011,0.01,0.012920049826406236,0.3979249071133764
612,149,593,9,0.4800000000000011,0.01,0.0059776324416963835,0.40444435300053777
613,136,541,9,0.350000000000001,0.01,0.015730802534723327,0.39276664309641895
614,287,1145,19,1.859999999999983,0.01,0.011344152977673931,0.3978946949872706
615,49,193,3,-0.5199999999999998,0.01,0.029383667021951016,0.39249418427546817
616,29,114,1,-0.72,0.01,0.0011363560770405456,0.3876793123781681
617,53,210,3,-0.47999999999999976,0.01,0.013453042770449359,0.40377720961203944
618,245,979,16,1.439999999999992,0.01,0.015597105146000222,0.3930071108653897
619,317,1265,21,2.1599999999999766,0.01,0.00801389361584347,0.4048349453678614
620,76,303,5,-0.24999999999999956,0.01,0.02909848343360385,0.3912366142398433
621,135,539,8,0.34000000000000097,0.01,0.012191295954193371,0.40548523208674264
622,198,789,13,0.9700000000000015,0.01,0.01876179998158477,0.40117274343967435
623,212,847,14,1.109999999999999,0.01,0.01214361821964629,0.40273759331343306
624,9,36,0,-0.92,0.01,0.03152239150949754,0.41394586861133575
625,136,541,9,0.350000000000001,0.01,0.008407508859390338,0.4059692314442466
626,337,1346,22,2.3599999999999723,0.01,0.02185216678862205,0.4187099898145312
627,63,249,4,-0.37999999999999967,0.01,0.009083733220904833,0.4314546100795269
628,116,464,7,0.1500000000000008,0.01,0.02241767377287535,0.42700125945025474
629,226,904,15,1.249999999999996,0.01,0.01469151491359558,0.4345125987061432
630,170,677,11,0.6900000000000013,0.01,0.01486344909468709,0.4337697597437127
631,74,294,4,-0.2699999999999996,0.01,0.008082619722699746,0.43892597324318355
632,182,725,12,0.8100000000000014,0.01,0.016242100372556193,0.43537232862866443
633,67,266,4,-0.33999999999999964,0.01,0.0049055907293222845,0.4546620319871342
634,171,683,11,0.7000000000000013,0.01,0.016808862749409553,0.4403371938637325
635,235,937,15,1.339999999999994,0.01,0.012044963988739903,0.4393692193395
636,63,252,4,-0.37999999999999967,0.01,0.021356133165681968,0.4438326917588711
637,65,258,4,-0.35999999999999965,0.01,0.0009765614595380612,0.45396033115684986
638,254,1015,16,1.52999999999999,0.01,0.01794176580506246,0.4434908819384873
639,273,1090,18,1.719999999999986,0.01,0.01953316547544947,0.4291171852280112
640,246,982,16,1.4499999999999917,0.01,0.012279492162156576,0.42735489860909887
641,191,762,12,0.9000000000000015,0.01,0.018323686195799382,0.41517694977422553
642,196,782,13,0.9500000000000015,0.01,0.019235958633896877,0.4239836827832825
643,68,272,4,-0.3299999999999996,0.01,0.020656496269272313,0.4271930456161499
644,20,77,1,-0.8099999999999999,0.01,0.0019760055001825094,0.4064042866230011
645,465,1859,30,3.6399999999999455,0.01,0.015543422533514316,0.43021725066776934
646,245,979,16,1.439999999999992,0.01,0.014609778063341735,0.4279977914787108
647,76,302,5,-0.24999999999999956,0.01,0.010228375993105337,0.42938638517731115
648,17,67,1,-0.84,0.01,0.0009329140593763441,0.42959924787282944
649,179,714,11,0.7800000000000014,0.01,0.017656820230574036,0.42457612024413216
650,86,342,5,-0.14999999999999947,0.01,0.01761292597179168,0.4164350217296964
651,146,583,9,0.45000000000000107,0.01,0.007550712183237428,0.42951110005378723
652,188,751,12,0.8700000000000014,0.01,0.017019355091256426,0.4335175892140003
653,114,455,7,0.13000000000000078,0.01,0.011700771023502707,0.4286583129848753
654,99,393,6,-0.01999999999999935,0.01,0.014117688564583659,0.42521756768226626
655,235,939,15,1.339999999999994,0.01,0.014538093666857804,0.4233817761227236
656,46,183,3,-0.5499999999999998,0.01,0.0012099345966072922,0.4230117770758542
657,85,340,5,-0.15999999999999948,0.01,0.009157463617157191,0.4340235676084246
658,136,544,9,0.350000000000001,0.01,0.01907941835644819,0.42631020440774803
659,157,628,10,0.5600000000000012,0.01,0.019543753669859144,0.41340058073401453
660,25,100,1,-0.7599999999999999,0.01,0.00994455202211005,0.419171005487442
661,176,703,11,0.7500000000000013,0.01,0.01669531670764131,0.4103008691560138
662,282,1128,18,1.809999999999984,0.01,0.016395452577022036,0.41097198256424494
663,230,920,15,1.2899999999999952,0.01,0.014412213458101553,0.41486923807653886
664,96,384,6,-0.04999999999999938,0.01,0.00799019584277024,0.4165741801261902
665,88,350,5,-0.12999999999999945,0.01,0.016399796017636123,0.4132572209293192
666,126,501,8,0.2500000000000009,0.01,0.014353806716239741,0.4224945624028483
667,141,561,9,0.400000000000001,0.01,0.008084365013120178,0.41725509779320824
668,207,825,13,1.06,0.01,0.009931131823024913,0.420195411233341
669,14,54,0,-0.87,0.01,0.0007096158515196294,0.4180663153529167
670,225,899,14,1.2399999999999962,0.01,0.010079029172110105,0.4161457893039499
671,140,558,9,0.390000000000001,0.01,0.012766645579332752,0.4249164376940046
672,94,373,6,-0.0699999999999994,0.01,0.005836586577061098,0.4153295271098614
673,66,263,4,-0.34999999999999964,0.01,0.010877529652134399,0.41793813183903694
674,122,487,8,0.21000000000000085,0.01,0.018272152981690822,0.41711394248470185
675,149,595,9,0.4800000000000011,0.01,0.008552114366761383,0.4231745858450194
676,138,549,9,0.370000000000001,0.01,0.015268517909776968,0.4240967876770917
677,159,633,10,0.5800000000000012,0.01,0.01364394930715207,0.41454659178853037
678,148,590,9,0.4700000000000011,0.01,0.012228406183862102,0.4170938794677322
679,144,576,9,0.43000000000000105,0.01,0.01395347449902652,0.41641746792528367
680,207,827,13,1.06,0.01,0.012141255864452642,0.4211407544521185
681,189,753,12,0.8800000000000014,0.01,0.01200998020284076,0.42669451236724854
682,168,670,11,0.6700000000000013,0.01,0.017988660870330585,0.4200507877838044
683,193,770,12,0.9200000000000015,0.01,0.010783027081439892,0.4253887378921111
684,198,789,13,0.9700000000000015,0.01,0.015831929242121987,0.4213215607404709
685,18,71,1,-0.83,0.01,0.030145642085699365,0.41335953027009964
686,86,343,5,-0.14999999999999947,0.01,0.01135093699452806,0.4211897050792521
687,47,188,3,-0.5399999999999998,0.01,0.005689378396103469,0.42605088154474896
688,150,598,9,0.4900000000000011,0.01,0.021753524032081605,0.43177506730363174
689,9,34,0,-0.92,0.01,0.027665544766932726,0.42210695147514343
690,166,662,11,0.6500000000000012,0.01,0.01568272146340903,0.4252550821928751
691,106,423,7,0.05000000000000071,0.01,0.03277187964144664,0.41901172353671146
692,160,638,10,0.5900000000000012,0.01,0.011831474806240295,0.4252946563065052
693,144,573,9,0.43000000000000105,0.01,0.011930603973774446,0.4278220327364074
694,30,117,1,-0.71,0.01,0.008054733953031246,0.4191959351301193
695,142,565,9,0.41000000000000103,0.01,0.01970929956213305,0.4257379353046417
696,219,874,14,1.1799999999999975,0.01,0.012393383378035982,0.43250626867467706
697,99,393,6,-0.01999999999999935,0.01,0.0229306782851927,0.4305989670753479
698,130,518,8,0.2900000000000009,0.01,0.010024769473602646,0.4338361043483019
699,83,332,5,-0.1799999999999995,0.01,0.023047007692401252,0.43108821624801275
700,277,1107,18,1.7599999999999851,0.01,0.005060817044147331,0.4353537853213324
701,117,465,7,0.1600000000000008,0.01,0.010839391485205851,0.43954166769981384
702,34,134,2,-0.6699999999999999,0.01,0.008873583225067705,0.42866599187254906
703,110,437,7,0.09000000000000075,0.01,0.019186595637750412,0.43059950854097095
704,192,767,12,0.9100000000000015,0.01,0.015661117715353612,0.4204828776419163
705,157,628,10,0.5600000000000012,0.01,0.009901644744110318,0.4167258074650398
706,104,415,6,0.030000000000000693,0.01,0.012947451435208607,0.42544362063591296
707,177,706,11,0.7600000000000013,0.01,0.015270566391832703,0.4223231930624355
708,245,980,16,1.439999999999992,0.01,0.009446740547408823,0.42221056291314424
709,243,972,16,1.4199999999999924,0.01,0.011549383108446862,0.43327750485451494
710,12,47,0,-0.89,0.01,0.0012689650757238269,0.44523266951243085
711,99,395,6,-0.01999999999999935,0.01,0.01481600858271122,0.44468252301216127
712,155,620,10,0.5400000000000011,0.01,0.00538796893073222,0.44197381077668607
713,241,961,16,1.3999999999999928,0.01,0.013086924452606279,0.44423429171244305
714,208,832,13,1.0699999999999998,0.01,0.018435870361057684,0.4381132206091514
715,31,121,2,-0.7,0.01,0.02929211321315961,0.43078381568193436
716,96,382,6,-0.04999999999999938,0.01,0.020696248228584107,0.43749575937787694
717,8,29,0,-0.9299999999999999,0.01,0.0014302622294053435,0.4246199131011963
718,136,543,9,0.350000000000001,0.01,0.010135751155116047,0.4558866479817559
719,244,973,16,1.4299999999999922,0.01,0.014861646159380277,0.4535570706500382
720,242,965,16,1.4099999999999926,0.01,0.01192552528421705,0.4563240642348925
721,179,716,11,0.7800000000000014,0.01,0.0115462236934238,0.45174401866065134
722,140,560,9,0.390000000000001,0.01,0.02114434002931895,0.44413568036896844
723,173,689,11,0.7200000000000013,0.01,0.01613389949184344,0.4607000579667646
724,176,702,11,0.7500000000000013,0.01,0.011417760773011569,0.4774168662049554
725,116,464,7,0.1500000000000008,0.01,0.003593663833553678,0.4871894480853245
726,84,334,5,-0.16999999999999948,0.01,0.01913781137305445,0.47634752307619366
727,176,702,11,0.7500000000000013,0.01,0.01564120607508812,0.48043056577444077
728,192,765,12,0.9100000000000015,0.01,0.011621225211759642,0.47873847000300884
729,76,304,5,-0.24999999999999956,0.01,0.026130255011498536,0.4708221429272702
730,35,139,2,-0.6599999999999999,0.01,0.007403555507254269,0.4924103750122918
731,33,131,2,-0.6799999999999999,0.01,0.01488789699942572,0.477735985070467
732,22,85,1,-0.7899999999999999,0.01,0.023029546874264877,0.4673449744780858
733,63,250,4,-0.37999999999999967,0.01,0.0168769751326181,0.4880024294058482
734,159,635,10,0.5800000000000012,0.01,0.01801333149924176,0.4867393828928471
735,133,530,8,0.32000000000000095,0.01,0.020824530013752254,0.4857859999844522
736,55,220,3,-0.45999999999999974,0.01,0.01022205244849569,0.4763587479080473
737,143,571,9,0.42000000000000104,0.01,0.013244163581273623,0.49010643942488563
738,251,1002,16,1.4999999999999907,0.01,0.014605926169592533,0.4846820769801972
739,191,764,12,0.9000000000000015,0.01,0.022769070544993466,0.4807648284638182
740,30,118,1,-0.71,0.01,0.010228273196844384,0.48663510382175446
741,237,946,15,1.3599999999999937,0.01,0.017013519404503376,0.49548874669155835
742,115,457,7,0.1400000000000008,0.01,0.02026903739295386,0.4804198741912842
743,128,509,8,0.2700000000000009,0.01,0.01885321694498998,0.47893753834068775
744,273,1091,18,1.719999999999986,0.01,0.015580470238894443,0.4866591972463271
745,62,248,4,-0.3899999999999997,0.01,0.023997683521884028,0.4951905533671379
746,59,234,3,-0.4199999999999997,0.01,0.010096813618604625,0.501760699919292
747,259,1033,17,1.579999999999989,0.01,0.01699977920910057,0.4997439031417553
748,209,835,13,1.0799999999999996,0.01,0.017898816004162654,0.49308395844239455
749,75,297,4,-0.25999999999999956,0.01,0.016649079956359378,0.5049827632151151
750,74,295,4,-0.2699999999999996,0.01,0.024071877938695252,0.49967982110224274
751,292,1165,19,1.909999999999982,0.01,0.015995222459585495,0.5006641904785208
752,195,779,12,0.9400000000000015,0.01,0.012004483237736471,0.49721380074818927
753,103,412,6,0.020000000000000684,0.01,0.026858454306000985,0.4961957920056123
754,204,813,13,1.0300000000000007,0.01,0.0174645868691561,0.4912196467904484
755,145,580,9,0.44000000000000106,0.01,0.015585501945073096,0.4988369685080316
756,109,435,7,0.08000000000000074,0.01,0.014465231234290903,0.5033549804772649
757,143,572,9,0.42000000000000104,0.01,0.008896787883713841,0.5079602718353271
758,254,1013,16,1.52999999999999,0.01,0.01533377409032255,0.49351364746689796
759,142,567,9,0.41000000000000103,0.01,0.01273517828002306,0.5097976735660008
760,139,553,9,0.380000000000001,0.01,0.00517617898793625,0.524558687210083
761,137,546,9,0.360000000000001,0.01,0.01821937188437647,0.5115645510308883
762,249,993,16,1.479999999999991,0.01,0.010601376508554769,0.515674952003691
763,165,657,10,0.6400000000000012,0.01,0.006958450497377936,0.517131548829195
764,237,948,15,1.3599999999999937,0.01,0.014499260312917059,0.5149053224062515
765,95,380,6,-0.05999999999999939,0.01,0.024134461928042583,0.5271610083679358
766,7,26,0,-0.94,0.01,0.0015877135447226465,0.5432615876197815
767,115,460,7,0.1400000000000008,0.01,0.018697339405272424,0.5305994610701289
768,251,1003,16,1.4999999999999907,0.01,0.011702713223972492,0.5267117463407063
769,190,760,12,0.8900000000000015,0.01,0.011081404735402126,0.5256949129203955
770,7,26,0,-0.94,0.01,0.002792096696794033,0.5627214908599854
771,71,281,4,-0.2999999999999996,0.01,0.011335676946651397,0.5293674932585822
772,174,696,11,0.7300000000000013,0.01,0.017564656228800726,0.5167896686629816
773,237,946,15,1.3599999999999937,0.01,0.014757613982942145,0.534365410521879
774,123,489,8,0.22000000000000086,0.01,0.02080807460081433,0.527998528172893
775,45,178,2,-0.5599999999999998,0.01,0.029870457820255648,0.5132261623035778
776,93,370,6,-0.0799999999999994,0.01,0.010249190715789471,0.531712513902913
777,93,371,6,-0.0799999999999994,0.01,0.01031976998226879,0.5310543542322905
778,137,546,9,0.360000000000001,0.01,0.022167444042861462,0.5236111232212611
779,113,449,7,0.12000000000000077,0.01,0.003968824834113808,0.5417635174734252
780,235,938,15,1.339999999999994,0.01,0.017117866996667837,0.5308987806409092
781,254,1016,16,1.52999999999999,0.01,0.012563847397114076,0.5393901249719044
782,117,466,7,0.1600000000000008,0.01,0.019225380291102517,0.5342717869528408
783,226,904,15,1.249999999999996,0.01,0.021720294400502257,0.5361191274826986
784,222,885,14,1.2099999999999969,0.01,0.015894582063298333,0.5302966437556527
785,128,510,8,0.2700000000000009,0.01,0.018186169159889687,0.5366274863481522
786,100,398,6,-0.009999999999999343,0.01,0.01915666273795068,0.5458582258224487
787,77,305,5,-0.23999999999999955,0.01,0.015180091041838751,0.5415491014719009
788,251,1003,16,1.4999999999999907,0.01,0.015365526303573842,0.5425545337700075
789,152,605,10,0.5100000000000011,0.01,0.01565148983316153,0.5503803883728228
790,417,1668,27,3.1599999999999557,0.01,0.013364652358549868,0.5497214941751389
791,74,294,4,-0.2699999999999996,0.01,0.023735708207823336,0.5375696255101098
792,184,734,12,0.8300000000000014,0.01,0.01364160556619501,0.5509087443351746
793,186,744,12,0.8500000000000014,0.01,0.01214665553205587,0.555193838920999
794,139,556,9,0.380000000000001,0.01,0.022744698612608343,0.5569220080095179
795,75,299,4,-0.25999999999999956,0.01,0.016369904697823682,0.5546041319244787
796,164,653,10,0.6300000000000012,0.01,0.024138119582813686,0.5466162853124665
797,121,483,8,0.20000000000000084,0.01,0.01828187337766091,0.5469246308008829
798,157,628,10,0.5600000000000012,0.01,0.021202246844768523,0.5479077860713005
799,283,1131,18,1.8199999999999839,0.01,0.019103498181461225,0.5420985694442476
800,198,791,13,0.9700000000000015,0.01,0.021489460305310785,0.545056511759758
801,42,167,2,-0.5899999999999999,0.01,0.027260402461979538,0.5383005797863006
802,55,218,3,-0.45999999999999974,0.01,0.0025624562903041287,0.53016597032547
803,190,758,12,0.8900000000000015,0.01,0.01717555846456283,0.549886850019296
804,87,345,5,-0.13999999999999946,0.01,0.018317740116756232,0.5432318108422416
805,57,227,3,-0.4399999999999997,0.01,0.009928253378408651,0.5553677956263224
806,86,342,5,-0.14999999999999947,0.01,0.019029241601293462,0.5420054339227223
807,34,136,2,-0.6699999999999999,0.01,0.01612550165090296,0.5448162092102898
808,65,259,4,-0.35999999999999965,0.01,0.010002616574638523,0.5377438180148602
809,142,566,9,0.41000000000000103,0.01,0.016167401833393213,0.5339418036597116
810,96,382,6,-0.04999999999999938,0.01,0.015649766617571004,0.5364222141603628
811,53,211,3,-0.47999999999999976,0.01,0.010505056216581059,0.5368922054767609
812,155,617,10,0.5400000000000011,0.01,0.01054161121780788,0.5441323824618992
813,157,625,10,0.5600000000000012,0.01,0.022229529832839035,0.5285704605281353
814,188,750,12,0.8700000000000014,0.01,0.02464596740653778,0.5196838023814749
815,265,1059,17,1.6399999999999877,0.01,0.018858069266460723,0.5503613872058464
816,61,243,4,-0.3999999999999997,0.01,0.020668743061833084,0.5448187152544658
817,89,353,5,-0.11999999999999944,0.01,0.017256415999409826,0.5456409129229459
818,88,349,5,-0.12999999999999945,0.01,0.008173399747730318,0.5630878101695668
819,123,489,8,0.22000000000000086,0.01,0.025072819786146283,0.5486663156940091
820,314,1253,20,2.1299999999999772,0.01,0.014587138053707637,0.5578988699973384
821,190,758,12,0.8900000000000015,0.01,0.020241250544092915,0.5578142632829383
822,257,1027,17,1.5599999999999894,0.01,0.013482457356076338,0.5627139871940017
823,193,771,12,0.9200000000000015,0.01,0.020091537710478797,0.562237776055628
824,84,333,5,-0.16999999999999948,0.01,0.014651822375266679,0.5584303310939244
825,216,862,14,1.1499999999999981,0.01,0.017234087092758813,0.561337168569918
826,217,868,14,1.159999999999998,0.01,0.02148878116686656,0.5577620554853369
827,141,561,9,0.400000000000001,0.01,0.01647965079506061,0.5856594273022243
828,206,823,13,1.0500000000000003,0.01,0.014185162084266687,0.5834884689404414
829,53,212,3,-0.47999999999999976,0.01,0.012999362177931918,0.5837208261856666
830,138,552,9,0.370000000000001,0.01,0.01646420354475541,0.5829078958315008
831,166,661,11,0.6500000000000012,0.01,0.021737418944082623,0.583627829949061
832,107,425,7,0.06000000000000072,0.01,0.014943678496853897,0.5882726157153094
833,237,947,15,1.3599999999999937,0.01,0.02207689593009398,0.5854807950682559
834,46,182,3,-0.5499999999999998,0.01,0.01477385373701426,0.6009278297424316
835,101,403,6,6.661338147750939e-16,0.01,0.01207129581598565,0.5846923016584836
836,25,97,1,-0.7599999999999999,0.01,0.015023426502011716,0.5581941604614258
837,190,760,12,0.8900000000000015,0.01,0.012105949772918161,0.5739327960825981
838,336,1341,22,2.3499999999999726,0.01,0.01422175341784688,0.5823698675348645
839,282,1125,18,1.809999999999984,0.01,0.01907554033710818,0.5819584282351212
840,159,635,10,0.5800000000000012,0.01,0.01714348751993384,0.585538549721241
841,52,205,3,-0.48999999999999977,0.01,0.017993472767277405,0.5800654154557449
842,167,667,11,0.6600000000000013,0.01,0.013210925480873301,0.5895859090293326
843,91,364,6,-0.09999999999999942,0.01,0.02235383847627141,0.5831842655720918
844,107,428,7,0.06000000000000072,0.01,0.011687094643194642,0.5909282278131556
845,21,82,1,-0.7999999999999999,0.01,0.01782285966910422,0.5981455683708191
846,117,467,7,0.1600000000000008,0.01,0.014777272020402396,0.5926144266950673
847,140,560,9,0.390000000000001,0.01,0.026183751518172878,0.5920924612454006
848,15,57,0,-0.86,0.01,0.03919190290616825,0.5901827663183212
849,122,486,8,0.21000000000000085,0.01,0.015489245753645176,0.5921191111687691
850,41,163,2,-0.5999999999999999,0.01,0.02139510300476104,0.6004629015922547
851,108,430,7,0.07000000000000073,0.01,0.007813704331595174,0.602164626121521
852,140,560,9,0.390000000000001,0.01,0.015032796059469028,0.5988562652042934
853,72,287,4,-0.2899999999999996,0.01,0.022060678282286972,0.5867369009388818
854,89,355,5,-0.11999999999999944,0.01,0.03457125999160449,0.5783947652036493
855,367,1468,24,2.659999999999966,0.01,0.017686144009728552,0.5918202497389006
856,262,1047,17,1.6099999999999883,0.01,0.009709720932341253,0.6064668105198787
857,274,1095,18,1.7299999999999858,0.01,0.01433502866015972,0.6040684528972792
858,155,618,10,0.5400000000000011,0.01,0.020160855203031156,0.6091443972709851
859,79,314,5,-0.21999999999999953,0.01,0.015146919195295164,0.6111456124406112
860,128,509,8,0.2700000000000009,0.01,0.010897338277572999,0.6129371039569378
861,339,1356,22,2.379999999999972,0.01,0.018921290772200068,0.6122724631253411
862,84,333,5,-0.16999999999999948,0.01,0.01655429261293085,0.6265875328154791
863,65,258,4,-0.35999999999999965,0.01,0.0018070034639094956,0.634983379393816
864,14,54,0,-0.87,0.01,0.018240352568682283,0.6289152354001999
865,113,452,7,0.12000000000000077,0.01,0.013714138788470467,0.6259575720344271
866,172,686,11,0.7100000000000013,0.01,0.014934658086425516,0.6265424226605615
867,72,287,4,-0.2899999999999996,0.01,0.03389734379662615,0.6193890074888865
868,138,550,9,0.370000000000001,0.01,0.02158366286395384,0.6158276234354292
869,49,196,3,-0.5199999999999998,0.01,0.008493025437928736,0.6161785026391348
870,42,167,2,-0.5899999999999999,0.01,0.025832786317914726,0.607770973443985
871,53,209,3,-0.47999999999999976,0.01,0.013472648470529489,0.6212782306330544
872,11,41,0,-0.9,0.01,0.034275899175554514,0.6177641153335571
873,156,622,10,0.5500000000000012,0.01,0.014555331071814856,0.6459858142412626
874,272,1085,18,1.7099999999999862,0.01,0.024354802616632216,0.6520105433814666
875,137,548,9,0.360000000000001,0.01,0.01635305195980306,0.6546429021017892
876,60,240,4,-0.4099999999999997,0.01,0.028151187913802764,0.6453671813011169
877,237,947,15,1.3599999999999937,0.01,0.015278676936158248,0.657350480556488
878,328,1310,21,2.2699999999999743,0.01,0.023260729563445215,0.6447266391137751
879,279,1114,18,1.7799999999999847,0.01,0.02232554176256859,0.6363340965339116
880,146,584,9,0.45000000000000107,0.01,0.0245421747612353,0.6306460797786713
881,17,68,1,-0.84,0.01,0.02086333790794015,0.6296921074390411
882,149,594,9,0.4800000000000011,0.01,0.011805171961896122,0.6453516263710825
883,213,850,14,1.1199999999999988,0.01,0.016755985545284412,0.6393874422559198
884,156,624,10,0.5500000000000012,0.01,0.015290742014678052,0.6509850193292667
885,166,661,11,0.6500000000000012,0.01,0.021569403541478807,0.6565664846722673
886,70,277,4,-0.3099999999999996,0.01,0.011046781663834635,0.6432932648393843
887,88,349,5,-0.12999999999999945,0.01,0.03023235146908767,0.6511425213380293
888,97,387,6,-0.03999999999999937,0.01,0.01701285088104972,0.6626403406262398
889,69,274,4,-0.3199999999999996,0.01,0.01032312779331251,0.6639063673860887
890,138,549,9,0.370000000000001,0.01,0.013388083386234938,0.6535014731543405
891,315,1260,21,2.139999999999977,0.01,0.01793459620359177,0.6568206292164477
892,121,481,8,0.20000000000000084,0.01,0.029562652914319188,0.6613360246022543
893,120,479,7,0.19000000000000083,0.01,0.0147047356760595,0.6608301798502604
894,8,30,0,-0.9299999999999999,0.01,0.08518483489751816,0.6717859506607056
895,58,229,3,-0.4299999999999997,0.01,0.02436547350537564,0.6516144829136985
896,67,265,4,-0.33999999999999964,0.01,0.029333098579252904,0.6510706193306867
897,186,741,12,0.8500000000000014,0.01,0.016330430017873408,0.6662581461541196
898,293,1171,19,1.9199999999999817,0.01,0.018246115007507932,0.6612912677738765
899,240,960,16,1.389999999999993,0.01,0.019724967972918724,0.6555252740780513
900,68,271,4,-0.3299999999999996,0.01,0.023841834647635764,0.6515666737275965
901,243,970,16,1.4199999999999924,0.01,0.024461359989859897,0.6501264953222431
902,190,759,12,0.8900000000000015,0.01,0.012438034400977988,0.6555418156562968
903,120,477,7,0.19000000000000083,0.01,0.012078479659976438,0.6603041390577952
904,144,574,9,0.43000000000000105,0.01,0.02221105181443919,0.6557460957103305
905,14,53,0,-0.87,0.01,0.0015123111807042733,0.6503747701644897
906,30,117,1,-0.71,0.01,0.044270625487635176,0.6551564165524074
907,12,47,0,-0.89,0.01,0.024357945891097188,0.6309740742047628
908,47,186,3,-0.5399999999999998,0.01,0.00888799958435508,0.6574560403823853
909,66,264,4,-0.34999999999999964,0.01,0.030967464044806547,0.6360158622264862
910,184,735,12,0.8300000000000014,0.01,0.020820625128892614,0.6258442920187245
911,103,410,6,0.020000000000000684,0.01,0.014445882935363513,0.6339704233866471
912,49,193,3,-0.5199999999999998,0.01,0.00876053135531644,0.6365388880173365
913,147,585,9,0.4600000000000011,0.01,0.024249676983123896,0.620899102172336
914,24,93,1,-0.7699999999999999,0.01,0.015420087768385807,0.6108388404051462
915,130,519,8,0.2900000000000009,0.01,0.015153369067279114,0.636938472588857
916,37,146,2,-0.6399999999999999,0.01,0.03366955633585652,0.6049524545669556
917,44,176,2,-0.5699999999999998,0.01,0.016302849473008377,0.6189371184869246
918,49,195,3,-0.5199999999999998,0.01,0.02243217107995103,0.6279265234867731
919,147,587,9,0.4600000000000011,0.01,0.019631323741270683,0.6283366164645633
920,7,26,0,-0.94,0.01,0.0014279361930675805,0.6371786594390869
921,262,1048,17,1.6099999999999883,0.01,0.013255481880444746,0.6385822250292852
922,67,268,4,-0.33999999999999964,0.01,0.001779875680393375,0.6445436302353355
923,227,905,15,1.2599999999999958,0.01,0.01921487136094488,0.6324646734354789
924,201,804,13,1.0000000000000013,0.01,0.02323709913995117,0.6273944687843322
925,226,902,15,1.249999999999996,0.01,0.01883927553925397,0.6341881283691951
926,112,446,7,0.11000000000000076,0.01,0.01580937970304928,0.6283194039549146
927,214,853,14,1.1299999999999986,0.01,0.02081398631519362,0.6068350937631395
928,282,1127,18,1.809999999999984,0.01,0.019544082665483336,0.6037174139704024
929,30,117,1,-0.71,0.01,0.001598976377863437,0.6220198199152946
930,157,625,10,0.5600000000000012,0.01,0.018168317494340815,0.6099206560697311
931,144,573,9,0.43000000000000105,0.01,0.013580944292092076,0.6145044697655572
932,11,42,0,-0.9,0.01,0.02329677145462483,0.6220690210660299
933,275,1100,18,1.7399999999999856,0.01,0.015236441344630135,0.5933089843694714
934,100,400,6,-0.009999999999999343,0.01,0.02103373282123357,0.5734032154083252
935,362,1445,24,2.609999999999967,0.01,0.02263553860054041,0.5711780501736535
936,80,320,5,-0.20999999999999952,0.01,0.020886120898649097,0.5810986429452896
937,109,434,7,0.08000000000000074,0.01,0.011569564705024715,0.5763913525475396
938,85,337,5,-0.15999999999999948,0.01,0.029281869938131422,0.5721404227343473
939,230,919,15,1.2899999999999952,0.01,0.016042794783093166,0.5884798252791689
940,77,308,5,-0.23999999999999955,0.01,0.025130021336831544,0.5878795573585912
941,49,195,3,-0.5199999999999998,0.01,0.010759565244930295,0.5844723628117487
942,152,606,10,0.5100000000000011,0.01,0.007951411744886028,0.5952615518318979
943,185,739,12,0.8400000000000014,0.01,0.022467273171059787,0.5840654826682546
944,138,552,9,0.370000000000001,0.01,0.016231397153152263,0.5835839474902433
945,83,330,5,-0.1799999999999995,0.01,0.011318876286081615,0.588520382131849
946,207,827,13,1.06,0.01,0.027543985477397934,0.5746193253076993
947,66,262,4,-0.34999999999999964,0.01,0.02152025353279896,0.5787211880087852
948,80,320,5,-0.20999999999999952,0.01,0.02221122297924012,0.5730725705623627
949,137,545,9,0.360000000000001,0.01,0.024199043600154773,0.5565683160509381
950,113,450,7,0.12000000000000077,0.01,0.02356946011007364,0.5624503897769111
951,27,106,1,-0.74,0.01,0.012389391893520951,0.5808235321726117
952,121,484,8,0.20000000000000084,0.01,0.01798299846511024,0.5552657028039296
953,159,636,10,0.5800000000000012,0.01,0.012103041162481532,0.5767070099711418
954,226,903,15,1.249999999999996,0.01,0.02821048730194369,0.5619096511176654
955,13,52,0,-0.88,0.01,0.002177454298362136,0.5575975179672241
956,52,208,3,-0.48999999999999977,0.01,0.04843445552083162,0.5694602957138648
957,143,569,9,0.42000000000000104,0.01,0.021569927617545344,0.5561554398801591
958,387,1547,25,2.8599999999999617,0.01,0.01544050259165197,0.5639398718617626
959,112,447,7,0.11000000000000076,0.01,0.022576711934691827,0.5600358332906451
960,125,498,8,0.24000000000000088,0.01,0.019821343000888104,0.553730309009552
961,204,816,13,1.0300000000000007,0.01,0.012657759407553457,0.5620741598746356
962,168,672,11,0.6700000000000013,0.01,0.017808845625647034,0.5568464724790483
963,230,917,15,1.2899999999999952,0.01,0.01991942374573635,0.5529060836496025
964,229,916,15,1.2799999999999954,0.01,0.021347081292780082,0.5454598215588352
965,133,531,8,0.32000000000000095,0.01,0.021609415379564532,0.5525932492631854
966,177,706,11,0.7600000000000013,0.01,0.023120815986079502,0.5476641424677589
967,103,412,6,0.020000000000000684,0.01,0.012857688541631572,0.5392769712668198
968,142,567,9,0.41000000000000103,0.01,0.01661634877544,0.5378363960319095
969,138,549,9,0.370000000000001,0.01,0.013157081588253598,0.5281131521743887
970,153,611,10,0.5200000000000011,0.01,0.013769653187697068,0.5321546087139531
971,117,466,7,0.1600000000000008,0.01,0.01980066526060303,0.5291684985160827
972,92,365,6,-0.08999999999999941,0.01,0.010812924486463484,0.5318844085154326
973,109,434,7,0.08000000000000074,0.01,0.014443608074173055,0.5230749083889855
974,119,476,7,0.18000000000000083,0.01,0.008404239627998323,0.5349274158477784
975,151,602,10,0.5000000000000011,0.01,0.012793471591509375,0.5308813557431504
976,20,80,1,-0.8099999999999999,0.01,0.014489227510057389,0.5438776850700379
977,64,256,4,-0.36999999999999966,0.01,0.014344165560032707,0.540205642580986
978,78,310,5,-0.22999999999999954,0.01,0.011325742574990727,0.5366727381944656
979,59,235,3,-0.4199999999999997,0.01,0.010250346071552485,0.5548897385597229
980,244,976,16,1.4299999999999922,0.01,0.014294531195401595,0.5369886843884577
981,184,735,12,0.8300000000000014,0.01,0.023212346035744184,0.5289436844380005
982,58,230,3,-0.4299999999999997,0.01,0.020766153835990866,0.530746151294027
983,242,966,16,1.4099999999999926,0.01,0.016376796001988294,0.5355205281836087
984,272,1088,18,1.7099999999999862,0.01,0.02312079291218919,0.5503417687381015
985,90,360,6,-0.10999999999999943,0.01,0.011015019583282992,0.5500537048686635
986,375,1497,24,2.7399999999999642,0.01,0.015535599071572119,0.5493659801939701
987,103,411,6,0.020000000000000684,0.01,0.016904014142570443,0.5388332674136529
988,405,1618,26,3.0399999999999583,0.01,0.01612498857758681,0.5331817142444082
989,73,292,4,-0.2799999999999996,0.01,0.02174129057352224,0.5270599640078015
990,55,217,3,-0.45999999999999974,0.01,0.0015703245714705969,0.5371934047767094
991,133,532,8,0.32000000000000095,0.01,0.010699768220850578,0.5318930076830315
992,141,561,9,0.400000000000001,0.01,0.019527608399013324,0.5313297424997602
993,149,596,9,0.4800000000000011,0.01,0.011965609991947483,0.5312069748577318
994,62,246,4,-0.3899999999999997,0.01,0.024300033110193908,0.522191055615743
995,11,43,0,-0.9,0.01,0.0016673557693138719,0.5420268575350443
996,224,894,14,1.2299999999999964,0.01,0.010244892158620391,0.5345567491437707
997,219,873,14,1.1799999999999975,0.01,0.012486753581007096,0.5413466876203363
998,45,179,2,-0.5599999999999998,0.01,0.007062973444011401,0.5334392406723716
999,174,696,11,0.7300000000000013,0.01,0.03591788534703123,0.5167418739130331
1000,109,434,7,0.08000000000000074,0.01,0.015295615216018632,0.5373074348483767
1001,244,976,16,1.4299999999999922,0.01,0.014010275007973685,0.5330161203126438
1002,50,200,3,-0.5099999999999998,0.01,0.036195036101465426,0.5122055585185686
1003,155,619,10,0.5400000000000011,0.01,0.01342849422377558,0.5329976295813535
1004,227,907,15,1.2599999999999958,0.01,0.006020628952364062,0.5351994351336831
1005,251,1003,16,1.4999999999999907,0.01,0.01605244679188716,0.5347761550257283
1006,108,429,7,0.07000000000000073,0.01,0.021087841339909506,0.5356139540672302
1007,294,1174,19,1.9299999999999815,0.01,0.019284283174390626,0.5261355243824624
1008,113,450,7,0.12000000000000077,0.01,0.011836235087165343,0.5536967175347465
1009,128,510,8,0.2700000000000009,0.01,0.013699827628443018,0.5537734944373369
1010,200,797,13,0.9900000000000015,0.01,0.017129708705469968,0.55111372590065
1011,171,682,11,0.7000000000000013,0.01,0.008755537245400943,0.5514910484469214
1012,268,1070,17,1.669999999999987,0.01,0.017924250115696063,0.5500606156107205
1013,24,94,1,-0.7699999999999999,0.01,0.058110765336702265,0.5514228443304697
1014,242,965,16,1.4099999999999926,0.01,0.016570827940207287,0.5607573916514714
1015,252,1007,16,1.5099999999999905,0.01,0.012560678594228294,0.5715048322601924
1016,170,677,11,0.6900000000000013,0.01,0.0187390151225182,0.5639349041983138
1017,160,639,10,0.5900000000000012,0.01,0.011692490248242393,0.5692022904753685
1018,180,719,11,0.7900000000000014,0.01,0.010592709838723144,0.5763311598036024
1019,222,885,14,1.2099999999999969,0.01,0.012691232714463364,0.5832893317395991
1020,99,393,6,-0.01999999999999935,0.01,0.030088768950663508,0.5761239290237427
1021,222,888,14,1.2099999999999969,0.01,0.011003629670345358,0.5949288723724229
1022,150,599,9,0.4900000000000011,0.01,0.02229328629736965,0.5869130347226117
1023,162,648,10,0.6100000000000012,0.01,0.014600176293198474,0.583861330660378
1024,19,75,1,-0.82,0.01,0.015963847865350544,0.582941010594368
1025,67,267,4,-0.33999999999999964,0.01,0.014762169126804699,0.5862435242708992
1026,121,481,8,0.20000000000000084,0.01,0.015840587970645477,0.587691871325175
1027,174,695,11,0.7300000000000013,0.01,0.013364171142298304,0.5960713597861204
1028,108,431,7,0.07000000000000073,0.01,0.02996663201203639,0.5805248706429093
1029,74,295,4,-0.2699999999999996,0.01,0.017886541842017323,0.5918504132164849
1030,10,38,0,-0.91,0.01,0.043179403680066265,0.6011287967363993
1031,95,379,6,-0.05999999999999939,0.01,0.013908846272291461,0.6002658357222875
1032,101,403,6,6.661338147750939e-16,0.01,0.013296235287562012,0.6016047310829162
1033,34,136,2,-0.6699999999999999,0.01,0.037039452174212784,0.5839925855398178
1034,113,451,7,0.12000000000000077,0.01,0.008565762076237849,0.6059810950838286
1035,158,630,10,0.5700000000000012,0.01,0.01424349128949241,0.5973279522015498
1036,132,528,8,0.31000000000000094,0.01,0.011177600005105363,0.5936708197449193
1037,180,717,11,0.7900000000000014,0.01,0.015437905306720899,0.5910675883293152
1038,36,143,2,-0.6499999999999999,0.01,0.016573279190601573,0.5982610914442275
1039,179,715,11,0.7800000000000014,0.01,0.011988707085967892,0.5899311065673828
1040,183,730,12,0.8200000000000014,0.01,0.016742040152641257,0.5848329896512239
1041,74,294,4,-0.2699999999999996,0.01,0.028742109910429765,0.5785893632305993
1042,98,392,6,-0.02999999999999936,0.01,0.013120355890132487,0.5975333380699158
1043,75,300,5,-0.25999999999999956,0.01,0.019660202252756182,0.582955025964313
1044,204,815,13,1.0300000000000007,0.01,0.018137456029744856,0.573135541934593
1045,105,420,7,0.0400000000000007,0.01,0.004443722438601846,0.6023721584567318
1046,107,427,7,0.06000000000000072,0.01,0.019329113601438273,0.5968708006235269
1047,126,502,8,0.2500000000000009,0.01,0.0238052750537463,0.5996654033660889
1048,328,1309,21,2.2699999999999743,0.01,0.017364421676952256,0.5977710638104415
1049,264,1056,17,1.629999999999988,0.01,0.01757267527070574,0.5987492772665891
1050,123,492,8,0.22000000000000086,0.01,0.02597946425028626,0.5824754180446747
1051,232,927,15,1.3099999999999947,0.01,0.015921580977537188,0.5874111148817786
1052,63,250,4,-0.37999999999999967,0.01,0.01794139708702763,0.5815680742263794
1053,136,544,9,0.350000000000001,0.01,0.009912863216253327,0.5877905926283669
1054,119,474,7,0.18000000000000083,0.01,0.01368218199737991,0.5847769618034363
1055,171,682,11,0.7000000000000013,0.01,0.01959164284283382,0.580493434917095
1056,121,484,8,0.20000000000000084,0.01,0.015001043370769669,0.5951910277207693
1057,223,891,14,1.2199999999999966,0.01,0.013404241970939828,0.594346641429833
1058,294,1175,19,1.9299999999999815,0.01,0.01293493827887849,0.5918294224020553
1059,94,374,6,-0.0699999999999994,0.01,0.029303526641645778,0.5830200935403506
1060,97,386,6,-0.03999999999999937,0.01,0.01957420694816392,0.5901892383893331
1061,99,396,6,-0.01999999999999935,0.01,0.016105538075789808,0.5748130178451538
1062,66,261,4,-0.34999999999999964,0.01,0.023936552737723105,0.5669881068170071
1063,83,332,5,-0.1799999999999995,0.01,0.016467550935755883,0.5893940244402204
1064,241,962,16,1.3999999999999928,0.01,0.01581725732248742,0.5894417653481165
1065,180,720,12,0.7900000000000014,0.01,0.013656390678241022,0.5784830570220947
1066,413,1652,27,3.1199999999999566,0.01,0.021299832866554007,0.5673250298087413
1067,203,809,13,1.020000000000001,0.01,0.019215580315794796,0.5701165080070496
1068,52,207,3,-0.48999999999999977,0.01,0.04077649977989495,0.5506501151965215
1069,118,470,7,0.17000000000000082,0.01,0.017736972965455303,0.566471670071284
1070,126,501,8,0.2500000000000009,0.01,0.010324009431285723,0.5835704207420349
1071,118,469,7,0.17000000000000082,0.01,0.015140476739422109,0.5803398231665293
1072,102,405,6,0.010000000000000675,0.01,0.024411198333837092,0.5721214556694031
1073,138,552,9,0.370000000000001,0.01,0.024760210048407318,0.5728971821921213
1074,57,227,3,-0.4399999999999997,0.01,0.012844422324893199,0.5703611714499337
1075,24,94,1,-0.7699999999999999,0.01,0.02582959842402488,0.5583187341690063
1076,177,707,11,0.7600000000000013,0.01,0.01598455860353583,0.5662780078974637
1077,123,489,8,0.22000000000000086,0.01,0.006000317678216004,0.5742768068467418
1078,10,38,0,-0.91,0.01,0.02247089446367075,0.5814095934232076
1079,75,299,4,-0.25999999999999956,0.01,0.025853929853635944,0.5609041386180453
1080,52,206,3,-0.48999999999999977,0.01,0.045501173491804645,0.5292752522688645
1081,226,902,15,1.249999999999996,0.01,0.01464173300579811,0.49849573509734973
1082,64,254,4,-0.36999999999999966,0.01,0.03336840635893168,0.4768981412053108
1083,330,1317,21,2.289999999999974,0.01,0.013414328352110915,0.5004034591157261
1084,35,139,2,-0.6599999999999999,0.01,0.008177578229353659,0.4960352944003211
1085,307,1228,20,2.0599999999999787,0.01,0.014825772552285343,0.4979133311804239
1086,76,301,5,-0.24999999999999956,0.01,0.01137309189040312,0.4991128413300765
1087,56,221,3,-0.44999999999999973,0.01,0.018692737008677796,0.5040222023214612
1088,116,464,7,0.1500000000000008,0.01,0.012132435169970167,0.49708740772872134
1089,130,518,8,0.2900000000000009,0.01,0.01553721437085187,0.4965004827827215
1090,181,721,12,0.8000000000000014,0.01,0.018936961004763598,0.49216462930907373
1091,245,977,16,1.439999999999992,0.01,0.01412418050706753,0.49713110728342025
1092,188,750,12,0.8700000000000014,0.01,0.018932400198227308,0.4912471530285287
1093,82,328,5,-0.1899999999999995,0.01,0.010246460227062926,0.4937882527709007
1094,96,381,6,-0.04999999999999938,0.01,0.009146028639709888,0.4926223009824753
1095,75,300,5,-0.25999999999999956,0.01,0.006980424798951533,0.5049384738269606
1096,53,209,3,-0.47999999999999976,0.01,0.0012108618886066745,0.5053557409689977
1097,216,864,14,1.1499999999999981,0.01,0.01589862896771929,0.4938137906569022
1098,193,771,12,0.9200000000000015,0.01,0.012448685930338594,0.49867626538082044
1099,251,1003,16,1.4999999999999907,0.01,0.010600374750567661,0.49813058732017396
1100,124,495,8,0.23000000000000087,0.01,0.009755830840027381,0.5082452335665303
1101,139,555,9,0.380000000000001,0.01,0.01088743744351502,0.5049282559326717
1102,187,747,12,0.8600000000000014,0.01,0.017879799677138316,0.5003548175730603
1103,233,931,15,1.3199999999999945,0.01,0.017571709713906626,0.5037483274936676
1104,209,834,13,1.0799999999999996,0.01,0.013215063386059437,0.5051490670213332
1105,141,561,9,0.400000000000001,0.01,0.009650849326539578,0.5089592213431994
1106,138,551,9,0.370000000000001,0.01,0.012160720445749843,0.5289395889815163
1107,24,96,1,-0.7699999999999999,0.01,0.019320886756759137,0.5209740102291107
1108,107,427,7,0.06000000000000072,0.01,0.006284734426083526,0.5371359531526212
1109,178,709,11,0.7700000000000014,0.01,0.012912635032659058,0.5254824967546896
1110,67,268,4,-0.33999999999999964,0.01,0.007937517756705774,0.5308842308381024
1111,255,1019,16,1.5399999999999898,0.01,0.009438391490220965,0.5302451085299253
1112,26,102,1,-0.75,0.01,0.03386844195968782,0.5062147974967957
1113,32,128,2,-0.69,0.01,0.033432489159167744,0.5098521634936333
1114,245,977,16,1.439999999999992,0.01,0.01785462663974613,0.5252586776210416
1115,134,533,8,0.33000000000000096,0.01,0.02282690229670455,0.5179384423024727
1116,158,632,10,0.5700000000000012,0.01,0.01763271862291731,0.5150003083050251
1117,179,715,11,0.7800000000000014,0.01,0.015887515286026013,0.5171232643452558
1118,120,480,8,0.19000000000000083,0.01,0.016529742768034338,0.5150321106115977
1119,160,637,10,0.5900000000000012,0.01,0.017594729365373495,0.5168768964707852
1120,183,732,12,0.8200000000000014,0.01,0.009893519884866217,0.517293592510016
1121,198,789,13,0.9700000000000015,0.01,0.014292319208616391,0.5372181141376495
1122,247,987,16,1.4599999999999915,0.01,0.014668562293022137,0.5382382576582861
1123,10,39,0,-0.91,0.01,0.001032237778417766,0.5292926629384359
1124,149,593,9,0.4800000000000011,0.01,0.013150439284603438,0.5367688955487432
1125,385,1538,25,2.839999999999962,0.01,0.017230637897228007,0.5343175260350108
1126,182,725,12,0.8100000000000014,0.01,0.012229350284146874,0.5492898459019868
1127,155,617,10,0.5400000000000011,0.01,0.020408635669483397,0.5294363009623992
1128,59,236,3,-0.4199999999999997,0.01,0.020669046373638724,0.5129749370472771
1129,114,455,7,0.13000000000000078,0.01,0.016030395471747835,0.5436633681428844
1130,37,147,2,-0.6399999999999999,0.01,0.023116168100386858,0.5275139742427402
1131,54,214,3,-0.46999999999999975,0.01,0.012435010942031763,0.5355120386396136
1132,118,472,7,0.17000000000000082,0.01,0.012522873243895071,0.5377812878838901
1133,81,321,5,-0.1999999999999995,0.01,0.026066828303737567,0.5306025236845017
1134,293,1169,19,1.9199999999999817,0.01,0.022267551997494004,0.530742780985059
1135,271,1084,18,1.6999999999999864,0.01,0.019312513374494137,0.5227689614046865
1136,217,868,14,1.159999999999998,0.01,0.012252118906260214,0.5325068744746122
1137,11,41,0,-0.9,0.01,0.0351310393307358,0.5422479808330536
1138,354,1416,23,2.5299999999999687,0.01,0.015905003788033396,0.5304649740122678
1139,97,387,6,-0.03999999999999937,0.01,0.012507421459304169,0.5351819569865862
1140,162,647,10,0.6100000000000012,0.01,0.01240206809952946,0.5473197654979985
1141,71,283,4,-0.2999999999999996,0.01,0.0173614700735711,0.5350480535451103
1142,240,960,16,1.389999999999993,0.01,0.018616778902166214,0.5411038825909297
1143,141,563,9,0.400000000000001,0.01,0.020942742144042212,0.5403165154986911
1144,118,470,7,0.17000000000000082,0.01,0.008557915410572856,0.5365162574011704
1145,41,161,2,-0.5999999999999999,0.01,0.007438245974481106,0.5574196755886078
1146,41,163,2,-0.5999999999999999,0.01,0.013113862432708795,0.5436735369942405
1147,65,257,4,-0.35999999999999965,0.01,0.013657393552421127,0.5478317886590958
1148,140,560,9,0.390000000000001,0.01,0.016522191807494632,0.5384317295891898
1149,66,264,4,-0.34999999999999964,0.01,0.0157498271582881,0.5323519073426723
1150,114,455,7,0.13000000000000078,0.01,0.020470633673288954,0.5149088871890101
1151,157,626,10,0.5600000000000012,0.01,0.011190013557027739,0.5248985229394375
1152,329,1314,21,2.279999999999974,0.01,0.01617791675593386,0.5253903840373202
1153,68,271,4,-0.3299999999999996,0.01,0.026629107230452493,0.514289445736829
1154,36,143,2,-0.6499999999999999,0.01,0.0082220196361757,0.5195698804325528
1155,96,382,6,-0.04999999999999938,0.01,0.011449041009958213,0.5342861662308375
1156,296,1181,19,1.949999999999981,0.01,0.011105921280702475,0.5213487438253455
1157,165,660,11,0.6400000000000012,0.01,0.018365979787804895,0.5098984660137267
1158,244,974,16,1.4299999999999922,0.01,0.014620820772223419,0.5145401578457629
1159,111,443,7,0.10000000000000075,0.01,0.017790909015780523,0.5084444527272824
1160,51,203,3,-0.4999999999999998,0.01,0.0319172334857285,0.5034098579333379
1161,68,271,4,-0.3299999999999996,0.01,0.01235812351189773,0.5243127679123598
1162,79,313,5,-0.21999999999999953,0.01,0.0232584873738233,0.49916867911815643
1163,106,424,7,0.05000000000000071,0.01,0.015515008605479334,0.5120939956261561
1164,53,210,3,-0.47999999999999976,0.01,0.03635721480739968,0.49482715342726025
1165,156,622,10,0.5500000000000012,0.01,0.010448485299443396,0.4972849434767014
1166,116,461,7,0.1500000000000008,0.01,0.021534738387784053,0.4959268518562975
1167,314,1254,20,2.1299999999999772,0.01,0.016491005761333957,0.49196736361735904
1168,377,1505,25,2.759999999999964,0.01,0.01433377273992556,0.4991614666390926
1169,93,372,6,-0.0799999999999994,0.01,0.012051311641698703,0.49900975450873375
1170,82,325,5,-0.1899999999999995,0.01,0.01774770552292466,0.49656938314437865
1171,128,512,8,0.2700000000000009,0.01,0.018771344337437768,0.49395223520696163
1172,302,1208,20,2.00999999999998,0.01,0.01074669268104787,0.49725797262630966
1173,352,1408,23,2.509999999999969,0.01,0.010850316467853687,0.49561593613841315
1174,206,824,13,1.0500000000000003,0.01,0.013344670583119653,0.5141705747912911
1175,113,451,7,0.12000000000000077,0.01,0.010069477124488913,0.5204708682639259
1176,71,283,4,-0.2999999999999996,0.01,0.01508997103276973,0.5193618271085951
1177,173,692,11,0.7200000000000013,0.01,0.018545366460890618,0.5071903522624526
1178,190,760,12,0.8900000000000015,0.01,0.013748445332263751,0.5158783048391342
1179,155,617,10,0.5400000000000011,0.01,0.01598560595168517,0.5150717068941165
1180,86,341,5,-0.14999999999999947,0.01,0.025865877668062847,0.5081450101875123
1181,85,340,5,-0.15999999999999948,0.01,0.005059474885153274,0.5219284437951588
1182,148,589,9,0.4700000000000011,0.01,0.01611837059435611,0.5035706162452698
1183,150,600,10,0.4900000000000011,0.01,0.014151873950858748,0.5024089546580064
1184,98,391,6,-0.02999999999999936,0.01,0.020269476173173945,0.5084449710945288
1185,161,641,10,0.6000000000000012,0.01,0.014481425628906525,0.5173296383241328
1186,54,215,3,-0.46999999999999975,0.01,0.009707306860946119,0.5177695888739365
1187,122,486,8,0.21000000000000085,0.01,0.011434989252818687,0.5143175269326856
1188,196,781,13,0.9500000000000015,0.01,0.017831292877695998,0.5010736158915928
1189,48,190,3,-0.5299999999999998,0.01,0.01272077820127985,0.4987579757968585
1190,46,182,3,-0.5499999999999998,0.01,0.014493171432563528,0.48919046196070587
1191,240,960,16,1.389999999999993,0.01,0.013679209011024795,0.5065875872969627
1192,62,246,4,-0.3899999999999997,0.01,0.031096042737772223,0.49165537394583225
1193,198,791,13,0.9700000000000015,0.01,0.015235355139320374,0.49813759813503344
1194,114,456,7,0.13000000000000078,0.01,0.01190295961589135,0.5037209268273979
1195,142,568,9,0.41000000000000103,0.01,0.013852418491816414,0.5027830515589032
1196,69,276,4,-0.3199999999999996,0.01,0.01863408144837355,0.4966818532522987
1197,229,915,15,1.2799999999999954,0.01,0.011513250076075503,0.4937229670327285
1198,325,1297,21,2.239999999999975,0.01,0.00986486502253324,0.4871079884929421
1199,128,510,8,0.2700000000000009,0.01,0.018587802078400273,0.4743686420843005
1200,220,879,14,1.1899999999999973,0.01,0.015452142283108762,0.4860826833681627
1201,202,806,13,1.0100000000000011,0.01,0.018307947032153608,0.4770066452026367
1202,373,1491,24,2.7199999999999647,0.01,0.010190887911061935,0.4593890604186565
1203,211,841,14,1.0999999999999992,0.01,0.013226913194207905,0.45757438185123295
1204,74,296,4,-0.2699999999999996,0.01,0.01121313668370835,0.45989634802466944
1205,43,170,2,-0.5799999999999998,0.01,0.0017699117835780437,0.4452714567834681
1206,202,807,13,1.0100000000000011,0.01,0.011400103333871812,0.45844548106193544
1207,113,449,7,0.12000000000000077,0.01,0.016084338712971658,0.46160729442323956
1208,50,199,3,-0.5099999999999998,0.01,0.015739273100804824,0.47097479150845456
1209,70,278,4,-0.3099999999999996,0.01,0.02621124193811899,0.4585784621098462
1210,241,963,16,1.3999999999999928,0.01,0.012505763925069973,0.46844211562735133
1211,157,626,10,0.5600000000000012,0.01,0.01851340358814177,0.46868401995071995
1212,109,434,7,0.08000000000000074,0.01,0.018318749927587946,0.4681330190764533
1213,106,423,7,0.05000000000000071,0.01,0.008016872073144273,0.4711697686601568
1214,309,1236,20,2.0799999999999783,0.01,0.015463775987646167,0.470699796041885
1215,52,206,3,-0.48999999999999977,0.01,0.015015669426737497,0.4852312688644116
1216,194,775,12,0.9300000000000015,0.01,0.009456359390848471,0.4824744202196598
1217,75,299,4,-0.25999999999999956,0.01,0.010624444351139429,0.4756760377632944
1218,146,584,9,0.45000000000000107,0.01,0.009126232408389851,0.4881530412145563
1219,137,548,9,0.360000000000001,0.01,0.015516153728479849,0.4784265090437496
1220,168,671,11,0.6700000000000013,0.01,0.01613259246334478,0.47637523072106497
1221,220,877,14,1.1899999999999973,0.01,0.02835648187055168,0.4742427419532429
1222,80,320,5,-0.20999999999999952,0.01,0.010341211798368022,0.497360548377037
1223,262,1046,17,1.6099999999999883,0.01,0.017817149576372825,0.48322499898763804
1224,308,1230,20,2.0699999999999785,0.01,0.01493833243904345,0.4848369572843824
1225,267,1066,17,1.6599999999999873,0.01,0.01010385954773415,0.487436796302226
1226,153,611,10,0.5200000000000011,0.01,0.0083949647255634,0.5106583731739145
1227,31,121,2,-0.7,0.01,0.015005291366833262,0.493426151573658
1228,114,456,7,0.13000000000000078,0.01,0.023665695194283437,0.49974421488827675
1229,216,862,14,1.1499999999999981,0.01,0.023280479361009958,0.49344916034627845
1230,237,947,15,1.3599999999999937,0.01,0.013366725976515751,0.5036124935594656
1231,154,614,10,0.5300000000000011,0.01,0.01480624116773374,0.5077171106087534
1232,81,324,5,-0.1999999999999995,0.01,0.023929221272867705,0.4924257965314956
1233,82,326,5,-0.1899999999999995,0.01,0.010433839447796345,0.5101098269224167
1234,89,354,5,-0.11999999999999944,0.01,0.009733722809786823,0.5146092054518786
1235,260,1040,17,1.5899999999999888,0.01,0.016092463468129817,0.5130245401309087
1236,181,724,12,0.8000000000000014,0.01,0.018492974892623075,0.5090714511664017
1237,258,1031,17,1.5699999999999892,0.01,0.016899382802876062,0.5096020111814141
1238,103,412,6,0.020000000000000684,0.01,0.014748179810479857,0.5048095652690301
1239,140,558,9,0.390000000000001,0.01,0.015305262953708215,0.5234389407294137
1240,41,164,2,-0.5999999999999999,0.01,0.02613736125640571,0.5017448633909225
1241,67,266,4,-0.33999999999999964,0.01,0.020007214762325233,0.5200693659922656
1242,131,524,8,0.30000000000000093,0.01,0.019288671576897756,0.508931835492452
1243,165,657,10,0.6400000000000012,0.01,0.016622949950964895,0.5204515769714262
1244,161,643,10,0.6000000000000012,0.01,0.012450433539925143,0.5160760469734669
1245,61,242,4,-0.3999999999999997,0.01,0.006402276176959276,0.5360471765200298
1246,51,202,3,-0.4999999999999998,0.01,0.015706313165047996,0.5282684427041274
1247,151,604,10,0.5000000000000011,0.01,0.009160392887057051,0.5220279834772411
1248,183,732,12,0.8200000000000014,0.01,0.012442096771733106,0.5295928638914357
1249,79,316,5,-0.21999999999999953,0.01,0.025904092122800648,0.5288741431738201
1250,161,642,10,0.6000000000000012,0.01,0.021080784306566163,0.5221141533153814
1251,226,904,15,1.249999999999996,0.01,0.015018498367031239,0.5252345555594989
1252,23,92,1,-0.7799999999999999,0.01,0.038507578681067876,0.5605835715929667
1253,114,454,7,0.13000000000000078,0.01,0.029176710040441582,0.5200628883072308
1254,282,1126,18,1.809999999999984,0.01,0.022146566846394832,0.5202359997890365
1255,56,224,3,-0.44999999999999973,0.01,0.019920422828623226,0.5147987178393773
1256,105,420,7,0.0400000000000007,0.01,0.01529398800070899,0.5220542951272085
1257,111,442,7,0.10000000000000075,0.01,0.013087304758041032,0.5221307107380458
1258,84,336,5,-0.16999999999999948,0.01,0.016185607101457816,0.5174923297904787
1259,76,303,5,-0.24999999999999956,0.01,0.016666653100401163,0.5151175542881614
1260,13,52,0,-0.88,0.01,0.0025641771887118616,0.49631816148757935
1261,35,137,2,-0.6599999999999999,0.01,0.009093620516877208,0.5259145299593607
1262,215,860,14,1.1399999999999983,0.01,0.015128377393853885,0.5183953195810318
1263,226,903,15,1.249999999999996,0.01,0.012822756373290238,0.5228952132165432
1264,99,395,6,-0.01999999999999935,0.01,0.01481164519675076,0.5171228229999543
1265,216,864,14,1.1499999999999981,0.01,0.014607070703749303,0.5120054240579959
1266,45,179,2,-0.5599999999999998,0.01,0.018296836875379086,0.5153879929672588
1267,144,574,9,0.43000000000000105,0.01,0.017874277607511938,0.5040841557913356
1268,154,613,10,0.5300000000000011,0.01,0.01704366086349369,0.5089093370315356
1269,88,352,5,-0.12999999999999945,0.01,0.004752721531655301,0.5117599747397683
1270,11,43,0,-0.9,0.01,0.0666273795068264,0.5132826417684555
1271,209,835,13,1.0799999999999996,0.01,0.015913114641388913,0.5095679051471207
1272,118,472,7,0.17000000000000082,0.01,0.011867286954556817,0.5226442310316809
1273,27,106,1,-0.74,0.01,0.012460187144045318,0.5224678771836417
1274,61,244,4,-0.3999999999999997,0.01,0.005371034579972426,0.5250927686691285
1275,23,91,1,-0.7799999999999999,0.01,0.002163657278288156,0.5163134634494781
1276,151,603,10,0.5000000000000011,0.01,0.016800746517746074,0.5298273814351935
1277,111,441,7,0.10000000000000075,0.01,0.010414963833884232,0.5236690077516768
1278,72,286,4,-0.2899999999999996,0.01,0.018595135583180107,0.5181414385636648
1279,282,1125,18,1.809999999999984,0.01,0.009672493118018856,0.5266517006175618
1280,182,727,12,0.8100000000000014,0.01,0.015070854955249362,0.5266976965798272
1281,236,942,15,1.3499999999999939,0.01,0.01806384883229068,0.5362227937932742
1282,263,1051,17,1.6199999999999881,0.01,0.013685669035608456,0.5454240360043265
1283,247,986,16,1.4599999999999915,0.01,0.011880365420966559,0.5451601450481722
1284,100,399,6,-0.009999999999999343,0.01,0.022289190706796944,0.5391514730453492
1285,222,885,14,1.2099999999999969,0.01,0.01914381485601718,0.5402687885544517
1286,149,594,9,0.4800000000000011,0.01,0.016416610212457414,0.561906951038461
1287,146,581,9,0.45000000000000107,0.01,0.027512243496150605,0.5639197677373886
1288,226,901,15,1.249999999999996,0.01,0.016717105176659267,0.5704716564270488
1289,67,267,4,-0.33999999999999964,0.01,0.03235647671681363,0.5600733086466789
1290,116,463,7,0.1500000000000008,0.01,0.01695600709203502,0.5602258258852465
1291,13,50,0,-0.88,0.01,0.018673142651095986,0.5590319931507111
1292,7,28,0,-0.94,0.01,0.003245868254452944,0.5845968127250671
1293,85,337,5,-0.15999999999999948,0.01,0.030637830892704766,0.5422797880389474
1294,316,1263,21,2.149999999999977,0.01,0.015052409786613116,0.5681684394425983
1295,36,142,2,-0.6499999999999999,0.01,0.0024800936225801706,0.5728228754467435
1296,236,943,15,1.3499999999999939,0.01,0.022861945523754142,0.562768802804462
1297,185,739,12,0.8400000000000014,0.01,0.013561373229806675,0.57135125865107
1298,106,423,7,0.05000000000000071,0.01,0.025693048445436243,0.5617008094604199
1299,91,362,6,-0.09999999999999942,0.01,0.01915455405580123,0.5597342900607897
1300,219,873,14,1.1799999999999975,0.01,0.020258302715691654,0.5618425623937087
1301,55,217,3,-0.45999999999999974,0.01,0.012427338199423892,0.5782243864876884
1302,207,826,13,1.06,0.01,0.01263008425103537,0.5797780109386818
1303,83,331,5,-0.1799999999999995,0.01,0.01512766579565193,0.5730608843621754
1304,55,217,3,-0.45999999999999974,0.01,0.011561668710783124,0.5725725846631187
1305,171,684,11,0.7000000000000013,0.01,0.021134402781594976,0.5759975147801776
1306,39,155,2,-0.6199999999999999,0.01,0.01723131721114947,0.5606465869479709
1307,148,592,9,0.4700000000000011,0.01,0.01967947746664789,0.5889728762008049
1308,99,396,6,-0.01999999999999935,0.01,0.005519373454153538,0.5865754747390747
1309,253,1009,16,1.5199999999999902,0.01,0.010785338662875196,0.5719375118376717
1310,209,833,13,1.0799999999999996,0.01,0.01763570473204314,0.5539840780339151
1311,37,145,2,-0.6399999999999999,0.01,0.013602695091524057,0.5410046776135763
1312,286,1141,19,1.8499999999999832,0.01,0.014607735871809574,0.5617529158021363
1313,201,802,13,1.0000000000000013,0.01,0.01685319900941834,0.5551382601261139
1314,101,401,6,6.661338147750939e-16,0.01,0.012627887674607336,0.5612723803520203
1315,124,494,8,0.23000000000000087,0.01,0.01897847656941702,0.5446319493555254
1316,283,1131,18,1.8199999999999839,0.01,0.013020934779721667,0.5175868369324107
1317,142,565,9,0.41000000000000103,0.01,0.010436590624574039,0.520686605998448
1318,450,1797,29,3.4899999999999487,0.01,0.018384037506395737,0.5141379408604276
1319,37,145,2,-0.6399999999999999,0.01,0.008796689721445242,0.50318553381496
1320,122,485,8,0.21000000000000085,0.01,0.018084674953327825,0.5156629612048467
1321,123,492,8,0.22000000000000086,0.01,0.012894729430216455,0.507055664254773
1322,264,1055,17,1.629999999999988,0.01,0.009588194109682896,0.5089274062351747
1323,20,79,1,-0.8099999999999999,0.01,0.012239587772637606,0.49344326853752135
1324,114,454,7,0.13000000000000078,0.01,0.022594221277515692,0.4924649719534249
1325,82,325,5,-0.1899999999999995,0.01,0.017515463739982806,0.503921601176262
1326,156,623,10,0.5500000000000012,0.01,0.013496744709137158,0.4967575111450293
1327,194,776,12,0.9300000000000015,0.01,0.02533841271865733,0.49839863302756326
1328,179,714,11,0.7800000000000014,0.01,0.012211053378202698,0.5234424085779623
1329,108,431,7,0.07000000000000073,0.01,0.014845081178161005,0.5147573175253691
1330,10,37,0,-0.91,0.01,0.002859181879709164,0.5374994476636251
1331,132,527,8,0.31000000000000094,0.01,0.013763395268611159,0.5159142216046652
1332,410,1637,27,3.0899999999999572,0.01,0.0170404886457083,0.5071198262420356
1333,331,1322,22,2.2999999999999736,0.01,0.015046189659757608,0.5325880714927811
1334,96,382,6,-0.04999999999999938,0.01,0.017032942186536577,0.5403179600834846
1335,145,578,9,0.44000000000000106,0.01,0.011703286290867254,0.535666903687848
1336,131,521,8,0.30000000000000093,0.01,0.02472233003936708,0.5350885896971731
1337,149,596,9,0.4800000000000011,0.01,0.018081832208318282,0.5401412015025681
1338,180,720,12,0.7900000000000014,0.01,0.012453200280045469,0.5414546032746633
1339,150,600,10,0.4900000000000011,0.01,0.01431754226244888,0.5463433595080125
1340,118,472,7,0.17000000000000082,0.01,0.011704202516582506,0.574510527068171
1341,65,258,4,-0.35999999999999965,0.01,0.0295859546510174,0.5465902405626634
1342,89,353,5,-0.11999999999999944,0.01,0.014774758114733479,0.5802146711132743
1343,155,620,10,0.5400000000000011,0.01,0.020860024847281285,0.5593345577900226
1344,225,898,14,1.2399999999999962,0.01,0.016707840604275197,0.5573094162557807
1345,240,960,16,1.389999999999993,0.01,0.024616869672900065,0.5611153274774552
1346,138,549,9,0.370000000000001,0.01,0.013392092872356228,0.580132379251368
1347,36,143,2,-0.6499999999999999,0.01,0.0027868821440885463,0.5888666179445055
1348,199,794,13,0.9800000000000015,0.01,0.012067395511548966,0.5792431366443634
1349,197,786,13,0.9600000000000015,0.01,0.00996522823044536,0.5780546263772615
1350,152,605,10,0.5100000000000011,0.01,0.020024561954319085,0.563026570960095
1351,162,645,10,0.6100000000000012,0.01,0.017859894100849222,0.5498380501095842
1352,251,1001,16,1.4999999999999907,0.01,0.014223279586682716,0.5880179864073557
1353,188,749,12,0.8700000000000014,0.01,0.018804090716777012,0.574385220700122
1354,98,390,6,-0.02999999999999936,0.01,0.018272516860937078,0.5781312907735506
1355,106,422,7,0.05000000000000071,0.01,0.009965472164805289,0.5929986856601857
1356,199,793,13,0.9800000000000015,0.01,0.01903385510288027,0.5816790607510781
1357,140,560,9,0.390000000000001,0.01,0.018753944230931147,0.5872787356376648
1358,111,444,7,0.10000000000000075,0.01,0.01586589204712904,0.5880739177976336
1359,162,648,10,0.6100000000000012,0.01,0.02373487678379184,0.5824141393347484
1360,35,138,2,-0.6599999999999999,0.01,0.01892342176870443,0.5647543296217918
1361,105,419,6,0.0400000000000007,0.01,0.02399366308020911,0.5650205590106823
1362,75,297,4,-0.25999999999999956,0.01,0.03743748127534571,0.5411983513169818
1363,64,253,4,-0.36999999999999966,0.01,0.011746981937903911,0.575454093515873
1364,69,275,4,-0.3199999999999996,0.01,0.017766749201756384,0.5744865602917142
1365,247,985,16,1.4599999999999915,0.01,0.012811518657845675,0.5714272260665894
1366,208,832,13,1.0699999999999998,0.01,0.0201435149468195,0.5653153302577826
1367,166,664,11,0.6500000000000012,0.01,0.017384553369733373,0.5624481056417737
1368,183,729,12,0.8200000000000014,0.01,0.01823679327904044,0.5790083058502363
1369,356,1421,23,2.5499999999999683,0.01,0.01841448346974349,0.5758510650543684
1370,249,993,16,1.479999999999991,0.01,0.0150124532782713,0.5739438572237568
1371,144,574,9,0.43000000000000105,0.01,0.015227860942508819,0.5754585680034425
1372,197,786,13,0.9600000000000015,0.01,0.01565595845245205,0.5817551539868725
1373,11,44,0,-0.9,0.01,0.01956821287361284,0.5626046856244405
1374,201,801,13,1.0000000000000013,0.01,0.011249276383314282,0.5815317749977111
1375,181,722,12,0.8000000000000014,0.01,0.0201881436812174,0.5679101175732083
1376,33,131,2,-0.6799999999999999,0.01,0.01031100214459002,0.5650643044047885
1377,200,799,13,0.9900000000000015,0.01,0.018209030237048864,0.5741929578781128
1378,104,413,6,0.030000000000000693,0.01,0.020595922600477934,0.5690744817256927
1379,59,234,3,-0.4199999999999997,0.01,0.006968706156060632,0.5791633554867336
1380,86,343,5,-0.14999999999999947,0.01,0.018623749048195103,0.5640635219487277
1381,117,467,7,0.1600000000000008,0.01,0.01583114670637738,0.5852925284155484
1382,330,1318,21,2.289999999999974,0.01,0.01726953779678253,0.5778717901333269
1383,133,529,8,0.32000000000000095,0.01,0.010274898377247155,0.5829393628871802
1384,148,589,9,0.4700000000000011,0.01,0.02820617410769636,0.5615475371077254
1385,200,799,13,0.9900000000000015,0.01,0.017934747356921434,0.5762480616569519
1386,312,1246,20,2.1099999999999777,0.01,0.018945552786298763,0.5969299154403882
1387,153,610,10,0.5200000000000011,0.01,0.012087591458112001,0.6017770829953646
1388,93,370,6,-0.0799999999999994,0.01,0.009966334732978241,0.5930139474246813
1389,63,249,4,-0.37999999999999967,0.01,0.03328469414555002,0.566176775842905
1390,284,1133,18,1.8299999999999836,0.01,0.024287562725514595,0.5910190822372974
1391,276,1101,18,1.7499999999999853,0.01,0.018532275913985097,0.6042026592337567
1392,160,639,10,0.5900000000000012,0.01,0.011835462658200412,0.6109561264514923
1393,103,410,6,0.020000000000000684,0.01,0.0075547297288162205,0.6183513976060427
1394,263,1052,17,1.6199999999999881,0.01,0.01703819717019514,0.6109763410958376
1395,104,416,6,0.030000000000000693,0.01,0.009117498667015193,0.6081314637110784
1396,64,254,4,-0.36999999999999966,0.01,0.017893319149152376,0.5971026942133904
1397,88,349,5,-0.12999999999999945,0.01,0.0174922598737546,0.6176727305759083
1398,256,1022,17,1.5499999999999896,0.01,0.02170251711140736,0.5987969916313887
1399,79,313,5,-0.21999999999999953,0.01,0.010626226191801069,0.6030773332244471
1400,277,1108,18,1.7599999999999851,0.01,0.02156159821232515,0.5919855007103512
1401,102,405,6,0.010000000000000675,0.01,0.019435147577896713,0.5962310075759888
1402,84,335,5,-0.16999999999999948,0.01,0.00943459948480484,0.6018954487073989
1403,344,1376,22,2.429999999999971,0.01,0.01523800742904504,0.5923182631647864
1404,255,1017,16,1.5399999999999898,0.01,0.01723093343025539,0.5828714221715927
1405,204,813,13,1.0300000000000007,0.01,0.010278439306763603,0.5824306630620769
1406,175,699,11,0.7400000000000013,0.01,0.014672101628754965,0.584569435228001
1407,98,389,6,-0.02999999999999936,0.01,0.005121088397572748,0.5886421029766401
1408,76,304,5,-0.24999999999999956,0.01,0.023762443881040735,0.5900401222078424
1409,199,794,13,0.9800000000000015,0.01,0.01753312400309369,0.5915352773666381
1410,128,512,8,0.2700000000000009,0.01,0.01611132464313414,0.6149810180068016
1411,83,331,5,-0.1799999999999995,0.01,0.02228598023897835,0.5955451726913452
1412,225,897,14,1.2399999999999962,0.01,0.023830002261092886,0.6058806904724666
1413,177,705,11,0.7600000000000013,0.01,0.024951889671766283,0.593357197263024
1414,18,69,1,-0.83,0.01,0.016867006244137884,0.6119173407554627
1415,106,422,7,0.05000000000000071,0.01,0.02240184414236305,0.6039583178666922
1416,10,39,0,-0.91,0.01,0.018820657550046842,0.5865831971168518
1417,241,964,16,1.3999999999999928,0.01,0.01607046023903725,0.6020043422778447
1418,189,753,12,0.8800000000000014,0.01,0.019093456816800098,0.6093432383334383
1419,157,626,10,0.5600000000000012,0.01,0.012462820851793274,0.6052311521310073
1420,82,325,5,-0.1899999999999995,0.01,0.02536925290977316,0.597392099244254
1421,76,302,5,-0.24999999999999956,0.01,0.030738316519234917,0.5923821800633481
1422,188,750,12,0.8700000000000014,0.01,0.019653058595995,0.5987730698382601
1423,124,495,8,0.23000000000000087,0.01,0.009319976231293572,0.6084877944761707
1424,161,641,10,0.6000000000000012,0.01,0.016968694658135063,0.6032361492514611
1425,34,133,2,-0.6699999999999999,0.01,0.017471862672310736,0.6081783109241061
1426,70,280,4,-0.3099999999999996,0.01,0.018912470974849865,0.59907246687833
1427,137,548,9,0.360000000000001,0.01,0.014378008542253691,0.5951530723010793
1428,252,1006,16,1.5099999999999905,0.01,0.016912992201035933,0.5911926173028492
1429,98,389,6,-0.02999999999999936,0.01,0.014207968623377382,0.5874095392227173
1430,322,1288,21,2.2099999999999755,0.01,0.014051594136981293,0.5893837183713913
1431,180,717,11,0.7900000000000014,0.01,0.02667549921768821,0.5956222441461351
1432,89,354,5,-0.11999999999999944,0.01,0.016474009557303205,0.5876659180807031
1433,85,337,5,-0.15999999999999948,0.01,0.01852941728707048,0.5962473239217486
1434,208,831,13,1.0699999999999998,0.01,0.012549593310373334,0.6045416031892483
1435,128,510,8,0.2700000000000009,0.01,0.018418316612951458,0.6067790184170008
1436,22,86,1,-0.7899999999999999,0.01,0.029128026589751242,0.5884658813476562
1437,248,991,16,1.4699999999999913,0.01,0.01264891332961739,0.5986426405368312
1438,30,118,1,-0.71,0.01,0.002465161873260513,0.6358088999986649
1439,137,548,9,0.360000000000001,0.01,0.020056748817510465,0.6094395448179806
1440,125,498,8,0.24000000000000088,0.01,0.02265782777084819,0.6089667254878629
1441,176,703,11,0.7500000000000013,0.01,0.021075137134175748,0.6030116365714506
1442,211,842,14,1.0999999999999992,0.01,0.01667302425836547,0.6109339055025352
1443,326,1301,21,2.2499999999999747,0.01,0.019966465185350942,0.6067819718907519
1444,72,287,4,-0.2899999999999996,0.01,0.004754045835903121,0.6240015923976898
1445,167,668,11,0.6600000000000013,0.01,0.01903415786772512,0.6276420238541394
1446,228,909,15,1.2699999999999956,0.01,0.013113171574986425,0.6264272865496183
1447,149,596,9,0.4800000000000011,0.01,0.015442210657056421,0.6302587860508969
1448,128,509,8,0.2700000000000009,0.01,0.02038073865696788,0.6270084325224161
1449,240,960,16,1.389999999999993,0.01,0.017411578294316617,0.6238128999869029
1450,154,614,10,0.5300000000000011,0.01,0.019650189049762526,0.6236860438397056
1451,209,835,13,1.0799999999999996,0.01,0.013932153672123184,0.6265234993054316
1452,177,708,11,0.7600000000000013,0.01,0.015343114141271347,0.630981985727946
1453,196,782,13,0.9500000000000015,0.01,0.01409877430200957,0.6301832965442112
1454,146,581,9,0.45000000000000107,0.01,0.01467241798592214,0.6247992234097587
1455,24,96,1,-0.7699999999999999,0.01,0.001768166005300979,0.6369509796301523
1456,105,417,6,0.0400000000000007,0.01,0.017617563931987837,0.6257174748640794
1457,78,312,5,-0.22999999999999954,0.01,0.019448656786698847,0.6265137523412705
1458,80,318,5,-0.20999999999999952,0.01,0.020947666553547607,0.6270624548196793
1459,200,800,13,0.9900000000000015,0.01,0.017665504878386855,0.6225884902477264
1460,168,670,11,0.6700000000000013,0.01,0.019611765126076836,0.6286068445160276
1461,150,598,9,0.4900000000000011,0.01,0.019188218646229722,0.6295393302633956
1462,115,459,7,0.1400000000000008,0.01,0.011991675023856604,0.6329066917814058
1463,25,99,1,-0.7599999999999999,0.01,0.02847981600401302,0.6284069319566091
1464,61,243,4,-0.3999999999999997,0.01,0.02407888480956899,0.6177089251577854
1465,71,283,4,-0.2999999999999996,0.01,0.020900517154265854,0.6303470590535332
1466,122,486,8,0.21000000000000085,0.01,0.025740297623879967,0.6232025777139971
1467,182,726,12,0.8100000000000014,0.01,0.025792859208821836,0.631127146879832
1468,138,549,9,0.370000000000001,0.01,0.009292553767694958,0.6389736703463963
1469,151,602,10,0.5000000000000011,0.01,0.014489980316475817,0.6367151313706448
1470,43,170,2,-0.5799999999999998,0.01,0.02954024572391063,0.63010094165802
1471,103,411,6,0.020000000000000684,0.01,0.018497875318504296,0.6278674487884228
1472,140,558,9,0.390000000000001,0.01,0.017499973458637085,0.634103080204555
1473,142,566,9,0.41000000000000103,0.01,0.014207639977232449,0.6306588815318214
1474,117,467,7,0.1600000000000008,0.01,0.016515635592252786,0.6372752210189556
1475,177,708,11,0.7600000000000013,0.01,0.01718250862640244,0.6305223459547217
1476,138,549,9,0.370000000000001,0.01,0.02599057656646307,0.6233173506600517
1477,106,423,7,0.05000000000000071,0.01,0.01292068373788005,0.6354466126515315
1478,108,431,7,0.07000000000000073,0.01,0.026749377488158643,0.6220981015099419
1479,27,108,1,-0.74,0.01,0.02169383137619921,0.6414270145552499
1480,241,961,16,1.3999999999999928,0.01,0.01993063259869814,0.6299759775400162
1481,162,648,10,0.6100000000000012,0.01,0.007243283425185193,0.635340558319557
1482,162,645,10,0.6100000000000012,0.01,0.005655192694393918,0.648166173696518
1483,121,481,8,0.20000000000000084,0.01,0.020845119139024367,0.6464716454346975
1484,79,314,5,-0.21999999999999953,0.01,0.017510949313873425,0.6386218965053558
1485,10,40,0,-0.91,0.01,0.028814625460654497,0.618236263593038
1486,110,437,7,0.09000000000000075,0.01,0.015229085117526766,0.6541211472617255
1487,18,69,1,-0.83,0.01,0.031074240896850826,0.6234301567077637
1488,113,452,7,0.12000000000000077,0.01,0.013237397173985041,0.6494378043072564
1489,289,1156,19,1.8799999999999826,0.01,0.01707056353754726,0.6452525150444772
1490,135,538,8,0.34000000000000097,0.01,0.019530248571433786,0.6415303559864268
1491,116,461,7,0.1500000000000008,0.01,0.006624610034813141,0.6506557279619677
1492,95,377,6,-0.05999999999999939,0.01,0.01880381125859761,0.6440057903528214
1493,58,231,3,-0.4299999999999997,0.01,0.012844176904764026,0.6523840980870383
1494,235,940,15,1.339999999999994,0.01,0.012712568756966395,0.6384124028480659
1495,283,1132,18,1.8199999999999839,0.01,0.015135769112507852,0.6405437949677588
1496,89,355,5,-0.11999999999999944,0.01,0.02042590807700022,0.6346195990389044
1497,162,646,10,0.6100000000000012,0.01,0.022647807170869783,0.6261212557554245
1498,192,765,12,0.9100000000000015,0.01,0.011378519222489558,0.5989706628024578
1499,235,940,15,1.339999999999994,0.01,0.02494022700446263,0.5797032814914898
1500,216,863,14,1.1499999999999981,0.01,0.017508918141377054,0.5959858806044968
1501,236,943,15,1.3499999999999939,0.01,0.016165237514680977,0.5926752585475727
1502,230,917,15,1.2899999999999952,0.01,0.01757172394367256,0.6119538596991835
1503,247,987,16,1.4599999999999915,0.01,0.0077045498163912625,0.6086124435800021
1504,189,756,12,0.8800000000000014,0.01,0.01663930880749831,0.6060867632428805
1505,88,352,5,-0.12999999999999945,0.01,0.016861693827774037,0.5986479249867526
1506,249,994,16,1.479999999999991,0.01,0.027858776798952493,0.5940378731296908
1507,166,662,11,0.6500000000000012,0.01,0.012374034753387294,0.6162604980352449
1508,98,391,6,-0.02999999999999936,0.01,0.02587559599429369,0.6129531049728394
1509,142,567,9,0.41000000000000103,0.01,0.021779710157508295,0.6070398415837969
1510,176,702,11,0.7500000000000013,0.01,0.014976308424427936,0.6076857935298573
1511,140,559,9,0.390000000000001,0.01,0.016894643334671854,0.5980778779302325
1512,169,673,11,0.6800000000000013,0.01,0.01488295083237422,0.6075757187466289
1513,90,358,5,-0.10999999999999943,0.01,0.021014609776267953,0.6101264953613281
1514,231,924,15,1.299999999999995,0.01,0.015288799409031996,0.6106880677157435
1515,178,710,11,0.7700000000000014,0.01,0.02177962854991413,0.6037151190367612
1516,218,869,14,1.1699999999999977,0.01,0.018512424229728906,0.6143704631111838
1517,155,619,10,0.5400000000000011,0.01,0.02261308150497289,0.6016900462981982
1518,66,261,4,-0.34999999999999964,0.01,0.014513622656522784,0.6080455146729946
1519,141,562,9,0.400000000000001,0.01,0.016702336348992375,0.6130296996661595
1520,152,607,10,0.5100000000000011,0.01,0.012137228877308141,0.616227598566758
1521,206,823,13,1.0500000000000003,0.01,0.019672412172300167,0.6130764862665763
1522,39,153,2,-0.6199999999999999,0.01,0.031021573767066,0.5956281065940857
1523,132,525,8,0.31000000000000094,0.01,0.0193451908981484,0.6159460725206317
1524,21,81,1,-0.7999999999999999,0.01,0.01751943533308804,0.6235698103904724
1525,80,320,5,-0.20999999999999952,0.01,0.015942464978434146,0.6253511309623718
1526,121,483,8,0.20000000000000084,0.01,0.016508554120082407,0.615482763449351
1527,95,377,6,-0.05999999999999939,0.01,0.021113407361553982,0.6237660696109136
1528,212,845,14,1.109999999999999,0.01,0.0177621472416059,0.6095613286180316
1529,83,332,5,-0.1799999999999995,0.01,0.021184568986341003,0.5854693821498326
1530,65,257,4,-0.35999999999999965,0.01,0.020653731087804772,0.597761906683445
1531,173,690,11,0.7200000000000013,0.01,0.00917767596344442,0.5950223415396935
1532,102,408,6,0.010000000000000675,0.01,0.006912944484681178,0.5994632129485791
1533,124,495,8,0.23000000000000087,0.01,0.0138097979999598,0.5934965591276845
1534,167,665,11,0.6600000000000013,0.01,0.010553949166134727,0.5947620505239906
1535,57,227,3,-0.4399999999999997,0.01,0.010085536415378253,0.601576050122579
1536,163,649,10,0.6200000000000012,0.01,0.013460661855060608,0.5930834531784057
1537,141,564,9,0.400000000000001,0.01,0.01037565759745323,0.6012725300259061
1538,83,331,5,-0.1799999999999995,0.01,0.019507409929065033,0.6039198994636535
1539,307,1227,20,2.0599999999999787,0.01,0.018560986219022375,0.6084847852781221
1540,150,598,9,0.4900000000000011,0.01,0.024301772603250452,0.6021293684055931
1541,149,593,9,0.4800000000000011,0.01,0.018514667609328957,0.6056269632803427
1542,292,1168,19,1.909999999999982,0.01,0.01635874228947477,0.6062392461789797
1543,134,536,8,0.33000000000000096,0.01,0.011714933570615496,0.6110775831973914
1544,233,930,15,1.3199999999999945,0.01,0.012330252109924174,0.612807086968826
1545,109,436,7,0.08000000000000074,0.01,0.006611003674118331,0.616858407303139
1546,105,420,7,0.0400000000000007,0.01,0.02930130423136199,0.5962184988535367
1547,229,914,15,1.2799999999999954,0.01,0.018777947827944893,0.6052955472678468
1548,111,444,7,0.10000000000000075,0.01,0.030438446331702704,0.6022766530513763
1549,57,228,3,-0.4399999999999997,0.01,0.01380430517851242,0.591184024299894
1550,170,678,11,0.6900000000000013,0.01,0.015550148058790974,0.6278050292369931
1551,245,980,16,1.439999999999992,0.01,0.02398510422313311,0.6159940625800461
1552,36,144,2,-0.6499999999999999,0.01,0.020164888313350577,0.6338725090026855
1553,117,468,7,0.1600000000000008,0.01,0.00989182987892679,0.6331832429458355
1554,52,206,3,-0.48999999999999977,0.01,0.007463043591437431,0.6395759444970351
1555,186,742,12,0.8500000000000014,0.01,0.017099750894518134,0.6181997022730239
1556,145,580,9,0.44000000000000106,0.01,0.014051789718602473,0.6185082114405103
1557,128,511,8,0.2700000000000009,0.01,0.017977252009586664,0.6335260923951864
1558,324,1295,21,2.229999999999975,0.01,0.015035481926594159,0.6269411702214935
1559,123,492,8,0.22000000000000086,0.01,0.019038907169634776,0.621422492688702
1560,179,714,11,0.7800000000000014,0.01,0.013559769497563441,0.6251801914638944
1561,84,335,5,-0.16999999999999948,0.01,0.012689726942751025,0.6238732423101153
1562,159,633,10,0.5800000000000012,0.01,0.009474419958841724,0.623881445481227
1563,231,923,15,1.299999999999995,0.01,0.017579608345966273,0.6413460127238569
1564,145,578,9,0.44000000000000106,0.01,0.014248480599942721,0.645385237203704
1565,258,1031,17,1.5699999999999892,0.01,0.020990850339428737,0.6390964342997625
1566,32,126,2,-0.69,0.01,0.012067924180882983,0.6577406823635101
1567,385,1538,25,2.839999999999962,0.01,0.020451093564285355,0.6388603150844574
1568,357,1426,23,2.559999999999968,0.01,0.01921726408247114,0.6564099996277456
1569,127,506,8,0.2600000000000009,0.01,0.014063365022593644,0.6516807824373245
1570,56,222,3,-0.44999999999999973,0.01,0.025046064460184425,0.653510080916541
1571,103,409,6,0.020000000000000684,0.01,0.01909476947128916,0.6465065731452062
1572,263,1049,17,1.6199999999999881,0.01,0.02259564946518477,0.6531827359488516
1573,52,208,3,-0.48999999999999977,0.01,0.018710441744098298,0.6469743801997259
1574,236,943,15,1.3499999999999939,0.01,0.015738234559263466,0.6548803448677063
1575,127,505,8,0.2600000000000009,0.01,0.01660331512891477,0.6470545491864604
1576,103,409,6,0.020000000000000684,0.01,0.01355875915256687,0.6541898021331201
1577,391,1564,26,2.899999999999961,0.01,0.021945027658259685,0.6402912565640041
1578,225,898,14,1.2399999999999962,0.01,0.021712520190963654,0.6495759199772563
1579,133,529,8,0.32000000000000095,0.01,0.01438095757145096,0.6522960843461932
1580,166,664,11,0.6500000000000012,0.01,0.024161520366933906,0.6420043011506399
1581,163,651,10,0.6200000000000012,0.01,0.025510753973432613,0.6316374322263206
1582,100,400,6,-0.009999999999999343,0.01,0.016732840929180384,0.6449939179420471
1583,130,517,8,0.2900000000000009,0.01,0.0114781720621977,0.6523963697254658
1584,186,741,12,0.8500000000000014,0.01,0.009988535619142683,0.6562323506842268
1585,102,408,6,0.010000000000000675,0.01,0.022741907665040344,0.6522543382644653
1586,99,393,6,-0.01999999999999935,0.01,0.018829722092486918,0.633895902633667
1587,89,356,5,-0.11999999999999944,0.01,0.023229834068016233,0.630729778246446
1588,394,1576,26,2.92999999999996,0.01,0.025241722998378627,0.6306324119519706
1589,213,851,14,1.1199999999999988,0.01,0.024661275613086543,0.6208918207096603
1590,126,503,8,0.2500000000000009,0.01,0.02585638391845409,0.6297115164418374
1591,29,113,1,-0.72,0.01,0.004731743858428672,0.6178219020366669
1592,69,274,4,-0.3199999999999996,0.01,0.014685897868784034,0.6405300743439618
1593,85,339,5,-0.15999999999999948,0.01,0.011535169556736946,0.6344491442044576
1594,133,529,8,0.32000000000000095,0.01,0.027743754365170997,0.6227918140815966
1595,272,1087,18,1.7099999999999862,0.01,0.023858110242358902,0.61884906186777
1596,37,148,2,-0.6399999999999999,0.01,0.009873995138332248,0.6561479866504669
1597,100,397,6,-0.009999999999999343,0.01,0.01668243600986898,0.6284641361236573
1598,60,238,3,-0.4099999999999997,0.01,0.03143180912981431,0.6188726425170898
1599,156,622,10,0.5500000000000012,0.01,0.010701729038443703,0.6317580800790054
1600,55,218,3,-0.45999999999999974,0.01,0.01793883833138702,0.6175500337894146
1601,58,231,3,-0.4299999999999997,0.01,0.012677940904783707,0.6220510760943095
1602,200,800,13,0.9900000000000015,0.01,0.015805957785341888,0.6464007198810577
1603,21,81,1,-0.7999999999999999,0.01,0.002235967433080077,0.6707098603248596
1604,34,135,2,-0.6699999999999999,0.01,0.024492541276332404,0.6413661903805203
1605,83,329,5,-0.1799999999999995,0.01,0.016151729982811957,0.6501405477523804
1606,278,1110,18,1.769999999999985,0.01,0.022734923963434996,0.6440880758421762
1607,112,446,7,0.11000000000000076,0.01,0.024995636648132598,0.64615156182221
1608,39,153,2,-0.6199999999999999,0.01,0.010002458980306984,0.6369324564933777
1609,149,596,9,0.4800000000000011,0.01,0.020779581356642617,0.6444616172764752
1610,107,425,7,0.06000000000000072,0.01,0.010498463268891943,0.6552815282786334
1611,146,583,9,0.45000000000000107,0.01,0.018086617899825796,0.6600912610689799
1612,148,590,9,0.4700000000000011,0.01,0.012090170999825303,0.6530963424089793
1613,351,1404,23,2.4999999999999694,0.01,0.019129441676671955,0.6576936231418089
1614,243,972,16,1.4199999999999924,0.01,0.022404666680873174,0.6521732416309294
1615,14,54,0,-0.87,0.01,0.0023971952808399997,0.6665733257929484
1616,86,342,5,-0.14999999999999947,0.01,0.017873524862807244,0.6608715761791576
1617,493,1971,32,3.9199999999999395,0.01,0.018392129697102477,0.6301533710665819
1618,32,125,2,-0.69,0.01,0.018825536491931416,0.6105861961841583
1619,255,1018,16,1.5399999999999898,0.01,0.021441941513330676,0.6265725288540125
1620,118,469,7,0.17000000000000082,0.01,0.012410248284517178,0.630071890765223
1621,235,938,15,1.339999999999994,0.01,0.017831199062530393,0.631921294382063
1622,128,511,8,0.2700000000000009,0.01,0.023483070493966807,0.6273994818329811
1623,113,449,7,0.12000000000000077,0.01,0.026142351200438237,0.6217381187847683
1624,107,427,7,0.06000000000000072,0.01,0.014867194268542031,0.6342969956221404
1625,61,244,4,-0.3999999999999997,0.01,0.0234773691277951,0.6312357147534688
1626,73,291,4,-0.2799999999999996,0.01,0.023440304251077276,0.6372377574443817
1627,55,217,3,-0.45999999999999974,0.01,0.024907680876952196,0.6149231195449829
1628,124,493,8,0.23000000000000087,0.01,0.019370758868453485,0.6294919156259106
1629,85,337,5,-0.15999999999999948,0.01,0.0353857510490343,0.6054654518763224
1630,278,1111,18,1.769999999999985,0.01,0.014830566468715136,0.6370168421949659
1631,203,809,13,1.020000000000001,0.01,0.015992862010356403,0.6406397141662299
1632,182,725,12,0.8100000000000014,0.01,0.012860053374121586,0.6453951093885634
1633,159,634,10,0.5800000000000012,0.01,0.015685573322116397,0.6394926726818084
1634,127,508,8,0.2600000000000009,0.01,0.02682120199824567,0.6329554934054613
1635,135,537,8,0.34000000000000097,0.01,0.022349182876165618,0.6302886153712417
1636,192,768,12,0.9100000000000015,0.01,0.015305872630657783,0.6252677490313848
1637,202,808,13,1.0100000000000011,0.01,0.018563817410419386,0.6153795146474651
1638,214,856,14,1.1299999999999986,0.01,0.016644480849071493,0.6287030948782867
1639,173,689,11,0.7200000000000013,0.01,0.013370695896975865,0.6262861706993796
1640,116,464,7,0.1500000000000008,0.01,0.019509074763908726,0.6101375222206116
1641,102,407,6,0.010000000000000675,0.01,0.01531230378895998,0.6135475492477417
1642,46,181,3,-0.5499999999999998,0.01,0.026399122919732083,0.6116176197926203
1643,60,237,3,-0.4099999999999997,0.01,0.006613543505469958,0.6337611516316731
1644,334,1333,22,2.329999999999973,0.01,0.015937031213059484,0.6193233584783163
1645,48,191,3,-0.5299999999999998,0.01,0.003420785127673298,0.614060252904892
1646,48,189,3,-0.5299999999999998,0.01,0.02132965191655482,0.5975975046555201
1647,173,692,11,0.7200000000000013,0.01,0.015045256900796018,0.6154789120651954
1648,10,38,0,-0.91,0.01,0.043945434813698135,0.5952766140302023
1649,167,667,11,0.6600000000000013,0.01,0.011532395493261339,0.617326252517246
1650,142,568,9,0.41000000000000103,0.01,0.012455784772256655,0.6145596010344369
1651,182,727,12,0.8100000000000014,0.01,0.01870178228051847,0.6193065099094225
1652,27,106,1,-0.74,0.01,0.040078563538069524,0.6074932316939036
1653,71,284,4,-0.2999999999999996,0.01,0.026652793542274997,0.6121037039491866
1654,146,584,9,0.45000000000000107,0.01,0.028427609019107312,0.6034833788871765
1655,293,1171,19,1.9199999999999817,0.01,0.017314913055910538,0.610426371228205
1656,135,537,8,0.34000000000000097,0.01,0.016192139585173744,0.6200744579820072
1657,145,579,9,0.44000000000000106,0.01,0.02155278929664443,0.6121670885218514
1658,147,585,9,0.4600000000000011,0.01,0.018391425145563443,0.6076925928528244
1659,336,1343,22,2.3499999999999726,0.01,0.018940109851731297,0.6005860616763433
1660,108,430,7,0.07000000000000073,0.01,0.01316077482921106,0.5934575067626106
1661,76,301,5,-0.24999999999999956,0.01,0.01996747047738417,0.5916961055052908
1662,144,574,9,0.43000000000000105,0.01,0.013686095451703295,0.5986161761813693
1663,82,327,5,-0.1899999999999995,0.01,0.02205199230229482,0.579606580734253
1664,92,365,6,-0.08999999999999941,0.01,0.012304013311539007,0.6105513339457305
1665,252,1006,16,1.5099999999999905,0.01,0.014472250514368097,0.596775007626367
1666,163,649,10,0.6200000000000012,0.01,0.012699273199115584,0.588110089302063
1667,10,37,0,-0.91,0.01,0.0023353990400210023,0.6080045104026794
1668,138,550,9,0.370000000000001,0.01,0.01829581357472177,0.5839838555880955
1669,135,538,8,0.34000000000000097,0.01,0.017212122822563874,0.5942792226286495
1670,132,525,8,0.31000000000000094,0.01,0.007314544287510216,0.6013805396629103
1671,205,819,13,1.0400000000000005,0.01,0.023374058039146748,0.5903155745244494
1672,237,946,15,1.3599999999999937,0.01,0.02269932894051959,0.5938032168453022
1673,32,126,2,-0.69,0.01,0.0029597163666039705,0.6027371063828468
1674,156,623,10,0.5500000000000012,0.01,0.013089284915715838,0.5914620894652146
1675,54,213,3,-0.46999999999999975,0.01,0.02444995049985924,0.5923819839954376
1676,228,911,15,1.2699999999999956,0.01,0.012892227184860721,0.5963619654638725
1677,41,161,2,-0.5999999999999999,0.01,0.008691269671544433,0.603049498796463
1678,122,487,8,0.21000000000000085,0.01,0.028325777652207763,0.5934967219829559
1679,151,601,10,0.5000000000000011,0.01,0.029394815384875983,0.5767041036957189
1680,332,1328,22,2.3099999999999734,0.01,0.01752060611103942,0.563653149518622
1681,113,450,7,0.12000000000000077,0.01,0.013788434265214684,0.5618017784186772
1682,190,757,12,0.8900000000000015,0.01,0.018767206044382572,0.5656955565015475
1683,94,373,6,-0.0699999999999994,0.01,0.016370881217248414,0.5538199388462565
1684,282,1125,18,1.809999999999984,0.01,0.017168128238269457,0.5611743968977055
1685,182,726,12,0.8100000000000014,0.01,0.010919272643513977,0.5828358398543464
1686,252,1006,16,1.5099999999999905,0.01,0.014712309836232592,0.5809183584319221
1687,92,365,6,-0.08999999999999941,0.01,0.02802481609599098,0.5674529542093691
1688,352,1407,23,2.509999999999969,0.01,0.019333067680814896,0.5792656859213655
1689,77,308,5,-0.23999999999999955,0.01,0.03038163871387951,0.5764556288719177
1690,172,685,11,0.7100000000000013,0.01,0.015461263406566929,0.5684945680374323
1691,100,397,6,-0.009999999999999343,0.01,0.02279457076918334,0.574134554862976
1692,72,288,4,-0.2899999999999996,0.01,0.017333599279582914,0.5792868038018545
1693,360,1437,23,2.5899999999999674,0.01,0.019894833226377764,0.5658488041824765
1694,96,381,6,-0.04999999999999938,0.01,0.02217347900538395,0.5532631489137808
1695,278,1109,18,1.769999999999985,0.01,0.012545055151323153,0.5799798075703607
1696,380,1520,25,2.789999999999963,0.01,0.01190885666904873,0.5790993797151666
1697,165,659,10,0.6400000000000012,0.01,0.01373677205283013,0.5805088688687581
1698,250,997,16,1.4899999999999909,0.01,0.016809487511174722,0.571273854800633
1699,86,341,5,-0.14999999999999947,0.01,0.01745179643677104,0.5765634434563773
1700,52,206,3,-0.48999999999999977,0.01,0.01094753468910662,0.5882042142061087
1701,116,461,7,0.1500000000000008,0.01,0.017032578675847114,0.5857391110781965
1702,268,1070,17,1.669999999999987,0.01,0.01530238116896753,0.5767722334434737
1703,292,1166,19,1.909999999999982,0.01,0.01695908428718374,0.5758854591683166
1704,206,822,13,1.0500000000000003,0.01,0.017569105693837628,0.5769030153751373
1705,101,403,6,6.661338147750939e-16,0.01,0.016833404581993817,0.5730144762992859
1706,402,1607,26,3.009999999999959,0.01,0.020790577278297286,0.582621962717264
1707,47,187,3,-0.5399999999999998,0.01,0.020084261216900566,0.5779346010901711
1708,334,1336,22,2.329999999999973,0.01,0.011990541619958267,0.5839244240806216
1709,175,697,11,0.7400000000000013,0.01,0.02151542074650272,0.5829062922434374
1710,146,584,9,0.45000000000000107,0.01,0.011388777493266389,0.6027004470427831
1711,153,611,10,0.5200000000000011,0.01,0.020711800157043495,0.6027792519644687
1712,62,248,4,-0.3899999999999997,0.01,0.006904952650074847,0.6015870906412601
1713,148,589,9,0.4700000000000011,0.01,0.01340151933097356,0.6026669901770514
1714,139,555,9,0.380000000000001,0.01,0.02365552983911974,0.5992803999355861
1715,87,347,5,-0.13999999999999946,0.01,0.013909030461772567,0.6037175541832334
1716,199,795,13,0.9800000000000015,0.01,0.012150672667194157,0.6086184215545655
1717,213,852,14,1.1199999999999988,0.01,0.020866442629891745,0.6035178337457046
1718,122,485,8,0.21000000000000085,0.01,0.02500216120989212,0.6136174009692285
1719,150,597,9,0.4900000000000011,0.01,0.010833881417843135,0.6111775878313426
1720,151,602,10,0.5000000000000011,0.01,0.007464934713329728,0.6171181186249382
1721,144,573,9,0.43000000000000105,0.01,0.018972178778818086,0.6043306589126587
1722,225,900,15,1.2399999999999962,0.01,0.021351292084935785,0.6035689722214427
1723,105,419,6,0.0400000000000007,0.01,0.015590558514102466,0.6115244472468341
1724,143,570,9,0.42000000000000104,0.01,0.022252611190612826,0.5940100669860839
1725,54,213,3,-0.46999999999999975,0.01,0.008578971760081393,0.5833963836942401
1726,279,1115,18,1.7799999999999847,0.01,0.015811753643876207,0.5988131250653949
1727,72,286,4,-0.2899999999999996,0.01,0.00891537612511052,0.6003809306356642
1728,77,307,5,-0.23999999999999955,0.01,0.013232992459578733,0.5934810011010421
1729,163,650,10,0.6200000000000012,0.01,0.026821411368096383,0.5848527986828874
1730,193,769,12,0.9200000000000015,0.01,0.017013350409494404,0.5875168107450008
1731,133,531,8,0.32000000000000095,0.01,0.014797448995523155,0.5852830157135472
1732,78,309,5,-0.22999999999999954,0.01,0.012309181410819292,0.5920485347509384
1733,63,250,4,-0.37999999999999967,0.01,0.012350963444138567,0.5880658388137817
1734,311,1242,20,2.099999999999978,0.01,0.021728702382041283,0.5806198807863089
1735,73,289,4,-0.2799999999999996,0.01,0.02052093347689758,0.5774328774876065
1736,54,216,3,-0.46999999999999975,0.01,0.016519828433437005,0.5792961759226662
1737,285,1139,18,1.8399999999999834,0.01,0.014631056431746503,0.5830118630973387
1738,56,222,3,-0.44999999999999973,0.01,0.0031624588882550597,0.5891055166721344
1739,149,595,9,0.4800000000000011,0.01,0.017820073074560513,0.5985432186642209
1740,149,593,9,0.4800000000000011,0.01,0.015990592894683544,0.5961352351464724
1741,195,779,12,0.9400000000000015,0.01,0.015980867901816964,0.5916766126950582
1742,183,731,12,0.8200000000000014,0.01,0.018197891808560362,0.5958147761614426
1743,174,693,11,0.7300000000000013,0.01,0.02334351580463011,0.5909459807656028
1744,10,38,0,-0.91,0.01,0.03750689746811986,0.6223066747188568
1745,111,444,7,0.10000000000000075,0.01,0.01114506010032658,0.5944967184747968
1746,171,683,11,0.7000000000000013,0.01,0.0097701755016609,0.6205481651217438
1747,124,496,8,0.23000000000000087,0.01,0.01437902694658166,0.6306743102688943
1748,300,1199,19,1.9899999999999802,0.01,0.018502975171431898,0.6099802311261495
1749,230,917,15,1.2899999999999952,0.01,0.013062953281118289,0.6138518138935691
1750,147,588,9,0.4600000000000011,0.01,0.012420236475992243,0.622638865097149
1751,121,483,8,0.20000000000000084,0.01,0.012124188822538903,0.6145196358362833
1752,264,1055,17,1.629999999999988,0.01,0.010750240226501994,0.6163042025132612
1753,155,617,10,0.5400000000000011,0.01,0.010847578852031475,0.6128800480793684
1754,186,742,12,0.8500000000000014,0.01,0.018700649787206203,0.6085311316925547
1755,47,186,3,-0.5399999999999998,0.01,0.018484847193273406,0.6068322410186132
1756,168,670,11,0.6700000000000013,0.01,0.016142520975942414,0.6089386343955994
1757,68,271,4,-0.3299999999999996,0.01,0.0227201698375318,0.6104108901584849
1758,207,828,13,1.06,0.01,0.011512229879512094,0.6168922266134849
1759,66,262,4,-0.34999999999999964,0.01,0.024526522174710408,0.6124195940792561
1760,212,846,14,1.109999999999999,0.01,0.01934018959115558,0.6122876192038914
1761,306,1221,20,2.049999999999979,0.01,0.013288793621234016,0.6080444803485623
1762,174,695,11,0.7300000000000013,0.01,0.01406124078798606,0.6169988485269768
1763,141,564,9,0.400000000000001,0.01,0.015816711070429947,0.6019769642088149
1764,242,965,16,1.4099999999999926,0.01,0.017971886806966115,0.6083232492208481
1765,231,923,15,1.299999999999995,0.01,0.023259381739551138,0.6082544758402068
1766,14,53,0,-0.87,0.01,0.03878856124356389,0.5616769790649414
1767,187,745,12,0.8600000000000014,0.01,0.014730331039630827,0.6088478235488243
1768,84,333,5,-0.16999999999999948,0.01,0.019817631070812542,0.5865858708109174
1769,82,326,5,-0.1899999999999995,0.01,0.02341875121263521,0.6002659315154666
1770,158,631,10,0.5700000000000012,0.01,0.02001631300514325,0.6130502667182531
1771,254,1014,16,1.52999999999999,0.01,0.01806301102260477,0.6031764484941959
1772,174,696,11,0.7300000000000013,0.01,0.022552507079401336,0.5929357506508051
1773,99,395,6,-0.01999999999999935,0.01,0.017572976145893336,0.6037639164924622
1774,249,996,16,1.479999999999991,0.01,0.01833908260244155,0.6018127837488728
1775,181,723,12,0.8000000000000014,0.01,0.017614126360664766,0.591959367858039
1776,98,390,6,-0.02999999999999936,0.01,0.01846804398111999,0.5905460262298584
1777,75,300,5,-0.25999999999999956,0.01,0.015282076795732505,0.5875558257102966
1778,216,864,14,1.1499999999999981,0.01,0.01596625480818114,0.5891249974568685
1779,197,788,13,0.9600000000000015,0.01,0.01939578283559151,0.5836178842855959
1780,137,547,9,0.360000000000001,0.01,0.026236254441113594,0.5747164207346299
1781,48,191,3,-0.5299999999999998,0.01,0.017082271835533902,0.5753803352514902
1782,240,957,15,1.389999999999993,0.01,0.020275337516795843,0.5730637162923813
1783,13,52,0,-0.88,0.01,0.0017704946221783757,0.5912716388702393
1784,179,715,11,0.7800000000000014,0.01,0.021088645358880363,0.5685867144001855
1785,66,262,4,-0.34999999999999964,0.01,0.021491619689828333,0.5668912074145149
1786,109,435,7,0.08000000000000074,0.01,0.02255839064148151,0.5776374516663728
1787,442,1765,29,3.4099999999999504,0.01,0.014384000108111649,0.5666265222159299
1788,92,367,6,-0.08999999999999941,0.01,0.014291851442185756,0.5734487175941467
1789,157,625,10,0.5600000000000012,0.01,0.014458505946095102,0.5862696141004562
1790,125,497,8,0.24000000000000088,0.01,0.020482088367815218,0.5922051014438752
1791,68,272,4,-0.3299999999999996,0.01,0.021737521747127175,0.567549558246837
1792,288,1151,19,1.8699999999999828,0.01,0.01303606828635869,0.5945351173480352
1793,211,841,14,1.0999999999999992,0.01,0.01854804837373349,0.5859729299005473
1794,142,567,9,0.41000000000000103,0.01,0.017482255844931516,0.5840673327445984
1795,82,327,5,-0.1899999999999995,0.01,0.011011664971842297,0.5991552472114563
1796,221,882,14,1.199999999999997,0.01,0.0184403092790903,0.5894018628380515
1797,260,1037,17,1.5899999999999888,0.01,0.014800865167322068,0.5823920864325304
1798,180,720,12,0.7900000000000014,0.01,0.01858882350433204,0.5855689618322585
1799,200,800,13,0.9900000000000015,0.01,0.01482599539682269,0.5841036069393158
1800,195,779,12,0.9400000000000015,0.01,0.010039957116681094,0.594100470445594
1801,213,851,14,1.1199999999999988,0.01,0.016069134741248388,0.6111882925033569
1802,46,183,3,-0.5499999999999998,0.01,0.027768078196624465,0.58267742395401
1803,262,1045,17,1.6099999999999883,0.01,0.01116045891434293,0.5977717665108767
1804,380,1518,25,2.789999999999963,0.01,0.014256317253028485,0.6061803936958313
1805,108,431,7,0.07000000000000073,0.01,0.015810678221492305,0.613544797455823
1806,192,768,12,0.9100000000000015,0.01,0.011592097745354598,0.6117375567555428
1807,191,764,12,0.9000000000000015,0.01,0.02047735228552483,0.6088428845008215
1808,76,302,5,-0.24999999999999956,0.01,0.010348610420662322,0.6114010779481185
1809,156,621,10,0.5500000000000012,0.01,0.015896865751785345,0.6151474714279175
1810,170,680,11,0.6900000000000013,0.01,0.01976939680198917,0.6062424793129876
1811,99,394,6,-0.01999999999999935,0.01,0.02251990298740566,0.6104672217369079
1812,60,237,3,-0.4099999999999997,0.01,0.022112621646374463,0.6043816685676575
1813,74,295,4,-0.2699999999999996,0.01,0.010914403440741202,0.6332133909066519
1814,321,1283,21,2.1999999999999758,0.01,0.019135895091752855,0.6133218297251949
1815,334,1334,22,2.329999999999973,0.01,0.014214931577668491,0.6207999687596976
1816,164,655,10,0.6300000000000012,0.01,0.007331790871032309,0.6217299016510568
1817,221,881,14,1.199999999999997,0.01,0.013029136785983362,0.6220113309946927
1818,154,614,10,0.5300000000000011,0.01,0.016287903665588833,0.6151470908751855
1819,25,97,1,-0.7599999999999999,0.01,0.011721519869752228,0.6078007320562998
1820,362,1445,24,2.609999999999967,0.01,0.019521537318743846,0.6180496517118517
1821,127,508,8,0.2600000000000009,0.01,0.016574483379841812,0.6226370392307159
1822,216,863,14,1.1499999999999981,0.01,0.016950432323264302,0.6135368325092174
1823,178,712,11,0.7700000000000014,0.01,0.012051798235107627,0.6263402064641317
1824,272,1085,18,1.7099999999999862,0.01,0.01579734456626123,0.6229960068183786
1825,86,342,5,-0.14999999999999947,0.01,0.005350951548843156,0.6361437780516488
1826,206,821,13,1.0500000000000003,0.01,0.01526610582592324,0.6217428113405521
1827,86,344,5,-0.14999999999999947,0.01,0.01143413486646577,0.6214927633603414
1828,65,258,4,-0.35999999999999965,0.01,0.0027134888736969408,0.6358175733510185
1829,180,719,11,0.7900000000000014,0.01,0.020351987357975707,0.63453811539544
1830,191,764,12,0.9000000000000015,0.01,0.01815553421669818,0.6330941192647244
1831,129,514,8,0.2800000000000009,0.01,0.018689621176401324,0.6454770601156986
1832,332,1328,22,2.3099999999999734,0.01,0.013356389584446168,0.6452213145164122
1833,194,773,12,0.9300000000000015,0.01,0.013510912637381503,0.640125397592783
1834,213,850,14,1.1199999999999988,0.01,0.012645724207549443,0.6346984303222513
1835,134,534,8,0.33000000000000096,0.01,0.022494772243696975,0.6208097671761232
1836,231,922,15,1.299999999999995,0.01,0.0202683956835997,0.6221648218302891
1837,82,326,5,-0.1899999999999995,0.01,0.009699749696301297,0.6316710859537125
1838,193,770,12,0.9200000000000015,0.01,0.014180781567119993,0.6273000414172808
1839,134,536,8,0.33000000000000096,0.01,0.019122489919776425,0.6256540961125318
1840,61,244,4,-0.3999999999999997,0.01,0.02741075467783958,0.6201574206352234
1841,85,338,5,-0.15999999999999948,0.01,0.020999158776941754,0.6188227023397174
1842,267,1068,17,1.6599999999999873,0.01,0.01675524410909848,0.6342523987613508
1843,242,965,16,1.4099999999999926,0.01,0.022102355777637146,0.6205552796848485
1844,153,612,10,0.5200000000000011,0.01,0.013127997765734204,0.6355413684719488
1845,163,649,10,0.6200000000000012,0.01,0.01618912851256205,0.6225034754450728
1846,108,432,7,0.07000000000000073,0.01,0.0176208866501434,0.626387808057997
1847,214,854,14,1.1299999999999986,0.01,0.01826778677828118,0.6434749499806818
1848,120,478,7,0.19000000000000083,0.01,0.014583307423163206,0.6380945781866709
1849,73,289,4,-0.2799999999999996,0.01,0.003144479654211965,0.6514973839124044
1850,96,381,6,-0.04999999999999938,0.01,0.014568054291885346,0.6407289803028107
1851,239,953,15,1.3799999999999932,0.01,0.02028362770797685,0.6428524941205979
1852,134,535,8,0.33000000000000096,0.01,0.01946383191149353,0.6375547629945418
1853,66,263,4,-0.34999999999999964,0.01,0.01572300550469663,0.6435302197933197
1854,33,131,2,-0.6799999999999999,0.01,0.013316103752003983,0.6613562256097794
1855,37,147,2,-0.6399999999999999,0.01,0.021009527845308185,0.622498768568039
1856,130,517,8,0.2900000000000009,0.01,0.01825080618436914,0.619986467063427
1857,72,286,4,-0.2899999999999996,0.01,0.014738063444383442,0.6186647713184357
1858,139,553,9,0.380000000000001,0.01,0.026471548936595875,0.6183401209967477
1859,180,718,11,0.7900000000000014,0.01,0.023895804651288523,0.6143097731802198
1860,146,583,9,0.45000000000000107,0.01,0.01777189550921321,0.6134465783834457
1861,185,738,12,0.8400000000000014,0.01,0.012605250773436211,0.6181386759940614
1862,114,455,7,0.13000000000000078,0.01,0.01817315988591872,0.6131837942770549
1863,213,849,14,1.1199999999999988,0.01,0.01713512689841665,0.640435313278774
1864,141,564,9,0.400000000000001,0.01,0.023277476666003674,0.6308133221334882
1865,110,440,7,0.09000000000000075,0.01,0.020281949184007116,0.6435327927271525
1866,336,1342,22,2.3499999999999726,0.01,0.01725609440611498,0.6375804983434223
1867,149,595,9,0.4800000000000011,0.01,0.015623822295408998,0.6395326820579735
1868,111,441,7,0.10000000000000075,0.01,0.015250683167583443,0.6452865834747042
1869,171,682,11,0.7000000000000013,0.01,0.010802267430631746,0.6525973857835282
1870,193,770,12,0.9200000000000015,0.01,0.015089477553071143,0.6422152531643709
1871,67,268,4,-0.33999999999999964,0.01,0.007785429054980769,0.6496639988001656
1872,297,1187,19,1.9599999999999809,0.01,0.02163576763406446,0.6387692979864172
1873,107,428,7,0.06000000000000072,0.01,0.01789387737193869,0.6309426559342278
1874,158,632,10,0.5700000000000012,0.01,0.02170903434475454,0.6344237312292441
1875,110,439,7,0.09000000000000075,0.01,0.01044269377598539,0.6498422111783709
1876,145,580,9,0.44000000000000106,0.01,0.01241339263247533,0.6570830626620187
1877,168,670,11,0.6700000000000013,0.01,0.01705006617842065,0.63560022910436
1878,172,686,11,0.7100000000000013,0.01,0.015081449766470077,0.6553817252780116
1879,279,1113,18,1.7799999999999847,0.01,0.014743092503132564,0.6500802108219692
1880,147,587,9,0.4600000000000011,0.01,0.016584742266835796,0.6561246643195281
1881,144,574,9,0.43000000000000105,0.01,0.011092180906820836,0.6726488139894273
1882,102,408,6,0.010000000000000675,0.01,0.024252247959375382,0.6601720643043518
1883,185,738,12,0.8400000000000014,0.01,0.01642140521384452,0.6678101783213408
1884,129,515,8,0.2800000000000009,0.01,0.01049284745628635,0.665823524648493
1885,102,406,6,0.010000000000000675,0.01,0.010538792335428298,0.669660017490387
1886,128,509,8,0.2700000000000009,0.01,0.01805811483063735,0.6685940977185965
1887,288,1152,19,1.8699999999999828,0.01,0.014029326450933391,0.6648363065388467
1888,74,293,4,-0.2699999999999996,0.01,0.01903812901582569,0.6517549596334758
1889,68,272,4,-0.3299999999999996,0.01,0.02600484005832935,0.6510253373314353
1890,114,453,7,0.13000000000000078,0.01,0.017446366654309844,0.6588684831346784
1891,151,602,10,0.5000000000000011,0.01,0.021509774145670235,0.6602627399720644
1892,17,65,1,-0.84,0.01,0.003470606287010014,0.6463127732276917
1893,150,598,9,0.4900000000000011,0.01,0.0194846781791727,0.6545186215325406
1894,118,469,7,0.17000000000000082,0.01,0.019544152181659794,0.6601088108687565
1895,161,643,10,0.6000000000000012,0.01,0.02443068047869019,0.6506946623325348
1896,216,862,14,1.1499999999999981,0.01,0.02232474095136341,0.6623374610035507
1897,128,511,8,0.2700000000000009,0.01,0.018980805172759574,0.6694184187799692
1898,65,259,4,-0.35999999999999965,0.01,0.02306533117285546,0.6591032094815198
1899,249,994,16,1.479999999999991,0.01,0.01649109677096168,0.6616045707656492
1900,162,646,10,0.6100000000000012,0.01,0.01848947523976676,0.6643547639250755
1901,124,496,8,0.23000000000000087,0.01,0.01756357687014726,0.6542123979137789
1902,214,854,14,1.1299999999999986,0.01,0.015200439702581477,0.6485048057856383
1903,348,1392,23,2.46999999999997,0.01,0.022776752312924583,0.6357300706293391
1904,376,1501,25,2.749999999999964,0.01,0.01687211650572321,0.640937774105275
1905,60,237,3,-0.4099999999999997,0.01,0.018064672732725738,0.6603251934051514
1906,51,202,3,-0.4999999999999998,0.01,0.027266035116134353,0.6335778007140527
1907,125,497,8,0.24000000000000088,0.01,0.018448584269912492,0.6692543049012462
1908,248,991,16,1.4699999999999913,0.01,0.012822635629544816,0.6654683707221862
1909,142,566,9,0.41000000000000103,0.01,0.01983604898144092,0.6547100390706744
1910,76,303,5,-0.24999999999999956,0.01,0.006392588250731167,0.6628399805018776
1911,176,703,11,0.7500000000000013,0.01,0.0165971221127124,0.6612837138501081
1912,63,250,4,-0.37999999999999967,0.01,0.005819815043651033,0.673813309520483
1913,93,369,6,-0.0799999999999994,0.01,0.011744757263880709,0.6722720135813174
1914,175,699,11,0.7400000000000013,0.01,0.01906170682261952,0.665933525020426
1915,78,311,5,-0.22999999999999954,0.01,0.01788624202599749,0.6896797686815261
1916,159,634,10,0.5800000000000012,0.01,0.01708898207065291,0.6869021317897699
1917,182,725,12,0.8100000000000014,0.01,0.011605203245341292,0.6979615506918534
1918,182,727,12,0.8100000000000014,0.01,0.010374012527366479,0.67999273803499
1919,171,681,11,0.7000000000000013,0.01,0.016282774646073406,0.6813978386479754
1920,399,1596,26,2.979999999999959,0.01,0.019260755971772597,0.6925222271680832
1921,172,688,11,0.7100000000000013,0.01,0.01410463941283524,0.7008450488711513
1922,144,574,9,0.43000000000000105,0.01,0.019734460174933903,0.6956230766243405
1923,153,611,10,0.5200000000000011,0.01,0.01821056812523717,0.6875382630448592
1924,146,581,9,0.45000000000000107,0.01,0.012376460070545608,0.6872200450381717
1925,148,591,9,0.4700000000000011,0.01,0.01645403729776877,0.7019835017822884
1926,174,695,11,0.7300000000000013,0.01,0.021426246796604678,0.7087135495141496
1927,30,120,2,-0.71,0.01,0.013740882684942335,0.729366660118103
1928,166,664,11,0.6500000000000012,0.01,0.013612119872804458,0.7167408844319786
1929,164,655,10,0.6300000000000012,0.01,0.01121081722468683,0.7205694928401853
1930,235,937,15,1.339999999999994,0.01,0.01926699266532215,0.7118895013453597
1931,152,607,10,0.5100000000000011,0.01,0.025060993214873106,0.7121725145139193
1932,302,1208,20,2.00999999999998,0.01,0.013218957354935506,0.7130390286445618
1933,54,213,3,-0.46999999999999975,0.01,0.01281895097677729,0.7122154491288322
1934,77,305,5,-0.23999999999999955,0.01,0.019053548721498566,0.7067443853930423
1935,37,146,2,-0.6399999999999999,0.01,0.003508749029909571,0.7049581143591139
1936,193,769,12,0.9200000000000015,0.01,0.01796779705078474,0.7003819115307867
1937,154,613,10,0.5300000000000011,0.01,0.01898615494198901,0.7115127695234198
1938,65,258,4,-0.35999999999999965,0.01,0.025567340257111937,0.6920976601541042
1939,64,253,4,-0.36999999999999966,0.01,0.026670035353163257,0.6839718855917454
1940,236,943,15,1.3499999999999939,0.01,0.026497038136536286,0.7088546540777562
1941,92,365,6,-0.08999999999999941,0.01,0.02612498312500184,0.7141488401786141
1942,267,1066,17,1.6599999999999873,0.01,0.013387022284554568,0.7238112029744618
1943,202,806,13,1.0100000000000011,0.01,0.023497154614340293,0.7231240389393825
1944,373,1490,24,2.7199999999999647,0.01,0.022720866218229295,0.727636004647901
1945,152,608,10,0.5100000000000011,0.01,0.020738007188284474,0.7336084764254721
1946,64,253,4,-0.36999999999999966,0.01,0.03878035827801796,0.7246801853179932
1947,230,918,15,1.2899999999999952,0.01,0.021451991696825677,0.7361614338138647
1948,98,391,6,-0.02999999999999936,0.01,0.021142549151554703,0.751720232963562
1949,269,1075,17,1.6799999999999868,0.01,0.015937382150302406,0.7400653113180132
1950,353,1410,23,2.519999999999969,0.01,0.02242593294993805,0.7338852028955113
1951,235,940,15,1.339999999999994,0.01,0.02562943787976973,0.7285511433067968
1952,120,479,7,0.19000000000000083,0.01,0.017530437481279176,0.7373410522937774
1953,180,720,12,0.7900000000000014,0.01,0.01923654233622882,0.7363533271683587
1954,163,650,10,0.6200000000000012,0.01,0.01846522327637436,0.7357947332103077
1955,106,424,7,0.05000000000000071,0.01,0.010167115806745222,0.7399066984653473
1956,111,441,7,0.10000000000000075,0.01,0.02203204687352159,0.7680769860744476
1957,121,484,8,0.20000000000000084,0.01,0.030376041851316888,0.7639261265595754
1958,119,476,7,0.18000000000000083,0.01,0.02425080069806427,0.7562352995077769
1959,30,119,1,-0.71,0.01,0.011303947336273268,0.7901809066534042
1960,164,653,10,0.6300000000000012,0.01,0.017943714171784315,0.7748028156233997
1961,92,365,6,-0.08999999999999941,0.01,0.03417361634985908,0.7462066230566605
1962,328,1309,21,2.2699999999999743,0.01,0.016563954291774367,0.7725811288124178
1963,107,425,7,0.06000000000000072,0.01,0.012296689316057242,0.7935547759899726
1964,228,909,15,1.2699999999999956,0.01,0.013444848389266744,0.7869015660202294
1965,193,772,12,0.9200000000000015,0.01,0.01701893731571582,0.7953395575893168
1966,63,250,4,-0.37999999999999967,0.01,0.020048639737069607,0.7846854050954183
1967,202,805,13,1.0100000000000011,0.01,0.010892853976282127,0.7808442805327621
1968,300,1197,19,1.9899999999999802,0.01,0.023934968868270515,0.7854118784268697
1969,158,631,10,0.5700000000000012,0.01,0.02716821723450453,0.7795206950261042
1970,559,2235,37,4.5799999999999255,0.01,0.020292941437635038,0.7768105745315552
1971,261,1044,17,1.5999999999999885,0.01,0.0170094054693786,0.7858599396852347
1972,108,432,7,0.07000000000000073,0.01,0.0034254588514428448,0.8178164627816942
1973,253,1010,16,1.5199999999999902,0.01,0.013023518258705735,0.8215228114277124
1974,128,511,8,0.2700000000000009,0.01,0.016819152147945715,0.8165338337421417
1975,119,474,7,0.18000000000000083,0.01,0.02395170352196899,0.8075990204153389
1976,152,605,10,0.5100000000000011,0.01,0.014045336994489557,0.8107301075207559
1977,152,606,10,0.5100000000000011,0.01,0.026791573575648823,0.8110579267928475
1978,63,249,4,-0.37999999999999967,0.01,0.015470843733055517,0.8255121260881424
1979,184,734,12,0.8300000000000014,0.01,0.017718712237420612,0.8602352842040684
1980,288,1149,19,1.8699999999999828,0.01,0.018963943791782692,0.8600139377845658
1981,42,168,2,-0.5899999999999999,0.01,0.03131740842945874,0.842713166366924
1982,245,980,16,1.439999999999992,0.01,0.02254143093147727,0.8357987247529577
1983,35,139,2,-0.6599999999999999,0.01,0.014128884248849418,0.8371644549899631
1984,165,659,10,0.6400000000000012,0.01,0.020022776670663094,0.857556254398532
1985,360,1438,23,2.5899999999999674,0.01,0.023260081202412644,0.8369401077429454
1986,93,369,6,-0.0799999999999994,0.01,0.024686803732512762,0.8270243380380713
1987,64,255,4,-0.36999999999999966,0.01,0.009125122131081298,0.8392432257533073
1988,329,1313,21,2.279999999999974,0.01,0.022395586427414745,0.8278784839118399
1989,45,179,2,-0.5599999999999998,0.01,0.025559778538687777,0.8145067642132441
1990,143,570,9,0.42000000000000104,0.01,0.01646812646982393,0.8429045013019016
1991,198,789,13,0.9700000000000015,0.01,0.014974023783579468,0.8447961044311524
1992,291,1163,19,1.8999999999999821,0.01,0.02291410735310757,0.8402867121239231
1993,287,1148,19,1.859999999999983,0.01,0.027918988848629762,0.8403667320667858
1994,121,483,8,0.20000000000000084,0.01,0.007241527332113155,0.8482814892645805
1995,94,373,6,-0.0699999999999994,0.01,0.01658430707681438,0.8385490645533022
1996,276,1103,18,1.7499999999999853,0.01,0.024005297959471743,0.8340718469757965
1997,205,820,13,1.0400000000000005,0.01,0.018481432569815832,0.836880976078557
1998,309,1234,20,2.0799999999999783,0.01,0.016301769834871475,0.8295087332908924
1999,68,270,4,-0.3299999999999996,0.01,0.03712371679242043,0.8216924527112175
2000,126,502,8,0.2500000000000009,0.01,0.013480086029777604,0.8397628203515084
2001,126,502,8,0.2500000000000009,0.01,0.009512319760688115,0.8499448411166668
2002,62,247,4,-0.3899999999999997,0.01,0.031707663818572956,0.8221608241399129
2003,86,342,5,-0.14999999999999947,0.01,0.01247625333384018,0.8471391526135531
2004,278,1110,18,1.769999999999985,0.01,0.020229417270562357,0.8381500822910364
2005,187,747,12,0.8600000000000014,0.01,0.03200433806991799,0.8313526232191857
2006,206,821,13,1.0500000000000003,0.01,0.014838316772297463,0.8409159954856423
2007,37,146,2,-0.6399999999999999,0.01,0.01111360895447433,0.8425611555576324
2008,33,130,2,-0.6799999999999999,0.01,0.014586130622774363,0.8340257927775383
2009,8,31,0,-0.9299999999999999,0.01,0.003087154123932123,0.8443290889263153
2010,213,851,14,1.1199999999999988,0.01,0.02108246267483271,0.8516452886023611
2011,335,1340,22,2.3399999999999728,0.01,0.022547468648380822,0.8438313284090587
2012,123,489,8,0.22000000000000086,0.01,0.01972730869367238,0.8484099584241067
2013,173,691,11,0.7200000000000013,0.01,0.030307753590953557,0.8383924212566641
2014,174,694,11,0.7300000000000013,0.01,0.012101767341021535,0.8569012769432955
2015,121,483,8,0.20000000000000084,0.01,0.025211052758799445,0.8323170888808465
2016,127,506,8,0.2600000000000009,0.01,0.011774495236515518,0.8389845951910941
2017,270,1080,18,1.6899999999999866,0.01,0.020799424268154648,0.8405056928887087
2018,136,544,9,0.350000000000001,0.01,0.015786544769071043,0.8463555819848004
2019,138,549,9,0.370000000000001,0.01,0.018840334035784882,0.8342314958572388
2020,169,673,11,0.6800000000000013,0.01,0.018785243918902652,0.8355870371641114
2021,37,146,2,-0.6399999999999999,0.01,0.04896596431111296,0.8722470137808058
2022,245,980,16,1.439999999999992,0.01,0.02783112891293207,0.852524254165712
2023,91,362,6,-0.09999999999999942,0.01,0.022114803073117913,0.8606059369833573
2024,109,436,7,0.08000000000000074,0.01,0.022053687083017495,0.866493077189834
2025,128,510,8,0.2700000000000009,0.01,0.02311235298839165,0.8595413155853748
2026,329,1316,21,2.279999999999974,0.01,0.020004496441177296,0.8628423904500356
2027,205,817,13,1.0400000000000005,0.01,0.024107047768596273,0.8685506811508765
2028,90,358,5,-0.10999999999999943,0.01,0.04480842677664689,0.8455377302386544
2029,192,767,12,0.9100000000000015,0.01,0.016669440621626563,0.8709801360964775
2030,153,612,10,0.5200000000000011,0.01,0.02168842579397422,0.8681870322478445
2031,292,1165,19,1.909999999999982,0.01,0.017098799381366842,0.8720966234599075
2032,20,80,1,-0.8099999999999999,0.01,0.018990099988877775,0.8800723433494568
2033,256,1022,17,1.5499999999999896,0.01,0.020344963599200128,0.8683195933699608
2034,172,685,11,0.7100000000000013,0.01,0.021946043718259697,0.867319337157316
2035,37,148,2,-0.6399999999999999,0.01,0.01698189852759242,0.8555900394916535
2036,479,1915,31,3.7799999999999425,0.01,0.02235712284347465,0.8730307892591012
2037,180,717,11,0.7900000000000014,0.01,0.017651177808228467,0.8788096401426527
2038,302,1208,20,2.00999999999998,0.01,0.01807709359165624,0.8923012018203735
2039,250,997,16,1.4899999999999909,0.01,0.01629131750744437,0.8927028938647239
2040,114,454,7,0.13000000000000078,0.01,0.025337089495412236,0.8899499260146042
2041,156,623,10,0.5500000000000012,0.01,0.020460092319318883,0.8769776439055418
2042,282,1128,18,1.809999999999984,0.01,0.01532454779039004,0.8970346621104649
2043,326,1301,21,2.2499999999999747,0.01,0.021442422542505238,0.8901487443505264
2044,229,914,15,1.2799999999999954,0.01,0.023682328137127978,0.8774686058362325
2045,91,361,6,-0.09999999999999942,0.01,0.022469640375398423,0.9114697083182957
2046,21,83,1,-0.7999999999999999,0.01,0.05895063476637006,0.8918468356132507
2047,88,349,5,-0.12999999999999945,0.01,0.019725430640392005,0.8832916915416718
2048,134,534,8,0.33000000000000096,0.01,0.021703728231574026,0.8976909185157103
2049,197,785,13,0.9600000000000015,0.01,0.018999004171096852,0.8976358686174665
2050,186,741,12,0.8500000000000014,0.01,0.025096653206476374,0.8900442175243212
2051,242,967,16,1.4099999999999926,0.01,0.025182924011997024,0.8877229377871654
2052,227,908,15,1.2599999999999958,0.01,0.029350780191618884,0.8868340891704225
2053,58,232,3,-0.4299999999999997,0.01,0.032777771137521734,0.8777218631335667
2054,63,251,4,-0.37999999999999967,0.01,0.01122781888989266,0.8987344726920128
2055,131,523,8,0.30000000000000093,0.01,0.018165815170064117,0.8905855977174008
2056,119,476,7,0.18000000000000083,0.01,0.029195294562919902,0.8724159886097086
2057,12,47,0,-0.89,0.01,0.030906858388334513,0.8620697061220804
2058,21,83,1,-0.7999999999999999,0.01,0.05060122348368168,0.8301209112008413
2059,200,798,13,0.9900000000000015,0.01,0.008563997810706497,0.8834165549278259
2060,109,436,7,0.08000000000000074,0.01,0.02300711222751825,0.8690016269683838
2061,151,603,10,0.5000000000000011,0.01,0.028832994579141468,0.8666549262247587
2062,150,597,9,0.4900000000000011,0.01,0.030598754830960487,0.859792635247514
2063,272,1086,18,1.7099999999999862,0.01,0.01917195745730115,0.8926272348446005
2064,201,803,13,1.0000000000000013,0.01,0.03271200940012932,0.8876744079589843
2065,193,770,12,0.9200000000000015,0.01,0.022447005612775683,0.8867235658120136
2066,331,1323,22,2.2999999999999736,0.01,0.01965152748247109,0.8874313700489882
2067,157,627,10,0.5600000000000012,0.01,0.021304457122460006,0.8958370968699455
2068,89,353,5,-0.11999999999999944,0.01,0.012471720385788516,0.9299594976685264
2069,73,291,4,-0.2799999999999996,0.01,0.007147774449549615,0.9308628108766344
2070,270,1077,17,1.6899999999999866,0.01,0.025307051744996843,0.9122833697234883
2071,291,1161,19,1.8999999999999821,0.01,0.023970233166538592,0.9112087554401822
2072,45,178,2,-0.5599999999999998,0.01,0.011899925690765182,0.906291589140892
2073,208,829,13,1.0699999999999998,0.01,0.035075431304553956,0.9166166209257566
2074,208,830,13,1.0699999999999998,0.01,0.03015960124769033,0.9088609837568723
2075,250,1000,16,1.4899999999999909,0.01,0.019915509912666055,0.9111027515703632
2076,167,667,11,0.6600000000000013,0.01,0.015852773124130352,0.920014697880972
2077,43,172,2,-0.5799999999999998,0.01,0.021722039800475944,0.9277014949105002
2078,105,418,6,0.0400000000000007,0.01,0.01682393024944199,0.9151114821434021
2079,175,700,11,0.7400000000000013,0.01,0.02945335469716652,0.8984596471894871
2080,249,994,16,1.479999999999991,0.01,0.01712420662008827,0.9036991576994619
2081,175,697,11,0.7400000000000013,0.01,0.022695896914228797,0.8840410763567145
2082,284,1133,18,1.8299999999999836,0.01,0.016147181237588674,0.8940885973648286
2083,309,1233,20,2.0799999999999783,0.01,0.022855929103559006,0.887306691764237
2084,130,517,8,0.2900000000000009,0.01,0.022184858826221898,0.8903403542935848
2085,288,1152,19,1.8699999999999828,0.01,0.01977418332050244,0.8871782107485665
2086,253,1012,16,1.5199999999999902,0.01,0.024405799580563325,0.8844711761921644
2087,182,725,12,0.8100000000000014,0.01,0.02085877426693009,0.8819935984081693
2088,147,588,9,0.4600000000000011,0.01,0.025100518999671615,0.8828326979198972
2089,233,930,15,1.3199999999999945,0.01,0.01790528638079634,0.8823959508846546
2090,38,151,2,-0.6299999999999999,0.01,0.02293461882509291,0.8922267317771911
2091,184,736,12,0.8300000000000014,0.01,0.0164058881295521,0.8772387439789979
2092,176,701,11,0.7500000000000013,0.01,0.025047830216036262,0.8744576194069602
2093,172,688,11,0.7100000000000013,0.01,0.04017284637057157,0.8635708135227824
2094,68,270,4,-0.3299999999999996,0.01,0.01525479557869189,0.8806159671615151
2095,208,830,13,1.0699999999999998,0.01,0.015731244249484286,0.8912155708441367
2096,244,976,16,1.4299999999999922,0.01,0.018503372175771683,0.9008965091627152
2097,151,604,10,0.5000000000000011,0.01,0.020073116391997884,0.8959594433372086
2098,243,971,16,1.4199999999999924,0.01,0.021130782460457968,0.9012792501293245
2099,198,790,13,0.9700000000000015,0.01,0.024866768438369036,0.8915203046798706
2100,46,181,3,-0.5499999999999998,0.01,0.010825346562672745,0.8798923275687478
2101,365,1457,24,2.6399999999999664,0.01,0.015885807292351683,0.9129204881060254
2102,40,160,2,-0.6099999999999999,0.01,0.06216728296130895,0.9086797177791596
2103,111,444,7,0.10000000000000075,0.01,0.015368589274917863,0.9135777801275253
2104,187,748,12,0.8600000000000014,0.01,0.02046356320460426,0.9191185083795101
2105,97,385,6,-0.03999999999999937,0.01,0.01854028969925518,0.9055063476165136
2106,159,633,10,0.5800000000000012,0.01,0.0278439350950066,0.8930655986070632
2107,67,268,4,-0.33999999999999964,0.01,0.004472893265569035,0.9277612216332379
2108,21,84,1,-0.7999999999999999,0.01,0.02535757953301072,0.9175463676452636
2109,224,895,14,1.2299999999999964,0.01,0.013122304800033038,0.932472462100642
2110,274,1096,18,1.7299999999999858,0.01,0.01473142670618151,0.925280371133019
2111,99,394,6,-0.01999999999999935,0.01,0.03334577617235482,0.9130163931846619
2112,183,729,12,0.8200000000000014,0.01,0.014220421389757616,0.9258710107077723
2113,239,954,15,1.3799999999999932,0.01,0.024724235731021813,0.918456224600474
2114,143,570,9,0.42000000000000104,0.01,0.01252062877507082,0.9580158761569432
2115,93,370,6,-0.0799999999999994,0.01,0.01553401288886865,0.9451213131348292
2116,30,118,1,-0.71,0.01,0.028423209275518144,0.9301833850996835
2117,150,597,9,0.4900000000000011,0.01,0.02708786770725917,0.9342505273066068
2118,83,331,5,-0.1799999999999995,0.01,0.03390592596260831,0.9213699847459793
2119,57,225,3,-0.4399999999999997,0.01,0.023558360990136862,0.9334412217140198
2120,330,1317,21,2.289999999999974,0.01,0.018364814073188095,0.9412101783403536
2121,67,265,4,-0.33999999999999964,0.01,0.022773966795819646,0.9374382320572349
2122,109,433,7,0.08000000000000074,0.01,0.01299709707705511,0.962182343006134
2123,77,305,5,-0.23999999999999955,0.01,0.032232219095979085,0.9616991093284205
2124,218,870,14,1.1699999999999977,0.01,0.01619760819964788,0.9577139269221913
2125,124,493,8,0.23000000000000087,0.01,0.016685385174388365,0.9614772642812421
2126,216,862,14,1.1499999999999981,0.01,0.025063013701044298,0.9599769799797623
2127,330,1319,21,2.289999999999974,0.01,0.024646909356616984,0.9528639600044344
2128,305,1219,20,2.039999999999979,0.01,0.02691215472961111,0.9708630318765517
2129,150,598,9,0.4900000000000011,0.01,0.010117758694734122,0.9799126998798268
2130,143,571,9,0.42000000000000104,0.01,0.016683467528006684,0.98536649843057
2131,200,798,13,0.9900000000000015,0.01,0.02365792372263968,0.9671672415733338
2132,196,783,13,0.9500000000000015,0.01,0.018752073313166598,0.9811611418821373
2133,164,655,10,0.6300000000000012,0.01,0.028122567310474994,0.9469950751560491
2134,143,572,9,0.42000000000000104,0.01,0.039902063474679984,0.9470386587911181
2135,353,1412,23,2.519999999999969,0.01,0.022749857897658578,0.9568199718540366
2136,100,400,6,-0.009999999999999343,0.01,0.017281077168881893,0.9476556158065796
2137,99,395,6,-0.01999999999999935,0.01,0.02402815856039524,0.9424328923225402
2138,109,433,7,0.08000000000000074,0.01,0.02150222860897581,0.9625523620181613
2139,203,811,13,1.020000000000001,0.01,0.026539064911833287,0.9498643559568068
2140,152,606,10,0.5100000000000011,0.01,0.01400426618362728,0.951802489004637
2141,353,1409,23,2.519999999999969,0.01,0.03128752932455179,0.9402439512989738
2142,260,1039,17,1.5899999999999888,0.01,0.019352308615970495,0.940838165466602
2143,150,597,9,0.4900000000000011,0.01,0.01747573312447482,0.9570676764926395
2144,79,316,5,-0.21999999999999953,0.01,0.02349791278829798,0.9533101558685303
2145,223,892,14,1.2199999999999966,0.01,0.018705556626498167,0.963592671922275
2146,159,636,10,0.5800000000000012,0.01,0.02867834980133921,0.9663944184780121
2147,139,556,9,0.380000000000001,0.01,0.015321221336147146,0.9639153620776009
2148,59,234,3,-0.4199999999999997,0.01,0.026391242677345873,0.9547925114631652
2149,125,500,8,0.24000000000000088,0.01,0.022294597636397566,0.951593077951862
2150,358,1429,23,2.569999999999968,0.01,0.02276952877485504,0.9643661465909746
2151,121,482,8,0.20000000000000084,0.01,0.020309654848339655,0.9561106403668721
2152,76,302,5,-0.24999999999999956,0.01,0.01739727556215305,0.9605908299747267
2153,29,114,1,-0.72,0.01,0.02140492749666529,0.950275012425014
2154,280,1117,18,1.7899999999999845,0.01,0.026227349498575286,0.9678763168198722
2155,93,369,6,-0.0799999999999994,0.01,0.019082883324396487,0.9632099171479543
2156,164,653,10,0.6300000000000012,0.01,0.021643551316384863,0.975357035311257
2157,177,708,11,0.7600000000000013,0.01,0.016436193699271164,1.0144636238163167
2158,100,398,6,-0.009999999999999343,0.01,0.019617477376013995,1.001097400188446
2159,209,835,13,1.0799999999999996,0.01,0.016379627204374768,1.0164488485226264
2160,161,644,10,0.6000000000000012,0.01,0.03206887739361264,1.0090690314769746
2161,160,637,10,0.5900000000000012,0.01,0.02757591386907734,1.0085670322179794
2162,225,897,14,1.2399999999999962,0.01,0.029705490737238473,1.011948821837442
2163,316,1263,21,2.149999999999977,0.01,0.021564945501947326,1.0180210765404036
2164,102,408,6,0.010000000000000675,0.01,0.011638404410332441,1.0289086294174195
2165,86,344,5,-0.14999999999999947,0.01,0.009000269569117914,1.023827682841908
2166,31,122,2,-0.7,0.01,0.004635937179305724,1.0201448202133179
2167,209,833,13,1.0799999999999996,0.01,0.02724464597039909,1.0177668153115038
2168,286,1141,19,1.8499999999999832,0.01,0.020030312702505732,1.0106068597712987
2169,283,1131,18,1.8199999999999839,0.01,0.02409033171019294,0.998853604558488
2170,248,991,16,1.4699999999999913,0.01,0.016124567910728436,1.0147731631032881
2171,73,290,4,-0.2799999999999996,0.01,0.022819720570825867,0.9916031791104211
2172,238,950,15,1.3699999999999934,0.01,0.021073011289505908,1.0007555514574051
2173,386,1543,25,2.849999999999962,0.01,0.026338981445102643,1.0012758262455463
2174,256,1021,17,1.5499999999999896,0.01,0.03325350134764449,0.996235053986311
2175,318,1269,21,2.1699999999999764,0.01,0.02809131409157999,1.0048547849059104
2176,58,231,3,-0.4299999999999997,0.01,0.036981230834499,1.003264878477369
2177,92,367,6,-0.08999999999999941,0.01,0.035734201325913484,0.9952800299810327
2178,149,594,9,0.4800000000000011,0.01,0.03635809812191371,1.0135014959283777
2179,160,639,10,0.5900000000000012,0.01,0.019773853407241405,1.019694085419178
2180,73,291,4,-0.2799999999999996,0.01,0.02454459467461627,1.0015620808852346
2181,166,664,11,0.6500000000000012,0.01,0.02974855575551529,1.0023544387119572
2182,254,1014,16,1.52999999999999,0.01,0.01709391304757446,1.0182736925780773
2183,127,508,8,0.2600000000000009,0.01,0.016112856589437972,1.01416410938386
2184,71,281,4,-0.2999999999999996,0.01,0.02060209429408941,1.0072594086329143
2185,114,455,7,0.13000000000000078,0.01,0.01763851174699335,1.0284308482860696
2186,57,226,3,-0.4399999999999997,0.01,0.02446205955597439,1.014319998877389
2187,69,273,4,-0.3199999999999996,0.01,0.02408984344562187,1.0154153494273914
2188,232,926,15,1.3099999999999947,0.01,0.027653080194482003,1.018837574227103
2189,78,311,5,-0.22999999999999954,0.01,0.014970273233484477,1.0146667033433914
2190,72,286,4,-0.2899999999999996,0.01,0.02742794214282185,1.009195523129569
2191,231,922,15,1.299999999999995,0.01,0.028988410861705217,1.018412266906939
2192,167,667,11,0.6600000000000013,0.01,0.04612081220728301,1.0116890172163646
2193,77,306,5,-0.23999999999999955,0.01,0.02271737721993735,1.0089086701995449
2194,10,37,0,-0.91,0.01,0.04294645134359598,1.0310553908348083
2195,221,883,14,1.199999999999997,0.01,0.02040941362184557,1.0137273008173162
2196,263,1051,17,1.6199999999999881,0.01,0.025049564541515076,1.0000977100748005
2197,157,626,10,0.5600000000000012,0.01,0.025247821447033532,1.0097899253551776
2198,23,90,1,-0.7799999999999999,0.01,0.006385807801658909,0.9885159333546957
2199,64,254,4,-0.36999999999999966,0.01,0.03182364217354916,1.0050187483429909
2200,221,884,14,1.199999999999997,0.01,0.023897424767809837,1.0049616672775963
2201,274,1093,18,1.7299999999999858,0.01,0.019924001397052103,0.999107017033342
2202,18,70,1,-0.83,0.01,0.006152250920422375,1.012800619006157
2203,57,226,3,-0.4399999999999997,0.01,0.017218117918153957,1.0208647038255418
2204,254,1015,16,1.52999999999999,0.01,0.017630338865274098,1.004491371102631
2205,217,867,14,1.159999999999998,0.01,0.02263022414236157,1.002632392777337
2206,272,1086,18,1.7099999999999862,0.01,0.02117721632342128,1.0184286035159056
2207,257,1027,17,1.5599999999999894,0.01,0.027883601833309513,1.0237889671698213
2208,286,1142,19,1.8499999999999832,0.01,0.026290382478489645,1.02373925016986
2209,112,446,7,0.11000000000000076,0.01,0.023099397217655287,1.0359705771718706
2210,255,1020,17,1.5399999999999898,0.01,0.01961320330883609,1.040745166130364
2211,212,845,14,1.109999999999999,0.01,0.017907264734671084,1.0667483997794818
2212,240,958,15,1.389999999999993,0.01,0.020288516542253394,1.0517827530701955
2213,147,588,9,0.4600000000000011,0.01,0.03432623624232494,1.0322683602571487
2214,30,117,1,-0.71,0.01,0.04106761119328439,1.0340908095240593
2215,97,387,6,-0.03999999999999937,0.01,0.02083442622097209,1.0655522992213566
2216,187,748,12,0.8600000000000014,0.01,0.010986222840964477,1.06112927832502
2217,56,222,3,-0.44999999999999973,0.01,0.010873487003014557,1.0543309492724282
2218,204,813,13,1.0300000000000007,0.01,0.014726916894170583,1.0598117183236515
2219,78,309,5,-0.22999999999999954,0.01,0.020975110451935938,1.0535972996761924
2220,148,590,9,0.4700000000000011,0.01,0.023405239973972376,1.0512518480017379
2221,249,993,16,1.479999999999991,0.01,0.024196372195590465,1.0482180251015558
2222,160,638,10,0.5900000000000012,0.01,0.020025606034323573,1.0499486759305001
2223,159,635,10,0.5800000000000012,0.01,0.02488195835851515,1.0499164462089539
2224,93,371,6,-0.0799999999999994,0.01,0.03424260482036819,1.0551361789306004
2225,235,939,15,1.339999999999994,0.01,0.02017922221747195,1.0652054281070316
2226,26,104,1,-0.75,0.01,0.005593577532895974,1.0713181495666504
2227,133,529,8,0.32000000000000095,0.01,0.02441839784891768,1.0698922330682927
2228,56,223,3,-0.44999999999999973,0.01,0.005815364287367889,1.081090590783528
2229,230,919,15,1.2899999999999952,0.01,0.020539317400483734,1.0701723715354656
2230,115,460,7,0.1400000000000008,0.01,0.012571679278542953,1.0708327335970742
2231,155,617,10,0.5400000000000011,0.01,0.02420144799189308,1.0545538052534447
2232,178,710,11,0.7700000000000014,0.01,0.017812334777166445,1.052385641468896
2233,21,84,1,-0.7999999999999999,0.01,0.0035340792033821344,1.0726754903793334
2234,238,952,15,1.3699999999999934,0.01,0.017999859447827785,1.0562785540596913
2235,162,646,10,0.6100000000000012,0.01,0.035479743851394185,1.0472995100951776
2236,158,632,10,0.5700000000000012,0.01,0.026797056878702,1.049635812258109
2237,149,593,9,0.4800000000000011,0.01,0.03516234133980776,1.0320886310778166
2238,250,997,16,1.4899999999999909,0.01,0.028177170458460046,1.0314481517960947
2239,28,111,1,-0.73,0.01,0.019360913828547512,1.0093446288790022
2240,361,1442,24,2.5999999999999672,0.01,0.024919184773332544,1.0245677219496834
2241,130,519,8,0.2900000000000009,0.01,0.02754223331188162,1.0114502148194746
2242,150,599,9,0.4900000000000011,0.01,0.03178416911789493,1.0257239454501383
2243,36,142,2,-0.6499999999999999,0.01,0.01325101519210471,1.0270290308528476
2244,100,400,6,-0.009999999999999343,0.01,0.02016834537498653,1.0519895362854004
2245,102,405,6,0.010000000000000675,0.01,0.015964921393718284,1.053102160875614
2246,68,270,4,-0.3299999999999996,0.01,0.004259975092923816,1.0728815092759973
2247,136,541,9,0.350000000000001,0.01,0.035262338009060305,1.059726687038646
2248,401,1602,26,2.9999999999999587,0.01,0.027947353711351753,1.0519198977947235
2249,222,886,14,1.2099999999999969,0.01,0.027026320179824585,1.0523507765361242
2250,311,1242,20,2.099999999999978,0.01,0.018076919775165907,1.0733126510273328
2251,146,584,9,0.45000000000000107,0.01,0.01698035143970235,1.07072706480284
2252,88,349,5,-0.12999999999999945,0.01,0.0370657823196697,1.072501922195608
2253,315,1260,21,2.139999999999977,0.01,0.01737284574869879,1.066599519192418
2254,165,660,11,0.6400000000000012,0.01,0.030596081638799573,1.0704253533991372
2255,218,869,14,1.1699999999999977,0.01,0.024111636228755944,1.0648685815157715
2256,97,386,6,-0.03999999999999937,0.01,0.020131871597841383,1.049851176738739
2257,248,992,16,1.4699999999999913,0.01,0.02101860255483658,1.0605700785113918
2258,221,882,14,1.199999999999997,0.01,0.022814238054508513,1.0569141507148743
2259,181,723,12,0.8000000000000014,0.01,0.02988315895199776,1.0645766973495483
2260,168,670,11,0.6700000000000013,0.01,0.031024470315536574,1.025267788342067
2261,583,2330,38,4.81999999999992,0.01,0.024261774464146783,1.0161579512570003
2262,259,1035,17,1.579999999999989,0.01,0.02211510451295628,1.0255921052052424
2263,143,571,9,0.42000000000000104,0.01,0.02265559373024319,0.9979946289743696
2264,119,473,7,0.18000000000000083,0.01,0.013565243012271822,1.0115834593772888
2265,218,870,14,1.1699999999999977,0.01,0.026972228635779836,0.9947834134101867
2266,177,706,11,0.7600000000000013,0.01,0.030725091981532223,0.9935079623352397
2267,71,284,4,-0.2999999999999996,0.01,0.009761718864966597,1.0195784237649705
2268,207,826,13,1.06,0.01,0.016203721556082077,1.0101422153267205
2269,226,902,15,1.249999999999996,0.01,0.014376142548331828,1.0105787390156795
2270,227,905,15,1.2599999999999958,0.01,0.020364485881209635,1.0071724925124854
2271,94,376,6,-0.0699999999999994,0.01,0.017288473505607766,1.0019384259762971
2272,154,614,10,0.5300000000000011,0.01,0.028793899461818047,1.0006404717763264
2273,173,690,11,0.7200000000000013,0.01,0.02346002146450066,0.9948951934659204
2274,231,923,15,1.299999999999995,0.01,0.015192729619668862,1.0130739551166008
2275,47,188,3,-0.5399999999999998,0.01,0.0034996329341083765,1.0431809967214412
2276,158,632,10,0.5700000000000012,0.01,0.03242354476824403,1.0124949231743812
2277,185,739,12,0.8400000000000014,0.01,0.012671103822472303,1.012097673571628
2278,10,40,0,-0.91,0.01,0.004886414933328827,1.0291012128194172
2279,55,219,3,-0.45999999999999974,0.01,0.011999791273130821,1.0413248584820674
2280,194,775,12,0.9300000000000015,0.01,0.02380668794337128,1.0079932541263348
2281,160,639,10,0.5900000000000012,0.01,0.01920685389195569,1.0251825645565986
2282,181,721,12,0.8000000000000014,0.01,0.01576165735411147,1.0193310525682238
2283,102,408,6,0.010000000000000675,0.01,0.02003034012607084,0.9995122528993167
2284,135,540,9,0.34000000000000097,0.01,0.013448167013738192,0.9999332175110326
2285,352,1405,23,2.509999999999969,0.01,0.024526524807284164,0.991389896381985
2286,215,858,14,1.1399999999999983,0.01,0.02298504589297981,0.9923164866588734
2287,239,955,15,1.3799999999999932,0.01,0.025764143377697717,1.0023050755262375
2288,259,1034,17,1.579999999999989,0.01,0.020612995616661814,1.016332010122446
2289,24,93,1,-0.7699999999999999,0.01,0.004473021952435374,1.0447801152865093
2290,154,614,10,0.5300000000000011,0.01,0.025134828566622577,1.0137774740394794
2291,139,553,9,0.380000000000001,0.01,0.016423604238246167,1.023687960420336
2292,164,656,10,0.6300000000000012,0.01,0.0298085246269205,1.0194184402140176
2293,18,69,1,-0.83,0.01,0.026654348650481552,1.0332987308502197
2294,150,598,9,0.4900000000000011,0.01,0.020293290892272796,1.018043450619045
2295,55,218,3,-0.45999999999999974,0.01,0.012350026784198624,1.0374428544725691
2296,54,213,3,-0.46999999999999975,0.01,0.029866475361184433,1.0440037112969618
2297,188,751,12,0.8700000000000014,0.01,0.02842786028347117,1.0183492036575967
2298,40,160,2,-0.6099999999999999,0.01,0.05564627726562321,1.0038580179214478
2299,167,668,11,0.6600000000000013,0.01,0.03792867527919866,1.0155056104773568
2300,210,838,13,1.0899999999999994,0.01,0.029513271700125188,1.0173224313901021
2301,25,98,1,-0.7599999999999999,0.01,0.004657990332426769,1.0444203785487585
2302,72,287,4,-0.2899999999999996,0.01,0.025630716493146286,1.0305749707751803
2303,187,748,12,0.8600000000000014,0.01,0.023503266193944473,1.0315231862275496
2304,27,106,1,-0.74,0.01,0.017145578217293535,1.029804025377546
2305,171,681,11,0.7000000000000013,0.01,0.022230047456443656,1.033153427201648
2306,101,403,6,6.661338147750939e-16,0.01,0.025027436409145593,1.0440666198730468
2307,224,893,14,1.2299999999999964,0.01,0.02639649867861798,1.0283827909401484
2308,80,320,5,-0.20999999999999952,0.01,0.015143661247566342,1.033680361509323
2309,125,498,8,0.24000000000000088,0.01,0.016629651564383698,1.025385856628418
2310,295,1177,19,1.9399999999999813,0.01,0.014900736614583514,1.0360593844104458
2311,155,619,10,0.5400000000000011,0.01,0.013887788121325847,1.043465562355824
2312,118,472,7,0.17000000000000082,0.01,0.007072704896362948,1.0477642601933972
2313,344,1373,22,2.429999999999971,0.01,0.029918318719949658,1.0269529764042344
2314,43,171,2,-0.5799999999999998,0.01,0.02524634294042533,1.0284712531349876
2315,161,643,10,0.6000000000000012,0.01,0.030093437520554288,1.0245615392923355
2316,219,874,14,1.1799999999999975,0.01,0.018860337358306754,1.0354583642699502
2317,10,37,0,-0.91,0.01,0.0034345422560969987,1.033449947834015
2318,150,600,10,0.4900000000000011,0.01,0.023415238451766403,1.0091229274466231
2319,258,1031,17,1.5699999999999892,0.01,0.03146673425530585,1.001404615548941
2320,151,602,10,0.5000000000000011,0.01,0.009199781651684159,1.0178124904632568
2321,160,637,10,0.5900000000000012,0.01,0.018525006907293574,1.0042785346508025
2322,62,246,4,-0.3899999999999997,0.01,0.010515929971006699,1.010628703981638
2323,263,1051,17,1.6199999999999881,0.01,0.024076656505437284,1.0084121895558906
2324,270,1077,17,1.6899999999999866,0.01,0.0356676732919721,0.9885965238756208
2325,64,254,4,-0.36999999999999966,0.01,0.025441295059863478,0.9991713836789131
2326,143,572,9,0.42000000000000104,0.01,0.01368897521428557,0.9948821945322884
2327,107,426,7,0.06000000000000072,0.01,0.04743071936967748,0.9822765434229815
2328,104,415,6,0.030000000000000693,0.01,0.014227332153285924,1.0063366225132575
2329,78,309,5,-0.22999999999999954,0.01,0.013825328395652928,1.0024778058654384
2330,311,1241,20,2.099999999999978,0.01,0.02095579268494382,0.9984971002126352
2331,194,776,12,0.9300000000000015,0.01,0.020864828688596997,0.9902878863116106
2332,96,384,6,-0.04999999999999938,0.01,0.016412412708935637,0.9872876157363256
2333,195,778,12,0.9400000000000015,0.01,0.010504339163533735,0.992036193001027
2334,220,880,14,1.1899999999999973,0.01,0.024844917113130742,0.9833986683325334
2335,11,43,0,-0.9,0.01,0.0038463135715574026,0.9719067215919495
2336,241,962,16,1.3999999999999928,0.01,0.023598126353075108,1.0000253309806189
2337,78,311,5,-0.22999999999999954,0.01,0.00913818449480459,1.023356133699417
2338,57,227,3,-0.4399999999999997,0.01,0.022153361833521297,1.0057381774697984
2339,58,231,3,-0.4299999999999997,0.01,0.045055460018504946,0.9851065448352269
2340,54,215,3,-0.46999999999999975,0.01,0.027208292540828034,1.0172910818031855
2341,152,606,10,0.5100000000000011,0.01,0.021064355467004997,1.0176240158708472
2342,114,455,7,0.13000000000000078,0.01,0.02026624956800203,1.0068701654672623
2343,205,819,13,1.0400000000000005,0.01,0.016275273895679183,1.0067564971171892
2344,131,522,8,0.30000000000000093,0.01,0.018916097746114247,1.01275222748518
2345,154,614,10,0.5300000000000011,0.01,0.021510139686795764,1.0121620297431946
2346,131,521,8,0.30000000000000093,0.01,0.02639786222117078,1.0173838590130662
2347,266,1061,17,1.6499999999999875,0.01,0.02332053164542286,1.0178341721043442
2348,372,1486,24,2.709999999999965,0.01,0.023726667372650036,1.0188070189568303
2349,192,768,12,0.9100000000000015,0.01,0.025387679842727568,1.006864467014869
2350,189,756,12,0.8800000000000014,0.01,0.02391093093505565,0.9873087482249483
2351,94,375,6,-0.0699999999999994,0.01,0.02563244665119176,0.9744883552193642
2352,137,546,9,0.360000000000001,0.01,0.0269171984263641,0.9707466434029972
2353,365,1460,24,2.6399999999999664,0.01,0.025298628357372115,0.9686745713045309
2354,140,560,9,0.390000000000001,0.01,0.02655497639040862,0.9668872203145709
2355,144,576,9,0.43000000000000105,0.01,0.023167252986847114,0.9877580602963766
2356,12,47,0,-0.89,0.01,0.04623816271002094,0.971570352713267
2357,68,269,4,-0.3299999999999996,0.01,0.008573418674880968,0.9974397631252513
2358,83,331,5,-0.1799999999999995,0.01,0.031612781436359955,1.0034932125182379
2359,114,455,7,0.13000000000000078,0.01,0.038255627604265666,0.9802047856922808
2360,97,388,6,-0.03999999999999937,0.01,0.023869781095224123,0.9842547674973806
2361,111,444,7,0.10000000000000075,0.01,0.012190856072785599,1.004350217325347
2362,162,647,10,0.6100000000000012,0.01,0.01809626604663208,0.9992042243480682
2363,216,864,14,1.1499999999999981,0.01,0.023034189810493478,0.9981812371148003
2364,287,1147,19,1.859999999999983,0.01,0.016430233168648556,1.0073791585034795
2365,121,481,8,0.20000000000000084,0.01,0.031003428669646383,1.0055846055348714
2366,145,578,9,0.44000000000000106,0.01,0.019192362087778747,1.0025008055898879
2367,133,530,8,0.32000000000000095,0.01,0.011080536498304676,1.0252679481225855
2368,95,378,6,-0.05999999999999939,0.01,0.014851906731643754,1.0114471290422522
2369,163,652,10,0.6200000000000012,0.01,0.028229238686901404,1.0071892752880003
2370,234,936,15,1.3299999999999943,0.01,0.028296837421386677,1.000756649647729
2371,63,251,4,-0.37999999999999967,0.01,0.022046210306386153,0.9841900746027629
2372,257,1027,17,1.5599999999999894,0.01,0.021831415575714067,0.9919329478190495
2373,245,978,16,1.439999999999992,0.01,0.03185147150862412,0.9774063532469702
2374,101,402,6,6.661338147750939e-16,0.01,0.016665750881657004,0.9959075045585633
2375,201,802,13,1.0000000000000013,0.01,0.019428678746335207,0.9907294034957885
2376,41,162,2,-0.5999999999999999,0.01,0.03651416255161166,1.0149504975839094
2377,239,955,15,1.3799999999999932,0.01,0.02418418838326835,0.9928741596512876
2378,60,239,3,-0.4099999999999997,0.01,0.023298859084025025,0.9963008840878804
2379,197,788,13,0.9600000000000015,0.01,0.01648651922121644,0.9977308714389801
2380,308,1229,20,2.0699999999999785,0.01,0.021725535159930587,0.9933139852115086
2381,376,1503,25,2.749999999999964,0.01,0.020608661373076525,1.0128370339566088
2382,151,602,10,0.5000000000000011,0.01,0.029431562946253532,1.0044795693577946
2383,226,904,15,1.249999999999996,0.01,0.018551953459616032,1.0199756632771408
2384,86,342,5,-0.14999999999999947,0.01,0.027325863085154976,1.012679866382054
2385,122,488,8,0.21000000000000085,0.01,0.02073586880109243,1.0164811611175537
2386,145,577,9,0.44000000000000106,0.01,0.010308977617468271,1.0256796230872471
2387,134,535,8,0.33000000000000096,0.01,0.01602307878270307,1.0357116425738615
2388,212,847,14,1.109999999999999,0.01,0.030704631171417685,1.02385287914636
2389,46,183,3,-0.5499999999999998,0.01,0.04211695797064088,1.0206532315774397
2390,112,446,7,0.11000000000000076,0.01,0.02334359321477158,1.0147241950035095
2391,336,1344,22,2.3499999999999726,0.01,0.01670731298370464,1.0330337626593453
2392,288,1151,19,1.8699999999999828,0.01,0.025713028813091416,1.0197383960088093
2393,54,214,3,-0.46999999999999975,0.01,0.051743708517668505,1.0176756637437003
2394,52,206,3,-0.48999999999999977,0.01,0.027403680858417198,1.0156698456177344
2395,131,521,8,0.30000000000000093,0.01,0.01817269599996507,1.0279721524566412
2396,98,390,6,-0.02999999999999936,0.01,0.025503665413707494,1.0305634117126465
2397,419,1674,27,3.1799999999999553,0.01,0.02525550062945556,1.0255256618772235
2398,210,838,13,1.0899999999999994,0.01,0.034586748748552054,1.023618215551743
2399,173,691,11,0.7200000000000013,0.01,0.02866726966986303,1.0326077785602836
2400,144,576,9,0.43000000000000105,0.01,0.025194860037623182,1.0491314513815775
2401,76,303,5,-0.24999999999999956,0.01,0.031242500034798133,1.026984597507276
2402,322,1288,21,2.2099999999999755,0.01,0.02026014941468559,1.0421785101478482
2403,36,142,2,-0.6499999999999999,0.01,0.020776572947700817,1.0538795789082844
2404,17,68,1,-0.84,0.01,0.007265030290000141,1.0073822736740112
2405,194,775,12,0.9300000000000015,0.01,0.026034322030348132,1.028824266122312
2406,184,734,12,0.8300000000000014,0.01,0.025893458312012903,1.0183979078479435
2407,27,105,1,-0.74,0.01,0.009205107111483812,0.9719482958316803
2408,376,1501,25,2.749999999999964,0.01,0.023655024783170605,1.01918610993852
2409,248,991,16,1.4699999999999913,0.01,0.026187426042592814,1.00455922176761
2410,53,212,3,-0.47999999999999976,0.01,0.017236331328084425,1.0118195244244166
2411,142,568,9,0.41000000000000103,0.01,0.019135623245633074,1.021129742690495
2412,228,911,15,1.2699999999999956,0.01,0.027848064560410484,1.019557995754376
2413,56,223,3,-0.44999999999999973,0.01,0.033385218370572796,1.0306465242590224
2414,106,421,7,0.05000000000000071,0.01,0.012381637900101918,1.0225362843937345
2415,316,1264,21,2.149999999999977,0.01,0.029980567628753525,1.0139257221282283
2416,347,1385,23,2.45999999999997,0.01,0.018636569110026886,1.02533973580183
2417,61,244,4,-0.3999999999999997,0.01,0.03025072903255932,1.0299616903066635
2418,234,936,15,1.3299999999999943,0.01,0.019042951677090907,1.0226522817693908
2419,189,756,12,0.8800000000000014,0.01,0.018356457149530662,1.0327123758640695
2420,432,1728,28,3.3099999999999525,0.01,0.021790123954242853,1.015451818704605
2421,143,569,9,0.42000000000000104,0.01,0.020359812207364787,1.0078303350342646
2422,101,404,6,6.661338147750939e-16,0.01,0.013905481500551105,1.0182889890670777
2423,184,733,12,0.8300000000000014,0.01,0.028949490257376885,1.0034758850284244
2424,53,210,3,-0.47999999999999976,0.01,0.022027069104037116,1.004986924784524
2425,161,641,10,0.6000000000000012,0.01,0.0227717443020083,1.0194947630167008
2426,123,492,8,0.22000000000000086,0.01,0.00713841199514366,1.0223457563307978
2427,317,1267,21,2.1599999999999766,0.01,0.0167075175279162,1.0259557404095614
2428,94,373,6,-0.0699999999999994,0.01,0.016859525065545156,1.038124584633371
2429,306,1221,20,2.049999999999979,0.01,0.02456211565098689,1.030027022609463
2430,262,1045,17,1.6099999999999883,0.01,0.019067188610251133,1.031507093172807
2431,215,858,14,1.1399999999999983,0.01,0.017910117723254695,1.0302808262683727
2432,182,725,12,0.8100000000000014,0.01,0.015621074343748067,1.0403443859971089
2433,330,1318,21,2.289999999999974,0.01,0.023480073138560372,1.0385335909157265
2434,276,1104,18,1.7499999999999853,0.01,0.022025724307741915,1.0285008852032647
2435,176,703,11,0.7500000000000013,0.01,0.018267841427586973,1.03084167025306
2436,148,589,9,0.4700000000000011,0.01,0.030927436306720246,1.0241462733294513
2437,119,475,7,0.18000000000000083,0.01,0.011604471361109366,1.0342290063699087
2438,336,1343,22,2.3499999999999726,0.01,0.022106083844500107,1.0262813561019444
2439,39,156,2,-0.6199999999999999,0.01,0.02830735263414681,1.0501335322856904
2440,142,565,9,0.41000000000000103,0.01,0.02737086171151272,1.025277018547058
2441,325,1299,21,2.239999999999975,0.01,0.01747812748955632,1.0267261163688
2442,125,497,8,0.24000000000000088,0.01,0.021065405664558057,1.0203723032027483
2443,281,1122,18,1.7999999999999843,0.01,0.02508054607813912,1.0208759835788181
2444,142,568,9,0.41000000000000103,0.01,0.013022605090269021,1.025374640737261
2445,47,187,3,-0.5399999999999998,0.01,0.010789515664024899,1.0487621426582336
2446,251,1003,16,1.4999999999999907,0.01,0.01899189172342183,1.0334411083705841
2447,239,955,15,1.3799999999999932,0.01,0.02488799481652677,1.0131170898675919
2448,242,968,16,1.4099999999999926,0.01,0.013974366996747752,1.006715977191925
2449,147,586,9,0.4600000000000011,0.01,0.012795272434281336,1.013152898968877
2450,39,154,2,-0.6199999999999999,0.01,0.04682600221130997,0.9729410767555237
2451,64,253,4,-0.36999999999999966,0.01,0.021871106131584384,1.0044552944600582
2452,76,301,5,-0.24999999999999956,0.01,0.020876358189669094,1.0054109002414502
2453,11,41,0,-0.9,0.01,0.005225535482168198,0.95688796043396
2454,110,437,7,0.09000000000000075,0.01,0.026281259114122286,0.9943670822041375
2455,142,568,9,0.41000000000000103,0.01,0.03188084719170417,1.0024503128869193
2456,91,364,6,-0.09999999999999942,0.01,0.026161360777104677,0.97138737336449
2457,323,1289,21,2.2199999999999753,0.01,0.01736043423793658,0.9786042158986316
2458,98,390,6,-0.02999999999999936,0.01,0.021496061905054376,0.9781436150272688
2459,127,507,8,0.2600000000000009,0.01,0.026961893163388595,0.9828213825821877
2460,120,477,7,0.19000000000000083,0.01,0.01928646140731871,0.9877479950586955
2461,217,866,14,1.159999999999998,0.01,0.010999740834382397,0.9805354498050831
2462,189,753,12,0.8800000000000014,0.01,0.01558924229660382,0.9801385489602884
2463,23,91,1,-0.7799999999999999,0.01,0.02545016906224191,0.9881882667541504
2464,168,672,11,0.6700000000000013,0.01,0.016399893161308552,0.9786249612058912
2465,154,614,10,0.5300000000000011,0.01,0.02798080077776924,0.9765758544970782
2466,203,809,13,1.020000000000001,0.01,0.021336678274012373,0.9690823625115788
2467,477,1908,31,3.759999999999943,0.01,0.021937044309021735,0.9736688823259178
2468,85,338,5,-0.15999999999999948,0.01,0.023099855869077146,0.9556872447331747
2469,206,821,13,1.0500000000000003,0.01,0.013183200467700282,0.9546741568125211
2470,65,260,4,-0.35999999999999965,0.01,0.01929075931548141,0.9618301428854465
2471,384,1534,25,2.8299999999999623,0.01,0.014708515472496705,0.9611839825908343
2472,195,777,12,0.9400000000000015,0.01,0.011251363779741282,0.9638745261698353
2473,249,993,16,1.479999999999991,0.01,0.035846296149576386,0.9380024844600309
2474,133,530,8,0.32000000000000095,0.01,0.021164933177219195,0.9518552386399471
2475,159,636,10,0.5800000000000012,0.01,0.033442625228781254,0.9562590718269348
2476,66,262,4,-0.34999999999999964,0.01,0.019148887280607596,0.9370747543871403
2477,55,217,3,-0.45999999999999974,0.01,0.035261184542572925,0.940923639706203
2478,430,1717,28,3.289999999999953,0.01,0.01987850491207576,0.938476621000855
2479,62,248,4,-0.3899999999999997,0.01,0.016214184773464996,0.9229151288668315
2480,187,747,12,0.8600000000000014,0.01,0.02414650555719879,0.9208494285319714
2481,9,35,0,-0.92,0.01,0.006890894379466772,0.9001366496086121
2482,30,119,1,-0.71,0.01,0.030593806208344176,0.9242171868681908
2483,167,665,11,0.6600000000000013,0.01,0.018691805276520004,0.9300588834576491
2484,56,224,3,-0.44999999999999973,0.01,0.010057827540939408,0.9307439497538975
2485,94,375,6,-0.0699999999999994,0.01,0.02600637292683435,0.916159376502037
2486,198,791,13,0.9700000000000015,0.01,0.02818785096537702,0.928587189742497
2487,246,982,16,1.4499999999999917,0.01,0.020269196337809967,0.9536654381982742
2488,169,676,11,0.6800000000000013,0.01,0.0324876258271702,0.9388444934572492
2489,111,441,7,0.10000000000000075,0.01,0.018714395152138814,0.9506934774773461
2490,79,315,5,-0.21999999999999953,0.01,0.008068884955719113,0.9529669225215912
2491,97,386,6,-0.03999999999999937,0.01,0.027417281273907673,0.934816800057888
2492,240,960,16,1.389999999999993,0.01,0.02869525474185745,0.9408574839433034
2493,64,254,4,-0.36999999999999966,0.01,0.03042651995201595,0.961018044501543
2494,185,739,12,0.8400000000000014,0.01,0.017437479823179867,0.9618390383927719
2495,329,1316,21,2.279999999999974,0.01,0.019856329036240534,0.949005201095488
2496,62,245,4,-0.3899999999999997,0.01,0.022241276237764396,0.939967755228281
2497,171,684,11,0.7000000000000013,0.01,0.027069084968981007,0.9374806021535119
2498,66,262,4,-0.34999999999999964,0.01,0.016473498559207655,0.9610261954367161
2499,113,449,7,0.12000000000000077,0.01,0.015447380137629807,0.9509039712803704
2500,239,955,15,1.3799999999999932,0.01,0.028994504016979287,0.9491476525863012
2501,367,1468,24,2.659999999999966,0.01,0.01764668809229751,0.9482797572146291
2502,151,604,10,0.5000000000000011,0.01,0.016212286507269663,0.9490444205309215
2503,140,557,9,0.390000000000001,0.01,0.018535982624494605,0.9420510462352207
2504,68,271,4,-0.3299999999999996,0.01,0.04451842593741329,0.9032456173616297
2505,101,403,6,6.661338147750939e-16,0.01,0.027480812910944223,0.9368889713287354
2506,219,876,14,1.1799999999999975,0.01,0.02142554771747779,0.9085404612801292
2507,124,496,8,0.23000000000000087,0.01,0.027520812679863265,0.9100043504468857
2508,203,810,13,1.020000000000001,0.01,0.01592815908137709,0.9022491550445557
2509,68,269,4,-0.3299999999999996,0.01,0.010382533881484586,0.9101263530114118
2510,200,800,13,0.9900000000000015,0.01,0.022940734382718802,0.9023713135719299
2511,129,515,8,0.2800000000000009,0.01,0.013682242870951692,0.9112229582035181
2512,37,146,2,-0.6399999999999999,0.01,0.01337596988822851,0.9048700663778517
2513,267,1065,17,1.6599999999999873,0.01,0.01745713951497047,0.8875410770302388
2514,347,1385,23,2.45999999999997,0.01,0.02001328205115833,0.8949460934760959
2515,285,1138,18,1.8399999999999834,0.01,0.022694049616499495,0.8983701964219412
2516,265,1058,17,1.6399999999999877,0.01,0.017660309828704958,0.9091588791572687
2517,163,649,10,0.6200000000000012,0.01,0.025261127151458,0.9050166519676767
2518,90,360,6,-0.10999999999999943,0.01,0.022187130864370953,0.9051588611169294
2519,107,427,7,0.06000000000000072,0.01,0.012609629995293088,0.9114835836269237
2520,257,1028,17,1.5599999999999894,0.01,0.02222720780991949,0.8959465445950627
2521,179,716,11,0.7800000000000014,0.01,0.026122896854455274,0.8954897946781583
2522,418,1671,27,3.1699999999999555,0.01,0.01771014093537815,0.9323564658944423
2523,59,235,3,-0.4199999999999997,0.01,0.02370296299147109,0.9250600298245748
2524,198,792,13,0.9700000000000015,0.01,0.023326542926952243,0.9250429964065552
2525,260,1038,17,1.5899999999999888,0.01,0.01757069008353238,0.929140226657574
2526,210,837,13,1.0899999999999994,0.01,0.026742000611892972,0.9077681406186178
2527,11,43,0,-0.9,0.01,0.021936539560556412,0.8824658393859863
2528,248,992,16,1.4699999999999913,0.01,0.010378558819572772,0.909353930142618
2529,91,362,6,-0.09999999999999942,0.01,0.008206937431722232,0.9027908833130546
2530,90,357,5,-0.10999999999999943,0.01,0.012773397463289175,0.901937874880704
2531,251,1002,16,1.4999999999999907,0.01,0.013051320096507432,0.9042267146564665
2532,107,428,7,0.06000000000000072,0.01,0.0325135527851267,0.8913987742529975
2533,235,939,15,1.339999999999994,0.01,0.024914826386897213,0.8999263808645052
2534,178,711,11,0.7700000000000014,0.01,0.015401462118865715,0.9040146549542745
2535,248,992,16,1.4699999999999913,0.01,0.017914821382521862,0.9123949639258846
2536,183,732,12,0.8200000000000014,0.01,0.022832031083374244,0.8996484862721484
2537,99,396,6,-0.01999999999999935,0.01,0.005217483829862128,0.8968688373764356
2538,167,666,11,0.6600000000000013,0.01,0.020757694179857417,0.8938437913145337
2539,166,664,11,0.6500000000000012,0.01,0.0387189910758198,0.8896497175807044
2540,155,619,10,0.5400000000000011,0.01,0.02275846195162127,0.8936900418055685
2541,25,98,1,-0.7599999999999999,0.01,0.019438094792089293,0.8826688272612435
2542,11,42,0,-0.9,0.01,0.005329114617779851,0.9065159857273102
2543,233,932,15,1.3199999999999945,0.01,0.02556928029378592,0.8921660397012355
2544,30,117,1,-0.71,0.01,0.02198528897549425,0.8805339591843742
2545,148,591,9,0.4700000000000011,0.01,0.011490934905973641,0.9136374592781067
2546,253,1011,16,1.5199999999999902,0.01,0.025072816873915375,0.8726133505503336
2547,206,821,13,1.0500000000000003,0.01,0.02606335019048017,0.8471741080284119
2548,295,1178,19,1.9399999999999813,0.01,0.0328083618455944,0.8390948997961508
2549,159,635,10,0.5800000000000012,0.01,0.02300320842112295,0.8398607892867846
2550,248,992,16,1.4699999999999913,0.01,0.020160826753013797,0.8435230495468262
2551,46,181,3,-0.5499999999999998,0.01,0.025407576894698043,0.844319149851799
2552,264,1054,17,1.629999999999988,0.01,0.02441459185105156,0.8308706066825173
2553,137,545,9,0.360000000000001,0.01,0.017753086963613683,0.8117114287965438
2554,53,209,3,-0.47999999999999976,0.01,0.01032968728731458,0.8336628858859723
2555,64,255,4,-0.36999999999999966,0.01,0.011014573523425497,0.8467062041163445
2556,307,1228,20,2.0599999999999787,0.01,0.014526372754269025,0.8323308028183974
2557,156,624,10,0.5500000000000012,0.01,0.017054559059966452,0.8296203674414219
2558,184,735,12,0.8300000000000014,0.01,0.018746477354358394,0.8223294019699097
2559,75,298,4,-0.25999999999999956,0.01,0.03177257966691334,0.795353795352735
2560,181,722,12,0.8000000000000014,0.01,0.01295338246660928,0.8193526612387763
2561,117,466,7,0.1600000000000008,0.01,0.008539128028948245,0.8180759713567537
2562,108,431,7,0.07000000000000073,0.01,0.016670550780232857,0.8169311858989574
2563,70,278,4,-0.3099999999999996,0.01,0.02437911667705824,0.8136519061194526
2564,164,654,10,0.6300000000000012,0.01,0.02274994192667669,0.8141975693586396
2565,98,390,6,-0.02999999999999936,0.01,0.026328357994013157,0.8012739941477776
2566,113,450,7,0.12000000000000077,0.01,0.017303511235413366,0.7994355518242409
2567,129,514,8,0.2800000000000009,0.01,0.01902233342116233,0.8066455256193876
2568,199,794,13,0.9800000000000015,0.01,0.02222899504704401,0.7944326305389404
2569,78,311,5,-0.22999999999999954,0.01,0.02260088679184647,0.8067377523372048
2570,96,384,6,-0.04999999999999938,0.01,0.017433848173823208,0.8045893087983131
2571,235,939,15,1.339999999999994,0.01,0.01718190345731643,0.8111146243952089
2572,83,331,5,-0.1799999999999995,0.01,0.012513971100339577,0.8039325078328451
2573,109,433,7,0.08000000000000074,0.01,0.014556688558379258,0.8072293290385494
2574,240,958,15,1.389999999999993,0.01,0.011945364734856412,0.8031204313039779
2575,403,1610,26,3.0199999999999587,0.01,0.018375339792202235,0.7923905648807488
2576,194,775,12,0.9300000000000015,0.01,0.020286907378855783,0.803381030758222
2577,176,702,11,0.7500000000000013,0.01,0.027093099551910364,0.7895538237961855
2578,359,1433,23,2.5799999999999677,0.01,0.020992575619473226,0.7545264614952936
2579,187,746,12,0.8600000000000014,0.01,0.013899550981264799,0.7588813051264337
2580,44,174,2,-0.5699999999999998,0.01,0.030353821157901126,0.7668510729616339
2581,197,787,13,0.9600000000000015,0.01,0.018802147705526073,0.76287207798082
2582,440,1757,29,3.389999999999951,0.01,0.02028677340025421,0.7464773514054038
2583,92,368,6,-0.08999999999999941,0.01,0.017166236445874623,0.7357071482616923
2584,322,1288,21,2.2099999999999755,0.01,0.012661832600133493,0.74738879352808
2585,285,1140,19,1.8399999999999834,0.01,0.018942495463610005,0.7396650943491194
2586,237,945,15,1.3599999999999937,0.01,0.022275483184415152,0.7444719601485689
2587,408,1632,27,3.0699999999999577,0.01,0.0164686586381411,0.7547964336825352
2588,78,311,5,-0.22999999999999954,0.01,0.012378961570855034,0.7574699050501773
2589,48,189,3,-0.5299999999999998,0.01,0.020645082637201995,0.7525947839021683
2590,23,92,1,-0.7799999999999999,0.01,0.014415244145008424,0.7711984912554423
2591,221,882,14,1.199999999999997,0.01,0.015311510022729635,0.7547734954140403
2592,210,838,13,1.0899999999999994,0.01,0.01991626178793047,0.7451210528049829
2593,85,338,5,-0.15999999999999948,0.01,0.007213060655409382,0.7517979400498527
2594,388,1551,25,2.8699999999999615,0.01,0.01408639054663825,0.7594625624184755
2595,73,289,4,-0.2799999999999996,0.01,0.020641148400803406,0.778657058874766
2596,63,252,4,-0.37999999999999967,0.01,0.0153120110189775,0.7604855708777905
2597,25,99,1,-0.7599999999999999,0.01,0.003067635465413332,0.7609298427899679
2598,101,402,6,6.661338147750939e-16,0.01,0.024287514433336373,0.7462815481882829
2599,286,1142,19,1.8499999999999832,0.01,0.017514422139100417,0.7477151810283392
2600,362,1448,24,2.609999999999967,0.01,0.017057402598016618,0.7421449042938568
2601,215,858,14,1.1399999999999983,0.01,0.02705313652788974,0.7300075562495105
2602,66,264,4,-0.34999999999999964,0.01,0.020481677945045865,0.7396732849233291
2603,196,783,13,0.9500000000000015,0.01,0.01699292123298712,0.7456039141635505
2604,158,630,10,0.5700000000000012,0.01,0.01499269974943346,0.7454612086980771
2605,62,247,4,-0.3899999999999997,0.01,0.016216714633628726,0.7293817140161991
2606,137,548,9,0.360000000000001,0.01,0.020044972312034053,0.7442719866247738
2607,234,936,15,1.3299999999999943,0.01,0.007313127678787431,0.747148432974088
2608,134,533,8,0.33000000000000096,0.01,0.020271695000260617,0.7409756328120376
2609,412,1647,27,3.109999999999957,0.01,0.016954342839172454,0.7325105846506877
2610,133,532,8,0.32000000000000095,0.01,0.02148086313073608,0.7086420348196318
2611,169,675,11,0.6800000000000013,0.01,0.016473565997859072,0.717775845250418
2612,136,543,9,0.350000000000001,0.01,0.01451037680346738,0.7257350209881278
2613,123,490,8,0.22000000000000086,0.01,0.011114876461215317,0.7187038501103719
2614,138,549,9,0.370000000000001,0.01,0.011148864130622575,0.7209511126790727
2615,250,998,16,1.4899999999999909,0.01,0.017669715199454296,0.7158219593186532
2616,234,933,15,1.3299999999999943,0.01,0.015588712929826925,0.713881706787368
2617,229,916,15,1.2799999999999954,0.01,0.02165344400993107,0.6985707293476975
2618,155,618,10,0.5400000000000011,0.01,0.015195176488934802,0.6925046153557606
2619,204,814,13,1.0300000000000007,0.01,0.017707366939159294,0.7072755764512455
2620,329,1313,21,2.279999999999974,0.01,0.014895398514742805,0.7126211531278563
2621,101,402,6,6.661338147750939e-16,0.01,0.025981422336772083,0.6993488979339599
2622,246,984,16,1.4499999999999917,0.01,0.014162707551863165,0.7122751022538831
2623,247,985,16,1.4599999999999915,0.01,0.016429110253680376,0.7052248408717494
2624,136,541,9,0.350000000000001,0.01,0.021002066807876175,0.7128578126430511
2625,261,1044,17,1.5999999999999885,0.01,0.014989514609512228,0.7093823469602145
2626,267,1068,17,1.6599999999999873,0.01,0.013090020671153247,0.7189505376032929
2627,206,822,13,1.0500000000000003,0.01,0.014855411008694301,0.6980656665914199
2628,67,268,4,-0.33999999999999964,0.01,0.018942883744945422,0.7085279576918658
2629,78,309,5,-0.22999999999999954,0.01,0.02348799009709374,0.7142314754034343
2630,63,250,4,-0.37999999999999967,0.01,0.008225936515373178,0.7127570696175098
2631,232,925,15,1.3099999999999947,0.01,0.015829488205530776,0.7096168183047196
2632,77,308,5,-0.23999999999999955,0.01,0.02216931483953407,0.7028447013152274
2633,71,281,4,-0.2999999999999996,0.01,0.01487921308984773,0.7091457711325752
2634,73,289,4,-0.2799999999999996,0.01,0.012702776028567718,0.7175686293178134
2635,135,539,8,0.34000000000000097,0.01,0.011963188764639199,0.7151016347548541
2636,248,989,16,1.4699999999999913,0.01,0.01099039729489314,0.7156454132449243
2637,125,499,8,0.24000000000000088,0.01,0.00922981019116818,0.7377007526736106
2638,32,126,2,-0.69,0.01,0.01244288802263327,0.7145608738064766
2639,293,1170,19,1.9199999999999817,0.01,0.009784594462945353,0.7128618891174728
2640,70,279,4,-0.3099999999999996,0.01,0.01064769466243246,0.7298749019117916
2641,307,1227,20,2.0599999999999787,0.01,0.0156078573419144,0.7112164350299092
2642,141,561,9,0.400000000000001,0.01,0.006235493559922491,0.7165313754762922
2643,106,423,7,0.05000000000000071,0.01,0.01853731858406078,0.7047953870561388
2644,163,649,10,0.6200000000000012,0.01,0.01573899124050513,0.7052583903074264
2645,108,432,7,0.07000000000000073,0.01,0.010465019438588232,0.6872407352482831
2646,279,1115,18,1.7799999999999847,0.01,0.015873506162980836,0.6865128074373518
2647,255,1019,16,1.5399999999999898,0.01,0.012484674156439723,0.6811326229944825
2648,78,312,5,-0.22999999999999954,0.01,0.021987087338378553,0.6788194901064822
2649,373,1491,24,2.7199999999999647,0.01,0.01741384382438945,0.6740123185705631
2650,134,533,8,0.33000000000000096,0.01,0.021855942135902518,0.6564766132470333
2651,227,907,15,1.2599999999999958,0.01,0.01303725728863164,0.6688056284921211
2652,111,442,7,0.10000000000000075,0.01,0.017867668989180987,0.6555647211415427
2653,106,424,7,0.05000000000000071,0.01,0.009252545459625812,0.672599230821316
2654,86,343,5,-0.14999999999999947,0.01,0.01822056246667423,0.674352846362374
2655,151,604,10,0.5000000000000011,0.01,0.014115379267447704,0.6634214262704592
2656,236,941,15,1.3499999999999939,0.01,0.018585699318387244,0.6629485255580837
2657,314,1255,20,2.1299999999999772,0.01,0.01672838431564926,0.6637956854663317
2658,322,1285,21,2.2099999999999755,0.01,0.013641795724106487,0.6634023107588292
2659,130,519,8,0.2900000000000009,0.01,0.009945116517359786,0.6805320797544537
2660,182,728,12,0.8100000000000014,0.01,0.015538322744477126,0.6637639986144172
2661,284,1134,18,1.8299999999999836,0.01,0.010922001768231496,0.6662864567528308
2662,301,1203,20,1.99999999999998,0.01,0.015088098992189197,0.6654258778220729
2663,351,1404,23,2.4999999999999694,0.01,0.01953802292165614,0.6652485228132927
2664,178,709,11,0.7700000000000014,0.01,0.019650450374724137,0.6676959978209601
2665,298,1192,19,1.9699999999999807,0.01,0.018976730283513363,0.6721177431377204
2666,413,1651,27,3.1199999999999566,0.01,0.014048788875627976,0.6738857254385948
2667,310,1239,20,2.089999999999978,0.01,0.01891410948902175,0.6776142391291532
2668,188,752,12,0.8700000000000014,0.01,0.017333775659666418,0.6842253816888687
2669,119,475,7,0.18000000000000083,0.01,0.023615908607219658,0.6772268394629161
2670,98,390,6,-0.02999999999999936,0.01,0.017626930367744837,0.6747537230451902
2671,114,453,7,0.13000000000000078,0.01,0.011978025861277148,0.680388672598477
2672,112,447,7,0.11000000000000076,0.01,0.01817521160618136,0.6799649894237518
2673,119,476,7,0.18000000000000083,0.01,0.015854741143994034,0.6888937056064606
2674,165,660,11,0.6400000000000012,0.01,0.009484525690445812,0.6611779055944303
2675,121,482,8,0.20000000000000084,0.01,0.010957456876834233,0.6578702509403229
2676,322,1287,21,2.2099999999999755,0.01,0.011460760524956348,0.6574272675278746
2677,134,536,8,0.33000000000000096,0.01,0.012864962678797769,0.6581988497213884
2678,55,217,3,-0.45999999999999974,0.01,0.009058171650394797,0.6746872918946403
2679,49,196,3,-0.5199999999999998,0.01,0.013990111047557244,0.6407896826664606
2680,143,571,9,0.42000000000000104,0.01,0.010778106283396482,0.6579102410210503
2681,321,1283,21,2.1999999999999758,0.01,0.016443139042530676,0.6762985579669476
2682,218,870,14,1.1699999999999977,0.01,0.02144994292069565,0.6724204247648066
2683,137,546,9,0.360000000000001,0.01,0.02632488395251772,0.6718712238704457
2684,211,841,14,1.0999999999999992,0.01,0.021869418360644353,0.6665790901993806
2685,338,1352,22,2.369999999999972,0.01,0.010479212465551904,0.6831143548091253
2686,101,403,6,6.661338147750939e-16,0.01,0.013469921415671706,0.6819362378120423
2687,56,221,3,-0.44999999999999973,0.01,0.007528830826881209,0.6884185033185142
2688,204,814,13,1.0300000000000007,0.01,0.013055789261581558,0.6887903330372829
2689,201,801,13,1.0000000000000013,0.01,0.019840245662421426,0.6771186683692184
2690,191,764,12,0.9000000000000015,0.01,0.011595901299981361,0.6835242040613865
2691,82,328,5,-0.1899999999999995,0.01,0.015164222446314636,0.6844420830408732
2692,30,118,1,-0.71,0.01,0.0033630795244659695,0.6989428741591317
2693,80,317,5,-0.20999999999999952,0.01,0.017840891890227795,0.7065297722816467
2694,316,1263,21,2.149999999999977,0.01,0.013903368551790998,0.6976475610008722
2695,67,266,4,-0.33999999999999964,0.01,0.020783142042894137,0.7046900812317344
2696,33,129,2,-0.6799999999999999,0.01,0.012975047546206042,0.7069341018795967
2697,123,491,8,0.22000000000000086,0.01,0.01615330672657658,0.6991263147323362
2698,257,1028,17,1.5599999999999894,0.01,0.012577902853081468,0.7075455691665411
2699,136,542,9,0.350000000000001,0.01,0.011892877984791994,0.7087339530972874
2700,54,214,3,-0.46999999999999975,0.01,0.0194287945549669,0.6972786315849849
2701,179,714,11,0.7800000000000014,0.01,0.02101650479146176,0.690926398171319
2702,294,1175,19,1.9299999999999815,0.01,0.0133318821644436,0.6972313384487204
2703,164,653,10,0.6300000000000012,0.01,0.015348676044107756,0.699418925657505
2704,122,485,8,0.21000000000000085,0.01,0.013242486879349716,0.711649687059464
2705,199,795,13,0.9800000000000015,0.01,0.01901289779094181,0.6908870862454785
2706,68,272,4,-0.3299999999999996,0.01,0.018237783710527068,0.6760285040911507
2707,146,581,9,0.45000000000000107,0.01,0.011607675017109392,0.6816249215925062
2708,152,608,10,0.5100000000000011,0.01,0.011375262849277964,0.6894925126903936
2709,72,288,4,-0.2899999999999996,0.01,0.0099917581020337,0.6801265908612145
2710,178,712,11,0.7700000000000014,0.01,0.01044393655452454,0.6900538477030668
2711,166,663,11,0.6500000000000012,0.01,0.01759335584938526,0.6878473361333212
2712,410,1638,27,3.0899999999999572,0.01,0.015904554589331953,0.6850755746458091
2713,77,307,5,-0.23999999999999955,0.01,0.008590805425774306,0.6903385400772095
2714,76,303,5,-0.24999999999999956,0.01,0.01323917310219258,0.6741825844112196
2715,157,628,10,0.5600000000000012,0.01,0.01624876133297594,0.6808145688130305
2716,59,235,3,-0.4199999999999997,0.01,0.0072635305812582375,0.6826181689898173
2717,138,551,9,0.370000000000001,0.01,0.02017105292693219,0.6770836483029758
2718,172,688,11,0.7100000000000013,0.01,0.014698870117277947,0.682775734468948
2719,182,726,12,0.8100000000000014,0.01,0.019992377436922296,0.6864701729753743
2720,113,449,7,0.12000000000000077,0.01,0.014969248278898053,0.6880279715572085
2721,270,1080,18,1.6899999999999866,0.01,0.013677716336852467,0.6942472386716018
2722,9,35,0,-0.92,0.01,0.003140052780508995,0.6822413206100464
2723,128,511,8,0.2700000000000009,0.01,0.015752488132420694,0.6882854010909796
2724,295,1178,19,1.9399999999999813,0.01,0.016483023840844734,0.6898903732430445
2725,147,586,9,0.4600000000000011,0.01,0.018496626151121548,0.6940567783407263
2726,181,722,12,0.8000000000000014,0.01,0.008261761625504328,0.6962509234746297
2727,374,1493,24,2.7299999999999645,0.01,0.013047895623380913,0.6916659981646436
2728,79,316,5,-0.21999999999999953,0.01,0.01394229976576753,0.7034172922372818
2729,284,1134,18,1.8299999999999836,0.01,0.014110481892843587,0.6872897542698283
2730,137,546,9,0.360000000000001,0.01,0.011627397565034163,0.7057861002052531
2731,267,1066,17,1.6599999999999873,0.01,0.013743121303798659,0.7028724826983551
2732,77,306,5,-0.23999999999999955,0.01,0.013803169535669057,0.6854249646789149
2733,141,561,9,0.400000000000001,0.01,0.014311462028750352,0.6970187527792794
2734,194,774,12,0.9300000000000015,0.01,0.012545417861214705,0.6914910978200485
2735,168,671,11,0.6700000000000013,0.01,0.018442097219771574,0.7006199799832844
2736,91,362,6,-0.09999999999999942,0.01,0.018292881675403227,0.7144712805747986
2737,279,1114,18,1.7799999999999847,0.01,0.008762615992288504,0.7157113722392491
2738,72,287,4,-0.2899999999999996,0.01,0.010670979985863797,0.7141860392358568
2739,183,729,12,0.8200000000000014,0.01,0.009711498812185195,0.7199712317922841
2740,272,1085,18,1.7099999999999862,0.01,0.01853259339558837,0.712750503245522
2741,99,393,6,-0.01999999999999935,0.01,0.015049610938876867,0.7089588809013366
2742,212,848,14,1.109999999999999,0.01,0.022834628385509242,0.7409821714995042
2743,90,360,6,-0.10999999999999943,0.01,0.01368110963482071,0.7289035753770308
2744,129,516,8,0.2800000000000009,0.01,0.013377829593082424,0.7422835361212492
2745,175,699,11,0.7400000000000013,0.01,0.01905961122776551,0.7391666946086016
2746,213,850,14,1.1199999999999988,0.01,0.01884071448958426,0.735726240670906
2747,297,1188,19,1.9599999999999809,0.01,0.018762294958966474,0.7376152499516805
2748,254,1016,16,1.52999999999999,0.01,0.011873028756651496,0.7448810982325721
2749,33,129,2,-0.6799999999999999,0.01,0.025609606673242524,0.7398319691419601
2750,68,272,4,-0.3299999999999996,0.01,0.01689690856865662,0.7362885510220247
2751,67,267,4,-0.33999999999999964,0.01,0.02877483144402504,0.7241230887525222
2752,185,737,12,0.8400000000000014,0.01,0.01858570350020233,0.7475817942101023
2753,307,1227,20,2.0599999999999787,0.01,0.01967796991585282,0.7401050948477411
2754,130,518,8,0.2900000000000009,0.01,0.022674425356936725,0.6948799797982881
2755,187,745,12,0.8600000000000014,0.01,0.030555247987175117,0.7005412734073141
2756,357,1427,23,2.559999999999968,0.01,0.011394589612933083,0.7010779692067041
2757,220,879,14,1.1899999999999973,0.01,0.016717726813459937,0.7019175128503279
2758,196,782,13,0.9500000000000015,0.01,0.009961148331949145,0.7127308310294638
2759,58,231,3,-0.4299999999999997,0.01,0.020074827563283697,0.7051625336919513
2760,65,259,4,-0.35999999999999965,0.01,0.019141005832352675,0.7027760893106461
2761,31,124,2,-0.7,0.01,0.019870358984917402,0.7225950285792351
2762,176,702,11,0.7500000000000013,0.01,0.01157305626177483,0.7070309587500312
2763,166,664,11,0.6500000000000012,0.01,0.01411867250932292,0.7134232322374979
2764,171,682,11,0.7000000000000013,0.01,0.012712538261742642,0.710987218788692
2765,224,894,14,1.2299999999999964,0.01,0.012137261080040065,0.7074710737381663
2766,110,439,7,0.09000000000000075,0.01,0.009942751332086377,0.698507051382746
2767,142,568,9,0.41000000000000103,0.01,0.012832269508258573,0.686225768498012
2768,149,596,9,0.4800000000000011,0.01,0.02070548951834146,0.6950473126612211
2769,139,555,9,0.380000000000001,0.01,0.021312452198745793,0.6885176160756279
2770,364,1456,24,2.6299999999999666,0.01,0.018796502801865993,0.6860518560304747
2771,76,301,5,-0.24999999999999956,0.01,0.013706190683143703,0.6745483781162062
2772,120,477,7,0.19000000000000083,0.01,0.01767876206431538,0.7052017649014791
2773,127,508,8,0.2600000000000009,0.01,0.016877288740943186,0.6998079959303141
2774,169,673,11,0.6800000000000013,0.01,0.01430697499364171,0.702669301203319
2775,160,638,10,0.5900000000000012,0.01,0.020861940656322984,0.6900811597704888
2776,25,98,1,-0.7599999999999999,0.01,0.026180334289425185,0.6923634665352958
2777,112,445,7,0.11000000000000076,0.01,0.0110550825484097,0.6897252819367817
2778,63,249,4,-0.37999999999999967,0.01,0.015192881350715955,0.691438631216685
2779,536,2141,35,4.34999999999993,0.01,0.01069565936262761,0.691626291666458
2780,127,505,8,0.2600000000000009,0.01,0.01060194913225132,0.6829576417803764
2781,436,1744,29,3.3499999999999517,0.01,0.01907474285102697,0.6760557709483925
2782,288,1151,19,1.8699999999999828,0.01,0.029845859244232997,0.6880978776348962
2783,430,1719,28,3.289999999999953,0.01,0.011101712918995569,0.7125677107660858
2784,189,754,12,0.8800000000000014,0.01,0.018924036680007392,0.7081108194716433
2785,121,482,8,0.20000000000000084,0.01,0.00943559492783,0.7189659138520559
2786,172,687,11,0.7100000000000013,0.01,0.020502552338659243,0.7103579044342041
2787,278,1109,18,1.769999999999985,0.01,0.02172113292285108,0.7198281075273242
2788,37,148,2,-0.6399999999999999,0.01,0.03299277304257783,0.6862597134378221
2789,409,1634,27,3.0799999999999574,0.01,0.015497951982908096,0.7098303261925193
2790,157,626,10,0.5600000000000012,0.01,0.014481623537647419,0.7086714383883354
2791,19,73,1,-0.82,0.01,0.05447011906653643,0.7202733993530274
2792,208,829,13,1.0699999999999998,0.01,0.019038679127473958,0.7098049211960572
2793,209,836,13,1.0799999999999996,0.01,0.009905334853101522,0.7136929161273516
2794,345,1378,22,2.4399999999999706,0.01,0.020680708596589922,0.7017621939209686
2795,260,1039,17,1.5899999999999888,0.01,0.01607470096518787,0.7045472392669091
2796,137,547,9,0.360000000000001,0.01,0.010770590927944901,0.6965970204156988
2797,370,1480,24,2.6899999999999653,0.01,0.01887298822175185,0.6869788739992224
2798,150,597,9,0.4900000000000011,0.01,0.021981466702479673,0.6905480591874373
2799,242,967,16,1.4099999999999926,0.01,0.016315174554862703,0.6825824826955795
2800,191,763,12,0.9000000000000015,0.01,0.021978107009393472,0.6880277035137018
2801,151,603,10,0.5000000000000011,0.01,0.009843692716554199,0.6778240611678675
2802,203,810,13,1.020000000000001,0.01,0.01671197146460341,0.6705532167472091
2803,220,879,14,1.1899999999999973,0.01,0.02387619113380259,0.676132327860052
2804,148,589,9,0.4700000000000011,0.01,0.011671130583193657,0.6858358673147253
2805,250,999,16,1.4899999999999909,0.01,0.017336892594973886,0.6701603733724163
2806,83,331,5,-0.1799999999999995,0.01,0.017132433064814125,0.6771481604803176
2807,111,444,7,0.10000000000000075,0.01,0.010386429095108594,0.679456182888576
2808,321,1281,21,2.1999999999999758,0.01,0.02012929492047988,0.6680605620145798
2809,146,581,9,0.45000000000000107,0.01,0.0072772978423422,0.6678856793377135
2810,203,812,13,1.020000000000001,0.01,0.010603181572685786,0.6758969040477977
2811,166,662,11,0.6500000000000012,0.01,0.01907292242893683,0.6698372406618935
2812,159,633,10,0.5800000000000012,0.01,0.013869463107906856,0.6703759385989263
2813,249,995,16,1.479999999999991,0.01,0.023416058077210828,0.6586590503889417
2814,52,205,3,-0.48999999999999977,0.01,0.012810097273009328,0.6585116065465487
2815,110,440,7,0.09000000000000075,0.01,0.014020456328850102,0.6582094055634958
2816,205,818,13,1.0400000000000005,0.01,0.011967587823449982,0.6711529014157314
2817,217,868,14,1.159999999999998,0.01,0.019318158336153083,0.6659844550219449
2818,134,534,8,0.33000000000000096,0.01,0.01596807625680936,0.678535161596356
2819,50,197,3,-0.5099999999999998,0.01,0.005453154570064866,0.6567591795554528
2820,322,1285,21,2.2099999999999755,0.01,0.02002445991965942,0.6717732273042202
2821,109,434,7,0.08000000000000074,0.01,0.012787162464250016,0.670977791150411
2822,167,666,11,0.6600000000000013,0.01,0.011760483473716747,0.6704776613485246
2823,146,583,9,0.45000000000000107,0.01,0.014979994490843368,0.6662765870223174
2824,180,720,12,0.7900000000000014,0.01,0.01578334760852158,0.672572041882409
2825,59,236,3,-0.4199999999999997,0.01,0.02807977449681078,0.6643733254500798
2826,131,524,8,0.30000000000000093,0.01,0.021657548005212888,0.6553192427664092
2827,239,956,15,1.3799999999999932,0.01,0.016645780609299738,0.6723523845275243
2828,238,950,15,1.3699999999999934,0.01,0.01840998263145655,0.6700944819692838
2829,128,510,8,0.2700000000000009,0.01,0.018946290940220933,0.6658665016293526
2830,338,1350,22,2.369999999999972,0.01,0.016285702534129514,0.6599357373574201
2831,201,803,13,1.0000000000000013,0.01,0.008943533264100552,0.6685155081748962
2832,148,590,9,0.4700000000000011,0.01,0.005165511358378304,0.6635192342706628
2833,234,934,15,1.3299999999999943,0.01,0.010543548845354531,0.6624081902584787
2834,135,540,9,0.34000000000000097,0.01,0.012343762347220698,0.6563339847506899
2835,216,862,14,1.1499999999999981,0.01,0.01014024531468749,0.6675621436701881
2836,63,249,4,-0.37999999999999967,0.01,0.0030866027664160356,0.6755685470998287
2837,248,992,16,1.4699999999999913,0.01,0.011210629303428915,0.6616081066669957
2838,316,1263,21,2.149999999999977,0.01,0.013954940894500742,0.6622190769714645
2839,237,948,15,1.3599999999999937,0.01,0.02044746491434526,0.6621602985818508
2840,204,814,13,1.0300000000000007,0.01,0.009821330142371795,0.6739141672265296
2841,108,432,7,0.07000000000000073,0.01,0.019086194500603056,0.6532823597943341
2842,193,769,12,0.9200000000000015,0.01,0.013284941037584628,0.6665198012274138
2843,129,513,8,0.2800000000000009,0.01,0.006715058283589315,0.6648642141371965
2844,162,647,10,0.6100000000000012,0.01,0.008862346337991767,0.6723677948117256
2845,311,1241,20,2.099999999999978,0.01,0.018138608814646993,0.6659784660889552
2846,140,558,9,0.390000000000001,0.01,0.01962292751829539,0.6753195745604379
2847,185,740,12,0.8400000000000014,0.01,0.013661434291861951,0.6759323814640874
2848,154,615,10,0.5300000000000011,0.01,0.018247986576543786,0.6742024574524317
2849,20,80,1,-0.8099999999999999,0.01,0.04311781763099134,0.682968008518219
2850,184,735,12,0.8300000000000014,0.01,0.015486829716752729,0.6766190917595573
2851,396,1581,26,2.9499999999999598,0.01,0.01566103529867086,0.6708852985892633
2852,125,500,8,0.24000000000000088,0.01,0.007337328707498889,0.6698501879169095
2853,105,419,6,0.0400000000000007,0.01,0.011809735209681094,0.656662947856463
2854,117,465,7,0.1600000000000008,0.01,0.007123439964683106,0.6616509874661763
2855,148,590,9,0.4700000000000011,0.01,0.021840882097446435,0.6629183743451093
2856,277,1105,18,1.7599999999999851,0.01,0.009164156948985614,0.6707212182058804
2857,128,509,8,0.2700000000000009,0.01,0.009726277916342951,0.6793037261813879
2858,319,1275,21,2.179999999999976,0.01,0.015547807546681724,0.67178268507123
2859,212,847,14,1.109999999999999,0.01,0.02148918445960109,0.6583094326954968
2860,128,509,8,0.2700000000000009,0.01,0.01518413635858451,0.6696585696190596
2861,169,675,11,0.6800000000000013,0.01,0.012979157953633972,0.6684978448209309
2862,286,1143,19,1.8499999999999832,0.01,0.012475971499799003,0.6697274622782855
2863,420,1679,27,3.189999999999955,0.01,0.019418466950411953,0.6613083896182832
2864,345,1380,23,2.4399999999999706,0.01,0.016817856169220102,0.6613795010522864
2865,50,198,3,-0.5099999999999998,0.01,0.00858098357760658,0.6778020113706589
2866,233,930,15,1.3199999999999945,0.01,0.01631031191610763,0.656567821214939
2867,108,431,7,0.07000000000000073,0.01,0.014292729289822833,0.6592799977019981
2868,155,619,10,0.5400000000000011,0.01,0.014326550448552156,0.648503242394863
2869,9,36,0,-0.92,0.01,0.003629782237112522,0.6886993944644928
2870,162,648,10,0.6100000000000012,0.01,0.010716931553693807,0.6660498162595238
2871,31,121,2,-0.7,0.01,0.013806456059683114,0.6561079546809196
2872,321,1282,21,2.1999999999999758,0.01,0.016861153932404706,0.6648675963282585
2873,150,600,10,0.4900000000000011,0.01,0.015845242720978283,0.6621722836752195
2874,202,805,13,1.0100000000000011,0.01,0.0068412282362616825,0.6633608878827563
2875,253,1009,16,1.5199999999999902,0.01,0.01465185830325243,0.6585219284844777
2876,122,486,8,0.21000000000000085,0.01,0.02101844160877649,0.6494393367921153
2877,299,1193,19,1.9799999999999804,0.01,0.016879316222715518,0.6536762327761263
2878,515,2060,34,4.139999999999935,0.01,0.014982114629025838,0.6501495500867681
2879,126,503,8,0.2500000000000009,0.01,0.007617240062245401,0.6429798994213343
2880,144,573,9,0.43000000000000105,0.01,0.019480390027941514,0.6475410345527861
2881,124,496,8,0.23000000000000087,0.01,0.012386422792089081,0.6482293259712958
2882,109,433,7,0.08000000000000074,0.01,0.013476601176619253,0.652110876860442
2883,29,113,1,-0.72,0.01,0.004031618059213672,0.6505882399422782
2884,185,737,12,0.8400000000000014,0.01,0.012610605166232943,0.659758641667988
2885,139,555,9,0.380000000000001,0.01,0.021856883321223514,0.6518336858068193
2886,168,670,11,0.6700000000000013,0.01,0.015882595068043365,0.6485991222517831
2887,156,623,10,0.5500000000000012,0.01,0.018904271547515422,0.6554663532819504
2888,210,840,14,1.0899999999999994,0.01,0.01013006014916343,0.651783139075873
2889,151,603,10,0.5000000000000011,0.01,0.017012783483526594,0.6450266515886461
2890,87,348,5,-0.13999999999999946,0.01,0.026271420044147155,0.6451754597100344
2891,80,318,5,-0.20999999999999952,0.01,0.015554551733657718,0.6357088714838028
2892,108,432,7,0.07000000000000073,0.01,0.006107831248772089,0.641927425508146
2893,142,565,9,0.41000000000000103,0.01,0.018390314310737368,0.6436973495615853
2894,398,1589,26,2.9699999999999593,0.01,0.012746240155809004,0.6415169245064861
2895,191,762,12,0.9000000000000015,0.01,0.013558110391992765,0.6501303352415562
2896,119,475,7,0.18000000000000083,0.01,0.027397661380625018,0.6435239136219024
2897,107,427,7,0.06000000000000072,0.01,0.007210329649611735,0.6461531474040105
2898,126,504,8,0.2500000000000009,0.01,0.010409556271042675,0.646114045754075
2899,130,519,8,0.2900000000000009,0.01,0.012615017643838655,0.6498635020107031
2900,297,1186,19,1.9599999999999809,0.01,0.016629170298886796,0.6443325233459473
2901,96,383,6,-0.04999999999999938,0.01,0.008058356257000318,0.6809875071048737
2902,76,304,5,-0.24999999999999956,0.01,0.01714134492029093,0.6768261319712588
2903,107,426,7,0.06000000000000072,0.01,0.019501116296921212,0.6729227075209985
2904,71,282,4,-0.2999999999999996,0.01,0.006673104375497335,0.6966467731528811
2905,213,852,14,1.1199999999999988,0.01,0.017675750126693188,0.669279823888023
2906,269,1076,17,1.6799999999999868,0.01,0.019405536290244472,0.6774301362388274
2907,160,640,10,0.5900000000000012,0.01,0.011496131221065298,0.6728998869657516
2908,199,796,13,0.9800000000000015,0.01,0.015641990744945954,0.6699814249058159
2909,306,1223,20,2.049999999999979,0.01,0.014409239532413905,0.6710173990819361
2910,267,1068,17,1.6599999999999873,0.01,0.016161876490840048,0.6692603212683949
2911,116,464,7,0.1500000000000008,0.01,0.0093338429678938,0.6759993413399006
2912,138,552,9,0.370000000000001,0.01,0.01549115386339562,0.6809085029013017
2913,211,843,14,1.0999999999999992,0.01,0.01274691989100626,0.6781362958674161
2914,279,1115,18,1.7799999999999847,0.01,0.016804136147922172,0.6681701106684549
2915,177,705,11,0.7600000000000013,0.01,0.010830468897686595,0.6741584580052983
2916,203,811,13,1.020000000000001,0.01,0.014838963874853124,0.6725815955330344
2917,393,1571,26,2.9199999999999604,0.01,0.018017919500101814,0.6773402107005216
2918,421,1684,28,3.199999999999955,0.01,0.012639137474997413,0.6977520108222961
2919,147,587,9,0.4600000000000011,0.01,0.014774896078617187,0.6834847041078516
2920,36,143,2,-0.6499999999999999,0.01,0.011597171192988753,0.7034138043721517
2921,174,694,11,0.7300000000000013,0.01,0.00782396209285443,0.6854771334071492
2922,259,1034,17,1.579999999999989,0.01,0.01589461498034115,0.685277638068566
2923,151,603,10,0.5000000000000011,0.01,0.015904643116396312,0.6891695527653945
2924,81,323,5,-0.1999999999999995,0.01,0.010431716474704445,0.6798101842403412
2925,91,362,6,-0.09999999999999942,0.01,0.006076641299802324,0.6933657293734343
2926,480,1918,31,3.7899999999999423,0.01,0.010255700419656932,0.6864199792345365
2927,61,242,4,-0.3999999999999997,0.01,0.01187058313128849,0.7006169517834981
2928,223,891,14,1.2199999999999966,0.01,0.010598392103150087,0.7049348343695913
2929,69,273,4,-0.3199999999999996,0.01,0.0067105045035371885,0.7081204021678251
2930,192,765,12,0.9100000000000015,0.01,0.016421374668425415,0.6981749770541986
2931,122,488,8,0.21000000000000085,0.01,0.011397975624629086,0.701952088263727
2932,199,793,13,0.9800000000000015,0.01,0.011380269078119678,0.706467500754765
2933,152,607,10,0.5100000000000011,0.01,0.012160461714589283,0.7048859000205994
2934,168,669,11,0.6700000000000013,0.01,0.010626561180244954,0.7099322988873437
2935,203,809,13,1.020000000000001,0.01,0.013063479886006783,0.7001010424950543
2936,179,715,11,0.7800000000000014,0.01,0.01426080343986137,0.6992618640263876
2937,303,1211,20,2.0199999999999796,0.01,0.018526497300052524,0.7007250746614054
2938,291,1162,19,1.8999999999999821,0.01,0.011539924559959521,0.6986751506725947
2939,29,113,1,-0.72,0.01,0.023428388638421893,0.7102458477020264
2940,70,279,4,-0.3099999999999996,0.01,0.014868134468355599,0.7055189293973586
2941,62,246,4,-0.3899999999999997,0.01,0.015462511888472363,0.6866676956415176
2942,250,999,16,1.4899999999999909,0.01,0.021875959023037145,0.6909897087081787
2943,238,952,15,1.3699999999999934,0.01,0.022734620036014046,0.6781712035338084
2944,91,364,6,-0.09999999999999942,0.01,0.009619925022971902,0.7088172950527885
2945,125,497,8,0.24000000000000088,0.01,0.02407185205811402,0.7029782105237246
2946,316,1264,21,2.149999999999977,0.01,0.010917070740244434,0.7180349955075904
2947,248,992,16,1.4699999999999913,0.01,0.014727444637701996,0.7064106127908153
2948,145,580,9,0.44000000000000106,0.01,0.01739868630344669,0.7105803423457675
2949,251,1004,16,1.4999999999999907,0.01,0.020040907612484362,0.6994441823353843
2950,195,778,12,0.9400000000000015,0.01,0.013362621354948109,0.7000645908216635
2951,40,157,2,-0.6099999999999999,0.01,0.026186951785348356,0.6937200546264648
2952,133,532,8,0.32000000000000095,0.01,0.014277976697913426,0.7071590020376093
2953,125,498,8,0.24000000000000088,0.01,0.020696927733238665,0.698484968754553
2954,429,1714,28,3.279999999999953,0.01,0.01333731380138964,0.7006654182327128
2955,217,865,14,1.159999999999998,0.01,0.01572205659855778,0.707087595153738
2956,74,294,4,-0.2699999999999996,0.01,0.019152878048388583,0.7047587005715621
2957,294,1173,19,1.9299999999999815,0.01,0.012202411448289577,0.7095249417709978
2958,304,1215,20,2.0299999999999794,0.01,0.01786759714013897,0.694542175845096
2959,339,1356,22,2.379999999999972,0.01,0.018396999004899578,0.7338063310174381
2960,159,636,10,0.5800000000000012,0.01,0.016650088704773226,0.7346973493695259
2961,247,987,16,1.4599999999999915,0.01,0.01336083079372803,0.7337982587275966
2962,289,1156,19,1.8799999999999826,0.01,0.025225182814109657,0.7287097805076175
2963,181,724,12,0.8000000000000014,0.01,0.019058724854969317,0.7183429188198514
2964,243,969,16,1.4199999999999924,0.01,0.012725080107720416,0.7067092569147955
2965,262,1046,17,1.6099999999999883,0.01,0.01447062271181494,0.6998903980621924
2966,143,569,9,0.42000000000000104,0.01,0.010415609014065316,0.705907455748982
2967,46,183,3,-0.5499999999999998,0.01,0.030812524220285315,0.6951713164647421
2968,258,1029,17,1.5699999999999892,0.01,0.01836193369308603,0.7134397160261869
2969,462,1845,30,3.609999999999946,0.01,0.014942846254943389,0.7356861989045965
2970,24,93,1,-0.7699999999999999,0.01,0.0029027483348424235,0.7412112057209015
2971,256,1022,17,1.5499999999999896,0.01,0.01764691059361212,0.7315672254189849
2972,176,701,11,0.7500000000000013,0.01,0.022105843606616625,0.7244308482516896
2973,98,392,6,-0.02999999999999936,0.01,0.010847550889593549,0.7231053560972214
2974,153,610,10,0.5200000000000011,0.01,0.009484143897057757,0.7239004906855131
2975,24,96,1,-0.7699999999999999,0.01,0.013678627670742571,0.7264968057473501
2976,113,451,7,0.12000000000000077,0.01,0.007891058130992641,0.7222572914485273
2977,388,1549,25,2.8699999999999615,0.01,0.018756055436337116,0.7078651730547246
2978,218,870,14,1.1699999999999977,0.01,0.013623076443629409,0.7116401570814627
2979,307,1228,20,2.0599999999999787,0.01,0.022814328703642278,0.6975996943263264
2980,167,668,11,0.6600000000000013,0.01,0.01842561766361108,0.70840471131461
2981,292,1166,19,1.909999999999982,0.01,0.016187395438016075,0.7050356742453902
2982,281,1121,18,1.7999999999999843,0.01,0.014995191091605064,0.7141880750656128
2983,259,1036,17,1.579999999999989,0.01,0.01976579467837627,0.7264990650690519
2984,105,418,6,0.0400000000000007,0.01,0.005199379305570171,0.7338145283552316
2985,149,596,9,0.4800000000000011,0.01,0.02224075499091398,0.7299782955968702
2986,94,375,6,-0.0699999999999994,0.01,0.012055622554422976,0.7267681236068407
2987,22,88,1,-0.7899999999999999,0.01,0.017690284922719002,0.6860409736633301
2988,149,595,9,0.4800000000000011,0.01,0.02712853403283736,0.7158152283848943
2989,64,256,4,-0.36999999999999966,0.01,0.01695630828908179,0.7295264378190041
2990,100,399,6,-0.009999999999999343,0.01,0.016939526544883846,0.7256972861289978
2991,161,644,10,0.6000000000000012,0.01,0.012293594383929924,0.7250046919031841
2992,207,825,13,1.06,0.01,0.010838630269098953,0.7137387780582204
2993,334,1335,22,2.329999999999973,0.01,0.017587362830194513,0.7074713522479648
2994,194,774,12,0.9300000000000015,0.01,0.017552836220905494,0.7088183661301931
2995,229,916,15,1.2799999999999954,0.01,0.008948625195851743,0.7108344641225092
2996,119,475,7,0.18000000000000083,0.01,0.023224625977334278,0.7094367865858406
2997,199,794,13,0.9800000000000015,0.01,0.020246644646394998,0.7020525240898132
2998,67,265,4,-0.33999999999999964,0.01,0.006295022362952723,0.7146721166722915
2999,257,1028,17,1.5599999999999894,0.01,0.006731454355758615,0.7163424454629421
3000,137,545,9,0.360000000000001,0.01,0.01057780476506142,0.7117770244093502
3001,53,212,3,-0.47999999999999976,0.01,0.024476307302912965,0.6966804734298161
3002,146,582,9,0.45000000000000107,0.01,0.01227097454183321,0.7222743034362793
3003,202,808,13,1.0100000000000011,0.01,0.01340661589375825,0.7300942388235354
3004,347,1387,23,2.45999999999997,0.01,0.018999865408553633,0.7222589691017949
3005,130,519,8,0.2900000000000009,0.01,0.025267841047466252,0.7189890326875629
3006,75,300,5,-0.25999999999999956,0.01,0.014580860832019857,0.7116637669111553
3007,66,264,4,-0.34999999999999964,0.01,0.02482823513855692,0.7102683074772358
3008,346,1384,23,2.4499999999999704,0.01,0.0197983314818435,0.7462172885050719
3009,230,918,15,1.2899999999999952,0.01,0.009324294962234012,0.7598740259806315
3010,389,1554,25,2.8799999999999613,0.01,0.013733650813330464,0.7546809831845391
3011,158,629,10,0.5700000000000012,0.01,0.012153056467650459,0.7553351953625679
3012,233,932,15,1.3199999999999945,0.01,0.01907083060158866,0.7393854106294697
3013,216,862,14,1.1499999999999981,0.01,0.014619537292876177,0.745063849069454
3014,152,606,10,0.5100000000000011,0.01,0.01411898011390708,0.7536742640169043
3015,199,794,13,0.9800000000000015,0.01,0.02192987223621458,0.7359207797050477
3016,248,989,16,1.4699999999999913,0.01,0.018073199587243217,0.7452848563271184
3017,55,219,3,-0.45999999999999974,0.01,0.020424719899892807,0.7446408229214805
3018,156,621,10,0.5500000000000012,0.01,0.012133251439827757,0.7476845750441918
3019,226,902,15,1.249999999999996,0.01,0.02325367336327742,0.7381018017019544
3020,107,427,7,0.06000000000000072,0.01,0.017491605326843757,0.7433539452376189
3021,115,457,7,0.1400000000000008,0.01,0.010594104533083737,0.7425390194202292
3022,11,41,0,-0.9,0.01,0.003490868373773992,0.728720486164093
3023,237,948,15,1.3599999999999937,0.01,0.00871236002809989,0.7526323318481445
3024,15,60,1,-0.86,0.01,0.051981415677194796,0.7737452189127604
3025,183,731,12,0.8200000000000014,0.01,0.014692482186744557,0.7676873738351075
3026,219,873,14,1.1799999999999975,0.01,0.012441420906477353,0.7681772763078863
3027,95,380,6,-0.05999999999999939,0.01,0.0027577952520611384,0.7638479496041933
3028,219,873,14,1.1799999999999975,0.01,0.01585569480192606,0.7586327780176092
3029,134,533,8,0.33000000000000096,0.01,0.031813179402995634,0.7485851715592777
3030,199,796,13,0.9800000000000015,0.01,0.01644366992637515,0.7630342531204224
3031,53,209,3,-0.47999999999999976,0.01,0.023125341144175485,0.7588984049283541
3032,204,816,13,1.0300000000000007,0.01,0.019291655685496973,0.7679573998731726
3033,52,206,3,-0.48999999999999977,0.01,0.020224578463687345,0.7665174511762766
3034,431,1724,28,3.2999999999999527,0.01,0.016733739432378637,0.7613218586753916
3035,380,1517,25,2.789999999999963,0.01,0.019717066590429138,0.7687127445873462
3036,167,668,11,0.6600000000000013,0.01,0.01912888944739612,0.7717109395236503
3037,175,697,11,0.7400000000000013,0.01,0.0130212116478519,0.7658042596145109
3038,67,265,4,-0.33999999999999964,0.01,0.016520382261232418,0.7791105824358323
3039,281,1122,18,1.7999999999999843,0.01,0.010352788669323282,0.7721006768090385
3040,283,1130,18,1.8199999999999839,0.01,0.02221785022706633,0.7646738760907885
3041,91,361,6,-0.09999999999999942,0.01,0.016200865618884563,0.762799102327098
3042,154,615,10,0.5300000000000011,0.01,0.01434299285450068,0.7754815205147392
3043,375,1499,24,2.7399999999999642,0.01,0.015241285781078834,0.7721478064009484
3044,128,511,8,0.2700000000000009,0.01,0.016616097491350956,0.7743869125843048
3045,315,1257,20,2.139999999999977,0.01,0.01472458615014919,0.759581082983862
3046,55,220,3,-0.45999999999999974,0.01,0.008065595927361686,0.7698784837355981
3047,33,131,2,-0.6799999999999999,0.01,0.012890470162447955,0.761638343334198
3048,211,841,14,1.0999999999999992,0.01,0.016385652075629108,0.7565756795498041
3049,372,1488,24,2.709999999999965,0.01,0.018824915143771357,0.7564098591445595
3050,107,426,7,0.06000000000000072,0.01,0.00931479503331637,0.761176656793665
3051,174,694,11,0.7300000000000013,0.01,0.014550346553071657,0.7570226314392957
3052,115,457,7,0.1400000000000008,0.01,0.027378613852696226,0.7410334944725037
3053,180,717,11,0.7900000000000014,0.01,0.022383974339916474,0.7447671161757575
3054,279,1115,18,1.7799999999999847,0.01,0.020712474776831056,0.7469345050198691
3055,44,174,2,-0.5699999999999998,0.01,0.009353440889919346,0.7689525539224799
3056,162,646,10,0.6100000000000012,0.01,0.018814352607899685,0.747388679806779
3057,202,808,13,1.0100000000000011,0.01,0.016403979226015507,0.7665387582778931
3058,154,615,10,0.5300000000000011,0.01,0.019730952442981876,0.7611379760962266
3059,69,273,4,-0.3199999999999996,0.01,0.0232650857172249,0.7752966495121226
3060,214,853,14,1.1299999999999986,0.01,0.014720183579725618,0.767715297779947
3061,184,736,12,0.8300000000000014,0.01,0.011290313579830463,0.7669414644655974
3062,61,243,4,-0.3999999999999997,0.01,0.01589351348229684,0.7552019283175468
3063,144,575,9,0.43000000000000105,0.01,0.0227867097257533,0.7623715334468417
3064,211,842,14,1.0999999999999992,0.01,0.014579513186338143,0.7950510210715808
3065,41,163,2,-0.5999999999999999,0.01,0.019798798296092587,0.7907614978876981
3066,198,789,13,0.9700000000000015,0.01,0.01750955167606625,0.8013144269281504
3067,150,600,10,0.4900000000000011,0.01,0.015722050686906044,0.787807605768505
3068,181,722,12,0.8000000000000014,0.01,0.012394594101028309,0.7888321942753262
3069,374,1495,24,2.7299999999999645,0.01,0.019042602597525524,0.7956042860143928
3070,210,838,13,1.0899999999999994,0.01,0.02112225342963664,0.7998777099375455
3071,134,536,8,0.33000000000000096,0.01,0.009614540680283399,0.8192371924718221
3072,181,722,12,0.8000000000000014,0.01,0.013172029811160071,0.8055511039236317
3073,252,1008,16,1.5099999999999905,0.01,0.011116451909026456,0.8035078928584144
3074,129,516,8,0.2800000000000009,0.01,0.015244734306179453,0.8098379410803318
3075,257,1028,17,1.5599999999999894,0.01,0.018716405629675137,0.7931071082130075
3076,195,777,12,0.9400000000000015,0.01,0.0193882551737966,0.7908381965695596
3077,35,138,2,-0.6599999999999999,0.01,0.004289331587238444,0.8313880695237054
3078,217,865,14,1.159999999999998,0.01,0.016538286790751887,0.7986012984205175
3079,117,465,7,0.1600000000000008,0.01,0.02973083298300104,0.7934190898106016
3080,245,978,16,1.439999999999992,0.01,0.013046845831893018,0.8063185097741299
3081,229,914,15,1.2799999999999954,0.01,0.01675750129727711,0.7902837375114704
3082,122,487,8,0.21000000000000085,0.01,0.02459939062440147,0.7966065526008606
3083,291,1162,19,1.8999999999999821,0.01,0.010104779246556636,0.8035063572125892
3084,101,404,6,6.661338147750939e-16,0.01,0.023498605117201806,0.7937646746635437
3085,183,730,12,0.8200000000000014,0.01,0.021656225688512557,0.8062121958836265
3086,232,926,15,1.3099999999999947,0.01,0.016209235555363882,0.80594225587516
3087,214,853,14,1.1299999999999986,0.01,0.014599129983733566,0.7992616993076397
3088,160,640,10,0.5900000000000012,0.01,0.016435750701930374,0.7934570252895355
3089,184,736,12,0.8300000000000014,0.01,0.01573931051509293,0.800359986398531
3090,56,221,3,-0.44999999999999973,0.01,0.012861590699425765,0.7943845518997737
3091,266,1063,17,1.6499999999999875,0.01,0.022563008827838436,0.7914402111252742
3092,109,434,7,0.08000000000000074,0.01,0.02482260785203565,0.7718514005343119
3093,196,783,13,0.9500000000000015,0.01,0.015667024529444015,0.7827630432284608
3094,17,67,1,-0.84,0.01,0.005704040871933103,0.7685204446315765
3095,227,908,15,1.2599999999999958,0.01,0.01704625740010095,0.7912474996165225
3096,135,540,9,0.34000000000000097,0.01,0.011213325909064972,0.7917549890630385
3097,323,1289,21,2.2199999999999753,0.01,0.014831773117529574,0.7809763072449484
3098,161,643,10,0.6000000000000012,0.01,0.01829697727225721,0.7747638300061226
3099,72,285,4,-0.2899999999999996,0.01,0.016928879453593657,0.7768655088212755
3100,264,1055,17,1.629999999999988,0.01,0.01746336430325314,0.7734492827545513
3101,412,1645,27,3.109999999999957,0.01,0.016595688562623216,0.7733182710351296
3102,63,252,4,-0.37999999999999967,0.01,0.013775970510323532,0.7545487061142921
3103,279,1115,18,1.7799999999999847,0.01,0.02771365405667735,0.7479753166005232
3104,76,303,5,-0.24999999999999956,0.01,0.010673978365957737,0.7575178460070962
3105,240,959,15,1.389999999999993,0.01,0.014738092750000457,0.7631667762994766
3106,57,227,3,-0.4399999999999997,0.01,0.012771908550833662,0.7725602825482686
3107,151,602,10,0.5000000000000011,0.01,0.015692830117217994,0.7672307330208856
3108,98,391,6,-0.02999999999999936,0.01,0.0072887207195162776,0.7747707366943359
3109,144,576,9,0.43000000000000105,0.01,0.02080409912418367,0.7905442035860486
3110,86,342,5,-0.14999999999999947,0.01,0.01175057749441337,0.796110022635687
3111,80,319,5,-0.20999999999999952,0.01,0.022915731591638178,0.7930152624845505
3112,183,730,12,0.8200000000000014,0.01,0.024344554434166006,0.7809584127820056
3113,123,490,8,0.22000000000000086,0.01,0.011366743496769378,0.797272668730828
3114,110,438,7,0.09000000000000075,0.01,0.014205802706311698,0.7926417500884445
3115,185,737,12,0.8400000000000014,0.01,0.015930475493734504,0.7992863122453081
3116,138,552,9,0.370000000000001,0.01,0.015708457825787586,0.7943855190978331
3117,54,215,3,-0.46999999999999975,0.01,0.009884591097943485,0.7844455795628684
3118,223,889,14,1.2199999999999966,0.01,0.015764752339402385,0.796054744720459
3119,224,894,14,1.2299999999999964,0.01,0.014526227418433077,0.7800628032003131
3120,198,792,13,0.9700000000000015,0.01,0.016424387411680074,0.7803738522529602
3121,366,1462,24,2.649999999999966,0.01,0.014892746540871296,0.7870479691159594
3122,228,909,15,1.2699999999999956,0.01,0.006891548845982342,0.8045859232283475
3123,203,809,13,1.020000000000001,0.01,0.014375475363111963,0.802778373746311
3124,255,1018,16,1.5399999999999898,0.01,0.014708651709952392,0.79777492582798
3125,79,314,5,-0.21999999999999953,0.01,0.01341295632882975,0.8121915131807327
3126,51,202,3,-0.4999999999999998,0.01,0.016507155164921034,0.8064789523681005
3127,162,646,10,0.6100000000000012,0.01,0.021665310651836234,0.797881898356647
3128,182,726,12,0.8100000000000014,0.01,0.016816334416055016,0.8013524055480957
3129,159,634,10,0.5800000000000012,0.01,0.02081802499596961,0.808907413482666
3130,176,703,11,0.7500000000000013,0.01,0.01653789265864444,0.802672650326382
3131,339,1353,22,2.379999999999972,0.01,0.013325838962405481,0.803945413757773
3132,192,765,12,0.9100000000000015,0.01,0.01701612034230493,0.7902892865240574
3133,201,803,13,1.0000000000000013,0.01,0.02327130301622674,0.777874094247818
3134,126,502,8,0.2500000000000009,0.01,0.017515936448035063,0.7963507603853941
3135,72,288,4,-0.2899999999999996,0.01,0.0225420716451481,0.7935001850128174
3136,126,502,8,0.2500000000000009,0.01,0.015595908907632674,0.7897575805264134
3137,238,949,15,1.3699999999999934,0.01,0.018140822645121565,0.7851987322171529
3138,136,543,9,0.350000000000001,0.01,0.018534358570297414,0.8026164296795341
3139,69,275,4,-0.3199999999999996,0.01,0.007605680250836646,0.8204807709245121
3140,165,659,10,0.6400000000000012,0.01,0.012564394128985884,0.8186272411811643
3141,107,426,7,0.06000000000000072,0.01,0.015848687763705297,0.8275444772508409
3142,161,642,10,0.6000000000000012,0.01,0.008610804710770026,0.8286228522658348
3143,72,287,4,-0.2899999999999996,0.01,0.012073832699873796,0.8127392464213901
3144,383,1530,25,2.8199999999999625,0.01,0.020652101758363035,0.817690996453166
3145,273,1089,18,1.719999999999986,0.01,0.013550563157289563,0.8345853151643977
3146,32,128,2,-0.69,0.01,0.003398893721168861,0.8577083721756935
3147,234,934,15,1.3299999999999943,0.01,0.01828757196593777,0.8312588031009093
3148,135,540,9,0.34000000000000097,0.01,0.010958657910426458,0.8436260584628943
3149,327,1305,21,2.2599999999999745,0.01,0.016148595231664706,0.8329060186700123
3150,228,909,15,1.2699999999999956,0.01,0.02117444225178476,0.826630969842275
3151,271,1081,18,1.6999999999999864,0.01,0.013697592747014235,0.8139962413731743
3152,269,1075,17,1.6799999999999868,0.01,0.022607914815003526,0.8199737685829845
3153,275,1100,18,1.7399999999999856,0.01,0.017740704250805404,0.8185885108035543
3154,246,981,16,1.4499999999999917,0.01,0.015047577602910946,0.8259678228956754
3155,38,151,2,-0.6299999999999999,0.01,0.019281476503238082,0.8276908934116364
3156,57,227,3,-0.4399999999999997,0.01,0.021454395493492484,0.8192704830850873
3157,224,896,14,1.2299999999999964,0.01,0.01900991185435227,0.8195571260792869
3158,109,433,7,0.08000000000000074,0.01,0.012280298207231142,0.8284599935566938
3159,227,905,15,1.2599999999999958,0.01,0.019171505006389658,0.8219422990815681
3160,86,341,5,-0.14999999999999947,0.01,0.02717493021522056,0.8498723696578633
3161,65,258,4,-0.35999999999999965,0.01,0.03144722353317775,0.8122634440660477
3162,8,31,0,-0.9299999999999999,0.01,0.00424237921833992,0.8760857582092285
3163,139,555,9,0.380000000000001,0.01,0.016558233508840205,0.8413445881434849
3164,99,394,6,-0.01999999999999935,0.01,0.027006120110551517,0.8324204633633295
3165,100,399,6,-0.009999999999999343,0.01,0.013655139058828354,0.8302598381042481
3166,190,757,12,0.8900000000000015,0.01,0.019600958267498452,0.8528883097072443
3167,74,296,4,-0.2699999999999996,0.01,0.021816649823449552,0.837378955549664
3168,86,342,5,-0.14999999999999947,0.01,0.01646625663852319,0.842623461376537
3169,53,212,3,-0.47999999999999976,0.01,0.023051381343975663,0.8293983569512
3170,85,339,5,-0.15999999999999948,0.01,0.022851548711991028,0.8259113629659017
3171,270,1077,17,1.6899999999999866,0.01,0.020982107654323474,0.8525741301915225
3172,98,389,6,-0.02999999999999936,0.01,0.020897725538816303,0.8573748668034872
3173,110,437,7,0.09000000000000075,0.01,0.011476846112470542,0.8656850606203079
3174,267,1066,17,1.6599999999999873,0.01,0.025086627623288713,0.8449852733469722
3175,216,864,14,1.1499999999999981,0.01,0.02230936649721116,0.8475054579752462
3176,225,899,14,1.2399999999999962,0.01,0.02258500359104281,0.8689862681286675
3177,17,67,1,-0.84,0.01,0.017552861012518406,0.8849750310182571
3178,28,112,1,-0.73,0.01,0.02052065297695143,0.8452082531792777
3179,162,645,10,0.6100000000000012,0.01,0.021789089867436304,0.8777131060274636
3180,355,1420,23,2.5399999999999685,0.01,0.024982050235848874,0.8714458637616851
3181,183,732,12,0.8200000000000014,0.01,0.013036816451779527,0.8738759743130725
3182,42,165,2,-0.5899999999999999,0.01,0.004165014082735235,0.8692852583798495
3183,288,1151,19,1.8699999999999828,0.01,0.021052084903607868,0.8683124143216345
3184,146,582,9,0.45000000000000107,0.01,0.01823350744477163,0.8710322860214446
3185,71,282,4,-0.2999999999999996,0.01,0.015837057480692036,0.8773423963122897
3186,366,1462,24,2.649999999999966,0.01,0.022478488249612134,0.8716880626730866
3187,107,428,7,0.06000000000000072,0.01,0.02062917818073873,0.8706582409364206
3188,263,1052,17,1.6199999999999881,0.01,0.024244586489106896,0.8475753953962615
3189,263,1050,17,1.6199999999999881,0.01,0.02071998218271994,0.8362079651066752
3190,326,1303,21,2.2499999999999747,0.01,0.01630373653254391,0.839839177367128
3191,256,1023,17,1.5499999999999896,0.01,0.018133344801753992,0.8263471284881234
3192,130,517,8,0.2900000000000009,0.01,0.025146527794387304,0.8221387014244542
3193,228,909,15,1.2699999999999956,0.01,0.009136749092456802,0.8258603288416277
3194,208,829,13,1.0699999999999998,0.01,0.017027277750178024,0.8231942584881415
3195,152,605,10,0.5100000000000011,0.01,0.023095731562199562,0.8118513540217751
3196,272,1088,18,1.7099999999999862,0.01,0.02250694770790527,0.8258946774636998
3197,117,467,7,0.1600000000000008,0.01,0.023682718719195188,0.8192440867424011
3198,260,1040,17,1.5899999999999888,0.01,0.01910829417980634,0.8121212363243103
3199,290,1159,19,1.8899999999999824,0.01,0.01784421100294114,0.8210804611444473
3200,178,712,11,0.7700000000000014,0.01,0.01578456814814773,0.8093015498585171
3201,111,444,7,0.10000000000000075,0.01,0.018160352608122463,0.8037478008440563
3202,230,919,15,1.2899999999999952,0.01,0.015542551509529483,0.8226449897414759
3203,250,999,16,1.4899999999999909,0.01,0.008773112161425017,0.8219690672935002
3204,204,816,13,1.0300000000000007,0.01,0.013589896836920697,0.8249628239986944
3205,63,252,4,-0.37999999999999967,0.01,0.030231311172246932,0.7887287735939026
3206,285,1137,18,1.8399999999999834,0.01,0.026431938271141715,0.8103237185213301
3207,210,837,13,1.0899999999999994,0.01,0.020203156701217476,0.8088983308810455
3208,196,783,13,0.9500000000000015,0.01,0.018338172354412322,0.8094111437700233
3209,176,701,11,0.7500000000000013,0.01,0.021884465822950006,0.7996518110687082
3210,227,908,15,1.2599999999999958,0.01,0.01813259574568324,0.8104757415620905
3211,101,401,6,6.661338147750939e-16,0.01,0.013316606236621738,0.8254327654838562
3212,118,470,7,0.17000000000000082,0.01,0.013363203352006773,0.8210252404212952
3213,384,1534,25,2.8299999999999623,0.01,0.014458488646293214,0.8247694733242193
3214,166,662,11,0.6500000000000012,0.01,0.0183132018201144,0.830318206694068
3215,24,93,1,-0.7699999999999999,0.01,0.0038688877442230782,0.8334391117095947
3216,210,837,13,1.0899999999999994,0.01,0.020878694441942673,0.8296431977793856
3217,72,285,4,-0.2899999999999996,0.01,0.016483677965071466,0.8186700476540459
3218,138,550,9,0.370000000000001,0.01,0.014060421442777356,0.8078174065141117
3219,211,841,14,1.0999999999999992,0.01,0.025392864496921592,0.8019430344959475
3220,108,430,7,0.07000000000000073,0.01,0.006177266421555369,0.8080176446172926
3221,107,426,7,0.06000000000000072,0.01,0.028890932056431968,0.8128859533203973
3222,135,538,8,0.34000000000000097,0.01,0.029560134619135748,0.7918609290411978
3223,196,783,13,0.9500000000000015,0.01,0.013155770884845786,0.8070599205639898
3224,37,146,2,-0.6399999999999999,0.01,0.010303549724631012,0.8261885523796082
3225,195,777,12,0.9400000000000015,0.01,0.015440869421581738,0.8116045966744423
3226,172,686,11,0.7100000000000013,0.01,0.018292698102223493,0.8200584497562674
3227,158,629,10,0.5700000000000012,0.01,0.017085116112139077,0.8150604605674744
3228,175,698,11,0.7400000000000013,0.01,0.016308226622641087,0.8125764917243611
3229,16,62,1,-0.85,0.01,0.04008757066912949,0.7980073094367981
3230,331,1323,22,2.2999999999999736,0.01,0.015003254818843632,0.8207062788125945
3231,203,809,13,1.020000000000001,0.01,0.022429691828495146,0.8140149654126635
3232,270,1080,18,1.6899999999999866,0.01,0.019426872114897433,0.8512081924606772
3233,54,215,3,-0.46999999999999975,0.01,0.017303844483999107,0.8588966543857868
3234,163,649,10,0.6200000000000012,0.01,0.01587490180348296,0.8511596452899095
3235,288,1152,19,1.8699999999999828,0.01,0.013540670185142921,0.861678329606851
3236,107,425,7,0.06000000000000072,0.01,0.016194560375340557,0.8420493028782032
3237,166,661,11,0.6500000000000012,0.01,0.013847022905105316,0.860677735107701
3238,415,1659,27,3.139999999999956,0.01,0.013418648355022574,0.8609682218386576
3239,110,438,7,0.09000000000000075,0.01,0.011553873105354055,0.8525972366333008
3240,382,1526,25,2.8099999999999627,0.01,0.014440177561482415,0.8595884311944246
3241,146,582,9,0.45000000000000107,0.01,0.01715556332944996,0.889879177014033
3242,359,1435,23,2.5799999999999677,0.01,0.024272719646493593,0.8841511852211422
3243,105,419,6,0.0400000000000007,0.01,0.020602982455434706,0.8841085342260507
3244,462,1845,30,3.609999999999946,0.01,0.013417337105834279,0.8959424757751925
3245,35,139,2,-0.6599999999999999,0.01,0.004118638035530846,0.9191174639595879
3246,69,274,4,-0.3199999999999996,0.01,0.022814840954892775,0.8931915444486281
3247,152,605,10,0.5100000000000011,0.01,0.012593932161842914,0.9112204062311273
3248,22,86,1,-0.7899999999999999,0.01,0.005187252443283797,0.8897067308425903
3249,104,415,6,0.030000000000000693,0.01,0.013069044359816382,0.9062249018595769
3250,104,413,6,0.030000000000000693,0.01,0.0180592995781738,0.9016936123371124
3251,153,611,10,0.5200000000000011,0.01,0.02420759695964173,0.907715074526958
3252,285,1137,18,1.8399999999999834,0.01,0.017663152144015044,0.8956675411949695
3253,108,430,7,0.07000000000000073,0.01,0.01701219172078978,0.9269897937774658
3254,276,1102,18,1.7499999999999853,0.01,0.02032134415028428,0.9297670333281808
3255,89,354,5,-0.11999999999999944,0.01,0.008809420417740264,0.941411470825022
3256,281,1122,18,1.7999999999999843,0.01,0.018883252549650415,0.9349831870623997
3257,158,630,10,0.5700000000000012,0.01,0.01469125243020244,0.9298110291361809
3258,309,1233,20,2.0799999999999783,0.01,0.01768663424889666,0.9412397239115331
3259,96,384,6,-0.04999999999999938,0.01,0.0195755869790446,0.9659816150863966
3260,21,83,1,-0.7999999999999999,0.01,0.02116157757118344,0.924881374835968
3261,99,395,6,-0.01999999999999935,0.01,0.021890736101195216,0.9431860733032227
3262,78,309,5,-0.22999999999999954,0.01,0.019015232170931994,0.9377330750226974
3263,289,1154,19,1.8799999999999826,0.01,0.017123712566293154,0.9387657410568662
3264,264,1055,17,1.629999999999988,0.01,0.026283363201373228,0.9297407233353817
3265,214,853,14,1.1299999999999986,0.01,0.020562898727871898,0.929757758131567
3266,137,547,9,0.360000000000001,0.01,0.02491603381931782,0.9230922171047755
3267,349,1395,23,2.47999999999997,0.01,0.012011649702600706,0.9310947862164728
3268,168,670,11,0.6700000000000013,0.01,0.01861922503338151,0.9362876954532805
3269,276,1103,18,1.7499999999999853,0.01,0.01872841439857755,0.9172186678734379
3270,85,337,5,-0.15999999999999948,0.01,0.0123444435497125,0.9175555450575692
3271,123,489,8,0.22000000000000086,0.01,0.012655507330031644,0.9215865154420176
3272,149,595,9,0.4800000000000011,0.01,0.0235302812684126,0.9146332321940241
3273,157,626,10,0.5600000000000012,0.01,0.023240059512691237,0.9197629506771381
3274,386,1541,25,2.849999999999962,0.01,0.01983689811301523,0.916613777273709
3275,221,884,14,1.199999999999997,0.01,0.010794708780436353,0.9322576457803899
3276,328,1311,21,2.2699999999999743,0.01,0.01946674758659267,0.9290614920418437
3277,235,939,15,1.339999999999994,0.01,0.019366622492039607,0.9290931053080801
3278,244,974,16,1.4299999999999922,0.01,0.026552810169542668,0.9095612266024605
3279,380,1518,25,2.789999999999963,0.01,0.015698844601253144,0.9020710719259162
3280,134,533,8,0.33000000000000096,0.01,0.009648339695889841,0.9151861794067152
3281,16,61,1,-0.85,0.01,0.022606765967793763,0.879351407289505
3282,185,737,12,0.8400000000000014,0.01,0.012624978771472865,0.9063583384168908
3283,99,394,6,-0.01999999999999935,0.01,0.016550971563750256,0.896940566599369
3284,202,807,13,1.0100000000000011,0.01,0.02042707126569368,0.912512316423304
3285,110,439,7,0.09000000000000075,0.01,0.02215950836048082,0.900918322580832
3286,119,474,7,0.18000000000000083,0.01,0.019395498062173524,0.8925350765387218
3287,234,933,15,1.3299999999999943,0.01,0.020046552552415404,0.9005076541738996
3288,144,576,9,0.43000000000000105,0.01,0.0177089688497492,0.9052645812431971
3289,36,142,2,-0.6499999999999999,0.01,0.014501022226694558,0.8856111897362603
3290,49,194,3,-0.5199999999999998,0.01,0.03748849007145812,0.9041296492020289
3291,194,773,12,0.9300000000000015,0.01,0.019099089976710577,0.8899670665462812
3292,146,581,9,0.45000000000000107,0.01,0.021356555513685215,0.8764872567073719
3293,217,868,14,1.159999999999998,0.01,0.027824243052034743,0.8827177617284987
3294,346,1382,23,2.4499999999999704,0.01,0.021048693417239635,0.887059675551009
3295,280,1120,18,1.7899999999999845,0.01,0.015944801603576968,0.88473716037614
3296,139,554,9,0.380000000000001,0.01,0.02246401773984818,0.9059926218846265
3297,259,1036,17,1.579999999999989,0.01,0.01834039749720922,0.8929529199233421
3298,130,517,8,0.2900000000000009,0.01,0.030717069579457693,0.8891463875770569
3299,73,290,4,-0.2799999999999996,0.01,0.0178939463932895,0.9092679818471273
3300,164,653,10,0.6300000000000012,0.01,0.007616485434970478,0.9137432807829322
3301,264,1055,17,1.629999999999988,0.01,0.023303849971853197,0.9044267372651533
3302,160,637,10,0.5900000000000012,0.01,0.023138199682580306,0.9058956876397133
3303,151,603,10,0.5000000000000011,0.01,0.017522926368799648,0.9198605920139112
3304,126,502,8,0.2500000000000009,0.01,0.014363694207502468,0.9183961479894577
3305,214,853,14,1.1299999999999986,0.01,0.016068394097534043,0.9090046948856778
3306,252,1008,16,1.5099999999999905,0.01,0.021263075120274037,0.9110430091146439
3307,306,1224,20,2.049999999999979,0.01,0.015547827474380794,0.947499250110827
3308,153,611,10,0.5200000000000011,0.01,0.024202564712858907,0.9482021159247348
3309,173,692,11,0.7200000000000013,0.01,0.020984931859526445,0.9396788234060461
3310,233,929,15,1.3199999999999945,0.01,0.021479941643613935,0.9272961318492889
3311,156,624,10,0.5500000000000012,0.01,0.024676786120742176,0.9267755716274946
3312,152,605,10,0.5100000000000011,0.01,0.014221114731442771,0.9628530756423348
3313,167,667,11,0.6600000000000013,0.01,0.02782521980060708,0.9437537292639414
3314,271,1081,18,1.6999999999999864,0.01,0.020459170105741983,0.9516395196985843
3315,223,890,14,1.2199999999999966,0.01,0.019594485015009662,0.9489111400076321
3316,126,502,8,0.2500000000000009,0.01,0.012574882886838168,0.9541883450001478
3317,211,841,14,1.0999999999999992,0.01,0.026023651168753322,0.9853078482242731
3318,294,1176,19,1.9299999999999815,0.01,0.01592588022263167,0.9950003035970636
3319,129,513,8,0.2800000000000009,0.01,0.024852861526596826,0.9926993753761053
3320,162,648,10,0.6100000000000012,0.01,0.014733726221204894,0.9992184479062151
3321,74,294,4,-0.2699999999999996,0.01,0.025520452893235616,1.0088740189870198
3322,290,1158,19,1.8899999999999824,0.01,0.01930696293328927,0.9929294529026502
3323,68,272,4,-0.3299999999999996,0.01,0.010368034750332726,1.006047967602225
3324,142,566,9,0.41000000000000103,0.01,0.024663446471095085,0.9848220126969474
3325,201,802,13,1.0000000000000013,0.01,0.021477817087434233,0.9939668655395508
3326,182,728,12,0.8100000000000014,0.01,0.020199287328464183,0.9901008878065192
3327,117,468,7,0.1600000000000008,0.01,0.027991933844469744,0.9788532647593268
3328,152,608,10,0.5100000000000011,0.01,0.014791451995015928,0.9860198356603321
3329,168,669,11,0.6700000000000013,0.01,0.024017601395912823,0.9742294748624166
3330,261,1043,17,1.5999999999999885,0.01,0.021170320866916042,0.9829563223398649
3331,174,695,11,0.7300000000000013,0.01,0.022375890831674704,0.9711884653026407
3332,347,1386,23,2.45999999999997,0.01,0.016001998318423485,0.983387457228255
3333,83,329,5,-0.1799999999999995,0.01,0.016288414702285082,0.9791352331638337
3334,257,1027,17,1.5599999999999894,0.01,0.026751658789670237,0.9990327761723445
3335,66,264,4,-0.34999999999999964,0.01,0.010699982565711252,0.9901305139064789
3336,140,558,9,0.390000000000001,0.01,0.013288412316303169,0.9919019596917289
3337,224,895,14,1.2299999999999964,0.01,0.025877321704423854,0.9873335255043847
3338,147,585,9,0.4600000000000011,0.01,0.01769568572273931,0.9951783950264389
3339,180,717,11,0.7900000000000014,0.01,0.017986379222323497,0.996329927444458
3340,53,210,3,-0.47999999999999976,0.01,0.024525445671035692,0.9973156314629775
3341,174,693,11,0.7300000000000013,0.01,0.013815506239717995,1.0140102316032757
3342,72,286,4,-0.2899999999999996,0.01,0.03345209614942885,0.9867536624272665
3343,378,1511,25,2.7699999999999636,0.01,0.018797785167562517,1.010273168061642
3344,148,591,9,0.4700000000000011,0.01,0.022040574968716985,0.9932075465047682
3345,310,1239,20,2.089999999999978,0.01,0.01866175064769311,1.0207461989842928
3346,121,484,8,0.20000000000000084,0.01,0.021626521848763028,1.0292315522829691
3347,131,522,8,0.30000000000000093,0.01,0.04084303903844998,1.0308909524570813
3348,75,297,4,-0.25999999999999956,0.01,0.022586327149636216,1.0324385894669428
3349,330,1319,21,2.289999999999974,0.01,0.020289664838395744,1.025083667542561
3350,55,217,3,-0.45999999999999974,0.01,0.004513804434931704,1.0472342882837569
3351,146,581,9,0.45000000000000107,0.01,0.018642260004223015,1.0255354311731126
3352,445,1780,29,3.4399999999999498,0.01,0.023805447879272537,1.0359860127036635
3353,82,327,5,-0.1899999999999995,0.01,0.03574106815670218,1.0346692942437672
3354,224,894,14,1.2299999999999964,0.01,0.022906272688747516,1.0488910877278872
3355,227,905,15,1.2599999999999958,0.01,0.028112902894223992,1.0411516239768581
3356,134,536,8,0.33000000000000096,0.01,0.04120448976049595,1.0051071571581291
3357,149,596,9,0.4800000000000011,0.01,0.026376006847901923,1.0047068982510954
3358,203,810,13,1.020000000000001,0.01,0.03131737326746624,0.9934151967366537
3359,293,1171,19,1.9199999999999817,0.01,0.020192232410334153,1.0017818383974573
3360,166,662,11,0.6500000000000012,0.01,0.011730581915582575,0.9936476449171702
3361,74,293,4,-0.2699999999999996,0.01,0.02207793872286048,1.0044012169043224
3362,178,712,11,0.7700000000000014,0.01,0.013071749706028236,1.0248201966285706
3363,84,333,5,-0.16999999999999948,0.01,0.023540941033778445,1.015661597251892
3364,89,356,5,-0.11999999999999944,0.01,0.01852692031851885,1.0023003112186084
3365,158,630,10,0.5700000000000012,0.01,0.02052468912443146,1.0200649306178093
3366,146,581,9,0.45000000000000107,0.01,0.02391810342669487,1.020087907711665
3367,25,97,1,-0.7599999999999999,0.01,0.022217577517343063,1.0159448285897572
3368,286,1144,19,1.8499999999999832,0.01,0.022003031549199175,1.0142422426078055
3369,48,189,3,-0.5299999999999998,0.01,0.017900751049940784,1.0163660248120625
3370,252,1006,16,1.5099999999999905,0.01,0.02326073026328924,1.000673740629166
3371,132,528,8,0.31000000000000094,0.01,0.02353118767848972,1.0020082159475847
3372,129,513,8,0.2800000000000009,0.01,0.028162004178739153,1.0120762903243303
3373,198,790,13,0.9700000000000015,0.01,0.01275887100957334,1.0109719848632812
3374,320,1279,21,2.189999999999976,0.01,0.014168237039120868,1.015874033421278
3375,180,717,11,0.7900000000000014,0.01,0.018324637283674543,1.0314594308535259
3376,185,738,12,0.8400000000000014,0.01,0.01326800186348998,1.03469099946644
3377,124,496,8,0.23000000000000087,0.01,0.030567144201467594,1.0110265651056844
3378,118,470,7,0.17000000000000082,0.01,0.02298347427156465,1.019262735185952
3379,107,428,7,0.06000000000000072,0.01,0.01691695309623524,1.0278334418932598
3380,177,705,11,0.7600000000000013,0.01,0.02127481165701862,1.0284381725571372
3381,103,410,6,0.020000000000000684,0.01,0.03297562747656439,1.0091245701679816
3382,282,1126,18,1.809999999999984,0.01,0.025822761134100213,1.0129122280738723
3383,192,768,12,0.9100000000000015,0.01,0.021047870415107656,1.020227376371622
3384,96,383,6,-0.04999999999999938,0.01,0.02679166339415436,1.0262250751256943
3385,105,417,6,0.0400000000000007,0.01,0.016622945702133272,1.0257117037589734
3386,229,915,15,1.2799999999999954,0.01,0.02040520120869603,1.017917253469166
3387,215,859,14,1.1399999999999983,0.01,0.01889473261501364,1.0223954971189853
3388,25,100,1,-0.7599999999999999,0.01,0.0174797885119915,1.0244546333948772
3389,229,913,15,1.2799999999999954,0.01,0.023016074504866674,1.010224947803899
3390,102,406,6,0.010000000000000675,0.01,0.018684021609190565,1.0090262637688563
3391,311,1243,20,2.099999999999978,0.01,0.02514677654910021,1.0122337219042656
3392,112,445,7,0.11000000000000076,0.01,0.011567213090269693,1.0321325063705444
3393,205,819,13,1.0400000000000005,0.01,0.017519157959659602,1.017276502123066
3394,100,399,6,-0.009999999999999343,0.01,0.030666606640443204,1.0099800801277161
3395,260,1037,17,1.5899999999999888,0.01,0.01313557387329638,1.0108625668745774
3396,21,82,1,-0.7999999999999999,0.01,0.015911022620275616,1.030911421775818
3397,256,1024,17,1.5499999999999896,0.01,0.023877183062722906,1.00081923045218
3398,101,403,6,6.661338147750939e-16,0.01,0.02817966396920383,1.0131180548667909
3399,23,91,1,-0.7799999999999999,0.01,0.05215904380505284,1.0041955709457397
3400,224,895,14,1.2299999999999964,0.01,0.025068954597892507,1.009588475738253
3401,110,440,7,0.09000000000000075,0.01,0.04130988005947854,0.9869276987654823
3402,227,907,15,1.2599999999999958,0.01,0.02727673793145056,0.9907881181154933
3403,134,533,8,0.33000000000000096,0.01,0.0364311102175099,0.986198332379846
3404,216,862,14,1.1499999999999981,0.01,0.02110944889244382,0.99440680720188
3405,73,290,4,-0.2799999999999996,0.01,0.021593254602824647,1.0038675831423864
3406,149,594,9,0.4800000000000011,0.01,0.034881074654844565,0.9943496343251821
3407,264,1056,17,1.629999999999988,0.01,0.019418667694977063,0.9867692291736603
3408,169,675,11,0.6800000000000013,0.01,0.02345670501939779,0.9874259191890096
3409,33,132,2,-0.6799999999999999,0.01,0.019026395806577057,0.9801704064011574
3410,121,481,8,0.20000000000000084,0.01,0.02047871328735103,0.9865117967128754
3411,345,1380,23,2.4399999999999706,0.01,0.021612958527754907,0.9834662343180457
3412,151,603,10,0.5000000000000011,0.01,0.014239896052075844,1.0039484798908234
3413,344,1375,22,2.429999999999971,0.01,0.016585292457061453,1.0072962662508322
3414,146,583,9,0.45000000000000107,0.01,0.0162498788794855,0.9984182634869138
3415,238,951,15,1.3699999999999934,0.01,0.02401300226101431,0.9998329776828572
3416,202,806,13,1.0100000000000011,0.01,0.023105623195970468,0.9960465770141751
3417,267,1068,17,1.6599999999999873,0.01,0.023326051820097775,0.9826716753569517
3418,132,525,8,0.31000000000000094,0.01,0.014822979697562529,0.9794924999728347
3419,290,1159,19,1.8899999999999824,0.01,0.02046894905323239,0.9791086348768783
3420,129,514,8,0.2800000000000009,0.01,0.02177525663137203,0.9745870251208544
3421,37,145,2,-0.6399999999999999,0.01,0.011963578665422069,0.9902730849054124
3422,98,392,6,-0.02999999999999936,0.01,0.019236771007999778,0.9657689046859741
3423,350,1397,23,2.4899999999999696,0.01,0.021656617824651902,0.9819164303527481
3424,171,684,11,0.7000000000000013,0.01,0.022698496392559865,0.9891362495200579
3425,232,927,15,1.3099999999999947,0.01,0.022688604232951486,0.9877176829453173
3426,144,575,9,0.43000000000000105,0.01,0.025917137895400327,0.9976433151298099
3427,243,972,16,1.4199999999999924,0.01,0.02766811588519543,0.9900161272189656
3428,98,391,6,-0.02999999999999936,0.01,0.022719833272276446,0.9732703045010567
3429,96,381,6,-0.04999999999999938,0.01,0.01566792205752184,0.9801240563392639
3430,30,118,1,-0.71,0.01,0.041557320684660226,1.0033239051699638
3431,204,814,13,1.0300000000000007,0.01,0.016012682319235277,0.9854383106325187
3432,259,1036,17,1.579999999999989,0.01,0.027524020902525922,0.9802345450107868
3433,141,562,9,0.400000000000001,0.01,0.013570289559928434,0.9935233456747873
3434,223,890,14,1.2199999999999966,0.01,0.019313099498893798,1.0071734647665704
3435,35,140,2,-0.6599999999999999,0.01,0.010718937235651538,0.9971878230571747
3436,327,1307,21,2.2599999999999745,0.01,0.018316531826446696,1.000441742379491
3437,401,1602,26,2.9999999999999587,0.01,0.014119611717760563,0.9988808363676072
3438,180,717,11,0.7900000000000014,0.01,0.01887316937144432,0.9958416594399346
3439,260,1040,17,1.5899999999999888,0.01,0.026966333063319324,0.9993488449316759
3440,238,949,15,1.3699999999999934,0.01,0.024676973923730354,1.000833621621132
3441,292,1166,19,1.909999999999982,0.01,0.018618677259575934,1.0118020536148384
3442,336,1341,22,2.3499999999999726,0.01,0.019394306526962845,0.9858354606798717
3443,162,646,10,0.6100000000000012,0.01,0.03521907402318902,0.9608980506658554
3444,175,698,11,0.7400000000000013,0.01,0.02699207718251273,0.9642087884924628
3445,225,898,14,1.2399999999999962,0.01,0.014549814360049953,0.9673565274902752
3446,212,847,14,1.109999999999999,0.01,0.02407270378679178,0.9624420438172683
3447,126,502,8,0.2500000000000009,0.01,0.017120993579737842,0.954507227987051
3448,111,443,7,0.10000000000000075,0.01,0.03015488154986607,0.9364068039825985
3449,269,1076,17,1.6799999999999868,0.01,0.019989593326350422,0.9450745075496275
3450,189,754,12,0.8800000000000014,0.01,0.01953476807350253,0.9441476033089009
3451,11,42,0,-0.9,0.01,0.005035165852556626,0.954461395740509
3452,345,1378,22,2.4399999999999706,0.01,0.023049787206705228,0.9430127178513726
3453,380,1519,25,2.789999999999963,0.01,0.023484416551103716,0.9415778580464815
3454,64,256,4,-0.36999999999999966,0.01,0.015092513407580554,0.9573580622673035
3455,166,662,11,0.6500000000000012,0.01,0.02139690281668057,0.9499066472053528
3456,239,955,15,1.3799999999999932,0.01,0.022526254711704233,0.9527343390351635
3457,80,319,5,-0.20999999999999952,0.01,0.02140502370893955,0.9592205077409744
3458,345,1378,22,2.4399999999999706,0.01,0.021540764154566603,0.9696091509413445
3459,305,1218,20,2.039999999999979,0.01,0.020072801798386008,0.9667249180768666
3460,269,1073,17,1.6799999999999868,0.01,0.022465505776231857,0.9649418227708162
3461,251,1003,16,1.4999999999999907,0.01,0.016185708129630674,0.9881942991226439
3462,307,1225,20,2.0599999999999787,0.01,0.01815676407332157,0.9851719860906725
3463,203,812,13,1.020000000000001,0.01,0.020658411076292394,0.9853672385215759
3464,303,1210,20,2.0199999999999796,0.01,0.024797647670646638,0.9809940857322592
3465,181,723,12,0.8000000000000014,0.01,0.018540908510072365,0.9778335359361436
3466,156,623,10,0.5500000000000012,0.01,0.01498723573361834,0.976692259311676
3467,10,38,0,-0.91,0.01,0.004744720800469319,0.9776740272839864
3468,348,1391,23,2.46999999999997,0.01,0.02380487789539085,0.9709479068887645
3469,115,457,7,0.1400000000000008,0.01,0.01911521110490992,0.967238163125926
3470,72,288,4,-0.2899999999999996,0.01,0.01792642884215133,0.9811287886566586
3471,231,921,15,1.299999999999995,0.01,0.03317158710080804,0.9637732558083116
3472,362,1447,24,2.609999999999967,0.01,0.019604176495244707,0.9671951276915414
3473,9,34,0,-0.92,0.01,0.009387511061504483,0.9470910727977753
3474,215,860,14,1.1399999999999983,0.01,0.025251532715089894,0.9669493878329242
3475,156,624,10,0.5500000000000012,0.01,0.021102740560682155,0.9651996325223874
3476,201,802,13,1.0000000000000013,0.01,0.013791833203285933,0.9730038940906525
3477,95,377,6,-0.05999999999999939,0.01,0.008176338461150104,0.9759101246794065
3478,52,206,3,-0.48999999999999977,0.01,0.031688392896635026,0.9509885356976435
3479,74,293,4,-0.2699999999999996,0.01,0.024476404185406864,0.9525583618217044
3480,131,522,8,0.30000000000000093,0.01,0.02202627406046359,0.9587748628674131
3481,292,1167,19,1.909999999999982,0.01,0.016610292915561018,0.9680477886983793
3482,80,320,5,-0.20999999999999952,0.01,0.011801584507338703,0.9655713379383087
3483,167,666,11,0.6600000000000013,0.01,0.016610665454728796,0.9616953602858952
3484,66,263,4,-0.34999999999999964,0.01,0.019083957828115672,0.9828424118459225
3485,117,465,7,0.1600000000000008,0.01,0.023782365295725565,0.9857826888561249
3486,74,294,4,-0.2699999999999996,0.01,0.01486927991370774,0.968557122680876
3487,68,270,4,-0.3299999999999996,0.01,0.02743160176803084,0.9661318098797518
3488,207,827,13,1.06,0.01,0.021864507584653508,0.9711007326841354
3489,302,1206,20,2.00999999999998,0.01,0.023083894023050864,0.9699385126431783
3490,253,1009,16,1.5199999999999902,0.01,0.020431689474207815,0.9725615233182907
3491,90,357,5,-0.10999999999999943,0.01,0.008437908392145553,0.9817480363629081
3492,228,912,15,1.2699999999999956,0.01,0.025790610432363394,0.9765326506213138
3493,180,718,11,0.7900000000000014,0.01,0.01661006681000193,0.9730230516857571
3494,354,1413,23,2.5299999999999687,0.01,0.016903119248055508,0.9676664418049072
3495,132,526,8,0.31000000000000094,0.01,0.030968676003712146,0.960131206295707
3496,71,283,4,-0.2999999999999996,0.01,0.015557907576508382,1.0001942445250118
3497,10,40,0,-0.91,0.01,0.04428865535495182,0.9816673795382181
3498,216,861,14,1.1499999999999981,0.01,0.013582530491812914,0.9811559816201528
3499,104,413,6,0.030000000000000693,0.01,0.020252126967534423,0.9867780712934641
3500,232,925,15,1.3099999999999947,0.01,0.015915329098412447,0.98254964474974
3501,234,935,15,1.3299999999999943,0.01,0.013057481385125169,0.9823029935359955
3502,194,776,12,0.9300000000000015,0.01,0.0272286072496933,0.995485034524178
3503,105,419,6,0.0400000000000007,0.01,0.02680380661219645,1.007701935676428
3504,122,488,8,0.21000000000000085,0.01,0.014459746386555413,1.0143335096297725
3505,45,177,2,-0.5599999999999998,0.01,0.022829039953649044,1.019310095093467
3506,51,202,3,-0.4999999999999998,0.01,0.031733498765298955,1.0138827837430513
3507,37,147,2,-0.6399999999999999,0.01,0.013400948244250484,1.0337733493910894
3508,143,569,9,0.42000000000000104,0.01,0.032749390391270734,1.0044895046287112
3509,170,677,11,0.6900000000000013,0.01,0.03384040637562672,1.0124016248044514
3510,292,1168,19,1.909999999999982,0.01,0.027765199031731854,1.0227614804489973
3511,260,1040,17,1.5899999999999888,0.01,0.02273578840809373,1.0108905269549444
3512,85,337,5,-0.15999999999999948,0.01,0.01438908291137999,1.022636075814565
3513,173,689,11,0.7200000000000013,0.01,0.02322269148002802,1.0128018693490461
3514,305,1217,20,2.039999999999979,0.01,0.01693723245070463,1.008601992538101
3515,283,1131,18,1.8199999999999839,0.01,0.018809020129019315,1.0107013994539287
3516,206,824,13,1.0500000000000003,0.01,0.01575051585449746,1.0052982183063732
3517,156,623,10,0.5500000000000012,0.01,0.01952809585819546,1.0259631214997706
3518,152,607,10,0.5100000000000011,0.01,0.011940227453841976,1.024852482896102
3519,58,232,3,-0.4299999999999997,0.01,0.01733968728221953,1.0238811731338502
3520,79,314,5,-0.21999999999999953,0.01,0.027305736733404428,1.022215021284003
3521,137,548,9,0.360000000000001,0.01,0.017857415940878647,1.0198031510625567
3522,64,255,4,-0.36999999999999966,0.01,0.02179127765703015,1.0014183446764946
3523,190,757,12,0.8900000000000015,0.01,0.030348347519781996,0.9911664584849743
3524,95,378,6,-0.05999999999999939,0.01,0.020625387522159144,0.988372286160787
3525,25,97,1,-0.7599999999999999,0.01,0.022548260788122814,1.0041183928648632
3526,239,956,15,1.3799999999999932,0.01,0.02090548024668048,0.9844655146201452
3527,265,1057,17,1.6399999999999877,0.01,0.013843948914048573,0.9919404938365474
3528,239,956,15,1.3799999999999932,0.01,0.017597926074328522,0.9957341889540354
3529,185,740,12,0.8400000000000014,0.01,0.017558043311431033,0.983867233214171
3530,249,995,16,1.479999999999991,0.01,0.012696720152762868,1.0038247550687482
3531,67,265,4,-0.33999999999999964,0.01,0.016684836228652036,1.0007819007424748
3532,178,709,11,0.7700000000000014,0.01,0.03888603797596362,0.9782148440678914
3533,35,140,2,-0.6599999999999999,0.01,0.01285192120121792,0.9798631146550179
3534,85,338,5,-0.15999999999999948,0.01,0.023000529416921465,0.9875132875009016
3535,160,638,10,0.5900000000000012,0.01,0.020679656864376738,0.9995320096611977
3536,326,1304,21,2.2499999999999747,0.01,0.018396168700016945,0.9933368225156525
3537,207,828,13,1.06,0.01,0.023466417897277728,0.9928920773359445
3538,58,232,3,-0.4299999999999997,0.01,0.012774624229807938,0.9938803826059613
3539,50,197,3,-0.5099999999999998,0.01,0.0342588961805002,0.9997410407433143
3540,147,586,9,0.4600000000000011,0.01,0.02817086215961624,0.9946177199080184
3541,352,1406,23,2.509999999999969,0.01,0.018458895975279367,0.9923399930650537
3542,143,572,9,0.42000000000000104,0.01,0.012954407198620694,1.0010288664272853
3543,65,259,4,-0.35999999999999965,0.01,0.02756415636223905,0.9805443427141975
3544,248,991,16,1.4699999999999913,0.01,0.026073372982923063,1.0005485819232078
3545,395,1579,26,2.93999999999996,0.01,0.016317635795994833,0.9984597734042576
3546,248,992,16,1.4699999999999913,0.01,0.01924067758579528,0.9969731982677213
3547,92,367,6,-0.08999999999999941,0.01,0.01594861896465654,0.9999568902927897
3548,168,672,11,0.6700000000000013,0.01,0.012568512188625477,0.9855089868818011
3549,101,403,6,6.661338147750939e-16,0.01,0.03402701495752598,0.9836547374725342
3550,45,179,2,-0.5599999999999998,0.01,0.02882682225158946,1.0108783895319158
3551,166,661,11,0.6500000000000012,0.01,0.02810944146590262,0.9863903580642328
3552,232,927,15,1.3099999999999947,0.01,0.025830630923557127,0.9923899533419773
3553,263,1049,17,1.6199999999999881,0.01,0.024580431382425806,1.0057459013028578
3554,73,292,4,-0.2799999999999996,0.01,0.023599571108611092,0.9781854516930051
3555,121,483,8,0.20000000000000084,0.01,0.025891757465057796,0.9990863780821523
3556,36,142,2,-0.6499999999999999,0.01,0.029293543866111174,0.9999143547481961
3557,259,1033,17,1.579999999999989,0.01,0.017918005352839828,1.005169433541596
3558,106,424,7,0.05000000000000071,0.01,0.014860826234022776,1.0135620280548379
3559,35,139,2,-0.6599999999999999,0.01,0.012746958372493586,1.012939691543579
3560,125,500,8,0.24000000000000088,0.01,0.017860950969700373,1.0108175123891523
3561,173,691,11,0.7200000000000013,0.01,0.03046469645964545,0.9982348957727122
3562,148,589,9,0.4700000000000011,0.01,0.02784681267016945,0.9980010035875682
3563,114,455,7,0.13000000000000078,0.01,0.01998271166892915,1.0021095090898975
3564,202,807,13,1.0100000000000011,0.01,0.013528289208188653,1.0055626702308655
3565,295,1179,19,1.9399999999999813,0.01,0.02172522583498141,1.0044201322503992
3566,24,95,1,-0.7699999999999999,0.01,0.04107868415303528,0.9601802925268809
3567,202,806,13,1.0100000000000011,0.01,0.011058841766789555,0.9765672385692596
3568,97,387,6,-0.03999999999999937,0.01,0.02959205601364374,0.9692050814628601
3569,211,841,14,1.0999999999999992,0.01,0.014405631943820761,0.984885838169318
3570,328,1310,21,2.2699999999999743,0.01,0.02291043727124882,0.9674353774000959
3571,193,769,12,0.9200000000000015,0.01,0.017428402684400886,0.9880155142472715
3572,36,144,2,-0.6499999999999999,0.01,0.026635412954621844,0.9599828587638007
3573,203,810,13,1.020000000000001,0.01,0.020158494994975625,0.9898400855064392
3574,102,407,6,0.010000000000000675,0.01,0.019928874770322673,0.992838767858652
3575,123,492,8,0.22000000000000086,0.01,0.011539852847495386,0.9819872571576026
3576,176,701,11,0.7500000000000013,0.01,0.027380423720883715,0.9899744445627386
3577,196,782,13,0.9500000000000015,0.01,0.010084591577855908,0.9971747276734333
3578,145,578,9,0.44000000000000106,0.01,0.012093346915207803,0.9807657053073248
3579,209,836,13,1.0799999999999996,0.01,0.013602387101855129,0.9647074811733686
3580,157,626,10,0.5600000000000012,0.01,0.017374578314140823,0.967829656906617
3581,125,500,8,0.24000000000000088,0.01,0.026255568373017013,0.9679110404103994
3582,115,459,7,0.1400000000000008,0.01,0.025564123219477812,0.9508928507566452
3583,401,1601,26,2.9999999999999587,0.01,0.016277852600744675,0.9700756905102493
3584,112,445,7,0.11000000000000076,0.01,0.020818956387561878,0.9966611287423542
3585,146,581,9,0.45000000000000107,0.01,0.028849767805594537,0.9837187925974528
3586,159,633,10,0.5800000000000012,0.01,0.029299072694266216,0.9839794203639031
3587,85,340,5,-0.15999999999999948,0.01,0.02212647998350717,1.0020511292275929
3588,109,433,7,0.08000000000000074,0.01,0.011560425343405869,0.9892688393592834
3589,91,362,6,-0.09999999999999942,0.01,0.024987310403957963,0.9919879721558612
3590,157,626,10,0.5600000000000012,0.01,0.021628436501114033,0.9806367816069187
3591,99,393,6,-0.01999999999999935,0.01,0.015098705245181919,0.9970164108276367
3592,98,392,6,-0.02999999999999936,0.01,0.016842223592102527,0.982558913230896
3593,186,741,12,0.8500000000000014,0.01,0.01920635450590888,0.9686865936154905
3594,295,1179,19,1.9399999999999813,0.01,0.021882684004644083,0.9647456536421904
3595,314,1254,20,2.1299999999999772,0.01,0.01640570156562787,0.9777908073021815
3596,185,739,12,0.8400000000000014,0.01,0.018506577605024933,0.9675601974446723
3597,243,969,16,1.4199999999999924,0.01,0.017833611677633598,0.9534344891707103
3598,286,1144,19,1.8499999999999832,0.01,0.01810237005055468,0.9517619965804948
3599,124,494,8,0.23000000000000087,0.01,0.02909769548944408,0.9299669438792814
3600,312,1248,20,2.1099999999999777,0.01,0.025185755012222588,0.9324460801405784
3601,129,514,8,0.2800000000000009,0.01,0.015828143390535843,0.9417669344693422
3602,160,638,10,0.5900000000000012,0.01,0.01741935742320493,0.9429733633995057
3603,263,1050,17,1.6199999999999881,0.01,0.014891835176527049,0.9404272400971615
3604,191,762,12,0.9000000000000015,0.01,0.025034859325387515,0.9333381441732248
3605,319,1273,21,2.179999999999976,0.01,0.02704848564536417,0.9338157561760915
3606,51,201,3,-0.4999999999999998,0.01,0.012791060412732454,0.9373590579399695
3607,232,926,15,1.3099999999999947,0.01,0.02612563984564923,0.9194608721239813
3608,183,729,12,0.8200000000000014,0.01,0.016264411372780476,0.9187190377193949
3609,37,147,2,-0.6399999999999999,0.01,0.03881084712015258,0.919556630982293
3610,55,218,3,-0.45999999999999974,0.01,0.018054429341905882,0.9151724534375327
3611,107,425,7,0.06000000000000072,0.01,0.03420934429461205,0.9214467781561392
3612,123,492,8,0.22000000000000086,0.01,0.03644169241500397,0.907961102326711
3613,73,290,4,-0.2799999999999996,0.01,0.019323265817212432,0.9327726113168817
3614,92,368,6,-0.08999999999999941,0.01,0.010275678901487718,0.9252251049746638
3615,125,500,8,0.24000000000000088,0.01,0.027152830025091047,0.9097707194666709
3616,219,873,14,1.1799999999999975,0.01,0.01568080867979337,0.908812707120722
3617,117,467,7,0.1600000000000008,0.01,0.022484959649114775,0.903782357429636
3618,225,899,14,1.2399999999999962,0.01,0.02333342204552277,0.9038505469049726
3619,97,387,6,-0.03999999999999937,0.01,0.018688658989655476,0.9069720009962717
3620,189,754,12,0.8800000000000014,0.01,0.0307838357645475,0.8897674232721329
3621,101,402,6,6.661338147750939e-16,0.01,0.019544512825086714,0.913195960521698
3622,10,40,0,-0.91,0.01,0.0035983036505058408,0.9482919871807098
3623,37,146,2,-0.6399999999999999,0.01,0.0233413569862023,0.9122344136238099
3624,39,153,2,-0.6199999999999999,0.01,0.015574629832473066,0.9114634792009989
3625,377,1507,25,2.759999999999964,0.01,0.0240843022119646,0.9044493512103432
3626,170,678,11,0.6900000000000013,0.01,0.018454964366918875,0.9007337746166048
3627,147,586,9,0.4600000000000011,0.01,0.015186035174977136,0.9063781515972035
3628,91,361,6,-0.09999999999999942,0.01,0.023144786995228216,0.9142185268194779
3629,191,762,12,0.9000000000000015,0.01,0.02279851899700279,0.9246813477353847
3630,197,787,13,0.9600000000000015,0.01,0.02034270571079105,0.9249999976158142
3631,140,559,9,0.390000000000001,0.01,0.0211560192950336,0.9243377634457179
3632,384,1533,25,2.8299999999999623,0.01,0.01774353359360248,0.9255222734063864
3633,282,1128,18,1.809999999999984,0.01,0.021694469754584132,0.9185227002416338
3634,87,348,5,-0.13999999999999946,0.01,0.020374600891955197,0.9044444479725577
3635,210,838,13,1.0899999999999994,0.01,0.010697167384653138,0.9185547370177048
3636,20,79,1,-0.8099999999999999,0.01,0.0048332433216273785,0.9245371580123901
3637,10,40,0,-0.91,0.01,0.022975005364666384,0.9187053640683492
3638,313,1250,20,2.1199999999999775,0.01,0.015193608914836286,0.9077653128367204
3639,208,832,13,1.0699999999999998,0.01,0.018583871495838348,0.9215926608214011
3640,220,880,14,1.1899999999999973,0.01,0.02423132645728236,0.9203454841266979
3641,264,1054,17,1.629999999999988,0.01,0.02294056437147612,0.9258388181527456
3642,211,841,14,1.0999999999999992,0.01,0.02439280587933817,0.9276664684403617
3643,117,468,7,0.1600000000000008,0.01,0.020875963245935995,0.9257105424486357
3644,88,349,5,-0.12999999999999945,0.01,0.020198013675822454,0.9153257500041615
3645,198,792,13,0.9700000000000015,0.01,0.011757793007418513,0.9493054389953614
3646,35,138,2,-0.6599999999999999,0.01,0.025716788586578332,0.9621890932321548
3647,237,947,15,1.3599999999999937,0.01,0.014973699959227815,0.9605522831281026
3648,197,788,13,0.9600000000000015,0.01,0.02202266756426163,0.9412858388861831
3649,249,993,16,1.479999999999991,0.01,0.01991773383962291,0.9440898001194
3650,177,707,11,0.7600000000000013,0.01,0.022183476693250916,0.9311606111851606
3651,38,149,2,-0.6299999999999999,0.01,0.013235316751524806,0.9375626742839813
3652,275,1097,18,1.7399999999999856,0.01,0.02675754486826127,0.9392773655877598
3653,217,866,14,1.159999999999998,0.01,0.01987993309739977,0.9442218166810495
3654,157,625,10,0.5600000000000012,0.01,0.01408071723432304,0.950169855203384
3655,80,320,5,-0.20999999999999952,0.01,0.02677627062657848,0.9362167835235595
3656,157,626,10,0.5600000000000012,0.01,0.028185586146532726,0.9265021208005074
3657,176,702,11,0.7500000000000013,0.01,0.010900365987750278,0.9589246795936064
3658,244,976,16,1.4299999999999922,0.01,0.018991611871227134,0.9516909513317171
3659,154,613,10,0.5300000000000011,0.01,0.0173914479629065,0.950704059539697
3660,288,1152,19,1.8699999999999828,0.01,0.015263796082258018,0.9560656506154273
3661,111,441,7,0.10000000000000075,0.01,0.020167953958402256,0.9558117410966328
3662,184,735,12,0.8300000000000014,0.01,0.02163940234332467,0.9518427239811939
3663,150,599,9,0.4900000000000011,0.01,0.02988997904105565,0.9300169912544457
3664,170,678,11,0.6900000000000013,0.01,0.016368571685107296,0.9435948965161346
3665,202,807,13,1.0100000000000011,0.01,0.022548750578425824,0.9370876395702362
3666,306,1222,20,2.049999999999979,0.01,0.0154737388781671,0.9467717943253455
3667,294,1173,19,1.9299999999999815,0.01,0.02427717756275853,0.9442450257196818
3668,129,514,8,0.2800000000000009,0.01,0.011280951119260862,0.9720895178616047
3669,89,354,5,-0.11999999999999944,0.01,0.012554351189781142,0.9606018429217131
3670,223,889,14,1.2199999999999966,0.01,0.024376787947998805,0.9496211821382696
3671,98,391,6,-0.02999999999999936,0.01,0.022115937089547514,0.9562173628807068
3672,120,478,7,0.19000000000000083,0.01,0.014058308800061543,0.9535901089509328
3673,136,541,9,0.350000000000001,0.01,0.013239656410673085,0.9562838270383722
3674,223,891,14,1.2199999999999966,0.01,0.019961660840116174,0.9619481233613831
3675,205,818,13,1.0400000000000005,0.01,0.01833444836494677,0.9661904515004626
3676,170,680,11,0.6900000000000013,0.01,0.02374995556948263,0.9602575131825039
3677,242,967,16,1.4099999999999926,0.01,0.020698489758689872,0.9653776082836214
3678,230,920,15,1.2899999999999952,0.01,0.02330152080761955,0.964062067500332
3679,97,387,6,-0.03999999999999937,0.01,0.016356065450236202,0.9644969010353088
3680,336,1343,22,2.3499999999999726,0.01,0.02075863287263062,0.9765787550381252
3681,216,861,14,1.1499999999999981,0.01,0.015764392899452813,0.9841768918214021
3682,77,306,5,-0.23999999999999955,0.01,0.013864100003909124,0.9842249468753212
3683,174,694,11,0.7300000000000013,0.01,0.007921730487629078,0.9841042244157125
3684,97,386,6,-0.03999999999999937,0.01,0.01212851056829095,0.9845896005630493
3685,280,1120,18,1.7899999999999845,0.01,0.0204834062971973,0.9769753532750266
3686,205,818,13,1.0400000000000005,0.01,0.02663521552184487,0.9660487607413647
3687,218,871,14,1.1699999999999977,0.01,0.009676514283960892,0.9849657195585745
3688,225,900,15,1.2399999999999962,0.01,0.020520604252325075,0.9682776718808893
3689,264,1055,17,1.629999999999988,0.01,0.02466805151550833,0.9851350143100276
3690,162,648,10,0.6100000000000012,0.01,0.029117044492159037,0.9964636415243149
3691,125,500,8,0.24000000000000088,0.01,0.023381552531293804,0.9814726114273071
3692,89,356,5,-0.11999999999999944,0.01,0.03890730220945957,0.9813538219617761
3693,444,1774,29,3.42999999999995,0.01,0.018768654960031446,0.9975519427308092
3694,126,503,8,0.2500000000000009,0.01,0.02540997928008437,1.00265359686267
3695,168,669,11,0.6700000000000013,0.01,0.01625087587273724,0.998698475815001
3696,41,164,2,-0.5999999999999999,0.01,0.02021296718157828,0.9824742078781128
3697,156,621,10,0.5500000000000012,0.01,0.018756137056371722,0.9993725357911526
3698,100,397,6,-0.009999999999999343,0.01,0.02583900313824415,0.9888075184822083
3699,447,1788,29,3.4599999999999493,0.01,0.018843218821400245,1.0037759611649173
3700,84,334,5,-0.16999999999999948,0.01,0.00961101230322605,1.0112771533784413
3701,413,1650,27,3.1199999999999566,0.01,0.016159188152670645,1.014053121932502
3702,91,362,6,-0.09999999999999942,0.01,0.015584721047755169,1.0119615456332332
3703,119,476,7,0.18000000000000083,0.01,0.013379693500852833,1.0167542397975922
3704,68,271,4,-0.3299999999999996,0.01,0.01059489999897778,1.0258538126945496
3705,238,950,15,1.3699999999999934,0.01,0.021138930334157105,1.0135911349522866
3706,212,847,14,1.109999999999999,0.01,0.021264705793791503,1.001804713932973
3707,60,240,4,-0.4099999999999997,0.01,0.022463842884947856,1.0066221912701925
3708,111,444,7,0.10000000000000075,0.01,0.02873593316014324,0.9995393923350743
3709,184,735,12,0.8300000000000014,0.01,0.020087703667662066,1.0047329262546871
3710,228,912,15,1.2699999999999956,0.01,0.023272085436538123,1.0013038411475064
3711,62,246,4,-0.3899999999999997,0.01,0.015315865020966157,1.0175681747496128
3712,286,1141,19,1.8499999999999832,0.01,0.017843819416823312,1.0308953523635864
3713,201,801,13,1.0000000000000013,0.01,0.013734605349600314,1.027542964220047
3714,241,962,16,1.3999999999999928,0.01,0.02220753372692671,1.0164347271450231
3715,194,775,12,0.9300000000000015,0.01,0.030173506170588855,1.0231781639158726
3716,20,79,1,-0.8099999999999999,0.01,0.02699581142514944,1.0220524787902832
3717,106,423,7,0.05000000000000071,0.01,0.02248108268853415,1.0142150388823614
3718,54,215,3,-0.46999999999999975,0.01,0.006011912599205971,1.0008181562790504
3719,55,220,3,-0.45999999999999974,0.01,0.01894276056970869,1.0057979396411352
3720,91,362,6,-0.09999999999999942,0.01,0.018064125613106982,0.9991509162861368
3721,102,405,6,0.010000000000000675,0.01,0.024175585070624946,1.0080538129806518
3722,111,442,7,0.10000000000000075,0.01,0.024092059233225882,1.0038379792656218
3723,196,783,13,0.9500000000000015,0.01,0.020638799199796453,0.9883285420281547
3724,27,108,1,-0.74,0.01,0.0053402024786919355,0.9872662595340184
3725,122,485,8,0.21000000000000085,0.01,0.031527818250469866,0.9876566549142202
3726,235,939,15,1.339999999999994,0.01,0.01777498105982855,0.9930714197077993
3727,297,1187,19,1.9599999999999809,0.01,0.018518274096218316,1.0066001407198004
3728,136,542,9,0.350000000000001,0.01,0.018683427225743586,1.0146238663617302
3729,85,337,5,-0.15999999999999948,0.01,0.033770954136603644,0.9980381273088001
3730,77,305,5,-0.23999999999999955,0.01,0.032221122726332395,0.9942774832248688
3731,208,831,13,1.0699999999999998,0.01,0.02421123795927717,0.9939668361957257
3732,251,1002,16,1.4999999999999907,0.01,0.02363489091681737,0.9995585151257054
3733,124,494,8,0.23000000000000087,0.01,0.030365953124278495,0.9958456158638
3734,379,1516,25,2.7799999999999634,0.01,0.021544746064433927,0.9977145577731885
3735,115,458,7,0.1400000000000008,0.01,0.02760474753148597,1.0050989594952813
3736,204,816,13,1.0300000000000007,0.01,0.025519290126348827,0.9932477100222719
3737,62,245,4,-0.3899999999999997,0.01,0.026456586566443244,0.9902535041173299
3738,44,175,2,-0.5699999999999998,0.01,0.012675290821458806,1.0489436279643665
3739,40,160,2,-0.6099999999999999,0.01,0.014676240389235318,1.020264947414398
3740,65,257,4,-0.35999999999999965,0.01,0.039227661813664085,1.00943383399178
3741,162,648,10,0.6100000000000012,0.01,0.024212239403277637,1.0279023692011833
3742,326,1304,21,2.2499999999999747,0.01,0.02518413278058444,1.018978749833456
3743,252,1005,16,1.5099999999999905,0.01,0.016396253986934586,1.027134775169312
3744,222,888,14,1.2099999999999969,0.01,0.02478307416577908,1.0281631523912602
3745,25,100,1,-0.7599999999999999,0.01,0.019219854070494573,1.0428967674573262
3746,259,1034,17,1.579999999999989,0.01,0.02543871782791729,1.0217698409007145
3747,154,615,10,0.5300000000000011,0.01,0.022413688741672117,1.0303849088839996
3748,196,781,13,0.9500000000000015,0.01,0.017524275817072058,1.0348073900962362
3749,75,298,4,-0.25999999999999956,0.01,0.022211815282288525,1.0275605155362024
3750,42,168,2,-0.5899999999999999,0.01,0.03383084229955619,1.0078997070139104
3751,403,1611,26,3.0199999999999587,0.01,0.01817337787562594,1.0512511169556344
3752,203,809,13,1.020000000000001,0.01,0.024130689990706743,1.0463831663131713
3753,460,1839,30,3.5899999999999466,0.01,0.021244873819143875,1.043827550307564
3754,225,898,14,1.2399999999999962,0.01,0.024851054373899836,1.0658944730173077
3755,150,600,10,0.4900000000000011,0.01,0.019444859788023138,1.079826706164592
3756,126,504,8,0.2500000000000009,0.01,0.023928138456540182,1.0609779357910156
3757,135,540,9,0.34000000000000097,0.01,0.019900686022910206,1.0768304340767139
3758,191,761,12,0.9000000000000015,0.01,0.029173538253720228,1.0622594853242238
3759,246,984,16,1.4499999999999917,0.01,0.026372092603255185,1.0769587351429848
3760,134,536,8,0.33000000000000096,0.01,0.017702903478603923,1.083085576693217
3761,357,1425,23,2.559999999999968,0.01,0.02553603190698483,1.0756916102398648
3762,181,723,12,0.8000000000000014,0.01,0.028874302115898743,1.0649911178194957
3763,269,1073,17,1.6799999999999868,0.01,0.023443547223430516,1.083950302494106
3764,95,379,6,-0.05999999999999939,0.01,0.01738839905980664,1.0896386951208115
3765,67,268,4,-0.33999999999999964,0.01,0.031228775143972598,1.0607314258813858
3766,246,983,16,1.4499999999999917,0.01,0.023352548048170583,1.0766194635821926
3767,148,590,9,0.4700000000000011,0.01,0.027823322729484457,1.078968640920278
3768,171,681,11,0.7000000000000013,0.01,0.01928515825420618,1.0838741646256558
3769,54,215,3,-0.46999999999999975,0.01,0.01165072057539454,1.0822969996012175
3770,56,221,3,-0.44999999999999973,0.01,0.037338027032092214,1.0793636015483312
3771,20,77,1,-0.8099999999999999,0.01,0.025672271475195886,1.0548901081085205
3772,187,748,12,0.8600000000000014,0.01,0.01861709380086432,1.083301896744586
3773,111,443,7,0.10000000000000075,0.01,0.03005351673346013,1.0652457241501128
3774,154,614,10,0.5300000000000011,0.01,0.025431706018647866,1.0781992642503035
3775,52,205,3,-0.48999999999999977,0.01,0.020340541413483713,1.096581587424645
3776,209,834,13,1.0799999999999996,0.01,0.02741373581543135,1.0686588734388351
3777,301,1203,20,1.99999999999998,0.01,0.013955481745621287,1.088817801914717
3778,111,442,7,0.10000000000000075,0.01,0.01372285090662815,1.0967925786972046
3779,109,434,7,0.08000000000000074,0.01,0.02568845163997529,1.0938315008367812
3780,123,490,8,0.22000000000000086,0.01,0.020785334527802964,1.0886000156402589
3781,152,605,10,0.5100000000000011,0.01,0.03242224102570234,1.0857391451534473
3782,155,618,10,0.5400000000000011,0.01,0.01793905232961361,1.0976591538160274
3783,367,1465,24,2.659999999999966,0.01,0.01513998979024346,1.0923159485277922
3784,103,409,6,0.020000000000000684,0.01,0.016497675857793253,1.0993721530987666
3785,43,170,2,-0.5799999999999998,0.01,0.0621134364977479,1.0816971242427826
3786,32,126,2,-0.69,0.01,0.031239545613061637,1.0312787592411041
3787,146,584,9,0.45000000000000107,0.01,0.022341495014827798,1.0599587011981655
3788,58,229,3,-0.4299999999999997,0.01,0.034305000494766445,1.0507262902600425
3789,144,573,9,0.43000000000000105,0.01,0.034329453728989594,1.0636397302150726
3790,314,1255,20,2.1299999999999772,0.01,0.02077260361748594,1.066286157203626
3791,54,215,3,-0.46999999999999975,0.01,0.005033248551906302,1.0629018820249116
3792,52,207,3,-0.48999999999999977,0.01,0.005639964607186043,1.082796078461867
3793,169,673,11,0.6800000000000013,0.01,0.017524889502457754,1.065574612728385
3794,101,402,6,6.661338147750939e-16,0.01,0.022947462936863304,1.0626117873191834
3795,79,316,5,-0.21999999999999953,0.01,0.019247280864510684,1.064262256026268
3796,367,1467,24,2.659999999999966,0.01,0.029997802040140544,1.0733422931734022
3797,288,1150,19,1.8699999999999828,0.01,0.021235926548898634,1.0738340127799246
3798,58,229,3,-0.4299999999999997,0.01,0.02997037268554171,1.0530765930811563
3799,117,468,7,0.1600000000000008,0.01,0.008724802920337895,1.0882930508975326
3800,87,345,5,-0.13999999999999946,0.01,0.019136063029608606,1.074149576100436
3801,287,1148,19,1.859999999999983,0.01,0.02095082771847956,1.0693920304377873
3802,271,1081,18,1.6999999999999864,0.01,0.02395660159831394,1.0524478536933215
3803,370,1477,24,2.6899999999999653,0.01,0.03160764018113735,1.0485431019977858
3804,201,803,13,1.0000000000000013,0.01,0.022118233260698617,1.0534035050868988
3805,204,813,13,1.0300000000000007,0.01,0.018926303486759756,1.0522540796036814
3806,78,310,5,-0.22999999999999954,0.01,0.0345839922549203,1.0424226343631744
3807,277,1107,18,1.7599999999999851,0.01,0.025718636203395283,1.057943810587344
3808,541,2162,36,4.399999999999929,0.01,0.021349504346855813,1.0415230759867915
3809,43,172,2,-0.5799999999999998,0.01,0.030274682212620974,1.0339156822724775
3810,69,276,4,-0.3199999999999996,0.01,0.014927993816159228,1.0478139134014355
3811,266,1064,17,1.6499999999999875,0.01,0.023817388542385687,1.0342453433506524
3812,134,534,8,0.33000000000000096,0.01,0.01837206461156408,1.0326843099160627
3813,325,1300,21,2.239999999999975,0.01,0.01891914651338241,1.0443677247306447
3814,199,793,13,0.9800000000000015,0.01,0.02233314533252269,1.0689137959480286
3815,126,504,8,0.2500000000000009,0.01,0.035651301965117455,1.0404363255947828
3816,66,264,4,-0.34999999999999964,0.01,0.023443971964297816,1.0700810253620148
3817,58,231,3,-0.4299999999999997,0.01,0.013838050980120897,1.0691332578659059
3818,292,1166,19,1.909999999999982,0.01,0.0166906672466087,1.0632749355002626
3819,278,1111,18,1.769999999999985,0.01,0.02201166832347171,1.0686725369398145
3820,211,844,14,1.0999999999999992,0.01,0.023868069628183292,1.0696972900966428
3821,202,807,13,1.0100000000000011,0.01,0.02660022661089897,1.0788044238090515
3822,67,267,4,-0.33999999999999964,0.01,0.01769943776376107,1.0768361301983105
3823,234,934,15,1.3299999999999943,0.01,0.02091112162254877,1.0671437109931041
3824,160,638,10,0.5900000000000012,0.01,0.022547750966623425,1.0704486787319183
3825,79,314,5,-0.21999999999999953,0.01,0.008775289819918965,1.087297847396449
3826,178,710,11,0.7700000000000014,0.01,0.02200709222815931,1.064013459947374
3827,205,820,13,1.0400000000000005,0.01,0.022475197080376687,1.0605268186213923
3828,184,736,12,0.8300000000000014,0.01,0.02256495535687503,1.0696795699389086
3829,203,809,13,1.020000000000001,0.01,0.02165448909862807,1.0707375302034265
3830,260,1038,17,1.5899999999999888,0.01,0.01410269824286493,1.072898404414837
3831,191,764,12,0.9000000000000015,0.01,0.02487845817328586,1.0577504249910514
3832,243,969,16,1.4199999999999924,0.01,0.020681942343556633,1.0576609939336776
3833,213,849,14,1.1199999999999988,0.01,0.022773903712664766,1.0636563234859042
3834,165,659,10,0.6400000000000012,0.01,0.03922215260269984,1.0538035587566654
3835,106,421,7,0.05000000000000071,0.01,0.02486470227058117,1.055231055388084
3836,172,685,11,0.7100000000000013,0.01,0.012517112415543822,1.0744306597598763
3837,319,1276,21,2.179999999999976,0.01,0.02571379906439688,1.0533897392451763
3838,51,202,3,-0.4999999999999998,0.01,0.023767489151885875,1.024331441292396
3839,160,639,10,0.5900000000000012,0.01,0.015804751130053772,1.0611042201519012
3840,115,459,7,0.1400000000000008,0.01,0.024329715472613943,1.0687473149135196
3841,172,685,11,0.7100000000000013,0.01,0.04873125238863881,1.0533412001853766
3842,120,478,7,0.19000000000000083,0.01,0.013342861194784443,1.0813224991162618
3843,141,562,9,0.400000000000001,0.01,0.0289094795539443,1.0663188355309623
3844,22,85,1,-0.7899999999999999,0.01,0.008023111149668694,1.0682774543762208
3845,155,618,10,0.5400000000000011,0.01,0.023767503581415765,1.074295630821815
3846,300,1198,19,1.9899999999999802,0.01,0.016976602794602513,1.0788679480552674
3847,276,1101,18,1.7499999999999853,0.01,0.019595105410216078,1.0715754714565
3848,286,1144,19,1.8499999999999832,0.01,0.022939157209798902,1.02481080012189
3849,120,479,7,0.19000000000000083,0.01,0.034852972843994696,1.0163080553213755
3850,281,1121,18,1.7999999999999843,0.01,0.01618398845062724,1.0238424667290278
3851,100,400,6,-0.009999999999999343,0.01,0.031862401450052855,1.0192568922042846
3852,130,520,8,0.2900000000000009,0.01,0.017107552514062263,1.0299113113433123
3853,130,520,8,0.2900000000000009,0.01,0.018458629259839654,1.0328293045361836
3854,177,706,11,0.7600000000000013,0.01,0.02668010579972443,1.0036665431477807
3855,46,182,3,-0.5499999999999998,0.01,0.014041414950042963,1.0261938919623692
3856,105,419,6,0.0400000000000007,0.01,0.02992020626194202,1.0028913433735187
3857,232,925,15,1.3099999999999947,0.01,0.027877935666012866,1.0182985355114114
3858,189,754,12,0.8800000000000014,0.01,0.031500016765153786,1.0125146875990199
3859,53,211,3,-0.47999999999999976,0.01,0.025680977242210738,1.027387527319101
3860,126,502,8,0.2500000000000009,0.01,0.01896572117402684,1.016054978594184
3861,132,528,8,0.31000000000000094,0.01,0.018316309391097588,1.0286568294871936
3862,231,921,15,1.299999999999995,0.01,0.018897103679623325,1.0238420243920952
3863,130,520,8,0.2900000000000009,0.01,0.02285359449160751,1.0325754508376122
3864,138,551,9,0.370000000000001,0.01,0.03189200784878007,1.0114905749048506
3865,142,567,9,0.41000000000000103,0.01,0.007322411348910204,1.0220336948122297
3866,154,614,10,0.5300000000000011,0.01,0.02261287138128701,1.01425546560532
3867,131,521,8,0.30000000000000093,0.01,0.020560733013553545,1.0336622428148985
3868,192,765,12,0.9100000000000015,0.01,0.02031503456722324,1.0348085823158424
3869,521,2083,34,4.199999999999934,0.01,0.027246893136513257,1.0274428948191285
3870,160,639,10,0.5900000000000012,0.01,0.024233222100883724,1.0372903659939765
3871,24,96,1,-0.7699999999999999,0.01,0.00863566171998779,1.0397056639194489
3872,53,211,3,-0.47999999999999976,0.01,0.008557522006762715,1.043252325974978
3873,47,186,3,-0.5399999999999998,0.01,0.005865040700882673,1.0654006749391556
3874,150,599,9,0.4900000000000011,0.01,0.017915391526814248,1.0428877054034054
3875,219,876,14,1.1799999999999975,0.01,0.014745013690976933,1.0537386363202876
3876,190,757,12,0.8900000000000015,0.01,0.025127620698804868,1.0293071079761424
3877,161,641,10,0.6000000000000012,0.01,0.012921703178662716,1.0379148343714273
3878,96,382,6,-0.04999999999999938,0.01,0.02590452288859524,1.0466915542880695
3879,206,822,13,1.0500000000000003,0.01,0.011688933671251232,1.03924607295616
3880,297,1187,19,1.9599999999999809,0.01,0.020343035009588947,1.0327919254431854
3881,130,520,8,0.2900000000000009,0.01,0.019894961429985637,1.0341760389732593
3882,276,1103,18,1.7499999999999853,0.01,0.021124938448918038,1.0335152727970178
3883,317,1267,21,2.1599999999999766,0.01,0.027363056331707894,1.0302504135083548
3884,192,768,12,0.9100000000000015,0.01,0.024456474697217345,1.022320071856181
3885,94,376,6,-0.0699999999999994,0.01,0.018872606471025694,1.0122543573379517
3886,373,1490,24,2.7199999999999647,0.01,0.025013640520453292,1.0077841858710013
3887,143,572,9,0.42000000000000104,0.01,0.012434713645941682,1.01823813882139
3888,119,475,7,0.18000000000000083,0.01,0.024426819539853727,1.0315242306939487
3889,244,975,16,1.4299999999999922,0.01,0.028583205140913365,1.043924343390543
3890,214,855,14,1.1299999999999986,0.01,0.015758846446664795,1.0634737975067563
3891,274,1093,18,1.7299999999999858,0.01,0.023902501482927406,1.0475587520529241
3892,199,795,13,0.9800000000000015,0.01,0.01888231499120593,1.0476544880867005
3893,183,732,12,0.8200000000000014,0.01,0.0266946573316565,1.0522011259327764
3894,197,786,13,0.9600000000000015,0.01,0.02432669951029274,1.0568309268172906
3895,236,943,15,1.3499999999999939,0.01,0.022225326408584743,1.0613402653548678
3896,286,1144,19,1.8499999999999832,0.01,0.02308600760685901,1.053172681066725
3897,211,841,14,1.0999999999999992,0.01,0.017952342338573474,1.0705847499462275
3898,98,391,6,-0.02999999999999936,0.01,0.021718449676409363,1.0750757837295533
3899,193,771,12,0.9200000000000015,0.01,0.024628061490754288,1.0764776145418484
3900,107,426,7,0.06000000000000072,0.01,0.028821116951466712,1.0596075654029846
3901,158,629,10,0.5700000000000012,0.01,0.027972155417769384,1.0549612564918323
3902,271,1081,18,1.6999999999999864,0.01,0.029058555774527657,1.0597578760455637
3903,64,254,4,-0.36999999999999966,0.01,0.010370562522439286,1.084870845079422
3904,190,759,12,0.8900000000000015,0.01,0.029102034083431743,1.0786145230134327
3905,21,81,1,-0.7999999999999999,0.01,0.024200459523126484,1.062853217124939
3906,81,323,5,-0.1999999999999995,0.01,0.018920821242500097,1.077651071548462
3907,173,691,11,0.7200000000000013,0.01,0.027354520972991406,1.0876885707988295
3908,183,729,12,0.8200000000000014,0.01,0.029493958466564833,1.0828478997168334
3909,167,668,11,0.6600000000000013,0.01,0.021715902324233736,1.0765682203429086
3910,75,297,4,-0.25999999999999956,0.01,0.012549790320917964,1.0881197013353046
3911,71,282,4,-0.2999999999999996,0.01,0.010044051936882384,1.0885232476627125
3912,161,644,10,0.6000000000000012,0.01,0.02811440496660042,1.0794849192223899
3913,478,1911,31,3.7699999999999427,0.01,0.019283085914735657,1.1027691479490584
3914,201,801,13,1.0000000000000013,0.01,0.021903136917389928,1.0968361210823059
3915,154,613,10,0.5300000000000011,0.01,0.01424950854972196,1.0975795403504982
3916,405,1617,26,3.0399999999999583,0.01,0.024493904271402793,1.1098379156377056
3917,200,797,13,0.9900000000000015,0.01,0.014832195923663676,1.1081472277641295
3918,168,671,11,0.6700000000000013,0.01,0.024535789365126265,1.103883527574085
3919,149,595,9,0.4800000000000011,0.01,0.027034001714373763,1.1056791898366567
3920,45,177,2,-0.5599999999999998,0.01,0.012661923751390228,1.1249004006385803
3921,192,766,12,0.9100000000000015,0.01,0.013368694249948021,1.117107945183913
3922,238,951,15,1.3699999999999934,0.01,0.030211675000550636,1.1192856885619082
3923,194,775,12,0.9300000000000015,0.01,0.012876803478302092,1.1262695765008732
3924,213,851,14,1.1199999999999988,0.01,0.01569764394717256,1.131666140736274
3925,232,927,15,1.3099999999999947,0.01,0.030560993487095654,1.1191439217534558
3926,153,612,10,0.5200000000000011,0.01,0.022298207586190028,1.1190589634995711
3927,105,418,6,0.0400000000000007,0.01,0.01557681867136405,1.1538640352395864
3928,246,983,16,1.4499999999999917,0.01,0.018203395261098782,1.141297209647394
3929,349,1395,23,2.47999999999997,0.01,0.025067528434119177,1.1182079520718804
3930,89,353,5,-0.11999999999999944,0.01,0.040307841189628976,1.1206446560946377
3931,60,238,3,-0.4099999999999997,0.01,0.0559102107770741,1.1156241257985433
3932,178,710,11,0.7700000000000014,0.01,0.028602353235085805,1.1519994020462037
3933,269,1073,17,1.6799999999999868,0.01,0.020389434245567935,1.153317677440928
3934,409,1636,27,3.0799999999999574,0.01,0.024706184377839023,1.1568836639909184
3935,56,224,3,-0.44999999999999973,0.01,0.010921315888741187,1.181389331817627
3936,152,606,10,0.5100000000000011,0.01,0.02253924082278421,1.1677190379092568
3937,206,822,13,1.0500000000000003,0.01,0.0235049970036086,1.169857838979134
3938,192,767,12,0.9100000000000015,0.01,0.021062757179606706,1.165234014391899
3939,280,1117,18,1.7899999999999845,0.01,0.029644827564646092,1.1609420554978507
3940,176,703,11,0.7500000000000013,0.01,0.032609659818593754,1.1607971651987596
3941,104,416,6,0.030000000000000693,0.01,0.023395273780736785,1.1642666459083557
3942,86,344,5,-0.14999999999999947,0.01,0.027721836142951532,1.1347236008871169
3943,247,988,16,1.4599999999999915,0.01,0.01752941621722834,1.1445932984352112
3944,104,415,6,0.030000000000000693,0.01,0.019730954592187818,1.1463670501342187
3945,255,1019,16,1.5399999999999898,0.01,0.020951953007170232,1.1437395755201578
3946,38,152,2,-0.6299999999999999,0.01,0.024103865079167817,1.1462223397360907
3947,334,1335,22,2.329999999999973,0.01,0.019484759738025742,1.134561605396725
3948,195,779,12,0.9400000000000015,0.01,0.025650483950478385,1.1543217605474043
3949,310,1237,20,2.089999999999978,0.01,0.023675818912467207,1.152947911968479
3950,183,729,12,0.8200000000000014,0.01,0.025964231554256832,1.1468425159868987
3951,61,241,4,-0.3999999999999997,0.01,0.025352461511890093,1.1704023599624633
3952,286,1144,19,1.8499999999999832,0.01,0.014123170940567635,1.167693038781484
3953,175,697,11,0.7400000000000013,0.01,0.02264429467491979,1.1826589495636697
3954,211,843,14,1.0999999999999992,0.01,0.029437693521239847,1.1745818695932064
3955,244,975,16,1.4299999999999922,0.01,0.027467986923779865,1.1746800199883882
3956,255,1020,17,1.5399999999999898,0.01,0.0338180458311399,1.1748232524842024
3957,8,32,0,-0.9299999999999999,0.01,0.05385159538127482,1.1676716208457947
3958,168,672,11,0.6700000000000013,0.01,0.03265695110340381,1.175689433302198
3959,103,412,6,0.020000000000000684,0.01,0.05237236930630528,1.172068857229673
3960,341,1363,22,2.3999999999999715,0.01,0.024917540910160716,1.1752589772729312
3961,153,611,10,0.5200000000000011,0.01,0.025799363563572496,1.16606846294905
3962,197,788,13,0.9600000000000015,0.01,0.023704662287075604,1.183332632999031
3963,245,977,16,1.439999999999992,0.01,0.024722375024500632,1.1847111832711004
3964,165,659,10,0.6400000000000012,0.01,0.017608095573761116,1.1979234131371104
3965,221,883,14,1.199999999999997,0.01,0.01884839784523303,1.1850880774584684
3966,43,172,2,-0.5799999999999998,0.01,0.0058533072005957365,1.1962409886446865
3967,199,796,13,0.9800000000000015,0.01,0.011593894367106259,1.1947840642929077
3968,214,856,14,1.1299999999999986,0.01,0.026354217418592493,1.1766743075172856
3969,251,1001,16,1.4999999999999907,0.01,0.03620064964089247,1.1694997511212788
3970,23,91,1,-0.7799999999999999,0.01,0.008272939594462514,1.1420440673828125
3971,210,839,13,1.0899999999999994,0.01,0.025340212844849493,1.1849605097220495
3972,18,71,1,-0.83,0.01,0.04266239516437054,1.165754771232605
3973,233,930,15,1.3199999999999945,0.01,0.025658455175540315,1.1689606267830421
3974,159,636,10,0.5800000000000012,0.01,0.024575480172643438,1.1802276134490968
3975,146,584,9,0.45000000000000107,0.01,0.022816046328646027,1.1702052454153697
3976,95,378,6,-0.05999999999999939,0.01,0.0331021090678405,1.1641520063082378
3977,69,273,4,-0.3199999999999996,0.01,0.013995191438452285,1.1685990375630997
3978,131,523,8,0.30000000000000093,0.01,0.02658227938368465,1.1643692688508467
3979,303,1209,20,2.0199999999999796,0.01,0.025531453711568917,1.167492389678955
3980,232,926,15,1.3099999999999947,0.01,0.02758525120463736,1.1522617257874588
3981,165,658,10,0.6400000000000012,0.01,0.023829244883594718,1.1607871782488939
3982,268,1071,17,1.669999999999987,0.01,0.02568483144503587,1.1626182723401197
3983,101,402,6,6.661338147750939e-16,0.01,0.02284405246376991,1.16193829536438
3984,173,690,11,0.7200000000000013,0.01,0.024697968303117643,1.1645575928133587
3985,46,184,3,-0.5499999999999998,0.01,0.02160414564423263,1.1310309867064159
3986,159,636,10,0.5800000000000012,0.01,0.02013950197142549,1.1561633199453354
3987,151,602,10,0.5000000000000011,0.01,0.0337513888607154,1.1562821156269796
3988,145,577,9,0.44000000000000106,0.01,0.020395310111092153,1.149600853791108
3989,308,1230,20,2.0699999999999785,0.01,0.02681966443763828,1.132971379664037
3990,402,1607,26,3.009999999999959,0.01,0.024677622844465077,1.1305009925365448
3991,143,571,9,0.42000000000000104,0.01,0.016409846242620714,1.1417490773730807
3992,310,1238,20,2.089999999999978,0.01,0.030387609465313808,1.1414822386456775
3993,253,1009,16,1.5199999999999902,0.01,0.024101307346427348,1.147832976654172
3994,253,1011,16,1.5199999999999902,0.01,0.02411356603815442,1.1601877117913866
3995,58,231,3,-0.4299999999999997,0.01,0.02941450445047979,1.1472136207989283
3996,273,1091,18,1.719999999999986,0.01,0.020103973967522597,1.1601783192676047
3997,327,1307,21,2.2599999999999745,0.01,0.022791967212716924,1.153256275035717
3998,280,1117,18,1.7899999999999845,0.01,0.017177279306841747,1.1641595193317957
3999,81,321,5,-0.1999999999999995,0.01,0.018945392620350634,1.1512140546526228
4000,279,1116,18,1.7799999999999847,0.01,0.027823882008754255,1.1526336842688962
4001,239,955,15,1.3799999999999932,0.01,0.024425025195038568,1.1421315133571626
4002,315,1257,20,2.139999999999977,0.01,0.02542952407752694,1.1367502740666837
4003,313,1251,20,2.1199999999999775,0.01,0.01755321373900351,1.1478371482629042
4004,392,1567,26,2.9099999999999606,0.01,0.022253416523774515,1.1210417589362787
4005,96,382,6,-0.04999999999999938,0.01,0.02402272751593652,1.1023343056440353
4006,227,907,15,1.2599999999999958,0.01,0.023548233588307835,1.1245174554356359
4007,271,1082,18,1.6999999999999864,0.01,0.0171972887679551,1.121989229146172
4008,314,1255,20,2.1299999999999772,0.01,0.021758090641994316,1.1194440294534733
4009,252,1008,16,1.5099999999999905,0.01,0.020112985830074027,1.0975017339464217
4010,164,654,10,0.6300000000000012,0.01,0.026097619417691377,1.0946179105014335
4011,151,601,10,0.5000000000000011,0.01,0.028272872643643303,1.0988768527382298
4012,314,1254,20,2.1299999999999772,0.01,0.018941597245896283,1.0843871526229076
4013,110,437,7,0.09000000000000075,0.01,0.01828355113476781,1.0699122420379095
4014,345,1378,22,2.4399999999999706,0.01,0.018726141141933324,1.0828158023745516
4015,213,851,14,1.1199999999999988,0.01,0.027718915454691875,1.0804181593769002
4016,42,165,2,-0.5899999999999999,0.01,0.017112943640148096,1.0794779929247769
4017,131,521,8,0.30000000000000093,0.01,0.024583847791125827,1.0625135176109546
4018,188,750,12,0.8700000000000014,0.01,0.022288651195691622,1.0755770612270275
4019,438,1749,29,3.3699999999999513,0.01,0.01484256545124456,1.0892484543520375
4020,199,796,13,0.9800000000000015,0.01,0.023006892357952894,1.074935941696167
4021,243,971,16,1.4199999999999924,0.01,0.03129624678051007,1.072468388276022
4022,357,1427,23,2.559999999999968,0.01,0.0189954579985711,1.0440670332212127
4023,221,882,14,1.199999999999997,0.01,0.028545835271308367,1.053174090385437
4024,438,1751,29,3.3699999999999513,0.01,0.0163112776089375,1.050791569189592
4025,73,291,4,-0.2799999999999996,0.01,0.016999610997219052,1.0624766151110332
4026,137,548,9,0.360000000000001,0.01,0.03286867496995803,1.0444050378659193
4027,310,1239,20,2.089999999999978,0.01,0.024451849753789317,1.0735501081515582
4028,237,945,15,1.3599999999999937,0.01,0.017522063287827423,1.0659164634801575
4029,19,73,1,-0.82,0.01,0.04240263532847166,1.0386603593826294
4030,236,943,15,1.3499999999999939,0.01,0.013720606153799315,1.064338487083629
4031,317,1268,21,2.1599999999999766,0.01,0.017463292101327375,1.0915330120279818
4032,66,261,4,-0.34999999999999964,0.01,0.022101952738012187,1.0865298360586166
4033,76,301,5,-0.24999999999999956,0.01,0.022139353395782803,1.0695333920027081
4034,110,438,7,0.09000000000000075,0.01,0.03960107252766777,1.0571701654366084
4035,215,860,14,1.1399999999999983,0.01,0.02376626118051785,1.0786054443430018
4036,218,869,14,1.1699999999999977,0.01,0.027855250980118634,1.0730644409303312
4037,201,803,13,1.0000000000000013,0.01,0.0323902555834502,1.0550204205513
4038,175,699,11,0.7400000000000013,0.01,0.020846751153426754,1.07295992157676
4039,18,71,1,-0.83,0.01,0.008221461437642574,1.0425212860107422
4040,105,420,7,0.0400000000000007,0.01,0.014138027300270131,1.0848940289937532
4041,141,561,9,0.400000000000001,0.01,0.022186854840921505,1.0773806265422277
4042,137,548,9,0.360000000000001,0.01,0.022257246980991435,1.081374448888442
4043,82,325,5,-0.1899999999999995,0.01,0.022966102408688693,1.0502313347089858
4044,150,598,9,0.4900000000000011,0.01,0.0264293798056708,1.0741762921616838
4045,101,402,6,6.661338147750939e-16,0.01,0.015532050460863572,1.0612544119358063
4046,160,638,10,0.5900000000000012,0.01,0.015343964699422941,1.0542263880372047
4047,209,834,13,1.0799999999999996,0.01,0.016187442121848177,1.0529789626598358
4048,130,517,8,0.2900000000000009,0.01,0.029230827203718945,1.054329825565219
4049,142,565,9,0.41000000000000103,0.01,0.014941740017901693,1.0561503718296688
4050,293,1171,19,1.9199999999999817,0.01,0.02592810442390507,1.0584123330573514
4051,220,879,14,1.1899999999999973,0.01,0.030941314047033135,1.0722460042346607
4052,85,337,5,-0.15999999999999948,0.01,0.028002248001506642,1.0540149552481515
4053,193,770,12,0.9200000000000015,0.01,0.017231154103516316,1.07644023457352
4054,43,171,2,-0.5799999999999998,0.01,0.014328600675798952,1.1005290150642395
4055,146,584,9,0.45000000000000107,0.01,0.019290041927298582,1.0703255050891154
4056,144,575,9,0.43000000000000105,0.01,0.00974845427683451,1.081062591738171
4057,151,602,10,0.5000000000000011,0.01,0.017726416717969665,1.0888586452132778
4058,416,1661,27,3.149999999999956,0.01,0.023848655405275237,1.09915257531863
4059,231,921,15,1.299999999999995,0.01,0.020541031416015404,1.0929811732810841
4060,180,720,12,0.7900000000000014,0.01,0.022580300664736166,1.1004865725835165
4061,249,995,16,1.479999999999991,0.01,0.02522232272987446,1.1033464745869712
4062,181,724,12,0.8000000000000014,0.01,0.015661251125857235,1.1049079020818076
4063,146,583,9,0.45000000000000107,0.01,0.01575690602314555,1.1021770636240642
4064,175,700,11,0.7400000000000013,0.01,0.024123724878088317,1.097497964447195
4065,211,841,14,1.0999999999999992,0.01,0.02021678087723283,1.0937671740100068
4066,131,522,8,0.30000000000000093,0.01,0.010219316742608718,1.1042987939083215
4067,321,1283,21,2.1999999999999758,0.01,0.026596906420309097,1.100951336324215
4068,351,1402,23,2.4999999999999694,0.01,0.019097603495042262,1.1126266284422441
4069,166,664,11,0.6500000000000012,0.01,0.02596244923543276,1.101498702677285
4070,305,1217,20,2.039999999999979,0.01,0.021713966614027556,1.1118206397483223
4071,309,1235,20,2.0799999999999783,0.01,0.030306579363054763,1.1101976892887018
4072,98,390,6,-0.02999999999999936,0.01,0.018487193301552907,1.1126497437556584
4073,194,774,12,0.9300000000000015,0.01,0.025644772448481953,1.1072325292898684
4074,65,259,4,-0.35999999999999965,0.01,0.03180817372049205,1.1069232001900673
4075,311,1244,20,2.099999999999978,0.01,0.018830133073676664,1.1171257633429308
4076,153,609,10,0.5200000000000011,0.01,0.025303322270414548,1.0815085204024064
4077,249,994,16,1.479999999999991,0.01,0.017506043580661136,1.1030346270530456
4078,198,792,13,0.9700000000000015,0.01,0.024105183188803492,1.0743424797058105
4079,131,523,8,0.30000000000000093,0.01,0.027696796700183768,1.0931106396019459
4080,150,597,9,0.4900000000000011,0.01,0.016868016186268313,1.0941503330280906
4081,230,917,15,1.2899999999999952,0.01,0.02729352674724763,1.0634190147383171
4082,11,43,0,-0.9,0.01,0.028689329822858173,1.0300638675689697
4083,198,791,13,0.9700000000000015,0.01,0.025691330288536846,1.0603572940826416
4084,146,584,9,0.45000000000000107,0.01,0.028516246730254755,1.0507841871844397
4085,62,246,4,-0.3899999999999997,0.01,0.03409017450758256,1.0522836707532406
4086,193,771,12,0.9200000000000015,0.01,0.01639382214731692,1.071404864390691
4087,277,1106,18,1.7599999999999851,0.01,0.020948464398447803,1.0642485869103584
4088,390,1558,25,2.889999999999961,0.01,0.01798233888777239,1.0615511542680311
4089,114,453,7,0.13000000000000078,0.01,0.018345826629748836,1.0659005833523614
4090,84,333,5,-0.16999999999999948,0.01,0.021303061473493774,1.0579179638908023
4091,221,882,14,1.199999999999997,0.01,0.01703723895532841,1.0684215437282216
4092,187,746,12,0.8600000000000014,0.01,0.027649126832987717,1.0855702453471245
4093,282,1128,18,1.809999999999984,0.01,0.021313550622976372,1.1013351275887289
4094,286,1141,19,1.8499999999999832,0.01,0.020966139402319218,1.1012006804976664
4095,143,570,9,0.42000000000000104,0.01,0.017120664473623037,1.0897016392813788
4096,58,229,3,-0.4299999999999997,0.01,0.019762921213571514,1.0795258709362574
4097,221,884,14,1.199999999999997,0.01,0.031624214815175425,1.088671482035092
4098,107,425,7,0.06000000000000072,0.01,0.02277438512716729,1.072507076538526
4099,377,1505,25,2.759999999999964,0.01,0.01891819853335619,1.0966089568640056
4100,18,69,1,-0.83,0.01,0.04041319095995277,1.0831857323646545
4101,201,803,13,1.0000000000000013,0.01,0.023679678170010446,1.083481001853943
4102,256,1022,17,1.5499999999999896,0.01,0.014320810725621413,1.107419814914465
4103,149,595,9,0.4800000000000011,0.01,0.017268802180249048,1.1231779769847268
4104,147,587,9,0.4600000000000011,0.01,0.023848850396461785,1.114239129755232
4105,118,471,7,0.17000000000000082,0.01,0.02007828784796099,1.1126445968945822
4106,25,99,1,-0.7599999999999999,0.01,0.0069383216323331,1.09855051835378
4107,326,1303,21,2.2499999999999747,0.01,0.02548543731227699,1.1074136146684972
4108,69,274,4,-0.3199999999999996,0.01,0.00522740075693411,1.1254507303237915
4109,318,1272,21,2.1699999999999764,0.01,0.02040003950978759,1.0983982629413847
4110,334,1333,22,2.329999999999973,0.01,0.026280871244601996,1.0907901908670152
4111,109,436,7,0.08000000000000074,0.01,0.019624582112387375,1.1011633652227897
4112,229,915,15,1.2799999999999954,0.01,0.022139957248184242,1.0949675074794836
4113,256,1024,17,1.5499999999999896,0.01,0.017116189401349402,1.0864967815577984
4114,194,774,12,0.9300000000000015,0.01,0.013170095939873432,1.0805753542452443
4115,29,113,1,-0.72,0.01,0.005572432851684945,1.0587106091635567
4116,205,818,13,1.0400000000000005,0.01,0.01939253758766926,1.0737313873627607
4117,368,1472,24,2.6699999999999657,0.01,0.021273814169588783,1.072236075349476
4118,119,473,7,0.18000000000000083,0.01,0.01427458559628576,1.0717612584431966
4119,119,476,7,0.18000000000000083,0.01,0.02148903158182899,1.1078216274579367
4120,222,885,14,1.2099999999999969,0.01,0.016125768440013583,1.0920779249884867
4121,271,1081,18,1.6999999999999864,0.01,0.020051106231917134,1.0965937393553116
4122,165,659,10,0.6400000000000012,0.01,0.015431709928301776,1.0923999606109247
4123,192,766,12,0.9100000000000015,0.01,0.023292518002563156,1.0873520423968632
4124,211,841,14,1.0999999999999992,0.01,0.02652634396261694,1.092875265850211
4125,94,375,6,-0.0699999999999994,0.01,0.012227034448490789,1.0962447474400203
4126,106,423,7,0.05000000000000071,0.01,0.032029248568086095,1.0860129273854768
4127,244,975,16,1.4299999999999922,0.01,0.030604542507866365,1.0915493417958744
4128,241,962,16,1.3999999999999928,0.01,0.019066255116680017,1.0937284568945567
4129,340,1360,22,2.3899999999999717,0.01,0.02400064553024576,1.097183986271129
4130,251,1001,16,1.4999999999999907,0.01,0.01988979223154722,1.0988580461532351
4131,286,1143,19,1.8499999999999832,0.01,0.018202396352232125,1.1002042839924495
4132,343,1370,22,2.419999999999971,0.01,0.022309858450556504,1.0961810413528892
4133,80,317,5,-0.20999999999999952,0.01,0.014380903623532504,1.096755826473236
4134,130,519,8,0.2900000000000009,0.01,0.010505992841596404,1.1125763293468591
4135,275,1097,18,1.7399999999999856,0.01,0.026074892689433436,1.0915171892746636
4136,187,748,12,0.8600000000000014,0.01,0.022788815617905526,1.1105134176171345
4137,264,1053,17,1.629999999999988,0.01,0.015913770895691192,1.107584089943857
4138,119,475,7,0.18000000000000083,0.01,0.022494205801437298,1.0945240020751954
4139,94,375,6,-0.0699999999999994,0.01,0.024680419825017452,1.0866362005472183
4140,236,943,15,1.3499999999999939,0.01,0.01546429850208431,1.1028465739751265
4141,99,396,6,-0.01999999999999935,0.01,0.02235825059081738,1.1013050923744838
4142,75,297,4,-0.25999999999999956,0.01,0.012477249801649075,1.0834748995931525
4143,278,1112,18,1.769999999999985,0.01,0.025753628266310055,1.0940605419022695
4144,66,264,4,-0.34999999999999964,0.01,0.015743000287329778,1.109472282230854
4145,179,713,11,0.7800000000000014,0.01,0.02635341997568806,1.0806384457482232
4146,223,892,14,1.2199999999999966,0.01,0.01615796334642385,1.0877299351351601
4147,436,1743,29,3.3499999999999517,0.01,0.022481290099142685,1.077683921800841
4148,108,430,7,0.07000000000000073,0.01,0.012979981605894864,1.0933997697300382
4149,163,651,10,0.6200000000000012,0.01,0.02163429984357208,1.0791987761855126
4150,132,528,8,0.31000000000000094,0.01,0.01430778226561167,1.0792461850426414
4151,324,1294,21,2.229999999999975,0.01,0.025652501826967905,1.0794033555336942
4152,52,205,3,-0.48999999999999977,0.01,0.010874925449920388,1.0933367197330182
4153,175,699,11,0.7400000000000013,0.01,0.015940791900820015,1.081617295742035
4154,231,923,15,1.299999999999995,0.01,0.019345900589792894,1.0892006076615433
4155,233,932,15,1.3199999999999945,0.01,0.018275162277357846,1.0851377700937206
4156,206,824,13,1.0500000000000003,0.01,0.020684536850939576,1.0886567808114564
4157,303,1209,20,2.0199999999999796,0.01,0.02425120584356288,1.0834911410013834
4158,325,1299,21,2.239999999999975,0.01,0.02386683322597159,1.086324023037422
4159,122,486,8,0.21000000000000085,0.01,0.021731824063075087,1.0849200189113617
4160,257,1028,17,1.5599999999999894,0.01,0.024693424200449954,1.0736167086288333
4161,245,979,16,1.439999999999992,0.01,0.012458260050944744,1.0940902502306047
4162,132,525,8,0.31000000000000094,0.01,0.014811988680087255,1.079131386496804
4163,313,1252,20,2.1199999999999775,0.01,0.01960820152472036,1.0949079241508093
4164,233,930,15,1.3199999999999945,0.01,0.02073409212432031,1.103561438363174
4165,187,745,12,0.8600000000000014,0.01,0.016140610990213588,1.1076197370569756
4166,241,961,16,1.3999999999999928,0.01,0.019573958093921342,1.0982794602711996
4167,125,497,8,0.24000000000000088,0.01,0.01572508699891548,1.0891919905139553
4168,284,1135,18,1.8299999999999836,0.01,0.020912129648397088,1.0923377963858591
4169,106,421,7,0.05000000000000071,0.01,0.019297522216759348,1.0933791752214785
4170,229,913,15,1.2799999999999954,0.01,0.02196108805538531,1.1022473239062125
4171,430,1718,28,3.289999999999953,0.01,0.02484919428307977,1.0948384591826685
4172,527,2107,35,4.259999999999932,0.01,0.023504977869865207,1.0963869463396436
4173,372,1486,24,2.709999999999965,0.01,0.02435800774894174,1.1016430380523845
4174,251,1002,16,1.4999999999999907,0.01,0.030934532764293844,1.0949297670334104
4175,384,1536,25,2.8299999999999623,0.01,0.02095224315174467,1.0971277902523677
4176,295,1178,19,1.9399999999999813,0.01,0.014757925534394343,1.1021424064765106
4177,204,814,13,1.0300000000000007,0.01,0.031478723136744664,1.0915882727679085
4178,49,195,3,-0.5199999999999998,0.01,0.030847299029119313,1.0734550009171169
4179,59,234,3,-0.4199999999999997,0.01,0.01557412683032453,1.0927233616511027
4180,144,575,9,0.43000000000000105,0.01,0.023235322946372133,1.0964493287934198
4181,169,674,11,0.6800000000000013,0.01,0.017140969728297067,1.0939640942074003
4182,182,727,12,0.8100000000000014,0.01,0.01894155759161905,1.1004911920298701
4183,429,1715,28,3.279999999999953,0.01,0.015457635741054175,1.099534314369487
4184,311,1243,20,2.099999999999978,0.01,0.020034053127090327,1.106557378402123
4185,162,647,10,0.6100000000000012,0.01,0.024751860147807746,1.0973634719848633
4186,314,1255,20,2.1299999999999772,0.01,0.02247622052997445,1.0975149394590644
4187,97,385,6,-0.03999999999999937,0.01,0.012076189149714386,1.1220113535722096
4188,120,480,8,0.19000000000000083,0.01,0.016518653991321724,1.1097768823305765
4189,79,316,5,-0.21999999999999953,0.01,0.022223007585853338,1.1068117797374726
4190,69,274,4,-0.3199999999999996,0.01,0.023626753019497675,1.1216706878998701
4191,128,510,8,0.2700000000000009,0.01,0.0180302190274233,1.0977699868381023
4192,148,590,9,0.4700000000000011,0.01,0.027010024550396042,1.1043388038068205
4193,184,734,12,0.8300000000000014,0.01,0.0319385083048078,1.096379578113556
4194,352,1408,23,2.509999999999969,0.01,0.017237568414367906,1.1127278154546565
4195,148,589,9,0.4700000000000011,0.01,0.018382745725731994,1.102130361505457
4196,117,466,7,0.1600000000000008,0.01,0.0358548638057606,1.0795305597371068
4197,144,576,9,0.43000000000000105,0.01,0.026678513146988634,1.1003149615393744
4198,201,803,13,1.0000000000000013,0.01,0.014260288579389453,1.1237741899490357
4199,51,201,3,-0.4999999999999998,0.01,0.003967871307395399,1.1052922744017382
4200,407,1627,27,3.059999999999958,0.01,0.017578113473741813,1.104620386572445
4201,193,771,12,0.9200000000000015,0.01,0.01921947113442002,1.1057903456191223
4202,160,640,10,0.5900000000000012,0.01,0.019242107309401034,1.1122626125812531
4203,35,140,2,-0.6599999999999999,0.01,0.011482550581503246,1.1058777968088787
4204,96,384,6,-0.04999999999999938,0.01,0.019280666795869667,1.11136960486571
4205,167,666,11,0.6600000000000013,0.01,0.015097059631010606,1.1049221328326635
4206,117,468,7,0.1600000000000008,0.01,0.011795168172503853,1.1212654154876183
4207,70,279,4,-0.3099999999999996,0.01,0.013581196339253117,1.1162486216601204
4208,333,1332,22,2.319999999999973,0.01,0.02849196737986945,1.0826872544629234
4209,136,543,9,0.350000000000001,0.01,0.02671327013933264,1.0850109528092777
4210,205,820,13,1.0400000000000005,0.01,0.02618646325872225,1.0735004602694045
4211,215,859,14,1.1399999999999983,0.01,0.026582207910164638,1.0823891979676705
4212,190,759,12,0.8900000000000015,0.01,0.013517017917152731,1.0865881455705522
4213,324,1293,21,2.229999999999975,0.01,0.026724222817538695,1.0671155629334625
4214,370,1480,24,2.6899999999999653,0.01,0.018074455166546006,1.072386803806469
4215,368,1470,24,2.6699999999999657,0.01,0.017421368799303942,1.085896672114082
4216,130,517,8,0.2900000000000009,0.01,0.018401901754259598,1.0687370840460062
4217,166,663,11,0.6500000000000012,0.01,0.015615296461397693,1.0685764934335436
4218,184,735,12,0.8300000000000014,0.01,0.013584317679962387,1.0735039788743723
4219,190,759,12,0.8900000000000015,0.01,0.025496442831973446,1.070608599388853
4220,110,437,7,0.09000000000000075,0.01,0.01586521021090448,1.0818465224334173
4221,364,1456,24,2.6299999999999666,0.01,0.017638073984666595,1.0894852942162818
4222,92,367,6,-0.08999999999999941,0.01,0.025349693762583902,1.0885873981144116
4223,171,681,11,0.7000000000000013,0.01,0.017775730496006354,1.096920521486373
4224,50,200,3,-0.5099999999999998,0.01,0.025025107996323362,1.1083009793208196
4225,20,78,1,-0.8099999999999999,0.01,0.0039254770614206794,1.0830999851226806
4226,233,932,15,1.3199999999999945,0.01,0.014904224000678494,1.0997722087235287
4227,53,212,3,-0.47999999999999976,0.01,0.007349055081319351,1.0881820321083069
4228,181,724,12,0.8000000000000014,0.01,0.027617515553214143,1.0809344869592916
4229,288,1150,19,1.8699999999999828,0.01,0.01773661440691083,1.0962913317812815
4230,174,696,11,0.7300000000000013,0.01,0.019202776307370082,1.0914879760076834
4231,119,475,7,0.18000000000000083,0.01,0.019603742472827434,1.0881069938341776
4232,78,312,5,-0.22999999999999954,0.01,0.02181372143891885,1.085872443098771
4233,188,752,12,0.8700000000000014,0.01,0.022172919751957378,1.0856438469379506
4234,156,621,10,0.5500000000000012,0.01,0.016512879021226976,1.0939600467681885
4235,107,427,7,0.06000000000000072,0.01,0.021509130183538352,1.0919050199014169
4236,191,762,12,0.9000000000000015,0.01,0.016061488776661765,1.1012629022200902
4237,17,67,1,-0.84,0.01,0.005106781958602369,1.0812216699123383
4238,80,319,5,-0.20999999999999952,0.01,0.019669878040440382,1.0964850425720214
4239,177,708,11,0.7600000000000013,0.01,0.020806967794090848,1.0957268354567615
4240,50,199,3,-0.5099999999999998,0.01,0.02265259953072438,1.0872616951282208
4241,54,213,3,-0.46999999999999975,0.01,0.022061188579895176,1.0996432487781231
4242,104,414,6,0.030000000000000693,0.01,0.02377072533664222,1.0915551735804632
4243,66,261,4,-0.34999999999999964,0.01,0.026402516304241383,1.0857347249984741
4244,131,522,8,0.30000000000000093,0.01,0.025242279269591425,1.0762544599446384
4245,223,892,14,1.2199999999999966,0.01,0.011056836753744971,1.0785140709443526
4246,70,280,4,-0.3099999999999996,0.01,0.02389007096644491,1.0661112401220534
4247,291,1163,19,1.8999999999999821,0.01,0.02152525812183341,1.0773740476124907
4248,172,686,11,0.7100000000000013,0.01,0.029689045216844873,1.0678108445433683
4249,142,568,9,0.41000000000000103,0.01,0.018440905366359013,1.072462889126369
4250,13,51,0,-0.88,0.01,0.05382314076026281,1.0872185627619426
4251,175,697,11,0.7400000000000013,0.01,0.015586073248414323,1.0733720037070187
4252,230,918,15,1.2899999999999952,0.01,0.019401214637488513,1.070899653023687
4253,209,836,13,1.0799999999999996,0.01,0.029291693868939407,1.052548191868342
4254,248,989,16,1.4699999999999913,0.01,0.01820509800604815,1.0769022049442414
4255,156,621,10,0.5500000000000012,0.01,0.01591585279824451,1.073781627875108
4256,177,706,11,0.7600000000000013,0.01,0.01174062566133216,1.0827932520346208
4257,168,672,11,0.6700000000000013,0.01,0.013997550676798537,1.08186217716762
4258,110,437,7,0.09000000000000075,0.01,0.01578342740789854,1.0855354751859392
4259,300,1197,19,1.9899999999999802,0.01,0.017882017406324547,1.0788289181391397
4260,224,896,14,1.2299999999999964,0.01,0.007708607010759546,1.0876477722610747
4261,328,1312,21,2.2699999999999743,0.01,0.02166838591872919,1.09103065947207
4262,107,425,7,0.06000000000000072,0.01,0.02164294265318089,1.083132775930258
4263,210,837,13,1.0899999999999994,0.01,0.011323334277994087,1.096167598130568
4264,227,906,15,1.2599999999999958,0.01,0.022931945747123997,1.0810885586236652
4265,148,591,9,0.4700000000000011,0.01,0.026481254941884528,1.0914451463802441
4266,94,375,6,-0.0699999999999994,0.01,0.007890350003119396,1.1223659463550733
4267,178,711,11,0.7700000000000014,0.01,0.026334494807653958,1.101221572028266
4268,239,954,15,1.3799999999999932,0.01,0.01903969794511795,1.1072630377139074
4269,208,830,13,1.0699999999999998,0.01,0.01934274775423826,1.102977603673935
4270,119,475,7,0.18000000000000083,0.01,0.02414128533952559,1.1043173591295878
4271,190,759,12,0.8900000000000015,0.01,0.012218108429806307,1.106142242749532
4272,56,223,3,-0.44999999999999973,0.01,0.04077696336233722,1.1174779364040919
4273,341,1363,22,2.3999999999999715,0.01,0.02092411192955778,1.1167308007969576
4274,178,710,11,0.7700000000000014,0.01,0.01966528841744135,1.1169103654948147
4275,160,640,10,0.5900000000000012,0.01,0.027366324941976928,1.1016968190670013
4276,187,747,12,0.8600000000000014,0.01,0.024974102525912385,1.1058626606109294
4277,230,918,15,1.2899999999999952,0.01,0.019133750919316864,1.125768624503037
4278,187,745,12,0.8600000000000014,0.01,0.02005878033156952,1.1114063003788823
4279,211,841,14,1.0999999999999992,0.01,0.019423952778660745,1.125645729730714
4280,65,260,4,-0.35999999999999965,0.01,0.03293946388293989,1.1062552630901337
4281,206,823,13,1.0500000000000003,0.01,0.04081072941055307,1.1221875021090875
4282,143,570,9,0.42000000000000104,0.01,0.02265046349687812,1.115548895465003
4283,175,697,11,0.7400000000000013,0.01,0.02125291872314762,1.163474947907204
4284,66,264,4,-0.34999999999999964,0.01,0.038127266336232424,1.1387686308692484
4285,219,873,14,1.1799999999999975,0.01,0.03667343465018679,1.1392203612761065
4286,8,30,0,-0.9299999999999999,0.01,0.00556489871814847,1.1945574283599854
4287,355,1419,23,2.5399999999999685,0.01,0.015785666763390924,1.158700700510632
4288,101,403,6,6.661338147750939e-16,0.01,0.011853547542929076,1.1605457663536072
4289,247,986,16,1.4599999999999915,0.01,0.019736001775676353,1.1497391091018427
4290,345,1380,23,2.4399999999999706,0.01,0.021101224768756963,1.152922876949968
4291,144,574,9,0.43000000000000105,0.01,0.018991444272817008,1.1464279923174117
4292,333,1331,22,2.319999999999973,0.01,0.024466032639190734,1.1435493115919182
4293,26,104,1,-0.75,0.01,0.019929827346156042,1.1460789044698079
4294,186,742,12,0.8500000000000014,0.01,0.011480358622452997,1.178055151979974
4295,117,468,7,0.1600000000000008,0.01,0.018267398780404495,1.192059742993322
4296,277,1108,18,1.7599999999999851,0.01,0.02363103545318101,1.1723714254904485
4297,128,510,8,0.2700000000000009,0.01,0.014851942352834158,1.1720666997134686
4298,11,41,0,-0.9,0.01,0.033497392665594816,1.156995375951131
4299,164,656,10,0.6300000000000012,0.01,0.02472647661116065,1.1749805764454166
4300,80,318,5,-0.20999999999999952,0.01,0.01887072412064299,1.1702733039855957
4301,281,1122,18,1.7999999999999843,0.01,0.018649318641317744,1.183464801311493
4302,239,955,15,1.3799999999999932,0.01,0.030742197320796548,1.176982076962789
4303,65,259,4,-0.35999999999999965,0.01,0.020360153357614763,1.1686917692422867
4304,152,608,10,0.5100000000000011,0.01,0.03579727171209494,1.1862190804983441
4305,250,997,16,1.4899999999999909,0.01,0.01704357860476843,1.1945590764757186
4306,128,511,8,0.2700000000000009,0.01,0.025579830813512672,1.2025474607944489
4307,143,572,9,0.42000000000000104,0.01,0.042211862403847694,1.1740951074494257
4308,25,100,1,-0.7599999999999999,0.01,0.02144160478686293,1.2066121300061543
4309,301,1202,20,1.99999999999998,0.01,0.018487551184371113,1.1936458174387614
4310,179,714,11,0.7800000000000014,0.01,0.018071152673413356,1.1863926384184096
4311,25,100,1,-0.7599999999999999,0.01,0.017691631490985554,1.201166828473409
4312,196,783,13,0.9500000000000015,0.01,0.026190778164535154,1.1767126759704278
4313,210,837,13,1.0899999999999994,0.01,0.013650937847142934,1.2160851618029036
4314,212,847,14,1.109999999999999,0.01,0.023805310242405196,1.2123898357715246
4315,237,945,15,1.3599999999999937,0.01,0.025881340091858628,1.2193603353985285
4316,240,957,15,1.389999999999993,0.01,0.021645868338722115,1.2168017049630484
4317,338,1351,22,2.369999999999972,0.01,0.01671446391403498,1.217355225767408
4318,140,560,9,0.390000000000001,0.01,0.03276795423589647,1.2043600627354214
4319,169,675,11,0.6800000000000013,0.01,0.028132428572144964,1.2028711230255837
4320,76,304,5,-0.24999999999999956,0.01,0.01737903531542734,1.2141347119682713
4321,219,874,14,1.1799999999999975,0.01,0.013203638873097522,1.21110443715696
4322,250,999,16,1.4899999999999909,0.01,0.02716991958385777,1.2047130247903248
4323,364,1455,24,2.6299999999999666,0.01,0.027427354003660954,1.1880416843917343
4324,230,918,15,1.2899999999999952,0.01,0.021348199925565144,1.1949918939356219
4325,27,108,1,-0.74,0.01,0.03585759084671736,1.1622411523546492
4326,134,536,8,0.33000000000000096,0.01,0.03103446986471467,1.1836671373423409
4327,200,797,13,0.9900000000000015,0.01,0.023497153725475072,1.1931157517433166
4328,269,1074,17,1.6799999999999868,0.01,0.018433364257633464,1.2093971825357694
4329,220,880,14,1.1899999999999973,0.01,0.01786296258003197,1.2085463979027489
4330,57,228,3,-0.4399999999999997,0.01,0.038889378907957246,1.1805316976138525
4331,256,1024,17,1.5499999999999896,0.01,0.03079952520056395,1.1865496560931206
4332,229,916,15,1.2799999999999954,0.01,0.017161819058584802,1.2131873306475187
4333,263,1052,17,1.6199999999999881,0.01,0.015835502276648625,1.2135971314979321
4334,157,626,10,0.5600000000000012,0.01,0.01741985825654597,1.2150573883301172
4335,249,993,16,1.479999999999991,0.01,0.023137912945082738,1.2125810403672477
4336,443,1769,29,3.41999999999995,0.01,0.025466568179597908,1.2124514677307823
4337,372,1488,24,2.709999999999965,0.01,0.02603353909467177,1.2187688453223116
4338,244,975,16,1.4299999999999922,0.01,0.030684676185464027,1.2245701746862443
4339,169,676,11,0.6800000000000013,0.01,0.02895880328101474,1.2206605839174847
4340,266,1064,17,1.6499999999999875,0.01,0.015635679239604735,1.2296904957655705
4341,170,679,11,0.6900000000000013,0.01,0.023682662242547024,1.2211679580599764
4342,214,856,14,1.1299999999999986,0.01,0.0219887967379588,1.2257313098547593
4343,105,419,6,0.0400000000000007,0.01,0.0207598163620927,1.2344691845086904
4344,127,505,8,0.2600000000000009,0.01,0.015002469168393873,1.227148000150919
4345,85,339,5,-0.15999999999999948,0.01,0.026002586497703477,1.2124776556378318
4346,136,542,9,0.350000000000001,0.01,0.02310646713286748,1.2237809651038225
4347,20,78,1,-0.8099999999999999,0.01,0.0195955325383693,1.2249297142028808
4348,126,504,8,0.2500000000000009,0.01,0.02474807405815227,1.2141750827431679
4349,276,1104,18,1.7499999999999853,0.01,0.021069397127417767,1.21529549792193
4350,147,587,9,0.4600000000000011,0.01,0.02526835143264081,1.2193665504455566
4351,249,996,16,1.479999999999991,0.01,0.03507729354614933,1.2131859160238696
4352,148,592,9,0.4700000000000011,0.01,0.03022497466991882,1.2092655478297054
4353,124,494,8,0.23000000000000087,0.01,0.013843385412568045,1.2553175803153747
4354,90,359,5,-0.10999999999999943,0.01,0.020256311738524924,1.2587926441972905
4355,26,103,1,-0.75,0.01,0.019044214061328342,1.2433152879987444
4356,201,801,13,1.0000000000000013,0.01,0.028393322597257794,1.2548426795005798
4357,273,1092,18,1.719999999999986,0.01,0.01576717140714583,1.248321468339247
4358,47,185,3,-0.5399999999999998,0.01,0.023185087988773983,1.2571209569772084
4359,166,662,11,0.6500000000000012,0.01,0.025679204091873197,1.2424992294538588
4360,209,835,13,1.0799999999999996,0.01,0.021339443700316433,1.2368869758569276
4361,197,785,13,0.9600000000000015,0.01,0.030703528525250753,1.2206232596416862
4362,165,659,10,0.6400000000000012,0.01,0.028475174640600637,1.2233828160820939
4363,43,171,2,-0.5799999999999998,0.01,0.03672039176506752,1.234229022806341
4364,117,465,7,0.1600000000000008,0.01,0.019077608498327178,1.2238718517895402
4365,258,1032,17,1.5699999999999892,0.01,0.019015553729751937,1.2257033146344698
4366,242,965,16,1.4099999999999926,0.01,0.01846756257970507,1.2255138377348582
4367,212,846,14,1.109999999999999,0.01,0.02097642182741525,1.227552225004952
4368,81,321,5,-0.1999999999999995,0.01,0.023873133518333946,1.2119513012114025
4369,26,101,1,-0.75,0.01,0.010686462046578526,1.2703550060590107
4370,71,281,4,-0.2999999999999996,0.01,0.024186050273581512,1.22742180691825
4371,166,664,11,0.6500000000000012,0.01,0.019776594410536856,1.2204869752976952
4372,214,856,14,1.1299999999999986,0.01,0.03195647616370546,1.226254986392127
4373,210,840,14,1.0899999999999994,0.01,0.026256698412068475,1.2454787607376392
4374,72,285,4,-0.2899999999999996,0.01,0.02174627166500108,1.2594522833824158
4375,90,360,6,-0.10999999999999943,0.01,0.035152422891848764,1.2521050909291143
4376,54,213,3,-0.46999999999999975,0.01,0.042826614987391695,1.2516549642269428
4377,170,677,11,0.6900000000000013,0.01,0.019709245805347036,1.2653775326041288
4378,188,751,12,0.8700000000000014,0.01,0.040595302685223364,1.2470741855337264
4379,111,443,7,0.10000000000000075,0.01,0.03670010236757142,1.2679984143802099
4380,176,703,11,0.7500000000000013,0.01,0.03144406937909397,1.267056175253608
4381,122,487,8,0.21000000000000085,0.01,0.028731761577849586,1.2518044392267862
4382,305,1219,20,2.039999999999979,0.01,0.025837658486316764,1.2489193050484908
4383,143,571,9,0.42000000000000104,0.01,0.01575831459679951,1.2463899652163188
4384,222,888,14,1.2099999999999969,0.01,0.029750466949605783,1.2340484708547592
4385,25,99,1,-0.7599999999999999,0.01,0.01150088671905299,1.2565802733103435
4386,158,631,10,0.5700000000000012,0.01,0.014790244463186424,1.2569754031988292
4387,120,480,8,0.19000000000000083,0.01,0.01898194362098972,1.2425952951113384
4388,101,402,6,6.661338147750939e-16,0.01,0.03023472859058529,1.226642865401048
4389,382,1525,25,2.8099999999999627,0.01,0.02169686419350144,1.2416251333136308
4390,214,856,14,1.1299999999999986,0.01,0.02055708989845934,1.2442787797362715
4391,193,770,12,0.9200000000000015,0.01,0.01171796998338929,1.2462412243088086
4392,133,529,8,0.32000000000000095,0.01,0.021685668909357803,1.2305962389165706
4393,179,716,11,0.7800000000000014,0.01,0.026447354996990826,1.218446315659417
4394,341,1361,22,2.3999999999999715,0.01,0.022484365932862547,1.2131512515685137
4395,100,397,6,-0.009999999999999343,0.01,0.025847680363804103,1.22816162109375
4396,96,381,6,-0.04999999999999938,0.01,0.03649752753941963,1.219070926308632
4397,66,262,4,-0.34999999999999964,0.01,0.03540791291743517,1.1964311880223892
4398,208,831,13,1.0699999999999998,0.01,0.02233234543998081,1.2158677348723779
4399,295,1179,19,1.9399999999999813,0.01,0.020765823037810112,1.1927642283374316
4400,55,217,3,-0.45999999999999974,0.01,0.008395885932259262,1.1806859714644296
4401,209,833,13,1.0799999999999996,0.01,0.020447914188620277,1.1816454942409809
4402,41,164,2,-0.5999999999999999,0.01,0.05442511087114161,1.1576356996189465
4403,47,185,3,-0.5399999999999998,0.01,0.029438360678878697,1.153523564338684
4404,275,1097,18,1.7399999999999856,0.01,0.02654690110543068,1.1792845484139263
4405,402,1608,26,3.009999999999959,0.01,0.014288973662596528,1.1991426803097867
4406,123,490,8,0.22000000000000086,0.01,0.0379144163414215,1.1944291273752847
4407,55,217,3,-0.45999999999999974,0.01,0.017726046814849333,1.2240683351244246
4408,276,1102,18,1.7499999999999853,0.01,0.022990769899004827,1.1945395918859951
4409,122,486,8,0.21000000000000085,0.01,0.026098813876629837,1.19568766701606
4410,140,560,9,0.390000000000001,0.01,0.012086274973782046,1.207073037964957
4411,68,272,4,-0.3299999999999996,0.01,0.017190105692647836,1.2128617202534395
4412,205,820,13,1.0400000000000005,0.01,0.01431439318420256,1.216890440267675
4413,43,169,2,-0.5799999999999998,0.01,0.018060053148391573,1.2181741866198452
4414,139,553,9,0.380000000000001,0.01,0.019811611944426072,1.2120208003941704
4415,170,680,11,0.6900000000000013,0.01,0.020645223785365045,1.2183140266773314
4416,347,1388,23,2.45999999999997,0.01,0.019940890259398467,1.2069351275761921
4417,294,1174,19,1.9299999999999815,0.01,0.018805525817410792,1.2061390060268036
4418,245,980,16,1.439999999999992,0.01,0.021553404182653692,1.2101193510118078
4419,210,838,13,1.0899999999999994,0.01,0.020461006814895093,1.2057550650722575
4420,83,329,5,-0.1799999999999995,0.01,0.01999404390032093,1.2174667233512515
4421,71,281,4,-0.2999999999999996,0.01,0.011153420501881662,1.2129910412956686
4422,187,745,12,0.8600000000000014,0.01,0.03394651512040737,1.2172562898473536
4423,258,1029,17,1.5699999999999892,0.01,0.02217531117897194,1.2174387840124277
4424,90,360,6,-0.10999999999999943,0.01,0.01226763684429567,1.239819813858379
4425,94,374,6,-0.0699999999999994,0.01,0.02909548471022087,1.2050033857425053
4426,156,623,10,0.5500000000000012,0.01,0.02977787631038481,1.211078677421961
4427,72,286,4,-0.2899999999999996,0.01,0.03761256003700611,1.2071888446807861
4428,189,754,12,0.8800000000000014,0.01,0.030569785978010994,1.2126535684504407
4429,252,1006,16,1.5099999999999905,0.01,0.029511471042439105,1.1990119824333796
4430,26,103,1,-0.75,0.01,0.04111639619804919,1.2040602962176006
4431,152,605,10,0.5100000000000011,0.01,0.021537439266562854,1.2136704137450771
4432,183,731,12,0.8200000000000014,0.01,0.0231794908379569,1.1935524888660596
4433,175,700,11,0.7400000000000013,0.01,0.028252758387349208,1.201636246659539
4434,188,752,12,0.8700000000000014,0.01,0.026026405423800362,1.1965417329301224
4435,248,990,16,1.4699999999999913,0.01,0.03043810300709259,1.1656001556304194
4436,376,1502,25,2.749999999999964,0.01,0.023951383362068458,1.1689611242172566
4437,348,1391,23,2.46999999999997,0.01,0.036092671181674744,1.1689712042096017
4438,146,584,9,0.45000000000000107,0.01,0.027637063428604353,1.1480887962712183
4439,38,151,2,-0.6299999999999999,0.01,0.028764628060162067,1.1278665900230407
4440,259,1036,17,1.579999999999989,0.01,0.024802814348815726,1.1277351049276498
4441,111,441,7,0.10000000000000075,0.01,0.03870961764240982,1.132897765548141
4442,283,1131,18,1.8199999999999839,0.01,0.019586693852956236,1.1385626171676206
4443,88,350,5,-0.12999999999999945,0.01,0.01953376161823557,1.1530127308585427
4444,191,764,12,0.9000000000000015,0.01,0.02756840268072362,1.14173640559117
4445,155,618,10,0.5400000000000011,0.01,0.029893232873664834,1.1604511187626765
4446,180,717,11,0.7900000000000014,0.01,0.023055638471204374,1.1632802724838256
4447,164,655,10,0.6300000000000012,0.01,0.012478956836275756,1.1670108655603921
4448,416,1661,27,3.149999999999956,0.01,0.020946247036380764,1.158872229548601
4449,444,1773,29,3.42999999999995,0.01,0.02024988256193496,1.1468708923271111
4450,315,1257,20,2.139999999999977,0.01,0.0280156967540582,1.1341188381879757
4451,18,71,1,-0.83,0.01,0.012771042622625827,1.1842812538146972
4452,115,457,7,0.1400000000000008,0.01,0.00951451901346445,1.1542843662459275
4453,175,698,11,0.7400000000000013,0.01,0.015853849732382005,1.1437465423761413
4454,208,832,13,1.0699999999999998,0.01,0.022206261574935455,1.1312853487638326
4455,187,747,12,0.8600000000000014,0.01,0.034589543215375634,1.1169284708956455
4456,49,196,3,-0.5199999999999998,0.01,0.039583486795891076,1.1255784034729004
4457,32,126,2,-0.69,0.01,0.02568882831837982,1.1076815277338028
4458,276,1103,18,1.7499999999999853,0.01,0.023001329450314675,1.1259033438088237
4459,294,1174,19,1.9299999999999815,0.01,0.018287110241520143,1.1387592215795774
4460,68,269,4,-0.3299999999999996,0.01,0.021878574125687864,1.126406711690566
4461,40,157,2,-0.6099999999999999,0.01,0.027813488245010377,1.1473207473754883
4462,176,702,11,0.7500000000000013,0.01,0.020411293458892033,1.133292016657916
4463,125,498,8,0.24000000000000088,0.01,0.02824163194295139,1.1320813625089583
4464,75,297,4,-0.25999999999999956,0.01,0.03148999277159179,1.1216489013872648
4465,276,1102,18,1.7499999999999853,0.01,0.018917494399500065,1.1310532939606819
4466,297,1185,19,1.9599999999999809,0.01,0.024696565717710433,1.1370097833710748
4467,303,1210,20,2.0199999999999796,0.01,0.02286951449595539,1.1234695770238574
4468,188,749,12,0.8700000000000014,0.01,0.028428663242053478,1.131478766177563
4469,332,1326,22,2.3099999999999734,0.01,0.01625913669388876,1.1295500562851688
4470,178,710,11,0.7700000000000014,0.01,0.016973943121477285,1.1593198478221893
4471,365,1459,24,2.6399999999999664,0.01,0.024515432962368282,1.1611072032347969
4472,17,68,1,-0.84,0.01,0.044728905661031604,1.145388662815094
4473,72,286,4,-0.2899999999999996,0.01,0.013518747006956901,1.175981044769287
4474,148,592,9,0.4700000000000011,0.01,0.027383985356553585,1.148801317086091
4475,39,155,2,-0.6199999999999999,0.01,0.014175451872870327,1.154751980304718
4476,117,468,7,0.1600000000000008,0.01,0.019375959082089108,1.1633096604511655
4477,178,712,11,0.7700000000000014,0.01,0.019297415877438405,1.1652926992286334
4478,171,682,11,0.7000000000000013,0.01,0.01756857778487164,1.1727218184360237
4479,631,2523,42,5.29999999999991,0.01,0.031523468025924664,1.1489157918133313
4480,166,663,11,0.6500000000000012,0.01,0.022597895020891618,1.182968424587715
4481,63,251,4,-0.37999999999999967,0.01,0.03868241028976627,1.1441170796751976
4482,249,996,16,1.479999999999991,0.01,0.020221639236795805,1.1796644849161948
4483,102,406,6,0.010000000000000675,0.01,0.016600490556671642,1.1875490683775682
4484,148,590,9,0.4700000000000011,0.01,0.02570836492373633,1.1833619459255322
4485,105,420,7,0.0400000000000007,0.01,0.03332815683769205,1.1829480528831482
4486,54,213,3,-0.46999999999999975,0.01,0.023141547571867704,1.1857756972312927
4487,203,809,13,1.020000000000001,0.01,0.03287880924995989,1.1691404843330384
4488,183,730,12,0.8200000000000014,0.01,0.0229733679190521,1.169889693674834
4489,73,289,4,-0.2799999999999996,0.01,0.012973816315126088,1.171038568019867
4490,55,219,3,-0.45999999999999974,0.01,0.013069818777564381,1.1801913125174386
4491,300,1200,20,1.9899999999999802,0.01,0.014578693124155204,1.1739945522944133
4492,214,853,14,1.1299999999999986,0.01,0.02958341944893753,1.170898199081421
4493,103,410,6,0.020000000000000684,0.01,0.021859038043767213,1.1711647510528564
4494,298,1190,19,1.9699999999999807,0.01,0.02648482207208872,1.1685575660069782
4495,151,603,10,0.5000000000000011,0.01,0.027708173153529827,1.1622688989890249
4496,163,650,10,0.6200000000000012,0.01,0.036061046848772094,1.1452328532934188
4497,266,1062,17,1.6499999999999875,0.01,0.021841957042716555,1.1565891611042307
4498,176,703,11,0.7500000000000013,0.01,0.03393954474119131,1.144674303856763
4499,158,629,10,0.5700000000000012,0.01,0.035728491096494674,1.158161169443375
4500,119,475,7,0.18000000000000083,0.01,0.026751160233591992,1.1446266174316406
4501,43,171,2,-0.5799999999999998,0.01,0.010785707632418384,1.174899090420116
4502,216,863,14,1.1499999999999981,0.01,0.028195146316041548,1.1675648093223572
4503,60,239,3,-0.4099999999999997,0.01,0.01617838142750164,1.1635993003845215
4504,397,1587,26,2.9599999999999596,0.01,0.02064561757324922,1.1616529551419346
4505,333,1329,22,2.319999999999973,0.01,0.02309999537530793,1.182827313262296
4506,128,512,8,0.2700000000000009,0.01,0.02186150507623097,1.1930817067623138
4507,83,330,5,-0.1799999999999995,0.01,0.0052813695344541755,1.1964918602080572
4508,436,1743,29,3.3499999999999517,0.01,0.02118867930930552,1.1846366147382543
4509,166,663,11,0.6500000000000012,0.01,0.013418145910171526,1.1846368000620888
4510,150,597,9,0.4900000000000011,0.01,0.023235657085614227,1.1907110149795945
4511,106,424,7,0.05000000000000071,0.01,0.032250590441334576,1.1704001161787245
4512,45,177,2,-0.5599999999999998,0.01,0.011300114830109205,1.207984815944325
4513,134,535,8,0.33000000000000096,0.01,0.017159638107951843,1.1839229518716985
4514,332,1325,22,2.3099999999999734,0.01,0.02322718881194042,1.1796682541628918
4515,350,1399,23,2.4899999999999696,0.01,0.025036339507840403,1.1941495822234587
4516,517,2066,34,4.159999999999934,0.01,0.026323601995168845,1.196605272071306
4517,27,107,1,-0.74,0.01,0.017311541130766273,1.2028931549617223
4518,368,1469,24,2.6699999999999657,0.01,0.02436654576930501,1.1853377961594125
4519,197,785,13,0.9600000000000015,0.01,0.022006963802577585,1.1832880025007286
4520,351,1403,23,2.4999999999999694,0.01,0.03002093682615933,1.1721673770384355
4521,35,138,2,-0.6599999999999999,0.01,0.014607671596523788,1.1615380313661363
4522,141,564,9,0.400000000000001,0.01,0.018700270185114016,1.1810875415802002
4523,68,271,4,-0.3299999999999996,0.01,0.028665066614527914,1.1846623631084667
4524,119,476,7,0.18000000000000083,0.01,0.02552016160140435,1.194803782304128
4525,219,875,14,1.1799999999999975,0.01,0.02797308924642426,1.1929344843935084
4526,195,778,12,0.9400000000000015,0.01,0.030865931194465682,1.2085884420239195
4527,130,519,8,0.2900000000000009,0.01,0.021182875191284853,1.2034006588386768
4528,212,847,14,1.109999999999999,0.01,0.02781709762430697,1.1926276076514766
4529,225,899,14,1.2399999999999962,0.01,0.03310819398861246,1.1847890956061227
4530,112,446,7,0.11000000000000076,0.01,0.01434529635090647,1.2280181901795524
4531,86,343,5,-0.14999999999999947,0.01,0.03903734712817129,1.204448137964521
4532,63,250,4,-0.37999999999999967,0.01,0.014542548829922453,1.2240512147545815
4533,75,297,4,-0.25999999999999956,0.01,0.03615970370408736,1.2262536161824276
4534,73,290,4,-0.2799999999999996,0.01,0.03331216409181555,1.197376290957133
4535,41,162,2,-0.5999999999999999,0.01,0.0066937669180333614,1.2213626384735108
4536,236,941,15,1.3499999999999939,0.01,0.02697007282305572,1.2055094464350555
4537,227,908,15,1.2599999999999958,0.01,0.032103404594716015,1.2016489359370448
4538,233,932,15,1.3199999999999945,0.01,0.018398250095899505,1.2093132898725312
4539,129,516,8,0.2800000000000009,0.01,0.028362232514403084,1.1930504387075251
4540,177,706,11,0.7600000000000013,0.01,0.03019986233398826,1.1963177187876268
4541,218,869,14,1.1699999999999977,0.01,0.02141487961893694,1.1963049570719402
4542,306,1221,20,2.049999999999979,0.01,0.026747311395895364,1.203384413347616
4543,203,809,13,1.020000000000001,0.01,0.020769024948023407,1.2145539592294132
4544,142,566,9,0.41000000000000103,0.01,0.025951474625617265,1.2005510807037354
4545,225,898,14,1.2399999999999962,0.01,0.02845713750658823,1.1985753774642944
4546,199,794,13,0.9800000000000015,0.01,0.024856676654890178,1.2001532006263733
4547,161,644,10,0.6000000000000012,0.01,0.018341357648023405,1.206121101975441
4548,83,329,5,-0.1799999999999995,0.01,0.032969622883857005,1.1926341567720686
4549,240,959,15,1.389999999999993,0.01,0.018637413108566155,1.200782706340154
4550,194,775,12,0.9300000000000015,0.01,0.020132535526871075,1.2023352189939849
4551,150,600,10,0.4900000000000011,0.01,0.028155958352333588,1.2004164296227533
4552,279,1113,18,1.7799999999999847,0.01,0.02089379230580692,1.1976552145821708
4553,156,623,10,0.5500000000000012,0.01,0.020349201501514286,1.2064401522660866
4554,129,514,8,0.2800000000000009,0.01,0.02570805244613439,1.2145590111613274
4555,278,1110,18,1.769999999999985,0.01,0.02172881711074816,1.2141030975750515
4556,410,1638,27,3.0899999999999572,0.01,0.02274879429023713,1.2156277404111975
4557,61,244,4,-0.3999999999999997,0.01,0.02609647875651717,1.2215522050857544
4558,121,481,8,0.20000000000000084,0.01,0.02658354762130447,1.2130063080018567
4559,276,1104,18,1.7499999999999853,0.01,0.022077779083148293,1.19970849285955
4560,213,850,14,1.1199999999999988,0.01,0.024165154649999063,1.201542521422764
4561,74,293,4,-0.2699999999999996,0.01,0.019238704789636865,1.2141876684294806
4562,269,1075,17,1.6799999999999868,0.01,0.02279339565703755,1.2007368136854732
4563,414,1654,27,3.1299999999999564,0.01,0.022092903109755622,1.1897501737168692
4564,90,357,5,-0.10999999999999943,0.01,0.02929715735270925,1.183126221532407
4565,477,1906,31,3.759999999999943,0.01,0.027213128622104767,1.1839117342684449
4566,180,717,11,0.7900000000000014,0.01,0.021358770287285247,1.2028235303031074
4567,75,299,4,-0.25999999999999956,0.01,0.020322931666956527,1.2023148222973472
4568,204,816,13,1.0300000000000007,0.01,0.02358713090492814,1.2025347994823081
4569,103,411,6,0.020000000000000684,0.01,0.021022277222946285,1.2092937326431275
4570,138,550,9,0.370000000000001,0.01,0.0332419861706772,1.1931735345295498
4571,94,375,6,-0.0699999999999994,0.01,0.022992968731357352,1.1949043947717417
4572,110,438,7,0.09000000000000075,0.01,0.020365762017068585,1.1990087713514055
4573,259,1035,17,1.579999999999989,0.01,0.022599075824165572,1.200361913901109
4574,491,1962,32,3.89999999999994,0.01,0.03264218892856333,1.1850146612182992
4575,66,261,4,-0.34999999999999964,0.01,0.02095052825889605,1.1943486157585592
4576,257,1027,17,1.5599999999999894,0.01,0.025341757285787025,1.1864663250744343
4577,190,759,12,0.8900000000000015,0.01,0.02709159797814209,1.199222356081009
4578,99,396,6,-0.01999999999999935,0.01,0.015252147510182112,1.2199687957763672
4579,193,770,12,0.9200000000000015,0.01,0.025800250765240312,1.215661890652715
4580,117,466,7,0.1600000000000008,0.01,0.02815650405105332,1.1834456468450611
4581,92,365,6,-0.08999999999999941,0.01,0.04256390790333566,1.2084768855053445
4582,110,439,7,0.09000000000000075,0.01,0.02509607702355694,1.2066824966006808
4583,108,430,7,0.07000000000000073,0.01,0.024343776611473272,1.2126417645701655
4584,158,631,10,0.5700000000000012,0.01,0.013546259881695732,1.213921955227852
4585,219,876,14,1.1799999999999975,0.01,0.027057325569066135,1.2136719356883656
4586,218,869,14,1.1699999999999977,0.01,0.029169780447975628,1.2158187009670116
4587,228,910,15,1.2699999999999956,0.01,0.02438329566237435,1.2130921556238543
4588,66,261,4,-0.34999999999999964,0.01,0.0368450016112012,1.2094537861206953
4589,179,715,11,0.7800000000000014,0.01,0.021120690629521214,1.2195887132124468
4590,293,1172,19,1.9199999999999817,0.01,0.030380015362154792,1.1932478692080524
4591,62,247,4,-0.3899999999999997,0.01,0.017109677009284497,1.1840686718622844
4592,230,918,15,1.2899999999999952,0.01,0.02010686907531886,1.1903032105544518
4593,92,367,6,-0.08999999999999941,0.01,0.019687083063890106,1.2017115769178972
4594,128,511,8,0.2700000000000009,0.01,0.02429534252587473,1.1980533637106419
4595,113,449,7,0.12000000000000077,0.01,0.029400866927712092,1.1834041689123427
4596,157,628,10,0.5600000000000012,0.01,0.013671870379207226,1.2062614605976985
4597,169,676,11,0.6800000000000013,0.01,0.032082405811663536,1.1743591711634682
4598,280,1117,18,1.7899999999999845,0.01,0.02088598424369203,1.1755215644836425
4599,250,1000,16,1.4899999999999909,0.01,0.024350291927389446,1.1815165224529447
4600,132,525,8,0.31000000000000094,0.01,0.024004120182133083,1.1897263346296367
4601,299,1194,19,1.9799999999999804,0.01,0.020859052371233703,1.174192158381144
4602,192,767,12,0.9100000000000015,0.01,0.021506288239227917,1.1915190517902374
4603,217,868,14,1.159999999999998,0.01,0.018770813739306672,1.1833223855053936
4604,102,407,6,0.010000000000000675,0.01,0.01225130632519722,1.1894151449203492
4605,28,111,1,-0.73,0.01,0.02368397338848029,1.196172067097255
4606,386,1541,25,2.849999999999962,0.01,0.02425225627051724,1.1835313039956634
4607,351,1402,23,2.4999999999999694,0.01,0.018123499263310805,1.2233848463405261
4608,18,70,1,-0.83,0.01,0.04179354349616915,1.23894464969635
4609,334,1334,22,2.329999999999973,0.01,0.022541847778484225,1.2166997719378698
4610,98,392,6,-0.02999999999999936,0.01,0.037883707225167505,1.2112685690323512
4611,184,734,12,0.8300000000000014,0.01,0.02313164275382524,1.2165322329687036
4612,263,1052,17,1.6199999999999881,0.01,0.024857235807840796,1.2420347513574543
4613,237,947,15,1.3599999999999937,0.01,0.019310692723808906,1.2342059874938707
4614,345,1378,22,2.4399999999999706,0.01,0.028573154815645933,1.2390229521795761
4615,156,622,10,0.5500000000000012,0.01,0.03607284587521393,1.2286777710303283
4616,147,586,9,0.4600000000000011,0.01,0.024251561007789663,1.2308629010174725
4617,184,733,12,0.8300000000000014,0.01,0.03052453280163362,1.2518564022105674
4618,181,723,12,0.8000000000000014,0.01,0.03378245423340963,1.2376480499903362
4619,26,104,1,-0.75,0.01,0.018596241383680275,1.2548282997948783
4620,184,735,12,0.8300000000000014,0.01,0.022013912847994463,1.245241914106452
4621,460,1838,30,3.5899999999999466,0.01,0.023280224817521546,1.249330316419187
4622,189,756,12,0.8800000000000014,0.01,0.02156403317968262,1.22148948527397
4623,200,797,13,0.9900000000000015,0.01,0.02794459857046604,1.2277888393402099
4624,191,763,12,0.9000000000000015,0.01,0.015181536980283758,1.2336183190345764
4625,321,1282,21,2.1999999999999758,0.01,0.03472106555127539,1.2160421654582023
4626,201,804,13,1.0000000000000013,0.01,0.023101989533752202,1.2585783004760742
4627,87,345,5,-0.13999999999999946,0.01,0.037708742946217004,1.2461628805507312
4628,291,1163,19,1.8999999999999821,0.01,0.029981302891615522,1.2426039813316032
4629,337,1348,22,2.3599999999999723,0.01,0.019671850017316285,1.2517904468945094
4630,114,453,7,0.13000000000000078,0.01,0.02208350138770866,1.247058103824484
4631,325,1297,21,2.239999999999975,0.01,0.02258904707721538,1.2223425794530798
4632,291,1163,19,1.8999999999999821,0.01,0.020442330093467482,1.2372054302529112
4633,112,446,7,0.11000000000000076,0.01,0.04232559132755601,1.2098639181682043
4634,129,515,8,0.2800000000000009,0.01,0.019756259011046495,1.2379396334290504
4635,237,945,15,1.3599999999999937,0.01,0.02068078571583255,1.2526049755387387
4636,145,579,9,0.44000000000000106,0.01,0.02300542053611328,1.2614237699243758
4637,117,466,7,0.1600000000000008,0.01,0.02454155097560336,1.249558424949646
4638,136,542,9,0.350000000000001,0.01,0.01683794435195844,1.2436854208216948
4639,108,429,7,0.07000000000000073,0.01,0.0212109692963875,1.249655842781067
4640,145,578,9,0.44000000000000106,0.01,0.030005432451919962,1.247077590889401
4641,221,883,14,1.199999999999997,0.01,0.03072911297309805,1.2433970754796808
4642,32,126,2,-0.69,0.01,0.0410577422589995,1.2400555461645126
4643,174,694,11,0.7300000000000013,0.01,0.023849136069078337,1.2512344501235269
4644,195,778,12,0.9400000000000015,0.01,0.02061591910023708,1.2484158674875896
4645,197,788,13,0.9600000000000015,0.01,0.009600681285373867,1.2514864563941956
4646,324,1295,21,2.229999999999975,0.01,0.023254521406704077,1.244724491496145
4647,337,1345,22,2.3599999999999723,0.01,0.027193170293079067,1.2447139762696766
4648,191,763,12,0.9000000000000015,0.01,0.013749466136990426,1.2520540257294972
4649,182,725,12,0.8100000000000014,0.01,0.024129103781241508,1.2466926919089423
4650,178,709,11,0.7700000000000014,0.01,0.028148736085535753,1.2385459582010905
4651,194,775,12,0.9300000000000015,0.01,0.0209978210235325,1.2417433708906174
4652,142,568,9,0.41000000000000103,0.01,0.01489340095496219,1.284486472606659
4653,51,201,3,-0.4999999999999998,0.01,0.028707153939952452,1.2542498310407002
4654,246,984,16,1.4499999999999917,0.01,0.0280797085950091,1.2799225122697893
4655,150,600,10,0.4900000000000011,0.01,0.027032192708370654,1.261305966892758
4656,244,974,16,1.4299999999999922,0.01,0.02825635167021976,1.2595418945687715
4657,143,571,9,0.42000000000000104,0.01,0.026572021442310263,1.2801379594537947
4658,380,1518,25,2.789999999999963,0.01,0.02419572778193182,1.3082806838186163
4659,334,1334,22,2.329999999999973,0.01,0.025421691861646695,1.307290168035598
4660,289,1156,19,1.8799999999999826,0.01,0.02199386149489631,1.3038379318184323
4661,468,1869,31,3.669999999999945,0.01,0.02677463525886305,1.2982768136211948
4662,18,71,1,-0.83,0.01,0.021405863226391375,1.312463104724884
4663,132,527,8,0.31000000000000094,0.01,0.04639333455512921,1.284389008175243
4664,110,439,7,0.09000000000000075,0.01,0.026160462526604533,1.2869006821087428
4665,54,216,3,-0.46999999999999975,0.01,0.02352885760438557,1.294509346668537
4666,182,726,12,0.8100000000000014,0.01,0.013784511399495861,1.3108814177305803
4667,155,620,10,0.5400000000000011,0.01,0.009340504990317501,1.322724883372967
4668,171,681,11,0.7000000000000013,0.01,0.017535529808983916,1.3206817167145866
4669,65,257,4,-0.35999999999999965,0.01,0.03349950369995307,1.3132272608139937
4670,38,149,2,-0.6299999999999999,0.01,0.006959863783170779,1.3373310963312786
4671,139,556,9,0.380000000000001,0.01,0.03244776917355401,1.3214168412344796
4672,112,448,7,0.11000000000000076,0.01,0.029629255229208087,1.3030554907662528
4673,143,570,9,0.42000000000000104,0.01,0.027678885749386,1.3295099834601085
4674,107,425,7,0.06000000000000072,0.01,0.03160938849815956,1.299198595377115
4675,290,1160,19,1.8899999999999824,0.01,0.023358124400782464,1.3032795386771634
4676,56,223,3,-0.44999999999999973,0.01,0.030463453282469084,1.2630632860319955
4677,229,915,15,1.2799999999999954,0.01,0.029032544183887933,1.2884672817430998
4678,196,784,13,0.9500000000000015,0.01,0.026871850424237093,1.2920004226723496
4679,244,974,16,1.4299999999999922,0.01,0.017534713085252243,1.2956656198032568
4680,40,157,2,-0.6099999999999999,0.01,0.026464935601688923,1.2837611556053161
4681,99,393,6,-0.01999999999999935,0.01,0.03842226762790233,1.2706301307678223
4682,164,654,10,0.6300000000000012,0.01,0.024394785576477285,1.2885034665828798
4683,153,609,10,0.5200000000000011,0.01,0.02317576916079576,1.2902233945695978
4684,281,1121,18,1.7999999999999843,0.01,0.034238236005018866,1.2710044264793396
4685,145,577,9,0.44000000000000106,0.01,0.03638125122273089,1.2901603692286723
4686,157,628,10,0.5600000000000012,0.01,0.013230347116358386,1.286265837840545
4687,448,1790,29,3.469999999999949,0.01,0.02398248734347622,1.2751127619828497
4688,160,638,10,0.5900000000000012,0.01,0.019279936130624266,1.2723698973655702
4689,142,568,9,0.41000000000000103,0.01,0.020300599526880042,1.2669208799089704
4690,124,496,8,0.23000000000000087,0.01,0.03395700230894069,1.2594752427070373
4691,236,943,15,1.3499999999999939,0.01,0.01671262630024704,1.2860133627713737
4692,103,412,6,0.020000000000000684,0.01,0.03522517021673803,1.280559819478255
4693,51,204,3,-0.4999999999999998,0.01,0.04966405922403702,1.2884947153238149
4694,164,653,10,0.6300000000000012,0.01,0.029625000159551457,1.27448003175782
4695,224,895,14,1.2299999999999964,0.01,0.02712759069150447,1.297000099505697
4696,211,844,14,1.0999999999999992,0.01,0.018991306318708184,1.2911144292579506
4697,233,932,15,1.3199999999999945,0.01,0.029639028663072605,1.2992619769326572
4698,298,1191,19,1.9699999999999807,0.01,0.03187764627934509,1.3122021523681846
4699,54,214,3,-0.46999999999999975,0.01,0.035240450740924904,1.3151060513087682
4700,85,339,5,-0.15999999999999948,0.01,0.03158172789872402,1.3249566384724207
4701,151,602,10,0.5000000000000011,0.01,0.03441045936932297,1.3138258708150763
4702,99,394,6,-0.01999999999999935,0.01,0.030527086528018117,1.313886365890503
4703,124,495,8,0.23000000000000087,0.01,0.0374345236397799,1.316392594768155
4704,52,205,3,-0.48999999999999977,0.01,0.0305891576079795,1.3285464690281794
4705,130,518,8,0.2900000000000009,0.01,0.01469471739983419,1.333138033747673
4706,200,798,13,0.9900000000000015,0.01,0.03595807491336018,1.2972521018981933
4707,219,874,14,1.1799999999999975,0.01,0.024522365172478286,1.3127361839467828
4708,387,1545,25,2.8599999999999617,0.01,0.02835192255070913,1.3062879523051154
4709,191,763,12,0.9000000000000015,0.01,0.01442320425400233,1.3160162631501542
4710,162,647,10,0.6100000000000012,0.01,0.030801891758129363,1.313756774111492
4711,327,1306,21,2.2599999999999745,0.01,0.030876032377752227,1.3220712600684748
4712,302,1205,20,2.00999999999998,0.01,0.043530598621194565,1.3023219267527262
4713,242,965,16,1.4099999999999926,0.01,0.016859463732842295,1.320752311925419
4714,172,685,11,0.7100000000000013,0.01,0.022907819425643877,1.293014554090278
4715,285,1139,18,1.8399999999999834,0.01,0.02803356626438318,1.2857027221733415
4716,116,461,7,0.1500000000000008,0.01,0.02214147982283913,1.2841064806642204
4717,64,253,4,-0.36999999999999966,0.01,0.04314268764574081,1.262820802628994
4718,131,521,8,0.30000000000000093,0.01,0.024086792544094904,1.288415348891056
4719,224,894,14,1.2299999999999964,0.01,0.023568083565416082,1.297945350408554
4720,223,890,14,1.2199999999999966,0.01,0.03146120161029764,1.309733440659263
4721,254,1016,16,1.52999999999999,0.01,0.02616847756507923,1.307181330397725
4722,192,766,12,0.9100000000000015,0.01,0.022388049784543302,1.3094107632835705
4723,273,1090,18,1.719999999999986,0.01,0.02052502685247044,1.318761811536901
4724,126,504,8,0.2500000000000009,0.01,0.03035163163440302,1.3253161236643791
4725,151,604,10,0.5000000000000011,0.01,0.030061156860225507,1.325933888151839
4726,161,644,10,0.6000000000000012,0.01,0.017462109158769612,1.3341471160330423
4727,53,210,3,-0.47999999999999976,0.01,0.02896566350514499,1.3245025047889123
4728,170,679,11,0.6900000000000013,0.01,0.039473852974229624,1.3144671633130027
4729,121,483,8,0.20000000000000084,0.01,0.021420248055590257,1.340387067487163
4730,201,803,13,1.0000000000000013,0.01,0.026436847015284003,1.3313665199279785
4731,411,1643,27,3.099999999999957,0.01,0.03371053535120507,1.3420364220165513
4732,215,858,14,1.1399999999999983,0.01,0.028413119207505347,1.342207798418009
4733,126,501,8,0.2500000000000009,0.01,0.027124952466692775,1.3562781140208244
4734,327,1308,21,2.2599999999999745,0.01,0.02361478680665264,1.3634489542100487
4735,180,718,11,0.7900000000000014,0.01,0.03857751618035966,1.3611277924643623
4736,237,945,15,1.3599999999999937,0.01,0.036206696995423504,1.368425349057731
4737,287,1145,19,1.859999999999983,0.01,0.03360899374820292,1.3699556390444438
4738,54,215,3,-0.46999999999999975,0.01,0.014845332094969658,1.3529381935413067
4739,142,568,9,0.41000000000000103,0.01,0.03878215798694226,1.3725975387626224
4740,152,605,10,0.5100000000000011,0.01,0.02977963105015653,1.3518579853208441
4741,289,1156,19,1.8799999999999826,0.01,0.026654170577078022,1.3416883713669248
4742,113,452,7,0.12000000000000077,0.01,0.028475349436381032,1.334962738411767
4743,30,120,2,-0.71,0.01,0.037218620302155614,1.2859431505203247
4744,209,836,13,1.0799999999999996,0.01,0.036902057230830766,1.3515333991784315
4745,75,299,4,-0.25999999999999956,0.01,0.007167078811969412,1.3608750293129368
4746,285,1138,18,1.8399999999999834,0.01,0.029027819977810895,1.3465671136345663
4747,267,1068,17,1.6599999999999873,0.01,0.022013389495020703,1.3384192843935383
4748,77,305,5,-0.23999999999999955,0.01,0.012115472302723088,1.3327210451427258
4749,216,864,14,1.1499999999999981,0.01,0.01779161206084407,1.335634551666401
4750,66,264,4,-0.34999999999999964,0.01,0.033835674097645096,1.3512233346700668
4751,187,747,12,0.8600000000000014,0.01,0.025990143448035134,1.327913634320523
4752,171,681,11,0.7000000000000013,0.01,0.03770771952410943,1.3205789189006008
4753,387,1548,25,2.8599999999999617,0.01,0.0264841938696168,1.3275690410555023
4754,394,1574,26,2.92999999999996,0.01,0.041273242028962286,1.3183461670972862
4755,74,294,4,-0.2699999999999996,0.01,0.04246588204497177,1.309372864271465
4756,129,515,8,0.2800000000000009,0.01,0.034699672971328255,1.3269145302474499
4757,158,632,10,0.5700000000000012,0.01,0.02343458565286337,1.336424891765301
4758,36,144,2,-0.6499999999999999,0.01,0.04804071763323413,1.3257512251536052
4759,66,264,4,-0.34999999999999964,0.01,0.051444843877106905,1.3021900653839111
4760,168,672,11,0.6700000000000013,0.01,0.03138063864649406,1.3388788898785908
4761,150,599,9,0.4900000000000011,0.01,0.03254121120364682,1.3195107015403542
4762,322,1285,21,2.2099999999999755,0.01,0.04322194343110845,1.3153877832271434
4763,181,721,12,0.8000000000000014,0.01,0.033418225186566515,1.2890388011932372
4764,87,345,5,-0.13999999999999946,0.01,0.0192021086642688,1.30131765387275
4765,80,320,5,-0.20999999999999952,0.01,0.01359299273462966,1.302763396501541
4766,125,499,8,0.24000000000000088,0.01,0.026362482323161057,1.2830187236109087
4767,205,819,13,1.0400000000000005,0.01,0.03214124193433307,1.2907510318008124
4768,173,689,11,0.7200000000000013,0.01,0.02739142315377566,1.290365227244117
4769,72,288,4,-0.2899999999999996,0.01,0.011448075179941952,1.301146427790324
4770,164,655,10,0.6300000000000012,0.01,0.025837948642353097,1.3068697685148658
4771,151,603,10,0.5000000000000011,0.01,0.028027388556684192,1.3123653160559166
4772,187,747,12,0.8600000000000014,0.01,0.029145166743546724,1.294263147293253
4773,226,904,15,1.249999999999996,0.01,0.03513396306682313,1.292249041691161
4774,12,46,0,-0.89,0.01,0.12603493283192316,1.2465571165084839
4775,20,77,1,-0.8099999999999999,0.01,0.0841640666127205,1.2398177146911622
4776,63,251,4,-0.37999999999999967,0.01,0.020734782905007403,1.330869730313619
4777,395,1578,26,2.93999999999996,0.01,0.024589321456115806,1.3080727813219784
4778,347,1385,23,2.45999999999997,0.01,0.024987741330659938,1.3270914801235856
4779,277,1107,18,1.7599999999999851,0.01,0.024409151328997552,1.3409914365713147
4780,366,1463,24,2.649999999999966,0.01,0.02274003828389813,1.329505461713542
4781,122,485,8,0.21000000000000085,0.01,0.02450070926764359,1.3274026791254678
4782,100,400,6,-0.009999999999999343,0.01,0.01103438307531178,1.328667917251587
4783,213,849,14,1.1199999999999988,0.01,0.025306652071622183,1.3219486340036932
4784,136,543,9,0.350000000000001,0.01,0.018644790391109008,1.3337113366407507
4785,24,94,1,-0.7699999999999999,0.01,0.024649598247682054,1.3164328336715698
4786,168,671,11,0.6700000000000013,0.01,0.028688029097836642,1.3222577231270927
4787,24,94,1,-0.7699999999999999,0.01,0.01299123466014862,1.3104858994483948
4788,362,1447,24,2.609999999999967,0.01,0.0312838464908834,1.3236808868554921
4789,115,459,7,0.1400000000000008,0.01,0.015797271995387715,1.3337725236498077
4790,217,865,14,1.159999999999998,0.01,0.024802948650041665,1.3355330140502364
4791,172,687,11,0.7100000000000013,0.01,0.037523651842114536,1.3274696982184122
4792,270,1079,17,1.6899999999999866,0.01,0.02790412372812184,1.3191314135024796
4793,313,1249,20,2.1199999999999775,0.01,0.026563821699399547,1.3084033772915225
4794,208,829,13,1.0699999999999998,0.01,0.02969900213289433,1.301573952803245
4795,175,697,11,0.7400000000000013,0.01,0.021460820314322792,1.3030145112858262
4796,97,387,6,-0.03999999999999937,0.01,0.01847740650177002,1.3060901927947999
4797,67,268,4,-0.33999999999999964,0.01,0.03486281220102683,1.2799561396241188
4798,186,744,12,0.8500000000000014,0.01,0.03495952757967121,1.2756431356389473
4799,73,289,4,-0.2799999999999996,0.01,0.024110783434783418,1.2839173078536987
4800,56,221,3,-0.44999999999999973,0.01,0.03923683839717081,1.2355802399771554
4801,164,656,10,0.6300000000000012,0.01,0.02497359882563171,1.2742198124164488
4802,17,66,1,-0.84,0.01,0.010156864300370216,1.2616493999958038
4803,160,638,10,0.5900000000000012,0.01,0.0286666365689598,1.2639506459236145
4804,159,634,10,0.5800000000000012,0.01,0.02991928913979791,1.2718163192272187
4805,116,464,7,0.1500000000000008,0.01,0.02736531499901722,1.256373327353905
4806,361,1441,24,2.5999999999999672,0.01,0.019577660786712334,1.2783442046907214
4807,120,477,7,0.19000000000000083,0.01,0.03106377450749278,1.2608231902122498
4808,342,1367,22,2.4099999999999713,0.01,0.027277050550680523,1.274085129416266
4809,160,638,10,0.5900000000000012,0.01,0.03652338937390596,1.2593864053487778
4810,348,1392,23,2.46999999999997,0.01,0.028172176668484664,1.2683304712690155
4811,210,840,14,1.0899999999999994,0.01,0.03483987349766092,1.271704559142773
4812,143,571,9,0.42000000000000104,0.01,0.031612141937431365,1.2772654294967651
4813,220,877,14,1.1899999999999973,0.01,0.02226259102409875,1.2838765079324896
4814,310,1239,20,2.089999999999978,0.01,0.03034519795507479,1.2811058881955268
4815,89,355,5,-0.11999999999999944,0.01,0.01774419526654211,1.3179178075356917
4816,278,1109,18,1.769999999999985,0.01,0.029978964379921123,1.309837818145752
4817,213,851,14,1.1199999999999988,0.01,0.030225845122778858,1.305795806425589
4818,280,1118,18,1.7899999999999845,0.01,0.025525742323536958,1.3137402517454966
4819,110,439,7,0.09000000000000075,0.01,0.01947717007284087,1.3146860555366233
4820,303,1212,20,2.0199999999999796,0.01,0.02933753597684891,1.2988815793865605
4821,107,425,7,0.06000000000000072,0.01,0.02979195283518897,1.296466999583774
4822,83,330,5,-0.1799999999999995,0.01,0.026981590664945543,1.3021736800670625
4823,73,289,4,-0.2799999999999996,0.01,0.03548459999116236,1.2694470004031533
4824,211,844,14,1.0999999999999992,0.01,0.020324525002461787,1.3078498450609355
4825,34,133,2,-0.6699999999999999,0.01,0.02277808253549867,1.273448732164171
4826,172,686,11,0.7100000000000013,0.01,0.024280693197926115,1.3016447577365609
4827,356,1423,23,2.5499999999999683,0.01,0.01967105401805445,1.2563423494274697
4828,63,249,4,-0.37999999999999967,0.01,0.03197182368603535,1.2534714341163635
4829,325,1300,21,2.239999999999975,0.01,0.029606265355085516,1.251671373108287
4830,61,244,4,-0.3999999999999997,0.01,0.02456685118377209,1.257246740659078
4831,112,447,7,0.11000000000000076,0.01,0.03546301512480048,1.2429368495941162
4832,130,520,8,0.2900000000000009,0.01,0.03369343481167699,1.2648150090015295
4833,365,1458,24,2.6399999999999664,0.01,0.02614691177802672,1.289687270646567
4834,296,1184,19,1.949999999999981,0.01,0.01742216488157676,1.2884505004496187
4835,132,527,8,0.31000000000000094,0.01,0.03496448221531781,1.2799228754910557
4836,306,1223,20,2.049999999999979,0.01,0.025738541520886907,1.301588806666826
4837,182,728,12,0.8100000000000014,0.01,0.028275545640929562,1.3168213522952537
4838,119,474,7,0.18000000000000083,0.01,0.024052916521516938,1.316752513249715
4839,282,1127,18,1.809999999999984,0.01,0.031294129459586525,1.3249668547085354
4840,114,456,7,0.13000000000000078,0.01,0.03745797632165767,1.3159958822973843
4841,233,931,15,1.3199999999999945,0.01,0.014158161718334103,1.3389054249072898
4842,168,672,11,0.6700000000000013,0.01,0.03111606142816267,1.3378948115167164
4843,253,1011,16,1.5199999999999902,0.01,0.02039331134172186,1.3325042005569216
4844,96,383,6,-0.04999999999999938,0.01,0.01773814923944883,1.3232551912466686
4845,114,456,7,0.13000000000000078,0.01,0.024468609180044513,1.340900918533062
4846,184,736,12,0.8300000000000014,0.01,0.027590639367902084,1.3226454076559648
4847,232,927,15,1.3099999999999947,0.01,0.028285873676489652,1.3698582032631184
4848,175,697,11,0.7400000000000013,0.01,0.016640887308735832,1.3773505355036535
4849,121,483,8,0.20000000000000084,0.01,0.020683655778186455,1.3748406902436288
4850,92,368,6,-0.08999999999999941,0.01,0.01623487308540422,1.383022401643836
4851,298,1191,19,1.9699999999999807,0.01,0.018395523207161476,1.378511812235858
4852,242,965,16,1.4099999999999926,0.01,0.02739448487743369,1.3874490104737829
4853,23,92,1,-0.7799999999999999,0.01,0.007001076033338905,1.3867749929428101
4854,66,264,4,-0.34999999999999964,0.01,0.0144414605353685,1.4042085128671982
4855,84,335,5,-0.16999999999999948,0.01,0.05077615486724036,1.359146924245925
4856,132,526,8,0.31000000000000094,0.01,0.0196715329251619,1.3957243724302812
4857,204,813,13,1.0300000000000007,0.01,0.025020594576227607,1.3782385400697297
4858,125,498,8,0.24000000000000088,0.01,0.01944335564340074,1.3840889238542127
4859,324,1296,21,2.229999999999975,0.01,0.022768668310118863,1.3798126482669217
4860,192,766,12,0.9100000000000015,0.01,0.024530319181697752,1.3679803560177486
4861,117,468,7,0.1600000000000008,0.01,0.022579830493135698,1.3678366685735768
4862,247,986,16,1.4599999999999915,0.01,0.021516261979066316,1.3686204533423147
4863,136,543,9,0.350000000000001,0.01,0.026981905239689,1.3591157443383162
4864,165,660,11,0.6400000000000012,0.01,0.014312222185431094,1.357629351499604
4865,414,1654,27,3.1299999999999564,0.01,0.020808525757344726,1.3781011563081007
4866,202,808,13,1.0100000000000011,0.01,0.02292118419893086,1.381122829914093
4867,167,667,11,0.6600000000000013,0.01,0.025226299828361897,1.3805068475859505
4868,422,1685,28,3.2099999999999547,0.01,0.023927934839003632,1.3788630130156032
4869,7,26,0,-0.94,0.01,0.003327044891193509,1.377485752105713
4870,88,350,5,-0.12999999999999945,0.01,0.031366063054354694,1.3142301927913318
4871,128,511,8,0.2700000000000009,0.01,0.04557028546696529,1.326781827956438
4872,101,402,6,6.661338147750939e-16,0.01,0.02012498618569225,1.3379640395824726
4873,14,56,0,-0.87,0.01,0.06490049449106057,1.3106146256128948
4874,197,786,13,0.9600000000000015,0.01,0.033859813277020444,1.3423855183075886
4875,205,817,13,1.0400000000000005,0.01,0.017172923047417916,1.3353865994856908
4876,96,381,6,-0.04999999999999938,0.01,0.017563331639394164,1.3493930945793788
4877,165,660,11,0.6400000000000012,0.01,0.029151164659685116,1.3257992558363008
4878,167,665,11,0.6600000000000013,0.01,0.025729408232672585,1.314497104712895
4879,310,1239,20,2.089999999999978,0.01,0.023449797583925357,1.317125222899697
4880,139,556,9,0.380000000000001,0.01,0.028768139399055925,1.3098036697932651
4881,176,701,11,0.7500000000000013,0.01,0.0366961956130002,1.310106637802991
4882,248,991,16,1.4699999999999913,0.01,0.0260512963342931,1.312243571204524
4883,306,1223,20,2.049999999999979,0.01,0.021610031299611653,1.3303803236860978
4884,163,652,10,0.6200000000000012,0.01,0.015902722612159644,1.3250191676907423
4885,261,1043,17,1.5999999999999885,0.01,0.025228947981332357,1.3252126840444711
4886,355,1418,23,2.5399999999999685,0.01,0.025830964774960715,1.334509198585253
4887,390,1558,25,2.889999999999961,0.01,0.02693210661230723,1.336966838155474
4888,146,581,9,0.45000000000000107,0.01,0.011191175991876258,1.3373909559514787
4889,92,368,6,-0.08999999999999941,0.01,0.010611072759670407,1.3422420905983967
4890,121,481,8,0.20000000000000084,0.01,0.019246914749965073,1.3414198676745097
4891,233,930,15,1.3199999999999945,0.01,0.03142212833262096,1.3607955282017337
4892,138,552,9,0.370000000000001,0.01,0.019826941719443044,1.3750194802003748
4893,263,1049,17,1.6199999999999881,0.01,0.025554611442864618,1.3700925491072915
4894,200,798,13,0.9900000000000015,0.01,0.03280965063720941,1.3611903238296508
4895,136,542,9,0.350000000000001,0.01,0.02942337149151546,1.3564321924658382
4896,27,108,1,-0.74,0.01,0.00960476603358984,1.3397255284445626
4897,235,937,15,1.339999999999994,0.01,0.020651616685991657,1.3783947085512096
4898,314,1256,20,2.1299999999999772,0.01,0.023779371871223934,1.376986865755878
4899,286,1141,19,1.8499999999999832,0.01,0.021061934881620635,1.392947084467176
4900,260,1038,17,1.5899999999999888,0.01,0.03998130319210199,1.3668315318914561
4901,109,434,7,0.08000000000000074,0.01,0.02585773082682863,1.3671472668647766
4902,164,654,10,0.6300000000000012,0.01,0.043124122283898475,1.3413494302005302
4903,175,700,11,0.7400000000000013,0.01,0.030233305770643922,1.33613990905673
4904,270,1078,17,1.6899999999999866,0.01,0.02874646594008321,1.3540028386256273
4905,126,503,8,0.2500000000000009,0.01,0.02521708384606867,1.3689235910292594
4906,313,1249,20,2.1199999999999775,0.01,0.018183371850843483,1.340944131718406
4907,83,331,5,-0.1799999999999995,0.01,0.01647190045332536,1.3200510263442993
4908,236,941,15,1.3499999999999939,0.01,0.02817430400873645,1.3167559191332026
4909,65,258,4,-0.35999999999999965,0.01,0.02514991123119698,1.314032042727751
4910,255,1017,16,1.5399999999999898,0.01,0.02852608405408405,1.321538594033983
4911,175,700,11,0.7400000000000013,0.01,0.021850671619176865,1.321637299927798
4912,296,1181,19,1.949999999999981,0.01,0.03067781277491736,1.3100097324397113
4913,137,548,9,0.360000000000001,0.01,0.036624831798048145,1.3125606564914478
4914,163,650,10,0.6200000000000012,0.01,0.018646965626763497,1.3223969238560374
4915,269,1073,17,1.6799999999999868,0.01,0.03727591837714635,1.295533048572825
4916,110,439,7,0.09000000000000075,0.01,0.02865915819503633,1.3061824100358146
4917,267,1067,17,1.6599999999999873,0.01,0.02826219140343479,1.2756248587992653
4918,212,845,14,1.109999999999999,0.01,0.021615330946965598,1.2692501522460073
4919,372,1485,24,2.709999999999965,0.01,0.02047911513050998,1.2719913592902563
4920,37,147,2,-0.6399999999999999,0.01,0.02377297765471869,1.273930139011807
4921,304,1214,20,2.0299999999999794,0.01,0.03462530739948546,1.247218994717849
4922,127,507,8,0.2600000000000009,0.01,0.024771845346549526,1.246453009545803
4923,301,1202,20,1.99999999999998,0.01,0.024024192250023287,1.251416139602661
4924,289,1154,19,1.8799999999999826,0.01,0.02468521720988469,1.2472624944316015
4925,231,923,15,1.299999999999995,0.01,0.030086966207379412,1.2453277707099915
4926,190,757,12,0.8900000000000015,0.01,0.026275408048024203,1.2657994133360841
4927,178,709,11,0.7700000000000014,0.01,0.02213963062192003,1.259011263317532
4928,310,1237,20,2.089999999999978,0.01,0.022789514817103937,1.2620937251425408
4929,146,584,9,0.45000000000000107,0.01,0.03265794287309856,1.2636638396495097
4930,200,800,13,0.9900000000000015,0.01,0.03122984103858471,1.2695668029785157
4931,125,497,8,0.24000000000000088,0.01,0.02775901641636606,1.276835645398786
4932,134,535,8,0.33000000000000096,0.01,0.021638193674495116,1.2839341303881477
4933,346,1382,23,2.4499999999999704,0.01,0.0292517357034782,1.2727961720422256
4934,39,155,2,-0.6199999999999999,0.01,0.017202032916247844,1.2971543192863464
4935,431,1721,28,3.2999999999999527,0.01,0.0333613762006819,1.2804106407695346
4936,173,689,11,0.7200000000000013,0.01,0.03361606179888165,1.2588375557300657
4937,47,187,3,-0.5399999999999998,0.01,0.02830842319720735,1.2801913718382518
4938,102,408,6,0.010000000000000675,0.01,0.03738030876964331,1.252211012840271
4939,125,498,8,0.24000000000000088,0.01,0.021644939600880587,1.2912571391751688
4940,345,1380,23,2.4399999999999706,0.01,0.02581391647864861,1.2772824038034198
4941,122,488,8,0.21000000000000085,0.01,0.03310809130004297,1.2627032399177551
4942,76,304,5,-0.24999999999999956,0.01,0.03203921583726218,1.2880037207352488
4943,347,1386,23,2.45999999999997,0.01,0.029529698712258846,1.2688462994564538
4944,122,486,8,0.21000000000000085,0.01,0.030114593744898836,1.2616519610087076
4945,83,329,5,-0.1799999999999995,0.01,0.014203197012344996,1.2828870784668696
4946,56,224,3,-0.44999999999999973,0.01,0.04317223062805299,1.2770294547080994
4947,186,742,12,0.8500000000000014,0.01,0.03785473270777692,1.2549061648389126
4948,165,659,10,0.6400000000000012,0.01,0.020441371731732678,1.2723857164382935
4949,194,774,12,0.9300000000000015,0.01,0.021625219776372735,1.2555059815446536
4950,253,1011,16,1.5199999999999902,0.01,0.02251505920503405,1.2594839353114367
4951,67,265,4,-0.33999999999999964,0.01,0.026118994326679967,1.248198576271534
4952,78,312,5,-0.22999999999999954,0.01,0.03611096222884953,1.2406823694705964
4953,260,1040,17,1.5899999999999888,0.01,0.022303041242636167,1.2610100654455332
4954,221,883,14,1.199999999999997,0.01,0.0373903427273035,1.2687715010209517
4955,218,870,14,1.1699999999999977,0.01,0.026964990701526404,1.25566218549555
4956,246,982,16,1.4499999999999917,0.01,0.03454775160148007,1.268578703286218
4957,298,1191,19,1.9699999999999807,0.01,0.017924394744137925,1.2798401578267415
4958,141,563,9,0.400000000000001,0.01,0.025114167288744025,1.2968393700463432
4959,192,765,12,0.9100000000000015,0.01,0.035500230398611166,1.2630819603800774
4960,88,352,5,-0.12999999999999945,0.01,0.024211999113586815,1.288744482127103
4961,82,328,5,-0.1899999999999995,0.01,0.013777713291347027,1.2739901542663574
4962,110,438,7,0.09000000000000075,0.01,0.023232417887941535,1.278066439288003
4963,130,518,8,0.2900000000000009,0.01,0.03641777758457465,1.2603816874325275
4964,361,1442,24,2.5999999999999672,0.01,0.031075342046608636,1.2684283204131075
4965,246,981,16,1.4499999999999917,0.01,0.017534687672360022,1.2484846818642539
4966,227,906,15,1.2599999999999958,0.01,0.025362108348002822,1.2538296465288128
4967,167,666,11,0.6600000000000013,0.01,0.019615339968974393,1.2538035284905207
4968,244,976,16,1.4299999999999922,0.01,0.02464532150627404,1.2538421368989787
4969,179,716,11,0.7800000000000014,0.01,0.023080682794732802,1.2612143104726619
4970,159,634,10,0.5800000000000012,0.01,0.012148500030161814,1.2688437491655349
4971,113,451,7,0.12000000000000077,0.01,0.029923329928091595,1.2641207533223289
4972,193,769,12,0.9200000000000015,0.01,0.033256958005949855,1.2521814691777131
4973,127,507,8,0.2600000000000009,0.01,0.02196247548225426,1.2892948735144831
4974,115,457,7,0.1400000000000008,0.01,0.009940900920151636,1.2813378531357338
4975,192,765,12,0.9100000000000015,0.01,0.017125111543767464,1.2731688444813092
4976,42,168,2,-0.5899999999999999,0.01,0.02740744706666605,1.2755050442435525
4977,278,1111,18,1.769999999999985,0.01,0.019251428136224116,1.269470430802608
4978,167,667,11,0.6600000000000013,0.01,0.03800238410587467,1.2593743205070496
4979,150,598,9,0.4900000000000011,0.01,0.018801811207840975,1.271900866482709
4980,221,884,14,1.199999999999997,0.01,0.018395458277414685,1.271615939480918
4981,142,567,9,0.41000000000000103,0.01,0.02576692832766899,1.2628664016723632
4982,108,430,7,0.07000000000000073,0.01,0.013398160933758374,1.2731139836487946
4983,82,327,5,-0.1899999999999995,0.01,0.011335186676920525,1.2619846150988625
4984,44,176,2,-0.5699999999999998,0.01,0.01247786683961749,1.2706913297826594
4985,59,234,3,-0.4199999999999997,0.01,0.02486551832407713,1.2476047107151575
4986,371,1483,24,2.699999999999965,0.01,0.021495953226031397,1.2658606780472623
4987,188,750,12,0.8700000000000014,0.01,0.01881001730687282,1.2612847039040098
4988,92,365,6,-0.08999999999999941,0.01,0.01582572599063101,1.2603616092516028
4989,67,266,4,-0.33999999999999964,0.01,0.019223211250980112,1.2682938365375294
4990,311,1243,20,2.099999999999978,0.01,0.028778904350474477,1.2518987762622344
4991,59,235,3,-0.4199999999999997,0.01,0.03788371370839221,1.2308670452662878
4992,19,75,1,-0.82,0.01,0.008569624181836844,1.2698698043823242
4993,164,654,10,0.6300000000000012,0.01,0.013275330903281162,1.2665999720736247
4994,185,738,12,0.8400000000000014,0.01,0.014170217100004464,1.272185328214065
4995,11,42,0,-0.9,0.01,0.04211532340074579,1.316486080487569
4996,132,525,8,0.31000000000000094,0.01,0.0252740983569035,1.2485603021852898
4997,177,705,11,0.7600000000000013,0.01,0.02324362127745355,1.2552197060801766
4998,141,562,9,0.400000000000001,0.01,0.030974767326066893,1.2459874583615198
4999,170,679,11,0.6900000000000013,0.01,0.027033328064828225,1.25534816299166
