pygame-ce 2.5.7 (SDL 2.32.10, Python 3.14.6)
output: final_results\06_pqn_vec_attention_anneal\PQN_seed0_0806_201113
random baseline: mean=9.80+-1.28 max=21

[training setup]
model   : PQN / AttentionQNetwork (269,321 trainable parameters)
arch    : 
            [agent encoder]     Linear(2->256) -> LayerNorm -> ReLU
            [ball encoder]      Linear(4->256) -> LayerNorm -> ReLU  (x,y,vx,vy; x,y는 agent 기준 상대좌표. 공 40개에 각각 동일하게 적용, 파라미터 공유)
            [+ sentinel]        학습되는 '공 없음' key/value 1개 추가 (항상 마스킹 안 함)
            [cross-attention]   Q=agent embed(1개) , K=V=ball embed(40개)+sentinel(1개) -> 4 head x 64dim -> softmax(QK^T/sqrt(d))·V (mask=0인 빈 슬롯은 attention에서 제외)
            [out_proj]          Linear(256->256)
            [combine]           agent embed + attention -> LayerNorm -> ReLU
            [head]              Linear(256->9)
run     : device=cuda, seed=0, total_timesteps=5,000,000, iterations=1,220
optim   : optimizer=adam, lr=0.00025, anneal_lr=True, gamma=0.99, hidden=256, layer_norm=True, dueling_net=False, use_attention=True(4 heads, fusion=residual, position=relative), augmentation=False(spawn_safe), loss_fn=mse, max_grad_norm=10
rollout : num_envs=128, num_steps=32, batch=4096, minibatches=32, update_epochs=2, q_lambda=0.65
explore : epsilon=1->0.01 over 500,000 steps
env     : type=vec, obs=(202,), actions=9, frame_stack=4, frame_skip=4, max_steps=10800
logging : log_every=1 iter, eval_every=100 iter, eval_episodes=20
artifact: best_agent.gif, seed=20000

iter 1/1220 steps=4096 episodes=15 score50=0.67 eps=0.992 loss=0.03260 q=0.283 trunc=0 sps=3734 elapsed=0.0m
iter 2/1220 steps=8192 episodes=33 score50=1.64 eps=0.984 loss=0.02242 q=0.438 trunc=0 sps=4113 elapsed=0.0m
iter 3/1220 steps=12288 episodes=57 score50=3.04 eps=0.976 loss=0.01281 q=0.527 trunc=0 sps=4320 elapsed=0.0m
iter 4/1220 steps=16384 episodes=85 score50=5.30 eps=0.968 loss=0.03328 q=0.604 trunc=0 sps=4403 elapsed=0.1m
iter 5/1220 steps=20480 episodes=114 score50=7.10 eps=0.959 loss=0.04522 q=0.662 trunc=0 sps=4431 elapsed=0.1m
iter 6/1220 steps=24576 episodes=148 score50=7.94 eps=0.951 loss=0.04134 q=0.680 trunc=0 sps=4448 elapsed=0.1m
iter 7/1220 steps=28672 episodes=178 score50=8.52 eps=0.943 loss=0.07080 q=0.755 trunc=0 sps=4474 elapsed=0.1m
iter 8/1220 steps=32768 episodes=208 score50=8.16 eps=0.935 loss=0.01423 q=0.781 trunc=0 sps=4448 elapsed=0.1m
iter 9/1220 steps=36864 episodes=235 score50=7.58 eps=0.927 loss=0.08184 q=0.857 trunc=0 sps=4455 elapsed=0.1m
iter 10/1220 steps=40960 episodes=274 score50=9.28 eps=0.919 loss=0.03623 q=0.854 trunc=0 sps=4466 elapsed=0.2m
iter 11/1220 steps=45056 episodes=310 score50=8.70 eps=0.911 loss=0.04819 q=0.893 trunc=0 sps=4496 elapsed=0.2m
iter 12/1220 steps=49152 episodes=343 score50=7.28 eps=0.903 loss=0.05257 q=0.944 trunc=0 sps=4492 elapsed=0.2m
iter 13/1220 steps=53248 episodes=370 score50=8.18 eps=0.895 loss=0.01440 q=1.027 trunc=0 sps=4505 elapsed=0.2m
iter 14/1220 steps=57344 episodes=401 score50=8.20 eps=0.886 loss=0.02048 q=0.986 trunc=0 sps=4511 elapsed=0.2m
iter 15/1220 steps=61440 episodes=432 score50=7.76 eps=0.878 loss=0.01318 q=1.078 trunc=0 sps=4523 elapsed=0.2m
iter 16/1220 steps=65536 episodes=462 score50=8.08 eps=0.870 loss=0.01902 q=1.165 trunc=0 sps=4534 elapsed=0.2m
iter 17/1220 steps=69632 episodes=489 score50=8.00 eps=0.862 loss=0.03915 q=1.122 trunc=0 sps=4550 elapsed=0.3m
iter 18/1220 steps=73728 episodes=518 score50=9.70 eps=0.854 loss=0.02575 q=1.203 trunc=0 sps=4523 elapsed=0.3m
iter 19/1220 steps=77824 episodes=544 score50=10.30 eps=0.846 loss=0.01046 q=1.290 trunc=0 sps=4513 elapsed=0.3m
iter 20/1220 steps=81920 episodes=565 score50=8.38 eps=0.838 loss=0.04306 q=1.350 trunc=0 sps=4508 elapsed=0.3m
iter 21/1220 steps=86016 episodes=592 score50=7.70 eps=0.830 loss=0.02874 q=1.328 trunc=0 sps=4512 elapsed=0.3m
iter 22/1220 steps=90112 episodes=627 score50=9.44 eps=0.822 loss=0.04077 q=1.393 trunc=0 sps=4517 elapsed=0.3m
iter 23/1220 steps=94208 episodes=659 score50=9.08 eps=0.813 loss=0.07925 q=1.423 trunc=0 sps=4495 elapsed=0.3m
iter 24/1220 steps=98304 episodes=686 score50=8.30 eps=0.805 loss=0.04428 q=1.433 trunc=0 sps=4497 elapsed=0.4m
iter 25/1220 steps=102400 episodes=712 score50=9.16 eps=0.797 loss=0.06853 q=1.453 trunc=0 sps=4495 elapsed=0.4m
iter 26/1220 steps=106496 episodes=751 score50=9.76 eps=0.789 loss=0.11318 q=1.455 trunc=0 sps=4498 elapsed=0.4m
iter 27/1220 steps=110592 episodes=781 score50=8.84 eps=0.781 loss=0.10743 q=1.432 trunc=0 sps=4494 elapsed=0.4m
iter 28/1220 steps=114688 episodes=813 score50=8.38 eps=0.773 loss=0.05819 q=1.471 trunc=0 sps=4498 elapsed=0.4m
iter 29/1220 steps=118784 episodes=836 score50=7.92 eps=0.765 loss=0.07792 q=1.484 trunc=0 sps=4501 elapsed=0.4m
iter 30/1220 steps=122880 episodes=862 score50=9.36 eps=0.757 loss=0.04075 q=1.509 trunc=0 sps=4497 elapsed=0.5m
iter 31/1220 steps=126976 episodes=881 score50=10.86 eps=0.749 loss=0.05426 q=1.537 trunc=0 sps=4488 elapsed=0.5m
iter 32/1220 steps=131072 episodes=905 score50=9.26 eps=0.740 loss=0.02989 q=1.513 trunc=0 sps=4491 elapsed=0.5m
iter 33/1220 steps=135168 episodes=938 score50=9.08 eps=0.732 loss=0.04699 q=1.539 trunc=0 sps=4495 elapsed=0.5m
iter 34/1220 steps=139264 episodes=968 score50=9.26 eps=0.724 loss=0.06811 q=1.538 trunc=0 sps=4500 elapsed=0.5m
iter 35/1220 steps=143360 episodes=987 score50=10.38 eps=0.716 loss=0.01172 q=1.641 trunc=0 sps=4502 elapsed=0.5m
iter 36/1220 steps=147456 episodes=1012 score50=10.38 eps=0.708 loss=0.04087 q=1.622 trunc=0 sps=4499 elapsed=0.5m
iter 37/1220 steps=151552 episodes=1043 score50=9.18 eps=0.700 loss=0.02515 q=1.600 trunc=0 sps=4501 elapsed=0.6m
iter 38/1220 steps=155648 episodes=1061 score50=9.40 eps=0.692 loss=0.01654 q=1.639 trunc=0 sps=4507 elapsed=0.6m
iter 39/1220 steps=159744 episodes=1081 score50=10.50 eps=0.684 loss=0.04660 q=1.622 trunc=0 sps=4511 elapsed=0.6m
iter 40/1220 steps=163840 episodes=1095 score50=10.34 eps=0.676 loss=0.05257 q=1.622 trunc=0 sps=4507 elapsed=0.6m
iter 41/1220 steps=167936 episodes=1119 score50=10.52 eps=0.667 loss=0.03426 q=1.619 trunc=0 sps=4494 elapsed=0.6m
iter 42/1220 steps=172032 episodes=1156 score50=11.00 eps=0.659 loss=0.03526 q=1.640 trunc=0 sps=4491 elapsed=0.6m
iter 43/1220 steps=176128 episodes=1177 score50=12.72 eps=0.651 loss=0.03235 q=1.641 trunc=0 sps=4495 elapsed=0.7m
iter 44/1220 steps=180224 episodes=1202 score50=11.42 eps=0.643 loss=0.04139 q=1.670 trunc=0 sps=4500 elapsed=0.7m
iter 45/1220 steps=184320 episodes=1231 score50=9.68 eps=0.635 loss=0.02094 q=1.726 trunc=0 sps=4503 elapsed=0.7m
iter 46/1220 steps=188416 episodes=1245 score50=10.32 eps=0.627 loss=0.06241 q=1.726 trunc=0 sps=4501 elapsed=0.7m
iter 47/1220 steps=192512 episodes=1261 score50=11.82 eps=0.619 loss=0.03496 q=1.744 trunc=0 sps=4496 elapsed=0.7m
iter 48/1220 steps=196608 episodes=1289 score50=11.02 eps=0.611 loss=0.08137 q=1.719 trunc=0 sps=4489 elapsed=0.7m
iter 49/1220 steps=200704 episodes=1302 score50=10.60 eps=0.603 loss=0.03987 q=1.774 trunc=0 sps=4488 elapsed=0.7m
iter 50/1220 steps=204800 episodes=1327 score50=11.24 eps=0.594 loss=0.02262 q=1.764 trunc=0 sps=4479 elapsed=0.8m
iter 51/1220 steps=208896 episodes=1363 score50=10.82 eps=0.586 loss=0.01965 q=1.717 trunc=0 sps=4474 elapsed=0.8m
iter 52/1220 steps=212992 episodes=1376 score50=11.08 eps=0.578 loss=0.01614 q=1.777 trunc=0 sps=4471 elapsed=0.8m
iter 53/1220 steps=217088 episodes=1398 score50=11.70 eps=0.570 loss=0.01263 q=1.741 trunc=0 sps=4472 elapsed=0.8m
iter 54/1220 steps=221184 episodes=1424 score50=12.76 eps=0.562 loss=0.11666 q=1.737 trunc=0 sps=4475 elapsed=0.8m
iter 55/1220 steps=225280 episodes=1442 score50=13.42 eps=0.554 loss=0.02202 q=1.777 trunc=0 sps=4477 elapsed=0.8m
iter 56/1220 steps=229376 episodes=1458 score50=14.58 eps=0.546 loss=0.01952 q=1.808 trunc=0 sps=4471 elapsed=0.9m
iter 57/1220 steps=233472 episodes=1474 score50=13.96 eps=0.538 loss=0.01119 q=1.815 trunc=0 sps=4453 elapsed=0.9m
iter 58/1220 steps=237568 episodes=1493 score50=13.28 eps=0.530 loss=0.02997 q=1.780 trunc=0 sps=4451 elapsed=0.9m
iter 59/1220 steps=241664 episodes=1510 score50=12.54 eps=0.522 loss=0.04272 q=1.812 trunc=0 sps=4453 elapsed=0.9m
iter 60/1220 steps=245760 episodes=1527 score50=13.80 eps=0.513 loss=0.02651 q=1.799 trunc=0 sps=4445 elapsed=0.9m
iter 61/1220 steps=249856 episodes=1544 score50=14.08 eps=0.505 loss=0.02461 q=1.806 trunc=0 sps=4447 elapsed=0.9m
iter 62/1220 steps=253952 episodes=1560 score50=15.08 eps=0.497 loss=0.00893 q=1.781 trunc=0 sps=4444 elapsed=1.0m
iter 63/1220 steps=258048 episodes=1580 score50=13.66 eps=0.489 loss=0.03665 q=1.766 trunc=0 sps=4440 elapsed=1.0m
iter 64/1220 steps=262144 episodes=1595 score50=12.26 eps=0.481 loss=0.03660 q=1.793 trunc=0 sps=4438 elapsed=1.0m
iter 65/1220 steps=266240 episodes=1612 score50=14.02 eps=0.473 loss=0.01958 q=1.787 trunc=0 sps=4434 elapsed=1.0m
iter 66/1220 steps=270336 episodes=1629 score50=13.74 eps=0.465 loss=0.02603 q=1.833 trunc=0 sps=4431 elapsed=1.0m
iter 67/1220 steps=274432 episodes=1647 score50=15.50 eps=0.457 loss=0.04018 q=1.864 trunc=0 sps=4431 elapsed=1.0m
iter 68/1220 steps=278528 episodes=1669 score50=15.26 eps=0.449 loss=0.01428 q=1.921 trunc=0 sps=4430 elapsed=1.0m
iter 69/1220 steps=282624 episodes=1688 score50=16.42 eps=0.440 loss=0.08550 q=1.915 trunc=0 sps=4431 elapsed=1.1m
iter 70/1220 steps=286720 episodes=1701 score50=14.80 eps=0.432 loss=0.02924 q=1.945 trunc=0 sps=4429 elapsed=1.1m
iter 71/1220 steps=290816 episodes=1718 score50=13.80 eps=0.424 loss=0.04454 q=1.905 trunc=0 sps=4429 elapsed=1.1m
iter 72/1220 steps=294912 episodes=1736 score50=13.90 eps=0.416 loss=0.02843 q=1.881 trunc=0 sps=4412 elapsed=1.1m
iter 73/1220 steps=299008 episodes=1749 score50=14.28 eps=0.408 loss=0.01831 q=1.892 trunc=0 sps=4402 elapsed=1.1m
iter 74/1220 steps=303104 episodes=1763 score50=15.26 eps=0.400 loss=0.02539 q=1.909 trunc=0 sps=4400 elapsed=1.1m
iter 75/1220 steps=307200 episodes=1776 score50=16.30 eps=0.392 loss=0.02320 q=1.945 trunc=0 sps=4401 elapsed=1.2m
iter 76/1220 steps=311296 episodes=1790 score50=16.34 eps=0.384 loss=0.01693 q=1.861 trunc=0 sps=4398 elapsed=1.2m
iter 77/1220 steps=315392 episodes=1805 score50=19.40 eps=0.376 loss=0.01601 q=1.921 trunc=0 sps=4394 elapsed=1.2m
iter 78/1220 steps=319488 episodes=1813 score50=18.58 eps=0.367 loss=0.01061 q=1.922 trunc=0 sps=4392 elapsed=1.2m
iter 79/1220 steps=323584 episodes=1827 score50=19.14 eps=0.359 loss=0.06261 q=1.925 trunc=0 sps=4386 elapsed=1.2m
iter 80/1220 steps=327680 episodes=1840 score50=19.52 eps=0.351 loss=0.05172 q=1.933 trunc=0 sps=4384 elapsed=1.2m
iter 81/1220 steps=331776 episodes=1856 score50=18.42 eps=0.343 loss=0.03343 q=1.941 trunc=0 sps=4378 elapsed=1.3m
iter 82/1220 steps=335872 episodes=1874 score50=19.76 eps=0.335 loss=0.02966 q=1.883 trunc=0 sps=4376 elapsed=1.3m
iter 83/1220 steps=339968 episodes=1890 score50=19.04 eps=0.327 loss=0.00968 q=1.926 trunc=0 sps=4375 elapsed=1.3m
iter 84/1220 steps=344064 episodes=1900 score50=20.18 eps=0.319 loss=0.01249 q=1.926 trunc=0 sps=4374 elapsed=1.3m
iter 85/1220 steps=348160 episodes=1907 score50=19.86 eps=0.311 loss=0.02044 q=1.921 trunc=0 sps=4373 elapsed=1.3m
iter 86/1220 steps=352256 episodes=1916 score50=19.54 eps=0.303 loss=0.02723 q=1.852 trunc=0 sps=4370 elapsed=1.3m
iter 87/1220 steps=356352 episodes=1928 score50=18.12 eps=0.294 loss=0.02630 q=1.864 trunc=0 sps=4361 elapsed=1.4m
iter 88/1220 steps=360448 episodes=1942 score50=18.68 eps=0.286 loss=0.02288 q=1.860 trunc=0 sps=4356 elapsed=1.4m
iter 89/1220 steps=364544 episodes=1951 score50=18.18 eps=0.278 loss=0.05650 q=1.903 trunc=0 sps=4352 elapsed=1.4m
iter 90/1220 steps=368640 episodes=1960 score50=18.22 eps=0.270 loss=0.02352 q=1.915 trunc=0 sps=4339 elapsed=1.4m
iter 91/1220 steps=372736 episodes=1985 score50=21.46 eps=0.262 loss=0.02165 q=1.925 trunc=0 sps=4336 elapsed=1.4m
iter 92/1220 steps=376832 episodes=1996 score50=23.52 eps=0.254 loss=0.05627 q=1.874 trunc=0 sps=4327 elapsed=1.5m
iter 93/1220 steps=380928 episodes=2006 score50=23.08 eps=0.246 loss=0.00892 q=1.861 trunc=0 sps=4307 elapsed=1.5m
iter 94/1220 steps=385024 episodes=2018 score50=20.46 eps=0.238 loss=0.03501 q=1.877 trunc=0 sps=4287 elapsed=1.5m
iter 95/1220 steps=389120 episodes=2028 score50=19.18 eps=0.230 loss=0.03257 q=1.931 trunc=0 sps=4280 elapsed=1.5m
iter 96/1220 steps=393216 episodes=2045 score50=16.18 eps=0.221 loss=0.01989 q=1.939 trunc=0 sps=4273 elapsed=1.5m
iter 97/1220 steps=397312 episodes=2057 score50=16.84 eps=0.213 loss=0.02757 q=1.908 trunc=0 sps=4270 elapsed=1.6m
iter 98/1220 steps=401408 episodes=2074 score50=18.10 eps=0.205 loss=0.02687 q=1.945 trunc=0 sps=4265 elapsed=1.6m
iter 99/1220 steps=405504 episodes=2086 score50=20.72 eps=0.197 loss=0.09259 q=1.927 trunc=0 sps=4263 elapsed=1.6m
iter 100/1220 steps=409600 episodes=2091 score50=22.08 eps=0.189 loss=0.02045 q=1.927 trunc=0 sps=4262 elapsed=1.6m
  [eval] iter=100 mean=28.25+-3.27 median=24.0 max=74 P(>=120)=0.00 entropy=1.06/2.20 wnorm=27.959 srank=73/256
iter 101/1220 steps=413696 episodes=2099 score50=22.76 eps=0.181 loss=0.03462 q=1.964 trunc=0 sps=3897 elapsed=1.8m
iter 102/1220 steps=417792 episodes=2110 score50=24.80 eps=0.173 loss=0.03763 q=1.920 trunc=0 sps=3896 elapsed=1.8m
iter 103/1220 steps=421888 episodes=2125 score50=25.26 eps=0.165 loss=0.08173 q=1.964 trunc=0 sps=3897 elapsed=1.8m
iter 104/1220 steps=425984 episodes=2141 score50=24.52 eps=0.157 loss=0.01543 q=1.961 trunc=0 sps=3899 elapsed=1.8m
iter 105/1220 steps=430080 episodes=2153 score50=24.66 eps=0.148 loss=0.02672 q=1.963 trunc=0 sps=3899 elapsed=1.8m
iter 106/1220 steps=434176 episodes=2164 score50=23.08 eps=0.140 loss=0.02830 q=1.995 trunc=0 sps=3900 elapsed=1.9m
iter 107/1220 steps=438272 episodes=2183 score50=20.24 eps=0.132 loss=0.03315 q=1.966 trunc=0 sps=3897 elapsed=1.9m
iter 108/1220 steps=442368 episodes=2195 score50=19.32 eps=0.124 loss=0.01204 q=2.031 trunc=0 sps=3893 elapsed=1.9m
iter 109/1220 steps=446464 episodes=2203 score50=17.46 eps=0.116 loss=0.00564 q=2.021 trunc=0 sps=3891 elapsed=1.9m
iter 110/1220 steps=450560 episodes=2214 score50=17.46 eps=0.108 loss=0.00589 q=2.000 trunc=0 sps=3893 elapsed=1.9m
iter 111/1220 steps=454656 episodes=2220 score50=16.56 eps=0.100 loss=0.00475 q=1.993 trunc=0 sps=3894 elapsed=1.9m
iter 112/1220 steps=458752 episodes=2240 score50=21.08 eps=0.092 loss=0.03584 q=1.921 trunc=0 sps=3892 elapsed=2.0m
iter 113/1220 steps=462848 episodes=2249 score50=22.64 eps=0.084 loss=0.00538 q=1.916 trunc=0 sps=3892 elapsed=2.0m
iter 114/1220 steps=466944 episodes=2254 score50=24.08 eps=0.075 loss=0.01065 q=1.890 trunc=0 sps=3891 elapsed=2.0m
iter 115/1220 steps=471040 episodes=2267 score50=23.90 eps=0.067 loss=0.06271 q=1.873 trunc=0 sps=3890 elapsed=2.0m
iter 116/1220 steps=475136 episodes=2285 score50=24.82 eps=0.059 loss=0.04939 q=1.853 trunc=0 sps=3890 elapsed=2.0m
iter 117/1220 steps=479232 episodes=2294 score50=25.18 eps=0.051 loss=0.02093 q=1.875 trunc=0 sps=3891 elapsed=2.1m
iter 118/1220 steps=483328 episodes=2298 score50=24.70 eps=0.043 loss=0.00221 q=1.897 trunc=0 sps=3892 elapsed=2.1m
iter 119/1220 steps=487424 episodes=2308 score50=25.24 eps=0.035 loss=0.01426 q=1.874 trunc=0 sps=3893 elapsed=2.1m
iter 120/1220 steps=491520 episodes=2321 score50=24.34 eps=0.027 loss=0.00667 q=1.867 trunc=0 sps=3892 elapsed=2.1m
iter 121/1220 steps=495616 episodes=2329 score50=25.20 eps=0.019 loss=0.00782 q=1.869 trunc=0 sps=3885 elapsed=2.1m
iter 122/1220 steps=499712 episodes=2333 score50=25.42 eps=0.011 loss=0.03756 q=1.855 trunc=0 sps=3884 elapsed=2.1m
iter 123/1220 steps=503808 episodes=2342 score50=25.50 eps=0.010 loss=0.02160 q=1.820 trunc=0 sps=3885 elapsed=2.2m
iter 124/1220 steps=507904 episodes=2347 score50=26.64 eps=0.010 loss=0.00432 q=1.777 trunc=0 sps=3885 elapsed=2.2m
iter 125/1220 steps=512000 episodes=2358 score50=26.76 eps=0.010 loss=0.00385 q=1.768 trunc=0 sps=3882 elapsed=2.2m
iter 126/1220 steps=516096 episodes=2364 score50=28.08 eps=0.010 loss=0.00614 q=1.752 trunc=0 sps=3879 elapsed=2.2m
iter 127/1220 steps=520192 episodes=2368 score50=28.06 eps=0.010 loss=0.00274 q=1.738 trunc=0 sps=3877 elapsed=2.2m
iter 128/1220 steps=524288 episodes=2373 score50=28.64 eps=0.010 loss=0.00877 q=1.731 trunc=0 sps=3875 elapsed=2.3m
iter 129/1220 steps=528384 episodes=2378 score50=29.62 eps=0.010 loss=0.00919 q=1.696 trunc=0 sps=3873 elapsed=2.3m
iter 130/1220 steps=532480 episodes=2383 score50=30.82 eps=0.010 loss=0.00181 q=1.661 trunc=0 sps=3869 elapsed=2.3m
iter 131/1220 steps=536576 episodes=2392 score50=31.26 eps=0.010 loss=0.00609 q=1.645 trunc=0 sps=3865 elapsed=2.3m
iter 132/1220 steps=540672 episodes=2400 score50=31.02 eps=0.010 loss=0.01255 q=1.620 trunc=0 sps=3861 elapsed=2.3m
iter 133/1220 steps=544768 episodes=2420 score50=31.52 eps=0.010 loss=0.00764 q=1.586 trunc=0 sps=3860 elapsed=2.4m
iter 134/1220 steps=548864 episodes=2441 score50=29.04 eps=0.010 loss=0.03241 q=1.608 trunc=0 sps=3861 elapsed=2.4m
iter 135/1220 steps=552960 episodes=2450 score50=29.74 eps=0.010 loss=0.01981 q=1.663 trunc=0 sps=3859 elapsed=2.4m
iter 136/1220 steps=557056 episodes=2460 score50=30.84 eps=0.010 loss=0.01156 q=1.696 trunc=0 sps=3858 elapsed=2.4m
iter 137/1220 steps=561152 episodes=2468 score50=29.80 eps=0.010 loss=0.00622 q=1.710 trunc=0 sps=3855 elapsed=2.4m
iter 138/1220 steps=565248 episodes=2479 score50=26.96 eps=0.010 loss=0.02061 q=1.679 trunc=0 sps=3851 elapsed=2.4m
iter 139/1220 steps=569344 episodes=2489 score50=28.36 eps=0.010 loss=0.00403 q=1.701 trunc=0 sps=3848 elapsed=2.5m
iter 140/1220 steps=573440 episodes=2495 score50=28.32 eps=0.010 loss=0.07508 q=1.709 trunc=0 sps=3847 elapsed=2.5m
iter 141/1220 steps=577536 episodes=2499 score50=27.94 eps=0.010 loss=0.00172 q=1.713 trunc=0 sps=3846 elapsed=2.5m
iter 142/1220 steps=581632 episodes=2514 score50=27.94 eps=0.010 loss=0.01616 q=1.638 trunc=0 sps=3845 elapsed=2.5m
iter 143/1220 steps=585728 episodes=2526 score50=28.62 eps=0.010 loss=0.04988 q=1.629 trunc=0 sps=3840 elapsed=2.5m
iter 144/1220 steps=589824 episodes=2536 score50=28.06 eps=0.010 loss=0.01126 q=1.575 trunc=0 sps=3828 elapsed=2.6m
iter 145/1220 steps=593920 episodes=2545 score50=28.32 eps=0.010 loss=0.01408 q=1.656 trunc=0 sps=3823 elapsed=2.6m
iter 146/1220 steps=598016 episodes=2555 score50=26.96 eps=0.010 loss=0.07878 q=1.569 trunc=0 sps=3824 elapsed=2.6m
iter 147/1220 steps=602112 episodes=2560 score50=29.00 eps=0.010 loss=0.00195 q=1.635 trunc=0 sps=3825 elapsed=2.6m
iter 148/1220 steps=606208 episodes=2568 score50=29.44 eps=0.010 loss=0.00853 q=1.586 trunc=0 sps=3824 elapsed=2.6m
iter 149/1220 steps=610304 episodes=2583 score50=27.84 eps=0.010 loss=0.01588 q=1.583 trunc=0 sps=3819 elapsed=2.7m
iter 150/1220 steps=614400 episodes=2594 score50=27.64 eps=0.010 loss=0.03267 q=1.550 trunc=0 sps=3820 elapsed=2.7m
iter 151/1220 steps=618496 episodes=2603 score50=27.76 eps=0.010 loss=0.04958 q=1.549 trunc=0 sps=3820 elapsed=2.7m
iter 152/1220 steps=622592 episodes=2605 score50=28.22 eps=0.010 loss=0.00234 q=1.596 trunc=0 sps=3818 elapsed=2.7m
iter 153/1220 steps=626688 episodes=2611 score50=27.06 eps=0.010 loss=0.01104 q=1.573 trunc=0 sps=3816 elapsed=2.7m
iter 154/1220 steps=630784 episodes=2613 score50=27.68 eps=0.010 loss=0.00379 q=1.555 trunc=0 sps=3816 elapsed=2.8m
iter 155/1220 steps=634880 episodes=2620 score50=27.32 eps=0.010 loss=0.00941 q=1.537 trunc=0 sps=3816 elapsed=2.8m
iter 156/1220 steps=638976 episodes=2639 score50=30.30 eps=0.010 loss=0.00337 q=1.538 trunc=0 sps=3816 elapsed=2.8m
iter 157/1220 steps=643072 episodes=2644 score50=30.22 eps=0.010 loss=0.00175 q=1.609 trunc=0 sps=3815 elapsed=2.8m
iter 158/1220 steps=647168 episodes=2670 score50=26.08 eps=0.010 loss=0.08837 q=1.588 trunc=0 sps=3808 elapsed=2.8m
iter 159/1220 steps=651264 episodes=2720 score50=28.90 eps=0.010 loss=0.03362 q=1.540 trunc=0 sps=3811 elapsed=2.8m
iter 160/1220 steps=655360 episodes=2724 score50=28.98 eps=0.010 loss=0.00767 q=1.630 trunc=0 sps=3815 elapsed=2.9m
iter 161/1220 steps=659456 episodes=2727 score50=30.34 eps=0.010 loss=0.00091 q=1.670 trunc=0 sps=3817 elapsed=2.9m
iter 162/1220 steps=663552 episodes=2731 score50=31.48 eps=0.010 loss=0.03455 q=1.647 trunc=0 sps=3814 elapsed=2.9m
iter 163/1220 steps=667648 episodes=2739 score50=32.12 eps=0.010 loss=0.00556 q=1.551 trunc=0 sps=3816 elapsed=2.9m
iter 164/1220 steps=671744 episodes=2743 score50=30.74 eps=0.010 loss=0.00306 q=1.603 trunc=0 sps=3818 elapsed=2.9m
iter 165/1220 steps=675840 episodes=2746 score50=30.52 eps=0.010 loss=0.00793 q=1.574 trunc=0 sps=3819 elapsed=2.9m
iter 166/1220 steps=679936 episodes=2749 score50=29.82 eps=0.010 loss=0.00166 q=1.544 trunc=0 sps=3819 elapsed=3.0m
iter 167/1220 steps=684032 episodes=2755 score50=28.24 eps=0.010 loss=0.00525 q=1.528 trunc=0 sps=3819 elapsed=3.0m
iter 168/1220 steps=688128 episodes=2759 score50=28.78 eps=0.010 loss=0.00954 q=1.539 trunc=0 sps=3819 elapsed=3.0m
iter 169/1220 steps=692224 episodes=2764 score50=27.68 eps=0.010 loss=0.01457 q=1.469 trunc=0 sps=3819 elapsed=3.0m
iter 170/1220 steps=696320 episodes=2772 score50=27.46 eps=0.010 loss=0.00334 q=1.496 trunc=0 sps=3818 elapsed=3.0m
iter 171/1220 steps=700416 episodes=2781 score50=26.34 eps=0.010 loss=0.02590 q=1.494 trunc=0 sps=3818 elapsed=3.1m
iter 172/1220 steps=704512 episodes=2793 score50=26.30 eps=0.010 loss=0.00950 q=1.469 trunc=0 sps=3816 elapsed=3.1m
iter 173/1220 steps=708608 episodes=2800 score50=27.44 eps=0.010 loss=0.03956 q=1.488 trunc=0 sps=3816 elapsed=3.1m
iter 174/1220 steps=712704 episodes=2805 score50=26.98 eps=0.010 loss=0.00500 q=1.523 trunc=0 sps=3816 elapsed=3.1m
iter 175/1220 steps=716800 episodes=2819 score50=28.42 eps=0.010 loss=0.01510 q=1.481 trunc=0 sps=3815 elapsed=3.1m
iter 176/1220 steps=720896 episodes=2823 score50=29.10 eps=0.010 loss=0.00325 q=1.490 trunc=0 sps=3810 elapsed=3.2m
iter 177/1220 steps=724992 episodes=2826 score50=29.92 eps=0.010 loss=0.00256 q=1.485 trunc=0 sps=3807 elapsed=3.2m
iter 178/1220 steps=729088 episodes=2827 score50=30.42 eps=0.010 loss=0.00069 q=1.485 trunc=0 sps=3807 elapsed=3.2m
iter 179/1220 steps=733184 episodes=2837 score50=31.82 eps=0.010 loss=0.00134 q=1.474 trunc=0 sps=3806 elapsed=3.2m
iter 180/1220 steps=737280 episodes=2840 score50=33.12 eps=0.010 loss=0.00259 q=1.481 trunc=0 sps=3805 elapsed=3.2m
iter 181/1220 steps=741376 episodes=2842 score50=34.74 eps=0.010 loss=0.00290 q=1.493 trunc=0 sps=3803 elapsed=3.2m
iter 182/1220 steps=745472 episodes=2851 score50=37.90 eps=0.010 loss=0.01010 q=1.509 trunc=0 sps=3801 elapsed=3.3m
iter 183/1220 steps=749568 episodes=2853 score50=38.88 eps=0.010 loss=0.00101 q=1.508 trunc=0 sps=3800 elapsed=3.3m
iter 184/1220 steps=753664 episodes=2858 score50=39.16 eps=0.010 loss=0.02882 q=1.487 trunc=0 sps=3798 elapsed=3.3m
iter 185/1220 steps=757760 episodes=2866 score50=39.90 eps=0.010 loss=0.00825 q=1.497 trunc=0 sps=3796 elapsed=3.3m
iter 186/1220 steps=761856 episodes=2871 score50=39.76 eps=0.010 loss=0.00100 q=1.484 trunc=0 sps=3794 elapsed=3.3m
iter 187/1220 steps=765952 episodes=2880 score50=40.16 eps=0.010 loss=0.00105 q=1.486 trunc=0 sps=3793 elapsed=3.4m
iter 188/1220 steps=770048 episodes=2889 score50=43.02 eps=0.010 loss=0.00261 q=1.463 trunc=0 sps=3790 elapsed=3.4m
iter 189/1220 steps=774144 episodes=2899 score50=40.22 eps=0.010 loss=0.00295 q=1.463 trunc=0 sps=3785 elapsed=3.4m
iter 190/1220 steps=778240 episodes=2905 score50=39.92 eps=0.010 loss=0.00632 q=1.475 trunc=0 sps=3784 elapsed=3.4m
iter 191/1220 steps=782336 episodes=2910 score50=38.32 eps=0.010 loss=0.00272 q=1.490 trunc=0 sps=3783 elapsed=3.4m
iter 192/1220 steps=786432 episodes=2914 score50=39.18 eps=0.010 loss=0.00086 q=1.476 trunc=0 sps=3778 elapsed=3.5m
iter 193/1220 steps=790528 episodes=2921 score50=40.72 eps=0.010 loss=0.02707 q=1.428 trunc=0 sps=3774 elapsed=3.5m
iter 194/1220 steps=794624 episodes=2933 score50=40.96 eps=0.010 loss=0.01109 q=1.397 trunc=0 sps=3772 elapsed=3.5m
iter 195/1220 steps=798720 episodes=2944 score50=41.24 eps=0.010 loss=0.05149 q=1.451 trunc=0 sps=3770 elapsed=3.5m
iter 196/1220 steps=802816 episodes=2951 score50=42.30 eps=0.010 loss=0.00294 q=1.473 trunc=0 sps=3769 elapsed=3.6m
iter 197/1220 steps=806912 episodes=2959 score50=43.18 eps=0.010 loss=0.05383 q=1.446 trunc=0 sps=3764 elapsed=3.6m
iter 198/1220 steps=811008 episodes=2967 score50=43.42 eps=0.010 loss=0.01883 q=1.437 trunc=0 sps=3761 elapsed=3.6m
iter 199/1220 steps=815104 episodes=2975 score50=41.52 eps=0.010 loss=0.00337 q=1.455 trunc=0 sps=3760 elapsed=3.6m
iter 200/1220 steps=819200 episodes=2981 score50=39.04 eps=0.010 loss=0.01924 q=1.446 trunc=0 sps=3760 elapsed=3.6m
  [eval] iter=200 mean=61.20+-5.27 median=58.5 max=100 P(>=120)=0.00 entropy=1.54/2.20 wnorm=29.523 srank=69/256
iter 201/1220 steps=823296 episodes=2985 score50=37.52 eps=0.010 loss=0.00115 q=1.465 trunc=0 sps=3452 elapsed=4.0m
iter 202/1220 steps=827392 episodes=2985 score50=37.52 eps=0.010 loss=0.00076 q=1.466 trunc=0 sps=3451 elapsed=4.0m
iter 203/1220 steps=831488 episodes=2986 score50=37.26 eps=0.010 loss=0.00552 q=1.446 trunc=0 sps=3452 elapsed=4.0m
iter 204/1220 steps=835584 episodes=2995 score50=36.56 eps=0.010 loss=0.01354 q=1.454 trunc=0 sps=3451 elapsed=4.0m
iter 205/1220 steps=839680 episodes=3002 score50=38.78 eps=0.010 loss=0.00857 q=1.480 trunc=0 sps=3451 elapsed=4.1m
iter 206/1220 steps=843776 episodes=3008 score50=40.00 eps=0.010 loss=0.00481 q=1.462 trunc=0 sps=3450 elapsed=4.1m
iter 207/1220 steps=847872 episodes=3015 score50=39.14 eps=0.010 loss=0.00769 q=1.439 trunc=0 sps=3449 elapsed=4.1m
iter 208/1220 steps=851968 episodes=3024 score50=41.80 eps=0.010 loss=0.06768 q=1.352 trunc=0 sps=3450 elapsed=4.1m
iter 209/1220 steps=856064 episodes=3033 score50=43.30 eps=0.010 loss=0.00753 q=1.398 trunc=0 sps=3450 elapsed=4.1m
iter 210/1220 steps=860160 episodes=3040 score50=42.64 eps=0.010 loss=0.00820 q=1.404 trunc=0 sps=3449 elapsed=4.2m
iter 211/1220 steps=864256 episodes=3045 score50=42.20 eps=0.010 loss=0.01715 q=1.398 trunc=0 sps=3448 elapsed=4.2m
iter 212/1220 steps=868352 episodes=3054 score50=40.34 eps=0.010 loss=0.02103 q=1.444 trunc=0 sps=3448 elapsed=4.2m
iter 213/1220 steps=872448 episodes=3060 score50=40.90 eps=0.010 loss=0.01634 q=1.378 trunc=0 sps=3449 elapsed=4.2m
iter 214/1220 steps=876544 episodes=3068 score50=44.24 eps=0.010 loss=0.00352 q=1.372 trunc=0 sps=3450 elapsed=4.2m
iter 215/1220 steps=880640 episodes=3075 score50=43.42 eps=0.010 loss=0.01755 q=1.402 trunc=0 sps=3450 elapsed=4.3m
iter 216/1220 steps=884736 episodes=3082 score50=44.00 eps=0.010 loss=0.00180 q=1.499 trunc=0 sps=3451 elapsed=4.3m
iter 217/1220 steps=888832 episodes=3086 score50=43.16 eps=0.010 loss=0.00287 q=1.484 trunc=0 sps=3452 elapsed=4.3m
iter 218/1220 steps=892928 episodes=3089 score50=44.64 eps=0.010 loss=0.02172 q=1.501 trunc=0 sps=3452 elapsed=4.3m
iter 219/1220 steps=897024 episodes=3093 score50=45.74 eps=0.010 loss=0.00868 q=1.485 trunc=0 sps=3451 elapsed=4.3m
iter 220/1220 steps=901120 episodes=3094 score50=46.26 eps=0.010 loss=0.00148 q=1.499 trunc=0 sps=3452 elapsed=4.4m
iter 221/1220 steps=905216 episodes=3096 score50=46.94 eps=0.010 loss=0.00239 q=1.503 trunc=0 sps=3451 elapsed=4.4m
iter 222/1220 steps=909312 episodes=3099 score50=45.60 eps=0.010 loss=0.00196 q=1.488 trunc=0 sps=3452 elapsed=4.4m
iter 223/1220 steps=913408 episodes=3105 score50=45.80 eps=0.010 loss=0.00727 q=1.450 trunc=0 sps=3450 elapsed=4.4m
iter 224/1220 steps=917504 episodes=3108 score50=45.78 eps=0.010 loss=0.00393 q=1.441 trunc=0 sps=3446 elapsed=4.4m
iter 225/1220 steps=921600 episodes=3123 score50=43.36 eps=0.010 loss=0.02052 q=1.414 trunc=0 sps=3445 elapsed=4.5m
iter 226/1220 steps=925696 episodes=3126 score50=44.34 eps=0.010 loss=0.00160 q=1.426 trunc=0 sps=3444 elapsed=4.5m
iter 227/1220 steps=929792 episodes=3129 score50=45.02 eps=0.010 loss=0.00802 q=1.372 trunc=0 sps=3439 elapsed=4.5m
iter 228/1220 steps=933888 episodes=3137 score50=45.72 eps=0.010 loss=0.00556 q=1.386 trunc=0 sps=3437 elapsed=4.5m
iter 229/1220 steps=937984 episodes=3145 score50=44.34 eps=0.010 loss=0.07078 q=1.381 trunc=0 sps=3437 elapsed=4.5m
iter 230/1220 steps=942080 episodes=3160 score50=42.12 eps=0.010 loss=0.02950 q=1.431 trunc=0 sps=3436 elapsed=4.6m
iter 231/1220 steps=946176 episodes=3165 score50=41.48 eps=0.010 loss=0.00358 q=1.416 trunc=0 sps=3437 elapsed=4.6m
iter 232/1220 steps=950272 episodes=3173 score50=40.50 eps=0.010 loss=0.00221 q=1.437 trunc=0 sps=3437 elapsed=4.6m
iter 233/1220 steps=954368 episodes=3182 score50=37.34 eps=0.010 loss=0.02555 q=1.375 trunc=0 sps=3438 elapsed=4.6m
iter 234/1220 steps=958464 episodes=3187 score50=38.56 eps=0.010 loss=0.00566 q=1.437 trunc=0 sps=3438 elapsed=4.6m
iter 235/1220 steps=962560 episodes=3193 score50=41.20 eps=0.010 loss=0.00929 q=1.422 trunc=0 sps=3438 elapsed=4.7m
iter 236/1220 steps=966656 episodes=3200 score50=41.90 eps=0.010 loss=0.01443 q=1.428 trunc=0 sps=3437 elapsed=4.7m
iter 237/1220 steps=970752 episodes=3205 score50=42.36 eps=0.010 loss=0.00450 q=1.419 trunc=0 sps=3436 elapsed=4.7m
iter 238/1220 steps=974848 episodes=3212 score50=43.44 eps=0.010 loss=0.03709 q=1.401 trunc=0 sps=3437 elapsed=4.7m
iter 239/1220 steps=978944 episodes=3218 score50=44.74 eps=0.010 loss=0.01161 q=1.396 trunc=0 sps=3438 elapsed=4.7m
iter 240/1220 steps=983040 episodes=3221 score50=45.96 eps=0.010 loss=0.00952 q=1.399 trunc=0 sps=3438 elapsed=4.8m
iter 241/1220 steps=987136 episodes=3221 score50=45.96 eps=0.010 loss=0.00062 q=1.386 trunc=0 sps=3439 elapsed=4.8m
iter 242/1220 steps=991232 episodes=3225 score50=47.72 eps=0.010 loss=0.00428 q=1.355 trunc=0 sps=3439 elapsed=4.8m
iter 243/1220 steps=995328 episodes=3234 score50=48.02 eps=0.010 loss=0.00379 q=1.403 trunc=0 sps=3439 elapsed=4.8m
iter 244/1220 steps=999424 episodes=3247 score50=46.12 eps=0.010 loss=0.01013 q=1.428 trunc=0 sps=3437 elapsed=4.8m
iter 245/1220 steps=1003520 episodes=3252 score50=47.16 eps=0.010 loss=0.00664 q=1.424 trunc=0 sps=3437 elapsed=4.9m
iter 246/1220 steps=1007616 episodes=3258 score50=46.48 eps=0.010 loss=0.01373 q=1.407 trunc=0 sps=3438 elapsed=4.9m
iter 247/1220 steps=1011712 episodes=3266 score50=46.44 eps=0.010 loss=0.03566 q=1.405 trunc=0 sps=3439 elapsed=4.9m
iter 248/1220 steps=1015808 episodes=3272 score50=43.92 eps=0.010 loss=0.00451 q=1.386 trunc=0 sps=3438 elapsed=4.9m
iter 249/1220 steps=1019904 episodes=3284 score50=41.86 eps=0.010 loss=0.00808 q=1.378 trunc=0 sps=3437 elapsed=4.9m
iter 250/1220 steps=1024000 episodes=3291 score50=43.08 eps=0.010 loss=0.02846 q=1.404 trunc=0 sps=3438 elapsed=5.0m
iter 251/1220 steps=1028096 episodes=3298 score50=41.68 eps=0.010 loss=0.00433 q=1.377 trunc=0 sps=3439 elapsed=5.0m
iter 252/1220 steps=1032192 episodes=3311 score50=41.10 eps=0.010 loss=0.00778 q=1.420 trunc=0 sps=3440 elapsed=5.0m
iter 253/1220 steps=1036288 episodes=3316 score50=41.78 eps=0.010 loss=0.00134 q=1.463 trunc=0 sps=3440 elapsed=5.0m
iter 254/1220 steps=1040384 episodes=3323 score50=39.76 eps=0.010 loss=0.00188 q=1.448 trunc=0 sps=3440 elapsed=5.0m
iter 255/1220 steps=1044480 episodes=3330 score50=40.78 eps=0.010 loss=0.04733 q=1.437 trunc=0 sps=3441 elapsed=5.1m
iter 256/1220 steps=1048576 episodes=3342 score50=38.48 eps=0.010 loss=0.02018 q=1.407 trunc=0 sps=3441 elapsed=5.1m
iter 257/1220 steps=1052672 episodes=3357 score50=37.08 eps=0.010 loss=0.00771 q=1.385 trunc=0 sps=3442 elapsed=5.1m
iter 258/1220 steps=1056768 episodes=3365 score50=34.84 eps=0.010 loss=0.00776 q=1.420 trunc=0 sps=3443 elapsed=5.1m
iter 259/1220 steps=1060864 episodes=3366 score50=35.52 eps=0.010 loss=0.00133 q=1.437 trunc=0 sps=3445 elapsed=5.1m
iter 260/1220 steps=1064960 episodes=3370 score50=35.42 eps=0.010 loss=0.00522 q=1.440 trunc=0 sps=3446 elapsed=5.2m
iter 261/1220 steps=1069056 episodes=3373 score50=35.84 eps=0.010 loss=0.00091 q=1.431 trunc=0 sps=3447 elapsed=5.2m
iter 262/1220 steps=1073152 episodes=3378 score50=34.84 eps=0.010 loss=0.01301 q=1.416 trunc=0 sps=3447 elapsed=5.2m
iter 263/1220 steps=1077248 episodes=3383 score50=35.42 eps=0.010 loss=0.00159 q=1.413 trunc=0 sps=3448 elapsed=5.2m
iter 264/1220 steps=1081344 episodes=3386 score50=36.02 eps=0.010 loss=0.03812 q=1.371 trunc=0 sps=3449 elapsed=5.2m
iter 265/1220 steps=1085440 episodes=3388 score50=35.52 eps=0.010 loss=0.00765 q=1.363 trunc=0 sps=3449 elapsed=5.2m
iter 266/1220 steps=1089536 episodes=3394 score50=36.46 eps=0.010 loss=0.00584 q=1.369 trunc=0 sps=3449 elapsed=5.3m
iter 267/1220 steps=1093632 episodes=3396 score50=35.66 eps=0.010 loss=0.00063 q=1.371 trunc=0 sps=3449 elapsed=5.3m
iter 268/1220 steps=1097728 episodes=3404 score50=37.70 eps=0.010 loss=0.02673 q=1.368 trunc=0 sps=3449 elapsed=5.3m
iter 269/1220 steps=1101824 episodes=3409 score50=36.96 eps=0.010 loss=0.00270 q=1.385 trunc=0 sps=3449 elapsed=5.3m
iter 270/1220 steps=1105920 episodes=3415 score50=37.26 eps=0.010 loss=0.00363 q=1.354 trunc=0 sps=3446 elapsed=5.3m
iter 271/1220 steps=1110016 episodes=3421 score50=37.20 eps=0.010 loss=0.00872 q=1.357 trunc=0 sps=3445 elapsed=5.4m
iter 272/1220 steps=1114112 episodes=3425 score50=37.20 eps=0.010 loss=0.00249 q=1.339 trunc=0 sps=3445 elapsed=5.4m
iter 273/1220 steps=1118208 episodes=3435 score50=37.44 eps=0.010 loss=0.01159 q=1.355 trunc=0 sps=3444 elapsed=5.4m
iter 274/1220 steps=1122304 episodes=3442 score50=39.70 eps=0.010 loss=0.02445 q=1.366 trunc=0 sps=3444 elapsed=5.4m
iter 275/1220 steps=1126400 episodes=3452 score50=43.06 eps=0.010 loss=0.01308 q=1.355 trunc=0 sps=3443 elapsed=5.5m
iter 276/1220 steps=1130496 episodes=3455 score50=43.02 eps=0.010 loss=0.01998 q=1.358 trunc=0 sps=3443 elapsed=5.5m
iter 277/1220 steps=1134592 episodes=3461 score50=43.46 eps=0.010 loss=0.00170 q=1.321 trunc=0 sps=3442 elapsed=5.5m
iter 278/1220 steps=1138688 episodes=3462 score50=43.70 eps=0.010 loss=0.00222 q=1.317 trunc=0 sps=3441 elapsed=5.5m
iter 279/1220 steps=1142784 episodes=3469 score50=45.88 eps=0.010 loss=0.02617 q=1.305 trunc=0 sps=3441 elapsed=5.5m
iter 280/1220 steps=1146880 episodes=3480 score50=47.24 eps=0.010 loss=0.00281 q=1.284 trunc=0 sps=3441 elapsed=5.6m
iter 281/1220 steps=1150976 episodes=3481 score50=47.38 eps=0.010 loss=0.00323 q=1.289 trunc=0 sps=3441 elapsed=5.6m
iter 282/1220 steps=1155072 episodes=3488 score50=48.52 eps=0.010 loss=0.00133 q=1.285 trunc=0 sps=3440 elapsed=5.6m
iter 283/1220 steps=1159168 episodes=3493 score50=49.00 eps=0.010 loss=0.00420 q=1.306 trunc=0 sps=3439 elapsed=5.6m
iter 284/1220 steps=1163264 episodes=3500 score50=47.42 eps=0.010 loss=0.00755 q=1.259 trunc=0 sps=3440 elapsed=5.6m
iter 285/1220 steps=1167360 episodes=3516 score50=46.04 eps=0.010 loss=0.03085 q=1.305 trunc=0 sps=3440 elapsed=5.7m
iter 286/1220 steps=1171456 episodes=3533 score50=44.48 eps=0.010 loss=0.02324 q=1.293 trunc=0 sps=3441 elapsed=5.7m
iter 287/1220 steps=1175552 episodes=3537 score50=41.64 eps=0.010 loss=0.00120 q=1.335 trunc=0 sps=3441 elapsed=5.7m
iter 288/1220 steps=1179648 episodes=3545 score50=41.16 eps=0.010 loss=0.00159 q=1.391 trunc=0 sps=3441 elapsed=5.7m
iter 289/1220 steps=1183744 episodes=3548 score50=41.82 eps=0.010 loss=0.00398 q=1.372 trunc=0 sps=3442 elapsed=5.7m
iter 290/1220 steps=1187840 episodes=3553 score50=40.64 eps=0.010 loss=0.00092 q=1.341 trunc=0 sps=3443 elapsed=5.7m
iter 291/1220 steps=1191936 episodes=3556 score50=40.92 eps=0.010 loss=0.00065 q=1.336 trunc=0 sps=3443 elapsed=5.8m
iter 292/1220 steps=1196032 episodes=3564 score50=43.00 eps=0.010 loss=0.00160 q=1.386 trunc=0 sps=3443 elapsed=5.8m
iter 293/1220 steps=1200128 episodes=3592 score50=35.68 eps=0.010 loss=0.03130 q=1.411 trunc=0 sps=3444 elapsed=5.8m
iter 294/1220 steps=1204224 episodes=3602 score50=33.10 eps=0.010 loss=0.02322 q=1.446 trunc=0 sps=3444 elapsed=5.8m
iter 295/1220 steps=1208320 episodes=3618 score50=29.92 eps=0.010 loss=0.03715 q=1.403 trunc=0 sps=3445 elapsed=5.8m
iter 296/1220 steps=1212416 episodes=3627 score50=31.16 eps=0.010 loss=0.00249 q=1.420 trunc=0 sps=3447 elapsed=5.9m
iter 297/1220 steps=1216512 episodes=3672 score50=18.54 eps=0.010 loss=0.15253 q=1.354 trunc=0 sps=3449 elapsed=5.9m
iter 298/1220 steps=1220608 episodes=3680 score50=16.44 eps=0.010 loss=0.00279 q=1.392 trunc=0 sps=3451 elapsed=5.9m
iter 299/1220 steps=1224704 episodes=3688 score50=17.40 eps=0.010 loss=0.00670 q=1.380 trunc=0 sps=3452 elapsed=5.9m
iter 300/1220 steps=1228800 episodes=3690 score50=17.48 eps=0.010 loss=0.01096 q=1.407 trunc=0 sps=3454 elapsed=5.9m
  [eval] iter=300 mean=41.05+-3.55 median=37.5 max=76 P(>=120)=0.00 entropy=1.70/2.20 wnorm=30.838 srank=43/256
iter 301/1220 steps=1232896 episodes=3699 score50=18.40 eps=0.010 loss=0.00902 q=1.360 trunc=0 sps=3332 elapsed=6.2m
iter 302/1220 steps=1236992 episodes=3701 score50=19.24 eps=0.010 loss=0.00104 q=1.385 trunc=0 sps=3332 elapsed=6.2m
iter 303/1220 steps=1241088 episodes=3702 score50=20.28 eps=0.010 loss=0.00089 q=1.382 trunc=0 sps=3333 elapsed=6.2m
iter 304/1220 steps=1245184 episodes=3705 score50=20.78 eps=0.010 loss=0.00119 q=1.399 trunc=0 sps=3334 elapsed=6.2m
iter 305/1220 steps=1249280 episodes=3705 score50=20.78 eps=0.010 loss=0.00045 q=1.397 trunc=0 sps=3336 elapsed=6.2m
iter 306/1220 steps=1253376 episodes=3710 score50=22.80 eps=0.010 loss=0.00458 q=1.373 trunc=0 sps=3336 elapsed=6.3m
iter 307/1220 steps=1257472 episodes=3715 score50=25.24 eps=0.010 loss=0.00132 q=1.380 trunc=0 sps=3336 elapsed=6.3m
iter 308/1220 steps=1261568 episodes=3718 score50=26.10 eps=0.010 loss=0.00174 q=1.364 trunc=0 sps=3336 elapsed=6.3m
iter 309/1220 steps=1265664 episodes=3720 score50=27.40 eps=0.010 loss=0.00225 q=1.355 trunc=0 sps=3337 elapsed=6.3m
iter 310/1220 steps=1269760 episodes=3722 score50=28.26 eps=0.010 loss=0.00052 q=1.357 trunc=0 sps=3337 elapsed=6.3m
iter 311/1220 steps=1273856 episodes=3722 score50=28.26 eps=0.010 loss=0.00035 q=1.351 trunc=0 sps=3337 elapsed=6.4m
iter 312/1220 steps=1277952 episodes=3727 score50=30.38 eps=0.010 loss=0.00162 q=1.354 trunc=0 sps=3337 elapsed=6.4m
iter 313/1220 steps=1282048 episodes=3733 score50=35.20 eps=0.010 loss=0.00152 q=1.353 trunc=0 sps=3334 elapsed=6.4m
iter 314/1220 steps=1286144 episodes=3737 score50=36.88 eps=0.010 loss=0.00109 q=1.349 trunc=0 sps=3330 elapsed=6.4m
iter 315/1220 steps=1290240 episodes=3742 score50=39.34 eps=0.010 loss=0.00132 q=1.302 trunc=0 sps=3328 elapsed=6.5m
iter 316/1220 steps=1294336 episodes=3748 score50=41.40 eps=0.010 loss=0.01115 q=1.337 trunc=0 sps=3327 elapsed=6.5m
iter 317/1220 steps=1298432 episodes=3758 score50=42.56 eps=0.010 loss=0.00868 q=1.388 trunc=0 sps=3327 elapsed=6.5m
iter 318/1220 steps=1302528 episodes=3764 score50=42.38 eps=0.010 loss=0.00695 q=1.349 trunc=0 sps=3327 elapsed=6.5m
iter 319/1220 steps=1306624 episodes=3767 score50=43.20 eps=0.010 loss=0.03539 q=1.387 trunc=0 sps=3327 elapsed=6.5m
iter 320/1220 steps=1310720 episodes=3772 score50=43.82 eps=0.010 loss=0.00767 q=1.392 trunc=0 sps=3326 elapsed=6.6m
iter 321/1220 steps=1314816 episodes=3785 score50=44.34 eps=0.010 loss=0.00238 q=1.423 trunc=0 sps=3326 elapsed=6.6m
iter 322/1220 steps=1318912 episodes=3792 score50=45.04 eps=0.010 loss=0.02358 q=1.426 trunc=0 sps=3326 elapsed=6.6m
iter 323/1220 steps=1323008 episodes=3799 score50=45.52 eps=0.010 loss=0.02901 q=1.419 trunc=0 sps=3326 elapsed=6.6m
iter 324/1220 steps=1327104 episodes=3807 score50=46.72 eps=0.010 loss=0.01520 q=1.386 trunc=0 sps=3327 elapsed=6.6m
iter 325/1220 steps=1331200 episodes=3810 score50=47.30 eps=0.010 loss=0.00208 q=1.446 trunc=0 sps=3327 elapsed=6.7m
iter 326/1220 steps=1335296 episodes=3817 score50=50.86 eps=0.010 loss=0.01115 q=1.446 trunc=0 sps=3327 elapsed=6.7m
iter 327/1220 steps=1339392 episodes=3821 score50=49.96 eps=0.010 loss=0.00870 q=1.443 trunc=0 sps=3327 elapsed=6.7m
iter 328/1220 steps=1343488 episodes=3824 score50=51.18 eps=0.010 loss=0.00225 q=1.435 trunc=0 sps=3327 elapsed=6.7m
iter 329/1220 steps=1347584 episodes=3829 score50=51.62 eps=0.010 loss=0.00167 q=1.436 trunc=0 sps=3327 elapsed=6.8m
iter 330/1220 steps=1351680 episodes=3838 score50=50.08 eps=0.010 loss=0.01541 q=1.443 trunc=0 sps=3327 elapsed=6.8m
iter 331/1220 steps=1355776 episodes=3840 score50=51.06 eps=0.010 loss=0.00071 q=1.454 trunc=0 sps=3328 elapsed=6.8m
iter 332/1220 steps=1359872 episodes=3844 score50=51.32 eps=0.010 loss=0.00297 q=1.396 trunc=0 sps=3327 elapsed=6.8m
iter 333/1220 steps=1363968 episodes=3849 score50=50.90 eps=0.010 loss=0.00166 q=1.397 trunc=0 sps=3327 elapsed=6.8m
iter 334/1220 steps=1368064 episodes=3856 score50=50.74 eps=0.010 loss=0.03201 q=1.431 trunc=0 sps=3327 elapsed=6.9m
iter 335/1220 steps=1372160 episodes=3860 score50=51.14 eps=0.010 loss=0.00130 q=1.470 trunc=0 sps=3328 elapsed=6.9m
iter 336/1220 steps=1376256 episodes=3868 score50=51.20 eps=0.010 loss=0.01453 q=1.459 trunc=0 sps=3328 elapsed=6.9m
iter 337/1220 steps=1380352 episodes=3874 score50=49.74 eps=0.010 loss=0.00159 q=1.503 trunc=0 sps=3328 elapsed=6.9m
iter 338/1220 steps=1384448 episodes=3888 score50=49.56 eps=0.010 loss=0.06036 q=1.466 trunc=0 sps=3328 elapsed=6.9m
iter 339/1220 steps=1388544 episodes=3897 score50=47.58 eps=0.010 loss=0.00294 q=1.472 trunc=0 sps=3328 elapsed=7.0m
iter 340/1220 steps=1392640 episodes=3906 score50=48.24 eps=0.010 loss=0.00296 q=1.489 trunc=0 sps=3329 elapsed=7.0m
iter 341/1220 steps=1396736 episodes=3917 score50=45.60 eps=0.010 loss=0.01139 q=1.516 trunc=0 sps=3329 elapsed=7.0m
iter 342/1220 steps=1400832 episodes=3927 score50=42.18 eps=0.010 loss=0.02230 q=1.526 trunc=0 sps=3330 elapsed=7.0m
iter 343/1220 steps=1404928 episodes=3937 score50=40.42 eps=0.010 loss=0.00314 q=1.545 trunc=0 sps=3330 elapsed=7.0m
iter 344/1220 steps=1409024 episodes=3955 score50=36.86 eps=0.010 loss=0.03342 q=1.510 trunc=0 sps=3332 elapsed=7.0m
iter 345/1220 steps=1413120 episodes=3963 score50=35.86 eps=0.010 loss=0.02861 q=1.489 trunc=0 sps=3333 elapsed=7.1m
iter 346/1220 steps=1417216 episodes=3964 score50=35.26 eps=0.010 loss=0.02428 q=1.522 trunc=0 sps=3334 elapsed=7.1m
iter 347/1220 steps=1421312 episodes=3969 score50=32.02 eps=0.010 loss=0.00143 q=1.479 trunc=0 sps=3334 elapsed=7.1m
iter 348/1220 steps=1425408 episodes=3975 score50=35.02 eps=0.010 loss=0.00779 q=1.456 trunc=0 sps=3335 elapsed=7.1m
iter 349/1220 steps=1429504 episodes=3977 score50=34.62 eps=0.010 loss=0.00121 q=1.492 trunc=0 sps=3335 elapsed=7.1m
iter 350/1220 steps=1433600 episodes=3980 score50=35.30 eps=0.010 loss=0.00094 q=1.499 trunc=0 sps=3335 elapsed=7.2m
iter 351/1220 steps=1437696 episodes=3981 score50=36.00 eps=0.010 loss=0.00051 q=1.510 trunc=0 sps=3335 elapsed=7.2m
iter 352/1220 steps=1441792 episodes=3984 score50=35.56 eps=0.010 loss=0.00067 q=1.506 trunc=0 sps=3335 elapsed=7.2m
iter 353/1220 steps=1445888 episodes=3986 score50=35.76 eps=0.010 loss=0.00076 q=1.514 trunc=0 sps=3335 elapsed=7.2m
iter 354/1220 steps=1449984 episodes=3988 score50=37.62 eps=0.010 loss=0.00494 q=1.474 trunc=0 sps=3334 elapsed=7.2m
iter 355/1220 steps=1454080 episodes=3992 score50=40.04 eps=0.010 loss=0.00257 q=1.473 trunc=0 sps=3333 elapsed=7.3m
iter 356/1220 steps=1458176 episodes=3997 score50=41.28 eps=0.010 loss=0.00905 q=1.465 trunc=0 sps=3334 elapsed=7.3m
iter 357/1220 steps=1462272 episodes=4008 score50=40.92 eps=0.010 loss=0.01139 q=1.413 trunc=0 sps=3334 elapsed=7.3m
iter 358/1220 steps=1466368 episodes=4022 score50=43.04 eps=0.010 loss=0.01116 q=1.459 trunc=0 sps=3334 elapsed=7.3m
iter 359/1220 steps=1470464 episodes=4026 score50=43.10 eps=0.010 loss=0.00206 q=1.453 trunc=0 sps=3333 elapsed=7.4m
iter 360/1220 steps=1474560 episodes=4030 score50=44.66 eps=0.010 loss=0.00143 q=1.478 trunc=0 sps=3333 elapsed=7.4m
iter 361/1220 steps=1478656 episodes=4034 score50=43.24 eps=0.010 loss=0.00181 q=1.441 trunc=0 sps=3334 elapsed=7.4m
iter 362/1220 steps=1482752 episodes=4041 score50=40.86 eps=0.010 loss=0.00416 q=1.439 trunc=0 sps=3334 elapsed=7.4m
iter 363/1220 steps=1486848 episodes=4047 score50=42.22 eps=0.010 loss=0.01415 q=1.443 trunc=0 sps=3334 elapsed=7.4m
iter 364/1220 steps=1490944 episodes=4058 score50=43.32 eps=0.010 loss=0.01174 q=1.436 trunc=0 sps=3334 elapsed=7.5m
iter 365/1220 steps=1495040 episodes=4066 score50=43.00 eps=0.010 loss=0.01486 q=1.434 trunc=0 sps=3333 elapsed=7.5m
iter 366/1220 steps=1499136 episodes=4074 score50=41.82 eps=0.010 loss=0.04212 q=1.404 trunc=0 sps=3333 elapsed=7.5m
iter 367/1220 steps=1503232 episodes=4081 score50=40.86 eps=0.010 loss=0.01442 q=1.463 trunc=0 sps=3333 elapsed=7.5m
iter 368/1220 steps=1507328 episodes=4087 score50=41.44 eps=0.010 loss=0.00304 q=1.488 trunc=0 sps=3334 elapsed=7.5m
iter 369/1220 steps=1511424 episodes=4095 score50=41.48 eps=0.010 loss=0.03040 q=1.467 trunc=0 sps=3334 elapsed=7.6m
iter 370/1220 steps=1515520 episodes=4103 score50=41.62 eps=0.010 loss=0.00744 q=1.448 trunc=0 sps=3334 elapsed=7.6m
iter 371/1220 steps=1519616 episodes=4107 score50=41.70 eps=0.010 loss=0.00776 q=1.434 trunc=0 sps=3333 elapsed=7.6m
iter 372/1220 steps=1523712 episodes=4118 score50=46.00 eps=0.010 loss=0.01954 q=1.431 trunc=0 sps=3334 elapsed=7.6m
iter 373/1220 steps=1527808 episodes=4126 score50=46.70 eps=0.010 loss=0.00476 q=1.469 trunc=0 sps=3335 elapsed=7.6m
iter 374/1220 steps=1531904 episodes=4132 score50=47.68 eps=0.010 loss=0.00999 q=1.459 trunc=0 sps=3336 elapsed=7.7m
iter 375/1220 steps=1536000 episodes=4135 score50=47.68 eps=0.010 loss=0.00145 q=1.496 trunc=0 sps=3337 elapsed=7.7m
iter 376/1220 steps=1540096 episodes=4140 score50=45.70 eps=0.010 loss=0.00310 q=1.479 trunc=0 sps=3337 elapsed=7.7m
iter 377/1220 steps=1544192 episodes=4140 score50=45.70 eps=0.010 loss=0.00033 q=1.495 trunc=0 sps=3337 elapsed=7.7m
iter 378/1220 steps=1548288 episodes=4147 score50=45.82 eps=0.010 loss=0.00438 q=1.461 trunc=0 sps=3337 elapsed=7.7m
iter 379/1220 steps=1552384 episodes=4149 score50=46.40 eps=0.010 loss=0.00210 q=1.471 trunc=0 sps=3338 elapsed=7.8m
iter 380/1220 steps=1556480 episodes=4155 score50=46.56 eps=0.010 loss=0.01285 q=1.436 trunc=0 sps=3337 elapsed=7.8m
iter 381/1220 steps=1560576 episodes=4160 score50=45.54 eps=0.010 loss=0.00964 q=1.468 trunc=0 sps=3337 elapsed=7.8m
iter 382/1220 steps=1564672 episodes=4165 score50=44.88 eps=0.010 loss=0.00732 q=1.477 trunc=0 sps=3338 elapsed=7.8m
iter 383/1220 steps=1568768 episodes=4172 score50=45.24 eps=0.010 loss=0.01024 q=1.530 trunc=0 sps=3338 elapsed=7.8m
iter 384/1220 steps=1572864 episodes=4183 score50=45.20 eps=0.010 loss=0.00739 q=1.468 trunc=0 sps=3337 elapsed=7.9m
iter 385/1220 steps=1576960 episodes=4190 score50=45.40 eps=0.010 loss=0.01259 q=1.496 trunc=0 sps=3338 elapsed=7.9m
iter 386/1220 steps=1581056 episodes=4198 score50=44.62 eps=0.010 loss=0.01226 q=1.507 trunc=0 sps=3339 elapsed=7.9m
iter 387/1220 steps=1585152 episodes=4208 score50=44.34 eps=0.010 loss=0.00533 q=1.479 trunc=0 sps=3339 elapsed=7.9m
iter 388/1220 steps=1589248 episodes=4216 score50=41.84 eps=0.010 loss=0.01344 q=1.532 trunc=0 sps=3339 elapsed=7.9m
iter 389/1220 steps=1593344 episodes=4218 score50=40.66 eps=0.010 loss=0.00083 q=1.548 trunc=0 sps=3339 elapsed=8.0m
iter 390/1220 steps=1597440 episodes=4221 score50=41.32 eps=0.010 loss=0.00130 q=1.522 trunc=0 sps=3340 elapsed=8.0m
iter 391/1220 steps=1601536 episodes=4223 score50=41.08 eps=0.010 loss=0.00280 q=1.521 trunc=0 sps=3341 elapsed=8.0m
iter 392/1220 steps=1605632 episodes=4225 score50=40.90 eps=0.010 loss=0.01248 q=1.528 trunc=0 sps=3341 elapsed=8.0m
iter 393/1220 steps=1609728 episodes=4227 score50=40.46 eps=0.010 loss=0.00066 q=1.499 trunc=0 sps=3340 elapsed=8.0m
iter 394/1220 steps=1613824 episodes=4232 score50=39.66 eps=0.010 loss=0.00109 q=1.496 trunc=0 sps=3340 elapsed=8.1m
iter 395/1220 steps=1617920 episodes=4233 score50=39.72 eps=0.010 loss=0.00171 q=1.488 trunc=0 sps=3340 elapsed=8.1m
iter 396/1220 steps=1622016 episodes=4234 score50=40.02 eps=0.010 loss=0.00019 q=1.480 trunc=0 sps=3340 elapsed=8.1m
iter 397/1220 steps=1626112 episodes=4238 score50=40.26 eps=0.010 loss=0.00085 q=1.468 trunc=0 sps=3339 elapsed=8.1m
iter 398/1220 steps=1630208 episodes=4247 score50=40.34 eps=0.010 loss=0.03894 q=1.376 trunc=0 sps=3338 elapsed=8.1m
iter 399/1220 steps=1634304 episodes=4258 score50=41.42 eps=0.010 loss=0.07854 q=1.365 trunc=0 sps=3337 elapsed=8.2m
iter 400/1220 steps=1638400 episodes=4279 score50=44.26 eps=0.010 loss=0.04009 q=1.391 trunc=0 sps=3337 elapsed=8.2m
  [eval] iter=400 mean=43.15+-4.94 median=38.0 max=85 P(>=120)=0.00 entropy=1.14/2.20 wnorm=31.837 srank=69/256
iter 401/1220 steps=1642496 episodes=4285 score50=45.20 eps=0.010 loss=0.00755 q=1.381 trunc=0 sps=3244 elapsed=8.4m
iter 402/1220 steps=1646592 episodes=4294 score50=46.92 eps=0.010 loss=0.00318 q=1.388 trunc=0 sps=3244 elapsed=8.5m
iter 403/1220 steps=1650688 episodes=4304 score50=47.26 eps=0.010 loss=0.02936 q=1.424 trunc=0 sps=3244 elapsed=8.5m
iter 404/1220 steps=1654784 episodes=4306 score50=47.08 eps=0.010 loss=0.00101 q=1.461 trunc=0 sps=3245 elapsed=8.5m
iter 405/1220 steps=1658880 episodes=4309 score50=46.90 eps=0.010 loss=0.00376 q=1.479 trunc=0 sps=3246 elapsed=8.5m
iter 406/1220 steps=1662976 episodes=4319 score50=48.46 eps=0.010 loss=0.03517 q=1.448 trunc=0 sps=3246 elapsed=8.5m
iter 407/1220 steps=1667072 episodes=4319 score50=48.46 eps=0.010 loss=0.00057 q=1.450 trunc=0 sps=3246 elapsed=8.6m
iter 408/1220 steps=1671168 episodes=4321 score50=49.46 eps=0.010 loss=0.00069 q=1.426 trunc=0 sps=3246 elapsed=8.6m
iter 409/1220 steps=1675264 episodes=4328 score50=48.38 eps=0.010 loss=0.00480 q=1.422 trunc=0 sps=3247 elapsed=8.6m
iter 410/1220 steps=1679360 episodes=4333 score50=48.96 eps=0.010 loss=0.00395 q=1.394 trunc=0 sps=3247 elapsed=8.6m
iter 411/1220 steps=1683456 episodes=4337 score50=50.26 eps=0.010 loss=0.01926 q=1.389 trunc=0 sps=3248 elapsed=8.6m
iter 412/1220 steps=1687552 episodes=4341 score50=51.84 eps=0.010 loss=0.00511 q=1.373 trunc=0 sps=3248 elapsed=8.7m
iter 413/1220 steps=1691648 episodes=4346 score50=53.14 eps=0.010 loss=0.01479 q=1.341 trunc=0 sps=3248 elapsed=8.7m
iter 414/1220 steps=1695744 episodes=4353 score50=53.18 eps=0.010 loss=0.01745 q=1.388 trunc=0 sps=3248 elapsed=8.7m
iter 415/1220 steps=1699840 episodes=4360 score50=51.06 eps=0.010 loss=0.02713 q=1.427 trunc=0 sps=3249 elapsed=8.7m
iter 416/1220 steps=1703936 episodes=4363 score50=50.92 eps=0.010 loss=0.00425 q=1.394 trunc=0 sps=3249 elapsed=8.7m
iter 417/1220 steps=1708032 episodes=4365 score50=49.94 eps=0.010 loss=0.00114 q=1.432 trunc=0 sps=3250 elapsed=8.8m
iter 418/1220 steps=1712128 episodes=4367 score50=50.02 eps=0.010 loss=0.00275 q=1.426 trunc=0 sps=3250 elapsed=8.8m
iter 419/1220 steps=1716224 episodes=4371 score50=47.72 eps=0.010 loss=0.00640 q=1.402 trunc=0 sps=3249 elapsed=8.8m
iter 420/1220 steps=1720320 episodes=4377 score50=46.38 eps=0.010 loss=0.00719 q=1.392 trunc=0 sps=3250 elapsed=8.8m
iter 421/1220 steps=1724416 episodes=4393 score50=40.34 eps=0.010 loss=0.06872 q=1.394 trunc=0 sps=3250 elapsed=8.8m
iter 422/1220 steps=1728512 episodes=4398 score50=41.44 eps=0.010 loss=0.01647 q=1.407 trunc=0 sps=3250 elapsed=8.9m
iter 423/1220 steps=1732608 episodes=4401 score50=40.86 eps=0.010 loss=0.00691 q=1.428 trunc=0 sps=3249 elapsed=8.9m
iter 424/1220 steps=1736704 episodes=4412 score50=41.82 eps=0.010 loss=0.00675 q=1.404 trunc=0 sps=3249 elapsed=8.9m
iter 425/1220 steps=1740800 episodes=4421 score50=40.92 eps=0.010 loss=0.00788 q=1.421 trunc=0 sps=3249 elapsed=8.9m
iter 426/1220 steps=1744896 episodes=4425 score50=41.04 eps=0.010 loss=0.00178 q=1.404 trunc=0 sps=3249 elapsed=9.0m
iter 427/1220 steps=1748992 episodes=4426 score50=41.56 eps=0.010 loss=0.00161 q=1.393 trunc=0 sps=3249 elapsed=9.0m
iter 428/1220 steps=1753088 episodes=4430 score50=44.80 eps=0.010 loss=0.01637 q=1.400 trunc=0 sps=3250 elapsed=9.0m
iter 429/1220 steps=1757184 episodes=4432 score50=46.56 eps=0.010 loss=0.00101 q=1.383 trunc=0 sps=3249 elapsed=9.0m
iter 430/1220 steps=1761280 episodes=4436 score50=47.32 eps=0.010 loss=0.00093 q=1.384 trunc=0 sps=3249 elapsed=9.0m
iter 431/1220 steps=1765376 episodes=4440 score50=47.98 eps=0.010 loss=0.00753 q=1.362 trunc=0 sps=3249 elapsed=9.1m
iter 432/1220 steps=1769472 episodes=4444 score50=50.72 eps=0.010 loss=0.00126 q=1.345 trunc=0 sps=3249 elapsed=9.1m
iter 433/1220 steps=1773568 episodes=4444 score50=50.72 eps=0.010 loss=0.00060 q=1.357 trunc=0 sps=3248 elapsed=9.1m
iter 434/1220 steps=1777664 episodes=4451 score50=50.34 eps=0.010 loss=0.00763 q=1.313 trunc=0 sps=3248 elapsed=9.1m
iter 435/1220 steps=1781760 episodes=4457 score50=51.14 eps=0.010 loss=0.00235 q=1.332 trunc=0 sps=3248 elapsed=9.1m
iter 436/1220 steps=1785856 episodes=4463 score50=51.22 eps=0.010 loss=0.02489 q=1.257 trunc=0 sps=3248 elapsed=9.2m
iter 437/1220 steps=1789952 episodes=4478 score50=49.22 eps=0.010 loss=0.01555 q=1.225 trunc=0 sps=3248 elapsed=9.2m
iter 438/1220 steps=1794048 episodes=4481 score50=47.84 eps=0.010 loss=0.00585 q=1.230 trunc=0 sps=3247 elapsed=9.2m
iter 439/1220 steps=1798144 episodes=4490 score50=46.00 eps=0.010 loss=0.00586 q=1.260 trunc=0 sps=3246 elapsed=9.2m
iter 440/1220 steps=1802240 episodes=4497 score50=44.88 eps=0.010 loss=0.00846 q=1.235 trunc=0 sps=3247 elapsed=9.3m
iter 441/1220 steps=1806336 episodes=4502 score50=47.38 eps=0.010 loss=0.00279 q=1.240 trunc=0 sps=3247 elapsed=9.3m
iter 442/1220 steps=1810432 episodes=4503 score50=47.68 eps=0.010 loss=0.00072 q=1.266 trunc=0 sps=3247 elapsed=9.3m
iter 443/1220 steps=1814528 episodes=4505 score50=48.04 eps=0.010 loss=0.00126 q=1.243 trunc=0 sps=3247 elapsed=9.3m
iter 444/1220 steps=1818624 episodes=4514 score50=48.32 eps=0.010 loss=0.03382 q=1.225 trunc=0 sps=3246 elapsed=9.3m
iter 445/1220 steps=1822720 episodes=4524 score50=50.86 eps=0.010 loss=0.01725 q=1.152 trunc=0 sps=3246 elapsed=9.4m
iter 446/1220 steps=1826816 episodes=4539 score50=52.88 eps=0.010 loss=0.01010 q=1.201 trunc=0 sps=3246 elapsed=9.4m
iter 447/1220 steps=1830912 episodes=4548 score50=53.48 eps=0.010 loss=0.01002 q=1.192 trunc=0 sps=3246 elapsed=9.4m
iter 448/1220 steps=1835008 episodes=4558 score50=51.64 eps=0.010 loss=0.00828 q=1.233 trunc=0 sps=3247 elapsed=9.4m
iter 449/1220 steps=1839104 episodes=4563 score50=50.54 eps=0.010 loss=0.00267 q=1.279 trunc=0 sps=3248 elapsed=9.4m
iter 450/1220 steps=1843200 episodes=4566 score50=49.98 eps=0.010 loss=0.00313 q=1.306 trunc=0 sps=3248 elapsed=9.5m
iter 451/1220 steps=1847296 episodes=4569 score50=50.16 eps=0.010 loss=0.00065 q=1.293 trunc=0 sps=3248 elapsed=9.5m
iter 452/1220 steps=1851392 episodes=4573 score50=49.18 eps=0.010 loss=0.01697 q=1.283 trunc=0 sps=3249 elapsed=9.5m
iter 453/1220 steps=1855488 episodes=4582 score50=48.68 eps=0.010 loss=0.02139 q=1.285 trunc=0 sps=3249 elapsed=9.5m
iter 454/1220 steps=1859584 episodes=4592 score50=42.02 eps=0.010 loss=0.00318 q=1.225 trunc=0 sps=3250 elapsed=9.5m
iter 455/1220 steps=1863680 episodes=4601 score50=42.80 eps=0.010 loss=0.00850 q=1.221 trunc=0 sps=3250 elapsed=9.6m
iter 456/1220 steps=1867776 episodes=4608 score50=42.04 eps=0.010 loss=0.01481 q=1.247 trunc=0 sps=3251 elapsed=9.6m
iter 457/1220 steps=1871872 episodes=4616 score50=41.72 eps=0.010 loss=0.01348 q=1.233 trunc=0 sps=3252 elapsed=9.6m
iter 458/1220 steps=1875968 episodes=4618 score50=41.58 eps=0.010 loss=0.00178 q=1.239 trunc=0 sps=3252 elapsed=9.6m
iter 459/1220 steps=1880064 episodes=4620 score50=41.96 eps=0.010 loss=0.00033 q=1.266 trunc=0 sps=3253 elapsed=9.6m
iter 460/1220 steps=1884160 episodes=4625 score50=40.82 eps=0.010 loss=0.00061 q=1.231 trunc=0 sps=3253 elapsed=9.7m
iter 461/1220 steps=1888256 episodes=4632 score50=39.14 eps=0.010 loss=0.01471 q=1.232 trunc=0 sps=3254 elapsed=9.7m
iter 462/1220 steps=1892352 episodes=4638 score50=42.10 eps=0.010 loss=0.00690 q=1.215 trunc=0 sps=3254 elapsed=9.7m
iter 463/1220 steps=1896448 episodes=4641 score50=41.90 eps=0.010 loss=0.00111 q=1.229 trunc=0 sps=3254 elapsed=9.7m
iter 464/1220 steps=1900544 episodes=4642 score50=42.62 eps=0.010 loss=0.00839 q=1.192 trunc=0 sps=3255 elapsed=9.7m
iter 465/1220 steps=1904640 episodes=4648 score50=40.76 eps=0.010 loss=0.00890 q=1.190 trunc=0 sps=3255 elapsed=9.8m
iter 466/1220 steps=1908736 episodes=4655 score50=41.50 eps=0.010 loss=0.02191 q=1.211 trunc=0 sps=3254 elapsed=9.8m
iter 467/1220 steps=1912832 episodes=4656 score50=40.30 eps=0.010 loss=0.00063 q=1.204 trunc=0 sps=3254 elapsed=9.8m
iter 468/1220 steps=1916928 episodes=4662 score50=40.02 eps=0.010 loss=0.00223 q=1.212 trunc=0 sps=3254 elapsed=9.8m
iter 469/1220 steps=1921024 episodes=4667 score50=41.26 eps=0.010 loss=0.00177 q=1.240 trunc=0 sps=3254 elapsed=9.8m
iter 470/1220 steps=1925120 episodes=4672 score50=41.56 eps=0.010 loss=0.00045 q=1.247 trunc=0 sps=3254 elapsed=9.9m
iter 471/1220 steps=1929216 episodes=4676 score50=45.06 eps=0.010 loss=0.00460 q=1.246 trunc=0 sps=3254 elapsed=9.9m
iter 472/1220 steps=1933312 episodes=4680 score50=45.38 eps=0.010 loss=0.01478 q=1.254 trunc=0 sps=3254 elapsed=9.9m
iter 473/1220 steps=1937408 episodes=4686 score50=48.28 eps=0.010 loss=0.03191 q=1.231 trunc=0 sps=3253 elapsed=9.9m
iter 474/1220 steps=1941504 episodes=4689 score50=47.62 eps=0.010 loss=0.00130 q=1.242 trunc=0 sps=3253 elapsed=9.9m
iter 475/1220 steps=1945600 episodes=4692 score50=47.14 eps=0.010 loss=0.00232 q=1.194 trunc=0 sps=3253 elapsed=10.0m
iter 476/1220 steps=1949696 episodes=4694 score50=47.64 eps=0.010 loss=0.00080 q=1.201 trunc=0 sps=3253 elapsed=10.0m
iter 477/1220 steps=1953792 episodes=4697 score50=49.42 eps=0.010 loss=0.00237 q=1.191 trunc=0 sps=3253 elapsed=10.0m
iter 478/1220 steps=1957888 episodes=4699 score50=49.40 eps=0.010 loss=0.00072 q=1.208 trunc=0 sps=3252 elapsed=10.0m
iter 479/1220 steps=1961984 episodes=4701 score50=50.40 eps=0.010 loss=0.00043 q=1.180 trunc=0 sps=3252 elapsed=10.1m
iter 480/1220 steps=1966080 episodes=4706 score50=51.76 eps=0.010 loss=0.02430 q=1.182 trunc=0 sps=3251 elapsed=10.1m
iter 481/1220 steps=1970176 episodes=4710 score50=54.72 eps=0.010 loss=0.00966 q=1.194 trunc=0 sps=3250 elapsed=10.1m
iter 482/1220 steps=1974272 episodes=4716 score50=55.70 eps=0.010 loss=0.00128 q=1.230 trunc=0 sps=3250 elapsed=10.1m
iter 483/1220 steps=1978368 episodes=4722 score50=57.76 eps=0.010 loss=0.00176 q=1.214 trunc=0 sps=3250 elapsed=10.1m
iter 484/1220 steps=1982464 episodes=4725 score50=57.26 eps=0.010 loss=0.00078 q=1.216 trunc=0 sps=3250 elapsed=10.2m
iter 485/1220 steps=1986560 episodes=4732 score50=60.58 eps=0.010 loss=0.00681 q=1.212 trunc=0 sps=3249 elapsed=10.2m
iter 486/1220 steps=1990656 episodes=4744 score50=63.40 eps=0.010 loss=0.03328 q=1.200 trunc=0 sps=3249 elapsed=10.2m
iter 487/1220 steps=1994752 episodes=4752 score50=63.76 eps=0.010 loss=0.00959 q=1.197 trunc=0 sps=3249 elapsed=10.2m
iter 488/1220 steps=1998848 episodes=4758 score50=62.82 eps=0.010 loss=0.00433 q=1.205 trunc=0 sps=3249 elapsed=10.3m
iter 489/1220 steps=2002944 episodes=4762 score50=60.30 eps=0.010 loss=0.00148 q=1.219 trunc=0 sps=3249 elapsed=10.3m
iter 490/1220 steps=2007040 episodes=4768 score50=56.44 eps=0.010 loss=0.01300 q=1.204 trunc=0 sps=3247 elapsed=10.3m
iter 491/1220 steps=2011136 episodes=4772 score50=56.82 eps=0.010 loss=0.00601 q=1.195 trunc=0 sps=3246 elapsed=10.3m
iter 492/1220 steps=2015232 episodes=4784 score50=53.44 eps=0.010 loss=0.02343 q=1.167 trunc=0 sps=3245 elapsed=10.4m
iter 493/1220 steps=2019328 episodes=4784 score50=53.44 eps=0.010 loss=0.00035 q=1.192 trunc=0 sps=3244 elapsed=10.4m
iter 494/1220 steps=2023424 episodes=4788 score50=53.04 eps=0.010 loss=0.00102 q=1.178 trunc=0 sps=3244 elapsed=10.4m
iter 495/1220 steps=2027520 episodes=4793 score50=53.14 eps=0.010 loss=0.00099 q=1.187 trunc=0 sps=3244 elapsed=10.4m
iter 496/1220 steps=2031616 episodes=4795 score50=53.38 eps=0.010 loss=0.00125 q=1.170 trunc=0 sps=3244 elapsed=10.4m
iter 497/1220 steps=2035712 episodes=4797 score50=52.68 eps=0.010 loss=0.00054 q=1.167 trunc=0 sps=3244 elapsed=10.5m
iter 498/1220 steps=2039808 episodes=4799 score50=53.44 eps=0.010 loss=0.00266 q=1.173 trunc=0 sps=3244 elapsed=10.5m
iter 499/1220 steps=2043904 episodes=4804 score50=56.36 eps=0.010 loss=0.00089 q=1.174 trunc=0 sps=3244 elapsed=10.5m
iter 500/1220 steps=2048000 episodes=4807 score50=57.38 eps=0.010 loss=0.00131 q=1.128 trunc=0 sps=3244 elapsed=10.5m
  [eval] iter=500 mean=68.95+-5.87 median=71.5 max=138 P(>=120)=0.05 entropy=1.62/2.20 wnorm=32.581 srank=60/256
iter 501/1220 steps=2052096 episodes=4808 score50=57.12 eps=0.010 loss=0.00067 q=1.156 trunc=0 sps=3134 elapsed=10.9m
iter 502/1220 steps=2056192 episodes=4812 score50=58.34 eps=0.010 loss=0.00054 q=1.166 trunc=0 sps=3134 elapsed=10.9m
iter 503/1220 steps=2060288 episodes=4822 score50=58.70 eps=0.010 loss=0.01250 q=1.201 trunc=0 sps=3133 elapsed=11.0m
iter 504/1220 steps=2064384 episodes=4837 score50=53.88 eps=0.010 loss=0.04113 q=1.177 trunc=0 sps=3133 elapsed=11.0m
iter 505/1220 steps=2068480 episodes=4850 score50=47.92 eps=0.010 loss=0.05081 q=1.201 trunc=0 sps=3134 elapsed=11.0m
iter 506/1220 steps=2072576 episodes=4868 score50=43.92 eps=0.010 loss=0.02568 q=1.199 trunc=0 sps=3134 elapsed=11.0m
iter 507/1220 steps=2076672 episodes=4885 score50=46.64 eps=0.010 loss=0.01051 q=1.221 trunc=0 sps=3134 elapsed=11.0m
iter 508/1220 steps=2080768 episodes=4892 score50=46.10 eps=0.010 loss=0.01439 q=1.295 trunc=0 sps=3134 elapsed=11.1m
iter 509/1220 steps=2084864 episodes=4901 score50=49.30 eps=0.010 loss=0.01608 q=1.318 trunc=0 sps=3135 elapsed=11.1m
iter 510/1220 steps=2088960 episodes=4905 score50=46.88 eps=0.010 loss=0.00533 q=1.314 trunc=0 sps=3136 elapsed=11.1m
iter 511/1220 steps=2093056 episodes=4910 score50=45.16 eps=0.010 loss=0.00160 q=1.344 trunc=0 sps=3136 elapsed=11.1m
iter 512/1220 steps=2097152 episodes=4913 score50=44.64 eps=0.010 loss=0.00304 q=1.342 trunc=0 sps=3137 elapsed=11.1m
iter 513/1220 steps=2101248 episodes=4917 score50=44.20 eps=0.010 loss=0.00735 q=1.307 trunc=0 sps=3138 elapsed=11.2m
iter 514/1220 steps=2105344 episodes=4918 score50=44.86 eps=0.010 loss=0.00178 q=1.318 trunc=0 sps=3139 elapsed=11.2m
iter 515/1220 steps=2109440 episodes=4920 score50=44.50 eps=0.010 loss=0.00064 q=1.299 trunc=0 sps=3139 elapsed=11.2m
iter 516/1220 steps=2113536 episodes=4923 score50=45.98 eps=0.010 loss=0.01231 q=1.278 trunc=0 sps=3140 elapsed=11.2m
iter 517/1220 steps=2117632 episodes=4927 score50=43.42 eps=0.010 loss=0.00104 q=1.276 trunc=0 sps=3140 elapsed=11.2m
iter 518/1220 steps=2121728 episodes=4931 score50=41.62 eps=0.010 loss=0.01029 q=1.242 trunc=0 sps=3141 elapsed=11.3m
iter 519/1220 steps=2125824 episodes=4936 score50=41.80 eps=0.010 loss=0.00058 q=1.246 trunc=0 sps=3141 elapsed=11.3m
iter 520/1220 steps=2129920 episodes=4939 score50=42.84 eps=0.010 loss=0.00068 q=1.211 trunc=0 sps=3141 elapsed=11.3m
iter 521/1220 steps=2134016 episodes=4942 score50=40.50 eps=0.010 loss=0.00096 q=1.233 trunc=0 sps=3139 elapsed=11.3m
iter 522/1220 steps=2138112 episodes=4944 score50=41.52 eps=0.010 loss=0.00039 q=1.233 trunc=0 sps=3139 elapsed=11.4m
iter 523/1220 steps=2142208 episodes=4947 score50=38.64 eps=0.010 loss=0.00057 q=1.234 trunc=0 sps=3139 elapsed=11.4m
iter 524/1220 steps=2146304 episodes=4956 score50=41.36 eps=0.010 loss=0.00173 q=1.246 trunc=0 sps=3139 elapsed=11.4m
iter 525/1220 steps=2150400 episodes=4966 score50=44.62 eps=0.010 loss=0.01898 q=1.238 trunc=0 sps=3139 elapsed=11.4m
iter 526/1220 steps=2154496 episodes=4972 score50=42.40 eps=0.010 loss=0.01829 q=1.245 trunc=0 sps=3140 elapsed=11.4m
iter 527/1220 steps=2158592 episodes=4975 score50=42.22 eps=0.010 loss=0.00758 q=1.227 trunc=0 sps=3139 elapsed=11.5m
iter 528/1220 steps=2162688 episodes=4978 score50=44.06 eps=0.010 loss=0.00148 q=1.236 trunc=0 sps=3139 elapsed=11.5m
iter 529/1220 steps=2166784 episodes=4982 score50=45.04 eps=0.010 loss=0.00557 q=1.220 trunc=0 sps=3140 elapsed=11.5m
iter 530/1220 steps=2170880 episodes=4987 score50=45.46 eps=0.010 loss=0.00171 q=1.259 trunc=0 sps=3140 elapsed=11.5m
iter 531/1220 steps=2174976 episodes=4994 score50=45.74 eps=0.010 loss=0.00876 q=1.259 trunc=0 sps=3140 elapsed=11.5m
iter 532/1220 steps=2179072 episodes=4999 score50=48.14 eps=0.010 loss=0.00106 q=1.270 trunc=0 sps=3139 elapsed=11.6m
iter 533/1220 steps=2183168 episodes=5002 score50=47.12 eps=0.010 loss=0.00283 q=1.302 trunc=0 sps=3139 elapsed=11.6m
iter 534/1220 steps=2187264 episodes=5013 score50=47.04 eps=0.010 loss=0.01661 q=1.345 trunc=0 sps=3139 elapsed=11.6m
iter 535/1220 steps=2191360 episodes=5025 score50=48.52 eps=0.010 loss=0.00695 q=1.328 trunc=0 sps=3139 elapsed=11.6m
iter 536/1220 steps=2195456 episodes=5039 score50=49.32 eps=0.010 loss=0.03014 q=1.341 trunc=0 sps=3140 elapsed=11.7m
iter 537/1220 steps=2199552 episodes=5057 score50=44.78 eps=0.010 loss=0.01878 q=1.342 trunc=0 sps=3141 elapsed=11.7m
iter 538/1220 steps=2203648 episodes=5064 score50=43.08 eps=0.010 loss=0.00317 q=1.364 trunc=0 sps=3141 elapsed=11.7m
iter 539/1220 steps=2207744 episodes=5072 score50=45.72 eps=0.010 loss=0.01589 q=1.382 trunc=0 sps=3142 elapsed=11.7m
iter 540/1220 steps=2211840 episodes=5081 score50=45.20 eps=0.010 loss=0.00337 q=1.398 trunc=0 sps=3142 elapsed=11.7m
iter 541/1220 steps=2215936 episodes=5084 score50=43.96 eps=0.010 loss=0.00604 q=1.382 trunc=0 sps=3143 elapsed=11.7m
iter 542/1220 steps=2220032 episodes=5091 score50=42.78 eps=0.010 loss=0.01237 q=1.420 trunc=0 sps=3144 elapsed=11.8m
iter 543/1220 steps=2224128 episodes=5098 score50=42.04 eps=0.010 loss=0.00620 q=1.398 trunc=0 sps=3144 elapsed=11.8m
iter 544/1220 steps=2228224 episodes=5104 score50=41.56 eps=0.010 loss=0.00202 q=1.428 trunc=0 sps=3145 elapsed=11.8m
iter 545/1220 steps=2232320 episodes=5113 score50=39.58 eps=0.010 loss=0.03916 q=1.383 trunc=0 sps=3146 elapsed=11.8m
iter 546/1220 steps=2236416 episodes=5120 score50=35.66 eps=0.010 loss=0.01037 q=1.402 trunc=0 sps=3146 elapsed=11.8m
iter 547/1220 steps=2240512 episodes=5123 score50=35.24 eps=0.010 loss=0.02141 q=1.399 trunc=0 sps=3147 elapsed=11.9m
iter 548/1220 steps=2244608 episodes=5124 score50=35.48 eps=0.010 loss=0.00090 q=1.398 trunc=0 sps=3147 elapsed=11.9m
iter 549/1220 steps=2248704 episodes=5129 score50=37.06 eps=0.010 loss=0.00081 q=1.378 trunc=0 sps=3146 elapsed=11.9m
iter 550/1220 steps=2252800 episodes=5129 score50=37.06 eps=0.010 loss=0.00025 q=1.406 trunc=0 sps=3147 elapsed=11.9m
iter 551/1220 steps=2256896 episodes=5130 score50=37.46 eps=0.010 loss=0.00028 q=1.372 trunc=0 sps=3147 elapsed=12.0m
iter 552/1220 steps=2260992 episodes=5130 score50=37.46 eps=0.010 loss=0.00034 q=1.359 trunc=0 sps=3148 elapsed=12.0m
iter 553/1220 steps=2265088 episodes=5133 score50=37.56 eps=0.010 loss=0.00838 q=1.337 trunc=0 sps=3147 elapsed=12.0m
iter 554/1220 steps=2269184 episodes=5136 score50=38.30 eps=0.010 loss=0.00384 q=1.310 trunc=0 sps=3147 elapsed=12.0m
iter 555/1220 steps=2273280 episodes=5138 score50=39.04 eps=0.010 loss=0.00097 q=1.309 trunc=0 sps=3147 elapsed=12.0m
iter 556/1220 steps=2277376 episodes=5146 score50=40.38 eps=0.010 loss=0.00273 q=1.281 trunc=0 sps=3147 elapsed=12.1m
iter 557/1220 steps=2281472 episodes=5151 score50=40.60 eps=0.010 loss=0.00234 q=1.264 trunc=0 sps=3147 elapsed=12.1m
iter 558/1220 steps=2285568 episodes=5155 score50=41.38 eps=0.010 loss=0.02422 q=1.274 trunc=0 sps=3147 elapsed=12.1m
iter 559/1220 steps=2289664 episodes=5162 score50=47.12 eps=0.010 loss=0.00655 q=1.267 trunc=0 sps=3146 elapsed=12.1m
iter 560/1220 steps=2293760 episodes=5164 score50=47.78 eps=0.010 loss=0.00118 q=1.271 trunc=0 sps=3146 elapsed=12.2m
iter 561/1220 steps=2297856 episodes=5166 score50=48.74 eps=0.010 loss=0.02077 q=1.274 trunc=0 sps=3146 elapsed=12.2m
iter 562/1220 steps=2301952 episodes=5167 score50=49.18 eps=0.010 loss=0.00111 q=1.243 trunc=0 sps=3146 elapsed=12.2m
iter 563/1220 steps=2306048 episodes=5169 score50=49.40 eps=0.010 loss=0.00020 q=1.245 trunc=0 sps=3145 elapsed=12.2m
iter 564/1220 steps=2310144 episodes=5170 score50=49.72 eps=0.010 loss=0.00015 q=1.245 trunc=0 sps=3144 elapsed=12.2m
iter 565/1220 steps=2314240 episodes=5172 score50=49.08 eps=0.010 loss=0.00049 q=1.223 trunc=0 sps=3144 elapsed=12.3m
iter 566/1220 steps=2318336 episodes=5173 score50=49.50 eps=0.010 loss=0.00096 q=1.215 trunc=0 sps=3143 elapsed=12.3m
iter 567/1220 steps=2322432 episodes=5175 score50=50.14 eps=0.010 loss=0.00047 q=1.212 trunc=0 sps=3141 elapsed=12.3m
iter 568/1220 steps=2326528 episodes=5180 score50=51.32 eps=0.010 loss=0.00130 q=1.176 trunc=0 sps=3139 elapsed=12.4m
iter 569/1220 steps=2330624 episodes=5186 score50=55.26 eps=0.010 loss=0.02729 q=1.162 trunc=0 sps=3139 elapsed=12.4m
iter 570/1220 steps=2334720 episodes=5190 score50=54.34 eps=0.010 loss=0.00091 q=1.177 trunc=0 sps=3138 elapsed=12.4m
iter 571/1220 steps=2338816 episodes=5202 score50=60.68 eps=0.010 loss=0.03405 q=1.187 trunc=0 sps=3138 elapsed=12.4m
iter 572/1220 steps=2342912 episodes=5209 score50=63.16 eps=0.010 loss=0.00177 q=1.206 trunc=0 sps=3138 elapsed=12.4m
iter 573/1220 steps=2347008 episodes=5218 score50=64.64 eps=0.010 loss=0.00297 q=1.215 trunc=0 sps=3137 elapsed=12.5m
iter 574/1220 steps=2351104 episodes=5222 score50=67.30 eps=0.010 loss=0.00235 q=1.198 trunc=0 sps=3137 elapsed=12.5m
iter 575/1220 steps=2355200 episodes=5222 score50=67.30 eps=0.010 loss=0.00241 q=1.214 trunc=0 sps=3137 elapsed=12.5m
iter 576/1220 steps=2359296 episodes=5224 score50=66.32 eps=0.010 loss=0.00024 q=1.224 trunc=0 sps=3137 elapsed=12.5m
iter 577/1220 steps=2363392 episodes=5229 score50=65.66 eps=0.010 loss=0.02037 q=1.189 trunc=0 sps=3136 elapsed=12.6m
iter 578/1220 steps=2367488 episodes=5231 score50=66.24 eps=0.010 loss=0.01090 q=1.180 trunc=0 sps=3135 elapsed=12.6m
iter 579/1220 steps=2371584 episodes=5233 score50=65.24 eps=0.010 loss=0.00029 q=1.186 trunc=0 sps=3135 elapsed=12.6m
iter 580/1220 steps=2375680 episodes=5240 score50=68.60 eps=0.010 loss=0.00489 q=1.199 trunc=0 sps=3135 elapsed=12.6m
iter 581/1220 steps=2379776 episodes=5245 score50=68.52 eps=0.010 loss=0.00272 q=1.184 trunc=0 sps=3135 elapsed=12.7m
iter 582/1220 steps=2383872 episodes=5249 score50=67.92 eps=0.010 loss=0.00105 q=1.210 trunc=0 sps=3135 elapsed=12.7m
iter 583/1220 steps=2387968 episodes=5257 score50=67.52 eps=0.010 loss=0.00694 q=1.179 trunc=0 sps=3134 elapsed=12.7m
iter 584/1220 steps=2392064 episodes=5261 score50=66.00 eps=0.010 loss=0.00174 q=1.183 trunc=0 sps=3133 elapsed=12.7m
iter 585/1220 steps=2396160 episodes=5269 score50=66.34 eps=0.010 loss=0.02168 q=1.208 trunc=0 sps=3133 elapsed=12.7m
iter 586/1220 steps=2400256 episodes=5276 score50=67.70 eps=0.010 loss=0.00493 q=1.231 trunc=0 sps=3133 elapsed=12.8m
iter 587/1220 steps=2404352 episodes=5280 score50=69.38 eps=0.010 loss=0.00231 q=1.240 trunc=0 sps=3133 elapsed=12.8m
iter 588/1220 steps=2408448 episodes=5280 score50=69.38 eps=0.010 loss=0.00104 q=1.237 trunc=0 sps=3133 elapsed=12.8m
iter 589/1220 steps=2412544 episodes=5282 score50=69.06 eps=0.010 loss=0.00196 q=1.240 trunc=0 sps=3133 elapsed=12.8m
iter 590/1220 steps=2416640 episodes=5284 score50=67.70 eps=0.010 loss=0.00108 q=1.201 trunc=0 sps=3133 elapsed=12.9m
iter 591/1220 steps=2420736 episodes=5286 score50=68.22 eps=0.010 loss=0.00061 q=1.198 trunc=0 sps=3132 elapsed=12.9m
iter 592/1220 steps=2424832 episodes=5289 score50=67.48 eps=0.010 loss=0.00036 q=1.191 trunc=0 sps=3132 elapsed=12.9m
iter 593/1220 steps=2428928 episodes=5293 score50=65.16 eps=0.010 loss=0.03080 q=1.188 trunc=0 sps=3132 elapsed=12.9m
iter 594/1220 steps=2433024 episodes=5300 score50=67.42 eps=0.010 loss=0.00116 q=1.175 trunc=0 sps=3132 elapsed=12.9m
iter 595/1220 steps=2437120 episodes=5311 score50=68.36 eps=0.010 loss=0.00492 q=1.191 trunc=0 sps=3132 elapsed=13.0m
iter 596/1220 steps=2441216 episodes=5315 score50=70.46 eps=0.010 loss=0.00122 q=1.255 trunc=0 sps=3132 elapsed=13.0m
iter 597/1220 steps=2445312 episodes=5327 score50=62.44 eps=0.010 loss=0.01478 q=1.214 trunc=0 sps=3133 elapsed=13.0m
iter 598/1220 steps=2449408 episodes=5332 score50=60.52 eps=0.010 loss=0.00406 q=1.225 trunc=0 sps=3133 elapsed=13.0m
iter 599/1220 steps=2453504 episodes=5335 score50=58.76 eps=0.010 loss=0.00112 q=1.270 trunc=0 sps=3133 elapsed=13.1m
iter 600/1220 steps=2457600 episodes=5341 score50=58.08 eps=0.010 loss=0.00110 q=1.283 trunc=0 sps=3132 elapsed=13.1m
  [eval] iter=600 mean=43.05+-4.51 median=39.0 max=77 P(>=120)=0.00 entropy=1.02/2.20 wnorm=33.173 srank=60/256
iter 601/1220 steps=2461696 episodes=5341 score50=58.08 eps=0.010 loss=0.00123 q=1.296 trunc=0 sps=3080 elapsed=13.3m
iter 602/1220 steps=2465792 episodes=5345 score50=58.72 eps=0.010 loss=0.00069 q=1.285 trunc=0 sps=3079 elapsed=13.3m
iter 603/1220 steps=2469888 episodes=5346 score50=58.88 eps=0.010 loss=0.00037 q=1.281 trunc=0 sps=3079 elapsed=13.4m
iter 604/1220 steps=2473984 episodes=5351 score50=54.74 eps=0.010 loss=0.01693 q=1.254 trunc=0 sps=3080 elapsed=13.4m
iter 605/1220 steps=2478080 episodes=5358 score50=49.28 eps=0.010 loss=0.01327 q=1.234 trunc=0 sps=3080 elapsed=13.4m
iter 606/1220 steps=2482176 episodes=5363 score50=50.84 eps=0.010 loss=0.01256 q=1.249 trunc=0 sps=3080 elapsed=13.4m
iter 607/1220 steps=2486272 episodes=5370 score50=51.40 eps=0.010 loss=0.01348 q=1.216 trunc=0 sps=3080 elapsed=13.5m
iter 608/1220 steps=2490368 episodes=5372 score50=51.78 eps=0.010 loss=0.00094 q=1.256 trunc=0 sps=3080 elapsed=13.5m
iter 609/1220 steps=2494464 episodes=5373 score50=53.18 eps=0.010 loss=0.00088 q=1.222 trunc=0 sps=3080 elapsed=13.5m
iter 610/1220 steps=2498560 episodes=5375 score50=54.32 eps=0.010 loss=0.00078 q=1.270 trunc=0 sps=3080 elapsed=13.5m
iter 611/1220 steps=2502656 episodes=5383 score50=56.96 eps=0.010 loss=0.00206 q=1.246 trunc=0 sps=3080 elapsed=13.5m
iter 612/1220 steps=2506752 episodes=5390 score50=55.80 eps=0.010 loss=0.01138 q=1.285 trunc=0 sps=3080 elapsed=13.6m
iter 613/1220 steps=2510848 episodes=5397 score50=58.20 eps=0.010 loss=0.00195 q=1.261 trunc=0 sps=3080 elapsed=13.6m
iter 614/1220 steps=2514944 episodes=5404 score50=56.68 eps=0.010 loss=0.04550 q=1.249 trunc=0 sps=3080 elapsed=13.6m
iter 615/1220 steps=2519040 episodes=5412 score50=57.88 eps=0.010 loss=0.03461 q=1.277 trunc=0 sps=3080 elapsed=13.6m
iter 616/1220 steps=2523136 episodes=5422 score50=53.80 eps=0.010 loss=0.05196 q=1.228 trunc=0 sps=3080 elapsed=13.7m
iter 617/1220 steps=2527232 episodes=5427 score50=52.66 eps=0.010 loss=0.00547 q=1.236 trunc=0 sps=3080 elapsed=13.7m
iter 618/1220 steps=2531328 episodes=5436 score50=50.84 eps=0.010 loss=0.00964 q=1.225 trunc=0 sps=3081 elapsed=13.7m
iter 619/1220 steps=2535424 episodes=5438 score50=49.74 eps=0.010 loss=0.01647 q=1.234 trunc=0 sps=3081 elapsed=13.7m
iter 620/1220 steps=2539520 episodes=5446 score50=48.80 eps=0.010 loss=0.01328 q=1.222 trunc=0 sps=3081 elapsed=13.7m
iter 621/1220 steps=2543616 episodes=5448 score50=50.78 eps=0.010 loss=0.00080 q=1.237 trunc=0 sps=3081 elapsed=13.8m
iter 622/1220 steps=2547712 episodes=5451 score50=51.10 eps=0.010 loss=0.00146 q=1.224 trunc=0 sps=3081 elapsed=13.8m
iter 623/1220 steps=2551808 episodes=5461 score50=47.10 eps=0.010 loss=0.01806 q=1.201 trunc=0 sps=3082 elapsed=13.8m
iter 624/1220 steps=2555904 episodes=5465 score50=47.70 eps=0.010 loss=0.00054 q=1.215 trunc=0 sps=3082 elapsed=13.8m
iter 625/1220 steps=2560000 episodes=5472 score50=50.12 eps=0.010 loss=0.02517 q=1.212 trunc=0 sps=3081 elapsed=13.8m
iter 626/1220 steps=2564096 episodes=5479 score50=50.22 eps=0.010 loss=0.01161 q=1.191 trunc=0 sps=3081 elapsed=13.9m
iter 627/1220 steps=2568192 episodes=5483 score50=52.38 eps=0.010 loss=0.00216 q=1.233 trunc=0 sps=3082 elapsed=13.9m
iter 628/1220 steps=2572288 episodes=5485 score50=52.10 eps=0.010 loss=0.01628 q=1.234 trunc=0 sps=3082 elapsed=13.9m
iter 629/1220 steps=2576384 episodes=5487 score50=54.36 eps=0.010 loss=0.00042 q=1.236 trunc=0 sps=3082 elapsed=13.9m
iter 630/1220 steps=2580480 episodes=5490 score50=54.70 eps=0.010 loss=0.00088 q=1.235 trunc=0 sps=3082 elapsed=14.0m
iter 631/1220 steps=2584576 episodes=5490 score50=54.70 eps=0.010 loss=0.00019 q=1.232 trunc=0 sps=3082 elapsed=14.0m
iter 632/1220 steps=2588672 episodes=5492 score50=52.70 eps=0.010 loss=0.00129 q=1.211 trunc=0 sps=3082 elapsed=14.0m
iter 633/1220 steps=2592768 episodes=5497 score50=54.08 eps=0.010 loss=0.01254 q=1.197 trunc=0 sps=3082 elapsed=14.0m
iter 634/1220 steps=2596864 episodes=5499 score50=53.94 eps=0.010 loss=0.00140 q=1.206 trunc=0 sps=3082 elapsed=14.0m
iter 635/1220 steps=2600960 episodes=5500 score50=54.10 eps=0.010 loss=0.03862 q=1.215 trunc=0 sps=3082 elapsed=14.1m
iter 636/1220 steps=2605056 episodes=5508 score50=56.98 eps=0.010 loss=0.02891 q=1.166 trunc=0 sps=3082 elapsed=14.1m
iter 637/1220 steps=2609152 episodes=5512 score50=58.22 eps=0.010 loss=0.00108 q=1.179 trunc=0 sps=3082 elapsed=14.1m
iter 638/1220 steps=2613248 episodes=5519 score50=57.80 eps=0.010 loss=0.04558 q=1.127 trunc=0 sps=3081 elapsed=14.1m
iter 639/1220 steps=2617344 episodes=5526 score50=57.78 eps=0.010 loss=0.00979 q=1.149 trunc=0 sps=3081 elapsed=14.2m
iter 640/1220 steps=2621440 episodes=5530 score50=57.72 eps=0.010 loss=0.00162 q=1.153 trunc=0 sps=3081 elapsed=14.2m
iter 641/1220 steps=2625536 episodes=5532 score50=59.50 eps=0.010 loss=0.00430 q=1.166 trunc=0 sps=3081 elapsed=14.2m
iter 642/1220 steps=2629632 episodes=5537 score50=58.06 eps=0.010 loss=0.00120 q=1.172 trunc=0 sps=3081 elapsed=14.2m
iter 643/1220 steps=2633728 episodes=5540 score50=58.26 eps=0.010 loss=0.00109 q=1.198 trunc=0 sps=3080 elapsed=14.3m
iter 644/1220 steps=2637824 episodes=5542 score50=58.18 eps=0.010 loss=0.00216 q=1.167 trunc=0 sps=3079 elapsed=14.3m
iter 645/1220 steps=2641920 episodes=5543 score50=56.94 eps=0.010 loss=0.00037 q=1.182 trunc=0 sps=3078 elapsed=14.3m
iter 646/1220 steps=2646016 episodes=5546 score50=56.90 eps=0.010 loss=0.00083 q=1.161 trunc=0 sps=3078 elapsed=14.3m
iter 647/1220 steps=2650112 episodes=5549 score50=56.14 eps=0.010 loss=0.00260 q=1.162 trunc=0 sps=3077 elapsed=14.4m
iter 648/1220 steps=2654208 episodes=5551 score50=56.64 eps=0.010 loss=0.02097 q=1.155 trunc=0 sps=3077 elapsed=14.4m
iter 649/1220 steps=2658304 episodes=5558 score50=58.64 eps=0.010 loss=0.00286 q=1.142 trunc=0 sps=3077 elapsed=14.4m
iter 650/1220 steps=2662400 episodes=5559 score50=57.74 eps=0.010 loss=0.00085 q=1.143 trunc=0 sps=3077 elapsed=14.4m
iter 651/1220 steps=2666496 episodes=5566 score50=61.94 eps=0.010 loss=0.01858 q=1.146 trunc=0 sps=3077 elapsed=14.4m
iter 652/1220 steps=2670592 episodes=5570 score50=62.62 eps=0.010 loss=0.00127 q=1.138 trunc=0 sps=3076 elapsed=14.5m
iter 653/1220 steps=2674688 episodes=5575 score50=62.66 eps=0.010 loss=0.01183 q=1.144 trunc=0 sps=3076 elapsed=14.5m
iter 654/1220 steps=2678784 episodes=5579 score50=65.56 eps=0.010 loss=0.00265 q=1.166 trunc=0 sps=3076 elapsed=14.5m
iter 655/1220 steps=2682880 episodes=5584 score50=66.22 eps=0.010 loss=0.00327 q=1.132 trunc=0 sps=3076 elapsed=14.5m
iter 656/1220 steps=2686976 episodes=5587 score50=66.32 eps=0.010 loss=0.00173 q=1.130 trunc=0 sps=3075 elapsed=14.6m
iter 657/1220 steps=2691072 episodes=5590 score50=67.52 eps=0.010 loss=0.00050 q=1.166 trunc=0 sps=3075 elapsed=14.6m
iter 658/1220 steps=2695168 episodes=5593 score50=66.86 eps=0.010 loss=0.00053 q=1.189 trunc=0 sps=3074 elapsed=14.6m
iter 659/1220 steps=2699264 episodes=5608 score50=67.66 eps=0.010 loss=0.00557 q=1.137 trunc=0 sps=3074 elapsed=14.6m
iter 660/1220 steps=2703360 episodes=5623 score50=68.28 eps=0.010 loss=0.04148 q=1.178 trunc=0 sps=3074 elapsed=14.7m
iter 661/1220 steps=2707456 episodes=5629 score50=66.42 eps=0.010 loss=0.00371 q=1.183 trunc=0 sps=3074 elapsed=14.7m
iter 662/1220 steps=2711552 episodes=5637 score50=64.40 eps=0.010 loss=0.00156 q=1.169 trunc=0 sps=3075 elapsed=14.7m
iter 663/1220 steps=2715648 episodes=5640 score50=64.38 eps=0.010 loss=0.00058 q=1.212 trunc=0 sps=3075 elapsed=14.7m
iter 664/1220 steps=2719744 episodes=5641 score50=63.24 eps=0.010 loss=0.00153 q=1.212 trunc=0 sps=3075 elapsed=14.7m
iter 665/1220 steps=2723840 episodes=5645 score50=64.56 eps=0.010 loss=0.00790 q=1.188 trunc=0 sps=3075 elapsed=14.8m
iter 666/1220 steps=2727936 episodes=5650 score50=65.94 eps=0.010 loss=0.00080 q=1.184 trunc=0 sps=3075 elapsed=14.8m
iter 667/1220 steps=2732032 episodes=5656 score50=66.18 eps=0.010 loss=0.00114 q=1.205 trunc=0 sps=3075 elapsed=14.8m
iter 668/1220 steps=2736128 episodes=5657 score50=67.36 eps=0.010 loss=0.00046 q=1.166 trunc=0 sps=3075 elapsed=14.8m
iter 669/1220 steps=2740224 episodes=5659 score50=67.42 eps=0.010 loss=0.02057 q=1.158 trunc=0 sps=3075 elapsed=14.9m
iter 670/1220 steps=2744320 episodes=5659 score50=67.42 eps=0.010 loss=0.00046 q=1.158 trunc=0 sps=3076 elapsed=14.9m
iter 671/1220 steps=2748416 episodes=5663 score50=66.74 eps=0.010 loss=0.01150 q=1.155 trunc=0 sps=3076 elapsed=14.9m
iter 672/1220 steps=2752512 episodes=5666 score50=67.62 eps=0.010 loss=0.00040 q=1.163 trunc=0 sps=3076 elapsed=14.9m
iter 673/1220 steps=2756608 episodes=5667 score50=67.02 eps=0.010 loss=0.00050 q=1.161 trunc=0 sps=3076 elapsed=14.9m
iter 674/1220 steps=2760704 episodes=5671 score50=66.68 eps=0.010 loss=0.01680 q=1.146 trunc=0 sps=3076 elapsed=15.0m
iter 675/1220 steps=2764800 episodes=5674 score50=67.06 eps=0.010 loss=0.00938 q=1.149 trunc=0 sps=3076 elapsed=15.0m
iter 676/1220 steps=2768896 episodes=5677 score50=64.36 eps=0.010 loss=0.00734 q=1.138 trunc=0 sps=3076 elapsed=15.0m
iter 677/1220 steps=2772992 episodes=5682 score50=59.70 eps=0.010 loss=0.00269 q=1.132 trunc=0 sps=3076 elapsed=15.0m
iter 678/1220 steps=2777088 episodes=5686 score50=59.06 eps=0.010 loss=0.00912 q=1.124 trunc=0 sps=3076 elapsed=15.0m
iter 679/1220 steps=2781184 episodes=5690 score50=57.22 eps=0.010 loss=0.00041 q=1.119 trunc=0 sps=3076 elapsed=15.1m
iter 680/1220 steps=2785280 episodes=5692 score50=60.10 eps=0.010 loss=0.00098 q=1.116 trunc=0 sps=3075 elapsed=15.1m
iter 681/1220 steps=2789376 episodes=5700 score50=59.92 eps=0.010 loss=0.00228 q=1.129 trunc=0 sps=3075 elapsed=15.1m
iter 682/1220 steps=2793472 episodes=5708 score50=56.68 eps=0.010 loss=0.00382 q=1.172 trunc=0 sps=3075 elapsed=15.1m
iter 683/1220 steps=2797568 episodes=5714 score50=54.72 eps=0.010 loss=0.00107 q=1.162 trunc=0 sps=3075 elapsed=15.2m
iter 684/1220 steps=2801664 episodes=5721 score50=52.60 eps=0.010 loss=0.02156 q=1.204 trunc=0 sps=3075 elapsed=15.2m
iter 685/1220 steps=2805760 episodes=5733 score50=59.48 eps=0.010 loss=0.00609 q=1.172 trunc=0 sps=3075 elapsed=15.2m
iter 686/1220 steps=2809856 episodes=5741 score50=61.66 eps=0.010 loss=0.00186 q=1.176 trunc=0 sps=3075 elapsed=15.2m
iter 687/1220 steps=2813952 episodes=5748 score50=59.58 eps=0.010 loss=0.00542 q=1.205 trunc=0 sps=3076 elapsed=15.2m
iter 688/1220 steps=2818048 episodes=5753 score50=59.46 eps=0.010 loss=0.00069 q=1.245 trunc=0 sps=3076 elapsed=15.3m
iter 689/1220 steps=2822144 episodes=5760 score50=59.52 eps=0.010 loss=0.01074 q=1.213 trunc=0 sps=3076 elapsed=15.3m
iter 690/1220 steps=2826240 episodes=5763 score50=60.14 eps=0.010 loss=0.00128 q=1.225 trunc=0 sps=3076 elapsed=15.3m
iter 691/1220 steps=2830336 episodes=5772 score50=59.00 eps=0.010 loss=0.00577 q=1.200 trunc=0 sps=3077 elapsed=15.3m
iter 692/1220 steps=2834432 episodes=5779 score50=57.00 eps=0.010 loss=0.00492 q=1.194 trunc=0 sps=3077 elapsed=15.4m
iter 693/1220 steps=2838528 episodes=5787 score50=52.16 eps=0.010 loss=0.00246 q=1.221 trunc=0 sps=3078 elapsed=15.4m
iter 694/1220 steps=2842624 episodes=5789 score50=51.38 eps=0.010 loss=0.00117 q=1.209 trunc=0 sps=3078 elapsed=15.4m
iter 695/1220 steps=2846720 episodes=5792 score50=49.10 eps=0.010 loss=0.03652 q=1.235 trunc=0 sps=3078 elapsed=15.4m
iter 696/1220 steps=2850816 episodes=5796 score50=46.84 eps=0.010 loss=0.00802 q=1.232 trunc=0 sps=3078 elapsed=15.4m
iter 697/1220 steps=2854912 episodes=5799 score50=45.84 eps=0.010 loss=0.00059 q=1.215 trunc=0 sps=3079 elapsed=15.5m
iter 698/1220 steps=2859008 episodes=5801 score50=47.70 eps=0.010 loss=0.00037 q=1.206 trunc=0 sps=3079 elapsed=15.5m
iter 699/1220 steps=2863104 episodes=5802 score50=49.36 eps=0.010 loss=0.00499 q=1.217 trunc=0 sps=3079 elapsed=15.5m
iter 700/1220 steps=2867200 episodes=5802 score50=49.36 eps=0.010 loss=0.00030 q=1.215 trunc=0 sps=3079 elapsed=15.5m
  [eval] iter=700 mean=80.70+-5.68 median=84.0 max=131 P(>=120)=0.05 entropy=1.63/2.20 wnorm=33.744 srank=48/256
iter 701/1220 steps=2871296 episodes=5804 score50=47.92 eps=0.010 loss=0.00060 q=1.214 trunc=0 sps=2994 elapsed=16.0m
iter 702/1220 steps=2875392 episodes=5806 score50=46.18 eps=0.010 loss=0.00023 q=1.197 trunc=0 sps=2994 elapsed=16.0m
iter 703/1220 steps=2879488 episodes=5808 score50=43.74 eps=0.010 loss=0.00058 q=1.187 trunc=0 sps=2994 elapsed=16.0m
iter 704/1220 steps=2883584 episodes=5810 score50=45.12 eps=0.010 loss=0.00033 q=1.184 trunc=0 sps=2994 elapsed=16.1m
iter 705/1220 steps=2887680 episodes=5816 score50=46.96 eps=0.010 loss=0.01510 q=1.181 trunc=0 sps=2994 elapsed=16.1m
iter 706/1220 steps=2891776 episodes=5822 score50=50.90 eps=0.010 loss=0.00169 q=1.181 trunc=0 sps=2994 elapsed=16.1m
iter 707/1220 steps=2895872 episodes=5823 score50=50.74 eps=0.010 loss=0.00771 q=1.183 trunc=0 sps=2994 elapsed=16.1m
iter 708/1220 steps=2899968 episodes=5826 score50=51.70 eps=0.010 loss=0.00161 q=1.171 trunc=0 sps=2994 elapsed=16.1m
iter 709/1220 steps=2904064 episodes=5826 score50=51.70 eps=0.010 loss=0.00023 q=1.165 trunc=0 sps=2994 elapsed=16.2m
iter 710/1220 steps=2908160 episodes=5828 score50=50.64 eps=0.010 loss=0.00133 q=1.153 trunc=0 sps=2993 elapsed=16.2m
iter 711/1220 steps=2912256 episodes=5829 score50=51.68 eps=0.010 loss=0.00055 q=1.158 trunc=0 sps=2992 elapsed=16.2m
iter 712/1220 steps=2916352 episodes=5835 score50=55.06 eps=0.010 loss=0.00111 q=1.152 trunc=0 sps=2992 elapsed=16.2m
iter 713/1220 steps=2920448 episodes=5843 score50=58.42 eps=0.010 loss=0.00954 q=1.129 trunc=0 sps=2991 elapsed=16.3m
iter 714/1220 steps=2924544 episodes=5849 score50=62.38 eps=0.010 loss=0.00149 q=1.148 trunc=0 sps=2991 elapsed=16.3m
iter 715/1220 steps=2928640 episodes=5851 score50=61.30 eps=0.010 loss=0.00075 q=1.175 trunc=0 sps=2991 elapsed=16.3m
iter 716/1220 steps=2932736 episodes=5857 score50=65.64 eps=0.010 loss=0.00336 q=1.159 trunc=0 sps=2991 elapsed=16.3m
iter 717/1220 steps=2936832 episodes=5863 score50=67.56 eps=0.010 loss=0.00214 q=1.160 trunc=0 sps=2990 elapsed=16.4m
iter 718/1220 steps=2940928 episodes=5866 score50=68.84 eps=0.010 loss=0.00073 q=1.212 trunc=0 sps=2990 elapsed=16.4m
iter 719/1220 steps=2945024 episodes=5869 score50=67.52 eps=0.010 loss=0.00173 q=1.181 trunc=0 sps=2990 elapsed=16.4m
iter 720/1220 steps=2949120 episodes=5876 score50=70.00 eps=0.010 loss=0.00199 q=1.190 trunc=0 sps=2990 elapsed=16.4m
iter 721/1220 steps=2953216 episodes=5882 score50=70.24 eps=0.010 loss=0.01525 q=1.190 trunc=0 sps=2990 elapsed=16.5m
iter 722/1220 steps=2957312 episodes=5887 score50=67.48 eps=0.010 loss=0.00078 q=1.181 trunc=0 sps=2990 elapsed=16.5m
iter 723/1220 steps=2961408 episodes=5896 score50=66.16 eps=0.010 loss=0.04074 q=1.152 trunc=0 sps=2990 elapsed=16.5m
iter 724/1220 steps=2965504 episodes=5905 score50=64.56 eps=0.010 loss=0.00459 q=1.150 trunc=0 sps=2990 elapsed=16.5m
iter 725/1220 steps=2969600 episodes=5916 score50=53.96 eps=0.010 loss=0.00246 q=1.151 trunc=0 sps=2990 elapsed=16.6m
iter 726/1220 steps=2973696 episodes=5925 score50=52.30 eps=0.010 loss=0.03176 q=1.174 trunc=0 sps=2990 elapsed=16.6m
iter 727/1220 steps=2977792 episodes=5931 score50=49.06 eps=0.010 loss=0.00453 q=1.159 trunc=0 sps=2990 elapsed=16.6m
iter 728/1220 steps=2981888 episodes=5934 score50=48.58 eps=0.010 loss=0.00100 q=1.185 trunc=0 sps=2990 elapsed=16.6m
iter 729/1220 steps=2985984 episodes=5937 score50=51.52 eps=0.010 loss=0.00048 q=1.179 trunc=0 sps=2990 elapsed=16.6m
iter 730/1220 steps=2990080 episodes=5943 score50=54.02 eps=0.010 loss=0.00505 q=1.159 trunc=0 sps=2990 elapsed=16.7m
iter 731/1220 steps=2994176 episodes=5944 score50=54.26 eps=0.010 loss=0.00041 q=1.169 trunc=0 sps=2990 elapsed=16.7m
iter 732/1220 steps=2998272 episodes=5948 score50=55.58 eps=0.010 loss=0.00159 q=1.163 trunc=0 sps=2990 elapsed=16.7m
iter 733/1220 steps=3002368 episodes=5951 score50=57.20 eps=0.010 loss=0.00818 q=1.163 trunc=0 sps=2990 elapsed=16.7m
iter 734/1220 steps=3006464 episodes=5951 score50=57.20 eps=0.010 loss=0.00030 q=1.166 trunc=0 sps=2991 elapsed=16.8m
iter 735/1220 steps=3010560 episodes=5953 score50=57.42 eps=0.010 loss=0.00191 q=1.158 trunc=0 sps=2990 elapsed=16.8m
iter 736/1220 steps=3014656 episodes=5956 score50=57.94 eps=0.010 loss=0.00070 q=1.139 trunc=0 sps=2990 elapsed=16.8m
iter 737/1220 steps=3018752 episodes=5961 score50=61.90 eps=0.010 loss=0.02431 q=1.140 trunc=0 sps=2990 elapsed=16.8m
iter 738/1220 steps=3022848 episodes=5966 score50=65.48 eps=0.010 loss=0.00340 q=1.135 trunc=0 sps=2990 elapsed=16.8m
iter 739/1220 steps=3026944 episodes=5975 score50=63.00 eps=0.010 loss=0.00590 q=1.100 trunc=0 sps=2990 elapsed=16.9m
iter 740/1220 steps=3031040 episodes=5979 score50=65.42 eps=0.010 loss=0.00406 q=1.147 trunc=0 sps=2990 elapsed=16.9m
iter 741/1220 steps=3035136 episodes=5983 score50=63.04 eps=0.010 loss=0.00095 q=1.139 trunc=0 sps=2990 elapsed=16.9m
iter 742/1220 steps=3039232 episodes=5993 score50=54.98 eps=0.010 loss=0.01123 q=1.080 trunc=0 sps=2990 elapsed=16.9m
iter 743/1220 steps=3043328 episodes=6000 score50=51.16 eps=0.010 loss=0.01990 q=1.103 trunc=0 sps=2990 elapsed=17.0m
iter 744/1220 steps=3047424 episodes=6013 score50=50.00 eps=0.010 loss=0.01695 q=1.097 trunc=0 sps=2990 elapsed=17.0m
iter 745/1220 steps=3051520 episodes=6017 score50=50.26 eps=0.010 loss=0.00406 q=1.121 trunc=0 sps=2991 elapsed=17.0m
iter 746/1220 steps=3055616 episodes=6018 score50=50.38 eps=0.010 loss=0.00112 q=1.122 trunc=0 sps=2991 elapsed=17.0m
iter 747/1220 steps=3059712 episodes=6023 score50=49.56 eps=0.010 loss=0.00102 q=1.140 trunc=0 sps=2991 elapsed=17.0m
iter 748/1220 steps=3063808 episodes=6024 score50=50.50 eps=0.010 loss=0.00046 q=1.134 trunc=0 sps=2992 elapsed=17.1m
iter 749/1220 steps=3067904 episodes=6029 score50=53.82 eps=0.010 loss=0.00102 q=1.145 trunc=0 sps=2992 elapsed=17.1m
iter 750/1220 steps=3072000 episodes=6036 score50=59.20 eps=0.010 loss=0.01488 q=1.130 trunc=0 sps=2992 elapsed=17.1m
iter 751/1220 steps=3076096 episodes=6042 score50=60.48 eps=0.010 loss=0.00075 q=1.132 trunc=0 sps=2992 elapsed=17.1m
iter 752/1220 steps=3080192 episodes=6051 score50=63.22 eps=0.010 loss=0.00572 q=1.126 trunc=0 sps=2992 elapsed=17.2m
iter 753/1220 steps=3084288 episodes=6054 score50=64.12 eps=0.010 loss=0.00154 q=1.141 trunc=0 sps=2992 elapsed=17.2m
iter 754/1220 steps=3088384 episodes=6059 score50=64.42 eps=0.010 loss=0.00067 q=1.153 trunc=0 sps=2993 elapsed=17.2m
iter 755/1220 steps=3092480 episodes=6062 score50=60.98 eps=0.010 loss=0.00266 q=1.116 trunc=0 sps=2993 elapsed=17.2m
iter 756/1220 steps=3096576 episodes=6065 score50=59.14 eps=0.010 loss=0.00061 q=1.135 trunc=0 sps=2993 elapsed=17.2m
iter 757/1220 steps=3100672 episodes=6071 score50=58.96 eps=0.010 loss=0.01347 q=1.147 trunc=0 sps=2993 elapsed=17.3m
iter 758/1220 steps=3104768 episodes=6071 score50=58.96 eps=0.010 loss=0.00040 q=1.152 trunc=0 sps=2993 elapsed=17.3m
iter 759/1220 steps=3108864 episodes=6078 score50=56.08 eps=0.010 loss=0.00751 q=1.139 trunc=0 sps=2994 elapsed=17.3m
iter 760/1220 steps=3112960 episodes=6081 score50=55.64 eps=0.010 loss=0.00168 q=1.143 trunc=0 sps=2994 elapsed=17.3m
iter 761/1220 steps=3117056 episodes=6085 score50=54.66 eps=0.010 loss=0.00221 q=1.137 trunc=0 sps=2994 elapsed=17.4m
iter 762/1220 steps=3121152 episodes=6089 score50=53.46 eps=0.010 loss=0.00210 q=1.162 trunc=0 sps=2994 elapsed=17.4m
iter 763/1220 steps=3125248 episodes=6090 score50=54.42 eps=0.010 loss=0.00049 q=1.168 trunc=0 sps=2994 elapsed=17.4m
iter 764/1220 steps=3129344 episodes=6094 score50=53.52 eps=0.010 loss=0.01252 q=1.151 trunc=0 sps=2994 elapsed=17.4m
iter 765/1220 steps=3133440 episodes=6097 score50=55.60 eps=0.010 loss=0.00276 q=1.149 trunc=0 sps=2994 elapsed=17.4m
iter 766/1220 steps=3137536 episodes=6101 score50=54.10 eps=0.010 loss=0.01214 q=1.137 trunc=0 sps=2994 elapsed=17.5m
iter 767/1220 steps=3141632 episodes=6103 score50=53.60 eps=0.010 loss=0.00082 q=1.156 trunc=0 sps=2994 elapsed=17.5m
iter 768/1220 steps=3145728 episodes=6107 score50=54.30 eps=0.010 loss=0.00077 q=1.168 trunc=0 sps=2994 elapsed=17.5m
iter 769/1220 steps=3149824 episodes=6109 score50=54.20 eps=0.010 loss=0.00059 q=1.155 trunc=0 sps=2994 elapsed=17.5m
iter 770/1220 steps=3153920 episodes=6110 score50=55.62 eps=0.010 loss=0.00092 q=1.152 trunc=0 sps=2994 elapsed=17.6m
iter 771/1220 steps=3158016 episodes=6112 score50=57.12 eps=0.010 loss=0.00043 q=1.154 trunc=0 sps=2994 elapsed=17.6m
iter 772/1220 steps=3162112 episodes=6116 score50=56.92 eps=0.010 loss=0.00386 q=1.154 trunc=0 sps=2994 elapsed=17.6m
iter 773/1220 steps=3166208 episodes=6120 score50=57.50 eps=0.010 loss=0.00169 q=1.117 trunc=0 sps=2994 elapsed=17.6m
iter 774/1220 steps=3170304 episodes=6125 score50=58.52 eps=0.010 loss=0.00066 q=1.124 trunc=0 sps=2994 elapsed=17.6m
iter 775/1220 steps=3174400 episodes=6136 score50=58.40 eps=0.010 loss=0.01889 q=1.131 trunc=0 sps=2993 elapsed=17.7m
iter 776/1220 steps=3178496 episodes=6151 score50=62.18 eps=0.010 loss=0.02693 q=1.115 trunc=0 sps=2993 elapsed=17.7m
iter 777/1220 steps=3182592 episodes=6156 score50=64.12 eps=0.010 loss=0.00415 q=1.132 trunc=0 sps=2993 elapsed=17.7m
iter 778/1220 steps=3186688 episodes=6157 score50=64.40 eps=0.010 loss=0.00129 q=1.131 trunc=0 sps=2993 elapsed=17.7m
iter 779/1220 steps=3190784 episodes=6161 score50=65.24 eps=0.010 loss=0.00112 q=1.146 trunc=0 sps=2993 elapsed=17.8m
iter 780/1220 steps=3194880 episodes=6165 score50=67.82 eps=0.010 loss=0.00056 q=1.177 trunc=0 sps=2993 elapsed=17.8m
iter 781/1220 steps=3198976 episodes=6168 score50=69.40 eps=0.010 loss=0.00110 q=1.179 trunc=0 sps=2993 elapsed=17.8m
iter 782/1220 steps=3203072 episodes=6171 score50=68.58 eps=0.010 loss=0.00293 q=1.166 trunc=0 sps=2992 elapsed=17.8m
iter 783/1220 steps=3207168 episodes=6174 score50=71.00 eps=0.010 loss=0.02397 q=1.165 trunc=0 sps=2992 elapsed=17.9m
iter 784/1220 steps=3211264 episodes=6175 score50=70.34 eps=0.010 loss=0.00058 q=1.173 trunc=0 sps=2993 elapsed=17.9m
iter 785/1220 steps=3215360 episodes=6177 score50=71.22 eps=0.010 loss=0.00933 q=1.160 trunc=0 sps=2992 elapsed=17.9m
iter 786/1220 steps=3219456 episodes=6179 score50=70.82 eps=0.010 loss=0.02247 q=1.150 trunc=0 sps=2992 elapsed=17.9m
iter 787/1220 steps=3223552 episodes=6181 score50=69.32 eps=0.010 loss=0.01477 q=1.153 trunc=0 sps=2992 elapsed=18.0m
iter 788/1220 steps=3227648 episodes=6182 score50=68.78 eps=0.010 loss=0.00030 q=1.140 trunc=0 sps=2992 elapsed=18.0m
iter 789/1220 steps=3231744 episodes=6186 score50=71.64 eps=0.010 loss=0.00087 q=1.144 trunc=0 sps=2992 elapsed=18.0m
iter 790/1220 steps=3235840 episodes=6191 score50=74.36 eps=0.010 loss=0.00039 q=1.146 trunc=0 sps=2991 elapsed=18.0m
iter 791/1220 steps=3239936 episodes=6195 score50=72.40 eps=0.010 loss=0.00126 q=1.133 trunc=0 sps=2991 elapsed=18.1m
iter 792/1220 steps=3244032 episodes=6199 score50=71.60 eps=0.010 loss=0.00095 q=1.153 trunc=0 sps=2991 elapsed=18.1m
iter 793/1220 steps=3248128 episodes=6206 score50=69.78 eps=0.010 loss=0.00287 q=1.137 trunc=0 sps=2991 elapsed=18.1m
iter 794/1220 steps=3252224 episodes=6210 score50=70.54 eps=0.010 loss=0.00113 q=1.147 trunc=0 sps=2990 elapsed=18.1m
iter 795/1220 steps=3256320 episodes=6216 score50=71.30 eps=0.010 loss=0.00226 q=1.127 trunc=0 sps=2990 elapsed=18.1m
iter 796/1220 steps=3260416 episodes=6221 score50=70.94 eps=0.010 loss=0.01271 q=1.120 trunc=0 sps=2990 elapsed=18.2m
iter 797/1220 steps=3264512 episodes=6224 score50=69.68 eps=0.010 loss=0.01561 q=1.143 trunc=0 sps=2990 elapsed=18.2m
iter 798/1220 steps=3268608 episodes=6227 score50=70.72 eps=0.010 loss=0.00190 q=1.145 trunc=0 sps=2989 elapsed=18.2m
iter 799/1220 steps=3272704 episodes=6229 score50=71.64 eps=0.010 loss=0.00058 q=1.137 trunc=0 sps=2989 elapsed=18.2m
iter 800/1220 steps=3276800 episodes=6234 score50=71.78 eps=0.010 loss=0.00188 q=1.126 trunc=0 sps=2989 elapsed=18.3m
  [eval] iter=800 mean=86.00+-7.93 median=70.0 max=157 P(>=120)=0.25 entropy=1.57/2.20 wnorm=34.069 srank=68/256
iter 801/1220 steps=3280896 episodes=6237 score50=71.04 eps=0.010 loss=0.00069 q=1.151 trunc=0 sps=2914 elapsed=18.8m
iter 802/1220 steps=3284992 episodes=6244 score50=69.86 eps=0.010 loss=0.00221 q=1.138 trunc=0 sps=2914 elapsed=18.8m
iter 803/1220 steps=3289088 episodes=6248 score50=68.82 eps=0.010 loss=0.01483 q=1.131 trunc=0 sps=2914 elapsed=18.8m
iter 804/1220 steps=3293184 episodes=6254 score50=69.60 eps=0.010 loss=0.00156 q=1.120 trunc=0 sps=2914 elapsed=18.8m
iter 805/1220 steps=3297280 episodes=6256 score50=70.44 eps=0.010 loss=0.00040 q=1.122 trunc=0 sps=2914 elapsed=18.9m
iter 806/1220 steps=3301376 episodes=6256 score50=70.44 eps=0.010 loss=0.00043 q=1.121 trunc=0 sps=2914 elapsed=18.9m
iter 807/1220 steps=3305472 episodes=6259 score50=68.58 eps=0.010 loss=0.00460 q=1.130 trunc=0 sps=2914 elapsed=18.9m
iter 808/1220 steps=3309568 episodes=6262 score50=68.40 eps=0.010 loss=0.00171 q=1.122 trunc=0 sps=2914 elapsed=18.9m
iter 809/1220 steps=3313664 episodes=6267 score50=67.22 eps=0.010 loss=0.00737 q=1.106 trunc=0 sps=2914 elapsed=19.0m
iter 810/1220 steps=3317760 episodes=6268 score50=66.92 eps=0.010 loss=0.00072 q=1.108 trunc=0 sps=2914 elapsed=19.0m
iter 811/1220 steps=3321856 episodes=6273 score50=65.98 eps=0.010 loss=0.00094 q=1.125 trunc=0 sps=2914 elapsed=19.0m
iter 812/1220 steps=3325952 episodes=6278 score50=65.14 eps=0.010 loss=0.00313 q=1.113 trunc=0 sps=2914 elapsed=19.0m
iter 813/1220 steps=3330048 episodes=6279 score50=63.92 eps=0.010 loss=0.01092 q=1.124 trunc=0 sps=2914 elapsed=19.0m
iter 814/1220 steps=3334144 episodes=6284 score50=64.86 eps=0.010 loss=0.02718 q=1.082 trunc=0 sps=2914 elapsed=19.1m
iter 815/1220 steps=3338240 episodes=6288 score50=64.80 eps=0.010 loss=0.00799 q=1.104 trunc=0 sps=2914 elapsed=19.1m
iter 816/1220 steps=3342336 episodes=6295 score50=64.28 eps=0.010 loss=0.00337 q=1.092 trunc=0 sps=2913 elapsed=19.1m
iter 817/1220 steps=3346432 episodes=6301 score50=66.62 eps=0.010 loss=0.00122 q=1.117 trunc=0 sps=2913 elapsed=19.1m
iter 818/1220 steps=3350528 episodes=6302 score50=66.70 eps=0.010 loss=0.00038 q=1.128 trunc=0 sps=2913 elapsed=19.2m
iter 819/1220 steps=3354624 episodes=6304 score50=66.96 eps=0.010 loss=0.00746 q=1.122 trunc=0 sps=2913 elapsed=19.2m
iter 820/1220 steps=3358720 episodes=6308 score50=69.34 eps=0.010 loss=0.00140 q=1.117 trunc=0 sps=2913 elapsed=19.2m
iter 821/1220 steps=3362816 episodes=6311 score50=68.06 eps=0.010 loss=0.00421 q=1.112 trunc=0 sps=2913 elapsed=19.2m
iter 822/1220 steps=3366912 episodes=6314 score50=68.54 eps=0.010 loss=0.00202 q=1.112 trunc=0 sps=2913 elapsed=19.3m
iter 823/1220 steps=3371008 episodes=6321 score50=71.14 eps=0.010 loss=0.02743 q=1.103 trunc=0 sps=2913 elapsed=19.3m
iter 824/1220 steps=3375104 episodes=6331 score50=74.56 eps=0.010 loss=0.01759 q=1.067 trunc=0 sps=2913 elapsed=19.3m
iter 825/1220 steps=3379200 episodes=6334 score50=76.38 eps=0.010 loss=0.00166 q=1.080 trunc=0 sps=2913 elapsed=19.3m
iter 826/1220 steps=3383296 episodes=6338 score50=77.82 eps=0.010 loss=0.00121 q=1.090 trunc=0 sps=2913 elapsed=19.4m
iter 827/1220 steps=3387392 episodes=6345 score50=79.04 eps=0.010 loss=0.00308 q=1.083 trunc=0 sps=2913 elapsed=19.4m
iter 828/1220 steps=3391488 episodes=6347 score50=78.56 eps=0.010 loss=0.01396 q=1.091 trunc=0 sps=2913 elapsed=19.4m
iter 829/1220 steps=3395584 episodes=6350 score50=76.94 eps=0.010 loss=0.00228 q=1.085 trunc=0 sps=2914 elapsed=19.4m
iter 830/1220 steps=3399680 episodes=6353 score50=74.90 eps=0.010 loss=0.00057 q=1.082 trunc=0 sps=2914 elapsed=19.4m
iter 831/1220 steps=3403776 episodes=6359 score50=71.06 eps=0.010 loss=0.01650 q=1.070 trunc=0 sps=2913 elapsed=19.5m
iter 832/1220 steps=3407872 episodes=6361 score50=69.74 eps=0.010 loss=0.00057 q=1.077 trunc=0 sps=2913 elapsed=19.5m
iter 833/1220 steps=3411968 episodes=6364 score50=69.80 eps=0.010 loss=0.00046 q=1.076 trunc=0 sps=2913 elapsed=19.5m
iter 834/1220 steps=3416064 episodes=6366 score50=68.44 eps=0.010 loss=0.01503 q=1.075 trunc=0 sps=2913 elapsed=19.5m
iter 835/1220 steps=3420160 episodes=6368 score50=68.84 eps=0.010 loss=0.00187 q=1.063 trunc=0 sps=2913 elapsed=19.6m
iter 836/1220 steps=3424256 episodes=6374 score50=68.24 eps=0.010 loss=0.01691 q=1.072 trunc=0 sps=2914 elapsed=19.6m
iter 837/1220 steps=3428352 episodes=6377 score50=67.34 eps=0.010 loss=0.01520 q=1.057 trunc=0 sps=2914 elapsed=19.6m
iter 838/1220 steps=3432448 episodes=6380 score50=70.54 eps=0.010 loss=0.00531 q=1.065 trunc=0 sps=2913 elapsed=19.6m
iter 839/1220 steps=3436544 episodes=6384 score50=66.54 eps=0.010 loss=0.00540 q=1.080 trunc=0 sps=2914 elapsed=19.7m
iter 840/1220 steps=3440640 episodes=6389 score50=67.18 eps=0.010 loss=0.00051 q=1.086 trunc=0 sps=2914 elapsed=19.7m
iter 841/1220 steps=3444736 episodes=6392 score50=66.50 eps=0.010 loss=0.00474 q=1.068 trunc=0 sps=2914 elapsed=19.7m
iter 842/1220 steps=3448832 episodes=6393 score50=65.78 eps=0.010 loss=0.02200 q=1.085 trunc=0 sps=2914 elapsed=19.7m
iter 843/1220 steps=3452928 episodes=6393 score50=65.78 eps=0.010 loss=0.00024 q=1.093 trunc=0 sps=2913 elapsed=19.8m
iter 844/1220 steps=3457024 episodes=6401 score50=66.12 eps=0.010 loss=0.00073 q=1.080 trunc=0 sps=2913 elapsed=19.8m
iter 845/1220 steps=3461120 episodes=6406 score50=71.22 eps=0.010 loss=0.00083 q=1.097 trunc=0 sps=2914 elapsed=19.8m
iter 846/1220 steps=3465216 episodes=6408 score50=72.42 eps=0.010 loss=0.00507 q=1.088 trunc=0 sps=2914 elapsed=19.8m
iter 847/1220 steps=3469312 episodes=6413 score50=73.44 eps=0.010 loss=0.00107 q=1.100 trunc=0 sps=2914 elapsed=19.8m
iter 848/1220 steps=3473408 episodes=6414 score50=74.40 eps=0.010 loss=0.00159 q=1.103 trunc=0 sps=2914 elapsed=19.9m
iter 849/1220 steps=3477504 episodes=6416 score50=74.20 eps=0.010 loss=0.00278 q=1.100 trunc=0 sps=2913 elapsed=19.9m
iter 850/1220 steps=3481600 episodes=6417 score50=73.12 eps=0.010 loss=0.00039 q=1.084 trunc=0 sps=2913 elapsed=19.9m
iter 851/1220 steps=3485696 episodes=6420 score50=72.92 eps=0.010 loss=0.00184 q=1.064 trunc=0 sps=2913 elapsed=19.9m
iter 852/1220 steps=3489792 episodes=6422 score50=72.84 eps=0.010 loss=0.00030 q=1.076 trunc=0 sps=2913 elapsed=20.0m
iter 853/1220 steps=3493888 episodes=6428 score50=71.56 eps=0.010 loss=0.00065 q=1.057 trunc=0 sps=2912 elapsed=20.0m
iter 854/1220 steps=3497984 episodes=6434 score50=69.22 eps=0.010 loss=0.00065 q=1.066 trunc=0 sps=2912 elapsed=20.0m
iter 855/1220 steps=3502080 episodes=6438 score50=70.06 eps=0.010 loss=0.00251 q=1.064 trunc=0 sps=2912 elapsed=20.0m
iter 856/1220 steps=3506176 episodes=6439 score50=71.22 eps=0.010 loss=0.00070 q=1.041 trunc=0 sps=2911 elapsed=20.1m
iter 857/1220 steps=3510272 episodes=6443 score50=70.92 eps=0.010 loss=0.00234 q=1.055 trunc=0 sps=2911 elapsed=20.1m
iter 858/1220 steps=3514368 episodes=6448 score50=68.96 eps=0.010 loss=0.00066 q=1.062 trunc=0 sps=2911 elapsed=20.1m
iter 859/1220 steps=3518464 episodes=6452 score50=71.24 eps=0.010 loss=0.01985 q=1.030 trunc=0 sps=2910 elapsed=20.2m
iter 860/1220 steps=3522560 episodes=6455 score50=70.74 eps=0.010 loss=0.00038 q=1.073 trunc=0 sps=2909 elapsed=20.2m
iter 861/1220 steps=3526656 episodes=6460 score50=68.62 eps=0.010 loss=0.00162 q=1.031 trunc=0 sps=2909 elapsed=20.2m
iter 862/1220 steps=3530752 episodes=6464 score50=69.12 eps=0.010 loss=0.00074 q=1.039 trunc=0 sps=2909 elapsed=20.2m
iter 863/1220 steps=3534848 episodes=6473 score50=68.12 eps=0.010 loss=0.02169 q=1.020 trunc=0 sps=2909 elapsed=20.3m
iter 864/1220 steps=3538944 episodes=6477 score50=68.04 eps=0.010 loss=0.00628 q=1.040 trunc=0 sps=2909 elapsed=20.3m
iter 865/1220 steps=3543040 episodes=6483 score50=70.40 eps=0.010 loss=0.00067 q=1.048 trunc=0 sps=2909 elapsed=20.3m
iter 866/1220 steps=3547136 episodes=6486 score50=71.00 eps=0.010 loss=0.00046 q=1.038 trunc=0 sps=2909 elapsed=20.3m
iter 867/1220 steps=3551232 episodes=6491 score50=68.40 eps=0.010 loss=0.00150 q=1.047 trunc=0 sps=2909 elapsed=20.3m
iter 868/1220 steps=3555328 episodes=6495 score50=64.18 eps=0.010 loss=0.00420 q=1.028 trunc=0 sps=2909 elapsed=20.4m
iter 869/1220 steps=3559424 episodes=6501 score50=62.62 eps=0.010 loss=0.01616 q=1.043 trunc=0 sps=2909 elapsed=20.4m
iter 870/1220 steps=3563520 episodes=6510 score50=67.54 eps=0.010 loss=0.00965 q=1.031 trunc=0 sps=2909 elapsed=20.4m
iter 871/1220 steps=3567616 episodes=6511 score50=68.68 eps=0.010 loss=0.00505 q=1.017 trunc=0 sps=2909 elapsed=20.4m
iter 872/1220 steps=3571712 episodes=6515 score50=69.72 eps=0.010 loss=0.00280 q=1.044 trunc=0 sps=2909 elapsed=20.5m
iter 873/1220 steps=3575808 episodes=6519 score50=69.48 eps=0.010 loss=0.00186 q=1.055 trunc=0 sps=2909 elapsed=20.5m
iter 874/1220 steps=3579904 episodes=6522 score50=70.90 eps=0.010 loss=0.00138 q=1.040 trunc=0 sps=2909 elapsed=20.5m
iter 875/1220 steps=3584000 episodes=6526 score50=71.40 eps=0.010 loss=0.00026 q=1.059 trunc=0 sps=2909 elapsed=20.5m
iter 876/1220 steps=3588096 episodes=6527 score50=73.10 eps=0.010 loss=0.00160 q=1.040 trunc=0 sps=2909 elapsed=20.6m
iter 877/1220 steps=3592192 episodes=6532 score50=72.58 eps=0.010 loss=0.01764 q=1.050 trunc=0 sps=2909 elapsed=20.6m
iter 878/1220 steps=3596288 episodes=6536 score50=73.54 eps=0.010 loss=0.00296 q=1.038 trunc=0 sps=2909 elapsed=20.6m
iter 879/1220 steps=3600384 episodes=6539 score50=73.06 eps=0.010 loss=0.00094 q=1.049 trunc=0 sps=2909 elapsed=20.6m
iter 880/1220 steps=3604480 episodes=6542 score50=72.58 eps=0.010 loss=0.00967 q=1.040 trunc=0 sps=2909 elapsed=20.6m
iter 881/1220 steps=3608576 episodes=6548 score50=75.82 eps=0.010 loss=0.00405 q=1.061 trunc=0 sps=2909 elapsed=20.7m
iter 882/1220 steps=3612672 episodes=6552 score50=75.76 eps=0.010 loss=0.00107 q=1.069 trunc=0 sps=2910 elapsed=20.7m
iter 883/1220 steps=3616768 episodes=6553 score50=76.20 eps=0.010 loss=0.00034 q=1.091 trunc=0 sps=2910 elapsed=20.7m
iter 884/1220 steps=3620864 episodes=6558 score50=71.54 eps=0.010 loss=0.00097 q=1.046 trunc=0 sps=2909 elapsed=20.7m
iter 885/1220 steps=3624960 episodes=6560 score50=71.80 eps=0.010 loss=0.00066 q=1.057 trunc=0 sps=2909 elapsed=20.8m
iter 886/1220 steps=3629056 episodes=6561 score50=70.96 eps=0.010 loss=0.00095 q=1.060 trunc=0 sps=2909 elapsed=20.8m
iter 887/1220 steps=3633152 episodes=6565 score50=68.76 eps=0.010 loss=0.00125 q=1.045 trunc=0 sps=2909 elapsed=20.8m
iter 888/1220 steps=3637248 episodes=6566 score50=67.78 eps=0.010 loss=0.00043 q=1.041 trunc=0 sps=2909 elapsed=20.8m
iter 889/1220 steps=3641344 episodes=6571 score50=68.12 eps=0.010 loss=0.00062 q=1.047 trunc=0 sps=2909 elapsed=20.9m
iter 890/1220 steps=3645440 episodes=6573 score50=68.04 eps=0.010 loss=0.00061 q=1.033 trunc=0 sps=2909 elapsed=20.9m
iter 891/1220 steps=3649536 episodes=6577 score50=68.14 eps=0.010 loss=0.00405 q=1.025 trunc=0 sps=2909 elapsed=20.9m
iter 892/1220 steps=3653632 episodes=6580 score50=68.80 eps=0.010 loss=0.00195 q=1.027 trunc=0 sps=2909 elapsed=20.9m
iter 893/1220 steps=3657728 episodes=6586 score50=64.80 eps=0.010 loss=0.03317 q=1.041 trunc=0 sps=2909 elapsed=21.0m
iter 894/1220 steps=3661824 episodes=6591 score50=65.12 eps=0.010 loss=0.01151 q=1.047 trunc=0 sps=2909 elapsed=21.0m
iter 895/1220 steps=3665920 episodes=6594 score50=66.30 eps=0.010 loss=0.00058 q=1.043 trunc=0 sps=2908 elapsed=21.0m
iter 896/1220 steps=3670016 episodes=6596 score50=66.22 eps=0.010 loss=0.02977 q=1.040 trunc=0 sps=2908 elapsed=21.0m
iter 897/1220 steps=3674112 episodes=6599 score50=67.82 eps=0.010 loss=0.00060 q=1.034 trunc=0 sps=2908 elapsed=21.1m
iter 898/1220 steps=3678208 episodes=6602 score50=69.34 eps=0.010 loss=0.02772 q=1.049 trunc=0 sps=2908 elapsed=21.1m
iter 899/1220 steps=3682304 episodes=6606 score50=71.14 eps=0.010 loss=0.00212 q=1.023 trunc=0 sps=2907 elapsed=21.1m
iter 900/1220 steps=3686400 episodes=6606 score50=71.14 eps=0.010 loss=0.00024 q=1.032 trunc=0 sps=2907 elapsed=21.1m
  [eval] iter=900 mean=73.80+-9.54 median=70.5 max=167 P(>=120)=0.15 entropy=1.94/2.20 wnorm=34.327 srank=63/256
iter 901/1220 steps=3690496 episodes=6609 score50=68.92 eps=0.010 loss=0.00095 q=1.030 trunc=0 sps=2853 elapsed=21.6m
iter 902/1220 steps=3694592 episodes=6616 score50=68.54 eps=0.010 loss=0.00162 q=1.021 trunc=0 sps=2852 elapsed=21.6m
iter 903/1220 steps=3698688 episodes=6621 score50=67.20 eps=0.010 loss=0.00879 q=1.002 trunc=0 sps=2852 elapsed=21.6m
iter 904/1220 steps=3702784 episodes=6625 score50=67.28 eps=0.010 loss=0.00380 q=1.043 trunc=0 sps=2852 elapsed=21.6m
iter 905/1220 steps=3706880 episodes=6627 score50=66.66 eps=0.010 loss=0.00668 q=1.062 trunc=0 sps=2852 elapsed=21.7m
iter 906/1220 steps=3710976 episodes=6630 score50=67.94 eps=0.010 loss=0.00020 q=1.064 trunc=0 sps=2852 elapsed=21.7m
iter 907/1220 steps=3715072 episodes=6632 score50=71.64 eps=0.010 loss=0.01711 q=1.049 trunc=0 sps=2852 elapsed=21.7m
iter 908/1220 steps=3719168 episodes=6636 score50=71.44 eps=0.010 loss=0.00194 q=1.049 trunc=0 sps=2852 elapsed=21.7m
iter 909/1220 steps=3723264 episodes=6639 score50=73.42 eps=0.010 loss=0.01358 q=1.032 trunc=0 sps=2851 elapsed=21.8m
iter 910/1220 steps=3727360 episodes=6645 score50=74.56 eps=0.010 loss=0.00439 q=1.039 trunc=0 sps=2851 elapsed=21.8m
iter 911/1220 steps=3731456 episodes=6651 score50=78.84 eps=0.010 loss=0.00842 q=1.029 trunc=0 sps=2851 elapsed=21.8m
iter 912/1220 steps=3735552 episodes=6654 score50=80.56 eps=0.010 loss=0.00049 q=1.048 trunc=0 sps=2851 elapsed=21.8m
iter 913/1220 steps=3739648 episodes=6656 score50=81.88 eps=0.010 loss=0.00052 q=1.055 trunc=0 sps=2851 elapsed=21.9m
iter 914/1220 steps=3743744 episodes=6660 score50=81.76 eps=0.010 loss=0.01780 q=1.023 trunc=0 sps=2851 elapsed=21.9m
iter 915/1220 steps=3747840 episodes=6665 score50=83.62 eps=0.010 loss=0.01307 q=1.029 trunc=0 sps=2851 elapsed=21.9m
iter 916/1220 steps=3751936 episodes=6665 score50=83.62 eps=0.010 loss=0.00074 q=1.036 trunc=0 sps=2851 elapsed=21.9m
iter 917/1220 steps=3756032 episodes=6670 score50=84.96 eps=0.010 loss=0.01815 q=1.025 trunc=0 sps=2851 elapsed=22.0m
iter 918/1220 steps=3760128 episodes=6673 score50=87.50 eps=0.010 loss=0.00207 q=1.032 trunc=0 sps=2851 elapsed=22.0m
iter 919/1220 steps=3764224 episodes=6674 score50=87.66 eps=0.010 loss=0.00025 q=1.040 trunc=0 sps=2850 elapsed=22.0m
iter 920/1220 steps=3768320 episodes=6676 score50=88.68 eps=0.010 loss=0.00028 q=1.030 trunc=0 sps=2850 elapsed=22.0m
iter 921/1220 steps=3772416 episodes=6680 score50=87.36 eps=0.010 loss=0.00080 q=1.024 trunc=0 sps=2850 elapsed=22.1m
iter 922/1220 steps=3776512 episodes=6681 score50=87.68 eps=0.010 loss=0.00020 q=1.030 trunc=0 sps=2850 elapsed=22.1m
iter 923/1220 steps=3780608 episodes=6683 score50=84.76 eps=0.010 loss=0.00040 q=1.030 trunc=0 sps=2849 elapsed=22.1m
iter 924/1220 steps=3784704 episodes=6686 score50=84.10 eps=0.010 loss=0.00049 q=1.022 trunc=0 sps=2848 elapsed=22.1m
iter 925/1220 steps=3788800 episodes=6687 score50=82.72 eps=0.010 loss=0.00145 q=1.032 trunc=0 sps=2848 elapsed=22.2m
iter 926/1220 steps=3792896 episodes=6687 score50=82.72 eps=0.010 loss=0.00082 q=1.032 trunc=0 sps=2848 elapsed=22.2m
iter 927/1220 steps=3796992 episodes=6693 score50=83.72 eps=0.010 loss=0.00065 q=1.033 trunc=0 sps=2848 elapsed=22.2m
iter 928/1220 steps=3801088 episodes=6698 score50=78.84 eps=0.010 loss=0.01549 q=1.026 trunc=0 sps=2848 elapsed=22.2m
iter 929/1220 steps=3805184 episodes=6702 score50=75.86 eps=0.010 loss=0.00612 q=1.033 trunc=0 sps=2847 elapsed=22.3m
iter 930/1220 steps=3809280 episodes=6706 score50=75.20 eps=0.010 loss=0.00501 q=1.022 trunc=0 sps=2847 elapsed=22.3m
iter 931/1220 steps=3813376 episodes=6708 score50=76.56 eps=0.010 loss=0.00037 q=1.017 trunc=0 sps=2847 elapsed=22.3m
iter 932/1220 steps=3817472 episodes=6714 score50=75.94 eps=0.010 loss=0.00118 q=1.028 trunc=0 sps=2847 elapsed=22.3m
iter 933/1220 steps=3821568 episodes=6718 score50=75.16 eps=0.010 loss=0.00292 q=1.025 trunc=0 sps=2847 elapsed=22.4m
iter 934/1220 steps=3825664 episodes=6726 score50=73.44 eps=0.010 loss=0.02285 q=1.030 trunc=0 sps=2847 elapsed=22.4m
iter 935/1220 steps=3829760 episodes=6727 score50=73.08 eps=0.010 loss=0.00656 q=1.034 trunc=0 sps=2847 elapsed=22.4m
iter 936/1220 steps=3833856 episodes=6729 score50=73.60 eps=0.010 loss=0.00053 q=1.027 trunc=0 sps=2847 elapsed=22.4m
iter 937/1220 steps=3837952 episodes=6732 score50=76.50 eps=0.010 loss=0.00038 q=1.046 trunc=0 sps=2847 elapsed=22.5m
iter 938/1220 steps=3842048 episodes=6739 score50=78.34 eps=0.010 loss=0.00724 q=1.044 trunc=0 sps=2847 elapsed=22.5m
iter 939/1220 steps=3846144 episodes=6739 score50=78.34 eps=0.010 loss=0.00034 q=1.049 trunc=0 sps=2847 elapsed=22.5m
iter 940/1220 steps=3850240 episodes=6741 score50=79.16 eps=0.010 loss=0.00176 q=1.041 trunc=0 sps=2847 elapsed=22.5m
iter 941/1220 steps=3854336 episodes=6745 score50=82.62 eps=0.010 loss=0.00036 q=1.040 trunc=1 sps=2847 elapsed=22.6m
iter 942/1220 steps=3858432 episodes=6751 score50=87.72 eps=0.010 loss=0.00204 q=1.040 trunc=0 sps=2846 elapsed=22.6m
iter 943/1220 steps=3862528 episodes=6754 score50=89.34 eps=0.010 loss=0.00194 q=1.052 trunc=0 sps=2847 elapsed=22.6m
iter 944/1220 steps=3866624 episodes=6754 score50=89.34 eps=0.010 loss=0.00190 q=1.050 trunc=0 sps=2847 elapsed=22.6m
iter 945/1220 steps=3870720 episodes=6760 score50=85.26 eps=0.010 loss=0.00338 q=1.044 trunc=0 sps=2847 elapsed=22.7m
iter 946/1220 steps=3874816 episodes=6763 score50=88.92 eps=0.010 loss=0.00250 q=1.065 trunc=0 sps=2846 elapsed=22.7m
iter 947/1220 steps=3878912 episodes=6768 score50=90.94 eps=0.010 loss=0.00366 q=1.096 trunc=0 sps=2846 elapsed=22.7m
iter 948/1220 steps=3883008 episodes=6773 score50=89.66 eps=0.010 loss=0.00135 q=1.063 trunc=0 sps=2846 elapsed=22.7m
iter 949/1220 steps=3887104 episodes=6775 score50=88.12 eps=0.010 loss=0.00051 q=1.072 trunc=0 sps=2846 elapsed=22.8m
iter 950/1220 steps=3891200 episodes=6777 score50=88.18 eps=0.010 loss=0.00855 q=1.053 trunc=0 sps=2846 elapsed=22.8m
iter 951/1220 steps=3895296 episodes=6780 score50=90.70 eps=0.010 loss=0.00068 q=1.059 trunc=0 sps=2846 elapsed=22.8m
iter 952/1220 steps=3899392 episodes=6783 score50=88.62 eps=0.010 loss=0.00065 q=1.075 trunc=0 sps=2846 elapsed=22.8m
iter 953/1220 steps=3903488 episodes=6786 score50=91.54 eps=0.010 loss=0.00025 q=1.085 trunc=0 sps=2846 elapsed=22.9m
iter 954/1220 steps=3907584 episodes=6788 score50=91.44 eps=0.010 loss=0.00145 q=1.068 trunc=0 sps=2846 elapsed=22.9m
iter 955/1220 steps=3911680 episodes=6790 score50=88.48 eps=0.010 loss=0.00104 q=1.078 trunc=0 sps=2846 elapsed=22.9m
iter 956/1220 steps=3915776 episodes=6794 score50=84.30 eps=0.010 loss=0.00873 q=1.067 trunc=0 sps=2846 elapsed=22.9m
iter 957/1220 steps=3919872 episodes=6796 score50=82.36 eps=0.010 loss=0.00457 q=1.061 trunc=0 sps=2846 elapsed=23.0m
iter 958/1220 steps=3923968 episodes=6801 score50=78.30 eps=0.010 loss=0.00046 q=1.074 trunc=0 sps=2845 elapsed=23.0m
iter 959/1220 steps=3928064 episodes=6803 score50=78.26 eps=0.010 loss=0.00017 q=1.075 trunc=0 sps=2845 elapsed=23.0m
iter 960/1220 steps=3932160 episodes=6807 score50=79.70 eps=0.010 loss=0.00182 q=1.059 trunc=0 sps=2845 elapsed=23.0m
iter 961/1220 steps=3936256 episodes=6808 score50=80.28 eps=0.010 loss=0.00058 q=1.055 trunc=0 sps=2845 elapsed=23.1m
iter 962/1220 steps=3940352 episodes=6816 score50=79.12 eps=0.010 loss=0.03290 q=1.043 trunc=0 sps=2845 elapsed=23.1m
iter 963/1220 steps=3944448 episodes=6821 score50=81.68 eps=0.010 loss=0.00208 q=1.034 trunc=0 sps=2845 elapsed=23.1m
iter 964/1220 steps=3948544 episodes=6822 score50=81.30 eps=0.010 loss=0.00081 q=1.056 trunc=0 sps=2845 elapsed=23.1m
iter 965/1220 steps=3952640 episodes=6826 score50=83.48 eps=0.010 loss=0.00039 q=1.046 trunc=0 sps=2845 elapsed=23.2m
iter 966/1220 steps=3956736 episodes=6827 score50=82.30 eps=0.010 loss=0.00028 q=1.028 trunc=0 sps=2845 elapsed=23.2m
iter 967/1220 steps=3960832 episodes=6832 score50=80.12 eps=0.010 loss=0.00573 q=1.048 trunc=0 sps=2845 elapsed=23.2m
iter 968/1220 steps=3964928 episodes=6836 score50=78.52 eps=0.010 loss=0.00119 q=1.043 trunc=0 sps=2845 elapsed=23.2m
iter 969/1220 steps=3969024 episodes=6846 score50=82.24 eps=0.010 loss=0.01062 q=1.051 trunc=1 sps=2845 elapsed=23.3m
iter 970/1220 steps=3973120 episodes=6848 score50=85.42 eps=0.010 loss=0.00218 q=1.062 trunc=0 sps=2844 elapsed=23.3m
iter 971/1220 steps=3977216 episodes=6849 score50=84.88 eps=0.010 loss=0.00035 q=1.051 trunc=0 sps=2844 elapsed=23.3m
iter 972/1220 steps=3981312 episodes=6854 score50=85.98 eps=0.010 loss=0.01144 q=1.046 trunc=0 sps=2844 elapsed=23.3m
iter 973/1220 steps=3985408 episodes=6857 score50=84.48 eps=0.010 loss=0.00036 q=1.065 trunc=0 sps=2844 elapsed=23.4m
iter 974/1220 steps=3989504 episodes=6859 score50=82.44 eps=0.010 loss=0.00091 q=1.065 trunc=0 sps=2844 elapsed=23.4m
iter 975/1220 steps=3993600 episodes=6862 score50=82.58 eps=0.010 loss=0.00055 q=1.052 trunc=0 sps=2844 elapsed=23.4m
iter 976/1220 steps=3997696 episodes=6864 score50=81.94 eps=0.010 loss=0.00062 q=1.042 trunc=0 sps=2845 elapsed=23.4m
iter 977/1220 steps=4001792 episodes=6872 score50=80.92 eps=0.010 loss=0.00558 q=1.060 trunc=0 sps=2845 elapsed=23.4m
iter 978/1220 steps=4005888 episodes=6872 score50=80.92 eps=0.010 loss=0.00183 q=1.041 trunc=0 sps=2844 elapsed=23.5m
iter 979/1220 steps=4009984 episodes=6877 score50=81.20 eps=0.010 loss=0.00066 q=1.036 trunc=0 sps=2844 elapsed=23.5m
iter 980/1220 steps=4014080 episodes=6878 score50=82.26 eps=0.010 loss=0.00063 q=1.032 trunc=0 sps=2844 elapsed=23.5m
iter 981/1220 steps=4018176 episodes=6879 score50=81.74 eps=0.010 loss=0.00076 q=1.031 trunc=0 sps=2844 elapsed=23.5m
iter 982/1220 steps=4022272 episodes=6880 score50=81.50 eps=0.010 loss=0.00994 q=1.033 trunc=0 sps=2844 elapsed=23.6m
iter 983/1220 steps=4026368 episodes=6881 score50=80.98 eps=0.010 loss=0.01241 q=1.024 trunc=0 sps=2844 elapsed=23.6m
iter 984/1220 steps=4030464 episodes=6887 score50=81.24 eps=0.010 loss=0.00081 q=1.038 trunc=0 sps=2844 elapsed=23.6m
iter 985/1220 steps=4034560 episodes=6891 score50=80.08 eps=0.010 loss=0.00219 q=1.017 trunc=0 sps=2844 elapsed=23.6m
iter 986/1220 steps=4038656 episodes=6898 score50=79.90 eps=0.010 loss=0.00675 q=1.013 trunc=0 sps=2844 elapsed=23.7m
iter 987/1220 steps=4042752 episodes=6901 score50=80.70 eps=0.010 loss=0.00235 q=1.032 trunc=0 sps=2844 elapsed=23.7m
iter 988/1220 steps=4046848 episodes=6903 score50=80.36 eps=0.010 loss=0.00129 q=1.039 trunc=0 sps=2844 elapsed=23.7m
iter 989/1220 steps=4050944 episodes=6905 score50=84.22 eps=0.010 loss=0.00080 q=1.026 trunc=0 sps=2844 elapsed=23.7m
iter 990/1220 steps=4055040 episodes=6908 score50=85.76 eps=0.010 loss=0.00118 q=1.022 trunc=0 sps=2844 elapsed=23.8m
iter 991/1220 steps=4059136 episodes=6910 score50=85.22 eps=0.010 loss=0.00056 q=1.029 trunc=0 sps=2844 elapsed=23.8m
iter 992/1220 steps=4063232 episodes=6912 score50=83.26 eps=0.010 loss=0.00086 q=0.999 trunc=0 sps=2844 elapsed=23.8m
iter 993/1220 steps=4067328 episodes=6915 score50=82.22 eps=0.010 loss=0.00079 q=1.017 trunc=0 sps=2843 elapsed=23.8m
iter 994/1220 steps=4071424 episodes=6917 score50=81.58 eps=0.010 loss=0.00128 q=1.011 trunc=0 sps=2844 elapsed=23.9m
iter 995/1220 steps=4075520 episodes=6919 score50=82.60 eps=0.010 loss=0.00155 q=0.995 trunc=0 sps=2843 elapsed=23.9m
iter 996/1220 steps=4079616 episodes=6923 score50=85.58 eps=0.010 loss=0.01480 q=0.995 trunc=0 sps=2843 elapsed=23.9m
iter 997/1220 steps=4083712 episodes=6925 score50=85.54 eps=0.010 loss=0.00029 q=1.033 trunc=0 sps=2843 elapsed=23.9m
iter 998/1220 steps=4087808 episodes=6931 score50=88.04 eps=0.010 loss=0.01171 q=1.016 trunc=0 sps=2843 elapsed=24.0m
iter 999/1220 steps=4091904 episodes=6936 score50=89.54 eps=0.010 loss=0.00377 q=1.022 trunc=0 sps=2842 elapsed=24.0m
iter 1000/1220 steps=4096000 episodes=6940 score50=86.18 eps=0.010 loss=0.00878 q=1.000 trunc=0 sps=2842 elapsed=24.0m
  [eval] iter=1000 mean=98.25+-8.72 median=89.5 max=174 P(>=120)=0.30 entropy=1.73/2.20 wnorm=34.494 srank=70/256
iter 1001/1220 steps=4100096 episodes=6942 score50=88.30 eps=0.010 loss=0.00091 q=1.031 trunc=1 sps=2778 elapsed=24.6m
iter 1002/1220 steps=4104192 episodes=6943 score50=88.00 eps=0.010 loss=0.00018 q=1.031 trunc=0 sps=2778 elapsed=24.6m
iter 1003/1220 steps=4108288 episodes=6951 score50=87.90 eps=0.010 loss=0.00065 q=1.030 trunc=0 sps=2778 elapsed=24.6m
iter 1004/1220 steps=4112384 episodes=6952 score50=87.24 eps=0.010 loss=0.00020 q=1.033 trunc=0 sps=2778 elapsed=24.7m
iter 1005/1220 steps=4116480 episodes=6953 score50=86.50 eps=0.010 loss=0.00190 q=0.998 trunc=0 sps=2778 elapsed=24.7m
iter 1006/1220 steps=4120576 episodes=6954 score50=86.64 eps=0.010 loss=0.00032 q=1.007 trunc=0 sps=2778 elapsed=24.7m
iter 1007/1220 steps=4124672 episodes=6960 score50=86.02 eps=0.010 loss=0.00254 q=1.010 trunc=0 sps=2778 elapsed=24.8m
iter 1008/1220 steps=4128768 episodes=6962 score50=88.36 eps=0.010 loss=0.00087 q=1.013 trunc=0 sps=2777 elapsed=24.8m
iter 1009/1220 steps=4132864 episodes=6963 score50=89.06 eps=0.010 loss=0.00044 q=0.995 trunc=0 sps=2777 elapsed=24.8m
iter 1010/1220 steps=4136960 episodes=6965 score50=90.22 eps=0.010 loss=0.00029 q=1.003 trunc=0 sps=2777 elapsed=24.8m
iter 1011/1220 steps=4141056 episodes=6968 score50=90.30 eps=0.010 loss=0.01187 q=1.005 trunc=0 sps=2777 elapsed=24.9m
iter 1012/1220 steps=4145152 episodes=6969 score50=90.16 eps=0.010 loss=0.00129 q=0.975 trunc=0 sps=2777 elapsed=24.9m
iter 1013/1220 steps=4149248 episodes=6970 score50=89.78 eps=0.010 loss=0.00104 q=0.973 trunc=0 sps=2777 elapsed=24.9m
iter 1014/1220 steps=4153344 episodes=6971 score50=90.56 eps=0.010 loss=0.00017 q=1.004 trunc=0 sps=2777 elapsed=24.9m
iter 1015/1220 steps=4157440 episodes=6971 score50=90.56 eps=0.010 loss=0.00100 q=0.984 trunc=0 sps=2777 elapsed=25.0m
iter 1016/1220 steps=4161536 episodes=6976 score50=87.48 eps=0.010 loss=0.01457 q=0.964 trunc=0 sps=2777 elapsed=25.0m
iter 1017/1220 steps=4165632 episodes=6981 score50=86.82 eps=0.010 loss=0.00270 q=0.982 trunc=0 sps=2777 elapsed=25.0m
iter 1018/1220 steps=4169728 episodes=6986 score50=84.04 eps=0.010 loss=0.00049 q=0.981 trunc=0 sps=2777 elapsed=25.0m
iter 1019/1220 steps=4173824 episodes=6988 score50=84.06 eps=0.010 loss=0.00048 q=0.977 trunc=0 sps=2776 elapsed=25.1m
iter 1020/1220 steps=4177920 episodes=6994 score50=85.14 eps=0.010 loss=0.00110 q=0.989 trunc=0 sps=2776 elapsed=25.1m
iter 1021/1220 steps=4182016 episodes=6998 score50=88.30 eps=0.010 loss=0.00689 q=0.999 trunc=0 sps=2776 elapsed=25.1m
iter 1022/1220 steps=4186112 episodes=7002 score50=85.04 eps=0.010 loss=0.00088 q=0.991 trunc=0 sps=2776 elapsed=25.1m
iter 1023/1220 steps=4190208 episodes=7002 score50=85.04 eps=0.010 loss=0.00048 q=0.990 trunc=0 sps=2776 elapsed=25.2m
iter 1024/1220 steps=4194304 episodes=7004 score50=83.96 eps=0.010 loss=0.00028 q=0.996 trunc=0 sps=2776 elapsed=25.2m
iter 1025/1220 steps=4198400 episodes=7007 score50=84.44 eps=0.010 loss=0.00027 q=0.989 trunc=0 sps=2776 elapsed=25.2m
iter 1026/1220 steps=4202496 episodes=7008 score50=83.80 eps=0.010 loss=0.01104 q=0.989 trunc=0 sps=2776 elapsed=25.2m
iter 1027/1220 steps=4206592 episodes=7012 score50=83.04 eps=0.010 loss=0.00264 q=0.989 trunc=0 sps=2776 elapsed=25.3m
iter 1028/1220 steps=4210688 episodes=7016 score50=79.42 eps=0.010 loss=0.00294 q=0.997 trunc=0 sps=2776 elapsed=25.3m
iter 1029/1220 steps=4214784 episodes=7019 score50=79.10 eps=0.010 loss=0.00086 q=0.993 trunc=0 sps=2775 elapsed=25.3m
iter 1030/1220 steps=4218880 episodes=7021 score50=80.12 eps=0.010 loss=0.00074 q=0.979 trunc=0 sps=2775 elapsed=25.3m
iter 1031/1220 steps=4222976 episodes=7025 score50=84.44 eps=0.010 loss=0.00647 q=0.994 trunc=0 sps=2775 elapsed=25.4m
iter 1032/1220 steps=4227072 episodes=7028 score50=87.40 eps=0.010 loss=0.00053 q=0.993 trunc=0 sps=2775 elapsed=25.4m
iter 1033/1220 steps=4231168 episodes=7032 score50=87.38 eps=0.010 loss=0.00591 q=0.989 trunc=0 sps=2775 elapsed=25.4m
iter 1034/1220 steps=4235264 episodes=7035 score50=87.28 eps=0.010 loss=0.01259 q=1.011 trunc=0 sps=2775 elapsed=25.4m
iter 1035/1220 steps=4239360 episodes=7036 score50=87.76 eps=0.010 loss=0.00064 q=1.004 trunc=0 sps=2775 elapsed=25.5m
iter 1036/1220 steps=4243456 episodes=7039 score50=91.12 eps=0.010 loss=0.00096 q=0.991 trunc=0 sps=2775 elapsed=25.5m
iter 1037/1220 steps=4247552 episodes=7042 score50=93.26 eps=0.010 loss=0.00097 q=1.001 trunc=0 sps=2775 elapsed=25.5m
iter 1038/1220 steps=4251648 episodes=7043 score50=93.70 eps=0.010 loss=0.01463 q=0.996 trunc=0 sps=2775 elapsed=25.5m
iter 1039/1220 steps=4255744 episodes=7045 score50=93.00 eps=0.010 loss=0.00025 q=1.008 trunc=0 sps=2775 elapsed=25.6m
iter 1040/1220 steps=4259840 episodes=7049 score50=92.40 eps=0.010 loss=0.00971 q=1.001 trunc=0 sps=2774 elapsed=25.6m
iter 1041/1220 steps=4263936 episodes=7053 score50=93.86 eps=0.010 loss=0.00141 q=0.988 trunc=0 sps=2774 elapsed=25.6m
iter 1042/1220 steps=4268032 episodes=7057 score50=91.62 eps=0.010 loss=0.03503 q=1.005 trunc=0 sps=2774 elapsed=25.6m
iter 1043/1220 steps=4272128 episodes=7061 score50=90.76 eps=0.010 loss=0.00225 q=0.975 trunc=0 sps=2774 elapsed=25.7m
iter 1044/1220 steps=4276224 episodes=7066 score50=90.98 eps=0.010 loss=0.00386 q=0.973 trunc=0 sps=2774 elapsed=25.7m
iter 1045/1220 steps=4280320 episodes=7071 score50=88.12 eps=0.010 loss=0.00360 q=0.982 trunc=0 sps=2774 elapsed=25.7m
iter 1046/1220 steps=4284416 episodes=7074 score50=83.84 eps=0.010 loss=0.00028 q=0.981 trunc=0 sps=2774 elapsed=25.7m
iter 1047/1220 steps=4288512 episodes=7079 score50=81.76 eps=0.010 loss=0.02491 q=0.995 trunc=0 sps=2774 elapsed=25.8m
iter 1048/1220 steps=4292608 episodes=7085 score50=88.34 eps=0.010 loss=0.00195 q=1.003 trunc=1 sps=2774 elapsed=25.8m
iter 1049/1220 steps=4296704 episodes=7089 score50=83.74 eps=0.010 loss=0.00249 q=0.994 trunc=0 sps=2774 elapsed=25.8m
iter 1050/1220 steps=4300800 episodes=7089 score50=83.74 eps=0.010 loss=0.00031 q=1.006 trunc=0 sps=2774 elapsed=25.8m
iter 1051/1220 steps=4304896 episodes=7091 score50=83.50 eps=0.010 loss=0.00019 q=1.013 trunc=1 sps=2774 elapsed=25.9m
iter 1052/1220 steps=4308992 episodes=7092 score50=82.40 eps=0.010 loss=0.00041 q=1.004 trunc=0 sps=2774 elapsed=25.9m
iter 1053/1220 steps=4313088 episodes=7094 score50=83.82 eps=0.010 loss=0.00045 q=0.994 trunc=0 sps=2774 elapsed=25.9m
iter 1054/1220 steps=4317184 episodes=7096 score50=85.40 eps=0.010 loss=0.00114 q=0.974 trunc=0 sps=2774 elapsed=25.9m
iter 1055/1220 steps=4321280 episodes=7102 score50=88.44 eps=0.010 loss=0.01282 q=0.978 trunc=0 sps=2774 elapsed=26.0m
iter 1056/1220 steps=4325376 episodes=7103 score50=87.70 eps=0.010 loss=0.00030 q=0.993 trunc=0 sps=2774 elapsed=26.0m
iter 1057/1220 steps=4329472 episodes=7103 score50=87.70 eps=0.010 loss=0.00018 q=0.985 trunc=0 sps=2773 elapsed=26.0m
iter 1058/1220 steps=4333568 episodes=7109 score50=91.84 eps=0.010 loss=0.01328 q=0.971 trunc=0 sps=2773 elapsed=26.0m
iter 1059/1220 steps=4337664 episodes=7112 score50=94.10 eps=0.010 loss=0.00053 q=0.989 trunc=0 sps=2773 elapsed=26.1m
iter 1060/1220 steps=4341760 episodes=7118 score50=97.48 eps=0.010 loss=0.00620 q=0.984 trunc=0 sps=2773 elapsed=26.1m
iter 1061/1220 steps=4345856 episodes=7119 score50=97.36 eps=0.010 loss=0.00033 q=1.014 trunc=0 sps=2773 elapsed=26.1m
iter 1062/1220 steps=4349952 episodes=7122 score50=99.64 eps=0.010 loss=0.01237 q=0.991 trunc=0 sps=2772 elapsed=26.2m
iter 1063/1220 steps=4354048 episodes=7128 score50=103.46 eps=0.010 loss=0.00075 q=1.013 trunc=1 sps=2772 elapsed=26.2m
iter 1064/1220 steps=4358144 episodes=7133 score50=96.24 eps=0.010 loss=0.00693 q=0.998 trunc=0 sps=2772 elapsed=26.2m
iter 1065/1220 steps=4362240 episodes=7137 score50=98.92 eps=0.010 loss=0.00064 q=1.003 trunc=0 sps=2772 elapsed=26.2m
iter 1066/1220 steps=4366336 episodes=7139 score50=100.30 eps=0.010 loss=0.00045 q=0.998 trunc=0 sps=2772 elapsed=26.2m
iter 1067/1220 steps=4370432 episodes=7147 score50=96.70 eps=0.010 loss=0.00134 q=1.005 trunc=0 sps=2772 elapsed=26.3m
iter 1068/1220 steps=4374528 episodes=7154 score50=90.26 eps=0.010 loss=0.00413 q=1.019 trunc=0 sps=2773 elapsed=26.3m
iter 1069/1220 steps=4378624 episodes=7160 score50=83.98 eps=0.010 loss=0.00179 q=1.015 trunc=0 sps=2773 elapsed=26.3m
iter 1070/1220 steps=4382720 episodes=7176 score50=68.42 eps=0.010 loss=0.01729 q=0.995 trunc=0 sps=2773 elapsed=26.3m
iter 1071/1220 steps=4386816 episodes=7187 score50=61.78 eps=0.010 loss=0.01303 q=0.982 trunc=0 sps=2773 elapsed=26.4m
iter 1072/1220 steps=4390912 episodes=7199 score50=52.42 eps=0.010 loss=0.00849 q=0.981 trunc=0 sps=2773 elapsed=26.4m
iter 1073/1220 steps=4395008 episodes=7211 score50=56.22 eps=0.010 loss=0.00168 q=0.986 trunc=0 sps=2773 elapsed=26.4m
iter 1074/1220 steps=4399104 episodes=7220 score50=54.94 eps=0.010 loss=0.00175 q=0.968 trunc=0 sps=2774 elapsed=26.4m
iter 1075/1220 steps=4403200 episodes=7225 score50=53.68 eps=0.010 loss=0.00278 q=0.958 trunc=0 sps=2774 elapsed=26.5m
iter 1076/1220 steps=4407296 episodes=7229 score50=51.78 eps=0.010 loss=0.00416 q=0.976 trunc=0 sps=2775 elapsed=26.5m
iter 1077/1220 steps=4411392 episodes=7232 score50=49.04 eps=0.010 loss=0.00087 q=0.984 trunc=0 sps=2775 elapsed=26.5m
iter 1078/1220 steps=4415488 episodes=7234 score50=51.46 eps=0.010 loss=0.00213 q=1.009 trunc=0 sps=2776 elapsed=26.5m
iter 1079/1220 steps=4419584 episodes=7237 score50=55.26 eps=0.010 loss=0.00034 q=0.994 trunc=0 sps=2776 elapsed=26.5m
iter 1080/1220 steps=4423680 episodes=7239 score50=56.16 eps=0.010 loss=0.00023 q=1.021 trunc=0 sps=2777 elapsed=26.6m
iter 1081/1220 steps=4427776 episodes=7239 score50=56.16 eps=0.010 loss=0.00035 q=1.030 trunc=0 sps=2777 elapsed=26.6m
iter 1082/1220 steps=4431872 episodes=7240 score50=55.60 eps=0.010 loss=0.00071 q=1.015 trunc=0 sps=2777 elapsed=26.6m
iter 1083/1220 steps=4435968 episodes=7242 score50=57.70 eps=0.010 loss=0.00017 q=1.025 trunc=0 sps=2778 elapsed=26.6m
iter 1084/1220 steps=4440064 episodes=7243 score50=57.20 eps=0.010 loss=0.00068 q=1.010 trunc=0 sps=2778 elapsed=26.6m
iter 1085/1220 steps=4444160 episodes=7245 score50=60.42 eps=0.010 loss=0.00020 q=1.012 trunc=0 sps=2778 elapsed=26.7m
iter 1086/1220 steps=4448256 episodes=7247 score50=58.84 eps=0.010 loss=0.02031 q=1.003 trunc=0 sps=2778 elapsed=26.7m
iter 1087/1220 steps=4452352 episodes=7248 score50=60.84 eps=0.010 loss=0.00016 q=0.995 trunc=0 sps=2778 elapsed=26.7m
iter 1088/1220 steps=4456448 episodes=7249 score50=61.42 eps=0.010 loss=0.00939 q=0.998 trunc=0 sps=2778 elapsed=26.7m
iter 1089/1220 steps=4460544 episodes=7251 score50=60.96 eps=0.010 loss=0.00018 q=0.990 trunc=0 sps=2778 elapsed=26.8m
iter 1090/1220 steps=4464640 episodes=7253 score50=64.34 eps=0.010 loss=0.00023 q=0.982 trunc=0 sps=2778 elapsed=26.8m
iter 1091/1220 steps=4468736 episodes=7256 score50=63.42 eps=0.010 loss=0.02763 q=0.980 trunc=0 sps=2778 elapsed=26.8m
iter 1092/1220 steps=4472832 episodes=7259 score50=63.46 eps=0.010 loss=0.00021 q=0.978 trunc=0 sps=2779 elapsed=26.8m
iter 1093/1220 steps=4476928 episodes=7259 score50=63.46 eps=0.010 loss=0.00038 q=0.970 trunc=0 sps=2778 elapsed=26.9m
iter 1094/1220 steps=4481024 episodes=7261 score50=61.56 eps=0.010 loss=0.00057 q=0.970 trunc=0 sps=2779 elapsed=26.9m
iter 1095/1220 steps=4485120 episodes=7261 score50=61.56 eps=0.010 loss=0.00120 q=0.960 trunc=0 sps=2778 elapsed=26.9m
iter 1096/1220 steps=4489216 episodes=7263 score50=63.12 eps=0.010 loss=0.00111 q=0.965 trunc=0 sps=2778 elapsed=26.9m
iter 1097/1220 steps=4493312 episodes=7263 score50=63.12 eps=0.010 loss=0.00023 q=0.963 trunc=0 sps=2778 elapsed=27.0m
iter 1098/1220 steps=4497408 episodes=7266 score50=64.16 eps=0.010 loss=0.00027 q=0.951 trunc=0 sps=2778 elapsed=27.0m
iter 1099/1220 steps=4501504 episodes=7266 score50=64.16 eps=0.010 loss=0.00017 q=0.961 trunc=0 sps=2778 elapsed=27.0m
iter 1100/1220 steps=4505600 episodes=7267 score50=65.32 eps=0.010 loss=0.00008 q=0.958 trunc=0 sps=2778 elapsed=27.0m
  [eval] iter=1100 mean=97.15+-8.94 median=101.5 max=155 P(>=120)=0.30 entropy=1.92/2.20 wnorm=34.560 srank=57/256
iter 1101/1220 steps=4509696 episodes=7271 score50=70.92 eps=0.010 loss=0.01190 q=0.952 trunc=0 sps=2723 elapsed=27.6m
iter 1102/1220 steps=4513792 episodes=7274 score50=74.02 eps=0.010 loss=0.00026 q=0.955 trunc=0 sps=2723 elapsed=27.6m
iter 1103/1220 steps=4517888 episodes=7275 score50=74.22 eps=0.010 loss=0.00075 q=0.956 trunc=0 sps=2723 elapsed=27.7m
iter 1104/1220 steps=4521984 episodes=7278 score50=75.88 eps=0.010 loss=0.00017 q=0.957 trunc=0 sps=2722 elapsed=27.7m
iter 1105/1220 steps=4526080 episodes=7282 score50=80.04 eps=0.010 loss=0.00183 q=0.954 trunc=0 sps=2722 elapsed=27.7m
iter 1106/1220 steps=4530176 episodes=7286 score50=79.68 eps=0.010 loss=0.00104 q=0.959 trunc=0 sps=2722 elapsed=27.7m
iter 1107/1220 steps=4534272 episodes=7287 score50=78.30 eps=0.010 loss=0.00025 q=0.957 trunc=0 sps=2722 elapsed=27.8m
iter 1108/1220 steps=4538368 episodes=7291 score50=77.88 eps=0.010 loss=0.00893 q=0.930 trunc=0 sps=2721 elapsed=27.8m
iter 1109/1220 steps=4542464 episodes=7295 score50=79.06 eps=0.010 loss=0.00314 q=0.920 trunc=0 sps=2721 elapsed=27.8m
iter 1110/1220 steps=4546560 episodes=7300 score50=82.38 eps=0.010 loss=0.00594 q=0.930 trunc=0 sps=2721 elapsed=27.8m
iter 1111/1220 steps=4550656 episodes=7303 score50=80.32 eps=0.010 loss=0.01608 q=0.932 trunc=0 sps=2721 elapsed=27.9m
iter 1112/1220 steps=4554752 episodes=7306 score50=81.92 eps=0.010 loss=0.01256 q=0.924 trunc=0 sps=2720 elapsed=27.9m
iter 1113/1220 steps=4558848 episodes=7309 score50=84.14 eps=0.010 loss=0.00311 q=0.933 trunc=0 sps=2720 elapsed=27.9m
iter 1114/1220 steps=4562944 episodes=7312 score50=85.66 eps=0.010 loss=0.00411 q=0.909 trunc=0 sps=2720 elapsed=28.0m
iter 1115/1220 steps=4567040 episodes=7312 score50=85.66 eps=0.010 loss=0.00028 q=0.909 trunc=0 sps=2719 elapsed=28.0m
iter 1116/1220 steps=4571136 episodes=7313 score50=85.36 eps=0.010 loss=0.01048 q=0.914 trunc=0 sps=2719 elapsed=28.0m
iter 1117/1220 steps=4575232 episodes=7318 score50=88.20 eps=0.010 loss=0.00977 q=0.911 trunc=0 sps=2719 elapsed=28.0m
iter 1118/1220 steps=4579328 episodes=7320 score50=88.26 eps=0.010 loss=0.00035 q=0.930 trunc=0 sps=2718 elapsed=28.1m
iter 1119/1220 steps=4583424 episodes=7322 score50=88.96 eps=0.010 loss=0.00028 q=0.940 trunc=0 sps=2718 elapsed=28.1m
iter 1120/1220 steps=4587520 episodes=7325 score50=88.62 eps=0.010 loss=0.00492 q=0.901 trunc=0 sps=2718 elapsed=28.1m
iter 1121/1220 steps=4591616 episodes=7331 score50=89.28 eps=0.010 loss=0.00057 q=0.946 trunc=0 sps=2717 elapsed=28.2m
iter 1122/1220 steps=4595712 episodes=7338 score50=89.50 eps=0.010 loss=0.00166 q=0.922 trunc=0 sps=2717 elapsed=28.2m
iter 1123/1220 steps=4599808 episodes=7342 score50=92.56 eps=0.010 loss=0.00101 q=0.958 trunc=0 sps=2717 elapsed=28.2m
iter 1124/1220 steps=4603904 episodes=7344 score50=94.72 eps=0.010 loss=0.00868 q=0.937 trunc=1 sps=2717 elapsed=28.2m
iter 1125/1220 steps=4608000 episodes=7345 score50=95.24 eps=0.010 loss=0.00026 q=0.963 trunc=0 sps=2717 elapsed=28.3m
iter 1126/1220 steps=4612096 episodes=7348 score50=97.28 eps=0.010 loss=0.00063 q=0.932 trunc=0 sps=2717 elapsed=28.3m
iter 1127/1220 steps=4616192 episodes=7350 score50=98.62 eps=0.010 loss=0.00023 q=0.956 trunc=0 sps=2717 elapsed=28.3m
iter 1128/1220 steps=4620288 episodes=7352 score50=99.58 eps=0.010 loss=0.00020 q=0.952 trunc=0 sps=2717 elapsed=28.3m
iter 1129/1220 steps=4624384 episodes=7358 score50=100.00 eps=0.010 loss=0.00732 q=0.941 trunc=0 sps=2717 elapsed=28.4m
iter 1130/1220 steps=4628480 episodes=7363 score50=101.20 eps=0.010 loss=0.00706 q=0.927 trunc=0 sps=2717 elapsed=28.4m
iter 1131/1220 steps=4632576 episodes=7366 score50=100.50 eps=0.010 loss=0.00035 q=0.942 trunc=0 sps=2717 elapsed=28.4m
iter 1132/1220 steps=4636672 episodes=7369 score50=98.48 eps=0.010 loss=0.01664 q=0.942 trunc=0 sps=2717 elapsed=28.4m
iter 1133/1220 steps=4640768 episodes=7375 score50=97.66 eps=0.010 loss=0.00971 q=0.931 trunc=0 sps=2717 elapsed=28.5m
iter 1134/1220 steps=4644864 episodes=7376 score50=99.16 eps=0.010 loss=0.00038 q=0.936 trunc=0 sps=2717 elapsed=28.5m
iter 1135/1220 steps=4648960 episodes=7381 score50=97.52 eps=0.010 loss=0.00021 q=0.948 trunc=0 sps=2717 elapsed=28.5m
iter 1136/1220 steps=4653056 episodes=7381 score50=97.52 eps=0.010 loss=0.00063 q=0.945 trunc=0 sps=2717 elapsed=28.5m
iter 1137/1220 steps=4657152 episodes=7386 score50=97.38 eps=0.010 loss=0.00367 q=0.935 trunc=0 sps=2717 elapsed=28.6m
iter 1138/1220 steps=4661248 episodes=7389 score50=99.02 eps=0.010 loss=0.01323 q=0.929 trunc=0 sps=2717 elapsed=28.6m
iter 1139/1220 steps=4665344 episodes=7390 score50=98.44 eps=0.010 loss=0.00034 q=0.945 trunc=0 sps=2717 elapsed=28.6m
iter 1140/1220 steps=4669440 episodes=7392 score50=95.54 eps=0.010 loss=0.00030 q=0.936 trunc=0 sps=2717 elapsed=28.6m
iter 1141/1220 steps=4673536 episodes=7393 score50=95.44 eps=0.010 loss=0.00133 q=0.939 trunc=0 sps=2717 elapsed=28.7m
iter 1142/1220 steps=4677632 episodes=7395 score50=94.90 eps=0.010 loss=0.00086 q=0.928 trunc=0 sps=2717 elapsed=28.7m
iter 1143/1220 steps=4681728 episodes=7400 score50=94.14 eps=0.010 loss=0.01237 q=0.926 trunc=0 sps=2717 elapsed=28.7m
iter 1144/1220 steps=4685824 episodes=7401 score50=92.48 eps=0.010 loss=0.00039 q=0.929 trunc=0 sps=2717 elapsed=28.7m
iter 1145/1220 steps=4689920 episodes=7404 score50=94.18 eps=0.010 loss=0.00989 q=0.920 trunc=0 sps=2717 elapsed=28.8m
iter 1146/1220 steps=4694016 episodes=7405 score50=93.08 eps=0.010 loss=0.00030 q=0.921 trunc=0 sps=2717 elapsed=28.8m
iter 1147/1220 steps=4698112 episodes=7408 score50=92.80 eps=0.010 loss=0.00078 q=0.900 trunc=0 sps=2717 elapsed=28.8m
iter 1148/1220 steps=4702208 episodes=7411 score50=90.12 eps=0.010 loss=0.00084 q=0.913 trunc=0 sps=2717 elapsed=28.8m
iter 1149/1220 steps=4706304 episodes=7416 score50=93.24 eps=0.010 loss=0.00049 q=0.935 trunc=0 sps=2717 elapsed=28.9m
iter 1150/1220 steps=4710400 episodes=7419 score50=94.56 eps=0.010 loss=0.00300 q=0.913 trunc=0 sps=2717 elapsed=28.9m
iter 1151/1220 steps=4714496 episodes=7424 score50=92.80 eps=0.010 loss=0.01180 q=0.911 trunc=0 sps=2717 elapsed=28.9m
iter 1152/1220 steps=4718592 episodes=7427 score50=89.84 eps=0.010 loss=0.00053 q=0.914 trunc=0 sps=2717 elapsed=28.9m
iter 1153/1220 steps=4722688 episodes=7428 score50=92.30 eps=0.010 loss=0.00022 q=0.908 trunc=1 sps=2717 elapsed=29.0m
iter 1154/1220 steps=4726784 episodes=7432 score50=92.92 eps=0.010 loss=0.00213 q=0.906 trunc=0 sps=2716 elapsed=29.0m
iter 1155/1220 steps=4730880 episodes=7434 score50=92.38 eps=0.010 loss=0.00142 q=0.917 trunc=0 sps=2716 elapsed=29.0m
iter 1156/1220 steps=4734976 episodes=7437 score50=92.10 eps=0.010 loss=0.01138 q=0.917 trunc=0 sps=2716 elapsed=29.1m
iter 1157/1220 steps=4739072 episodes=7440 score50=91.52 eps=0.010 loss=0.00776 q=0.933 trunc=0 sps=2716 elapsed=29.1m
iter 1158/1220 steps=4743168 episodes=7442 score50=94.36 eps=0.010 loss=0.00200 q=0.934 trunc=0 sps=2716 elapsed=29.1m
iter 1159/1220 steps=4747264 episodes=7444 score50=93.68 eps=0.010 loss=0.00066 q=0.918 trunc=0 sps=2716 elapsed=29.1m
iter 1160/1220 steps=4751360 episodes=7447 score50=92.42 eps=0.010 loss=0.01032 q=0.913 trunc=0 sps=2716 elapsed=29.2m
iter 1161/1220 steps=4755456 episodes=7447 score50=92.42 eps=0.010 loss=0.00026 q=0.927 trunc=0 sps=2716 elapsed=29.2m
iter 1162/1220 steps=4759552 episodes=7449 score50=92.16 eps=0.010 loss=0.00071 q=0.917 trunc=0 sps=2716 elapsed=29.2m
iter 1163/1220 steps=4763648 episodes=7451 score50=92.68 eps=0.010 loss=0.00041 q=0.924 trunc=0 sps=2716 elapsed=29.2m
iter 1164/1220 steps=4767744 episodes=7452 score50=94.00 eps=0.010 loss=0.00015 q=0.923 trunc=1 sps=2716 elapsed=29.3m
iter 1165/1220 steps=4771840 episodes=7454 score50=93.12 eps=0.010 loss=0.00309 q=0.916 trunc=0 sps=2715 elapsed=29.3m
iter 1166/1220 steps=4775936 episodes=7459 score50=97.36 eps=0.010 loss=0.00030 q=0.912 trunc=0 sps=2715 elapsed=29.3m
iter 1167/1220 steps=4780032 episodes=7460 score50=98.70 eps=0.010 loss=0.02164 q=0.914 trunc=0 sps=2715 elapsed=29.3m
iter 1168/1220 steps=4784128 episodes=7466 score50=95.66 eps=0.010 loss=0.02976 q=0.895 trunc=0 sps=2715 elapsed=29.4m
iter 1169/1220 steps=4788224 episodes=7466 score50=95.66 eps=0.010 loss=0.00048 q=0.917 trunc=0 sps=2715 elapsed=29.4m
iter 1170/1220 steps=4792320 episodes=7468 score50=95.78 eps=0.010 loss=0.00028 q=0.896 trunc=0 sps=2714 elapsed=29.4m
iter 1171/1220 steps=4796416 episodes=7472 score50=98.68 eps=0.010 loss=0.00156 q=0.890 trunc=0 sps=2714 elapsed=29.5m
iter 1172/1220 steps=4800512 episodes=7474 score50=101.78 eps=0.010 loss=0.00118 q=0.906 trunc=0 sps=2714 elapsed=29.5m
iter 1173/1220 steps=4804608 episodes=7475 score50=104.26 eps=0.010 loss=0.00138 q=0.910 trunc=0 sps=2714 elapsed=29.5m
iter 1174/1220 steps=4808704 episodes=7477 score50=104.38 eps=0.010 loss=0.01264 q=0.904 trunc=0 sps=2714 elapsed=29.5m
iter 1175/1220 steps=4812800 episodes=7479 score50=100.88 eps=0.010 loss=0.00133 q=0.933 trunc=0 sps=2714 elapsed=29.6m
iter 1176/1220 steps=4816896 episodes=7483 score50=102.02 eps=0.010 loss=0.01954 q=0.917 trunc=0 sps=2713 elapsed=29.6m
iter 1177/1220 steps=4820992 episodes=7486 score50=104.30 eps=0.010 loss=0.00020 q=0.927 trunc=0 sps=2713 elapsed=29.6m
iter 1178/1220 steps=4825088 episodes=7491 score50=102.44 eps=0.010 loss=0.00103 q=0.910 trunc=0 sps=2713 elapsed=29.6m
iter 1179/1220 steps=4829184 episodes=7492 score50=101.90 eps=0.010 loss=0.01166 q=0.910 trunc=0 sps=2713 elapsed=29.7m
iter 1180/1220 steps=4833280 episodes=7494 score50=100.90 eps=0.010 loss=0.02209 q=0.904 trunc=0 sps=2713 elapsed=29.7m
iter 1181/1220 steps=4837376 episodes=7499 score50=100.10 eps=0.010 loss=0.00519 q=0.898 trunc=0 sps=2713 elapsed=29.7m
iter 1182/1220 steps=4841472 episodes=7502 score50=98.26 eps=0.010 loss=0.00025 q=0.920 trunc=0 sps=2712 elapsed=29.7m
iter 1183/1220 steps=4845568 episodes=7503 score50=98.88 eps=0.010 loss=0.00025 q=0.911 trunc=0 sps=2712 elapsed=29.8m
iter 1184/1220 steps=4849664 episodes=7506 score50=98.06 eps=0.010 loss=0.00027 q=0.919 trunc=0 sps=2712 elapsed=29.8m
iter 1185/1220 steps=4853760 episodes=7506 score50=98.06 eps=0.010 loss=0.00077 q=0.926 trunc=0 sps=2712 elapsed=29.8m
iter 1186/1220 steps=4857856 episodes=7511 score50=100.88 eps=0.010 loss=0.00029 q=0.919 trunc=1 sps=2712 elapsed=29.9m
iter 1187/1220 steps=4861952 episodes=7516 score50=102.52 eps=0.010 loss=0.00685 q=0.916 trunc=0 sps=2712 elapsed=29.9m
iter 1188/1220 steps=4866048 episodes=7516 score50=102.52 eps=0.010 loss=0.00027 q=0.915 trunc=0 sps=2711 elapsed=29.9m
iter 1189/1220 steps=4870144 episodes=7520 score50=101.80 eps=0.010 loss=0.01289 q=0.925 trunc=0 sps=2711 elapsed=29.9m
iter 1190/1220 steps=4874240 episodes=7522 score50=102.04 eps=0.010 loss=0.00078 q=0.924 trunc=0 sps=2710 elapsed=30.0m
iter 1191/1220 steps=4878336 episodes=7526 score50=98.78 eps=0.010 loss=0.01542 q=0.926 trunc=0 sps=2710 elapsed=30.0m
iter 1192/1220 steps=4882432 episodes=7529 score50=100.26 eps=0.010 loss=0.00020 q=0.930 trunc=0 sps=2710 elapsed=30.0m
iter 1193/1220 steps=4886528 episodes=7531 score50=101.62 eps=0.010 loss=0.00043 q=0.908 trunc=0 sps=2710 elapsed=30.1m
iter 1194/1220 steps=4890624 episodes=7535 score50=100.02 eps=0.010 loss=0.00020 q=0.930 trunc=1 sps=2710 elapsed=30.1m
iter 1195/1220 steps=4894720 episodes=7536 score50=100.42 eps=0.010 loss=0.00057 q=0.913 trunc=0 sps=2709 elapsed=30.1m
iter 1196/1220 steps=4898816 episodes=7539 score50=100.24 eps=0.010 loss=0.00035 q=0.918 trunc=0 sps=2709 elapsed=30.1m
iter 1197/1220 steps=4902912 episodes=7541 score50=100.68 eps=0.010 loss=0.00274 q=0.911 trunc=0 sps=2709 elapsed=30.2m
iter 1198/1220 steps=4907008 episodes=7541 score50=100.68 eps=0.010 loss=0.00051 q=0.924 trunc=0 sps=2709 elapsed=30.2m
iter 1199/1220 steps=4911104 episodes=7546 score50=102.26 eps=0.010 loss=0.00025 q=0.913 trunc=0 sps=2709 elapsed=30.2m
iter 1200/1220 steps=4915200 episodes=7550 score50=103.46 eps=0.010 loss=0.02253 q=0.910 trunc=0 sps=2709 elapsed=30.2m
  [eval] iter=1200 mean=104.00+-8.38 median=99.5 max=180 P(>=120)=0.40 entropy=1.89/2.20 wnorm=34.582 srank=63/256
iter 1201/1220 steps=4919296 episodes=7552 score50=102.36 eps=0.010 loss=0.00220 q=0.903 trunc=0 sps=2658 elapsed=30.8m
iter 1202/1220 steps=4923392 episodes=7556 score50=102.00 eps=0.010 loss=0.00055 q=0.912 trunc=0 sps=2658 elapsed=30.9m
iter 1203/1220 steps=4927488 episodes=7558 score50=99.60 eps=0.010 loss=0.00018 q=0.925 trunc=0 sps=2658 elapsed=30.9m
iter 1204/1220 steps=4931584 episodes=7561 score50=95.44 eps=0.010 loss=0.00323 q=0.905 trunc=0 sps=2658 elapsed=30.9m
iter 1205/1220 steps=4935680 episodes=7563 score50=96.10 eps=0.010 loss=0.00853 q=0.895 trunc=0 sps=2658 elapsed=31.0m
iter 1206/1220 steps=4939776 episodes=7567 score50=98.50 eps=0.010 loss=0.00040 q=0.913 trunc=1 sps=2658 elapsed=31.0m
iter 1207/1220 steps=4943872 episodes=7572 score50=97.54 eps=0.010 loss=0.00034 q=0.920 trunc=1 sps=2657 elapsed=31.0m
iter 1208/1220 steps=4947968 episodes=7576 score50=99.52 eps=0.010 loss=0.01155 q=0.908 trunc=0 sps=2657 elapsed=31.0m
iter 1209/1220 steps=4952064 episodes=7583 score50=97.00 eps=0.010 loss=0.00041 q=0.919 trunc=0 sps=2658 elapsed=31.1m
iter 1210/1220 steps=4956160 episodes=7586 score50=98.64 eps=0.010 loss=0.00123 q=0.919 trunc=0 sps=2658 elapsed=31.1m
iter 1211/1220 steps=4960256 episodes=7589 score50=98.70 eps=0.010 loss=0.00138 q=0.901 trunc=0 sps=2658 elapsed=31.1m
iter 1212/1220 steps=4964352 episodes=7593 score50=98.90 eps=0.010 loss=0.00102 q=0.926 trunc=0 sps=2658 elapsed=31.1m
iter 1213/1220 steps=4968448 episodes=7595 score50=98.62 eps=0.010 loss=0.00081 q=0.921 trunc=0 sps=2658 elapsed=31.2m
iter 1214/1220 steps=4972544 episodes=7597 score50=101.38 eps=0.010 loss=0.00015 q=0.938 trunc=2 sps=2658 elapsed=31.2m
iter 1215/1220 steps=4976640 episodes=7598 score50=100.68 eps=0.010 loss=0.00083 q=0.912 trunc=0 sps=2658 elapsed=31.2m
iter 1216/1220 steps=4980736 episodes=7605 score50=102.44 eps=0.010 loss=0.00276 q=0.919 trunc=1 sps=2658 elapsed=31.2m
iter 1217/1220 steps=4984832 episodes=7610 score50=106.28 eps=0.010 loss=0.01136 q=0.895 trunc=0 sps=2658 elapsed=31.3m
iter 1218/1220 steps=4988928 episodes=7611 score50=105.24 eps=0.010 loss=0.00018 q=0.915 trunc=0 sps=2658 elapsed=31.3m
iter 1219/1220 steps=4993024 episodes=7611 score50=105.24 eps=0.010 loss=0.00061 q=0.911 trunc=0 sps=2658 elapsed=31.3m
iter 1220/1220 steps=4997120 episodes=7612 score50=104.48 eps=0.010 loss=0.00056 q=0.901 trunc=0 sps=2658 elapsed=31.3m
  [eval] iter=1220 mean=109.35+-8.43 median=107.5 max=179 P(>=120)=0.25 entropy=1.86/2.20 wnorm=34.583 srank=55/256
creating GIF from: final_results\06_pqn_vec_attention_anneal\PQN_seed0_0806_201113\best.pt
saved=final_results\06_pqn_vec_attention_anneal\PQN_seed0_0806_201113\best_agent.gif
saved_observation=skipped (vector-observation model has no 84x84 frame to show)
seed=20000 score=112 frames=1683 fps=15.00 device=cuda model=vector
Saved to: final_results\06_pqn_vec_attention_anneal\PQN_seed0_0806_201113
Random : mean=9.80 median=10.0 max=21
Learned: mean=109.35+-8.43 median=107.5 max=179 P(>=120)=0.25 entropy=1.86
