pygame-ce 2.5.7 (SDL 2.32.10, Python 3.14.6)
output: final_results\09_pqn_img_cnn_aug_20m\PQN_seed0_0806_215802
random baseline: mean=9.80+-1.28 max=21

[training setup]
model   : PQN / NatureCNN (1,732,009 trainable parameters)
arch    : 
            [conv1]  Conv2d(4->32,k=8,s=4) -> LayerNorm -> ReLU
            [conv2]  Conv2d(32->64,k=4,s=2) -> LayerNorm -> ReLU
            [conv3]  Conv2d(64->64,k=3,s=1) -> LayerNorm -> ReLU
            [fc]     Flatten -> Linear(3136->512) -> LayerNorm -> ReLU
            [head]   Linear(512->9)
run     : device=cuda, seed=0, total_timesteps=20,000,000, iterations=4,882
optim   : optimizer=adam, lr=0.0001, anneal_lr=False, gamma=0.99, hidden=512, layer_norm=True, dueling_net=False, use_attention=False(4 heads, fusion=residual, position=relative), augmentation=True(spawn_safe), loss_fn=mse, max_grad_norm=10
rollout : num_envs=128, num_steps=32, batch=4096, minibatches=32, update_epochs=2, q_lambda=0.65
explore : epsilon=1->0.01 over 2,000,000 steps
env     : type=img, obs=(4, 84, 84), actions=9, frame_stack=4, frame_skip=4, max_steps=10800
logging : log_every=1 iter, eval_every=100 iter, eval_episodes=20
artifact: best_agent.gif, seed=20000

iter 1/4882 steps=4096 episodes=15 score50=0.67 eps=0.998 loss=0.03864 q=0.422 trunc=0 sps=2387 elapsed=0.0m
iter 2/4882 steps=8192 episodes=36 score50=1.67 eps=0.996 loss=0.04232 q=0.464 trunc=0 sps=2631 elapsed=0.1m
iter 3/4882 steps=12288 episodes=62 score50=3.14 eps=0.994 loss=0.01525 q=0.545 trunc=0 sps=2666 elapsed=0.1m
iter 4/4882 steps=16384 episodes=92 score50=4.94 eps=0.992 loss=0.02076 q=0.585 trunc=0 sps=2645 elapsed=0.1m
iter 5/4882 steps=20480 episodes=136 score50=6.84 eps=0.990 loss=0.05331 q=0.602 trunc=0 sps=2671 elapsed=0.1m
iter 6/4882 steps=24576 episodes=162 score50=8.14 eps=0.988 loss=0.05159 q=0.653 trunc=0 sps=2644 elapsed=0.2m
iter 7/4882 steps=28672 episodes=196 score50=6.78 eps=0.986 loss=0.04491 q=0.718 trunc=0 sps=2637 elapsed=0.2m
iter 8/4882 steps=32768 episodes=224 score50=7.02 eps=0.984 loss=0.00703 q=0.762 trunc=0 sps=2625 elapsed=0.2m
iter 9/4882 steps=36864 episodes=246 score50=7.66 eps=0.982 loss=0.00407 q=0.785 trunc=0 sps=2632 elapsed=0.2m
iter 10/4882 steps=40960 episodes=283 score50=8.54 eps=0.980 loss=0.04435 q=0.776 trunc=0 sps=2633 elapsed=0.3m
iter 11/4882 steps=45056 episodes=315 score50=8.74 eps=0.978 loss=0.04205 q=0.793 trunc=0 sps=2649 elapsed=0.3m
iter 12/4882 steps=49152 episodes=355 score50=8.80 eps=0.976 loss=0.04699 q=0.825 trunc=0 sps=2652 elapsed=0.3m
iter 13/4882 steps=53248 episodes=386 score50=7.34 eps=0.974 loss=0.10938 q=0.826 trunc=0 sps=2646 elapsed=0.3m
iter 14/4882 steps=57344 episodes=415 score50=6.90 eps=0.972 loss=0.03284 q=0.810 trunc=0 sps=2649 elapsed=0.4m
iter 15/4882 steps=61440 episodes=446 score50=6.56 eps=0.970 loss=0.02997 q=0.867 trunc=0 sps=2650 elapsed=0.4m
iter 16/4882 steps=65536 episodes=478 score50=7.14 eps=0.968 loss=0.02204 q=0.887 trunc=0 sps=2652 elapsed=0.4m
iter 17/4882 steps=69632 episodes=506 score50=9.34 eps=0.966 loss=0.05583 q=0.903 trunc=0 sps=2656 elapsed=0.4m
iter 18/4882 steps=73728 episodes=531 score50=10.92 eps=0.964 loss=0.01896 q=0.911 trunc=0 sps=2656 elapsed=0.5m
iter 19/4882 steps=77824 episodes=564 score50=9.66 eps=0.961 loss=0.13716 q=0.920 trunc=0 sps=2660 elapsed=0.5m
iter 20/4882 steps=81920 episodes=606 score50=7.76 eps=0.959 loss=0.05417 q=0.892 trunc=0 sps=2660 elapsed=0.5m
iter 21/4882 steps=86016 episodes=631 score50=7.54 eps=0.957 loss=0.05790 q=0.948 trunc=0 sps=2668 elapsed=0.5m
iter 22/4882 steps=90112 episodes=653 score50=8.02 eps=0.955 loss=0.02014 q=0.990 trunc=0 sps=2662 elapsed=0.6m
iter 23/4882 steps=94208 episodes=683 score50=7.94 eps=0.953 loss=0.02957 q=1.026 trunc=0 sps=2664 elapsed=0.6m
iter 24/4882 steps=98304 episodes=713 score50=10.76 eps=0.951 loss=0.05109 q=1.033 trunc=0 sps=2659 elapsed=0.6m
iter 25/4882 steps=102400 episodes=747 score50=10.40 eps=0.949 loss=0.02044 q=1.069 trunc=0 sps=2655 elapsed=0.6m
iter 26/4882 steps=106496 episodes=774 score50=7.74 eps=0.947 loss=0.06375 q=1.093 trunc=0 sps=2647 elapsed=0.7m
iter 27/4882 steps=110592 episodes=812 score50=8.16 eps=0.945 loss=0.02439 q=1.113 trunc=0 sps=2650 elapsed=0.7m
iter 28/4882 steps=114688 episodes=840 score50=7.02 eps=0.943 loss=0.05966 q=1.138 trunc=0 sps=2654 elapsed=0.7m
iter 29/4882 steps=118784 episodes=873 score50=7.54 eps=0.941 loss=0.05021 q=1.126 trunc=0 sps=2651 elapsed=0.7m
iter 30/4882 steps=122880 episodes=910 score50=8.60 eps=0.939 loss=0.10069 q=1.200 trunc=0 sps=2652 elapsed=0.8m
iter 31/4882 steps=126976 episodes=955 score50=8.54 eps=0.937 loss=0.02460 q=1.198 trunc=0 sps=2656 elapsed=0.8m
iter 32/4882 steps=131072 episodes=983 score50=7.44 eps=0.935 loss=0.07676 q=1.255 trunc=0 sps=2657 elapsed=0.8m
iter 33/4882 steps=135168 episodes=1017 score50=7.62 eps=0.933 loss=0.06294 q=1.239 trunc=0 sps=2661 elapsed=0.8m
iter 34/4882 steps=139264 episodes=1052 score50=5.94 eps=0.931 loss=0.08572 q=1.243 trunc=0 sps=2654 elapsed=0.9m
iter 35/4882 steps=143360 episodes=1071 score50=6.42 eps=0.929 loss=0.08680 q=1.253 trunc=0 sps=2652 elapsed=0.9m
iter 36/4882 steps=147456 episodes=1100 score50=8.10 eps=0.927 loss=0.03221 q=1.256 trunc=0 sps=2649 elapsed=0.9m
iter 37/4882 steps=151552 episodes=1132 score50=9.06 eps=0.925 loss=0.00513 q=1.284 trunc=0 sps=2647 elapsed=1.0m
iter 38/4882 steps=155648 episodes=1166 score50=10.00 eps=0.923 loss=0.01783 q=1.318 trunc=0 sps=2649 elapsed=1.0m
iter 39/4882 steps=159744 episodes=1199 score50=9.36 eps=0.921 loss=0.08530 q=1.317 trunc=0 sps=2649 elapsed=1.0m
iter 40/4882 steps=163840 episodes=1226 score50=7.88 eps=0.919 loss=0.01339 q=1.359 trunc=0 sps=2652 elapsed=1.0m
iter 41/4882 steps=167936 episodes=1264 score50=7.66 eps=0.917 loss=0.09038 q=1.348 trunc=0 sps=2652 elapsed=1.1m
iter 42/4882 steps=172032 episodes=1292 score50=8.10 eps=0.915 loss=0.04778 q=1.381 trunc=0 sps=2654 elapsed=1.1m
iter 43/4882 steps=176128 episodes=1324 score50=8.26 eps=0.913 loss=0.05537 q=1.388 trunc=0 sps=2657 elapsed=1.1m
iter 44/4882 steps=180224 episodes=1356 score50=8.36 eps=0.911 loss=0.04612 q=1.396 trunc=0 sps=2653 elapsed=1.1m
iter 45/4882 steps=184320 episodes=1392 score50=7.44 eps=0.909 loss=0.11560 q=1.361 trunc=0 sps=2653 elapsed=1.2m
iter 46/4882 steps=188416 episodes=1426 score50=7.38 eps=0.907 loss=0.06228 q=1.342 trunc=0 sps=2653 elapsed=1.2m
iter 47/4882 steps=192512 episodes=1455 score50=8.26 eps=0.905 loss=0.02683 q=1.305 trunc=0 sps=2654 elapsed=1.2m
iter 48/4882 steps=196608 episodes=1480 score50=8.32 eps=0.903 loss=0.05208 q=1.326 trunc=0 sps=2653 elapsed=1.2m
iter 49/4882 steps=200704 episodes=1503 score50=8.30 eps=0.901 loss=0.01806 q=1.371 trunc=0 sps=2654 elapsed=1.3m
iter 50/4882 steps=204800 episodes=1542 score50=9.28 eps=0.899 loss=0.02883 q=1.359 trunc=0 sps=2655 elapsed=1.3m
iter 51/4882 steps=208896 episodes=1580 score50=7.18 eps=0.897 loss=0.04797 q=1.359 trunc=0 sps=2655 elapsed=1.3m
iter 52/4882 steps=212992 episodes=1610 score50=8.20 eps=0.895 loss=0.02967 q=1.367 trunc=0 sps=2654 elapsed=1.3m
iter 53/4882 steps=217088 episodes=1646 score50=7.22 eps=0.893 loss=0.05855 q=1.394 trunc=0 sps=2656 elapsed=1.4m
iter 54/4882 steps=221184 episodes=1678 score50=7.06 eps=0.891 loss=0.04044 q=1.422 trunc=0 sps=2659 elapsed=1.4m
iter 55/4882 steps=225280 episodes=1699 score50=8.32 eps=0.888 loss=0.00578 q=1.431 trunc=0 sps=2658 elapsed=1.4m
iter 56/4882 steps=229376 episodes=1729 score50=8.60 eps=0.886 loss=0.03340 q=1.412 trunc=0 sps=2661 elapsed=1.4m
iter 57/4882 steps=233472 episodes=1760 score50=7.92 eps=0.884 loss=0.12478 q=1.432 trunc=0 sps=2661 elapsed=1.5m
iter 58/4882 steps=237568 episodes=1786 score50=9.50 eps=0.882 loss=0.05481 q=1.444 trunc=0 sps=2661 elapsed=1.5m
iter 59/4882 steps=241664 episodes=1823 score50=8.66 eps=0.880 loss=0.08621 q=1.419 trunc=0 sps=2663 elapsed=1.5m
iter 60/4882 steps=245760 episodes=1857 score50=7.98 eps=0.878 loss=0.25038 q=1.405 trunc=0 sps=2661 elapsed=1.5m
iter 61/4882 steps=249856 episodes=1884 score50=7.36 eps=0.876 loss=0.04735 q=1.411 trunc=0 sps=2661 elapsed=1.6m
iter 62/4882 steps=253952 episodes=1908 score50=9.82 eps=0.874 loss=0.06163 q=1.393 trunc=0 sps=2660 elapsed=1.6m
iter 63/4882 steps=258048 episodes=1934 score50=9.52 eps=0.872 loss=0.07719 q=1.421 trunc=0 sps=2662 elapsed=1.6m
iter 64/4882 steps=262144 episodes=1973 score50=7.48 eps=0.870 loss=0.13103 q=1.449 trunc=0 sps=2659 elapsed=1.6m
iter 65/4882 steps=266240 episodes=2013 score50=7.36 eps=0.868 loss=0.09840 q=1.439 trunc=0 sps=2656 elapsed=1.7m
iter 66/4882 steps=270336 episodes=2034 score50=8.40 eps=0.866 loss=0.00886 q=1.458 trunc=0 sps=2651 elapsed=1.7m
iter 67/4882 steps=274432 episodes=2079 score50=7.72 eps=0.864 loss=0.12641 q=1.384 trunc=0 sps=2648 elapsed=1.7m
iter 68/4882 steps=278528 episodes=2115 score50=8.04 eps=0.862 loss=0.08292 q=1.447 trunc=0 sps=2642 elapsed=1.8m
iter 69/4882 steps=282624 episodes=2151 score50=7.52 eps=0.860 loss=0.01753 q=1.433 trunc=0 sps=2644 elapsed=1.8m
iter 70/4882 steps=286720 episodes=2177 score50=7.60 eps=0.858 loss=0.13087 q=1.450 trunc=0 sps=2645 elapsed=1.8m
iter 71/4882 steps=290816 episodes=2201 score50=7.62 eps=0.856 loss=0.01518 q=1.434 trunc=0 sps=2644 elapsed=1.8m
iter 72/4882 steps=294912 episodes=2231 score50=7.98 eps=0.854 loss=0.09883 q=1.386 trunc=0 sps=2644 elapsed=1.9m
iter 73/4882 steps=299008 episodes=2266 score50=8.34 eps=0.852 loss=0.11934 q=1.372 trunc=0 sps=2644 elapsed=1.9m
iter 74/4882 steps=303104 episodes=2295 score50=8.34 eps=0.850 loss=0.05249 q=1.393 trunc=0 sps=2644 elapsed=1.9m
iter 75/4882 steps=307200 episodes=2330 score50=8.66 eps=0.848 loss=0.09944 q=1.383 trunc=0 sps=2645 elapsed=1.9m
iter 76/4882 steps=311296 episodes=2366 score50=8.34 eps=0.846 loss=0.07729 q=1.366 trunc=0 sps=2646 elapsed=2.0m
iter 77/4882 steps=315392 episodes=2396 score50=8.00 eps=0.844 loss=0.04353 q=1.387 trunc=0 sps=2647 elapsed=2.0m
iter 78/4882 steps=319488 episodes=2426 score50=7.84 eps=0.842 loss=0.09336 q=1.373 trunc=0 sps=2648 elapsed=2.0m
iter 79/4882 steps=323584 episodes=2452 score50=8.20 eps=0.840 loss=0.04887 q=1.405 trunc=0 sps=2649 elapsed=2.0m
iter 80/4882 steps=327680 episodes=2478 score50=7.86 eps=0.838 loss=0.08824 q=1.436 trunc=0 sps=2648 elapsed=2.1m
iter 81/4882 steps=331776 episodes=2518 score50=8.00 eps=0.836 loss=0.06070 q=1.423 trunc=0 sps=2646 elapsed=2.1m
iter 82/4882 steps=335872 episodes=2548 score50=9.14 eps=0.834 loss=0.03467 q=1.450 trunc=0 sps=2647 elapsed=2.1m
iter 83/4882 steps=339968 episodes=2578 score50=8.86 eps=0.832 loss=0.06805 q=1.507 trunc=0 sps=2647 elapsed=2.1m
iter 84/4882 steps=344064 episodes=2604 score50=9.24 eps=0.830 loss=0.08241 q=1.491 trunc=0 sps=2645 elapsed=2.2m
iter 85/4882 steps=348160 episodes=2632 score50=7.40 eps=0.828 loss=0.02636 q=1.484 trunc=0 sps=2646 elapsed=2.2m
iter 86/4882 steps=352256 episodes=2660 score50=7.46 eps=0.826 loss=0.05087 q=1.498 trunc=0 sps=2646 elapsed=2.2m
iter 87/4882 steps=356352 episodes=2698 score50=8.66 eps=0.824 loss=0.08963 q=1.481 trunc=0 sps=2646 elapsed=2.2m
iter 88/4882 steps=360448 episodes=2725 score50=8.14 eps=0.822 loss=0.13614 q=1.475 trunc=0 sps=2646 elapsed=2.3m
iter 89/4882 steps=364544 episodes=2751 score50=8.34 eps=0.820 loss=0.08456 q=1.480 trunc=0 sps=2646 elapsed=2.3m
iter 90/4882 steps=368640 episodes=2793 score50=8.28 eps=0.818 loss=0.08620 q=1.443 trunc=0 sps=2646 elapsed=2.3m
iter 91/4882 steps=372736 episodes=2825 score50=8.20 eps=0.815 loss=0.05126 q=1.506 trunc=0 sps=2646 elapsed=2.3m
iter 92/4882 steps=376832 episodes=2857 score50=8.48 eps=0.813 loss=0.06452 q=1.450 trunc=0 sps=2647 elapsed=2.4m
iter 93/4882 steps=380928 episodes=2889 score50=8.14 eps=0.811 loss=0.01498 q=1.453 trunc=0 sps=2646 elapsed=2.4m
iter 94/4882 steps=385024 episodes=2914 score50=7.68 eps=0.809 loss=0.14154 q=1.500 trunc=0 sps=2646 elapsed=2.4m
iter 95/4882 steps=389120 episodes=2941 score50=8.54 eps=0.807 loss=0.04372 q=1.461 trunc=0 sps=2648 elapsed=2.4m
iter 96/4882 steps=393216 episodes=2975 score50=9.16 eps=0.805 loss=0.05386 q=1.469 trunc=0 sps=2647 elapsed=2.5m
iter 97/4882 steps=397312 episodes=3011 score50=8.86 eps=0.803 loss=0.01472 q=1.479 trunc=0 sps=2647 elapsed=2.5m
iter 98/4882 steps=401408 episodes=3040 score50=9.46 eps=0.801 loss=0.10711 q=1.475 trunc=0 sps=2648 elapsed=2.5m
iter 99/4882 steps=405504 episodes=3071 score50=8.22 eps=0.799 loss=0.05144 q=1.386 trunc=0 sps=2649 elapsed=2.6m
iter 100/4882 steps=409600 episodes=3097 score50=8.48 eps=0.797 loss=0.00610 q=1.442 trunc=0 sps=2649 elapsed=2.6m
  [eval] iter=100 mean=9.20+-0.97 median=9.0 max=19 P(>=120)=0.00 entropy=0.57/2.20 wnorm=19.706 srank=291/512
iter 101/4882 steps=413696 episodes=3124 score50=8.08 eps=0.795 loss=0.03974 q=1.451 trunc=0 sps=2601 elapsed=2.7m
iter 102/4882 steps=417792 episodes=3161 score50=9.34 eps=0.793 loss=0.04112 q=1.418 trunc=0 sps=2601 elapsed=2.7m
iter 103/4882 steps=421888 episodes=3196 score50=7.68 eps=0.791 loss=0.12388 q=1.459 trunc=0 sps=2602 elapsed=2.7m
iter 104/4882 steps=425984 episodes=3220 score50=7.84 eps=0.789 loss=0.04930 q=1.506 trunc=0 sps=2603 elapsed=2.7m
iter 105/4882 steps=430080 episodes=3249 score50=8.04 eps=0.787 loss=0.09527 q=1.494 trunc=0 sps=2603 elapsed=2.8m
iter 106/4882 steps=434176 episodes=3275 score50=7.46 eps=0.785 loss=0.08732 q=1.463 trunc=0 sps=2603 elapsed=2.8m
iter 107/4882 steps=438272 episodes=3301 score50=8.36 eps=0.783 loss=0.00957 q=1.420 trunc=0 sps=2602 elapsed=2.8m
iter 108/4882 steps=442368 episodes=3328 score50=9.52 eps=0.781 loss=0.02981 q=1.477 trunc=0 sps=2600 elapsed=2.8m
iter 109/4882 steps=446464 episodes=3362 score50=9.40 eps=0.779 loss=0.03368 q=1.510 trunc=0 sps=2597 elapsed=2.9m
iter 110/4882 steps=450560 episodes=3393 score50=9.00 eps=0.777 loss=0.01822 q=1.540 trunc=0 sps=2597 elapsed=2.9m
iter 111/4882 steps=454656 episodes=3423 score50=7.88 eps=0.775 loss=0.14122 q=1.473 trunc=0 sps=2594 elapsed=2.9m
iter 112/4882 steps=458752 episodes=3455 score50=8.96 eps=0.773 loss=0.08559 q=1.506 trunc=0 sps=2594 elapsed=2.9m
iter 113/4882 steps=462848 episodes=3487 score50=9.86 eps=0.771 loss=0.08350 q=1.365 trunc=0 sps=2596 elapsed=3.0m
iter 114/4882 steps=466944 episodes=3527 score50=7.10 eps=0.769 loss=0.04224 q=1.340 trunc=0 sps=2596 elapsed=3.0m
iter 115/4882 steps=471040 episodes=3563 score50=7.30 eps=0.767 loss=0.06486 q=1.329 trunc=0 sps=2597 elapsed=3.0m
iter 116/4882 steps=475136 episodes=3590 score50=8.06 eps=0.765 loss=0.05720 q=1.320 trunc=0 sps=2598 elapsed=3.0m
iter 117/4882 steps=479232 episodes=3623 score50=7.18 eps=0.763 loss=0.09330 q=1.345 trunc=0 sps=2598 elapsed=3.1m
iter 118/4882 steps=483328 episodes=3653 score50=7.08 eps=0.761 loss=0.10183 q=1.360 trunc=0 sps=2599 elapsed=3.1m
iter 119/4882 steps=487424 episodes=3683 score50=7.68 eps=0.759 loss=0.06031 q=1.352 trunc=0 sps=2600 elapsed=3.1m
iter 120/4882 steps=491520 episodes=3715 score50=8.76 eps=0.757 loss=0.08072 q=1.342 trunc=0 sps=2600 elapsed=3.2m
iter 121/4882 steps=495616 episodes=3740 score50=8.72 eps=0.755 loss=0.01836 q=1.311 trunc=0 sps=2600 elapsed=3.2m
iter 122/4882 steps=499712 episodes=3780 score50=7.66 eps=0.753 loss=0.12742 q=1.297 trunc=0 sps=2599 elapsed=3.2m
iter 123/4882 steps=503808 episodes=3817 score50=8.48 eps=0.751 loss=0.10289 q=1.361 trunc=0 sps=2600 elapsed=3.2m
iter 124/4882 steps=507904 episodes=3844 score50=7.82 eps=0.749 loss=0.07857 q=1.338 trunc=0 sps=2600 elapsed=3.3m
iter 125/4882 steps=512000 episodes=3874 score50=7.10 eps=0.747 loss=0.11017 q=1.335 trunc=0 sps=2602 elapsed=3.3m
iter 126/4882 steps=516096 episodes=3910 score50=8.30 eps=0.745 loss=0.05958 q=1.314 trunc=0 sps=2601 elapsed=3.3m
iter 127/4882 steps=520192 episodes=3943 score50=8.62 eps=0.743 loss=0.06184 q=1.310 trunc=0 sps=2601 elapsed=3.3m
iter 128/4882 steps=524288 episodes=3981 score50=7.44 eps=0.740 loss=0.08170 q=1.290 trunc=0 sps=2601 elapsed=3.4m
iter 129/4882 steps=528384 episodes=4004 score50=7.14 eps=0.738 loss=0.03909 q=1.335 trunc=0 sps=2602 elapsed=3.4m
iter 130/4882 steps=532480 episodes=4036 score50=7.28 eps=0.736 loss=0.10703 q=1.263 trunc=0 sps=2602 elapsed=3.4m
iter 131/4882 steps=536576 episodes=4063 score50=8.28 eps=0.734 loss=0.07929 q=1.188 trunc=0 sps=2601 elapsed=3.4m
iter 132/4882 steps=540672 episodes=4095 score50=8.34 eps=0.732 loss=0.08072 q=1.202 trunc=0 sps=2602 elapsed=3.5m
iter 133/4882 steps=544768 episodes=4130 score50=9.42 eps=0.730 loss=0.08531 q=1.193 trunc=0 sps=2602 elapsed=3.5m
iter 134/4882 steps=548864 episodes=4166 score50=9.02 eps=0.728 loss=0.05395 q=1.137 trunc=0 sps=2602 elapsed=3.5m
iter 135/4882 steps=552960 episodes=4186 score50=8.08 eps=0.726 loss=0.01718 q=1.151 trunc=0 sps=2602 elapsed=3.5m
iter 136/4882 steps=557056 episodes=4212 score50=8.10 eps=0.724 loss=0.09875 q=1.095 trunc=0 sps=2603 elapsed=3.6m
iter 137/4882 steps=561152 episodes=4242 score50=7.18 eps=0.722 loss=0.00845 q=1.059 trunc=0 sps=2603 elapsed=3.6m
iter 138/4882 steps=565248 episodes=4277 score50=9.16 eps=0.720 loss=0.04595 q=1.084 trunc=0 sps=2603 elapsed=3.6m
iter 139/4882 steps=569344 episodes=4308 score50=8.84 eps=0.718 loss=0.07456 q=1.115 trunc=0 sps=2604 elapsed=3.6m
iter 140/4882 steps=573440 episodes=4335 score50=8.98 eps=0.716 loss=0.07704 q=1.034 trunc=0 sps=2604 elapsed=3.7m
iter 141/4882 steps=577536 episodes=4360 score50=9.16 eps=0.714 loss=0.02151 q=1.062 trunc=0 sps=2605 elapsed=3.7m
iter 142/4882 steps=581632 episodes=4391 score50=8.56 eps=0.712 loss=0.04543 q=1.089 trunc=0 sps=2606 elapsed=3.7m
iter 143/4882 steps=585728 episodes=4418 score50=8.48 eps=0.710 loss=0.00585 q=1.065 trunc=0 sps=2606 elapsed=3.7m
iter 144/4882 steps=589824 episodes=4441 score50=9.44 eps=0.708 loss=0.05698 q=1.121 trunc=0 sps=2606 elapsed=3.8m
iter 145/4882 steps=593920 episodes=4467 score50=10.46 eps=0.706 loss=0.02651 q=1.098 trunc=0 sps=2606 elapsed=3.8m
iter 146/4882 steps=598016 episodes=4491 score50=9.44 eps=0.704 loss=0.00580 q=1.109 trunc=0 sps=2607 elapsed=3.8m
iter 147/4882 steps=602112 episodes=4522 score50=9.38 eps=0.702 loss=0.02848 q=1.072 trunc=0 sps=2607 elapsed=3.8m
iter 148/4882 steps=606208 episodes=4546 score50=9.78 eps=0.700 loss=0.02315 q=1.164 trunc=0 sps=2607 elapsed=3.9m
iter 149/4882 steps=610304 episodes=4582 score50=9.62 eps=0.698 loss=0.09992 q=1.133 trunc=0 sps=2607 elapsed=3.9m
iter 150/4882 steps=614400 episodes=4613 score50=10.16 eps=0.696 loss=0.05542 q=1.156 trunc=0 sps=2606 elapsed=3.9m
iter 151/4882 steps=618496 episodes=4649 score50=8.64 eps=0.694 loss=0.01563 q=1.206 trunc=0 sps=2605 elapsed=4.0m
iter 152/4882 steps=622592 episodes=4683 score50=8.14 eps=0.692 loss=0.03470 q=1.167 trunc=0 sps=2604 elapsed=4.0m
iter 153/4882 steps=626688 episodes=4719 score50=7.32 eps=0.690 loss=0.03097 q=1.233 trunc=0 sps=2605 elapsed=4.0m
iter 154/4882 steps=630784 episodes=4744 score50=7.64 eps=0.688 loss=0.04683 q=1.232 trunc=0 sps=2605 elapsed=4.0m
iter 155/4882 steps=634880 episodes=4778 score50=7.04 eps=0.686 loss=0.07718 q=1.238 trunc=0 sps=2605 elapsed=4.1m
iter 156/4882 steps=638976 episodes=4806 score50=8.64 eps=0.684 loss=0.06819 q=1.204 trunc=0 sps=2605 elapsed=4.1m
iter 157/4882 steps=643072 episodes=4840 score50=7.92 eps=0.682 loss=0.05969 q=1.221 trunc=0 sps=2606 elapsed=4.1m
iter 158/4882 steps=647168 episodes=4856 score50=8.04 eps=0.680 loss=0.07060 q=1.195 trunc=0 sps=2606 elapsed=4.1m
iter 159/4882 steps=651264 episodes=4883 score50=9.44 eps=0.678 loss=0.03365 q=1.142 trunc=0 sps=2604 elapsed=4.2m
iter 160/4882 steps=655360 episodes=4915 score50=8.86 eps=0.676 loss=0.07022 q=1.094 trunc=0 sps=2604 elapsed=4.2m
iter 161/4882 steps=659456 episodes=4946 score50=8.76 eps=0.674 loss=0.06691 q=1.130 trunc=0 sps=2605 elapsed=4.2m
iter 162/4882 steps=663552 episodes=4983 score50=9.58 eps=0.672 loss=0.03850 q=1.136 trunc=0 sps=2605 elapsed=4.2m
iter 163/4882 steps=667648 episodes=5016 score50=9.02 eps=0.670 loss=0.09061 q=1.136 trunc=0 sps=2606 elapsed=4.3m
iter 164/4882 steps=671744 episodes=5050 score50=8.48 eps=0.667 loss=0.06451 q=1.124 trunc=0 sps=2607 elapsed=4.3m
iter 165/4882 steps=675840 episodes=5080 score50=7.62 eps=0.665 loss=0.02744 q=1.081 trunc=0 sps=2608 elapsed=4.3m
iter 166/4882 steps=679936 episodes=5103 score50=7.40 eps=0.663 loss=0.09846 q=1.132 trunc=0 sps=2608 elapsed=4.3m
iter 167/4882 steps=684032 episodes=5136 score50=9.14 eps=0.661 loss=0.01726 q=1.112 trunc=0 sps=2609 elapsed=4.4m
iter 168/4882 steps=688128 episodes=5168 score50=6.98 eps=0.659 loss=0.08466 q=1.004 trunc=0 sps=2610 elapsed=4.4m
iter 169/4882 steps=692224 episodes=5197 score50=7.30 eps=0.657 loss=0.01087 q=1.094 trunc=0 sps=2610 elapsed=4.4m
iter 170/4882 steps=696320 episodes=5223 score50=9.24 eps=0.655 loss=0.05347 q=1.067 trunc=0 sps=2610 elapsed=4.4m
iter 171/4882 steps=700416 episodes=5256 score50=8.18 eps=0.653 loss=0.07742 q=1.016 trunc=0 sps=2611 elapsed=4.5m
iter 172/4882 steps=704512 episodes=5286 score50=9.16 eps=0.651 loss=0.05114 q=1.060 trunc=0 sps=2610 elapsed=4.5m
iter 173/4882 steps=708608 episodes=5315 score50=8.82 eps=0.649 loss=0.07838 q=1.108 trunc=0 sps=2610 elapsed=4.5m
iter 174/4882 steps=712704 episodes=5351 score50=7.72 eps=0.647 loss=0.04941 q=1.072 trunc=0 sps=2611 elapsed=4.5m
iter 175/4882 steps=716800 episodes=5384 score50=7.26 eps=0.645 loss=0.05387 q=1.069 trunc=0 sps=2610 elapsed=4.6m
iter 176/4882 steps=720896 episodes=5414 score50=7.94 eps=0.643 loss=0.09220 q=1.098 trunc=0 sps=2611 elapsed=4.6m
iter 177/4882 steps=724992 episodes=5441 score50=8.94 eps=0.641 loss=0.08124 q=1.111 trunc=0 sps=2612 elapsed=4.6m
iter 178/4882 steps=729088 episodes=5470 score50=8.46 eps=0.639 loss=0.02895 q=1.066 trunc=0 sps=2611 elapsed=4.7m
iter 179/4882 steps=733184 episodes=5500 score50=8.72 eps=0.637 loss=0.06337 q=1.058 trunc=0 sps=2611 elapsed=4.7m
iter 180/4882 steps=737280 episodes=5533 score50=8.86 eps=0.635 loss=0.03346 q=1.001 trunc=0 sps=2611 elapsed=4.7m
iter 181/4882 steps=741376 episodes=5568 score50=7.50 eps=0.633 loss=0.10583 q=0.966 trunc=0 sps=2611 elapsed=4.7m
iter 182/4882 steps=745472 episodes=5603 score50=7.68 eps=0.631 loss=0.05891 q=1.008 trunc=0 sps=2612 elapsed=4.8m
iter 183/4882 steps=749568 episodes=5632 score50=7.00 eps=0.629 loss=0.03717 q=1.027 trunc=0 sps=2612 elapsed=4.8m
iter 184/4882 steps=753664 episodes=5657 score50=7.36 eps=0.627 loss=0.08216 q=1.100 trunc=0 sps=2612 elapsed=4.8m
iter 185/4882 steps=757760 episodes=5697 score50=7.86 eps=0.625 loss=0.05935 q=1.016 trunc=0 sps=2612 elapsed=4.8m
iter 186/4882 steps=761856 episodes=5724 score50=8.92 eps=0.623 loss=0.04635 q=1.102 trunc=0 sps=2612 elapsed=4.9m
iter 187/4882 steps=765952 episodes=5748 score50=8.86 eps=0.621 loss=0.08214 q=1.106 trunc=0 sps=2613 elapsed=4.9m
iter 188/4882 steps=770048 episodes=5774 score50=8.36 eps=0.619 loss=0.04725 q=1.180 trunc=0 sps=2612 elapsed=4.9m
iter 189/4882 steps=774144 episodes=5803 score50=8.72 eps=0.617 loss=0.10816 q=1.099 trunc=0 sps=2612 elapsed=4.9m
iter 190/4882 steps=778240 episodes=5842 score50=8.92 eps=0.615 loss=0.05373 q=1.137 trunc=0 sps=2612 elapsed=5.0m
iter 191/4882 steps=782336 episodes=5888 score50=9.08 eps=0.613 loss=0.10887 q=1.076 trunc=0 sps=2613 elapsed=5.0m
iter 192/4882 steps=786432 episodes=5918 score50=8.90 eps=0.611 loss=0.05961 q=1.134 trunc=0 sps=2613 elapsed=5.0m
iter 193/4882 steps=790528 episodes=5948 score50=6.98 eps=0.609 loss=0.08343 q=1.173 trunc=0 sps=2614 elapsed=5.0m
iter 194/4882 steps=794624 episodes=5982 score50=7.50 eps=0.607 loss=0.02497 q=1.184 trunc=0 sps=2613 elapsed=5.1m
iter 195/4882 steps=798720 episodes=6010 score50=8.52 eps=0.605 loss=0.02058 q=1.144 trunc=0 sps=2612 elapsed=5.1m
iter 196/4882 steps=802816 episodes=6032 score50=8.30 eps=0.603 loss=0.08758 q=1.118 trunc=0 sps=2612 elapsed=5.1m
iter 197/4882 steps=806912 episodes=6079 score50=9.16 eps=0.601 loss=0.08356 q=1.106 trunc=0 sps=2611 elapsed=5.2m
iter 198/4882 steps=811008 episodes=6100 score50=9.58 eps=0.599 loss=0.03923 q=1.112 trunc=0 sps=2611 elapsed=5.2m
iter 199/4882 steps=815104 episodes=6121 score50=9.20 eps=0.597 loss=0.06694 q=1.104 trunc=0 sps=2611 elapsed=5.2m
iter 200/4882 steps=819200 episodes=6154 score50=8.50 eps=0.594 loss=0.17569 q=1.086 trunc=0 sps=2611 elapsed=5.2m
  [eval] iter=200 mean=5.35+-0.56 median=6.0 max=9 P(>=120)=0.00 entropy=1.83/2.20 wnorm=23.020 srank=284/512
iter 201/4882 steps=823296 episodes=6185 score50=8.32 eps=0.592 loss=0.02590 q=1.048 trunc=0 sps=2598 elapsed=5.3m
iter 202/4882 steps=827392 episodes=6220 score50=7.60 eps=0.590 loss=0.04795 q=1.065 trunc=0 sps=2598 elapsed=5.3m
iter 203/4882 steps=831488 episodes=6245 score50=7.50 eps=0.588 loss=0.05410 q=1.101 trunc=0 sps=2598 elapsed=5.3m
iter 204/4882 steps=835584 episodes=6273 score50=9.30 eps=0.586 loss=0.04148 q=1.109 trunc=0 sps=2598 elapsed=5.4m
iter 205/4882 steps=839680 episodes=6304 score50=8.40 eps=0.584 loss=0.01431 q=1.119 trunc=0 sps=2599 elapsed=5.4m
iter 206/4882 steps=843776 episodes=6330 score50=8.98 eps=0.582 loss=0.07604 q=1.091 trunc=0 sps=2599 elapsed=5.4m
iter 207/4882 steps=847872 episodes=6359 score50=10.14 eps=0.580 loss=0.02522 q=1.072 trunc=0 sps=2600 elapsed=5.4m
iter 208/4882 steps=851968 episodes=6387 score50=9.00 eps=0.578 loss=0.00783 q=1.106 trunc=0 sps=2599 elapsed=5.5m
iter 209/4882 steps=856064 episodes=6419 score50=9.12 eps=0.576 loss=0.01669 q=1.147 trunc=0 sps=2599 elapsed=5.5m
iter 210/4882 steps=860160 episodes=6452 score50=9.10 eps=0.574 loss=0.01686 q=1.166 trunc=0 sps=2599 elapsed=5.5m
iter 211/4882 steps=864256 episodes=6483 score50=7.20 eps=0.572 loss=0.12838 q=1.134 trunc=0 sps=2599 elapsed=5.5m
iter 212/4882 steps=868352 episodes=6517 score50=7.56 eps=0.570 loss=0.02332 q=1.130 trunc=0 sps=2599 elapsed=5.6m
iter 213/4882 steps=872448 episodes=6546 score50=8.56 eps=0.568 loss=0.03398 q=1.151 trunc=0 sps=2600 elapsed=5.6m
iter 214/4882 steps=876544 episodes=6577 score50=9.40 eps=0.566 loss=0.12286 q=1.102 trunc=0 sps=2600 elapsed=5.6m
iter 215/4882 steps=880640 episodes=6608 score50=9.44 eps=0.564 loss=0.03450 q=1.095 trunc=0 sps=2600 elapsed=5.6m
iter 216/4882 steps=884736 episodes=6638 score50=8.52 eps=0.562 loss=0.09267 q=1.092 trunc=0 sps=2601 elapsed=5.7m
iter 217/4882 steps=888832 episodes=6666 score50=8.90 eps=0.560 loss=0.04521 q=1.130 trunc=0 sps=2601 elapsed=5.7m
iter 218/4882 steps=892928 episodes=6697 score50=8.76 eps=0.558 loss=0.04757 q=1.063 trunc=0 sps=2601 elapsed=5.7m
iter 219/4882 steps=897024 episodes=6730 score50=8.14 eps=0.556 loss=0.03757 q=1.107 trunc=0 sps=2602 elapsed=5.7m
iter 220/4882 steps=901120 episodes=6767 score50=7.44 eps=0.554 loss=0.10032 q=0.967 trunc=0 sps=2602 elapsed=5.8m
iter 221/4882 steps=905216 episodes=6792 score50=7.18 eps=0.552 loss=0.03838 q=0.951 trunc=0 sps=2603 elapsed=5.8m
iter 222/4882 steps=909312 episodes=6816 score50=6.94 eps=0.550 loss=0.04979 q=0.917 trunc=0 sps=2603 elapsed=5.8m
iter 223/4882 steps=913408 episodes=6853 score50=8.24 eps=0.548 loss=0.04088 q=0.945 trunc=0 sps=2604 elapsed=5.8m
iter 224/4882 steps=917504 episodes=6875 score50=8.58 eps=0.546 loss=0.01223 q=0.881 trunc=0 sps=2604 elapsed=5.9m
iter 225/4882 steps=921600 episodes=6905 score50=9.04 eps=0.544 loss=0.02988 q=0.879 trunc=0 sps=2604 elapsed=5.9m
iter 226/4882 steps=925696 episodes=6938 score50=9.06 eps=0.542 loss=0.01541 q=0.979 trunc=0 sps=2605 elapsed=5.9m
iter 227/4882 steps=929792 episodes=6962 score50=9.42 eps=0.540 loss=0.05550 q=0.974 trunc=0 sps=2605 elapsed=5.9m
iter 228/4882 steps=933888 episodes=6985 score50=7.72 eps=0.538 loss=0.03969 q=0.939 trunc=0 sps=2605 elapsed=6.0m
iter 229/4882 steps=937984 episodes=7013 score50=8.92 eps=0.536 loss=0.02426 q=0.911 trunc=0 sps=2605 elapsed=6.0m
iter 230/4882 steps=942080 episodes=7051 score50=9.94 eps=0.534 loss=0.02740 q=0.932 trunc=0 sps=2605 elapsed=6.0m
iter 231/4882 steps=946176 episodes=7074 score50=8.40 eps=0.532 loss=0.11595 q=0.900 trunc=0 sps=2605 elapsed=6.1m
iter 232/4882 steps=950272 episodes=7103 score50=9.02 eps=0.530 loss=0.03616 q=0.945 trunc=0 sps=2605 elapsed=6.1m
iter 233/4882 steps=954368 episodes=7132 score50=11.08 eps=0.528 loss=0.05388 q=0.931 trunc=0 sps=2605 elapsed=6.1m
iter 234/4882 steps=958464 episodes=7162 score50=9.60 eps=0.526 loss=0.03753 q=0.994 trunc=0 sps=2604 elapsed=6.1m
iter 235/4882 steps=962560 episodes=7188 score50=8.10 eps=0.524 loss=0.02887 q=0.958 trunc=0 sps=2602 elapsed=6.2m
iter 236/4882 steps=966656 episodes=7221 score50=9.24 eps=0.522 loss=0.03467 q=0.951 trunc=0 sps=2601 elapsed=6.2m
iter 237/4882 steps=970752 episodes=7249 score50=9.94 eps=0.519 loss=0.07396 q=0.968 trunc=0 sps=2601 elapsed=6.2m
iter 238/4882 steps=974848 episodes=7275 score50=8.30 eps=0.517 loss=0.01022 q=0.928 trunc=0 sps=2601 elapsed=6.2m
iter 239/4882 steps=978944 episodes=7300 score50=7.78 eps=0.515 loss=0.01173 q=0.979 trunc=0 sps=2601 elapsed=6.3m
iter 240/4882 steps=983040 episodes=7327 score50=9.86 eps=0.513 loss=0.07778 q=0.934 trunc=0 sps=2601 elapsed=6.3m
iter 241/4882 steps=987136 episodes=7355 score50=9.10 eps=0.511 loss=0.04302 q=0.953 trunc=0 sps=2601 elapsed=6.3m
iter 242/4882 steps=991232 episodes=7392 score50=8.82 eps=0.509 loss=0.03061 q=0.891 trunc=0 sps=2602 elapsed=6.4m
iter 243/4882 steps=995328 episodes=7423 score50=9.50 eps=0.507 loss=0.04618 q=0.922 trunc=0 sps=2602 elapsed=6.4m
iter 244/4882 steps=999424 episodes=7451 score50=8.22 eps=0.505 loss=0.03594 q=0.928 trunc=0 sps=2602 elapsed=6.4m
iter 245/4882 steps=1003520 episodes=7473 score50=7.66 eps=0.503 loss=0.00864 q=0.998 trunc=0 sps=2602 elapsed=6.4m
iter 246/4882 steps=1007616 episodes=7495 score50=9.10 eps=0.501 loss=0.03087 q=1.035 trunc=0 sps=2602 elapsed=6.5m
iter 247/4882 steps=1011712 episodes=7527 score50=9.74 eps=0.499 loss=0.04582 q=1.015 trunc=0 sps=2602 elapsed=6.5m
iter 248/4882 steps=1015808 episodes=7554 score50=9.58 eps=0.497 loss=0.08111 q=0.972 trunc=0 sps=2602 elapsed=6.5m
iter 249/4882 steps=1019904 episodes=7589 score50=8.38 eps=0.495 loss=0.01884 q=1.010 trunc=0 sps=2602 elapsed=6.5m
iter 250/4882 steps=1024000 episodes=7615 score50=10.42 eps=0.493 loss=0.01030 q=1.001 trunc=0 sps=2602 elapsed=6.6m
iter 251/4882 steps=1028096 episodes=7646 score50=8.70 eps=0.491 loss=0.01613 q=0.983 trunc=0 sps=2602 elapsed=6.6m
iter 252/4882 steps=1032192 episodes=7676 score50=8.34 eps=0.489 loss=0.03273 q=0.984 trunc=0 sps=2602 elapsed=6.6m
iter 253/4882 steps=1036288 episodes=7701 score50=10.28 eps=0.487 loss=0.09322 q=1.030 trunc=0 sps=2603 elapsed=6.6m
iter 254/4882 steps=1040384 episodes=7731 score50=9.56 eps=0.485 loss=0.04385 q=0.991 trunc=0 sps=2603 elapsed=6.7m
iter 255/4882 steps=1044480 episodes=7761 score50=8.62 eps=0.483 loss=0.07806 q=1.036 trunc=0 sps=2604 elapsed=6.7m
iter 256/4882 steps=1048576 episodes=7786 score50=8.92 eps=0.481 loss=0.03583 q=0.975 trunc=0 sps=2604 elapsed=6.7m
iter 257/4882 steps=1052672 episodes=7825 score50=8.16 eps=0.479 loss=0.09756 q=0.960 trunc=0 sps=2603 elapsed=6.7m
iter 258/4882 steps=1056768 episodes=7850 score50=10.10 eps=0.477 loss=0.05714 q=0.987 trunc=0 sps=2604 elapsed=6.8m
iter 259/4882 steps=1060864 episodes=7880 score50=9.00 eps=0.475 loss=0.06139 q=1.015 trunc=0 sps=2604 elapsed=6.8m
iter 260/4882 steps=1064960 episodes=7899 score50=7.38 eps=0.473 loss=0.03418 q=1.025 trunc=0 sps=2604 elapsed=6.8m
iter 261/4882 steps=1069056 episodes=7938 score50=9.02 eps=0.471 loss=0.11284 q=1.025 trunc=0 sps=2604 elapsed=6.8m
iter 262/4882 steps=1073152 episodes=7975 score50=8.62 eps=0.469 loss=0.05109 q=0.700 trunc=0 sps=2605 elapsed=6.9m
iter 263/4882 steps=1077248 episodes=7997 score50=9.40 eps=0.467 loss=0.01248 q=0.725 trunc=0 sps=2606 elapsed=6.9m
iter 264/4882 steps=1081344 episodes=8024 score50=8.90 eps=0.465 loss=0.03309 q=0.660 trunc=0 sps=2606 elapsed=6.9m
iter 265/4882 steps=1085440 episodes=8059 score50=7.66 eps=0.463 loss=0.03675 q=0.688 trunc=0 sps=2606 elapsed=6.9m
iter 266/4882 steps=1089536 episodes=8096 score50=7.00 eps=0.461 loss=0.07151 q=0.735 trunc=0 sps=2607 elapsed=7.0m
iter 267/4882 steps=1093632 episodes=8126 score50=8.56 eps=0.459 loss=0.03256 q=0.784 trunc=0 sps=2606 elapsed=7.0m
iter 268/4882 steps=1097728 episodes=8147 score50=8.62 eps=0.457 loss=0.02230 q=0.722 trunc=0 sps=2606 elapsed=7.0m
iter 269/4882 steps=1101824 episodes=8176 score50=7.84 eps=0.455 loss=0.06944 q=0.648 trunc=0 sps=2607 elapsed=7.0m
iter 270/4882 steps=1105920 episodes=8200 score50=8.62 eps=0.453 loss=0.00271 q=0.699 trunc=0 sps=2607 elapsed=7.1m
iter 271/4882 steps=1110016 episodes=8231 score50=10.30 eps=0.451 loss=0.02197 q=0.716 trunc=0 sps=2607 elapsed=7.1m
iter 272/4882 steps=1114112 episodes=8263 score50=9.50 eps=0.449 loss=0.04969 q=0.708 trunc=0 sps=2608 elapsed=7.1m
iter 273/4882 steps=1118208 episodes=8290 score50=8.44 eps=0.446 loss=0.05211 q=0.701 trunc=0 sps=2608 elapsed=7.1m
iter 274/4882 steps=1122304 episodes=8318 score50=9.50 eps=0.444 loss=0.01139 q=0.721 trunc=0 sps=2607 elapsed=7.2m
iter 275/4882 steps=1126400 episodes=8344 score50=10.94 eps=0.442 loss=0.05765 q=0.750 trunc=0 sps=2606 elapsed=7.2m
iter 276/4882 steps=1130496 episodes=8365 score50=10.42 eps=0.440 loss=0.05075 q=0.772 trunc=0 sps=2606 elapsed=7.2m
iter 277/4882 steps=1134592 episodes=8393 score50=9.52 eps=0.438 loss=0.01618 q=0.769 trunc=0 sps=2605 elapsed=7.3m
iter 278/4882 steps=1138688 episodes=8416 score50=10.08 eps=0.436 loss=0.01446 q=0.782 trunc=0 sps=2604 elapsed=7.3m
iter 279/4882 steps=1142784 episodes=8462 score50=9.46 eps=0.434 loss=0.08794 q=0.802 trunc=0 sps=2604 elapsed=7.3m
iter 280/4882 steps=1146880 episodes=8497 score50=8.22 eps=0.432 loss=0.04705 q=0.733 trunc=0 sps=2603 elapsed=7.3m
iter 281/4882 steps=1150976 episodes=8529 score50=6.36 eps=0.430 loss=0.03269 q=0.746 trunc=0 sps=2604 elapsed=7.4m
iter 282/4882 steps=1155072 episodes=8570 score50=7.84 eps=0.428 loss=0.04622 q=0.590 trunc=0 sps=2604 elapsed=7.4m
iter 283/4882 steps=1159168 episodes=8599 score50=6.70 eps=0.426 loss=0.01540 q=0.662 trunc=0 sps=2603 elapsed=7.4m
iter 284/4882 steps=1163264 episodes=8622 score50=7.64 eps=0.424 loss=0.01023 q=0.726 trunc=0 sps=2603 elapsed=7.4m
iter 285/4882 steps=1167360 episodes=8655 score50=8.84 eps=0.422 loss=0.03597 q=0.768 trunc=0 sps=2603 elapsed=7.5m
iter 286/4882 steps=1171456 episodes=8676 score50=8.64 eps=0.420 loss=0.03284 q=0.775 trunc=0 sps=2603 elapsed=7.5m
iter 287/4882 steps=1175552 episodes=8709 score50=8.52 eps=0.418 loss=0.08282 q=0.687 trunc=0 sps=2603 elapsed=7.5m
iter 288/4882 steps=1179648 episodes=8737 score50=8.40 eps=0.416 loss=0.02963 q=0.750 trunc=0 sps=2603 elapsed=7.6m
iter 289/4882 steps=1183744 episodes=8767 score50=8.20 eps=0.414 loss=0.01103 q=0.781 trunc=0 sps=2604 elapsed=7.6m
iter 290/4882 steps=1187840 episodes=8789 score50=8.64 eps=0.412 loss=0.04005 q=0.836 trunc=0 sps=2603 elapsed=7.6m
iter 291/4882 steps=1191936 episodes=8817 score50=9.22 eps=0.410 loss=0.03614 q=0.847 trunc=0 sps=2604 elapsed=7.6m
iter 292/4882 steps=1196032 episodes=8851 score50=9.84 eps=0.408 loss=0.03936 q=0.809 trunc=0 sps=2604 elapsed=7.7m
iter 293/4882 steps=1200128 episodes=8886 score50=9.44 eps=0.406 loss=0.02641 q=0.738 trunc=0 sps=2604 elapsed=7.7m
iter 294/4882 steps=1204224 episodes=8915 score50=10.38 eps=0.404 loss=0.02390 q=0.807 trunc=0 sps=2604 elapsed=7.7m
iter 295/4882 steps=1208320 episodes=8927 score50=10.24 eps=0.402 loss=0.02088 q=0.858 trunc=0 sps=2604 elapsed=7.7m
iter 296/4882 steps=1212416 episodes=8956 score50=9.96 eps=0.400 loss=0.02443 q=0.832 trunc=0 sps=2604 elapsed=7.8m
iter 297/4882 steps=1216512 episodes=8984 score50=8.68 eps=0.398 loss=0.04017 q=0.843 trunc=0 sps=2604 elapsed=7.8m
iter 298/4882 steps=1220608 episodes=9000 score50=7.80 eps=0.396 loss=0.00712 q=0.793 trunc=0 sps=2604 elapsed=7.8m
iter 299/4882 steps=1224704 episodes=9023 score50=9.22 eps=0.394 loss=0.02394 q=0.791 trunc=0 sps=2604 elapsed=7.8m
iter 300/4882 steps=1228800 episodes=9053 score50=11.14 eps=0.392 loss=0.06085 q=0.809 trunc=0 sps=2604 elapsed=7.9m
  [eval] iter=300 mean=12.30+-1.24 median=12.0 max=24 P(>=120)=0.00 entropy=1.69/2.20 wnorm=25.918 srank=282/512
iter 301/4882 steps=1232896 episodes=9075 score50=10.48 eps=0.390 loss=0.03777 q=0.780 trunc=0 sps=2585 elapsed=7.9m
iter 302/4882 steps=1236992 episodes=9101 score50=10.06 eps=0.388 loss=0.02539 q=0.778 trunc=0 sps=2585 elapsed=8.0m
iter 303/4882 steps=1241088 episodes=9123 score50=10.06 eps=0.386 loss=0.02118 q=0.785 trunc=0 sps=2585 elapsed=8.0m
iter 304/4882 steps=1245184 episodes=9155 score50=11.42 eps=0.384 loss=0.03268 q=0.787 trunc=0 sps=2585 elapsed=8.0m
iter 305/4882 steps=1249280 episodes=9185 score50=11.62 eps=0.382 loss=0.03837 q=0.856 trunc=0 sps=2585 elapsed=8.1m
iter 306/4882 steps=1253376 episodes=9215 score50=9.20 eps=0.380 loss=0.00549 q=0.885 trunc=0 sps=2585 elapsed=8.1m
iter 307/4882 steps=1257472 episodes=9238 score50=9.20 eps=0.378 loss=0.01875 q=0.921 trunc=0 sps=2585 elapsed=8.1m
iter 308/4882 steps=1261568 episodes=9258 score50=9.94 eps=0.376 loss=0.04988 q=0.907 trunc=0 sps=2585 elapsed=8.1m
iter 309/4882 steps=1265664 episodes=9290 score50=10.68 eps=0.373 loss=0.03294 q=0.954 trunc=0 sps=2585 elapsed=8.2m
iter 310/4882 steps=1269760 episodes=9314 score50=10.68 eps=0.371 loss=0.03766 q=0.950 trunc=0 sps=2586 elapsed=8.2m
iter 311/4882 steps=1273856 episodes=9339 score50=10.02 eps=0.369 loss=0.00785 q=1.001 trunc=0 sps=2586 elapsed=8.2m
iter 312/4882 steps=1277952 episodes=9365 score50=9.92 eps=0.367 loss=0.06578 q=0.958 trunc=0 sps=2586 elapsed=8.2m
iter 313/4882 steps=1282048 episodes=9394 score50=9.52 eps=0.365 loss=0.02586 q=0.905 trunc=0 sps=2585 elapsed=8.3m
iter 314/4882 steps=1286144 episodes=9418 score50=8.70 eps=0.363 loss=0.05939 q=0.889 trunc=0 sps=2584 elapsed=8.3m
iter 315/4882 steps=1290240 episodes=9442 score50=8.34 eps=0.361 loss=0.00409 q=0.944 trunc=0 sps=2583 elapsed=8.3m
iter 316/4882 steps=1294336 episodes=9463 score50=9.02 eps=0.359 loss=0.03535 q=0.974 trunc=0 sps=2582 elapsed=8.4m
iter 317/4882 steps=1298432 episodes=9486 score50=9.18 eps=0.357 loss=0.00751 q=0.901 trunc=0 sps=2582 elapsed=8.4m
iter 318/4882 steps=1302528 episodes=9513 score50=11.06 eps=0.355 loss=0.00755 q=0.899 trunc=0 sps=2582 elapsed=8.4m
iter 319/4882 steps=1306624 episodes=9544 score50=12.32 eps=0.353 loss=0.06708 q=0.947 trunc=0 sps=2581 elapsed=8.4m
iter 320/4882 steps=1310720 episodes=9564 score50=12.90 eps=0.351 loss=0.08539 q=0.940 trunc=0 sps=2582 elapsed=8.5m
iter 321/4882 steps=1314816 episodes=9583 score50=12.26 eps=0.349 loss=0.03034 q=0.956 trunc=0 sps=2582 elapsed=8.5m
iter 322/4882 steps=1318912 episodes=9607 score50=10.86 eps=0.347 loss=0.03257 q=0.965 trunc=0 sps=2581 elapsed=8.5m
iter 323/4882 steps=1323008 episodes=9644 score50=9.90 eps=0.345 loss=0.05228 q=0.856 trunc=0 sps=2581 elapsed=8.5m
iter 324/4882 steps=1327104 episodes=9660 score50=9.78 eps=0.343 loss=0.03365 q=0.899 trunc=0 sps=2581 elapsed=8.6m
iter 325/4882 steps=1331200 episodes=9690 score50=9.76 eps=0.341 loss=0.01779 q=0.929 trunc=0 sps=2581 elapsed=8.6m
iter 326/4882 steps=1335296 episodes=9713 score50=9.46 eps=0.339 loss=0.02810 q=0.961 trunc=0 sps=2582 elapsed=8.6m
iter 327/4882 steps=1339392 episodes=9736 score50=9.62 eps=0.337 loss=0.00884 q=0.923 trunc=0 sps=2582 elapsed=8.6m
iter 328/4882 steps=1343488 episodes=9767 score50=9.94 eps=0.335 loss=0.03147 q=0.947 trunc=0 sps=2583 elapsed=8.7m
iter 329/4882 steps=1347584 episodes=9781 score50=12.06 eps=0.333 loss=0.00619 q=1.025 trunc=0 sps=2583 elapsed=8.7m
iter 330/4882 steps=1351680 episodes=9801 score50=10.44 eps=0.331 loss=0.00466 q=1.007 trunc=0 sps=2583 elapsed=8.7m
iter 331/4882 steps=1355776 episodes=9829 score50=9.48 eps=0.329 loss=0.06743 q=0.981 trunc=0 sps=2583 elapsed=8.7m
iter 332/4882 steps=1359872 episodes=9857 score50=11.34 eps=0.327 loss=0.08310 q=0.951 trunc=0 sps=2582 elapsed=8.8m
iter 333/4882 steps=1363968 episodes=9876 score50=10.52 eps=0.325 loss=0.05537 q=0.911 trunc=0 sps=2582 elapsed=8.8m
iter 334/4882 steps=1368064 episodes=9898 score50=10.56 eps=0.323 loss=0.04703 q=0.912 trunc=0 sps=2582 elapsed=8.8m
iter 335/4882 steps=1372160 episodes=9924 score50=11.90 eps=0.321 loss=0.04369 q=0.957 trunc=0 sps=2582 elapsed=8.9m
iter 336/4882 steps=1376256 episodes=9954 score50=11.76 eps=0.319 loss=0.06759 q=0.884 trunc=0 sps=2582 elapsed=8.9m
iter 337/4882 steps=1380352 episodes=9971 score50=12.30 eps=0.317 loss=0.00504 q=0.935 trunc=0 sps=2582 elapsed=8.9m
iter 338/4882 steps=1384448 episodes=9996 score50=12.98 eps=0.315 loss=0.02926 q=0.912 trunc=0 sps=2582 elapsed=8.9m
iter 339/4882 steps=1388544 episodes=10022 score50=11.32 eps=0.313 loss=0.05754 q=0.862 trunc=0 sps=2583 elapsed=9.0m
iter 340/4882 steps=1392640 episodes=10050 score50=10.24 eps=0.311 loss=0.02698 q=0.745 trunc=0 sps=2582 elapsed=9.0m
iter 341/4882 steps=1396736 episodes=10075 score50=10.60 eps=0.309 loss=0.04813 q=0.801 trunc=0 sps=2583 elapsed=9.0m
iter 342/4882 steps=1400832 episodes=10102 score50=10.40 eps=0.307 loss=0.04625 q=0.849 trunc=0 sps=2583 elapsed=9.0m
iter 343/4882 steps=1404928 episodes=10130 score50=9.78 eps=0.305 loss=0.05003 q=0.895 trunc=0 sps=2583 elapsed=9.1m
iter 344/4882 steps=1409024 episodes=10163 score50=9.16 eps=0.303 loss=0.01832 q=0.912 trunc=0 sps=2583 elapsed=9.1m
iter 345/4882 steps=1413120 episodes=10181 score50=9.58 eps=0.301 loss=0.00999 q=0.892 trunc=0 sps=2583 elapsed=9.1m
iter 346/4882 steps=1417216 episodes=10211 score50=10.72 eps=0.298 loss=0.05898 q=0.884 trunc=0 sps=2584 elapsed=9.1m
iter 347/4882 steps=1421312 episodes=10234 score50=9.98 eps=0.296 loss=0.00954 q=0.921 trunc=0 sps=2584 elapsed=9.2m
iter 348/4882 steps=1425408 episodes=10259 score50=9.18 eps=0.294 loss=0.01256 q=0.950 trunc=0 sps=2584 elapsed=9.2m
iter 349/4882 steps=1429504 episodes=10285 score50=8.74 eps=0.292 loss=0.02674 q=0.972 trunc=0 sps=2584 elapsed=9.2m
iter 350/4882 steps=1433600 episodes=10310 score50=8.74 eps=0.290 loss=0.01210 q=0.973 trunc=0 sps=2584 elapsed=9.2m
iter 351/4882 steps=1437696 episodes=10334 score50=8.44 eps=0.288 loss=0.00874 q=0.940 trunc=0 sps=2584 elapsed=9.3m
iter 352/4882 steps=1441792 episodes=10359 score50=10.20 eps=0.286 loss=0.06128 q=0.936 trunc=0 sps=2584 elapsed=9.3m
iter 353/4882 steps=1445888 episodes=10387 score50=12.92 eps=0.284 loss=0.02220 q=1.019 trunc=0 sps=2584 elapsed=9.3m
iter 354/4882 steps=1449984 episodes=10415 score50=12.58 eps=0.282 loss=0.04904 q=1.012 trunc=0 sps=2585 elapsed=9.4m
iter 355/4882 steps=1454080 episodes=10455 score50=10.20 eps=0.280 loss=0.04390 q=0.993 trunc=0 sps=2585 elapsed=9.4m
iter 356/4882 steps=1458176 episodes=10479 score50=9.44 eps=0.278 loss=0.01538 q=1.098 trunc=0 sps=2585 elapsed=9.4m
iter 357/4882 steps=1462272 episodes=10500 score50=8.76 eps=0.276 loss=0.01485 q=1.148 trunc=0 sps=2585 elapsed=9.4m
iter 358/4882 steps=1466368 episodes=10526 score50=9.08 eps=0.274 loss=0.11185 q=1.137 trunc=0 sps=2586 elapsed=9.5m
iter 359/4882 steps=1470464 episodes=10556 score50=9.78 eps=0.272 loss=0.01799 q=1.142 trunc=0 sps=2585 elapsed=9.5m
iter 360/4882 steps=1474560 episodes=10596 score50=7.48 eps=0.270 loss=0.08833 q=1.173 trunc=0 sps=2585 elapsed=9.5m
iter 361/4882 steps=1478656 episodes=10612 score50=8.10 eps=0.268 loss=0.03394 q=1.181 trunc=0 sps=2586 elapsed=9.5m
iter 362/4882 steps=1482752 episodes=10633 score50=8.88 eps=0.266 loss=0.00376 q=1.215 trunc=0 sps=2586 elapsed=9.6m
iter 363/4882 steps=1486848 episodes=10656 score50=10.88 eps=0.264 loss=0.00808 q=1.180 trunc=0 sps=2586 elapsed=9.6m
iter 364/4882 steps=1490944 episodes=10674 score50=9.04 eps=0.262 loss=0.07836 q=1.200 trunc=0 sps=2586 elapsed=9.6m
iter 365/4882 steps=1495040 episodes=10697 score50=9.88 eps=0.260 loss=0.15342 q=1.163 trunc=0 sps=2585 elapsed=9.6m
iter 366/4882 steps=1499136 episodes=10726 score50=11.58 eps=0.258 loss=0.04401 q=1.126 trunc=0 sps=2584 elapsed=9.7m
iter 367/4882 steps=1503232 episodes=10754 score50=10.96 eps=0.256 loss=0.01247 q=1.116 trunc=0 sps=2584 elapsed=9.7m
iter 368/4882 steps=1507328 episodes=10772 score50=10.56 eps=0.254 loss=0.02192 q=1.178 trunc=0 sps=2583 elapsed=9.7m
iter 369/4882 steps=1511424 episodes=10797 score50=11.02 eps=0.252 loss=0.03582 q=1.189 trunc=0 sps=2583 elapsed=9.8m
iter 370/4882 steps=1515520 episodes=10823 score50=10.62 eps=0.250 loss=0.08394 q=1.089 trunc=0 sps=2583 elapsed=9.8m
iter 371/4882 steps=1519616 episodes=10842 score50=10.32 eps=0.248 loss=0.08626 q=1.059 trunc=0 sps=2582 elapsed=9.8m
iter 372/4882 steps=1523712 episodes=10865 score50=10.02 eps=0.246 loss=0.02106 q=1.061 trunc=0 sps=2582 elapsed=9.8m
iter 373/4882 steps=1527808 episodes=10896 score50=11.54 eps=0.244 loss=0.10207 q=1.060 trunc=0 sps=2582 elapsed=9.9m
iter 374/4882 steps=1531904 episodes=10925 score50=11.92 eps=0.242 loss=0.04992 q=0.956 trunc=0 sps=2583 elapsed=9.9m
iter 375/4882 steps=1536000 episodes=10946 score50=11.88 eps=0.240 loss=0.01581 q=0.995 trunc=0 sps=2583 elapsed=9.9m
iter 376/4882 steps=1540096 episodes=10963 score50=12.32 eps=0.238 loss=0.00705 q=1.009 trunc=0 sps=2583 elapsed=9.9m
iter 377/4882 steps=1544192 episodes=10981 score50=10.22 eps=0.236 loss=0.03385 q=1.068 trunc=0 sps=2583 elapsed=10.0m
iter 378/4882 steps=1548288 episodes=11004 score50=10.02 eps=0.234 loss=0.07141 q=1.041 trunc=0 sps=2583 elapsed=10.0m
iter 379/4882 steps=1552384 episodes=11023 score50=10.22 eps=0.232 loss=0.04759 q=0.954 trunc=0 sps=2583 elapsed=10.0m
iter 380/4882 steps=1556480 episodes=11048 score50=11.94 eps=0.230 loss=0.06688 q=1.015 trunc=0 sps=2582 elapsed=10.0m
iter 381/4882 steps=1560576 episodes=11061 score50=11.70 eps=0.228 loss=0.00616 q=1.060 trunc=0 sps=2582 elapsed=10.1m
iter 382/4882 steps=1564672 episodes=11085 score50=13.88 eps=0.225 loss=0.05996 q=1.031 trunc=0 sps=2582 elapsed=10.1m
iter 383/4882 steps=1568768 episodes=11118 score50=15.18 eps=0.223 loss=0.01702 q=1.031 trunc=0 sps=2582 elapsed=10.1m
iter 384/4882 steps=1572864 episodes=11138 score50=12.26 eps=0.221 loss=0.04537 q=1.024 trunc=0 sps=2583 elapsed=10.2m
iter 385/4882 steps=1576960 episodes=11157 score50=9.98 eps=0.219 loss=0.01855 q=1.013 trunc=0 sps=2582 elapsed=10.2m
iter 386/4882 steps=1581056 episodes=11186 score50=10.70 eps=0.217 loss=0.02837 q=0.965 trunc=0 sps=2583 elapsed=10.2m
iter 387/4882 steps=1585152 episodes=11225 score50=10.88 eps=0.215 loss=0.04504 q=1.024 trunc=0 sps=2582 elapsed=10.2m
iter 388/4882 steps=1589248 episodes=11246 score50=9.72 eps=0.213 loss=0.04037 q=0.990 trunc=0 sps=2583 elapsed=10.3m
iter 389/4882 steps=1593344 episodes=11276 score50=10.02 eps=0.211 loss=0.05684 q=0.977 trunc=0 sps=2583 elapsed=10.3m
iter 390/4882 steps=1597440 episodes=11296 score50=10.48 eps=0.209 loss=0.01718 q=1.050 trunc=0 sps=2583 elapsed=10.3m
iter 391/4882 steps=1601536 episodes=11316 score50=9.42 eps=0.207 loss=0.03943 q=1.033 trunc=0 sps=2583 elapsed=10.3m
iter 392/4882 steps=1605632 episodes=11346 score50=8.76 eps=0.205 loss=0.04680 q=0.977 trunc=0 sps=2583 elapsed=10.4m
iter 393/4882 steps=1609728 episodes=11366 score50=9.74 eps=0.203 loss=0.01074 q=0.933 trunc=0 sps=2583 elapsed=10.4m
iter 394/4882 steps=1613824 episodes=11392 score50=10.78 eps=0.201 loss=0.04268 q=0.939 trunc=0 sps=2584 elapsed=10.4m
iter 395/4882 steps=1617920 episodes=11414 score50=10.70 eps=0.199 loss=0.03040 q=0.937 trunc=0 sps=2583 elapsed=10.4m
iter 396/4882 steps=1622016 episodes=11442 score50=11.00 eps=0.197 loss=0.06091 q=0.976 trunc=0 sps=2583 elapsed=10.5m
iter 397/4882 steps=1626112 episodes=11459 score50=10.60 eps=0.195 loss=0.01734 q=0.918 trunc=0 sps=2583 elapsed=10.5m
iter 398/4882 steps=1630208 episodes=11483 score50=10.06 eps=0.193 loss=0.02397 q=0.930 trunc=0 sps=2583 elapsed=10.5m
iter 399/4882 steps=1634304 episodes=11515 score50=10.76 eps=0.191 loss=0.07525 q=0.906 trunc=0 sps=2583 elapsed=10.5m
iter 400/4882 steps=1638400 episodes=11544 score50=10.06 eps=0.189 loss=0.01472 q=0.931 trunc=0 sps=2583 elapsed=10.6m
  [eval] iter=400 mean=10.00+-1.52 median=9.5 max=22 P(>=120)=0.00 entropy=1.13/2.20 wnorm=28.570 srank=268/512
iter 401/4882 steps=1642496 episodes=11569 score50=10.54 eps=0.187 loss=0.03943 q=0.840 trunc=0 sps=2571 elapsed=10.6m
iter 402/4882 steps=1646592 episodes=11603 score50=10.26 eps=0.185 loss=0.06563 q=0.844 trunc=0 sps=2572 elapsed=10.7m
iter 403/4882 steps=1650688 episodes=11614 score50=11.82 eps=0.183 loss=0.00467 q=0.866 trunc=0 sps=2571 elapsed=10.7m
iter 404/4882 steps=1654784 episodes=11636 score50=11.28 eps=0.181 loss=0.01386 q=0.872 trunc=0 sps=2572 elapsed=10.7m
iter 405/4882 steps=1658880 episodes=11656 score50=11.06 eps=0.179 loss=0.01554 q=0.906 trunc=0 sps=2571 elapsed=10.8m
iter 406/4882 steps=1662976 episodes=11677 score50=10.36 eps=0.177 loss=0.07452 q=0.919 trunc=0 sps=2570 elapsed=10.8m
iter 407/4882 steps=1667072 episodes=11702 score50=10.34 eps=0.175 loss=0.03410 q=0.877 trunc=0 sps=2570 elapsed=10.8m
iter 408/4882 steps=1671168 episodes=11727 score50=11.06 eps=0.173 loss=0.03783 q=0.912 trunc=0 sps=2569 elapsed=10.8m
iter 409/4882 steps=1675264 episodes=11748 score50=12.20 eps=0.171 loss=0.00667 q=0.868 trunc=0 sps=2570 elapsed=10.9m
iter 410/4882 steps=1679360 episodes=11777 score50=11.10 eps=0.169 loss=0.02387 q=0.931 trunc=0 sps=2570 elapsed=10.9m
iter 411/4882 steps=1683456 episodes=11792 score50=10.88 eps=0.167 loss=0.02233 q=0.907 trunc=0 sps=2570 elapsed=10.9m
iter 412/4882 steps=1687552 episodes=11822 score50=11.18 eps=0.165 loss=0.03314 q=0.922 trunc=0 sps=2570 elapsed=10.9m
iter 413/4882 steps=1691648 episodes=11838 score50=12.02 eps=0.163 loss=0.00896 q=0.884 trunc=0 sps=2570 elapsed=11.0m
iter 414/4882 steps=1695744 episodes=11869 score50=11.78 eps=0.161 loss=0.05901 q=0.826 trunc=0 sps=2570 elapsed=11.0m
iter 415/4882 steps=1699840 episodes=11885 score50=11.28 eps=0.159 loss=0.01660 q=0.867 trunc=0 sps=2570 elapsed=11.0m
iter 416/4882 steps=1703936 episodes=11908 score50=12.34 eps=0.157 loss=0.00802 q=0.927 trunc=0 sps=2570 elapsed=11.0m
iter 417/4882 steps=1708032 episodes=11931 score50=12.64 eps=0.155 loss=0.04055 q=0.932 trunc=0 sps=2570 elapsed=11.1m
iter 418/4882 steps=1712128 episodes=11951 score50=10.34 eps=0.152 loss=0.01754 q=0.943 trunc=0 sps=2570 elapsed=11.1m
iter 419/4882 steps=1716224 episodes=11975 score50=10.48 eps=0.150 loss=0.01776 q=0.996 trunc=0 sps=2571 elapsed=11.1m
iter 420/4882 steps=1720320 episodes=11990 score50=11.22 eps=0.148 loss=0.02848 q=0.957 trunc=0 sps=2570 elapsed=11.2m
iter 421/4882 steps=1724416 episodes=12009 score50=10.74 eps=0.146 loss=0.01004 q=0.965 trunc=0 sps=2570 elapsed=11.2m
iter 422/4882 steps=1728512 episodes=12028 score50=10.62 eps=0.144 loss=0.07995 q=0.954 trunc=0 sps=2571 elapsed=11.2m
iter 423/4882 steps=1732608 episodes=12051 score50=10.68 eps=0.142 loss=0.01635 q=0.928 trunc=0 sps=2570 elapsed=11.2m
iter 424/4882 steps=1736704 episodes=12078 score50=13.44 eps=0.140 loss=0.04256 q=1.046 trunc=0 sps=2571 elapsed=11.3m
iter 425/4882 steps=1740800 episodes=12100 score50=13.54 eps=0.138 loss=0.04254 q=0.975 trunc=0 sps=2570 elapsed=11.3m
iter 426/4882 steps=1744896 episodes=12120 score50=12.32 eps=0.136 loss=0.06410 q=0.954 trunc=0 sps=2570 elapsed=11.3m
iter 427/4882 steps=1748992 episodes=12144 score50=12.14 eps=0.134 loss=0.04557 q=0.919 trunc=0 sps=2569 elapsed=11.3m
iter 428/4882 steps=1753088 episodes=12158 score50=13.68 eps=0.132 loss=0.00814 q=0.942 trunc=0 sps=2570 elapsed=11.4m
iter 429/4882 steps=1757184 episodes=12186 score50=13.36 eps=0.130 loss=0.03297 q=0.933 trunc=0 sps=2569 elapsed=11.4m
iter 430/4882 steps=1761280 episodes=12207 score50=14.08 eps=0.128 loss=0.03834 q=0.956 trunc=0 sps=2570 elapsed=11.4m
iter 431/4882 steps=1765376 episodes=12226 score50=14.76 eps=0.126 loss=0.01004 q=0.967 trunc=0 sps=2570 elapsed=11.4m
iter 432/4882 steps=1769472 episodes=12259 score50=12.08 eps=0.124 loss=0.03161 q=0.911 trunc=0 sps=2570 elapsed=11.5m
iter 433/4882 steps=1773568 episodes=12290 score50=10.38 eps=0.122 loss=0.03830 q=0.874 trunc=0 sps=2570 elapsed=11.5m
iter 434/4882 steps=1777664 episodes=12300 score50=10.80 eps=0.120 loss=0.00507 q=0.917 trunc=0 sps=2570 elapsed=11.5m
iter 435/4882 steps=1781760 episodes=12320 score50=12.00 eps=0.118 loss=0.07084 q=0.874 trunc=0 sps=2570 elapsed=11.6m
iter 436/4882 steps=1785856 episodes=12342 score50=12.60 eps=0.116 loss=0.01720 q=0.824 trunc=0 sps=2570 elapsed=11.6m
iter 437/4882 steps=1789952 episodes=12381 score50=9.42 eps=0.114 loss=0.07079 q=0.797 trunc=0 sps=2570 elapsed=11.6m
iter 438/4882 steps=1794048 episodes=12408 score50=9.00 eps=0.112 loss=0.04172 q=0.901 trunc=0 sps=2570 elapsed=11.6m
iter 439/4882 steps=1798144 episodes=12433 score50=10.76 eps=0.110 loss=0.04040 q=0.823 trunc=0 sps=2570 elapsed=11.7m
iter 440/4882 steps=1802240 episodes=12468 score50=11.04 eps=0.108 loss=0.03570 q=0.762 trunc=0 sps=2570 elapsed=11.7m
iter 441/4882 steps=1806336 episodes=12495 score50=10.44 eps=0.106 loss=0.02899 q=0.743 trunc=0 sps=2571 elapsed=11.7m
iter 442/4882 steps=1810432 episodes=12510 score50=10.38 eps=0.104 loss=0.04240 q=0.764 trunc=0 sps=2571 elapsed=11.7m
iter 443/4882 steps=1814528 episodes=12534 score50=9.04 eps=0.102 loss=0.00946 q=0.828 trunc=0 sps=2571 elapsed=11.8m
iter 444/4882 steps=1818624 episodes=12557 score50=9.70 eps=0.100 loss=0.03874 q=0.801 trunc=0 sps=2570 elapsed=11.8m
iter 445/4882 steps=1822720 episodes=12575 score50=10.04 eps=0.098 loss=0.01099 q=0.906 trunc=0 sps=2570 elapsed=11.8m
iter 446/4882 steps=1826816 episodes=12600 score50=10.58 eps=0.096 loss=0.01104 q=0.830 trunc=0 sps=2569 elapsed=11.9m
iter 447/4882 steps=1830912 episodes=12618 score50=11.54 eps=0.094 loss=0.01672 q=0.845 trunc=0 sps=2569 elapsed=11.9m
iter 448/4882 steps=1835008 episodes=12633 score50=11.72 eps=0.092 loss=0.02143 q=0.895 trunc=0 sps=2569 elapsed=11.9m
iter 449/4882 steps=1839104 episodes=12654 score50=13.48 eps=0.090 loss=0.03558 q=0.893 trunc=0 sps=2569 elapsed=11.9m
iter 450/4882 steps=1843200 episodes=12686 score50=13.58 eps=0.088 loss=0.04804 q=0.874 trunc=0 sps=2569 elapsed=12.0m
iter 451/4882 steps=1847296 episodes=12700 score50=12.44 eps=0.086 loss=0.00982 q=0.919 trunc=0 sps=2569 elapsed=12.0m
iter 452/4882 steps=1851392 episodes=12727 score50=11.26 eps=0.084 loss=0.04179 q=0.863 trunc=0 sps=2569 elapsed=12.0m
iter 453/4882 steps=1855488 episodes=12747 score50=11.08 eps=0.082 loss=0.03452 q=0.838 trunc=0 sps=2569 elapsed=12.0m
iter 454/4882 steps=1859584 episodes=12772 score50=11.40 eps=0.080 loss=0.05694 q=0.844 trunc=0 sps=2570 elapsed=12.1m
iter 455/4882 steps=1863680 episodes=12799 score50=12.44 eps=0.077 loss=0.04231 q=0.932 trunc=0 sps=2570 elapsed=12.1m
iter 456/4882 steps=1867776 episodes=12824 score50=12.06 eps=0.075 loss=0.06029 q=0.972 trunc=0 sps=2570 elapsed=12.1m
iter 457/4882 steps=1871872 episodes=12857 score50=10.36 eps=0.073 loss=0.05386 q=0.890 trunc=0 sps=2570 elapsed=12.1m
iter 458/4882 steps=1875968 episodes=12873 score50=10.52 eps=0.071 loss=0.09264 q=0.927 trunc=0 sps=2570 elapsed=12.2m
iter 459/4882 steps=1880064 episodes=12899 score50=11.44 eps=0.069 loss=0.02607 q=0.952 trunc=0 sps=2570 elapsed=12.2m
iter 460/4882 steps=1884160 episodes=12924 score50=10.48 eps=0.067 loss=0.03075 q=0.938 trunc=0 sps=2570 elapsed=12.2m
iter 461/4882 steps=1888256 episodes=12955 score50=9.50 eps=0.065 loss=0.08377 q=0.971 trunc=0 sps=2570 elapsed=12.2m
iter 462/4882 steps=1892352 episodes=12974 score50=9.00 eps=0.063 loss=0.00610 q=0.904 trunc=0 sps=2571 elapsed=12.3m
iter 463/4882 steps=1896448 episodes=13002 score50=10.66 eps=0.061 loss=0.03476 q=0.923 trunc=0 sps=2571 elapsed=12.3m
iter 464/4882 steps=1900544 episodes=13018 score50=11.00 eps=0.059 loss=0.00645 q=0.909 trunc=0 sps=2571 elapsed=12.3m
iter 465/4882 steps=1904640 episodes=13039 score50=10.96 eps=0.057 loss=0.00831 q=0.871 trunc=0 sps=2571 elapsed=12.3m
iter 466/4882 steps=1908736 episodes=13066 score50=10.54 eps=0.055 loss=0.05497 q=0.871 trunc=0 sps=2571 elapsed=12.4m
iter 467/4882 steps=1912832 episodes=13093 score50=10.72 eps=0.053 loss=0.02505 q=0.862 trunc=0 sps=2571 elapsed=12.4m
iter 468/4882 steps=1916928 episodes=13115 score50=12.66 eps=0.051 loss=0.03162 q=0.839 trunc=0 sps=2571 elapsed=12.4m
iter 469/4882 steps=1921024 episodes=13136 score50=11.72 eps=0.049 loss=0.03330 q=0.861 trunc=0 sps=2571 elapsed=12.5m
iter 470/4882 steps=1925120 episodes=13172 score50=10.08 eps=0.047 loss=0.02682 q=0.864 trunc=0 sps=2571 elapsed=12.5m
iter 471/4882 steps=1929216 episodes=13192 score50=10.68 eps=0.045 loss=0.03613 q=0.872 trunc=0 sps=2571 elapsed=12.5m
iter 472/4882 steps=1933312 episodes=13205 score50=11.12 eps=0.043 loss=0.04010 q=0.842 trunc=0 sps=2571 elapsed=12.5m
iter 473/4882 steps=1937408 episodes=13223 score50=10.80 eps=0.041 loss=0.01799 q=0.851 trunc=0 sps=2571 elapsed=12.6m
iter 474/4882 steps=1941504 episodes=13248 score50=11.62 eps=0.039 loss=0.01383 q=0.780 trunc=0 sps=2571 elapsed=12.6m
iter 475/4882 steps=1945600 episodes=13272 score50=11.08 eps=0.037 loss=0.03421 q=0.777 trunc=0 sps=2571 elapsed=12.6m
iter 476/4882 steps=1949696 episodes=13299 score50=10.30 eps=0.035 loss=0.05805 q=0.826 trunc=0 sps=2572 elapsed=12.6m
iter 477/4882 steps=1953792 episodes=13324 score50=11.26 eps=0.033 loss=0.02637 q=0.792 trunc=0 sps=2571 elapsed=12.7m
iter 478/4882 steps=1957888 episodes=13352 score50=10.34 eps=0.031 loss=0.04410 q=0.835 trunc=0 sps=2572 elapsed=12.7m
iter 479/4882 steps=1961984 episodes=13371 score50=9.64 eps=0.029 loss=0.02775 q=0.780 trunc=0 sps=2572 elapsed=12.7m
iter 480/4882 steps=1966080 episodes=13388 score50=11.18 eps=0.027 loss=0.02794 q=0.774 trunc=0 sps=2571 elapsed=12.7m
iter 481/4882 steps=1970176 episodes=13406 score50=11.20 eps=0.025 loss=0.04079 q=0.744 trunc=0 sps=2571 elapsed=12.8m
iter 482/4882 steps=1974272 episodes=13431 score50=14.60 eps=0.023 loss=0.03965 q=0.784 trunc=0 sps=2571 elapsed=12.8m
iter 483/4882 steps=1978368 episodes=13449 score50=15.10 eps=0.021 loss=0.01304 q=0.821 trunc=0 sps=2571 elapsed=12.8m
iter 484/4882 steps=1982464 episodes=13459 score50=14.30 eps=0.019 loss=0.01504 q=0.796 trunc=0 sps=2571 elapsed=12.9m
iter 485/4882 steps=1986560 episodes=13476 score50=12.26 eps=0.017 loss=0.01033 q=0.763 trunc=0 sps=2571 elapsed=12.9m
iter 486/4882 steps=1990656 episodes=13493 score50=12.28 eps=0.015 loss=0.03206 q=0.792 trunc=0 sps=2570 elapsed=12.9m
iter 487/4882 steps=1994752 episodes=13516 score50=13.04 eps=0.013 loss=0.02310 q=0.777 trunc=0 sps=2570 elapsed=12.9m
iter 488/4882 steps=1998848 episodes=13539 score50=13.14 eps=0.011 loss=0.00748 q=0.802 trunc=0 sps=2569 elapsed=13.0m
iter 489/4882 steps=2002944 episodes=13559 score50=13.50 eps=0.010 loss=0.08226 q=0.791 trunc=0 sps=2569 elapsed=13.0m
iter 490/4882 steps=2007040 episodes=13576 score50=13.28 eps=0.010 loss=0.04620 q=0.796 trunc=0 sps=2569 elapsed=13.0m
iter 491/4882 steps=2011136 episodes=13592 score50=13.90 eps=0.010 loss=0.05187 q=0.764 trunc=0 sps=2569 elapsed=13.0m
iter 492/4882 steps=2015232 episodes=13613 score50=13.50 eps=0.010 loss=0.05653 q=0.770 trunc=0 sps=2569 elapsed=13.1m
iter 493/4882 steps=2019328 episodes=13630 score50=14.78 eps=0.010 loss=0.02057 q=0.759 trunc=0 sps=2569 elapsed=13.1m
iter 494/4882 steps=2023424 episodes=13654 score50=14.58 eps=0.010 loss=0.00869 q=0.745 trunc=0 sps=2569 elapsed=13.1m
iter 495/4882 steps=2027520 episodes=13667 score50=14.76 eps=0.010 loss=0.03201 q=0.759 trunc=0 sps=2569 elapsed=13.2m
iter 496/4882 steps=2031616 episodes=13686 score50=13.44 eps=0.010 loss=0.03700 q=0.688 trunc=0 sps=2569 elapsed=13.2m
iter 497/4882 steps=2035712 episodes=13703 score50=12.92 eps=0.010 loss=0.01541 q=0.657 trunc=0 sps=2569 elapsed=13.2m
iter 498/4882 steps=2039808 episodes=13729 score50=12.30 eps=0.010 loss=0.04670 q=0.711 trunc=0 sps=2568 elapsed=13.2m
iter 499/4882 steps=2043904 episodes=13767 score50=13.86 eps=0.010 loss=0.07105 q=0.691 trunc=0 sps=2568 elapsed=13.3m
iter 500/4882 steps=2048000 episodes=13789 score50=13.60 eps=0.010 loss=0.06244 q=0.762 trunc=0 sps=2568 elapsed=13.3m
  [eval] iter=500 mean=13.40+-1.86 median=12.0 max=33 P(>=120)=0.00 entropy=1.68/2.20 wnorm=30.651 srank=256/512
iter 501/4882 steps=2052096 episodes=13810 score50=12.44 eps=0.010 loss=0.01792 q=0.708 trunc=0 sps=2555 elapsed=13.4m
iter 502/4882 steps=2056192 episodes=13832 score50=11.76 eps=0.010 loss=0.04533 q=0.692 trunc=0 sps=2555 elapsed=13.4m
iter 503/4882 steps=2060288 episodes=13849 score50=11.64 eps=0.010 loss=0.00598 q=0.760 trunc=0 sps=2556 elapsed=13.4m
iter 504/4882 steps=2064384 episodes=13866 score50=12.06 eps=0.010 loss=0.00520 q=0.738 trunc=0 sps=2556 elapsed=13.5m
iter 505/4882 steps=2068480 episodes=13883 score50=11.94 eps=0.010 loss=0.02082 q=0.733 trunc=0 sps=2556 elapsed=13.5m
iter 506/4882 steps=2072576 episodes=13902 score50=13.24 eps=0.010 loss=0.00515 q=0.714 trunc=0 sps=2556 elapsed=13.5m
iter 507/4882 steps=2076672 episodes=13922 score50=11.78 eps=0.010 loss=0.04487 q=0.730 trunc=0 sps=2555 elapsed=13.5m
iter 508/4882 steps=2080768 episodes=13937 score50=11.28 eps=0.010 loss=0.01905 q=0.720 trunc=0 sps=2555 elapsed=13.6m
iter 509/4882 steps=2084864 episodes=13961 score50=13.16 eps=0.010 loss=0.01166 q=0.684 trunc=0 sps=2555 elapsed=13.6m
iter 510/4882 steps=2088960 episodes=13972 score50=14.22 eps=0.010 loss=0.00804 q=0.734 trunc=0 sps=2555 elapsed=13.6m
iter 511/4882 steps=2093056 episodes=13991 score50=13.92 eps=0.010 loss=0.02239 q=0.759 trunc=0 sps=2555 elapsed=13.7m
iter 512/4882 steps=2097152 episodes=14017 score50=15.00 eps=0.010 loss=0.01504 q=0.648 trunc=0 sps=2555 elapsed=13.7m
iter 513/4882 steps=2101248 episodes=14030 score50=16.60 eps=0.010 loss=0.00766 q=0.651 trunc=0 sps=2555 elapsed=13.7m
iter 514/4882 steps=2105344 episodes=14055 score50=15.20 eps=0.010 loss=0.02956 q=0.729 trunc=0 sps=2555 elapsed=13.7m
iter 515/4882 steps=2109440 episodes=14078 score50=12.38 eps=0.010 loss=0.01166 q=0.683 trunc=0 sps=2555 elapsed=13.8m
iter 516/4882 steps=2113536 episodes=14097 score50=12.24 eps=0.010 loss=0.06425 q=0.755 trunc=0 sps=2555 elapsed=13.8m
iter 517/4882 steps=2117632 episodes=14114 score50=12.42 eps=0.010 loss=0.01649 q=0.687 trunc=0 sps=2555 elapsed=13.8m
iter 518/4882 steps=2121728 episodes=14131 score50=12.84 eps=0.010 loss=0.01953 q=0.684 trunc=0 sps=2555 elapsed=13.8m
iter 519/4882 steps=2125824 episodes=14148 score50=12.52 eps=0.010 loss=0.02107 q=0.709 trunc=0 sps=2555 elapsed=13.9m
iter 520/4882 steps=2129920 episodes=14169 score50=14.62 eps=0.010 loss=0.00896 q=0.740 trunc=0 sps=2555 elapsed=13.9m
iter 521/4882 steps=2134016 episodes=14190 score50=14.66 eps=0.010 loss=0.02489 q=0.665 trunc=0 sps=2554 elapsed=13.9m
iter 522/4882 steps=2138112 episodes=14208 score50=15.54 eps=0.010 loss=0.00635 q=0.739 trunc=0 sps=2554 elapsed=14.0m
iter 523/4882 steps=2142208 episodes=14226 score50=13.74 eps=0.010 loss=0.00652 q=0.678 trunc=0 sps=2554 elapsed=14.0m
iter 524/4882 steps=2146304 episodes=14248 score50=12.94 eps=0.010 loss=0.00677 q=0.643 trunc=0 sps=2554 elapsed=14.0m
iter 525/4882 steps=2150400 episodes=14269 score50=12.84 eps=0.010 loss=0.05299 q=0.608 trunc=0 sps=2554 elapsed=14.0m
iter 526/4882 steps=2154496 episodes=14288 score50=12.78 eps=0.010 loss=0.00495 q=0.565 trunc=0 sps=2553 elapsed=14.1m
iter 527/4882 steps=2158592 episodes=14303 score50=13.48 eps=0.010 loss=0.01394 q=0.616 trunc=0 sps=2553 elapsed=14.1m
iter 528/4882 steps=2162688 episodes=14323 score50=13.08 eps=0.010 loss=0.01410 q=0.630 trunc=0 sps=2553 elapsed=14.1m
iter 529/4882 steps=2166784 episodes=14345 score50=13.12 eps=0.010 loss=0.00867 q=0.565 trunc=0 sps=2552 elapsed=14.1m
iter 530/4882 steps=2170880 episodes=14365 score50=12.36 eps=0.010 loss=0.00676 q=0.650 trunc=0 sps=2552 elapsed=14.2m
iter 531/4882 steps=2174976 episodes=14376 score50=11.98 eps=0.010 loss=0.00373 q=0.661 trunc=0 sps=2552 elapsed=14.2m
iter 532/4882 steps=2179072 episodes=14393 score50=14.30 eps=0.010 loss=0.01103 q=0.658 trunc=0 sps=2552 elapsed=14.2m
iter 533/4882 steps=2183168 episodes=14412 score50=14.98 eps=0.010 loss=0.02068 q=0.653 trunc=0 sps=2552 elapsed=14.3m
iter 534/4882 steps=2187264 episodes=14439 score50=14.56 eps=0.010 loss=0.01372 q=0.577 trunc=0 sps=2552 elapsed=14.3m
iter 535/4882 steps=2191360 episodes=14456 score50=13.36 eps=0.010 loss=0.01254 q=0.570 trunc=0 sps=2552 elapsed=14.3m
iter 536/4882 steps=2195456 episodes=14478 score50=11.84 eps=0.010 loss=0.01082 q=0.644 trunc=0 sps=2552 elapsed=14.3m
iter 537/4882 steps=2199552 episodes=14509 score50=12.84 eps=0.010 loss=0.05137 q=0.671 trunc=0 sps=2552 elapsed=14.4m
iter 538/4882 steps=2203648 episodes=14538 score50=13.08 eps=0.010 loss=0.02205 q=0.665 trunc=0 sps=2552 elapsed=14.4m
iter 539/4882 steps=2207744 episodes=14565 score50=12.28 eps=0.010 loss=0.01249 q=0.700 trunc=0 sps=2552 elapsed=14.4m
iter 540/4882 steps=2211840 episodes=14585 score50=13.86 eps=0.010 loss=0.00437 q=0.719 trunc=0 sps=2552 elapsed=14.4m
iter 541/4882 steps=2215936 episodes=14609 score50=12.38 eps=0.010 loss=0.01329 q=0.736 trunc=0 sps=2552 elapsed=14.5m
iter 542/4882 steps=2220032 episodes=14622 score50=11.60 eps=0.010 loss=0.03135 q=0.749 trunc=0 sps=2552 elapsed=14.5m
iter 543/4882 steps=2224128 episodes=14641 score50=10.14 eps=0.010 loss=0.04129 q=0.697 trunc=0 sps=2552 elapsed=14.5m
iter 544/4882 steps=2228224 episodes=14660 score50=11.02 eps=0.010 loss=0.01769 q=0.645 trunc=0 sps=2552 elapsed=14.5m
iter 545/4882 steps=2232320 episodes=14678 score50=11.14 eps=0.010 loss=0.00247 q=0.755 trunc=0 sps=2552 elapsed=14.6m
iter 546/4882 steps=2236416 episodes=14697 score50=10.56 eps=0.010 loss=0.02393 q=0.761 trunc=0 sps=2552 elapsed=14.6m
iter 547/4882 steps=2240512 episodes=14718 score50=11.10 eps=0.010 loss=0.03763 q=0.784 trunc=0 sps=2552 elapsed=14.6m
iter 548/4882 steps=2244608 episodes=14741 score50=12.42 eps=0.010 loss=0.01676 q=0.720 trunc=0 sps=2552 elapsed=14.7m
iter 549/4882 steps=2248704 episodes=14766 score50=13.46 eps=0.010 loss=0.02127 q=0.692 trunc=0 sps=2552 elapsed=14.7m
iter 550/4882 steps=2252800 episodes=14787 score50=11.96 eps=0.010 loss=0.03111 q=0.735 trunc=0 sps=2552 elapsed=14.7m
iter 551/4882 steps=2256896 episodes=14816 score50=11.18 eps=0.010 loss=0.00943 q=0.758 trunc=0 sps=2552 elapsed=14.7m
iter 552/4882 steps=2260992 episodes=14830 score50=12.80 eps=0.010 loss=0.01953 q=0.798 trunc=0 sps=2552 elapsed=14.8m
iter 553/4882 steps=2265088 episodes=14850 score50=13.60 eps=0.010 loss=0.02828 q=0.730 trunc=0 sps=2552 elapsed=14.8m
iter 554/4882 steps=2269184 episodes=14872 score50=13.00 eps=0.010 loss=0.01102 q=0.742 trunc=0 sps=2552 elapsed=14.8m
iter 555/4882 steps=2273280 episodes=14891 score50=13.10 eps=0.010 loss=0.02457 q=0.740 trunc=0 sps=2552 elapsed=14.8m
iter 556/4882 steps=2277376 episodes=14909 score50=13.80 eps=0.010 loss=0.01060 q=0.742 trunc=0 sps=2552 elapsed=14.9m
iter 557/4882 steps=2281472 episodes=14927 score50=14.92 eps=0.010 loss=0.00298 q=0.790 trunc=0 sps=2552 elapsed=14.9m
iter 558/4882 steps=2285568 episodes=14943 score50=15.74 eps=0.010 loss=0.00380 q=0.731 trunc=0 sps=2552 elapsed=14.9m
iter 559/4882 steps=2289664 episodes=14959 score50=14.22 eps=0.010 loss=0.00719 q=0.760 trunc=0 sps=2552 elapsed=15.0m
iter 560/4882 steps=2293760 episodes=14978 score50=13.96 eps=0.010 loss=0.05685 q=0.743 trunc=0 sps=2552 elapsed=15.0m
iter 561/4882 steps=2297856 episodes=14989 score50=12.64 eps=0.010 loss=0.00441 q=0.733 trunc=0 sps=2551 elapsed=15.0m
iter 562/4882 steps=2301952 episodes=15001 score50=12.20 eps=0.010 loss=0.02727 q=0.689 trunc=0 sps=2552 elapsed=15.0m
iter 563/4882 steps=2306048 episodes=15017 score50=13.08 eps=0.010 loss=0.01368 q=0.671 trunc=0 sps=2551 elapsed=15.1m
iter 564/4882 steps=2310144 episodes=15034 score50=14.24 eps=0.010 loss=0.01747 q=0.635 trunc=0 sps=2551 elapsed=15.1m
iter 565/4882 steps=2314240 episodes=15058 score50=16.22 eps=0.010 loss=0.02485 q=0.621 trunc=0 sps=2550 elapsed=15.1m
iter 566/4882 steps=2318336 episodes=15084 score50=14.26 eps=0.010 loss=0.03072 q=0.710 trunc=0 sps=2550 elapsed=15.2m
iter 567/4882 steps=2322432 episodes=15100 score50=14.28 eps=0.010 loss=0.00812 q=0.745 trunc=0 sps=2550 elapsed=15.2m
iter 568/4882 steps=2326528 episodes=15125 score50=16.34 eps=0.010 loss=0.02982 q=0.696 trunc=0 sps=2550 elapsed=15.2m
iter 569/4882 steps=2330624 episodes=15138 score50=15.86 eps=0.010 loss=0.01595 q=0.726 trunc=0 sps=2550 elapsed=15.2m
iter 570/4882 steps=2334720 episodes=15160 score50=14.46 eps=0.010 loss=0.02136 q=0.690 trunc=0 sps=2550 elapsed=15.3m
iter 571/4882 steps=2338816 episodes=15179 score50=12.78 eps=0.010 loss=0.03262 q=0.706 trunc=0 sps=2550 elapsed=15.3m
iter 572/4882 steps=2342912 episodes=15200 score50=14.48 eps=0.010 loss=0.03644 q=0.666 trunc=0 sps=2550 elapsed=15.3m
iter 573/4882 steps=2347008 episodes=15221 score50=15.02 eps=0.010 loss=0.03136 q=0.646 trunc=0 sps=2551 elapsed=15.3m
iter 574/4882 steps=2351104 episodes=15234 score50=15.10 eps=0.010 loss=0.00846 q=0.726 trunc=0 sps=2551 elapsed=15.4m
iter 575/4882 steps=2355200 episodes=15242 score50=14.64 eps=0.010 loss=0.00613 q=0.741 trunc=0 sps=2551 elapsed=15.4m
iter 576/4882 steps=2359296 episodes=15251 score50=14.30 eps=0.010 loss=0.01041 q=0.674 trunc=0 sps=2550 elapsed=15.4m
iter 577/4882 steps=2363392 episodes=15271 score50=14.34 eps=0.010 loss=0.01437 q=0.652 trunc=0 sps=2550 elapsed=15.4m
iter 578/4882 steps=2367488 episodes=15286 score50=14.86 eps=0.010 loss=0.01429 q=0.653 trunc=0 sps=2551 elapsed=15.5m
iter 579/4882 steps=2371584 episodes=15302 score50=15.94 eps=0.010 loss=0.01266 q=0.604 trunc=0 sps=2551 elapsed=15.5m
iter 580/4882 steps=2375680 episodes=15317 score50=15.90 eps=0.010 loss=0.02987 q=0.588 trunc=0 sps=2551 elapsed=15.5m
iter 581/4882 steps=2379776 episodes=15331 score50=16.30 eps=0.010 loss=0.00473 q=0.612 trunc=0 sps=2551 elapsed=15.6m
iter 582/4882 steps=2383872 episodes=15348 score50=16.82 eps=0.010 loss=0.01158 q=0.620 trunc=0 sps=2551 elapsed=15.6m
iter 583/4882 steps=2387968 episodes=15369 score50=17.68 eps=0.010 loss=0.01184 q=0.613 trunc=0 sps=2551 elapsed=15.6m
iter 584/4882 steps=2392064 episodes=15384 score50=17.30 eps=0.010 loss=0.01849 q=0.662 trunc=0 sps=2551 elapsed=15.6m
iter 585/4882 steps=2396160 episodes=15404 score50=15.48 eps=0.010 loss=0.01006 q=0.648 trunc=0 sps=2550 elapsed=15.7m
iter 586/4882 steps=2400256 episodes=15417 score50=16.30 eps=0.010 loss=0.00483 q=0.672 trunc=0 sps=2550 elapsed=15.7m
iter 587/4882 steps=2404352 episodes=15432 score50=15.70 eps=0.010 loss=0.01351 q=0.663 trunc=0 sps=2550 elapsed=15.7m
iter 588/4882 steps=2408448 episodes=15443 score50=15.42 eps=0.010 loss=0.04366 q=0.565 trunc=0 sps=2550 elapsed=15.7m
iter 589/4882 steps=2412544 episodes=15465 score50=16.66 eps=0.010 loss=0.00795 q=0.585 trunc=0 sps=2550 elapsed=15.8m
iter 590/4882 steps=2416640 episodes=15490 score50=16.04 eps=0.010 loss=0.00693 q=0.615 trunc=0 sps=2550 elapsed=15.8m
iter 591/4882 steps=2420736 episodes=15502 score50=14.50 eps=0.010 loss=0.04920 q=0.636 trunc=0 sps=2550 elapsed=15.8m
iter 592/4882 steps=2424832 episodes=15522 score50=13.56 eps=0.010 loss=0.05900 q=0.646 trunc=0 sps=2550 elapsed=15.8m
iter 593/4882 steps=2428928 episodes=15541 score50=15.26 eps=0.010 loss=0.01307 q=0.666 trunc=0 sps=2550 elapsed=15.9m
iter 594/4882 steps=2433024 episodes=15559 score50=16.68 eps=0.010 loss=0.02675 q=0.668 trunc=0 sps=2550 elapsed=15.9m
iter 595/4882 steps=2437120 episodes=15571 score50=16.72 eps=0.010 loss=0.00371 q=0.678 trunc=0 sps=2550 elapsed=15.9m
iter 596/4882 steps=2441216 episodes=15589 score50=16.62 eps=0.010 loss=0.00780 q=0.684 trunc=0 sps=2550 elapsed=16.0m
iter 597/4882 steps=2445312 episodes=15604 score50=14.84 eps=0.010 loss=0.02833 q=0.678 trunc=0 sps=2550 elapsed=16.0m
iter 598/4882 steps=2449408 episodes=15623 score50=13.02 eps=0.010 loss=0.00297 q=0.664 trunc=0 sps=2550 elapsed=16.0m
iter 599/4882 steps=2453504 episodes=15640 score50=12.28 eps=0.010 loss=0.00589 q=0.627 trunc=0 sps=2550 elapsed=16.0m
iter 600/4882 steps=2457600 episodes=15660 score50=15.00 eps=0.010 loss=0.01533 q=0.657 trunc=0 sps=2550 elapsed=16.1m
  [eval] iter=600 mean=13.85+-2.49 median=12.0 max=44 P(>=120)=0.00 entropy=1.34/2.20 wnorm=32.459 srank=284/512
iter 601/4882 steps=2461696 episodes=15679 score50=16.86 eps=0.010 loss=0.00758 q=0.633 trunc=0 sps=2538 elapsed=16.2m
iter 602/4882 steps=2465792 episodes=15690 score50=17.28 eps=0.010 loss=0.00900 q=0.712 trunc=0 sps=2538 elapsed=16.2m
iter 603/4882 steps=2469888 episodes=15708 score50=15.24 eps=0.010 loss=0.01120 q=0.684 trunc=0 sps=2538 elapsed=16.2m
iter 604/4882 steps=2473984 episodes=15733 score50=14.52 eps=0.010 loss=0.03378 q=0.654 trunc=0 sps=2537 elapsed=16.3m
iter 605/4882 steps=2478080 episodes=15752 score50=15.12 eps=0.010 loss=0.00970 q=0.722 trunc=0 sps=2537 elapsed=16.3m
iter 606/4882 steps=2482176 episodes=15769 score50=15.10 eps=0.010 loss=0.00340 q=0.728 trunc=0 sps=2537 elapsed=16.3m
iter 607/4882 steps=2486272 episodes=15785 score50=14.96 eps=0.010 loss=0.00866 q=0.684 trunc=0 sps=2537 elapsed=16.3m
iter 608/4882 steps=2490368 episodes=15800 score50=15.32 eps=0.010 loss=0.00599 q=0.671 trunc=0 sps=2537 elapsed=16.4m
iter 609/4882 steps=2494464 episodes=15823 score50=15.46 eps=0.010 loss=0.00711 q=0.720 trunc=0 sps=2537 elapsed=16.4m
iter 610/4882 steps=2498560 episodes=15842 score50=14.20 eps=0.010 loss=0.00705 q=0.664 trunc=0 sps=2537 elapsed=16.4m
iter 611/4882 steps=2502656 episodes=15856 score50=14.42 eps=0.010 loss=0.00421 q=0.707 trunc=0 sps=2537 elapsed=16.4m
iter 612/4882 steps=2506752 episodes=15867 score50=13.60 eps=0.010 loss=0.01952 q=0.733 trunc=0 sps=2537 elapsed=16.5m
iter 613/4882 steps=2510848 episodes=15892 score50=15.86 eps=0.010 loss=0.02102 q=0.672 trunc=0 sps=2537 elapsed=16.5m
iter 614/4882 steps=2514944 episodes=15907 score50=15.28 eps=0.010 loss=0.00524 q=0.737 trunc=0 sps=2537 elapsed=16.5m
iter 615/4882 steps=2519040 episodes=15923 score50=15.10 eps=0.010 loss=0.00391 q=0.753 trunc=0 sps=2537 elapsed=16.5m
iter 616/4882 steps=2523136 episodes=15944 score50=13.60 eps=0.010 loss=0.00832 q=0.727 trunc=0 sps=2537 elapsed=16.6m
iter 617/4882 steps=2527232 episodes=15983 score50=14.14 eps=0.010 loss=0.05073 q=0.777 trunc=0 sps=2537 elapsed=16.6m
iter 618/4882 steps=2531328 episodes=16006 score50=13.18 eps=0.010 loss=0.06351 q=0.685 trunc=0 sps=2537 elapsed=16.6m
iter 619/4882 steps=2535424 episodes=16032 score50=12.60 eps=0.010 loss=0.00721 q=0.693 trunc=0 sps=2537 elapsed=16.7m
iter 620/4882 steps=2539520 episodes=16057 score50=11.44 eps=0.010 loss=0.00995 q=0.790 trunc=0 sps=2537 elapsed=16.7m
iter 621/4882 steps=2543616 episodes=16074 score50=11.32 eps=0.010 loss=0.00803 q=0.812 trunc=0 sps=2537 elapsed=16.7m
iter 622/4882 steps=2547712 episodes=16095 score50=11.60 eps=0.010 loss=0.00738 q=0.798 trunc=0 sps=2537 elapsed=16.7m
iter 623/4882 steps=2551808 episodes=16116 score50=12.64 eps=0.010 loss=0.01071 q=0.822 trunc=0 sps=2537 elapsed=16.8m
iter 624/4882 steps=2555904 episodes=16133 score50=12.84 eps=0.010 loss=0.02741 q=0.854 trunc=0 sps=2537 elapsed=16.8m
iter 625/4882 steps=2560000 episodes=16155 score50=13.20 eps=0.010 loss=0.00963 q=0.784 trunc=0 sps=2537 elapsed=16.8m
iter 626/4882 steps=2564096 episodes=16165 score50=13.22 eps=0.010 loss=0.01483 q=0.787 trunc=0 sps=2537 elapsed=16.8m
iter 627/4882 steps=2568192 episodes=16179 score50=12.18 eps=0.010 loss=0.00809 q=0.666 trunc=0 sps=2537 elapsed=16.9m
iter 628/4882 steps=2572288 episodes=16197 score50=12.76 eps=0.010 loss=0.02092 q=0.677 trunc=0 sps=2537 elapsed=16.9m
iter 629/4882 steps=2576384 episodes=16224 score50=13.74 eps=0.010 loss=0.01278 q=0.746 trunc=0 sps=2537 elapsed=16.9m
iter 630/4882 steps=2580480 episodes=16243 score50=15.08 eps=0.010 loss=0.00856 q=0.766 trunc=0 sps=2537 elapsed=17.0m
iter 631/4882 steps=2584576 episodes=16259 score50=14.88 eps=0.010 loss=0.01096 q=0.734 trunc=0 sps=2537 elapsed=17.0m
iter 632/4882 steps=2588672 episodes=16277 score50=14.18 eps=0.010 loss=0.00648 q=0.737 trunc=0 sps=2537 elapsed=17.0m
iter 633/4882 steps=2592768 episodes=16291 score50=14.04 eps=0.010 loss=0.02376 q=0.747 trunc=0 sps=2537 elapsed=17.0m
iter 634/4882 steps=2596864 episodes=16315 score50=16.18 eps=0.010 loss=0.02698 q=0.756 trunc=0 sps=2537 elapsed=17.1m
iter 635/4882 steps=2600960 episodes=16336 score50=16.02 eps=0.010 loss=0.00450 q=0.740 trunc=0 sps=2537 elapsed=17.1m
iter 636/4882 steps=2605056 episodes=16356 score50=13.78 eps=0.010 loss=0.02707 q=0.763 trunc=0 sps=2537 elapsed=17.1m
iter 637/4882 steps=2609152 episodes=16382 score50=12.02 eps=0.010 loss=0.00710 q=0.742 trunc=0 sps=2537 elapsed=17.1m
iter 638/4882 steps=2613248 episodes=16397 score50=12.30 eps=0.010 loss=0.00295 q=0.760 trunc=0 sps=2537 elapsed=17.2m
iter 639/4882 steps=2617344 episodes=16417 score50=12.92 eps=0.010 loss=0.01411 q=0.743 trunc=0 sps=2537 elapsed=17.2m
iter 640/4882 steps=2621440 episodes=16434 score50=14.04 eps=0.010 loss=0.03403 q=0.703 trunc=0 sps=2537 elapsed=17.2m
iter 641/4882 steps=2625536 episodes=16452 score50=13.46 eps=0.010 loss=0.02243 q=0.701 trunc=0 sps=2536 elapsed=17.3m
iter 642/4882 steps=2629632 episodes=16466 score50=14.06 eps=0.010 loss=0.00407 q=0.628 trunc=0 sps=2536 elapsed=17.3m
iter 643/4882 steps=2633728 episodes=16478 score50=14.70 eps=0.010 loss=0.00400 q=0.577 trunc=0 sps=2536 elapsed=17.3m
iter 644/4882 steps=2637824 episodes=16503 score50=14.52 eps=0.010 loss=0.03438 q=0.599 trunc=0 sps=2536 elapsed=17.3m
iter 645/4882 steps=2641920 episodes=16516 score50=14.22 eps=0.010 loss=0.01061 q=0.630 trunc=0 sps=2535 elapsed=17.4m
iter 646/4882 steps=2646016 episodes=16537 score50=14.38 eps=0.010 loss=0.01772 q=0.612 trunc=0 sps=2535 elapsed=17.4m
iter 647/4882 steps=2650112 episodes=16544 score50=15.26 eps=0.010 loss=0.00749 q=0.576 trunc=0 sps=2536 elapsed=17.4m
iter 648/4882 steps=2654208 episodes=16562 score50=13.56 eps=0.010 loss=0.03007 q=0.628 trunc=0 sps=2535 elapsed=17.4m
iter 649/4882 steps=2658304 episodes=16576 score50=14.70 eps=0.010 loss=0.00611 q=0.584 trunc=0 sps=2535 elapsed=17.5m
iter 650/4882 steps=2662400 episodes=16590 score50=15.26 eps=0.010 loss=0.03279 q=0.562 trunc=0 sps=2535 elapsed=17.5m
iter 651/4882 steps=2666496 episodes=16610 score50=17.18 eps=0.010 loss=0.00916 q=0.560 trunc=0 sps=2535 elapsed=17.5m
iter 652/4882 steps=2670592 episodes=16635 score50=15.66 eps=0.010 loss=0.01327 q=0.592 trunc=0 sps=2535 elapsed=17.6m
iter 653/4882 steps=2674688 episodes=16652 score50=17.00 eps=0.010 loss=0.02272 q=0.599 trunc=0 sps=2535 elapsed=17.6m
iter 654/4882 steps=2678784 episodes=16671 score50=17.28 eps=0.010 loss=0.00536 q=0.620 trunc=0 sps=2536 elapsed=17.6m
iter 655/4882 steps=2682880 episodes=16688 score50=16.54 eps=0.010 loss=0.00944 q=0.611 trunc=0 sps=2535 elapsed=17.6m
iter 656/4882 steps=2686976 episodes=16703 score50=15.48 eps=0.010 loss=0.01385 q=0.619 trunc=0 sps=2536 elapsed=17.7m
iter 657/4882 steps=2691072 episodes=16719 score50=15.10 eps=0.010 loss=0.00659 q=0.591 trunc=0 sps=2536 elapsed=17.7m
iter 658/4882 steps=2695168 episodes=16736 score50=14.78 eps=0.010 loss=0.02243 q=0.653 trunc=0 sps=2535 elapsed=17.7m
iter 659/4882 steps=2699264 episodes=16755 score50=13.98 eps=0.010 loss=0.01488 q=0.572 trunc=0 sps=2535 elapsed=17.7m
iter 660/4882 steps=2703360 episodes=16774 score50=13.00 eps=0.010 loss=0.02265 q=0.569 trunc=0 sps=2535 elapsed=17.8m
iter 661/4882 steps=2707456 episodes=16797 score50=13.18 eps=0.010 loss=0.01175 q=0.537 trunc=0 sps=2535 elapsed=17.8m
iter 662/4882 steps=2711552 episodes=16816 score50=12.68 eps=0.010 loss=0.01295 q=0.542 trunc=0 sps=2535 elapsed=17.8m
iter 663/4882 steps=2715648 episodes=16827 score50=14.20 eps=0.010 loss=0.00544 q=0.536 trunc=0 sps=2535 elapsed=17.9m
iter 664/4882 steps=2719744 episodes=16845 score50=14.86 eps=0.010 loss=0.01024 q=0.541 trunc=0 sps=2535 elapsed=17.9m
iter 665/4882 steps=2723840 episodes=16866 score50=16.32 eps=0.010 loss=0.00717 q=0.558 trunc=0 sps=2535 elapsed=17.9m
iter 666/4882 steps=2727936 episodes=16882 score50=16.00 eps=0.010 loss=0.00490 q=0.571 trunc=0 sps=2536 elapsed=17.9m
iter 667/4882 steps=2732032 episodes=16901 score50=14.90 eps=0.010 loss=0.00806 q=0.602 trunc=0 sps=2535 elapsed=18.0m
iter 668/4882 steps=2736128 episodes=16918 score50=14.28 eps=0.010 loss=0.00778 q=0.651 trunc=0 sps=2535 elapsed=18.0m
iter 669/4882 steps=2740224 episodes=16934 score50=14.48 eps=0.010 loss=0.00743 q=0.636 trunc=0 sps=2535 elapsed=18.0m
iter 670/4882 steps=2744320 episodes=16945 score50=14.96 eps=0.010 loss=0.00426 q=0.633 trunc=0 sps=2535 elapsed=18.0m
iter 671/4882 steps=2748416 episodes=16956 score50=16.44 eps=0.010 loss=0.00398 q=0.547 trunc=0 sps=2535 elapsed=18.1m
iter 672/4882 steps=2752512 episodes=16973 score50=15.50 eps=0.010 loss=0.02859 q=0.611 trunc=0 sps=2535 elapsed=18.1m
iter 673/4882 steps=2756608 episodes=16987 score50=16.32 eps=0.010 loss=0.00417 q=0.530 trunc=0 sps=2535 elapsed=18.1m
iter 674/4882 steps=2760704 episodes=17004 score50=16.34 eps=0.010 loss=0.00930 q=0.543 trunc=0 sps=2535 elapsed=18.2m
iter 675/4882 steps=2764800 episodes=17017 score50=17.16 eps=0.010 loss=0.02546 q=0.530 trunc=0 sps=2535 elapsed=18.2m
iter 676/4882 steps=2768896 episodes=17034 score50=18.28 eps=0.010 loss=0.01752 q=0.633 trunc=0 sps=2535 elapsed=18.2m
iter 677/4882 steps=2772992 episodes=17053 score50=18.26 eps=0.010 loss=0.01121 q=0.650 trunc=0 sps=2535 elapsed=18.2m
iter 678/4882 steps=2777088 episodes=17069 score50=18.96 eps=0.010 loss=0.00571 q=0.622 trunc=0 sps=2535 elapsed=18.3m
iter 679/4882 steps=2781184 episodes=17087 score50=18.64 eps=0.010 loss=0.02771 q=0.637 trunc=0 sps=2535 elapsed=18.3m
iter 680/4882 steps=2785280 episodes=17104 score50=17.14 eps=0.010 loss=0.01493 q=0.592 trunc=0 sps=2535 elapsed=18.3m
iter 681/4882 steps=2789376 episodes=17115 score50=15.80 eps=0.010 loss=0.00513 q=0.593 trunc=0 sps=2534 elapsed=18.3m
iter 682/4882 steps=2793472 episodes=17125 score50=16.30 eps=0.010 loss=0.00446 q=0.542 trunc=0 sps=2534 elapsed=18.4m
iter 683/4882 steps=2797568 episodes=17143 score50=15.72 eps=0.010 loss=0.01239 q=0.520 trunc=0 sps=2534 elapsed=18.4m
iter 684/4882 steps=2801664 episodes=17162 score50=16.26 eps=0.010 loss=0.02126 q=0.560 trunc=0 sps=2534 elapsed=18.4m
iter 685/4882 steps=2805760 episodes=17186 score50=16.18 eps=0.010 loss=0.03223 q=0.504 trunc=0 sps=2534 elapsed=18.5m
iter 686/4882 steps=2809856 episodes=17202 score50=15.66 eps=0.010 loss=0.00615 q=0.535 trunc=0 sps=2534 elapsed=18.5m
iter 687/4882 steps=2813952 episodes=17219 score50=15.62 eps=0.010 loss=0.01567 q=0.547 trunc=0 sps=2534 elapsed=18.5m
iter 688/4882 steps=2818048 episodes=17232 score50=16.82 eps=0.010 loss=0.00958 q=0.561 trunc=0 sps=2534 elapsed=18.5m
iter 689/4882 steps=2822144 episodes=17251 score50=16.40 eps=0.010 loss=0.00613 q=0.579 trunc=0 sps=2534 elapsed=18.6m
iter 690/4882 steps=2826240 episodes=17266 score50=16.50 eps=0.010 loss=0.00766 q=0.565 trunc=0 sps=2534 elapsed=18.6m
iter 691/4882 steps=2830336 episodes=17275 score50=16.84 eps=0.010 loss=0.00824 q=0.481 trunc=0 sps=2534 elapsed=18.6m
iter 692/4882 steps=2834432 episodes=17297 score50=17.56 eps=0.010 loss=0.01728 q=0.498 trunc=0 sps=2534 elapsed=18.6m
iter 693/4882 steps=2838528 episodes=17310 score50=18.28 eps=0.010 loss=0.01140 q=0.537 trunc=0 sps=2534 elapsed=18.7m
iter 694/4882 steps=2842624 episodes=17329 score50=16.72 eps=0.010 loss=0.00672 q=0.524 trunc=0 sps=2534 elapsed=18.7m
iter 695/4882 steps=2846720 episodes=17351 score50=15.84 eps=0.010 loss=0.00997 q=0.564 trunc=0 sps=2534 elapsed=18.7m
iter 696/4882 steps=2850816 episodes=17372 score50=15.72 eps=0.010 loss=0.01373 q=0.517 trunc=0 sps=2533 elapsed=18.8m
iter 697/4882 steps=2854912 episodes=17382 score50=15.46 eps=0.010 loss=0.00535 q=0.525 trunc=0 sps=2533 elapsed=18.8m
iter 698/4882 steps=2859008 episodes=17398 score50=15.30 eps=0.010 loss=0.02381 q=0.520 trunc=0 sps=2533 elapsed=18.8m
iter 699/4882 steps=2863104 episodes=17410 score50=15.70 eps=0.010 loss=0.01092 q=0.524 trunc=0 sps=2533 elapsed=18.8m
iter 700/4882 steps=2867200 episodes=17425 score50=15.60 eps=0.010 loss=0.01102 q=0.502 trunc=0 sps=2533 elapsed=18.9m
  [eval] iter=700 mean=15.45+-1.61 median=15.5 max=32 P(>=120)=0.00 entropy=1.48/2.20 wnorm=34.205 srank=299/512
iter 701/4882 steps=2871296 episodes=17447 score50=14.32 eps=0.010 loss=0.02637 q=0.480 trunc=0 sps=2523 elapsed=19.0m
iter 702/4882 steps=2875392 episodes=17466 score50=13.78 eps=0.010 loss=0.01330 q=0.564 trunc=0 sps=2523 elapsed=19.0m
iter 703/4882 steps=2879488 episodes=17484 score50=14.54 eps=0.010 loss=0.02897 q=0.528 trunc=0 sps=2523 elapsed=19.0m
iter 704/4882 steps=2883584 episodes=17508 score50=16.86 eps=0.010 loss=0.00869 q=0.549 trunc=0 sps=2523 elapsed=19.1m
iter 705/4882 steps=2887680 episodes=17525 score50=17.34 eps=0.010 loss=0.02326 q=0.570 trunc=0 sps=2523 elapsed=19.1m
iter 706/4882 steps=2891776 episodes=17542 score50=15.48 eps=0.010 loss=0.00908 q=0.608 trunc=0 sps=2523 elapsed=19.1m
iter 707/4882 steps=2895872 episodes=17559 score50=15.30 eps=0.010 loss=0.00567 q=0.587 trunc=0 sps=2523 elapsed=19.1m
iter 708/4882 steps=2899968 episodes=17580 score50=14.18 eps=0.010 loss=0.02553 q=0.569 trunc=0 sps=2523 elapsed=19.2m
iter 709/4882 steps=2904064 episodes=17602 score50=13.64 eps=0.010 loss=0.01379 q=0.593 trunc=0 sps=2523 elapsed=19.2m
iter 710/4882 steps=2908160 episodes=17631 score50=13.86 eps=0.010 loss=0.02353 q=0.594 trunc=0 sps=2523 elapsed=19.2m
iter 711/4882 steps=2912256 episodes=17658 score50=12.30 eps=0.010 loss=0.01889 q=0.596 trunc=0 sps=2524 elapsed=19.2m
iter 712/4882 steps=2916352 episodes=17672 score50=10.14 eps=0.010 loss=0.02367 q=0.633 trunc=0 sps=2524 elapsed=19.3m
iter 713/4882 steps=2920448 episodes=17689 score50=11.02 eps=0.010 loss=0.01136 q=0.613 trunc=0 sps=2524 elapsed=19.3m
iter 714/4882 steps=2924544 episodes=17702 score50=12.42 eps=0.010 loss=0.01075 q=0.615 trunc=0 sps=2524 elapsed=19.3m
iter 715/4882 steps=2928640 episodes=17733 score50=12.54 eps=0.010 loss=0.01248 q=0.636 trunc=0 sps=2524 elapsed=19.3m
iter 716/4882 steps=2932736 episodes=17752 score50=11.56 eps=0.010 loss=0.02257 q=0.570 trunc=0 sps=2524 elapsed=19.4m
iter 717/4882 steps=2936832 episodes=17772 score50=12.48 eps=0.010 loss=0.00680 q=0.601 trunc=0 sps=2523 elapsed=19.4m
iter 718/4882 steps=2940928 episodes=17789 score50=12.30 eps=0.010 loss=0.00898 q=0.592 trunc=0 sps=2523 elapsed=19.4m
iter 719/4882 steps=2945024 episodes=17809 score50=12.72 eps=0.010 loss=0.00422 q=0.582 trunc=0 sps=2523 elapsed=19.5m
iter 720/4882 steps=2949120 episodes=17825 score50=12.66 eps=0.010 loss=0.01177 q=0.559 trunc=0 sps=2523 elapsed=19.5m
iter 721/4882 steps=2953216 episodes=17839 score50=13.24 eps=0.010 loss=0.00826 q=0.542 trunc=0 sps=2523 elapsed=19.5m
iter 722/4882 steps=2957312 episodes=17858 score50=14.52 eps=0.010 loss=0.00476 q=0.562 trunc=0 sps=2523 elapsed=19.5m
iter 723/4882 steps=2961408 episodes=17874 score50=14.36 eps=0.010 loss=0.00784 q=0.604 trunc=0 sps=2523 elapsed=19.6m
iter 724/4882 steps=2965504 episodes=17889 score50=14.32 eps=0.010 loss=0.00609 q=0.579 trunc=0 sps=2523 elapsed=19.6m
iter 725/4882 steps=2969600 episodes=17907 score50=14.68 eps=0.010 loss=0.01296 q=0.586 trunc=0 sps=2523 elapsed=19.6m
iter 726/4882 steps=2973696 episodes=17922 score50=16.62 eps=0.010 loss=0.03892 q=0.577 trunc=0 sps=2523 elapsed=19.6m
iter 727/4882 steps=2977792 episodes=17942 score50=16.02 eps=0.010 loss=0.03511 q=0.570 trunc=0 sps=2523 elapsed=19.7m
iter 728/4882 steps=2981888 episodes=17967 score50=11.94 eps=0.010 loss=0.02926 q=0.593 trunc=0 sps=2523 elapsed=19.7m
iter 729/4882 steps=2985984 episodes=17992 score50=11.30 eps=0.010 loss=0.01714 q=0.576 trunc=0 sps=2523 elapsed=19.7m
iter 730/4882 steps=2990080 episodes=18004 score50=13.34 eps=0.010 loss=0.02649 q=0.581 trunc=0 sps=2523 elapsed=19.8m
iter 731/4882 steps=2994176 episodes=18021 score50=15.22 eps=0.010 loss=0.01401 q=0.617 trunc=0 sps=2523 elapsed=19.8m
iter 732/4882 steps=2998272 episodes=18030 score50=14.68 eps=0.010 loss=0.00346 q=0.564 trunc=0 sps=2523 elapsed=19.8m
iter 733/4882 steps=3002368 episodes=18057 score50=15.04 eps=0.010 loss=0.02233 q=0.583 trunc=0 sps=2523 elapsed=19.8m
iter 734/4882 steps=3006464 episodes=18074 score50=14.90 eps=0.010 loss=0.00401 q=0.634 trunc=0 sps=2523 elapsed=19.9m
iter 735/4882 steps=3010560 episodes=18091 score50=14.76 eps=0.010 loss=0.03009 q=0.574 trunc=0 sps=2523 elapsed=19.9m
iter 736/4882 steps=3014656 episodes=18106 score50=15.56 eps=0.010 loss=0.01959 q=0.605 trunc=0 sps=2523 elapsed=19.9m
iter 737/4882 steps=3018752 episodes=18118 score50=16.62 eps=0.010 loss=0.01685 q=0.548 trunc=0 sps=2523 elapsed=19.9m
iter 738/4882 steps=3022848 episodes=18136 score50=17.86 eps=0.010 loss=0.01455 q=0.582 trunc=0 sps=2523 elapsed=20.0m
iter 739/4882 steps=3026944 episodes=18148 score50=17.54 eps=0.010 loss=0.00787 q=0.552 trunc=0 sps=2523 elapsed=20.0m
iter 740/4882 steps=3031040 episodes=18156 score50=17.94 eps=0.010 loss=0.01749 q=0.561 trunc=0 sps=2523 elapsed=20.0m
iter 741/4882 steps=3035136 episodes=18177 score50=18.84 eps=0.010 loss=0.02566 q=0.540 trunc=0 sps=2523 elapsed=20.1m
iter 742/4882 steps=3039232 episodes=18193 score50=16.98 eps=0.010 loss=0.00669 q=0.575 trunc=0 sps=2523 elapsed=20.1m
iter 743/4882 steps=3043328 episodes=18207 score50=14.98 eps=0.010 loss=0.00581 q=0.593 trunc=0 sps=2523 elapsed=20.1m
iter 744/4882 steps=3047424 episodes=18230 score50=14.48 eps=0.010 loss=0.01950 q=0.578 trunc=0 sps=2522 elapsed=20.1m
iter 745/4882 steps=3051520 episodes=18249 score50=16.14 eps=0.010 loss=0.01558 q=0.644 trunc=0 sps=2523 elapsed=20.2m
iter 746/4882 steps=3055616 episodes=18263 score50=16.90 eps=0.010 loss=0.00832 q=0.635 trunc=0 sps=2522 elapsed=20.2m
iter 747/4882 steps=3059712 episodes=18276 score50=18.20 eps=0.010 loss=0.01989 q=0.638 trunc=0 sps=2522 elapsed=20.2m
iter 748/4882 steps=3063808 episodes=18306 score50=17.94 eps=0.010 loss=0.03537 q=0.619 trunc=0 sps=2522 elapsed=20.2m
iter 749/4882 steps=3067904 episodes=18321 score50=17.00 eps=0.010 loss=0.01324 q=0.641 trunc=0 sps=2522 elapsed=20.3m
iter 750/4882 steps=3072000 episodes=18334 score50=16.64 eps=0.010 loss=0.01422 q=0.655 trunc=0 sps=2522 elapsed=20.3m
iter 751/4882 steps=3076096 episodes=18348 score50=16.04 eps=0.010 loss=0.00937 q=0.626 trunc=0 sps=2522 elapsed=20.3m
iter 752/4882 steps=3080192 episodes=18367 score50=14.20 eps=0.010 loss=0.02181 q=0.638 trunc=0 sps=2522 elapsed=20.4m
iter 753/4882 steps=3084288 episodes=18380 score50=13.94 eps=0.010 loss=0.01068 q=0.689 trunc=0 sps=2522 elapsed=20.4m
iter 754/4882 steps=3088384 episodes=18396 score50=13.28 eps=0.010 loss=0.01276 q=0.722 trunc=0 sps=2522 elapsed=20.4m
iter 755/4882 steps=3092480 episodes=18414 score50=14.84 eps=0.010 loss=0.01230 q=0.643 trunc=0 sps=2522 elapsed=20.4m
iter 756/4882 steps=3096576 episodes=18430 score50=16.08 eps=0.010 loss=0.01889 q=0.678 trunc=0 sps=2522 elapsed=20.5m
iter 757/4882 steps=3100672 episodes=18451 score50=16.98 eps=0.010 loss=0.02274 q=0.694 trunc=0 sps=2521 elapsed=20.5m
iter 758/4882 steps=3104768 episodes=18468 score50=16.82 eps=0.010 loss=0.01635 q=0.670 trunc=0 sps=2521 elapsed=20.5m
iter 759/4882 steps=3108864 episodes=18492 score50=15.44 eps=0.010 loss=0.01124 q=0.695 trunc=0 sps=2521 elapsed=20.6m
iter 760/4882 steps=3112960 episodes=18508 score50=15.78 eps=0.010 loss=0.01348 q=0.750 trunc=0 sps=2521 elapsed=20.6m
iter 761/4882 steps=3117056 episodes=18519 score50=15.32 eps=0.010 loss=0.00548 q=0.748 trunc=0 sps=2521 elapsed=20.6m
iter 762/4882 steps=3121152 episodes=18530 score50=15.42 eps=0.010 loss=0.00810 q=0.709 trunc=0 sps=2521 elapsed=20.6m
iter 763/4882 steps=3125248 episodes=18545 score50=14.90 eps=0.010 loss=0.01437 q=0.690 trunc=0 sps=2521 elapsed=20.7m
iter 764/4882 steps=3129344 episodes=18562 score50=15.08 eps=0.010 loss=0.00778 q=0.650 trunc=0 sps=2521 elapsed=20.7m
iter 765/4882 steps=3133440 episodes=18576 score50=16.30 eps=0.010 loss=0.00608 q=0.738 trunc=0 sps=2521 elapsed=20.7m
iter 766/4882 steps=3137536 episodes=18589 score50=17.24 eps=0.010 loss=0.01857 q=0.738 trunc=0 sps=2521 elapsed=20.7m
iter 767/4882 steps=3141632 episodes=18606 score50=19.26 eps=0.010 loss=0.00611 q=0.728 trunc=0 sps=2521 elapsed=20.8m
iter 768/4882 steps=3145728 episodes=18629 score50=18.08 eps=0.010 loss=0.00659 q=0.747 trunc=0 sps=2521 elapsed=20.8m
iter 769/4882 steps=3149824 episodes=18651 score50=16.24 eps=0.010 loss=0.01456 q=0.792 trunc=0 sps=2521 elapsed=20.8m
iter 770/4882 steps=3153920 episodes=18672 score50=14.62 eps=0.010 loss=0.01415 q=0.707 trunc=0 sps=2521 elapsed=20.9m
iter 771/4882 steps=3158016 episodes=18688 score50=15.40 eps=0.010 loss=0.01755 q=0.752 trunc=0 sps=2521 elapsed=20.9m
iter 772/4882 steps=3162112 episodes=18702 score50=15.46 eps=0.010 loss=0.01681 q=0.721 trunc=0 sps=2521 elapsed=20.9m
iter 773/4882 steps=3166208 episodes=18723 score50=15.80 eps=0.010 loss=0.02504 q=0.785 trunc=0 sps=2521 elapsed=20.9m
iter 774/4882 steps=3170304 episodes=18743 score50=15.14 eps=0.010 loss=0.02652 q=0.828 trunc=0 sps=2521 elapsed=21.0m
iter 775/4882 steps=3174400 episodes=18763 score50=15.26 eps=0.010 loss=0.00712 q=0.807 trunc=0 sps=2521 elapsed=21.0m
iter 776/4882 steps=3178496 episodes=18781 score50=13.80 eps=0.010 loss=0.04292 q=0.773 trunc=0 sps=2521 elapsed=21.0m
iter 777/4882 steps=3182592 episodes=18803 score50=11.60 eps=0.010 loss=0.01112 q=0.709 trunc=0 sps=2521 elapsed=21.0m
iter 778/4882 steps=3186688 episodes=18817 score50=13.60 eps=0.010 loss=0.00934 q=0.718 trunc=0 sps=2521 elapsed=21.1m
iter 779/4882 steps=3190784 episodes=18837 score50=13.92 eps=0.010 loss=0.02147 q=0.738 trunc=0 sps=2521 elapsed=21.1m
iter 780/4882 steps=3194880 episodes=18860 score50=13.56 eps=0.010 loss=0.04302 q=0.633 trunc=0 sps=2521 elapsed=21.1m
iter 781/4882 steps=3198976 episodes=18885 score50=12.98 eps=0.010 loss=0.00626 q=0.736 trunc=0 sps=2522 elapsed=21.1m
iter 782/4882 steps=3203072 episodes=18897 score50=12.92 eps=0.010 loss=0.01540 q=0.782 trunc=0 sps=2522 elapsed=21.2m
iter 783/4882 steps=3207168 episodes=18917 score50=13.50 eps=0.010 loss=0.00333 q=0.761 trunc=0 sps=2522 elapsed=21.2m
iter 784/4882 steps=3211264 episodes=18937 score50=13.38 eps=0.010 loss=0.01077 q=0.738 trunc=0 sps=2522 elapsed=21.2m
iter 785/4882 steps=3215360 episodes=18955 score50=13.74 eps=0.010 loss=0.01794 q=0.682 trunc=0 sps=2522 elapsed=21.2m
iter 786/4882 steps=3219456 episodes=18968 score50=13.38 eps=0.010 loss=0.00604 q=0.637 trunc=0 sps=2522 elapsed=21.3m
iter 787/4882 steps=3223552 episodes=18986 score50=14.56 eps=0.010 loss=0.00890 q=0.667 trunc=0 sps=2522 elapsed=21.3m
iter 788/4882 steps=3227648 episodes=18997 score50=13.66 eps=0.010 loss=0.00403 q=0.637 trunc=0 sps=2522 elapsed=21.3m
iter 789/4882 steps=3231744 episodes=19016 score50=13.78 eps=0.010 loss=0.03017 q=0.585 trunc=0 sps=2522 elapsed=21.4m
iter 790/4882 steps=3235840 episodes=19037 score50=13.80 eps=0.010 loss=0.01528 q=0.565 trunc=0 sps=2522 elapsed=21.4m
iter 791/4882 steps=3239936 episodes=19046 score50=15.36 eps=0.010 loss=0.00989 q=0.584 trunc=0 sps=2522 elapsed=21.4m
iter 792/4882 steps=3244032 episodes=19057 score50=17.24 eps=0.010 loss=0.00535 q=0.560 trunc=0 sps=2522 elapsed=21.4m
iter 793/4882 steps=3248128 episodes=19073 score50=18.00 eps=0.010 loss=0.00231 q=0.585 trunc=0 sps=2522 elapsed=21.5m
iter 794/4882 steps=3252224 episodes=19092 score50=16.96 eps=0.010 loss=0.00706 q=0.541 trunc=0 sps=2522 elapsed=21.5m
iter 795/4882 steps=3256320 episodes=19107 score50=15.92 eps=0.010 loss=0.00388 q=0.590 trunc=0 sps=2522 elapsed=21.5m
iter 796/4882 steps=3260416 episodes=19135 score50=16.56 eps=0.010 loss=0.02210 q=0.593 trunc=0 sps=2521 elapsed=21.6m
iter 797/4882 steps=3264512 episodes=19159 score50=17.58 eps=0.010 loss=0.00544 q=0.624 trunc=0 sps=2521 elapsed=21.6m
iter 798/4882 steps=3268608 episodes=19183 score50=14.04 eps=0.010 loss=0.00404 q=0.668 trunc=0 sps=2521 elapsed=21.6m
iter 799/4882 steps=3272704 episodes=19202 score50=15.02 eps=0.010 loss=0.00577 q=0.636 trunc=0 sps=2521 elapsed=21.6m
iter 800/4882 steps=3276800 episodes=19215 score50=13.24 eps=0.010 loss=0.02160 q=0.684 trunc=0 sps=2521 elapsed=21.7m
  [eval] iter=800 mean=12.80+-1.74 median=12.5 max=27 P(>=120)=0.00 entropy=1.52/2.20 wnorm=36.112 srank=298/512
iter 801/4882 steps=3280896 episodes=19234 score50=13.58 eps=0.010 loss=0.01542 q=0.665 trunc=0 sps=2514 elapsed=21.7m
iter 802/4882 steps=3284992 episodes=19249 score50=11.86 eps=0.010 loss=0.01366 q=0.652 trunc=0 sps=2514 elapsed=21.8m
iter 803/4882 steps=3289088 episodes=19266 score50=13.26 eps=0.010 loss=0.01673 q=0.603 trunc=0 sps=2514 elapsed=21.8m
iter 804/4882 steps=3293184 episodes=19273 score50=12.90 eps=0.010 loss=0.01218 q=0.590 trunc=0 sps=2514 elapsed=21.8m
iter 805/4882 steps=3297280 episodes=19289 score50=14.06 eps=0.010 loss=0.02669 q=0.557 trunc=0 sps=2515 elapsed=21.9m
iter 806/4882 steps=3301376 episodes=19309 score50=14.28 eps=0.010 loss=0.02578 q=0.623 trunc=0 sps=2515 elapsed=21.9m
iter 807/4882 steps=3305472 episodes=19327 score50=14.32 eps=0.010 loss=0.00549 q=0.634 trunc=0 sps=2515 elapsed=21.9m
iter 808/4882 steps=3309568 episodes=19350 score50=16.20 eps=0.010 loss=0.03171 q=0.663 trunc=0 sps=2515 elapsed=21.9m
iter 809/4882 steps=3313664 episodes=19373 score50=15.34 eps=0.010 loss=0.01746 q=0.628 trunc=0 sps=2515 elapsed=22.0m
iter 810/4882 steps=3317760 episodes=19390 score50=15.58 eps=0.010 loss=0.01448 q=0.635 trunc=0 sps=2515 elapsed=22.0m
iter 811/4882 steps=3321856 episodes=19403 score50=13.98 eps=0.010 loss=0.01765 q=0.611 trunc=0 sps=2515 elapsed=22.0m
iter 812/4882 steps=3325952 episodes=19420 score50=14.82 eps=0.010 loss=0.00598 q=0.663 trunc=0 sps=2515 elapsed=22.0m
iter 813/4882 steps=3330048 episodes=19443 score50=14.38 eps=0.010 loss=0.00874 q=0.576 trunc=0 sps=2515 elapsed=22.1m
iter 814/4882 steps=3334144 episodes=19457 score50=12.76 eps=0.010 loss=0.04844 q=0.642 trunc=0 sps=2515 elapsed=22.1m
iter 815/4882 steps=3338240 episodes=19481 score50=16.16 eps=0.010 loss=0.01921 q=0.595 trunc=0 sps=2515 elapsed=22.1m
iter 816/4882 steps=3342336 episodes=19494 score50=16.34 eps=0.010 loss=0.00658 q=0.614 trunc=0 sps=2515 elapsed=22.1m
iter 817/4882 steps=3346432 episodes=19512 score50=16.16 eps=0.010 loss=0.00349 q=0.623 trunc=0 sps=2515 elapsed=22.2m
iter 818/4882 steps=3350528 episodes=19527 score50=14.16 eps=0.010 loss=0.01830 q=0.635 trunc=0 sps=2515 elapsed=22.2m
iter 819/4882 steps=3354624 episodes=19546 score50=12.24 eps=0.010 loss=0.01717 q=0.620 trunc=0 sps=2515 elapsed=22.2m
iter 820/4882 steps=3358720 episodes=19568 score50=12.00 eps=0.010 loss=0.02764 q=0.629 trunc=0 sps=2515 elapsed=22.3m
iter 821/4882 steps=3362816 episodes=19588 score50=12.54 eps=0.010 loss=0.03207 q=0.625 trunc=0 sps=2515 elapsed=22.3m
iter 822/4882 steps=3366912 episodes=19606 score50=13.24 eps=0.010 loss=0.03305 q=0.624 trunc=0 sps=2515 elapsed=22.3m
iter 823/4882 steps=3371008 episodes=19627 score50=14.86 eps=0.010 loss=0.00736 q=0.644 trunc=0 sps=2515 elapsed=22.3m
iter 824/4882 steps=3375104 episodes=19643 score50=14.96 eps=0.010 loss=0.03382 q=0.656 trunc=0 sps=2516 elapsed=22.4m
iter 825/4882 steps=3379200 episodes=19670 score50=13.06 eps=0.010 loss=0.01795 q=0.605 trunc=0 sps=2516 elapsed=22.4m
iter 826/4882 steps=3383296 episodes=19691 score50=13.66 eps=0.010 loss=0.01368 q=0.677 trunc=0 sps=2516 elapsed=22.4m
iter 827/4882 steps=3387392 episodes=19709 score50=14.48 eps=0.010 loss=0.00558 q=0.629 trunc=0 sps=2516 elapsed=22.4m
iter 828/4882 steps=3391488 episodes=19723 score50=16.36 eps=0.010 loss=0.01524 q=0.622 trunc=0 sps=2516 elapsed=22.5m
iter 829/4882 steps=3395584 episodes=19737 score50=16.66 eps=0.010 loss=0.00530 q=0.670 trunc=0 sps=2516 elapsed=22.5m
iter 830/4882 steps=3399680 episodes=19760 score50=16.14 eps=0.010 loss=0.01898 q=0.603 trunc=0 sps=2516 elapsed=22.5m
iter 831/4882 steps=3403776 episodes=19777 score50=14.92 eps=0.010 loss=0.01013 q=0.595 trunc=0 sps=2516 elapsed=22.5m
iter 832/4882 steps=3407872 episodes=19797 score50=15.06 eps=0.010 loss=0.02893 q=0.646 trunc=0 sps=2516 elapsed=22.6m
iter 833/4882 steps=3411968 episodes=19811 score50=14.82 eps=0.010 loss=0.00753 q=0.611 trunc=0 sps=2515 elapsed=22.6m
iter 834/4882 steps=3416064 episodes=19825 score50=14.64 eps=0.010 loss=0.00584 q=0.631 trunc=0 sps=2515 elapsed=22.6m
iter 835/4882 steps=3420160 episodes=19842 score50=14.88 eps=0.010 loss=0.00528 q=0.621 trunc=0 sps=2515 elapsed=22.7m
iter 836/4882 steps=3424256 episodes=19861 score50=15.72 eps=0.010 loss=0.00606 q=0.663 trunc=0 sps=2515 elapsed=22.7m
iter 837/4882 steps=3428352 episodes=19872 score50=15.82 eps=0.010 loss=0.00795 q=0.660 trunc=0 sps=2515 elapsed=22.7m
iter 838/4882 steps=3432448 episodes=19888 score50=16.66 eps=0.010 loss=0.00696 q=0.634 trunc=0 sps=2515 elapsed=22.7m
iter 839/4882 steps=3436544 episodes=19904 score50=14.52 eps=0.010 loss=0.00665 q=0.620 trunc=0 sps=2515 elapsed=22.8m
iter 840/4882 steps=3440640 episodes=19917 score50=14.36 eps=0.010 loss=0.00779 q=0.598 trunc=0 sps=2515 elapsed=22.8m
iter 841/4882 steps=3444736 episodes=19937 score50=13.30 eps=0.010 loss=0.00530 q=0.639 trunc=0 sps=2515 elapsed=22.8m
iter 842/4882 steps=3448832 episodes=19957 score50=15.52 eps=0.010 loss=0.00582 q=0.601 trunc=0 sps=2515 elapsed=22.9m
iter 843/4882 steps=3452928 episodes=19982 score50=17.02 eps=0.010 loss=0.00502 q=0.634 trunc=0 sps=2515 elapsed=22.9m
iter 844/4882 steps=3457024 episodes=20007 score50=14.64 eps=0.010 loss=0.01733 q=0.632 trunc=0 sps=2515 elapsed=22.9m
iter 845/4882 steps=3461120 episodes=20025 score50=14.84 eps=0.010 loss=0.02141 q=0.635 trunc=0 sps=2515 elapsed=22.9m
iter 846/4882 steps=3465216 episodes=20049 score50=14.34 eps=0.010 loss=0.03558 q=0.630 trunc=0 sps=2515 elapsed=23.0m
iter 847/4882 steps=3469312 episodes=20073 score50=12.26 eps=0.010 loss=0.03001 q=0.633 trunc=0 sps=2515 elapsed=23.0m
iter 848/4882 steps=3473408 episodes=20096 score50=11.80 eps=0.010 loss=0.00821 q=0.650 trunc=0 sps=2515 elapsed=23.0m
iter 849/4882 steps=3477504 episodes=20114 score50=11.16 eps=0.010 loss=0.01640 q=0.689 trunc=0 sps=2515 elapsed=23.0m
iter 850/4882 steps=3481600 episodes=20142 score50=12.58 eps=0.010 loss=0.01593 q=0.666 trunc=0 sps=2515 elapsed=23.1m
iter 851/4882 steps=3485696 episodes=20153 score50=12.74 eps=0.010 loss=0.01934 q=0.729 trunc=0 sps=2515 elapsed=23.1m
iter 852/4882 steps=3489792 episodes=20178 score50=13.36 eps=0.010 loss=0.04395 q=0.653 trunc=0 sps=2515 elapsed=23.1m
iter 853/4882 steps=3493888 episodes=20194 score50=14.68 eps=0.010 loss=0.00920 q=0.662 trunc=0 sps=2515 elapsed=23.2m
iter 854/4882 steps=3497984 episodes=20208 score50=15.06 eps=0.010 loss=0.01302 q=0.685 trunc=0 sps=2515 elapsed=23.2m
iter 855/4882 steps=3502080 episodes=20222 score50=15.26 eps=0.010 loss=0.00696 q=0.668 trunc=0 sps=2516 elapsed=23.2m
iter 856/4882 steps=3506176 episodes=20238 score50=13.58 eps=0.010 loss=0.03125 q=0.643 trunc=0 sps=2516 elapsed=23.2m
iter 857/4882 steps=3510272 episodes=20253 score50=13.54 eps=0.010 loss=0.01523 q=0.604 trunc=0 sps=2516 elapsed=23.3m
iter 858/4882 steps=3514368 episodes=20272 score50=13.62 eps=0.010 loss=0.01222 q=0.629 trunc=0 sps=2516 elapsed=23.3m
iter 859/4882 steps=3518464 episodes=20287 score50=14.18 eps=0.010 loss=0.02032 q=0.679 trunc=0 sps=2516 elapsed=23.3m
iter 860/4882 steps=3522560 episodes=20305 score50=15.04 eps=0.010 loss=0.00544 q=0.619 trunc=0 sps=2516 elapsed=23.3m
iter 861/4882 steps=3526656 episodes=20318 score50=15.06 eps=0.010 loss=0.02017 q=0.639 trunc=0 sps=2516 elapsed=23.4m
iter 862/4882 steps=3530752 episodes=20340 score50=14.74 eps=0.010 loss=0.01758 q=0.603 trunc=0 sps=2516 elapsed=23.4m
iter 863/4882 steps=3534848 episodes=20356 score50=14.82 eps=0.010 loss=0.02036 q=0.596 trunc=0 sps=2516 elapsed=23.4m
iter 864/4882 steps=3538944 episodes=20371 score50=15.36 eps=0.010 loss=0.01033 q=0.591 trunc=0 sps=2516 elapsed=23.4m
iter 865/4882 steps=3543040 episodes=20385 score50=16.66 eps=0.010 loss=0.00926 q=0.643 trunc=0 sps=2516 elapsed=23.5m
iter 866/4882 steps=3547136 episodes=20402 score50=17.44 eps=0.010 loss=0.00415 q=0.608 trunc=0 sps=2516 elapsed=23.5m
iter 867/4882 steps=3551232 episodes=20414 score50=17.38 eps=0.010 loss=0.01341 q=0.639 trunc=0 sps=2516 elapsed=23.5m
iter 868/4882 steps=3555328 episodes=20430 score50=16.28 eps=0.010 loss=0.00382 q=0.646 trunc=0 sps=2516 elapsed=23.5m
iter 869/4882 steps=3559424 episodes=20451 score50=15.44 eps=0.010 loss=0.01473 q=0.683 trunc=0 sps=2516 elapsed=23.6m
iter 870/4882 steps=3563520 episodes=20471 score50=14.52 eps=0.010 loss=0.03050 q=0.684 trunc=0 sps=2516 elapsed=23.6m
iter 871/4882 steps=3567616 episodes=20491 score50=14.40 eps=0.010 loss=0.00440 q=0.686 trunc=0 sps=2516 elapsed=23.6m
iter 872/4882 steps=3571712 episodes=20507 score50=15.16 eps=0.010 loss=0.00530 q=0.676 trunc=0 sps=2516 elapsed=23.7m
iter 873/4882 steps=3575808 episodes=20529 score50=15.02 eps=0.010 loss=0.02145 q=0.651 trunc=0 sps=2516 elapsed=23.7m
iter 874/4882 steps=3579904 episodes=20544 score50=15.32 eps=0.010 loss=0.01336 q=0.656 trunc=0 sps=2515 elapsed=23.7m
iter 875/4882 steps=3584000 episodes=20562 score50=16.10 eps=0.010 loss=0.01445 q=0.710 trunc=0 sps=2515 elapsed=23.7m
iter 876/4882 steps=3588096 episodes=20582 score50=17.52 eps=0.010 loss=0.01331 q=0.730 trunc=0 sps=2515 elapsed=23.8m
iter 877/4882 steps=3592192 episodes=20598 score50=15.92 eps=0.010 loss=0.00829 q=0.654 trunc=0 sps=2515 elapsed=23.8m
iter 878/4882 steps=3596288 episodes=20619 score50=13.92 eps=0.010 loss=0.03502 q=0.689 trunc=0 sps=2515 elapsed=23.8m
iter 879/4882 steps=3600384 episodes=20636 score50=13.02 eps=0.010 loss=0.03066 q=0.672 trunc=0 sps=2515 elapsed=23.9m
iter 880/4882 steps=3604480 episodes=20650 score50=14.58 eps=0.010 loss=0.00505 q=0.694 trunc=0 sps=2515 elapsed=23.9m
iter 881/4882 steps=3608576 episodes=20670 score50=13.72 eps=0.010 loss=0.03363 q=0.674 trunc=0 sps=2515 elapsed=23.9m
iter 882/4882 steps=3612672 episodes=20689 score50=14.92 eps=0.010 loss=0.00923 q=0.690 trunc=0 sps=2515 elapsed=23.9m
iter 883/4882 steps=3616768 episodes=20705 score50=15.94 eps=0.010 loss=0.03895 q=0.700 trunc=0 sps=2515 elapsed=24.0m
iter 884/4882 steps=3620864 episodes=20725 score50=15.08 eps=0.010 loss=0.01841 q=0.663 trunc=0 sps=2515 elapsed=24.0m
iter 885/4882 steps=3624960 episodes=20747 score50=14.50 eps=0.010 loss=0.02352 q=0.697 trunc=0 sps=2515 elapsed=24.0m
iter 886/4882 steps=3629056 episodes=20766 score50=14.00 eps=0.010 loss=0.02088 q=0.720 trunc=0 sps=2515 elapsed=24.0m
iter 887/4882 steps=3633152 episodes=20787 score50=13.02 eps=0.010 loss=0.01058 q=0.708 trunc=0 sps=2516 elapsed=24.1m
iter 888/4882 steps=3637248 episodes=20806 score50=12.76 eps=0.010 loss=0.03283 q=0.699 trunc=0 sps=2515 elapsed=24.1m
iter 889/4882 steps=3641344 episodes=20822 score50=12.96 eps=0.010 loss=0.01429 q=0.663 trunc=0 sps=2516 elapsed=24.1m
iter 890/4882 steps=3645440 episodes=20838 score50=14.66 eps=0.010 loss=0.01085 q=0.677 trunc=0 sps=2516 elapsed=24.2m
iter 891/4882 steps=3649536 episodes=20849 score50=15.22 eps=0.010 loss=0.01272 q=0.658 trunc=0 sps=2516 elapsed=24.2m
iter 892/4882 steps=3653632 episodes=20862 score50=15.42 eps=0.010 loss=0.01040 q=0.667 trunc=0 sps=2516 elapsed=24.2m
iter 893/4882 steps=3657728 episodes=20880 score50=15.50 eps=0.010 loss=0.01331 q=0.634 trunc=0 sps=2516 elapsed=24.2m
iter 894/4882 steps=3661824 episodes=20902 score50=15.94 eps=0.010 loss=0.00351 q=0.620 trunc=0 sps=2516 elapsed=24.3m
iter 895/4882 steps=3665920 episodes=20913 score50=15.72 eps=0.010 loss=0.02043 q=0.687 trunc=0 sps=2516 elapsed=24.3m
iter 896/4882 steps=3670016 episodes=20932 score50=16.30 eps=0.010 loss=0.01916 q=0.700 trunc=0 sps=2516 elapsed=24.3m
iter 897/4882 steps=3674112 episodes=20960 score50=15.44 eps=0.010 loss=0.00593 q=0.691 trunc=0 sps=2516 elapsed=24.3m
iter 898/4882 steps=3678208 episodes=20975 score50=15.56 eps=0.010 loss=0.01440 q=0.702 trunc=0 sps=2516 elapsed=24.4m
iter 899/4882 steps=3682304 episodes=20990 score50=14.32 eps=0.010 loss=0.01268 q=0.693 trunc=0 sps=2516 elapsed=24.4m
iter 900/4882 steps=3686400 episodes=21008 score50=13.44 eps=0.010 loss=0.00475 q=0.733 trunc=0 sps=2516 elapsed=24.4m
  [eval] iter=900 mean=17.15+-1.42 median=16.5 max=32 P(>=120)=0.00 entropy=1.54/2.20 wnorm=37.913 srank=318/512
iter 901/4882 steps=3690496 episodes=21033 score50=13.36 eps=0.010 loss=0.01120 q=0.705 trunc=0 sps=2507 elapsed=24.5m
iter 902/4882 steps=3694592 episodes=21056 score50=14.94 eps=0.010 loss=0.01860 q=0.699 trunc=0 sps=2507 elapsed=24.6m
iter 903/4882 steps=3698688 episodes=21074 score50=14.68 eps=0.010 loss=0.00519 q=0.772 trunc=0 sps=2507 elapsed=24.6m
iter 904/4882 steps=3702784 episodes=21089 score50=15.02 eps=0.010 loss=0.00783 q=0.753 trunc=0 sps=2507 elapsed=24.6m
iter 905/4882 steps=3706880 episodes=21100 score50=15.48 eps=0.010 loss=0.00502 q=0.692 trunc=0 sps=2507 elapsed=24.6m
iter 906/4882 steps=3710976 episodes=21107 score50=14.72 eps=0.010 loss=0.01926 q=0.709 trunc=0 sps=2507 elapsed=24.7m
iter 907/4882 steps=3715072 episodes=21130 score50=14.96 eps=0.010 loss=0.00846 q=0.659 trunc=0 sps=2507 elapsed=24.7m
iter 908/4882 steps=3719168 episodes=21139 score50=14.74 eps=0.010 loss=0.04959 q=0.672 trunc=0 sps=2507 elapsed=24.7m
iter 909/4882 steps=3723264 episodes=21155 score50=15.54 eps=0.010 loss=0.00614 q=0.682 trunc=0 sps=2507 elapsed=24.8m
iter 910/4882 steps=3727360 episodes=21164 score50=16.60 eps=0.010 loss=0.00320 q=0.645 trunc=0 sps=2507 elapsed=24.8m
iter 911/4882 steps=3731456 episodes=21180 score50=16.92 eps=0.010 loss=0.01748 q=0.662 trunc=0 sps=2506 elapsed=24.8m
iter 912/4882 steps=3735552 episodes=21201 score50=17.18 eps=0.010 loss=0.04111 q=0.706 trunc=0 sps=2506 elapsed=24.8m
iter 913/4882 steps=3739648 episodes=21218 score50=17.86 eps=0.010 loss=0.01761 q=0.747 trunc=0 sps=2506 elapsed=24.9m
iter 914/4882 steps=3743744 episodes=21233 score50=16.62 eps=0.010 loss=0.01060 q=0.712 trunc=0 sps=2506 elapsed=24.9m
iter 915/4882 steps=3747840 episodes=21243 score50=16.82 eps=0.010 loss=0.00911 q=0.712 trunc=0 sps=2505 elapsed=24.9m
iter 916/4882 steps=3751936 episodes=21261 score50=15.98 eps=0.010 loss=0.01763 q=0.663 trunc=0 sps=2505 elapsed=25.0m
iter 917/4882 steps=3756032 episodes=21287 score50=17.00 eps=0.010 loss=0.01996 q=0.665 trunc=0 sps=2505 elapsed=25.0m
iter 918/4882 steps=3760128 episodes=21301 score50=17.58 eps=0.010 loss=0.02818 q=0.664 trunc=0 sps=2505 elapsed=25.0m
iter 919/4882 steps=3764224 episodes=21314 score50=17.60 eps=0.010 loss=0.01041 q=0.686 trunc=0 sps=2505 elapsed=25.0m
iter 920/4882 steps=3768320 episodes=21330 score50=18.14 eps=0.010 loss=0.01544 q=0.692 trunc=0 sps=2505 elapsed=25.1m
iter 921/4882 steps=3772416 episodes=21348 score50=16.88 eps=0.010 loss=0.02209 q=0.689 trunc=0 sps=2506 elapsed=25.1m
iter 922/4882 steps=3776512 episodes=21368 score50=15.90 eps=0.010 loss=0.00411 q=0.763 trunc=0 sps=2505 elapsed=25.1m
iter 923/4882 steps=3780608 episodes=21393 score50=14.52 eps=0.010 loss=0.00837 q=0.758 trunc=0 sps=2505 elapsed=25.1m
iter 924/4882 steps=3784704 episodes=21410 score50=14.48 eps=0.010 loss=0.02673 q=0.769 trunc=0 sps=2506 elapsed=25.2m
iter 925/4882 steps=3788800 episodes=21429 score50=16.32 eps=0.010 loss=0.00740 q=0.822 trunc=0 sps=2506 elapsed=25.2m
iter 926/4882 steps=3792896 episodes=21449 score50=14.90 eps=0.010 loss=0.03967 q=0.765 trunc=0 sps=2506 elapsed=25.2m
iter 927/4882 steps=3796992 episodes=21457 score50=14.32 eps=0.010 loss=0.00668 q=0.751 trunc=0 sps=2506 elapsed=25.3m
iter 928/4882 steps=3801088 episodes=21472 score50=12.94 eps=0.010 loss=0.01106 q=0.747 trunc=0 sps=2506 elapsed=25.3m
iter 929/4882 steps=3805184 episodes=21482 score50=14.60 eps=0.010 loss=0.01852 q=0.741 trunc=0 sps=2506 elapsed=25.3m
iter 930/4882 steps=3809280 episodes=21499 score50=14.90 eps=0.010 loss=0.01802 q=0.752 trunc=0 sps=2506 elapsed=25.3m
iter 931/4882 steps=3813376 episodes=21520 score50=16.30 eps=0.010 loss=0.00914 q=0.743 trunc=0 sps=2506 elapsed=25.4m
iter 932/4882 steps=3817472 episodes=21537 score50=14.34 eps=0.010 loss=0.00781 q=0.766 trunc=0 sps=2506 elapsed=25.4m
iter 933/4882 steps=3821568 episodes=21558 score50=15.84 eps=0.010 loss=0.00693 q=0.793 trunc=0 sps=2506 elapsed=25.4m
iter 934/4882 steps=3825664 episodes=21575 score50=15.94 eps=0.010 loss=0.05138 q=0.771 trunc=0 sps=2506 elapsed=25.4m
iter 935/4882 steps=3829760 episodes=21593 score50=15.34 eps=0.010 loss=0.00556 q=0.799 trunc=0 sps=2506 elapsed=25.5m
iter 936/4882 steps=3833856 episodes=21619 score50=15.58 eps=0.010 loss=0.02604 q=0.876 trunc=0 sps=2506 elapsed=25.5m
iter 937/4882 steps=3837952 episodes=21638 score50=14.82 eps=0.010 loss=0.01327 q=0.806 trunc=0 sps=2506 elapsed=25.5m
iter 938/4882 steps=3842048 episodes=21646 score50=13.68 eps=0.010 loss=0.00346 q=0.802 trunc=0 sps=2507 elapsed=25.5m
iter 939/4882 steps=3846144 episodes=21663 score50=13.02 eps=0.010 loss=0.02483 q=0.747 trunc=0 sps=2507 elapsed=25.6m
iter 940/4882 steps=3850240 episodes=21677 score50=13.00 eps=0.010 loss=0.00724 q=0.777 trunc=0 sps=2507 elapsed=25.6m
iter 941/4882 steps=3854336 episodes=21696 score50=12.58 eps=0.010 loss=0.01590 q=0.718 trunc=0 sps=2507 elapsed=25.6m
iter 942/4882 steps=3858432 episodes=21718 score50=13.04 eps=0.010 loss=0.00917 q=0.739 trunc=0 sps=2507 elapsed=25.7m
iter 943/4882 steps=3862528 episodes=21734 score50=14.26 eps=0.010 loss=0.03384 q=0.766 trunc=0 sps=2507 elapsed=25.7m
iter 944/4882 steps=3866624 episodes=21751 score50=16.86 eps=0.010 loss=0.00924 q=0.774 trunc=0 sps=2507 elapsed=25.7m
iter 945/4882 steps=3870720 episodes=21769 score50=16.60 eps=0.010 loss=0.04437 q=0.783 trunc=0 sps=2507 elapsed=25.7m
iter 946/4882 steps=3874816 episodes=21784 score50=17.72 eps=0.010 loss=0.02172 q=0.755 trunc=0 sps=2507 elapsed=25.8m
iter 947/4882 steps=3878912 episodes=21808 score50=16.82 eps=0.010 loss=0.03251 q=0.735 trunc=0 sps=2507 elapsed=25.8m
iter 948/4882 steps=3883008 episodes=21818 score50=17.40 eps=0.010 loss=0.00540 q=0.713 trunc=0 sps=2507 elapsed=25.8m
iter 949/4882 steps=3887104 episodes=21838 score50=15.00 eps=0.010 loss=0.01498 q=0.721 trunc=0 sps=2507 elapsed=25.8m
iter 950/4882 steps=3891200 episodes=21856 score50=14.74 eps=0.010 loss=0.01595 q=0.766 trunc=0 sps=2507 elapsed=25.9m
iter 951/4882 steps=3895296 episodes=21872 score50=14.62 eps=0.010 loss=0.00704 q=0.780 trunc=0 sps=2506 elapsed=25.9m
iter 952/4882 steps=3899392 episodes=21889 score50=16.78 eps=0.010 loss=0.03007 q=0.684 trunc=0 sps=2506 elapsed=25.9m
iter 953/4882 steps=3903488 episodes=21909 score50=16.40 eps=0.010 loss=0.01901 q=0.751 trunc=0 sps=2506 elapsed=26.0m
iter 954/4882 steps=3907584 episodes=21932 score50=14.40 eps=0.010 loss=0.03661 q=0.725 trunc=0 sps=2506 elapsed=26.0m
iter 955/4882 steps=3911680 episodes=21946 score50=13.46 eps=0.010 loss=0.04144 q=0.726 trunc=0 sps=2506 elapsed=26.0m
iter 956/4882 steps=3915776 episodes=21967 score50=13.04 eps=0.010 loss=0.02051 q=0.736 trunc=0 sps=2506 elapsed=26.0m
iter 957/4882 steps=3919872 episodes=21983 score50=14.66 eps=0.010 loss=0.02785 q=0.732 trunc=0 sps=2506 elapsed=26.1m
iter 958/4882 steps=3923968 episodes=22004 score50=14.44 eps=0.010 loss=0.01031 q=0.687 trunc=0 sps=2506 elapsed=26.1m
iter 959/4882 steps=3928064 episodes=22017 score50=14.04 eps=0.010 loss=0.02339 q=0.653 trunc=0 sps=2507 elapsed=26.1m
iter 960/4882 steps=3932160 episodes=22040 score50=13.08 eps=0.010 loss=0.01569 q=0.641 trunc=0 sps=2506 elapsed=26.1m
iter 961/4882 steps=3936256 episodes=22056 score50=14.42 eps=0.010 loss=0.01096 q=0.657 trunc=0 sps=2506 elapsed=26.2m
iter 962/4882 steps=3940352 episodes=22076 score50=16.68 eps=0.010 loss=0.01519 q=0.632 trunc=0 sps=2506 elapsed=26.2m
iter 963/4882 steps=3944448 episodes=22100 score50=14.78 eps=0.010 loss=0.01638 q=0.674 trunc=0 sps=2506 elapsed=26.2m
iter 964/4882 steps=3948544 episodes=22120 score50=14.66 eps=0.010 loss=0.01715 q=0.697 trunc=0 sps=2506 elapsed=26.3m
iter 965/4882 steps=3952640 episodes=22139 score50=13.08 eps=0.010 loss=0.06101 q=0.652 trunc=0 sps=2506 elapsed=26.3m
iter 966/4882 steps=3956736 episodes=22155 score50=12.58 eps=0.010 loss=0.00669 q=0.672 trunc=0 sps=2507 elapsed=26.3m
iter 967/4882 steps=3960832 episodes=22171 score50=14.48 eps=0.010 loss=0.01204 q=0.660 trunc=0 sps=2506 elapsed=26.3m
iter 968/4882 steps=3964928 episodes=22190 score50=15.68 eps=0.010 loss=0.02985 q=0.652 trunc=0 sps=2507 elapsed=26.4m
iter 969/4882 steps=3969024 episodes=22206 score50=16.04 eps=0.010 loss=0.01297 q=0.650 trunc=0 sps=2507 elapsed=26.4m
iter 970/4882 steps=3973120 episodes=22218 score50=14.04 eps=0.010 loss=0.01130 q=0.629 trunc=0 sps=2507 elapsed=26.4m
iter 971/4882 steps=3977216 episodes=22236 score50=14.06 eps=0.010 loss=0.00495 q=0.678 trunc=0 sps=2507 elapsed=26.4m
iter 972/4882 steps=3981312 episodes=22254 score50=13.52 eps=0.010 loss=0.01140 q=0.630 trunc=0 sps=2507 elapsed=26.5m
iter 973/4882 steps=3985408 episodes=22269 score50=13.84 eps=0.010 loss=0.01292 q=0.653 trunc=0 sps=2507 elapsed=26.5m
iter 974/4882 steps=3989504 episodes=22287 score50=14.88 eps=0.010 loss=0.02440 q=0.627 trunc=0 sps=2507 elapsed=26.5m
iter 975/4882 steps=3993600 episodes=22309 score50=15.06 eps=0.010 loss=0.01865 q=0.661 trunc=0 sps=2507 elapsed=26.5m
iter 976/4882 steps=3997696 episodes=22324 score50=15.00 eps=0.010 loss=0.03241 q=0.641 trunc=0 sps=2507 elapsed=26.6m
iter 977/4882 steps=4001792 episodes=22353 score50=16.00 eps=0.010 loss=0.01075 q=0.644 trunc=0 sps=2507 elapsed=26.6m
iter 978/4882 steps=4005888 episodes=22376 score50=14.36 eps=0.010 loss=0.00845 q=0.687 trunc=0 sps=2507 elapsed=26.6m
iter 979/4882 steps=4009984 episodes=22390 score50=14.22 eps=0.010 loss=0.01880 q=0.644 trunc=0 sps=2507 elapsed=26.7m
iter 980/4882 steps=4014080 episodes=22409 score50=12.68 eps=0.010 loss=0.02323 q=0.633 trunc=0 sps=2507 elapsed=26.7m
iter 981/4882 steps=4018176 episodes=22415 score50=13.04 eps=0.010 loss=0.00271 q=0.672 trunc=0 sps=2507 elapsed=26.7m
iter 982/4882 steps=4022272 episodes=22436 score50=12.86 eps=0.010 loss=0.00509 q=0.654 trunc=0 sps=2507 elapsed=26.7m
iter 983/4882 steps=4026368 episodes=22458 score50=13.96 eps=0.010 loss=0.01287 q=0.655 trunc=0 sps=2507 elapsed=26.8m
iter 984/4882 steps=4030464 episodes=22476 score50=15.02 eps=0.010 loss=0.01450 q=0.641 trunc=0 sps=2507 elapsed=26.8m
iter 985/4882 steps=4034560 episodes=22492 score50=17.40 eps=0.010 loss=0.04106 q=0.626 trunc=0 sps=2507 elapsed=26.8m
iter 986/4882 steps=4038656 episodes=22510 score50=16.64 eps=0.010 loss=0.02044 q=0.645 trunc=0 sps=2508 elapsed=26.8m
iter 987/4882 steps=4042752 episodes=22526 score50=15.46 eps=0.010 loss=0.00650 q=0.662 trunc=0 sps=2508 elapsed=26.9m
iter 988/4882 steps=4046848 episodes=22535 score50=15.28 eps=0.010 loss=0.00440 q=0.671 trunc=0 sps=2508 elapsed=26.9m
iter 989/4882 steps=4050944 episodes=22554 score50=15.18 eps=0.010 loss=0.02409 q=0.641 trunc=0 sps=2507 elapsed=26.9m
iter 990/4882 steps=4055040 episodes=22567 score50=14.90 eps=0.010 loss=0.00633 q=0.588 trunc=0 sps=2507 elapsed=27.0m
iter 991/4882 steps=4059136 episodes=22586 score50=16.24 eps=0.010 loss=0.00971 q=0.610 trunc=0 sps=2507 elapsed=27.0m
iter 992/4882 steps=4063232 episodes=22602 score50=15.94 eps=0.010 loss=0.00722 q=0.555 trunc=0 sps=2507 elapsed=27.0m
iter 993/4882 steps=4067328 episodes=22615 score50=16.54 eps=0.010 loss=0.02559 q=0.593 trunc=0 sps=2507 elapsed=27.0m
iter 994/4882 steps=4071424 episodes=22627 score50=15.60 eps=0.010 loss=0.00927 q=0.570 trunc=0 sps=2507 elapsed=27.1m
iter 995/4882 steps=4075520 episodes=22643 score50=16.56 eps=0.010 loss=0.01492 q=0.541 trunc=0 sps=2507 elapsed=27.1m
iter 996/4882 steps=4079616 episodes=22657 score50=15.68 eps=0.010 loss=0.00472 q=0.628 trunc=0 sps=2507 elapsed=27.1m
iter 997/4882 steps=4083712 episodes=22678 score50=19.94 eps=0.010 loss=0.00842 q=0.612 trunc=0 sps=2507 elapsed=27.2m
iter 998/4882 steps=4087808 episodes=22697 score50=18.90 eps=0.010 loss=0.01090 q=0.645 trunc=0 sps=2507 elapsed=27.2m
iter 999/4882 steps=4091904 episodes=22712 score50=18.40 eps=0.010 loss=0.00730 q=0.677 trunc=0 sps=2507 elapsed=27.2m
iter 1000/4882 steps=4096000 episodes=22724 score50=16.90 eps=0.010 loss=0.01821 q=0.650 trunc=0 sps=2507 elapsed=27.2m
  [eval] iter=1000 mean=15.85+-1.96 median=15.5 max=33 P(>=120)=0.00 entropy=1.02/2.20 wnorm=39.434 srank=333/512
iter 1001/4882 steps=4100096 episodes=22744 score50=15.26 eps=0.010 loss=0.00530 q=0.656 trunc=0 sps=2500 elapsed=27.3m
iter 1002/4882 steps=4104192 episodes=22757 score50=16.10 eps=0.010 loss=0.01445 q=0.604 trunc=0 sps=2500 elapsed=27.4m
iter 1003/4882 steps=4108288 episodes=22772 score50=17.14 eps=0.010 loss=0.02078 q=0.613 trunc=0 sps=2500 elapsed=27.4m
iter 1004/4882 steps=4112384 episodes=22783 score50=17.26 eps=0.010 loss=0.01306 q=0.666 trunc=0 sps=2500 elapsed=27.4m
iter 1005/4882 steps=4116480 episodes=22796 score50=17.54 eps=0.010 loss=0.00493 q=0.661 trunc=0 sps=2500 elapsed=27.4m
iter 1006/4882 steps=4120576 episodes=22814 score50=17.80 eps=0.010 loss=0.00728 q=0.600 trunc=0 sps=2500 elapsed=27.5m
iter 1007/4882 steps=4124672 episodes=22829 score50=17.58 eps=0.010 loss=0.00626 q=0.666 trunc=0 sps=2500 elapsed=27.5m
iter 1008/4882 steps=4128768 episodes=22849 score50=17.62 eps=0.010 loss=0.01774 q=0.669 trunc=0 sps=2500 elapsed=27.5m
iter 1009/4882 steps=4132864 episodes=22867 score50=17.16 eps=0.010 loss=0.01864 q=0.686 trunc=0 sps=2500 elapsed=27.6m
iter 1010/4882 steps=4136960 episodes=22880 score50=16.42 eps=0.010 loss=0.01734 q=0.703 trunc=0 sps=2500 elapsed=27.6m
iter 1011/4882 steps=4141056 episodes=22898 score50=17.74 eps=0.010 loss=0.00968 q=0.717 trunc=0 sps=2500 elapsed=27.6m
iter 1012/4882 steps=4145152 episodes=22915 score50=17.68 eps=0.010 loss=0.03742 q=0.732 trunc=0 sps=2500 elapsed=27.6m
iter 1013/4882 steps=4149248 episodes=22934 score50=17.12 eps=0.010 loss=0.02903 q=0.733 trunc=0 sps=2500 elapsed=27.7m
iter 1014/4882 steps=4153344 episodes=22949 score50=15.56 eps=0.010 loss=0.00866 q=0.717 trunc=0 sps=2500 elapsed=27.7m
iter 1015/4882 steps=4157440 episodes=22967 score50=16.16 eps=0.010 loss=0.01713 q=0.704 trunc=0 sps=2500 elapsed=27.7m
iter 1016/4882 steps=4161536 episodes=22981 score50=16.18 eps=0.010 loss=0.02292 q=0.697 trunc=0 sps=2500 elapsed=27.7m
iter 1017/4882 steps=4165632 episodes=22999 score50=16.14 eps=0.010 loss=0.01972 q=0.716 trunc=0 sps=2500 elapsed=27.8m
iter 1018/4882 steps=4169728 episodes=23026 score50=15.46 eps=0.010 loss=0.01642 q=0.633 trunc=0 sps=2501 elapsed=27.8m
iter 1019/4882 steps=4173824 episodes=23039 score50=16.28 eps=0.010 loss=0.00609 q=0.660 trunc=0 sps=2501 elapsed=27.8m
iter 1020/4882 steps=4177920 episodes=23056 score50=15.72 eps=0.010 loss=0.00970 q=0.666 trunc=0 sps=2501 elapsed=27.8m
iter 1021/4882 steps=4182016 episodes=23070 score50=15.88 eps=0.010 loss=0.00871 q=0.632 trunc=0 sps=2501 elapsed=27.9m
iter 1022/4882 steps=4186112 episodes=23087 score50=13.80 eps=0.010 loss=0.05217 q=0.656 trunc=0 sps=2501 elapsed=27.9m
iter 1023/4882 steps=4190208 episodes=23096 score50=13.66 eps=0.010 loss=0.00691 q=0.629 trunc=0 sps=2501 elapsed=27.9m
iter 1024/4882 steps=4194304 episodes=23115 score50=13.66 eps=0.010 loss=0.01713 q=0.605 trunc=0 sps=2501 elapsed=28.0m
iter 1025/4882 steps=4198400 episodes=23133 score50=15.26 eps=0.010 loss=0.05677 q=0.659 trunc=0 sps=2500 elapsed=28.0m
iter 1026/4882 steps=4202496 episodes=23153 score50=16.98 eps=0.010 loss=0.00380 q=0.699 trunc=0 sps=2500 elapsed=28.0m
iter 1027/4882 steps=4206592 episodes=23172 score50=16.50 eps=0.010 loss=0.00447 q=0.695 trunc=0 sps=2500 elapsed=28.0m
iter 1028/4882 steps=4210688 episodes=23188 score50=14.86 eps=0.010 loss=0.02708 q=0.694 trunc=0 sps=2500 elapsed=28.1m
iter 1029/4882 steps=4214784 episodes=23204 score50=15.90 eps=0.010 loss=0.00658 q=0.702 trunc=0 sps=2500 elapsed=28.1m
iter 1030/4882 steps=4218880 episodes=23224 score50=17.08 eps=0.010 loss=0.02228 q=0.645 trunc=0 sps=2500 elapsed=28.1m
iter 1031/4882 steps=4222976 episodes=23231 score50=16.84 eps=0.010 loss=0.00469 q=0.717 trunc=0 sps=2500 elapsed=28.2m
iter 1032/4882 steps=4227072 episodes=23246 score50=17.00 eps=0.010 loss=0.00758 q=0.675 trunc=0 sps=2500 elapsed=28.2m
iter 1033/4882 steps=4231168 episodes=23264 score50=16.54 eps=0.010 loss=0.02228 q=0.677 trunc=0 sps=2500 elapsed=28.2m
iter 1034/4882 steps=4235264 episodes=23279 score50=16.50 eps=0.010 loss=0.02528 q=0.658 trunc=0 sps=2500 elapsed=28.2m
iter 1035/4882 steps=4239360 episodes=23297 score50=16.70 eps=0.010 loss=0.01323 q=0.677 trunc=0 sps=2500 elapsed=28.3m
iter 1036/4882 steps=4243456 episodes=23317 score50=16.58 eps=0.010 loss=0.00827 q=0.670 trunc=0 sps=2500 elapsed=28.3m
iter 1037/4882 steps=4247552 episodes=23326 score50=16.30 eps=0.010 loss=0.00624 q=0.716 trunc=0 sps=2500 elapsed=28.3m
iter 1038/4882 steps=4251648 episodes=23345 score50=15.94 eps=0.010 loss=0.02601 q=0.721 trunc=0 sps=2500 elapsed=28.3m
iter 1039/4882 steps=4255744 episodes=23368 score50=15.44 eps=0.010 loss=0.01453 q=0.676 trunc=0 sps=2500 elapsed=28.4m
iter 1040/4882 steps=4259840 episodes=23378 score50=15.36 eps=0.010 loss=0.01860 q=0.715 trunc=0 sps=2500 elapsed=28.4m
iter 1041/4882 steps=4263936 episodes=23390 score50=15.46 eps=0.010 loss=0.00601 q=0.641 trunc=0 sps=2500 elapsed=28.4m
iter 1042/4882 steps=4268032 episodes=23407 score50=16.82 eps=0.010 loss=0.02453 q=0.666 trunc=0 sps=2500 elapsed=28.5m
iter 1043/4882 steps=4272128 episodes=23421 score50=15.78 eps=0.010 loss=0.02441 q=0.615 trunc=0 sps=2500 elapsed=28.5m
iter 1044/4882 steps=4276224 episodes=23435 score50=16.12 eps=0.010 loss=0.00924 q=0.694 trunc=0 sps=2500 elapsed=28.5m
iter 1045/4882 steps=4280320 episodes=23455 score50=14.98 eps=0.010 loss=0.00628 q=0.673 trunc=0 sps=2500 elapsed=28.5m
iter 1046/4882 steps=4284416 episodes=23470 score50=17.76 eps=0.010 loss=0.00652 q=0.687 trunc=0 sps=2500 elapsed=28.6m
iter 1047/4882 steps=4288512 episodes=23485 score50=18.98 eps=0.010 loss=0.00588 q=0.715 trunc=0 sps=2500 elapsed=28.6m
iter 1048/4882 steps=4292608 episodes=23499 score50=18.36 eps=0.010 loss=0.01290 q=0.665 trunc=0 sps=2500 elapsed=28.6m
iter 1049/4882 steps=4296704 episodes=23520 score50=17.44 eps=0.010 loss=0.00425 q=0.703 trunc=0 sps=2500 elapsed=28.6m
iter 1050/4882 steps=4300800 episodes=23543 score50=15.68 eps=0.010 loss=0.01502 q=0.764 trunc=0 sps=2500 elapsed=28.7m
iter 1051/4882 steps=4304896 episodes=23561 score50=13.82 eps=0.010 loss=0.02621 q=0.731 trunc=0 sps=2500 elapsed=28.7m
iter 1052/4882 steps=4308992 episodes=23585 score50=12.16 eps=0.010 loss=0.03081 q=0.708 trunc=0 sps=2500 elapsed=28.7m
iter 1053/4882 steps=4313088 episodes=23605 score50=12.54 eps=0.010 loss=0.00413 q=0.701 trunc=0 sps=2500 elapsed=28.8m
iter 1054/4882 steps=4317184 episodes=23623 score50=14.54 eps=0.010 loss=0.00983 q=0.738 trunc=0 sps=2500 elapsed=28.8m
iter 1055/4882 steps=4321280 episodes=23643 score50=15.50 eps=0.010 loss=0.00863 q=0.720 trunc=0 sps=2501 elapsed=28.8m
iter 1056/4882 steps=4325376 episodes=23665 score50=13.58 eps=0.010 loss=0.00862 q=0.731 trunc=0 sps=2501 elapsed=28.8m
iter 1057/4882 steps=4329472 episodes=23682 score50=13.40 eps=0.010 loss=0.00765 q=0.748 trunc=0 sps=2501 elapsed=28.9m
iter 1058/4882 steps=4333568 episodes=23705 score50=14.16 eps=0.010 loss=0.03773 q=0.680 trunc=0 sps=2501 elapsed=28.9m
iter 1059/4882 steps=4337664 episodes=23727 score50=13.52 eps=0.010 loss=0.00718 q=0.710 trunc=0 sps=2501 elapsed=28.9m
iter 1060/4882 steps=4341760 episodes=23751 score50=13.16 eps=0.010 loss=0.02593 q=0.739 trunc=0 sps=2501 elapsed=28.9m
iter 1061/4882 steps=4345856 episodes=23773 score50=13.04 eps=0.010 loss=0.00571 q=0.772 trunc=0 sps=2501 elapsed=29.0m
iter 1062/4882 steps=4349952 episodes=23785 score50=13.70 eps=0.010 loss=0.01609 q=0.661 trunc=0 sps=2501 elapsed=29.0m
iter 1063/4882 steps=4354048 episodes=23796 score50=14.06 eps=0.010 loss=0.00401 q=0.693 trunc=0 sps=2501 elapsed=29.0m
iter 1064/4882 steps=4358144 episodes=23814 score50=13.52 eps=0.010 loss=0.01151 q=0.696 trunc=0 sps=2501 elapsed=29.0m
iter 1065/4882 steps=4362240 episodes=23823 score50=13.80 eps=0.010 loss=0.00309 q=0.673 trunc=0 sps=2501 elapsed=29.1m
iter 1066/4882 steps=4366336 episodes=23837 score50=13.88 eps=0.010 loss=0.00964 q=0.638 trunc=0 sps=2501 elapsed=29.1m
iter 1067/4882 steps=4370432 episodes=23849 score50=15.04 eps=0.010 loss=0.00816 q=0.653 trunc=0 sps=2501 elapsed=29.1m
iter 1068/4882 steps=4374528 episodes=23866 score50=17.04 eps=0.010 loss=0.03007 q=0.675 trunc=0 sps=2500 elapsed=29.2m
iter 1069/4882 steps=4378624 episodes=23886 score50=17.62 eps=0.010 loss=0.02632 q=0.589 trunc=0 sps=2500 elapsed=29.2m
iter 1070/4882 steps=4382720 episodes=23910 score50=16.36 eps=0.010 loss=0.01956 q=0.693 trunc=0 sps=2500 elapsed=29.2m
iter 1071/4882 steps=4386816 episodes=23931 score50=16.58 eps=0.010 loss=0.01472 q=0.691 trunc=0 sps=2500 elapsed=29.2m
iter 1072/4882 steps=4390912 episodes=23947 score50=17.86 eps=0.010 loss=0.01694 q=0.774 trunc=0 sps=2500 elapsed=29.3m
iter 1073/4882 steps=4395008 episodes=23965 score50=15.96 eps=0.010 loss=0.02430 q=0.740 trunc=0 sps=2500 elapsed=29.3m
iter 1074/4882 steps=4399104 episodes=23980 score50=16.34 eps=0.010 loss=0.01424 q=0.731 trunc=0 sps=2500 elapsed=29.3m
iter 1075/4882 steps=4403200 episodes=24000 score50=13.86 eps=0.010 loss=0.02474 q=0.779 trunc=0 sps=2500 elapsed=29.4m
iter 1076/4882 steps=4407296 episodes=24024 score50=14.16 eps=0.010 loss=0.02452 q=0.720 trunc=0 sps=2500 elapsed=29.4m
iter 1077/4882 steps=4411392 episodes=24031 score50=15.24 eps=0.010 loss=0.00587 q=0.775 trunc=0 sps=2500 elapsed=29.4m
iter 1078/4882 steps=4415488 episodes=24048 score50=14.10 eps=0.010 loss=0.00525 q=0.770 trunc=0 sps=2500 elapsed=29.4m
iter 1079/4882 steps=4419584 episodes=24066 score50=15.98 eps=0.010 loss=0.00575 q=0.783 trunc=0 sps=2500 elapsed=29.5m
iter 1080/4882 steps=4423680 episodes=24083 score50=15.96 eps=0.010 loss=0.02169 q=0.769 trunc=0 sps=2500 elapsed=29.5m
iter 1081/4882 steps=4427776 episodes=24107 score50=15.38 eps=0.010 loss=0.00553 q=0.782 trunc=0 sps=2500 elapsed=29.5m
iter 1082/4882 steps=4431872 episodes=24124 score50=14.34 eps=0.010 loss=0.02221 q=0.788 trunc=0 sps=2500 elapsed=29.5m
iter 1083/4882 steps=4435968 episodes=24136 score50=13.92 eps=0.010 loss=0.00752 q=0.780 trunc=0 sps=2500 elapsed=29.6m
iter 1084/4882 steps=4440064 episodes=24147 score50=13.58 eps=0.010 loss=0.00630 q=0.771 trunc=0 sps=2500 elapsed=29.6m
iter 1085/4882 steps=4444160 episodes=24161 score50=13.44 eps=0.010 loss=0.02064 q=0.756 trunc=0 sps=2500 elapsed=29.6m
iter 1086/4882 steps=4448256 episodes=24177 score50=14.16 eps=0.010 loss=0.01021 q=0.668 trunc=0 sps=2500 elapsed=29.7m
iter 1087/4882 steps=4452352 episodes=24197 score50=15.92 eps=0.010 loss=0.01422 q=0.677 trunc=0 sps=2500 elapsed=29.7m
iter 1088/4882 steps=4456448 episodes=24214 score50=16.76 eps=0.010 loss=0.02831 q=0.701 trunc=0 sps=2500 elapsed=29.7m
iter 1089/4882 steps=4460544 episodes=24228 score50=18.38 eps=0.010 loss=0.01737 q=0.668 trunc=0 sps=2500 elapsed=29.7m
iter 1090/4882 steps=4464640 episodes=24248 score50=15.26 eps=0.010 loss=0.04483 q=0.681 trunc=0 sps=2500 elapsed=29.8m
iter 1091/4882 steps=4468736 episodes=24265 score50=16.08 eps=0.010 loss=0.01550 q=0.622 trunc=0 sps=2500 elapsed=29.8m
iter 1092/4882 steps=4472832 episodes=24281 score50=17.04 eps=0.010 loss=0.01262 q=0.694 trunc=0 sps=2500 elapsed=29.8m
iter 1093/4882 steps=4476928 episodes=24303 score50=17.06 eps=0.010 loss=0.01299 q=0.699 trunc=0 sps=2500 elapsed=29.8m
iter 1094/4882 steps=4481024 episodes=24317 score50=16.46 eps=0.010 loss=0.00885 q=0.700 trunc=0 sps=2500 elapsed=29.9m
iter 1095/4882 steps=4485120 episodes=24329 score50=14.44 eps=0.010 loss=0.02207 q=0.679 trunc=0 sps=2500 elapsed=29.9m
iter 1096/4882 steps=4489216 episodes=24347 score50=14.34 eps=0.010 loss=0.04568 q=0.660 trunc=0 sps=2500 elapsed=29.9m
iter 1097/4882 steps=4493312 episodes=24371 score50=13.98 eps=0.010 loss=0.02790 q=0.669 trunc=0 sps=2500 elapsed=30.0m
iter 1098/4882 steps=4497408 episodes=24380 score50=14.36 eps=0.010 loss=0.00902 q=0.665 trunc=0 sps=2500 elapsed=30.0m
iter 1099/4882 steps=4501504 episodes=24392 score50=14.52 eps=0.010 loss=0.00868 q=0.671 trunc=0 sps=2500 elapsed=30.0m
iter 1100/4882 steps=4505600 episodes=24408 score50=15.64 eps=0.010 loss=0.01398 q=0.662 trunc=0 sps=2500 elapsed=30.0m
  [eval] iter=1100 mean=18.60+-2.18 median=17.5 max=44 P(>=120)=0.00 entropy=1.27/2.20 wnorm=40.892 srank=330/512
iter 1101/4882 steps=4509696 episodes=24426 score50=17.44 eps=0.010 loss=0.02251 q=0.640 trunc=0 sps=2493 elapsed=30.1m
iter 1102/4882 steps=4513792 episodes=24445 score50=16.20 eps=0.010 loss=0.02013 q=0.680 trunc=0 sps=2493 elapsed=30.2m
iter 1103/4882 steps=4517888 episodes=24463 score50=17.42 eps=0.010 loss=0.01873 q=0.682 trunc=0 sps=2493 elapsed=30.2m
iter 1104/4882 steps=4521984 episodes=24486 score50=16.86 eps=0.010 loss=0.03266 q=0.692 trunc=0 sps=2493 elapsed=30.2m
iter 1105/4882 steps=4526080 episodes=24507 score50=15.16 eps=0.010 loss=0.00784 q=0.668 trunc=0 sps=2492 elapsed=30.3m
iter 1106/4882 steps=4530176 episodes=24520 score50=15.08 eps=0.010 loss=0.01260 q=0.723 trunc=0 sps=2492 elapsed=30.3m
iter 1107/4882 steps=4534272 episodes=24538 score50=14.36 eps=0.010 loss=0.01218 q=0.753 trunc=0 sps=2493 elapsed=30.3m
iter 1108/4882 steps=4538368 episodes=24559 score50=14.22 eps=0.010 loss=0.01527 q=0.790 trunc=0 sps=2493 elapsed=30.3m
iter 1109/4882 steps=4542464 episodes=24572 score50=14.96 eps=0.010 loss=0.01479 q=0.788 trunc=0 sps=2493 elapsed=30.4m
iter 1110/4882 steps=4546560 episodes=24592 score50=14.30 eps=0.010 loss=0.03687 q=0.708 trunc=0 sps=2493 elapsed=30.4m
iter 1111/4882 steps=4550656 episodes=24606 score50=15.40 eps=0.010 loss=0.00950 q=0.714 trunc=0 sps=2493 elapsed=30.4m
iter 1112/4882 steps=4554752 episodes=24625 score50=14.04 eps=0.010 loss=0.01240 q=0.686 trunc=0 sps=2493 elapsed=30.5m
iter 1113/4882 steps=4558848 episodes=24644 score50=14.42 eps=0.010 loss=0.04023 q=0.701 trunc=0 sps=2493 elapsed=30.5m
iter 1114/4882 steps=4562944 episodes=24653 score50=14.60 eps=0.010 loss=0.00378 q=0.688 trunc=0 sps=2493 elapsed=30.5m
iter 1115/4882 steps=4567040 episodes=24679 score50=17.44 eps=0.010 loss=0.03153 q=0.685 trunc=0 sps=2493 elapsed=30.5m
iter 1116/4882 steps=4571136 episodes=24701 score50=16.82 eps=0.010 loss=0.02530 q=0.761 trunc=0 sps=2493 elapsed=30.6m
iter 1117/4882 steps=4575232 episodes=24717 score50=13.64 eps=0.010 loss=0.02829 q=0.787 trunc=0 sps=2493 elapsed=30.6m
iter 1118/4882 steps=4579328 episodes=24730 score50=13.28 eps=0.010 loss=0.02456 q=0.730 trunc=0 sps=2493 elapsed=30.6m
iter 1119/4882 steps=4583424 episodes=24745 score50=13.42 eps=0.010 loss=0.01138 q=0.669 trunc=0 sps=2493 elapsed=30.6m
iter 1120/4882 steps=4587520 episodes=24760 score50=14.64 eps=0.010 loss=0.01232 q=0.684 trunc=0 sps=2493 elapsed=30.7m
iter 1121/4882 steps=4591616 episodes=24771 score50=14.24 eps=0.010 loss=0.00753 q=0.694 trunc=0 sps=2493 elapsed=30.7m
iter 1122/4882 steps=4595712 episodes=24790 score50=15.84 eps=0.010 loss=0.00576 q=0.684 trunc=0 sps=2493 elapsed=30.7m
iter 1123/4882 steps=4599808 episodes=24801 score50=15.86 eps=0.010 loss=0.00549 q=0.651 trunc=0 sps=2493 elapsed=30.8m
iter 1124/4882 steps=4603904 episodes=24826 score50=16.52 eps=0.010 loss=0.02972 q=0.703 trunc=0 sps=2493 elapsed=30.8m
iter 1125/4882 steps=4608000 episodes=24845 score50=17.46 eps=0.010 loss=0.00398 q=0.729 trunc=0 sps=2493 elapsed=30.8m
iter 1126/4882 steps=4612096 episodes=24867 score50=18.78 eps=0.010 loss=0.02816 q=0.688 trunc=0 sps=2493 elapsed=30.8m
iter 1127/4882 steps=4616192 episodes=24888 score50=17.78 eps=0.010 loss=0.00428 q=0.748 trunc=0 sps=2493 elapsed=30.9m
iter 1128/4882 steps=4620288 episodes=24904 score50=16.16 eps=0.010 loss=0.00492 q=0.710 trunc=0 sps=2493 elapsed=30.9m
iter 1129/4882 steps=4624384 episodes=24924 score50=13.22 eps=0.010 loss=0.00975 q=0.668 trunc=0 sps=2493 elapsed=30.9m
iter 1130/4882 steps=4628480 episodes=24943 score50=12.90 eps=0.010 loss=0.01096 q=0.653 trunc=0 sps=2493 elapsed=30.9m
iter 1131/4882 steps=4632576 episodes=24956 score50=12.18 eps=0.010 loss=0.00516 q=0.680 trunc=0 sps=2493 elapsed=31.0m
iter 1132/4882 steps=4636672 episodes=24978 score50=14.80 eps=0.010 loss=0.03395 q=0.608 trunc=0 sps=2493 elapsed=31.0m
iter 1133/4882 steps=4640768 episodes=24994 score50=14.96 eps=0.010 loss=0.00993 q=0.627 trunc=0 sps=2493 elapsed=31.0m
iter 1134/4882 steps=4644864 episodes=25009 score50=15.56 eps=0.010 loss=0.00366 q=0.655 trunc=0 sps=2493 elapsed=31.1m
iter 1135/4882 steps=4648960 episodes=25027 score50=14.70 eps=0.010 loss=0.01441 q=0.643 trunc=0 sps=2493 elapsed=31.1m
iter 1136/4882 steps=4653056 episodes=25046 score50=14.52 eps=0.010 loss=0.00588 q=0.661 trunc=0 sps=2493 elapsed=31.1m
iter 1137/4882 steps=4657152 episodes=25062 score50=13.90 eps=0.010 loss=0.00417 q=0.656 trunc=0 sps=2493 elapsed=31.1m
iter 1138/4882 steps=4661248 episodes=25081 score50=13.92 eps=0.010 loss=0.01182 q=0.625 trunc=0 sps=2494 elapsed=31.2m
iter 1139/4882 steps=4665344 episodes=25101 score50=15.74 eps=0.010 loss=0.03084 q=0.603 trunc=0 sps=2494 elapsed=31.2m
iter 1140/4882 steps=4669440 episodes=25109 score50=16.78 eps=0.010 loss=0.00242 q=0.643 trunc=0 sps=2494 elapsed=31.2m
iter 1141/4882 steps=4673536 episodes=25129 score50=15.78 eps=0.010 loss=0.01111 q=0.611 trunc=0 sps=2494 elapsed=31.2m
iter 1142/4882 steps=4677632 episodes=25143 score50=16.26 eps=0.010 loss=0.00550 q=0.611 trunc=0 sps=2494 elapsed=31.3m
iter 1143/4882 steps=4681728 episodes=25150 score50=16.56 eps=0.010 loss=0.00183 q=0.592 trunc=0 sps=2494 elapsed=31.3m
iter 1144/4882 steps=4685824 episodes=25167 score50=16.56 eps=0.010 loss=0.00659 q=0.590 trunc=0 sps=2493 elapsed=31.3m
iter 1145/4882 steps=4689920 episodes=25189 score50=16.42 eps=0.010 loss=0.00697 q=0.586 trunc=0 sps=2493 elapsed=31.4m
iter 1146/4882 steps=4694016 episodes=25207 score50=15.78 eps=0.010 loss=0.02544 q=0.537 trunc=0 sps=2493 elapsed=31.4m
iter 1147/4882 steps=4698112 episodes=25235 score50=13.22 eps=0.010 loss=0.02332 q=0.557 trunc=0 sps=2493 elapsed=31.4m
iter 1148/4882 steps=4702208 episodes=25251 score50=12.66 eps=0.010 loss=0.03889 q=0.560 trunc=0 sps=2493 elapsed=31.4m
iter 1149/4882 steps=4706304 episodes=25274 score50=14.38 eps=0.010 loss=0.01373 q=0.595 trunc=0 sps=2493 elapsed=31.5m
iter 1150/4882 steps=4710400 episodes=25299 score50=13.34 eps=0.010 loss=0.02849 q=0.584 trunc=0 sps=2493 elapsed=31.5m
iter 1151/4882 steps=4714496 episodes=25317 score50=12.50 eps=0.010 loss=0.01274 q=0.589 trunc=0 sps=2493 elapsed=31.5m
iter 1152/4882 steps=4718592 episodes=25331 score50=14.56 eps=0.010 loss=0.01361 q=0.560 trunc=0 sps=2493 elapsed=31.5m
iter 1153/4882 steps=4722688 episodes=25348 score50=14.50 eps=0.010 loss=0.01173 q=0.580 trunc=0 sps=2493 elapsed=31.6m
iter 1154/4882 steps=4726784 episodes=25366 score50=15.22 eps=0.010 loss=0.00519 q=0.566 trunc=0 sps=2493 elapsed=31.6m
iter 1155/4882 steps=4730880 episodes=25381 score50=15.20 eps=0.010 loss=0.00891 q=0.545 trunc=0 sps=2493 elapsed=31.6m
iter 1156/4882 steps=4734976 episodes=25392 score50=15.46 eps=0.010 loss=0.01977 q=0.544 trunc=0 sps=2493 elapsed=31.7m
iter 1157/4882 steps=4739072 episodes=25411 score50=16.30 eps=0.010 loss=0.00659 q=0.593 trunc=0 sps=2493 elapsed=31.7m
iter 1158/4882 steps=4743168 episodes=25428 score50=15.12 eps=0.010 loss=0.03460 q=0.581 trunc=0 sps=2493 elapsed=31.7m
iter 1159/4882 steps=4747264 episodes=25443 score50=16.30 eps=0.010 loss=0.00861 q=0.560 trunc=0 sps=2493 elapsed=31.7m
iter 1160/4882 steps=4751360 episodes=25462 score50=16.72 eps=0.010 loss=0.03641 q=0.598 trunc=0 sps=2493 elapsed=31.8m
iter 1161/4882 steps=4755456 episodes=25478 score50=17.42 eps=0.010 loss=0.03028 q=0.586 trunc=0 sps=2493 elapsed=31.8m
iter 1162/4882 steps=4759552 episodes=25496 score50=16.94 eps=0.010 loss=0.02803 q=0.588 trunc=0 sps=2493 elapsed=31.8m
iter 1163/4882 steps=4763648 episodes=25519 score50=16.62 eps=0.010 loss=0.01441 q=0.615 trunc=0 sps=2493 elapsed=31.8m
iter 1164/4882 steps=4767744 episodes=25545 score50=14.80 eps=0.010 loss=0.01202 q=0.621 trunc=0 sps=2493 elapsed=31.9m
iter 1165/4882 steps=4771840 episodes=25559 score50=12.04 eps=0.010 loss=0.02464 q=0.624 trunc=0 sps=2494 elapsed=31.9m
iter 1166/4882 steps=4775936 episodes=25574 score50=11.14 eps=0.010 loss=0.03279 q=0.631 trunc=0 sps=2494 elapsed=31.9m
iter 1167/4882 steps=4780032 episodes=25597 score50=11.52 eps=0.010 loss=0.03087 q=0.610 trunc=0 sps=2494 elapsed=31.9m
iter 1168/4882 steps=4784128 episodes=25612 score50=12.90 eps=0.010 loss=0.00322 q=0.614 trunc=0 sps=2494 elapsed=32.0m
iter 1169/4882 steps=4788224 episodes=25629 score50=13.06 eps=0.010 loss=0.05118 q=0.608 trunc=0 sps=2494 elapsed=32.0m
iter 1170/4882 steps=4792320 episodes=25647 score50=14.32 eps=0.010 loss=0.00631 q=0.579 trunc=0 sps=2494 elapsed=32.0m
iter 1171/4882 steps=4796416 episodes=25662 score50=15.26 eps=0.010 loss=0.01142 q=0.603 trunc=0 sps=2494 elapsed=32.1m
iter 1172/4882 steps=4800512 episodes=25679 score50=15.58 eps=0.010 loss=0.00896 q=0.594 trunc=0 sps=2493 elapsed=32.1m
iter 1173/4882 steps=4804608 episodes=25699 score50=16.12 eps=0.010 loss=0.05549 q=0.607 trunc=0 sps=2493 elapsed=32.1m
iter 1174/4882 steps=4808704 episodes=25713 score50=15.28 eps=0.010 loss=0.03375 q=0.619 trunc=0 sps=2493 elapsed=32.1m
iter 1175/4882 steps=4812800 episodes=25732 score50=15.76 eps=0.010 loss=0.01998 q=0.624 trunc=0 sps=2493 elapsed=32.2m
iter 1176/4882 steps=4816896 episodes=25753 score50=16.18 eps=0.010 loss=0.00671 q=0.628 trunc=0 sps=2493 elapsed=32.2m
iter 1177/4882 steps=4820992 episodes=25775 score50=17.98 eps=0.010 loss=0.01008 q=0.645 trunc=0 sps=2493 elapsed=32.2m
iter 1178/4882 steps=4825088 episodes=25795 score50=17.32 eps=0.010 loss=0.00893 q=0.652 trunc=0 sps=2494 elapsed=32.3m
iter 1179/4882 steps=4829184 episodes=25810 score50=14.04 eps=0.010 loss=0.00937 q=0.618 trunc=0 sps=2493 elapsed=32.3m
iter 1180/4882 steps=4833280 episodes=25820 score50=13.76 eps=0.010 loss=0.01020 q=0.615 trunc=0 sps=2493 elapsed=32.3m
iter 1181/4882 steps=4837376 episodes=25840 score50=12.54 eps=0.010 loss=0.02070 q=0.583 trunc=0 sps=2493 elapsed=32.3m
iter 1182/4882 steps=4841472 episodes=25855 score50=12.24 eps=0.010 loss=0.00254 q=0.623 trunc=0 sps=2493 elapsed=32.4m
iter 1183/4882 steps=4845568 episodes=25878 score50=13.22 eps=0.010 loss=0.04809 q=0.595 trunc=0 sps=2493 elapsed=32.4m
iter 1184/4882 steps=4849664 episodes=25887 score50=13.50 eps=0.010 loss=0.00365 q=0.609 trunc=0 sps=2493 elapsed=32.4m
iter 1185/4882 steps=4853760 episodes=25912 score50=14.52 eps=0.010 loss=0.00853 q=0.557 trunc=0 sps=2493 elapsed=32.5m
iter 1186/4882 steps=4857856 episodes=25929 score50=15.78 eps=0.010 loss=0.00743 q=0.610 trunc=0 sps=2493 elapsed=32.5m
iter 1187/4882 steps=4861952 episodes=25945 score50=16.84 eps=0.010 loss=0.00615 q=0.568 trunc=0 sps=2493 elapsed=32.5m
iter 1188/4882 steps=4866048 episodes=25955 score50=16.78 eps=0.010 loss=0.00491 q=0.641 trunc=0 sps=2493 elapsed=32.5m
iter 1189/4882 steps=4870144 episodes=25977 score50=14.60 eps=0.010 loss=0.03186 q=0.672 trunc=0 sps=2493 elapsed=32.6m
iter 1190/4882 steps=4874240 episodes=26000 score50=15.60 eps=0.010 loss=0.00634 q=0.689 trunc=0 sps=2493 elapsed=32.6m
iter 1191/4882 steps=4878336 episodes=26014 score50=15.00 eps=0.010 loss=0.00422 q=0.685 trunc=0 sps=2493 elapsed=32.6m
iter 1192/4882 steps=4882432 episodes=26033 score50=15.74 eps=0.010 loss=0.01230 q=0.609 trunc=0 sps=2493 elapsed=32.6m
iter 1193/4882 steps=4886528 episodes=26042 score50=15.04 eps=0.010 loss=0.00951 q=0.603 trunc=0 sps=2493 elapsed=32.7m
iter 1194/4882 steps=4890624 episodes=26058 score50=15.54 eps=0.010 loss=0.01585 q=0.585 trunc=0 sps=2493 elapsed=32.7m
iter 1195/4882 steps=4894720 episodes=26072 score50=16.04 eps=0.010 loss=0.02579 q=0.616 trunc=0 sps=2493 elapsed=32.7m
iter 1196/4882 steps=4898816 episodes=26092 score50=16.02 eps=0.010 loss=0.01003 q=0.614 trunc=0 sps=2493 elapsed=32.7m
iter 1197/4882 steps=4902912 episodes=26112 score50=15.52 eps=0.010 loss=0.00596 q=0.645 trunc=0 sps=2493 elapsed=32.8m
iter 1198/4882 steps=4907008 episodes=26132 score50=16.60 eps=0.010 loss=0.01016 q=0.615 trunc=0 sps=2493 elapsed=32.8m
iter 1199/4882 steps=4911104 episodes=26146 score50=16.76 eps=0.010 loss=0.00742 q=0.656 trunc=0 sps=2493 elapsed=32.8m
iter 1200/4882 steps=4915200 episodes=26158 score50=17.20 eps=0.010 loss=0.00243 q=0.665 trunc=0 sps=2493 elapsed=32.9m
  [eval] iter=1200 mean=17.75+-1.63 median=17.5 max=33 P(>=120)=0.00 entropy=1.40/2.20 wnorm=42.452 srank=332/512
iter 1201/4882 steps=4919296 episodes=26182 score50=16.70 eps=0.010 loss=0.02476 q=0.677 trunc=0 sps=2486 elapsed=33.0m
iter 1202/4882 steps=4923392 episodes=26201 score50=15.50 eps=0.010 loss=0.00560 q=0.698 trunc=0 sps=2487 elapsed=33.0m
iter 1203/4882 steps=4927488 episodes=26219 score50=14.76 eps=0.010 loss=0.02351 q=0.662 trunc=0 sps=2486 elapsed=33.0m
iter 1204/4882 steps=4931584 episodes=26233 score50=13.48 eps=0.010 loss=0.00524 q=0.670 trunc=0 sps=2486 elapsed=33.1m
iter 1205/4882 steps=4935680 episodes=26243 score50=13.44 eps=0.010 loss=0.01576 q=0.663 trunc=0 sps=2486 elapsed=33.1m
iter 1206/4882 steps=4939776 episodes=26253 score50=14.18 eps=0.010 loss=0.00526 q=0.633 trunc=0 sps=2486 elapsed=33.1m
iter 1207/4882 steps=4943872 episodes=26275 score50=13.64 eps=0.010 loss=0.02132 q=0.614 trunc=0 sps=2486 elapsed=33.1m
iter 1208/4882 steps=4947968 episodes=26294 score50=16.14 eps=0.010 loss=0.01499 q=0.605 trunc=0 sps=2486 elapsed=33.2m
iter 1209/4882 steps=4952064 episodes=26318 score50=18.16 eps=0.010 loss=0.00866 q=0.602 trunc=0 sps=2486 elapsed=33.2m
iter 1210/4882 steps=4956160 episodes=26328 score50=18.54 eps=0.010 loss=0.01775 q=0.632 trunc=0 sps=2486 elapsed=33.2m
iter 1211/4882 steps=4960256 episodes=26337 score50=18.04 eps=0.010 loss=0.00413 q=0.609 trunc=0 sps=2487 elapsed=33.2m
iter 1212/4882 steps=4964352 episodes=26347 score50=17.96 eps=0.010 loss=0.01232 q=0.526 trunc=0 sps=2486 elapsed=33.3m
iter 1213/4882 steps=4968448 episodes=26364 score50=16.78 eps=0.010 loss=0.01852 q=0.568 trunc=0 sps=2486 elapsed=33.3m
iter 1214/4882 steps=4972544 episodes=26383 score50=16.28 eps=0.010 loss=0.00715 q=0.574 trunc=0 sps=2486 elapsed=33.3m
iter 1215/4882 steps=4976640 episodes=26398 score50=16.94 eps=0.010 loss=0.00495 q=0.588 trunc=0 sps=2486 elapsed=33.4m
iter 1216/4882 steps=4980736 episodes=26412 score50=16.78 eps=0.010 loss=0.01223 q=0.576 trunc=0 sps=2486 elapsed=33.4m
iter 1217/4882 steps=4984832 episodes=26434 score50=16.78 eps=0.010 loss=0.00967 q=0.527 trunc=0 sps=2486 elapsed=33.4m
iter 1218/4882 steps=4988928 episodes=26455 score50=16.64 eps=0.010 loss=0.01153 q=0.553 trunc=0 sps=2486 elapsed=33.4m
iter 1219/4882 steps=4993024 episodes=26476 score50=16.82 eps=0.010 loss=0.00742 q=0.564 trunc=0 sps=2486 elapsed=33.5m
iter 1220/4882 steps=4997120 episodes=26492 score50=16.02 eps=0.010 loss=0.00434 q=0.578 trunc=0 sps=2486 elapsed=33.5m
iter 1221/4882 steps=5001216 episodes=26505 score50=16.36 eps=0.010 loss=0.01879 q=0.617 trunc=0 sps=2486 elapsed=33.5m
iter 1222/4882 steps=5005312 episodes=26524 score50=16.98 eps=0.010 loss=0.01110 q=0.632 trunc=0 sps=2486 elapsed=33.6m
iter 1223/4882 steps=5009408 episodes=26538 score50=16.20 eps=0.010 loss=0.01347 q=0.608 trunc=0 sps=2486 elapsed=33.6m
iter 1224/4882 steps=5013504 episodes=26554 score50=15.08 eps=0.010 loss=0.00976 q=0.577 trunc=0 sps=2486 elapsed=33.6m
iter 1225/4882 steps=5017600 episodes=26572 score50=14.36 eps=0.010 loss=0.00409 q=0.657 trunc=0 sps=2486 elapsed=33.6m
iter 1226/4882 steps=5021696 episodes=26583 score50=13.36 eps=0.010 loss=0.00786 q=0.613 trunc=0 sps=2486 elapsed=33.7m
iter 1227/4882 steps=5025792 episodes=26594 score50=14.62 eps=0.010 loss=0.00377 q=0.641 trunc=0 sps=2486 elapsed=33.7m
iter 1228/4882 steps=5029888 episodes=26609 score50=15.12 eps=0.010 loss=0.00775 q=0.646 trunc=0 sps=2486 elapsed=33.7m
iter 1229/4882 steps=5033984 episodes=26630 score50=15.06 eps=0.010 loss=0.01812 q=0.606 trunc=0 sps=2487 elapsed=33.7m
iter 1230/4882 steps=5038080 episodes=26646 score50=14.84 eps=0.010 loss=0.01626 q=0.590 trunc=0 sps=2487 elapsed=33.8m
iter 1231/4882 steps=5042176 episodes=26658 score50=16.40 eps=0.010 loss=0.00326 q=0.651 trunc=0 sps=2487 elapsed=33.8m
iter 1232/4882 steps=5046272 episodes=26680 score50=19.76 eps=0.010 loss=0.00965 q=0.637 trunc=0 sps=2487 elapsed=33.8m
iter 1233/4882 steps=5050368 episodes=26692 score50=19.54 eps=0.010 loss=0.02255 q=0.709 trunc=0 sps=2487 elapsed=33.8m
iter 1234/4882 steps=5054464 episodes=26706 score50=18.64 eps=0.010 loss=0.01215 q=0.669 trunc=0 sps=2487 elapsed=33.9m
iter 1235/4882 steps=5058560 episodes=26721 score50=17.42 eps=0.010 loss=0.00236 q=0.657 trunc=0 sps=2487 elapsed=33.9m
iter 1236/4882 steps=5062656 episodes=26740 score50=15.92 eps=0.010 loss=0.00321 q=0.666 trunc=0 sps=2487 elapsed=33.9m
iter 1237/4882 steps=5066752 episodes=26761 score50=15.80 eps=0.010 loss=0.00703 q=0.623 trunc=0 sps=2487 elapsed=34.0m
iter 1238/4882 steps=5070848 episodes=26774 score50=15.00 eps=0.010 loss=0.01269 q=0.589 trunc=0 sps=2487 elapsed=34.0m
iter 1239/4882 steps=5074944 episodes=26791 score50=15.22 eps=0.010 loss=0.01029 q=0.607 trunc=0 sps=2487 elapsed=34.0m
iter 1240/4882 steps=5079040 episodes=26808 score50=15.24 eps=0.010 loss=0.01081 q=0.632 trunc=0 sps=2487 elapsed=34.0m
iter 1241/4882 steps=5083136 episodes=26828 score50=15.76 eps=0.010 loss=0.00913 q=0.635 trunc=0 sps=2486 elapsed=34.1m
iter 1242/4882 steps=5087232 episodes=26850 score50=16.52 eps=0.010 loss=0.00809 q=0.583 trunc=0 sps=2487 elapsed=34.1m
iter 1243/4882 steps=5091328 episodes=26869 score50=15.66 eps=0.010 loss=0.01962 q=0.643 trunc=0 sps=2487 elapsed=34.1m
iter 1244/4882 steps=5095424 episodes=26893 score50=15.16 eps=0.010 loss=0.00943 q=0.568 trunc=0 sps=2487 elapsed=34.2m
iter 1245/4882 steps=5099520 episodes=26908 score50=14.86 eps=0.010 loss=0.00943 q=0.594 trunc=0 sps=2487 elapsed=34.2m
iter 1246/4882 steps=5103616 episodes=26925 score50=15.14 eps=0.010 loss=0.01869 q=0.636 trunc=0 sps=2487 elapsed=34.2m
iter 1247/4882 steps=5107712 episodes=26945 score50=15.26 eps=0.010 loss=0.00663 q=0.633 trunc=0 sps=2487 elapsed=34.2m
iter 1248/4882 steps=5111808 episodes=26964 score50=15.84 eps=0.010 loss=0.01866 q=0.636 trunc=0 sps=2487 elapsed=34.3m
iter 1249/4882 steps=5115904 episodes=26982 score50=16.84 eps=0.010 loss=0.00484 q=0.603 trunc=0 sps=2487 elapsed=34.3m
iter 1250/4882 steps=5120000 episodes=26992 score50=14.96 eps=0.010 loss=0.00757 q=0.614 trunc=0 sps=2487 elapsed=34.3m
iter 1251/4882 steps=5124096 episodes=27019 score50=14.06 eps=0.010 loss=0.01669 q=0.574 trunc=0 sps=2487 elapsed=34.3m
iter 1252/4882 steps=5128192 episodes=27036 score50=15.26 eps=0.010 loss=0.03063 q=0.596 trunc=0 sps=2487 elapsed=34.4m
iter 1253/4882 steps=5132288 episodes=27045 score50=14.82 eps=0.010 loss=0.00481 q=0.568 trunc=0 sps=2487 elapsed=34.4m
iter 1254/4882 steps=5136384 episodes=27066 score50=13.86 eps=0.010 loss=0.02177 q=0.442 trunc=0 sps=2487 elapsed=34.4m
iter 1255/4882 steps=5140480 episodes=27091 score50=13.58 eps=0.010 loss=0.05424 q=0.509 trunc=0 sps=2487 elapsed=34.4m
iter 1256/4882 steps=5144576 episodes=27105 score50=13.78 eps=0.010 loss=0.00938 q=0.570 trunc=0 sps=2487 elapsed=34.5m
iter 1257/4882 steps=5148672 episodes=27122 score50=14.26 eps=0.010 loss=0.02291 q=0.572 trunc=0 sps=2487 elapsed=34.5m
iter 1258/4882 steps=5152768 episodes=27136 score50=14.66 eps=0.010 loss=0.00565 q=0.501 trunc=0 sps=2487 elapsed=34.5m
iter 1259/4882 steps=5156864 episodes=27152 score50=16.00 eps=0.010 loss=0.00771 q=0.541 trunc=0 sps=2487 elapsed=34.6m
iter 1260/4882 steps=5160960 episodes=27162 score50=16.36 eps=0.010 loss=0.00300 q=0.566 trunc=0 sps=2487 elapsed=34.6m
iter 1261/4882 steps=5165056 episodes=27172 score50=16.38 eps=0.010 loss=0.00521 q=0.577 trunc=0 sps=2487 elapsed=34.6m
iter 1262/4882 steps=5169152 episodes=27193 score50=17.54 eps=0.010 loss=0.01282 q=0.584 trunc=0 sps=2487 elapsed=34.6m
iter 1263/4882 steps=5173248 episodes=27202 score50=17.06 eps=0.010 loss=0.02446 q=0.578 trunc=0 sps=2487 elapsed=34.7m
iter 1264/4882 steps=5177344 episodes=27219 score50=17.42 eps=0.010 loss=0.01900 q=0.549 trunc=0 sps=2487 elapsed=34.7m
iter 1265/4882 steps=5181440 episodes=27242 score50=17.12 eps=0.010 loss=0.02160 q=0.553 trunc=0 sps=2487 elapsed=34.7m
iter 1266/4882 steps=5185536 episodes=27263 score50=17.02 eps=0.010 loss=0.02373 q=0.610 trunc=0 sps=2487 elapsed=34.8m
iter 1267/4882 steps=5189632 episodes=27274 score50=16.24 eps=0.010 loss=0.00261 q=0.615 trunc=0 sps=2487 elapsed=34.8m
iter 1268/4882 steps=5193728 episodes=27285 score50=16.82 eps=0.010 loss=0.03372 q=0.603 trunc=0 sps=2487 elapsed=34.8m
iter 1269/4882 steps=5197824 episodes=27304 score50=15.82 eps=0.010 loss=0.02067 q=0.594 trunc=0 sps=2487 elapsed=34.8m
iter 1270/4882 steps=5201920 episodes=27320 score50=15.26 eps=0.010 loss=0.02061 q=0.644 trunc=0 sps=2487 elapsed=34.9m
iter 1271/4882 steps=5206016 episodes=27334 score50=14.16 eps=0.010 loss=0.01746 q=0.682 trunc=0 sps=2487 elapsed=34.9m
iter 1272/4882 steps=5210112 episodes=27355 score50=15.54 eps=0.010 loss=0.00777 q=0.687 trunc=0 sps=2487 elapsed=34.9m
iter 1273/4882 steps=5214208 episodes=27375 score50=17.10 eps=0.010 loss=0.02142 q=0.629 trunc=0 sps=2487 elapsed=34.9m
iter 1274/4882 steps=5218304 episodes=27398 score50=15.86 eps=0.010 loss=0.00993 q=0.644 trunc=0 sps=2487 elapsed=35.0m
iter 1275/4882 steps=5222400 episodes=27410 score50=15.46 eps=0.010 loss=0.00634 q=0.649 trunc=0 sps=2487 elapsed=35.0m
iter 1276/4882 steps=5226496 episodes=27434 score50=14.76 eps=0.010 loss=0.01698 q=0.630 trunc=0 sps=2487 elapsed=35.0m
iter 1277/4882 steps=5230592 episodes=27461 score50=15.56 eps=0.010 loss=0.00561 q=0.669 trunc=0 sps=2487 elapsed=35.1m
iter 1278/4882 steps=5234688 episodes=27472 score50=14.40 eps=0.010 loss=0.01171 q=0.700 trunc=0 sps=2487 elapsed=35.1m
iter 1279/4882 steps=5238784 episodes=27489 score50=12.68 eps=0.010 loss=0.00511 q=0.685 trunc=0 sps=2487 elapsed=35.1m
iter 1280/4882 steps=5242880 episodes=27499 score50=12.46 eps=0.010 loss=0.01437 q=0.669 trunc=0 sps=2487 elapsed=35.1m
iter 1281/4882 steps=5246976 episodes=27517 score50=13.88 eps=0.010 loss=0.00632 q=0.675 trunc=0 sps=2487 elapsed=35.2m
iter 1282/4882 steps=5251072 episodes=27533 score50=13.98 eps=0.010 loss=0.00831 q=0.663 trunc=0 sps=2487 elapsed=35.2m
iter 1283/4882 steps=5255168 episodes=27558 score50=14.64 eps=0.010 loss=0.03792 q=0.595 trunc=0 sps=2487 elapsed=35.2m
iter 1284/4882 steps=5259264 episodes=27574 score50=14.18 eps=0.010 loss=0.00876 q=0.625 trunc=0 sps=2487 elapsed=35.2m
iter 1285/4882 steps=5263360 episodes=27592 score50=15.28 eps=0.010 loss=0.01549 q=0.673 trunc=0 sps=2487 elapsed=35.3m
iter 1286/4882 steps=5267456 episodes=27611 score50=14.30 eps=0.010 loss=0.01615 q=0.621 trunc=0 sps=2487 elapsed=35.3m
iter 1287/4882 steps=5271552 episodes=27626 score50=15.18 eps=0.010 loss=0.00687 q=0.673 trunc=0 sps=2487 elapsed=35.3m
iter 1288/4882 steps=5275648 episodes=27644 score50=15.04 eps=0.010 loss=0.00897 q=0.653 trunc=0 sps=2487 elapsed=35.4m
iter 1289/4882 steps=5279744 episodes=27660 score50=14.76 eps=0.010 loss=0.00828 q=0.656 trunc=0 sps=2487 elapsed=35.4m
iter 1290/4882 steps=5283840 episodes=27672 score50=15.82 eps=0.010 loss=0.01614 q=0.590 trunc=0 sps=2487 elapsed=35.4m
iter 1291/4882 steps=5287936 episodes=27690 score50=16.36 eps=0.010 loss=0.00353 q=0.681 trunc=0 sps=2487 elapsed=35.4m
iter 1292/4882 steps=5292032 episodes=27707 score50=17.80 eps=0.010 loss=0.02598 q=0.644 trunc=0 sps=2487 elapsed=35.5m
iter 1293/4882 steps=5296128 episodes=27722 score50=17.30 eps=0.010 loss=0.00713 q=0.677 trunc=0 sps=2487 elapsed=35.5m
iter 1294/4882 steps=5300224 episodes=27742 score50=15.38 eps=0.010 loss=0.02206 q=0.672 trunc=0 sps=2487 elapsed=35.5m
iter 1295/4882 steps=5304320 episodes=27759 score50=14.24 eps=0.010 loss=0.00948 q=0.672 trunc=0 sps=2487 elapsed=35.5m
iter 1296/4882 steps=5308416 episodes=27773 score50=14.52 eps=0.010 loss=0.01391 q=0.646 trunc=0 sps=2487 elapsed=35.6m
iter 1297/4882 steps=5312512 episodes=27794 score50=13.58 eps=0.010 loss=0.00690 q=0.661 trunc=0 sps=2487 elapsed=35.6m
iter 1298/4882 steps=5316608 episodes=27812 score50=14.94 eps=0.010 loss=0.02946 q=0.653 trunc=0 sps=2487 elapsed=35.6m
iter 1299/4882 steps=5320704 episodes=27827 score50=16.02 eps=0.010 loss=0.00740 q=0.678 trunc=0 sps=2487 elapsed=35.7m
iter 1300/4882 steps=5324800 episodes=27853 score50=17.04 eps=0.010 loss=0.00739 q=0.729 trunc=0 sps=2487 elapsed=35.7m
  [eval] iter=1300 mean=12.15+-1.81 median=10.0 max=29 P(>=120)=0.00 entropy=1.67/2.20 wnorm=43.809 srank=337/512
iter 1301/4882 steps=5328896 episodes=27876 score50=15.26 eps=0.010 loss=0.03065 q=0.733 trunc=0 sps=2482 elapsed=35.8m
iter 1302/4882 steps=5332992 episodes=27891 score50=15.36 eps=0.010 loss=0.01642 q=0.762 trunc=0 sps=2483 elapsed=35.8m
iter 1303/4882 steps=5337088 episodes=27906 score50=15.24 eps=0.010 loss=0.03381 q=0.709 trunc=0 sps=2483 elapsed=35.8m
iter 1304/4882 steps=5341184 episodes=27925 score50=14.08 eps=0.010 loss=0.03615 q=0.690 trunc=0 sps=2483 elapsed=35.9m
iter 1305/4882 steps=5345280 episodes=27940 score50=13.80 eps=0.010 loss=0.00586 q=0.718 trunc=0 sps=2483 elapsed=35.9m
iter 1306/4882 steps=5349376 episodes=27956 score50=14.26 eps=0.010 loss=0.00534 q=0.671 trunc=0 sps=2483 elapsed=35.9m
iter 1307/4882 steps=5353472 episodes=27972 score50=14.22 eps=0.010 loss=0.05625 q=0.715 trunc=0 sps=2483 elapsed=35.9m
iter 1308/4882 steps=5357568 episodes=27987 score50=14.58 eps=0.010 loss=0.02663 q=0.602 trunc=0 sps=2483 elapsed=36.0m
iter 1309/4882 steps=5361664 episodes=28004 score50=14.78 eps=0.010 loss=0.01306 q=0.629 trunc=0 sps=2483 elapsed=36.0m
iter 1310/4882 steps=5365760 episodes=28020 score50=14.88 eps=0.010 loss=0.01127 q=0.614 trunc=0 sps=2483 elapsed=36.0m
iter 1311/4882 steps=5369856 episodes=28045 score50=14.38 eps=0.010 loss=0.01777 q=0.605 trunc=0 sps=2483 elapsed=36.0m
iter 1312/4882 steps=5373952 episodes=28065 score50=14.94 eps=0.010 loss=0.00523 q=0.622 trunc=0 sps=2483 elapsed=36.1m
iter 1313/4882 steps=5378048 episodes=28077 score50=15.98 eps=0.010 loss=0.01258 q=0.598 trunc=0 sps=2483 elapsed=36.1m
iter 1314/4882 steps=5382144 episodes=28094 score50=17.16 eps=0.010 loss=0.00482 q=0.638 trunc=0 sps=2483 elapsed=36.1m
iter 1315/4882 steps=5386240 episodes=28114 score50=17.88 eps=0.010 loss=0.00788 q=0.622 trunc=0 sps=2483 elapsed=36.2m
iter 1316/4882 steps=5390336 episodes=28133 score50=17.16 eps=0.010 loss=0.01099 q=0.517 trunc=0 sps=2483 elapsed=36.2m
iter 1317/4882 steps=5394432 episodes=28151 score50=14.88 eps=0.010 loss=0.01041 q=0.627 trunc=0 sps=2483 elapsed=36.2m
iter 1318/4882 steps=5398528 episodes=28166 score50=14.08 eps=0.010 loss=0.00999 q=0.668 trunc=0 sps=2483 elapsed=36.2m
iter 1319/4882 steps=5402624 episodes=28186 score50=13.70 eps=0.010 loss=0.02462 q=0.706 trunc=0 sps=2483 elapsed=36.3m
iter 1320/4882 steps=5406720 episodes=28198 score50=14.88 eps=0.010 loss=0.02297 q=0.710 trunc=0 sps=2484 elapsed=36.3m
iter 1321/4882 steps=5410816 episodes=28212 score50=15.48 eps=0.010 loss=0.03453 q=0.707 trunc=0 sps=2484 elapsed=36.3m
iter 1322/4882 steps=5414912 episodes=28230 score50=15.22 eps=0.010 loss=0.00898 q=0.643 trunc=0 sps=2484 elapsed=36.3m
iter 1323/4882 steps=5419008 episodes=28250 score50=14.50 eps=0.010 loss=0.05108 q=0.682 trunc=0 sps=2484 elapsed=36.4m
iter 1324/4882 steps=5423104 episodes=28265 score50=14.24 eps=0.010 loss=0.01638 q=0.658 trunc=0 sps=2484 elapsed=36.4m
iter 1325/4882 steps=5427200 episodes=28278 score50=15.20 eps=0.010 loss=0.00689 q=0.616 trunc=0 sps=2484 elapsed=36.4m
iter 1326/4882 steps=5431296 episodes=28300 score50=16.64 eps=0.010 loss=0.00548 q=0.707 trunc=0 sps=2484 elapsed=36.4m
iter 1327/4882 steps=5435392 episodes=28316 score50=17.72 eps=0.010 loss=0.01689 q=0.703 trunc=0 sps=2484 elapsed=36.5m
iter 1328/4882 steps=5439488 episodes=28336 score50=16.90 eps=0.010 loss=0.02404 q=0.691 trunc=0 sps=2484 elapsed=36.5m
iter 1329/4882 steps=5443584 episodes=28347 score50=16.54 eps=0.010 loss=0.00695 q=0.648 trunc=0 sps=2484 elapsed=36.5m
iter 1330/4882 steps=5447680 episodes=28366 score50=15.30 eps=0.010 loss=0.01843 q=0.593 trunc=0 sps=2484 elapsed=36.6m
iter 1331/4882 steps=5451776 episodes=28386 score50=14.32 eps=0.010 loss=0.04258 q=0.632 trunc=0 sps=2484 elapsed=36.6m
iter 1332/4882 steps=5455872 episodes=28411 score50=13.34 eps=0.010 loss=0.02263 q=0.616 trunc=0 sps=2484 elapsed=36.6m
iter 1333/4882 steps=5459968 episodes=28425 score50=13.04 eps=0.010 loss=0.00495 q=0.667 trunc=0 sps=2484 elapsed=36.6m
iter 1334/4882 steps=5464064 episodes=28441 score50=14.36 eps=0.010 loss=0.02169 q=0.645 trunc=0 sps=2483 elapsed=36.7m
iter 1335/4882 steps=5468160 episodes=28454 score50=16.02 eps=0.010 loss=0.00236 q=0.658 trunc=0 sps=2483 elapsed=36.7m
iter 1336/4882 steps=5472256 episodes=28470 score50=15.18 eps=0.010 loss=0.00687 q=0.652 trunc=0 sps=2483 elapsed=36.7m
iter 1337/4882 steps=5476352 episodes=28488 score50=13.54 eps=0.010 loss=0.01394 q=0.620 trunc=0 sps=2484 elapsed=36.8m
iter 1338/4882 steps=5480448 episodes=28510 score50=13.10 eps=0.010 loss=0.01322 q=0.581 trunc=0 sps=2484 elapsed=36.8m
iter 1339/4882 steps=5484544 episodes=28523 score50=14.76 eps=0.010 loss=0.01265 q=0.569 trunc=0 sps=2484 elapsed=36.8m
iter 1340/4882 steps=5488640 episodes=28541 score50=15.12 eps=0.010 loss=0.00543 q=0.591 trunc=0 sps=2484 elapsed=36.8m
iter 1341/4882 steps=5492736 episodes=28560 score50=15.82 eps=0.010 loss=0.00609 q=0.602 trunc=0 sps=2484 elapsed=36.9m
iter 1342/4882 steps=5496832 episodes=28572 score50=15.38 eps=0.010 loss=0.03202 q=0.576 trunc=0 sps=2484 elapsed=36.9m
iter 1343/4882 steps=5500928 episodes=28584 score50=17.02 eps=0.010 loss=0.01346 q=0.542 trunc=0 sps=2484 elapsed=36.9m
iter 1344/4882 steps=5505024 episodes=28600 score50=17.32 eps=0.010 loss=0.01233 q=0.590 trunc=0 sps=2484 elapsed=36.9m
iter 1345/4882 steps=5509120 episodes=28622 score50=16.84 eps=0.010 loss=0.01432 q=0.606 trunc=0 sps=2484 elapsed=37.0m
iter 1346/4882 steps=5513216 episodes=28644 score50=15.26 eps=0.010 loss=0.01496 q=0.558 trunc=0 sps=2484 elapsed=37.0m
iter 1347/4882 steps=5517312 episodes=28662 score50=15.32 eps=0.010 loss=0.04842 q=0.557 trunc=0 sps=2484 elapsed=37.0m
iter 1348/4882 steps=5521408 episodes=28681 score50=14.74 eps=0.010 loss=0.01256 q=0.588 trunc=0 sps=2484 elapsed=37.1m
iter 1349/4882 steps=5525504 episodes=28702 score50=14.78 eps=0.010 loss=0.00926 q=0.643 trunc=0 sps=2484 elapsed=37.1m
iter 1350/4882 steps=5529600 episodes=28723 score50=14.26 eps=0.010 loss=0.03389 q=0.573 trunc=0 sps=2484 elapsed=37.1m
iter 1351/4882 steps=5533696 episodes=28743 score50=13.56 eps=0.010 loss=0.01965 q=0.619 trunc=0 sps=2484 elapsed=37.1m
iter 1352/4882 steps=5537792 episodes=28759 score50=16.32 eps=0.010 loss=0.02463 q=0.669 trunc=0 sps=2484 elapsed=37.2m
iter 1353/4882 steps=5541888 episodes=28778 score50=16.76 eps=0.010 loss=0.00977 q=0.630 trunc=0 sps=2484 elapsed=37.2m
iter 1354/4882 steps=5545984 episodes=28805 score50=14.76 eps=0.010 loss=0.01758 q=0.571 trunc=0 sps=2484 elapsed=37.2m
iter 1355/4882 steps=5550080 episodes=28828 score50=14.32 eps=0.010 loss=0.01152 q=0.553 trunc=0 sps=2484 elapsed=37.2m
iter 1356/4882 steps=5554176 episodes=28845 score50=14.44 eps=0.010 loss=0.00445 q=0.643 trunc=0 sps=2484 elapsed=37.3m
iter 1357/4882 steps=5558272 episodes=28857 score50=13.56 eps=0.010 loss=0.00441 q=0.626 trunc=0 sps=2484 elapsed=37.3m
iter 1358/4882 steps=5562368 episodes=28862 score50=13.72 eps=0.010 loss=0.00239 q=0.605 trunc=0 sps=2485 elapsed=37.3m
iter 1359/4882 steps=5566464 episodes=28875 score50=13.22 eps=0.010 loss=0.01907 q=0.574 trunc=0 sps=2485 elapsed=37.3m
iter 1360/4882 steps=5570560 episodes=28900 score50=13.00 eps=0.010 loss=0.00504 q=0.599 trunc=0 sps=2485 elapsed=37.4m
iter 1361/4882 steps=5574656 episodes=28918 score50=12.64 eps=0.010 loss=0.00538 q=0.590 trunc=0 sps=2485 elapsed=37.4m
iter 1362/4882 steps=5578752 episodes=28932 score50=12.86 eps=0.010 loss=0.01129 q=0.598 trunc=0 sps=2485 elapsed=37.4m
iter 1363/4882 steps=5582848 episodes=28949 score50=13.84 eps=0.010 loss=0.01079 q=0.629 trunc=0 sps=2485 elapsed=37.5m
iter 1364/4882 steps=5586944 episodes=28977 score50=14.48 eps=0.010 loss=0.01714 q=0.613 trunc=0 sps=2485 elapsed=37.5m
iter 1365/4882 steps=5591040 episodes=29004 score50=13.80 eps=0.010 loss=0.01883 q=0.644 trunc=0 sps=2485 elapsed=37.5m
iter 1366/4882 steps=5595136 episodes=29025 score50=13.02 eps=0.010 loss=0.01777 q=0.618 trunc=0 sps=2485 elapsed=37.5m
iter 1367/4882 steps=5599232 episodes=29049 score50=11.40 eps=0.010 loss=0.01163 q=0.613 trunc=0 sps=2485 elapsed=37.6m
iter 1368/4882 steps=5603328 episodes=29071 score50=11.80 eps=0.010 loss=0.01451 q=0.608 trunc=0 sps=2485 elapsed=37.6m
iter 1369/4882 steps=5607424 episodes=29095 score50=14.08 eps=0.010 loss=0.02556 q=0.641 trunc=0 sps=2485 elapsed=37.6m
iter 1370/4882 steps=5611520 episodes=29118 score50=13.88 eps=0.010 loss=0.00990 q=0.624 trunc=0 sps=2485 elapsed=37.6m
iter 1371/4882 steps=5615616 episodes=29145 score50=12.72 eps=0.010 loss=0.04738 q=0.599 trunc=0 sps=2485 elapsed=37.7m
iter 1372/4882 steps=5619712 episodes=29166 score50=12.68 eps=0.010 loss=0.02567 q=0.579 trunc=0 sps=2485 elapsed=37.7m
iter 1373/4882 steps=5623808 episodes=29184 score50=11.86 eps=0.010 loss=0.00977 q=0.531 trunc=0 sps=2485 elapsed=37.7m
iter 1374/4882 steps=5627904 episodes=29198 score50=12.18 eps=0.010 loss=0.03300 q=0.562 trunc=0 sps=2485 elapsed=37.7m
iter 1375/4882 steps=5632000 episodes=29212 score50=11.32 eps=0.010 loss=0.00935 q=0.559 trunc=0 sps=2485 elapsed=37.8m
iter 1376/4882 steps=5636096 episodes=29234 score50=12.78 eps=0.010 loss=0.00294 q=0.599 trunc=0 sps=2485 elapsed=37.8m
iter 1377/4882 steps=5640192 episodes=29247 score50=13.18 eps=0.010 loss=0.01527 q=0.566 trunc=0 sps=2485 elapsed=37.8m
iter 1378/4882 steps=5644288 episodes=29260 score50=14.14 eps=0.010 loss=0.00267 q=0.577 trunc=0 sps=2485 elapsed=37.9m
iter 1379/4882 steps=5648384 episodes=29278 score50=14.82 eps=0.010 loss=0.04555 q=0.580 trunc=0 sps=2485 elapsed=37.9m
iter 1380/4882 steps=5652480 episodes=29296 score50=14.92 eps=0.010 loss=0.01122 q=0.532 trunc=0 sps=2485 elapsed=37.9m
iter 1381/4882 steps=5656576 episodes=29312 score50=16.48 eps=0.010 loss=0.00323 q=0.618 trunc=0 sps=2485 elapsed=37.9m
iter 1382/4882 steps=5660672 episodes=29325 score50=16.62 eps=0.010 loss=0.00536 q=0.582 trunc=0 sps=2485 elapsed=38.0m
iter 1383/4882 steps=5664768 episodes=29343 score50=17.72 eps=0.010 loss=0.01219 q=0.542 trunc=0 sps=2485 elapsed=38.0m
iter 1384/4882 steps=5668864 episodes=29358 score50=17.32 eps=0.010 loss=0.00784 q=0.574 trunc=0 sps=2485 elapsed=38.0m
iter 1385/4882 steps=5672960 episodes=29377 score50=16.98 eps=0.010 loss=0.00946 q=0.567 trunc=0 sps=2485 elapsed=38.1m
iter 1386/4882 steps=5677056 episodes=29390 score50=17.86 eps=0.010 loss=0.01963 q=0.608 trunc=0 sps=2485 elapsed=38.1m
iter 1387/4882 steps=5681152 episodes=29410 score50=16.08 eps=0.010 loss=0.02545 q=0.566 trunc=0 sps=2485 elapsed=38.1m
iter 1388/4882 steps=5685248 episodes=29420 score50=16.54 eps=0.010 loss=0.00566 q=0.599 trunc=0 sps=2485 elapsed=38.1m
iter 1389/4882 steps=5689344 episodes=29431 score50=14.42 eps=0.010 loss=0.00753 q=0.596 trunc=0 sps=2485 elapsed=38.2m
iter 1390/4882 steps=5693440 episodes=29452 score50=15.36 eps=0.010 loss=0.02201 q=0.588 trunc=0 sps=2485 elapsed=38.2m
iter 1391/4882 steps=5697536 episodes=29474 score50=15.58 eps=0.010 loss=0.01352 q=0.573 trunc=0 sps=2485 elapsed=38.2m
iter 1392/4882 steps=5701632 episodes=29494 score50=15.98 eps=0.010 loss=0.01667 q=0.588 trunc=0 sps=2485 elapsed=38.2m
iter 1393/4882 steps=5705728 episodes=29513 score50=16.76 eps=0.010 loss=0.01637 q=0.556 trunc=0 sps=2485 elapsed=38.3m
iter 1394/4882 steps=5709824 episodes=29528 score50=17.40 eps=0.010 loss=0.00844 q=0.572 trunc=0 sps=2485 elapsed=38.3m
iter 1395/4882 steps=5713920 episodes=29542 score50=17.48 eps=0.010 loss=0.01104 q=0.563 trunc=0 sps=2485 elapsed=38.3m
iter 1396/4882 steps=5718016 episodes=29557 score50=17.92 eps=0.010 loss=0.00868 q=0.601 trunc=0 sps=2485 elapsed=38.4m
iter 1397/4882 steps=5722112 episodes=29574 score50=15.60 eps=0.010 loss=0.01101 q=0.598 trunc=0 sps=2485 elapsed=38.4m
iter 1398/4882 steps=5726208 episodes=29587 score50=15.28 eps=0.010 loss=0.01785 q=0.559 trunc=0 sps=2485 elapsed=38.4m
iter 1399/4882 steps=5730304 episodes=29604 score50=15.82 eps=0.010 loss=0.01367 q=0.551 trunc=0 sps=2485 elapsed=38.4m
iter 1400/4882 steps=5734400 episodes=29624 score50=16.96 eps=0.010 loss=0.00950 q=0.542 trunc=0 sps=2485 elapsed=38.5m
  [eval] iter=1400 mean=16.20+-1.74 median=16.5 max=33 P(>=120)=0.00 entropy=1.15/2.20 wnorm=45.053 srank=337/512
iter 1401/4882 steps=5738496 episodes=29638 score50=15.90 eps=0.010 loss=0.00547 q=0.542 trunc=0 sps=2480 elapsed=38.6m
iter 1402/4882 steps=5742592 episodes=29659 score50=16.80 eps=0.010 loss=0.00399 q=0.589 trunc=0 sps=2480 elapsed=38.6m
iter 1403/4882 steps=5746688 episodes=29674 score50=17.88 eps=0.010 loss=0.00573 q=0.614 trunc=0 sps=2480 elapsed=38.6m
iter 1404/4882 steps=5750784 episodes=29699 score50=16.34 eps=0.010 loss=0.03910 q=0.578 trunc=0 sps=2480 elapsed=38.6m
iter 1405/4882 steps=5754880 episodes=29716 score50=15.52 eps=0.010 loss=0.01374 q=0.595 trunc=0 sps=2480 elapsed=38.7m
iter 1406/4882 steps=5758976 episodes=29729 score50=14.26 eps=0.010 loss=0.01787 q=0.580 trunc=0 sps=2480 elapsed=38.7m
iter 1407/4882 steps=5763072 episodes=29740 score50=14.36 eps=0.010 loss=0.00501 q=0.594 trunc=0 sps=2480 elapsed=38.7m
iter 1408/4882 steps=5767168 episodes=29757 score50=14.42 eps=0.010 loss=0.01236 q=0.572 trunc=0 sps=2480 elapsed=38.8m
iter 1409/4882 steps=5771264 episodes=29773 score50=15.48 eps=0.010 loss=0.00414 q=0.566 trunc=0 sps=2480 elapsed=38.8m
iter 1410/4882 steps=5775360 episodes=29791 score50=14.32 eps=0.010 loss=0.00295 q=0.575 trunc=0 sps=2480 elapsed=38.8m
iter 1411/4882 steps=5779456 episodes=29803 score50=15.86 eps=0.010 loss=0.01582 q=0.537 trunc=0 sps=2480 elapsed=38.8m
iter 1412/4882 steps=5783552 episodes=29819 score50=15.88 eps=0.010 loss=0.02325 q=0.590 trunc=0 sps=2480 elapsed=38.9m
iter 1413/4882 steps=5787648 episodes=29836 score50=15.84 eps=0.010 loss=0.01582 q=0.540 trunc=0 sps=2480 elapsed=38.9m
iter 1414/4882 steps=5791744 episodes=29856 score50=15.48 eps=0.010 loss=0.01109 q=0.553 trunc=0 sps=2480 elapsed=38.9m
iter 1415/4882 steps=5795840 episodes=29873 score50=16.60 eps=0.010 loss=0.00851 q=0.559 trunc=0 sps=2480 elapsed=39.0m
iter 1416/4882 steps=5799936 episodes=29889 score50=15.30 eps=0.010 loss=0.01407 q=0.552 trunc=0 sps=2480 elapsed=39.0m
iter 1417/4882 steps=5804032 episodes=29905 score50=15.54 eps=0.010 loss=0.03080 q=0.558 trunc=0 sps=2480 elapsed=39.0m
iter 1418/4882 steps=5808128 episodes=29925 score50=15.60 eps=0.010 loss=0.03225 q=0.486 trunc=0 sps=2480 elapsed=39.0m
iter 1419/4882 steps=5812224 episodes=29940 score50=16.16 eps=0.010 loss=0.01767 q=0.559 trunc=0 sps=2480 elapsed=39.1m
iter 1420/4882 steps=5816320 episodes=29955 score50=17.06 eps=0.010 loss=0.00380 q=0.574 trunc=0 sps=2480 elapsed=39.1m
iter 1421/4882 steps=5820416 episodes=29970 score50=16.86 eps=0.010 loss=0.00253 q=0.639 trunc=0 sps=2480 elapsed=39.1m
iter 1422/4882 steps=5824512 episodes=29984 score50=16.38 eps=0.010 loss=0.00605 q=0.556 trunc=0 sps=2480 elapsed=39.1m
iter 1423/4882 steps=5828608 episodes=30001 score50=16.76 eps=0.010 loss=0.01358 q=0.521 trunc=0 sps=2480 elapsed=39.2m
iter 1424/4882 steps=5832704 episodes=30019 score50=16.78 eps=0.010 loss=0.00475 q=0.544 trunc=0 sps=2480 elapsed=39.2m
iter 1425/4882 steps=5836800 episodes=30036 score50=17.94 eps=0.010 loss=0.00734 q=0.564 trunc=0 sps=2480 elapsed=39.2m
iter 1426/4882 steps=5840896 episodes=30052 score50=17.64 eps=0.010 loss=0.00274 q=0.589 trunc=0 sps=2480 elapsed=39.2m
iter 1427/4882 steps=5844992 episodes=30070 score50=16.68 eps=0.010 loss=0.00854 q=0.605 trunc=0 sps=2480 elapsed=39.3m
iter 1428/4882 steps=5849088 episodes=30081 score50=16.64 eps=0.010 loss=0.01058 q=0.579 trunc=0 sps=2481 elapsed=39.3m
iter 1429/4882 steps=5853184 episodes=30102 score50=16.16 eps=0.010 loss=0.00910 q=0.569 trunc=0 sps=2481 elapsed=39.3m
iter 1430/4882 steps=5857280 episodes=30120 score50=15.94 eps=0.010 loss=0.01598 q=0.542 trunc=0 sps=2481 elapsed=39.4m
iter 1431/4882 steps=5861376 episodes=30135 score50=15.84 eps=0.010 loss=0.00378 q=0.605 trunc=0 sps=2481 elapsed=39.4m
iter 1432/4882 steps=5865472 episodes=30159 score50=15.70 eps=0.010 loss=0.00745 q=0.599 trunc=0 sps=2481 elapsed=39.4m
iter 1433/4882 steps=5869568 episodes=30177 score50=15.82 eps=0.010 loss=0.04401 q=0.632 trunc=0 sps=2481 elapsed=39.4m
iter 1434/4882 steps=5873664 episodes=30196 score50=15.08 eps=0.010 loss=0.01290 q=0.604 trunc=0 sps=2481 elapsed=39.5m
iter 1435/4882 steps=5877760 episodes=30209 score50=14.24 eps=0.010 loss=0.01108 q=0.617 trunc=0 sps=2481 elapsed=39.5m
iter 1436/4882 steps=5881856 episodes=30219 score50=14.36 eps=0.010 loss=0.02339 q=0.583 trunc=0 sps=2481 elapsed=39.5m
iter 1437/4882 steps=5885952 episodes=30236 score50=14.40 eps=0.010 loss=0.00589 q=0.614 trunc=0 sps=2481 elapsed=39.5m
iter 1438/4882 steps=5890048 episodes=30252 score50=15.58 eps=0.010 loss=0.00825 q=0.652 trunc=0 sps=2481 elapsed=39.6m
iter 1439/4882 steps=5894144 episodes=30266 score50=16.86 eps=0.010 loss=0.01337 q=0.609 trunc=0 sps=2481 elapsed=39.6m
iter 1440/4882 steps=5898240 episodes=30278 score50=16.48 eps=0.010 loss=0.02371 q=0.638 trunc=0 sps=2481 elapsed=39.6m
iter 1441/4882 steps=5902336 episodes=30290 score50=16.68 eps=0.010 loss=0.00648 q=0.721 trunc=0 sps=2481 elapsed=39.6m
iter 1442/4882 steps=5906432 episodes=30305 score50=15.72 eps=0.010 loss=0.01146 q=0.577 trunc=0 sps=2481 elapsed=39.7m
iter 1443/4882 steps=5910528 episodes=30323 score50=16.02 eps=0.010 loss=0.00773 q=0.599 trunc=0 sps=2481 elapsed=39.7m
iter 1444/4882 steps=5914624 episodes=30342 score50=17.14 eps=0.010 loss=0.01131 q=0.564 trunc=0 sps=2481 elapsed=39.7m
iter 1445/4882 steps=5918720 episodes=30362 score50=17.70 eps=0.010 loss=0.02713 q=0.667 trunc=0 sps=2481 elapsed=39.8m
iter 1446/4882 steps=5922816 episodes=30375 score50=18.42 eps=0.010 loss=0.00318 q=0.673 trunc=0 sps=2482 elapsed=39.8m
iter 1447/4882 steps=5926912 episodes=30389 score50=18.42 eps=0.010 loss=0.00586 q=0.674 trunc=0 sps=2482 elapsed=39.8m
iter 1448/4882 steps=5931008 episodes=30399 score50=17.76 eps=0.010 loss=0.00386 q=0.659 trunc=0 sps=2482 elapsed=39.8m
iter 1449/4882 steps=5935104 episodes=30416 score50=17.84 eps=0.010 loss=0.01962 q=0.667 trunc=0 sps=2482 elapsed=39.9m
iter 1450/4882 steps=5939200 episodes=30429 score50=17.14 eps=0.010 loss=0.00609 q=0.658 trunc=0 sps=2482 elapsed=39.9m
iter 1451/4882 steps=5943296 episodes=30443 score50=16.70 eps=0.010 loss=0.00746 q=0.623 trunc=0 sps=2482 elapsed=39.9m
iter 1452/4882 steps=5947392 episodes=30462 score50=18.08 eps=0.010 loss=0.01908 q=0.694 trunc=0 sps=2481 elapsed=39.9m
iter 1453/4882 steps=5951488 episodes=30482 score50=19.54 eps=0.010 loss=0.02296 q=0.727 trunc=0 sps=2481 elapsed=40.0m
iter 1454/4882 steps=5955584 episodes=30496 score50=19.26 eps=0.010 loss=0.00311 q=0.722 trunc=0 sps=2481 elapsed=40.0m
iter 1455/4882 steps=5959680 episodes=30515 score50=17.18 eps=0.010 loss=0.02779 q=0.693 trunc=0 sps=2481 elapsed=40.0m
iter 1456/4882 steps=5963776 episodes=30524 score50=16.52 eps=0.010 loss=0.00662 q=0.697 trunc=0 sps=2481 elapsed=40.1m
iter 1457/4882 steps=5967872 episodes=30539 score50=16.40 eps=0.010 loss=0.00826 q=0.633 trunc=0 sps=2481 elapsed=40.1m
iter 1458/4882 steps=5971968 episodes=30552 score50=17.32 eps=0.010 loss=0.00809 q=0.629 trunc=0 sps=2481 elapsed=40.1m
iter 1459/4882 steps=5976064 episodes=30575 score50=15.72 eps=0.010 loss=0.03264 q=0.656 trunc=0 sps=2481 elapsed=40.1m
iter 1460/4882 steps=5980160 episodes=30590 score50=15.86 eps=0.010 loss=0.02427 q=0.713 trunc=0 sps=2481 elapsed=40.2m
iter 1461/4882 steps=5984256 episodes=30600 score50=16.72 eps=0.010 loss=0.00421 q=0.686 trunc=0 sps=2481 elapsed=40.2m
iter 1462/4882 steps=5988352 episodes=30620 score50=17.26 eps=0.010 loss=0.00674 q=0.651 trunc=0 sps=2481 elapsed=40.2m
iter 1463/4882 steps=5992448 episodes=30638 score50=18.12 eps=0.010 loss=0.01491 q=0.640 trunc=0 sps=2481 elapsed=40.2m
iter 1464/4882 steps=5996544 episodes=30652 score50=16.42 eps=0.010 loss=0.00648 q=0.672 trunc=0 sps=2481 elapsed=40.3m
iter 1465/4882 steps=6000640 episodes=30677 score50=17.50 eps=0.010 loss=0.00491 q=0.726 trunc=0 sps=2481 elapsed=40.3m
iter 1466/4882 steps=6004736 episodes=30689 score50=16.52 eps=0.010 loss=0.01524 q=0.715 trunc=0 sps=2481 elapsed=40.3m
iter 1467/4882 steps=6008832 episodes=30701 score50=16.12 eps=0.010 loss=0.00585 q=0.692 trunc=0 sps=2482 elapsed=40.4m
iter 1468/4882 steps=6012928 episodes=30718 score50=14.98 eps=0.010 loss=0.01352 q=0.654 trunc=0 sps=2482 elapsed=40.4m
iter 1469/4882 steps=6017024 episodes=30729 score50=13.64 eps=0.010 loss=0.00672 q=0.618 trunc=0 sps=2482 elapsed=40.4m
iter 1470/4882 steps=6021120 episodes=30745 score50=14.96 eps=0.010 loss=0.03840 q=0.609 trunc=0 sps=2482 elapsed=40.4m
iter 1471/4882 steps=6025216 episodes=30764 score50=15.40 eps=0.010 loss=0.01205 q=0.582 trunc=0 sps=2482 elapsed=40.5m
iter 1472/4882 steps=6029312 episodes=30775 score50=14.96 eps=0.010 loss=0.00416 q=0.572 trunc=0 sps=2482 elapsed=40.5m
iter 1473/4882 steps=6033408 episodes=30798 score50=16.24 eps=0.010 loss=0.00652 q=0.653 trunc=0 sps=2482 elapsed=40.5m
iter 1474/4882 steps=6037504 episodes=30814 score50=17.00 eps=0.010 loss=0.00968 q=0.638 trunc=0 sps=2482 elapsed=40.5m
iter 1475/4882 steps=6041600 episodes=30834 score50=18.66 eps=0.010 loss=0.01207 q=0.639 trunc=0 sps=2482 elapsed=40.6m
iter 1476/4882 steps=6045696 episodes=30846 score50=17.74 eps=0.010 loss=0.02293 q=0.654 trunc=0 sps=2482 elapsed=40.6m
iter 1477/4882 steps=6049792 episodes=30870 score50=16.98 eps=0.010 loss=0.01495 q=0.625 trunc=0 sps=2482 elapsed=40.6m
iter 1478/4882 steps=6053888 episodes=30883 score50=15.46 eps=0.010 loss=0.02481 q=0.537 trunc=0 sps=2482 elapsed=40.7m
iter 1479/4882 steps=6057984 episodes=30895 score50=14.82 eps=0.010 loss=0.01259 q=0.524 trunc=0 sps=2482 elapsed=40.7m
iter 1480/4882 steps=6062080 episodes=30913 score50=14.48 eps=0.010 loss=0.01925 q=0.562 trunc=0 sps=2482 elapsed=40.7m
iter 1481/4882 steps=6066176 episodes=30928 score50=15.50 eps=0.010 loss=0.02519 q=0.612 trunc=0 sps=2482 elapsed=40.7m
iter 1482/4882 steps=6070272 episodes=30943 score50=15.76 eps=0.010 loss=0.00387 q=0.628 trunc=0 sps=2482 elapsed=40.8m
iter 1483/4882 steps=6074368 episodes=30953 score50=16.46 eps=0.010 loss=0.00726 q=0.592 trunc=0 sps=2482 elapsed=40.8m
iter 1484/4882 steps=6078464 episodes=30968 score50=17.14 eps=0.010 loss=0.00854 q=0.587 trunc=0 sps=2481 elapsed=40.8m
iter 1485/4882 steps=6082560 episodes=30987 score50=16.86 eps=0.010 loss=0.02597 q=0.588 trunc=0 sps=2482 elapsed=40.9m
iter 1486/4882 steps=6086656 episodes=30998 score50=16.42 eps=0.010 loss=0.00562 q=0.575 trunc=0 sps=2482 elapsed=40.9m
iter 1487/4882 steps=6090752 episodes=31012 score50=17.38 eps=0.010 loss=0.00567 q=0.562 trunc=0 sps=2482 elapsed=40.9m
iter 1488/4882 steps=6094848 episodes=31030 score50=18.00 eps=0.010 loss=0.01611 q=0.572 trunc=0 sps=2481 elapsed=40.9m
iter 1489/4882 steps=6098944 episodes=31053 score50=17.50 eps=0.010 loss=0.01029 q=0.635 trunc=0 sps=2481 elapsed=41.0m
iter 1490/4882 steps=6103040 episodes=31064 score50=15.80 eps=0.010 loss=0.00609 q=0.656 trunc=0 sps=2481 elapsed=41.0m
iter 1491/4882 steps=6107136 episodes=31080 score50=15.40 eps=0.010 loss=0.00688 q=0.603 trunc=0 sps=2481 elapsed=41.0m
iter 1492/4882 steps=6111232 episodes=31101 score50=17.32 eps=0.010 loss=0.01723 q=0.626 trunc=0 sps=2481 elapsed=41.1m
iter 1493/4882 steps=6115328 episodes=31121 score50=18.22 eps=0.010 loss=0.03559 q=0.590 trunc=0 sps=2481 elapsed=41.1m
iter 1494/4882 steps=6119424 episodes=31138 score50=16.82 eps=0.010 loss=0.00972 q=0.653 trunc=0 sps=2481 elapsed=41.1m
iter 1495/4882 steps=6123520 episodes=31154 score50=16.36 eps=0.010 loss=0.01594 q=0.534 trunc=0 sps=2481 elapsed=41.1m
iter 1496/4882 steps=6127616 episodes=31169 score50=15.88 eps=0.010 loss=0.00632 q=0.615 trunc=0 sps=2481 elapsed=41.2m
iter 1497/4882 steps=6131712 episodes=31191 score50=14.70 eps=0.010 loss=0.01451 q=0.582 trunc=0 sps=2481 elapsed=41.2m
iter 1498/4882 steps=6135808 episodes=31199 score50=14.52 eps=0.010 loss=0.00396 q=0.606 trunc=0 sps=2481 elapsed=41.2m
iter 1499/4882 steps=6139904 episodes=31213 score50=16.66 eps=0.010 loss=0.00457 q=0.569 trunc=0 sps=2481 elapsed=41.2m
iter 1500/4882 steps=6144000 episodes=31224 score50=16.32 eps=0.010 loss=0.00738 q=0.565 trunc=0 sps=2481 elapsed=41.3m
  [eval] iter=1500 mean=16.60+-2.04 median=15.5 max=38 P(>=120)=0.00 entropy=1.27/2.20 wnorm=46.203 srank=330/512
iter 1501/4882 steps=6148096 episodes=31242 score50=17.08 eps=0.010 loss=0.01768 q=0.518 trunc=0 sps=2476 elapsed=41.4m
iter 1502/4882 steps=6152192 episodes=31256 score50=18.50 eps=0.010 loss=0.00502 q=0.571 trunc=0 sps=2477 elapsed=41.4m
iter 1503/4882 steps=6156288 episodes=31276 score50=17.90 eps=0.010 loss=0.00880 q=0.571 trunc=0 sps=2477 elapsed=41.4m
iter 1504/4882 steps=6160384 episodes=31294 score50=18.52 eps=0.010 loss=0.00936 q=0.569 trunc=0 sps=2476 elapsed=41.5m
iter 1505/4882 steps=6164480 episodes=31309 score50=16.94 eps=0.010 loss=0.03407 q=0.542 trunc=0 sps=2477 elapsed=41.5m
iter 1506/4882 steps=6168576 episodes=31333 score50=17.16 eps=0.010 loss=0.01153 q=0.624 trunc=0 sps=2477 elapsed=41.5m
iter 1507/4882 steps=6172672 episodes=31352 score50=17.34 eps=0.010 loss=0.00518 q=0.642 trunc=0 sps=2477 elapsed=41.5m
iter 1508/4882 steps=6176768 episodes=31363 score50=16.48 eps=0.010 loss=0.02080 q=0.681 trunc=0 sps=2477 elapsed=41.6m
iter 1509/4882 steps=6180864 episodes=31376 score50=15.62 eps=0.010 loss=0.02115 q=0.623 trunc=0 sps=2477 elapsed=41.6m
iter 1510/4882 steps=6184960 episodes=31388 score50=16.54 eps=0.010 loss=0.00499 q=0.641 trunc=0 sps=2477 elapsed=41.6m
iter 1511/4882 steps=6189056 episodes=31403 score50=15.06 eps=0.010 loss=0.02889 q=0.687 trunc=0 sps=2477 elapsed=41.6m
iter 1512/4882 steps=6193152 episodes=31421 score50=15.22 eps=0.010 loss=0.01015 q=0.594 trunc=0 sps=2477 elapsed=41.7m
iter 1513/4882 steps=6197248 episodes=31445 score50=16.32 eps=0.010 loss=0.01503 q=0.660 trunc=0 sps=2477 elapsed=41.7m
iter 1514/4882 steps=6201344 episodes=31457 score50=15.98 eps=0.010 loss=0.01605 q=0.684 trunc=0 sps=2477 elapsed=41.7m
iter 1515/4882 steps=6205440 episodes=31472 score50=17.32 eps=0.010 loss=0.00492 q=0.647 trunc=0 sps=2477 elapsed=41.8m
iter 1516/4882 steps=6209536 episodes=31488 score50=17.66 eps=0.010 loss=0.00471 q=0.711 trunc=0 sps=2477 elapsed=41.8m
iter 1517/4882 steps=6213632 episodes=31504 score50=17.26 eps=0.010 loss=0.00844 q=0.689 trunc=0 sps=2477 elapsed=41.8m
iter 1518/4882 steps=6217728 episodes=31522 score50=14.88 eps=0.010 loss=0.01757 q=0.662 trunc=0 sps=2477 elapsed=41.8m
iter 1519/4882 steps=6221824 episodes=31530 score50=15.80 eps=0.010 loss=0.00847 q=0.702 trunc=0 sps=2477 elapsed=41.9m
iter 1520/4882 steps=6225920 episodes=31540 score50=15.54 eps=0.010 loss=0.00324 q=0.647 trunc=0 sps=2477 elapsed=41.9m
iter 1521/4882 steps=6230016 episodes=31554 score50=16.00 eps=0.010 loss=0.01240 q=0.626 trunc=0 sps=2477 elapsed=41.9m
iter 1522/4882 steps=6234112 episodes=31574 score50=18.62 eps=0.010 loss=0.00340 q=0.700 trunc=0 sps=2477 elapsed=41.9m
iter 1523/4882 steps=6238208 episodes=31596 score50=19.18 eps=0.010 loss=0.01725 q=0.692 trunc=0 sps=2477 elapsed=42.0m
iter 1524/4882 steps=6242304 episodes=31617 score50=17.44 eps=0.010 loss=0.03350 q=0.689 trunc=0 sps=2477 elapsed=42.0m
iter 1525/4882 steps=6246400 episodes=31631 score50=16.56 eps=0.010 loss=0.00884 q=0.733 trunc=0 sps=2477 elapsed=42.0m
iter 1526/4882 steps=6250496 episodes=31646 score50=15.30 eps=0.010 loss=0.00271 q=0.709 trunc=0 sps=2477 elapsed=42.1m
iter 1527/4882 steps=6254592 episodes=31660 score50=15.24 eps=0.010 loss=0.01092 q=0.718 trunc=0 sps=2477 elapsed=42.1m
iter 1528/4882 steps=6258688 episodes=31673 score50=14.10 eps=0.010 loss=0.00556 q=0.733 trunc=0 sps=2477 elapsed=42.1m
iter 1529/4882 steps=6262784 episodes=31687 score50=13.46 eps=0.010 loss=0.01461 q=0.743 trunc=0 sps=2477 elapsed=42.1m
iter 1530/4882 steps=6266880 episodes=31708 score50=14.44 eps=0.010 loss=0.01825 q=0.756 trunc=0 sps=2477 elapsed=42.2m
iter 1531/4882 steps=6270976 episodes=31721 score50=16.38 eps=0.010 loss=0.01794 q=0.728 trunc=0 sps=2477 elapsed=42.2m
iter 1532/4882 steps=6275072 episodes=31746 score50=17.64 eps=0.010 loss=0.01404 q=0.756 trunc=0 sps=2477 elapsed=42.2m
iter 1533/4882 steps=6279168 episodes=31766 score50=18.14 eps=0.010 loss=0.01471 q=0.772 trunc=0 sps=2477 elapsed=42.3m
iter 1534/4882 steps=6283264 episodes=31782 score50=16.34 eps=0.010 loss=0.01718 q=0.837 trunc=0 sps=2477 elapsed=42.3m
iter 1535/4882 steps=6287360 episodes=31802 score50=15.74 eps=0.010 loss=0.00900 q=0.810 trunc=0 sps=2477 elapsed=42.3m
iter 1536/4882 steps=6291456 episodes=31814 score50=15.22 eps=0.010 loss=0.01987 q=0.814 trunc=0 sps=2477 elapsed=42.3m
iter 1537/4882 steps=6295552 episodes=31840 score50=14.94 eps=0.010 loss=0.02892 q=0.648 trunc=0 sps=2477 elapsed=42.4m
iter 1538/4882 steps=6299648 episodes=31855 score50=13.88 eps=0.010 loss=0.00888 q=0.738 trunc=0 sps=2477 elapsed=42.4m
iter 1539/4882 steps=6303744 episodes=31875 score50=12.82 eps=0.010 loss=0.01366 q=0.713 trunc=0 sps=2477 elapsed=42.4m
iter 1540/4882 steps=6307840 episodes=31891 score50=12.64 eps=0.010 loss=0.00693 q=0.750 trunc=0 sps=2477 elapsed=42.4m
iter 1541/4882 steps=6311936 episodes=31903 score50=15.02 eps=0.010 loss=0.00521 q=0.742 trunc=0 sps=2477 elapsed=42.5m
iter 1542/4882 steps=6316032 episodes=31922 score50=15.70 eps=0.010 loss=0.02274 q=0.716 trunc=0 sps=2477 elapsed=42.5m
iter 1543/4882 steps=6320128 episodes=31940 score50=17.12 eps=0.010 loss=0.01532 q=0.762 trunc=0 sps=2477 elapsed=42.5m
iter 1544/4882 steps=6324224 episodes=31959 score50=14.82 eps=0.010 loss=0.00550 q=0.793 trunc=0 sps=2477 elapsed=42.5m
iter 1545/4882 steps=6328320 episodes=31974 score50=15.84 eps=0.010 loss=0.01054 q=0.728 trunc=0 sps=2478 elapsed=42.6m
iter 1546/4882 steps=6332416 episodes=31988 score50=16.18 eps=0.010 loss=0.00438 q=0.763 trunc=0 sps=2478 elapsed=42.6m
iter 1547/4882 steps=6336512 episodes=32003 score50=16.84 eps=0.010 loss=0.01801 q=0.778 trunc=0 sps=2478 elapsed=42.6m
iter 1548/4882 steps=6340608 episodes=32018 score50=17.12 eps=0.010 loss=0.00648 q=0.822 trunc=0 sps=2478 elapsed=42.7m
iter 1549/4882 steps=6344704 episodes=32035 score50=15.34 eps=0.010 loss=0.03652 q=0.750 trunc=0 sps=2478 elapsed=42.7m
iter 1550/4882 steps=6348800 episodes=32051 score50=16.00 eps=0.010 loss=0.00888 q=0.752 trunc=0 sps=2478 elapsed=42.7m
iter 1551/4882 steps=6352896 episodes=32072 score50=16.66 eps=0.010 loss=0.01723 q=0.775 trunc=0 sps=2478 elapsed=42.7m
iter 1552/4882 steps=6356992 episodes=32091 score50=16.46 eps=0.010 loss=0.00421 q=0.853 trunc=0 sps=2478 elapsed=42.8m
iter 1553/4882 steps=6361088 episodes=32105 score50=15.34 eps=0.010 loss=0.01012 q=0.807 trunc=0 sps=2478 elapsed=42.8m
iter 1554/4882 steps=6365184 episodes=32121 score50=15.70 eps=0.010 loss=0.00760 q=0.836 trunc=0 sps=2478 elapsed=42.8m
iter 1555/4882 steps=6369280 episodes=32138 score50=16.10 eps=0.010 loss=0.02213 q=0.840 trunc=0 sps=2478 elapsed=42.8m
iter 1556/4882 steps=6373376 episodes=32151 score50=16.12 eps=0.010 loss=0.02752 q=0.847 trunc=0 sps=2478 elapsed=42.9m
iter 1557/4882 steps=6377472 episodes=32169 score50=16.00 eps=0.010 loss=0.01253 q=0.774 trunc=0 sps=2478 elapsed=42.9m
iter 1558/4882 steps=6381568 episodes=32182 score50=16.90 eps=0.010 loss=0.00586 q=0.842 trunc=0 sps=2478 elapsed=42.9m
iter 1559/4882 steps=6385664 episodes=32193 score50=16.48 eps=0.010 loss=0.00376 q=0.880 trunc=0 sps=2478 elapsed=43.0m
iter 1560/4882 steps=6389760 episodes=32208 score50=17.46 eps=0.010 loss=0.01641 q=0.845 trunc=0 sps=2478 elapsed=43.0m
iter 1561/4882 steps=6393856 episodes=32226 score50=16.34 eps=0.010 loss=0.04575 q=0.815 trunc=0 sps=2478 elapsed=43.0m
iter 1562/4882 steps=6397952 episodes=32238 score50=15.92 eps=0.010 loss=0.02848 q=0.766 trunc=0 sps=2478 elapsed=43.0m
iter 1563/4882 steps=6402048 episodes=32261 score50=15.98 eps=0.010 loss=0.02367 q=0.749 trunc=0 sps=2478 elapsed=43.1m
iter 1564/4882 steps=6406144 episodes=32277 score50=17.48 eps=0.010 loss=0.01623 q=0.748 trunc=0 sps=2478 elapsed=43.1m
iter 1565/4882 steps=6410240 episodes=32297 score50=16.96 eps=0.010 loss=0.01825 q=0.781 trunc=0 sps=2478 elapsed=43.1m
iter 1566/4882 steps=6414336 episodes=32309 score50=17.00 eps=0.010 loss=0.04340 q=0.778 trunc=0 sps=2478 elapsed=43.1m
iter 1567/4882 steps=6418432 episodes=32323 score50=18.08 eps=0.010 loss=0.01416 q=0.752 trunc=0 sps=2478 elapsed=43.2m
iter 1568/4882 steps=6422528 episodes=32336 score50=19.84 eps=0.010 loss=0.04195 q=0.738 trunc=0 sps=2478 elapsed=43.2m
iter 1569/4882 steps=6426624 episodes=32354 score50=20.26 eps=0.010 loss=0.01425 q=0.732 trunc=0 sps=2478 elapsed=43.2m
iter 1570/4882 steps=6430720 episodes=32368 score50=17.54 eps=0.010 loss=0.00777 q=0.735 trunc=0 sps=2478 elapsed=43.3m
iter 1571/4882 steps=6434816 episodes=32383 score50=14.96 eps=0.010 loss=0.02622 q=0.701 trunc=0 sps=2478 elapsed=43.3m
iter 1572/4882 steps=6438912 episodes=32399 score50=14.54 eps=0.010 loss=0.01317 q=0.746 trunc=0 sps=2478 elapsed=43.3m
iter 1573/4882 steps=6443008 episodes=32416 score50=15.46 eps=0.010 loss=0.00597 q=0.744 trunc=0 sps=2478 elapsed=43.3m
iter 1574/4882 steps=6447104 episodes=32429 score50=17.16 eps=0.010 loss=0.00586 q=0.739 trunc=0 sps=2478 elapsed=43.4m
iter 1575/4882 steps=6451200 episodes=32445 score50=17.88 eps=0.010 loss=0.00669 q=0.813 trunc=0 sps=2478 elapsed=43.4m
iter 1576/4882 steps=6455296 episodes=32453 score50=17.40 eps=0.010 loss=0.00351 q=0.711 trunc=0 sps=2478 elapsed=43.4m
iter 1577/4882 steps=6459392 episodes=32474 score50=18.28 eps=0.010 loss=0.01041 q=0.673 trunc=0 sps=2478 elapsed=43.4m
iter 1578/4882 steps=6463488 episodes=32485 score50=17.96 eps=0.010 loss=0.00328 q=0.792 trunc=0 sps=2478 elapsed=43.5m
iter 1579/4882 steps=6467584 episodes=32504 score50=17.94 eps=0.010 loss=0.00451 q=0.734 trunc=0 sps=2478 elapsed=43.5m
iter 1580/4882 steps=6471680 episodes=32523 score50=16.72 eps=0.010 loss=0.01757 q=0.701 trunc=0 sps=2478 elapsed=43.5m
iter 1581/4882 steps=6475776 episodes=32542 score50=15.10 eps=0.010 loss=0.00692 q=0.721 trunc=0 sps=2478 elapsed=43.6m
iter 1582/4882 steps=6479872 episodes=32558 score50=15.00 eps=0.010 loss=0.01753 q=0.700 trunc=0 sps=2478 elapsed=43.6m
iter 1583/4882 steps=6483968 episodes=32577 score50=16.86 eps=0.010 loss=0.01020 q=0.673 trunc=0 sps=2478 elapsed=43.6m
iter 1584/4882 steps=6488064 episodes=32593 score50=16.14 eps=0.010 loss=0.00881 q=0.671 trunc=0 sps=2478 elapsed=43.6m
iter 1585/4882 steps=6492160 episodes=32603 score50=16.06 eps=0.010 loss=0.00545 q=0.677 trunc=0 sps=2478 elapsed=43.7m
iter 1586/4882 steps=6496256 episodes=32616 score50=16.32 eps=0.010 loss=0.02772 q=0.672 trunc=0 sps=2478 elapsed=43.7m
iter 1587/4882 steps=6500352 episodes=32629 score50=16.58 eps=0.010 loss=0.03268 q=0.558 trunc=0 sps=2478 elapsed=43.7m
iter 1588/4882 steps=6504448 episodes=32648 score50=18.58 eps=0.010 loss=0.00932 q=0.592 trunc=0 sps=2478 elapsed=43.7m
iter 1589/4882 steps=6508544 episodes=32662 score50=17.76 eps=0.010 loss=0.00837 q=0.604 trunc=0 sps=2478 elapsed=43.8m
iter 1590/4882 steps=6512640 episodes=32675 score50=18.52 eps=0.010 loss=0.00434 q=0.625 trunc=0 sps=2478 elapsed=43.8m
iter 1591/4882 steps=6516736 episodes=32692 score50=16.56 eps=0.010 loss=0.02666 q=0.601 trunc=0 sps=2478 elapsed=43.8m
iter 1592/4882 steps=6520832 episodes=32710 score50=18.12 eps=0.010 loss=0.01530 q=0.594 trunc=0 sps=2478 elapsed=43.9m
iter 1593/4882 steps=6524928 episodes=32724 score50=17.44 eps=0.010 loss=0.00424 q=0.671 trunc=0 sps=2478 elapsed=43.9m
iter 1594/4882 steps=6529024 episodes=32739 score50=18.08 eps=0.010 loss=0.00750 q=0.595 trunc=0 sps=2478 elapsed=43.9m
iter 1595/4882 steps=6533120 episodes=32759 score50=16.78 eps=0.010 loss=0.01346 q=0.631 trunc=0 sps=2478 elapsed=43.9m
iter 1596/4882 steps=6537216 episodes=32777 score50=15.92 eps=0.010 loss=0.00595 q=0.652 trunc=0 sps=2478 elapsed=44.0m
iter 1597/4882 steps=6541312 episodes=32784 score50=16.48 eps=0.010 loss=0.00388 q=0.687 trunc=0 sps=2478 elapsed=44.0m
iter 1598/4882 steps=6545408 episodes=32800 score50=18.32 eps=0.010 loss=0.01821 q=0.657 trunc=0 sps=2478 elapsed=44.0m
iter 1599/4882 steps=6549504 episodes=32814 score50=19.18 eps=0.010 loss=0.02220 q=0.682 trunc=0 sps=2478 elapsed=44.1m
iter 1600/4882 steps=6553600 episodes=32831 score50=18.68 eps=0.010 loss=0.03295 q=0.652 trunc=0 sps=2478 elapsed=44.1m
  [eval] iter=1600 mean=15.05+-1.29 median=17.0 max=25 P(>=120)=0.00 entropy=0.86/2.20 wnorm=47.295 srank=317/512
iter 1601/4882 steps=6557696 episodes=32856 score50=16.42 eps=0.010 loss=0.01727 q=0.705 trunc=0 sps=2474 elapsed=44.2m
iter 1602/4882 steps=6561792 episodes=32871 score50=16.90 eps=0.010 loss=0.01109 q=0.716 trunc=0 sps=2474 elapsed=44.2m
iter 1603/4882 steps=6565888 episodes=32886 score50=17.88 eps=0.010 loss=0.00791 q=0.738 trunc=0 sps=2474 elapsed=44.2m
iter 1604/4882 steps=6569984 episodes=32903 score50=19.12 eps=0.010 loss=0.02543 q=0.721 trunc=0 sps=2474 elapsed=44.3m
iter 1605/4882 steps=6574080 episodes=32915 score50=17.60 eps=0.010 loss=0.00446 q=0.717 trunc=0 sps=2474 elapsed=44.3m
iter 1606/4882 steps=6578176 episodes=32931 score50=17.56 eps=0.010 loss=0.01503 q=0.715 trunc=0 sps=2474 elapsed=44.3m
iter 1607/4882 steps=6582272 episodes=32950 score50=13.88 eps=0.010 loss=0.03771 q=0.702 trunc=0 sps=2474 elapsed=44.4m
iter 1608/4882 steps=6586368 episodes=32970 score50=13.70 eps=0.010 loss=0.01883 q=0.708 trunc=0 sps=2474 elapsed=44.4m
iter 1609/4882 steps=6590464 episodes=32980 score50=13.40 eps=0.010 loss=0.01927 q=0.713 trunc=0 sps=2474 elapsed=44.4m
iter 1610/4882 steps=6594560 episodes=32995 score50=15.28 eps=0.010 loss=0.00362 q=0.661 trunc=0 sps=2474 elapsed=44.4m
iter 1611/4882 steps=6598656 episodes=33007 score50=15.62 eps=0.010 loss=0.00495 q=0.667 trunc=0 sps=2474 elapsed=44.5m
iter 1612/4882 steps=6602752 episodes=33022 score50=16.98 eps=0.010 loss=0.01178 q=0.686 trunc=0 sps=2474 elapsed=44.5m
iter 1613/4882 steps=6606848 episodes=33038 score50=18.10 eps=0.010 loss=0.00922 q=0.631 trunc=0 sps=2474 elapsed=44.5m
iter 1614/4882 steps=6610944 episodes=33056 score50=17.44 eps=0.010 loss=0.00363 q=0.644 trunc=0 sps=2473 elapsed=44.5m
iter 1615/4882 steps=6615040 episodes=33070 score50=17.94 eps=0.010 loss=0.01398 q=0.640 trunc=0 sps=2474 elapsed=44.6m
iter 1616/4882 steps=6619136 episodes=33086 score50=16.56 eps=0.010 loss=0.00957 q=0.634 trunc=0 sps=2474 elapsed=44.6m
iter 1617/4882 steps=6623232 episodes=33104 score50=17.36 eps=0.010 loss=0.02369 q=0.683 trunc=0 sps=2474 elapsed=44.6m
iter 1618/4882 steps=6627328 episodes=33116 score50=15.74 eps=0.010 loss=0.01400 q=0.639 trunc=0 sps=2474 elapsed=44.7m
iter 1619/4882 steps=6631424 episodes=33135 score50=15.86 eps=0.010 loss=0.01142 q=0.658 trunc=0 sps=2474 elapsed=44.7m
iter 1620/4882 steps=6635520 episodes=33157 score50=14.98 eps=0.010 loss=0.06548 q=0.639 trunc=0 sps=2474 elapsed=44.7m
iter 1621/4882 steps=6639616 episodes=33174 score50=16.12 eps=0.010 loss=0.01262 q=0.662 trunc=0 sps=2474 elapsed=44.7m
iter 1622/4882 steps=6643712 episodes=33184 score50=16.88 eps=0.010 loss=0.00833 q=0.723 trunc=0 sps=2474 elapsed=44.8m
iter 1623/4882 steps=6647808 episodes=33202 score50=17.20 eps=0.010 loss=0.00723 q=0.613 trunc=0 sps=2474 elapsed=44.8m
iter 1624/4882 steps=6651904 episodes=33217 score50=16.84 eps=0.010 loss=0.00676 q=0.685 trunc=0 sps=2474 elapsed=44.8m
iter 1625/4882 steps=6656000 episodes=33230 score50=16.08 eps=0.010 loss=0.00796 q=0.691 trunc=0 sps=2474 elapsed=44.8m
iter 1626/4882 steps=6660096 episodes=33237 score50=16.06 eps=0.010 loss=0.01683 q=0.625 trunc=0 sps=2474 elapsed=44.9m
iter 1627/4882 steps=6664192 episodes=33249 score50=17.16 eps=0.010 loss=0.00230 q=0.690 trunc=0 sps=2474 elapsed=44.9m
iter 1628/4882 steps=6668288 episodes=33264 score50=19.52 eps=0.010 loss=0.00481 q=0.651 trunc=0 sps=2474 elapsed=44.9m
iter 1629/4882 steps=6672384 episodes=33278 score50=21.52 eps=0.010 loss=0.00339 q=0.638 trunc=0 sps=2474 elapsed=45.0m
iter 1630/4882 steps=6676480 episodes=33286 score50=21.50 eps=0.010 loss=0.01705 q=0.632 trunc=0 sps=2474 elapsed=45.0m
iter 1631/4882 steps=6680576 episodes=33307 score50=20.26 eps=0.010 loss=0.00706 q=0.656 trunc=0 sps=2474 elapsed=45.0m
iter 1632/4882 steps=6684672 episodes=33313 score50=20.76 eps=0.010 loss=0.00211 q=0.628 trunc=0 sps=2474 elapsed=45.0m
iter 1633/4882 steps=6688768 episodes=33331 score50=19.40 eps=0.010 loss=0.00383 q=0.652 trunc=0 sps=2474 elapsed=45.1m
iter 1634/4882 steps=6692864 episodes=33351 score50=18.92 eps=0.010 loss=0.01743 q=0.653 trunc=0 sps=2474 elapsed=45.1m
iter 1635/4882 steps=6696960 episodes=33368 score50=18.50 eps=0.010 loss=0.01413 q=0.677 trunc=0 sps=2474 elapsed=45.1m
iter 1636/4882 steps=6701056 episodes=33380 score50=18.04 eps=0.010 loss=0.01358 q=0.708 trunc=0 sps=2474 elapsed=45.1m
iter 1637/4882 steps=6705152 episodes=33401 score50=18.38 eps=0.010 loss=0.00470 q=0.702 trunc=0 sps=2474 elapsed=45.2m
iter 1638/4882 steps=6709248 episodes=33417 score50=16.88 eps=0.010 loss=0.01008 q=0.661 trunc=0 sps=2474 elapsed=45.2m
iter 1639/4882 steps=6713344 episodes=33431 score50=17.50 eps=0.010 loss=0.00794 q=0.649 trunc=0 sps=2474 elapsed=45.2m
iter 1640/4882 steps=6717440 episodes=33447 score50=15.64 eps=0.010 loss=0.01276 q=0.668 trunc=0 sps=2474 elapsed=45.3m
iter 1641/4882 steps=6721536 episodes=33458 score50=16.32 eps=0.010 loss=0.00494 q=0.633 trunc=0 sps=2474 elapsed=45.3m
iter 1642/4882 steps=6725632 episodes=33485 score50=15.04 eps=0.010 loss=0.00690 q=0.644 trunc=0 sps=2474 elapsed=45.3m
iter 1643/4882 steps=6729728 episodes=33509 score50=15.12 eps=0.010 loss=0.03773 q=0.621 trunc=0 sps=2474 elapsed=45.3m
iter 1644/4882 steps=6733824 episodes=33531 score50=15.24 eps=0.010 loss=0.01063 q=0.635 trunc=0 sps=2474 elapsed=45.4m
iter 1645/4882 steps=6737920 episodes=33550 score50=14.66 eps=0.010 loss=0.04094 q=0.660 trunc=0 sps=2474 elapsed=45.4m
iter 1646/4882 steps=6742016 episodes=33569 score50=13.26 eps=0.010 loss=0.00710 q=0.643 trunc=0 sps=2473 elapsed=45.4m
iter 1647/4882 steps=6746112 episodes=33584 score50=13.48 eps=0.010 loss=0.02802 q=0.685 trunc=0 sps=2473 elapsed=45.5m
iter 1648/4882 steps=6750208 episodes=33598 score50=15.20 eps=0.010 loss=0.00663 q=0.686 trunc=0 sps=2473 elapsed=45.5m
iter 1649/4882 steps=6754304 episodes=33614 score50=15.18 eps=0.010 loss=0.00712 q=0.661 trunc=0 sps=2473 elapsed=45.5m
iter 1650/4882 steps=6758400 episodes=33634 score50=15.98 eps=0.010 loss=0.01233 q=0.674 trunc=0 sps=2473 elapsed=45.5m
iter 1651/4882 steps=6762496 episodes=33650 score50=15.20 eps=0.010 loss=0.02147 q=0.706 trunc=0 sps=2474 elapsed=45.6m
iter 1652/4882 steps=6766592 episodes=33659 score50=15.72 eps=0.010 loss=0.00598 q=0.665 trunc=0 sps=2474 elapsed=45.6m
iter 1653/4882 steps=6770688 episodes=33677 score50=15.42 eps=0.010 loss=0.01367 q=0.654 trunc=0 sps=2474 elapsed=45.6m
iter 1654/4882 steps=6774784 episodes=33696 score50=16.26 eps=0.010 loss=0.00263 q=0.742 trunc=0 sps=2474 elapsed=45.6m
iter 1655/4882 steps=6778880 episodes=33710 score50=16.60 eps=0.010 loss=0.01217 q=0.666 trunc=0 sps=2474 elapsed=45.7m
iter 1656/4882 steps=6782976 episodes=33719 score50=16.56 eps=0.010 loss=0.00379 q=0.666 trunc=0 sps=2474 elapsed=45.7m
iter 1657/4882 steps=6787072 episodes=33734 score50=17.04 eps=0.010 loss=0.01457 q=0.687 trunc=0 sps=2474 elapsed=45.7m
iter 1658/4882 steps=6791168 episodes=33751 score50=16.24 eps=0.010 loss=0.00387 q=0.688 trunc=0 sps=2474 elapsed=45.8m
iter 1659/4882 steps=6795264 episodes=33767 score50=15.72 eps=0.010 loss=0.02144 q=0.674 trunc=0 sps=2474 elapsed=45.8m
iter 1660/4882 steps=6799360 episodes=33794 score50=16.18 eps=0.010 loss=0.02889 q=0.702 trunc=0 sps=2474 elapsed=45.8m
iter 1661/4882 steps=6803456 episodes=33811 score50=16.56 eps=0.010 loss=0.01486 q=0.681 trunc=0 sps=2474 elapsed=45.8m
iter 1662/4882 steps=6807552 episodes=33823 score50=16.78 eps=0.010 loss=0.00605 q=0.685 trunc=0 sps=2474 elapsed=45.9m
iter 1663/4882 steps=6811648 episodes=33841 score50=17.00 eps=0.010 loss=0.00767 q=0.664 trunc=0 sps=2474 elapsed=45.9m
iter 1664/4882 steps=6815744 episodes=33855 score50=17.68 eps=0.010 loss=0.00604 q=0.763 trunc=0 sps=2474 elapsed=45.9m
iter 1665/4882 steps=6819840 episodes=33870 score50=15.66 eps=0.010 loss=0.00644 q=0.717 trunc=0 sps=2474 elapsed=45.9m
iter 1666/4882 steps=6823936 episodes=33886 score50=15.96 eps=0.010 loss=0.01913 q=0.747 trunc=0 sps=2474 elapsed=46.0m
iter 1667/4882 steps=6828032 episodes=33903 score50=15.94 eps=0.010 loss=0.00670 q=0.718 trunc=0 sps=2474 elapsed=46.0m
iter 1668/4882 steps=6832128 episodes=33919 score50=16.06 eps=0.010 loss=0.00485 q=0.761 trunc=0 sps=2474 elapsed=46.0m
iter 1669/4882 steps=6836224 episodes=33932 score50=16.56 eps=0.010 loss=0.00597 q=0.724 trunc=0 sps=2474 elapsed=46.1m
iter 1670/4882 steps=6840320 episodes=33947 score50=16.90 eps=0.010 loss=0.00657 q=0.676 trunc=0 sps=2474 elapsed=46.1m
iter 1671/4882 steps=6844416 episodes=33959 score50=17.40 eps=0.010 loss=0.00847 q=0.702 trunc=0 sps=2474 elapsed=46.1m
iter 1672/4882 steps=6848512 episodes=33972 score50=18.80 eps=0.010 loss=0.00375 q=0.725 trunc=0 sps=2474 elapsed=46.1m
iter 1673/4882 steps=6852608 episodes=33987 score50=19.04 eps=0.010 loss=0.01289 q=0.710 trunc=0 sps=2474 elapsed=46.2m
iter 1674/4882 steps=6856704 episodes=33997 score50=19.76 eps=0.010 loss=0.01325 q=0.670 trunc=0 sps=2474 elapsed=46.2m
iter 1675/4882 steps=6860800 episodes=34019 score50=18.78 eps=0.010 loss=0.01505 q=0.667 trunc=0 sps=2474 elapsed=46.2m
iter 1676/4882 steps=6864896 episodes=34030 score50=18.60 eps=0.010 loss=0.00424 q=0.658 trunc=0 sps=2474 elapsed=46.2m
iter 1677/4882 steps=6868992 episodes=34046 score50=20.06 eps=0.010 loss=0.00894 q=0.647 trunc=0 sps=2474 elapsed=46.3m
iter 1678/4882 steps=6873088 episodes=34059 score50=19.74 eps=0.010 loss=0.02753 q=0.688 trunc=0 sps=2474 elapsed=46.3m
iter 1679/4882 steps=6877184 episodes=34075 score50=19.12 eps=0.010 loss=0.00906 q=0.656 trunc=0 sps=2474 elapsed=46.3m
iter 1680/4882 steps=6881280 episodes=34087 score50=18.54 eps=0.010 loss=0.01170 q=0.665 trunc=0 sps=2474 elapsed=46.4m
iter 1681/4882 steps=6885376 episodes=34100 score50=18.08 eps=0.010 loss=0.02729 q=0.644 trunc=0 sps=2474 elapsed=46.4m
iter 1682/4882 steps=6889472 episodes=34113 score50=16.86 eps=0.010 loss=0.00896 q=0.663 trunc=0 sps=2474 elapsed=46.4m
iter 1683/4882 steps=6893568 episodes=34132 score50=17.28 eps=0.010 loss=0.02589 q=0.607 trunc=0 sps=2474 elapsed=46.4m
iter 1684/4882 steps=6897664 episodes=34147 score50=16.38 eps=0.010 loss=0.00649 q=0.694 trunc=0 sps=2474 elapsed=46.5m
iter 1685/4882 steps=6901760 episodes=34160 score50=16.60 eps=0.010 loss=0.01084 q=0.680 trunc=0 sps=2474 elapsed=46.5m
iter 1686/4882 steps=6905856 episodes=34181 score50=16.28 eps=0.010 loss=0.01970 q=0.594 trunc=0 sps=2474 elapsed=46.5m
iter 1687/4882 steps=6909952 episodes=34198 score50=17.58 eps=0.010 loss=0.00316 q=0.679 trunc=0 sps=2474 elapsed=46.6m
iter 1688/4882 steps=6914048 episodes=34215 score50=16.98 eps=0.010 loss=0.02042 q=0.632 trunc=0 sps=2474 elapsed=46.6m
iter 1689/4882 steps=6918144 episodes=34232 score50=15.76 eps=0.010 loss=0.00587 q=0.610 trunc=0 sps=2474 elapsed=46.6m
iter 1690/4882 steps=6922240 episodes=34251 score50=14.36 eps=0.010 loss=0.02938 q=0.639 trunc=0 sps=2474 elapsed=46.6m
iter 1691/4882 steps=6926336 episodes=34270 score50=15.08 eps=0.010 loss=0.00825 q=0.642 trunc=0 sps=2474 elapsed=46.7m
iter 1692/4882 steps=6930432 episodes=34283 score50=14.86 eps=0.010 loss=0.00274 q=0.705 trunc=0 sps=2474 elapsed=46.7m
iter 1693/4882 steps=6934528 episodes=34298 score50=15.48 eps=0.010 loss=0.01416 q=0.676 trunc=0 sps=2474 elapsed=46.7m
iter 1694/4882 steps=6938624 episodes=34313 score50=16.64 eps=0.010 loss=0.01084 q=0.655 trunc=0 sps=2474 elapsed=46.8m
iter 1695/4882 steps=6942720 episodes=34327 score50=16.90 eps=0.010 loss=0.00865 q=0.639 trunc=0 sps=2474 elapsed=46.8m
iter 1696/4882 steps=6946816 episodes=34343 score50=17.42 eps=0.010 loss=0.00957 q=0.627 trunc=0 sps=2473 elapsed=46.8m
iter 1697/4882 steps=6950912 episodes=34356 score50=18.62 eps=0.010 loss=0.00723 q=0.709 trunc=0 sps=2473 elapsed=46.8m
iter 1698/4882 steps=6955008 episodes=34372 score50=18.26 eps=0.010 loss=0.00896 q=0.689 trunc=0 sps=2473 elapsed=46.9m
iter 1699/4882 steps=6959104 episodes=34387 score50=18.52 eps=0.010 loss=0.00846 q=0.658 trunc=0 sps=2473 elapsed=46.9m
iter 1700/4882 steps=6963200 episodes=34399 score50=17.18 eps=0.010 loss=0.01805 q=0.611 trunc=0 sps=2473 elapsed=46.9m
  [eval] iter=1700 mean=13.05+-1.91 median=13.0 max=33 P(>=120)=0.00 entropy=1.31/2.20 wnorm=48.522 srank=329/512
iter 1701/4882 steps=6967296 episodes=34420 score50=17.50 eps=0.010 loss=0.00296 q=0.649 trunc=0 sps=2470 elapsed=47.0m
iter 1702/4882 steps=6971392 episodes=34441 score50=17.08 eps=0.010 loss=0.00681 q=0.637 trunc=0 sps=2470 elapsed=47.0m
iter 1703/4882 steps=6975488 episodes=34459 score50=17.24 eps=0.010 loss=0.00670 q=0.682 trunc=0 sps=2470 elapsed=47.1m
iter 1704/4882 steps=6979584 episodes=34474 score50=16.60 eps=0.010 loss=0.00853 q=0.658 trunc=0 sps=2470 elapsed=47.1m
iter 1705/4882 steps=6983680 episodes=34486 score50=17.56 eps=0.010 loss=0.00691 q=0.683 trunc=0 sps=2470 elapsed=47.1m
iter 1706/4882 steps=6987776 episodes=34500 score50=17.04 eps=0.010 loss=0.02891 q=0.650 trunc=0 sps=2470 elapsed=47.2m
iter 1707/4882 steps=6991872 episodes=34515 score50=16.98 eps=0.010 loss=0.01089 q=0.651 trunc=0 sps=2470 elapsed=47.2m
iter 1708/4882 steps=6995968 episodes=34529 score50=16.98 eps=0.010 loss=0.00934 q=0.650 trunc=0 sps=2470 elapsed=47.2m
iter 1709/4882 steps=7000064 episodes=34546 score50=16.44 eps=0.010 loss=0.00422 q=0.623 trunc=0 sps=2470 elapsed=47.2m
iter 1710/4882 steps=7004160 episodes=34563 score50=17.20 eps=0.010 loss=0.02079 q=0.617 trunc=0 sps=2470 elapsed=47.3m
iter 1711/4882 steps=7008256 episodes=34579 score50=16.38 eps=0.010 loss=0.01445 q=0.606 trunc=0 sps=2470 elapsed=47.3m
iter 1712/4882 steps=7012352 episodes=34595 score50=16.70 eps=0.010 loss=0.01340 q=0.576 trunc=0 sps=2470 elapsed=47.3m
iter 1713/4882 steps=7016448 episodes=34606 score50=17.38 eps=0.010 loss=0.00713 q=0.542 trunc=0 sps=2470 elapsed=47.3m
iter 1714/4882 steps=7020544 episodes=34621 score50=17.62 eps=0.010 loss=0.00556 q=0.576 trunc=0 sps=2470 elapsed=47.4m
iter 1715/4882 steps=7024640 episodes=34635 score50=18.50 eps=0.010 loss=0.00635 q=0.596 trunc=0 sps=2470 elapsed=47.4m
iter 1716/4882 steps=7028736 episodes=34653 score50=17.08 eps=0.010 loss=0.03128 q=0.572 trunc=0 sps=2470 elapsed=47.4m
iter 1717/4882 steps=7032832 episodes=34661 score50=16.74 eps=0.010 loss=0.00821 q=0.572 trunc=0 sps=2470 elapsed=47.5m
iter 1718/4882 steps=7036928 episodes=34677 score50=17.52 eps=0.010 loss=0.00772 q=0.578 trunc=0 sps=2470 elapsed=47.5m
iter 1719/4882 steps=7041024 episodes=34687 score50=16.46 eps=0.010 loss=0.00744 q=0.552 trunc=0 sps=2470 elapsed=47.5m
iter 1720/4882 steps=7045120 episodes=34701 score50=16.98 eps=0.010 loss=0.00651 q=0.583 trunc=0 sps=2470 elapsed=47.5m
iter 1721/4882 steps=7049216 episodes=34715 score50=16.48 eps=0.010 loss=0.00544 q=0.517 trunc=0 sps=2470 elapsed=47.6m
iter 1722/4882 steps=7053312 episodes=34733 score50=17.90 eps=0.010 loss=0.01243 q=0.604 trunc=0 sps=2470 elapsed=47.6m
iter 1723/4882 steps=7057408 episodes=34746 score50=17.92 eps=0.010 loss=0.00918 q=0.580 trunc=0 sps=2469 elapsed=47.6m
iter 1724/4882 steps=7061504 episodes=34757 score50=20.44 eps=0.010 loss=0.01455 q=0.590 trunc=0 sps=2470 elapsed=47.7m
iter 1725/4882 steps=7065600 episodes=34768 score50=21.34 eps=0.010 loss=0.01314 q=0.584 trunc=0 sps=2470 elapsed=47.7m
iter 1726/4882 steps=7069696 episodes=34786 score50=20.64 eps=0.010 loss=0.00338 q=0.613 trunc=0 sps=2470 elapsed=47.7m
iter 1727/4882 steps=7073792 episodes=34805 score50=20.40 eps=0.010 loss=0.00463 q=0.587 trunc=0 sps=2470 elapsed=47.7m
iter 1728/4882 steps=7077888 episodes=34815 score50=19.28 eps=0.010 loss=0.00389 q=0.609 trunc=0 sps=2470 elapsed=47.8m
iter 1729/4882 steps=7081984 episodes=34830 score50=19.30 eps=0.010 loss=0.00422 q=0.612 trunc=0 sps=2470 elapsed=47.8m
iter 1730/4882 steps=7086080 episodes=34844 score50=19.96 eps=0.010 loss=0.00955 q=0.643 trunc=0 sps=2470 elapsed=47.8m
iter 1731/4882 steps=7090176 episodes=34858 score50=19.90 eps=0.010 loss=0.00362 q=0.643 trunc=0 sps=2470 elapsed=47.8m
iter 1732/4882 steps=7094272 episodes=34867 score50=20.64 eps=0.010 loss=0.01204 q=0.628 trunc=0 sps=2470 elapsed=47.9m
iter 1733/4882 steps=7098368 episodes=34886 score50=20.54 eps=0.010 loss=0.00524 q=0.621 trunc=0 sps=2470 elapsed=47.9m
iter 1734/4882 steps=7102464 episodes=34902 score50=19.12 eps=0.010 loss=0.02516 q=0.639 trunc=0 sps=2470 elapsed=47.9m
iter 1735/4882 steps=7106560 episodes=34914 score50=17.38 eps=0.010 loss=0.00769 q=0.539 trunc=0 sps=2470 elapsed=48.0m
iter 1736/4882 steps=7110656 episodes=34932 score50=16.98 eps=0.010 loss=0.02143 q=0.600 trunc=0 sps=2470 elapsed=48.0m
iter 1737/4882 steps=7114752 episodes=34950 score50=16.88 eps=0.010 loss=0.00535 q=0.565 trunc=0 sps=2470 elapsed=48.0m
iter 1738/4882 steps=7118848 episodes=34961 score50=18.08 eps=0.010 loss=0.01680 q=0.586 trunc=0 sps=2470 elapsed=48.0m
iter 1739/4882 steps=7122944 episodes=34977 score50=17.72 eps=0.010 loss=0.01513 q=0.547 trunc=0 sps=2470 elapsed=48.1m
iter 1740/4882 steps=7127040 episodes=34989 score50=17.96 eps=0.010 loss=0.00428 q=0.600 trunc=0 sps=2470 elapsed=48.1m
iter 1741/4882 steps=7131136 episodes=35010 score50=18.22 eps=0.010 loss=0.00644 q=0.595 trunc=0 sps=2470 elapsed=48.1m
iter 1742/4882 steps=7135232 episodes=35023 score50=17.16 eps=0.010 loss=0.00580 q=0.641 trunc=0 sps=2470 elapsed=48.1m
iter 1743/4882 steps=7139328 episodes=35035 score50=17.18 eps=0.010 loss=0.00764 q=0.595 trunc=0 sps=2470 elapsed=48.2m
iter 1744/4882 steps=7143424 episodes=35051 score50=16.64 eps=0.010 loss=0.00520 q=0.618 trunc=0 sps=2470 elapsed=48.2m
iter 1745/4882 steps=7147520 episodes=35064 score50=17.30 eps=0.010 loss=0.00417 q=0.621 trunc=0 sps=2470 elapsed=48.2m
iter 1746/4882 steps=7151616 episodes=35082 score50=18.58 eps=0.010 loss=0.01775 q=0.605 trunc=0 sps=2470 elapsed=48.2m
iter 1747/4882 steps=7155712 episodes=35099 score50=18.90 eps=0.010 loss=0.02183 q=0.650 trunc=0 sps=2470 elapsed=48.3m
iter 1748/4882 steps=7159808 episodes=35105 score50=19.20 eps=0.010 loss=0.02132 q=0.638 trunc=0 sps=2470 elapsed=48.3m
iter 1749/4882 steps=7163904 episodes=35113 score50=19.20 eps=0.010 loss=0.00348 q=0.652 trunc=0 sps=2470 elapsed=48.3m
iter 1750/4882 steps=7168000 episodes=35124 score50=19.66 eps=0.010 loss=0.01393 q=0.627 trunc=0 sps=2470 elapsed=48.4m
iter 1751/4882 steps=7172096 episodes=35141 score50=19.92 eps=0.010 loss=0.00666 q=0.594 trunc=0 sps=2470 elapsed=48.4m
iter 1752/4882 steps=7176192 episodes=35148 score50=20.42 eps=0.010 loss=0.00509 q=0.586 trunc=0 sps=2470 elapsed=48.4m
iter 1753/4882 steps=7180288 episodes=35162 score50=19.10 eps=0.010 loss=0.02013 q=0.579 trunc=0 sps=2470 elapsed=48.4m
iter 1754/4882 steps=7184384 episodes=35183 score50=18.46 eps=0.010 loss=0.01027 q=0.552 trunc=0 sps=2470 elapsed=48.5m
iter 1755/4882 steps=7188480 episodes=35204 score50=19.08 eps=0.010 loss=0.01600 q=0.681 trunc=0 sps=2470 elapsed=48.5m
iter 1756/4882 steps=7192576 episodes=35224 score50=20.50 eps=0.010 loss=0.01891 q=0.712 trunc=0 sps=2470 elapsed=48.5m
iter 1757/4882 steps=7196672 episodes=35236 score50=19.82 eps=0.010 loss=0.00677 q=0.708 trunc=0 sps=2470 elapsed=48.6m
iter 1758/4882 steps=7200768 episodes=35246 score50=20.32 eps=0.010 loss=0.00534 q=0.734 trunc=0 sps=2470 elapsed=48.6m
iter 1759/4882 steps=7204864 episodes=35262 score50=19.84 eps=0.010 loss=0.00347 q=0.740 trunc=0 sps=2470 elapsed=48.6m
iter 1760/4882 steps=7208960 episodes=35273 score50=18.56 eps=0.010 loss=0.00591 q=0.698 trunc=0 sps=2470 elapsed=48.6m
iter 1761/4882 steps=7213056 episodes=35292 score50=16.78 eps=0.010 loss=0.00772 q=0.591 trunc=0 sps=2470 elapsed=48.7m
iter 1762/4882 steps=7217152 episodes=35314 score50=13.78 eps=0.010 loss=0.00991 q=0.593 trunc=0 sps=2470 elapsed=48.7m
iter 1763/4882 steps=7221248 episodes=35335 score50=13.68 eps=0.010 loss=0.01747 q=0.594 trunc=0 sps=2470 elapsed=48.7m
iter 1764/4882 steps=7225344 episodes=35351 score50=12.36 eps=0.010 loss=0.00719 q=0.645 trunc=0 sps=2470 elapsed=48.8m
iter 1765/4882 steps=7229440 episodes=35373 score50=13.90 eps=0.010 loss=0.02301 q=0.632 trunc=0 sps=2470 elapsed=48.8m
iter 1766/4882 steps=7233536 episodes=35389 score50=15.24 eps=0.010 loss=0.00445 q=0.634 trunc=0 sps=2470 elapsed=48.8m
iter 1767/4882 steps=7237632 episodes=35403 score50=16.40 eps=0.010 loss=0.00822 q=0.662 trunc=0 sps=2470 elapsed=48.8m
iter 1768/4882 steps=7241728 episodes=35426 score50=14.94 eps=0.010 loss=0.00933 q=0.616 trunc=0 sps=2470 elapsed=48.9m
iter 1769/4882 steps=7245824 episodes=35442 score50=15.08 eps=0.010 loss=0.00379 q=0.676 trunc=0 sps=2470 elapsed=48.9m
iter 1770/4882 steps=7249920 episodes=35461 score50=16.30 eps=0.010 loss=0.03441 q=0.704 trunc=0 sps=2470 elapsed=48.9m
iter 1771/4882 steps=7254016 episodes=35476 score50=17.36 eps=0.010 loss=0.01729 q=0.729 trunc=0 sps=2470 elapsed=48.9m
iter 1772/4882 steps=7258112 episodes=35491 score50=18.04 eps=0.010 loss=0.00589 q=0.682 trunc=0 sps=2470 elapsed=49.0m
iter 1773/4882 steps=7262208 episodes=35507 score50=18.26 eps=0.010 loss=0.00787 q=0.726 trunc=0 sps=2470 elapsed=49.0m
iter 1774/4882 steps=7266304 episodes=35517 score50=17.54 eps=0.010 loss=0.00324 q=0.745 trunc=0 sps=2470 elapsed=49.0m
iter 1775/4882 steps=7270400 episodes=35532 score50=17.94 eps=0.010 loss=0.00530 q=0.729 trunc=0 sps=2470 elapsed=49.0m
iter 1776/4882 steps=7274496 episodes=35548 score50=16.28 eps=0.010 loss=0.00521 q=0.715 trunc=0 sps=2471 elapsed=49.1m
iter 1777/4882 steps=7278592 episodes=35559 score50=16.84 eps=0.010 loss=0.00961 q=0.695 trunc=0 sps=2470 elapsed=49.1m
iter 1778/4882 steps=7282688 episodes=35568 score50=16.16 eps=0.010 loss=0.00936 q=0.690 trunc=0 sps=2470 elapsed=49.1m
iter 1779/4882 steps=7286784 episodes=35583 score50=16.72 eps=0.010 loss=0.02452 q=0.666 trunc=0 sps=2470 elapsed=49.2m
iter 1780/4882 steps=7290880 episodes=35599 score50=16.80 eps=0.010 loss=0.03593 q=0.693 trunc=0 sps=2470 elapsed=49.2m
iter 1781/4882 steps=7294976 episodes=35615 score50=18.02 eps=0.010 loss=0.01216 q=0.645 trunc=0 sps=2471 elapsed=49.2m
iter 1782/4882 steps=7299072 episodes=35630 score50=18.52 eps=0.010 loss=0.01725 q=0.746 trunc=0 sps=2471 elapsed=49.2m
iter 1783/4882 steps=7303168 episodes=35642 score50=19.36 eps=0.010 loss=0.00783 q=0.728 trunc=0 sps=2471 elapsed=49.3m
iter 1784/4882 steps=7307264 episodes=35654 score50=19.66 eps=0.010 loss=0.00263 q=0.767 trunc=0 sps=2471 elapsed=49.3m
iter 1785/4882 steps=7311360 episodes=35673 score50=18.06 eps=0.010 loss=0.02359 q=0.706 trunc=0 sps=2471 elapsed=49.3m
iter 1786/4882 steps=7315456 episodes=35688 score50=17.92 eps=0.010 loss=0.01234 q=0.672 trunc=0 sps=2471 elapsed=49.3m
iter 1787/4882 steps=7319552 episodes=35705 score50=18.44 eps=0.010 loss=0.01288 q=0.736 trunc=0 sps=2471 elapsed=49.4m
iter 1788/4882 steps=7323648 episodes=35718 score50=18.96 eps=0.010 loss=0.00479 q=0.717 trunc=0 sps=2471 elapsed=49.4m
iter 1789/4882 steps=7327744 episodes=35733 score50=19.28 eps=0.010 loss=0.00830 q=0.694 trunc=0 sps=2471 elapsed=49.4m
iter 1790/4882 steps=7331840 episodes=35745 score50=20.32 eps=0.010 loss=0.00681 q=0.685 trunc=0 sps=2471 elapsed=49.5m
iter 1791/4882 steps=7335936 episodes=35763 score50=19.32 eps=0.010 loss=0.00926 q=0.681 trunc=0 sps=2471 elapsed=49.5m
iter 1792/4882 steps=7340032 episodes=35777 score50=18.06 eps=0.010 loss=0.00858 q=0.706 trunc=0 sps=2471 elapsed=49.5m
iter 1793/4882 steps=7344128 episodes=35794 score50=17.82 eps=0.010 loss=0.00693 q=0.688 trunc=0 sps=2471 elapsed=49.5m
iter 1794/4882 steps=7348224 episodes=35813 score50=16.50 eps=0.010 loss=0.00914 q=0.668 trunc=0 sps=2471 elapsed=49.6m
iter 1795/4882 steps=7352320 episodes=35824 score50=17.38 eps=0.010 loss=0.00754 q=0.649 trunc=0 sps=2471 elapsed=49.6m
iter 1796/4882 steps=7356416 episodes=35841 score50=16.68 eps=0.010 loss=0.00628 q=0.696 trunc=0 sps=2471 elapsed=49.6m
iter 1797/4882 steps=7360512 episodes=35852 score50=17.12 eps=0.010 loss=0.00629 q=0.714 trunc=0 sps=2471 elapsed=49.6m
iter 1798/4882 steps=7364608 episodes=35865 score50=17.70 eps=0.010 loss=0.01828 q=0.681 trunc=0 sps=2471 elapsed=49.7m
iter 1799/4882 steps=7368704 episodes=35877 score50=17.10 eps=0.010 loss=0.01954 q=0.690 trunc=0 sps=2471 elapsed=49.7m
iter 1800/4882 steps=7372800 episodes=35892 score50=17.68 eps=0.010 loss=0.01453 q=0.609 trunc=0 sps=2471 elapsed=49.7m
  [eval] iter=1800 mean=14.20+-1.56 median=13.0 max=28 P(>=120)=0.00 entropy=1.55/2.20 wnorm=49.713 srank=338/512
iter 1801/4882 steps=7376896 episodes=35906 score50=16.80 eps=0.010 loss=0.02274 q=0.674 trunc=0 sps=2467 elapsed=49.8m
iter 1802/4882 steps=7380992 episodes=35918 score50=17.24 eps=0.010 loss=0.02947 q=0.679 trunc=0 sps=2467 elapsed=49.9m
iter 1803/4882 steps=7385088 episodes=35934 score50=17.54 eps=0.010 loss=0.00779 q=0.673 trunc=0 sps=2467 elapsed=49.9m
iter 1804/4882 steps=7389184 episodes=35943 score50=17.82 eps=0.010 loss=0.01385 q=0.674 trunc=0 sps=2467 elapsed=49.9m
iter 1805/4882 steps=7393280 episodes=35959 score50=19.96 eps=0.010 loss=0.02764 q=0.757 trunc=0 sps=2467 elapsed=49.9m
iter 1806/4882 steps=7397376 episodes=35967 score50=20.78 eps=0.010 loss=0.01224 q=0.675 trunc=0 sps=2467 elapsed=50.0m
iter 1807/4882 steps=7401472 episodes=35986 score50=20.44 eps=0.010 loss=0.00612 q=0.693 trunc=0 sps=2467 elapsed=50.0m
iter 1808/4882 steps=7405568 episodes=36011 score50=17.92 eps=0.010 loss=0.03251 q=0.730 trunc=0 sps=2467 elapsed=50.0m
iter 1809/4882 steps=7409664 episodes=36019 score50=16.44 eps=0.010 loss=0.00484 q=0.749 trunc=0 sps=2467 elapsed=50.1m
iter 1810/4882 steps=7413760 episodes=36033 score50=17.56 eps=0.010 loss=0.00504 q=0.734 trunc=0 sps=2467 elapsed=50.1m
iter 1811/4882 steps=7417856 episodes=36048 score50=17.14 eps=0.010 loss=0.01329 q=0.648 trunc=0 sps=2467 elapsed=50.1m
iter 1812/4882 steps=7421952 episodes=36065 score50=19.86 eps=0.010 loss=0.04798 q=0.702 trunc=0 sps=2467 elapsed=50.1m
iter 1813/4882 steps=7426048 episodes=36081 score50=20.14 eps=0.010 loss=0.00684 q=0.714 trunc=0 sps=2467 elapsed=50.2m
iter 1814/4882 steps=7430144 episodes=36101 score50=20.00 eps=0.010 loss=0.01343 q=0.700 trunc=0 sps=2467 elapsed=50.2m
iter 1815/4882 steps=7434240 episodes=36108 score50=18.68 eps=0.010 loss=0.00430 q=0.723 trunc=0 sps=2467 elapsed=50.2m
iter 1816/4882 steps=7438336 episodes=36123 score50=17.76 eps=0.010 loss=0.00870 q=0.652 trunc=0 sps=2467 elapsed=50.3m
iter 1817/4882 steps=7442432 episodes=36135 score50=16.90 eps=0.010 loss=0.01429 q=0.670 trunc=0 sps=2467 elapsed=50.3m
iter 1818/4882 steps=7446528 episodes=36152 score50=17.44 eps=0.010 loss=0.02618 q=0.639 trunc=0 sps=2467 elapsed=50.3m
iter 1819/4882 steps=7450624 episodes=36170 score50=16.66 eps=0.010 loss=0.01959 q=0.628 trunc=0 sps=2467 elapsed=50.3m
iter 1820/4882 steps=7454720 episodes=36189 score50=17.56 eps=0.010 loss=0.00630 q=0.689 trunc=0 sps=2467 elapsed=50.4m
iter 1821/4882 steps=7458816 episodes=36200 score50=17.86 eps=0.010 loss=0.00317 q=0.653 trunc=0 sps=2467 elapsed=50.4m
iter 1822/4882 steps=7462912 episodes=36211 score50=17.96 eps=0.010 loss=0.00480 q=0.675 trunc=0 sps=2467 elapsed=50.4m
iter 1823/4882 steps=7467008 episodes=36225 score50=19.40 eps=0.010 loss=0.03260 q=0.642 trunc=0 sps=2467 elapsed=50.4m
iter 1824/4882 steps=7471104 episodes=36245 score50=17.32 eps=0.010 loss=0.03789 q=0.684 trunc=0 sps=2467 elapsed=50.5m
iter 1825/4882 steps=7475200 episodes=36257 score50=16.28 eps=0.010 loss=0.00259 q=0.695 trunc=0 sps=2467 elapsed=50.5m
iter 1826/4882 steps=7479296 episodes=36269 score50=16.96 eps=0.010 loss=0.01581 q=0.668 trunc=0 sps=2467 elapsed=50.5m
iter 1827/4882 steps=7483392 episodes=36288 score50=17.50 eps=0.010 loss=0.00645 q=0.612 trunc=0 sps=2467 elapsed=50.6m
iter 1828/4882 steps=7487488 episodes=36307 score50=18.00 eps=0.010 loss=0.02096 q=0.647 trunc=0 sps=2467 elapsed=50.6m
iter 1829/4882 steps=7491584 episodes=36324 score50=18.72 eps=0.010 loss=0.04750 q=0.673 trunc=0 sps=2467 elapsed=50.6m
iter 1830/4882 steps=7495680 episodes=36339 score50=18.06 eps=0.010 loss=0.00493 q=0.638 trunc=0 sps=2467 elapsed=50.6m
iter 1831/4882 steps=7499776 episodes=36353 score50=18.10 eps=0.010 loss=0.01241 q=0.652 trunc=0 sps=2467 elapsed=50.7m
iter 1832/4882 steps=7503872 episodes=36365 score50=18.50 eps=0.010 loss=0.00270 q=0.723 trunc=0 sps=2467 elapsed=50.7m
iter 1833/4882 steps=7507968 episodes=36381 score50=19.36 eps=0.010 loss=0.00912 q=0.667 trunc=0 sps=2467 elapsed=50.7m
iter 1834/4882 steps=7512064 episodes=36398 score50=19.64 eps=0.010 loss=0.00951 q=0.684 trunc=0 sps=2467 elapsed=50.7m
iter 1835/4882 steps=7516160 episodes=36414 score50=18.18 eps=0.010 loss=0.01251 q=0.626 trunc=0 sps=2467 elapsed=50.8m
iter 1836/4882 steps=7520256 episodes=36432 score50=16.50 eps=0.010 loss=0.01568 q=0.710 trunc=0 sps=2467 elapsed=50.8m
iter 1837/4882 steps=7524352 episodes=36447 score50=16.02 eps=0.010 loss=0.00729 q=0.660 trunc=0 sps=2467 elapsed=50.8m
iter 1838/4882 steps=7528448 episodes=36461 score50=15.24 eps=0.010 loss=0.01150 q=0.635 trunc=0 sps=2467 elapsed=50.9m
iter 1839/4882 steps=7532544 episodes=36480 score50=16.00 eps=0.010 loss=0.00844 q=0.645 trunc=0 sps=2467 elapsed=50.9m
iter 1840/4882 steps=7536640 episodes=36491 score50=17.14 eps=0.010 loss=0.00749 q=0.700 trunc=0 sps=2467 elapsed=50.9m
iter 1841/4882 steps=7540736 episodes=36500 score50=16.60 eps=0.010 loss=0.00869 q=0.665 trunc=0 sps=2467 elapsed=50.9m
iter 1842/4882 steps=7544832 episodes=36514 score50=16.98 eps=0.010 loss=0.02125 q=0.640 trunc=0 sps=2467 elapsed=51.0m
iter 1843/4882 steps=7548928 episodes=36529 score50=17.36 eps=0.010 loss=0.00438 q=0.679 trunc=0 sps=2467 elapsed=51.0m
iter 1844/4882 steps=7553024 episodes=36542 score50=17.46 eps=0.010 loss=0.00655 q=0.656 trunc=0 sps=2467 elapsed=51.0m
iter 1845/4882 steps=7557120 episodes=36554 score50=17.02 eps=0.010 loss=0.00977 q=0.630 trunc=0 sps=2467 elapsed=51.0m
iter 1846/4882 steps=7561216 episodes=36572 score50=17.42 eps=0.010 loss=0.01098 q=0.632 trunc=0 sps=2467 elapsed=51.1m
iter 1847/4882 steps=7565312 episodes=36591 score50=17.88 eps=0.010 loss=0.01261 q=0.670 trunc=0 sps=2467 elapsed=51.1m
iter 1848/4882 steps=7569408 episodes=36599 score50=18.56 eps=0.010 loss=0.00223 q=0.724 trunc=0 sps=2467 elapsed=51.1m
iter 1849/4882 steps=7573504 episodes=36612 score50=20.24 eps=0.010 loss=0.00389 q=0.693 trunc=0 sps=2467 elapsed=51.2m
iter 1850/4882 steps=7577600 episodes=36631 score50=18.82 eps=0.010 loss=0.00625 q=0.770 trunc=0 sps=2467 elapsed=51.2m
iter 1851/4882 steps=7581696 episodes=36648 score50=18.68 eps=0.010 loss=0.00735 q=0.740 trunc=0 sps=2467 elapsed=51.2m
iter 1852/4882 steps=7585792 episodes=36661 score50=19.18 eps=0.010 loss=0.00613 q=0.733 trunc=0 sps=2467 elapsed=51.2m
iter 1853/4882 steps=7589888 episodes=36676 score50=18.92 eps=0.010 loss=0.00474 q=0.719 trunc=0 sps=2467 elapsed=51.3m
iter 1854/4882 steps=7593984 episodes=36696 score50=20.02 eps=0.010 loss=0.01892 q=0.722 trunc=0 sps=2467 elapsed=51.3m
iter 1855/4882 steps=7598080 episodes=36709 score50=17.34 eps=0.010 loss=0.03060 q=0.755 trunc=0 sps=2467 elapsed=51.3m
iter 1856/4882 steps=7602176 episodes=36725 score50=17.74 eps=0.010 loss=0.01642 q=0.695 trunc=0 sps=2467 elapsed=51.3m
iter 1857/4882 steps=7606272 episodes=36741 score50=18.42 eps=0.010 loss=0.00500 q=0.713 trunc=0 sps=2467 elapsed=51.4m
iter 1858/4882 steps=7610368 episodes=36751 score50=17.58 eps=0.010 loss=0.00827 q=0.708 trunc=0 sps=2468 elapsed=51.4m
iter 1859/4882 steps=7614464 episodes=36768 score50=18.02 eps=0.010 loss=0.01162 q=0.669 trunc=0 sps=2468 elapsed=51.4m
iter 1860/4882 steps=7618560 episodes=36790 score50=15.30 eps=0.010 loss=0.04723 q=0.651 trunc=0 sps=2468 elapsed=51.5m
iter 1861/4882 steps=7622656 episodes=36800 score50=15.86 eps=0.010 loss=0.02920 q=0.670 trunc=0 sps=2468 elapsed=51.5m
iter 1862/4882 steps=7626752 episodes=36819 score50=15.20 eps=0.010 loss=0.01741 q=0.613 trunc=0 sps=2468 elapsed=51.5m
iter 1863/4882 steps=7630848 episodes=36829 score50=16.00 eps=0.010 loss=0.00277 q=0.670 trunc=0 sps=2468 elapsed=51.5m
iter 1864/4882 steps=7634944 episodes=36852 score50=16.88 eps=0.010 loss=0.00386 q=0.689 trunc=0 sps=2468 elapsed=51.6m
iter 1865/4882 steps=7639040 episodes=36875 score50=15.74 eps=0.010 loss=0.02395 q=0.697 trunc=0 sps=2468 elapsed=51.6m
iter 1866/4882 steps=7643136 episodes=36894 score50=14.54 eps=0.010 loss=0.04265 q=0.693 trunc=0 sps=2468 elapsed=51.6m
iter 1867/4882 steps=7647232 episodes=36902 score50=15.48 eps=0.010 loss=0.01454 q=0.686 trunc=0 sps=2468 elapsed=51.6m
iter 1868/4882 steps=7651328 episodes=36916 score50=16.32 eps=0.010 loss=0.01564 q=0.681 trunc=0 sps=2468 elapsed=51.7m
iter 1869/4882 steps=7655424 episodes=36929 score50=16.88 eps=0.010 loss=0.01902 q=0.659 trunc=0 sps=2468 elapsed=51.7m
iter 1870/4882 steps=7659520 episodes=36935 score50=16.80 eps=0.010 loss=0.01143 q=0.661 trunc=0 sps=2468 elapsed=51.7m
iter 1871/4882 steps=7663616 episodes=36952 score50=17.38 eps=0.010 loss=0.01034 q=0.627 trunc=0 sps=2468 elapsed=51.8m
iter 1872/4882 steps=7667712 episodes=36968 score50=18.56 eps=0.010 loss=0.02536 q=0.680 trunc=0 sps=2468 elapsed=51.8m
iter 1873/4882 steps=7671808 episodes=36987 score50=18.24 eps=0.010 loss=0.02096 q=0.664 trunc=0 sps=2468 elapsed=51.8m
iter 1874/4882 steps=7675904 episodes=37000 score50=18.90 eps=0.010 loss=0.00630 q=0.626 trunc=0 sps=2468 elapsed=51.8m
iter 1875/4882 steps=7680000 episodes=37015 score50=18.00 eps=0.010 loss=0.01054 q=0.686 trunc=0 sps=2468 elapsed=51.9m
iter 1876/4882 steps=7684096 episodes=37031 score50=18.66 eps=0.010 loss=0.00293 q=0.752 trunc=0 sps=2468 elapsed=51.9m
iter 1877/4882 steps=7688192 episodes=37046 score50=18.78 eps=0.010 loss=0.00871 q=0.669 trunc=0 sps=2468 elapsed=51.9m
iter 1878/4882 steps=7692288 episodes=37060 score50=18.04 eps=0.010 loss=0.00867 q=0.692 trunc=0 sps=2468 elapsed=52.0m
iter 1879/4882 steps=7696384 episodes=37074 score50=17.58 eps=0.010 loss=0.00550 q=0.691 trunc=0 sps=2468 elapsed=52.0m
iter 1880/4882 steps=7700480 episodes=37090 score50=14.36 eps=0.010 loss=0.01584 q=0.684 trunc=0 sps=2468 elapsed=52.0m
iter 1881/4882 steps=7704576 episodes=37111 score50=14.32 eps=0.010 loss=0.00887 q=0.623 trunc=0 sps=2468 elapsed=52.0m
iter 1882/4882 steps=7708672 episodes=37125 score50=14.24 eps=0.010 loss=0.01221 q=0.666 trunc=0 sps=2468 elapsed=52.1m
iter 1883/4882 steps=7712768 episodes=37147 score50=16.30 eps=0.010 loss=0.03025 q=0.704 trunc=0 sps=2468 elapsed=52.1m
iter 1884/4882 steps=7716864 episodes=37159 score50=19.26 eps=0.010 loss=0.02172 q=0.731 trunc=0 sps=2468 elapsed=52.1m
iter 1885/4882 steps=7720960 episodes=37185 score50=20.28 eps=0.010 loss=0.03179 q=0.700 trunc=0 sps=2468 elapsed=52.1m
iter 1886/4882 steps=7725056 episodes=37201 score50=18.12 eps=0.010 loss=0.01614 q=0.769 trunc=0 sps=2468 elapsed=52.2m
iter 1887/4882 steps=7729152 episodes=37217 score50=17.04 eps=0.010 loss=0.01085 q=0.747 trunc=0 sps=2468 elapsed=52.2m
iter 1888/4882 steps=7733248 episodes=37240 score50=14.14 eps=0.010 loss=0.03502 q=0.797 trunc=0 sps=2468 elapsed=52.2m
iter 1889/4882 steps=7737344 episodes=37250 score50=13.94 eps=0.010 loss=0.01049 q=0.759 trunc=0 sps=2468 elapsed=52.3m
iter 1890/4882 steps=7741440 episodes=37268 score50=13.14 eps=0.010 loss=0.04090 q=0.751 trunc=0 sps=2468 elapsed=52.3m
iter 1891/4882 steps=7745536 episodes=37282 score50=13.52 eps=0.010 loss=0.01976 q=0.711 trunc=0 sps=2468 elapsed=52.3m
iter 1892/4882 steps=7749632 episodes=37301 score50=15.54 eps=0.010 loss=0.02661 q=0.654 trunc=0 sps=2468 elapsed=52.3m
iter 1893/4882 steps=7753728 episodes=37319 score50=15.46 eps=0.010 loss=0.01385 q=0.749 trunc=0 sps=2468 elapsed=52.4m
iter 1894/4882 steps=7757824 episodes=37330 score50=16.38 eps=0.010 loss=0.00368 q=0.741 trunc=0 sps=2468 elapsed=52.4m
iter 1895/4882 steps=7761920 episodes=37342 score50=16.82 eps=0.010 loss=0.01404 q=0.755 trunc=0 sps=2468 elapsed=52.4m
iter 1896/4882 steps=7766016 episodes=37353 score50=16.20 eps=0.010 loss=0.01465 q=0.711 trunc=0 sps=2468 elapsed=52.4m
iter 1897/4882 steps=7770112 episodes=37370 score50=17.52 eps=0.010 loss=0.00835 q=0.718 trunc=0 sps=2468 elapsed=52.5m
iter 1898/4882 steps=7774208 episodes=37383 score50=17.28 eps=0.010 loss=0.00622 q=0.721 trunc=0 sps=2468 elapsed=52.5m
iter 1899/4882 steps=7778304 episodes=37399 score50=18.68 eps=0.010 loss=0.01229 q=0.632 trunc=0 sps=2468 elapsed=52.5m
iter 1900/4882 steps=7782400 episodes=37414 score50=19.38 eps=0.010 loss=0.00347 q=0.741 trunc=0 sps=2468 elapsed=52.5m
  [eval] iter=1900 mean=20.15+-1.97 median=19.5 max=34 P(>=120)=0.00 entropy=1.49/2.20 wnorm=50.935 srank=331/512
iter 1901/4882 steps=7786496 episodes=37426 score50=19.36 eps=0.010 loss=0.00705 q=0.759 trunc=0 sps=2464 elapsed=52.7m
iter 1902/4882 steps=7790592 episodes=37440 score50=20.00 eps=0.010 loss=0.00328 q=0.742 trunc=0 sps=2464 elapsed=52.7m
iter 1903/4882 steps=7794688 episodes=37454 score50=18.04 eps=0.010 loss=0.01722 q=0.707 trunc=0 sps=2464 elapsed=52.7m
iter 1904/4882 steps=7798784 episodes=37466 score50=17.28 eps=0.010 loss=0.00502 q=0.635 trunc=0 sps=2464 elapsed=52.8m
iter 1905/4882 steps=7802880 episodes=37477 score50=16.86 eps=0.010 loss=0.01491 q=0.658 trunc=0 sps=2464 elapsed=52.8m
iter 1906/4882 steps=7806976 episodes=37491 score50=17.78 eps=0.010 loss=0.00632 q=0.679 trunc=0 sps=2464 elapsed=52.8m
iter 1907/4882 steps=7811072 episodes=37505 score50=19.70 eps=0.010 loss=0.00958 q=0.617 trunc=0 sps=2464 elapsed=52.8m
iter 1908/4882 steps=7815168 episodes=37527 score50=21.34 eps=0.010 loss=0.01560 q=0.623 trunc=0 sps=2464 elapsed=52.9m
iter 1909/4882 steps=7819264 episodes=37541 score50=19.44 eps=0.010 loss=0.00423 q=0.721 trunc=0 sps=2464 elapsed=52.9m
iter 1910/4882 steps=7823360 episodes=37559 score50=19.84 eps=0.010 loss=0.00490 q=0.685 trunc=0 sps=2464 elapsed=52.9m
iter 1911/4882 steps=7827456 episodes=37570 score50=19.30 eps=0.010 loss=0.00865 q=0.682 trunc=0 sps=2464 elapsed=53.0m
iter 1912/4882 steps=7831552 episodes=37585 score50=19.58 eps=0.010 loss=0.00587 q=0.703 trunc=0 sps=2464 elapsed=53.0m
iter 1913/4882 steps=7835648 episodes=37606 score50=17.32 eps=0.010 loss=0.00602 q=0.700 trunc=0 sps=2464 elapsed=53.0m
iter 1914/4882 steps=7839744 episodes=37621 score50=15.76 eps=0.010 loss=0.01256 q=0.636 trunc=0 sps=2464 elapsed=53.0m
iter 1915/4882 steps=7843840 episodes=37634 score50=15.60 eps=0.010 loss=0.00680 q=0.692 trunc=0 sps=2464 elapsed=53.1m
iter 1916/4882 steps=7847936 episodes=37657 score50=16.30 eps=0.010 loss=0.00945 q=0.696 trunc=0 sps=2464 elapsed=53.1m
iter 1917/4882 steps=7852032 episodes=37678 score50=15.56 eps=0.010 loss=0.04652 q=0.713 trunc=0 sps=2464 elapsed=53.1m
iter 1918/4882 steps=7856128 episodes=37683 score50=16.04 eps=0.010 loss=0.00383 q=0.691 trunc=0 sps=2464 elapsed=53.1m
iter 1919/4882 steps=7860224 episodes=37690 score50=16.92 eps=0.010 loss=0.00617 q=0.642 trunc=0 sps=2464 elapsed=53.2m
iter 1920/4882 steps=7864320 episodes=37707 score50=17.74 eps=0.010 loss=0.01588 q=0.646 trunc=0 sps=2464 elapsed=53.2m
iter 1921/4882 steps=7868416 episodes=37726 score50=17.66 eps=0.010 loss=0.01009 q=0.614 trunc=0 sps=2464 elapsed=53.2m
iter 1922/4882 steps=7872512 episodes=37735 score50=17.50 eps=0.010 loss=0.00341 q=0.595 trunc=0 sps=2464 elapsed=53.3m
iter 1923/4882 steps=7876608 episodes=37751 score50=16.44 eps=0.010 loss=0.00774 q=0.601 trunc=0 sps=2464 elapsed=53.3m
iter 1924/4882 steps=7880704 episodes=37765 score50=16.76 eps=0.010 loss=0.00291 q=0.662 trunc=0 sps=2464 elapsed=53.3m
iter 1925/4882 steps=7884800 episodes=37784 score50=18.16 eps=0.010 loss=0.00844 q=0.607 trunc=0 sps=2464 elapsed=53.3m
iter 1926/4882 steps=7888896 episodes=37796 score50=18.62 eps=0.010 loss=0.01670 q=0.663 trunc=0 sps=2464 elapsed=53.4m
iter 1927/4882 steps=7892992 episodes=37811 score50=19.40 eps=0.010 loss=0.02905 q=0.683 trunc=0 sps=2464 elapsed=53.4m
iter 1928/4882 steps=7897088 episodes=37829 score50=19.74 eps=0.010 loss=0.00825 q=0.641 trunc=0 sps=2464 elapsed=53.4m
iter 1929/4882 steps=7901184 episodes=37839 score50=20.20 eps=0.010 loss=0.00500 q=0.660 trunc=0 sps=2464 elapsed=53.4m
iter 1930/4882 steps=7905280 episodes=37849 score50=19.30 eps=0.010 loss=0.00331 q=0.639 trunc=0 sps=2464 elapsed=53.5m
iter 1931/4882 steps=7909376 episodes=37864 score50=19.44 eps=0.010 loss=0.02766 q=0.613 trunc=0 sps=2464 elapsed=53.5m
iter 1932/4882 steps=7913472 episodes=37881 score50=17.96 eps=0.010 loss=0.00927 q=0.645 trunc=0 sps=2464 elapsed=53.5m
iter 1933/4882 steps=7917568 episodes=37892 score50=17.62 eps=0.010 loss=0.00708 q=0.633 trunc=0 sps=2464 elapsed=53.6m
iter 1934/4882 steps=7921664 episodes=37902 score50=17.40 eps=0.010 loss=0.01006 q=0.644 trunc=0 sps=2464 elapsed=53.6m
iter 1935/4882 steps=7925760 episodes=37923 score50=18.18 eps=0.010 loss=0.04485 q=0.643 trunc=0 sps=2464 elapsed=53.6m
iter 1936/4882 steps=7929856 episodes=37940 score50=18.02 eps=0.010 loss=0.01123 q=0.629 trunc=0 sps=2464 elapsed=53.6m
iter 1937/4882 steps=7933952 episodes=37957 score50=17.34 eps=0.010 loss=0.03121 q=0.636 trunc=0 sps=2464 elapsed=53.7m
iter 1938/4882 steps=7938048 episodes=37971 score50=17.52 eps=0.010 loss=0.01499 q=0.684 trunc=0 sps=2464 elapsed=53.7m
iter 1939/4882 steps=7942144 episodes=37985 score50=18.16 eps=0.010 loss=0.01664 q=0.660 trunc=0 sps=2464 elapsed=53.7m
iter 1940/4882 steps=7946240 episodes=38000 score50=19.06 eps=0.010 loss=0.00331 q=0.675 trunc=0 sps=2464 elapsed=53.7m
iter 1941/4882 steps=7950336 episodes=38017 score50=17.24 eps=0.010 loss=0.01057 q=0.628 trunc=0 sps=2464 elapsed=53.8m
iter 1942/4882 steps=7954432 episodes=38036 score50=16.14 eps=0.010 loss=0.01411 q=0.620 trunc=0 sps=2464 elapsed=53.8m
iter 1943/4882 steps=7958528 episodes=38052 score50=15.20 eps=0.010 loss=0.00357 q=0.657 trunc=0 sps=2464 elapsed=53.8m
iter 1944/4882 steps=7962624 episodes=38075 score50=15.14 eps=0.010 loss=0.00829 q=0.703 trunc=0 sps=2464 elapsed=53.9m
iter 1945/4882 steps=7966720 episodes=38094 score50=14.40 eps=0.010 loss=0.01373 q=0.647 trunc=0 sps=2464 elapsed=53.9m
iter 1946/4882 steps=7970816 episodes=38118 score50=15.28 eps=0.010 loss=0.01601 q=0.619 trunc=0 sps=2464 elapsed=53.9m
iter 1947/4882 steps=7974912 episodes=38146 score50=14.72 eps=0.010 loss=0.00612 q=0.638 trunc=0 sps=2464 elapsed=53.9m
iter 1948/4882 steps=7979008 episodes=38165 score50=11.62 eps=0.010 loss=0.00310 q=0.669 trunc=0 sps=2464 elapsed=54.0m
iter 1949/4882 steps=7983104 episodes=38187 score50=10.18 eps=0.010 loss=0.00547 q=0.670 trunc=0 sps=2464 elapsed=54.0m
iter 1950/4882 steps=7987200 episodes=38201 score50=11.68 eps=0.010 loss=0.01118 q=0.643 trunc=0 sps=2464 elapsed=54.0m
iter 1951/4882 steps=7991296 episodes=38228 score50=13.00 eps=0.010 loss=0.00860 q=0.673 trunc=0 sps=2464 elapsed=54.1m
iter 1952/4882 steps=7995392 episodes=38251 score50=11.84 eps=0.010 loss=0.03664 q=0.606 trunc=0 sps=2464 elapsed=54.1m
iter 1953/4882 steps=7999488 episodes=38275 score50=12.08 eps=0.010 loss=0.00603 q=0.614 trunc=0 sps=2464 elapsed=54.1m
iter 1954/4882 steps=8003584 episodes=38292 score50=14.24 eps=0.010 loss=0.00565 q=0.615 trunc=0 sps=2464 elapsed=54.1m
iter 1955/4882 steps=8007680 episodes=38313 score50=13.48 eps=0.010 loss=0.01147 q=0.633 trunc=0 sps=2464 elapsed=54.2m
iter 1956/4882 steps=8011776 episodes=38334 score50=12.28 eps=0.010 loss=0.01253 q=0.586 trunc=0 sps=2464 elapsed=54.2m
iter 1957/4882 steps=8015872 episodes=38357 score50=13.18 eps=0.010 loss=0.00439 q=0.619 trunc=0 sps=2464 elapsed=54.2m
iter 1958/4882 steps=8019968 episodes=38379 score50=13.90 eps=0.010 loss=0.02385 q=0.628 trunc=0 sps=2464 elapsed=54.2m
iter 1959/4882 steps=8024064 episodes=38394 score50=13.88 eps=0.010 loss=0.01254 q=0.673 trunc=0 sps=2464 elapsed=54.3m
iter 1960/4882 steps=8028160 episodes=38406 score50=14.94 eps=0.010 loss=0.00194 q=0.695 trunc=0 sps=2464 elapsed=54.3m
iter 1961/4882 steps=8032256 episodes=38418 score50=17.00 eps=0.010 loss=0.01507 q=0.669 trunc=0 sps=2464 elapsed=54.3m
iter 1962/4882 steps=8036352 episodes=38435 score50=16.48 eps=0.010 loss=0.00403 q=0.681 trunc=0 sps=2464 elapsed=54.3m
iter 1963/4882 steps=8040448 episodes=38448 score50=16.22 eps=0.010 loss=0.00419 q=0.651 trunc=0 sps=2465 elapsed=54.4m
iter 1964/4882 steps=8044544 episodes=38459 score50=16.16 eps=0.010 loss=0.00704 q=0.648 trunc=0 sps=2465 elapsed=54.4m
iter 1965/4882 steps=8048640 episodes=38471 score50=15.78 eps=0.010 loss=0.00948 q=0.652 trunc=0 sps=2465 elapsed=54.4m
iter 1966/4882 steps=8052736 episodes=38488 score50=17.74 eps=0.010 loss=0.00402 q=0.696 trunc=0 sps=2465 elapsed=54.5m
iter 1967/4882 steps=8056832 episodes=38503 score50=15.80 eps=0.010 loss=0.02714 q=0.665 trunc=0 sps=2465 elapsed=54.5m
iter 1968/4882 steps=8060928 episodes=38520 score50=15.70 eps=0.010 loss=0.00809 q=0.653 trunc=0 sps=2465 elapsed=54.5m
iter 1969/4882 steps=8065024 episodes=38532 score50=15.92 eps=0.010 loss=0.01618 q=0.631 trunc=0 sps=2465 elapsed=54.5m
iter 1970/4882 steps=8069120 episodes=38550 score50=17.40 eps=0.010 loss=0.01159 q=0.623 trunc=0 sps=2465 elapsed=54.6m
iter 1971/4882 steps=8073216 episodes=38560 score50=18.88 eps=0.010 loss=0.01613 q=0.623 trunc=0 sps=2465 elapsed=54.6m
iter 1972/4882 steps=8077312 episodes=38571 score50=18.94 eps=0.010 loss=0.00837 q=0.586 trunc=0 sps=2465 elapsed=54.6m
iter 1973/4882 steps=8081408 episodes=38587 score50=17.36 eps=0.010 loss=0.02491 q=0.619 trunc=0 sps=2465 elapsed=54.6m
iter 1974/4882 steps=8085504 episodes=38599 score50=20.00 eps=0.010 loss=0.00946 q=0.653 trunc=0 sps=2465 elapsed=54.7m
iter 1975/4882 steps=8089600 episodes=38612 score50=20.92 eps=0.010 loss=0.03242 q=0.605 trunc=0 sps=2465 elapsed=54.7m
iter 1976/4882 steps=8093696 episodes=38628 score50=22.32 eps=0.010 loss=0.02240 q=0.574 trunc=0 sps=2465 elapsed=54.7m
iter 1977/4882 steps=8097792 episodes=38641 score50=19.94 eps=0.010 loss=0.00762 q=0.629 trunc=0 sps=2465 elapsed=54.8m
iter 1978/4882 steps=8101888 episodes=38655 score50=18.78 eps=0.010 loss=0.01831 q=0.561 trunc=0 sps=2465 elapsed=54.8m
iter 1979/4882 steps=8105984 episodes=38668 score50=18.22 eps=0.010 loss=0.00601 q=0.593 trunc=0 sps=2465 elapsed=54.8m
iter 1980/4882 steps=8110080 episodes=38690 score50=18.34 eps=0.010 loss=0.00898 q=0.573 trunc=0 sps=2465 elapsed=54.8m
iter 1981/4882 steps=8114176 episodes=38702 score50=17.90 eps=0.010 loss=0.02017 q=0.581 trunc=0 sps=2465 elapsed=54.9m
iter 1982/4882 steps=8118272 episodes=38718 score50=18.00 eps=0.010 loss=0.00395 q=0.556 trunc=0 sps=2465 elapsed=54.9m
iter 1983/4882 steps=8122368 episodes=38732 score50=18.24 eps=0.010 loss=0.01003 q=0.596 trunc=0 sps=2465 elapsed=54.9m
iter 1984/4882 steps=8126464 episodes=38754 score50=17.80 eps=0.010 loss=0.00602 q=0.654 trunc=0 sps=2465 elapsed=54.9m
iter 1985/4882 steps=8130560 episodes=38769 score50=16.68 eps=0.010 loss=0.01996 q=0.655 trunc=0 sps=2465 elapsed=55.0m
iter 1986/4882 steps=8134656 episodes=38779 score50=15.74 eps=0.010 loss=0.00726 q=0.645 trunc=0 sps=2465 elapsed=55.0m
iter 1987/4882 steps=8138752 episodes=38799 score50=16.82 eps=0.010 loss=0.02635 q=0.629 trunc=0 sps=2465 elapsed=55.0m
iter 1988/4882 steps=8142848 episodes=38818 score50=16.84 eps=0.010 loss=0.01235 q=0.638 trunc=0 sps=2465 elapsed=55.1m
iter 1989/4882 steps=8146944 episodes=38829 score50=16.72 eps=0.010 loss=0.00288 q=0.656 trunc=0 sps=2465 elapsed=55.1m
iter 1990/4882 steps=8151040 episodes=38849 score50=16.44 eps=0.010 loss=0.00447 q=0.651 trunc=0 sps=2465 elapsed=55.1m
iter 1991/4882 steps=8155136 episodes=38867 score50=16.08 eps=0.010 loss=0.01054 q=0.616 trunc=0 sps=2465 elapsed=55.1m
iter 1992/4882 steps=8159232 episodes=38880 score50=16.14 eps=0.010 loss=0.00736 q=0.613 trunc=0 sps=2465 elapsed=55.2m
iter 1993/4882 steps=8163328 episodes=38899 score50=15.78 eps=0.010 loss=0.01411 q=0.609 trunc=0 sps=2465 elapsed=55.2m
iter 1994/4882 steps=8167424 episodes=38913 score50=16.12 eps=0.010 loss=0.01011 q=0.646 trunc=0 sps=2465 elapsed=55.2m
iter 1995/4882 steps=8171520 episodes=38933 score50=16.32 eps=0.010 loss=0.04673 q=0.650 trunc=0 sps=2465 elapsed=55.3m
iter 1996/4882 steps=8175616 episodes=38945 score50=17.66 eps=0.010 loss=0.00314 q=0.657 trunc=0 sps=2465 elapsed=55.3m
iter 1997/4882 steps=8179712 episodes=38954 score50=18.98 eps=0.010 loss=0.00384 q=0.712 trunc=0 sps=2465 elapsed=55.3m
iter 1998/4882 steps=8183808 episodes=38970 score50=18.70 eps=0.010 loss=0.01619 q=0.658 trunc=0 sps=2465 elapsed=55.3m
iter 1999/4882 steps=8187904 episodes=38991 score50=17.24 eps=0.010 loss=0.02413 q=0.626 trunc=0 sps=2465 elapsed=55.4m
iter 2000/4882 steps=8192000 episodes=39011 score50=15.54 eps=0.010 loss=0.01877 q=0.606 trunc=0 sps=2465 elapsed=55.4m
  [eval] iter=2000 mean=19.10+-1.96 median=19.0 max=39 P(>=120)=0.00 entropy=1.33/2.20 wnorm=52.197 srank=340/512
iter 2001/4882 steps=8196096 episodes=39026 score50=15.94 eps=0.010 loss=0.01731 q=0.655 trunc=0 sps=2461 elapsed=55.5m
iter 2002/4882 steps=8200192 episodes=39043 score50=16.54 eps=0.010 loss=0.01607 q=0.671 trunc=0 sps=2461 elapsed=55.5m
iter 2003/4882 steps=8204288 episodes=39050 score50=17.08 eps=0.010 loss=0.00421 q=0.690 trunc=0 sps=2461 elapsed=55.6m
iter 2004/4882 steps=8208384 episodes=39061 score50=17.14 eps=0.010 loss=0.00771 q=0.652 trunc=0 sps=2461 elapsed=55.6m
iter 2005/4882 steps=8212480 episodes=39070 score50=17.64 eps=0.010 loss=0.00659 q=0.603 trunc=0 sps=2461 elapsed=55.6m
iter 2006/4882 steps=8216576 episodes=39087 score50=17.94 eps=0.010 loss=0.03318 q=0.640 trunc=0 sps=2461 elapsed=55.6m
iter 2007/4882 steps=8220672 episodes=39100 score50=18.10 eps=0.010 loss=0.00548 q=0.594 trunc=0 sps=2461 elapsed=55.7m
iter 2008/4882 steps=8224768 episodes=39115 score50=19.70 eps=0.010 loss=0.00529 q=0.610 trunc=0 sps=2461 elapsed=55.7m
iter 2009/4882 steps=8228864 episodes=39125 score50=19.24 eps=0.010 loss=0.00348 q=0.634 trunc=0 sps=2461 elapsed=55.7m
iter 2010/4882 steps=8232960 episodes=39144 score50=19.72 eps=0.010 loss=0.00530 q=0.631 trunc=0 sps=2461 elapsed=55.7m
iter 2011/4882 steps=8237056 episodes=39158 score50=19.12 eps=0.010 loss=0.02142 q=0.685 trunc=0 sps=2461 elapsed=55.8m
iter 2012/4882 steps=8241152 episodes=39168 score50=19.22 eps=0.010 loss=0.00846 q=0.643 trunc=0 sps=2461 elapsed=55.8m
iter 2013/4882 steps=8245248 episodes=39183 score50=19.86 eps=0.010 loss=0.02477 q=0.670 trunc=0 sps=2461 elapsed=55.8m
iter 2014/4882 steps=8249344 episodes=39194 score50=18.48 eps=0.010 loss=0.00571 q=0.695 trunc=0 sps=2461 elapsed=55.9m
iter 2015/4882 steps=8253440 episodes=39214 score50=19.40 eps=0.010 loss=0.01932 q=0.682 trunc=0 sps=2461 elapsed=55.9m
iter 2016/4882 steps=8257536 episodes=39236 score50=19.88 eps=0.010 loss=0.04826 q=0.685 trunc=0 sps=2461 elapsed=55.9m
iter 2017/4882 steps=8261632 episodes=39251 score50=21.04 eps=0.010 loss=0.01618 q=0.701 trunc=0 sps=2461 elapsed=55.9m
iter 2018/4882 steps=8265728 episodes=39267 score50=19.32 eps=0.010 loss=0.00726 q=0.757 trunc=0 sps=2461 elapsed=56.0m
iter 2019/4882 steps=8269824 episodes=39280 score50=17.60 eps=0.010 loss=0.00504 q=0.753 trunc=0 sps=2461 elapsed=56.0m
iter 2020/4882 steps=8273920 episodes=39296 score50=15.66 eps=0.010 loss=0.02706 q=0.716 trunc=0 sps=2461 elapsed=56.0m
iter 2021/4882 steps=8278016 episodes=39307 score50=15.42 eps=0.010 loss=0.00447 q=0.737 trunc=0 sps=2461 elapsed=56.1m
iter 2022/4882 steps=8282112 episodes=39325 score50=16.42 eps=0.010 loss=0.00783 q=0.722 trunc=0 sps=2461 elapsed=56.1m
iter 2023/4882 steps=8286208 episodes=39341 score50=17.32 eps=0.010 loss=0.00533 q=0.750 trunc=0 sps=2461 elapsed=56.1m
iter 2024/4882 steps=8290304 episodes=39365 score50=15.88 eps=0.010 loss=0.01695 q=0.674 trunc=0 sps=2461 elapsed=56.1m
iter 2025/4882 steps=8294400 episodes=39381 score50=16.46 eps=0.010 loss=0.00582 q=0.784 trunc=0 sps=2461 elapsed=56.2m
iter 2026/4882 steps=8298496 episodes=39393 score50=16.18 eps=0.010 loss=0.03094 q=0.749 trunc=0 sps=2461 elapsed=56.2m
iter 2027/4882 steps=8302592 episodes=39407 score50=15.66 eps=0.010 loss=0.00964 q=0.727 trunc=0 sps=2461 elapsed=56.2m
iter 2028/4882 steps=8306688 episodes=39419 score50=15.84 eps=0.010 loss=0.00900 q=0.708 trunc=0 sps=2461 elapsed=56.3m
iter 2029/4882 steps=8310784 episodes=39435 score50=16.28 eps=0.010 loss=0.00843 q=0.752 trunc=0 sps=2461 elapsed=56.3m
iter 2030/4882 steps=8314880 episodes=39450 score50=16.34 eps=0.010 loss=0.00454 q=0.775 trunc=0 sps=2461 elapsed=56.3m
iter 2031/4882 steps=8318976 episodes=39471 score50=16.00 eps=0.010 loss=0.01001 q=0.703 trunc=0 sps=2461 elapsed=56.3m
iter 2032/4882 steps=8323072 episodes=39492 score50=14.68 eps=0.010 loss=0.00795 q=0.774 trunc=0 sps=2461 elapsed=56.4m
iter 2033/4882 steps=8327168 episodes=39504 score50=15.34 eps=0.010 loss=0.00949 q=0.752 trunc=0 sps=2461 elapsed=56.4m
iter 2034/4882 steps=8331264 episodes=39515 score50=16.28 eps=0.010 loss=0.02841 q=0.755 trunc=0 sps=2461 elapsed=56.4m
iter 2035/4882 steps=8335360 episodes=39527 score50=16.28 eps=0.010 loss=0.00356 q=0.749 trunc=0 sps=2461 elapsed=56.4m
iter 2036/4882 steps=8339456 episodes=39546 score50=18.54 eps=0.010 loss=0.00989 q=0.750 trunc=0 sps=2461 elapsed=56.5m
iter 2037/4882 steps=8343552 episodes=39566 score50=18.68 eps=0.010 loss=0.00886 q=0.750 trunc=0 sps=2461 elapsed=56.5m
iter 2038/4882 steps=8347648 episodes=39575 score50=19.08 eps=0.010 loss=0.00821 q=0.719 trunc=0 sps=2461 elapsed=56.5m
iter 2039/4882 steps=8351744 episodes=39593 score50=18.34 eps=0.010 loss=0.00980 q=0.724 trunc=0 sps=2461 elapsed=56.6m
iter 2040/4882 steps=8355840 episodes=39611 score50=16.10 eps=0.010 loss=0.00343 q=0.738 trunc=0 sps=2461 elapsed=56.6m
iter 2041/4882 steps=8359936 episodes=39629 score50=14.58 eps=0.010 loss=0.00958 q=0.719 trunc=0 sps=2461 elapsed=56.6m
iter 2042/4882 steps=8364032 episodes=39640 score50=13.94 eps=0.010 loss=0.02730 q=0.758 trunc=0 sps=2461 elapsed=56.6m
iter 2043/4882 steps=8368128 episodes=39660 score50=16.08 eps=0.010 loss=0.03797 q=0.742 trunc=0 sps=2461 elapsed=56.7m
iter 2044/4882 steps=8372224 episodes=39669 score50=17.00 eps=0.010 loss=0.00531 q=0.713 trunc=0 sps=2461 elapsed=56.7m
iter 2045/4882 steps=8376320 episodes=39688 score50=19.48 eps=0.010 loss=0.00909 q=0.757 trunc=0 sps=2461 elapsed=56.7m
iter 2046/4882 steps=8380416 episodes=39704 score50=19.66 eps=0.010 loss=0.00605 q=0.773 trunc=0 sps=2462 elapsed=56.7m
iter 2047/4882 steps=8384512 episodes=39719 score50=18.80 eps=0.010 loss=0.01413 q=0.748 trunc=0 sps=2462 elapsed=56.8m
iter 2048/4882 steps=8388608 episodes=39738 score50=18.68 eps=0.010 loss=0.00695 q=0.788 trunc=0 sps=2462 elapsed=56.8m
iter 2049/4882 steps=8392704 episodes=39752 score50=18.82 eps=0.010 loss=0.00539 q=0.832 trunc=0 sps=2462 elapsed=56.8m
iter 2050/4882 steps=8396800 episodes=39760 score50=17.70 eps=0.010 loss=0.03058 q=0.820 trunc=0 sps=2462 elapsed=56.9m
iter 2051/4882 steps=8400896 episodes=39774 score50=18.98 eps=0.010 loss=0.00368 q=0.825 trunc=0 sps=2462 elapsed=56.9m
iter 2052/4882 steps=8404992 episodes=39785 score50=19.30 eps=0.010 loss=0.00700 q=0.736 trunc=0 sps=2462 elapsed=56.9m
iter 2053/4882 steps=8409088 episodes=39801 score50=17.80 eps=0.010 loss=0.00545 q=0.728 trunc=0 sps=2462 elapsed=56.9m
iter 2054/4882 steps=8413184 episodes=39818 score50=18.56 eps=0.010 loss=0.02551 q=0.735 trunc=0 sps=2462 elapsed=57.0m
iter 2055/4882 steps=8417280 episodes=39837 score50=15.72 eps=0.010 loss=0.00926 q=0.759 trunc=0 sps=2462 elapsed=57.0m
iter 2056/4882 steps=8421376 episodes=39859 score50=13.16 eps=0.010 loss=0.02790 q=0.705 trunc=0 sps=2462 elapsed=57.0m
iter 2057/4882 steps=8425472 episodes=39880 score50=14.60 eps=0.010 loss=0.03526 q=0.689 trunc=0 sps=2462 elapsed=57.0m
iter 2058/4882 steps=8429568 episodes=39895 score50=15.44 eps=0.010 loss=0.00624 q=0.721 trunc=0 sps=2462 elapsed=57.1m
iter 2059/4882 steps=8433664 episodes=39912 score50=15.56 eps=0.010 loss=0.02403 q=0.736 trunc=0 sps=2462 elapsed=57.1m
iter 2060/4882 steps=8437760 episodes=39927 score50=15.06 eps=0.010 loss=0.00919 q=0.716 trunc=0 sps=2462 elapsed=57.1m
iter 2061/4882 steps=8441856 episodes=39941 score50=16.28 eps=0.010 loss=0.00634 q=0.760 trunc=0 sps=2462 elapsed=57.1m
iter 2062/4882 steps=8445952 episodes=39956 score50=16.68 eps=0.010 loss=0.00469 q=0.749 trunc=0 sps=2462 elapsed=57.2m
iter 2063/4882 steps=8450048 episodes=39975 score50=18.06 eps=0.010 loss=0.00765 q=0.745 trunc=0 sps=2462 elapsed=57.2m
iter 2064/4882 steps=8454144 episodes=40004 score50=14.86 eps=0.010 loss=0.04035 q=0.704 trunc=0 sps=2462 elapsed=57.2m
iter 2065/4882 steps=8458240 episodes=40019 score50=14.08 eps=0.010 loss=0.00724 q=0.743 trunc=0 sps=2462 elapsed=57.3m
iter 2066/4882 steps=8462336 episodes=40036 score50=14.00 eps=0.010 loss=0.01223 q=0.760 trunc=0 sps=2462 elapsed=57.3m
iter 2067/4882 steps=8466432 episodes=40056 score50=13.94 eps=0.010 loss=0.03390 q=0.758 trunc=0 sps=2462 elapsed=57.3m
iter 2068/4882 steps=8470528 episodes=40072 score50=15.12 eps=0.010 loss=0.02130 q=0.766 trunc=0 sps=2462 elapsed=57.3m
iter 2069/4882 steps=8474624 episodes=40084 score50=16.04 eps=0.010 loss=0.00555 q=0.711 trunc=0 sps=2462 elapsed=57.4m
iter 2070/4882 steps=8478720 episodes=40099 score50=16.26 eps=0.010 loss=0.00744 q=0.679 trunc=0 sps=2462 elapsed=57.4m
iter 2071/4882 steps=8482816 episodes=40111 score50=15.24 eps=0.010 loss=0.00669 q=0.674 trunc=0 sps=2462 elapsed=57.4m
iter 2072/4882 steps=8486912 episodes=40127 score50=15.84 eps=0.010 loss=0.04294 q=0.663 trunc=0 sps=2462 elapsed=57.4m
iter 2073/4882 steps=8491008 episodes=40149 score50=14.82 eps=0.010 loss=0.00949 q=0.679 trunc=0 sps=2462 elapsed=57.5m
iter 2074/4882 steps=8495104 episodes=40169 score50=16.76 eps=0.010 loss=0.01009 q=0.674 trunc=0 sps=2462 elapsed=57.5m
iter 2075/4882 steps=8499200 episodes=40183 score50=16.02 eps=0.010 loss=0.00662 q=0.670 trunc=0 sps=2462 elapsed=57.5m
iter 2076/4882 steps=8503296 episodes=40198 score50=17.14 eps=0.010 loss=0.02248 q=0.709 trunc=0 sps=2462 elapsed=57.6m
iter 2077/4882 steps=8507392 episodes=40216 score50=17.38 eps=0.010 loss=0.01546 q=0.705 trunc=0 sps=2463 elapsed=57.6m
iter 2078/4882 steps=8511488 episodes=40232 score50=18.26 eps=0.010 loss=0.03485 q=0.722 trunc=0 sps=2463 elapsed=57.6m
iter 2079/4882 steps=8515584 episodes=40242 score50=17.76 eps=0.010 loss=0.01198 q=0.699 trunc=0 sps=2463 elapsed=57.6m
iter 2080/4882 steps=8519680 episodes=40252 score50=16.68 eps=0.010 loss=0.00317 q=0.717 trunc=0 sps=2463 elapsed=57.7m
iter 2081/4882 steps=8523776 episodes=40267 score50=16.82 eps=0.010 loss=0.01123 q=0.682 trunc=0 sps=2463 elapsed=57.7m
iter 2082/4882 steps=8527872 episodes=40282 score50=18.58 eps=0.010 loss=0.01300 q=0.667 trunc=0 sps=2463 elapsed=57.7m
iter 2083/4882 steps=8531968 episodes=40301 score50=19.82 eps=0.010 loss=0.01738 q=0.688 trunc=0 sps=2463 elapsed=57.7m
iter 2084/4882 steps=8536064 episodes=40316 score50=19.70 eps=0.010 loss=0.01224 q=0.686 trunc=0 sps=2463 elapsed=57.8m
iter 2085/4882 steps=8540160 episodes=40334 score50=18.40 eps=0.010 loss=0.01051 q=0.709 trunc=0 sps=2463 elapsed=57.8m
iter 2086/4882 steps=8544256 episodes=40346 score50=18.06 eps=0.010 loss=0.00411 q=0.731 trunc=0 sps=2463 elapsed=57.8m
iter 2087/4882 steps=8548352 episodes=40356 score50=18.88 eps=0.010 loss=0.01199 q=0.773 trunc=0 sps=2463 elapsed=57.8m
iter 2088/4882 steps=8552448 episodes=40372 score50=18.46 eps=0.010 loss=0.03201 q=0.763 trunc=0 sps=2463 elapsed=57.9m
iter 2089/4882 steps=8556544 episodes=40383 score50=17.44 eps=0.010 loss=0.01144 q=0.653 trunc=0 sps=2463 elapsed=57.9m
iter 2090/4882 steps=8560640 episodes=40400 score50=17.98 eps=0.010 loss=0.00356 q=0.740 trunc=0 sps=2463 elapsed=57.9m
iter 2091/4882 steps=8564736 episodes=40414 score50=17.00 eps=0.010 loss=0.03383 q=0.694 trunc=0 sps=2463 elapsed=58.0m
iter 2092/4882 steps=8568832 episodes=40432 score50=18.32 eps=0.010 loss=0.01306 q=0.719 trunc=0 sps=2463 elapsed=58.0m
iter 2093/4882 steps=8572928 episodes=40449 score50=18.38 eps=0.010 loss=0.00929 q=0.694 trunc=0 sps=2463 elapsed=58.0m
iter 2094/4882 steps=8577024 episodes=40460 score50=18.14 eps=0.010 loss=0.00320 q=0.690 trunc=0 sps=2463 elapsed=58.0m
iter 2095/4882 steps=8581120 episodes=40472 score50=17.08 eps=0.010 loss=0.00769 q=0.671 trunc=0 sps=2463 elapsed=58.1m
iter 2096/4882 steps=8585216 episodes=40485 score50=17.30 eps=0.010 loss=0.02439 q=0.610 trunc=0 sps=2463 elapsed=58.1m
iter 2097/4882 steps=8589312 episodes=40501 score50=17.42 eps=0.010 loss=0.01049 q=0.609 trunc=0 sps=2463 elapsed=58.1m
iter 2098/4882 steps=8593408 episodes=40526 score50=18.32 eps=0.010 loss=0.00846 q=0.627 trunc=0 sps=2463 elapsed=58.1m
iter 2099/4882 steps=8597504 episodes=40554 score50=13.92 eps=0.010 loss=0.02540 q=0.673 trunc=0 sps=2463 elapsed=58.2m
iter 2100/4882 steps=8601600 episodes=40575 score50=13.60 eps=0.010 loss=0.03578 q=0.706 trunc=0 sps=2463 elapsed=58.2m
  [eval] iter=2100 mean=13.30+-1.60 median=12.5 max=34 P(>=120)=0.00 entropy=0.89/2.20 wnorm=53.404 srank=330/512
iter 2101/4882 steps=8605696 episodes=40590 score50=14.70 eps=0.010 loss=0.00494 q=0.709 trunc=0 sps=2460 elapsed=58.3m
iter 2102/4882 steps=8609792 episodes=40609 score50=15.72 eps=0.010 loss=0.02245 q=0.693 trunc=0 sps=2460 elapsed=58.3m
iter 2103/4882 steps=8613888 episodes=40616 score50=16.78 eps=0.010 loss=0.00305 q=0.723 trunc=0 sps=2460 elapsed=58.4m
iter 2104/4882 steps=8617984 episodes=40632 score50=16.12 eps=0.010 loss=0.01079 q=0.712 trunc=0 sps=2460 elapsed=58.4m
iter 2105/4882 steps=8622080 episodes=40641 score50=17.00 eps=0.010 loss=0.00218 q=0.723 trunc=0 sps=2460 elapsed=58.4m
iter 2106/4882 steps=8626176 episodes=40653 score50=17.54 eps=0.010 loss=0.00275 q=0.680 trunc=0 sps=2460 elapsed=58.4m
iter 2107/4882 steps=8630272 episodes=40665 score50=17.28 eps=0.010 loss=0.00498 q=0.625 trunc=0 sps=2460 elapsed=58.5m
iter 2108/4882 steps=8634368 episodes=40681 score50=17.80 eps=0.010 loss=0.00460 q=0.661 trunc=0 sps=2460 elapsed=58.5m
iter 2109/4882 steps=8638464 episodes=40692 score50=17.36 eps=0.010 loss=0.02608 q=0.659 trunc=0 sps=2460 elapsed=58.5m
iter 2110/4882 steps=8642560 episodes=40710 score50=18.12 eps=0.010 loss=0.00486 q=0.698 trunc=0 sps=2460 elapsed=58.6m
iter 2111/4882 steps=8646656 episodes=40723 score50=18.98 eps=0.010 loss=0.00290 q=0.686 trunc=0 sps=2460 elapsed=58.6m
iter 2112/4882 steps=8650752 episodes=40736 score50=19.44 eps=0.010 loss=0.02310 q=0.686 trunc=0 sps=2460 elapsed=58.6m
iter 2113/4882 steps=8654848 episodes=40752 score50=19.46 eps=0.010 loss=0.00636 q=0.698 trunc=0 sps=2460 elapsed=58.6m
iter 2114/4882 steps=8658944 episodes=40766 score50=19.42 eps=0.010 loss=0.02344 q=0.719 trunc=0 sps=2460 elapsed=58.7m
iter 2115/4882 steps=8663040 episodes=40786 score50=18.02 eps=0.010 loss=0.04092 q=0.704 trunc=0 sps=2460 elapsed=58.7m
iter 2116/4882 steps=8667136 episodes=40799 score50=14.70 eps=0.010 loss=0.03251 q=0.730 trunc=0 sps=2460 elapsed=58.7m
iter 2117/4882 steps=8671232 episodes=40818 score50=15.70 eps=0.010 loss=0.00772 q=0.665 trunc=0 sps=2460 elapsed=58.7m
iter 2118/4882 steps=8675328 episodes=40834 score50=15.32 eps=0.010 loss=0.01791 q=0.701 trunc=0 sps=2460 elapsed=58.8m
iter 2119/4882 steps=8679424 episodes=40849 score50=18.82 eps=0.010 loss=0.01500 q=0.675 trunc=0 sps=2460 elapsed=58.8m
iter 2120/4882 steps=8683520 episodes=40864 score50=19.72 eps=0.010 loss=0.00271 q=0.717 trunc=0 sps=2460 elapsed=58.8m
iter 2121/4882 steps=8687616 episodes=40878 score50=20.68 eps=0.010 loss=0.02113 q=0.709 trunc=0 sps=2460 elapsed=58.9m
iter 2122/4882 steps=8691712 episodes=40893 score50=19.82 eps=0.010 loss=0.00429 q=0.747 trunc=0 sps=2460 elapsed=58.9m
iter 2123/4882 steps=8695808 episodes=40908 score50=17.04 eps=0.010 loss=0.00898 q=0.736 trunc=0 sps=2460 elapsed=58.9m
iter 2124/4882 steps=8699904 episodes=40928 score50=16.80 eps=0.010 loss=0.01466 q=0.677 trunc=0 sps=2460 elapsed=58.9m
iter 2125/4882 steps=8704000 episodes=40944 score50=15.92 eps=0.010 loss=0.01936 q=0.712 trunc=0 sps=2460 elapsed=59.0m
iter 2126/4882 steps=8708096 episodes=40955 score50=16.24 eps=0.010 loss=0.00586 q=0.703 trunc=0 sps=2460 elapsed=59.0m
iter 2127/4882 steps=8712192 episodes=40966 score50=16.04 eps=0.010 loss=0.01243 q=0.793 trunc=0 sps=2460 elapsed=59.0m
iter 2128/4882 steps=8716288 episodes=40984 score50=17.22 eps=0.010 loss=0.01011 q=0.762 trunc=0 sps=2460 elapsed=59.0m
iter 2129/4882 steps=8720384 episodes=41007 score50=17.86 eps=0.010 loss=0.03609 q=0.770 trunc=0 sps=2460 elapsed=59.1m
iter 2130/4882 steps=8724480 episodes=41012 score50=18.06 eps=0.010 loss=0.00391 q=0.794 trunc=0 sps=2460 elapsed=59.1m
iter 2131/4882 steps=8728576 episodes=41036 score50=17.60 eps=0.010 loss=0.01703 q=0.809 trunc=0 sps=2460 elapsed=59.1m
iter 2132/4882 steps=8732672 episodes=41046 score50=18.08 eps=0.010 loss=0.00698 q=0.787 trunc=0 sps=2460 elapsed=59.2m
iter 2133/4882 steps=8736768 episodes=41061 score50=16.06 eps=0.010 loss=0.01033 q=0.791 trunc=0 sps=2460 elapsed=59.2m
iter 2134/4882 steps=8740864 episodes=41073 score50=16.00 eps=0.010 loss=0.00421 q=0.823 trunc=0 sps=2460 elapsed=59.2m
iter 2135/4882 steps=8744960 episodes=41088 score50=17.22 eps=0.010 loss=0.00481 q=0.775 trunc=0 sps=2460 elapsed=59.2m
iter 2136/4882 steps=8749056 episodes=41101 score50=17.02 eps=0.010 loss=0.01376 q=0.740 trunc=0 sps=2460 elapsed=59.3m
iter 2137/4882 steps=8753152 episodes=41117 score50=17.48 eps=0.010 loss=0.00633 q=0.703 trunc=0 sps=2460 elapsed=59.3m
iter 2138/4882 steps=8757248 episodes=41134 score50=16.64 eps=0.010 loss=0.03334 q=0.768 trunc=0 sps=2460 elapsed=59.3m
iter 2139/4882 steps=8761344 episodes=41151 score50=15.94 eps=0.010 loss=0.05324 q=0.805 trunc=0 sps=2460 elapsed=59.4m
iter 2140/4882 steps=8765440 episodes=41172 score50=18.06 eps=0.010 loss=0.00476 q=0.774 trunc=0 sps=2460 elapsed=59.4m
iter 2141/4882 steps=8769536 episodes=41180 score50=17.82 eps=0.010 loss=0.02266 q=0.746 trunc=0 sps=2460 elapsed=59.4m
iter 2142/4882 steps=8773632 episodes=41192 score50=18.00 eps=0.010 loss=0.01046 q=0.777 trunc=0 sps=2460 elapsed=59.4m
iter 2143/4882 steps=8777728 episodes=41212 score50=17.48 eps=0.010 loss=0.02748 q=0.794 trunc=0 sps=2460 elapsed=59.5m
iter 2144/4882 steps=8781824 episodes=41220 score50=16.66 eps=0.010 loss=0.01350 q=0.749 trunc=0 sps=2460 elapsed=59.5m
iter 2145/4882 steps=8785920 episodes=41239 score50=17.42 eps=0.010 loss=0.01735 q=0.758 trunc=0 sps=2460 elapsed=59.5m
iter 2146/4882 steps=8790016 episodes=41251 score50=17.66 eps=0.010 loss=0.04582 q=0.759 trunc=0 sps=2460 elapsed=59.6m
iter 2147/4882 steps=8794112 episodes=41268 score50=19.08 eps=0.010 loss=0.00942 q=0.801 trunc=0 sps=2460 elapsed=59.6m
iter 2148/4882 steps=8798208 episodes=41281 score50=18.94 eps=0.010 loss=0.00868 q=0.824 trunc=0 sps=2460 elapsed=59.6m
iter 2149/4882 steps=8802304 episodes=41300 score50=19.64 eps=0.010 loss=0.02326 q=0.802 trunc=0 sps=2460 elapsed=59.6m
iter 2150/4882 steps=8806400 episodes=41317 score50=17.34 eps=0.010 loss=0.00773 q=0.747 trunc=0 sps=2460 elapsed=59.7m
iter 2151/4882 steps=8810496 episodes=41336 score50=16.36 eps=0.010 loss=0.00502 q=0.777 trunc=0 sps=2460 elapsed=59.7m
iter 2152/4882 steps=8814592 episodes=41357 score50=16.36 eps=0.010 loss=0.04403 q=0.741 trunc=0 sps=2460 elapsed=59.7m
iter 2153/4882 steps=8818688 episodes=41375 score50=16.28 eps=0.010 loss=0.02346 q=0.721 trunc=0 sps=2460 elapsed=59.7m
iter 2154/4882 steps=8822784 episodes=41392 score50=13.74 eps=0.010 loss=0.00390 q=0.776 trunc=0 sps=2460 elapsed=59.8m
iter 2155/4882 steps=8826880 episodes=41407 score50=15.22 eps=0.010 loss=0.02285 q=0.790 trunc=0 sps=2460 elapsed=59.8m
iter 2156/4882 steps=8830976 episodes=41425 score50=17.20 eps=0.010 loss=0.01417 q=0.773 trunc=0 sps=2460 elapsed=59.8m
iter 2157/4882 steps=8835072 episodes=41441 score50=17.88 eps=0.010 loss=0.01424 q=0.802 trunc=0 sps=2460 elapsed=59.9m
iter 2158/4882 steps=8839168 episodes=41451 score50=17.38 eps=0.010 loss=0.00424 q=0.769 trunc=0 sps=2460 elapsed=59.9m
iter 2159/4882 steps=8843264 episodes=41471 score50=16.32 eps=0.010 loss=0.03318 q=0.752 trunc=0 sps=2460 elapsed=59.9m
iter 2160/4882 steps=8847360 episodes=41476 score50=15.78 eps=0.010 loss=0.00387 q=0.781 trunc=0 sps=2460 elapsed=59.9m
iter 2161/4882 steps=8851456 episodes=41487 score50=16.16 eps=0.010 loss=0.02685 q=0.766 trunc=0 sps=2460 elapsed=60.0m
iter 2162/4882 steps=8855552 episodes=41502 score50=17.98 eps=0.010 loss=0.01092 q=0.779 trunc=0 sps=2460 elapsed=60.0m
iter 2163/4882 steps=8859648 episodes=41516 score50=17.88 eps=0.010 loss=0.02402 q=0.759 trunc=0 sps=2460 elapsed=60.0m
iter 2164/4882 steps=8863744 episodes=41529 score50=18.94 eps=0.010 loss=0.00420 q=0.794 trunc=0 sps=2460 elapsed=60.0m
iter 2165/4882 steps=8867840 episodes=41548 score50=17.58 eps=0.010 loss=0.00823 q=0.778 trunc=0 sps=2460 elapsed=60.1m
iter 2166/4882 steps=8871936 episodes=41563 score50=18.44 eps=0.010 loss=0.01340 q=0.743 trunc=0 sps=2460 elapsed=60.1m
iter 2167/4882 steps=8876032 episodes=41574 score50=18.56 eps=0.010 loss=0.00409 q=0.818 trunc=0 sps=2460 elapsed=60.1m
iter 2168/4882 steps=8880128 episodes=41599 score50=19.10 eps=0.010 loss=0.03515 q=0.788 trunc=0 sps=2460 elapsed=60.2m
iter 2169/4882 steps=8884224 episodes=41616 score50=18.84 eps=0.010 loss=0.00510 q=0.848 trunc=0 sps=2460 elapsed=60.2m
iter 2170/4882 steps=8888320 episodes=41628 score50=18.82 eps=0.010 loss=0.00343 q=0.822 trunc=0 sps=2460 elapsed=60.2m
iter 2171/4882 steps=8892416 episodes=41641 score50=19.32 eps=0.010 loss=0.00426 q=0.792 trunc=0 sps=2460 elapsed=60.2m
iter 2172/4882 steps=8896512 episodes=41649 score50=18.64 eps=0.010 loss=0.00898 q=0.787 trunc=0 sps=2460 elapsed=60.3m
iter 2173/4882 steps=8900608 episodes=41665 score50=18.46 eps=0.010 loss=0.00633 q=0.756 trunc=0 sps=2460 elapsed=60.3m
iter 2174/4882 steps=8904704 episodes=41678 score50=19.06 eps=0.010 loss=0.00623 q=0.839 trunc=0 sps=2460 elapsed=60.3m
iter 2175/4882 steps=8908800 episodes=41694 score50=18.18 eps=0.010 loss=0.01939 q=0.793 trunc=0 sps=2460 elapsed=60.4m
iter 2176/4882 steps=8912896 episodes=41714 score50=17.54 eps=0.010 loss=0.02562 q=0.836 trunc=0 sps=2460 elapsed=60.4m
iter 2177/4882 steps=8916992 episodes=41727 score50=17.24 eps=0.010 loss=0.03391 q=0.854 trunc=0 sps=2460 elapsed=60.4m
iter 2178/4882 steps=8921088 episodes=41741 score50=17.12 eps=0.010 loss=0.02903 q=0.857 trunc=0 sps=2460 elapsed=60.4m
iter 2179/4882 steps=8925184 episodes=41754 score50=17.08 eps=0.010 loss=0.00414 q=0.822 trunc=0 sps=2460 elapsed=60.5m
iter 2180/4882 steps=8929280 episodes=41771 score50=16.26 eps=0.010 loss=0.01343 q=0.818 trunc=0 sps=2460 elapsed=60.5m
iter 2181/4882 steps=8933376 episodes=41782 score50=15.68 eps=0.010 loss=0.00613 q=0.878 trunc=0 sps=2460 elapsed=60.5m
iter 2182/4882 steps=8937472 episodes=41799 score50=17.54 eps=0.010 loss=0.01338 q=0.813 trunc=0 sps=2460 elapsed=60.5m
iter 2183/4882 steps=8941568 episodes=41808 score50=17.90 eps=0.010 loss=0.03278 q=0.854 trunc=0 sps=2460 elapsed=60.6m
iter 2184/4882 steps=8945664 episodes=41828 score50=20.30 eps=0.010 loss=0.02741 q=0.813 trunc=0 sps=2460 elapsed=60.6m
iter 2185/4882 steps=8949760 episodes=41855 score50=17.98 eps=0.010 loss=0.02154 q=0.875 trunc=0 sps=2460 elapsed=60.6m
iter 2186/4882 steps=8953856 episodes=41874 score50=17.38 eps=0.010 loss=0.01021 q=0.872 trunc=0 sps=2460 elapsed=60.7m
iter 2187/4882 steps=8957952 episodes=41889 score50=17.42 eps=0.010 loss=0.01162 q=0.844 trunc=0 sps=2460 elapsed=60.7m
iter 2188/4882 steps=8962048 episodes=41905 score50=17.42 eps=0.010 loss=0.00777 q=0.811 trunc=0 sps=2460 elapsed=60.7m
iter 2189/4882 steps=8966144 episodes=41914 score50=16.26 eps=0.010 loss=0.00593 q=0.853 trunc=0 sps=2460 elapsed=60.7m
iter 2190/4882 steps=8970240 episodes=41925 score50=17.16 eps=0.010 loss=0.03230 q=0.917 trunc=0 sps=2460 elapsed=60.8m
iter 2191/4882 steps=8974336 episodes=41935 score50=17.68 eps=0.010 loss=0.01073 q=0.826 trunc=0 sps=2460 elapsed=60.8m
iter 2192/4882 steps=8978432 episodes=41951 score50=16.78 eps=0.010 loss=0.01847 q=0.728 trunc=0 sps=2460 elapsed=60.8m
iter 2193/4882 steps=8982528 episodes=41967 score50=17.08 eps=0.010 loss=0.01477 q=0.719 trunc=0 sps=2460 elapsed=60.8m
iter 2194/4882 steps=8986624 episodes=41978 score50=16.36 eps=0.010 loss=0.00311 q=0.771 trunc=0 sps=2460 elapsed=60.9m
iter 2195/4882 steps=8990720 episodes=41995 score50=16.54 eps=0.010 loss=0.01532 q=0.676 trunc=0 sps=2460 elapsed=60.9m
iter 2196/4882 steps=8994816 episodes=42008 score50=16.84 eps=0.010 loss=0.00510 q=0.690 trunc=0 sps=2460 elapsed=60.9m
iter 2197/4882 steps=8998912 episodes=42025 score50=17.84 eps=0.010 loss=0.00500 q=0.720 trunc=0 sps=2460 elapsed=61.0m
iter 2198/4882 steps=9003008 episodes=42046 score50=18.08 eps=0.010 loss=0.00906 q=0.741 trunc=0 sps=2460 elapsed=61.0m
iter 2199/4882 steps=9007104 episodes=42068 score50=17.90 eps=0.010 loss=0.02269 q=0.737 trunc=0 sps=2460 elapsed=61.0m
iter 2200/4882 steps=9011200 episodes=42088 score50=16.26 eps=0.010 loss=0.00963 q=0.708 trunc=0 sps=2460 elapsed=61.0m
  [eval] iter=2200 mean=19.10+-2.13 median=19.5 max=38 P(>=120)=0.00 entropy=1.19/2.20 wnorm=54.613 srank=333/512
iter 2201/4882 steps=9015296 episodes=42113 score50=13.52 eps=0.010 loss=0.05353 q=0.728 trunc=0 sps=2457 elapsed=61.2m
iter 2202/4882 steps=9019392 episodes=42124 score50=12.60 eps=0.010 loss=0.01263 q=0.740 trunc=0 sps=2457 elapsed=61.2m
iter 2203/4882 steps=9023488 episodes=42139 score50=13.90 eps=0.010 loss=0.00645 q=0.706 trunc=0 sps=2457 elapsed=61.2m
iter 2204/4882 steps=9027584 episodes=42153 score50=15.00 eps=0.010 loss=0.01331 q=0.743 trunc=0 sps=2457 elapsed=61.2m
iter 2205/4882 steps=9031680 episodes=42161 score50=16.40 eps=0.010 loss=0.00412 q=0.713 trunc=0 sps=2457 elapsed=61.3m
iter 2206/4882 steps=9035776 episodes=42172 score50=16.96 eps=0.010 loss=0.00338 q=0.733 trunc=0 sps=2457 elapsed=61.3m
iter 2207/4882 steps=9039872 episodes=42185 score50=15.24 eps=0.010 loss=0.00802 q=0.733 trunc=0 sps=2457 elapsed=61.3m
iter 2208/4882 steps=9043968 episodes=42200 score50=17.16 eps=0.010 loss=0.00724 q=0.678 trunc=0 sps=2457 elapsed=61.4m
iter 2209/4882 steps=9048064 episodes=42217 score50=18.20 eps=0.010 loss=0.00535 q=0.679 trunc=0 sps=2457 elapsed=61.4m
iter 2210/4882 steps=9052160 episodes=42229 score50=19.60 eps=0.010 loss=0.00825 q=0.725 trunc=0 sps=2457 elapsed=61.4m
iter 2211/4882 steps=9056256 episodes=42240 score50=21.34 eps=0.010 loss=0.00891 q=0.703 trunc=0 sps=2457 elapsed=61.4m
iter 2212/4882 steps=9060352 episodes=42259 score50=21.26 eps=0.010 loss=0.00487 q=0.735 trunc=0 sps=2457 elapsed=61.5m
iter 2213/4882 steps=9064448 episodes=42274 score50=20.92 eps=0.010 loss=0.00813 q=0.730 trunc=0 sps=2457 elapsed=61.5m
iter 2214/4882 steps=9068544 episodes=42282 score50=20.28 eps=0.010 loss=0.00575 q=0.715 trunc=0 sps=2457 elapsed=61.5m
iter 2215/4882 steps=9072640 episodes=42295 score50=18.30 eps=0.010 loss=0.00305 q=0.693 trunc=0 sps=2457 elapsed=61.6m
iter 2216/4882 steps=9076736 episodes=42305 score50=19.66 eps=0.010 loss=0.01236 q=0.685 trunc=0 sps=2457 elapsed=61.6m
iter 2217/4882 steps=9080832 episodes=42326 score50=20.20 eps=0.010 loss=0.02099 q=0.666 trunc=0 sps=2457 elapsed=61.6m
iter 2218/4882 steps=9084928 episodes=42342 score50=19.34 eps=0.010 loss=0.02741 q=0.682 trunc=0 sps=2457 elapsed=61.6m
iter 2219/4882 steps=9089024 episodes=42355 score50=18.32 eps=0.010 loss=0.00965 q=0.691 trunc=0 sps=2457 elapsed=61.7m
iter 2220/4882 steps=9093120 episodes=42369 score50=17.50 eps=0.010 loss=0.00570 q=0.681 trunc=0 sps=2457 elapsed=61.7m
iter 2221/4882 steps=9097216 episodes=42378 score50=19.02 eps=0.010 loss=0.00319 q=0.737 trunc=0 sps=2457 elapsed=61.7m
iter 2222/4882 steps=9101312 episodes=42387 score50=19.30 eps=0.010 loss=0.00480 q=0.674 trunc=0 sps=2457 elapsed=61.7m
iter 2223/4882 steps=9105408 episodes=42401 score50=17.96 eps=0.010 loss=0.01225 q=0.682 trunc=0 sps=2457 elapsed=61.8m
iter 2224/4882 steps=9109504 episodes=42420 score50=18.90 eps=0.010 loss=0.00888 q=0.628 trunc=0 sps=2457 elapsed=61.8m
iter 2225/4882 steps=9113600 episodes=42432 score50=18.30 eps=0.010 loss=0.01926 q=0.634 trunc=0 sps=2457 elapsed=61.8m
iter 2226/4882 steps=9117696 episodes=42446 score50=19.14 eps=0.010 loss=0.01195 q=0.666 trunc=0 sps=2457 elapsed=61.9m
iter 2227/4882 steps=9121792 episodes=42466 score50=21.18 eps=0.010 loss=0.00438 q=0.704 trunc=0 sps=2457 elapsed=61.9m
iter 2228/4882 steps=9125888 episodes=42476 score50=21.28 eps=0.010 loss=0.04554 q=0.699 trunc=0 sps=2457 elapsed=61.9m
iter 2229/4882 steps=9129984 episodes=42487 score50=22.50 eps=0.010 loss=0.00319 q=0.688 trunc=0 sps=2457 elapsed=61.9m
iter 2230/4882 steps=9134080 episodes=42508 score50=20.66 eps=0.010 loss=0.01441 q=0.657 trunc=0 sps=2457 elapsed=62.0m
iter 2231/4882 steps=9138176 episodes=42517 score50=20.56 eps=0.010 loss=0.01904 q=0.701 trunc=0 sps=2457 elapsed=62.0m
iter 2232/4882 steps=9142272 episodes=42534 score50=18.90 eps=0.010 loss=0.02014 q=0.688 trunc=0 sps=2457 elapsed=62.0m
iter 2233/4882 steps=9146368 episodes=42545 score50=17.46 eps=0.010 loss=0.00906 q=0.637 trunc=0 sps=2457 elapsed=62.0m
iter 2234/4882 steps=9150464 episodes=42556 score50=18.12 eps=0.010 loss=0.00835 q=0.654 trunc=0 sps=2457 elapsed=62.1m
iter 2235/4882 steps=9154560 episodes=42571 score50=16.90 eps=0.010 loss=0.01691 q=0.631 trunc=0 sps=2457 elapsed=62.1m
iter 2236/4882 steps=9158656 episodes=42579 score50=17.28 eps=0.010 loss=0.00265 q=0.660 trunc=0 sps=2457 elapsed=62.1m
iter 2237/4882 steps=9162752 episodes=42595 score50=17.16 eps=0.010 loss=0.02351 q=0.647 trunc=0 sps=2457 elapsed=62.2m
iter 2238/4882 steps=9166848 episodes=42612 score50=17.18 eps=0.010 loss=0.00741 q=0.650 trunc=0 sps=2457 elapsed=62.2m
iter 2239/4882 steps=9170944 episodes=42625 score50=18.66 eps=0.010 loss=0.02907 q=0.719 trunc=0 sps=2457 elapsed=62.2m
iter 2240/4882 steps=9175040 episodes=42635 score50=19.08 eps=0.010 loss=0.00841 q=0.696 trunc=0 sps=2457 elapsed=62.2m
iter 2241/4882 steps=9179136 episodes=42647 score50=20.78 eps=0.010 loss=0.02350 q=0.637 trunc=0 sps=2457 elapsed=62.3m
iter 2242/4882 steps=9183232 episodes=42658 score50=20.68 eps=0.010 loss=0.01856 q=0.633 trunc=0 sps=2457 elapsed=62.3m
iter 2243/4882 steps=9187328 episodes=42671 score50=21.96 eps=0.010 loss=0.00339 q=0.718 trunc=0 sps=2457 elapsed=62.3m
iter 2244/4882 steps=9191424 episodes=42683 score50=22.50 eps=0.010 loss=0.01905 q=0.669 trunc=0 sps=2457 elapsed=62.4m
iter 2245/4882 steps=9195520 episodes=42697 score50=23.20 eps=0.010 loss=0.02205 q=0.625 trunc=0 sps=2457 elapsed=62.4m
iter 2246/4882 steps=9199616 episodes=42716 score50=21.90 eps=0.010 loss=0.00686 q=0.673 trunc=0 sps=2457 elapsed=62.4m
iter 2247/4882 steps=9203712 episodes=42735 score50=21.82 eps=0.010 loss=0.00858 q=0.729 trunc=0 sps=2457 elapsed=62.4m
iter 2248/4882 steps=9207808 episodes=42746 score50=19.98 eps=0.010 loss=0.00844 q=0.766 trunc=0 sps=2457 elapsed=62.5m
iter 2249/4882 steps=9211904 episodes=42755 score50=20.08 eps=0.010 loss=0.00577 q=0.773 trunc=0 sps=2457 elapsed=62.5m
iter 2250/4882 steps=9216000 episodes=42766 score50=19.48 eps=0.010 loss=0.00516 q=0.712 trunc=0 sps=2457 elapsed=62.5m
iter 2251/4882 steps=9220096 episodes=42782 score50=18.38 eps=0.010 loss=0.00443 q=0.772 trunc=0 sps=2457 elapsed=62.5m
iter 2252/4882 steps=9224192 episodes=42794 score50=18.00 eps=0.010 loss=0.00353 q=0.741 trunc=0 sps=2457 elapsed=62.6m
iter 2253/4882 steps=9228288 episodes=42808 score50=17.36 eps=0.010 loss=0.00395 q=0.756 trunc=0 sps=2457 elapsed=62.6m
iter 2254/4882 steps=9232384 episodes=42822 score50=17.06 eps=0.010 loss=0.00391 q=0.763 trunc=0 sps=2457 elapsed=62.6m
iter 2255/4882 steps=9236480 episodes=42835 score50=18.40 eps=0.010 loss=0.04079 q=0.766 trunc=0 sps=2457 elapsed=62.7m
iter 2256/4882 steps=9240576 episodes=42844 score50=20.16 eps=0.010 loss=0.00179 q=0.799 trunc=0 sps=2457 elapsed=62.7m
iter 2257/4882 steps=9244672 episodes=42859 score50=22.68 eps=0.010 loss=0.01049 q=0.822 trunc=0 sps=2457 elapsed=62.7m
iter 2258/4882 steps=9248768 episodes=42882 score50=20.84 eps=0.010 loss=0.01392 q=0.833 trunc=0 sps=2457 elapsed=62.7m
iter 2259/4882 steps=9252864 episodes=42901 score50=17.90 eps=0.010 loss=0.03165 q=0.809 trunc=0 sps=2457 elapsed=62.8m
iter 2260/4882 steps=9256960 episodes=42911 score50=17.36 eps=0.010 loss=0.00718 q=0.845 trunc=0 sps=2457 elapsed=62.8m
iter 2261/4882 steps=9261056 episodes=42929 score50=19.22 eps=0.010 loss=0.01370 q=0.891 trunc=0 sps=2457 elapsed=62.8m
iter 2262/4882 steps=9265152 episodes=42946 score50=19.62 eps=0.010 loss=0.01089 q=0.860 trunc=0 sps=2457 elapsed=62.9m
iter 2263/4882 steps=9269248 episodes=42956 score50=18.82 eps=0.010 loss=0.00335 q=0.857 trunc=0 sps=2457 elapsed=62.9m
iter 2264/4882 steps=9273344 episodes=42972 score50=17.50 eps=0.010 loss=0.00664 q=0.840 trunc=0 sps=2457 elapsed=62.9m
iter 2265/4882 steps=9277440 episodes=42987 score50=16.68 eps=0.010 loss=0.03762 q=0.852 trunc=0 sps=2457 elapsed=62.9m
iter 2266/4882 steps=9281536 episodes=43001 score50=17.02 eps=0.010 loss=0.01013 q=0.803 trunc=0 sps=2457 elapsed=63.0m
iter 2267/4882 steps=9285632 episodes=43013 score50=18.72 eps=0.010 loss=0.01555 q=0.857 trunc=0 sps=2457 elapsed=63.0m
iter 2268/4882 steps=9289728 episodes=43021 score50=18.36 eps=0.010 loss=0.00756 q=0.835 trunc=0 sps=2457 elapsed=63.0m
iter 2269/4882 steps=9293824 episodes=43036 score50=18.52 eps=0.010 loss=0.00648 q=0.893 trunc=0 sps=2457 elapsed=63.0m
iter 2270/4882 steps=9297920 episodes=43064 score50=17.92 eps=0.010 loss=0.04469 q=0.780 trunc=0 sps=2457 elapsed=63.1m
iter 2271/4882 steps=9302016 episodes=43092 score50=16.44 eps=0.010 loss=0.06286 q=0.687 trunc=0 sps=2457 elapsed=63.1m
iter 2272/4882 steps=9306112 episodes=43109 score50=16.16 eps=0.010 loss=0.03280 q=0.847 trunc=0 sps=2457 elapsed=63.1m
iter 2273/4882 steps=9310208 episodes=43123 score50=16.82 eps=0.010 loss=0.00591 q=0.883 trunc=0 sps=2457 elapsed=63.2m
iter 2274/4882 steps=9314304 episodes=43134 score50=16.72 eps=0.010 loss=0.00909 q=0.797 trunc=0 sps=2457 elapsed=63.2m
iter 2275/4882 steps=9318400 episodes=43143 score50=15.86 eps=0.010 loss=0.00415 q=0.852 trunc=0 sps=2457 elapsed=63.2m
iter 2276/4882 steps=9322496 episodes=43154 score50=15.68 eps=0.010 loss=0.00491 q=0.752 trunc=0 sps=2457 elapsed=63.2m
iter 2277/4882 steps=9326592 episodes=43161 score50=15.96 eps=0.010 loss=0.02067 q=0.706 trunc=0 sps=2457 elapsed=63.3m
iter 2278/4882 steps=9330688 episodes=43177 score50=16.64 eps=0.010 loss=0.01284 q=0.705 trunc=0 sps=2457 elapsed=63.3m
iter 2279/4882 steps=9334784 episodes=43188 score50=17.92 eps=0.010 loss=0.01633 q=0.735 trunc=0 sps=2457 elapsed=63.3m
iter 2280/4882 steps=9338880 episodes=43202 score50=18.20 eps=0.010 loss=0.01974 q=0.634 trunc=0 sps=2457 elapsed=63.3m
iter 2281/4882 steps=9342976 episodes=43217 score50=19.20 eps=0.010 loss=0.01540 q=0.671 trunc=0 sps=2457 elapsed=63.4m
iter 2282/4882 steps=9347072 episodes=43239 score50=18.80 eps=0.010 loss=0.01261 q=0.643 trunc=0 sps=2457 elapsed=63.4m
iter 2283/4882 steps=9351168 episodes=43255 score50=18.94 eps=0.010 loss=0.02293 q=0.648 trunc=0 sps=2457 elapsed=63.4m
iter 2284/4882 steps=9355264 episodes=43268 score50=18.70 eps=0.010 loss=0.00809 q=0.690 trunc=0 sps=2457 elapsed=63.5m
iter 2285/4882 steps=9359360 episodes=43280 score50=18.06 eps=0.010 loss=0.00364 q=0.685 trunc=0 sps=2457 elapsed=63.5m
iter 2286/4882 steps=9363456 episodes=43302 score50=18.50 eps=0.010 loss=0.00673 q=0.713 trunc=0 sps=2457 elapsed=63.5m
iter 2287/4882 steps=9367552 episodes=43314 score50=18.42 eps=0.010 loss=0.00947 q=0.745 trunc=0 sps=2457 elapsed=63.5m
iter 2288/4882 steps=9371648 episodes=43327 score50=19.12 eps=0.010 loss=0.00801 q=0.683 trunc=0 sps=2457 elapsed=63.6m
iter 2289/4882 steps=9375744 episodes=43338 score50=19.48 eps=0.010 loss=0.00750 q=0.747 trunc=0 sps=2457 elapsed=63.6m
iter 2290/4882 steps=9379840 episodes=43352 score50=18.06 eps=0.010 loss=0.02737 q=0.652 trunc=0 sps=2457 elapsed=63.6m
iter 2291/4882 steps=9383936 episodes=43370 score50=16.50 eps=0.010 loss=0.01263 q=0.689 trunc=0 sps=2457 elapsed=63.7m
iter 2292/4882 steps=9388032 episodes=43383 score50=16.78 eps=0.010 loss=0.00352 q=0.678 trunc=0 sps=2457 elapsed=63.7m
iter 2293/4882 steps=9392128 episodes=43398 score50=17.94 eps=0.010 loss=0.00511 q=0.694 trunc=0 sps=2457 elapsed=63.7m
iter 2294/4882 steps=9396224 episodes=43412 score50=18.10 eps=0.010 loss=0.00914 q=0.663 trunc=0 sps=2457 elapsed=63.7m
iter 2295/4882 steps=9400320 episodes=43421 score50=19.72 eps=0.010 loss=0.00575 q=0.673 trunc=0 sps=2457 elapsed=63.8m
iter 2296/4882 steps=9404416 episodes=43435 score50=19.76 eps=0.010 loss=0.00595 q=0.675 trunc=0 sps=2457 elapsed=63.8m
iter 2297/4882 steps=9408512 episodes=43448 score50=19.68 eps=0.010 loss=0.00684 q=0.658 trunc=0 sps=2457 elapsed=63.8m
iter 2298/4882 steps=9412608 episodes=43461 score50=19.92 eps=0.010 loss=0.01088 q=0.676 trunc=0 sps=2457 elapsed=63.8m
iter 2299/4882 steps=9416704 episodes=43472 score50=19.08 eps=0.010 loss=0.00382 q=0.659 trunc=0 sps=2457 elapsed=63.9m
iter 2300/4882 steps=9420800 episodes=43491 score50=18.56 eps=0.010 loss=0.00906 q=0.620 trunc=0 sps=2457 elapsed=63.9m
  [eval] iter=2300 mean=20.50+-1.72 median=18.5 max=39 P(>=120)=0.00 entropy=1.22/2.20 wnorm=55.827 srank=340/512
iter 2301/4882 steps=9424896 episodes=43502 score50=17.84 eps=0.010 loss=0.00551 q=0.703 trunc=0 sps=2453 elapsed=64.0m
iter 2302/4882 steps=9428992 episodes=43515 score50=18.54 eps=0.010 loss=0.00463 q=0.635 trunc=0 sps=2453 elapsed=64.1m
iter 2303/4882 steps=9433088 episodes=43527 score50=18.60 eps=0.010 loss=0.01463 q=0.596 trunc=0 sps=2453 elapsed=64.1m
iter 2304/4882 steps=9437184 episodes=43541 score50=19.10 eps=0.010 loss=0.00823 q=0.596 trunc=0 sps=2453 elapsed=64.1m
iter 2305/4882 steps=9441280 episodes=43560 score50=21.72 eps=0.010 loss=0.00824 q=0.603 trunc=0 sps=2453 elapsed=64.1m
iter 2306/4882 steps=9445376 episodes=43571 score50=20.56 eps=0.010 loss=0.00509 q=0.684 trunc=0 sps=2453 elapsed=64.2m
iter 2307/4882 steps=9449472 episodes=43581 score50=20.30 eps=0.010 loss=0.01097 q=0.605 trunc=0 sps=2453 elapsed=64.2m
iter 2308/4882 steps=9453568 episodes=43590 score50=21.26 eps=0.010 loss=0.00246 q=0.619 trunc=0 sps=2453 elapsed=64.2m
iter 2309/4882 steps=9457664 episodes=43605 score50=21.02 eps=0.010 loss=0.00395 q=0.640 trunc=0 sps=2453 elapsed=64.3m
iter 2310/4882 steps=9461760 episodes=43618 score50=19.46 eps=0.010 loss=0.01992 q=0.611 trunc=0 sps=2453 elapsed=64.3m
iter 2311/4882 steps=9465856 episodes=43627 score50=19.76 eps=0.010 loss=0.00215 q=0.622 trunc=0 sps=2453 elapsed=64.3m
iter 2312/4882 steps=9469952 episodes=43647 score50=20.64 eps=0.010 loss=0.00419 q=0.639 trunc=0 sps=2453 elapsed=64.3m
iter 2313/4882 steps=9474048 episodes=43669 score50=20.94 eps=0.010 loss=0.01052 q=0.636 trunc=0 sps=2453 elapsed=64.4m
iter 2314/4882 steps=9478144 episodes=43687 score50=20.88 eps=0.010 loss=0.03233 q=0.693 trunc=0 sps=2453 elapsed=64.4m
iter 2315/4882 steps=9482240 episodes=43703 score50=18.50 eps=0.010 loss=0.01022 q=0.723 trunc=0 sps=2453 elapsed=64.4m
iter 2316/4882 steps=9486336 episodes=43720 score50=16.30 eps=0.010 loss=0.01603 q=0.707 trunc=0 sps=2453 elapsed=64.4m
iter 2317/4882 steps=9490432 episodes=43736 score50=14.60 eps=0.010 loss=0.02841 q=0.705 trunc=0 sps=2453 elapsed=64.5m
iter 2318/4882 steps=9494528 episodes=43752 score50=14.44 eps=0.010 loss=0.00539 q=0.681 trunc=0 sps=2453 elapsed=64.5m
iter 2319/4882 steps=9498624 episodes=43771 score50=15.88 eps=0.010 loss=0.02099 q=0.720 trunc=0 sps=2453 elapsed=64.5m
iter 2320/4882 steps=9502720 episodes=43785 score50=16.78 eps=0.010 loss=0.01696 q=0.752 trunc=0 sps=2453 elapsed=64.6m
iter 2321/4882 steps=9506816 episodes=43794 score50=17.66 eps=0.010 loss=0.01198 q=0.725 trunc=0 sps=2453 elapsed=64.6m
iter 2322/4882 steps=9510912 episodes=43805 score50=18.84 eps=0.010 loss=0.00436 q=0.672 trunc=0 sps=2453 elapsed=64.6m
iter 2323/4882 steps=9515008 episodes=43817 score50=18.72 eps=0.010 loss=0.00670 q=0.654 trunc=0 sps=2453 elapsed=64.6m
iter 2324/4882 steps=9519104 episodes=43835 score50=17.82 eps=0.010 loss=0.01316 q=0.660 trunc=0 sps=2453 elapsed=64.7m
iter 2325/4882 steps=9523200 episodes=43853 score50=18.84 eps=0.010 loss=0.00637 q=0.638 trunc=0 sps=2453 elapsed=64.7m
iter 2326/4882 steps=9527296 episodes=43859 score50=19.22 eps=0.010 loss=0.01035 q=0.702 trunc=0 sps=2453 elapsed=64.7m
iter 2327/4882 steps=9531392 episodes=43872 score50=20.00 eps=0.010 loss=0.02650 q=0.694 trunc=0 sps=2453 elapsed=64.8m
iter 2328/4882 steps=9535488 episodes=43885 score50=20.52 eps=0.010 loss=0.00483 q=0.649 trunc=0 sps=2453 elapsed=64.8m
iter 2329/4882 steps=9539584 episodes=43902 score50=19.56 eps=0.010 loss=0.00489 q=0.675 trunc=0 sps=2453 elapsed=64.8m
iter 2330/4882 steps=9543680 episodes=43916 score50=19.30 eps=0.010 loss=0.01111 q=0.661 trunc=0 sps=2453 elapsed=64.8m
iter 2331/4882 steps=9547776 episodes=43930 score50=19.84 eps=0.010 loss=0.00786 q=0.702 trunc=0 sps=2453 elapsed=64.9m
iter 2332/4882 steps=9551872 episodes=43938 score50=20.26 eps=0.010 loss=0.00455 q=0.662 trunc=0 sps=2453 elapsed=64.9m
iter 2333/4882 steps=9555968 episodes=43950 score50=20.70 eps=0.010 loss=0.00300 q=0.701 trunc=0 sps=2453 elapsed=64.9m
iter 2334/4882 steps=9560064 episodes=43974 score50=20.88 eps=0.010 loss=0.02557 q=0.615 trunc=0 sps=2453 elapsed=65.0m
iter 2335/4882 steps=9564160 episodes=43982 score50=20.96 eps=0.010 loss=0.00501 q=0.666 trunc=0 sps=2453 elapsed=65.0m
iter 2336/4882 steps=9568256 episodes=43999 score50=19.06 eps=0.010 loss=0.00408 q=0.649 trunc=0 sps=2453 elapsed=65.0m
iter 2337/4882 steps=9572352 episodes=44009 score50=18.58 eps=0.010 loss=0.00824 q=0.646 trunc=0 sps=2453 elapsed=65.0m
iter 2338/4882 steps=9576448 episodes=44017 score50=17.80 eps=0.010 loss=0.01263 q=0.605 trunc=0 sps=2453 elapsed=65.1m
iter 2339/4882 steps=9580544 episodes=44030 score50=19.04 eps=0.010 loss=0.00776 q=0.579 trunc=0 sps=2453 elapsed=65.1m
iter 2340/4882 steps=9584640 episodes=44042 score50=18.82 eps=0.010 loss=0.00973 q=0.580 trunc=0 sps=2453 elapsed=65.1m
iter 2341/4882 steps=9588736 episodes=44056 score50=19.70 eps=0.010 loss=0.00538 q=0.639 trunc=0 sps=2453 elapsed=65.1m
iter 2342/4882 steps=9592832 episodes=44074 score50=20.60 eps=0.010 loss=0.00480 q=0.653 trunc=0 sps=2453 elapsed=65.2m
iter 2343/4882 steps=9596928 episodes=44087 score50=18.82 eps=0.010 loss=0.01542 q=0.681 trunc=0 sps=2453 elapsed=65.2m
iter 2344/4882 steps=9601024 episodes=44101 score50=19.12 eps=0.010 loss=0.00394 q=0.670 trunc=0 sps=2453 elapsed=65.2m
iter 2345/4882 steps=9605120 episodes=44113 score50=18.66 eps=0.010 loss=0.01277 q=0.669 trunc=0 sps=2453 elapsed=65.3m
iter 2346/4882 steps=9609216 episodes=44129 score50=20.06 eps=0.010 loss=0.00361 q=0.671 trunc=0 sps=2453 elapsed=65.3m
iter 2347/4882 steps=9613312 episodes=44139 score50=19.68 eps=0.010 loss=0.00793 q=0.668 trunc=0 sps=2453 elapsed=65.3m
iter 2348/4882 steps=9617408 episodes=44155 score50=18.86 eps=0.010 loss=0.01302 q=0.627 trunc=0 sps=2453 elapsed=65.3m
iter 2349/4882 steps=9621504 episodes=44176 score50=19.06 eps=0.010 loss=0.01017 q=0.634 trunc=0 sps=2453 elapsed=65.4m
iter 2350/4882 steps=9625600 episodes=44192 score50=19.16 eps=0.010 loss=0.00695 q=0.687 trunc=0 sps=2453 elapsed=65.4m
iter 2351/4882 steps=9629696 episodes=44206 score50=19.76 eps=0.010 loss=0.01584 q=0.695 trunc=0 sps=2453 elapsed=65.4m
iter 2352/4882 steps=9633792 episodes=44226 score50=18.02 eps=0.010 loss=0.01368 q=0.693 trunc=0 sps=2453 elapsed=65.4m
iter 2353/4882 steps=9637888 episodes=44236 score50=19.44 eps=0.010 loss=0.00710 q=0.694 trunc=0 sps=2453 elapsed=65.5m
iter 2354/4882 steps=9641984 episodes=44249 score50=18.14 eps=0.010 loss=0.00445 q=0.685 trunc=0 sps=2453 elapsed=65.5m
iter 2355/4882 steps=9646080 episodes=44259 score50=18.66 eps=0.010 loss=0.00544 q=0.634 trunc=0 sps=2453 elapsed=65.5m
iter 2356/4882 steps=9650176 episodes=44272 score50=17.90 eps=0.010 loss=0.01765 q=0.588 trunc=0 sps=2453 elapsed=65.6m
iter 2357/4882 steps=9654272 episodes=44280 score50=18.02 eps=0.010 loss=0.00272 q=0.629 trunc=0 sps=2453 elapsed=65.6m
iter 2358/4882 steps=9658368 episodes=44300 score50=16.88 eps=0.010 loss=0.02431 q=0.577 trunc=0 sps=2454 elapsed=65.6m
iter 2359/4882 steps=9662464 episodes=44325 score50=15.84 eps=0.010 loss=0.00952 q=0.574 trunc=0 sps=2454 elapsed=65.6m
iter 2360/4882 steps=9666560 episodes=44333 score50=15.94 eps=0.010 loss=0.02089 q=0.598 trunc=0 sps=2454 elapsed=65.7m
iter 2361/4882 steps=9670656 episodes=44341 score50=17.26 eps=0.010 loss=0.00296 q=0.621 trunc=0 sps=2454 elapsed=65.7m
iter 2362/4882 steps=9674752 episodes=44361 score50=21.04 eps=0.010 loss=0.00628 q=0.621 trunc=0 sps=2454 elapsed=65.7m
iter 2363/4882 steps=9678848 episodes=44379 score50=19.84 eps=0.010 loss=0.05230 q=0.624 trunc=0 sps=2454 elapsed=65.7m
iter 2364/4882 steps=9682944 episodes=44396 score50=18.52 eps=0.010 loss=0.00860 q=0.671 trunc=0 sps=2454 elapsed=65.8m
iter 2365/4882 steps=9687040 episodes=44408 score50=16.82 eps=0.010 loss=0.02006 q=0.618 trunc=0 sps=2454 elapsed=65.8m
iter 2366/4882 steps=9691136 episodes=44420 score50=16.56 eps=0.010 loss=0.00334 q=0.663 trunc=0 sps=2453 elapsed=65.8m
iter 2367/4882 steps=9695232 episodes=44435 score50=17.52 eps=0.010 loss=0.05018 q=0.650 trunc=0 sps=2453 elapsed=65.9m
iter 2368/4882 steps=9699328 episodes=44446 score50=18.08 eps=0.010 loss=0.00428 q=0.596 trunc=0 sps=2453 elapsed=65.9m
iter 2369/4882 steps=9703424 episodes=44462 score50=18.84 eps=0.010 loss=0.00756 q=0.640 trunc=0 sps=2453 elapsed=65.9m
iter 2370/4882 steps=9707520 episodes=44471 score50=17.80 eps=0.010 loss=0.00300 q=0.603 trunc=0 sps=2453 elapsed=65.9m
iter 2371/4882 steps=9711616 episodes=44485 score50=17.88 eps=0.010 loss=0.03756 q=0.618 trunc=0 sps=2453 elapsed=66.0m
iter 2372/4882 steps=9715712 episodes=44504 score50=17.62 eps=0.010 loss=0.00323 q=0.666 trunc=0 sps=2453 elapsed=66.0m
iter 2373/4882 steps=9719808 episodes=44518 score50=20.28 eps=0.010 loss=0.00692 q=0.688 trunc=0 sps=2453 elapsed=66.0m
iter 2374/4882 steps=9723904 episodes=44534 score50=22.52 eps=0.010 loss=0.03265 q=0.710 trunc=0 sps=2453 elapsed=66.1m
iter 2375/4882 steps=9728000 episodes=44547 score50=21.92 eps=0.010 loss=0.00398 q=0.714 trunc=0 sps=2454 elapsed=66.1m
iter 2376/4882 steps=9732096 episodes=44564 score50=18.16 eps=0.010 loss=0.05959 q=0.640 trunc=0 sps=2454 elapsed=66.1m
iter 2377/4882 steps=9736192 episodes=44580 score50=17.22 eps=0.010 loss=0.02552 q=0.654 trunc=0 sps=2454 elapsed=66.1m
iter 2378/4882 steps=9740288 episodes=44598 score50=15.70 eps=0.010 loss=0.02998 q=0.647 trunc=0 sps=2454 elapsed=66.2m
iter 2379/4882 steps=9744384 episodes=44608 score50=16.52 eps=0.010 loss=0.00297 q=0.668 trunc=0 sps=2454 elapsed=66.2m
iter 2380/4882 steps=9748480 episodes=44627 score50=18.52 eps=0.010 loss=0.01138 q=0.649 trunc=0 sps=2454 elapsed=66.2m
iter 2381/4882 steps=9752576 episodes=44638 score50=17.12 eps=0.010 loss=0.00463 q=0.718 trunc=0 sps=2454 elapsed=66.2m
iter 2382/4882 steps=9756672 episodes=44653 score50=18.46 eps=0.010 loss=0.00448 q=0.684 trunc=0 sps=2454 elapsed=66.3m
iter 2383/4882 steps=9760768 episodes=44666 score50=17.14 eps=0.010 loss=0.00979 q=0.653 trunc=0 sps=2454 elapsed=66.3m
iter 2384/4882 steps=9764864 episodes=44679 score50=16.76 eps=0.010 loss=0.00375 q=0.657 trunc=0 sps=2454 elapsed=66.3m
iter 2385/4882 steps=9768960 episodes=44694 score50=17.50 eps=0.010 loss=0.01336 q=0.676 trunc=0 sps=2454 elapsed=66.4m
iter 2386/4882 steps=9773056 episodes=44707 score50=16.88 eps=0.010 loss=0.02285 q=0.651 trunc=0 sps=2454 elapsed=66.4m
iter 2387/4882 steps=9777152 episodes=44715 score50=17.68 eps=0.010 loss=0.00351 q=0.621 trunc=0 sps=2454 elapsed=66.4m
iter 2388/4882 steps=9781248 episodes=44728 score50=17.88 eps=0.010 loss=0.00384 q=0.616 trunc=0 sps=2454 elapsed=66.4m
iter 2389/4882 steps=9785344 episodes=44746 score50=21.18 eps=0.010 loss=0.00607 q=0.639 trunc=0 sps=2454 elapsed=66.5m
iter 2390/4882 steps=9789440 episodes=44765 score50=21.22 eps=0.010 loss=0.01348 q=0.675 trunc=0 sps=2454 elapsed=66.5m
iter 2391/4882 steps=9793536 episodes=44784 score50=21.22 eps=0.010 loss=0.00542 q=0.704 trunc=0 sps=2454 elapsed=66.5m
iter 2392/4882 steps=9797632 episodes=44793 score50=20.50 eps=0.010 loss=0.00395 q=0.742 trunc=0 sps=2454 elapsed=66.5m
iter 2393/4882 steps=9801728 episodes=44804 score50=20.36 eps=0.010 loss=0.00341 q=0.695 trunc=0 sps=2454 elapsed=66.6m
iter 2394/4882 steps=9805824 episodes=44822 score50=18.74 eps=0.010 loss=0.02110 q=0.696 trunc=0 sps=2454 elapsed=66.6m
iter 2395/4882 steps=9809920 episodes=44846 score50=16.34 eps=0.010 loss=0.01291 q=0.636 trunc=0 sps=2454 elapsed=66.6m
iter 2396/4882 steps=9814016 episodes=44867 score50=16.18 eps=0.010 loss=0.00554 q=0.726 trunc=0 sps=2454 elapsed=66.7m
iter 2397/4882 steps=9818112 episodes=44878 score50=17.06 eps=0.010 loss=0.00659 q=0.730 trunc=0 sps=2454 elapsed=66.7m
iter 2398/4882 steps=9822208 episodes=44893 score50=18.00 eps=0.010 loss=0.02265 q=0.733 trunc=0 sps=2454 elapsed=66.7m
iter 2399/4882 steps=9826304 episodes=44911 score50=18.68 eps=0.010 loss=0.02140 q=0.763 trunc=0 sps=2454 elapsed=66.7m
iter 2400/4882 steps=9830400 episodes=44917 score50=18.10 eps=0.010 loss=0.01910 q=0.762 trunc=0 sps=2454 elapsed=66.8m
  [eval] iter=2400 mean=19.00+-1.89 median=19.0 max=38 P(>=120)=0.00 entropy=1.49/2.20 wnorm=57.106 srank=322/512
iter 2401/4882 steps=9834496 episodes=44925 score50=17.68 eps=0.010 loss=0.00645 q=0.700 trunc=0 sps=2451 elapsed=66.9m
iter 2402/4882 steps=9838592 episodes=44937 score50=17.18 eps=0.010 loss=0.01494 q=0.673 trunc=0 sps=2451 elapsed=66.9m
iter 2403/4882 steps=9842688 episodes=44948 score50=17.64 eps=0.010 loss=0.00781 q=0.657 trunc=0 sps=2451 elapsed=66.9m
iter 2404/4882 steps=9846784 episodes=44957 score50=17.98 eps=0.010 loss=0.00347 q=0.657 trunc=0 sps=2451 elapsed=67.0m
iter 2405/4882 steps=9850880 episodes=44965 score50=18.28 eps=0.010 loss=0.00314 q=0.681 trunc=0 sps=2450 elapsed=67.0m
iter 2406/4882 steps=9854976 episodes=44982 score50=18.82 eps=0.010 loss=0.01427 q=0.620 trunc=0 sps=2450 elapsed=67.0m
iter 2407/4882 steps=9859072 episodes=44996 score50=20.58 eps=0.010 loss=0.00329 q=0.663 trunc=0 sps=2450 elapsed=67.1m
iter 2408/4882 steps=9863168 episodes=45006 score50=20.46 eps=0.010 loss=0.00484 q=0.603 trunc=0 sps=2450 elapsed=67.1m
iter 2409/4882 steps=9867264 episodes=45019 score50=21.96 eps=0.010 loss=0.00392 q=0.663 trunc=0 sps=2450 elapsed=67.1m
iter 2410/4882 steps=9871360 episodes=45031 score50=21.28 eps=0.010 loss=0.01362 q=0.633 trunc=0 sps=2450 elapsed=67.1m
iter 2411/4882 steps=9875456 episodes=45050 score50=20.78 eps=0.010 loss=0.01685 q=0.685 trunc=0 sps=2450 elapsed=67.2m
iter 2412/4882 steps=9879552 episodes=45064 score50=21.74 eps=0.010 loss=0.01289 q=0.718 trunc=0 sps=2450 elapsed=67.2m
iter 2413/4882 steps=9883648 episodes=45076 score50=22.22 eps=0.010 loss=0.00162 q=0.750 trunc=0 sps=2450 elapsed=67.2m
iter 2414/4882 steps=9887744 episodes=45085 score50=21.58 eps=0.010 loss=0.00349 q=0.725 trunc=0 sps=2450 elapsed=67.3m
iter 2415/4882 steps=9891840 episodes=45100 score50=22.00 eps=0.010 loss=0.01100 q=0.732 trunc=0 sps=2450 elapsed=67.3m
iter 2416/4882 steps=9895936 episodes=45120 score50=20.78 eps=0.010 loss=0.00769 q=0.773 trunc=0 sps=2451 elapsed=67.3m
iter 2417/4882 steps=9900032 episodes=45135 score50=21.18 eps=0.010 loss=0.00792 q=0.792 trunc=0 sps=2451 elapsed=67.3m
iter 2418/4882 steps=9904128 episodes=45146 score50=21.20 eps=0.010 loss=0.00344 q=0.751 trunc=0 sps=2451 elapsed=67.4m
iter 2419/4882 steps=9908224 episodes=45161 score50=19.94 eps=0.010 loss=0.00318 q=0.765 trunc=0 sps=2451 elapsed=67.4m
iter 2420/4882 steps=9912320 episodes=45177 score50=20.28 eps=0.010 loss=0.00442 q=0.787 trunc=0 sps=2451 elapsed=67.4m
iter 2421/4882 steps=9916416 episodes=45194 score50=18.46 eps=0.010 loss=0.00746 q=0.757 trunc=0 sps=2451 elapsed=67.4m
iter 2422/4882 steps=9920512 episodes=45207 score50=16.70 eps=0.010 loss=0.02145 q=0.810 trunc=0 sps=2451 elapsed=67.5m
iter 2423/4882 steps=9924608 episodes=45215 score50=16.74 eps=0.010 loss=0.00255 q=0.777 trunc=0 sps=2450 elapsed=67.5m
iter 2424/4882 steps=9928704 episodes=45228 score50=16.32 eps=0.010 loss=0.00338 q=0.788 trunc=0 sps=2451 elapsed=67.5m
iter 2425/4882 steps=9932800 episodes=45240 score50=16.78 eps=0.010 loss=0.01212 q=0.796 trunc=0 sps=2450 elapsed=67.6m
iter 2426/4882 steps=9936896 episodes=45254 score50=18.76 eps=0.010 loss=0.00456 q=0.766 trunc=0 sps=2450 elapsed=67.6m
iter 2427/4882 steps=9940992 episodes=45267 score50=19.62 eps=0.010 loss=0.01504 q=0.754 trunc=0 sps=2450 elapsed=67.6m
iter 2428/4882 steps=9945088 episodes=45285 score50=18.60 eps=0.010 loss=0.00700 q=0.758 trunc=0 sps=2450 elapsed=67.6m
iter 2429/4882 steps=9949184 episodes=45297 score50=20.30 eps=0.010 loss=0.00770 q=0.807 trunc=0 sps=2450 elapsed=67.7m
iter 2430/4882 steps=9953280 episodes=45309 score50=19.44 eps=0.010 loss=0.00809 q=0.796 trunc=0 sps=2450 elapsed=67.7m
iter 2431/4882 steps=9957376 episodes=45321 score50=18.78 eps=0.010 loss=0.00406 q=0.737 trunc=0 sps=2450 elapsed=67.7m
iter 2432/4882 steps=9961472 episodes=45335 score50=19.04 eps=0.010 loss=0.01148 q=0.752 trunc=0 sps=2450 elapsed=67.8m
iter 2433/4882 steps=9965568 episodes=45348 score50=19.34 eps=0.010 loss=0.00251 q=0.740 trunc=0 sps=2450 elapsed=67.8m
iter 2434/4882 steps=9969664 episodes=45369 score50=21.16 eps=0.010 loss=0.01618 q=0.736 trunc=0 sps=2450 elapsed=67.8m
iter 2435/4882 steps=9973760 episodes=45383 score50=22.10 eps=0.010 loss=0.00472 q=0.775 trunc=0 sps=2450 elapsed=67.8m
iter 2436/4882 steps=9977856 episodes=45392 score50=21.92 eps=0.010 loss=0.00813 q=0.749 trunc=0 sps=2450 elapsed=67.9m
iter 2437/4882 steps=9981952 episodes=45406 score50=20.58 eps=0.010 loss=0.00214 q=0.766 trunc=0 sps=2450 elapsed=67.9m
iter 2438/4882 steps=9986048 episodes=45418 score50=19.28 eps=0.010 loss=0.01155 q=0.806 trunc=0 sps=2450 elapsed=67.9m
iter 2439/4882 steps=9990144 episodes=45432 score50=19.50 eps=0.010 loss=0.02209 q=0.727 trunc=0 sps=2450 elapsed=68.0m
iter 2440/4882 steps=9994240 episodes=45440 score50=19.30 eps=0.010 loss=0.00484 q=0.759 trunc=0 sps=2450 elapsed=68.0m
iter 2441/4882 steps=9998336 episodes=45447 score50=19.88 eps=0.010 loss=0.00305 q=0.735 trunc=0 sps=2450 elapsed=68.0m
iter 2442/4882 steps=10002432 episodes=45460 score50=20.22 eps=0.010 loss=0.02358 q=0.676 trunc=0 sps=2450 elapsed=68.0m
iter 2443/4882 steps=10006528 episodes=45470 score50=21.80 eps=0.010 loss=0.02352 q=0.717 trunc=0 sps=2450 elapsed=68.1m
iter 2444/4882 steps=10010624 episodes=45488 score50=22.30 eps=0.010 loss=0.00283 q=0.724 trunc=0 sps=2450 elapsed=68.1m
iter 2445/4882 steps=10014720 episodes=45503 score50=22.16 eps=0.010 loss=0.00979 q=0.683 trunc=0 sps=2450 elapsed=68.1m
iter 2446/4882 steps=10018816 episodes=45509 score50=21.30 eps=0.010 loss=0.00531 q=0.685 trunc=0 sps=2450 elapsed=68.2m
iter 2447/4882 steps=10022912 episodes=45523 score50=21.64 eps=0.010 loss=0.00534 q=0.710 trunc=0 sps=2450 elapsed=68.2m
iter 2448/4882 steps=10027008 episodes=45540 score50=20.98 eps=0.010 loss=0.02338 q=0.685 trunc=0 sps=2450 elapsed=68.2m
iter 2449/4882 steps=10031104 episodes=45558 score50=21.76 eps=0.010 loss=0.03437 q=0.714 trunc=0 sps=2450 elapsed=68.2m
iter 2450/4882 steps=10035200 episodes=45573 score50=22.00 eps=0.010 loss=0.01405 q=0.718 trunc=0 sps=2450 elapsed=68.3m
iter 2451/4882 steps=10039296 episodes=45586 score50=20.34 eps=0.010 loss=0.00933 q=0.698 trunc=0 sps=2450 elapsed=68.3m
iter 2452/4882 steps=10043392 episodes=45601 score50=18.56 eps=0.010 loss=0.00588 q=0.734 trunc=0 sps=2450 elapsed=68.3m
iter 2453/4882 steps=10047488 episodes=45617 score50=16.72 eps=0.010 loss=0.00864 q=0.724 trunc=0 sps=2450 elapsed=68.3m
iter 2454/4882 steps=10051584 episodes=45628 score50=16.88 eps=0.010 loss=0.00545 q=0.716 trunc=0 sps=2450 elapsed=68.4m
iter 2455/4882 steps=10055680 episodes=45645 score50=16.30 eps=0.010 loss=0.02789 q=0.693 trunc=0 sps=2450 elapsed=68.4m
iter 2456/4882 steps=10059776 episodes=45661 score50=15.82 eps=0.010 loss=0.01271 q=0.627 trunc=0 sps=2450 elapsed=68.4m
iter 2457/4882 steps=10063872 episodes=45681 score50=12.98 eps=0.010 loss=0.01627 q=0.627 trunc=0 sps=2450 elapsed=68.5m
iter 2458/4882 steps=10067968 episodes=45706 score50=12.58 eps=0.010 loss=0.02831 q=0.659 trunc=0 sps=2450 elapsed=68.5m
iter 2459/4882 steps=10072064 episodes=45725 score50=13.00 eps=0.010 loss=0.00886 q=0.582 trunc=0 sps=2450 elapsed=68.5m
iter 2460/4882 steps=10076160 episodes=45742 score50=16.16 eps=0.010 loss=0.00381 q=0.630 trunc=0 sps=2450 elapsed=68.5m
iter 2461/4882 steps=10080256 episodes=45754 score50=17.58 eps=0.010 loss=0.02705 q=0.719 trunc=0 sps=2450 elapsed=68.6m
iter 2462/4882 steps=10084352 episodes=45770 score50=19.76 eps=0.010 loss=0.00840 q=0.720 trunc=0 sps=2450 elapsed=68.6m
iter 2463/4882 steps=10088448 episodes=45784 score50=18.46 eps=0.010 loss=0.03767 q=0.664 trunc=0 sps=2450 elapsed=68.6m
iter 2464/4882 steps=10092544 episodes=45798 score50=17.92 eps=0.010 loss=0.01506 q=0.705 trunc=0 sps=2450 elapsed=68.6m
iter 2465/4882 steps=10096640 episodes=45813 score50=15.90 eps=0.010 loss=0.01341 q=0.707 trunc=0 sps=2450 elapsed=68.7m
iter 2466/4882 steps=10100736 episodes=45840 score50=16.74 eps=0.010 loss=0.00669 q=0.630 trunc=0 sps=2450 elapsed=68.7m
iter 2467/4882 steps=10104832 episodes=45852 score50=16.16 eps=0.010 loss=0.01811 q=0.690 trunc=0 sps=2450 elapsed=68.7m
iter 2468/4882 steps=10108928 episodes=45869 score50=15.14 eps=0.010 loss=0.01292 q=0.664 trunc=0 sps=2450 elapsed=68.8m
iter 2469/4882 steps=10113024 episodes=45880 score50=16.12 eps=0.010 loss=0.00701 q=0.689 trunc=0 sps=2450 elapsed=68.8m
iter 2470/4882 steps=10117120 episodes=45889 score50=16.54 eps=0.010 loss=0.00666 q=0.723 trunc=0 sps=2450 elapsed=68.8m
iter 2471/4882 steps=10121216 episodes=45901 score50=17.04 eps=0.010 loss=0.01181 q=0.646 trunc=0 sps=2450 elapsed=68.8m
iter 2472/4882 steps=10125312 episodes=45925 score50=18.66 eps=0.010 loss=0.02882 q=0.707 trunc=0 sps=2450 elapsed=68.9m
iter 2473/4882 steps=10129408 episodes=45935 score50=19.78 eps=0.010 loss=0.00320 q=0.733 trunc=0 sps=2450 elapsed=68.9m
iter 2474/4882 steps=10133504 episodes=45949 score50=18.64 eps=0.010 loss=0.00563 q=0.732 trunc=0 sps=2450 elapsed=68.9m
iter 2475/4882 steps=10137600 episodes=45962 score50=18.76 eps=0.010 loss=0.00504 q=0.742 trunc=0 sps=2450 elapsed=68.9m
iter 2476/4882 steps=10141696 episodes=45971 score50=18.16 eps=0.010 loss=0.00314 q=0.693 trunc=0 sps=2450 elapsed=69.0m
iter 2477/4882 steps=10145792 episodes=45982 score50=18.38 eps=0.010 loss=0.00259 q=0.745 trunc=0 sps=2450 elapsed=69.0m
iter 2478/4882 steps=10149888 episodes=46000 score50=20.48 eps=0.010 loss=0.00602 q=0.729 trunc=0 sps=2450 elapsed=69.0m
iter 2479/4882 steps=10153984 episodes=46011 score50=19.58 eps=0.010 loss=0.00449 q=0.721 trunc=0 sps=2450 elapsed=69.1m
iter 2480/4882 steps=10158080 episodes=46021 score50=19.86 eps=0.010 loss=0.00406 q=0.746 trunc=0 sps=2450 elapsed=69.1m
iter 2481/4882 steps=10162176 episodes=46035 score50=18.86 eps=0.010 loss=0.02252 q=0.719 trunc=0 sps=2450 elapsed=69.1m
iter 2482/4882 steps=10166272 episodes=46046 score50=19.46 eps=0.010 loss=0.01628 q=0.699 trunc=0 sps=2450 elapsed=69.2m
iter 2483/4882 steps=10170368 episodes=46053 score50=21.02 eps=0.010 loss=0.01006 q=0.724 trunc=0 sps=2450 elapsed=69.2m
iter 2484/4882 steps=10174464 episodes=46067 score50=21.68 eps=0.010 loss=0.00849 q=0.716 trunc=0 sps=2450 elapsed=69.2m
iter 2485/4882 steps=10178560 episodes=46078 score50=22.58 eps=0.010 loss=0.01087 q=0.710 trunc=0 sps=2450 elapsed=69.2m
iter 2486/4882 steps=10182656 episodes=46095 score50=22.32 eps=0.010 loss=0.02071 q=0.658 trunc=0 sps=2450 elapsed=69.3m
iter 2487/4882 steps=10186752 episodes=46105 score50=21.30 eps=0.010 loss=0.01463 q=0.658 trunc=0 sps=2450 elapsed=69.3m
iter 2488/4882 steps=10190848 episodes=46127 score50=20.68 eps=0.010 loss=0.00736 q=0.706 trunc=0 sps=2450 elapsed=69.3m
iter 2489/4882 steps=10194944 episodes=46144 score50=23.08 eps=0.010 loss=0.00949 q=0.668 trunc=0 sps=2450 elapsed=69.3m
iter 2490/4882 steps=10199040 episodes=46147 score50=23.26 eps=0.010 loss=0.00271 q=0.701 trunc=0 sps=2450 elapsed=69.4m
iter 2491/4882 steps=10203136 episodes=46159 score50=23.30 eps=0.010 loss=0.00529 q=0.697 trunc=0 sps=2450 elapsed=69.4m
iter 2492/4882 steps=10207232 episodes=46169 score50=24.78 eps=0.010 loss=0.00883 q=0.715 trunc=0 sps=2450 elapsed=69.4m
iter 2493/4882 steps=10211328 episodes=46182 score50=23.52 eps=0.010 loss=0.02727 q=0.721 trunc=0 sps=2450 elapsed=69.5m
iter 2494/4882 steps=10215424 episodes=46202 score50=23.10 eps=0.010 loss=0.00663 q=0.739 trunc=0 sps=2450 elapsed=69.5m
iter 2495/4882 steps=10219520 episodes=46213 score50=21.72 eps=0.010 loss=0.00846 q=0.720 trunc=0 sps=2450 elapsed=69.5m
iter 2496/4882 steps=10223616 episodes=46229 score50=19.12 eps=0.010 loss=0.01659 q=0.697 trunc=0 sps=2450 elapsed=69.5m
iter 2497/4882 steps=10227712 episodes=46240 score50=18.20 eps=0.010 loss=0.00349 q=0.732 trunc=0 sps=2450 elapsed=69.6m
iter 2498/4882 steps=10231808 episodes=46248 score50=17.96 eps=0.010 loss=0.00571 q=0.706 trunc=0 sps=2450 elapsed=69.6m
iter 2499/4882 steps=10235904 episodes=46262 score50=17.26 eps=0.010 loss=0.01542 q=0.701 trunc=0 sps=2450 elapsed=69.6m
iter 2500/4882 steps=10240000 episodes=46276 score50=18.60 eps=0.010 loss=0.01091 q=0.722 trunc=0 sps=2450 elapsed=69.6m
  [eval] iter=2500 mean=15.65+-2.03 median=16.0 max=38 P(>=120)=0.00 entropy=0.93/2.20 wnorm=58.316 srank=314/512
iter 2501/4882 steps=10244096 episodes=46290 score50=19.36 eps=0.010 loss=0.00814 q=0.660 trunc=0 sps=2448 elapsed=69.8m
iter 2502/4882 steps=10248192 episodes=46303 score50=20.16 eps=0.010 loss=0.00594 q=0.698 trunc=0 sps=2448 elapsed=69.8m
iter 2503/4882 steps=10252288 episodes=46314 score50=20.82 eps=0.010 loss=0.00409 q=0.690 trunc=0 sps=2448 elapsed=69.8m
iter 2504/4882 steps=10256384 episodes=46326 score50=20.34 eps=0.010 loss=0.00504 q=0.688 trunc=0 sps=2448 elapsed=69.8m
iter 2505/4882 steps=10260480 episodes=46335 score50=20.50 eps=0.010 loss=0.00690 q=0.694 trunc=0 sps=2448 elapsed=69.9m
iter 2506/4882 steps=10264576 episodes=46348 score50=21.22 eps=0.010 loss=0.00481 q=0.755 trunc=0 sps=2448 elapsed=69.9m
iter 2507/4882 steps=10268672 episodes=46363 score50=21.38 eps=0.010 loss=0.00857 q=0.658 trunc=0 sps=2448 elapsed=69.9m
iter 2508/4882 steps=10272768 episodes=46376 score50=23.42 eps=0.010 loss=0.00581 q=0.700 trunc=0 sps=2448 elapsed=70.0m
iter 2509/4882 steps=10276864 episodes=46395 score50=22.14 eps=0.010 loss=0.00394 q=0.739 trunc=0 sps=2448 elapsed=70.0m
iter 2510/4882 steps=10280960 episodes=46405 score50=21.34 eps=0.010 loss=0.00933 q=0.769 trunc=0 sps=2448 elapsed=70.0m
iter 2511/4882 steps=10285056 episodes=46415 score50=22.14 eps=0.010 loss=0.00680 q=0.744 trunc=0 sps=2448 elapsed=70.0m
iter 2512/4882 steps=10289152 episodes=46426 score50=20.98 eps=0.010 loss=0.01134 q=0.724 trunc=0 sps=2447 elapsed=70.1m
iter 2513/4882 steps=10293248 episodes=46437 score50=20.90 eps=0.010 loss=0.01070 q=0.713 trunc=0 sps=2447 elapsed=70.1m
iter 2514/4882 steps=10297344 episodes=46452 score50=21.34 eps=0.010 loss=0.01339 q=0.747 trunc=0 sps=2447 elapsed=70.1m
iter 2515/4882 steps=10301440 episodes=46463 score50=20.36 eps=0.010 loss=0.00588 q=0.709 trunc=0 sps=2447 elapsed=70.2m
iter 2516/4882 steps=10305536 episodes=46475 score50=20.38 eps=0.010 loss=0.00940 q=0.717 trunc=0 sps=2447 elapsed=70.2m
iter 2517/4882 steps=10309632 episodes=46483 score50=21.22 eps=0.010 loss=0.00316 q=0.763 trunc=0 sps=2447 elapsed=70.2m
iter 2518/4882 steps=10313728 episodes=46494 score50=21.66 eps=0.010 loss=0.00418 q=0.722 trunc=0 sps=2447 elapsed=70.2m
iter 2519/4882 steps=10317824 episodes=46515 score50=22.16 eps=0.010 loss=0.00905 q=0.713 trunc=0 sps=2447 elapsed=70.3m
iter 2520/4882 steps=10321920 episodes=46526 score50=22.30 eps=0.010 loss=0.01019 q=0.747 trunc=0 sps=2447 elapsed=70.3m
iter 2521/4882 steps=10326016 episodes=46536 score50=20.56 eps=0.010 loss=0.00752 q=0.743 trunc=0 sps=2447 elapsed=70.3m
iter 2522/4882 steps=10330112 episodes=46554 score50=19.86 eps=0.010 loss=0.00498 q=0.739 trunc=0 sps=2447 elapsed=70.4m
iter 2523/4882 steps=10334208 episodes=46567 score50=19.50 eps=0.010 loss=0.00631 q=0.765 trunc=0 sps=2447 elapsed=70.4m
iter 2524/4882 steps=10338304 episodes=46578 score50=19.10 eps=0.010 loss=0.00999 q=0.777 trunc=0 sps=2447 elapsed=70.4m
iter 2525/4882 steps=10342400 episodes=46591 score50=19.68 eps=0.010 loss=0.00508 q=0.742 trunc=0 sps=2447 elapsed=70.4m
iter 2526/4882 steps=10346496 episodes=46603 score50=20.00 eps=0.010 loss=0.00420 q=0.723 trunc=0 sps=2447 elapsed=70.5m
iter 2527/4882 steps=10350592 episodes=46618 score50=21.30 eps=0.010 loss=0.01704 q=0.719 trunc=0 sps=2447 elapsed=70.5m
iter 2528/4882 steps=10354688 episodes=46627 score50=20.38 eps=0.010 loss=0.01566 q=0.730 trunc=0 sps=2447 elapsed=70.5m
iter 2529/4882 steps=10358784 episodes=46638 score50=21.04 eps=0.010 loss=0.01758 q=0.671 trunc=0 sps=2447 elapsed=70.5m
iter 2530/4882 steps=10362880 episodes=46654 score50=22.16 eps=0.010 loss=0.04805 q=0.662 trunc=0 sps=2447 elapsed=70.6m
iter 2531/4882 steps=10366976 episodes=46667 score50=20.96 eps=0.010 loss=0.00372 q=0.706 trunc=0 sps=2447 elapsed=70.6m
iter 2532/4882 steps=10371072 episodes=46677 score50=22.62 eps=0.010 loss=0.00467 q=0.723 trunc=0 sps=2447 elapsed=70.6m
iter 2533/4882 steps=10375168 episodes=46690 score50=20.80 eps=0.010 loss=0.02971 q=0.704 trunc=0 sps=2447 elapsed=70.7m
iter 2534/4882 steps=10379264 episodes=46701 score50=19.62 eps=0.010 loss=0.01369 q=0.674 trunc=0 sps=2447 elapsed=70.7m
iter 2535/4882 steps=10383360 episodes=46720 score50=19.34 eps=0.010 loss=0.00631 q=0.699 trunc=0 sps=2447 elapsed=70.7m
iter 2536/4882 steps=10387456 episodes=46736 score50=20.46 eps=0.010 loss=0.02141 q=0.719 trunc=0 sps=2447 elapsed=70.7m
iter 2537/4882 steps=10391552 episodes=46747 score50=22.38 eps=0.010 loss=0.00764 q=0.742 trunc=0 sps=2447 elapsed=70.8m
iter 2538/4882 steps=10395648 episodes=46765 score50=21.44 eps=0.010 loss=0.03848 q=0.752 trunc=0 sps=2447 elapsed=70.8m
iter 2539/4882 steps=10399744 episodes=46775 score50=22.18 eps=0.010 loss=0.02680 q=0.790 trunc=0 sps=2447 elapsed=70.8m
iter 2540/4882 steps=10403840 episodes=46792 score50=21.00 eps=0.010 loss=0.01284 q=0.731 trunc=0 sps=2447 elapsed=70.9m
iter 2541/4882 steps=10407936 episodes=46799 score50=20.14 eps=0.010 loss=0.01868 q=0.794 trunc=0 sps=2447 elapsed=70.9m
iter 2542/4882 steps=10412032 episodes=46812 score50=19.94 eps=0.010 loss=0.02454 q=0.736 trunc=0 sps=2447 elapsed=70.9m
iter 2543/4882 steps=10416128 episodes=46832 score50=19.10 eps=0.010 loss=0.00916 q=0.700 trunc=0 sps=2447 elapsed=70.9m
iter 2544/4882 steps=10420224 episodes=46839 score50=19.40 eps=0.010 loss=0.00314 q=0.748 trunc=0 sps=2447 elapsed=71.0m
iter 2545/4882 steps=10424320 episodes=46850 score50=19.90 eps=0.010 loss=0.01953 q=0.709 trunc=0 sps=2447 elapsed=71.0m
iter 2546/4882 steps=10428416 episodes=46863 score50=19.22 eps=0.010 loss=0.00347 q=0.726 trunc=0 sps=2447 elapsed=71.0m
iter 2547/4882 steps=10432512 episodes=46881 score50=20.68 eps=0.010 loss=0.03052 q=0.668 trunc=0 sps=2447 elapsed=71.1m
iter 2548/4882 steps=10436608 episodes=46891 score50=19.62 eps=0.010 loss=0.00341 q=0.723 trunc=0 sps=2447 elapsed=71.1m
iter 2549/4882 steps=10440704 episodes=46907 score50=21.10 eps=0.010 loss=0.00619 q=0.704 trunc=0 sps=2447 elapsed=71.1m
iter 2550/4882 steps=10444800 episodes=46916 score50=21.44 eps=0.010 loss=0.01482 q=0.684 trunc=0 sps=2447 elapsed=71.1m
iter 2551/4882 steps=10448896 episodes=46926 score50=21.06 eps=0.010 loss=0.01185 q=0.694 trunc=0 sps=2447 elapsed=71.2m
iter 2552/4882 steps=10452992 episodes=46943 score50=20.44 eps=0.010 loss=0.00665 q=0.725 trunc=0 sps=2447 elapsed=71.2m
iter 2553/4882 steps=10457088 episodes=46957 score50=20.74 eps=0.010 loss=0.01948 q=0.657 trunc=0 sps=2447 elapsed=71.2m
iter 2554/4882 steps=10461184 episodes=46972 score50=19.86 eps=0.010 loss=0.00811 q=0.647 trunc=0 sps=2447 elapsed=71.3m
iter 2555/4882 steps=10465280 episodes=46979 score50=19.42 eps=0.010 loss=0.00528 q=0.676 trunc=0 sps=2447 elapsed=71.3m
iter 2556/4882 steps=10469376 episodes=46989 score50=19.70 eps=0.010 loss=0.01489 q=0.657 trunc=0 sps=2447 elapsed=71.3m
iter 2557/4882 steps=10473472 episodes=47000 score50=19.20 eps=0.010 loss=0.00501 q=0.601 trunc=0 sps=2447 elapsed=71.3m
iter 2558/4882 steps=10477568 episodes=47017 score50=19.16 eps=0.010 loss=0.00837 q=0.577 trunc=0 sps=2447 elapsed=71.4m
iter 2559/4882 steps=10481664 episodes=47028 score50=20.68 eps=0.010 loss=0.00364 q=0.610 trunc=0 sps=2447 elapsed=71.4m
iter 2560/4882 steps=10485760 episodes=47046 score50=19.76 eps=0.010 loss=0.02645 q=0.638 trunc=0 sps=2447 elapsed=71.4m
iter 2561/4882 steps=10489856 episodes=47057 score50=21.90 eps=0.010 loss=0.03120 q=0.577 trunc=0 sps=2447 elapsed=71.5m
iter 2562/4882 steps=10493952 episodes=47070 score50=20.94 eps=0.010 loss=0.00424 q=0.643 trunc=0 sps=2447 elapsed=71.5m
iter 2563/4882 steps=10498048 episodes=47085 score50=23.16 eps=0.010 loss=0.00408 q=0.626 trunc=0 sps=2447 elapsed=71.5m
iter 2564/4882 steps=10502144 episodes=47094 score50=24.06 eps=0.010 loss=0.00951 q=0.675 trunc=0 sps=2447 elapsed=71.5m
iter 2565/4882 steps=10506240 episodes=47109 score50=23.64 eps=0.010 loss=0.02380 q=0.640 trunc=0 sps=2447 elapsed=71.6m
iter 2566/4882 steps=10510336 episodes=47122 score50=21.42 eps=0.010 loss=0.00653 q=0.686 trunc=0 sps=2447 elapsed=71.6m
iter 2567/4882 steps=10514432 episodes=47144 score50=17.10 eps=0.010 loss=0.01915 q=0.640 trunc=0 sps=2447 elapsed=71.6m
iter 2568/4882 steps=10518528 episodes=47161 score50=17.50 eps=0.010 loss=0.03943 q=0.661 trunc=0 sps=2447 elapsed=71.6m
iter 2569/4882 steps=10522624 episodes=47174 score50=15.96 eps=0.010 loss=0.00915 q=0.719 trunc=0 sps=2447 elapsed=71.7m
iter 2570/4882 steps=10526720 episodes=47189 score50=16.18 eps=0.010 loss=0.00349 q=0.746 trunc=0 sps=2447 elapsed=71.7m
iter 2571/4882 steps=10530816 episodes=47203 score50=16.72 eps=0.010 loss=0.00533 q=0.671 trunc=0 sps=2447 elapsed=71.7m
iter 2572/4882 steps=10534912 episodes=47219 score50=16.82 eps=0.010 loss=0.00862 q=0.744 trunc=0 sps=2447 elapsed=71.8m
iter 2573/4882 steps=10539008 episodes=47228 score50=17.48 eps=0.010 loss=0.00486 q=0.730 trunc=0 sps=2447 elapsed=71.8m
iter 2574/4882 steps=10543104 episodes=47245 score50=19.34 eps=0.010 loss=0.00521 q=0.728 trunc=0 sps=2447 elapsed=71.8m
iter 2575/4882 steps=10547200 episodes=47261 score50=19.90 eps=0.010 loss=0.00467 q=0.742 trunc=0 sps=2447 elapsed=71.8m
iter 2576/4882 steps=10551296 episodes=47272 score50=20.76 eps=0.010 loss=0.00442 q=0.753 trunc=0 sps=2447 elapsed=71.9m
iter 2577/4882 steps=10555392 episodes=47283 score50=20.46 eps=0.010 loss=0.00564 q=0.757 trunc=0 sps=2447 elapsed=71.9m
iter 2578/4882 steps=10559488 episodes=47294 score50=19.86 eps=0.010 loss=0.00405 q=0.720 trunc=0 sps=2447 elapsed=71.9m
iter 2579/4882 steps=10563584 episodes=47305 score50=20.58 eps=0.010 loss=0.00417 q=0.717 trunc=0 sps=2447 elapsed=71.9m
iter 2580/4882 steps=10567680 episodes=47320 score50=20.06 eps=0.010 loss=0.01668 q=0.709 trunc=0 sps=2447 elapsed=72.0m
iter 2581/4882 steps=10571776 episodes=47335 score50=19.90 eps=0.010 loss=0.02360 q=0.731 trunc=0 sps=2447 elapsed=72.0m
iter 2582/4882 steps=10575872 episodes=47352 score50=20.74 eps=0.010 loss=0.01092 q=0.749 trunc=0 sps=2447 elapsed=72.0m
iter 2583/4882 steps=10579968 episodes=47369 score50=20.24 eps=0.010 loss=0.01171 q=0.715 trunc=0 sps=2447 elapsed=72.1m
iter 2584/4882 steps=10584064 episodes=47378 score50=19.46 eps=0.010 loss=0.00312 q=0.789 trunc=0 sps=2447 elapsed=72.1m
iter 2585/4882 steps=10588160 episodes=47387 score50=19.88 eps=0.010 loss=0.02317 q=0.809 trunc=0 sps=2447 elapsed=72.1m
iter 2586/4882 steps=10592256 episodes=47403 score50=19.66 eps=0.010 loss=0.00556 q=0.746 trunc=0 sps=2447 elapsed=72.1m
iter 2587/4882 steps=10596352 episodes=47421 score50=17.20 eps=0.010 loss=0.03622 q=0.790 trunc=0 sps=2447 elapsed=72.2m
iter 2588/4882 steps=10600448 episodes=47435 score50=18.30 eps=0.010 loss=0.00433 q=0.761 trunc=0 sps=2447 elapsed=72.2m
iter 2589/4882 steps=10604544 episodes=47450 score50=17.56 eps=0.010 loss=0.01978 q=0.765 trunc=0 sps=2447 elapsed=72.2m
iter 2590/4882 steps=10608640 episodes=47463 score50=18.80 eps=0.010 loss=0.00571 q=0.766 trunc=0 sps=2447 elapsed=72.2m
iter 2591/4882 steps=10612736 episodes=47485 score50=18.80 eps=0.010 loss=0.01503 q=0.760 trunc=0 sps=2447 elapsed=72.3m
iter 2592/4882 steps=10616832 episodes=47500 score50=19.70 eps=0.010 loss=0.00890 q=0.783 trunc=0 sps=2447 elapsed=72.3m
iter 2593/4882 steps=10620928 episodes=47515 score50=18.90 eps=0.010 loss=0.00732 q=0.791 trunc=0 sps=2447 elapsed=72.3m
iter 2594/4882 steps=10625024 episodes=47534 score50=16.74 eps=0.010 loss=0.00770 q=0.817 trunc=0 sps=2447 elapsed=72.4m
iter 2595/4882 steps=10629120 episodes=47547 score50=14.64 eps=0.010 loss=0.00418 q=0.817 trunc=0 sps=2447 elapsed=72.4m
iter 2596/4882 steps=10633216 episodes=47559 score50=14.94 eps=0.010 loss=0.01729 q=0.771 trunc=0 sps=2447 elapsed=72.4m
iter 2597/4882 steps=10637312 episodes=47574 score50=15.76 eps=0.010 loss=0.00917 q=0.791 trunc=0 sps=2447 elapsed=72.5m
iter 2598/4882 steps=10641408 episodes=47591 score50=19.44 eps=0.010 loss=0.00813 q=0.770 trunc=0 sps=2447 elapsed=72.5m
iter 2599/4882 steps=10645504 episodes=47601 score50=19.52 eps=0.010 loss=0.00276 q=0.801 trunc=0 sps=2447 elapsed=72.5m
iter 2600/4882 steps=10649600 episodes=47614 score50=19.60 eps=0.010 loss=0.00527 q=0.810 trunc=0 sps=2447 elapsed=72.5m
  [eval] iter=2600 mean=22.00+-2.55 median=19.5 max=48 P(>=120)=0.00 entropy=1.38/2.20 wnorm=59.504 srank=307/512
iter 2601/4882 steps=10653696 episodes=47632 score50=20.00 eps=0.010 loss=0.01102 q=0.816 trunc=0 sps=2443 elapsed=72.7m
iter 2602/4882 steps=10657792 episodes=47646 score50=19.24 eps=0.010 loss=0.01238 q=0.782 trunc=0 sps=2443 elapsed=72.7m
iter 2603/4882 steps=10661888 episodes=47653 score50=20.08 eps=0.010 loss=0.00579 q=0.805 trunc=0 sps=2443 elapsed=72.7m
iter 2604/4882 steps=10665984 episodes=47665 score50=19.18 eps=0.010 loss=0.03673 q=0.741 trunc=0 sps=2443 elapsed=72.8m
iter 2605/4882 steps=10670080 episodes=47679 score50=19.40 eps=0.010 loss=0.00710 q=0.754 trunc=0 sps=2443 elapsed=72.8m
iter 2606/4882 steps=10674176 episodes=47687 score50=19.40 eps=0.010 loss=0.00377 q=0.783 trunc=0 sps=2443 elapsed=72.8m
iter 2607/4882 steps=10678272 episodes=47696 score50=18.92 eps=0.010 loss=0.00727 q=0.758 trunc=0 sps=2443 elapsed=72.8m
iter 2608/4882 steps=10682368 episodes=47704 score50=18.88 eps=0.010 loss=0.03591 q=0.728 trunc=0 sps=2443 elapsed=72.9m
iter 2609/4882 steps=10686464 episodes=47718 score50=19.28 eps=0.010 loss=0.01774 q=0.685 trunc=0 sps=2443 elapsed=72.9m
iter 2610/4882 steps=10690560 episodes=47730 score50=19.04 eps=0.010 loss=0.01283 q=0.742 trunc=0 sps=2443 elapsed=72.9m
iter 2611/4882 steps=10694656 episodes=47746 score50=22.34 eps=0.010 loss=0.00405 q=0.821 trunc=0 sps=2443 elapsed=73.0m
iter 2612/4882 steps=10698752 episodes=47761 score50=24.70 eps=0.010 loss=0.02419 q=0.819 trunc=0 sps=2443 elapsed=73.0m
iter 2613/4882 steps=10702848 episodes=47776 score50=25.46 eps=0.010 loss=0.00808 q=0.781 trunc=0 sps=2443 elapsed=73.0m
iter 2614/4882 steps=10706944 episodes=47792 score50=24.04 eps=0.010 loss=0.00462 q=0.795 trunc=0 sps=2443 elapsed=73.0m
iter 2615/4882 steps=10711040 episodes=47810 score50=20.28 eps=0.010 loss=0.01043 q=0.800 trunc=0 sps=2443 elapsed=73.1m
iter 2616/4882 steps=10715136 episodes=47821 score50=19.72 eps=0.010 loss=0.01210 q=0.771 trunc=0 sps=2443 elapsed=73.1m
iter 2617/4882 steps=10719232 episodes=47843 score50=19.82 eps=0.010 loss=0.01324 q=0.773 trunc=0 sps=2443 elapsed=73.1m
iter 2618/4882 steps=10723328 episodes=47854 score50=18.78 eps=0.010 loss=0.02252 q=0.816 trunc=0 sps=2443 elapsed=73.1m
iter 2619/4882 steps=10727424 episodes=47868 score50=17.52 eps=0.010 loss=0.00812 q=0.769 trunc=0 sps=2443 elapsed=73.2m
iter 2620/4882 steps=10731520 episodes=47881 score50=16.58 eps=0.010 loss=0.00613 q=0.795 trunc=0 sps=2443 elapsed=73.2m
iter 2621/4882 steps=10735616 episodes=47891 score50=14.62 eps=0.010 loss=0.03068 q=0.788 trunc=0 sps=2443 elapsed=73.2m
iter 2622/4882 steps=10739712 episodes=47901 score50=15.02 eps=0.010 loss=0.00446 q=0.774 trunc=0 sps=2443 elapsed=73.3m
iter 2623/4882 steps=10743808 episodes=47913 score50=15.34 eps=0.010 loss=0.03661 q=0.689 trunc=0 sps=2443 elapsed=73.3m
iter 2624/4882 steps=10747904 episodes=47941 score50=19.10 eps=0.010 loss=0.03607 q=0.706 trunc=0 sps=2443 elapsed=73.3m
iter 2625/4882 steps=10752000 episodes=47959 score50=19.50 eps=0.010 loss=0.00651 q=0.780 trunc=0 sps=2443 elapsed=73.3m
iter 2626/4882 steps=10756096 episodes=47973 score50=21.40 eps=0.010 loss=0.01938 q=0.749 trunc=0 sps=2443 elapsed=73.4m
iter 2627/4882 steps=10760192 episodes=47987 score50=19.82 eps=0.010 loss=0.00831 q=0.717 trunc=0 sps=2443 elapsed=73.4m
iter 2628/4882 steps=10764288 episodes=47998 score50=19.10 eps=0.010 loss=0.00454 q=0.767 trunc=0 sps=2443 elapsed=73.4m
iter 2629/4882 steps=10768384 episodes=48012 score50=19.78 eps=0.010 loss=0.00876 q=0.754 trunc=0 sps=2443 elapsed=73.5m
iter 2630/4882 steps=10772480 episodes=48024 score50=17.52 eps=0.010 loss=0.01067 q=0.739 trunc=0 sps=2443 elapsed=73.5m
iter 2631/4882 steps=10776576 episodes=48042 score50=15.28 eps=0.010 loss=0.00622 q=0.720 trunc=0 sps=2443 elapsed=73.5m
iter 2632/4882 steps=10780672 episodes=48054 score50=14.60 eps=0.010 loss=0.00407 q=0.746 trunc=0 sps=2443 elapsed=73.5m
iter 2633/4882 steps=10784768 episodes=48066 score50=16.50 eps=0.010 loss=0.00306 q=0.722 trunc=0 sps=2443 elapsed=73.6m
iter 2634/4882 steps=10788864 episodes=48085 score50=18.52 eps=0.010 loss=0.00911 q=0.715 trunc=0 sps=2443 elapsed=73.6m
iter 2635/4882 steps=10792960 episodes=48102 score50=18.40 eps=0.010 loss=0.01266 q=0.756 trunc=0 sps=2443 elapsed=73.6m
iter 2636/4882 steps=10797056 episodes=48116 score50=17.42 eps=0.010 loss=0.00329 q=0.776 trunc=0 sps=2443 elapsed=73.7m
iter 2637/4882 steps=10801152 episodes=48132 score50=18.32 eps=0.010 loss=0.02555 q=0.732 trunc=0 sps=2443 elapsed=73.7m
iter 2638/4882 steps=10805248 episodes=48152 score50=17.86 eps=0.010 loss=0.02073 q=0.734 trunc=0 sps=2443 elapsed=73.7m
iter 2639/4882 steps=10809344 episodes=48180 score50=15.14 eps=0.010 loss=0.01526 q=0.708 trunc=0 sps=2443 elapsed=73.7m
iter 2640/4882 steps=10813440 episodes=48205 score50=13.20 eps=0.010 loss=0.01461 q=0.774 trunc=0 sps=2443 elapsed=73.8m
iter 2641/4882 steps=10817536 episodes=48214 score50=14.86 eps=0.010 loss=0.00388 q=0.808 trunc=0 sps=2443 elapsed=73.8m
iter 2642/4882 steps=10821632 episodes=48226 score50=14.62 eps=0.010 loss=0.00393 q=0.791 trunc=0 sps=2443 elapsed=73.8m
iter 2643/4882 steps=10825728 episodes=48242 score50=15.98 eps=0.010 loss=0.00455 q=0.781 trunc=0 sps=2443 elapsed=73.8m
iter 2644/4882 steps=10829824 episodes=48257 score50=18.16 eps=0.010 loss=0.01233 q=0.703 trunc=0 sps=2443 elapsed=73.9m
iter 2645/4882 steps=10833920 episodes=48270 score50=17.08 eps=0.010 loss=0.00940 q=0.729 trunc=0 sps=2443 elapsed=73.9m
iter 2646/4882 steps=10838016 episodes=48277 score50=18.06 eps=0.010 loss=0.01547 q=0.699 trunc=0 sps=2443 elapsed=73.9m
iter 2647/4882 steps=10842112 episodes=48294 score50=17.44 eps=0.010 loss=0.00495 q=0.698 trunc=0 sps=2443 elapsed=74.0m
iter 2648/4882 steps=10846208 episodes=48301 score50=17.16 eps=0.010 loss=0.00264 q=0.716 trunc=0 sps=2444 elapsed=74.0m
iter 2649/4882 steps=10850304 episodes=48314 score50=17.96 eps=0.010 loss=0.01801 q=0.674 trunc=0 sps=2444 elapsed=74.0m
iter 2650/4882 steps=10854400 episodes=48326 score50=19.70 eps=0.010 loss=0.00629 q=0.693 trunc=0 sps=2444 elapsed=74.0m
iter 2651/4882 steps=10858496 episodes=48343 score50=19.26 eps=0.010 loss=0.01549 q=0.712 trunc=0 sps=2444 elapsed=74.1m
iter 2652/4882 steps=10862592 episodes=48353 score50=19.82 eps=0.010 loss=0.00995 q=0.708 trunc=0 sps=2444 elapsed=74.1m
iter 2653/4882 steps=10866688 episodes=48369 score50=19.40 eps=0.010 loss=0.01318 q=0.719 trunc=0 sps=2444 elapsed=74.1m
iter 2654/4882 steps=10870784 episodes=48390 score50=18.72 eps=0.010 loss=0.00925 q=0.655 trunc=0 sps=2444 elapsed=74.1m
iter 2655/4882 steps=10874880 episodes=48406 score50=18.12 eps=0.010 loss=0.03774 q=0.741 trunc=0 sps=2444 elapsed=74.2m
iter 2656/4882 steps=10878976 episodes=48421 score50=19.10 eps=0.010 loss=0.00255 q=0.773 trunc=0 sps=2444 elapsed=74.2m
iter 2657/4882 steps=10883072 episodes=48436 score50=19.44 eps=0.010 loss=0.00482 q=0.743 trunc=0 sps=2444 elapsed=74.2m
iter 2658/4882 steps=10887168 episodes=48451 score50=19.64 eps=0.010 loss=0.02966 q=0.782 trunc=0 sps=2444 elapsed=74.3m
iter 2659/4882 steps=10891264 episodes=48461 score50=21.54 eps=0.010 loss=0.01486 q=0.757 trunc=0 sps=2444 elapsed=74.3m
iter 2660/4882 steps=10895360 episodes=48478 score50=20.88 eps=0.010 loss=0.02081 q=0.754 trunc=0 sps=2444 elapsed=74.3m
iter 2661/4882 steps=10899456 episodes=48489 score50=20.50 eps=0.010 loss=0.00198 q=0.762 trunc=0 sps=2444 elapsed=74.3m
iter 2662/4882 steps=10903552 episodes=48498 score50=19.32 eps=0.010 loss=0.00401 q=0.756 trunc=0 sps=2444 elapsed=74.4m
iter 2663/4882 steps=10907648 episodes=48513 score50=17.26 eps=0.010 loss=0.00807 q=0.756 trunc=0 sps=2443 elapsed=74.4m
iter 2664/4882 steps=10911744 episodes=48530 score50=15.96 eps=0.010 loss=0.01790 q=0.736 trunc=0 sps=2443 elapsed=74.4m
iter 2665/4882 steps=10915840 episodes=48544 score50=17.18 eps=0.010 loss=0.00404 q=0.771 trunc=0 sps=2443 elapsed=74.5m
iter 2666/4882 steps=10919936 episodes=48559 score50=18.72 eps=0.010 loss=0.00486 q=0.733 trunc=0 sps=2443 elapsed=74.5m
iter 2667/4882 steps=10924032 episodes=48568 score50=19.92 eps=0.010 loss=0.01040 q=0.695 trunc=0 sps=2443 elapsed=74.5m
iter 2668/4882 steps=10928128 episodes=48584 score50=21.68 eps=0.010 loss=0.01258 q=0.736 trunc=0 sps=2443 elapsed=74.5m
iter 2669/4882 steps=10932224 episodes=48600 score50=21.60 eps=0.010 loss=0.02050 q=0.773 trunc=0 sps=2443 elapsed=74.6m
iter 2670/4882 steps=10936320 episodes=48612 score50=21.24 eps=0.010 loss=0.00528 q=0.740 trunc=0 sps=2443 elapsed=74.6m
iter 2671/4882 steps=10940416 episodes=48627 score50=21.24 eps=0.010 loss=0.00478 q=0.725 trunc=0 sps=2443 elapsed=74.6m
iter 2672/4882 steps=10944512 episodes=48641 score50=19.46 eps=0.010 loss=0.00391 q=0.766 trunc=0 sps=2443 elapsed=74.7m
iter 2673/4882 steps=10948608 episodes=48656 score50=18.42 eps=0.010 loss=0.01503 q=0.784 trunc=0 sps=2443 elapsed=74.7m
iter 2674/4882 steps=10952704 episodes=48672 score50=18.74 eps=0.010 loss=0.02058 q=0.743 trunc=0 sps=2444 elapsed=74.7m
iter 2675/4882 steps=10956800 episodes=48690 score50=17.12 eps=0.010 loss=0.02138 q=0.745 trunc=0 sps=2444 elapsed=74.7m
iter 2676/4882 steps=10960896 episodes=48703 score50=17.24 eps=0.010 loss=0.00458 q=0.745 trunc=0 sps=2444 elapsed=74.8m
iter 2677/4882 steps=10964992 episodes=48723 score50=17.52 eps=0.010 loss=0.01765 q=0.765 trunc=0 sps=2444 elapsed=74.8m
iter 2678/4882 steps=10969088 episodes=48734 score50=17.70 eps=0.010 loss=0.00526 q=0.760 trunc=0 sps=2444 elapsed=74.8m
iter 2679/4882 steps=10973184 episodes=48749 score50=17.64 eps=0.010 loss=0.00844 q=0.693 trunc=0 sps=2444 elapsed=74.8m
iter 2680/4882 steps=10977280 episodes=48767 score50=16.68 eps=0.010 loss=0.03107 q=0.725 trunc=0 sps=2444 elapsed=74.9m
iter 2681/4882 steps=10981376 episodes=48788 score50=15.50 eps=0.010 loss=0.02890 q=0.705 trunc=0 sps=2444 elapsed=74.9m
iter 2682/4882 steps=10985472 episodes=48803 score50=16.08 eps=0.010 loss=0.00558 q=0.720 trunc=0 sps=2444 elapsed=74.9m
iter 2683/4882 steps=10989568 episodes=48812 score50=16.04 eps=0.010 loss=0.00403 q=0.734 trunc=0 sps=2444 elapsed=74.9m
iter 2684/4882 steps=10993664 episodes=48824 score50=18.40 eps=0.010 loss=0.00260 q=0.729 trunc=0 sps=2444 elapsed=75.0m
iter 2685/4882 steps=10997760 episodes=48837 score50=18.62 eps=0.010 loss=0.00573 q=0.740 trunc=0 sps=2444 elapsed=75.0m
iter 2686/4882 steps=11001856 episodes=48858 score50=19.92 eps=0.010 loss=0.03874 q=0.689 trunc=0 sps=2444 elapsed=75.0m
iter 2687/4882 steps=11005952 episodes=48872 score50=20.04 eps=0.010 loss=0.00834 q=0.740 trunc=0 sps=2444 elapsed=75.1m
iter 2688/4882 steps=11010048 episodes=48876 score50=19.36 eps=0.010 loss=0.00270 q=0.723 trunc=0 sps=2444 elapsed=75.1m
iter 2689/4882 steps=11014144 episodes=48885 score50=20.04 eps=0.010 loss=0.00334 q=0.677 trunc=0 sps=2444 elapsed=75.1m
iter 2690/4882 steps=11018240 episodes=48904 score50=18.28 eps=0.010 loss=0.01553 q=0.695 trunc=0 sps=2444 elapsed=75.1m
iter 2691/4882 steps=11022336 episodes=48920 score50=16.72 eps=0.010 loss=0.01884 q=0.664 trunc=0 sps=2444 elapsed=75.2m
iter 2692/4882 steps=11026432 episodes=48935 score50=17.88 eps=0.010 loss=0.01810 q=0.690 trunc=0 sps=2444 elapsed=75.2m
iter 2693/4882 steps=11030528 episodes=48946 score50=16.56 eps=0.010 loss=0.01279 q=0.697 trunc=0 sps=2444 elapsed=75.2m
iter 2694/4882 steps=11034624 episodes=48966 score50=19.54 eps=0.010 loss=0.00708 q=0.657 trunc=0 sps=2444 elapsed=75.3m
iter 2695/4882 steps=11038720 episodes=48979 score50=20.74 eps=0.010 loss=0.00392 q=0.698 trunc=0 sps=2444 elapsed=75.3m
iter 2696/4882 steps=11042816 episodes=48982 score50=20.92 eps=0.010 loss=0.01174 q=0.710 trunc=0 sps=2444 elapsed=75.3m
iter 2697/4882 steps=11046912 episodes=48994 score50=21.84 eps=0.010 loss=0.00864 q=0.692 trunc=0 sps=2444 elapsed=75.3m
iter 2698/4882 steps=11051008 episodes=49006 score50=22.36 eps=0.010 loss=0.00951 q=0.658 trunc=0 sps=2444 elapsed=75.4m
iter 2699/4882 steps=11055104 episodes=49020 score50=23.48 eps=0.010 loss=0.01824 q=0.670 trunc=0 sps=2444 elapsed=75.4m
iter 2700/4882 steps=11059200 episodes=49038 score50=22.78 eps=0.010 loss=0.00359 q=0.692 trunc=0 sps=2444 elapsed=75.4m
  [eval] iter=2700 mean=17.05+-1.65 median=19.0 max=30 P(>=120)=0.00 entropy=1.89/2.20 wnorm=60.761 srank=334/512
iter 2701/4882 steps=11063296 episodes=49055 score50=21.04 eps=0.010 loss=0.03268 q=0.735 trunc=0 sps=2441 elapsed=75.5m
iter 2702/4882 steps=11067392 episodes=49063 score50=19.42 eps=0.010 loss=0.00362 q=0.700 trunc=0 sps=2441 elapsed=75.6m
iter 2703/4882 steps=11071488 episodes=49072 score50=18.12 eps=0.010 loss=0.00691 q=0.675 trunc=0 sps=2441 elapsed=75.6m
iter 2704/4882 steps=11075584 episodes=49088 score50=17.52 eps=0.010 loss=0.00613 q=0.641 trunc=0 sps=2441 elapsed=75.6m
iter 2705/4882 steps=11079680 episodes=49094 score50=18.40 eps=0.010 loss=0.00266 q=0.664 trunc=0 sps=2441 elapsed=75.6m
iter 2706/4882 steps=11083776 episodes=49112 score50=18.10 eps=0.010 loss=0.02239 q=0.586 trunc=0 sps=2441 elapsed=75.7m
iter 2707/4882 steps=11087872 episodes=49127 score50=19.94 eps=0.010 loss=0.01071 q=0.693 trunc=0 sps=2441 elapsed=75.7m
iter 2708/4882 steps=11091968 episodes=49148 score50=19.68 eps=0.010 loss=0.01278 q=0.706 trunc=0 sps=2441 elapsed=75.7m
iter 2709/4882 steps=11096064 episodes=49163 score50=20.44 eps=0.010 loss=0.00462 q=0.717 trunc=0 sps=2441 elapsed=75.8m
iter 2710/4882 steps=11100160 episodes=49185 score50=19.36 eps=0.010 loss=0.02374 q=0.785 trunc=0 sps=2441 elapsed=75.8m
iter 2711/4882 steps=11104256 episodes=49200 score50=18.42 eps=0.010 loss=0.01037 q=0.791 trunc=0 sps=2441 elapsed=75.8m
iter 2712/4882 steps=11108352 episodes=49208 score50=19.26 eps=0.010 loss=0.00390 q=0.793 trunc=0 sps=2441 elapsed=75.8m
iter 2713/4882 steps=11112448 episodes=49215 score50=19.62 eps=0.010 loss=0.00402 q=0.732 trunc=0 sps=2441 elapsed=75.9m
iter 2714/4882 steps=11116544 episodes=49226 score50=19.38 eps=0.010 loss=0.00424 q=0.788 trunc=0 sps=2441 elapsed=75.9m
iter 2715/4882 steps=11120640 episodes=49237 score50=19.22 eps=0.010 loss=0.00201 q=0.753 trunc=0 sps=2441 elapsed=75.9m
iter 2716/4882 steps=11124736 episodes=49248 score50=19.64 eps=0.010 loss=0.00173 q=0.746 trunc=0 sps=2441 elapsed=76.0m
iter 2717/4882 steps=11128832 episodes=49264 score50=19.88 eps=0.010 loss=0.00467 q=0.735 trunc=0 sps=2441 elapsed=76.0m
iter 2718/4882 steps=11132928 episodes=49280 score50=21.40 eps=0.010 loss=0.01188 q=0.766 trunc=0 sps=2441 elapsed=76.0m
iter 2719/4882 steps=11137024 episodes=49293 score50=20.12 eps=0.010 loss=0.00978 q=0.784 trunc=0 sps=2441 elapsed=76.0m
iter 2720/4882 steps=11141120 episodes=49306 score50=20.34 eps=0.010 loss=0.00652 q=0.778 trunc=0 sps=2441 elapsed=76.1m
iter 2721/4882 steps=11145216 episodes=49318 score50=20.42 eps=0.010 loss=0.01009 q=0.773 trunc=0 sps=2441 elapsed=76.1m
iter 2722/4882 steps=11149312 episodes=49331 score50=19.88 eps=0.010 loss=0.02484 q=0.729 trunc=0 sps=2441 elapsed=76.1m
iter 2723/4882 steps=11153408 episodes=49344 score50=19.76 eps=0.010 loss=0.00538 q=0.709 trunc=0 sps=2441 elapsed=76.2m
iter 2724/4882 steps=11157504 episodes=49357 score50=20.14 eps=0.010 loss=0.02691 q=0.766 trunc=0 sps=2441 elapsed=76.2m
iter 2725/4882 steps=11161600 episodes=49372 score50=20.70 eps=0.010 loss=0.01156 q=0.711 trunc=0 sps=2441 elapsed=76.2m
iter 2726/4882 steps=11165696 episodes=49381 score50=20.96 eps=0.010 loss=0.00590 q=0.779 trunc=0 sps=2441 elapsed=76.2m
iter 2727/4882 steps=11169792 episodes=49394 score50=20.96 eps=0.010 loss=0.00695 q=0.750 trunc=0 sps=2441 elapsed=76.3m
iter 2728/4882 steps=11173888 episodes=49405 score50=20.00 eps=0.010 loss=0.01396 q=0.769 trunc=0 sps=2441 elapsed=76.3m
iter 2729/4882 steps=11177984 episodes=49412 score50=21.24 eps=0.010 loss=0.00345 q=0.721 trunc=0 sps=2441 elapsed=76.3m
iter 2730/4882 steps=11182080 episodes=49423 score50=21.72 eps=0.010 loss=0.00380 q=0.690 trunc=0 sps=2441 elapsed=76.3m
iter 2731/4882 steps=11186176 episodes=49435 score50=22.84 eps=0.010 loss=0.01105 q=0.708 trunc=0 sps=2441 elapsed=76.4m
iter 2732/4882 steps=11190272 episodes=49445 score50=23.58 eps=0.010 loss=0.00959 q=0.722 trunc=0 sps=2441 elapsed=76.4m
iter 2733/4882 steps=11194368 episodes=49457 score50=24.16 eps=0.010 loss=0.00422 q=0.746 trunc=0 sps=2441 elapsed=76.4m
iter 2734/4882 steps=11198464 episodes=49472 score50=24.34 eps=0.010 loss=0.01955 q=0.667 trunc=0 sps=2441 elapsed=76.5m
iter 2735/4882 steps=11202560 episodes=49489 score50=23.18 eps=0.010 loss=0.03833 q=0.676 trunc=0 sps=2441 elapsed=76.5m
iter 2736/4882 steps=11206656 episodes=49499 score50=22.36 eps=0.010 loss=0.01058 q=0.748 trunc=0 sps=2441 elapsed=76.5m
iter 2737/4882 steps=11210752 episodes=49513 score50=21.00 eps=0.010 loss=0.00357 q=0.743 trunc=0 sps=2441 elapsed=76.5m
iter 2738/4882 steps=11214848 episodes=49525 score50=21.00 eps=0.010 loss=0.00549 q=0.760 trunc=0 sps=2441 elapsed=76.6m
iter 2739/4882 steps=11218944 episodes=49534 score50=21.38 eps=0.010 loss=0.00407 q=0.765 trunc=0 sps=2441 elapsed=76.6m
iter 2740/4882 steps=11223040 episodes=49545 score50=21.86 eps=0.010 loss=0.02627 q=0.752 trunc=0 sps=2441 elapsed=76.6m
iter 2741/4882 steps=11227136 episodes=49556 score50=23.78 eps=0.010 loss=0.01914 q=0.741 trunc=0 sps=2441 elapsed=76.7m
iter 2742/4882 steps=11231232 episodes=49567 score50=23.46 eps=0.010 loss=0.00814 q=0.757 trunc=0 sps=2441 elapsed=76.7m
iter 2743/4882 steps=11235328 episodes=49579 score50=22.76 eps=0.010 loss=0.01085 q=0.701 trunc=0 sps=2441 elapsed=76.7m
iter 2744/4882 steps=11239424 episodes=49584 score50=22.40 eps=0.010 loss=0.00429 q=0.687 trunc=0 sps=2441 elapsed=76.8m
iter 2745/4882 steps=11243520 episodes=49599 score50=22.12 eps=0.010 loss=0.08374 q=0.716 trunc=0 sps=2441 elapsed=76.8m
iter 2746/4882 steps=11247616 episodes=49611 score50=21.74 eps=0.010 loss=0.00726 q=0.705 trunc=0 sps=2441 elapsed=76.8m
iter 2747/4882 steps=11251712 episodes=49620 score50=21.70 eps=0.010 loss=0.01346 q=0.702 trunc=0 sps=2441 elapsed=76.8m
iter 2748/4882 steps=11255808 episodes=49642 score50=21.56 eps=0.010 loss=0.01195 q=0.706 trunc=0 sps=2441 elapsed=76.9m
iter 2749/4882 steps=11259904 episodes=49662 score50=22.96 eps=0.010 loss=0.01822 q=0.773 trunc=0 sps=2441 elapsed=76.9m
iter 2750/4882 steps=11264000 episodes=49674 score50=21.98 eps=0.010 loss=0.02856 q=0.755 trunc=0 sps=2441 elapsed=76.9m
iter 2751/4882 steps=11268096 episodes=49684 score50=20.50 eps=0.010 loss=0.00486 q=0.740 trunc=0 sps=2441 elapsed=76.9m
iter 2752/4882 steps=11272192 episodes=49696 score50=20.90 eps=0.010 loss=0.00449 q=0.765 trunc=0 sps=2441 elapsed=77.0m
iter 2753/4882 steps=11276288 episodes=49707 score50=19.58 eps=0.010 loss=0.00773 q=0.776 trunc=0 sps=2441 elapsed=77.0m
iter 2754/4882 steps=11280384 episodes=49715 score50=19.12 eps=0.010 loss=0.00484 q=0.712 trunc=0 sps=2441 elapsed=77.0m
iter 2755/4882 steps=11284480 episodes=49721 score50=19.24 eps=0.010 loss=0.00460 q=0.754 trunc=0 sps=2441 elapsed=77.1m
iter 2756/4882 steps=11288576 episodes=49741 score50=22.70 eps=0.010 loss=0.00956 q=0.705 trunc=0 sps=2441 elapsed=77.1m
iter 2757/4882 steps=11292672 episodes=49754 score50=22.78 eps=0.010 loss=0.01922 q=0.742 trunc=0 sps=2441 elapsed=77.1m
iter 2758/4882 steps=11296768 episodes=49765 score50=22.84 eps=0.010 loss=0.00935 q=0.787 trunc=0 sps=2441 elapsed=77.1m
iter 2759/4882 steps=11300864 episodes=49778 score50=21.58 eps=0.010 loss=0.00396 q=0.793 trunc=0 sps=2441 elapsed=77.2m
iter 2760/4882 steps=11304960 episodes=49792 score50=19.64 eps=0.010 loss=0.01668 q=0.752 trunc=0 sps=2441 elapsed=77.2m
iter 2761/4882 steps=11309056 episodes=49808 score50=19.82 eps=0.010 loss=0.02387 q=0.751 trunc=0 sps=2441 elapsed=77.2m
iter 2762/4882 steps=11313152 episodes=49825 score50=18.28 eps=0.010 loss=0.01717 q=0.748 trunc=0 sps=2441 elapsed=77.3m
iter 2763/4882 steps=11317248 episodes=49842 score50=18.88 eps=0.010 loss=0.03447 q=0.749 trunc=0 sps=2441 elapsed=77.3m
iter 2764/4882 steps=11321344 episodes=49858 score50=16.86 eps=0.010 loss=0.00478 q=0.755 trunc=0 sps=2441 elapsed=77.3m
iter 2765/4882 steps=11325440 episodes=49874 score50=18.12 eps=0.010 loss=0.02901 q=0.781 trunc=0 sps=2441 elapsed=77.3m
iter 2766/4882 steps=11329536 episodes=49887 score50=18.92 eps=0.010 loss=0.02276 q=0.807 trunc=0 sps=2441 elapsed=77.4m
iter 2767/4882 steps=11333632 episodes=49901 score50=18.86 eps=0.010 loss=0.02130 q=0.796 trunc=0 sps=2441 elapsed=77.4m
iter 2768/4882 steps=11337728 episodes=49914 score50=19.92 eps=0.010 loss=0.01388 q=0.807 trunc=0 sps=2441 elapsed=77.4m
iter 2769/4882 steps=11341824 episodes=49927 score50=18.66 eps=0.010 loss=0.00274 q=0.811 trunc=0 sps=2441 elapsed=77.4m
iter 2770/4882 steps=11345920 episodes=49940 score50=18.78 eps=0.010 loss=0.00661 q=0.822 trunc=0 sps=2441 elapsed=77.5m
iter 2771/4882 steps=11350016 episodes=49957 score50=19.16 eps=0.010 loss=0.01554 q=0.798 trunc=0 sps=2441 elapsed=77.5m
iter 2772/4882 steps=11354112 episodes=49968 score50=20.44 eps=0.010 loss=0.00977 q=0.798 trunc=0 sps=2441 elapsed=77.5m
iter 2773/4882 steps=11358208 episodes=49978 score50=20.58 eps=0.010 loss=0.00674 q=0.752 trunc=0 sps=2441 elapsed=77.6m
iter 2774/4882 steps=11362304 episodes=49996 score50=20.42 eps=0.010 loss=0.01626 q=0.739 trunc=0 sps=2441 elapsed=77.6m
iter 2775/4882 steps=11366400 episodes=50009 score50=20.40 eps=0.010 loss=0.00915 q=0.758 trunc=0 sps=2441 elapsed=77.6m
iter 2776/4882 steps=11370496 episodes=50023 score50=19.04 eps=0.010 loss=0.01204 q=0.769 trunc=0 sps=2441 elapsed=77.7m
iter 2777/4882 steps=11374592 episodes=50037 score50=18.38 eps=0.010 loss=0.00545 q=0.792 trunc=0 sps=2441 elapsed=77.7m
iter 2778/4882 steps=11378688 episodes=50044 score50=19.82 eps=0.010 loss=0.00610 q=0.741 trunc=0 sps=2441 elapsed=77.7m
iter 2779/4882 steps=11382784 episodes=50056 score50=19.74 eps=0.010 loss=0.02330 q=0.770 trunc=0 sps=2441 elapsed=77.7m
iter 2780/4882 steps=11386880 episodes=50072 score50=20.36 eps=0.010 loss=0.00752 q=0.737 trunc=0 sps=2441 elapsed=77.8m
iter 2781/4882 steps=11390976 episodes=50088 score50=23.06 eps=0.010 loss=0.01983 q=0.726 trunc=0 sps=2441 elapsed=77.8m
iter 2782/4882 steps=11395072 episodes=50095 score50=21.98 eps=0.010 loss=0.00544 q=0.756 trunc=0 sps=2441 elapsed=77.8m
iter 2783/4882 steps=11399168 episodes=50103 score50=22.76 eps=0.010 loss=0.02081 q=0.666 trunc=0 sps=2441 elapsed=77.8m
iter 2784/4882 steps=11403264 episodes=50119 score50=24.02 eps=0.010 loss=0.00575 q=0.750 trunc=0 sps=2441 elapsed=77.9m
iter 2785/4882 steps=11407360 episodes=50127 score50=23.62 eps=0.010 loss=0.00201 q=0.784 trunc=0 sps=2441 elapsed=77.9m
iter 2786/4882 steps=11411456 episodes=50141 score50=22.30 eps=0.010 loss=0.00765 q=0.743 trunc=0 sps=2441 elapsed=77.9m
iter 2787/4882 steps=11415552 episodes=50158 score50=20.40 eps=0.010 loss=0.01106 q=0.717 trunc=0 sps=2441 elapsed=78.0m
iter 2788/4882 steps=11419648 episodes=50171 score50=19.28 eps=0.010 loss=0.00270 q=0.700 trunc=0 sps=2441 elapsed=78.0m
iter 2789/4882 steps=11423744 episodes=50185 score50=18.96 eps=0.010 loss=0.02567 q=0.753 trunc=0 sps=2441 elapsed=78.0m
iter 2790/4882 steps=11427840 episodes=50199 score50=19.60 eps=0.010 loss=0.00636 q=0.728 trunc=0 sps=2441 elapsed=78.0m
iter 2791/4882 steps=11431936 episodes=50211 score50=21.30 eps=0.010 loss=0.01213 q=0.720 trunc=0 sps=2441 elapsed=78.1m
iter 2792/4882 steps=11436032 episodes=50225 score50=21.60 eps=0.010 loss=0.00937 q=0.805 trunc=0 sps=2441 elapsed=78.1m
iter 2793/4882 steps=11440128 episodes=50236 score50=21.36 eps=0.010 loss=0.00722 q=0.754 trunc=0 sps=2441 elapsed=78.1m
iter 2794/4882 steps=11444224 episodes=50252 score50=21.72 eps=0.010 loss=0.04933 q=0.738 trunc=0 sps=2441 elapsed=78.1m
iter 2795/4882 steps=11448320 episodes=50269 score50=20.52 eps=0.010 loss=0.00425 q=0.743 trunc=0 sps=2441 elapsed=78.2m
iter 2796/4882 steps=11452416 episodes=50278 score50=20.28 eps=0.010 loss=0.01047 q=0.706 trunc=0 sps=2441 elapsed=78.2m
iter 2797/4882 steps=11456512 episodes=50292 score50=20.46 eps=0.010 loss=0.02432 q=0.739 trunc=0 sps=2441 elapsed=78.2m
iter 2798/4882 steps=11460608 episodes=50301 score50=19.98 eps=0.010 loss=0.00264 q=0.701 trunc=0 sps=2441 elapsed=78.3m
iter 2799/4882 steps=11464704 episodes=50318 score50=19.28 eps=0.010 loss=0.00581 q=0.726 trunc=0 sps=2441 elapsed=78.3m
iter 2800/4882 steps=11468800 episodes=50337 score50=19.24 eps=0.010 loss=0.01392 q=0.741 trunc=0 sps=2441 elapsed=78.3m
  [eval] iter=2800 mean=13.20+-1.90 median=15.0 max=31 P(>=120)=0.00 entropy=1.88/2.20 wnorm=61.972 srank=312/512
iter 2801/4882 steps=11472896 episodes=50347 score50=19.94 eps=0.010 loss=0.01196 q=0.785 trunc=0 sps=2439 elapsed=78.4m
iter 2802/4882 steps=11476992 episodes=50363 score50=20.00 eps=0.010 loss=0.00843 q=0.712 trunc=0 sps=2439 elapsed=78.4m
iter 2803/4882 steps=11481088 episodes=50374 score50=21.16 eps=0.010 loss=0.00354 q=0.741 trunc=0 sps=2439 elapsed=78.5m
iter 2804/4882 steps=11485184 episodes=50380 score50=20.26 eps=0.010 loss=0.00697 q=0.730 trunc=0 sps=2439 elapsed=78.5m
iter 2805/4882 steps=11489280 episodes=50388 score50=21.24 eps=0.010 loss=0.01325 q=0.708 trunc=0 sps=2439 elapsed=78.5m
iter 2806/4882 steps=11493376 episodes=50397 score50=19.98 eps=0.010 loss=0.00382 q=0.703 trunc=0 sps=2439 elapsed=78.5m
iter 2807/4882 steps=11497472 episodes=50411 score50=21.10 eps=0.010 loss=0.00437 q=0.717 trunc=0 sps=2439 elapsed=78.6m
iter 2808/4882 steps=11501568 episodes=50425 score50=21.12 eps=0.010 loss=0.00885 q=0.706 trunc=0 sps=2439 elapsed=78.6m
iter 2809/4882 steps=11505664 episodes=50435 score50=21.30 eps=0.010 loss=0.00797 q=0.721 trunc=0 sps=2439 elapsed=78.6m
iter 2810/4882 steps=11509760 episodes=50441 score50=21.54 eps=0.010 loss=0.00275 q=0.701 trunc=0 sps=2439 elapsed=78.7m
iter 2811/4882 steps=11513856 episodes=50458 score50=22.20 eps=0.010 loss=0.02949 q=0.672 trunc=0 sps=2439 elapsed=78.7m
iter 2812/4882 steps=11517952 episodes=50477 score50=22.18 eps=0.010 loss=0.01334 q=0.706 trunc=0 sps=2439 elapsed=78.7m
iter 2813/4882 steps=11522048 episodes=50485 score50=23.08 eps=0.010 loss=0.00342 q=0.692 trunc=0 sps=2439 elapsed=78.7m
iter 2814/4882 steps=11526144 episodes=50505 score50=24.66 eps=0.010 loss=0.00765 q=0.693 trunc=0 sps=2439 elapsed=78.8m
iter 2815/4882 steps=11530240 episodes=50512 score50=24.02 eps=0.010 loss=0.00427 q=0.748 trunc=0 sps=2439 elapsed=78.8m
iter 2816/4882 steps=11534336 episodes=50525 score50=23.96 eps=0.010 loss=0.00776 q=0.744 trunc=0 sps=2439 elapsed=78.8m
iter 2817/4882 steps=11538432 episodes=50539 score50=22.50 eps=0.010 loss=0.00503 q=0.767 trunc=0 sps=2439 elapsed=78.9m
iter 2818/4882 steps=11542528 episodes=50553 score50=21.26 eps=0.010 loss=0.00624 q=0.730 trunc=0 sps=2439 elapsed=78.9m
iter 2819/4882 steps=11546624 episodes=50567 score50=20.48 eps=0.010 loss=0.00584 q=0.750 trunc=0 sps=2439 elapsed=78.9m
iter 2820/4882 steps=11550720 episodes=50576 score50=20.06 eps=0.010 loss=0.00984 q=0.754 trunc=0 sps=2439 elapsed=78.9m
iter 2821/4882 steps=11554816 episodes=50587 score50=19.58 eps=0.010 loss=0.00918 q=0.756 trunc=0 sps=2439 elapsed=79.0m
iter 2822/4882 steps=11558912 episodes=50596 score50=20.16 eps=0.010 loss=0.00297 q=0.714 trunc=0 sps=2439 elapsed=79.0m
iter 2823/4882 steps=11563008 episodes=50605 score50=20.10 eps=0.010 loss=0.00389 q=0.739 trunc=0 sps=2439 elapsed=79.0m
iter 2824/4882 steps=11567104 episodes=50615 score50=20.02 eps=0.010 loss=0.00664 q=0.728 trunc=0 sps=2439 elapsed=79.1m
iter 2825/4882 steps=11571200 episodes=50635 score50=21.14 eps=0.010 loss=0.01751 q=0.746 trunc=0 sps=2439 elapsed=79.1m
iter 2826/4882 steps=11575296 episodes=50646 score50=21.56 eps=0.010 loss=0.00318 q=0.711 trunc=0 sps=2439 elapsed=79.1m
iter 2827/4882 steps=11579392 episodes=50664 score50=21.66 eps=0.010 loss=0.02784 q=0.765 trunc=0 sps=2439 elapsed=79.1m
iter 2828/4882 steps=11583488 episodes=50674 score50=20.50 eps=0.010 loss=0.00408 q=0.805 trunc=0 sps=2439 elapsed=79.2m
iter 2829/4882 steps=11587584 episodes=50686 score50=19.08 eps=0.010 loss=0.00223 q=0.753 trunc=0 sps=2439 elapsed=79.2m
iter 2830/4882 steps=11591680 episodes=50709 score50=16.58 eps=0.010 loss=0.00696 q=0.712 trunc=0 sps=2439 elapsed=79.2m
iter 2831/4882 steps=11595776 episodes=50723 score50=15.36 eps=0.010 loss=0.00398 q=0.697 trunc=0 sps=2439 elapsed=79.2m
iter 2832/4882 steps=11599872 episodes=50739 score50=17.06 eps=0.010 loss=0.00465 q=0.645 trunc=0 sps=2439 elapsed=79.3m
iter 2833/4882 steps=11603968 episodes=50758 score50=19.60 eps=0.010 loss=0.01507 q=0.648 trunc=0 sps=2439 elapsed=79.3m
iter 2834/4882 steps=11608064 episodes=50777 score50=17.56 eps=0.010 loss=0.04672 q=0.676 trunc=0 sps=2439 elapsed=79.3m
iter 2835/4882 steps=11612160 episodes=50788 score50=18.66 eps=0.010 loss=0.01023 q=0.675 trunc=0 sps=2439 elapsed=79.4m
iter 2836/4882 steps=11616256 episodes=50807 score50=17.16 eps=0.010 loss=0.01511 q=0.617 trunc=0 sps=2439 elapsed=79.4m
iter 2837/4882 steps=11620352 episodes=50824 score50=18.70 eps=0.010 loss=0.03215 q=0.621 trunc=0 sps=2439 elapsed=79.4m
iter 2838/4882 steps=11624448 episodes=50840 score50=15.90 eps=0.010 loss=0.01882 q=0.615 trunc=0 sps=2439 elapsed=79.4m
iter 2839/4882 steps=11628544 episodes=50859 score50=16.26 eps=0.010 loss=0.00858 q=0.694 trunc=0 sps=2439 elapsed=79.5m
iter 2840/4882 steps=11632640 episodes=50874 score50=15.10 eps=0.010 loss=0.03243 q=0.667 trunc=0 sps=2439 elapsed=79.5m
iter 2841/4882 steps=11636736 episodes=50890 score50=17.68 eps=0.010 loss=0.00609 q=0.697 trunc=0 sps=2439 elapsed=79.5m
iter 2842/4882 steps=11640832 episodes=50904 score50=18.24 eps=0.010 loss=0.02435 q=0.663 trunc=0 sps=2439 elapsed=79.5m
iter 2843/4882 steps=11644928 episodes=50922 score50=18.58 eps=0.010 loss=0.01637 q=0.661 trunc=0 sps=2439 elapsed=79.6m
iter 2844/4882 steps=11649024 episodes=50932 score50=18.00 eps=0.010 loss=0.00307 q=0.736 trunc=0 sps=2439 elapsed=79.6m
iter 2845/4882 steps=11653120 episodes=50945 score50=18.62 eps=0.010 loss=0.00407 q=0.677 trunc=0 sps=2439 elapsed=79.6m
iter 2846/4882 steps=11657216 episodes=50956 score50=18.00 eps=0.010 loss=0.00417 q=0.715 trunc=0 sps=2439 elapsed=79.6m
iter 2847/4882 steps=11661312 episodes=50968 score50=17.66 eps=0.010 loss=0.00397 q=0.719 trunc=0 sps=2439 elapsed=79.7m
iter 2848/4882 steps=11665408 episodes=50982 score50=19.06 eps=0.010 loss=0.00357 q=0.685 trunc=0 sps=2439 elapsed=79.7m
iter 2849/4882 steps=11669504 episodes=50996 score50=19.74 eps=0.010 loss=0.00858 q=0.669 trunc=0 sps=2439 elapsed=79.7m
iter 2850/4882 steps=11673600 episodes=51003 score50=19.92 eps=0.010 loss=0.00493 q=0.638 trunc=0 sps=2439 elapsed=79.8m
iter 2851/4882 steps=11677696 episodes=51015 score50=19.46 eps=0.010 loss=0.00437 q=0.683 trunc=0 sps=2439 elapsed=79.8m
iter 2852/4882 steps=11681792 episodes=51027 score50=19.46 eps=0.010 loss=0.01824 q=0.635 trunc=0 sps=2439 elapsed=79.8m
iter 2853/4882 steps=11685888 episodes=51043 score50=20.08 eps=0.010 loss=0.00510 q=0.659 trunc=0 sps=2439 elapsed=79.9m
iter 2854/4882 steps=11689984 episodes=51060 score50=22.56 eps=0.010 loss=0.00677 q=0.685 trunc=0 sps=2439 elapsed=79.9m
iter 2855/4882 steps=11694080 episodes=51076 score50=20.44 eps=0.010 loss=0.01586 q=0.720 trunc=0 sps=2439 elapsed=79.9m
iter 2856/4882 steps=11698176 episodes=51091 score50=18.52 eps=0.010 loss=0.01433 q=0.682 trunc=0 sps=2439 elapsed=79.9m
iter 2857/4882 steps=11702272 episodes=51105 score50=16.90 eps=0.010 loss=0.00912 q=0.707 trunc=0 sps=2439 elapsed=80.0m
iter 2858/4882 steps=11706368 episodes=51122 score50=17.96 eps=0.010 loss=0.00957 q=0.722 trunc=0 sps=2439 elapsed=80.0m
iter 2859/4882 steps=11710464 episodes=51137 score50=17.14 eps=0.010 loss=0.03175 q=0.657 trunc=0 sps=2439 elapsed=80.0m
iter 2860/4882 steps=11714560 episodes=51155 score50=18.18 eps=0.010 loss=0.02729 q=0.683 trunc=0 sps=2439 elapsed=80.0m
iter 2861/4882 steps=11718656 episodes=51165 score50=19.18 eps=0.010 loss=0.00327 q=0.691 trunc=0 sps=2439 elapsed=80.1m
iter 2862/4882 steps=11722752 episodes=51174 score50=18.86 eps=0.010 loss=0.00468 q=0.683 trunc=0 sps=2439 elapsed=80.1m
iter 2863/4882 steps=11726848 episodes=51194 score50=20.32 eps=0.010 loss=0.00510 q=0.708 trunc=0 sps=2439 elapsed=80.1m
iter 2864/4882 steps=11730944 episodes=51205 score50=20.60 eps=0.010 loss=0.01301 q=0.716 trunc=0 sps=2439 elapsed=80.2m
iter 2865/4882 steps=11735040 episodes=51216 score50=20.52 eps=0.010 loss=0.02548 q=0.710 trunc=0 sps=2439 elapsed=80.2m
iter 2866/4882 steps=11739136 episodes=51228 score50=20.78 eps=0.010 loss=0.00365 q=0.740 trunc=0 sps=2439 elapsed=80.2m
iter 2867/4882 steps=11743232 episodes=51245 score50=19.52 eps=0.010 loss=0.01385 q=0.721 trunc=0 sps=2439 elapsed=80.2m
iter 2868/4882 steps=11747328 episodes=51260 score50=18.68 eps=0.010 loss=0.01013 q=0.744 trunc=0 sps=2439 elapsed=80.3m
iter 2869/4882 steps=11751424 episodes=51270 score50=18.94 eps=0.010 loss=0.01821 q=0.763 trunc=0 sps=2439 elapsed=80.3m
iter 2870/4882 steps=11755520 episodes=51281 score50=19.24 eps=0.010 loss=0.00406 q=0.723 trunc=0 sps=2439 elapsed=80.3m
iter 2871/4882 steps=11759616 episodes=51288 score50=19.46 eps=0.010 loss=0.01984 q=0.666 trunc=0 sps=2439 elapsed=80.3m
iter 2872/4882 steps=11763712 episodes=51304 score50=21.50 eps=0.010 loss=0.00675 q=0.675 trunc=0 sps=2439 elapsed=80.4m
iter 2873/4882 steps=11767808 episodes=51313 score50=21.58 eps=0.010 loss=0.00552 q=0.660 trunc=0 sps=2439 elapsed=80.4m
iter 2874/4882 steps=11771904 episodes=51330 score50=20.26 eps=0.010 loss=0.00741 q=0.688 trunc=0 sps=2439 elapsed=80.4m
iter 2875/4882 steps=11776000 episodes=51333 score50=19.54 eps=0.010 loss=0.00296 q=0.693 trunc=0 sps=2439 elapsed=80.5m
iter 2876/4882 steps=11780096 episodes=51349 score50=20.70 eps=0.010 loss=0.00678 q=0.686 trunc=0 sps=2439 elapsed=80.5m
iter 2877/4882 steps=11784192 episodes=51359 score50=20.38 eps=0.010 loss=0.00745 q=0.707 trunc=0 sps=2439 elapsed=80.5m
iter 2878/4882 steps=11788288 episodes=51368 score50=20.84 eps=0.010 loss=0.00242 q=0.718 trunc=0 sps=2439 elapsed=80.5m
iter 2879/4882 steps=11792384 episodes=51387 score50=21.96 eps=0.010 loss=0.00309 q=0.698 trunc=0 sps=2439 elapsed=80.6m
iter 2880/4882 steps=11796480 episodes=51408 score50=22.72 eps=0.010 loss=0.01272 q=0.743 trunc=0 sps=2439 elapsed=80.6m
iter 2881/4882 steps=11800576 episodes=51421 score50=21.24 eps=0.010 loss=0.00355 q=0.790 trunc=0 sps=2439 elapsed=80.6m
iter 2882/4882 steps=11804672 episodes=51439 score50=20.30 eps=0.010 loss=0.01136 q=0.776 trunc=0 sps=2439 elapsed=80.7m
iter 2883/4882 steps=11808768 episodes=51448 score50=19.16 eps=0.010 loss=0.01521 q=0.789 trunc=0 sps=2439 elapsed=80.7m
iter 2884/4882 steps=11812864 episodes=51460 score50=19.46 eps=0.010 loss=0.00775 q=0.762 trunc=0 sps=2439 elapsed=80.7m
iter 2885/4882 steps=11816960 episodes=51476 score50=19.96 eps=0.010 loss=0.00786 q=0.779 trunc=0 sps=2439 elapsed=80.7m
iter 2886/4882 steps=11821056 episodes=51485 score50=22.00 eps=0.010 loss=0.00964 q=0.762 trunc=0 sps=2439 elapsed=80.8m
iter 2887/4882 steps=11825152 episodes=51493 score50=21.18 eps=0.010 loss=0.00360 q=0.749 trunc=0 sps=2439 elapsed=80.8m
iter 2888/4882 steps=11829248 episodes=51503 score50=21.62 eps=0.010 loss=0.00467 q=0.692 trunc=0 sps=2439 elapsed=80.8m
iter 2889/4882 steps=11833344 episodes=51511 score50=21.92 eps=0.010 loss=0.01015 q=0.673 trunc=0 sps=2439 elapsed=80.9m
iter 2890/4882 steps=11837440 episodes=51526 score50=21.90 eps=0.010 loss=0.00479 q=0.618 trunc=0 sps=2439 elapsed=80.9m
iter 2891/4882 steps=11841536 episodes=51540 score50=20.88 eps=0.010 loss=0.00404 q=0.695 trunc=0 sps=2439 elapsed=80.9m
iter 2892/4882 steps=11845632 episodes=51552 score50=20.54 eps=0.010 loss=0.01545 q=0.629 trunc=0 sps=2439 elapsed=80.9m
iter 2893/4882 steps=11849728 episodes=51564 score50=21.64 eps=0.010 loss=0.00338 q=0.636 trunc=0 sps=2439 elapsed=81.0m
iter 2894/4882 steps=11853824 episodes=51583 score50=20.30 eps=0.010 loss=0.02689 q=0.670 trunc=0 sps=2439 elapsed=81.0m
iter 2895/4882 steps=11857920 episodes=51600 score50=21.26 eps=0.010 loss=0.00509 q=0.656 trunc=0 sps=2439 elapsed=81.0m
iter 2896/4882 steps=11862016 episodes=51614 score50=19.86 eps=0.010 loss=0.00373 q=0.703 trunc=0 sps=2439 elapsed=81.1m
iter 2897/4882 steps=11866112 episodes=51623 score50=20.26 eps=0.010 loss=0.00289 q=0.711 trunc=0 sps=2439 elapsed=81.1m
iter 2898/4882 steps=11870208 episodes=51639 score50=21.22 eps=0.010 loss=0.03058 q=0.714 trunc=0 sps=2439 elapsed=81.1m
iter 2899/4882 steps=11874304 episodes=51651 score50=20.94 eps=0.010 loss=0.03970 q=0.676 trunc=0 sps=2439 elapsed=81.1m
iter 2900/4882 steps=11878400 episodes=51664 score50=20.16 eps=0.010 loss=0.02559 q=0.691 trunc=0 sps=2439 elapsed=81.2m
  [eval] iter=2900 mean=22.10+-2.91 median=18.0 max=60 P(>=120)=0.00 entropy=1.80/2.20 wnorm=63.280 srank=323/512
iter 2901/4882 steps=11882496 episodes=51678 score50=19.80 eps=0.010 loss=0.00295 q=0.682 trunc=0 sps=2436 elapsed=81.3m
iter 2902/4882 steps=11886592 episodes=51686 score50=20.82 eps=0.010 loss=0.00236 q=0.731 trunc=0 sps=2436 elapsed=81.3m
iter 2903/4882 steps=11890688 episodes=51690 score50=20.82 eps=0.010 loss=0.00551 q=0.659 trunc=0 sps=2436 elapsed=81.4m
iter 2904/4882 steps=11894784 episodes=51701 score50=21.06 eps=0.010 loss=0.00811 q=0.704 trunc=0 sps=2436 elapsed=81.4m
iter 2905/4882 steps=11898880 episodes=51715 score50=20.90 eps=0.010 loss=0.01647 q=0.659 trunc=0 sps=2436 elapsed=81.4m
iter 2906/4882 steps=11902976 episodes=51729 score50=20.80 eps=0.010 loss=0.00478 q=0.622 trunc=0 sps=2436 elapsed=81.4m
iter 2907/4882 steps=11907072 episodes=51741 score50=21.24 eps=0.010 loss=0.00435 q=0.677 trunc=0 sps=2436 elapsed=81.5m
iter 2908/4882 steps=11911168 episodes=51761 score50=20.08 eps=0.010 loss=0.02501 q=0.732 trunc=0 sps=2436 elapsed=81.5m
iter 2909/4882 steps=11915264 episodes=51789 score50=17.96 eps=0.010 loss=0.03765 q=0.761 trunc=0 sps=2436 elapsed=81.5m
iter 2910/4882 steps=11919360 episodes=51806 score50=16.94 eps=0.010 loss=0.00752 q=0.763 trunc=0 sps=2436 elapsed=81.5m
iter 2911/4882 steps=11923456 episodes=51821 score50=16.70 eps=0.010 loss=0.01118 q=0.728 trunc=0 sps=2436 elapsed=81.6m
iter 2912/4882 steps=11927552 episodes=51840 score50=17.94 eps=0.010 loss=0.01510 q=0.759 trunc=0 sps=2436 elapsed=81.6m
iter 2913/4882 steps=11931648 episodes=51850 score50=16.94 eps=0.010 loss=0.00517 q=0.795 trunc=0 sps=2436 elapsed=81.6m
iter 2914/4882 steps=11935744 episodes=51867 score50=16.92 eps=0.010 loss=0.00949 q=0.778 trunc=0 sps=2436 elapsed=81.6m
iter 2915/4882 steps=11939840 episodes=51882 score50=16.50 eps=0.010 loss=0.00951 q=0.769 trunc=0 sps=2436 elapsed=81.7m
iter 2916/4882 steps=11943936 episodes=51899 score50=16.68 eps=0.010 loss=0.02238 q=0.730 trunc=0 sps=2436 elapsed=81.7m
iter 2917/4882 steps=11948032 episodes=51911 score50=17.66 eps=0.010 loss=0.00904 q=0.727 trunc=0 sps=2436 elapsed=81.7m
iter 2918/4882 steps=11952128 episodes=51923 score50=16.76 eps=0.010 loss=0.00217 q=0.772 trunc=0 sps=2437 elapsed=81.8m
iter 2919/4882 steps=11956224 episodes=51941 score50=15.30 eps=0.010 loss=0.00571 q=0.782 trunc=0 sps=2437 elapsed=81.8m
iter 2920/4882 steps=11960320 episodes=51953 score50=14.88 eps=0.010 loss=0.00327 q=0.733 trunc=0 sps=2437 elapsed=81.8m
iter 2921/4882 steps=11964416 episodes=51965 score50=14.32 eps=0.010 loss=0.01502 q=0.662 trunc=0 sps=2437 elapsed=81.8m
iter 2922/4882 steps=11968512 episodes=51981 score50=15.10 eps=0.010 loss=0.01091 q=0.695 trunc=0 sps=2437 elapsed=81.9m
iter 2923/4882 steps=11972608 episodes=51999 score50=19.70 eps=0.010 loss=0.00518 q=0.708 trunc=0 sps=2436 elapsed=81.9m
iter 2924/4882 steps=11976704 episodes=52012 score50=21.82 eps=0.010 loss=0.00261 q=0.772 trunc=0 sps=2436 elapsed=81.9m
iter 2925/4882 steps=11980800 episodes=52017 score50=21.82 eps=0.010 loss=0.00527 q=0.740 trunc=0 sps=2436 elapsed=82.0m
iter 2926/4882 steps=11984896 episodes=52036 score50=22.76 eps=0.010 loss=0.00785 q=0.710 trunc=0 sps=2436 elapsed=82.0m
iter 2927/4882 steps=11988992 episodes=52054 score50=21.60 eps=0.010 loss=0.00622 q=0.762 trunc=0 sps=2436 elapsed=82.0m
iter 2928/4882 steps=11993088 episodes=52061 score50=21.36 eps=0.010 loss=0.00313 q=0.728 trunc=0 sps=2436 elapsed=82.0m
iter 2929/4882 steps=11997184 episodes=52073 score50=20.80 eps=0.010 loss=0.00676 q=0.758 trunc=0 sps=2436 elapsed=82.1m
iter 2930/4882 steps=12001280 episodes=52087 score50=21.42 eps=0.010 loss=0.01942 q=0.763 trunc=0 sps=2436 elapsed=82.1m
iter 2931/4882 steps=12005376 episodes=52097 score50=20.54 eps=0.010 loss=0.00468 q=0.742 trunc=0 sps=2436 elapsed=82.1m
iter 2932/4882 steps=12009472 episodes=52109 score50=18.78 eps=0.010 loss=0.01202 q=0.711 trunc=0 sps=2436 elapsed=82.2m
iter 2933/4882 steps=12013568 episodes=52126 score50=18.44 eps=0.010 loss=0.00542 q=0.711 trunc=0 sps=2436 elapsed=82.2m
iter 2934/4882 steps=12017664 episodes=52135 score50=18.62 eps=0.010 loss=0.01326 q=0.744 trunc=0 sps=2436 elapsed=82.2m
iter 2935/4882 steps=12021760 episodes=52149 score50=20.20 eps=0.010 loss=0.00850 q=0.681 trunc=0 sps=2436 elapsed=82.2m
iter 2936/4882 steps=12025856 episodes=52162 score50=20.80 eps=0.010 loss=0.02620 q=0.787 trunc=0 sps=2437 elapsed=82.3m
iter 2937/4882 steps=12029952 episodes=52171 score50=20.84 eps=0.010 loss=0.00700 q=0.802 trunc=0 sps=2437 elapsed=82.3m
iter 2938/4882 steps=12034048 episodes=52180 score50=20.48 eps=0.010 loss=0.00907 q=0.723 trunc=0 sps=2437 elapsed=82.3m
iter 2939/4882 steps=12038144 episodes=52191 score50=21.52 eps=0.010 loss=0.00418 q=0.727 trunc=0 sps=2437 elapsed=82.3m
iter 2940/4882 steps=12042240 episodes=52204 score50=21.28 eps=0.010 loss=0.00379 q=0.766 trunc=0 sps=2437 elapsed=82.4m
iter 2941/4882 steps=12046336 episodes=52220 score50=21.92 eps=0.010 loss=0.00293 q=0.794 trunc=0 sps=2437 elapsed=82.4m
iter 2942/4882 steps=12050432 episodes=52233 score50=22.24 eps=0.010 loss=0.00616 q=0.781 trunc=0 sps=2437 elapsed=82.4m
iter 2943/4882 steps=12054528 episodes=52248 score50=20.46 eps=0.010 loss=0.00735 q=0.765 trunc=0 sps=2437 elapsed=82.5m
iter 2944/4882 steps=12058624 episodes=52260 score50=20.34 eps=0.010 loss=0.00324 q=0.813 trunc=0 sps=2437 elapsed=82.5m
iter 2945/4882 steps=12062720 episodes=52270 score50=22.20 eps=0.010 loss=0.00836 q=0.783 trunc=0 sps=2437 elapsed=82.5m
iter 2946/4882 steps=12066816 episodes=52289 score50=20.50 eps=0.010 loss=0.01337 q=0.789 trunc=0 sps=2437 elapsed=82.5m
iter 2947/4882 steps=12070912 episodes=52298 score50=21.04 eps=0.010 loss=0.00677 q=0.835 trunc=0 sps=2437 elapsed=82.6m
iter 2948/4882 steps=12075008 episodes=52313 score50=19.86 eps=0.010 loss=0.06139 q=0.852 trunc=0 sps=2437 elapsed=82.6m
iter 2949/4882 steps=12079104 episodes=52325 score50=19.52 eps=0.010 loss=0.01191 q=0.833 trunc=0 sps=2437 elapsed=82.6m
iter 2950/4882 steps=12083200 episodes=52334 score50=20.00 eps=0.010 loss=0.00528 q=0.853 trunc=0 sps=2437 elapsed=82.6m
iter 2951/4882 steps=12087296 episodes=52345 score50=20.78 eps=0.010 loss=0.01570 q=0.812 trunc=0 sps=2437 elapsed=82.7m
iter 2952/4882 steps=12091392 episodes=52360 score50=22.48 eps=0.010 loss=0.00866 q=0.822 trunc=0 sps=2437 elapsed=82.7m
iter 2953/4882 steps=12095488 episodes=52376 score50=22.76 eps=0.010 loss=0.00703 q=0.862 trunc=0 sps=2437 elapsed=82.7m
iter 2954/4882 steps=12099584 episodes=52389 score50=21.62 eps=0.010 loss=0.00437 q=0.883 trunc=0 sps=2437 elapsed=82.8m
iter 2955/4882 steps=12103680 episodes=52401 score50=20.54 eps=0.010 loss=0.01843 q=0.824 trunc=0 sps=2437 elapsed=82.8m
iter 2956/4882 steps=12107776 episodes=52421 score50=17.90 eps=0.010 loss=0.04006 q=0.811 trunc=0 sps=2437 elapsed=82.8m
iter 2957/4882 steps=12111872 episodes=52433 score50=17.20 eps=0.010 loss=0.01201 q=0.851 trunc=0 sps=2437 elapsed=82.8m
iter 2958/4882 steps=12115968 episodes=52441 score50=18.38 eps=0.010 loss=0.00842 q=0.790 trunc=0 sps=2437 elapsed=82.9m
iter 2959/4882 steps=12120064 episodes=52451 score50=19.86 eps=0.010 loss=0.00364 q=0.840 trunc=0 sps=2437 elapsed=82.9m
iter 2960/4882 steps=12124160 episodes=52464 score50=20.20 eps=0.010 loss=0.01463 q=0.751 trunc=0 sps=2436 elapsed=82.9m
iter 2961/4882 steps=12128256 episodes=52478 score50=21.88 eps=0.010 loss=0.00795 q=0.804 trunc=0 sps=2436 elapsed=83.0m
iter 2962/4882 steps=12132352 episodes=52490 score50=22.92 eps=0.010 loss=0.00247 q=0.815 trunc=0 sps=2436 elapsed=83.0m
iter 2963/4882 steps=12136448 episodes=52503 score50=22.48 eps=0.010 loss=0.01164 q=0.753 trunc=0 sps=2436 elapsed=83.0m
iter 2964/4882 steps=12140544 episodes=52518 score50=20.88 eps=0.010 loss=0.02410 q=0.803 trunc=0 sps=2436 elapsed=83.1m
iter 2965/4882 steps=12144640 episodes=52534 score50=20.80 eps=0.010 loss=0.01417 q=0.750 trunc=0 sps=2436 elapsed=83.1m
iter 2966/4882 steps=12148736 episodes=52544 score50=20.22 eps=0.010 loss=0.02794 q=0.814 trunc=0 sps=2436 elapsed=83.1m
iter 2967/4882 steps=12152832 episodes=52553 score50=20.52 eps=0.010 loss=0.00573 q=0.786 trunc=0 sps=2436 elapsed=83.1m
iter 2968/4882 steps=12156928 episodes=52568 score50=20.72 eps=0.010 loss=0.00949 q=0.743 trunc=0 sps=2436 elapsed=83.2m
iter 2969/4882 steps=12161024 episodes=52578 score50=19.14 eps=0.010 loss=0.01888 q=0.821 trunc=0 sps=2436 elapsed=83.2m
iter 2970/4882 steps=12165120 episodes=52589 score50=18.88 eps=0.010 loss=0.03270 q=0.794 trunc=0 sps=2436 elapsed=83.2m
iter 2971/4882 steps=12169216 episodes=52598 score50=20.04 eps=0.010 loss=0.01682 q=0.768 trunc=0 sps=2436 elapsed=83.2m
iter 2972/4882 steps=12173312 episodes=52608 score50=20.20 eps=0.010 loss=0.00316 q=0.724 trunc=0 sps=2436 elapsed=83.3m
iter 2973/4882 steps=12177408 episodes=52619 score50=23.86 eps=0.010 loss=0.00481 q=0.744 trunc=0 sps=2436 elapsed=83.3m
iter 2974/4882 steps=12181504 episodes=52635 score50=23.96 eps=0.010 loss=0.03378 q=0.780 trunc=0 sps=2436 elapsed=83.3m
iter 2975/4882 steps=12185600 episodes=52645 score50=23.92 eps=0.010 loss=0.00894 q=0.767 trunc=0 sps=2436 elapsed=83.4m
iter 2976/4882 steps=12189696 episodes=52662 score50=21.60 eps=0.010 loss=0.01609 q=0.748 trunc=0 sps=2436 elapsed=83.4m
iter 2977/4882 steps=12193792 episodes=52675 score50=20.38 eps=0.010 loss=0.00730 q=0.749 trunc=0 sps=2436 elapsed=83.4m
iter 2978/4882 steps=12197888 episodes=52685 score50=21.48 eps=0.010 loss=0.02266 q=0.790 trunc=0 sps=2436 elapsed=83.4m
iter 2979/4882 steps=12201984 episodes=52696 score50=23.18 eps=0.010 loss=0.00530 q=0.780 trunc=0 sps=2436 elapsed=83.5m
iter 2980/4882 steps=12206080 episodes=52704 score50=22.96 eps=0.010 loss=0.00438 q=0.781 trunc=0 sps=2436 elapsed=83.5m
iter 2981/4882 steps=12210176 episodes=52719 score50=21.88 eps=0.010 loss=0.01916 q=0.760 trunc=0 sps=2436 elapsed=83.5m
iter 2982/4882 steps=12214272 episodes=52739 score50=20.74 eps=0.010 loss=0.03537 q=0.761 trunc=0 sps=2436 elapsed=83.6m
iter 2983/4882 steps=12218368 episodes=52746 score50=20.88 eps=0.010 loss=0.01506 q=0.777 trunc=0 sps=2436 elapsed=83.6m
iter 2984/4882 steps=12222464 episodes=52756 score50=22.66 eps=0.010 loss=0.00325 q=0.742 trunc=0 sps=2436 elapsed=83.6m
iter 2985/4882 steps=12226560 episodes=52771 score50=22.24 eps=0.010 loss=0.01522 q=0.754 trunc=0 sps=2436 elapsed=83.6m
iter 2986/4882 steps=12230656 episodes=52782 score50=21.52 eps=0.010 loss=0.00338 q=0.741 trunc=0 sps=2436 elapsed=83.7m
iter 2987/4882 steps=12234752 episodes=52791 score50=22.92 eps=0.010 loss=0.00218 q=0.734 trunc=0 sps=2436 elapsed=83.7m
iter 2988/4882 steps=12238848 episodes=52803 score50=21.58 eps=0.010 loss=0.00741 q=0.742 trunc=0 sps=2436 elapsed=83.7m
iter 2989/4882 steps=12242944 episodes=52816 score50=23.66 eps=0.010 loss=0.01352 q=0.716 trunc=0 sps=2436 elapsed=83.8m
iter 2990/4882 steps=12247040 episodes=52826 score50=24.58 eps=0.010 loss=0.00393 q=0.754 trunc=0 sps=2436 elapsed=83.8m
iter 2991/4882 steps=12251136 episodes=52841 score50=22.92 eps=0.010 loss=0.02242 q=0.729 trunc=0 sps=2436 elapsed=83.8m
iter 2992/4882 steps=12255232 episodes=52851 score50=21.12 eps=0.010 loss=0.03188 q=0.700 trunc=0 sps=2436 elapsed=83.8m
iter 2993/4882 steps=12259328 episodes=52875 score50=18.68 eps=0.010 loss=0.03576 q=0.692 trunc=0 sps=2436 elapsed=83.9m
iter 2994/4882 steps=12263424 episodes=52896 score50=16.68 eps=0.010 loss=0.00718 q=0.786 trunc=0 sps=2436 elapsed=83.9m
iter 2995/4882 steps=12267520 episodes=52904 score50=17.28 eps=0.010 loss=0.00340 q=0.783 trunc=0 sps=2436 elapsed=83.9m
iter 2996/4882 steps=12271616 episodes=52918 score50=18.54 eps=0.010 loss=0.00374 q=0.773 trunc=0 sps=2436 elapsed=83.9m
iter 2997/4882 steps=12275712 episodes=52927 score50=19.50 eps=0.010 loss=0.02379 q=0.797 trunc=0 sps=2436 elapsed=84.0m
iter 2998/4882 steps=12279808 episodes=52939 score50=20.58 eps=0.010 loss=0.02179 q=0.805 trunc=0 sps=2436 elapsed=84.0m
iter 2999/4882 steps=12283904 episodes=52952 score50=22.62 eps=0.010 loss=0.00370 q=0.797 trunc=0 sps=2436 elapsed=84.0m
iter 3000/4882 steps=12288000 episodes=52963 score50=23.84 eps=0.010 loss=0.00868 q=0.822 trunc=0 sps=2436 elapsed=84.1m
  [eval] iter=3000 mean=20.40+-2.17 median=19.5 max=38 P(>=120)=0.00 entropy=1.51/2.20 wnorm=64.516 srank=293/512
iter 3001/4882 steps=12292096 episodes=52978 score50=22.34 eps=0.010 loss=0.03937 q=0.825 trunc=0 sps=2433 elapsed=84.2m
iter 3002/4882 steps=12296192 episodes=52989 score50=23.48 eps=0.010 loss=0.00899 q=0.769 trunc=0 sps=2433 elapsed=84.2m
iter 3003/4882 steps=12300288 episodes=52999 score50=21.60 eps=0.010 loss=0.00949 q=0.781 trunc=0 sps=2433 elapsed=84.2m
iter 3004/4882 steps=12304384 episodes=53010 score50=21.22 eps=0.010 loss=0.00443 q=0.787 trunc=0 sps=2433 elapsed=84.3m
iter 3005/4882 steps=12308480 episodes=53020 score50=22.08 eps=0.010 loss=0.00778 q=0.717 trunc=0 sps=2433 elapsed=84.3m
iter 3006/4882 steps=12312576 episodes=53026 score50=22.34 eps=0.010 loss=0.00272 q=0.784 trunc=0 sps=2433 elapsed=84.3m
iter 3007/4882 steps=12316672 episodes=53035 score50=21.62 eps=0.010 loss=0.00541 q=0.708 trunc=0 sps=2433 elapsed=84.4m
iter 3008/4882 steps=12320768 episodes=53047 score50=21.84 eps=0.010 loss=0.00888 q=0.713 trunc=0 sps=2433 elapsed=84.4m
iter 3009/4882 steps=12324864 episodes=53065 score50=24.04 eps=0.010 loss=0.01005 q=0.733 trunc=0 sps=2433 elapsed=84.4m
iter 3010/4882 steps=12328960 episodes=53077 score50=23.60 eps=0.010 loss=0.00343 q=0.784 trunc=0 sps=2433 elapsed=84.5m
iter 3011/4882 steps=12333056 episodes=53093 score50=23.66 eps=0.010 loss=0.01280 q=0.767 trunc=0 sps=2433 elapsed=84.5m
iter 3012/4882 steps=12337152 episodes=53104 score50=23.70 eps=0.010 loss=0.00635 q=0.794 trunc=0 sps=2433 elapsed=84.5m
iter 3013/4882 steps=12341248 episodes=53119 score50=23.76 eps=0.010 loss=0.00603 q=0.803 trunc=0 sps=2433 elapsed=84.5m
iter 3014/4882 steps=12345344 episodes=53134 score50=22.00 eps=0.010 loss=0.00523 q=0.819 trunc=0 sps=2433 elapsed=84.6m
iter 3015/4882 steps=12349440 episodes=53144 score50=22.76 eps=0.010 loss=0.00740 q=0.765 trunc=0 sps=2433 elapsed=84.6m
iter 3016/4882 steps=12353536 episodes=53156 score50=21.58 eps=0.010 loss=0.01777 q=0.801 trunc=0 sps=2433 elapsed=84.6m
iter 3017/4882 steps=12357632 episodes=53167 score50=20.96 eps=0.010 loss=0.00762 q=0.773 trunc=0 sps=2433 elapsed=84.7m
iter 3018/4882 steps=12361728 episodes=53181 score50=21.18 eps=0.010 loss=0.02718 q=0.799 trunc=0 sps=2433 elapsed=84.7m
iter 3019/4882 steps=12365824 episodes=53196 score50=21.36 eps=0.010 loss=0.00393 q=0.794 trunc=0 sps=2433 elapsed=84.7m
iter 3020/4882 steps=12369920 episodes=53208 score50=21.50 eps=0.010 loss=0.01196 q=0.830 trunc=0 sps=2433 elapsed=84.7m
iter 3021/4882 steps=12374016 episodes=53216 score50=20.94 eps=0.010 loss=0.00651 q=0.781 trunc=0 sps=2433 elapsed=84.8m
iter 3022/4882 steps=12378112 episodes=53227 score50=21.14 eps=0.010 loss=0.00353 q=0.717 trunc=0 sps=2433 elapsed=84.8m
iter 3023/4882 steps=12382208 episodes=53235 score50=21.20 eps=0.010 loss=0.02015 q=0.747 trunc=0 sps=2433 elapsed=84.8m
iter 3024/4882 steps=12386304 episodes=53244 score50=20.58 eps=0.010 loss=0.00727 q=0.739 trunc=0 sps=2433 elapsed=84.8m
iter 3025/4882 steps=12390400 episodes=53259 score50=20.90 eps=0.010 loss=0.01855 q=0.716 trunc=0 sps=2433 elapsed=84.9m
iter 3026/4882 steps=12394496 episodes=53272 score50=21.58 eps=0.010 loss=0.00920 q=0.789 trunc=0 sps=2433 elapsed=84.9m
iter 3027/4882 steps=12398592 episodes=53289 score50=21.52 eps=0.010 loss=0.04126 q=0.749 trunc=0 sps=2433 elapsed=84.9m
iter 3028/4882 steps=12402688 episodes=53301 score50=22.54 eps=0.010 loss=0.00915 q=0.750 trunc=0 sps=2433 elapsed=85.0m
iter 3029/4882 steps=12406784 episodes=53320 score50=20.78 eps=0.010 loss=0.00797 q=0.765 trunc=0 sps=2433 elapsed=85.0m
iter 3030/4882 steps=12410880 episodes=53329 score50=20.90 eps=0.010 loss=0.02575 q=0.750 trunc=0 sps=2433 elapsed=85.0m
iter 3031/4882 steps=12414976 episodes=53343 score50=20.18 eps=0.010 loss=0.00453 q=0.734 trunc=0 sps=2433 elapsed=85.0m
iter 3032/4882 steps=12419072 episodes=53351 score50=18.92 eps=0.010 loss=0.00575 q=0.747 trunc=0 sps=2433 elapsed=85.1m
iter 3033/4882 steps=12423168 episodes=53359 score50=20.78 eps=0.010 loss=0.00390 q=0.712 trunc=0 sps=2433 elapsed=85.1m
iter 3034/4882 steps=12427264 episodes=53372 score50=21.44 eps=0.010 loss=0.00636 q=0.727 trunc=0 sps=2433 elapsed=85.1m
iter 3035/4882 steps=12431360 episodes=53388 score50=21.94 eps=0.010 loss=0.00496 q=0.700 trunc=0 sps=2433 elapsed=85.2m
iter 3036/4882 steps=12435456 episodes=53400 score50=22.20 eps=0.010 loss=0.00766 q=0.709 trunc=0 sps=2433 elapsed=85.2m
iter 3037/4882 steps=12439552 episodes=53413 score50=20.58 eps=0.010 loss=0.00531 q=0.748 trunc=0 sps=2433 elapsed=85.2m
iter 3038/4882 steps=12443648 episodes=53426 score50=20.00 eps=0.010 loss=0.00358 q=0.728 trunc=0 sps=2433 elapsed=85.3m
iter 3039/4882 steps=12447744 episodes=53441 score50=18.72 eps=0.010 loss=0.00340 q=0.718 trunc=0 sps=2433 elapsed=85.3m
iter 3040/4882 steps=12451840 episodes=53460 score50=17.48 eps=0.010 loss=0.05548 q=0.651 trunc=0 sps=2433 elapsed=85.3m
iter 3041/4882 steps=12455936 episodes=53478 score50=19.26 eps=0.010 loss=0.00954 q=0.765 trunc=0 sps=2433 elapsed=85.3m
iter 3042/4882 steps=12460032 episodes=53484 score50=20.86 eps=0.010 loss=0.01659 q=0.759 trunc=0 sps=2433 elapsed=85.4m
iter 3043/4882 steps=12464128 episodes=53494 score50=20.60 eps=0.010 loss=0.00201 q=0.765 trunc=0 sps=2433 elapsed=85.4m
iter 3044/4882 steps=12468224 episodes=53506 score50=22.54 eps=0.010 loss=0.02550 q=0.783 trunc=0 sps=2433 elapsed=85.4m
iter 3045/4882 steps=12472320 episodes=53514 score50=22.34 eps=0.010 loss=0.00946 q=0.740 trunc=0 sps=2433 elapsed=85.4m
iter 3046/4882 steps=12476416 episodes=53523 score50=22.70 eps=0.010 loss=0.00259 q=0.754 trunc=0 sps=2433 elapsed=85.5m
iter 3047/4882 steps=12480512 episodes=53539 score50=21.74 eps=0.010 loss=0.00564 q=0.732 trunc=0 sps=2433 elapsed=85.5m
iter 3048/4882 steps=12484608 episodes=53550 score50=21.88 eps=0.010 loss=0.01386 q=0.740 trunc=0 sps=2433 elapsed=85.5m
iter 3049/4882 steps=12488704 episodes=53563 score50=23.72 eps=0.010 loss=0.00848 q=0.751 trunc=0 sps=2433 elapsed=85.6m
iter 3050/4882 steps=12492800 episodes=53581 score50=22.18 eps=0.010 loss=0.01437 q=0.717 trunc=0 sps=2433 elapsed=85.6m
iter 3051/4882 steps=12496896 episodes=53590 score50=21.34 eps=0.010 loss=0.00820 q=0.701 trunc=0 sps=2433 elapsed=85.6m
iter 3052/4882 steps=12500992 episodes=53608 score50=21.70 eps=0.010 loss=0.01213 q=0.693 trunc=0 sps=2433 elapsed=85.6m
iter 3053/4882 steps=12505088 episodes=53617 score50=20.50 eps=0.010 loss=0.00609 q=0.704 trunc=0 sps=2433 elapsed=85.7m
iter 3054/4882 steps=12509184 episodes=53631 score50=22.58 eps=0.010 loss=0.00260 q=0.740 trunc=0 sps=2433 elapsed=85.7m
iter 3055/4882 steps=12513280 episodes=53643 score50=23.12 eps=0.010 loss=0.00283 q=0.712 trunc=0 sps=2433 elapsed=85.7m
iter 3056/4882 steps=12517376 episodes=53656 score50=22.40 eps=0.010 loss=0.00774 q=0.732 trunc=0 sps=2433 elapsed=85.8m
iter 3057/4882 steps=12521472 episodes=53671 score50=21.42 eps=0.010 loss=0.00455 q=0.729 trunc=0 sps=2433 elapsed=85.8m
iter 3058/4882 steps=12525568 episodes=53689 score50=21.28 eps=0.010 loss=0.00908 q=0.676 trunc=0 sps=2433 elapsed=85.8m
iter 3059/4882 steps=12529664 episodes=53698 score50=21.04 eps=0.010 loss=0.01551 q=0.696 trunc=0 sps=2433 elapsed=85.8m
iter 3060/4882 steps=12533760 episodes=53711 score50=19.86 eps=0.010 loss=0.00537 q=0.699 trunc=0 sps=2433 elapsed=85.9m
iter 3061/4882 steps=12537856 episodes=53725 score50=22.92 eps=0.010 loss=0.01244 q=0.670 trunc=0 sps=2433 elapsed=85.9m
iter 3062/4882 steps=12541952 episodes=53731 score50=22.94 eps=0.010 loss=0.00490 q=0.691 trunc=0 sps=2433 elapsed=85.9m
iter 3063/4882 steps=12546048 episodes=53742 score50=21.52 eps=0.010 loss=0.00691 q=0.695 trunc=0 sps=2433 elapsed=86.0m
iter 3064/4882 steps=12550144 episodes=53761 score50=22.44 eps=0.010 loss=0.01408 q=0.693 trunc=0 sps=2433 elapsed=86.0m
iter 3065/4882 steps=12554240 episodes=53776 score50=20.98 eps=0.010 loss=0.02708 q=0.661 trunc=0 sps=2433 elapsed=86.0m
iter 3066/4882 steps=12558336 episodes=53783 score50=20.70 eps=0.010 loss=0.03299 q=0.620 trunc=0 sps=2433 elapsed=86.0m
iter 3067/4882 steps=12562432 episodes=53800 score50=19.70 eps=0.010 loss=0.00388 q=0.665 trunc=0 sps=2433 elapsed=86.1m
iter 3068/4882 steps=12566528 episodes=53810 score50=18.72 eps=0.010 loss=0.00381 q=0.637 trunc=0 sps=2433 elapsed=86.1m
iter 3069/4882 steps=12570624 episodes=53817 score50=19.70 eps=0.010 loss=0.00358 q=0.611 trunc=0 sps=2433 elapsed=86.1m
iter 3070/4882 steps=12574720 episodes=53833 score50=19.34 eps=0.010 loss=0.00584 q=0.630 trunc=0 sps=2433 elapsed=86.1m
iter 3071/4882 steps=12578816 episodes=53845 score50=20.40 eps=0.010 loss=0.00436 q=0.628 trunc=0 sps=2433 elapsed=86.2m
iter 3072/4882 steps=12582912 episodes=53855 score50=21.88 eps=0.010 loss=0.00395 q=0.625 trunc=0 sps=2433 elapsed=86.2m
iter 3073/4882 steps=12587008 episodes=53871 score50=21.16 eps=0.010 loss=0.01268 q=0.636 trunc=0 sps=2433 elapsed=86.2m
iter 3074/4882 steps=12591104 episodes=53885 score50=19.26 eps=0.010 loss=0.02886 q=0.641 trunc=0 sps=2433 elapsed=86.3m
iter 3075/4882 steps=12595200 episodes=53904 score50=16.20 eps=0.010 loss=0.01428 q=0.629 trunc=0 sps=2433 elapsed=86.3m
iter 3076/4882 steps=12599296 episodes=53925 score50=16.18 eps=0.010 loss=0.00887 q=0.638 trunc=0 sps=2433 elapsed=86.3m
iter 3077/4882 steps=12603392 episodes=53940 score50=16.64 eps=0.010 loss=0.03613 q=0.657 trunc=0 sps=2433 elapsed=86.3m
iter 3078/4882 steps=12607488 episodes=53965 score50=18.70 eps=0.010 loss=0.01290 q=0.630 trunc=0 sps=2433 elapsed=86.4m
iter 3079/4882 steps=12611584 episodes=53989 score50=19.12 eps=0.010 loss=0.00695 q=0.689 trunc=0 sps=2433 elapsed=86.4m
iter 3080/4882 steps=12615680 episodes=54006 score50=17.26 eps=0.010 loss=0.02324 q=0.709 trunc=0 sps=2433 elapsed=86.4m
iter 3081/4882 steps=12619776 episodes=54026 score50=16.82 eps=0.010 loss=0.03480 q=0.766 trunc=0 sps=2433 elapsed=86.5m
iter 3082/4882 steps=12623872 episodes=54041 score50=13.46 eps=0.010 loss=0.02120 q=0.687 trunc=0 sps=2433 elapsed=86.5m
iter 3083/4882 steps=12627968 episodes=54064 score50=13.40 eps=0.010 loss=0.01839 q=0.656 trunc=0 sps=2433 elapsed=86.5m
iter 3084/4882 steps=12632064 episodes=54071 score50=14.80 eps=0.010 loss=0.00328 q=0.706 trunc=0 sps=2433 elapsed=86.5m
iter 3085/4882 steps=12636160 episodes=54078 score50=14.88 eps=0.010 loss=0.00286 q=0.681 trunc=0 sps=2433 elapsed=86.6m
iter 3086/4882 steps=12640256 episodes=54086 score50=16.02 eps=0.010 loss=0.00492 q=0.654 trunc=0 sps=2433 elapsed=86.6m
iter 3087/4882 steps=12644352 episodes=54102 score50=17.70 eps=0.010 loss=0.00684 q=0.658 trunc=0 sps=2433 elapsed=86.6m
iter 3088/4882 steps=12648448 episodes=54115 score50=17.68 eps=0.010 loss=0.01912 q=0.625 trunc=0 sps=2433 elapsed=86.6m
iter 3089/4882 steps=12652544 episodes=54125 score50=17.64 eps=0.010 loss=0.00546 q=0.663 trunc=0 sps=2433 elapsed=86.7m
iter 3090/4882 steps=12656640 episodes=54140 score50=17.70 eps=0.010 loss=0.00968 q=0.688 trunc=0 sps=2433 elapsed=86.7m
iter 3091/4882 steps=12660736 episodes=54150 score50=17.74 eps=0.010 loss=0.00533 q=0.639 trunc=0 sps=2433 elapsed=86.7m
iter 3092/4882 steps=12664832 episodes=54161 score50=18.12 eps=0.010 loss=0.04180 q=0.597 trunc=0 sps=2433 elapsed=86.8m
iter 3093/4882 steps=12668928 episodes=54183 score50=17.94 eps=0.010 loss=0.00623 q=0.664 trunc=0 sps=2433 elapsed=86.8m
iter 3094/4882 steps=12673024 episodes=54193 score50=19.16 eps=0.010 loss=0.01144 q=0.654 trunc=0 sps=2433 elapsed=86.8m
iter 3095/4882 steps=12677120 episodes=54210 score50=22.28 eps=0.010 loss=0.00983 q=0.662 trunc=0 sps=2433 elapsed=86.8m
iter 3096/4882 steps=12681216 episodes=54222 score50=22.74 eps=0.010 loss=0.01442 q=0.682 trunc=0 sps=2433 elapsed=86.9m
iter 3097/4882 steps=12685312 episodes=54234 score50=23.12 eps=0.010 loss=0.01457 q=0.694 trunc=0 sps=2433 elapsed=86.9m
iter 3098/4882 steps=12689408 episodes=54241 score50=23.48 eps=0.010 loss=0.00304 q=0.662 trunc=0 sps=2433 elapsed=86.9m
iter 3099/4882 steps=12693504 episodes=54254 score50=22.76 eps=0.010 loss=0.00610 q=0.664 trunc=0 sps=2433 elapsed=87.0m
iter 3100/4882 steps=12697600 episodes=54265 score50=22.78 eps=0.010 loss=0.00359 q=0.706 trunc=0 sps=2433 elapsed=87.0m
  [eval] iter=3100 mean=18.75+-1.98 median=18.0 max=34 P(>=120)=0.00 entropy=1.26/2.20 wnorm=65.878 srank=291/512
iter 3101/4882 steps=12701696 episodes=54277 score50=23.50 eps=0.010 loss=0.02290 q=0.683 trunc=0 sps=2430 elapsed=87.1m
iter 3102/4882 steps=12705792 episodes=54290 score50=22.72 eps=0.010 loss=0.00330 q=0.702 trunc=0 sps=2430 elapsed=87.1m
iter 3103/4882 steps=12709888 episodes=54307 score50=20.26 eps=0.010 loss=0.01413 q=0.646 trunc=0 sps=2430 elapsed=87.2m
iter 3104/4882 steps=12713984 episodes=54323 score50=20.54 eps=0.010 loss=0.00701 q=0.695 trunc=0 sps=2430 elapsed=87.2m
iter 3105/4882 steps=12718080 episodes=54338 score50=20.14 eps=0.010 loss=0.00479 q=0.725 trunc=0 sps=2430 elapsed=87.2m
iter 3106/4882 steps=12722176 episodes=54352 score50=20.70 eps=0.010 loss=0.02208 q=0.763 trunc=0 sps=2430 elapsed=87.2m
iter 3107/4882 steps=12726272 episodes=54362 score50=19.52 eps=0.010 loss=0.00572 q=0.704 trunc=0 sps=2430 elapsed=87.3m
iter 3108/4882 steps=12730368 episodes=54382 score50=19.30 eps=0.010 loss=0.01286 q=0.697 trunc=0 sps=2430 elapsed=87.3m
iter 3109/4882 steps=12734464 episodes=54400 score50=18.08 eps=0.010 loss=0.02947 q=0.684 trunc=0 sps=2430 elapsed=87.3m
iter 3110/4882 steps=12738560 episodes=54415 score50=18.22 eps=0.010 loss=0.00680 q=0.696 trunc=0 sps=2430 elapsed=87.4m
iter 3111/4882 steps=12742656 episodes=54425 score50=17.44 eps=0.010 loss=0.03666 q=0.703 trunc=0 sps=2430 elapsed=87.4m
iter 3112/4882 steps=12746752 episodes=54441 score50=18.76 eps=0.010 loss=0.01671 q=0.688 trunc=0 sps=2430 elapsed=87.4m
iter 3113/4882 steps=12750848 episodes=54450 score50=18.58 eps=0.010 loss=0.01890 q=0.657 trunc=0 sps=2430 elapsed=87.4m
iter 3114/4882 steps=12754944 episodes=54455 score50=18.44 eps=0.010 loss=0.00195 q=0.686 trunc=0 sps=2430 elapsed=87.5m
iter 3115/4882 steps=12759040 episodes=54464 score50=18.18 eps=0.010 loss=0.00298 q=0.640 trunc=0 sps=2430 elapsed=87.5m
iter 3116/4882 steps=12763136 episodes=54475 score50=19.82 eps=0.010 loss=0.00255 q=0.630 trunc=0 sps=2430 elapsed=87.5m
iter 3117/4882 steps=12767232 episodes=54489 score50=19.84 eps=0.010 loss=0.01089 q=0.620 trunc=0 sps=2430 elapsed=87.6m
iter 3118/4882 steps=12771328 episodes=54503 score50=21.58 eps=0.010 loss=0.00751 q=0.629 trunc=0 sps=2430 elapsed=87.6m
iter 3119/4882 steps=12775424 episodes=54518 score50=22.24 eps=0.010 loss=0.03903 q=0.618 trunc=0 sps=2430 elapsed=87.6m
iter 3120/4882 steps=12779520 episodes=54531 score50=23.94 eps=0.010 loss=0.01082 q=0.577 trunc=0 sps=2430 elapsed=87.6m
iter 3121/4882 steps=12783616 episodes=54538 score50=24.32 eps=0.010 loss=0.00502 q=0.601 trunc=0 sps=2430 elapsed=87.7m
iter 3122/4882 steps=12787712 episodes=54545 score50=24.14 eps=0.010 loss=0.00205 q=0.612 trunc=0 sps=2430 elapsed=87.7m
iter 3123/4882 steps=12791808 episodes=54556 score50=22.94 eps=0.010 loss=0.01659 q=0.590 trunc=0 sps=2430 elapsed=87.7m
iter 3124/4882 steps=12795904 episodes=54574 score50=22.06 eps=0.010 loss=0.00323 q=0.581 trunc=0 sps=2430 elapsed=87.8m
iter 3125/4882 steps=12800000 episodes=54592 score50=21.86 eps=0.010 loss=0.00570 q=0.593 trunc=0 sps=2430 elapsed=87.8m
iter 3126/4882 steps=12804096 episodes=54602 score50=22.00 eps=0.010 loss=0.00567 q=0.604 trunc=0 sps=2430 elapsed=87.8m
iter 3127/4882 steps=12808192 episodes=54615 score50=22.16 eps=0.010 loss=0.00370 q=0.650 trunc=0 sps=2430 elapsed=87.8m
iter 3128/4882 steps=12812288 episodes=54626 score50=23.24 eps=0.010 loss=0.00346 q=0.688 trunc=0 sps=2430 elapsed=87.9m
iter 3129/4882 steps=12816384 episodes=54643 score50=20.38 eps=0.010 loss=0.00576 q=0.678 trunc=0 sps=2430 elapsed=87.9m
iter 3130/4882 steps=12820480 episodes=54653 score50=20.34 eps=0.010 loss=0.00283 q=0.724 trunc=0 sps=2430 elapsed=87.9m
iter 3131/4882 steps=12824576 episodes=54672 score50=18.64 eps=0.010 loss=0.01309 q=0.603 trunc=0 sps=2430 elapsed=87.9m
iter 3132/4882 steps=12828672 episodes=54686 score50=19.70 eps=0.010 loss=0.01517 q=0.645 trunc=0 sps=2430 elapsed=88.0m
iter 3133/4882 steps=12832768 episodes=54702 score50=21.78 eps=0.010 loss=0.00375 q=0.688 trunc=0 sps=2430 elapsed=88.0m
iter 3134/4882 steps=12836864 episodes=54710 score50=23.12 eps=0.010 loss=0.00174 q=0.719 trunc=0 sps=2430 elapsed=88.0m
iter 3135/4882 steps=12840960 episodes=54714 score50=22.22 eps=0.010 loss=0.00190 q=0.694 trunc=0 sps=2430 elapsed=88.1m
iter 3136/4882 steps=12845056 episodes=54728 score50=21.60 eps=0.010 loss=0.00586 q=0.641 trunc=0 sps=2430 elapsed=88.1m
iter 3137/4882 steps=12849152 episodes=54739 score50=22.98 eps=0.010 loss=0.00505 q=0.644 trunc=0 sps=2430 elapsed=88.1m
iter 3138/4882 steps=12853248 episodes=54755 score50=20.32 eps=0.010 loss=0.03912 q=0.677 trunc=0 sps=2430 elapsed=88.1m
iter 3139/4882 steps=12857344 episodes=54773 score50=20.06 eps=0.010 loss=0.01555 q=0.662 trunc=0 sps=2430 elapsed=88.2m
iter 3140/4882 steps=12861440 episodes=54788 score50=17.78 eps=0.010 loss=0.01021 q=0.640 trunc=0 sps=2430 elapsed=88.2m
iter 3141/4882 steps=12865536 episodes=54800 score50=16.64 eps=0.010 loss=0.01018 q=0.677 trunc=0 sps=2430 elapsed=88.2m
iter 3142/4882 steps=12869632 episodes=54814 score50=17.48 eps=0.010 loss=0.00445 q=0.647 trunc=0 sps=2430 elapsed=88.3m
iter 3143/4882 steps=12873728 episodes=54829 score50=18.12 eps=0.010 loss=0.02275 q=0.640 trunc=0 sps=2430 elapsed=88.3m
iter 3144/4882 steps=12877824 episodes=54840 score50=18.22 eps=0.010 loss=0.00325 q=0.662 trunc=0 sps=2430 elapsed=88.3m
iter 3145/4882 steps=12881920 episodes=54861 score50=19.66 eps=0.010 loss=0.01999 q=0.647 trunc=0 sps=2430 elapsed=88.4m
iter 3146/4882 steps=12886016 episodes=54871 score50=19.22 eps=0.010 loss=0.01852 q=0.673 trunc=0 sps=2430 elapsed=88.4m
iter 3147/4882 steps=12890112 episodes=54888 score50=20.22 eps=0.010 loss=0.01276 q=0.629 trunc=0 sps=2430 elapsed=88.4m
iter 3148/4882 steps=12894208 episodes=54904 score50=21.06 eps=0.010 loss=0.00741 q=0.654 trunc=0 sps=2430 elapsed=88.4m
iter 3149/4882 steps=12898304 episodes=54912 score50=20.58 eps=0.010 loss=0.03112 q=0.697 trunc=0 sps=2430 elapsed=88.5m
iter 3150/4882 steps=12902400 episodes=54920 score50=20.70 eps=0.010 loss=0.00420 q=0.707 trunc=0 sps=2430 elapsed=88.5m
iter 3151/4882 steps=12906496 episodes=54934 score50=22.64 eps=0.010 loss=0.00241 q=0.714 trunc=0 sps=2430 elapsed=88.5m
iter 3152/4882 steps=12910592 episodes=54945 score50=21.96 eps=0.010 loss=0.00567 q=0.693 trunc=0 sps=2430 elapsed=88.5m
iter 3153/4882 steps=12914688 episodes=54965 score50=21.28 eps=0.010 loss=0.00437 q=0.697 trunc=0 sps=2430 elapsed=88.6m
iter 3154/4882 steps=12918784 episodes=54976 score50=19.66 eps=0.010 loss=0.01425 q=0.698 trunc=0 sps=2430 elapsed=88.6m
iter 3155/4882 steps=12922880 episodes=54996 score50=17.42 eps=0.010 loss=0.01486 q=0.676 trunc=0 sps=2430 elapsed=88.6m
iter 3156/4882 steps=12926976 episodes=55009 score50=16.76 eps=0.010 loss=0.00972 q=0.702 trunc=0 sps=2430 elapsed=88.7m
iter 3157/4882 steps=12931072 episodes=55026 score50=17.72 eps=0.010 loss=0.01587 q=0.671 trunc=0 sps=2430 elapsed=88.7m
iter 3158/4882 steps=12935168 episodes=55035 score50=19.86 eps=0.010 loss=0.00243 q=0.718 trunc=0 sps=2430 elapsed=88.7m
iter 3159/4882 steps=12939264 episodes=55048 score50=19.94 eps=0.010 loss=0.00428 q=0.674 trunc=0 sps=2430 elapsed=88.7m
iter 3160/4882 steps=12943360 episodes=55056 score50=18.52 eps=0.010 loss=0.01731 q=0.654 trunc=0 sps=2430 elapsed=88.8m
iter 3161/4882 steps=12947456 episodes=55064 score50=20.20 eps=0.010 loss=0.00358 q=0.671 trunc=0 sps=2430 elapsed=88.8m
iter 3162/4882 steps=12951552 episodes=55077 score50=21.10 eps=0.010 loss=0.00497 q=0.680 trunc=0 sps=2430 elapsed=88.8m
iter 3163/4882 steps=12955648 episodes=55090 score50=22.42 eps=0.010 loss=0.00379 q=0.717 trunc=0 sps=2430 elapsed=88.9m
iter 3164/4882 steps=12959744 episodes=55102 score50=23.24 eps=0.010 loss=0.00903 q=0.718 trunc=0 sps=2430 elapsed=88.9m
iter 3165/4882 steps=12963840 episodes=55116 score50=23.36 eps=0.010 loss=0.01285 q=0.665 trunc=0 sps=2430 elapsed=88.9m
iter 3166/4882 steps=12967936 episodes=55127 score50=22.86 eps=0.010 loss=0.00518 q=0.691 trunc=0 sps=2430 elapsed=88.9m
iter 3167/4882 steps=12972032 episodes=55134 score50=22.30 eps=0.010 loss=0.00247 q=0.703 trunc=0 sps=2430 elapsed=89.0m
iter 3168/4882 steps=12976128 episodes=55145 score50=21.90 eps=0.010 loss=0.00440 q=0.713 trunc=0 sps=2430 elapsed=89.0m
iter 3169/4882 steps=12980224 episodes=55159 score50=21.96 eps=0.010 loss=0.01087 q=0.685 trunc=0 sps=2430 elapsed=89.0m
iter 3170/4882 steps=12984320 episodes=55171 score50=23.28 eps=0.010 loss=0.00847 q=0.703 trunc=0 sps=2430 elapsed=89.1m
iter 3171/4882 steps=12988416 episodes=55194 score50=22.20 eps=0.010 loss=0.00334 q=0.698 trunc=0 sps=2430 elapsed=89.1m
iter 3172/4882 steps=12992512 episodes=55205 score50=22.04 eps=0.010 loss=0.00214 q=0.697 trunc=0 sps=2430 elapsed=89.1m
iter 3173/4882 steps=12996608 episodes=55215 score50=21.70 eps=0.010 loss=0.01348 q=0.709 trunc=0 sps=2430 elapsed=89.1m
iter 3174/4882 steps=13000704 episodes=55225 score50=21.04 eps=0.010 loss=0.00351 q=0.677 trunc=0 sps=2430 elapsed=89.2m
iter 3175/4882 steps=13004800 episodes=55231 score50=22.56 eps=0.010 loss=0.00355 q=0.726 trunc=0 sps=2430 elapsed=89.2m
iter 3176/4882 steps=13008896 episodes=55245 score50=23.08 eps=0.010 loss=0.00746 q=0.698 trunc=0 sps=2430 elapsed=89.2m
iter 3177/4882 steps=13012992 episodes=55262 score50=22.72 eps=0.010 loss=0.03587 q=0.664 trunc=0 sps=2430 elapsed=89.3m
iter 3178/4882 steps=13017088 episodes=55277 score50=22.66 eps=0.010 loss=0.04587 q=0.737 trunc=0 sps=2430 elapsed=89.3m
iter 3179/4882 steps=13021184 episodes=55291 score50=22.76 eps=0.010 loss=0.01196 q=0.731 trunc=0 sps=2430 elapsed=89.3m
iter 3180/4882 steps=13025280 episodes=55301 score50=22.34 eps=0.010 loss=0.00396 q=0.771 trunc=0 sps=2430 elapsed=89.3m
iter 3181/4882 steps=13029376 episodes=55320 score50=19.88 eps=0.010 loss=0.00896 q=0.729 trunc=0 sps=2430 elapsed=89.4m
iter 3182/4882 steps=13033472 episodes=55340 score50=16.24 eps=0.010 loss=0.02201 q=0.700 trunc=0 sps=2430 elapsed=89.4m
iter 3183/4882 steps=13037568 episodes=55355 score50=16.98 eps=0.010 loss=0.01768 q=0.634 trunc=0 sps=2430 elapsed=89.4m
iter 3184/4882 steps=13041664 episodes=55365 score50=16.28 eps=0.010 loss=0.00455 q=0.721 trunc=0 sps=2430 elapsed=89.5m
iter 3185/4882 steps=13045760 episodes=55378 score50=18.10 eps=0.010 loss=0.00767 q=0.697 trunc=0 sps=2430 elapsed=89.5m
iter 3186/4882 steps=13049856 episodes=55394 score50=18.56 eps=0.010 loss=0.00585 q=0.705 trunc=0 sps=2430 elapsed=89.5m
iter 3187/4882 steps=13053952 episodes=55402 score50=17.86 eps=0.010 loss=0.00801 q=0.671 trunc=0 sps=2430 elapsed=89.5m
iter 3188/4882 steps=13058048 episodes=55419 score50=18.74 eps=0.010 loss=0.00761 q=0.633 trunc=0 sps=2430 elapsed=89.6m
iter 3189/4882 steps=13062144 episodes=55437 score50=16.80 eps=0.010 loss=0.02219 q=0.623 trunc=0 sps=2430 elapsed=89.6m
iter 3190/4882 steps=13066240 episodes=55457 score50=15.70 eps=0.010 loss=0.03145 q=0.583 trunc=0 sps=2430 elapsed=89.6m
iter 3191/4882 steps=13070336 episodes=55474 score50=16.14 eps=0.010 loss=0.00379 q=0.664 trunc=0 sps=2430 elapsed=89.6m
iter 3192/4882 steps=13074432 episodes=55489 score50=16.60 eps=0.010 loss=0.01111 q=0.645 trunc=0 sps=2430 elapsed=89.7m
iter 3193/4882 steps=13078528 episodes=55508 score50=16.72 eps=0.010 loss=0.03562 q=0.657 trunc=0 sps=2430 elapsed=89.7m
iter 3194/4882 steps=13082624 episodes=55530 score50=16.72 eps=0.010 loss=0.01412 q=0.707 trunc=0 sps=2430 elapsed=89.7m
iter 3195/4882 steps=13086720 episodes=55539 score50=18.14 eps=0.010 loss=0.01446 q=0.724 trunc=0 sps=2430 elapsed=89.8m
iter 3196/4882 steps=13090816 episodes=55548 score50=19.36 eps=0.010 loss=0.00545 q=0.753 trunc=0 sps=2430 elapsed=89.8m
iter 3197/4882 steps=13094912 episodes=55557 score50=20.64 eps=0.010 loss=0.01210 q=0.711 trunc=0 sps=2430 elapsed=89.8m
iter 3198/4882 steps=13099008 episodes=55571 score50=22.08 eps=0.010 loss=0.02386 q=0.734 trunc=0 sps=2430 elapsed=89.8m
iter 3199/4882 steps=13103104 episodes=55582 score50=21.88 eps=0.010 loss=0.00527 q=0.723 trunc=0 sps=2430 elapsed=89.9m
iter 3200/4882 steps=13107200 episodes=55598 score50=19.16 eps=0.010 loss=0.00548 q=0.703 trunc=0 sps=2430 elapsed=89.9m
  [eval] iter=3200 mean=19.60+-2.27 median=18.5 max=39 P(>=120)=0.00 entropy=1.21/2.20 wnorm=67.227 srank=304/512
iter 3201/4882 steps=13111296 episodes=55608 score50=18.82 eps=0.010 loss=0.02170 q=0.703 trunc=0 sps=2427 elapsed=90.0m
iter 3202/4882 steps=13115392 episodes=55625 score50=18.54 eps=0.010 loss=0.01800 q=0.750 trunc=0 sps=2427 elapsed=90.0m
iter 3203/4882 steps=13119488 episodes=55638 score50=18.66 eps=0.010 loss=0.02116 q=0.694 trunc=0 sps=2427 elapsed=90.1m
iter 3204/4882 steps=13123584 episodes=55650 score50=19.00 eps=0.010 loss=0.00588 q=0.740 trunc=0 sps=2427 elapsed=90.1m
iter 3205/4882 steps=13127680 episodes=55665 score50=20.18 eps=0.010 loss=0.00452 q=0.670 trunc=0 sps=2428 elapsed=90.1m
iter 3206/4882 steps=13131776 episodes=55679 score50=21.84 eps=0.010 loss=0.01632 q=0.723 trunc=0 sps=2428 elapsed=90.2m
iter 3207/4882 steps=13135872 episodes=55688 score50=21.42 eps=0.010 loss=0.01161 q=0.745 trunc=0 sps=2428 elapsed=90.2m
iter 3208/4882 steps=13139968 episodes=55702 score50=24.18 eps=0.010 loss=0.00369 q=0.754 trunc=0 sps=2428 elapsed=90.2m
iter 3209/4882 steps=13144064 episodes=55713 score50=22.92 eps=0.010 loss=0.00309 q=0.741 trunc=0 sps=2427 elapsed=90.2m
iter 3210/4882 steps=13148160 episodes=55723 score50=21.02 eps=0.010 loss=0.00602 q=0.728 trunc=0 sps=2427 elapsed=90.3m
iter 3211/4882 steps=13152256 episodes=55735 score50=21.00 eps=0.010 loss=0.01515 q=0.714 trunc=0 sps=2428 elapsed=90.3m
iter 3212/4882 steps=13156352 episodes=55748 score50=19.54 eps=0.010 loss=0.00461 q=0.715 trunc=0 sps=2427 elapsed=90.3m
iter 3213/4882 steps=13160448 episodes=55759 score50=20.62 eps=0.010 loss=0.00358 q=0.735 trunc=0 sps=2427 elapsed=90.4m
iter 3214/4882 steps=13164544 episodes=55770 score50=20.80 eps=0.010 loss=0.00752 q=0.722 trunc=0 sps=2427 elapsed=90.4m
iter 3215/4882 steps=13168640 episodes=55782 score50=21.36 eps=0.010 loss=0.00874 q=0.759 trunc=0 sps=2427 elapsed=90.4m
iter 3216/4882 steps=13172736 episodes=55795 score50=21.90 eps=0.010 loss=0.00327 q=0.725 trunc=0 sps=2427 elapsed=90.4m
iter 3217/4882 steps=13176832 episodes=55811 score50=20.66 eps=0.010 loss=0.00849 q=0.675 trunc=0 sps=2427 elapsed=90.5m
iter 3218/4882 steps=13180928 episodes=55823 score50=20.64 eps=0.010 loss=0.00774 q=0.798 trunc=0 sps=2427 elapsed=90.5m
iter 3219/4882 steps=13185024 episodes=55844 score50=20.30 eps=0.010 loss=0.01516 q=0.724 trunc=0 sps=2427 elapsed=90.5m
iter 3220/4882 steps=13189120 episodes=55858 score50=20.28 eps=0.010 loss=0.00419 q=0.772 trunc=0 sps=2427 elapsed=90.6m
iter 3221/4882 steps=13193216 episodes=55876 score50=18.34 eps=0.010 loss=0.00586 q=0.769 trunc=0 sps=2427 elapsed=90.6m
iter 3222/4882 steps=13197312 episodes=55882 score50=19.34 eps=0.010 loss=0.00274 q=0.767 trunc=0 sps=2427 elapsed=90.6m
iter 3223/4882 steps=13201408 episodes=55894 score50=19.94 eps=0.010 loss=0.01190 q=0.811 trunc=0 sps=2427 elapsed=90.6m
iter 3224/4882 steps=13205504 episodes=55903 score50=20.26 eps=0.010 loss=0.00300 q=0.792 trunc=0 sps=2427 elapsed=90.7m
iter 3225/4882 steps=13209600 episodes=55917 score50=21.66 eps=0.010 loss=0.00336 q=0.782 trunc=0 sps=2427 elapsed=90.7m
iter 3226/4882 steps=13213696 episodes=55936 score50=19.94 eps=0.010 loss=0.01556 q=0.757 trunc=0 sps=2427 elapsed=90.7m
iter 3227/4882 steps=13217792 episodes=55951 score50=21.24 eps=0.010 loss=0.00593 q=0.798 trunc=0 sps=2427 elapsed=90.8m
iter 3228/4882 steps=13221888 episodes=55964 score50=21.44 eps=0.010 loss=0.01139 q=0.770 trunc=0 sps=2427 elapsed=90.8m
iter 3229/4882 steps=13225984 episodes=55976 score50=21.78 eps=0.010 loss=0.00350 q=0.817 trunc=0 sps=2427 elapsed=90.8m
iter 3230/4882 steps=13230080 episodes=55986 score50=22.34 eps=0.010 loss=0.00164 q=0.810 trunc=0 sps=2427 elapsed=90.8m
iter 3231/4882 steps=13234176 episodes=56006 score50=18.24 eps=0.010 loss=0.01199 q=0.771 trunc=0 sps=2427 elapsed=90.9m
iter 3232/4882 steps=13238272 episodes=56012 score50=18.14 eps=0.010 loss=0.00333 q=0.785 trunc=0 sps=2427 elapsed=90.9m
iter 3233/4882 steps=13242368 episodes=56028 score50=19.04 eps=0.010 loss=0.01112 q=0.787 trunc=0 sps=2427 elapsed=90.9m
iter 3234/4882 steps=13246464 episodes=56042 score50=19.72 eps=0.010 loss=0.02359 q=0.810 trunc=0 sps=2427 elapsed=91.0m
iter 3235/4882 steps=13250560 episodes=56058 score50=23.04 eps=0.010 loss=0.00312 q=0.815 trunc=0 sps=2427 elapsed=91.0m
iter 3236/4882 steps=13254656 episodes=56072 score50=20.38 eps=0.010 loss=0.00878 q=0.767 trunc=0 sps=2427 elapsed=91.0m
iter 3237/4882 steps=13258752 episodes=56087 score50=18.74 eps=0.010 loss=0.01071 q=0.803 trunc=0 sps=2427 elapsed=91.0m
iter 3238/4882 steps=13262848 episodes=56101 score50=16.96 eps=0.010 loss=0.00483 q=0.777 trunc=0 sps=2427 elapsed=91.1m
iter 3239/4882 steps=13266944 episodes=56118 score50=17.38 eps=0.010 loss=0.02127 q=0.780 trunc=0 sps=2428 elapsed=91.1m
iter 3240/4882 steps=13271040 episodes=56138 score50=17.50 eps=0.010 loss=0.00650 q=0.753 trunc=0 sps=2428 elapsed=91.1m
iter 3241/4882 steps=13275136 episodes=56153 score50=14.90 eps=0.010 loss=0.01327 q=0.765 trunc=0 sps=2428 elapsed=91.1m
iter 3242/4882 steps=13279232 episodes=56169 score50=14.18 eps=0.010 loss=0.00566 q=0.737 trunc=0 sps=2428 elapsed=91.2m
iter 3243/4882 steps=13283328 episodes=56184 score50=13.40 eps=0.010 loss=0.01611 q=0.782 trunc=0 sps=2428 elapsed=91.2m
iter 3244/4882 steps=13287424 episodes=56194 score50=15.24 eps=0.010 loss=0.00467 q=0.826 trunc=0 sps=2428 elapsed=91.2m
iter 3245/4882 steps=13291520 episodes=56204 score50=18.30 eps=0.010 loss=0.00333 q=0.795 trunc=0 sps=2428 elapsed=91.3m
iter 3246/4882 steps=13295616 episodes=56222 score50=20.32 eps=0.010 loss=0.01389 q=0.785 trunc=0 sps=2428 elapsed=91.3m
iter 3247/4882 steps=13299712 episodes=56235 score50=22.02 eps=0.010 loss=0.00435 q=0.814 trunc=0 sps=2428 elapsed=91.3m
iter 3248/4882 steps=13303808 episodes=56246 score50=23.48 eps=0.010 loss=0.01235 q=0.798 trunc=0 sps=2428 elapsed=91.3m
iter 3249/4882 steps=13307904 episodes=56258 score50=23.24 eps=0.010 loss=0.01020 q=0.753 trunc=0 sps=2428 elapsed=91.4m
iter 3250/4882 steps=13312000 episodes=56267 score50=22.76 eps=0.010 loss=0.00676 q=0.755 trunc=0 sps=2428 elapsed=91.4m
iter 3251/4882 steps=13316096 episodes=56281 score50=21.72 eps=0.010 loss=0.02695 q=0.784 trunc=0 sps=2428 elapsed=91.4m
iter 3252/4882 steps=13320192 episodes=56287 score50=20.64 eps=0.010 loss=0.00262 q=0.746 trunc=0 sps=2428 elapsed=91.4m
iter 3253/4882 steps=13324288 episodes=56303 score50=20.20 eps=0.010 loss=0.00833 q=0.708 trunc=0 sps=2428 elapsed=91.5m
iter 3254/4882 steps=13328384 episodes=56321 score50=20.02 eps=0.010 loss=0.00977 q=0.721 trunc=0 sps=2428 elapsed=91.5m
iter 3255/4882 steps=13332480 episodes=56331 score50=21.60 eps=0.010 loss=0.00683 q=0.734 trunc=0 sps=2428 elapsed=91.5m
iter 3256/4882 steps=13336576 episodes=56350 score50=21.76 eps=0.010 loss=0.02859 q=0.691 trunc=0 sps=2428 elapsed=91.6m
iter 3257/4882 steps=13340672 episodes=56358 score50=20.90 eps=0.010 loss=0.00280 q=0.701 trunc=0 sps=2428 elapsed=91.6m
iter 3258/4882 steps=13344768 episodes=56366 score50=20.68 eps=0.010 loss=0.01313 q=0.651 trunc=0 sps=2428 elapsed=91.6m
iter 3259/4882 steps=13348864 episodes=56383 score50=19.80 eps=0.010 loss=0.01280 q=0.659 trunc=0 sps=2428 elapsed=91.6m
iter 3260/4882 steps=13352960 episodes=56402 score50=20.42 eps=0.010 loss=0.02136 q=0.675 trunc=0 sps=2428 elapsed=91.7m
iter 3261/4882 steps=13357056 episodes=56415 score50=20.44 eps=0.010 loss=0.00206 q=0.699 trunc=0 sps=2428 elapsed=91.7m
iter 3262/4882 steps=13361152 episodes=56433 score50=18.22 eps=0.010 loss=0.01372 q=0.660 trunc=0 sps=2428 elapsed=91.7m
iter 3263/4882 steps=13365248 episodes=56450 score50=18.34 eps=0.010 loss=0.01006 q=0.709 trunc=0 sps=2428 elapsed=91.8m
iter 3264/4882 steps=13369344 episodes=56456 score50=18.42 eps=0.010 loss=0.00491 q=0.689 trunc=0 sps=2428 elapsed=91.8m
iter 3265/4882 steps=13373440 episodes=56469 score50=20.00 eps=0.010 loss=0.01589 q=0.673 trunc=0 sps=2428 elapsed=91.8m
iter 3266/4882 steps=13377536 episodes=56476 score50=19.94 eps=0.010 loss=0.00572 q=0.709 trunc=0 sps=2428 elapsed=91.8m
iter 3267/4882 steps=13381632 episodes=56489 score50=20.40 eps=0.010 loss=0.02316 q=0.663 trunc=0 sps=2428 elapsed=91.9m
iter 3268/4882 steps=13385728 episodes=56503 score50=21.94 eps=0.010 loss=0.00328 q=0.665 trunc=0 sps=2428 elapsed=91.9m
iter 3269/4882 steps=13389824 episodes=56520 score50=20.04 eps=0.010 loss=0.02554 q=0.661 trunc=0 sps=2428 elapsed=91.9m
iter 3270/4882 steps=13393920 episodes=56533 score50=21.34 eps=0.010 loss=0.01191 q=0.697 trunc=0 sps=2428 elapsed=92.0m
iter 3271/4882 steps=13398016 episodes=56547 score50=19.50 eps=0.010 loss=0.00907 q=0.684 trunc=0 sps=2428 elapsed=92.0m
iter 3272/4882 steps=13402112 episodes=56562 score50=18.02 eps=0.010 loss=0.00329 q=0.693 trunc=0 sps=2428 elapsed=92.0m
iter 3273/4882 steps=13406208 episodes=56575 score50=18.82 eps=0.010 loss=0.00667 q=0.682 trunc=0 sps=2428 elapsed=92.0m
iter 3274/4882 steps=13410304 episodes=56588 score50=17.74 eps=0.010 loss=0.00506 q=0.723 trunc=0 sps=2428 elapsed=92.1m
iter 3275/4882 steps=13414400 episodes=56606 score50=16.46 eps=0.010 loss=0.01812 q=0.679 trunc=0 sps=2428 elapsed=92.1m
iter 3276/4882 steps=13418496 episodes=56630 score50=15.98 eps=0.010 loss=0.06349 q=0.667 trunc=0 sps=2428 elapsed=92.1m
iter 3277/4882 steps=13422592 episodes=56643 score50=17.56 eps=0.010 loss=0.00796 q=0.683 trunc=0 sps=2428 elapsed=92.1m
iter 3278/4882 steps=13426688 episodes=56655 score50=16.34 eps=0.010 loss=0.00691 q=0.698 trunc=0 sps=2428 elapsed=92.2m
iter 3279/4882 steps=13430784 episodes=56666 score50=18.12 eps=0.010 loss=0.00266 q=0.698 trunc=0 sps=2428 elapsed=92.2m
iter 3280/4882 steps=13434880 episodes=56683 score50=19.32 eps=0.010 loss=0.01395 q=0.712 trunc=0 sps=2428 elapsed=92.2m
iter 3281/4882 steps=13438976 episodes=56701 score50=19.58 eps=0.010 loss=0.00586 q=0.672 trunc=0 sps=2428 elapsed=92.3m
iter 3282/4882 steps=13443072 episodes=56717 score50=18.52 eps=0.010 loss=0.01718 q=0.687 trunc=0 sps=2428 elapsed=92.3m
iter 3283/4882 steps=13447168 episodes=56729 score50=16.86 eps=0.010 loss=0.00794 q=0.678 trunc=0 sps=2428 elapsed=92.3m
iter 3284/4882 steps=13451264 episodes=56740 score50=17.92 eps=0.010 loss=0.00893 q=0.689 trunc=0 sps=2428 elapsed=92.3m
iter 3285/4882 steps=13455360 episodes=56750 score50=18.64 eps=0.010 loss=0.00349 q=0.711 trunc=0 sps=2428 elapsed=92.4m
iter 3286/4882 steps=13459456 episodes=56762 score50=19.76 eps=0.010 loss=0.00617 q=0.679 trunc=0 sps=2428 elapsed=92.4m
iter 3287/4882 steps=13463552 episodes=56766 score50=19.32 eps=0.010 loss=0.01699 q=0.640 trunc=0 sps=2428 elapsed=92.4m
iter 3288/4882 steps=13467648 episodes=56783 score50=20.28 eps=0.010 loss=0.00649 q=0.704 trunc=0 sps=2428 elapsed=92.5m
iter 3289/4882 steps=13471744 episodes=56796 score50=21.70 eps=0.010 loss=0.00465 q=0.712 trunc=0 sps=2428 elapsed=92.5m
iter 3290/4882 steps=13475840 episodes=56808 score50=22.12 eps=0.010 loss=0.00744 q=0.700 trunc=0 sps=2428 elapsed=92.5m
iter 3291/4882 steps=13479936 episodes=56820 score50=23.24 eps=0.010 loss=0.00441 q=0.697 trunc=0 sps=2428 elapsed=92.5m
iter 3292/4882 steps=13484032 episodes=56833 score50=24.02 eps=0.010 loss=0.01301 q=0.670 trunc=0 sps=2428 elapsed=92.6m
iter 3293/4882 steps=13488128 episodes=56851 score50=23.32 eps=0.010 loss=0.00651 q=0.671 trunc=0 sps=2428 elapsed=92.6m
iter 3294/4882 steps=13492224 episodes=56861 score50=21.60 eps=0.010 loss=0.00311 q=0.748 trunc=0 sps=2428 elapsed=92.6m
iter 3295/4882 steps=13496320 episodes=56874 score50=22.56 eps=0.010 loss=0.01035 q=0.649 trunc=0 sps=2428 elapsed=92.7m
iter 3296/4882 steps=13500416 episodes=56887 score50=21.66 eps=0.010 loss=0.00553 q=0.695 trunc=0 sps=2428 elapsed=92.7m
iter 3297/4882 steps=13504512 episodes=56895 score50=19.88 eps=0.010 loss=0.00375 q=0.687 trunc=0 sps=2428 elapsed=92.7m
iter 3298/4882 steps=13508608 episodes=56908 score50=18.20 eps=0.010 loss=0.02043 q=0.674 trunc=0 sps=2428 elapsed=92.7m
iter 3299/4882 steps=13512704 episodes=56921 score50=18.28 eps=0.010 loss=0.00442 q=0.682 trunc=0 sps=2428 elapsed=92.8m
iter 3300/4882 steps=13516800 episodes=56935 score50=17.32 eps=0.010 loss=0.00950 q=0.671 trunc=0 sps=2428 elapsed=92.8m
  [eval] iter=3300 mean=20.00+-2.79 median=17.0 max=48 P(>=120)=0.00 entropy=1.64/2.20 wnorm=68.569 srank=319/512
iter 3301/4882 steps=13520896 episodes=56948 score50=17.58 eps=0.010 loss=0.00560 q=0.618 trunc=0 sps=2425 elapsed=92.9m
iter 3302/4882 steps=13524992 episodes=56958 score50=20.68 eps=0.010 loss=0.00780 q=0.617 trunc=0 sps=2425 elapsed=93.0m
iter 3303/4882 steps=13529088 episodes=56965 score50=21.24 eps=0.010 loss=0.00304 q=0.642 trunc=0 sps=2425 elapsed=93.0m
iter 3304/4882 steps=13533184 episodes=56978 score50=21.66 eps=0.010 loss=0.00413 q=0.604 trunc=0 sps=2425 elapsed=93.0m
iter 3305/4882 steps=13537280 episodes=56992 score50=25.30 eps=0.010 loss=0.00421 q=0.641 trunc=0 sps=2425 elapsed=93.0m
iter 3306/4882 steps=13541376 episodes=57000 score50=24.96 eps=0.010 loss=0.02048 q=0.678 trunc=0 sps=2425 elapsed=93.1m
iter 3307/4882 steps=13545472 episodes=57015 score50=24.44 eps=0.010 loss=0.00427 q=0.660 trunc=0 sps=2425 elapsed=93.1m
iter 3308/4882 steps=13549568 episodes=57026 score50=23.46 eps=0.010 loss=0.00308 q=0.690 trunc=0 sps=2425 elapsed=93.1m
iter 3309/4882 steps=13553664 episodes=57036 score50=23.04 eps=0.010 loss=0.00343 q=0.627 trunc=0 sps=2425 elapsed=93.2m
iter 3310/4882 steps=13557760 episodes=57056 score50=22.40 eps=0.010 loss=0.00524 q=0.683 trunc=0 sps=2425 elapsed=93.2m
iter 3311/4882 steps=13561856 episodes=57079 score50=20.68 eps=0.010 loss=0.00639 q=0.658 trunc=0 sps=2425 elapsed=93.2m
iter 3312/4882 steps=13565952 episodes=57095 score50=19.86 eps=0.010 loss=0.00644 q=0.684 trunc=0 sps=2425 elapsed=93.2m
iter 3313/4882 steps=13570048 episodes=57119 score50=19.12 eps=0.010 loss=0.01351 q=0.682 trunc=0 sps=2425 elapsed=93.3m
iter 3314/4882 steps=13574144 episodes=57133 score50=16.78 eps=0.010 loss=0.03415 q=0.626 trunc=0 sps=2425 elapsed=93.3m
iter 3315/4882 steps=13578240 episodes=57155 score50=13.10 eps=0.010 loss=0.00867 q=0.709 trunc=0 sps=2425 elapsed=93.3m
iter 3316/4882 steps=13582336 episodes=57172 score50=13.92 eps=0.010 loss=0.01812 q=0.689 trunc=0 sps=2425 elapsed=93.4m
iter 3317/4882 steps=13586432 episodes=57197 score50=12.84 eps=0.010 loss=0.05091 q=0.655 trunc=0 sps=2425 elapsed=93.4m
iter 3318/4882 steps=13590528 episodes=57222 score50=12.90 eps=0.010 loss=0.01825 q=0.723 trunc=0 sps=2425 elapsed=93.4m
iter 3319/4882 steps=13594624 episodes=57240 score50=13.36 eps=0.010 loss=0.00272 q=0.694 trunc=0 sps=2425 elapsed=93.4m
iter 3320/4882 steps=13598720 episodes=57261 score50=13.02 eps=0.010 loss=0.01836 q=0.650 trunc=0 sps=2425 elapsed=93.5m
iter 3321/4882 steps=13602816 episodes=57284 score50=12.80 eps=0.010 loss=0.01012 q=0.690 trunc=0 sps=2425 elapsed=93.5m
iter 3322/4882 steps=13606912 episodes=57312 score50=13.84 eps=0.010 loss=0.03605 q=0.657 trunc=0 sps=2425 elapsed=93.5m
iter 3323/4882 steps=13611008 episodes=57340 score50=12.88 eps=0.010 loss=0.00724 q=0.670 trunc=0 sps=2425 elapsed=93.5m
iter 3324/4882 steps=13615104 episodes=57367 score50=11.48 eps=0.010 loss=0.01088 q=0.727 trunc=0 sps=2425 elapsed=93.6m
iter 3325/4882 steps=13619200 episodes=57377 score50=10.90 eps=0.010 loss=0.01963 q=0.764 trunc=0 sps=2425 elapsed=93.6m
iter 3326/4882 steps=13623296 episodes=57394 score50=11.42 eps=0.010 loss=0.00324 q=0.790 trunc=0 sps=2425 elapsed=93.6m
iter 3327/4882 steps=13627392 episodes=57407 score50=11.38 eps=0.010 loss=0.00326 q=0.776 trunc=0 sps=2425 elapsed=93.6m
iter 3328/4882 steps=13631488 episodes=57426 score50=13.08 eps=0.010 loss=0.01067 q=0.747 trunc=0 sps=2425 elapsed=93.7m
iter 3329/4882 steps=13635584 episodes=57445 score50=13.80 eps=0.010 loss=0.01371 q=0.737 trunc=0 sps=2426 elapsed=93.7m
iter 3330/4882 steps=13639680 episodes=57462 score50=14.04 eps=0.010 loss=0.00488 q=0.741 trunc=0 sps=2426 elapsed=93.7m
iter 3331/4882 steps=13643776 episodes=57475 score50=15.86 eps=0.010 loss=0.01720 q=0.729 trunc=0 sps=2426 elapsed=93.8m
iter 3332/4882 steps=13647872 episodes=57492 score50=17.50 eps=0.010 loss=0.00410 q=0.775 trunc=0 sps=2425 elapsed=93.8m
iter 3333/4882 steps=13651968 episodes=57505 score50=17.84 eps=0.010 loss=0.02111 q=0.724 trunc=0 sps=2425 elapsed=93.8m
iter 3334/4882 steps=13656064 episodes=57518 score50=18.20 eps=0.010 loss=0.02202 q=0.755 trunc=0 sps=2425 elapsed=93.8m
iter 3335/4882 steps=13660160 episodes=57527 score50=18.30 eps=0.010 loss=0.03196 q=0.699 trunc=0 sps=2425 elapsed=93.9m
iter 3336/4882 steps=13664256 episodes=57538 score50=17.70 eps=0.010 loss=0.00377 q=0.706 trunc=0 sps=2425 elapsed=93.9m
iter 3337/4882 steps=13668352 episodes=57548 score50=18.88 eps=0.010 loss=0.00430 q=0.711 trunc=0 sps=2426 elapsed=93.9m
iter 3338/4882 steps=13672448 episodes=57559 score50=19.88 eps=0.010 loss=0.00336 q=0.720 trunc=0 sps=2426 elapsed=93.9m
iter 3339/4882 steps=13676544 episodes=57573 score50=19.88 eps=0.010 loss=0.00719 q=0.685 trunc=0 sps=2426 elapsed=94.0m
iter 3340/4882 steps=13680640 episodes=57583 score50=19.96 eps=0.010 loss=0.00315 q=0.693 trunc=0 sps=2426 elapsed=94.0m
iter 3341/4882 steps=13684736 episodes=57595 score50=19.98 eps=0.010 loss=0.00784 q=0.711 trunc=0 sps=2426 elapsed=94.0m
iter 3342/4882 steps=13688832 episodes=57613 score50=19.06 eps=0.010 loss=0.00432 q=0.731 trunc=0 sps=2426 elapsed=94.1m
iter 3343/4882 steps=13692928 episodes=57630 score50=18.68 eps=0.010 loss=0.00667 q=0.762 trunc=0 sps=2426 elapsed=94.1m
iter 3344/4882 steps=13697024 episodes=57646 score50=18.48 eps=0.010 loss=0.01713 q=0.733 trunc=0 sps=2426 elapsed=94.1m
iter 3345/4882 steps=13701120 episodes=57663 score50=18.36 eps=0.010 loss=0.00882 q=0.730 trunc=0 sps=2426 elapsed=94.1m
iter 3346/4882 steps=13705216 episodes=57686 score50=17.34 eps=0.010 loss=0.00929 q=0.759 trunc=0 sps=2426 elapsed=94.2m
iter 3347/4882 steps=13709312 episodes=57696 score50=16.66 eps=0.010 loss=0.00464 q=0.721 trunc=0 sps=2426 elapsed=94.2m
iter 3348/4882 steps=13713408 episodes=57710 score50=17.54 eps=0.010 loss=0.00483 q=0.664 trunc=0 sps=2426 elapsed=94.2m
iter 3349/4882 steps=13717504 episodes=57731 score50=15.04 eps=0.010 loss=0.01325 q=0.667 trunc=0 sps=2426 elapsed=94.2m
iter 3350/4882 steps=13721600 episodes=57746 score50=15.26 eps=0.010 loss=0.00746 q=0.640 trunc=0 sps=2426 elapsed=94.3m
iter 3351/4882 steps=13725696 episodes=57761 score50=14.82 eps=0.010 loss=0.00317 q=0.718 trunc=0 sps=2426 elapsed=94.3m
iter 3352/4882 steps=13729792 episodes=57770 score50=17.14 eps=0.010 loss=0.01788 q=0.714 trunc=0 sps=2426 elapsed=94.3m
iter 3353/4882 steps=13733888 episodes=57785 score50=19.32 eps=0.010 loss=0.00454 q=0.733 trunc=0 sps=2426 elapsed=94.4m
iter 3354/4882 steps=13737984 episodes=57796 score50=20.60 eps=0.010 loss=0.02079 q=0.777 trunc=0 sps=2426 elapsed=94.4m
iter 3355/4882 steps=13742080 episodes=57816 score50=19.50 eps=0.010 loss=0.00498 q=0.750 trunc=0 sps=2426 elapsed=94.4m
iter 3356/4882 steps=13746176 episodes=57827 score50=19.98 eps=0.010 loss=0.00528 q=0.802 trunc=0 sps=2426 elapsed=94.4m
iter 3357/4882 steps=13750272 episodes=57835 score50=18.16 eps=0.010 loss=0.01303 q=0.780 trunc=0 sps=2426 elapsed=94.5m
iter 3358/4882 steps=13754368 episodes=57850 score50=18.06 eps=0.010 loss=0.00384 q=0.769 trunc=0 sps=2426 elapsed=94.5m
iter 3359/4882 steps=13758464 episodes=57857 score50=17.74 eps=0.010 loss=0.00660 q=0.773 trunc=0 sps=2426 elapsed=94.5m
iter 3360/4882 steps=13762560 episodes=57870 score50=18.98 eps=0.010 loss=0.00397 q=0.795 trunc=0 sps=2426 elapsed=94.6m
iter 3361/4882 steps=13766656 episodes=57880 score50=18.56 eps=0.010 loss=0.01075 q=0.813 trunc=0 sps=2426 elapsed=94.6m
iter 3362/4882 steps=13770752 episodes=57893 score50=21.68 eps=0.010 loss=0.00725 q=0.791 trunc=0 sps=2426 elapsed=94.6m
iter 3363/4882 steps=13774848 episodes=57909 score50=24.78 eps=0.010 loss=0.00293 q=0.824 trunc=0 sps=2426 elapsed=94.6m
iter 3364/4882 steps=13778944 episodes=57920 score50=25.72 eps=0.010 loss=0.01615 q=0.824 trunc=0 sps=2426 elapsed=94.7m
iter 3365/4882 steps=13783040 episodes=57934 score50=24.56 eps=0.010 loss=0.00969 q=0.809 trunc=0 sps=2426 elapsed=94.7m
iter 3366/4882 steps=13787136 episodes=57941 score50=22.14 eps=0.010 loss=0.00409 q=0.842 trunc=0 sps=2426 elapsed=94.7m
iter 3367/4882 steps=13791232 episodes=57954 score50=20.74 eps=0.010 loss=0.00400 q=0.802 trunc=0 sps=2426 elapsed=94.7m
iter 3368/4882 steps=13795328 episodes=57967 score50=19.22 eps=0.010 loss=0.01372 q=0.810 trunc=0 sps=2426 elapsed=94.8m
iter 3369/4882 steps=13799424 episodes=57983 score50=19.78 eps=0.010 loss=0.01280 q=0.845 trunc=0 sps=2426 elapsed=94.8m
iter 3370/4882 steps=13803520 episodes=58001 score50=18.32 eps=0.010 loss=0.00739 q=0.852 trunc=0 sps=2426 elapsed=94.8m
iter 3371/4882 steps=13807616 episodes=58017 score50=16.64 eps=0.010 loss=0.00942 q=0.815 trunc=0 sps=2426 elapsed=94.9m
iter 3372/4882 steps=13811712 episodes=58026 score50=16.44 eps=0.010 loss=0.02292 q=0.794 trunc=0 sps=2426 elapsed=94.9m
iter 3373/4882 steps=13815808 episodes=58038 score50=17.74 eps=0.010 loss=0.03148 q=0.791 trunc=0 sps=2426 elapsed=94.9m
iter 3374/4882 steps=13819904 episodes=58054 score50=19.10 eps=0.010 loss=0.01290 q=0.818 trunc=0 sps=2426 elapsed=95.0m
iter 3375/4882 steps=13824000 episodes=58073 score50=19.64 eps=0.010 loss=0.00623 q=0.798 trunc=0 sps=2426 elapsed=95.0m
iter 3376/4882 steps=13828096 episodes=58089 score50=19.88 eps=0.010 loss=0.00923 q=0.791 trunc=0 sps=2426 elapsed=95.0m
iter 3377/4882 steps=13832192 episodes=58107 score50=19.28 eps=0.010 loss=0.01987 q=0.792 trunc=0 sps=2426 elapsed=95.0m
iter 3378/4882 steps=13836288 episodes=58123 score50=17.16 eps=0.010 loss=0.02481 q=0.715 trunc=0 sps=2426 elapsed=95.1m
iter 3379/4882 steps=13840384 episodes=58142 score50=15.10 eps=0.010 loss=0.01361 q=0.765 trunc=0 sps=2426 elapsed=95.1m
iter 3380/4882 steps=13844480 episodes=58159 score50=15.90 eps=0.010 loss=0.00547 q=0.791 trunc=0 sps=2426 elapsed=95.1m
iter 3381/4882 steps=13848576 episodes=58178 score50=18.02 eps=0.010 loss=0.02684 q=0.752 trunc=0 sps=2426 elapsed=95.2m
iter 3382/4882 steps=13852672 episodes=58189 score50=16.36 eps=0.010 loss=0.00876 q=0.749 trunc=0 sps=2426 elapsed=95.2m
iter 3383/4882 steps=13856768 episodes=58206 score50=18.94 eps=0.010 loss=0.01950 q=0.769 trunc=0 sps=2426 elapsed=95.2m
iter 3384/4882 steps=13860864 episodes=58210 score50=19.58 eps=0.010 loss=0.00231 q=0.818 trunc=0 sps=2426 elapsed=95.2m
iter 3385/4882 steps=13864960 episodes=58221 score50=20.36 eps=0.010 loss=0.01058 q=0.814 trunc=0 sps=2426 elapsed=95.3m
iter 3386/4882 steps=13869056 episodes=58231 score50=21.38 eps=0.010 loss=0.00684 q=0.818 trunc=0 sps=2426 elapsed=95.3m
iter 3387/4882 steps=13873152 episodes=58242 score50=21.94 eps=0.010 loss=0.00734 q=0.798 trunc=0 sps=2426 elapsed=95.3m
iter 3388/4882 steps=13877248 episodes=58261 score50=19.76 eps=0.010 loss=0.01037 q=0.778 trunc=0 sps=2426 elapsed=95.3m
iter 3389/4882 steps=13881344 episodes=58273 score50=19.98 eps=0.010 loss=0.00499 q=0.779 trunc=0 sps=2426 elapsed=95.4m
iter 3390/4882 steps=13885440 episodes=58286 score50=20.76 eps=0.010 loss=0.00817 q=0.789 trunc=0 sps=2426 elapsed=95.4m
iter 3391/4882 steps=13889536 episodes=58301 score50=21.30 eps=0.010 loss=0.00931 q=0.758 trunc=0 sps=2426 elapsed=95.4m
iter 3392/4882 steps=13893632 episodes=58312 score50=22.24 eps=0.010 loss=0.00745 q=0.778 trunc=0 sps=2426 elapsed=95.5m
iter 3393/4882 steps=13897728 episodes=58321 score50=21.64 eps=0.010 loss=0.00365 q=0.753 trunc=0 sps=2426 elapsed=95.5m
iter 3394/4882 steps=13901824 episodes=58337 score50=20.02 eps=0.010 loss=0.00707 q=0.725 trunc=0 sps=2426 elapsed=95.5m
iter 3395/4882 steps=13905920 episodes=58347 score50=19.12 eps=0.010 loss=0.01401 q=0.731 trunc=0 sps=2426 elapsed=95.5m
iter 3396/4882 steps=13910016 episodes=58364 score50=19.74 eps=0.010 loss=0.01640 q=0.672 trunc=0 sps=2426 elapsed=95.6m
iter 3397/4882 steps=13914112 episodes=58375 score50=19.96 eps=0.010 loss=0.00925 q=0.698 trunc=0 sps=2426 elapsed=95.6m
iter 3398/4882 steps=13918208 episodes=58387 score50=20.82 eps=0.010 loss=0.02185 q=0.714 trunc=0 sps=2426 elapsed=95.6m
iter 3399/4882 steps=13922304 episodes=58402 score50=21.94 eps=0.010 loss=0.00618 q=0.688 trunc=0 sps=2426 elapsed=95.7m
iter 3400/4882 steps=13926400 episodes=58420 score50=20.84 eps=0.010 loss=0.00958 q=0.706 trunc=0 sps=2426 elapsed=95.7m
  [eval] iter=3400 mean=20.55+-2.72 median=18.5 max=53 P(>=120)=0.00 entropy=1.52/2.20 wnorm=69.853 srank=305/512
iter 3401/4882 steps=13930496 episodes=58431 score50=22.36 eps=0.010 loss=0.00448 q=0.741 trunc=0 sps=2423 elapsed=95.8m
iter 3402/4882 steps=13934592 episodes=58439 score50=21.02 eps=0.010 loss=0.01051 q=0.742 trunc=0 sps=2423 elapsed=95.8m
iter 3403/4882 steps=13938688 episodes=58453 score50=20.40 eps=0.010 loss=0.01362 q=0.744 trunc=0 sps=2423 elapsed=95.9m
iter 3404/4882 steps=13942784 episodes=58465 score50=20.26 eps=0.010 loss=0.00459 q=0.701 trunc=0 sps=2423 elapsed=95.9m
iter 3405/4882 steps=13946880 episodes=58476 score50=20.56 eps=0.010 loss=0.01721 q=0.633 trunc=0 sps=2423 elapsed=95.9m
iter 3406/4882 steps=13950976 episodes=58484 score50=20.40 eps=0.010 loss=0.00898 q=0.675 trunc=0 sps=2423 elapsed=95.9m
iter 3407/4882 steps=13955072 episodes=58497 score50=23.42 eps=0.010 loss=0.00546 q=0.665 trunc=0 sps=2423 elapsed=96.0m
iter 3408/4882 steps=13959168 episodes=58512 score50=23.66 eps=0.010 loss=0.01230 q=0.676 trunc=0 sps=2423 elapsed=96.0m
iter 3409/4882 steps=13963264 episodes=58523 score50=21.98 eps=0.010 loss=0.00633 q=0.674 trunc=0 sps=2423 elapsed=96.0m
iter 3410/4882 steps=13967360 episodes=58534 score50=22.76 eps=0.010 loss=0.00237 q=0.692 trunc=0 sps=2423 elapsed=96.1m
iter 3411/4882 steps=13971456 episodes=58549 score50=19.84 eps=0.010 loss=0.02782 q=0.683 trunc=0 sps=2423 elapsed=96.1m
iter 3412/4882 steps=13975552 episodes=58564 score50=21.04 eps=0.010 loss=0.01082 q=0.695 trunc=0 sps=2423 elapsed=96.1m
iter 3413/4882 steps=13979648 episodes=58574 score50=21.42 eps=0.010 loss=0.00213 q=0.707 trunc=0 sps=2423 elapsed=96.2m
iter 3414/4882 steps=13983744 episodes=58579 score50=20.92 eps=0.010 loss=0.00242 q=0.703 trunc=0 sps=2423 elapsed=96.2m
iter 3415/4882 steps=13987840 episodes=58589 score50=21.38 eps=0.010 loss=0.02371 q=0.640 trunc=0 sps=2423 elapsed=96.2m
iter 3416/4882 steps=13991936 episodes=58598 score50=22.10 eps=0.010 loss=0.00259 q=0.695 trunc=0 sps=2423 elapsed=96.2m
iter 3417/4882 steps=13996032 episodes=58615 score50=22.80 eps=0.010 loss=0.01301 q=0.649 trunc=0 sps=2423 elapsed=96.3m
iter 3418/4882 steps=14000128 episodes=58632 score50=21.44 eps=0.010 loss=0.01255 q=0.632 trunc=0 sps=2423 elapsed=96.3m
iter 3419/4882 steps=14004224 episodes=58640 score50=22.12 eps=0.010 loss=0.00313 q=0.689 trunc=0 sps=2423 elapsed=96.3m
iter 3420/4882 steps=14008320 episodes=58659 score50=21.10 eps=0.010 loss=0.00666 q=0.704 trunc=0 sps=2423 elapsed=96.4m
iter 3421/4882 steps=14012416 episodes=58669 score50=21.44 eps=0.010 loss=0.00537 q=0.674 trunc=0 sps=2423 elapsed=96.4m
iter 3422/4882 steps=14016512 episodes=58676 score50=21.68 eps=0.010 loss=0.00250 q=0.762 trunc=0 sps=2423 elapsed=96.4m
iter 3423/4882 steps=14020608 episodes=58685 score50=21.38 eps=0.010 loss=0.00477 q=0.706 trunc=0 sps=2423 elapsed=96.4m
iter 3424/4882 steps=14024704 episodes=58711 score50=21.78 eps=0.010 loss=0.00279 q=0.706 trunc=0 sps=2423 elapsed=96.5m
iter 3425/4882 steps=14028800 episodes=58729 score50=21.18 eps=0.010 loss=0.02335 q=0.698 trunc=0 sps=2423 elapsed=96.5m
iter 3426/4882 steps=14032896 episodes=58741 score50=20.56 eps=0.010 loss=0.00948 q=0.741 trunc=0 sps=2423 elapsed=96.5m
iter 3427/4882 steps=14036992 episodes=58750 score50=21.36 eps=0.010 loss=0.00456 q=0.759 trunc=0 sps=2423 elapsed=96.5m
iter 3428/4882 steps=14041088 episodes=58761 score50=20.94 eps=0.010 loss=0.00539 q=0.727 trunc=0 sps=2423 elapsed=96.6m
iter 3429/4882 steps=14045184 episodes=58772 score50=21.02 eps=0.010 loss=0.00268 q=0.759 trunc=0 sps=2423 elapsed=96.6m
iter 3430/4882 steps=14049280 episodes=58787 score50=21.68 eps=0.010 loss=0.01135 q=0.733 trunc=0 sps=2423 elapsed=96.6m
iter 3431/4882 steps=14053376 episodes=58794 score50=21.24 eps=0.010 loss=0.00264 q=0.730 trunc=0 sps=2423 elapsed=96.7m
iter 3432/4882 steps=14057472 episodes=58805 score50=22.74 eps=0.010 loss=0.00368 q=0.705 trunc=0 sps=2423 elapsed=96.7m
iter 3433/4882 steps=14061568 episodes=58817 score50=22.96 eps=0.010 loss=0.00806 q=0.736 trunc=0 sps=2423 elapsed=96.7m
iter 3434/4882 steps=14065664 episodes=58828 score50=22.06 eps=0.010 loss=0.00242 q=0.770 trunc=0 sps=2423 elapsed=96.7m
iter 3435/4882 steps=14069760 episodes=58838 score50=21.56 eps=0.010 loss=0.00664 q=0.788 trunc=0 sps=2423 elapsed=96.8m
iter 3436/4882 steps=14073856 episodes=58854 score50=21.18 eps=0.010 loss=0.01240 q=0.747 trunc=0 sps=2423 elapsed=96.8m
iter 3437/4882 steps=14077952 episodes=58871 score50=18.78 eps=0.010 loss=0.02534 q=0.704 trunc=0 sps=2423 elapsed=96.8m
iter 3438/4882 steps=14082048 episodes=58884 score50=17.48 eps=0.010 loss=0.00457 q=0.718 trunc=0 sps=2423 elapsed=96.9m
iter 3439/4882 steps=14086144 episodes=58898 score50=19.00 eps=0.010 loss=0.00432 q=0.726 trunc=0 sps=2423 elapsed=96.9m
iter 3440/4882 steps=14090240 episodes=58909 score50=20.22 eps=0.010 loss=0.03133 q=0.730 trunc=0 sps=2423 elapsed=96.9m
iter 3441/4882 steps=14094336 episodes=58917 score50=20.70 eps=0.010 loss=0.00401 q=0.731 trunc=0 sps=2423 elapsed=96.9m
iter 3442/4882 steps=14098432 episodes=58928 score50=22.82 eps=0.010 loss=0.00203 q=0.738 trunc=0 sps=2423 elapsed=97.0m
iter 3443/4882 steps=14102528 episodes=58936 score50=22.10 eps=0.010 loss=0.00281 q=0.746 trunc=0 sps=2423 elapsed=97.0m
iter 3444/4882 steps=14106624 episodes=58961 score50=22.78 eps=0.010 loss=0.01205 q=0.655 trunc=0 sps=2423 elapsed=97.0m
iter 3445/4882 steps=14110720 episodes=58982 score50=20.50 eps=0.010 loss=0.00951 q=0.773 trunc=0 sps=2423 elapsed=97.1m
iter 3446/4882 steps=14114816 episodes=58993 score50=19.98 eps=0.010 loss=0.00361 q=0.740 trunc=0 sps=2423 elapsed=97.1m
iter 3447/4882 steps=14118912 episodes=59006 score50=20.90 eps=0.010 loss=0.01839 q=0.730 trunc=0 sps=2423 elapsed=97.1m
iter 3448/4882 steps=14123008 episodes=59017 score50=19.88 eps=0.010 loss=0.00529 q=0.704 trunc=0 sps=2423 elapsed=97.1m
iter 3449/4882 steps=14127104 episodes=59021 score50=20.18 eps=0.010 loss=0.00753 q=0.760 trunc=0 sps=2423 elapsed=97.2m
iter 3450/4882 steps=14131200 episodes=59030 score50=21.24 eps=0.010 loss=0.00499 q=0.720 trunc=0 sps=2423 elapsed=97.2m
iter 3451/4882 steps=14135296 episodes=59047 score50=20.18 eps=0.010 loss=0.00361 q=0.699 trunc=0 sps=2423 elapsed=97.2m
iter 3452/4882 steps=14139392 episodes=59063 score50=19.48 eps=0.010 loss=0.01829 q=0.719 trunc=0 sps=2423 elapsed=97.3m
iter 3453/4882 steps=14143488 episodes=59080 score50=19.10 eps=0.010 loss=0.00465 q=0.724 trunc=0 sps=2423 elapsed=97.3m
iter 3454/4882 steps=14147584 episodes=59091 score50=20.54 eps=0.010 loss=0.00899 q=0.691 trunc=0 sps=2423 elapsed=97.3m
iter 3455/4882 steps=14151680 episodes=59098 score50=21.22 eps=0.010 loss=0.01052 q=0.730 trunc=0 sps=2423 elapsed=97.3m
iter 3456/4882 steps=14155776 episodes=59115 score50=23.00 eps=0.010 loss=0.00866 q=0.746 trunc=0 sps=2423 elapsed=97.4m
iter 3457/4882 steps=14159872 episodes=59122 score50=22.34 eps=0.010 loss=0.00333 q=0.779 trunc=0 sps=2423 elapsed=97.4m
iter 3458/4882 steps=14163968 episodes=59140 score50=23.36 eps=0.010 loss=0.01775 q=0.731 trunc=0 sps=2423 elapsed=97.4m
iter 3459/4882 steps=14168064 episodes=59151 score50=22.22 eps=0.010 loss=0.00492 q=0.720 trunc=0 sps=2423 elapsed=97.5m
iter 3460/4882 steps=14172160 episodes=59168 score50=21.48 eps=0.010 loss=0.03904 q=0.712 trunc=0 sps=2423 elapsed=97.5m
iter 3461/4882 steps=14176256 episodes=59179 score50=21.44 eps=0.010 loss=0.00683 q=0.806 trunc=0 sps=2423 elapsed=97.5m
iter 3462/4882 steps=14180352 episodes=59190 score50=20.98 eps=0.010 loss=0.00739 q=0.718 trunc=0 sps=2423 elapsed=97.5m
iter 3463/4882 steps=14184448 episodes=59201 score50=20.62 eps=0.010 loss=0.00328 q=0.712 trunc=0 sps=2423 elapsed=97.6m
iter 3464/4882 steps=14188544 episodes=59213 score50=21.62 eps=0.010 loss=0.00646 q=0.740 trunc=0 sps=2423 elapsed=97.6m
iter 3465/4882 steps=14192640 episodes=59227 score50=23.06 eps=0.010 loss=0.00574 q=0.734 trunc=0 sps=2423 elapsed=97.6m
iter 3466/4882 steps=14196736 episodes=59244 score50=23.80 eps=0.010 loss=0.01532 q=0.704 trunc=0 sps=2423 elapsed=97.6m
iter 3467/4882 steps=14200832 episodes=59255 score50=23.72 eps=0.010 loss=0.00297 q=0.807 trunc=0 sps=2423 elapsed=97.7m
iter 3468/4882 steps=14204928 episodes=59261 score50=23.16 eps=0.010 loss=0.00435 q=0.704 trunc=0 sps=2423 elapsed=97.7m
iter 3469/4882 steps=14209024 episodes=59273 score50=23.38 eps=0.010 loss=0.00348 q=0.730 trunc=0 sps=2423 elapsed=97.7m
iter 3470/4882 steps=14213120 episodes=59279 score50=22.92 eps=0.010 loss=0.00386 q=0.749 trunc=0 sps=2423 elapsed=97.8m
iter 3471/4882 steps=14217216 episodes=59288 score50=22.22 eps=0.010 loss=0.00375 q=0.729 trunc=0 sps=2423 elapsed=97.8m
iter 3472/4882 steps=14221312 episodes=59300 score50=22.46 eps=0.010 loss=0.00938 q=0.698 trunc=0 sps=2423 elapsed=97.8m
iter 3473/4882 steps=14225408 episodes=59311 score50=21.46 eps=0.010 loss=0.02638 q=0.710 trunc=0 sps=2423 elapsed=97.8m
iter 3474/4882 steps=14229504 episodes=59333 score50=23.32 eps=0.010 loss=0.00770 q=0.665 trunc=0 sps=2423 elapsed=97.9m
iter 3475/4882 steps=14233600 episodes=59343 score50=23.54 eps=0.010 loss=0.03652 q=0.723 trunc=0 sps=2423 elapsed=97.9m
iter 3476/4882 steps=14237696 episodes=59350 score50=23.76 eps=0.010 loss=0.01317 q=0.716 trunc=0 sps=2423 elapsed=97.9m
iter 3477/4882 steps=14241792 episodes=59357 score50=23.54 eps=0.010 loss=0.00780 q=0.725 trunc=0 sps=2423 elapsed=98.0m
iter 3478/4882 steps=14245888 episodes=59375 score50=21.88 eps=0.010 loss=0.01220 q=0.672 trunc=0 sps=2423 elapsed=98.0m
iter 3479/4882 steps=14249984 episodes=59381 score50=22.20 eps=0.010 loss=0.00290 q=0.737 trunc=0 sps=2423 elapsed=98.0m
iter 3480/4882 steps=14254080 episodes=59398 score50=21.48 eps=0.010 loss=0.00547 q=0.695 trunc=0 sps=2423 elapsed=98.0m
iter 3481/4882 steps=14258176 episodes=59419 score50=21.64 eps=0.010 loss=0.00835 q=0.739 trunc=0 sps=2423 elapsed=98.1m
iter 3482/4882 steps=14262272 episodes=59433 score50=19.78 eps=0.010 loss=0.02274 q=0.700 trunc=0 sps=2423 elapsed=98.1m
iter 3483/4882 steps=14266368 episodes=59443 score50=19.74 eps=0.010 loss=0.02422 q=0.756 trunc=0 sps=2423 elapsed=98.1m
iter 3484/4882 steps=14270464 episodes=59453 score50=20.10 eps=0.010 loss=0.04530 q=0.682 trunc=0 sps=2423 elapsed=98.2m
iter 3485/4882 steps=14274560 episodes=59476 score50=21.34 eps=0.010 loss=0.00612 q=0.721 trunc=0 sps=2423 elapsed=98.2m
iter 3486/4882 steps=14278656 episodes=59486 score50=21.64 eps=0.010 loss=0.00290 q=0.770 trunc=0 sps=2423 elapsed=98.2m
iter 3487/4882 steps=14282752 episodes=59492 score50=21.72 eps=0.010 loss=0.02202 q=0.730 trunc=0 sps=2423 elapsed=98.2m
iter 3488/4882 steps=14286848 episodes=59501 score50=21.84 eps=0.010 loss=0.00425 q=0.698 trunc=0 sps=2423 elapsed=98.3m
iter 3489/4882 steps=14290944 episodes=59512 score50=21.58 eps=0.010 loss=0.00460 q=0.722 trunc=0 sps=2423 elapsed=98.3m
iter 3490/4882 steps=14295040 episodes=59521 score50=21.66 eps=0.010 loss=0.01075 q=0.691 trunc=0 sps=2423 elapsed=98.3m
iter 3491/4882 steps=14299136 episodes=59535 score50=20.92 eps=0.010 loss=0.00432 q=0.708 trunc=0 sps=2423 elapsed=98.4m
iter 3492/4882 steps=14303232 episodes=59542 score50=20.50 eps=0.010 loss=0.00226 q=0.705 trunc=0 sps=2423 elapsed=98.4m
iter 3493/4882 steps=14307328 episodes=59555 score50=20.36 eps=0.010 loss=0.00887 q=0.642 trunc=0 sps=2423 elapsed=98.4m
iter 3494/4882 steps=14311424 episodes=59570 score50=19.04 eps=0.010 loss=0.04046 q=0.663 trunc=0 sps=2423 elapsed=98.4m
iter 3495/4882 steps=14315520 episodes=59592 score50=19.72 eps=0.010 loss=0.00506 q=0.691 trunc=0 sps=2423 elapsed=98.5m
iter 3496/4882 steps=14319616 episodes=59610 score50=19.62 eps=0.010 loss=0.00689 q=0.734 trunc=0 sps=2423 elapsed=98.5m
iter 3497/4882 steps=14323712 episodes=59630 score50=19.44 eps=0.010 loss=0.02839 q=0.690 trunc=0 sps=2423 elapsed=98.5m
iter 3498/4882 steps=14327808 episodes=59647 score50=18.28 eps=0.010 loss=0.00501 q=0.793 trunc=0 sps=2423 elapsed=98.6m
iter 3499/4882 steps=14331904 episodes=59660 score50=18.26 eps=0.010 loss=0.00754 q=0.791 trunc=0 sps=2423 elapsed=98.6m
iter 3500/4882 steps=14336000 episodes=59674 score50=16.90 eps=0.010 loss=0.00609 q=0.700 trunc=0 sps=2423 elapsed=98.6m
  [eval] iter=3500 mean=11.60+-1.93 median=9.5 max=35 P(>=120)=0.00 entropy=0.84/2.20 wnorm=71.050 srank=316/512
iter 3501/4882 steps=14340096 episodes=59692 score50=17.14 eps=0.010 loss=0.00608 q=0.735 trunc=0 sps=2422 elapsed=98.7m
iter 3502/4882 steps=14344192 episodes=59704 score50=17.28 eps=0.010 loss=0.00678 q=0.767 trunc=0 sps=2422 elapsed=98.7m
iter 3503/4882 steps=14348288 episodes=59716 score50=16.88 eps=0.010 loss=0.01208 q=0.789 trunc=0 sps=2422 elapsed=98.7m
iter 3504/4882 steps=14352384 episodes=59732 score50=17.74 eps=0.010 loss=0.01223 q=0.728 trunc=0 sps=2422 elapsed=98.8m
iter 3505/4882 steps=14356480 episodes=59750 score50=18.40 eps=0.010 loss=0.00704 q=0.716 trunc=0 sps=2422 elapsed=98.8m
iter 3506/4882 steps=14360576 episodes=59764 score50=18.74 eps=0.010 loss=0.02794 q=0.733 trunc=0 sps=2422 elapsed=98.8m
iter 3507/4882 steps=14364672 episodes=59777 score50=17.30 eps=0.010 loss=0.00458 q=0.737 trunc=0 sps=2422 elapsed=98.9m
iter 3508/4882 steps=14368768 episodes=59784 score50=17.12 eps=0.010 loss=0.00985 q=0.706 trunc=0 sps=2422 elapsed=98.9m
iter 3509/4882 steps=14372864 episodes=59801 score50=18.02 eps=0.010 loss=0.02010 q=0.652 trunc=0 sps=2422 elapsed=98.9m
iter 3510/4882 steps=14376960 episodes=59815 score50=17.48 eps=0.010 loss=0.01346 q=0.676 trunc=0 sps=2422 elapsed=98.9m
iter 3511/4882 steps=14381056 episodes=59831 score50=19.30 eps=0.010 loss=0.00546 q=0.723 trunc=0 sps=2422 elapsed=99.0m
iter 3512/4882 steps=14385152 episodes=59842 score50=19.36 eps=0.010 loss=0.00405 q=0.713 trunc=0 sps=2422 elapsed=99.0m
iter 3513/4882 steps=14389248 episodes=59854 score50=19.48 eps=0.010 loss=0.01004 q=0.682 trunc=0 sps=2422 elapsed=99.0m
iter 3514/4882 steps=14393344 episodes=59872 score50=19.42 eps=0.010 loss=0.00723 q=0.694 trunc=0 sps=2422 elapsed=99.1m
iter 3515/4882 steps=14397440 episodes=59895 score50=20.26 eps=0.010 loss=0.01175 q=0.683 trunc=0 sps=2422 elapsed=99.1m
iter 3516/4882 steps=14401536 episodes=59907 score50=19.32 eps=0.010 loss=0.00387 q=0.760 trunc=0 sps=2422 elapsed=99.1m
iter 3517/4882 steps=14405632 episodes=59918 score50=19.60 eps=0.010 loss=0.00429 q=0.725 trunc=0 sps=2422 elapsed=99.1m
iter 3518/4882 steps=14409728 episodes=59925 score50=19.04 eps=0.010 loss=0.00551 q=0.733 trunc=0 sps=2422 elapsed=99.2m
iter 3519/4882 steps=14413824 episodes=59933 score50=20.10 eps=0.010 loss=0.00297 q=0.746 trunc=0 sps=2422 elapsed=99.2m
iter 3520/4882 steps=14417920 episodes=59947 score50=20.38 eps=0.010 loss=0.01480 q=0.694 trunc=0 sps=2422 elapsed=99.2m
iter 3521/4882 steps=14422016 episodes=59957 score50=21.90 eps=0.010 loss=0.00205 q=0.706 trunc=0 sps=2422 elapsed=99.3m
iter 3522/4882 steps=14426112 episodes=59972 score50=21.98 eps=0.010 loss=0.01913 q=0.710 trunc=0 sps=2422 elapsed=99.3m
iter 3523/4882 steps=14430208 episodes=59982 score50=23.04 eps=0.010 loss=0.01326 q=0.694 trunc=0 sps=2422 elapsed=99.3m
iter 3524/4882 steps=14434304 episodes=59996 score50=22.12 eps=0.010 loss=0.02360 q=0.646 trunc=0 sps=2422 elapsed=99.3m
iter 3525/4882 steps=14438400 episodes=60011 score50=21.10 eps=0.010 loss=0.01850 q=0.691 trunc=0 sps=2422 elapsed=99.4m
iter 3526/4882 steps=14442496 episodes=60025 score50=21.80 eps=0.010 loss=0.00734 q=0.679 trunc=0 sps=2422 elapsed=99.4m
iter 3527/4882 steps=14446592 episodes=60038 score50=21.54 eps=0.010 loss=0.01480 q=0.699 trunc=0 sps=2422 elapsed=99.4m
iter 3528/4882 steps=14450688 episodes=60050 score50=21.26 eps=0.010 loss=0.00535 q=0.758 trunc=0 sps=2422 elapsed=99.5m
iter 3529/4882 steps=14454784 episodes=60060 score50=21.94 eps=0.010 loss=0.00312 q=0.721 trunc=0 sps=2422 elapsed=99.5m
iter 3530/4882 steps=14458880 episodes=60077 score50=22.12 eps=0.010 loss=0.00804 q=0.748 trunc=0 sps=2422 elapsed=99.5m
iter 3531/4882 steps=14462976 episodes=60087 score50=21.96 eps=0.010 loss=0.00350 q=0.714 trunc=0 sps=2422 elapsed=99.5m
iter 3532/4882 steps=14467072 episodes=60102 score50=21.94 eps=0.010 loss=0.02450 q=0.688 trunc=0 sps=2422 elapsed=99.6m
iter 3533/4882 steps=14471168 episodes=60116 score50=19.18 eps=0.010 loss=0.01437 q=0.657 trunc=0 sps=2422 elapsed=99.6m
iter 3534/4882 steps=14475264 episodes=60120 score50=19.64 eps=0.010 loss=0.00465 q=0.665 trunc=0 sps=2422 elapsed=99.6m
iter 3535/4882 steps=14479360 episodes=60129 score50=19.08 eps=0.010 loss=0.02369 q=0.648 trunc=0 sps=2422 elapsed=99.7m
iter 3536/4882 steps=14483456 episodes=60142 score50=19.22 eps=0.010 loss=0.01807 q=0.628 trunc=0 sps=2422 elapsed=99.7m
iter 3537/4882 steps=14487552 episodes=60157 score50=20.04 eps=0.010 loss=0.00550 q=0.670 trunc=0 sps=2422 elapsed=99.7m
iter 3538/4882 steps=14491648 episodes=60171 score50=21.64 eps=0.010 loss=0.01949 q=0.682 trunc=0 sps=2422 elapsed=99.7m
iter 3539/4882 steps=14495744 episodes=60182 score50=21.64 eps=0.010 loss=0.00351 q=0.688 trunc=0 sps=2422 elapsed=99.8m
iter 3540/4882 steps=14499840 episodes=60192 score50=22.06 eps=0.010 loss=0.00291 q=0.706 trunc=0 sps=2422 elapsed=99.8m
iter 3541/4882 steps=14503936 episodes=60200 score50=23.20 eps=0.010 loss=0.00306 q=0.727 trunc=0 sps=2422 elapsed=99.8m
iter 3542/4882 steps=14508032 episodes=60213 score50=24.10 eps=0.010 loss=0.01107 q=0.718 trunc=0 sps=2422 elapsed=99.9m
iter 3543/4882 steps=14512128 episodes=60228 score50=23.70 eps=0.010 loss=0.00713 q=0.662 trunc=0 sps=2422 elapsed=99.9m
iter 3544/4882 steps=14516224 episodes=60242 score50=25.26 eps=0.010 loss=0.00179 q=0.776 trunc=0 sps=2422 elapsed=99.9m
iter 3545/4882 steps=14520320 episodes=60253 score50=24.50 eps=0.010 loss=0.02439 q=0.785 trunc=0 sps=2422 elapsed=99.9m
iter 3546/4882 steps=14524416 episodes=60267 score50=22.72 eps=0.010 loss=0.00471 q=0.778 trunc=0 sps=2422 elapsed=100.0m
iter 3547/4882 steps=14528512 episodes=60278 score50=22.56 eps=0.010 loss=0.00374 q=0.814 trunc=0 sps=2422 elapsed=100.0m
iter 3548/4882 steps=14532608 episodes=60287 score50=23.48 eps=0.010 loss=0.01386 q=0.817 trunc=0 sps=2422 elapsed=100.0m
iter 3549/4882 steps=14536704 episodes=60297 score50=24.30 eps=0.010 loss=0.00554 q=0.780 trunc=0 sps=2422 elapsed=100.0m
iter 3550/4882 steps=14540800 episodes=60307 score50=24.50 eps=0.010 loss=0.01056 q=0.755 trunc=0 sps=2422 elapsed=100.1m
iter 3551/4882 steps=14544896 episodes=60311 score50=25.14 eps=0.010 loss=0.00255 q=0.761 trunc=0 sps=2422 elapsed=100.1m
iter 3552/4882 steps=14548992 episodes=60327 score50=24.74 eps=0.010 loss=0.00639 q=0.687 trunc=0 sps=2422 elapsed=100.1m
iter 3553/4882 steps=14553088 episodes=60343 score50=21.28 eps=0.010 loss=0.01189 q=0.697 trunc=0 sps=2422 elapsed=100.2m
iter 3554/4882 steps=14557184 episodes=60358 score50=19.72 eps=0.010 loss=0.01129 q=0.757 trunc=0 sps=2422 elapsed=100.2m
iter 3555/4882 steps=14561280 episodes=60374 score50=21.44 eps=0.010 loss=0.00813 q=0.711 trunc=0 sps=2422 elapsed=100.2m
iter 3556/4882 steps=14565376 episodes=60384 score50=20.96 eps=0.010 loss=0.00303 q=0.750 trunc=0 sps=2422 elapsed=100.2m
iter 3557/4882 steps=14569472 episodes=60398 score50=22.06 eps=0.010 loss=0.01469 q=0.738 trunc=0 sps=2422 elapsed=100.3m
iter 3558/4882 steps=14573568 episodes=60408 score50=22.92 eps=0.010 loss=0.01121 q=0.720 trunc=0 sps=2422 elapsed=100.3m
iter 3559/4882 steps=14577664 episodes=60424 score50=21.54 eps=0.010 loss=0.00653 q=0.757 trunc=0 sps=2422 elapsed=100.3m
iter 3560/4882 steps=14581760 episodes=60435 score50=22.12 eps=0.010 loss=0.00598 q=0.777 trunc=0 sps=2422 elapsed=100.4m
iter 3561/4882 steps=14585856 episodes=60449 score50=21.42 eps=0.010 loss=0.00404 q=0.812 trunc=0 sps=2422 elapsed=100.4m
iter 3562/4882 steps=14589952 episodes=60462 score50=20.16 eps=0.010 loss=0.00526 q=0.751 trunc=0 sps=2422 elapsed=100.4m
iter 3563/4882 steps=14594048 episodes=60477 score50=19.78 eps=0.010 loss=0.01000 q=0.757 trunc=0 sps=2422 elapsed=100.4m
iter 3564/4882 steps=14598144 episodes=60503 score50=18.36 eps=0.010 loss=0.01881 q=0.793 trunc=0 sps=2422 elapsed=100.5m
iter 3565/4882 steps=14602240 episodes=60515 score50=17.76 eps=0.010 loss=0.02558 q=0.799 trunc=0 sps=2422 elapsed=100.5m
iter 3566/4882 steps=14606336 episodes=60530 score50=17.10 eps=0.010 loss=0.01225 q=0.811 trunc=0 sps=2422 elapsed=100.5m
iter 3567/4882 steps=14610432 episodes=60539 score50=16.96 eps=0.010 loss=0.03040 q=0.763 trunc=0 sps=2422 elapsed=100.6m
iter 3568/4882 steps=14614528 episodes=60557 score50=18.78 eps=0.010 loss=0.01144 q=0.755 trunc=0 sps=2422 elapsed=100.6m
iter 3569/4882 steps=14618624 episodes=60569 score50=20.28 eps=0.010 loss=0.00431 q=0.761 trunc=0 sps=2422 elapsed=100.6m
iter 3570/4882 steps=14622720 episodes=60579 score50=20.12 eps=0.010 loss=0.01998 q=0.810 trunc=0 sps=2422 elapsed=100.6m
iter 3571/4882 steps=14626816 episodes=60589 score50=20.00 eps=0.010 loss=0.01983 q=0.751 trunc=0 sps=2422 elapsed=100.7m
iter 3572/4882 steps=14630912 episodes=60602 score50=21.64 eps=0.010 loss=0.02188 q=0.765 trunc=0 sps=2422 elapsed=100.7m
iter 3573/4882 steps=14635008 episodes=60614 score50=21.40 eps=0.010 loss=0.00429 q=0.750 trunc=0 sps=2422 elapsed=100.7m
iter 3574/4882 steps=14639104 episodes=60626 score50=21.46 eps=0.010 loss=0.00316 q=0.759 trunc=0 sps=2422 elapsed=100.7m
iter 3575/4882 steps=14643200 episodes=60642 score50=20.86 eps=0.010 loss=0.00539 q=0.770 trunc=0 sps=2422 elapsed=100.8m
iter 3576/4882 steps=14647296 episodes=60652 score50=21.44 eps=0.010 loss=0.01023 q=0.738 trunc=0 sps=2422 elapsed=100.8m
iter 3577/4882 steps=14651392 episodes=60666 score50=20.44 eps=0.010 loss=0.05046 q=0.765 trunc=0 sps=2422 elapsed=100.8m
iter 3578/4882 steps=14655488 episodes=60674 score50=20.92 eps=0.010 loss=0.01095 q=0.733 trunc=0 sps=2422 elapsed=100.9m
iter 3579/4882 steps=14659584 episodes=60681 score50=21.82 eps=0.010 loss=0.00322 q=0.720 trunc=0 sps=2422 elapsed=100.9m
iter 3580/4882 steps=14663680 episodes=60689 score50=22.08 eps=0.010 loss=0.00517 q=0.718 trunc=0 sps=2422 elapsed=100.9m
iter 3581/4882 steps=14667776 episodes=60704 score50=20.76 eps=0.010 loss=0.04568 q=0.664 trunc=0 sps=2422 elapsed=100.9m
iter 3582/4882 steps=14671872 episodes=60715 score50=20.60 eps=0.010 loss=0.01278 q=0.717 trunc=0 sps=2422 elapsed=101.0m
iter 3583/4882 steps=14675968 episodes=60729 score50=19.30 eps=0.010 loss=0.00360 q=0.737 trunc=0 sps=2422 elapsed=101.0m
iter 3584/4882 steps=14680064 episodes=60740 score50=20.04 eps=0.010 loss=0.01715 q=0.732 trunc=0 sps=2422 elapsed=101.0m
iter 3585/4882 steps=14684160 episodes=60745 score50=21.06 eps=0.010 loss=0.00336 q=0.688 trunc=0 sps=2422 elapsed=101.1m
iter 3586/4882 steps=14688256 episodes=60769 score50=24.76 eps=0.010 loss=0.01898 q=0.683 trunc=0 sps=2422 elapsed=101.1m
iter 3587/4882 steps=14692352 episodes=60781 score50=26.94 eps=0.010 loss=0.01416 q=0.696 trunc=0 sps=2422 elapsed=101.1m
iter 3588/4882 steps=14696448 episodes=60784 score50=27.42 eps=0.010 loss=0.00397 q=0.699 trunc=0 sps=2422 elapsed=101.1m
iter 3589/4882 steps=14700544 episodes=60793 score50=27.12 eps=0.010 loss=0.01188 q=0.745 trunc=0 sps=2422 elapsed=101.2m
iter 3590/4882 steps=14704640 episodes=60805 score50=26.06 eps=0.010 loss=0.00512 q=0.736 trunc=0 sps=2422 elapsed=101.2m
iter 3591/4882 steps=14708736 episodes=60815 score50=24.92 eps=0.010 loss=0.00501 q=0.661 trunc=0 sps=2422 elapsed=101.2m
iter 3592/4882 steps=14712832 episodes=60829 score50=23.46 eps=0.010 loss=0.00397 q=0.686 trunc=0 sps=2422 elapsed=101.3m
iter 3593/4882 steps=14716928 episodes=60846 score50=20.72 eps=0.010 loss=0.00667 q=0.688 trunc=0 sps=2422 elapsed=101.3m
iter 3594/4882 steps=14721024 episodes=60858 score50=21.52 eps=0.010 loss=0.00671 q=0.690 trunc=0 sps=2422 elapsed=101.3m
iter 3595/4882 steps=14725120 episodes=60867 score50=22.22 eps=0.010 loss=0.00673 q=0.677 trunc=0 sps=2422 elapsed=101.3m
iter 3596/4882 steps=14729216 episodes=60881 score50=23.30 eps=0.010 loss=0.00519 q=0.691 trunc=0 sps=2422 elapsed=101.4m
iter 3597/4882 steps=14733312 episodes=60886 score50=24.88 eps=0.010 loss=0.00506 q=0.670 trunc=0 sps=2422 elapsed=101.4m
iter 3598/4882 steps=14737408 episodes=60898 score50=24.86 eps=0.010 loss=0.01294 q=0.648 trunc=0 sps=2422 elapsed=101.4m
iter 3599/4882 steps=14741504 episodes=60905 score50=25.08 eps=0.010 loss=0.00293 q=0.729 trunc=0 sps=2422 elapsed=101.5m
iter 3600/4882 steps=14745600 episodes=60920 score50=24.28 eps=0.010 loss=0.00522 q=0.699 trunc=0 sps=2422 elapsed=101.5m
  [eval] iter=3600 mean=21.10+-1.70 median=21.5 max=37 P(>=120)=0.00 entropy=1.20/2.20 wnorm=72.450 srank=289/512
iter 3601/4882 steps=14749696 episodes=60935 score50=23.08 eps=0.010 loss=0.00334 q=0.746 trunc=0 sps=2419 elapsed=101.6m
iter 3602/4882 steps=14753792 episodes=60946 score50=24.28 eps=0.010 loss=0.00846 q=0.703 trunc=0 sps=2419 elapsed=101.6m
iter 3603/4882 steps=14757888 episodes=60960 score50=23.64 eps=0.010 loss=0.02384 q=0.761 trunc=0 sps=2419 elapsed=101.7m
iter 3604/4882 steps=14761984 episodes=60970 score50=24.56 eps=0.010 loss=0.03054 q=0.731 trunc=0 sps=2419 elapsed=101.7m
iter 3605/4882 steps=14766080 episodes=60979 score50=23.12 eps=0.010 loss=0.00798 q=0.767 trunc=0 sps=2419 elapsed=101.7m
iter 3606/4882 steps=14770176 episodes=60996 score50=22.68 eps=0.010 loss=0.00766 q=0.760 trunc=0 sps=2419 elapsed=101.8m
iter 3607/4882 steps=14774272 episodes=61009 score50=22.12 eps=0.010 loss=0.01554 q=0.753 trunc=0 sps=2419 elapsed=101.8m
iter 3608/4882 steps=14778368 episodes=61023 score50=22.52 eps=0.010 loss=0.00212 q=0.772 trunc=0 sps=2419 elapsed=101.8m
iter 3609/4882 steps=14782464 episodes=61037 score50=22.50 eps=0.010 loss=0.00651 q=0.716 trunc=0 sps=2419 elapsed=101.8m
iter 3610/4882 steps=14786560 episodes=61050 score50=22.40 eps=0.010 loss=0.01951 q=0.777 trunc=0 sps=2419 elapsed=101.9m
iter 3611/4882 steps=14790656 episodes=61061 score50=22.52 eps=0.010 loss=0.00822 q=0.711 trunc=0 sps=2419 elapsed=101.9m
iter 3612/4882 steps=14794752 episodes=61074 score50=21.40 eps=0.010 loss=0.01274 q=0.663 trunc=0 sps=2419 elapsed=101.9m
iter 3613/4882 steps=14798848 episodes=61091 score50=20.50 eps=0.010 loss=0.00636 q=0.717 trunc=0 sps=2419 elapsed=102.0m
iter 3614/4882 steps=14802944 episodes=61104 score50=20.68 eps=0.010 loss=0.02094 q=0.747 trunc=0 sps=2419 elapsed=102.0m
iter 3615/4882 steps=14807040 episodes=61112 score50=20.94 eps=0.010 loss=0.00784 q=0.667 trunc=0 sps=2419 elapsed=102.0m
iter 3616/4882 steps=14811136 episodes=61123 score50=20.90 eps=0.010 loss=0.00489 q=0.684 trunc=0 sps=2419 elapsed=102.0m
iter 3617/4882 steps=14815232 episodes=61131 score50=23.06 eps=0.010 loss=0.00627 q=0.705 trunc=0 sps=2419 elapsed=102.1m
iter 3618/4882 steps=14819328 episodes=61142 score50=22.22 eps=0.010 loss=0.00508 q=0.635 trunc=0 sps=2419 elapsed=102.1m
iter 3619/4882 steps=14823424 episodes=61151 score50=21.80 eps=0.010 loss=0.00199 q=0.653 trunc=0 sps=2419 elapsed=102.1m
iter 3620/4882 steps=14827520 episodes=61161 score50=22.62 eps=0.010 loss=0.00614 q=0.638 trunc=0 sps=2419 elapsed=102.1m
iter 3621/4882 steps=14831616 episodes=61171 score50=23.08 eps=0.010 loss=0.00736 q=0.642 trunc=0 sps=2419 elapsed=102.2m
iter 3622/4882 steps=14835712 episodes=61183 score50=21.90 eps=0.010 loss=0.00577 q=0.606 trunc=0 sps=2419 elapsed=102.2m
iter 3623/4882 steps=14839808 episodes=61195 score50=21.76 eps=0.010 loss=0.00559 q=0.605 trunc=0 sps=2419 elapsed=102.2m
iter 3624/4882 steps=14843904 episodes=61206 score50=22.30 eps=0.010 loss=0.00914 q=0.633 trunc=0 sps=2419 elapsed=102.3m
iter 3625/4882 steps=14848000 episodes=61219 score50=22.00 eps=0.010 loss=0.01525 q=0.609 trunc=0 sps=2419 elapsed=102.3m
iter 3626/4882 steps=14852096 episodes=61233 score50=23.92 eps=0.010 loss=0.00287 q=0.660 trunc=0 sps=2419 elapsed=102.3m
iter 3627/4882 steps=14856192 episodes=61243 score50=24.92 eps=0.010 loss=0.00660 q=0.598 trunc=0 sps=2419 elapsed=102.4m
iter 3628/4882 steps=14860288 episodes=61251 score50=25.44 eps=0.010 loss=0.00507 q=0.606 trunc=0 sps=2419 elapsed=102.4m
iter 3629/4882 steps=14864384 episodes=61262 score50=25.06 eps=0.010 loss=0.00574 q=0.642 trunc=0 sps=2419 elapsed=102.4m
iter 3630/4882 steps=14868480 episodes=61280 score50=23.78 eps=0.010 loss=0.01067 q=0.687 trunc=0 sps=2419 elapsed=102.4m
iter 3631/4882 steps=14872576 episodes=61292 score50=23.40 eps=0.010 loss=0.01884 q=0.688 trunc=0 sps=2419 elapsed=102.5m
iter 3632/4882 steps=14876672 episodes=61307 score50=22.30 eps=0.010 loss=0.00739 q=0.678 trunc=0 sps=2419 elapsed=102.5m
iter 3633/4882 steps=14880768 episodes=61320 score50=23.00 eps=0.010 loss=0.00495 q=0.697 trunc=0 sps=2419 elapsed=102.5m
iter 3634/4882 steps=14884864 episodes=61337 score50=20.56 eps=0.010 loss=0.01717 q=0.683 trunc=0 sps=2419 elapsed=102.6m
iter 3635/4882 steps=14888960 episodes=61350 score50=20.04 eps=0.010 loss=0.00719 q=0.735 trunc=0 sps=2419 elapsed=102.6m
iter 3636/4882 steps=14893056 episodes=61364 score50=18.62 eps=0.010 loss=0.00462 q=0.730 trunc=0 sps=2419 elapsed=102.6m
iter 3637/4882 steps=14897152 episodes=61371 score50=19.64 eps=0.010 loss=0.00832 q=0.732 trunc=0 sps=2419 elapsed=102.6m
iter 3638/4882 steps=14901248 episodes=61380 score50=20.18 eps=0.010 loss=0.00278 q=0.709 trunc=0 sps=2419 elapsed=102.7m
iter 3639/4882 steps=14905344 episodes=61390 score50=20.88 eps=0.010 loss=0.00866 q=0.661 trunc=0 sps=2419 elapsed=102.7m
iter 3640/4882 steps=14909440 episodes=61404 score50=20.90 eps=0.010 loss=0.00340 q=0.705 trunc=0 sps=2419 elapsed=102.7m
iter 3641/4882 steps=14913536 episodes=61420 score50=21.44 eps=0.010 loss=0.00656 q=0.681 trunc=0 sps=2419 elapsed=102.7m
iter 3642/4882 steps=14917632 episodes=61437 score50=22.70 eps=0.010 loss=0.01874 q=0.682 trunc=0 sps=2419 elapsed=102.8m
iter 3643/4882 steps=14921728 episodes=61450 score50=21.06 eps=0.010 loss=0.00401 q=0.717 trunc=0 sps=2419 elapsed=102.8m
iter 3644/4882 steps=14925824 episodes=61460 score50=22.68 eps=0.010 loss=0.00552 q=0.703 trunc=0 sps=2419 elapsed=102.8m
iter 3645/4882 steps=14929920 episodes=61469 score50=21.48 eps=0.010 loss=0.00694 q=0.690 trunc=0 sps=2419 elapsed=102.9m
iter 3646/4882 steps=14934016 episodes=61482 score50=20.98 eps=0.010 loss=0.03094 q=0.675 trunc=0 sps=2419 elapsed=102.9m
iter 3647/4882 steps=14938112 episodes=61494 score50=21.38 eps=0.010 loss=0.00811 q=0.663 trunc=0 sps=2419 elapsed=102.9m
iter 3648/4882 steps=14942208 episodes=61505 score50=22.66 eps=0.010 loss=0.00454 q=0.716 trunc=0 sps=2419 elapsed=102.9m
iter 3649/4882 steps=14946304 episodes=61520 score50=23.38 eps=0.010 loss=0.01091 q=0.699 trunc=0 sps=2419 elapsed=103.0m
iter 3650/4882 steps=14950400 episodes=61538 score50=22.26 eps=0.010 loss=0.00599 q=0.742 trunc=0 sps=2419 elapsed=103.0m
iter 3651/4882 steps=14954496 episodes=61542 score50=22.66 eps=0.010 loss=0.00221 q=0.699 trunc=0 sps=2419 elapsed=103.0m
iter 3652/4882 steps=14958592 episodes=61553 score50=20.88 eps=0.010 loss=0.00584 q=0.714 trunc=0 sps=2419 elapsed=103.1m
iter 3653/4882 steps=14962688 episodes=61563 score50=20.72 eps=0.010 loss=0.02147 q=0.698 trunc=0 sps=2419 elapsed=103.1m
iter 3654/4882 steps=14966784 episodes=61578 score50=19.90 eps=0.010 loss=0.02682 q=0.690 trunc=0 sps=2419 elapsed=103.1m
iter 3655/4882 steps=14970880 episodes=61594 score50=20.42 eps=0.010 loss=0.00474 q=0.736 trunc=0 sps=2419 elapsed=103.1m
iter 3656/4882 steps=14974976 episodes=61609 score50=21.54 eps=0.010 loss=0.00852 q=0.727 trunc=0 sps=2419 elapsed=103.2m
iter 3657/4882 steps=14979072 episodes=61623 score50=21.04 eps=0.010 loss=0.03156 q=0.741 trunc=0 sps=2419 elapsed=103.2m
iter 3658/4882 steps=14983168 episodes=61625 score50=20.60 eps=0.010 loss=0.00532 q=0.713 trunc=0 sps=2419 elapsed=103.2m
iter 3659/4882 steps=14987264 episodes=61643 score50=20.96 eps=0.010 loss=0.00404 q=0.718 trunc=0 sps=2419 elapsed=103.2m
iter 3660/4882 steps=14991360 episodes=61657 score50=19.82 eps=0.010 loss=0.00882 q=0.712 trunc=0 sps=2419 elapsed=103.3m
iter 3661/4882 steps=14995456 episodes=61671 score50=22.20 eps=0.010 loss=0.01520 q=0.771 trunc=0 sps=2419 elapsed=103.3m
iter 3662/4882 steps=14999552 episodes=61684 score50=21.20 eps=0.010 loss=0.00435 q=0.691 trunc=0 sps=2419 elapsed=103.3m
iter 3663/4882 steps=15003648 episodes=61696 score50=21.86 eps=0.010 loss=0.00266 q=0.761 trunc=0 sps=2419 elapsed=103.4m
iter 3664/4882 steps=15007744 episodes=61707 score50=22.50 eps=0.010 loss=0.00160 q=0.725 trunc=0 sps=2419 elapsed=103.4m
iter 3665/4882 steps=15011840 episodes=61716 score50=22.14 eps=0.010 loss=0.00466 q=0.683 trunc=0 sps=2420 elapsed=103.4m
iter 3666/4882 steps=15015936 episodes=61729 score50=21.52 eps=0.010 loss=0.00228 q=0.685 trunc=0 sps=2419 elapsed=103.4m
iter 3667/4882 steps=15020032 episodes=61740 score50=20.88 eps=0.010 loss=0.00459 q=0.664 trunc=0 sps=2419 elapsed=103.5m
iter 3668/4882 steps=15024128 episodes=61752 score50=21.48 eps=0.010 loss=0.01281 q=0.644 trunc=0 sps=2419 elapsed=103.5m
iter 3669/4882 steps=15028224 episodes=61768 score50=20.26 eps=0.010 loss=0.00292 q=0.698 trunc=0 sps=2419 elapsed=103.5m
iter 3670/4882 steps=15032320 episodes=61781 score50=19.62 eps=0.010 loss=0.00869 q=0.673 trunc=0 sps=2419 elapsed=103.6m
iter 3671/4882 steps=15036416 episodes=61794 score50=20.64 eps=0.010 loss=0.01084 q=0.704 trunc=0 sps=2419 elapsed=103.6m
iter 3672/4882 steps=15040512 episodes=61809 score50=21.14 eps=0.010 loss=0.01756 q=0.736 trunc=0 sps=2419 elapsed=103.6m
iter 3673/4882 steps=15044608 episodes=61819 score50=21.10 eps=0.010 loss=0.02166 q=0.680 trunc=0 sps=2419 elapsed=103.6m
iter 3674/4882 steps=15048704 episodes=61833 score50=22.24 eps=0.010 loss=0.00483 q=0.686 trunc=0 sps=2419 elapsed=103.7m
iter 3675/4882 steps=15052800 episodes=61845 score50=21.40 eps=0.010 loss=0.00953 q=0.666 trunc=0 sps=2419 elapsed=103.7m
iter 3676/4882 steps=15056896 episodes=61851 score50=21.90 eps=0.010 loss=0.00271 q=0.693 trunc=0 sps=2419 elapsed=103.7m
iter 3677/4882 steps=15060992 episodes=61864 score50=22.02 eps=0.010 loss=0.00334 q=0.702 trunc=0 sps=2419 elapsed=103.8m
iter 3678/4882 steps=15065088 episodes=61879 score50=23.16 eps=0.010 loss=0.01194 q=0.639 trunc=0 sps=2419 elapsed=103.8m
iter 3679/4882 steps=15069184 episodes=61894 score50=22.78 eps=0.010 loss=0.00771 q=0.655 trunc=0 sps=2419 elapsed=103.8m
iter 3680/4882 steps=15073280 episodes=61904 score50=22.12 eps=0.010 loss=0.00584 q=0.664 trunc=0 sps=2419 elapsed=103.8m
iter 3681/4882 steps=15077376 episodes=61919 score50=21.16 eps=0.010 loss=0.00500 q=0.685 trunc=0 sps=2419 elapsed=103.9m
iter 3682/4882 steps=15081472 episodes=61933 score50=19.88 eps=0.010 loss=0.01611 q=0.645 trunc=0 sps=2419 elapsed=103.9m
iter 3683/4882 steps=15085568 episodes=61953 score50=20.52 eps=0.010 loss=0.01817 q=0.674 trunc=0 sps=2419 elapsed=103.9m
iter 3684/4882 steps=15089664 episodes=61968 score50=21.04 eps=0.010 loss=0.03134 q=0.782 trunc=0 sps=2419 elapsed=104.0m
iter 3685/4882 steps=15093760 episodes=61979 score50=20.94 eps=0.010 loss=0.00937 q=0.756 trunc=0 sps=2419 elapsed=104.0m
iter 3686/4882 steps=15097856 episodes=61987 score50=22.04 eps=0.010 loss=0.00213 q=0.747 trunc=0 sps=2419 elapsed=104.0m
iter 3687/4882 steps=15101952 episodes=61996 score50=21.90 eps=0.010 loss=0.00426 q=0.733 trunc=0 sps=2419 elapsed=104.0m
iter 3688/4882 steps=15106048 episodes=62004 score50=22.70 eps=0.010 loss=0.00395 q=0.756 trunc=0 sps=2419 elapsed=104.1m
iter 3689/4882 steps=15110144 episodes=62012 score50=23.22 eps=0.010 loss=0.00226 q=0.744 trunc=0 sps=2419 elapsed=104.1m
iter 3690/4882 steps=15114240 episodes=62024 score50=21.98 eps=0.010 loss=0.00476 q=0.675 trunc=0 sps=2419 elapsed=104.1m
iter 3691/4882 steps=15118336 episodes=62036 score50=21.74 eps=0.010 loss=0.00237 q=0.684 trunc=0 sps=2419 elapsed=104.1m
iter 3692/4882 steps=15122432 episodes=62052 score50=19.38 eps=0.010 loss=0.00332 q=0.715 trunc=0 sps=2419 elapsed=104.2m
iter 3693/4882 steps=15126528 episodes=62064 score50=19.60 eps=0.010 loss=0.00276 q=0.750 trunc=0 sps=2419 elapsed=104.2m
iter 3694/4882 steps=15130624 episodes=62072 score50=20.72 eps=0.010 loss=0.01115 q=0.685 trunc=0 sps=2419 elapsed=104.2m
iter 3695/4882 steps=15134720 episodes=62092 score50=22.68 eps=0.010 loss=0.02074 q=0.685 trunc=0 sps=2419 elapsed=104.3m
iter 3696/4882 steps=15138816 episodes=62110 score50=23.26 eps=0.010 loss=0.00218 q=0.764 trunc=0 sps=2419 elapsed=104.3m
iter 3697/4882 steps=15142912 episodes=62119 score50=23.50 eps=0.010 loss=0.00546 q=0.744 trunc=0 sps=2419 elapsed=104.3m
iter 3698/4882 steps=15147008 episodes=62132 score50=23.00 eps=0.010 loss=0.00461 q=0.732 trunc=0 sps=2419 elapsed=104.3m
iter 3699/4882 steps=15151104 episodes=62143 score50=22.12 eps=0.010 loss=0.00859 q=0.732 trunc=0 sps=2419 elapsed=104.4m
iter 3700/4882 steps=15155200 episodes=62152 score50=22.52 eps=0.010 loss=0.00377 q=0.714 trunc=0 sps=2419 elapsed=104.4m
  [eval] iter=3700 mean=23.10+-2.06 median=20.5 max=42 P(>=120)=0.00 entropy=1.65/2.20 wnorm=73.876 srank=293/512
iter 3701/4882 steps=15159296 episodes=62166 score50=21.66 eps=0.010 loss=0.00540 q=0.674 trunc=0 sps=2417 elapsed=104.5m
iter 3702/4882 steps=15163392 episodes=62174 score50=20.42 eps=0.010 loss=0.00487 q=0.751 trunc=0 sps=2417 elapsed=104.6m
iter 3703/4882 steps=15167488 episodes=62181 score50=21.06 eps=0.010 loss=0.00567 q=0.691 trunc=0 sps=2417 elapsed=104.6m
iter 3704/4882 steps=15171584 episodes=62188 score50=21.04 eps=0.010 loss=0.01377 q=0.707 trunc=0 sps=2417 elapsed=104.6m
iter 3705/4882 steps=15175680 episodes=62199 score50=21.02 eps=0.010 loss=0.01297 q=0.636 trunc=0 sps=2417 elapsed=104.7m
iter 3706/4882 steps=15179776 episodes=62215 score50=20.90 eps=0.010 loss=0.00601 q=0.661 trunc=0 sps=2417 elapsed=104.7m
iter 3707/4882 steps=15183872 episodes=62229 score50=21.80 eps=0.010 loss=0.00519 q=0.640 trunc=0 sps=2417 elapsed=104.7m
iter 3708/4882 steps=15187968 episodes=62239 score50=21.22 eps=0.010 loss=0.01175 q=0.660 trunc=0 sps=2417 elapsed=104.7m
iter 3709/4882 steps=15192064 episodes=62256 score50=24.94 eps=0.010 loss=0.00599 q=0.741 trunc=0 sps=2417 elapsed=104.8m
iter 3710/4882 steps=15196160 episodes=62274 score50=25.88 eps=0.010 loss=0.00260 q=0.781 trunc=0 sps=2417 elapsed=104.8m
iter 3711/4882 steps=15200256 episodes=62281 score50=25.76 eps=0.010 loss=0.00285 q=0.740 trunc=0 sps=2417 elapsed=104.8m
iter 3712/4882 steps=15204352 episodes=62297 score50=26.80 eps=0.010 loss=0.00690 q=0.714 trunc=0 sps=2417 elapsed=104.9m
iter 3713/4882 steps=15208448 episodes=62305 score50=24.38 eps=0.010 loss=0.00913 q=0.767 trunc=0 sps=2417 elapsed=104.9m
iter 3714/4882 steps=15212544 episodes=62314 score50=24.16 eps=0.010 loss=0.00364 q=0.710 trunc=0 sps=2417 elapsed=104.9m
iter 3715/4882 steps=15216640 episodes=62324 score50=23.18 eps=0.010 loss=0.00893 q=0.684 trunc=0 sps=2417 elapsed=104.9m
iter 3716/4882 steps=15220736 episodes=62330 score50=22.78 eps=0.010 loss=0.00299 q=0.706 trunc=0 sps=2417 elapsed=105.0m
iter 3717/4882 steps=15224832 episodes=62344 score50=22.10 eps=0.010 loss=0.01357 q=0.642 trunc=0 sps=2417 elapsed=105.0m
iter 3718/4882 steps=15228928 episodes=62352 score50=20.96 eps=0.010 loss=0.00744 q=0.619 trunc=0 sps=2417 elapsed=105.0m
iter 3719/4882 steps=15233024 episodes=62367 score50=22.56 eps=0.010 loss=0.00292 q=0.645 trunc=0 sps=2417 elapsed=105.0m
iter 3720/4882 steps=15237120 episodes=62381 score50=22.08 eps=0.010 loss=0.00298 q=0.666 trunc=0 sps=2417 elapsed=105.1m
iter 3721/4882 steps=15241216 episodes=62391 score50=23.10 eps=0.010 loss=0.00399 q=0.640 trunc=0 sps=2417 elapsed=105.1m
iter 3722/4882 steps=15245312 episodes=62402 score50=24.64 eps=0.010 loss=0.01071 q=0.631 trunc=0 sps=2417 elapsed=105.1m
iter 3723/4882 steps=15249408 episodes=62412 score50=23.56 eps=0.010 loss=0.01186 q=0.622 trunc=0 sps=2417 elapsed=105.2m
iter 3724/4882 steps=15253504 episodes=62419 score50=24.12 eps=0.010 loss=0.00213 q=0.653 trunc=0 sps=2417 elapsed=105.2m
iter 3725/4882 steps=15257600 episodes=62434 score50=25.30 eps=0.010 loss=0.00830 q=0.659 trunc=0 sps=2417 elapsed=105.2m
iter 3726/4882 steps=15261696 episodes=62449 score50=23.54 eps=0.010 loss=0.00240 q=0.696 trunc=0 sps=2417 elapsed=105.2m
iter 3727/4882 steps=15265792 episodes=62457 score50=23.74 eps=0.010 loss=0.00228 q=0.654 trunc=0 sps=2417 elapsed=105.3m
iter 3728/4882 steps=15269888 episodes=62474 score50=22.84 eps=0.010 loss=0.01467 q=0.646 trunc=0 sps=2417 elapsed=105.3m
iter 3729/4882 steps=15273984 episodes=62491 score50=22.84 eps=0.010 loss=0.00691 q=0.719 trunc=0 sps=2417 elapsed=105.3m
iter 3730/4882 steps=15278080 episodes=62500 score50=22.00 eps=0.010 loss=0.00393 q=0.706 trunc=0 sps=2417 elapsed=105.3m
iter 3731/4882 steps=15282176 episodes=62514 score50=21.88 eps=0.010 loss=0.00415 q=0.754 trunc=0 sps=2417 elapsed=105.4m
iter 3732/4882 steps=15286272 episodes=62525 score50=20.18 eps=0.010 loss=0.01396 q=0.769 trunc=0 sps=2417 elapsed=105.4m
iter 3733/4882 steps=15290368 episodes=62536 score50=19.44 eps=0.010 loss=0.00353 q=0.726 trunc=0 sps=2417 elapsed=105.4m
iter 3734/4882 steps=15294464 episodes=62555 score50=19.48 eps=0.010 loss=0.00818 q=0.748 trunc=0 sps=2417 elapsed=105.5m
iter 3735/4882 steps=15298560 episodes=62567 score50=19.08 eps=0.010 loss=0.00802 q=0.735 trunc=0 sps=2417 elapsed=105.5m
iter 3736/4882 steps=15302656 episodes=62584 score50=21.32 eps=0.010 loss=0.00602 q=0.753 trunc=0 sps=2417 elapsed=105.5m
iter 3737/4882 steps=15306752 episodes=62596 score50=19.92 eps=0.010 loss=0.00740 q=0.731 trunc=0 sps=2417 elapsed=105.5m
iter 3738/4882 steps=15310848 episodes=62602 score50=21.00 eps=0.010 loss=0.00257 q=0.733 trunc=0 sps=2417 elapsed=105.6m
iter 3739/4882 steps=15314944 episodes=62611 score50=23.16 eps=0.010 loss=0.00725 q=0.753 trunc=0 sps=2417 elapsed=105.6m
iter 3740/4882 steps=15319040 episodes=62622 score50=21.76 eps=0.010 loss=0.00554 q=0.711 trunc=0 sps=2417 elapsed=105.6m
iter 3741/4882 steps=15323136 episodes=62634 score50=22.02 eps=0.010 loss=0.02430 q=0.704 trunc=0 sps=2417 elapsed=105.7m
iter 3742/4882 steps=15327232 episodes=62641 score50=22.36 eps=0.010 loss=0.00634 q=0.709 trunc=0 sps=2417 elapsed=105.7m
iter 3743/4882 steps=15331328 episodes=62656 score50=21.34 eps=0.010 loss=0.05537 q=0.702 trunc=0 sps=2417 elapsed=105.7m
iter 3744/4882 steps=15335424 episodes=62668 score50=21.50 eps=0.010 loss=0.00345 q=0.693 trunc=0 sps=2417 elapsed=105.7m
iter 3745/4882 steps=15339520 episodes=62688 score50=22.18 eps=0.010 loss=0.00365 q=0.728 trunc=0 sps=2417 elapsed=105.8m
iter 3746/4882 steps=15343616 episodes=62695 score50=21.18 eps=0.010 loss=0.00443 q=0.702 trunc=0 sps=2417 elapsed=105.8m
iter 3747/4882 steps=15347712 episodes=62706 score50=20.80 eps=0.010 loss=0.00614 q=0.706 trunc=0 sps=2417 elapsed=105.8m
iter 3748/4882 steps=15351808 episodes=62716 score50=21.28 eps=0.010 loss=0.00346 q=0.699 trunc=0 sps=2417 elapsed=105.9m
iter 3749/4882 steps=15355904 episodes=62730 score50=23.00 eps=0.010 loss=0.01563 q=0.696 trunc=0 sps=2417 elapsed=105.9m
iter 3750/4882 steps=15360000 episodes=62741 score50=22.94 eps=0.010 loss=0.00405 q=0.753 trunc=0 sps=2417 elapsed=105.9m
iter 3751/4882 steps=15364096 episodes=62753 score50=23.96 eps=0.010 loss=0.02105 q=0.707 trunc=0 sps=2417 elapsed=105.9m
iter 3752/4882 steps=15368192 episodes=62759 score50=25.68 eps=0.010 loss=0.00137 q=0.778 trunc=0 sps=2417 elapsed=106.0m
iter 3753/4882 steps=15372288 episodes=62768 score50=25.14 eps=0.010 loss=0.01013 q=0.762 trunc=0 sps=2417 elapsed=106.0m
iter 3754/4882 steps=15376384 episodes=62782 score50=25.20 eps=0.010 loss=0.00562 q=0.684 trunc=0 sps=2417 elapsed=106.0m
iter 3755/4882 steps=15380480 episodes=62798 score50=23.86 eps=0.010 loss=0.00592 q=0.721 trunc=0 sps=2417 elapsed=106.0m
iter 3756/4882 steps=15384576 episodes=62813 score50=23.40 eps=0.010 loss=0.00705 q=0.723 trunc=0 sps=2417 elapsed=106.1m
iter 3757/4882 steps=15388672 episodes=62825 score50=23.80 eps=0.010 loss=0.00633 q=0.735 trunc=0 sps=2417 elapsed=106.1m
iter 3758/4882 steps=15392768 episodes=62842 score50=24.60 eps=0.010 loss=0.00439 q=0.773 trunc=0 sps=2417 elapsed=106.1m
iter 3759/4882 steps=15396864 episodes=62851 score50=24.42 eps=0.010 loss=0.00944 q=0.802 trunc=0 sps=2417 elapsed=106.2m
iter 3760/4882 steps=15400960 episodes=62859 score50=23.76 eps=0.010 loss=0.00491 q=0.741 trunc=0 sps=2417 elapsed=106.2m
iter 3761/4882 steps=15405056 episodes=62871 score50=22.48 eps=0.010 loss=0.00725 q=0.761 trunc=0 sps=2417 elapsed=106.2m
iter 3762/4882 steps=15409152 episodes=62884 score50=19.84 eps=0.010 loss=0.00447 q=0.765 trunc=0 sps=2417 elapsed=106.2m
iter 3763/4882 steps=15413248 episodes=62890 score50=20.14 eps=0.010 loss=0.02924 q=0.720 trunc=0 sps=2417 elapsed=106.3m
iter 3764/4882 steps=15417344 episodes=62903 score50=20.56 eps=0.010 loss=0.01270 q=0.688 trunc=0 sps=2417 elapsed=106.3m
iter 3765/4882 steps=15421440 episodes=62911 score50=20.50 eps=0.010 loss=0.01070 q=0.698 trunc=0 sps=2417 elapsed=106.3m
iter 3766/4882 steps=15425536 episodes=62929 score50=22.76 eps=0.010 loss=0.00567 q=0.669 trunc=0 sps=2417 elapsed=106.4m
iter 3767/4882 steps=15429632 episodes=62942 score50=23.38 eps=0.010 loss=0.00348 q=0.684 trunc=0 sps=2417 elapsed=106.4m
iter 3768/4882 steps=15433728 episodes=62954 score50=24.68 eps=0.010 loss=0.00780 q=0.719 trunc=0 sps=2417 elapsed=106.4m
iter 3769/4882 steps=15437824 episodes=62967 score50=23.86 eps=0.010 loss=0.00763 q=0.674 trunc=0 sps=2417 elapsed=106.4m
iter 3770/4882 steps=15441920 episodes=62981 score50=22.94 eps=0.010 loss=0.00429 q=0.714 trunc=0 sps=2417 elapsed=106.5m
iter 3771/4882 steps=15446016 episodes=62991 score50=22.42 eps=0.010 loss=0.00787 q=0.706 trunc=0 sps=2417 elapsed=106.5m
iter 3772/4882 steps=15450112 episodes=63005 score50=20.44 eps=0.010 loss=0.01262 q=0.708 trunc=0 sps=2417 elapsed=106.5m
iter 3773/4882 steps=15454208 episodes=63021 score50=20.00 eps=0.010 loss=0.00641 q=0.675 trunc=0 sps=2417 elapsed=106.5m
iter 3774/4882 steps=15458304 episodes=63035 score50=20.90 eps=0.010 loss=0.00723 q=0.742 trunc=0 sps=2417 elapsed=106.6m
iter 3775/4882 steps=15462400 episodes=63046 score50=20.00 eps=0.010 loss=0.03362 q=0.713 trunc=0 sps=2417 elapsed=106.6m
iter 3776/4882 steps=15466496 episodes=63064 score50=21.38 eps=0.010 loss=0.00718 q=0.725 trunc=0 sps=2417 elapsed=106.6m
iter 3777/4882 steps=15470592 episodes=63072 score50=22.16 eps=0.010 loss=0.02271 q=0.720 trunc=0 sps=2417 elapsed=106.7m
iter 3778/4882 steps=15474688 episodes=63084 score50=21.22 eps=0.010 loss=0.00440 q=0.775 trunc=0 sps=2417 elapsed=106.7m
iter 3779/4882 steps=15478784 episodes=63096 score50=20.92 eps=0.010 loss=0.00774 q=0.729 trunc=0 sps=2417 elapsed=106.7m
iter 3780/4882 steps=15482880 episodes=63105 score50=19.72 eps=0.010 loss=0.00486 q=0.751 trunc=0 sps=2417 elapsed=106.8m
iter 3781/4882 steps=15486976 episodes=63122 score50=18.74 eps=0.010 loss=0.03477 q=0.738 trunc=0 sps=2417 elapsed=106.8m
iter 3782/4882 steps=15491072 episodes=63136 score50=17.70 eps=0.010 loss=0.02217 q=0.663 trunc=0 sps=2417 elapsed=106.8m
iter 3783/4882 steps=15495168 episodes=63148 score50=18.82 eps=0.010 loss=0.00869 q=0.745 trunc=0 sps=2417 elapsed=106.8m
iter 3784/4882 steps=15499264 episodes=63162 score50=20.80 eps=0.010 loss=0.00223 q=0.752 trunc=0 sps=2417 elapsed=106.9m
iter 3785/4882 steps=15503360 episodes=63177 score50=22.60 eps=0.010 loss=0.00295 q=0.749 trunc=0 sps=2417 elapsed=106.9m
iter 3786/4882 steps=15507456 episodes=63189 score50=22.86 eps=0.010 loss=0.01125 q=0.735 trunc=0 sps=2417 elapsed=106.9m
iter 3787/4882 steps=15511552 episodes=63202 score50=23.98 eps=0.010 loss=0.00948 q=0.691 trunc=0 sps=2417 elapsed=107.0m
iter 3788/4882 steps=15515648 episodes=63218 score50=22.82 eps=0.010 loss=0.01953 q=0.749 trunc=0 sps=2417 elapsed=107.0m
iter 3789/4882 steps=15519744 episodes=63229 score50=21.96 eps=0.010 loss=0.02717 q=0.763 trunc=0 sps=2417 elapsed=107.0m
iter 3790/4882 steps=15523840 episodes=63236 score50=21.08 eps=0.010 loss=0.00385 q=0.724 trunc=0 sps=2417 elapsed=107.0m
iter 3791/4882 steps=15527936 episodes=63245 score50=21.48 eps=0.010 loss=0.00366 q=0.680 trunc=0 sps=2417 elapsed=107.1m
iter 3792/4882 steps=15532032 episodes=63252 score50=20.10 eps=0.010 loss=0.00748 q=0.725 trunc=0 sps=2417 elapsed=107.1m
iter 3793/4882 steps=15536128 episodes=63264 score50=19.80 eps=0.010 loss=0.00648 q=0.673 trunc=0 sps=2417 elapsed=107.1m
iter 3794/4882 steps=15540224 episodes=63272 score50=19.80 eps=0.010 loss=0.00480 q=0.647 trunc=0 sps=2417 elapsed=107.2m
iter 3795/4882 steps=15544320 episodes=63287 score50=21.70 eps=0.010 loss=0.01007 q=0.649 trunc=0 sps=2417 elapsed=107.2m
iter 3796/4882 steps=15548416 episodes=63297 score50=21.32 eps=0.010 loss=0.00454 q=0.663 trunc=0 sps=2417 elapsed=107.2m
iter 3797/4882 steps=15552512 episodes=63310 score50=22.64 eps=0.010 loss=0.01873 q=0.649 trunc=0 sps=2417 elapsed=107.2m
iter 3798/4882 steps=15556608 episodes=63321 score50=23.38 eps=0.010 loss=0.01037 q=0.630 trunc=0 sps=2417 elapsed=107.3m
iter 3799/4882 steps=15560704 episodes=63337 score50=24.96 eps=0.010 loss=0.02405 q=0.685 trunc=0 sps=2417 elapsed=107.3m
iter 3800/4882 steps=15564800 episodes=63347 score50=24.90 eps=0.010 loss=0.00219 q=0.704 trunc=0 sps=2417 elapsed=107.3m
  [eval] iter=3800 mean=20.05+-2.42 median=20.5 max=38 P(>=120)=0.00 entropy=0.97/2.20 wnorm=75.269 srank=311/512
iter 3801/4882 steps=15568896 episodes=63364 score50=24.18 eps=0.010 loss=0.02656 q=0.699 trunc=0 sps=2415 elapsed=107.4m
iter 3802/4882 steps=15572992 episodes=63377 score50=22.94 eps=0.010 loss=0.00689 q=0.706 trunc=0 sps=2415 elapsed=107.5m
iter 3803/4882 steps=15577088 episodes=63386 score50=22.24 eps=0.010 loss=0.00470 q=0.659 trunc=0 sps=2415 elapsed=107.5m
iter 3804/4882 steps=15581184 episodes=63396 score50=23.56 eps=0.010 loss=0.00457 q=0.674 trunc=0 sps=2415 elapsed=107.5m
iter 3805/4882 steps=15585280 episodes=63411 score50=23.82 eps=0.010 loss=0.00786 q=0.661 trunc=0 sps=2415 elapsed=107.6m
iter 3806/4882 steps=15589376 episodes=63421 score50=22.80 eps=0.010 loss=0.00976 q=0.644 trunc=0 sps=2415 elapsed=107.6m
iter 3807/4882 steps=15593472 episodes=63431 score50=25.12 eps=0.010 loss=0.00746 q=0.698 trunc=0 sps=2415 elapsed=107.6m
iter 3808/4882 steps=15597568 episodes=63437 score50=24.46 eps=0.010 loss=0.00207 q=0.712 trunc=0 sps=2415 elapsed=107.6m
iter 3809/4882 steps=15601664 episodes=63447 score50=24.20 eps=0.010 loss=0.01267 q=0.666 trunc=0 sps=2415 elapsed=107.7m
iter 3810/4882 steps=15605760 episodes=63455 score50=23.50 eps=0.010 loss=0.00228 q=0.621 trunc=0 sps=2415 elapsed=107.7m
iter 3811/4882 steps=15609856 episodes=63464 score50=23.86 eps=0.010 loss=0.00350 q=0.620 trunc=0 sps=2415 elapsed=107.7m
iter 3812/4882 steps=15613952 episodes=63481 score50=22.70 eps=0.010 loss=0.01917 q=0.642 trunc=0 sps=2415 elapsed=107.8m
iter 3813/4882 steps=15618048 episodes=63507 score50=21.74 eps=0.010 loss=0.01076 q=0.669 trunc=0 sps=2415 elapsed=107.8m
iter 3814/4882 steps=15622144 episodes=63520 score50=21.46 eps=0.010 loss=0.00639 q=0.720 trunc=0 sps=2415 elapsed=107.8m
iter 3815/4882 steps=15626240 episodes=63536 score50=18.98 eps=0.010 loss=0.02009 q=0.738 trunc=0 sps=2415 elapsed=107.8m
iter 3816/4882 steps=15630336 episodes=63545 score50=17.98 eps=0.010 loss=0.01082 q=0.699 trunc=0 sps=2415 elapsed=107.9m
iter 3817/4882 steps=15634432 episodes=63558 score50=19.86 eps=0.010 loss=0.00311 q=0.709 trunc=0 sps=2415 elapsed=107.9m
iter 3818/4882 steps=15638528 episodes=63565 score50=20.02 eps=0.010 loss=0.00971 q=0.695 trunc=0 sps=2415 elapsed=107.9m
iter 3819/4882 steps=15642624 episodes=63571 score50=21.12 eps=0.010 loss=0.00288 q=0.701 trunc=0 sps=2415 elapsed=108.0m
iter 3820/4882 steps=15646720 episodes=63585 score50=24.38 eps=0.010 loss=0.01508 q=0.687 trunc=0 sps=2415 elapsed=108.0m
iter 3821/4882 steps=15650816 episodes=63594 score50=25.72 eps=0.010 loss=0.00298 q=0.719 trunc=0 sps=2415 elapsed=108.0m
iter 3822/4882 steps=15654912 episodes=63605 score50=25.40 eps=0.010 loss=0.00721 q=0.704 trunc=0 sps=2415 elapsed=108.0m
iter 3823/4882 steps=15659008 episodes=63616 score50=24.70 eps=0.010 loss=0.00374 q=0.697 trunc=0 sps=2415 elapsed=108.1m
iter 3824/4882 steps=15663104 episodes=63629 score50=23.24 eps=0.010 loss=0.00166 q=0.685 trunc=0 sps=2415 elapsed=108.1m
iter 3825/4882 steps=15667200 episodes=63640 score50=22.54 eps=0.010 loss=0.01011 q=0.632 trunc=0 sps=2415 elapsed=108.1m
iter 3826/4882 steps=15671296 episodes=63651 score50=22.70 eps=0.010 loss=0.00992 q=0.703 trunc=0 sps=2415 elapsed=108.2m
iter 3827/4882 steps=15675392 episodes=63665 score50=23.94 eps=0.010 loss=0.00783 q=0.689 trunc=0 sps=2415 elapsed=108.2m
iter 3828/4882 steps=15679488 episodes=63679 score50=23.64 eps=0.010 loss=0.00943 q=0.705 trunc=0 sps=2415 elapsed=108.2m
iter 3829/4882 steps=15683584 episodes=63695 score50=21.94 eps=0.010 loss=0.02821 q=0.746 trunc=0 sps=2415 elapsed=108.2m
iter 3830/4882 steps=15687680 episodes=63708 score50=21.64 eps=0.010 loss=0.00521 q=0.769 trunc=0 sps=2415 elapsed=108.3m
iter 3831/4882 steps=15691776 episodes=63722 score50=21.28 eps=0.010 loss=0.01378 q=0.701 trunc=0 sps=2415 elapsed=108.3m
iter 3832/4882 steps=15695872 episodes=63731 score50=20.18 eps=0.010 loss=0.01374 q=0.723 trunc=0 sps=2415 elapsed=108.3m
iter 3833/4882 steps=15699968 episodes=63743 score50=21.52 eps=0.010 loss=0.02690 q=0.708 trunc=0 sps=2415 elapsed=108.4m
iter 3834/4882 steps=15704064 episodes=63761 score50=18.26 eps=0.010 loss=0.00903 q=0.671 trunc=0 sps=2415 elapsed=108.4m
iter 3835/4882 steps=15708160 episodes=63773 score50=18.52 eps=0.010 loss=0.01465 q=0.675 trunc=0 sps=2415 elapsed=108.4m
iter 3836/4882 steps=15712256 episodes=63798 score50=16.80 eps=0.010 loss=0.01681 q=0.701 trunc=0 sps=2415 elapsed=108.4m
iter 3837/4882 steps=15716352 episodes=63819 score50=16.66 eps=0.010 loss=0.02679 q=0.639 trunc=0 sps=2415 elapsed=108.5m
iter 3838/4882 steps=15720448 episodes=63846 score50=16.04 eps=0.010 loss=0.01338 q=0.633 trunc=0 sps=2415 elapsed=108.5m
iter 3839/4882 steps=15724544 episodes=63858 score50=13.62 eps=0.010 loss=0.00671 q=0.644 trunc=0 sps=2415 elapsed=108.5m
iter 3840/4882 steps=15728640 episodes=63873 score50=13.40 eps=0.010 loss=0.01892 q=0.587 trunc=0 sps=2415 elapsed=108.5m
iter 3841/4882 steps=15732736 episodes=63880 score50=14.40 eps=0.010 loss=0.00330 q=0.655 trunc=0 sps=2415 elapsed=108.6m
iter 3842/4882 steps=15736832 episodes=63887 score50=15.20 eps=0.010 loss=0.00974 q=0.630 trunc=0 sps=2415 elapsed=108.6m
iter 3843/4882 steps=15740928 episodes=63897 score50=16.70 eps=0.010 loss=0.01677 q=0.608 trunc=0 sps=2415 elapsed=108.6m
iter 3844/4882 steps=15745024 episodes=63912 score50=19.30 eps=0.010 loss=0.01966 q=0.606 trunc=0 sps=2415 elapsed=108.7m
iter 3845/4882 steps=15749120 episodes=63927 score50=20.64 eps=0.010 loss=0.00859 q=0.649 trunc=0 sps=2415 elapsed=108.7m
iter 3846/4882 steps=15753216 episodes=63942 score50=21.40 eps=0.010 loss=0.00915 q=0.627 trunc=0 sps=2415 elapsed=108.7m
iter 3847/4882 steps=15757312 episodes=63955 score50=22.38 eps=0.010 loss=0.01478 q=0.671 trunc=0 sps=2415 elapsed=108.7m
iter 3848/4882 steps=15761408 episodes=63968 score50=23.38 eps=0.010 loss=0.00279 q=0.662 trunc=0 sps=2415 elapsed=108.8m
iter 3849/4882 steps=15765504 episodes=63975 score50=21.50 eps=0.010 loss=0.02268 q=0.691 trunc=0 sps=2415 elapsed=108.8m
iter 3850/4882 steps=15769600 episodes=63987 score50=20.18 eps=0.010 loss=0.00573 q=0.643 trunc=0 sps=2415 elapsed=108.8m
iter 3851/4882 steps=15773696 episodes=64002 score50=20.60 eps=0.010 loss=0.00539 q=0.624 trunc=0 sps=2415 elapsed=108.9m
iter 3852/4882 steps=15777792 episodes=64019 score50=19.56 eps=0.010 loss=0.01110 q=0.580 trunc=0 sps=2415 elapsed=108.9m
iter 3853/4882 steps=15781888 episodes=64031 score50=19.90 eps=0.010 loss=0.00971 q=0.638 trunc=0 sps=2415 elapsed=108.9m
iter 3854/4882 steps=15785984 episodes=64040 score50=20.52 eps=0.010 loss=0.00585 q=0.638 trunc=0 sps=2415 elapsed=108.9m
iter 3855/4882 steps=15790080 episodes=64058 score50=22.10 eps=0.010 loss=0.00327 q=0.614 trunc=0 sps=2415 elapsed=109.0m
iter 3856/4882 steps=15794176 episodes=64068 score50=22.14 eps=0.010 loss=0.00495 q=0.675 trunc=0 sps=2415 elapsed=109.0m
iter 3857/4882 steps=15798272 episodes=64080 score50=23.76 eps=0.010 loss=0.02225 q=0.636 trunc=0 sps=2415 elapsed=109.0m
iter 3858/4882 steps=15802368 episodes=64091 score50=23.64 eps=0.010 loss=0.00519 q=0.659 trunc=0 sps=2415 elapsed=109.1m
iter 3859/4882 steps=15806464 episodes=64102 score50=22.40 eps=0.010 loss=0.00855 q=0.645 trunc=0 sps=2415 elapsed=109.1m
iter 3860/4882 steps=15810560 episodes=64115 score50=21.90 eps=0.010 loss=0.01075 q=0.645 trunc=0 sps=2415 elapsed=109.1m
iter 3861/4882 steps=15814656 episodes=64123 score50=21.94 eps=0.010 loss=0.01728 q=0.628 trunc=0 sps=2415 elapsed=109.1m
iter 3862/4882 steps=15818752 episodes=64133 score50=21.48 eps=0.010 loss=0.00685 q=0.583 trunc=0 sps=2415 elapsed=109.2m
iter 3863/4882 steps=15822848 episodes=64147 score50=21.44 eps=0.010 loss=0.00552 q=0.622 trunc=0 sps=2415 elapsed=109.2m
iter 3864/4882 steps=15826944 episodes=64165 score50=23.44 eps=0.010 loss=0.00300 q=0.630 trunc=0 sps=2415 elapsed=109.2m
iter 3865/4882 steps=15831040 episodes=64175 score50=22.68 eps=0.010 loss=0.02136 q=0.593 trunc=0 sps=2415 elapsed=109.2m
iter 3866/4882 steps=15835136 episodes=64190 score50=22.16 eps=0.010 loss=0.00613 q=0.627 trunc=0 sps=2415 elapsed=109.3m
iter 3867/4882 steps=15839232 episodes=64206 score50=20.30 eps=0.010 loss=0.00738 q=0.630 trunc=0 sps=2415 elapsed=109.3m
iter 3868/4882 steps=15843328 episodes=64220 score50=20.14 eps=0.010 loss=0.00879 q=0.685 trunc=0 sps=2415 elapsed=109.3m
iter 3869/4882 steps=15847424 episodes=64230 score50=21.60 eps=0.010 loss=0.00674 q=0.662 trunc=0 sps=2415 elapsed=109.4m
iter 3870/4882 steps=15851520 episodes=64237 score50=21.28 eps=0.010 loss=0.00353 q=0.672 trunc=0 sps=2415 elapsed=109.4m
iter 3871/4882 steps=15855616 episodes=64257 score50=21.30 eps=0.010 loss=0.00914 q=0.604 trunc=0 sps=2415 elapsed=109.4m
iter 3872/4882 steps=15859712 episodes=64267 score50=22.04 eps=0.010 loss=0.00603 q=0.706 trunc=0 sps=2415 elapsed=109.4m
iter 3873/4882 steps=15863808 episodes=64278 score50=21.20 eps=0.010 loss=0.01868 q=0.632 trunc=0 sps=2415 elapsed=109.5m
iter 3874/4882 steps=15867904 episodes=64287 score50=21.80 eps=0.010 loss=0.00264 q=0.665 trunc=0 sps=2415 elapsed=109.5m
iter 3875/4882 steps=15872000 episodes=64298 score50=22.26 eps=0.010 loss=0.00333 q=0.686 trunc=0 sps=2415 elapsed=109.5m
iter 3876/4882 steps=15876096 episodes=64308 score50=22.58 eps=0.010 loss=0.00900 q=0.674 trunc=0 sps=2415 elapsed=109.6m
iter 3877/4882 steps=15880192 episodes=64323 score50=20.98 eps=0.010 loss=0.00414 q=0.683 trunc=0 sps=2415 elapsed=109.6m
iter 3878/4882 steps=15884288 episodes=64336 score50=21.80 eps=0.010 loss=0.01400 q=0.660 trunc=0 sps=2415 elapsed=109.6m
iter 3879/4882 steps=15888384 episodes=64342 score50=20.92 eps=0.010 loss=0.00357 q=0.707 trunc=0 sps=2415 elapsed=109.6m
iter 3880/4882 steps=15892480 episodes=64352 score50=21.36 eps=0.010 loss=0.00275 q=0.745 trunc=0 sps=2415 elapsed=109.7m
iter 3881/4882 steps=15896576 episodes=64364 score50=21.60 eps=0.010 loss=0.00417 q=0.636 trunc=0 sps=2415 elapsed=109.7m
iter 3882/4882 steps=15900672 episodes=64374 score50=23.66 eps=0.010 loss=0.00296 q=0.647 trunc=0 sps=2415 elapsed=109.7m
iter 3883/4882 steps=15904768 episodes=64389 score50=23.94 eps=0.010 loss=0.00816 q=0.657 trunc=0 sps=2415 elapsed=109.8m
iter 3884/4882 steps=15908864 episodes=64398 score50=23.58 eps=0.010 loss=0.01603 q=0.694 trunc=0 sps=2415 elapsed=109.8m
iter 3885/4882 steps=15912960 episodes=64412 score50=23.16 eps=0.010 loss=0.00670 q=0.635 trunc=0 sps=2415 elapsed=109.8m
iter 3886/4882 steps=15917056 episodes=64422 score50=21.20 eps=0.010 loss=0.01669 q=0.670 trunc=0 sps=2415 elapsed=109.8m
iter 3887/4882 steps=15921152 episodes=64432 score50=19.82 eps=0.010 loss=0.00343 q=0.649 trunc=0 sps=2415 elapsed=109.9m
iter 3888/4882 steps=15925248 episodes=64443 score50=20.10 eps=0.010 loss=0.01479 q=0.634 trunc=0 sps=2415 elapsed=109.9m
iter 3889/4882 steps=15929344 episodes=64458 score50=21.70 eps=0.010 loss=0.00762 q=0.629 trunc=0 sps=2415 elapsed=109.9m
iter 3890/4882 steps=15933440 episodes=64477 score50=22.52 eps=0.010 loss=0.00665 q=0.682 trunc=0 sps=2415 elapsed=110.0m
iter 3891/4882 steps=15937536 episodes=64495 score50=22.32 eps=0.010 loss=0.01270 q=0.675 trunc=0 sps=2415 elapsed=110.0m
iter 3892/4882 steps=15941632 episodes=64512 score50=23.12 eps=0.010 loss=0.02082 q=0.742 trunc=0 sps=2415 elapsed=110.0m
iter 3893/4882 steps=15945728 episodes=64522 score50=24.54 eps=0.010 loss=0.00768 q=0.751 trunc=0 sps=2415 elapsed=110.0m
iter 3894/4882 steps=15949824 episodes=64531 score50=24.06 eps=0.010 loss=0.01593 q=0.745 trunc=0 sps=2415 elapsed=110.1m
iter 3895/4882 steps=15953920 episodes=64547 score50=23.46 eps=0.010 loss=0.01688 q=0.762 trunc=0 sps=2415 elapsed=110.1m
iter 3896/4882 steps=15958016 episodes=64560 score50=22.66 eps=0.010 loss=0.02240 q=0.715 trunc=0 sps=2415 elapsed=110.1m
iter 3897/4882 steps=15962112 episodes=64582 score50=18.66 eps=0.010 loss=0.00667 q=0.675 trunc=0 sps=2415 elapsed=110.2m
iter 3898/4882 steps=15966208 episodes=64602 score50=17.14 eps=0.010 loss=0.02916 q=0.722 trunc=0 sps=2415 elapsed=110.2m
iter 3899/4882 steps=15970304 episodes=64614 score50=16.34 eps=0.010 loss=0.00300 q=0.763 trunc=0 sps=2415 elapsed=110.2m
iter 3900/4882 steps=15974400 episodes=64632 score50=17.16 eps=0.010 loss=0.02011 q=0.743 trunc=0 sps=2415 elapsed=110.2m
  [eval] iter=3900 mean=15.60+-2.64 median=13.0 max=38 P(>=120)=0.00 entropy=0.83/2.20 wnorm=76.677 srank=293/512
iter 3901/4882 steps=15978496 episodes=64645 score50=17.14 eps=0.010 loss=0.00886 q=0.744 trunc=0 sps=2413 elapsed=110.3m
iter 3902/4882 steps=15982592 episodes=64664 score50=15.74 eps=0.010 loss=0.00775 q=0.765 trunc=0 sps=2413 elapsed=110.4m
iter 3903/4882 steps=15986688 episodes=64677 score50=13.10 eps=0.010 loss=0.03278 q=0.735 trunc=0 sps=2413 elapsed=110.4m
iter 3904/4882 steps=15990784 episodes=64689 score50=11.32 eps=0.010 loss=0.00653 q=0.687 trunc=0 sps=2413 elapsed=110.4m
iter 3905/4882 steps=15994880 episodes=64712 score50=12.26 eps=0.010 loss=0.04178 q=0.674 trunc=0 sps=2413 elapsed=110.5m
iter 3906/4882 steps=15998976 episodes=64728 score50=15.04 eps=0.010 loss=0.01165 q=0.670 trunc=0 sps=2413 elapsed=110.5m
iter 3907/4882 steps=16003072 episodes=64741 score50=15.46 eps=0.010 loss=0.00897 q=0.641 trunc=0 sps=2413 elapsed=110.5m
iter 3908/4882 steps=16007168 episodes=64760 score50=16.10 eps=0.010 loss=0.00662 q=0.682 trunc=0 sps=2413 elapsed=110.5m
iter 3909/4882 steps=16011264 episodes=64779 score50=16.38 eps=0.010 loss=0.00685 q=0.682 trunc=0 sps=2413 elapsed=110.6m
iter 3910/4882 steps=16015360 episodes=64790 score50=16.92 eps=0.010 loss=0.01191 q=0.723 trunc=0 sps=2413 elapsed=110.6m
iter 3911/4882 steps=16019456 episodes=64806 score50=18.80 eps=0.010 loss=0.01231 q=0.703 trunc=0 sps=2413 elapsed=110.6m
iter 3912/4882 steps=16023552 episodes=64819 score50=19.38 eps=0.010 loss=0.01059 q=0.694 trunc=0 sps=2413 elapsed=110.7m
iter 3913/4882 steps=16027648 episodes=64830 score50=20.60 eps=0.010 loss=0.00635 q=0.735 trunc=0 sps=2413 elapsed=110.7m
iter 3914/4882 steps=16031744 episodes=64849 score50=20.56 eps=0.010 loss=0.01218 q=0.701 trunc=0 sps=2413 elapsed=110.7m
iter 3915/4882 steps=16035840 episodes=64863 score50=20.34 eps=0.010 loss=0.00903 q=0.691 trunc=0 sps=2413 elapsed=110.7m
iter 3916/4882 steps=16039936 episodes=64872 score50=20.38 eps=0.010 loss=0.00218 q=0.749 trunc=0 sps=2413 elapsed=110.8m
iter 3917/4882 steps=16044032 episodes=64877 score50=20.00 eps=0.010 loss=0.00283 q=0.714 trunc=0 sps=2414 elapsed=110.8m
iter 3918/4882 steps=16048128 episodes=64892 score50=19.60 eps=0.010 loss=0.00775 q=0.683 trunc=0 sps=2413 elapsed=110.8m
iter 3919/4882 steps=16052224 episodes=64905 score50=19.84 eps=0.010 loss=0.00606 q=0.669 trunc=0 sps=2413 elapsed=110.9m
iter 3920/4882 steps=16056320 episodes=64922 score50=20.06 eps=0.010 loss=0.02504 q=0.681 trunc=0 sps=2413 elapsed=110.9m
iter 3921/4882 steps=16060416 episodes=64933 score50=20.68 eps=0.010 loss=0.01264 q=0.688 trunc=0 sps=2413 elapsed=110.9m
iter 3922/4882 steps=16064512 episodes=64949 score50=18.90 eps=0.010 loss=0.01807 q=0.664 trunc=0 sps=2413 elapsed=110.9m
iter 3923/4882 steps=16068608 episodes=64961 score50=20.38 eps=0.010 loss=0.00187 q=0.695 trunc=0 sps=2414 elapsed=111.0m
iter 3924/4882 steps=16072704 episodes=64969 score50=20.24 eps=0.010 loss=0.00519 q=0.644 trunc=0 sps=2414 elapsed=111.0m
iter 3925/4882 steps=16076800 episodes=64988 score50=21.18 eps=0.010 loss=0.00693 q=0.690 trunc=0 sps=2414 elapsed=111.0m
iter 3926/4882 steps=16080896 episodes=64991 score50=21.28 eps=0.010 loss=0.00338 q=0.646 trunc=0 sps=2414 elapsed=111.0m
iter 3927/4882 steps=16084992 episodes=65003 score50=22.56 eps=0.010 loss=0.00670 q=0.653 trunc=0 sps=2414 elapsed=111.1m
iter 3928/4882 steps=16089088 episodes=65014 score50=22.48 eps=0.010 loss=0.00308 q=0.616 trunc=0 sps=2414 elapsed=111.1m
iter 3929/4882 steps=16093184 episodes=65025 score50=22.52 eps=0.010 loss=0.02072 q=0.653 trunc=0 sps=2414 elapsed=111.1m
iter 3930/4882 steps=16097280 episodes=65035 score50=22.86 eps=0.010 loss=0.00278 q=0.623 trunc=0 sps=2413 elapsed=111.2m
iter 3931/4882 steps=16101376 episodes=65051 score50=22.34 eps=0.010 loss=0.01901 q=0.662 trunc=0 sps=2413 elapsed=111.2m
iter 3932/4882 steps=16105472 episodes=65059 score50=21.68 eps=0.010 loss=0.00442 q=0.675 trunc=0 sps=2413 elapsed=111.2m
iter 3933/4882 steps=16109568 episodes=65065 score50=21.52 eps=0.010 loss=0.01024 q=0.670 trunc=0 sps=2413 elapsed=111.2m
iter 3934/4882 steps=16113664 episodes=65079 score50=21.52 eps=0.010 loss=0.02594 q=0.627 trunc=0 sps=2413 elapsed=111.3m
iter 3935/4882 steps=16117760 episodes=65095 score50=22.30 eps=0.010 loss=0.01202 q=0.675 trunc=0 sps=2413 elapsed=111.3m
iter 3936/4882 steps=16121856 episodes=65108 score50=21.82 eps=0.010 loss=0.02815 q=0.637 trunc=0 sps=2413 elapsed=111.3m
iter 3937/4882 steps=16125952 episodes=65120 score50=21.88 eps=0.010 loss=0.02672 q=0.685 trunc=0 sps=2413 elapsed=111.4m
iter 3938/4882 steps=16130048 episodes=65139 score50=21.92 eps=0.010 loss=0.00560 q=0.691 trunc=0 sps=2413 elapsed=111.4m
iter 3939/4882 steps=16134144 episodes=65153 score50=23.44 eps=0.010 loss=0.00680 q=0.743 trunc=0 sps=2413 elapsed=111.4m
iter 3940/4882 steps=16138240 episodes=65165 score50=23.30 eps=0.010 loss=0.00785 q=0.743 trunc=0 sps=2413 elapsed=111.4m
iter 3941/4882 steps=16142336 episodes=65180 score50=22.62 eps=0.010 loss=0.00937 q=0.675 trunc=0 sps=2413 elapsed=111.5m
iter 3942/4882 steps=16146432 episodes=65194 score50=22.00 eps=0.010 loss=0.00546 q=0.684 trunc=0 sps=2413 elapsed=111.5m
iter 3943/4882 steps=16150528 episodes=65207 score50=18.94 eps=0.010 loss=0.01599 q=0.718 trunc=0 sps=2414 elapsed=111.5m
iter 3944/4882 steps=16154624 episodes=65223 score50=18.98 eps=0.010 loss=0.03589 q=0.671 trunc=0 sps=2414 elapsed=111.6m
iter 3945/4882 steps=16158720 episodes=65236 score50=19.16 eps=0.010 loss=0.03228 q=0.682 trunc=0 sps=2414 elapsed=111.6m
iter 3946/4882 steps=16162816 episodes=65246 score50=19.64 eps=0.010 loss=0.00813 q=0.710 trunc=0 sps=2414 elapsed=111.6m
iter 3947/4882 steps=16166912 episodes=65267 score50=19.88 eps=0.010 loss=0.00503 q=0.727 trunc=0 sps=2414 elapsed=111.6m
iter 3948/4882 steps=16171008 episodes=65278 score50=19.46 eps=0.010 loss=0.00316 q=0.714 trunc=0 sps=2414 elapsed=111.7m
iter 3949/4882 steps=16175104 episodes=65289 score50=19.06 eps=0.010 loss=0.02030 q=0.659 trunc=0 sps=2414 elapsed=111.7m
iter 3950/4882 steps=16179200 episodes=65298 score50=19.68 eps=0.010 loss=0.00284 q=0.675 trunc=0 sps=2414 elapsed=111.7m
iter 3951/4882 steps=16183296 episodes=65313 score50=20.10 eps=0.010 loss=0.00353 q=0.656 trunc=0 sps=2414 elapsed=111.7m
iter 3952/4882 steps=16187392 episodes=65323 score50=19.46 eps=0.010 loss=0.00784 q=0.642 trunc=0 sps=2414 elapsed=111.8m
iter 3953/4882 steps=16191488 episodes=65334 score50=20.66 eps=0.010 loss=0.00567 q=0.639 trunc=0 sps=2414 elapsed=111.8m
iter 3954/4882 steps=16195584 episodes=65345 score50=19.06 eps=0.010 loss=0.00293 q=0.612 trunc=0 sps=2414 elapsed=111.8m
iter 3955/4882 steps=16199680 episodes=65360 score50=22.18 eps=0.010 loss=0.00507 q=0.642 trunc=0 sps=2414 elapsed=111.9m
iter 3956/4882 steps=16203776 episodes=65378 score50=19.68 eps=0.010 loss=0.00686 q=0.685 trunc=0 sps=2414 elapsed=111.9m
iter 3957/4882 steps=16207872 episodes=65390 score50=19.82 eps=0.010 loss=0.03356 q=0.668 trunc=0 sps=2414 elapsed=111.9m
iter 3958/4882 steps=16211968 episodes=65408 score50=18.42 eps=0.010 loss=0.03932 q=0.657 trunc=0 sps=2414 elapsed=111.9m
iter 3959/4882 steps=16216064 episodes=65426 score50=16.82 eps=0.010 loss=0.00853 q=0.736 trunc=0 sps=2414 elapsed=112.0m
iter 3960/4882 steps=16220160 episodes=65440 score50=16.12 eps=0.010 loss=0.00550 q=0.666 trunc=0 sps=2414 elapsed=112.0m
iter 3961/4882 steps=16224256 episodes=65459 score50=15.12 eps=0.010 loss=0.01747 q=0.677 trunc=0 sps=2414 elapsed=112.0m
iter 3962/4882 steps=16228352 episodes=65477 score50=17.80 eps=0.010 loss=0.00343 q=0.716 trunc=0 sps=2414 elapsed=112.0m
iter 3963/4882 steps=16232448 episodes=65492 score50=18.46 eps=0.010 loss=0.00686 q=0.685 trunc=0 sps=2414 elapsed=112.1m
iter 3964/4882 steps=16236544 episodes=65513 score50=17.66 eps=0.010 loss=0.00477 q=0.724 trunc=0 sps=2414 elapsed=112.1m
iter 3965/4882 steps=16240640 episodes=65525 score50=16.16 eps=0.010 loss=0.00385 q=0.734 trunc=0 sps=2414 elapsed=112.1m
iter 3966/4882 steps=16244736 episodes=65534 score50=16.96 eps=0.010 loss=0.00738 q=0.695 trunc=0 sps=2414 elapsed=112.2m
iter 3967/4882 steps=16248832 episodes=65555 score50=16.20 eps=0.010 loss=0.00448 q=0.683 trunc=0 sps=2414 elapsed=112.2m
iter 3968/4882 steps=16252928 episodes=65568 score50=19.02 eps=0.010 loss=0.02846 q=0.685 trunc=0 sps=2414 elapsed=112.2m
iter 3969/4882 steps=16257024 episodes=65577 score50=18.92 eps=0.010 loss=0.02450 q=0.695 trunc=0 sps=2414 elapsed=112.3m
iter 3970/4882 steps=16261120 episodes=65590 score50=19.68 eps=0.010 loss=0.02262 q=0.690 trunc=0 sps=2414 elapsed=112.3m
iter 3971/4882 steps=16265216 episodes=65603 score50=21.72 eps=0.010 loss=0.00260 q=0.717 trunc=0 sps=2414 elapsed=112.3m
iter 3972/4882 steps=16269312 episodes=65614 score50=21.36 eps=0.010 loss=0.00287 q=0.711 trunc=0 sps=2414 elapsed=112.3m
iter 3973/4882 steps=16273408 episodes=65630 score50=21.70 eps=0.010 loss=0.01403 q=0.673 trunc=0 sps=2414 elapsed=112.4m
iter 3974/4882 steps=16277504 episodes=65645 score50=22.88 eps=0.010 loss=0.00684 q=0.624 trunc=0 sps=2414 elapsed=112.4m
iter 3975/4882 steps=16281600 episodes=65652 score50=20.54 eps=0.010 loss=0.00633 q=0.661 trunc=0 sps=2414 elapsed=112.4m
iter 3976/4882 steps=16285696 episodes=65664 score50=20.22 eps=0.010 loss=0.01825 q=0.658 trunc=0 sps=2414 elapsed=112.4m
iter 3977/4882 steps=16289792 episodes=65674 score50=19.18 eps=0.010 loss=0.00292 q=0.643 trunc=0 sps=2414 elapsed=112.5m
iter 3978/4882 steps=16293888 episodes=65686 score50=18.38 eps=0.010 loss=0.00342 q=0.653 trunc=0 sps=2414 elapsed=112.5m
iter 3979/4882 steps=16297984 episodes=65695 score50=18.14 eps=0.010 loss=0.00445 q=0.656 trunc=0 sps=2414 elapsed=112.5m
iter 3980/4882 steps=16302080 episodes=65707 score50=19.32 eps=0.010 loss=0.01534 q=0.654 trunc=0 sps=2414 elapsed=112.6m
iter 3981/4882 steps=16306176 episodes=65717 score50=18.86 eps=0.010 loss=0.01114 q=0.627 trunc=0 sps=2414 elapsed=112.6m
iter 3982/4882 steps=16310272 episodes=65735 score50=21.82 eps=0.010 loss=0.00816 q=0.641 trunc=0 sps=2414 elapsed=112.6m
iter 3983/4882 steps=16314368 episodes=65746 score50=23.80 eps=0.010 loss=0.02437 q=0.650 trunc=0 sps=2414 elapsed=112.6m
iter 3984/4882 steps=16318464 episodes=65757 score50=23.92 eps=0.010 loss=0.02364 q=0.653 trunc=0 sps=2414 elapsed=112.7m
iter 3985/4882 steps=16322560 episodes=65775 score50=24.52 eps=0.010 loss=0.01768 q=0.651 trunc=0 sps=2414 elapsed=112.7m
iter 3986/4882 steps=16326656 episodes=65791 score50=23.74 eps=0.010 loss=0.00319 q=0.685 trunc=0 sps=2414 elapsed=112.7m
iter 3987/4882 steps=16330752 episodes=65802 score50=22.56 eps=0.010 loss=0.01847 q=0.689 trunc=0 sps=2414 elapsed=112.8m
iter 3988/4882 steps=16334848 episodes=65817 score50=21.18 eps=0.010 loss=0.00658 q=0.693 trunc=0 sps=2414 elapsed=112.8m
iter 3989/4882 steps=16338944 episodes=65830 score50=19.72 eps=0.010 loss=0.02315 q=0.697 trunc=0 sps=2414 elapsed=112.8m
iter 3990/4882 steps=16343040 episodes=65839 score50=19.98 eps=0.010 loss=0.00878 q=0.702 trunc=0 sps=2414 elapsed=112.8m
iter 3991/4882 steps=16347136 episodes=65849 score50=19.68 eps=0.010 loss=0.00276 q=0.685 trunc=0 sps=2414 elapsed=112.9m
iter 3992/4882 steps=16351232 episodes=65863 score50=20.00 eps=0.010 loss=0.00456 q=0.665 trunc=0 sps=2414 elapsed=112.9m
iter 3993/4882 steps=16355328 episodes=65869 score50=20.24 eps=0.010 loss=0.00389 q=0.737 trunc=0 sps=2414 elapsed=112.9m
iter 3994/4882 steps=16359424 episodes=65888 score50=22.30 eps=0.010 loss=0.00499 q=0.704 trunc=0 sps=2414 elapsed=113.0m
iter 3995/4882 steps=16363520 episodes=65900 score50=21.72 eps=0.010 loss=0.02988 q=0.723 trunc=0 sps=2414 elapsed=113.0m
iter 3996/4882 steps=16367616 episodes=65918 score50=20.14 eps=0.010 loss=0.04251 q=0.700 trunc=0 sps=2414 elapsed=113.0m
iter 3997/4882 steps=16371712 episodes=65935 score50=17.40 eps=0.010 loss=0.03474 q=0.695 trunc=0 sps=2414 elapsed=113.0m
iter 3998/4882 steps=16375808 episodes=65955 score50=17.34 eps=0.010 loss=0.05698 q=0.697 trunc=0 sps=2414 elapsed=113.1m
iter 3999/4882 steps=16379904 episodes=65978 score50=16.04 eps=0.010 loss=0.02556 q=0.720 trunc=0 sps=2414 elapsed=113.1m
iter 4000/4882 steps=16384000 episodes=65990 score50=17.08 eps=0.010 loss=0.02607 q=0.691 trunc=0 sps=2414 elapsed=113.1m
  [eval] iter=4000 mean=21.55+-2.30 median=19.0 max=44 P(>=120)=0.00 entropy=1.31/2.20 wnorm=78.259 srank=309/512
iter 4001/4882 steps=16388096 episodes=66007 score50=16.24 eps=0.010 loss=0.00859 q=0.703 trunc=0 sps=2412 elapsed=113.3m
iter 4002/4882 steps=16392192 episodes=66019 score50=18.76 eps=0.010 loss=0.01182 q=0.685 trunc=0 sps=2412 elapsed=113.3m
iter 4003/4882 steps=16396288 episodes=66030 score50=18.48 eps=0.010 loss=0.00548 q=0.736 trunc=0 sps=2412 elapsed=113.3m
iter 4004/4882 steps=16400384 episodes=66038 score50=18.86 eps=0.010 loss=0.00370 q=0.743 trunc=0 sps=2412 elapsed=113.3m
iter 4005/4882 steps=16404480 episodes=66049 score50=20.04 eps=0.010 loss=0.00269 q=0.725 trunc=0 sps=2412 elapsed=113.4m
iter 4006/4882 steps=16408576 episodes=66061 score50=20.06 eps=0.010 loss=0.01691 q=0.712 trunc=0 sps=2412 elapsed=113.4m
iter 4007/4882 steps=16412672 episodes=66072 score50=19.84 eps=0.010 loss=0.01012 q=0.692 trunc=0 sps=2412 elapsed=113.4m
iter 4008/4882 steps=16416768 episodes=66086 score50=21.08 eps=0.010 loss=0.01422 q=0.686 trunc=0 sps=2412 elapsed=113.5m
iter 4009/4882 steps=16420864 episodes=66092 score50=20.68 eps=0.010 loss=0.01098 q=0.688 trunc=0 sps=2412 elapsed=113.5m
iter 4010/4882 steps=16424960 episodes=66103 score50=21.94 eps=0.010 loss=0.00206 q=0.706 trunc=0 sps=2412 elapsed=113.5m
iter 4011/4882 steps=16429056 episodes=66116 score50=22.50 eps=0.010 loss=0.00399 q=0.672 trunc=0 sps=2412 elapsed=113.5m
iter 4012/4882 steps=16433152 episodes=66133 score50=23.52 eps=0.010 loss=0.00382 q=0.709 trunc=0 sps=2412 elapsed=113.6m
iter 4013/4882 steps=16437248 episodes=66148 score50=23.76 eps=0.010 loss=0.02240 q=0.726 trunc=0 sps=2412 elapsed=113.6m
iter 4014/4882 steps=16441344 episodes=66157 score50=24.26 eps=0.010 loss=0.00346 q=0.735 trunc=0 sps=2412 elapsed=113.6m
iter 4015/4882 steps=16445440 episodes=66164 score50=24.42 eps=0.010 loss=0.01614 q=0.714 trunc=0 sps=2412 elapsed=113.6m
iter 4016/4882 steps=16449536 episodes=66174 score50=24.38 eps=0.010 loss=0.00351 q=0.677 trunc=0 sps=2412 elapsed=113.7m
iter 4017/4882 steps=16453632 episodes=66181 score50=23.48 eps=0.010 loss=0.01143 q=0.705 trunc=0 sps=2412 elapsed=113.7m
iter 4018/4882 steps=16457728 episodes=66198 score50=23.60 eps=0.010 loss=0.00627 q=0.703 trunc=0 sps=2412 elapsed=113.7m
iter 4019/4882 steps=16461824 episodes=66213 score50=23.46 eps=0.010 loss=0.00367 q=0.698 trunc=0 sps=2412 elapsed=113.8m
iter 4020/4882 steps=16465920 episodes=66227 score50=22.98 eps=0.010 loss=0.00821 q=0.717 trunc=0 sps=2412 elapsed=113.8m
iter 4021/4882 steps=16470016 episodes=66235 score50=21.62 eps=0.010 loss=0.00252 q=0.767 trunc=0 sps=2412 elapsed=113.8m
iter 4022/4882 steps=16474112 episodes=66245 score50=19.94 eps=0.010 loss=0.00913 q=0.698 trunc=0 sps=2412 elapsed=113.8m
iter 4023/4882 steps=16478208 episodes=66259 score50=18.68 eps=0.010 loss=0.01065 q=0.684 trunc=0 sps=2412 elapsed=113.9m
iter 4024/4882 steps=16482304 episodes=66275 score50=19.40 eps=0.010 loss=0.00288 q=0.702 trunc=0 sps=2412 elapsed=113.9m
iter 4025/4882 steps=16486400 episodes=66286 score50=21.46 eps=0.010 loss=0.00371 q=0.719 trunc=0 sps=2412 elapsed=113.9m
iter 4026/4882 steps=16490496 episodes=66297 score50=22.60 eps=0.010 loss=0.01003 q=0.698 trunc=0 sps=2412 elapsed=114.0m
iter 4027/4882 steps=16494592 episodes=66304 score50=23.72 eps=0.010 loss=0.00337 q=0.679 trunc=0 sps=2412 elapsed=114.0m
iter 4028/4882 steps=16498688 episodes=66317 score50=25.08 eps=0.010 loss=0.01310 q=0.697 trunc=0 sps=2412 elapsed=114.0m
iter 4029/4882 steps=16502784 episodes=66322 score50=26.54 eps=0.010 loss=0.01595 q=0.721 trunc=0 sps=2412 elapsed=114.0m
iter 4030/4882 steps=16506880 episodes=66337 score50=24.66 eps=0.010 loss=0.00364 q=0.671 trunc=0 sps=2412 elapsed=114.1m
iter 4031/4882 steps=16510976 episodes=66351 score50=24.10 eps=0.010 loss=0.01357 q=0.670 trunc=0 sps=2412 elapsed=114.1m
iter 4032/4882 steps=16515072 episodes=66362 score50=24.06 eps=0.010 loss=0.00368 q=0.724 trunc=0 sps=2412 elapsed=114.1m
iter 4033/4882 steps=16519168 episodes=66378 score50=21.88 eps=0.010 loss=0.00377 q=0.746 trunc=0 sps=2412 elapsed=114.2m
iter 4034/4882 steps=16523264 episodes=66387 score50=21.06 eps=0.010 loss=0.02887 q=0.689 trunc=0 sps=2412 elapsed=114.2m
iter 4035/4882 steps=16527360 episodes=66404 score50=22.84 eps=0.010 loss=0.00527 q=0.753 trunc=0 sps=2412 elapsed=114.2m
iter 4036/4882 steps=16531456 episodes=66417 score50=20.84 eps=0.010 loss=0.00249 q=0.748 trunc=0 sps=2412 elapsed=114.2m
iter 4037/4882 steps=16535552 episodes=66434 score50=20.18 eps=0.010 loss=0.04584 q=0.710 trunc=0 sps=2412 elapsed=114.3m
iter 4038/4882 steps=16539648 episodes=66447 score50=20.64 eps=0.010 loss=0.00357 q=0.710 trunc=0 sps=2412 elapsed=114.3m
iter 4039/4882 steps=16543744 episodes=66464 score50=17.24 eps=0.010 loss=0.01125 q=0.722 trunc=0 sps=2412 elapsed=114.3m
iter 4040/4882 steps=16547840 episodes=66482 score50=18.38 eps=0.010 loss=0.00697 q=0.658 trunc=0 sps=2412 elapsed=114.4m
iter 4041/4882 steps=16551936 episodes=66492 score50=19.02 eps=0.010 loss=0.00814 q=0.686 trunc=0 sps=2412 elapsed=114.4m
iter 4042/4882 steps=16556032 episodes=66501 score50=19.54 eps=0.010 loss=0.01178 q=0.690 trunc=0 sps=2412 elapsed=114.4m
iter 4043/4882 steps=16560128 episodes=66512 score50=21.62 eps=0.010 loss=0.00403 q=0.724 trunc=0 sps=2412 elapsed=114.4m
iter 4044/4882 steps=16564224 episodes=66519 score50=21.88 eps=0.010 loss=0.00487 q=0.679 trunc=0 sps=2412 elapsed=114.5m
iter 4045/4882 steps=16568320 episodes=66535 score50=23.84 eps=0.010 loss=0.00930 q=0.690 trunc=0 sps=2412 elapsed=114.5m
iter 4046/4882 steps=16572416 episodes=66541 score50=23.02 eps=0.010 loss=0.00360 q=0.715 trunc=0 sps=2412 elapsed=114.5m
iter 4047/4882 steps=16576512 episodes=66549 score50=22.14 eps=0.010 loss=0.01045 q=0.703 trunc=0 sps=2412 elapsed=114.6m
iter 4048/4882 steps=16580608 episodes=66563 score50=22.22 eps=0.010 loss=0.02029 q=0.705 trunc=0 sps=2412 elapsed=114.6m
iter 4049/4882 steps=16584704 episodes=66573 score50=22.08 eps=0.010 loss=0.00249 q=0.714 trunc=0 sps=2412 elapsed=114.6m
iter 4050/4882 steps=16588800 episodes=66588 score50=21.60 eps=0.010 loss=0.01751 q=0.668 trunc=0 sps=2412 elapsed=114.6m
iter 4051/4882 steps=16592896 episodes=66600 score50=21.86 eps=0.010 loss=0.00607 q=0.707 trunc=0 sps=2412 elapsed=114.7m
iter 4052/4882 steps=16596992 episodes=66606 score50=23.06 eps=0.010 loss=0.00257 q=0.656 trunc=0 sps=2412 elapsed=114.7m
iter 4053/4882 steps=16601088 episodes=66617 score50=21.94 eps=0.010 loss=0.00332 q=0.648 trunc=0 sps=2412 elapsed=114.7m
iter 4054/4882 steps=16605184 episodes=66625 score50=21.82 eps=0.010 loss=0.00203 q=0.688 trunc=0 sps=2412 elapsed=114.8m
iter 4055/4882 steps=16609280 episodes=66647 score50=21.98 eps=0.010 loss=0.00954 q=0.642 trunc=0 sps=2412 elapsed=114.8m
iter 4056/4882 steps=16613376 episodes=66661 score50=25.12 eps=0.010 loss=0.00590 q=0.735 trunc=0 sps=2412 elapsed=114.8m
iter 4057/4882 steps=16617472 episodes=66666 score50=25.48 eps=0.010 loss=0.00369 q=0.706 trunc=0 sps=2412 elapsed=114.8m
iter 4058/4882 steps=16621568 episodes=66687 score50=25.54 eps=0.010 loss=0.01436 q=0.735 trunc=0 sps=2412 elapsed=114.9m
iter 4059/4882 steps=16625664 episodes=66699 score50=24.84 eps=0.010 loss=0.00624 q=0.734 trunc=0 sps=2412 elapsed=114.9m
iter 4060/4882 steps=16629760 episodes=66712 score50=23.38 eps=0.010 loss=0.01121 q=0.774 trunc=0 sps=2412 elapsed=114.9m
iter 4061/4882 steps=16633856 episodes=66721 score50=23.72 eps=0.010 loss=0.00221 q=0.746 trunc=0 sps=2412 elapsed=115.0m
iter 4062/4882 steps=16637952 episodes=66735 score50=24.86 eps=0.010 loss=0.02332 q=0.716 trunc=0 sps=2412 elapsed=115.0m
iter 4063/4882 steps=16642048 episodes=66745 score50=24.12 eps=0.010 loss=0.03053 q=0.714 trunc=0 sps=2412 elapsed=115.0m
iter 4064/4882 steps=16646144 episodes=66756 score50=22.46 eps=0.010 loss=0.01858 q=0.747 trunc=0 sps=2412 elapsed=115.0m
iter 4065/4882 steps=16650240 episodes=66758 score50=22.84 eps=0.010 loss=0.00262 q=0.715 trunc=0 sps=2412 elapsed=115.1m
iter 4066/4882 steps=16654336 episodes=66772 score50=21.04 eps=0.010 loss=0.00415 q=0.734 trunc=0 sps=2412 elapsed=115.1m
iter 4067/4882 steps=16658432 episodes=66790 score50=19.16 eps=0.010 loss=0.02002 q=0.748 trunc=0 sps=2412 elapsed=115.1m
iter 4068/4882 steps=16662528 episodes=66804 score50=20.34 eps=0.010 loss=0.00853 q=0.742 trunc=0 sps=2412 elapsed=115.1m
iter 4069/4882 steps=16666624 episodes=66816 score50=21.44 eps=0.010 loss=0.02904 q=0.724 trunc=0 sps=2412 elapsed=115.2m
iter 4070/4882 steps=16670720 episodes=66828 score50=22.62 eps=0.010 loss=0.00941 q=0.757 trunc=0 sps=2412 elapsed=115.2m
iter 4071/4882 steps=16674816 episodes=66840 score50=22.74 eps=0.010 loss=0.01716 q=0.763 trunc=0 sps=2412 elapsed=115.2m
iter 4072/4882 steps=16678912 episodes=66849 score50=21.70 eps=0.010 loss=0.00253 q=0.746 trunc=0 sps=2412 elapsed=115.3m
iter 4073/4882 steps=16683008 episodes=66865 score50=18.82 eps=0.010 loss=0.01199 q=0.676 trunc=0 sps=2412 elapsed=115.3m
iter 4074/4882 steps=16687104 episodes=66878 score50=18.24 eps=0.010 loss=0.06352 q=0.708 trunc=0 sps=2412 elapsed=115.3m
iter 4075/4882 steps=16691200 episodes=66892 score50=17.32 eps=0.010 loss=0.01331 q=0.730 trunc=0 sps=2412 elapsed=115.3m
iter 4076/4882 steps=16695296 episodes=66902 score50=20.32 eps=0.010 loss=0.00278 q=0.708 trunc=0 sps=2412 elapsed=115.4m
iter 4077/4882 steps=16699392 episodes=66910 score50=21.46 eps=0.010 loss=0.00323 q=0.739 trunc=0 sps=2412 elapsed=115.4m
iter 4078/4882 steps=16703488 episodes=66932 score50=24.96 eps=0.010 loss=0.00543 q=0.761 trunc=0 sps=2412 elapsed=115.4m
iter 4079/4882 steps=16707584 episodes=66943 score50=26.14 eps=0.010 loss=0.00308 q=0.749 trunc=0 sps=2412 elapsed=115.5m
iter 4080/4882 steps=16711680 episodes=66948 score50=25.44 eps=0.010 loss=0.00392 q=0.780 trunc=0 sps=2412 elapsed=115.5m
iter 4081/4882 steps=16715776 episodes=66960 score50=25.82 eps=0.010 loss=0.00487 q=0.771 trunc=0 sps=2412 elapsed=115.5m
iter 4082/4882 steps=16719872 episodes=66971 score50=25.72 eps=0.010 loss=0.00282 q=0.752 trunc=0 sps=2412 elapsed=115.5m
iter 4083/4882 steps=16723968 episodes=66979 score50=25.26 eps=0.010 loss=0.00822 q=0.755 trunc=0 sps=2412 elapsed=115.6m
iter 4084/4882 steps=16728064 episodes=66987 score50=24.46 eps=0.010 loss=0.00271 q=0.752 trunc=0 sps=2412 elapsed=115.6m
iter 4085/4882 steps=16732160 episodes=66992 score50=25.14 eps=0.010 loss=0.00907 q=0.694 trunc=0 sps=2412 elapsed=115.6m
iter 4086/4882 steps=16736256 episodes=67005 score50=25.94 eps=0.010 loss=0.00739 q=0.682 trunc=0 sps=2412 elapsed=115.7m
iter 4087/4882 steps=16740352 episodes=67017 score50=24.64 eps=0.010 loss=0.01357 q=0.725 trunc=0 sps=2412 elapsed=115.7m
iter 4088/4882 steps=16744448 episodes=67032 score50=23.12 eps=0.010 loss=0.02143 q=0.728 trunc=0 sps=2412 elapsed=115.7m
iter 4089/4882 steps=16748544 episodes=67042 score50=22.60 eps=0.010 loss=0.00567 q=0.707 trunc=0 sps=2412 elapsed=115.7m
iter 4090/4882 steps=16752640 episodes=67056 score50=21.34 eps=0.010 loss=0.00290 q=0.730 trunc=0 sps=2412 elapsed=115.8m
iter 4091/4882 steps=16756736 episodes=67075 score50=20.38 eps=0.010 loss=0.00813 q=0.777 trunc=0 sps=2412 elapsed=115.8m
iter 4092/4882 steps=16760832 episodes=67091 score50=20.20 eps=0.010 loss=0.00966 q=0.730 trunc=0 sps=2412 elapsed=115.8m
iter 4093/4882 steps=16764928 episodes=67107 score50=20.98 eps=0.010 loss=0.00425 q=0.750 trunc=0 sps=2412 elapsed=115.9m
iter 4094/4882 steps=16769024 episodes=67118 score50=21.74 eps=0.010 loss=0.04469 q=0.748 trunc=0 sps=2412 elapsed=115.9m
iter 4095/4882 steps=16773120 episodes=67132 score50=22.46 eps=0.010 loss=0.03888 q=0.782 trunc=0 sps=2412 elapsed=115.9m
iter 4096/4882 steps=16777216 episodes=67141 score50=23.24 eps=0.010 loss=0.00316 q=0.782 trunc=0 sps=2412 elapsed=115.9m
iter 4097/4882 steps=16781312 episodes=67148 score50=24.08 eps=0.010 loss=0.00847 q=0.732 trunc=0 sps=2412 elapsed=116.0m
iter 4098/4882 steps=16785408 episodes=67165 score50=22.22 eps=0.010 loss=0.04865 q=0.715 trunc=0 sps=2412 elapsed=116.0m
iter 4099/4882 steps=16789504 episodes=67171 score50=21.48 eps=0.010 loss=0.00315 q=0.720 trunc=0 sps=2412 elapsed=116.0m
iter 4100/4882 steps=16793600 episodes=67179 score50=21.24 eps=0.010 loss=0.00603 q=0.688 trunc=0 sps=2412 elapsed=116.1m
  [eval] iter=4100 mean=21.45+-2.41 median=20.5 max=42 P(>=120)=0.00 entropy=1.76/2.20 wnorm=79.657 srank=304/512
iter 4101/4882 steps=16797696 episodes=67196 score50=19.06 eps=0.010 loss=0.00725 q=0.655 trunc=0 sps=2410 elapsed=116.2m
iter 4102/4882 steps=16801792 episodes=67214 score50=20.54 eps=0.010 loss=0.00708 q=0.666 trunc=0 sps=2410 elapsed=116.2m
iter 4103/4882 steps=16805888 episodes=67228 score50=22.08 eps=0.010 loss=0.01250 q=0.754 trunc=0 sps=2410 elapsed=116.2m
iter 4104/4882 steps=16809984 episodes=67235 score50=22.86 eps=0.010 loss=0.00509 q=0.777 trunc=0 sps=2410 elapsed=116.3m
iter 4105/4882 steps=16814080 episodes=67248 score50=22.82 eps=0.010 loss=0.00580 q=0.699 trunc=0 sps=2410 elapsed=116.3m
iter 4106/4882 steps=16818176 episodes=67261 score50=23.00 eps=0.010 loss=0.01057 q=0.746 trunc=0 sps=2410 elapsed=116.3m
iter 4107/4882 steps=16822272 episodes=67272 score50=23.48 eps=0.010 loss=0.00702 q=0.784 trunc=0 sps=2410 elapsed=116.4m
iter 4108/4882 steps=16826368 episodes=67282 score50=24.04 eps=0.010 loss=0.00286 q=0.777 trunc=0 sps=2410 elapsed=116.4m
iter 4109/4882 steps=16830464 episodes=67297 score50=25.16 eps=0.010 loss=0.00667 q=0.741 trunc=0 sps=2410 elapsed=116.4m
iter 4110/4882 steps=16834560 episodes=67310 score50=25.18 eps=0.010 loss=0.00891 q=0.746 trunc=0 sps=2410 elapsed=116.4m
iter 4111/4882 steps=16838656 episodes=67322 score50=22.98 eps=0.010 loss=0.01396 q=0.770 trunc=0 sps=2410 elapsed=116.5m
iter 4112/4882 steps=16842752 episodes=67338 score50=21.90 eps=0.010 loss=0.01069 q=0.723 trunc=0 sps=2410 elapsed=116.5m
iter 4113/4882 steps=16846848 episodes=67345 score50=21.52 eps=0.010 loss=0.00415 q=0.778 trunc=0 sps=2410 elapsed=116.5m
iter 4114/4882 steps=16850944 episodes=67358 score50=21.96 eps=0.010 loss=0.01452 q=0.718 trunc=0 sps=2410 elapsed=116.6m
iter 4115/4882 steps=16855040 episodes=67370 score50=21.38 eps=0.010 loss=0.02661 q=0.702 trunc=0 sps=2410 elapsed=116.6m
iter 4116/4882 steps=16859136 episodes=67381 score50=22.76 eps=0.010 loss=0.00879 q=0.690 trunc=0 sps=2409 elapsed=116.6m
iter 4117/4882 steps=16863232 episodes=67393 score50=21.16 eps=0.010 loss=0.01923 q=0.723 trunc=0 sps=2410 elapsed=116.6m
iter 4118/4882 steps=16867328 episodes=67407 score50=21.00 eps=0.010 loss=0.00450 q=0.776 trunc=0 sps=2410 elapsed=116.7m
iter 4119/4882 steps=16871424 episodes=67415 score50=21.06 eps=0.010 loss=0.00761 q=0.752 trunc=0 sps=2410 elapsed=116.7m
iter 4120/4882 steps=16875520 episodes=67420 score50=21.98 eps=0.010 loss=0.00223 q=0.729 trunc=0 sps=2410 elapsed=116.7m
iter 4121/4882 steps=16879616 episodes=67438 score50=21.84 eps=0.010 loss=0.00544 q=0.697 trunc=0 sps=2410 elapsed=116.8m
iter 4122/4882 steps=16883712 episodes=67450 score50=22.58 eps=0.010 loss=0.00826 q=0.713 trunc=0 sps=2410 elapsed=116.8m
iter 4123/4882 steps=16887808 episodes=67461 score50=22.58 eps=0.010 loss=0.03946 q=0.762 trunc=0 sps=2410 elapsed=116.8m
iter 4124/4882 steps=16891904 episodes=67473 score50=22.40 eps=0.010 loss=0.00416 q=0.690 trunc=0 sps=2410 elapsed=116.8m
iter 4125/4882 steps=16896000 episodes=67485 score50=23.24 eps=0.010 loss=0.00625 q=0.714 trunc=0 sps=2410 elapsed=116.9m
iter 4126/4882 steps=16900096 episodes=67494 score50=22.36 eps=0.010 loss=0.00447 q=0.739 trunc=0 sps=2410 elapsed=116.9m
iter 4127/4882 steps=16904192 episodes=67509 score50=22.24 eps=0.010 loss=0.02983 q=0.748 trunc=0 sps=2410 elapsed=116.9m
iter 4128/4882 steps=16908288 episodes=67520 score50=23.04 eps=0.010 loss=0.00401 q=0.714 trunc=0 sps=2410 elapsed=117.0m
iter 4129/4882 steps=16912384 episodes=67534 score50=23.04 eps=0.010 loss=0.00928 q=0.723 trunc=0 sps=2410 elapsed=117.0m
iter 4130/4882 steps=16916480 episodes=67551 score50=21.88 eps=0.010 loss=0.00904 q=0.810 trunc=0 sps=2410 elapsed=117.0m
iter 4131/4882 steps=16920576 episodes=67559 score50=23.06 eps=0.010 loss=0.00552 q=0.784 trunc=0 sps=2410 elapsed=117.0m
iter 4132/4882 steps=16924672 episodes=67566 score50=22.50 eps=0.010 loss=0.01855 q=0.762 trunc=0 sps=2410 elapsed=117.1m
iter 4133/4882 steps=16928768 episodes=67580 score50=21.50 eps=0.010 loss=0.00459 q=0.788 trunc=0 sps=2410 elapsed=117.1m
iter 4134/4882 steps=16932864 episodes=67592 score50=21.76 eps=0.010 loss=0.00908 q=0.785 trunc=0 sps=2410 elapsed=117.1m
iter 4135/4882 steps=16936960 episodes=67608 score50=21.44 eps=0.010 loss=0.01965 q=0.773 trunc=0 sps=2410 elapsed=117.1m
iter 4136/4882 steps=16941056 episodes=67616 score50=21.02 eps=0.010 loss=0.00885 q=0.734 trunc=0 sps=2410 elapsed=117.2m
iter 4137/4882 steps=16945152 episodes=67628 score50=20.82 eps=0.010 loss=0.01436 q=0.748 trunc=0 sps=2410 elapsed=117.2m
iter 4138/4882 steps=16949248 episodes=67635 score50=22.12 eps=0.010 loss=0.00366 q=0.737 trunc=0 sps=2410 elapsed=117.2m
iter 4139/4882 steps=16953344 episodes=67654 score50=22.92 eps=0.010 loss=0.01154 q=0.791 trunc=0 sps=2410 elapsed=117.3m
iter 4140/4882 steps=16957440 episodes=67666 score50=23.04 eps=0.010 loss=0.00845 q=0.789 trunc=0 sps=2410 elapsed=117.3m
iter 4141/4882 steps=16961536 episodes=67677 score50=22.90 eps=0.010 loss=0.00477 q=0.779 trunc=0 sps=2410 elapsed=117.3m
iter 4142/4882 steps=16965632 episodes=67696 score50=22.32 eps=0.010 loss=0.01173 q=0.789 trunc=0 sps=2410 elapsed=117.3m
iter 4143/4882 steps=16969728 episodes=67705 score50=22.88 eps=0.010 loss=0.01074 q=0.797 trunc=0 sps=2410 elapsed=117.4m
iter 4144/4882 steps=16973824 episodes=67721 score50=21.50 eps=0.010 loss=0.02617 q=0.775 trunc=0 sps=2410 elapsed=117.4m
iter 4145/4882 steps=16977920 episodes=67739 score50=18.04 eps=0.010 loss=0.01705 q=0.697 trunc=0 sps=2410 elapsed=117.4m
iter 4146/4882 steps=16982016 episodes=67752 score50=17.16 eps=0.010 loss=0.02526 q=0.731 trunc=0 sps=2410 elapsed=117.5m
iter 4147/4882 steps=16986112 episodes=67767 score50=16.34 eps=0.010 loss=0.05298 q=0.761 trunc=0 sps=2410 elapsed=117.5m
iter 4148/4882 steps=16990208 episodes=67792 score50=16.94 eps=0.010 loss=0.01388 q=0.704 trunc=0 sps=2410 elapsed=117.5m
iter 4149/4882 steps=16994304 episodes=67805 score50=17.28 eps=0.010 loss=0.00724 q=0.742 trunc=0 sps=2410 elapsed=117.5m
iter 4150/4882 steps=16998400 episodes=67822 score50=14.34 eps=0.010 loss=0.01154 q=0.661 trunc=0 sps=2410 elapsed=117.6m
iter 4151/4882 steps=17002496 episodes=67839 score50=13.14 eps=0.010 loss=0.03116 q=0.670 trunc=0 sps=2410 elapsed=117.6m
iter 4152/4882 steps=17006592 episodes=67859 score50=13.40 eps=0.010 loss=0.02134 q=0.608 trunc=0 sps=2410 elapsed=117.6m
iter 4153/4882 steps=17010688 episodes=67870 score50=15.20 eps=0.010 loss=0.00841 q=0.665 trunc=0 sps=2410 elapsed=117.6m
iter 4154/4882 steps=17014784 episodes=67897 score50=16.90 eps=0.010 loss=0.03707 q=0.654 trunc=0 sps=2410 elapsed=117.7m
iter 4155/4882 steps=17018880 episodes=67908 score50=19.58 eps=0.010 loss=0.00372 q=0.772 trunc=0 sps=2410 elapsed=117.7m
iter 4156/4882 steps=17022976 episodes=67915 score50=20.16 eps=0.010 loss=0.00275 q=0.766 trunc=0 sps=2410 elapsed=117.7m
iter 4157/4882 steps=17027072 episodes=67926 score50=21.82 eps=0.010 loss=0.01483 q=0.808 trunc=0 sps=2410 elapsed=117.8m
iter 4158/4882 steps=17031168 episodes=67936 score50=22.80 eps=0.010 loss=0.00555 q=0.773 trunc=0 sps=2410 elapsed=117.8m
iter 4159/4882 steps=17035264 episodes=67943 score50=22.88 eps=0.010 loss=0.01688 q=0.703 trunc=0 sps=2410 elapsed=117.8m
iter 4160/4882 steps=17039360 episodes=67955 score50=20.96 eps=0.010 loss=0.01854 q=0.710 trunc=0 sps=2410 elapsed=117.8m
iter 4161/4882 steps=17043456 episodes=67969 score50=21.96 eps=0.010 loss=0.00861 q=0.732 trunc=0 sps=2410 elapsed=117.9m
iter 4162/4882 steps=17047552 episodes=67986 score50=21.96 eps=0.010 loss=0.00460 q=0.762 trunc=0 sps=2410 elapsed=117.9m
iter 4163/4882 steps=17051648 episodes=67997 score50=23.10 eps=0.010 loss=0.00959 q=0.736 trunc=0 sps=2410 elapsed=117.9m
iter 4164/4882 steps=17055744 episodes=68012 score50=23.22 eps=0.010 loss=0.00928 q=0.808 trunc=0 sps=2410 elapsed=118.0m
iter 4165/4882 steps=17059840 episodes=68019 score50=23.00 eps=0.010 loss=0.00433 q=0.791 trunc=0 sps=2410 elapsed=118.0m
iter 4166/4882 steps=17063936 episodes=68028 score50=22.94 eps=0.010 loss=0.01676 q=0.792 trunc=0 sps=2410 elapsed=118.0m
iter 4167/4882 steps=17068032 episodes=68040 score50=22.90 eps=0.010 loss=0.00708 q=0.754 trunc=0 sps=2410 elapsed=118.0m
iter 4168/4882 steps=17072128 episodes=68056 score50=22.94 eps=0.010 loss=0.00613 q=0.745 trunc=0 sps=2410 elapsed=118.1m
iter 4169/4882 steps=17076224 episodes=68062 score50=22.46 eps=0.010 loss=0.00175 q=0.756 trunc=0 sps=2410 elapsed=118.1m
iter 4170/4882 steps=17080320 episodes=68070 score50=23.02 eps=0.010 loss=0.02024 q=0.789 trunc=0 sps=2410 elapsed=118.1m
iter 4171/4882 steps=17084416 episodes=68083 score50=23.60 eps=0.010 loss=0.00780 q=0.741 trunc=0 sps=2410 elapsed=118.1m
iter 4172/4882 steps=17088512 episodes=68089 score50=23.62 eps=0.010 loss=0.00474 q=0.790 trunc=0 sps=2410 elapsed=118.2m
iter 4173/4882 steps=17092608 episodes=68100 score50=24.46 eps=0.010 loss=0.00444 q=0.738 trunc=0 sps=2410 elapsed=118.2m
iter 4174/4882 steps=17096704 episodes=68107 score50=23.76 eps=0.010 loss=0.00336 q=0.742 trunc=0 sps=2410 elapsed=118.2m
iter 4175/4882 steps=17100800 episodes=68120 score50=24.78 eps=0.010 loss=0.00494 q=0.684 trunc=0 sps=2410 elapsed=118.3m
iter 4176/4882 steps=17104896 episodes=68129 score50=24.74 eps=0.010 loss=0.00574 q=0.710 trunc=0 sps=2410 elapsed=118.3m
iter 4177/4882 steps=17108992 episodes=68143 score50=25.16 eps=0.010 loss=0.00388 q=0.698 trunc=0 sps=2410 elapsed=118.3m
iter 4178/4882 steps=17113088 episodes=68153 score50=24.62 eps=0.010 loss=0.01454 q=0.750 trunc=0 sps=2410 elapsed=118.3m
iter 4179/4882 steps=17117184 episodes=68163 score50=25.08 eps=0.010 loss=0.01064 q=0.752 trunc=0 sps=2410 elapsed=118.4m
iter 4180/4882 steps=17121280 episodes=68178 score50=25.30 eps=0.010 loss=0.04353 q=0.756 trunc=0 sps=2410 elapsed=118.4m
iter 4181/4882 steps=17125376 episodes=68191 score50=25.28 eps=0.010 loss=0.00187 q=0.763 trunc=0 sps=2410 elapsed=118.4m
iter 4182/4882 steps=17129472 episodes=68207 score50=23.94 eps=0.010 loss=0.01404 q=0.726 trunc=0 sps=2410 elapsed=118.5m
iter 4183/4882 steps=17133568 episodes=68217 score50=23.30 eps=0.010 loss=0.00550 q=0.737 trunc=0 sps=2410 elapsed=118.5m
iter 4184/4882 steps=17137664 episodes=68229 score50=23.12 eps=0.010 loss=0.00322 q=0.790 trunc=0 sps=2410 elapsed=118.5m
iter 4185/4882 steps=17141760 episodes=68235 score50=23.18 eps=0.010 loss=0.00782 q=0.732 trunc=0 sps=2410 elapsed=118.5m
iter 4186/4882 steps=17145856 episodes=68242 score50=22.02 eps=0.010 loss=0.00252 q=0.743 trunc=0 sps=2410 elapsed=118.6m
iter 4187/4882 steps=17149952 episodes=68254 score50=22.94 eps=0.010 loss=0.00451 q=0.740 trunc=0 sps=2410 elapsed=118.6m
iter 4188/4882 steps=17154048 episodes=68265 score50=23.06 eps=0.010 loss=0.00343 q=0.715 trunc=0 sps=2410 elapsed=118.6m
iter 4189/4882 steps=17158144 episodes=68280 score50=24.42 eps=0.010 loss=0.00522 q=0.769 trunc=0 sps=2410 elapsed=118.7m
iter 4190/4882 steps=17162240 episodes=68286 score50=23.28 eps=0.010 loss=0.00190 q=0.772 trunc=0 sps=2410 elapsed=118.7m
iter 4191/4882 steps=17166336 episodes=68299 score50=23.90 eps=0.010 loss=0.00502 q=0.694 trunc=0 sps=2410 elapsed=118.7m
iter 4192/4882 steps=17170432 episodes=68317 score50=24.74 eps=0.010 loss=0.00750 q=0.738 trunc=0 sps=2410 elapsed=118.7m
iter 4193/4882 steps=17174528 episodes=68329 score50=23.14 eps=0.010 loss=0.00793 q=0.679 trunc=0 sps=2410 elapsed=118.8m
iter 4194/4882 steps=17178624 episodes=68335 score50=24.54 eps=0.010 loss=0.00255 q=0.744 trunc=0 sps=2410 elapsed=118.8m
iter 4195/4882 steps=17182720 episodes=68351 score50=24.72 eps=0.010 loss=0.00416 q=0.667 trunc=0 sps=2410 elapsed=118.8m
iter 4196/4882 steps=17186816 episodes=68362 score50=23.82 eps=0.010 loss=0.00463 q=0.708 trunc=0 sps=2410 elapsed=118.9m
iter 4197/4882 steps=17190912 episodes=68369 score50=24.32 eps=0.010 loss=0.00584 q=0.718 trunc=0 sps=2410 elapsed=118.9m
iter 4198/4882 steps=17195008 episodes=68381 score50=24.36 eps=0.010 loss=0.00551 q=0.681 trunc=0 sps=2410 elapsed=118.9m
iter 4199/4882 steps=17199104 episodes=68394 score50=23.78 eps=0.010 loss=0.00387 q=0.707 trunc=0 sps=2410 elapsed=118.9m
iter 4200/4882 steps=17203200 episodes=68405 score50=23.66 eps=0.010 loss=0.00274 q=0.696 trunc=0 sps=2410 elapsed=119.0m
  [eval] iter=4200 mean=27.00+-2.62 median=26.0 max=49 P(>=120)=0.00 entropy=1.95/2.20 wnorm=81.092 srank=279/512
iter 4201/4882 steps=17207296 episodes=68415 score50=24.72 eps=0.010 loss=0.00177 q=0.722 trunc=0 sps=2407 elapsed=119.1m
iter 4202/4882 steps=17211392 episodes=68422 score50=22.84 eps=0.010 loss=0.00218 q=0.692 trunc=0 sps=2407 elapsed=119.2m
iter 4203/4882 steps=17215488 episodes=68434 score50=23.88 eps=0.010 loss=0.00277 q=0.643 trunc=0 sps=2407 elapsed=119.2m
iter 4204/4882 steps=17219584 episodes=68448 score50=23.54 eps=0.010 loss=0.01415 q=0.685 trunc=0 sps=2407 elapsed=119.2m
iter 4205/4882 steps=17223680 episodes=68463 score50=22.98 eps=0.010 loss=0.00423 q=0.683 trunc=0 sps=2407 elapsed=119.3m
iter 4206/4882 steps=17227776 episodes=68477 score50=21.88 eps=0.010 loss=0.00562 q=0.662 trunc=0 sps=2407 elapsed=119.3m
iter 4207/4882 steps=17231872 episodes=68488 score50=22.40 eps=0.010 loss=0.00327 q=0.689 trunc=0 sps=2407 elapsed=119.3m
iter 4208/4882 steps=17235968 episodes=68500 score50=22.04 eps=0.010 loss=0.00452 q=0.727 trunc=0 sps=2407 elapsed=119.3m
iter 4209/4882 steps=17240064 episodes=68513 score50=22.88 eps=0.010 loss=0.01839 q=0.721 trunc=0 sps=2407 elapsed=119.4m
iter 4210/4882 steps=17244160 episodes=68520 score50=23.60 eps=0.010 loss=0.02971 q=0.716 trunc=0 sps=2407 elapsed=119.4m
iter 4211/4882 steps=17248256 episodes=68537 score50=26.48 eps=0.010 loss=0.00535 q=0.740 trunc=0 sps=2407 elapsed=119.4m
iter 4212/4882 steps=17252352 episodes=68546 score50=25.82 eps=0.010 loss=0.00221 q=0.751 trunc=0 sps=2407 elapsed=119.5m
iter 4213/4882 steps=17256448 episodes=68556 score50=25.64 eps=0.010 loss=0.00974 q=0.738 trunc=0 sps=2407 elapsed=119.5m
iter 4214/4882 steps=17260544 episodes=68562 score50=25.82 eps=0.010 loss=0.00462 q=0.764 trunc=0 sps=2407 elapsed=119.5m
iter 4215/4882 steps=17264640 episodes=68571 score50=25.32 eps=0.010 loss=0.00313 q=0.719 trunc=0 sps=2407 elapsed=119.5m
iter 4216/4882 steps=17268736 episodes=68582 score50=23.52 eps=0.010 loss=0.00571 q=0.673 trunc=0 sps=2407 elapsed=119.6m
iter 4217/4882 steps=17272832 episodes=68596 score50=23.12 eps=0.010 loss=0.01525 q=0.690 trunc=0 sps=2407 elapsed=119.6m
iter 4218/4882 steps=17276928 episodes=68609 score50=22.76 eps=0.010 loss=0.01596 q=0.727 trunc=0 sps=2407 elapsed=119.6m
iter 4219/4882 steps=17281024 episodes=68625 score50=23.48 eps=0.010 loss=0.02091 q=0.693 trunc=0 sps=2407 elapsed=119.6m
iter 4220/4882 steps=17285120 episodes=68635 score50=24.02 eps=0.010 loss=0.00506 q=0.796 trunc=0 sps=2407 elapsed=119.7m
iter 4221/4882 steps=17289216 episodes=68642 score50=23.56 eps=0.010 loss=0.02841 q=0.760 trunc=0 sps=2407 elapsed=119.7m
iter 4222/4882 steps=17293312 episodes=68653 score50=22.06 eps=0.010 loss=0.00584 q=0.762 trunc=0 sps=2407 elapsed=119.7m
iter 4223/4882 steps=17297408 episodes=68665 score50=22.22 eps=0.010 loss=0.00419 q=0.755 trunc=0 sps=2407 elapsed=119.8m
iter 4224/4882 steps=17301504 episodes=68676 score50=20.80 eps=0.010 loss=0.00788 q=0.731 trunc=0 sps=2407 elapsed=119.8m
iter 4225/4882 steps=17305600 episodes=68685 score50=22.28 eps=0.010 loss=0.00422 q=0.761 trunc=0 sps=2407 elapsed=119.8m
iter 4226/4882 steps=17309696 episodes=68694 score50=22.22 eps=0.010 loss=0.00326 q=0.722 trunc=0 sps=2407 elapsed=119.8m
iter 4227/4882 steps=17313792 episodes=68700 score50=23.38 eps=0.010 loss=0.00224 q=0.699 trunc=0 sps=2407 elapsed=119.9m
iter 4228/4882 steps=17317888 episodes=68713 score50=24.64 eps=0.010 loss=0.00831 q=0.717 trunc=0 sps=2407 elapsed=119.9m
iter 4229/4882 steps=17321984 episodes=68731 score50=25.34 eps=0.010 loss=0.01404 q=0.718 trunc=0 sps=2407 elapsed=119.9m
iter 4230/4882 steps=17326080 episodes=68743 score50=25.28 eps=0.010 loss=0.00631 q=0.747 trunc=0 sps=2407 elapsed=120.0m
iter 4231/4882 steps=17330176 episodes=68758 score50=25.44 eps=0.010 loss=0.00851 q=0.698 trunc=0 sps=2407 elapsed=120.0m
iter 4232/4882 steps=17334272 episodes=68773 score50=23.58 eps=0.010 loss=0.01098 q=0.754 trunc=0 sps=2407 elapsed=120.0m
iter 4233/4882 steps=17338368 episodes=68788 score50=24.26 eps=0.010 loss=0.01493 q=0.725 trunc=0 sps=2407 elapsed=120.0m
iter 4234/4882 steps=17342464 episodes=68797 score50=22.60 eps=0.010 loss=0.01384 q=0.783 trunc=0 sps=2407 elapsed=120.1m
iter 4235/4882 steps=17346560 episodes=68807 score50=22.76 eps=0.010 loss=0.00397 q=0.761 trunc=0 sps=2407 elapsed=120.1m
iter 4236/4882 steps=17350656 episodes=68818 score50=21.02 eps=0.010 loss=0.02299 q=0.730 trunc=0 sps=2407 elapsed=120.1m
iter 4237/4882 steps=17354752 episodes=68831 score50=20.28 eps=0.010 loss=0.00326 q=0.757 trunc=0 sps=2407 elapsed=120.2m
iter 4238/4882 steps=17358848 episodes=68847 score50=22.04 eps=0.010 loss=0.01411 q=0.729 trunc=0 sps=2407 elapsed=120.2m
iter 4239/4882 steps=17362944 episodes=68853 score50=21.86 eps=0.010 loss=0.03645 q=0.714 trunc=0 sps=2407 elapsed=120.2m
iter 4240/4882 steps=17367040 episodes=68865 score50=23.86 eps=0.010 loss=0.00626 q=0.723 trunc=0 sps=2407 elapsed=120.2m
iter 4241/4882 steps=17371136 episodes=68877 score50=24.60 eps=0.010 loss=0.01251 q=0.680 trunc=0 sps=2407 elapsed=120.3m
iter 4242/4882 steps=17375232 episodes=68890 score50=24.24 eps=0.010 loss=0.00501 q=0.773 trunc=0 sps=2407 elapsed=120.3m
iter 4243/4882 steps=17379328 episodes=68895 score50=23.84 eps=0.010 loss=0.00367 q=0.775 trunc=0 sps=2407 elapsed=120.3m
iter 4244/4882 steps=17383424 episodes=68904 score50=23.24 eps=0.010 loss=0.01185 q=0.713 trunc=0 sps=2407 elapsed=120.4m
iter 4245/4882 steps=17387520 episodes=68915 score50=23.56 eps=0.010 loss=0.01033 q=0.698 trunc=0 sps=2407 elapsed=120.4m
iter 4246/4882 steps=17391616 episodes=68925 score50=23.48 eps=0.010 loss=0.00293 q=0.681 trunc=0 sps=2407 elapsed=120.4m
iter 4247/4882 steps=17395712 episodes=68938 score50=22.74 eps=0.010 loss=0.00870 q=0.699 trunc=0 sps=2407 elapsed=120.4m
iter 4248/4882 steps=17399808 episodes=68957 score50=23.02 eps=0.010 loss=0.04465 q=0.702 trunc=0 sps=2407 elapsed=120.5m
iter 4249/4882 steps=17403904 episodes=68964 score50=22.36 eps=0.010 loss=0.00719 q=0.698 trunc=0 sps=2407 elapsed=120.5m
iter 4250/4882 steps=17408000 episodes=68979 score50=23.00 eps=0.010 loss=0.01313 q=0.650 trunc=0 sps=2407 elapsed=120.5m
iter 4251/4882 steps=17412096 episodes=68994 score50=21.88 eps=0.010 loss=0.00804 q=0.649 trunc=0 sps=2407 elapsed=120.6m
iter 4252/4882 steps=17416192 episodes=69007 score50=20.76 eps=0.010 loss=0.01191 q=0.633 trunc=0 sps=2407 elapsed=120.6m
iter 4253/4882 steps=17420288 episodes=69023 score50=20.38 eps=0.010 loss=0.00328 q=0.647 trunc=0 sps=2407 elapsed=120.6m
iter 4254/4882 steps=17424384 episodes=69034 score50=21.16 eps=0.010 loss=0.00817 q=0.709 trunc=0 sps=2407 elapsed=120.6m
iter 4255/4882 steps=17428480 episodes=69049 score50=21.18 eps=0.010 loss=0.02460 q=0.712 trunc=0 sps=2407 elapsed=120.7m
iter 4256/4882 steps=17432576 episodes=69062 score50=22.14 eps=0.010 loss=0.00787 q=0.709 trunc=0 sps=2407 elapsed=120.7m
iter 4257/4882 steps=17436672 episodes=69070 score50=23.26 eps=0.010 loss=0.00912 q=0.710 trunc=0 sps=2407 elapsed=120.7m
iter 4258/4882 steps=17440768 episodes=69074 score50=22.94 eps=0.010 loss=0.00152 q=0.699 trunc=0 sps=2407 elapsed=120.7m
iter 4259/4882 steps=17444864 episodes=69087 score50=22.06 eps=0.010 loss=0.02095 q=0.709 trunc=0 sps=2407 elapsed=120.8m
iter 4260/4882 steps=17448960 episodes=69099 score50=22.50 eps=0.010 loss=0.01745 q=0.644 trunc=0 sps=2407 elapsed=120.8m
iter 4261/4882 steps=17453056 episodes=69115 score50=22.10 eps=0.010 loss=0.01672 q=0.720 trunc=0 sps=2407 elapsed=120.8m
iter 4262/4882 steps=17457152 episodes=69124 score50=21.18 eps=0.010 loss=0.00272 q=0.675 trunc=0 sps=2407 elapsed=120.9m
iter 4263/4882 steps=17461248 episodes=69137 score50=21.74 eps=0.010 loss=0.00833 q=0.661 trunc=0 sps=2407 elapsed=120.9m
iter 4264/4882 steps=17465344 episodes=69146 score50=21.10 eps=0.010 loss=0.00571 q=0.689 trunc=0 sps=2407 elapsed=120.9m
iter 4265/4882 steps=17469440 episodes=69159 score50=23.58 eps=0.010 loss=0.02131 q=0.673 trunc=0 sps=2407 elapsed=120.9m
iter 4266/4882 steps=17473536 episodes=69171 score50=25.08 eps=0.010 loss=0.00373 q=0.703 trunc=0 sps=2407 elapsed=121.0m
iter 4267/4882 steps=17477632 episodes=69182 score50=24.60 eps=0.010 loss=0.02349 q=0.700 trunc=0 sps=2407 elapsed=121.0m
iter 4268/4882 steps=17481728 episodes=69192 score50=25.46 eps=0.010 loss=0.01215 q=0.727 trunc=0 sps=2407 elapsed=121.0m
iter 4269/4882 steps=17485824 episodes=69211 score50=23.16 eps=0.010 loss=0.01185 q=0.678 trunc=0 sps=2407 elapsed=121.1m
iter 4270/4882 steps=17489920 episodes=69222 score50=23.66 eps=0.010 loss=0.00899 q=0.706 trunc=0 sps=2407 elapsed=121.1m
iter 4271/4882 steps=17494016 episodes=69233 score50=23.46 eps=0.010 loss=0.01017 q=0.700 trunc=0 sps=2407 elapsed=121.1m
iter 4272/4882 steps=17498112 episodes=69242 score50=23.92 eps=0.010 loss=0.00252 q=0.697 trunc=0 sps=2407 elapsed=121.2m
iter 4273/4882 steps=17502208 episodes=69252 score50=24.16 eps=0.010 loss=0.01221 q=0.721 trunc=0 sps=2407 elapsed=121.2m
iter 4274/4882 steps=17506304 episodes=69263 score50=22.78 eps=0.010 loss=0.01182 q=0.725 trunc=0 sps=2407 elapsed=121.2m
iter 4275/4882 steps=17510400 episodes=69276 score50=22.36 eps=0.010 loss=0.00466 q=0.689 trunc=0 sps=2407 elapsed=121.2m
iter 4276/4882 steps=17514496 episodes=69290 score50=20.86 eps=0.010 loss=0.00544 q=0.715 trunc=0 sps=2407 elapsed=121.3m
iter 4277/4882 steps=17518592 episodes=69297 score50=20.92 eps=0.010 loss=0.00431 q=0.673 trunc=0 sps=2407 elapsed=121.3m
iter 4278/4882 steps=17522688 episodes=69308 score50=21.78 eps=0.010 loss=0.00645 q=0.703 trunc=0 sps=2407 elapsed=121.3m
iter 4279/4882 steps=17526784 episodes=69323 score50=21.88 eps=0.010 loss=0.00723 q=0.710 trunc=0 sps=2407 elapsed=121.3m
iter 4280/4882 steps=17530880 episodes=69337 score50=21.72 eps=0.010 loss=0.00707 q=0.696 trunc=0 sps=2407 elapsed=121.4m
iter 4281/4882 steps=17534976 episodes=69350 score50=21.82 eps=0.010 loss=0.00252 q=0.771 trunc=0 sps=2407 elapsed=121.4m
iter 4282/4882 steps=17539072 episodes=69361 score50=22.94 eps=0.010 loss=0.00722 q=0.779 trunc=0 sps=2407 elapsed=121.4m
iter 4283/4882 steps=17543168 episodes=69372 score50=23.00 eps=0.010 loss=0.00427 q=0.721 trunc=0 sps=2407 elapsed=121.5m
iter 4284/4882 steps=17547264 episodes=69379 score50=24.76 eps=0.010 loss=0.01542 q=0.743 trunc=0 sps=2407 elapsed=121.5m
iter 4285/4882 steps=17551360 episodes=69387 score50=24.70 eps=0.010 loss=0.00951 q=0.756 trunc=0 sps=2407 elapsed=121.5m
iter 4286/4882 steps=17555456 episodes=69398 score50=24.24 eps=0.010 loss=0.01358 q=0.723 trunc=0 sps=2407 elapsed=121.5m
iter 4287/4882 steps=17559552 episodes=69405 score50=25.10 eps=0.010 loss=0.00440 q=0.715 trunc=0 sps=2407 elapsed=121.6m
iter 4288/4882 steps=17563648 episodes=69423 score50=24.08 eps=0.010 loss=0.01871 q=0.712 trunc=0 sps=2407 elapsed=121.6m
iter 4289/4882 steps=17567744 episodes=69440 score50=22.82 eps=0.010 loss=0.02642 q=0.742 trunc=0 sps=2407 elapsed=121.6m
iter 4290/4882 steps=17571840 episodes=69451 score50=23.64 eps=0.010 loss=0.00398 q=0.736 trunc=0 sps=2407 elapsed=121.7m
iter 4291/4882 steps=17575936 episodes=69459 score50=21.38 eps=0.010 loss=0.00153 q=0.766 trunc=0 sps=2407 elapsed=121.7m
iter 4292/4882 steps=17580032 episodes=69472 score50=20.96 eps=0.010 loss=0.00622 q=0.722 trunc=0 sps=2407 elapsed=121.7m
iter 4293/4882 steps=17584128 episodes=69483 score50=20.76 eps=0.010 loss=0.03010 q=0.709 trunc=0 sps=2407 elapsed=121.7m
iter 4294/4882 steps=17588224 episodes=69492 score50=20.32 eps=0.010 loss=0.00278 q=0.727 trunc=0 sps=2407 elapsed=121.8m
iter 4295/4882 steps=17592320 episodes=69507 score50=21.78 eps=0.010 loss=0.01014 q=0.686 trunc=0 sps=2407 elapsed=121.8m
iter 4296/4882 steps=17596416 episodes=69528 score50=24.80 eps=0.010 loss=0.02265 q=0.753 trunc=0 sps=2407 elapsed=121.8m
iter 4297/4882 steps=17600512 episodes=69540 score50=25.44 eps=0.010 loss=0.00641 q=0.760 trunc=0 sps=2407 elapsed=121.9m
iter 4298/4882 steps=17604608 episodes=69549 score50=23.38 eps=0.010 loss=0.00755 q=0.745 trunc=0 sps=2407 elapsed=121.9m
iter 4299/4882 steps=17608704 episodes=69569 score50=20.82 eps=0.010 loss=0.00448 q=0.708 trunc=0 sps=2407 elapsed=121.9m
iter 4300/4882 steps=17612800 episodes=69579 score50=19.14 eps=0.010 loss=0.00645 q=0.741 trunc=0 sps=2407 elapsed=121.9m
  [eval] iter=4300 mean=21.20+-2.07 median=22.0 max=39 P(>=120)=0.00 entropy=1.08/2.20 wnorm=82.477 srank=276/512
iter 4301/4882 steps=17616896 episodes=69591 score50=19.30 eps=0.010 loss=0.00639 q=0.713 trunc=0 sps=2405 elapsed=122.1m
iter 4302/4882 steps=17620992 episodes=69597 score50=20.22 eps=0.010 loss=0.00620 q=0.721 trunc=0 sps=2405 elapsed=122.1m
iter 4303/4882 steps=17625088 episodes=69609 score50=21.14 eps=0.010 loss=0.01379 q=0.694 trunc=0 sps=2405 elapsed=122.1m
iter 4304/4882 steps=17629184 episodes=69625 score50=21.04 eps=0.010 loss=0.00728 q=0.677 trunc=0 sps=2405 elapsed=122.2m
iter 4305/4882 steps=17633280 episodes=69637 score50=21.60 eps=0.010 loss=0.00662 q=0.713 trunc=0 sps=2405 elapsed=122.2m
iter 4306/4882 steps=17637376 episodes=69647 score50=21.62 eps=0.010 loss=0.00691 q=0.686 trunc=0 sps=2405 elapsed=122.2m
iter 4307/4882 steps=17641472 episodes=69655 score50=20.10 eps=0.010 loss=0.01586 q=0.740 trunc=0 sps=2405 elapsed=122.3m
iter 4308/4882 steps=17645568 episodes=69671 score50=23.02 eps=0.010 loss=0.00475 q=0.724 trunc=0 sps=2405 elapsed=122.3m
iter 4309/4882 steps=17649664 episodes=69683 score50=24.26 eps=0.010 loss=0.01879 q=0.742 trunc=0 sps=2405 elapsed=122.3m
iter 4310/4882 steps=17653760 episodes=69697 score50=23.88 eps=0.010 loss=0.00525 q=0.760 trunc=0 sps=2405 elapsed=122.4m
iter 4311/4882 steps=17657856 episodes=69713 score50=23.58 eps=0.010 loss=0.00657 q=0.726 trunc=0 sps=2405 elapsed=122.4m
iter 4312/4882 steps=17661952 episodes=69724 score50=22.56 eps=0.010 loss=0.00542 q=0.757 trunc=0 sps=2405 elapsed=122.4m
iter 4313/4882 steps=17666048 episodes=69729 score50=22.08 eps=0.010 loss=0.00294 q=0.746 trunc=0 sps=2405 elapsed=122.4m
iter 4314/4882 steps=17670144 episodes=69742 score50=23.26 eps=0.010 loss=0.02173 q=0.742 trunc=0 sps=2405 elapsed=122.5m
iter 4315/4882 steps=17674240 episodes=69757 score50=21.42 eps=0.010 loss=0.00864 q=0.767 trunc=0 sps=2405 elapsed=122.5m
iter 4316/4882 steps=17678336 episodes=69767 score50=21.58 eps=0.010 loss=0.00453 q=0.720 trunc=0 sps=2405 elapsed=122.5m
iter 4317/4882 steps=17682432 episodes=69778 score50=21.00 eps=0.010 loss=0.03116 q=0.689 trunc=0 sps=2405 elapsed=122.5m
iter 4318/4882 steps=17686528 episodes=69788 score50=19.50 eps=0.010 loss=0.00356 q=0.676 trunc=0 sps=2405 elapsed=122.6m
iter 4319/4882 steps=17690624 episodes=69800 score50=21.88 eps=0.010 loss=0.00934 q=0.655 trunc=0 sps=2405 elapsed=122.6m
iter 4320/4882 steps=17694720 episodes=69813 score50=21.78 eps=0.010 loss=0.00547 q=0.720 trunc=0 sps=2405 elapsed=122.6m
iter 4321/4882 steps=17698816 episodes=69825 score50=22.06 eps=0.010 loss=0.00346 q=0.685 trunc=0 sps=2405 elapsed=122.7m
iter 4322/4882 steps=17702912 episodes=69833 score50=20.74 eps=0.010 loss=0.00938 q=0.676 trunc=0 sps=2405 elapsed=122.7m
iter 4323/4882 steps=17707008 episodes=69847 score50=22.44 eps=0.010 loss=0.00756 q=0.657 trunc=0 sps=2405 elapsed=122.7m
iter 4324/4882 steps=17711104 episodes=69858 score50=21.66 eps=0.010 loss=0.00265 q=0.710 trunc=0 sps=2405 elapsed=122.7m
iter 4325/4882 steps=17715200 episodes=69873 score50=24.04 eps=0.010 loss=0.00623 q=0.700 trunc=0 sps=2405 elapsed=122.8m
iter 4326/4882 steps=17719296 episodes=69885 score50=22.30 eps=0.010 loss=0.00511 q=0.682 trunc=0 sps=2405 elapsed=122.8m
iter 4327/4882 steps=17723392 episodes=69899 score50=22.80 eps=0.010 loss=0.00656 q=0.729 trunc=0 sps=2405 elapsed=122.8m
iter 4328/4882 steps=17727488 episodes=69904 score50=23.36 eps=0.010 loss=0.00415 q=0.722 trunc=0 sps=2405 elapsed=122.9m
iter 4329/4882 steps=17731584 episodes=69917 score50=22.32 eps=0.010 loss=0.00485 q=0.710 trunc=0 sps=2405 elapsed=122.9m
iter 4330/4882 steps=17735680 episodes=69928 score50=23.18 eps=0.010 loss=0.00785 q=0.677 trunc=0 sps=2405 elapsed=122.9m
iter 4331/4882 steps=17739776 episodes=69942 score50=24.44 eps=0.010 loss=0.00458 q=0.668 trunc=0 sps=2405 elapsed=122.9m
iter 4332/4882 steps=17743872 episodes=69950 score50=23.72 eps=0.010 loss=0.00227 q=0.703 trunc=0 sps=2405 elapsed=123.0m
iter 4333/4882 steps=17747968 episodes=69956 score50=23.36 eps=0.010 loss=0.00372 q=0.720 trunc=0 sps=2405 elapsed=123.0m
iter 4334/4882 steps=17752064 episodes=69967 score50=22.52 eps=0.010 loss=0.04034 q=0.664 trunc=0 sps=2405 elapsed=123.0m
iter 4335/4882 steps=17756160 episodes=69982 score50=23.40 eps=0.010 loss=0.00300 q=0.702 trunc=0 sps=2405 elapsed=123.1m
iter 4336/4882 steps=17760256 episodes=69996 score50=24.06 eps=0.010 loss=0.00542 q=0.686 trunc=0 sps=2405 elapsed=123.1m
iter 4337/4882 steps=17764352 episodes=70008 score50=23.00 eps=0.010 loss=0.00488 q=0.738 trunc=0 sps=2405 elapsed=123.1m
iter 4338/4882 steps=17768448 episodes=70023 score50=24.48 eps=0.010 loss=0.01021 q=0.718 trunc=0 sps=2405 elapsed=123.1m
iter 4339/4882 steps=17772544 episodes=70049 score50=23.44 eps=0.010 loss=0.00936 q=0.745 trunc=0 sps=2405 elapsed=123.2m
iter 4340/4882 steps=17776640 episodes=70058 score50=23.82 eps=0.010 loss=0.00990 q=0.794 trunc=0 sps=2405 elapsed=123.2m
iter 4341/4882 steps=17780736 episodes=70061 score50=24.22 eps=0.010 loss=0.00698 q=0.790 trunc=0 sps=2405 elapsed=123.2m
iter 4342/4882 steps=17784832 episodes=70069 score50=23.84 eps=0.010 loss=0.00642 q=0.729 trunc=0 sps=2405 elapsed=123.2m
iter 4343/4882 steps=17788928 episodes=70087 score50=21.96 eps=0.010 loss=0.02709 q=0.663 trunc=0 sps=2405 elapsed=123.3m
iter 4344/4882 steps=17793024 episodes=70098 score50=21.10 eps=0.010 loss=0.00659 q=0.669 trunc=0 sps=2405 elapsed=123.3m
iter 4345/4882 steps=17797120 episodes=70107 score50=20.90 eps=0.010 loss=0.00319 q=0.702 trunc=0 sps=2405 elapsed=123.3m
iter 4346/4882 steps=17801216 episodes=70123 score50=20.96 eps=0.010 loss=0.00707 q=0.727 trunc=0 sps=2405 elapsed=123.4m
iter 4347/4882 steps=17805312 episodes=70138 score50=20.12 eps=0.010 loss=0.01649 q=0.647 trunc=0 sps=2405 elapsed=123.4m
iter 4348/4882 steps=17809408 episodes=70157 score50=19.14 eps=0.010 loss=0.01004 q=0.650 trunc=0 sps=2405 elapsed=123.4m
iter 4349/4882 steps=17813504 episodes=70172 score50=19.72 eps=0.010 loss=0.01331 q=0.681 trunc=0 sps=2405 elapsed=123.5m
iter 4350/4882 steps=17817600 episodes=70184 score50=20.20 eps=0.010 loss=0.01386 q=0.682 trunc=0 sps=2405 elapsed=123.5m
iter 4351/4882 steps=17821696 episodes=70194 score50=21.06 eps=0.010 loss=0.01036 q=0.680 trunc=0 sps=2405 elapsed=123.5m
iter 4352/4882 steps=17825792 episodes=70206 score50=20.42 eps=0.010 loss=0.01395 q=0.696 trunc=0 sps=2405 elapsed=123.5m
iter 4353/4882 steps=17829888 episodes=70217 score50=20.32 eps=0.010 loss=0.00487 q=0.704 trunc=0 sps=2405 elapsed=123.6m
iter 4354/4882 steps=17833984 episodes=70234 score50=19.00 eps=0.010 loss=0.01751 q=0.686 trunc=0 sps=2405 elapsed=123.6m
iter 4355/4882 steps=17838080 episodes=70252 score50=21.08 eps=0.010 loss=0.00453 q=0.735 trunc=0 sps=2405 elapsed=123.6m
iter 4356/4882 steps=17842176 episodes=70258 score50=22.32 eps=0.010 loss=0.00399 q=0.745 trunc=0 sps=2405 elapsed=123.6m
iter 4357/4882 steps=17846272 episodes=70270 score50=21.20 eps=0.010 loss=0.00470 q=0.723 trunc=0 sps=2405 elapsed=123.7m
iter 4358/4882 steps=17850368 episodes=70276 score50=21.60 eps=0.010 loss=0.00355 q=0.689 trunc=0 sps=2405 elapsed=123.7m
iter 4359/4882 steps=17854464 episodes=70287 score50=22.12 eps=0.010 loss=0.02406 q=0.724 trunc=0 sps=2405 elapsed=123.7m
iter 4360/4882 steps=17858560 episodes=70302 score50=20.82 eps=0.010 loss=0.00602 q=0.659 trunc=0 sps=2405 elapsed=123.8m
iter 4361/4882 steps=17862656 episodes=70313 score50=20.00 eps=0.010 loss=0.00570 q=0.651 trunc=0 sps=2405 elapsed=123.8m
iter 4362/4882 steps=17866752 episodes=70326 score50=21.24 eps=0.010 loss=0.00905 q=0.660 trunc=0 sps=2405 elapsed=123.8m
iter 4363/4882 steps=17870848 episodes=70339 score50=21.10 eps=0.010 loss=0.00738 q=0.668 trunc=0 sps=2405 elapsed=123.8m
iter 4364/4882 steps=17874944 episodes=70350 score50=21.72 eps=0.010 loss=0.00513 q=0.647 trunc=0 sps=2405 elapsed=123.9m
iter 4365/4882 steps=17879040 episodes=70359 score50=21.06 eps=0.010 loss=0.00359 q=0.690 trunc=0 sps=2405 elapsed=123.9m
iter 4366/4882 steps=17883136 episodes=70370 score50=21.92 eps=0.010 loss=0.00402 q=0.682 trunc=0 sps=2405 elapsed=123.9m
iter 4367/4882 steps=17887232 episodes=70378 score50=22.64 eps=0.010 loss=0.00221 q=0.691 trunc=0 sps=2405 elapsed=123.9m
iter 4368/4882 steps=17891328 episodes=70385 score50=23.36 eps=0.010 loss=0.00186 q=0.662 trunc=0 sps=2405 elapsed=124.0m
iter 4369/4882 steps=17895424 episodes=70395 score50=23.54 eps=0.010 loss=0.00166 q=0.648 trunc=0 sps=2405 elapsed=124.0m
iter 4370/4882 steps=17899520 episodes=70415 score50=22.62 eps=0.010 loss=0.01721 q=0.655 trunc=0 sps=2405 elapsed=124.0m
iter 4371/4882 steps=17903616 episodes=70428 score50=23.46 eps=0.010 loss=0.01243 q=0.661 trunc=0 sps=2405 elapsed=124.1m
iter 4372/4882 steps=17907712 episodes=70442 score50=24.36 eps=0.010 loss=0.01683 q=0.668 trunc=0 sps=2405 elapsed=124.1m
iter 4373/4882 steps=17911808 episodes=70463 score50=25.70 eps=0.010 loss=0.00646 q=0.676 trunc=0 sps=2405 elapsed=124.1m
iter 4374/4882 steps=17915904 episodes=70472 score50=24.08 eps=0.010 loss=0.00508 q=0.675 trunc=0 sps=2405 elapsed=124.2m
iter 4375/4882 steps=17920000 episodes=70476 score50=22.30 eps=0.010 loss=0.00621 q=0.636 trunc=0 sps=2405 elapsed=124.2m
iter 4376/4882 steps=17924096 episodes=70486 score50=20.54 eps=0.010 loss=0.00858 q=0.608 trunc=0 sps=2405 elapsed=124.2m
iter 4377/4882 steps=17928192 episodes=70493 score50=20.72 eps=0.010 loss=0.00777 q=0.632 trunc=0 sps=2405 elapsed=124.2m
iter 4378/4882 steps=17932288 episodes=70510 score50=20.78 eps=0.010 loss=0.00418 q=0.596 trunc=0 sps=2405 elapsed=124.3m
iter 4379/4882 steps=17936384 episodes=70524 score50=22.64 eps=0.010 loss=0.01078 q=0.595 trunc=0 sps=2405 elapsed=124.3m
iter 4380/4882 steps=17940480 episodes=70539 score50=24.22 eps=0.010 loss=0.02329 q=0.572 trunc=0 sps=2405 elapsed=124.3m
iter 4381/4882 steps=17944576 episodes=70554 score50=22.98 eps=0.010 loss=0.00224 q=0.633 trunc=0 sps=2405 elapsed=124.3m
iter 4382/4882 steps=17948672 episodes=70568 score50=23.06 eps=0.010 loss=0.02436 q=0.602 trunc=0 sps=2405 elapsed=124.4m
iter 4383/4882 steps=17952768 episodes=70579 score50=22.76 eps=0.010 loss=0.00441 q=0.622 trunc=0 sps=2405 elapsed=124.4m
iter 4384/4882 steps=17956864 episodes=70598 score50=21.20 eps=0.010 loss=0.01494 q=0.669 trunc=0 sps=2405 elapsed=124.4m
iter 4385/4882 steps=17960960 episodes=70616 score50=18.56 eps=0.010 loss=0.01769 q=0.673 trunc=0 sps=2405 elapsed=124.5m
iter 4386/4882 steps=17965056 episodes=70622 score50=17.84 eps=0.010 loss=0.00346 q=0.639 trunc=0 sps=2405 elapsed=124.5m
iter 4387/4882 steps=17969152 episodes=70639 score50=15.84 eps=0.010 loss=0.01411 q=0.643 trunc=0 sps=2405 elapsed=124.5m
iter 4388/4882 steps=17973248 episodes=70654 score50=18.68 eps=0.010 loss=0.00632 q=0.629 trunc=0 sps=2405 elapsed=124.6m
iter 4389/4882 steps=17977344 episodes=70670 score50=20.22 eps=0.010 loss=0.00576 q=0.645 trunc=0 sps=2405 elapsed=124.6m
iter 4390/4882 steps=17981440 episodes=70695 score50=17.90 eps=0.010 loss=0.02889 q=0.658 trunc=0 sps=2405 elapsed=124.6m
iter 4391/4882 steps=17985536 episodes=70712 score50=16.62 eps=0.010 loss=0.02389 q=0.636 trunc=0 sps=2405 elapsed=124.6m
iter 4392/4882 steps=17989632 episodes=70730 score50=16.78 eps=0.010 loss=0.00648 q=0.634 trunc=0 sps=2405 elapsed=124.7m
iter 4393/4882 steps=17993728 episodes=70743 score50=16.12 eps=0.010 loss=0.02948 q=0.633 trunc=0 sps=2405 elapsed=124.7m
iter 4394/4882 steps=17997824 episodes=70761 score50=16.20 eps=0.010 loss=0.00435 q=0.694 trunc=0 sps=2405 elapsed=124.7m
iter 4395/4882 steps=18001920 episodes=70770 score50=14.26 eps=0.010 loss=0.00467 q=0.676 trunc=0 sps=2405 elapsed=124.7m
iter 4396/4882 steps=18006016 episodes=70784 score50=14.46 eps=0.010 loss=0.00615 q=0.631 trunc=0 sps=2405 elapsed=124.8m
iter 4397/4882 steps=18010112 episodes=70796 score50=18.02 eps=0.010 loss=0.00853 q=0.647 trunc=0 sps=2405 elapsed=124.8m
iter 4398/4882 steps=18014208 episodes=70805 score50=20.44 eps=0.010 loss=0.00405 q=0.673 trunc=0 sps=2405 elapsed=124.8m
iter 4399/4882 steps=18018304 episodes=70816 score50=21.34 eps=0.010 loss=0.00706 q=0.635 trunc=0 sps=2405 elapsed=124.9m
iter 4400/4882 steps=18022400 episodes=70828 score50=21.50 eps=0.010 loss=0.02089 q=0.607 trunc=0 sps=2405 elapsed=124.9m
  [eval] iter=4400 mean=17.20+-2.18 median=16.5 max=39 P(>=120)=0.00 entropy=1.67/2.20 wnorm=84.116 srank=286/512
iter 4401/4882 steps=18026496 episodes=70844 score50=21.06 eps=0.010 loss=0.01510 q=0.597 trunc=0 sps=2403 elapsed=125.0m
iter 4402/4882 steps=18030592 episodes=70852 score50=20.22 eps=0.010 loss=0.00249 q=0.663 trunc=0 sps=2403 elapsed=125.0m
iter 4403/4882 steps=18034688 episodes=70865 score50=18.78 eps=0.010 loss=0.00605 q=0.647 trunc=0 sps=2403 elapsed=125.1m
iter 4404/4882 steps=18038784 episodes=70877 score50=19.90 eps=0.010 loss=0.01381 q=0.603 trunc=0 sps=2404 elapsed=125.1m
iter 4405/4882 steps=18042880 episodes=70891 score50=20.82 eps=0.010 loss=0.00564 q=0.640 trunc=0 sps=2404 elapsed=125.1m
iter 4406/4882 steps=18046976 episodes=70899 score50=21.80 eps=0.010 loss=0.00402 q=0.665 trunc=0 sps=2404 elapsed=125.1m
iter 4407/4882 steps=18051072 episodes=70907 score50=22.76 eps=0.010 loss=0.00223 q=0.656 trunc=0 sps=2404 elapsed=125.2m
iter 4408/4882 steps=18055168 episodes=70919 score50=23.88 eps=0.010 loss=0.02071 q=0.659 trunc=0 sps=2403 elapsed=125.2m
iter 4409/4882 steps=18059264 episodes=70929 score50=23.24 eps=0.010 loss=0.00364 q=0.677 trunc=0 sps=2403 elapsed=125.2m
iter 4410/4882 steps=18063360 episodes=70937 score50=23.10 eps=0.010 loss=0.00472 q=0.654 trunc=0 sps=2403 elapsed=125.3m
iter 4411/4882 steps=18067456 episodes=70945 score50=23.38 eps=0.010 loss=0.00663 q=0.644 trunc=0 sps=2403 elapsed=125.3m
iter 4412/4882 steps=18071552 episodes=70960 score50=23.96 eps=0.010 loss=0.00375 q=0.674 trunc=0 sps=2403 elapsed=125.3m
iter 4413/4882 steps=18075648 episodes=70970 score50=23.94 eps=0.010 loss=0.00205 q=0.678 trunc=0 sps=2403 elapsed=125.3m
iter 4414/4882 steps=18079744 episodes=70982 score50=24.42 eps=0.010 loss=0.00986 q=0.646 trunc=0 sps=2403 elapsed=125.4m
iter 4415/4882 steps=18083840 episodes=70987 score50=24.84 eps=0.010 loss=0.00192 q=0.736 trunc=0 sps=2403 elapsed=125.4m
iter 4416/4882 steps=18087936 episodes=71002 score50=24.80 eps=0.010 loss=0.00342 q=0.671 trunc=0 sps=2403 elapsed=125.4m
iter 4417/4882 steps=18092032 episodes=71015 score50=24.42 eps=0.010 loss=0.01097 q=0.665 trunc=0 sps=2403 elapsed=125.5m
iter 4418/4882 steps=18096128 episodes=71034 score50=22.64 eps=0.010 loss=0.00346 q=0.676 trunc=0 sps=2403 elapsed=125.5m
iter 4419/4882 steps=18100224 episodes=71051 score50=21.92 eps=0.010 loss=0.01085 q=0.678 trunc=0 sps=2403 elapsed=125.5m
iter 4420/4882 steps=18104320 episodes=71065 score50=23.54 eps=0.010 loss=0.00275 q=0.741 trunc=0 sps=2403 elapsed=125.6m
iter 4421/4882 steps=18108416 episodes=71069 score50=23.82 eps=0.010 loss=0.00299 q=0.753 trunc=0 sps=2403 elapsed=125.6m
iter 4422/4882 steps=18112512 episodes=71079 score50=24.08 eps=0.010 loss=0.00324 q=0.645 trunc=0 sps=2403 elapsed=125.6m
iter 4423/4882 steps=18116608 episodes=71090 score50=24.92 eps=0.010 loss=0.00383 q=0.699 trunc=0 sps=2403 elapsed=125.6m
iter 4424/4882 steps=18120704 episodes=71095 score50=25.12 eps=0.010 loss=0.01393 q=0.722 trunc=0 sps=2403 elapsed=125.7m
iter 4425/4882 steps=18124800 episodes=71109 score50=25.08 eps=0.010 loss=0.01972 q=0.612 trunc=0 sps=2403 elapsed=125.7m
iter 4426/4882 steps=18128896 episodes=71125 score50=25.24 eps=0.010 loss=0.00579 q=0.693 trunc=0 sps=2403 elapsed=125.7m
iter 4427/4882 steps=18132992 episodes=71135 score50=24.58 eps=0.010 loss=0.00465 q=0.653 trunc=0 sps=2403 elapsed=125.8m
iter 4428/4882 steps=18137088 episodes=71148 score50=21.92 eps=0.010 loss=0.00552 q=0.625 trunc=0 sps=2403 elapsed=125.8m
iter 4429/4882 steps=18141184 episodes=71163 score50=20.16 eps=0.010 loss=0.00578 q=0.645 trunc=0 sps=2403 elapsed=125.8m
iter 4430/4882 steps=18145280 episodes=71177 score50=19.30 eps=0.010 loss=0.02243 q=0.645 trunc=0 sps=2403 elapsed=125.8m
iter 4431/4882 steps=18149376 episodes=71186 score50=18.96 eps=0.010 loss=0.00746 q=0.618 trunc=0 sps=2403 elapsed=125.9m
iter 4432/4882 steps=18153472 episodes=71199 score50=20.12 eps=0.010 loss=0.03296 q=0.608 trunc=0 sps=2403 elapsed=125.9m
iter 4433/4882 steps=18157568 episodes=71214 score50=20.64 eps=0.010 loss=0.00766 q=0.617 trunc=0 sps=2403 elapsed=125.9m
iter 4434/4882 steps=18161664 episodes=71222 score50=20.72 eps=0.010 loss=0.00607 q=0.635 trunc=0 sps=2403 elapsed=126.0m
iter 4435/4882 steps=18165760 episodes=71227 score50=21.26 eps=0.010 loss=0.01298 q=0.597 trunc=0 sps=2403 elapsed=126.0m
iter 4436/4882 steps=18169856 episodes=71241 score50=22.54 eps=0.010 loss=0.01177 q=0.656 trunc=0 sps=2403 elapsed=126.0m
iter 4437/4882 steps=18173952 episodes=71252 score50=24.90 eps=0.010 loss=0.00369 q=0.630 trunc=0 sps=2403 elapsed=126.0m
iter 4438/4882 steps=18178048 episodes=71267 score50=26.00 eps=0.010 loss=0.01495 q=0.672 trunc=0 sps=2403 elapsed=126.1m
iter 4439/4882 steps=18182144 episodes=71273 score50=25.96 eps=0.010 loss=0.00309 q=0.668 trunc=0 sps=2403 elapsed=126.1m
iter 4440/4882 steps=18186240 episodes=71284 score50=26.18 eps=0.010 loss=0.00990 q=0.646 trunc=0 sps=2403 elapsed=126.1m
iter 4441/4882 steps=18190336 episodes=71297 score50=24.16 eps=0.010 loss=0.01854 q=0.650 trunc=0 sps=2403 elapsed=126.2m
iter 4442/4882 steps=18194432 episodes=71310 score50=24.80 eps=0.010 loss=0.00335 q=0.639 trunc=0 sps=2403 elapsed=126.2m
iter 4443/4882 steps=18198528 episodes=71320 score50=25.50 eps=0.010 loss=0.00731 q=0.696 trunc=0 sps=2403 elapsed=126.2m
iter 4444/4882 steps=18202624 episodes=71331 score50=24.00 eps=0.010 loss=0.00211 q=0.703 trunc=0 sps=2403 elapsed=126.2m
iter 4445/4882 steps=18206720 episodes=71343 score50=25.54 eps=0.010 loss=0.00433 q=0.675 trunc=0 sps=2403 elapsed=126.3m
iter 4446/4882 steps=18210816 episodes=71351 score50=25.82 eps=0.010 loss=0.00364 q=0.687 trunc=0 sps=2403 elapsed=126.3m
iter 4447/4882 steps=18214912 episodes=71360 score50=25.40 eps=0.010 loss=0.00505 q=0.684 trunc=0 sps=2403 elapsed=126.3m
iter 4448/4882 steps=18219008 episodes=71363 score50=24.38 eps=0.010 loss=0.00209 q=0.648 trunc=0 sps=2403 elapsed=126.4m
iter 4449/4882 steps=18223104 episodes=71375 score50=24.66 eps=0.010 loss=0.00298 q=0.695 trunc=0 sps=2403 elapsed=126.4m
iter 4450/4882 steps=18227200 episodes=71382 score50=26.02 eps=0.010 loss=0.00316 q=0.673 trunc=0 sps=2403 elapsed=126.4m
iter 4451/4882 steps=18231296 episodes=71403 score50=25.38 eps=0.010 loss=0.00865 q=0.666 trunc=0 sps=2403 elapsed=126.4m
iter 4452/4882 steps=18235392 episodes=71413 score50=26.08 eps=0.010 loss=0.00802 q=0.724 trunc=0 sps=2403 elapsed=126.5m
iter 4453/4882 steps=18239488 episodes=71425 score50=24.74 eps=0.010 loss=0.00725 q=0.704 trunc=0 sps=2403 elapsed=126.5m
iter 4454/4882 steps=18243584 episodes=71445 score50=19.54 eps=0.010 loss=0.04807 q=0.652 trunc=0 sps=2403 elapsed=126.5m
iter 4455/4882 steps=18247680 episodes=71464 score50=18.18 eps=0.010 loss=0.00521 q=0.712 trunc=0 sps=2403 elapsed=126.6m
iter 4456/4882 steps=18251776 episodes=71481 score50=18.40 eps=0.010 loss=0.01040 q=0.675 trunc=0 sps=2403 elapsed=126.6m
iter 4457/4882 steps=18255872 episodes=71501 score50=19.04 eps=0.010 loss=0.00802 q=0.721 trunc=0 sps=2403 elapsed=126.6m
iter 4458/4882 steps=18259968 episodes=71515 score50=16.60 eps=0.010 loss=0.01152 q=0.703 trunc=0 sps=2403 elapsed=126.6m
iter 4459/4882 steps=18264064 episodes=71531 score50=15.32 eps=0.010 loss=0.01068 q=0.661 trunc=0 sps=2403 elapsed=126.7m
iter 4460/4882 steps=18268160 episodes=71552 score50=16.24 eps=0.010 loss=0.00451 q=0.696 trunc=0 sps=2403 elapsed=126.7m
iter 4461/4882 steps=18272256 episodes=71571 score50=17.58 eps=0.010 loss=0.02519 q=0.647 trunc=0 sps=2403 elapsed=126.7m
iter 4462/4882 steps=18276352 episodes=71589 score50=17.78 eps=0.010 loss=0.00474 q=0.707 trunc=0 sps=2403 elapsed=126.8m
iter 4463/4882 steps=18280448 episodes=71602 score50=17.56 eps=0.010 loss=0.02007 q=0.746 trunc=0 sps=2403 elapsed=126.8m
iter 4464/4882 steps=18284544 episodes=71610 score50=16.80 eps=0.010 loss=0.00927 q=0.752 trunc=0 sps=2403 elapsed=126.8m
iter 4465/4882 steps=18288640 episodes=71621 score50=17.72 eps=0.010 loss=0.01225 q=0.707 trunc=0 sps=2403 elapsed=126.8m
iter 4466/4882 steps=18292736 episodes=71635 score50=18.56 eps=0.010 loss=0.00622 q=0.750 trunc=0 sps=2403 elapsed=126.9m
iter 4467/4882 steps=18296832 episodes=71645 score50=19.40 eps=0.010 loss=0.01511 q=0.747 trunc=0 sps=2403 elapsed=126.9m
iter 4468/4882 steps=18300928 episodes=71657 score50=21.84 eps=0.010 loss=0.00859 q=0.733 trunc=0 sps=2403 elapsed=126.9m
iter 4469/4882 steps=18305024 episodes=71666 score50=22.26 eps=0.010 loss=0.01681 q=0.705 trunc=0 sps=2403 elapsed=126.9m
iter 4470/4882 steps=18309120 episodes=71677 score50=22.24 eps=0.010 loss=0.01975 q=0.717 trunc=0 sps=2403 elapsed=127.0m
iter 4471/4882 steps=18313216 episodes=71687 score50=22.72 eps=0.010 loss=0.00287 q=0.689 trunc=0 sps=2403 elapsed=127.0m
iter 4472/4882 steps=18317312 episodes=71697 score50=20.72 eps=0.010 loss=0.01123 q=0.662 trunc=0 sps=2403 elapsed=127.0m
iter 4473/4882 steps=18321408 episodes=71711 score50=21.34 eps=0.010 loss=0.00261 q=0.664 trunc=0 sps=2403 elapsed=127.1m
iter 4474/4882 steps=18325504 episodes=71716 score50=22.10 eps=0.010 loss=0.00609 q=0.648 trunc=0 sps=2403 elapsed=127.1m
iter 4475/4882 steps=18329600 episodes=71729 score50=22.96 eps=0.010 loss=0.01534 q=0.677 trunc=0 sps=2403 elapsed=127.1m
iter 4476/4882 steps=18333696 episodes=71741 score50=24.14 eps=0.010 loss=0.00543 q=0.689 trunc=0 sps=2403 elapsed=127.1m
iter 4477/4882 steps=18337792 episodes=71753 score50=25.58 eps=0.010 loss=0.00223 q=0.674 trunc=0 sps=2403 elapsed=127.2m
iter 4478/4882 steps=18341888 episodes=71766 score50=24.16 eps=0.010 loss=0.02487 q=0.693 trunc=0 sps=2403 elapsed=127.2m
iter 4479/4882 steps=18345984 episodes=71775 score50=24.48 eps=0.010 loss=0.00482 q=0.679 trunc=0 sps=2403 elapsed=127.2m
iter 4480/4882 steps=18350080 episodes=71788 score50=23.74 eps=0.010 loss=0.00361 q=0.696 trunc=0 sps=2403 elapsed=127.3m
iter 4481/4882 steps=18354176 episodes=71792 score50=23.26 eps=0.010 loss=0.00792 q=0.654 trunc=0 sps=2403 elapsed=127.3m
iter 4482/4882 steps=18358272 episodes=71809 score50=23.12 eps=0.010 loss=0.00270 q=0.682 trunc=0 sps=2403 elapsed=127.3m
iter 4483/4882 steps=18362368 episodes=71818 score50=23.46 eps=0.010 loss=0.01069 q=0.633 trunc=0 sps=2403 elapsed=127.3m
iter 4484/4882 steps=18366464 episodes=71832 score50=23.94 eps=0.010 loss=0.00262 q=0.670 trunc=0 sps=2403 elapsed=127.4m
iter 4485/4882 steps=18370560 episodes=71847 score50=24.38 eps=0.010 loss=0.00981 q=0.652 trunc=0 sps=2403 elapsed=127.4m
iter 4486/4882 steps=18374656 episodes=71855 score50=24.58 eps=0.010 loss=0.00288 q=0.697 trunc=0 sps=2403 elapsed=127.4m
iter 4487/4882 steps=18378752 episodes=71868 score50=24.76 eps=0.010 loss=0.00574 q=0.670 trunc=0 sps=2403 elapsed=127.5m
iter 4488/4882 steps=18382848 episodes=71875 score50=24.72 eps=0.010 loss=0.00345 q=0.683 trunc=0 sps=2403 elapsed=127.5m
iter 4489/4882 steps=18386944 episodes=71885 score50=23.18 eps=0.010 loss=0.00923 q=0.661 trunc=0 sps=2403 elapsed=127.5m
iter 4490/4882 steps=18391040 episodes=71896 score50=23.22 eps=0.010 loss=0.00582 q=0.649 trunc=0 sps=2403 elapsed=127.5m
iter 4491/4882 steps=18395136 episodes=71912 score50=23.52 eps=0.010 loss=0.00477 q=0.604 trunc=0 sps=2403 elapsed=127.6m
iter 4492/4882 steps=18399232 episodes=71920 score50=22.56 eps=0.010 loss=0.01440 q=0.697 trunc=0 sps=2403 elapsed=127.6m
iter 4493/4882 steps=18403328 episodes=71931 score50=25.08 eps=0.010 loss=0.00490 q=0.653 trunc=0 sps=2403 elapsed=127.6m
iter 4494/4882 steps=18407424 episodes=71938 score50=25.60 eps=0.010 loss=0.00200 q=0.661 trunc=0 sps=2403 elapsed=127.7m
iter 4495/4882 steps=18411520 episodes=71946 score50=25.70 eps=0.010 loss=0.00504 q=0.704 trunc=0 sps=2403 elapsed=127.7m
iter 4496/4882 steps=18415616 episodes=71958 score50=25.18 eps=0.010 loss=0.00330 q=0.652 trunc=0 sps=2403 elapsed=127.7m
iter 4497/4882 steps=18419712 episodes=71969 score50=24.40 eps=0.010 loss=0.00668 q=0.665 trunc=0 sps=2403 elapsed=127.8m
iter 4498/4882 steps=18423808 episodes=71986 score50=23.14 eps=0.010 loss=0.03190 q=0.711 trunc=0 sps=2403 elapsed=127.8m
iter 4499/4882 steps=18427904 episodes=71997 score50=22.88 eps=0.010 loss=0.00793 q=0.665 trunc=0 sps=2403 elapsed=127.8m
iter 4500/4882 steps=18432000 episodes=72018 score50=22.78 eps=0.010 loss=0.03780 q=0.733 trunc=0 sps=2403 elapsed=127.8m
  [eval] iter=4500 mean=20.00+-1.55 median=20.0 max=35 P(>=120)=0.00 entropy=1.08/2.20 wnorm=85.563 srank=289/512
iter 4501/4882 steps=18436096 episodes=72032 score50=21.54 eps=0.010 loss=0.00897 q=0.745 trunc=0 sps=2401 elapsed=128.0m
iter 4502/4882 steps=18440192 episodes=72040 score50=21.60 eps=0.010 loss=0.00549 q=0.733 trunc=0 sps=2401 elapsed=128.0m
iter 4503/4882 steps=18444288 episodes=72052 score50=21.94 eps=0.010 loss=0.02461 q=0.757 trunc=0 sps=2401 elapsed=128.0m
iter 4504/4882 steps=18448384 episodes=72060 score50=22.44 eps=0.010 loss=0.00736 q=0.693 trunc=0 sps=2401 elapsed=128.0m
iter 4505/4882 steps=18452480 episodes=72073 score50=25.30 eps=0.010 loss=0.01215 q=0.741 trunc=0 sps=2401 elapsed=128.1m
iter 4506/4882 steps=18456576 episodes=72082 score50=24.84 eps=0.010 loss=0.00211 q=0.783 trunc=0 sps=2401 elapsed=128.1m
iter 4507/4882 steps=18460672 episodes=72087 score50=25.36 eps=0.010 loss=0.00212 q=0.781 trunc=0 sps=2401 elapsed=128.1m
iter 4508/4882 steps=18464768 episodes=72100 score50=24.66 eps=0.010 loss=0.00475 q=0.734 trunc=0 sps=2401 elapsed=128.2m
iter 4509/4882 steps=18468864 episodes=72110 score50=24.66 eps=0.010 loss=0.00316 q=0.767 trunc=0 sps=2401 elapsed=128.2m
iter 4510/4882 steps=18472960 episodes=72124 score50=23.82 eps=0.010 loss=0.02764 q=0.791 trunc=0 sps=2401 elapsed=128.2m
iter 4511/4882 steps=18477056 episodes=72132 score50=24.88 eps=0.010 loss=0.01121 q=0.719 trunc=0 sps=2401 elapsed=128.2m
iter 4512/4882 steps=18481152 episodes=72144 score50=24.12 eps=0.010 loss=0.00561 q=0.771 trunc=0 sps=2401 elapsed=128.3m
iter 4513/4882 steps=18485248 episodes=72158 score50=23.62 eps=0.010 loss=0.00179 q=0.779 trunc=0 sps=2401 elapsed=128.3m
iter 4514/4882 steps=18489344 episodes=72169 score50=23.40 eps=0.010 loss=0.02271 q=0.795 trunc=0 sps=2401 elapsed=128.3m
iter 4515/4882 steps=18493440 episodes=72178 score50=23.64 eps=0.010 loss=0.02145 q=0.758 trunc=0 sps=2401 elapsed=128.4m
iter 4516/4882 steps=18497536 episodes=72187 score50=22.74 eps=0.010 loss=0.00478 q=0.758 trunc=0 sps=2401 elapsed=128.4m
iter 4517/4882 steps=18501632 episodes=72196 score50=23.86 eps=0.010 loss=0.00354 q=0.776 trunc=0 sps=2401 elapsed=128.4m
iter 4518/4882 steps=18505728 episodes=72206 score50=24.94 eps=0.010 loss=0.00405 q=0.771 trunc=0 sps=2401 elapsed=128.4m
iter 4519/4882 steps=18509824 episodes=72215 score50=25.34 eps=0.010 loss=0.00245 q=0.772 trunc=0 sps=2401 elapsed=128.5m
iter 4520/4882 steps=18513920 episodes=72228 score50=26.96 eps=0.010 loss=0.00759 q=0.757 trunc=0 sps=2401 elapsed=128.5m
iter 4521/4882 steps=18518016 episodes=72242 score50=27.00 eps=0.010 loss=0.00392 q=0.788 trunc=0 sps=2401 elapsed=128.5m
iter 4522/4882 steps=18522112 episodes=72251 score50=26.06 eps=0.010 loss=0.00738 q=0.792 trunc=0 sps=2401 elapsed=128.6m
iter 4523/4882 steps=18526208 episodes=72262 score50=25.66 eps=0.010 loss=0.00239 q=0.811 trunc=0 sps=2401 elapsed=128.6m
iter 4524/4882 steps=18530304 episodes=72274 score50=23.66 eps=0.010 loss=0.00297 q=0.806 trunc=0 sps=2401 elapsed=128.6m
iter 4525/4882 steps=18534400 episodes=72288 score50=22.92 eps=0.010 loss=0.03763 q=0.849 trunc=0 sps=2401 elapsed=128.6m
iter 4526/4882 steps=18538496 episodes=72301 score50=22.66 eps=0.010 loss=0.01557 q=0.791 trunc=0 sps=2401 elapsed=128.7m
iter 4527/4882 steps=18542592 episodes=72314 score50=23.08 eps=0.010 loss=0.00975 q=0.801 trunc=0 sps=2401 elapsed=128.7m
iter 4528/4882 steps=18546688 episodes=72327 score50=23.10 eps=0.010 loss=0.00367 q=0.838 trunc=0 sps=2401 elapsed=128.7m
iter 4529/4882 steps=18550784 episodes=72334 score50=22.60 eps=0.010 loss=0.01048 q=0.796 trunc=0 sps=2401 elapsed=128.8m
iter 4530/4882 steps=18554880 episodes=72341 score50=24.20 eps=0.010 loss=0.00888 q=0.802 trunc=0 sps=2401 elapsed=128.8m
iter 4531/4882 steps=18558976 episodes=72352 score50=24.80 eps=0.010 loss=0.01730 q=0.771 trunc=0 sps=2401 elapsed=128.8m
iter 4532/4882 steps=18563072 episodes=72364 score50=24.90 eps=0.010 loss=0.00909 q=0.730 trunc=0 sps=2401 elapsed=128.8m
iter 4533/4882 steps=18567168 episodes=72370 score50=24.36 eps=0.010 loss=0.00286 q=0.765 trunc=0 sps=2401 elapsed=128.9m
iter 4534/4882 steps=18571264 episodes=72381 score50=23.58 eps=0.010 loss=0.01745 q=0.778 trunc=0 sps=2401 elapsed=128.9m
iter 4535/4882 steps=18575360 episodes=72393 score50=23.72 eps=0.010 loss=0.01556 q=0.757 trunc=0 sps=2401 elapsed=128.9m
iter 4536/4882 steps=18579456 episodes=72405 score50=24.58 eps=0.010 loss=0.06628 q=0.760 trunc=0 sps=2401 elapsed=129.0m
iter 4537/4882 steps=18583552 episodes=72427 score50=24.50 eps=0.010 loss=0.02148 q=0.684 trunc=0 sps=2401 elapsed=129.0m
iter 4538/4882 steps=18587648 episodes=72441 score50=22.64 eps=0.010 loss=0.00645 q=0.778 trunc=0 sps=2401 elapsed=129.0m
iter 4539/4882 steps=18591744 episodes=72458 score50=22.84 eps=0.010 loss=0.01302 q=0.805 trunc=0 sps=2401 elapsed=129.1m
iter 4540/4882 steps=18595840 episodes=72463 score50=23.46 eps=0.010 loss=0.01514 q=0.834 trunc=0 sps=2401 elapsed=129.1m
iter 4541/4882 steps=18599936 episodes=72474 score50=22.70 eps=0.010 loss=0.00696 q=0.827 trunc=0 sps=2401 elapsed=129.1m
iter 4542/4882 steps=18604032 episodes=72494 score50=21.50 eps=0.010 loss=0.01053 q=0.790 trunc=0 sps=2401 elapsed=129.1m
iter 4543/4882 steps=18608128 episodes=72496 score50=21.12 eps=0.010 loss=0.00224 q=0.825 trunc=0 sps=2401 elapsed=129.2m
iter 4544/4882 steps=18612224 episodes=72507 score50=21.56 eps=0.010 loss=0.00257 q=0.789 trunc=0 sps=2401 elapsed=129.2m
iter 4545/4882 steps=18616320 episodes=72520 score50=21.96 eps=0.010 loss=0.00498 q=0.799 trunc=0 sps=2401 elapsed=129.2m
iter 4546/4882 steps=18620416 episodes=72536 score50=24.28 eps=0.010 loss=0.01174 q=0.803 trunc=0 sps=2401 elapsed=129.2m
iter 4547/4882 steps=18624512 episodes=72546 score50=25.00 eps=0.010 loss=0.00570 q=0.773 trunc=0 sps=2401 elapsed=129.3m
iter 4548/4882 steps=18628608 episodes=72555 score50=22.84 eps=0.010 loss=0.01175 q=0.778 trunc=0 sps=2401 elapsed=129.3m
iter 4549/4882 steps=18632704 episodes=72567 score50=21.76 eps=0.010 loss=0.00545 q=0.774 trunc=0 sps=2401 elapsed=129.3m
iter 4550/4882 steps=18636800 episodes=72576 score50=21.08 eps=0.010 loss=0.00879 q=0.770 trunc=0 sps=2401 elapsed=129.4m
iter 4551/4882 steps=18640896 episodes=72589 score50=21.80 eps=0.010 loss=0.01204 q=0.776 trunc=0 sps=2401 elapsed=129.4m
iter 4552/4882 steps=18644992 episodes=72601 score50=22.18 eps=0.010 loss=0.00328 q=0.753 trunc=0 sps=2401 elapsed=129.4m
iter 4553/4882 steps=18649088 episodes=72608 score50=22.86 eps=0.010 loss=0.00262 q=0.752 trunc=0 sps=2401 elapsed=129.4m
iter 4554/4882 steps=18653184 episodes=72620 score50=24.20 eps=0.010 loss=0.00869 q=0.727 trunc=0 sps=2401 elapsed=129.5m
iter 4555/4882 steps=18657280 episodes=72625 score50=23.88 eps=0.010 loss=0.01020 q=0.710 trunc=0 sps=2401 elapsed=129.5m
iter 4556/4882 steps=18661376 episodes=72633 score50=25.14 eps=0.010 loss=0.01964 q=0.709 trunc=0 sps=2401 elapsed=129.5m
iter 4557/4882 steps=18665472 episodes=72646 score50=23.72 eps=0.010 loss=0.00452 q=0.699 trunc=0 sps=2401 elapsed=129.6m
iter 4558/4882 steps=18669568 episodes=72655 score50=24.64 eps=0.010 loss=0.00221 q=0.695 trunc=0 sps=2401 elapsed=129.6m
iter 4559/4882 steps=18673664 episodes=72676 score50=24.30 eps=0.010 loss=0.00433 q=0.697 trunc=0 sps=2401 elapsed=129.6m
iter 4560/4882 steps=18677760 episodes=72689 score50=22.74 eps=0.010 loss=0.00410 q=0.722 trunc=0 sps=2401 elapsed=129.6m
iter 4561/4882 steps=18681856 episodes=72705 score50=23.12 eps=0.010 loss=0.03629 q=0.702 trunc=0 sps=2401 elapsed=129.7m
iter 4562/4882 steps=18685952 episodes=72720 score50=21.76 eps=0.010 loss=0.02574 q=0.728 trunc=0 sps=2401 elapsed=129.7m
iter 4563/4882 steps=18690048 episodes=72743 score50=23.50 eps=0.010 loss=0.01887 q=0.762 trunc=0 sps=2401 elapsed=129.7m
iter 4564/4882 steps=18694144 episodes=72761 score50=20.66 eps=0.010 loss=0.02178 q=0.785 trunc=0 sps=2401 elapsed=129.8m
iter 4565/4882 steps=18698240 episodes=72777 score50=18.92 eps=0.010 loss=0.01121 q=0.785 trunc=0 sps=2401 elapsed=129.8m
iter 4566/4882 steps=18702336 episodes=72786 score50=17.98 eps=0.010 loss=0.00997 q=0.767 trunc=0 sps=2401 elapsed=129.8m
iter 4567/4882 steps=18706432 episodes=72798 score50=17.38 eps=0.010 loss=0.00676 q=0.740 trunc=0 sps=2401 elapsed=129.8m
iter 4568/4882 steps=18710528 episodes=72808 score50=16.24 eps=0.010 loss=0.00363 q=0.732 trunc=0 sps=2401 elapsed=129.9m
iter 4569/4882 steps=18714624 episodes=72828 score50=14.94 eps=0.010 loss=0.00425 q=0.725 trunc=0 sps=2401 elapsed=129.9m
iter 4570/4882 steps=18718720 episodes=72853 score50=14.46 eps=0.010 loss=0.04451 q=0.737 trunc=0 sps=2401 elapsed=129.9m
iter 4571/4882 steps=18722816 episodes=72873 score50=12.40 eps=0.010 loss=0.02467 q=0.688 trunc=0 sps=2401 elapsed=130.0m
iter 4572/4882 steps=18726912 episodes=72897 score50=10.68 eps=0.010 loss=0.01511 q=0.649 trunc=0 sps=2401 elapsed=130.0m
iter 4573/4882 steps=18731008 episodes=72921 score50=12.92 eps=0.010 loss=0.01175 q=0.641 trunc=0 sps=2401 elapsed=130.0m
iter 4574/4882 steps=18735104 episodes=72938 score50=15.46 eps=0.010 loss=0.00684 q=0.664 trunc=0 sps=2401 elapsed=130.0m
iter 4575/4882 steps=18739200 episodes=72945 score50=16.94 eps=0.010 loss=0.00283 q=0.767 trunc=0 sps=2401 elapsed=130.1m
iter 4576/4882 steps=18743296 episodes=72958 score50=17.98 eps=0.010 loss=0.00685 q=0.729 trunc=0 sps=2401 elapsed=130.1m
iter 4577/4882 steps=18747392 episodes=72969 score50=21.28 eps=0.010 loss=0.01839 q=0.724 trunc=0 sps=2401 elapsed=130.1m
iter 4578/4882 steps=18751488 episodes=72978 score50=23.30 eps=0.010 loss=0.00587 q=0.732 trunc=0 sps=2401 elapsed=130.2m
iter 4579/4882 steps=18755584 episodes=72984 score50=23.48 eps=0.010 loss=0.00195 q=0.739 trunc=0 sps=2401 elapsed=130.2m
iter 4580/4882 steps=18759680 episodes=72995 score50=22.52 eps=0.010 loss=0.03919 q=0.700 trunc=0 sps=2401 elapsed=130.2m
iter 4581/4882 steps=18763776 episodes=73010 score50=21.40 eps=0.010 loss=0.00699 q=0.675 trunc=0 sps=2401 elapsed=130.2m
iter 4582/4882 steps=18767872 episodes=73025 score50=20.14 eps=0.010 loss=0.01089 q=0.690 trunc=0 sps=2401 elapsed=130.3m
iter 4583/4882 steps=18771968 episodes=73035 score50=19.86 eps=0.010 loss=0.00603 q=0.713 trunc=0 sps=2401 elapsed=130.3m
iter 4584/4882 steps=18776064 episodes=73045 score50=20.64 eps=0.010 loss=0.00997 q=0.698 trunc=0 sps=2401 elapsed=130.3m
iter 4585/4882 steps=18780160 episodes=73056 score50=20.92 eps=0.010 loss=0.00474 q=0.726 trunc=0 sps=2401 elapsed=130.4m
iter 4586/4882 steps=18784256 episodes=73067 score50=21.84 eps=0.010 loss=0.00431 q=0.719 trunc=0 sps=2401 elapsed=130.4m
iter 4587/4882 steps=18788352 episodes=73077 score50=23.32 eps=0.010 loss=0.00324 q=0.747 trunc=0 sps=2401 elapsed=130.4m
iter 4588/4882 steps=18792448 episodes=73088 score50=24.20 eps=0.010 loss=0.01240 q=0.737 trunc=0 sps=2401 elapsed=130.5m
iter 4589/4882 steps=18796544 episodes=73104 score50=23.52 eps=0.010 loss=0.02664 q=0.713 trunc=0 sps=2401 elapsed=130.5m
iter 4590/4882 steps=18800640 episodes=73117 score50=24.38 eps=0.010 loss=0.00501 q=0.706 trunc=0 sps=2401 elapsed=130.5m
iter 4591/4882 steps=18804736 episodes=73126 score50=23.16 eps=0.010 loss=0.00404 q=0.712 trunc=0 sps=2401 elapsed=130.5m
iter 4592/4882 steps=18808832 episodes=73133 score50=23.74 eps=0.010 loss=0.00306 q=0.702 trunc=0 sps=2401 elapsed=130.6m
iter 4593/4882 steps=18812928 episodes=73140 score50=23.72 eps=0.010 loss=0.01007 q=0.702 trunc=0 sps=2401 elapsed=130.6m
iter 4594/4882 steps=18817024 episodes=73154 score50=24.96 eps=0.010 loss=0.01231 q=0.683 trunc=0 sps=2401 elapsed=130.6m
iter 4595/4882 steps=18821120 episodes=73167 score50=25.70 eps=0.010 loss=0.01804 q=0.728 trunc=0 sps=2401 elapsed=130.7m
iter 4596/4882 steps=18825216 episodes=73180 score50=26.16 eps=0.010 loss=0.00654 q=0.726 trunc=0 sps=2401 elapsed=130.7m
iter 4597/4882 steps=18829312 episodes=73194 score50=26.52 eps=0.010 loss=0.01151 q=0.731 trunc=0 sps=2401 elapsed=130.7m
iter 4598/4882 steps=18833408 episodes=73204 score50=26.12 eps=0.010 loss=0.00868 q=0.731 trunc=0 sps=2401 elapsed=130.7m
iter 4599/4882 steps=18837504 episodes=73218 score50=25.02 eps=0.010 loss=0.00311 q=0.778 trunc=0 sps=2401 elapsed=130.8m
iter 4600/4882 steps=18841600 episodes=73230 score50=23.66 eps=0.010 loss=0.02386 q=0.774 trunc=0 sps=2401 elapsed=130.8m
  [eval] iter=4600 mean=19.25+-2.24 median=19.0 max=39 P(>=120)=0.00 entropy=1.59/2.20 wnorm=87.080 srank=283/512
iter 4601/4882 steps=18845696 episodes=73242 score50=22.38 eps=0.010 loss=0.00330 q=0.779 trunc=0 sps=2399 elapsed=130.9m
iter 4602/4882 steps=18849792 episodes=73250 score50=22.20 eps=0.010 loss=0.01608 q=0.751 trunc=0 sps=2399 elapsed=131.0m
iter 4603/4882 steps=18853888 episodes=73257 score50=22.34 eps=0.010 loss=0.00810 q=0.732 trunc=0 sps=2399 elapsed=131.0m
iter 4604/4882 steps=18857984 episodes=73267 score50=21.04 eps=0.010 loss=0.00601 q=0.761 trunc=0 sps=2399 elapsed=131.0m
iter 4605/4882 steps=18862080 episodes=73274 score50=21.34 eps=0.010 loss=0.00272 q=0.703 trunc=0 sps=2399 elapsed=131.1m
iter 4606/4882 steps=18866176 episodes=73284 score50=22.08 eps=0.010 loss=0.01001 q=0.716 trunc=0 sps=2399 elapsed=131.1m
iter 4607/4882 steps=18870272 episodes=73294 score50=22.82 eps=0.010 loss=0.00261 q=0.687 trunc=0 sps=2399 elapsed=131.1m
iter 4608/4882 steps=18874368 episodes=73304 score50=21.50 eps=0.010 loss=0.00313 q=0.751 trunc=0 sps=2399 elapsed=131.1m
iter 4609/4882 steps=18878464 episodes=73317 score50=22.78 eps=0.010 loss=0.01314 q=0.748 trunc=0 sps=2399 elapsed=131.2m
iter 4610/4882 steps=18882560 episodes=73332 score50=23.70 eps=0.010 loss=0.01035 q=0.734 trunc=0 sps=2399 elapsed=131.2m
iter 4611/4882 steps=18886656 episodes=73341 score50=24.14 eps=0.010 loss=0.00628 q=0.804 trunc=0 sps=2399 elapsed=131.2m
iter 4612/4882 steps=18890752 episodes=73349 score50=24.92 eps=0.010 loss=0.01218 q=0.751 trunc=0 sps=2399 elapsed=131.3m
iter 4613/4882 steps=18894848 episodes=73360 score50=24.62 eps=0.010 loss=0.02613 q=0.774 trunc=0 sps=2399 elapsed=131.3m
iter 4614/4882 steps=18898944 episodes=73373 score50=25.14 eps=0.010 loss=0.01206 q=0.716 trunc=0 sps=2399 elapsed=131.3m
iter 4615/4882 steps=18903040 episodes=73389 score50=22.14 eps=0.010 loss=0.01962 q=0.758 trunc=0 sps=2399 elapsed=131.3m
iter 4616/4882 steps=18907136 episodes=73410 score50=24.18 eps=0.010 loss=0.04180 q=0.806 trunc=0 sps=2399 elapsed=131.4m
iter 4617/4882 steps=18911232 episodes=73426 score50=24.00 eps=0.010 loss=0.00416 q=0.854 trunc=0 sps=2399 elapsed=131.4m
iter 4618/4882 steps=18915328 episodes=73435 score50=25.22 eps=0.010 loss=0.01552 q=0.879 trunc=0 sps=2399 elapsed=131.4m
iter 4619/4882 steps=18919424 episodes=73440 score50=25.10 eps=0.010 loss=0.00243 q=0.852 trunc=0 sps=2399 elapsed=131.5m
iter 4620/4882 steps=18923520 episodes=73448 score50=25.24 eps=0.010 loss=0.01128 q=0.801 trunc=0 sps=2399 elapsed=131.5m
iter 4621/4882 steps=18927616 episodes=73455 score50=25.26 eps=0.010 loss=0.00231 q=0.858 trunc=0 sps=2399 elapsed=131.5m
iter 4622/4882 steps=18931712 episodes=73469 score50=24.60 eps=0.010 loss=0.01516 q=0.836 trunc=0 sps=2399 elapsed=131.5m
iter 4623/4882 steps=18935808 episodes=73476 score50=23.70 eps=0.010 loss=0.00572 q=0.835 trunc=0 sps=2399 elapsed=131.6m
iter 4624/4882 steps=18939904 episodes=73491 score50=23.76 eps=0.010 loss=0.00812 q=0.892 trunc=0 sps=2399 elapsed=131.6m
iter 4625/4882 steps=18944000 episodes=73505 score50=22.88 eps=0.010 loss=0.00497 q=0.860 trunc=0 sps=2399 elapsed=131.6m
iter 4626/4882 steps=18948096 episodes=73516 score50=21.90 eps=0.010 loss=0.03162 q=0.903 trunc=0 sps=2399 elapsed=131.7m
iter 4627/4882 steps=18952192 episodes=73531 score50=21.26 eps=0.010 loss=0.02407 q=0.826 trunc=0 sps=2399 elapsed=131.7m
iter 4628/4882 steps=18956288 episodes=73544 score50=21.68 eps=0.010 loss=0.01502 q=0.930 trunc=0 sps=2399 elapsed=131.7m
iter 4629/4882 steps=18960384 episodes=73559 score50=21.26 eps=0.010 loss=0.00975 q=0.887 trunc=0 sps=2399 elapsed=131.7m
iter 4630/4882 steps=18964480 episodes=73572 score50=22.00 eps=0.010 loss=0.01612 q=0.832 trunc=0 sps=2399 elapsed=131.8m
iter 4631/4882 steps=18968576 episodes=73579 score50=22.38 eps=0.010 loss=0.01771 q=0.870 trunc=0 sps=2399 elapsed=131.8m
iter 4632/4882 steps=18972672 episodes=73587 score50=21.90 eps=0.010 loss=0.00324 q=0.892 trunc=0 sps=2399 elapsed=131.8m
iter 4633/4882 steps=18976768 episodes=73598 score50=22.00 eps=0.010 loss=0.01179 q=0.795 trunc=0 sps=2399 elapsed=131.9m
iter 4634/4882 steps=18980864 episodes=73607 score50=24.90 eps=0.010 loss=0.00870 q=0.848 trunc=0 sps=2399 elapsed=131.9m
iter 4635/4882 steps=18984960 episodes=73622 score50=25.56 eps=0.010 loss=0.01072 q=0.814 trunc=0 sps=2398 elapsed=131.9m
iter 4636/4882 steps=18989056 episodes=73630 score50=24.62 eps=0.010 loss=0.00552 q=0.863 trunc=0 sps=2398 elapsed=132.0m
iter 4637/4882 steps=18993152 episodes=73638 score50=24.84 eps=0.010 loss=0.00668 q=0.860 trunc=0 sps=2398 elapsed=132.0m
iter 4638/4882 steps=18997248 episodes=73650 score50=24.80 eps=0.010 loss=0.01286 q=0.853 trunc=0 sps=2398 elapsed=132.0m
iter 4639/4882 steps=19001344 episodes=73661 score50=25.48 eps=0.010 loss=0.01521 q=0.836 trunc=0 sps=2398 elapsed=132.0m
iter 4640/4882 steps=19005440 episodes=73669 score50=25.54 eps=0.010 loss=0.01051 q=0.861 trunc=0 sps=2398 elapsed=132.1m
iter 4641/4882 steps=19009536 episodes=73684 score50=26.76 eps=0.010 loss=0.02161 q=0.864 trunc=0 sps=2398 elapsed=132.1m
iter 4642/4882 steps=19013632 episodes=73694 score50=25.50 eps=0.010 loss=0.00225 q=0.882 trunc=0 sps=2398 elapsed=132.1m
iter 4643/4882 steps=19017728 episodes=73707 score50=25.42 eps=0.010 loss=0.00283 q=0.907 trunc=0 sps=2398 elapsed=132.2m
iter 4644/4882 steps=19021824 episodes=73720 score50=24.26 eps=0.010 loss=0.00830 q=0.845 trunc=0 sps=2398 elapsed=132.2m
iter 4645/4882 steps=19025920 episodes=73725 score50=23.36 eps=0.010 loss=0.00280 q=0.834 trunc=0 sps=2398 elapsed=132.2m
iter 4646/4882 steps=19030016 episodes=73733 score50=24.52 eps=0.010 loss=0.00383 q=0.854 trunc=0 sps=2398 elapsed=132.2m
iter 4647/4882 steps=19034112 episodes=73747 score50=24.36 eps=0.010 loss=0.02133 q=0.800 trunc=0 sps=2398 elapsed=132.3m
iter 4648/4882 steps=19038208 episodes=73762 score50=24.64 eps=0.010 loss=0.01086 q=0.839 trunc=0 sps=2398 elapsed=132.3m
iter 4649/4882 steps=19042304 episodes=73774 score50=23.76 eps=0.010 loss=0.00892 q=0.901 trunc=0 sps=2398 elapsed=132.3m
iter 4650/4882 steps=19046400 episodes=73789 score50=23.90 eps=0.010 loss=0.01075 q=0.868 trunc=0 sps=2398 elapsed=132.4m
iter 4651/4882 steps=19050496 episodes=73796 score50=24.98 eps=0.010 loss=0.00581 q=0.916 trunc=0 sps=2398 elapsed=132.4m
iter 4652/4882 steps=19054592 episodes=73809 score50=25.18 eps=0.010 loss=0.01104 q=0.842 trunc=0 sps=2398 elapsed=132.4m
iter 4653/4882 steps=19058688 episodes=73823 score50=23.80 eps=0.010 loss=0.00834 q=0.834 trunc=0 sps=2398 elapsed=132.4m
iter 4654/4882 steps=19062784 episodes=73836 score50=24.04 eps=0.010 loss=0.00497 q=0.835 trunc=0 sps=2398 elapsed=132.5m
iter 4655/4882 steps=19066880 episodes=73848 score50=21.86 eps=0.010 loss=0.00809 q=0.861 trunc=0 sps=2398 elapsed=132.5m
iter 4656/4882 steps=19070976 episodes=73855 score50=22.10 eps=0.010 loss=0.00407 q=0.853 trunc=0 sps=2398 elapsed=132.5m
iter 4657/4882 steps=19075072 episodes=73866 score50=19.88 eps=0.010 loss=0.00661 q=0.800 trunc=0 sps=2398 elapsed=132.6m
iter 4658/4882 steps=19079168 episodes=73872 score50=21.06 eps=0.010 loss=0.00519 q=0.810 trunc=0 sps=2398 elapsed=132.6m
iter 4659/4882 steps=19083264 episodes=73882 score50=19.38 eps=0.010 loss=0.00743 q=0.797 trunc=0 sps=2398 elapsed=132.6m
iter 4660/4882 steps=19087360 episodes=73893 score50=19.92 eps=0.010 loss=0.00767 q=0.774 trunc=0 sps=2398 elapsed=132.6m
iter 4661/4882 steps=19091456 episodes=73905 score50=22.20 eps=0.010 loss=0.00362 q=0.761 trunc=0 sps=2398 elapsed=132.7m
iter 4662/4882 steps=19095552 episodes=73917 score50=24.08 eps=0.010 loss=0.01308 q=0.765 trunc=0 sps=2398 elapsed=132.7m
iter 4663/4882 steps=19099648 episodes=73931 score50=26.70 eps=0.010 loss=0.00721 q=0.820 trunc=0 sps=2398 elapsed=132.7m
iter 4664/4882 steps=19103744 episodes=73944 score50=28.64 eps=0.010 loss=0.00442 q=0.797 trunc=0 sps=2398 elapsed=132.8m
iter 4665/4882 steps=19107840 episodes=73956 score50=27.28 eps=0.010 loss=0.00423 q=0.831 trunc=0 sps=2398 elapsed=132.8m
iter 4666/4882 steps=19111936 episodes=73966 score50=25.82 eps=0.010 loss=0.00374 q=0.810 trunc=0 sps=2398 elapsed=132.8m
iter 4667/4882 steps=19116032 episodes=73977 score50=26.38 eps=0.010 loss=0.00800 q=0.786 trunc=0 sps=2398 elapsed=132.8m
iter 4668/4882 steps=19120128 episodes=73988 score50=25.48 eps=0.010 loss=0.01004 q=0.808 trunc=0 sps=2398 elapsed=132.9m
iter 4669/4882 steps=19124224 episodes=73998 score50=26.38 eps=0.010 loss=0.00783 q=0.819 trunc=0 sps=2398 elapsed=132.9m
iter 4670/4882 steps=19128320 episodes=74011 score50=26.04 eps=0.010 loss=0.01113 q=0.775 trunc=0 sps=2398 elapsed=132.9m
iter 4671/4882 steps=19132416 episodes=74020 score50=26.28 eps=0.010 loss=0.00164 q=0.863 trunc=0 sps=2398 elapsed=133.0m
iter 4672/4882 steps=19136512 episodes=74033 score50=24.44 eps=0.010 loss=0.00885 q=0.824 trunc=0 sps=2398 elapsed=133.0m
iter 4673/4882 steps=19140608 episodes=74044 score50=22.04 eps=0.010 loss=0.00201 q=0.844 trunc=0 sps=2398 elapsed=133.0m
iter 4674/4882 steps=19144704 episodes=74048 score50=21.34 eps=0.010 loss=0.00426 q=0.794 trunc=0 sps=2398 elapsed=133.0m
iter 4675/4882 steps=19148800 episodes=74060 score50=20.80 eps=0.010 loss=0.00382 q=0.730 trunc=0 sps=2398 elapsed=133.1m
iter 4676/4882 steps=19152896 episodes=74070 score50=20.50 eps=0.010 loss=0.01029 q=0.669 trunc=0 sps=2398 elapsed=133.1m
iter 4677/4882 steps=19156992 episodes=74079 score50=22.34 eps=0.010 loss=0.00251 q=0.745 trunc=0 sps=2398 elapsed=133.1m
iter 4678/4882 steps=19161088 episodes=74091 score50=22.92 eps=0.010 loss=0.00665 q=0.734 trunc=0 sps=2398 elapsed=133.2m
iter 4679/4882 steps=19165184 episodes=74102 score50=24.84 eps=0.010 loss=0.01861 q=0.724 trunc=0 sps=2398 elapsed=133.2m
iter 4680/4882 steps=19169280 episodes=74107 score50=25.14 eps=0.010 loss=0.00229 q=0.746 trunc=0 sps=2398 elapsed=133.2m
iter 4681/4882 steps=19173376 episodes=74127 score50=25.80 eps=0.010 loss=0.01783 q=0.725 trunc=0 sps=2398 elapsed=133.3m
iter 4682/4882 steps=19177472 episodes=74140 score50=27.30 eps=0.010 loss=0.01835 q=0.783 trunc=0 sps=2398 elapsed=133.3m
iter 4683/4882 steps=19181568 episodes=74149 score50=27.78 eps=0.010 loss=0.00217 q=0.792 trunc=0 sps=2398 elapsed=133.3m
iter 4684/4882 steps=19185664 episodes=74157 score50=28.10 eps=0.010 loss=0.00297 q=0.769 trunc=0 sps=2398 elapsed=133.3m
iter 4685/4882 steps=19189760 episodes=74164 score50=28.16 eps=0.010 loss=0.00162 q=0.780 trunc=0 sps=2398 elapsed=133.4m
iter 4686/4882 steps=19193856 episodes=74178 score50=26.76 eps=0.010 loss=0.00499 q=0.737 trunc=0 sps=2398 elapsed=133.4m
iter 4687/4882 steps=19197952 episodes=74190 score50=27.54 eps=0.010 loss=0.00581 q=0.752 trunc=0 sps=2398 elapsed=133.4m
iter 4688/4882 steps=19202048 episodes=74202 score50=24.80 eps=0.010 loss=0.01710 q=0.798 trunc=0 sps=2398 elapsed=133.5m
iter 4689/4882 steps=19206144 episodes=74209 score50=24.84 eps=0.010 loss=0.00716 q=0.718 trunc=0 sps=2398 elapsed=133.5m
iter 4690/4882 steps=19210240 episodes=74224 score50=24.90 eps=0.010 loss=0.00521 q=0.794 trunc=0 sps=2398 elapsed=133.5m
iter 4691/4882 steps=19214336 episodes=74234 score50=23.32 eps=0.010 loss=0.00341 q=0.793 trunc=0 sps=2398 elapsed=133.5m
iter 4692/4882 steps=19218432 episodes=74245 score50=24.20 eps=0.010 loss=0.00608 q=0.793 trunc=0 sps=2398 elapsed=133.6m
iter 4693/4882 steps=19222528 episodes=74254 score50=24.76 eps=0.010 loss=0.00592 q=0.792 trunc=0 sps=2398 elapsed=133.6m
iter 4694/4882 steps=19226624 episodes=74266 score50=25.98 eps=0.010 loss=0.00351 q=0.792 trunc=0 sps=2398 elapsed=133.6m
iter 4695/4882 steps=19230720 episodes=74276 score50=26.16 eps=0.010 loss=0.00967 q=0.758 trunc=0 sps=2398 elapsed=133.7m
iter 4696/4882 steps=19234816 episodes=74287 score50=24.66 eps=0.010 loss=0.00893 q=0.745 trunc=0 sps=2398 elapsed=133.7m
iter 4697/4882 steps=19238912 episodes=74306 score50=21.96 eps=0.010 loss=0.01130 q=0.696 trunc=0 sps=2398 elapsed=133.7m
iter 4698/4882 steps=19243008 episodes=74317 score50=21.60 eps=0.010 loss=0.00876 q=0.745 trunc=0 sps=2398 elapsed=133.7m
iter 4699/4882 steps=19247104 episodes=74331 score50=21.64 eps=0.010 loss=0.02169 q=0.686 trunc=0 sps=2398 elapsed=133.8m
iter 4700/4882 steps=19251200 episodes=74343 score50=20.40 eps=0.010 loss=0.01068 q=0.731 trunc=0 sps=2398 elapsed=133.8m
  [eval] iter=4700 mean=26.75+-2.38 median=27.0 max=48 P(>=120)=0.00 entropy=1.19/2.20 wnorm=88.580 srank=296/512
iter 4701/4882 steps=19255296 episodes=74356 score50=21.40 eps=0.010 loss=0.00649 q=0.769 trunc=0 sps=2396 elapsed=133.9m
iter 4702/4882 steps=19259392 episodes=74369 score50=23.06 eps=0.010 loss=0.01158 q=0.773 trunc=0 sps=2396 elapsed=134.0m
iter 4703/4882 steps=19263488 episodes=74391 score50=23.02 eps=0.010 loss=0.01756 q=0.708 trunc=0 sps=2396 elapsed=134.0m
iter 4704/4882 steps=19267584 episodes=74404 score50=21.84 eps=0.010 loss=0.01173 q=0.802 trunc=0 sps=2396 elapsed=134.0m
iter 4705/4882 steps=19271680 episodes=74418 score50=18.98 eps=0.010 loss=0.02877 q=0.703 trunc=0 sps=2396 elapsed=134.1m
iter 4706/4882 steps=19275776 episodes=74424 score50=17.74 eps=0.010 loss=0.00818 q=0.705 trunc=0 sps=2396 elapsed=134.1m
iter 4707/4882 steps=19279872 episodes=74433 score50=17.50 eps=0.010 loss=0.00344 q=0.715 trunc=0 sps=2396 elapsed=134.1m
iter 4708/4882 steps=19283968 episodes=74442 score50=18.56 eps=0.010 loss=0.00309 q=0.643 trunc=0 sps=2396 elapsed=134.2m
iter 4709/4882 steps=19288064 episodes=74448 score50=19.36 eps=0.010 loss=0.00244 q=0.651 trunc=0 sps=2396 elapsed=134.2m
iter 4710/4882 steps=19292160 episodes=74464 score50=20.46 eps=0.010 loss=0.02528 q=0.636 trunc=0 sps=2396 elapsed=134.2m
iter 4711/4882 steps=19296256 episodes=74477 score50=20.14 eps=0.010 loss=0.01491 q=0.660 trunc=0 sps=2396 elapsed=134.2m
iter 4712/4882 steps=19300352 episodes=74491 score50=22.50 eps=0.010 loss=0.00303 q=0.650 trunc=0 sps=2396 elapsed=134.3m
iter 4713/4882 steps=19304448 episodes=74505 score50=22.34 eps=0.010 loss=0.01902 q=0.678 trunc=0 sps=2396 elapsed=134.3m
iter 4714/4882 steps=19308544 episodes=74512 score50=22.78 eps=0.010 loss=0.00828 q=0.654 trunc=0 sps=2396 elapsed=134.3m
iter 4715/4882 steps=19312640 episodes=74521 score50=24.22 eps=0.010 loss=0.00310 q=0.668 trunc=0 sps=2396 elapsed=134.4m
iter 4716/4882 steps=19316736 episodes=74533 score50=24.60 eps=0.010 loss=0.00496 q=0.662 trunc=0 sps=2396 elapsed=134.4m
iter 4717/4882 steps=19320832 episodes=74541 score50=23.74 eps=0.010 loss=0.00556 q=0.672 trunc=0 sps=2396 elapsed=134.4m
iter 4718/4882 steps=19324928 episodes=74551 score50=24.74 eps=0.010 loss=0.00297 q=0.647 trunc=0 sps=2396 elapsed=134.4m
iter 4719/4882 steps=19329024 episodes=74564 score50=25.08 eps=0.010 loss=0.01043 q=0.664 trunc=0 sps=2396 elapsed=134.5m
iter 4720/4882 steps=19333120 episodes=74585 score50=24.38 eps=0.010 loss=0.00282 q=0.674 trunc=0 sps=2396 elapsed=134.5m
iter 4721/4882 steps=19337216 episodes=74595 score50=24.16 eps=0.010 loss=0.00579 q=0.702 trunc=0 sps=2396 elapsed=134.5m
iter 4722/4882 steps=19341312 episodes=74606 score50=24.22 eps=0.010 loss=0.00370 q=0.695 trunc=0 sps=2396 elapsed=134.5m
iter 4723/4882 steps=19345408 episodes=74616 score50=22.74 eps=0.010 loss=0.00351 q=0.654 trunc=0 sps=2396 elapsed=134.6m
iter 4724/4882 steps=19349504 episodes=74627 score50=21.82 eps=0.010 loss=0.01151 q=0.624 trunc=0 sps=2396 elapsed=134.6m
iter 4725/4882 steps=19353600 episodes=74645 score50=20.66 eps=0.010 loss=0.01114 q=0.634 trunc=0 sps=2396 elapsed=134.6m
iter 4726/4882 steps=19357696 episodes=74658 score50=19.74 eps=0.010 loss=0.02472 q=0.661 trunc=0 sps=2396 elapsed=134.7m
iter 4727/4882 steps=19361792 episodes=74673 score50=21.34 eps=0.010 loss=0.00295 q=0.671 trunc=0 sps=2396 elapsed=134.7m
iter 4728/4882 steps=19365888 episodes=74688 score50=21.34 eps=0.010 loss=0.00556 q=0.662 trunc=0 sps=2396 elapsed=134.7m
iter 4729/4882 steps=19369984 episodes=74694 score50=20.90 eps=0.010 loss=0.00266 q=0.679 trunc=0 sps=2396 elapsed=134.7m
iter 4730/4882 steps=19374080 episodes=74707 score50=22.08 eps=0.010 loss=0.00778 q=0.674 trunc=0 sps=2396 elapsed=134.8m
iter 4731/4882 steps=19378176 episodes=74721 score50=22.38 eps=0.010 loss=0.01459 q=0.709 trunc=0 sps=2396 elapsed=134.8m
iter 4732/4882 steps=19382272 episodes=74733 score50=22.34 eps=0.010 loss=0.00588 q=0.704 trunc=0 sps=2396 elapsed=134.8m
iter 4733/4882 steps=19386368 episodes=74744 score50=22.42 eps=0.010 loss=0.00385 q=0.685 trunc=0 sps=2396 elapsed=134.9m
iter 4734/4882 steps=19390464 episodes=74752 score50=21.00 eps=0.010 loss=0.00244 q=0.695 trunc=0 sps=2396 elapsed=134.9m
iter 4735/4882 steps=19394560 episodes=74763 score50=20.34 eps=0.010 loss=0.01093 q=0.670 trunc=0 sps=2396 elapsed=134.9m
iter 4736/4882 steps=19398656 episodes=74776 score50=21.12 eps=0.010 loss=0.00272 q=0.685 trunc=0 sps=2396 elapsed=134.9m
iter 4737/4882 steps=19402752 episodes=74784 score50=21.02 eps=0.010 loss=0.00208 q=0.663 trunc=0 sps=2396 elapsed=135.0m
iter 4738/4882 steps=19406848 episodes=74795 score50=21.58 eps=0.010 loss=0.00947 q=0.643 trunc=0 sps=2396 elapsed=135.0m
iter 4739/4882 steps=19410944 episodes=74803 score50=22.24 eps=0.010 loss=0.00525 q=0.644 trunc=0 sps=2396 elapsed=135.0m
iter 4740/4882 steps=19415040 episodes=74813 score50=22.98 eps=0.010 loss=0.00344 q=0.647 trunc=0 sps=2396 elapsed=135.1m
iter 4741/4882 steps=19419136 episodes=74827 score50=23.90 eps=0.010 loss=0.01107 q=0.672 trunc=0 sps=2396 elapsed=135.1m
iter 4742/4882 steps=19423232 episodes=74843 score50=24.08 eps=0.010 loss=0.00506 q=0.670 trunc=0 sps=2396 elapsed=135.1m
iter 4743/4882 steps=19427328 episodes=74856 score50=22.50 eps=0.010 loss=0.00886 q=0.678 trunc=0 sps=2396 elapsed=135.1m
iter 4744/4882 steps=19431424 episodes=74873 score50=22.38 eps=0.010 loss=0.00776 q=0.678 trunc=0 sps=2396 elapsed=135.2m
iter 4745/4882 steps=19435520 episodes=74888 score50=22.70 eps=0.010 loss=0.00369 q=0.698 trunc=0 sps=2396 elapsed=135.2m
iter 4746/4882 steps=19439616 episodes=74897 score50=24.74 eps=0.010 loss=0.01367 q=0.703 trunc=0 sps=2396 elapsed=135.2m
iter 4747/4882 steps=19443712 episodes=74901 score50=23.62 eps=0.010 loss=0.00210 q=0.697 trunc=0 sps=2396 elapsed=135.3m
iter 4748/4882 steps=19447808 episodes=74913 score50=22.56 eps=0.010 loss=0.02594 q=0.682 trunc=0 sps=2396 elapsed=135.3m
iter 4749/4882 steps=19451904 episodes=74923 score50=23.00 eps=0.010 loss=0.00530 q=0.672 trunc=0 sps=2396 elapsed=135.3m
iter 4750/4882 steps=19456000 episodes=74936 score50=21.86 eps=0.010 loss=0.00600 q=0.727 trunc=0 sps=2396 elapsed=135.3m
iter 4751/4882 steps=19460096 episodes=74948 score50=22.20 eps=0.010 loss=0.00455 q=0.727 trunc=0 sps=2396 elapsed=135.4m
iter 4752/4882 steps=19464192 episodes=74960 score50=24.20 eps=0.010 loss=0.00675 q=0.717 trunc=0 sps=2396 elapsed=135.4m
iter 4753/4882 steps=19468288 episodes=74970 score50=24.56 eps=0.010 loss=0.00670 q=0.741 trunc=0 sps=2396 elapsed=135.4m
iter 4754/4882 steps=19472384 episodes=74977 score50=23.46 eps=0.010 loss=0.00414 q=0.688 trunc=0 sps=2396 elapsed=135.5m
iter 4755/4882 steps=19476480 episodes=74993 score50=23.12 eps=0.010 loss=0.01075 q=0.785 trunc=0 sps=2396 elapsed=135.5m
iter 4756/4882 steps=19480576 episodes=75010 score50=25.26 eps=0.010 loss=0.02994 q=0.681 trunc=0 sps=2396 elapsed=135.5m
iter 4757/4882 steps=19484672 episodes=75024 score50=23.84 eps=0.010 loss=0.03594 q=0.760 trunc=0 sps=2396 elapsed=135.5m
iter 4758/4882 steps=19488768 episodes=75035 score50=22.06 eps=0.010 loss=0.00322 q=0.769 trunc=0 sps=2396 elapsed=135.6m
iter 4759/4882 steps=19492864 episodes=75039 score50=22.64 eps=0.010 loss=0.00237 q=0.760 trunc=0 sps=2396 elapsed=135.6m
iter 4760/4882 steps=19496960 episodes=75058 score50=20.86 eps=0.010 loss=0.00492 q=0.745 trunc=0 sps=2396 elapsed=135.6m
iter 4761/4882 steps=19501056 episodes=75074 score50=22.36 eps=0.010 loss=0.01094 q=0.722 trunc=0 sps=2396 elapsed=135.7m
iter 4762/4882 steps=19505152 episodes=75085 score50=23.16 eps=0.010 loss=0.01154 q=0.769 trunc=0 sps=2396 elapsed=135.7m
iter 4763/4882 steps=19509248 episodes=75099 score50=20.42 eps=0.010 loss=0.03136 q=0.759 trunc=0 sps=2396 elapsed=135.7m
iter 4764/4882 steps=19513344 episodes=75109 score50=20.32 eps=0.010 loss=0.00739 q=0.735 trunc=0 sps=2396 elapsed=135.7m
iter 4765/4882 steps=19517440 episodes=75120 score50=18.66 eps=0.010 loss=0.00428 q=0.764 trunc=0 sps=2396 elapsed=135.8m
iter 4766/4882 steps=19521536 episodes=75132 score50=19.48 eps=0.010 loss=0.00265 q=0.754 trunc=0 sps=2396 elapsed=135.8m
iter 4767/4882 steps=19525632 episodes=75148 score50=19.04 eps=0.010 loss=0.01051 q=0.761 trunc=0 sps=2396 elapsed=135.8m
iter 4768/4882 steps=19529728 episodes=75166 score50=18.56 eps=0.010 loss=0.01075 q=0.738 trunc=0 sps=2396 elapsed=135.8m
iter 4769/4882 steps=19533824 episodes=75187 score50=16.22 eps=0.010 loss=0.01162 q=0.762 trunc=0 sps=2396 elapsed=135.9m
iter 4770/4882 steps=19537920 episodes=75199 score50=17.90 eps=0.010 loss=0.00630 q=0.796 trunc=0 sps=2396 elapsed=135.9m
iter 4771/4882 steps=19542016 episodes=75210 score50=17.06 eps=0.010 loss=0.00613 q=0.796 trunc=0 sps=2396 elapsed=135.9m
iter 4772/4882 steps=19546112 episodes=75230 score50=18.00 eps=0.010 loss=0.01237 q=0.799 trunc=0 sps=2396 elapsed=136.0m
iter 4773/4882 steps=19550208 episodes=75254 score50=15.68 eps=0.010 loss=0.02574 q=0.772 trunc=0 sps=2396 elapsed=136.0m
iter 4774/4882 steps=19554304 episodes=75272 score50=15.58 eps=0.010 loss=0.01071 q=0.758 trunc=0 sps=2396 elapsed=136.0m
iter 4775/4882 steps=19558400 episodes=75281 score50=17.48 eps=0.010 loss=0.02147 q=0.714 trunc=0 sps=2396 elapsed=136.0m
iter 4776/4882 steps=19562496 episodes=75296 score50=18.94 eps=0.010 loss=0.03777 q=0.768 trunc=0 sps=2396 elapsed=136.1m
iter 4777/4882 steps=19566592 episodes=75307 score50=21.76 eps=0.010 loss=0.00292 q=0.761 trunc=0 sps=2396 elapsed=136.1m
iter 4778/4882 steps=19570688 episodes=75324 score50=19.64 eps=0.010 loss=0.00748 q=0.788 trunc=0 sps=2396 elapsed=136.1m
iter 4779/4882 steps=19574784 episodes=75333 score50=18.64 eps=0.010 loss=0.00293 q=0.751 trunc=0 sps=2396 elapsed=136.2m
iter 4780/4882 steps=19578880 episodes=75352 score50=15.46 eps=0.010 loss=0.03814 q=0.774 trunc=0 sps=2396 elapsed=136.2m
iter 4781/4882 steps=19582976 episodes=75368 score50=16.20 eps=0.010 loss=0.00352 q=0.758 trunc=0 sps=2396 elapsed=136.2m
iter 4782/4882 steps=19587072 episodes=75386 score50=16.92 eps=0.010 loss=0.00961 q=0.709 trunc=0 sps=2396 elapsed=136.2m
iter 4783/4882 steps=19591168 episodes=75406 score50=16.06 eps=0.010 loss=0.01939 q=0.692 trunc=0 sps=2396 elapsed=136.3m
iter 4784/4882 steps=19595264 episodes=75430 score50=14.28 eps=0.010 loss=0.03056 q=0.740 trunc=0 sps=2396 elapsed=136.3m
iter 4785/4882 steps=19599360 episodes=75446 score50=15.20 eps=0.010 loss=0.01226 q=0.706 trunc=0 sps=2396 elapsed=136.3m
iter 4786/4882 steps=19603456 episodes=75475 score50=16.34 eps=0.010 loss=0.02152 q=0.691 trunc=0 sps=2396 elapsed=136.4m
iter 4787/4882 steps=19607552 episodes=75496 score50=15.12 eps=0.010 loss=0.01052 q=0.702 trunc=0 sps=2396 elapsed=136.4m
iter 4788/4882 steps=19611648 episodes=75517 score50=13.56 eps=0.010 loss=0.01658 q=0.784 trunc=0 sps=2396 elapsed=136.4m
iter 4789/4882 steps=19615744 episodes=75528 score50=13.44 eps=0.010 loss=0.01273 q=0.765 trunc=0 sps=2396 elapsed=136.4m
iter 4790/4882 steps=19619840 episodes=75535 score50=13.72 eps=0.010 loss=0.00519 q=0.745 trunc=0 sps=2396 elapsed=136.5m
iter 4791/4882 steps=19623936 episodes=75541 score50=13.90 eps=0.010 loss=0.00387 q=0.754 trunc=0 sps=2396 elapsed=136.5m
iter 4792/4882 steps=19628032 episodes=75553 score50=16.66 eps=0.010 loss=0.00676 q=0.721 trunc=0 sps=2396 elapsed=136.5m
iter 4793/4882 steps=19632128 episodes=75566 score50=19.34 eps=0.010 loss=0.00204 q=0.788 trunc=0 sps=2396 elapsed=136.6m
iter 4794/4882 steps=19636224 episodes=75579 score50=20.20 eps=0.010 loss=0.00422 q=0.738 trunc=0 sps=2396 elapsed=136.6m
iter 4795/4882 steps=19640320 episodes=75586 score50=21.12 eps=0.010 loss=0.02053 q=0.742 trunc=0 sps=2396 elapsed=136.6m
iter 4796/4882 steps=19644416 episodes=75595 score50=21.46 eps=0.010 loss=0.00210 q=0.725 trunc=0 sps=2396 elapsed=136.6m
iter 4797/4882 steps=19648512 episodes=75605 score50=20.54 eps=0.010 loss=0.00391 q=0.704 trunc=0 sps=2396 elapsed=136.7m
iter 4798/4882 steps=19652608 episodes=75611 score50=20.58 eps=0.010 loss=0.00356 q=0.672 trunc=0 sps=2396 elapsed=136.7m
iter 4799/4882 steps=19656704 episodes=75623 score50=22.72 eps=0.010 loss=0.00260 q=0.700 trunc=0 sps=2396 elapsed=136.7m
iter 4800/4882 steps=19660800 episodes=75644 score50=24.24 eps=0.010 loss=0.00556 q=0.676 trunc=0 sps=2396 elapsed=136.8m
  [eval] iter=4800 mean=21.55+-2.90 median=18.0 max=46 P(>=120)=0.00 entropy=1.49/2.20 wnorm=90.299 srank=288/512
iter 4801/4882 steps=19664896 episodes=75650 score50=24.40 eps=0.010 loss=0.00363 q=0.725 trunc=0 sps=2394 elapsed=136.9m
iter 4802/4882 steps=19668992 episodes=75659 score50=23.34 eps=0.010 loss=0.01270 q=0.707 trunc=0 sps=2394 elapsed=136.9m
iter 4803/4882 steps=19673088 episodes=75673 score50=20.84 eps=0.010 loss=0.02552 q=0.727 trunc=0 sps=2394 elapsed=137.0m
iter 4804/4882 steps=19677184 episodes=75690 score50=20.82 eps=0.010 loss=0.01390 q=0.675 trunc=0 sps=2394 elapsed=137.0m
iter 4805/4882 steps=19681280 episodes=75704 score50=22.36 eps=0.010 loss=0.00408 q=0.721 trunc=0 sps=2394 elapsed=137.0m
iter 4806/4882 steps=19685376 episodes=75714 score50=23.16 eps=0.010 loss=0.00361 q=0.722 trunc=0 sps=2394 elapsed=137.0m
iter 4807/4882 steps=19689472 episodes=75721 score50=24.48 eps=0.010 loss=0.00285 q=0.710 trunc=0 sps=2394 elapsed=137.1m
iter 4808/4882 steps=19693568 episodes=75732 score50=24.32 eps=0.010 loss=0.00129 q=0.727 trunc=0 sps=2394 elapsed=137.1m
iter 4809/4882 steps=19697664 episodes=75743 score50=23.10 eps=0.010 loss=0.01411 q=0.749 trunc=0 sps=2394 elapsed=137.1m
iter 4810/4882 steps=19701760 episodes=75753 score50=23.26 eps=0.010 loss=0.00315 q=0.736 trunc=0 sps=2394 elapsed=137.2m
iter 4811/4882 steps=19705856 episodes=75763 score50=24.32 eps=0.010 loss=0.00199 q=0.700 trunc=0 sps=2394 elapsed=137.2m
iter 4812/4882 steps=19709952 episodes=75774 score50=24.76 eps=0.010 loss=0.00671 q=0.691 trunc=0 sps=2394 elapsed=137.2m
iter 4813/4882 steps=19714048 episodes=75784 score50=25.28 eps=0.010 loss=0.00658 q=0.688 trunc=0 sps=2394 elapsed=137.2m
iter 4814/4882 steps=19718144 episodes=75792 score50=26.10 eps=0.010 loss=0.00693 q=0.698 trunc=0 sps=2394 elapsed=137.3m
iter 4815/4882 steps=19722240 episodes=75803 score50=26.26 eps=0.010 loss=0.00212 q=0.736 trunc=0 sps=2394 elapsed=137.3m
iter 4816/4882 steps=19726336 episodes=75813 score50=25.26 eps=0.010 loss=0.01244 q=0.683 trunc=0 sps=2394 elapsed=137.3m
iter 4817/4882 steps=19730432 episodes=75826 score50=23.00 eps=0.010 loss=0.00471 q=0.695 trunc=0 sps=2394 elapsed=137.4m
iter 4818/4882 steps=19734528 episodes=75840 score50=22.84 eps=0.010 loss=0.01504 q=0.714 trunc=0 sps=2394 elapsed=137.4m
iter 4819/4882 steps=19738624 episodes=75851 score50=22.46 eps=0.010 loss=0.00508 q=0.675 trunc=0 sps=2394 elapsed=137.4m
iter 4820/4882 steps=19742720 episodes=75860 score50=22.26 eps=0.010 loss=0.00293 q=0.703 trunc=0 sps=2394 elapsed=137.5m
iter 4821/4882 steps=19746816 episodes=75864 score50=23.38 eps=0.010 loss=0.00364 q=0.686 trunc=0 sps=2394 elapsed=137.5m
iter 4822/4882 steps=19750912 episodes=75879 score50=23.26 eps=0.010 loss=0.02519 q=0.699 trunc=0 sps=2394 elapsed=137.5m
iter 4823/4882 steps=19755008 episodes=75898 score50=23.32 eps=0.010 loss=0.02411 q=0.706 trunc=0 sps=2394 elapsed=137.5m
iter 4824/4882 steps=19759104 episodes=75916 score50=24.10 eps=0.010 loss=0.00972 q=0.724 trunc=0 sps=2394 elapsed=137.6m
iter 4825/4882 steps=19763200 episodes=75930 score50=24.08 eps=0.010 loss=0.00724 q=0.693 trunc=0 sps=2394 elapsed=137.6m
iter 4826/4882 steps=19767296 episodes=75941 score50=23.16 eps=0.010 loss=0.00369 q=0.750 trunc=0 sps=2394 elapsed=137.6m
iter 4827/4882 steps=19771392 episodes=75950 score50=24.20 eps=0.010 loss=0.00146 q=0.762 trunc=0 sps=2394 elapsed=137.7m
iter 4828/4882 steps=19775488 episodes=75959 score50=24.56 eps=0.010 loss=0.00254 q=0.778 trunc=0 sps=2394 elapsed=137.7m
iter 4829/4882 steps=19779584 episodes=75965 score50=25.18 eps=0.010 loss=0.00245 q=0.764 trunc=0 sps=2394 elapsed=137.7m
iter 4830/4882 steps=19783680 episodes=75973 score50=25.48 eps=0.010 loss=0.00225 q=0.709 trunc=0 sps=2394 elapsed=137.7m
iter 4831/4882 steps=19787776 episodes=75977 score50=25.68 eps=0.010 loss=0.00241 q=0.740 trunc=0 sps=2394 elapsed=137.8m
iter 4832/4882 steps=19791872 episodes=75987 score50=25.34 eps=0.010 loss=0.00761 q=0.708 trunc=0 sps=2394 elapsed=137.8m
iter 4833/4882 steps=19795968 episodes=76000 score50=25.88 eps=0.010 loss=0.00545 q=0.694 trunc=0 sps=2394 elapsed=137.8m
iter 4834/4882 steps=19800064 episodes=76010 score50=26.12 eps=0.010 loss=0.00515 q=0.764 trunc=0 sps=2394 elapsed=137.9m
iter 4835/4882 steps=19804160 episodes=76023 score50=25.82 eps=0.010 loss=0.03243 q=0.725 trunc=0 sps=2394 elapsed=137.9m
iter 4836/4882 steps=19808256 episodes=76028 score50=24.72 eps=0.010 loss=0.00649 q=0.731 trunc=0 sps=2394 elapsed=137.9m
iter 4837/4882 steps=19812352 episodes=76041 score50=24.90 eps=0.010 loss=0.01600 q=0.731 trunc=0 sps=2394 elapsed=138.0m
iter 4838/4882 steps=19816448 episodes=76055 score50=23.56 eps=0.010 loss=0.00911 q=0.762 trunc=0 sps=2394 elapsed=138.0m
iter 4839/4882 steps=19820544 episodes=76068 score50=24.48 eps=0.010 loss=0.00851 q=0.774 trunc=0 sps=2394 elapsed=138.0m
iter 4840/4882 steps=19824640 episodes=76082 score50=25.26 eps=0.010 loss=0.02318 q=0.776 trunc=0 sps=2394 elapsed=138.0m
iter 4841/4882 steps=19828736 episodes=76089 score50=25.62 eps=0.010 loss=0.00257 q=0.768 trunc=0 sps=2394 elapsed=138.1m
iter 4842/4882 steps=19832832 episodes=76100 score50=26.34 eps=0.010 loss=0.01124 q=0.793 trunc=0 sps=2394 elapsed=138.1m
iter 4843/4882 steps=19836928 episodes=76110 score50=26.04 eps=0.010 loss=0.00437 q=0.770 trunc=0 sps=2394 elapsed=138.1m
iter 4844/4882 steps=19841024 episodes=76120 score50=25.68 eps=0.010 loss=0.01319 q=0.773 trunc=0 sps=2394 elapsed=138.1m
iter 4845/4882 steps=19845120 episodes=76138 score50=25.50 eps=0.010 loss=0.01583 q=0.787 trunc=0 sps=2394 elapsed=138.2m
iter 4846/4882 steps=19849216 episodes=76149 score50=24.30 eps=0.010 loss=0.01030 q=0.775 trunc=0 sps=2394 elapsed=138.2m
iter 4847/4882 steps=19853312 episodes=76160 score50=25.48 eps=0.010 loss=0.00219 q=0.827 trunc=0 sps=2394 elapsed=138.2m
iter 4848/4882 steps=19857408 episodes=76169 score50=24.50 eps=0.010 loss=0.00388 q=0.761 trunc=0 sps=2394 elapsed=138.3m
iter 4849/4882 steps=19861504 episodes=76177 score50=25.88 eps=0.010 loss=0.00527 q=0.756 trunc=0 sps=2394 elapsed=138.3m
iter 4850/4882 steps=19865600 episodes=76188 score50=25.68 eps=0.010 loss=0.00473 q=0.772 trunc=0 sps=2394 elapsed=138.3m
iter 4851/4882 steps=19869696 episodes=76193 score50=25.88 eps=0.010 loss=0.00309 q=0.758 trunc=0 sps=2394 elapsed=138.3m
iter 4852/4882 steps=19873792 episodes=76198 score50=26.86 eps=0.010 loss=0.00530 q=0.763 trunc=0 sps=2394 elapsed=138.4m
iter 4853/4882 steps=19877888 episodes=76210 score50=26.20 eps=0.010 loss=0.00589 q=0.711 trunc=0 sps=2394 elapsed=138.4m
iter 4854/4882 steps=19881984 episodes=76220 score50=25.38 eps=0.010 loss=0.01458 q=0.747 trunc=0 sps=2394 elapsed=138.4m
iter 4855/4882 steps=19886080 episodes=76227 score50=25.08 eps=0.010 loss=0.00572 q=0.749 trunc=0 sps=2394 elapsed=138.5m
iter 4856/4882 steps=19890176 episodes=76239 score50=25.00 eps=0.010 loss=0.00335 q=0.720 trunc=0 sps=2393 elapsed=138.5m
iter 4857/4882 steps=19894272 episodes=76258 score50=23.78 eps=0.010 loss=0.01634 q=0.739 trunc=0 sps=2393 elapsed=138.5m
iter 4858/4882 steps=19898368 episodes=76274 score50=24.98 eps=0.010 loss=0.00907 q=0.723 trunc=0 sps=2393 elapsed=138.6m
iter 4859/4882 steps=19902464 episodes=76292 score50=25.08 eps=0.010 loss=0.01687 q=0.701 trunc=0 sps=2393 elapsed=138.6m
iter 4860/4882 steps=19906560 episodes=76304 score50=24.26 eps=0.010 loss=0.02561 q=0.783 trunc=0 sps=2393 elapsed=138.6m
iter 4861/4882 steps=19910656 episodes=76313 score50=25.62 eps=0.010 loss=0.02550 q=0.778 trunc=0 sps=2393 elapsed=138.6m
iter 4862/4882 steps=19914752 episodes=76318 score50=25.16 eps=0.010 loss=0.00165 q=0.763 trunc=0 sps=2393 elapsed=138.7m
iter 4863/4882 steps=19918848 episodes=76327 score50=24.86 eps=0.010 loss=0.01846 q=0.737 trunc=0 sps=2393 elapsed=138.7m
iter 4864/4882 steps=19922944 episodes=76343 score50=24.74 eps=0.010 loss=0.00284 q=0.760 trunc=0 sps=2393 elapsed=138.7m
iter 4865/4882 steps=19927040 episodes=76354 score50=22.92 eps=0.010 loss=0.00667 q=0.790 trunc=0 sps=2393 elapsed=138.8m
iter 4866/4882 steps=19931136 episodes=76361 score50=22.50 eps=0.010 loss=0.00301 q=0.786 trunc=0 sps=2393 elapsed=138.8m
iter 4867/4882 steps=19935232 episodes=76365 score50=23.34 eps=0.010 loss=0.00326 q=0.753 trunc=0 sps=2393 elapsed=138.8m
iter 4868/4882 steps=19939328 episodes=76374 score50=24.12 eps=0.010 loss=0.01009 q=0.713 trunc=0 sps=2393 elapsed=138.9m
iter 4869/4882 steps=19943424 episodes=76382 score50=24.00 eps=0.010 loss=0.02639 q=0.735 trunc=0 sps=2393 elapsed=138.9m
iter 4870/4882 steps=19947520 episodes=76397 score50=25.04 eps=0.010 loss=0.01658 q=0.752 trunc=0 sps=2393 elapsed=138.9m
iter 4871/4882 steps=19951616 episodes=76408 score50=26.80 eps=0.010 loss=0.01693 q=0.727 trunc=0 sps=2393 elapsed=138.9m
iter 4872/4882 steps=19955712 episodes=76420 score50=25.76 eps=0.010 loss=0.01134 q=0.735 trunc=0 sps=2393 elapsed=139.0m
iter 4873/4882 steps=19959808 episodes=76424 score50=25.12 eps=0.010 loss=0.01262 q=0.719 trunc=0 sps=2393 elapsed=139.0m
iter 4874/4882 steps=19963904 episodes=76435 score50=25.46 eps=0.010 loss=0.00969 q=0.707 trunc=0 sps=2393 elapsed=139.0m
iter 4875/4882 steps=19968000 episodes=76449 score50=26.34 eps=0.010 loss=0.00968 q=0.727 trunc=0 sps=2393 elapsed=139.1m
iter 4876/4882 steps=19972096 episodes=76461 score50=26.42 eps=0.010 loss=0.00640 q=0.786 trunc=0 sps=2393 elapsed=139.1m
iter 4877/4882 steps=19976192 episodes=76468 score50=26.04 eps=0.010 loss=0.00427 q=0.744 trunc=0 sps=2393 elapsed=139.1m
iter 4878/4882 steps=19980288 episodes=76480 score50=26.34 eps=0.010 loss=0.00437 q=0.761 trunc=0 sps=2393 elapsed=139.1m
iter 4879/4882 steps=19984384 episodes=76491 score50=25.88 eps=0.010 loss=0.01752 q=0.751 trunc=0 sps=2393 elapsed=139.2m
iter 4880/4882 steps=19988480 episodes=76504 score50=24.82 eps=0.010 loss=0.00428 q=0.766 trunc=0 sps=2393 elapsed=139.2m
iter 4881/4882 steps=19992576 episodes=76512 score50=25.48 eps=0.010 loss=0.00330 q=0.768 trunc=0 sps=2393 elapsed=139.2m
iter 4882/4882 steps=19996672 episodes=76518 score50=25.76 eps=0.010 loss=0.00173 q=0.794 trunc=0 sps=2393 elapsed=139.3m
  [eval] iter=4882 mean=19.65+-2.57 median=19.0 max=40 P(>=120)=0.00 entropy=1.62/2.20 wnorm=91.631 srank=278/512
creating GIF from: final_results\09_pqn_img_cnn_aug_20m\PQN_seed0_0806_215802\best.pt
saved=final_results\09_pqn_img_cnn_aug_20m\PQN_seed0_0806_215802\best_agent.gif
saved_observation=final_results\09_pqn_img_cnn_aug_20m\PQN_seed0_0806_215802\best_agent_observation.gif
seed=20000 score=27 frames=417 fps=15.00 device=cuda model=image
Saved to: final_results\09_pqn_img_cnn_aug_20m\PQN_seed0_0806_215802
Random : mean=9.80 median=10.0 max=21
Learned: mean=19.65+-2.57 median=19.0 max=40 P(>=120)=0.00 entropy=1.62
